episode,settled_value,total_transaction_value,value_accept_ratio,drops,drop_rate,policy_discards,policy_discard_rate,capacity_drops,capacity_drop_rate,flushes,money,available_collateral,committed_unflushed,pending_flush,episode_return,training_reward_return,reward_scale,steps,settle_action_0,settle_action_1,elapsed_sec,flush_action_0,flush_action_1,flush_action_2,flush_action_3,flush_action_4,flush_action_5,flush_action_6,flush_action_7,flush_action_8,flush_action_9,flush_action_10,flush_action_11,flush_action_12,flush_action_13,flush_action_14,flush_action_15,flush_action_16,loss,policy_loss,value_loss,entropy,entropy_coef
1,24452.0,50304.0,0.4860846055979644,506.0,0.506,506.0,0.506,0.0,0.0,884.0,-63948.0,868.3981628417966,18.19795635342598,13.403880804777145,-63948.0,-639.4800000000004,100.0,1000,506,494,0.19539016601629555,74,55,57,58,63,56,63,72,57,72,54,58,50,50,49,57,55,42.19688415527344,0.010775769129395485,84.5833969116211,3.5197269916534424,0.03
2,23976.0,48995.0,0.4893560567404837,517.0,0.517,517.0,0.517,0.0,0.0,860.0,-62024.0,759.8612675881232,8.211253852258409,131.92747855961844,-62024.0,-620.240000000001,100.0,1000,517,483,0.18913558300118893,71,59,48,55,56,59,59,57,69,40,51,63,40,66,64,85,58,39.21416473388672,-0.01984991692006588,78.67887878417969,3.517286539077759,0.029973
3,24264.0,50779.0,0.4778353256267355,529.0,0.529,529.0,0.529,0.0,0.0,849.0,-60636.0,805.9062499999983,25.7330322265625,68.3607177734375,-60636.0,-606.3599999999999,100.0,1000,529,471,0.18889895803295076,79,43,61,58,61,56,54,59,64,55,51,49,57,59,50,81,63,37.346046447753906,-0.03118240088224411,74.96481323242188,3.51225209236145,0.029946
4,25088.0,50260.0,0.4991643454038997,499.0,0.499,499.0,0.499,0.0,0.0,826.0,-57512.0,832.0,34.0,34.0,-57512.0,-575.1200000000006,100.0,1000,499,501,0.19046812504529953,97,59,72,41,55,66,55,50,56,46,60,39,54,45,61,67,77,34.5970344543457,0.054293468594551086,69.29505157470703,3.502297878265381,0.029918999999999998
5,23839.0,50800.0,0.4692716535433071,531.0,0.531,531.0,0.531,0.0,0.0,811.0,-57261.0,794.8604942387908,28.610620060206372,76.5288857010023,-57261.0,-572.6099999999998,100.0,1000,531,469,0.19094966689590365,95,52,64,49,49,64,69,63,60,53,52,46,52,38,44,65,85,30.700347900390625,-0.17298434674739838,61.95524215698242,3.488821268081665,0.029892
6,23769.0,49668.0,0.478557622614158,525.0,0.525,525.0,0.525,0.0,0.0,789.0,-55131.0,722.7849931716913,49.47781378030777,127.73719304800034,-55131.0,-551.3099999999995,100.0,1000,525,475,0.19009979092516005,111,43,53,59,45,68,53,51,62,42,47,51,48,49,52,61,105,29.53851890563965,-0.04220037907361984,59.368438720703125,3.4656057357788086,0.029865
7,26101.0,51668.0,0.5051676085778432,507.0,0.507,507.0,0.507,0.0,0.0,778.0,-51699.0,837.1872173881413,7.992561990581777,54.820220621276206,-51699.0,-516.9899999999997,100.0,1000,507,493,0.19167595903854817,132,47,52,38,49,65,52,56,48,46,54,54,50,54,54,37,112,26.110273361206055,-0.01962273195385933,52.4644660949707,3.429781913757324,0.029838
8,24056.0,49838.0,0.4826838958224648,499.0,0.499,499.0,0.499,0.0,0.0,750.0,-50944.0,714.9999999999998,57.939453125,127.060546875,-50944.0,-509.44000000000017,100.0,1000,499,501,0.1886697500012815,154,46,60,40,47,58,60,54,46,52,41,41,39,36,47,46,133,23.389734268188477,-0.14906777441501617,47.27901077270508,3.378119707107544,0.029810999999999997
9,25631.0,49633.0,0.5164104527229867,486.0,0.486,486.0,0.486,0.0,0.0,759.0,-50269.0,772.5553124994037,0.0,127.44468750059605,-50269.0,-502.6899999999998,100.0,1000,486,514,0.19040716695599258,150,42,52,38,43,74,54,55,51,45,59,47,35,33,41,35,146,23.893259048461914,-0.03305821120738983,48.04998016357422,3.3129453659057617,0.029783999999999998
10,27789.0,50594.0,0.549254852354034,460.0,0.46,460.0,0.46,0.0,0.0,714.0,-43611.0,804.6956534385679,49.463314639404416,45.84103192202747,-43611.0,-436.1100000000005,100.0,1000,460,540,0.2001975829480216,190,32,39,55,47,59,53,51,41,43,43,51,47,30,26,44,149,16.830320358276367,-0.10425153374671936,34.05992889404297,3.205686330795288,0.029757
11,28026.0,51959.0,0.5393868242267942,476.0,0.476,476.0,0.476,0.0,0.0,650.0,-36974.0,782.0871696851682,0.0,117.91283031483181,-36974.0,-369.74000000000007,100.0,1000,476,524,0.19795025000348687,226,39,35,42,50,53,47,40,32,53,32,34,22,25,33,43,194,13.267316818237305,0.040629271417856216,26.63702964782715,3.0887064933776855,0.02973
12,27006.0,50756.0,0.5320750256127355,462.0,0.462,462.0,0.462,0.0,0.0,593.0,-32294.0,788.0,3.5,108.5,-32294.0,-322.94,100.0,1000,462,538,0.20008629106450826,311,31,35,45,33,43,27,38,39,36,29,36,34,20,30,31,182,9.328686714172363,0.03206171840429306,18.769569396972656,2.9680418968200684,0.029703
13,28198.0,50377.0,0.5597395636897791,440.0,0.44,440.0,0.44,0.0,0.0,541.0,-25902.0,596.0,0.0,304.0,-25902.0,-259.0200000000001,100.0,1000,440,560,0.19721995806321502,353,27,33,28,29,35,34,41,23,27,31,31,27,17,19,26,219,5.893651485443115,-0.019209034740924835,11.992925643920898,2.817167043685913,0.029675999999999998
14,29561.0,50310.0,0.5875770224607434,408.0,0.408,408.0,0.408,0.0,0.0,568.0,-27239.0,722.0,43.3125,134.6875,-27239.0,-272.39000000000016,100.0,1000,408,592,0.18903641600627452,350,30,36,30,24,28,23,29,31,32,32,30,30,15,24,14,242,5.676750659942627,-0.09708099812269211,11.705711364746094,2.6653127670288086,0.029649
15,31188.0,51334.0,0.6075505512915417,400.0,0.4,400.0,0.4,0.0,0.0,492.0,-18012.0,889.0,7.8203125,3.1796875,-18012.0,-180.11999999999995,100.0,1000,400,600,0.2494388329796493,419,31,27,20,24,33,30,31,24,24,19,22,14,20,17,11,234,3.22358775138855,-0.015085372142493725,6.62737512588501,2.532386541366577,0.029622
16,31776.0,50936.0,0.6238416836814826,392.0,0.392,392.0,0.392,0.0,0.0,448.0,-13024.0,460.0,252.5625,187.4375,-13024.0,-130.23999999999972,100.0,1000,392,608,0.19092275004368275,489,16,25,23,27,29,21,24,22,26,27,16,14,12,17,14,198,2.03635835647583,0.016442516818642616,4.1818156242370605,2.398780107498169,0.029595
17,31019.0,49944.0,0.6210756046772385,375.0,0.375,375.0,0.375,0.0,0.0,422.0,-11181.0,834.0,30.15625,35.84375,-11181.0,-111.80999999999992,100.0,1000,375,625,0.361471833079122,520,14,17,18,19,25,23,21,11,20,19,30,10,17,11,15,210,1.413981556892395,-0.05118216574192047,3.0624873638153076,2.2348458766937256,0.029568
18,31270.0,49889.0,0.6267914770791156,374.0,0.374,374.0,0.374,0.0,0.0,370.0,-5730.0,784.0,116.0,0.0,-5730.0,-57.300000000000026,100.0,1000,374,626,0.1963393329642713,578,14,13,15,13,25,19,16,10,17,22,11,8,7,18,13,201,1.3105427026748657,0.04642636328935623,2.6579620838165283,2.1957523822784424,0.029540999999999998
19,31942.0,50089.0,0.6377048853041586,373.0,0.373,373.0,0.373,0.0,0.0,381.0,-6158.0,730.28125,133.091796875,36.626953125,-6158.0,-61.580000000000034,100.0,1000,373,627,0.18876920803450048,585,12,15,18,12,22,16,18,10,24,22,11,12,7,11,8,197,1.3004127740859985,-0.04906352609395981,2.825488567352295,2.1436569690704346,0.029514
20,33868.0,50036.0,0.6768726516907826,333.0,0.333,333.0,0.333,0.0,0.0,370.0,-3132.0,831.0,43.125,25.875,-3132.0,-31.320000000000068,100.0,1000,333,667,0.1876909580314532,602,19,10,19,14,19,14,19,9,22,20,16,13,14,13,6,171,0.988869309425354,-0.05415770784020424,2.2040767669677734,2.0012662410736084,0.029487
21,33574.0,50368.0,0.6665740152477764,338.0,0.338,338.0,0.338,0.0,0.0,314.0,2174.0,785.0,115.0,0.0,2174.0,21.740000000000002,100.0,1000,338,662,0.1910342921037227,654,14,8,11,11,14,14,13,6,13,13,16,4,15,16,12,166,1.3785276412963867,-0.10930388420820236,3.0969858169555664,2.0591115951538086,0.02946
22,37508.0,52326.0,0.7168138210449871,291.0,0.291,291.0,0.291,0.0,0.0,347.0,2808.0,630.75,129.0,140.25,2808.0,28.079999999999995,100.0,1000,291,709,0.1965675000101328,626,14,19,13,17,16,10,24,11,7,8,10,10,12,3,8,192,1.4739913940429688,-0.03451099991798401,3.1305363178253174,1.9286465644836426,0.029432999999999997
23,31751.0,47115.0,0.6739042767696063,313.0,0.313,313.0,0.313,0.0,0.0,291.0,2651.0,730.125,169.875,0.0,2651.0,26.50999999999999,100.0,1000,313,687,0.19426179199945182,670,17,10,8,11,15,11,19,9,12,19,12,5,2,21,13,146,1.5975672006607056,-0.03796884045004845,3.3768293857574463,1.7982255220413208,0.029405999999999998
24,35702.0,50632.0,0.7051271922894612,300.0,0.3,300.0,0.3,0.0,0.0,283.0,7402.0,638.0,62.0,200.0,7402.0,74.02000000000002,100.0,1000,300,700,0.18853329098783433,706,12,12,9,10,11,18,14,12,12,9,6,8,9,14,13,125,2.1146037578582764,0.020136171951889992,4.289333343505859,1.7086700201034546,0.029379
25,34039.0,49074.0,0.6936259526429474,312.0,0.312,303.0,0.303,9.0,0.009,246.0,9439.0,736.0,0.0,164.0,9439.0,94.39,100.0,1000,303,697,0.19151895795948803,743,9,16,7,8,12,7,15,9,14,12,10,9,7,7,5,110,2.1502928733825684,-0.019559083506464958,4.432875633239746,1.5871442556381226,0.029352
26,34592.0,49004.0,0.7059015590564035,299.0,0.299,272.0,0.272,27.0,0.027,192.0,15392.0,639.6875,260.3125,0.0,15392.0,153.92000000000013,100.0,1000,272,728,0.20062849996611476,792,5,11,5,4,14,11,10,8,8,11,7,8,6,9,5,86,3.633842706680298,-0.07537728548049927,7.507123947143555,1.5120903253555298,0.029325
27,34672.0,50987.0,0.680016474787691,321.0,0.321,274.0,0.274,47.0,0.047,184.0,16272.0,776.0,124.0,0.0,16272.0,162.72000000000006,100.0,1000,274,726,0.18843241594731808,809,6,10,6,12,13,9,8,3,12,8,10,6,7,3,6,72,3.8034510612487793,-0.05597439035773277,7.801303386688232,1.407130479812622,0.029297999999999998
28,33709.0,48486.0,0.6952316132491854,286.0,0.286,237.0,0.237,49.0,0.049,136.0,20109.0,723.0,177.0,0.0,20109.0,201.09000000000017,100.0,1000,237,763,0.18825166602618992,855,6,6,6,2,12,12,8,5,7,10,5,2,3,8,0,53,4.373443603515625,0.047177668660879135,8.727063179016113,1.2731270790100098,0.029271
29,34303.0,52420.0,0.6543876383059901,329.0,0.329,256.0,0.256,73.0,0.073,140.0,20303.0,5.0,895.0,0.0,20303.0,203.03000000000017,100.0,1000,256,744,0.21113620803225785,857,6,9,6,3,8,6,5,9,5,7,1,5,3,5,5,60,4.509724140167236,0.008285973221063614,9.072022438049316,1.1822218894958496,0.029244
30,34661.0,50180.0,0.6907333599043444,287.0,0.287,179.0,0.179,108.0,0.108,110.0,23661.0,346.0,554.0,0.0,23661.0,236.61,100.0,1000,179,821,0.19342499994672835,885,7,4,4,3,10,3,7,1,4,7,2,7,2,2,6,46,5.298546314239502,0.02630738541483879,10.608626365661621,1.0977935791015625,0.029217
31,34440.0,49817.0,0.6913302687837485,304.0,0.304,171.0,0.171,133.0,0.133,111.0,23340.0,42.0,858.0,0.0,23340.0,233.4,100.0,1000,171,829,0.18873558298218995,886,6,6,6,5,6,5,7,1,2,9,1,1,7,8,2,42,5.064123630523682,-0.05123385787010193,10.288588523864746,0.9913224577903748,0.02919
32,29147.0,49448.0,0.5894475004044653,397.0,0.397,145.0,0.145,252.0,0.252,92.0,19947.0,655.75,244.25,0.0,19947.0,199.47000000000025,100.0,1000,145,855,0.1868470839690417,906,2,8,2,4,6,4,8,4,2,5,4,2,4,0,3,36,3.6795685291290283,0.03068949468433857,7.352786064147949,0.9434583187103271,0.029162999999999998
33,34034.0,49665.0,0.6852713178294574,306.0,0.306,142.0,0.142,164.0,0.164,107.0,23334.0,112.0,788.0,0.0,23334.0,233.33999999999992,100.0,1000,142,858,0.18851079093292356,890,4,8,3,3,7,5,5,4,8,6,3,1,4,2,2,45,4.683140754699707,0.002452170941978693,9.414875030517578,0.9180822968482971,0.029136
34,35899.0,49854.0,0.7200826413126329,252.0,0.252,130.0,0.13,122.0,0.122,112.0,24699.0,160.0,416.25,323.75,24699.0,246.98999999999998,100.0,1000,130,870,0.18830895889550447,883,7,4,4,5,2,7,3,4,10,8,2,2,4,6,6,43,4.765957355499268,-0.015625061467289925,9.612857818603516,0.8535717129707336,0.029109
35,28009.0,49115.0,0.5702738470935559,408.0,0.408,114.0,0.114,294.0,0.294,70.0,21009.0,15.125,884.875,0.0,21009.0,210.0900000000002,100.0,1000,114,886,0.18725175003055483,928,2,6,4,3,3,3,5,2,3,2,1,0,1,5,3,29,3.9063827991485596,-0.040355730801820755,7.948952674865723,0.953784704208374,0.029082
36,37692.0,50465.0,0.7468938868522739,237.0,0.237,100.0,0.1,137.0,0.137,122.0,25492.0,284.0,616.0,0.0,25492.0,254.9200000000002,100.0,1000,100,900,0.1894523330265656,874,9,3,5,2,9,5,7,2,5,6,5,4,3,2,7,52,4.676146030426025,-0.05200117081403732,9.509971618652344,0.9237276315689087,0.029054999999999997
37,39694.0,49425.0,0.8031158320687911,186.0,0.186,90.0,0.09,96.0,0.096,115.0,28194.0,656.0,244.0,0.0,28194.0,281.93999999999977,100.0,1000,90,910,0.18778999999631196,882,2,1,5,2,4,2,1,1,7,4,0,2,1,3,4,79,4.5443243980407715,0.043490756303071976,9.050583839416504,0.8425753116607666,0.029027999999999998
38,38472.0,49706.0,0.7739910674767634,213.0,0.213,63.0,0.063,150.0,0.15,103.0,28172.0,27.0,661.75,211.25,28172.0,281.7200000000003,100.0,1000,63,937,0.19072908407542855,892,1,5,8,4,4,3,4,3,2,3,3,1,2,1,0,64,4.411214828491211,0.006779746618121862,8.855157852172852,0.7980358004570007,0.029001
39,40139.0,49363.0,0.8131393959038146,190.0,0.19,66.0,0.066,124.0,0.124,117.0,28439.0,21.0,879.0,0.0,28439.0,284.39000000000027,100.0,1000,66,934,0.18800204200670123,882,6,2,3,7,3,2,1,3,6,3,3,2,1,3,0,73,4.142322540283203,-0.019593896344304085,8.370168685913086,0.7996199131011963,0.028974
40,42634.0,49018.0,0.8697621281978049,123.0,0.123,60.0,0.06,63.0,0.063,114.0,31234.0,861.0,39.0,0.0,31234.0,312.34000000000003,100.0,1000,60,940,0.19190466694999486,885,4,3,1,1,5,2,1,2,7,4,1,1,2,0,3,78,4.642419338226318,-0.1186070367693901,9.565031051635742,0.7423580884933472,0.028947
41,39569.0,49233.0,0.8037088944407207,174.0,0.174,46.0,0.046,128.0,0.128,95.0,30069.0,553.0,347.0,0.0,30069.0,300.6900000000001,100.0,1000,46,954,0.18877550004981458,897,1,2,1,0,0,2,1,6,3,2,2,2,5,2,3,71,3.7393202781677246,0.062113188207149506,7.393807888031006,0.6810879111289978,0.028919999999999998
42,42630.0,51188.0,0.8328123779010705,158.0,0.158,46.0,0.046,112.0,0.112,115.0,31130.0,84.4375,815.5625,0.0,31130.0,311.29999999999944,100.0,1000,46,954,0.1896088330540806,881,0,5,4,0,2,4,4,3,1,5,4,0,2,3,1,81,3.8063535690307617,0.04013482481241226,7.569372653961182,0.6391727328300476,0.028893
43,41084.0,48901.0,0.8401464182736549,155.0,0.155,43.0,0.043,112.0,0.112,90.0,32084.0,445.8125,454.1875,0.0,32084.0,320.8399999999999,100.0,1000,43,957,0.18920283298939466,910,0,2,2,0,2,1,1,0,3,3,1,2,2,1,1,69,3.7570762634277344,0.02111373282968998,7.505555629730225,0.5825254917144775,0.028866
44,41166.0,50450.0,0.81597621407334,176.0,0.176,35.0,0.035,141.0,0.141,92.0,31966.0,682.0,218.0,0.0,31966.0,319.66,100.0,1000,35,965,0.18867250008042902,908,1,4,0,2,5,2,0,0,0,5,3,0,2,2,2,64,3.765410900115967,0.06805235892534256,7.426461219787598,0.550363302230835,0.028839
45,34872.0,49719.0,0.701381765522235,294.0,0.294,28.0,0.028,266.0,0.266,75.0,27372.0,770.0,130.0,0.0,27372.0,273.7200000000001,100.0,1000,28,972,0.18983462499454618,922,0,2,2,1,2,1,0,0,2,2,4,1,2,1,1,57,2.9076364040374756,-0.034352514892816544,5.9205121994018555,0.6340140700340271,0.028811999999999997
46,43167.0,49860.0,0.8657641395908544,130.0,0.13,27.0,0.027,103.0,0.103,113.0,31867.0,734.0,166.0,0.0,31867.0,318.6700000000002,100.0,1000,27,973,0.1901591670466587,885,0,1,2,5,5,0,1,1,2,5,3,0,2,1,4,83,2.7482850551605225,0.030617201700806618,5.46915864944458,0.5875086188316345,0.028784999999999998
47,37242.0,50539.0,0.7368962583351472,242.0,0.242,23.0,0.023,219.0,0.219,91.0,28142.0,8.25,891.75,0.0,28142.0,281.4199999999999,100.0,1000,23,977,0.19022537500131875,907,3,2,1,4,3,1,0,1,4,4,2,0,5,2,1,60,2.1606345176696777,-0.0353815034031868,4.431389331817627,0.6842818260192871,0.028758
48,43650.0,50266.0,0.8683802172442605,127.0,0.127,23.0,0.023,104.0,0.104,126.0,31050.0,656.0,244.0,0.0,31050.0,310.50000000000034,100.0,1000,23,977,0.1896082500461489,865,4,3,1,1,3,1,3,1,4,3,0,2,6,3,0,100,2.829084873199463,0.03388935700058937,5.626861572265625,0.6346879005432129,0.028731
49,40956.0,50301.0,0.8142184052006919,159.0,0.159,14.0,0.014,145.0,0.145,104.0,30556.0,237.0,663.0,0.0,30556.0,305.55999999999966,100.0,1000,14,986,0.1903142499504611,892,1,2,0,1,3,3,1,1,9,2,1,3,3,3,1,74,1.7583953142166138,-0.006304483860731125,3.566553831100464,0.6471934914588928,0.028704
50,41603.0,47519.0,0.8755024306067047,111.0,0.111,12.0,0.012,99.0,0.099,113.0,30303.0,696.0,0.0,204.0,30303.0,303.02999999999975,100.0,1000,12,988,0.19053304207045585,885,1,0,0,0,2,3,3,1,2,2,1,0,5,5,2,88,1.7074583768844604,-0.0490834005177021,3.5455727577209473,0.5664716362953186,0.028676999999999998
51,42912.0,49893.0,0.8600805724249895,136.0,0.136,16.0,0.016,120.0,0.12,107.0,32212.0,409.0,491.0,0.0,32212.0,322.12000000000046,100.0,1000,16,984,0.19098908395972103,891,1,0,0,0,1,2,0,0,3,4,2,0,5,4,2,85,1.2647862434387207,-0.10209561884403229,2.7653331756591797,0.5509509444236755,0.02865
52,41553.0,48486.0,0.8570102710060636,128.0,0.128,18.0,0.018,110.0,0.11,117.0,29853.0,776.0,124.0,0.0,29853.0,298.52999999999975,100.0,1000,18,982,0.19607283303048462,882,1,1,0,1,3,0,3,2,4,7,3,0,0,6,0,87,2.1930365562438965,0.09557309746742249,4.229930877685547,0.6114705801010132,0.028623
53,46371.0,51019.0,0.9088966855485211,87.0,0.087,13.0,0.013,74.0,0.074,150.0,31371.0,402.0,217.875,280.125,31371.0,313.7099999999997,100.0,1000,13,987,0.1924850419163704,847,1,1,3,1,2,1,2,3,5,6,3,2,5,4,0,114,1.675718903541565,-0.04111950844526291,3.463596820831299,0.5231521725654602,0.028596
54,42583.0,51650.0,0.8244530493707648,169.0,0.169,8.0,0.008,161.0,0.161,93.0,33283.0,626.0,274.0,0.0,33283.0,332.8299999999999,100.0,1000,8,992,0.18850370799191296,902,0,3,1,3,4,1,0,1,1,3,1,0,2,7,5,66,1.1526991128921509,-0.06274005770683289,2.4626948833465576,0.5568339824676514,0.028568999999999997
55,40180.0,50771.0,0.791396663449607,198.0,0.198,16.0,0.016,182.0,0.182,87.0,31480.0,459.0,441.0,0.0,31480.0,314.7999999999997,100.0,1000,16,984,0.18730724998749793,912,0,0,2,1,0,0,1,3,2,2,3,5,2,3,1,63,2.0998964309692383,-0.0009689002181403339,4.243223190307617,0.7268689870834351,0.028541999999999998
56,47522.0,49537.0,0.9593233340735208,39.0,0.039,14.0,0.014,25.0,0.025,157.0,31822.0,774.0,126.0,0.0,31822.0,318.22000000000054,100.0,1000,14,986,0.18788766697980464,842,2,0,2,2,6,5,0,4,0,5,1,2,8,5,3,113,1.3539963960647583,-0.030047504231333733,2.8075103759765625,0.6912598013877869,0.028515
57,46053.0,49537.0,0.9296687324626037,66.0,0.066,22.0,0.022,44.0,0.044,134.0,32653.0,470.0,430.0,0.0,32653.0,326.5299999999998,100.0,1000,22,978,0.18771812494378537,861,2,2,5,1,6,3,3,0,1,2,4,1,15,5,4,85,1.2656407356262207,0.01926039345562458,2.5326478481292725,0.7000719308853149,0.028488
58,45426.0,50561.0,0.8984395087122485,86.0,0.086,11.0,0.011,75.0,0.075,143.0,31126.0,125.83984375,0.0,774.16015625,31126.0,311.2600000000004,100.0,1000,11,989,0.19250862498302013,854,0,0,7,5,4,3,2,0,5,7,0,4,14,4,6,85,1.6866257190704346,0.0064841099083423615,3.3978803157806396,0.6605052947998047,0.028461
59,45669.0,50402.0,0.9060949962303083,91.0,0.091,11.0,0.011,80.0,0.08,119.0,33769.0,630.0,270.0,0.0,33769.0,337.6899999999998,100.0,1000,11,989,0.18848341703414917,877,0,3,1,1,2,3,2,1,11,10,0,2,10,5,4,68,1.2354915142059326,0.020947787910699844,2.465837001800537,0.6462265253067017,0.028433999999999997
60,46360.0,49842.0,0.9301392399983949,63.0,0.063,9.0,0.009,54.0,0.054,119.0,34460.0,743.0,157.0,0.0,34460.0,344.5999999999998,100.0,1000,9,991,0.19092474994249642,878,1,3,1,0,0,2,1,0,2,3,1,2,17,8,4,77,2.3635454177856445,0.10881170630455017,4.549192905426025,0.699216902256012,0.028406999999999998
61,46319.0,49528.0,0.9352083669843321,61.0,0.061,9.0,0.009,52.0,0.052,145.0,31819.0,506.0,24.0,370.0,31819.0,318.1900000000002,100.0,1000,9,991,0.18880037497729063,855,1,2,2,0,4,5,1,0,2,12,2,1,7,15,7,84,2.1943283081054688,-0.004260219167917967,4.439115524291992,0.7388722896575928,0.02838
62,45867.0,50220.0,0.913321385902031,87.0,0.087,14.0,0.014,73.0,0.073,154.0,30467.0,649.0,99.875,151.125,30467.0,304.6699999999999,100.0,1000,14,986,0.18733637500554323,843,1,1,3,1,2,2,0,1,4,8,3,0,14,18,6,93,2.862506866455078,0.041530877351760864,5.682307720184326,0.7116669416427612,0.028353
63,44853.0,48344.0,0.9277883501572067,62.0,0.062,14.0,0.014,48.0,0.048,135.0,31353.0,225.6875,674.3125,0.0,31353.0,313.52999999999975,100.0,1000,14,986,0.18932329106610268,861,4,1,3,0,9,2,1,0,2,4,6,2,10,13,11,71,0.5264787673950195,-0.06075619161128998,1.215882658958435,0.7310026288032532,0.028326
64,45854.0,49506.0,0.9262311638993254,79.0,0.079,10.0,0.01,69.0,0.069,136.0,32254.0,141.875,57.0,701.125,32254.0,322.53999999999996,100.0,1000,10,990,0.19088912499137223,861,0,2,2,0,5,1,1,0,4,15,3,0,12,9,12,73,1.404186725616455,0.0767362043261528,2.692708969116211,0.6680068969726562,0.028298999999999998
65,47732.0,51835.0,0.9208449889071091,65.0,0.065,9.0,0.009,56.0,0.056,133.0,34432.0,373.8125,526.1875,0.0,34432.0,344.32000000000016,100.0,1000,9,991,0.18781958299223334,866,1,1,1,0,7,4,1,0,1,16,2,1,10,21,12,56,0.7871543765068054,-0.04568794369697571,1.7032783031463623,0.6648573875427246,0.028272
66,45468.0,50287.0,0.9041700638335952,90.0,0.09,6.0,0.006,84.0,0.084,130.0,32468.0,488.7421875,411.2578125,0.0,32468.0,324.6800000000001,100.0,1000,6,994,0.18722987500950694,868,4,0,3,0,1,0,0,0,4,16,3,2,8,18,9,64,0.716260552406311,-0.07412494719028473,1.6218303442001343,0.7268441915512085,0.028245
67,47625.0,50088.0,0.9508265452803066,52.0,0.052,10.0,0.01,42.0,0.042,143.0,33325.0,709.0,191.0,0.0,33325.0,333.2499999999998,100.0,1000,10,990,0.18754854204598814,857,1,1,3,3,3,0,0,0,0,14,0,0,12,35,13,58,0.9912854433059692,-0.04302839934825897,2.1114816665649414,0.7593387961387634,0.028218
68,46282.0,50175.0,0.9224115595416044,70.0,0.07,8.0,0.008,62.0,0.062,141.0,32182.0,287.75,612.25,0.0,32182.0,321.8200000000006,100.0,1000,8,992,0.18980812502559274,857,2,1,2,0,3,3,2,0,3,9,6,2,7,18,19,66,0.9805281758308411,-0.05768056958913803,2.120035171508789,0.7736091613769531,0.028190999999999997
69,47351.0,49750.0,0.9517788944723619,42.0,0.042,6.0,0.006,36.0,0.036,139.0,33451.0,298.0,55.0,547.0,33451.0,334.50999999999954,100.0,1000,6,994,0.18733687500935048,857,2,0,2,0,3,2,1,4,1,5,4,0,7,23,17,72,1.21444571018219,-0.0386001318693161,2.5499274730682373,0.7782251834869385,0.028163999999999998
70,46609.0,49661.0,0.9385433237349228,51.0,0.051,12.0,0.012,39.0,0.039,132.0,33409.0,473.25,426.75,0.0,33409.0,334.09000000000003,100.0,1000,12,988,0.18912729201838374,866,1,3,2,0,4,1,2,0,2,5,3,1,8,22,13,67,1.0917571783065796,-0.02362189255654812,2.2726850509643555,0.7450484037399292,0.028137
71,47770.0,49949.0,0.9563755030130733,40.0,0.04,9.0,0.009,31.0,0.031,158.0,31970.0,526.078125,373.921875,0.0,31970.0,319.69999999999993,100.0,1000,9,991,0.19182712503243238,840,1,1,2,1,2,1,0,1,3,8,5,4,9,22,25,75,1.4842863082885742,0.08147135376930237,2.847108840942383,0.7377977967262268,0.02811
72,49402.0,53042.0,0.9313751366841371,60.0,0.06,14.0,0.014,46.0,0.046,148.0,34602.0,419.625,480.375,0.0,34602.0,346.01999999999924,100.0,1000,14,986,0.19039766595233232,850,2,1,4,0,5,3,0,0,1,7,0,2,10,17,29,69,2.569416046142578,0.09559144824743271,4.993447303771973,0.8154081702232361,0.028083
73,47457.0,49768.0,0.9535645394631088,42.0,0.042,10.0,0.01,32.0,0.032,141.0,33357.0,435.0,67.0,398.0,33357.0,333.5699999999996,100.0,1000,10,990,0.19026479090098292,858,0,0,3,0,2,7,2,0,0,3,3,6,8,20,38,50,0.55202716588974,-0.10361204296350479,1.3560138940811157,0.7972530722618103,0.028055999999999998
74,47411.0,50876.0,0.9318932305998899,59.0,0.059,6.0,0.006,53.0,0.053,148.0,32611.0,635.875,264.125,0.0,32611.0,326.1099999999997,100.0,1000,6,994,0.190146749955602,851,2,1,2,1,2,1,0,1,0,7,1,5,8,21,32,65,1.9800254106521606,0.07033761590719223,3.865560293197632,0.8238734602928162,0.028029
75,48886.0,50501.0,0.9680204352389061,31.0,0.031,8.0,0.008,23.0,0.023,175.0,31386.0,564.0,2.625,333.375,31386.0,313.85999999999996,100.0,1000,8,992,0.18892212503124028,825,0,2,3,0,3,4,3,2,2,4,0,5,15,21,45,66,1.207314133644104,0.0014738461468368769,2.453636884689331,0.7491673231124878,0.028002
76,47486.0,50662.0,0.9373100153961549,62.0,0.062,8.0,0.008,54.0,0.054,141.0,33386.0,725.0,175.0,0.0,33386.0,333.85999999999945,100.0,1000,8,992,0.18649237509816885,857,1,1,1,0,5,4,0,0,4,2,1,2,12,9,49,52,0.7282952070236206,-0.025863848626613617,1.55161714553833,0.7738897204399109,0.027975
77,48278.0,50368.0,0.9585054002541296,42.0,0.042,9.0,0.009,33.0,0.033,150.0,33278.0,615.0,285.0,0.0,33278.0,332.78000000000026,100.0,1000,9,991,0.18715679098386317,849,2,6,0,0,3,0,3,0,3,4,1,4,5,12,53,55,1.1964111328125,0.0559791661798954,2.3174548149108887,0.6546216011047363,0.027948
78,46762.0,50794.0,0.9206205457337481,68.0,0.068,13.0,0.013,55.0,0.055,133.0,33462.0,331.7041015625,106.55548095703125,461.74041748046875,33462.0,334.6200000000002,100.0,1000,13,987,0.1885982919484377,867,0,0,2,0,6,0,3,4,0,7,4,3,8,14,32,50,0.9751172661781311,0.010676071979105473,1.9662506580352783,0.6691787838935852,0.027920999999999998
79,46772.0,48434.0,0.9656852624189619,32.0,0.032,5.0,0.005,27.0,0.027,129.0,33872.0,518.5,381.5,0.0,33872.0,338.72000000000077,100.0,1000,5,995,0.1872687090653926,870,1,2,1,0,0,3,2,4,1,7,3,6,1,16,41,42,1.4680477380752563,0.0882844403386116,2.7927987575531006,0.5964064598083496,0.027894
80,46171.0,50937.0,0.9064334373834344,85.0,0.085,7.0,0.007,78.0,0.078,125.0,33671.0,122.0,0.0,778.0,33671.0,336.7099999999997,100.0,1000,7,993,0.188355042017065,875,1,0,2,0,2,0,3,0,1,4,2,6,0,15,52,37,1.6182194948196411,0.09191209077835083,3.09277606010437,0.7205910682678223,0.027867
81,47967.0,50705.0,0.946001380534464,45.0,0.045,6.0,0.006,39.0,0.039,136.0,34367.0,577.051513671875,132.6842803955078,190.2642059326172,34367.0,343.66999999999945,100.0,1000,6,994,0.18839104194194078,864,2,2,5,0,4,0,0,4,1,6,4,7,10,15,43,33,1.6905577182769775,0.056366074830293655,3.3040950298309326,0.6413767337799072,0.02784
82,46133.0,49830.0,0.9258077463375477,69.0,0.069,6.0,0.006,63.0,0.063,126.0,33533.0,666.0,234.0,0.0,33533.0,335.3300000000007,100.0,1000,6,994,0.1885041669011116,873,0,1,4,2,2,1,2,1,2,5,3,4,10,8,52,30,0.6833177208900452,-0.02986631728708744,1.4622080326080322,0.6443014740943909,0.027812999999999997
83,46878.0,49151.0,0.9537547557526805,41.0,0.041,4.0,0.004,37.0,0.037,119.0,34978.0,727.6875,172.3125,0.0,34978.0,349.7799999999998,100.0,1000,4,996,0.18911254091653973,878,0,1,3,0,0,0,1,2,0,2,2,9,8,11,39,44,1.2350399494171143,0.05196370929479599,2.4007468223571777,0.6225124597549438,0.027785999999999998
84,46158.0,49742.0,0.9279482127779342,69.0,0.069,9.0,0.009,60.0,0.06,125.0,33658.0,539.707763671875,360.292236328125,0.0,33658.0,336.5799999999999,100.0,1000,9,991,0.18925654096528888,872,1,0,1,1,1,1,1,5,0,2,4,4,11,15,45,36,0.6192095875740051,-0.060638900846242905,1.3956795930862427,0.6481246948242188,0.027759
85,46149.0,49468.0,0.9329061211288106,62.0,0.062,7.0,0.007,55.0,0.055,114.0,34749.0,624.0,115.875,160.125,34749.0,347.4899999999999,100.0,1000,7,993,0.18815841700416058,886,2,1,1,0,0,2,2,2,1,7,5,4,5,8,36,38,2.0400753021240234,0.080056332051754,3.9561214447021484,0.6505749225616455,0.027732
86,47052.0,49311.0,0.9541887205694469,40.0,0.04,3.0,0.003,37.0,0.037,129.0,34152.0,537.0,45.375,317.625,34152.0,341.5200000000003,100.0,1000,3,997,0.1895316248992458,868,1,1,0,0,0,0,0,0,0,3,6,1,8,11,36,65,1.6121456623077393,0.06706539541482925,3.1230721473693848,0.5939659476280212,0.027705
87,46193.0,50164.0,0.9208396459612471,56.0,0.056,5.0,0.005,51.0,0.051,120.0,34193.0,761.890625,0.0,138.109375,34193.0,341.93000000000006,100.0,1000,5,995,0.18778820894658566,879,0,1,5,2,2,1,3,0,0,2,4,6,10,9,23,53,1.0016063451766968,-0.016077052801847458,2.0704424381256104,0.6336391568183899,0.027677999999999998
88,46764.0,49544.0,0.9438882609397707,47.0,0.047,6.0,0.006,41.0,0.041,121.0,34664.0,378.0234375,233.994140625,287.982421875,34664.0,346.63999999999976,100.0,1000,6,994,0.18816283391788602,877,0,2,0,0,0,2,1,1,0,3,4,11,8,10,33,48,0.616224467754364,-0.08113892376422882,1.4274928569793701,0.5924934148788452,0.027651
89,47502.0,49588.0,0.9579333709768493,40.0,0.04,4.0,0.004,36.0,0.036,123.0,35202.0,545.0,110.0,245.0,35202.0,352.0199999999996,100.0,1000,4,996,0.19057866604998708,877,0,0,1,0,3,1,1,2,1,6,1,7,11,13,22,54,1.3010929822921753,0.08253096044063568,2.471219778060913,0.617141604423523,0.027624
90,48055.0,50905.0,0.9440133582162853,51.0,0.051,7.0,0.007,44.0,0.044,116.0,36455.0,526.5,373.5,0.0,36455.0,364.5500000000001,100.0,1000,7,993,0.1908078750129789,883,0,0,1,0,3,1,1,0,1,3,4,5,14,8,22,54,1.1833817958831787,-0.0038983821868896484,2.408893346786499,0.6220428347587585,0.027597
91,47275.0,49647.0,0.9522226922069813,40.0,0.04,8.0,0.008,32.0,0.032,117.0,35575.0,571.0,329.0,0.0,35575.0,355.74999999999994,100.0,1000,8,992,0.1878664999967441,882,0,1,0,0,0,0,1,0,1,5,7,6,9,5,23,60,1.1110429763793945,0.050004374235868454,2.1534152030944824,0.5683333277702332,0.027569999999999997
92,45509.0,50251.0,0.9056337187319655,81.0,0.081,8.0,0.008,73.0,0.073,112.0,34309.0,605.40234375,294.59765625,0.0,34309.0,343.08999999999963,100.0,1000,8,992,0.19051575008779764,887,0,0,1,2,0,1,0,2,1,4,5,8,15,6,15,53,0.9730558395385742,-0.061961568892002106,2.103834629058838,0.6135824918746948,0.027542999999999998
93,46313.0,49119.0,0.9428734298336693,41.0,0.041,7.0,0.007,34.0,0.034,113.0,35013.0,310.9814453125,589.0185546875,0.0,35013.0,350.13000000000005,100.0,1000,7,993,0.1909367919433862,885,0,0,2,0,2,2,1,0,0,3,4,5,11,5,20,60,0.4675876200199127,-0.07028292119503021,1.1054131984710693,0.5391787886619568,0.027516
94,47663.0,50036.0,0.9525741466144376,47.0,0.047,9.0,0.009,38.0,0.038,105.0,37163.0,238.0,662.0,0.0,37163.0,371.6299999999999,100.0,1000,9,991,0.1932969168992713,895,0,0,0,1,1,0,1,0,1,1,2,6,5,3,15,69,0.38232144713401794,-0.06491031497716904,0.9293776750564575,0.6350563168525696,0.027489
95,49137.0,50565.0,0.9717591219222782,27.0,0.027,9.0,0.009,18.0,0.018,130.0,36137.0,540.0,112.5,247.5,36137.0,361.3700000000001,100.0,1000,9,991,0.18668183300178498,869,0,0,0,1,1,1,0,0,2,2,6,11,9,4,23,71,0.6941004395484924,-0.0028575072064995766,1.4256117343902588,0.5770848393440247,0.027462
96,47792.0,49974.0,0.9563372953936047,34.0,0.034,3.0,0.003,31.0,0.031,117.0,36092.0,513.0,387.0,0.0,36092.0,360.91999999999996,100.0,1000,3,997,0.18709991697687656,880,0,0,2,0,0,3,0,1,0,4,3,10,12,9,11,65,0.3176542818546295,-0.10917741805315018,0.8864879012107849,0.5982234477996826,0.027434999999999998
97,47233.0,49781.0,0.948815813262088,38.0,0.038,9.0,0.009,29.0,0.029,117.0,35533.0,780.0,120.0,0.0,35533.0,355.33,100.0,1000,9,991,0.18660608294885606,880,1,0,1,0,0,2,0,1,1,9,2,7,10,6,24,56,1.372848629951477,0.019025392830371857,2.7378029823303223,0.5501410961151123,0.027408
98,46717.0,49851.0,0.9371326553128322,57.0,0.057,11.0,0.011,46.0,0.046,120.0,34717.0,679.25,220.75,0.0,34717.0,347.17000000000013,100.0,1000,11,989,0.18617341702338308,880,1,0,1,1,0,0,0,2,0,2,0,18,10,6,23,56,0.5881435871124268,-0.09299283474683762,1.3937451839447021,0.5747110247612,0.027381
99,47351.0,49909.0,0.9487467190286321,48.0,0.048,7.0,0.007,41.0,0.041,111.0,36251.0,184.6728515625,0.0,715.3271484375,36251.0,362.50999999999976,100.0,1000,7,993,0.1902123331092298,888,2,0,3,1,4,1,0,1,0,2,2,11,12,7,16,50,1.3389779329299927,0.019283372908830643,2.669524669647217,0.5508440732955933,0.027354
100,46903.0,49920.0,0.9395633012820512,54.0,0.054,5.0,0.005,49.0,0.049,112.0,35703.0,375.0,62.8125,462.1875,35703.0,357.0300000000006,100.0,1000,5,995,0.3076879169093445,888,0,0,2,2,1,0,1,1,0,0,2,4,9,8,28,54,1.7808411121368408,0.11613273620605469,3.3620126247406006,0.5964047908782959,0.027326999999999997
101,48188.0,50302.0,0.9579738380183691,42.0,0.042,11.0,0.011,31.0,0.031,109.0,37288.0,512.0,388.0,0.0,37288.0,372.8800000000003,100.0,1000,11,989,0.1896942089078948,891,0,0,0,0,0,0,1,0,1,3,0,9,10,4,14,67,0.5115197896957397,-0.04587164521217346,1.1452584266662598,0.5581609010696411,0.027299999999999998
102,49058.0,51709.0,0.9487323289949525,39.0,0.039,5.0,0.005,34.0,0.034,110.0,38058.0,342.0,181.0,377.0,38058.0,380.5799999999996,100.0,1000,5,995,0.19487070792820305,888,0,0,1,1,0,2,0,0,1,3,3,11,16,7,13,54,0.7605921626091003,0.011667714454233646,1.5328840017318726,0.6423045992851257,0.027273
103,47716.0,50115.0,0.952130100768233,29.0,0.029,4.0,0.004,25.0,0.025,121.0,35616.0,659.0,241.0,0.0,35616.0,356.15999999999997,100.0,1000,4,996,0.19250891695264727,876,1,0,0,0,2,2,0,0,0,2,3,13,8,8,20,65,0.5817743539810181,-0.007123833987861872,1.2101644277572632,0.5939961671829224,0.027246
104,46977.0,48964.0,0.9594191651008904,40.0,0.04,8.0,0.008,32.0,0.032,119.0,35077.0,719.0,11.3125,169.6875,35077.0,350.76999999999947,100.0,1000,8,992,0.2006652500713244,879,0,0,0,1,3,1,2,1,0,4,2,10,5,7,26,59,0.4156663119792938,-0.07769753038883209,1.017446517944336,0.5642908811569214,0.027219
105,47896.0,51046.0,0.9382909532578458,52.0,0.052,7.0,0.007,45.0,0.045,113.0,36596.0,762.0,138.0,0.0,36596.0,365.96000000000043,100.0,1000,7,993,0.1878802499268204,886,0,0,1,0,2,0,1,0,0,3,1,12,10,9,18,57,0.7635049223899841,-0.04177534952759743,1.6431007385253906,0.5983409285545349,0.027192
106,46744.0,49569.0,0.9430087352982711,51.0,0.051,4.0,0.004,47.0,0.047,110.0,35744.0,674.5625,225.4375,0.0,35744.0,357.44000000000034,100.0,1000,4,996,0.19199512503109872,889,0,0,1,2,0,1,0,1,1,5,4,16,7,7,13,53,1.0732738971710205,0.014854786917567253,2.149991750717163,0.6102274060249329,0.027164999999999998
107,47526.0,49553.0,0.9590943030694408,32.0,0.032,9.0,0.009,23.0,0.023,109.0,36626.0,655.546875,0.0,244.453125,36626.0,366.26,100.0,1000,9,991,0.19370649999473244,891,1,0,0,0,2,0,0,0,0,2,5,14,7,10,14,54,1.5317538976669312,0.0370800755918026,3.023993492126465,0.6383268237113953,0.027138
108,48336.0,50243.0,0.9620444639054196,36.0,0.036,10.0,0.01,26.0,0.026,116.0,36736.0,458.0,80.125,361.875,36736.0,367.36000000000024,100.0,1000,10,990,0.19079191703349352,883,1,0,0,0,2,3,0,3,0,4,1,10,10,11,19,53,1.4607818126678467,0.059041526168584824,2.8359320163726807,0.5984912514686584,0.027111
109,50181.0,52210.0,0.9611377130817851,33.0,0.033,5.0,0.005,28.0,0.028,125.0,37681.0,701.0,199.0,0.0,37681.0,376.81000000000046,100.0,1000,5,995,0.2670725410571322,874,1,0,0,0,1,1,1,2,0,3,2,13,11,7,11,73,1.7932947874069214,0.11267287284135818,3.396764039993286,0.655744194984436,0.027084
110,48604.0,50064.0,0.9708373282198786,22.0,0.022,4.0,0.004,18.0,0.018,137.0,34904.0,633.0,267.0,0.0,34904.0,349.04000000000025,100.0,1000,4,996,1.4556269160239026,863,0,0,1,0,2,0,0,0,1,1,2,15,25,9,11,70,0.9765380024909973,-0.028840595856308937,2.0398619174957275,0.5378416180610657,0.027056999999999998
111,48406.0,49896.0,0.9701378868045535,31.0,0.031,14.0,0.014,17.0,0.017,121.0,36306.0,688.0,212.0,0.0,36306.0,363.05999999999995,100.0,1000,14,986,0.28888287500012666,878,0,1,0,0,1,1,0,2,1,2,4,16,15,5,6,68,0.4999946057796478,-0.01803579367697239,1.0678458213806152,0.5879588723182678,0.02703
112,47294.0,48271.0,0.9797601044105156,16.0,0.016,6.0,0.006,10.0,0.01,133.0,33994.0,780.683406829834,119.31659317016602,0.0,33994.0,339.9400000000003,100.0,1000,6,994,0.23304229089990258,867,0,0,0,0,1,1,1,4,1,1,1,15,22,11,16,59,1.7754286527633667,0.0034824651665985584,3.573303699493408,0.5445932149887085,0.027003
113,49115.0,50897.0,0.964988113248325,27.0,0.027,7.0,0.007,20.0,0.02,109.0,38215.0,746.27197265625,153.72802734375,0.0,38215.0,382.1500000000003,100.0,1000,7,993,0.19629999995231628,890,0,0,0,0,3,1,0,1,0,0,0,8,17,7,12,61,2.2360081672668457,0.14577753841876984,4.207968711853027,0.5098483562469482,0.026976
114,47838.0,49662.0,0.9632717168056059,29.0,0.029,12.0,0.012,17.0,0.017,112.0,36638.0,439.109375,460.890625,0.0,36638.0,366.37999999999994,100.0,1000,12,988,0.1945905830943957,888,0,1,1,1,1,0,0,2,2,3,1,11,19,8,5,57,1.7133252620697021,0.06677205860614777,3.319053888320923,0.48142164945602417,0.026949
115,48623.0,50187.0,0.9688365512981449,23.0,0.023,4.0,0.004,19.0,0.019,104.0,38223.0,261.0,202.5,436.5,38223.0,382.2299999999996,100.0,1000,4,996,0.20514670899137855,895,0,0,0,0,0,0,1,0,0,0,2,9,17,4,10,62,1.4186891317367554,0.0071737682446837425,2.854424238204956,0.5830438733100891,0.026921999999999998
116,49404.0,50558.0,0.9771747300130543,20.0,0.02,5.0,0.005,15.0,0.015,123.0,37104.0,755.078125,144.921875,0.0,37104.0,371.0400000000002,100.0,1000,5,995,0.20221320807468146,876,0,0,0,0,2,1,0,1,1,0,3,5,17,13,9,72,0.7249061465263367,-0.009806959889829159,1.4974584579467773,0.521142840385437,0.026895
117,49963.0,51392.0,0.9721941158156912,27.0,0.027,6.0,0.006,21.0,0.021,123.0,37663.0,342.0,558.0,0.0,37663.0,376.6299999999991,100.0,1000,6,994,0.19029699999373406,875,0,1,2,1,2,1,0,1,1,1,2,8,15,7,14,69,1.6151803731918335,0.04294711723923683,3.171757698059082,0.5078786611557007,0.026868
118,48479.0,50442.0,0.9610840172871813,30.0,0.03,4.0,0.004,26.0,0.026,112.0,37279.0,548.0,352.0,0.0,37279.0,372.78999999999996,100.0,1000,4,996,0.19743675005156547,888,0,1,0,1,1,0,0,2,0,4,2,3,11,4,18,65,0.7780365943908691,-0.047754451632499695,1.6820323467254639,0.5672329068183899,0.026840999999999997
119,49013.0,50204.0,0.9762767906939686,23.0,0.023,4.0,0.004,19.0,0.019,124.0,36613.0,499.0,3.8515625,397.1484375,36613.0,366.1299999999998,100.0,1000,4,996,0.1900252919876948,876,1,0,0,0,1,1,1,1,0,3,0,8,11,6,21,70,1.2312124967575073,0.025008177384734154,2.4395084381103516,0.5053316950798035,0.026813999999999998
120,50030.0,50912.0,0.9826759899434317,16.0,0.016,4.0,0.004,12.0,0.012,125.0,37530.0,579.0,321.0,0.0,37530.0,375.30000000000035,100.0,1000,4,996,0.25702449993696064,875,0,0,0,0,0,1,1,1,1,1,3,7,13,7,10,80,1.0194156169891357,-0.039888545870780945,2.1436121463775635,0.4667186141014099,0.026787
121,50402.0,51987.0,0.9695116086713986,25.0,0.025,7.0,0.007,18.0,0.018,110.0,39402.0,317.5,0.0,582.5,39402.0,394.02000000000055,100.0,1000,7,993,0.2094236669363454,888,0,0,1,0,1,1,0,2,0,2,1,6,10,7,10,71,0.713249146938324,-0.04800236597657204,1.551609992980957,0.5438524484634399,0.02676
122,49340.0,50484.0,0.977339355043182,19.0,0.019,10.0,0.01,9.0,0.009,116.0,37740.0,645.0,255.0,0.0,37740.0,377.4,100.0,1000,10,990,0.18801229202654213,884,0,0,1,0,2,0,0,0,0,2,3,3,7,15,11,72,0.605021059513092,-0.01192297600209713,1.2605319023132324,0.4983328580856323,0.026733
123,49229.0,50040.0,0.983792965627498,18.0,0.018,7.0,0.007,11.0,0.011,125.0,36729.0,618.0625,0.0,281.9375,36729.0,367.2900000000005,100.0,1000,7,993,0.1894838330335915,875,1,0,1,0,0,0,0,0,0,4,2,8,10,12,9,78,0.7171432971954346,-0.05975591018795967,1.5786553621292114,0.46538034081459045,0.026706
124,49558.0,51508.0,0.9621418032150345,26.0,0.026,7.0,0.007,19.0,0.019,109.0,38658.0,561.0,233.0625,105.9375,38658.0,386.58000000000027,100.0,1000,7,993,0.1957895839586854,891,0,0,2,0,2,0,0,0,0,4,0,7,4,7,10,73,0.49073752760887146,-0.10397054255008698,1.2146397829055786,0.4727255702018738,0.026678999999999998
125,47719.0,49363.0,0.9666957032595264,24.0,0.024,3.0,0.003,21.0,0.021,107.0,37019.0,497.0,403.0,0.0,37019.0,370.1899999999998,100.0,1000,3,997,0.18901116703636944,893,0,0,0,0,1,0,0,1,1,1,0,2,9,14,10,68,1.005623698234558,-0.03137825429439545,2.1005547046661377,0.4980999529361725,0.026652
126,48807.0,49783.0,0.9803949139264407,16.0,0.016,2.0,0.002,14.0,0.014,116.0,37207.0,567.0,333.0,0.0,37207.0,372.0699999999997,100.0,1000,2,998,0.3172484580427408,884,0,0,1,1,0,4,0,1,0,0,2,4,7,8,12,76,1.4158486127853394,0.09387136995792389,2.6690638065338135,0.47153612971305847,0.026625
127,47265.0,48578.0,0.9729713038824159,19.0,0.019,5.0,0.005,14.0,0.014,98.0,37465.0,495.25,404.75,0.0,37465.0,374.6500000000001,100.0,1000,5,995,0.1917617500294,902,1,0,2,0,0,1,0,1,0,2,0,5,6,10,9,61,0.9732211828231812,0.03626079112291336,1.8960063457489014,0.4151729941368103,0.026598
128,47997.0,49492.0,0.9697930978744039,20.0,0.02,2.0,0.002,18.0,0.018,105.0,37497.0,457.14453125,80.178466796875,362.677001953125,37497.0,374.9699999999997,100.0,1000,2,998,0.1898725419305265,895,0,0,1,0,0,2,0,0,0,1,1,3,19,4,8,66,1.5647284984588623,0.07329415529966354,3.008882761001587,0.48952141404151917,0.026570999999999997
129,48577.0,49598.0,0.9794144925198597,19.0,0.019,0.0,0.0,19.0,0.019,104.0,38177.0,428.0,50.125,421.875,38177.0,381.7700000000007,100.0,1000,0,1000,0.19410483294632286,896,0,0,1,0,1,0,0,0,0,1,4,4,5,8,7,73,0.7331093549728394,-0.0599358044564724,1.6114506721496582,0.477703720331192,0.026543999999999998
130,48587.0,49410.0,0.9833434527423598,12.0,0.012,4.0,0.004,8.0,0.008,109.0,37687.0,707.0,193.0,0.0,37687.0,376.87000000000023,100.0,1000,4,996,0.18876804201863706,891,0,0,0,1,2,1,0,1,1,0,0,6,5,11,3,78,0.7563235759735107,-0.09124781936407089,1.7185113430023193,0.4406346082687378,0.026517
131,48002.0,49026.0,0.9791131236486762,16.0,0.016,4.0,0.004,12.0,0.012,112.0,36802.0,616.0,284.0,0.0,36802.0,368.0200000000001,100.0,1000,4,996,0.2212406659964472,888,0,0,0,0,1,1,0,0,1,1,1,5,5,7,8,82,1.8493425846099854,0.043547432869672775,3.633436441421509,0.41234660148620605,0.02649
132,48290.0,49260.0,0.9803085667884693,20.0,0.02,9.0,0.009,11.0,0.011,106.0,37690.0,698.0,202.0,0.0,37690.0,376.8999999999994,100.0,1000,9,991,0.21901991602499038,894,0,0,1,0,1,1,0,0,1,0,2,5,2,13,5,75,1.368268609046936,0.02870854362845421,2.7043955326080322,0.4775639772415161,0.026463
133,47394.0,48415.0,0.9789114943715791,14.0,0.014,1.0,0.001,13.0,0.013,112.0,36194.0,669.0,231.0,0.0,36194.0,361.93999999999915,100.0,1000,1,999,0.1901538330130279,888,1,0,0,0,0,2,0,0,0,3,1,5,5,11,6,78,0.323478102684021,-0.047094330191612244,0.761565089225769,0.3862192928791046,0.026435999999999998
134,47883.0,49223.0,0.9727769538630315,24.0,0.024,4.0,0.004,20.0,0.02,103.0,37583.0,788.0,112.0,0.0,37583.0,375.8300000000003,100.0,1000,4,996,0.18829866603482515,896,0,0,0,0,1,0,0,2,0,0,0,6,4,3,7,81,1.0799283981323242,0.0008566174074076116,2.1795289516448975,0.40489065647125244,0.026409
135,49241.0,51121.0,0.9632245065628606,32.0,0.032,5.0,0.005,27.0,0.027,100.0,39241.0,639.0,261.0,0.0,39241.0,392.40999999999985,100.0,1000,5,995,0.19702870806213468,900,1,0,0,0,1,1,0,2,0,1,2,3,9,8,6,66,0.6434854865074158,-0.03667552024126053,1.3827564716339111,0.4251845180988312,0.026382
136,47215.0,49173.0,0.9601814003619873,25.0,0.025,4.0,0.004,21.0,0.021,90.0,38215.0,322.0,0.0,578.0,38215.0,382.1499999999991,100.0,1000,4,996,0.18762858305126429,909,0,0,0,0,1,0,0,0,0,1,1,0,8,5,7,68,1.1222912073135376,0.06510382145643234,2.13706636428833,0.4304969310760498,0.026355
137,50433.0,52412.0,0.962241471418759,26.0,0.026,9.0,0.009,17.0,0.017,112.0,39233.0,291.4375,60.0,548.5625,39233.0,392.33000000000055,100.0,1000,9,991,0.18827891699038446,887,1,0,1,0,1,2,0,2,0,1,3,3,7,9,13,70,1.132707953453064,0.04789765924215317,2.1933109760284424,0.44991183280944824,0.026327999999999997
138,48848.0,50039.0,0.976198565119207,21.0,0.021,4.0,0.004,17.0,0.017,105.0,38348.0,490.125,409.875,0.0,38348.0,383.47999999999985,100.0,1000,4,996,0.23913912498392165,894,0,0,1,0,1,1,0,2,0,0,2,5,6,10,4,74,1.3124464750289917,0.10882410407066345,2.433117151260376,0.4918537139892578,0.026300999999999998
139,47023.0,48597.0,0.9676111694137498,23.0,0.023,4.0,0.004,19.0,0.019,102.0,36823.0,451.0,34.0,415.0,36823.0,368.22999999999973,100.0,1000,4,996,0.18829924997407943,897,0,0,1,0,1,1,0,1,0,0,3,7,8,2,7,72,0.7571212649345398,-0.02397589199244976,1.5820785760879517,0.37840163707733154,0.026274
140,49206.0,50153.0,0.981117779594441,17.0,0.017,6.0,0.006,11.0,0.011,106.0,38606.0,267.0,103.0,530.0,38606.0,386.0599999999992,100.0,1000,6,994,0.18830329191405326,893,0,0,1,0,0,1,0,1,0,0,2,2,10,10,10,70,1.0481199026107788,-0.003028719685971737,2.1252636909484863,0.4375033676624298,0.026247
141,48633.0,49805.0,0.9764682260817187,20.0,0.02,3.0,0.003,17.0,0.017,103.0,38333.0,655.0,245.0,0.0,38333.0,383.3300000000003,100.0,1000,3,997,0.18888595793396235,897,0,0,1,0,1,0,0,1,0,4,3,4,14,6,4,65,1.7211568355560303,0.0790034830570221,3.3064489364624023,0.42223602533340454,0.02622
142,47425.0,48908.0,0.9696777623292713,25.0,0.025,5.0,0.005,20.0,0.02,91.0,38325.0,617.564453125,282.435546875,0.0,38325.0,383.2499999999999,100.0,1000,5,995,0.19097116694319993,908,0,0,0,0,1,0,1,0,0,0,2,4,5,13,5,61,1.095510721206665,-0.009357086382806301,2.232104539871216,0.42699944972991943,0.026193
143,48003.0,49428.0,0.9711701869385774,27.0,0.027,2.0,0.002,25.0,0.025,99.0,38103.0,427.0,473.0,0.0,38103.0,381.03000000000014,100.0,1000,2,998,0.1866950000403449,901,0,1,0,0,0,0,0,1,0,0,5,5,10,4,4,69,0.4060647189617157,-0.03911907225847244,0.9146952033042908,0.46487149596214294,0.026166
144,48897.0,50334.0,0.971450709262129,20.0,0.02,3.0,0.003,17.0,0.017,99.0,38997.0,642.875,257.125,0.0,38997.0,389.96999999999997,100.0,1000,3,997,0.21758141706231982,900,0,0,0,0,0,0,0,0,0,0,2,8,13,6,2,69,1.1306954622268677,-0.04137298837304115,2.3661952018737793,0.4219422936439514,0.026139
145,49550.0,50911.0,0.9732670739132997,20.0,0.02,3.0,0.003,17.0,0.017,111.0,38450.0,669.0,0.0,231.0,38450.0,384.49999999999994,100.0,1000,3,997,0.20386779098771513,889,0,0,0,0,2,4,0,2,0,1,3,6,10,7,8,68,1.6779019832611084,0.04461730644106865,3.286405563354492,0.3798268735408783,0.026112
146,48102.0,49744.0,0.9669909938887102,28.0,0.028,7.0,0.007,21.0,0.021,99.0,38202.0,109.0,197.75,593.25,38202.0,382.0199999999998,100.0,1000,7,993,0.18810041702818125,901,0,0,0,1,0,0,2,2,0,0,1,9,16,5,3,60,0.7850436568260193,-0.027790803462266922,1.6481928825378418,0.431743323802948,0.026084999999999997
147,48860.0,50175.0,0.9737917289486796,24.0,0.024,7.0,0.007,17.0,0.017,96.0,39260.0,260.875,99.501953125,539.623046875,39260.0,392.5999999999998,100.0,1000,7,993,0.18894283403642476,903,0,0,0,0,0,1,1,1,0,0,5,2,11,2,7,67,0.8112471103668213,-0.03912237286567688,1.7221394777297974,0.4106305241584778,0.026057999999999998
148,48263.0,48727.0,0.9904775586430521,7.0,0.007,1.0,0.001,6.0,0.006,102.0,38063.0,264.0,107.5,528.5,38063.0,380.62999999999994,100.0,1000,1,999,0.18798504199367017,898,0,0,0,0,0,1,0,2,0,0,0,4,6,5,8,76,0.16528284549713135,-0.1021428033709526,0.5563388466835022,0.412729948759079,0.026031
149,49501.0,50226.0,0.9855652450921834,11.0,0.011,6.0,0.006,5.0,0.005,111.0,38401.0,570.5,329.5,0.0,38401.0,384.01000000000016,100.0,1000,6,994,0.214853374985978,889,0,0,0,1,0,0,0,0,0,1,2,8,13,2,9,75,1.717315912246704,0.07089942693710327,3.313021659851074,0.3881864547729492,0.026004
150,49182.0,49656.0,0.9904543257612373,8.0,0.008,3.0,0.003,5.0,0.005,108.0,38382.0,377.0,57.0,466.0,38382.0,383.82,100.0,1000,3,997,0.19269699999131262,892,1,0,1,1,0,1,0,1,0,1,2,2,9,0,7,82,0.9606563448905945,-0.019266100600361824,1.9802054166793823,0.39189332723617554,0.025977
151,50083.0,50948.0,0.983021904687132,10.0,0.01,2.0,0.002,8.0,0.008,107.0,39383.0,534.375,365.625,0.0,39383.0,393.83,100.0,1000,2,998,0.18807062495034188,893,0,0,0,0,1,1,0,0,0,0,2,0,14,2,6,81,1.2481876611709595,0.08892970532178879,2.339578151702881,0.40582096576690674,0.02595
152,51579.0,53088.0,0.9715754972875226,19.0,0.019,4.0,0.004,15.0,0.015,100.0,41579.0,451.0,449.0,0.0,41579.0,415.79000000000025,100.0,1000,4,996,0.18801854096818715,900,0,0,0,0,0,0,0,0,0,1,1,2,10,2,5,79,1.6747890710830688,0.07199016958475113,3.2262258529663086,0.3978707790374756,0.025922999999999998
153,49515.0,50176.0,0.9868263711734694,12.0,0.012,8.0,0.008,4.0,0.004,105.0,39015.0,612.0,33.0,255.0,39015.0,390.15000000000003,100.0,1000,8,992,0.18826083303429186,895,0,0,0,0,0,0,0,0,2,1,0,1,15,1,2,83,0.9198625683784485,-0.033401016145944595,1.926208257675171,0.38000160455703735,0.025896
154,48417.0,49885.0,0.9705723163275534,15.0,0.015,4.0,0.004,11.0,0.011,101.0,38317.0,595.9375,304.0625,0.0,38317.0,383.17000000000036,100.0,1000,4,996,0.18906820798292756,899,0,0,1,0,1,0,0,0,0,0,1,4,12,2,5,75,0.8656513094902039,-0.05174732953310013,1.854903221130371,0.3886116147041321,0.025869
155,51451.0,52992.0,0.9709201388888888,17.0,0.017,5.0,0.005,12.0,0.012,106.0,40851.0,780.0,120.0,0.0,40851.0,408.509999999999,100.0,1000,5,995,0.18775012507103384,894,0,0,1,0,0,0,0,1,0,1,4,1,7,2,7,82,1.3222556114196777,0.037529706954956055,2.5880324840545654,0.35950660705566406,0.025841999999999997
156,50414.0,50956.0,0.9893633723212183,9.0,0.009,3.0,0.003,6.0,0.006,107.0,39714.0,463.68359375,436.31640625,0.0,39714.0,397.13999999999976,100.0,1000,3,997,0.18974787497427315,893,0,1,3,0,0,0,0,0,0,1,2,6,7,3,6,78,0.4560428857803345,-0.08769804984331131,1.1094790697097778,0.4260549247264862,0.025814999999999998
157,49564.0,50039.0,0.9905074042247047,10.0,0.01,7.0,0.007,3.0,0.003,105.0,39064.0,624.0,276.0,0.0,39064.0,390.63999999999874,100.0,1000,7,993,0.1866221249802038,895,0,1,0,0,0,2,0,1,0,0,1,1,6,0,7,86,0.7646496295928955,0.007047079969197512,1.53371000289917,0.3587881624698639,0.025788
158,51102.0,51214.0,0.9978130979810208,2.0,0.002,1.0,0.001,1.0,0.001,103.0,40802.0,378.0,120.625,401.375,40802.0,408.0200000000002,100.0,1000,1,999,0.1875834580278024,897,0,0,0,0,1,0,0,2,0,1,0,3,6,1,3,86,1.0926542282104492,0.09550531208515167,2.0120368003845215,0.34430086612701416,0.025761
159,47714.0,48654.0,0.9806799029884491,16.0,0.016,0.0,0.0,16.0,0.016,88.0,38914.0,678.0,222.0,0.0,38914.0,389.13999999999953,100.0,1000,0,1000,0.18778204103000462,910,0,1,0,0,0,0,0,0,1,2,0,1,2,1,8,74,0.9970055818557739,0.00020798937475774437,2.012753486633301,0.3722383677959442,0.025734
160,48906.0,49438.0,0.98923904688701,8.0,0.008,5.0,0.005,3.0,0.003,100.0,38906.0,595.0,305.0,0.0,38906.0,389.06000000000006,100.0,1000,5,995,0.18703458306845278,900,0,0,1,0,1,0,0,0,0,2,0,2,5,2,6,81,0.981215238571167,0.0003401965950615704,1.9797111749649048,0.34934332966804504,0.025707
161,49455.0,50522.0,0.978880487708325,14.0,0.014,2.0,0.002,12.0,0.012,95.0,39955.0,487.0,50.0,363.0,39955.0,399.5499999999998,100.0,1000,2,998,0.18737791595049202,905,0,0,0,0,0,0,0,0,0,0,2,0,9,1,8,75,0.647776186466217,0.003963692579418421,1.3064420223236084,0.36637553572654724,0.025679999999999998
162,47819.0,48443.0,0.9871188819850133,8.0,0.008,3.0,0.003,5.0,0.005,98.0,38019.0,416.5,483.5,0.0,38019.0,380.1900000000003,100.0,1000,3,997,0.18828508292790502,902,0,0,0,1,0,1,0,0,1,0,1,5,5,2,4,78,1.463518738746643,0.05932316556572914,2.827077865600586,0.36422228813171387,0.025653
163,48697.0,49471.0,0.9843544702957288,14.0,0.014,3.0,0.003,11.0,0.011,97.0,38997.0,356.0,0.0,544.0,38997.0,389.9700000000001,100.0,1000,3,997,0.18867137492634356,903,1,0,1,0,0,0,0,0,1,1,0,3,8,3,6,73,0.12285249680280685,-0.08305733650922775,0.43034008145332336,0.36136019229888916,0.025626
164,49169.0,49460.0,0.9941164577436312,6.0,0.006,4.0,0.004,2.0,0.002,105.0,38669.0,721.0,179.0,0.0,38669.0,386.69000000000085,100.0,1000,4,996,0.18694970896467566,895,0,0,1,0,0,1,0,0,1,1,3,2,5,2,9,80,1.148900032043457,-0.011143415234982967,2.3385567665100098,0.3607538938522339,0.025598999999999997
165,50373.0,51428.0,0.9794858831764798,15.0,0.015,3.0,0.003,12.0,0.012,105.0,39873.0,296.25,78.0,525.75,39873.0,398.7300000000003,100.0,1000,3,997,0.18755458295345306,895,0,0,0,0,0,0,0,1,0,0,3,2,12,1,11,75,1.424597144126892,-0.048866428434848785,2.963137149810791,0.31695041060447693,0.025571999999999998
166,49150.0,50469.0,0.9738651449404585,13.0,0.013,2.0,0.002,11.0,0.011,95.0,39650.0,637.0,263.0,0.0,39650.0,396.5,100.0,1000,2,998,0.18808291701134294,905,0,1,0,0,0,0,0,0,0,0,2,3,9,5,8,67,1.6415879726409912,0.12312740087509155,3.0532498359680176,0.3196086287498474,0.025544999999999998
167,48760.0,49592.0,0.9832231005000807,12.0,0.012,2.0,0.002,10.0,0.01,94.0,39360.0,387.46875,512.53125,0.0,39360.0,393.5999999999997,100.0,1000,2,998,0.1874356670305133,906,0,0,0,0,0,0,0,0,1,1,3,1,2,2,14,70,1.7614370584487915,0.04732713848352432,3.4477012157440186,0.3817175626754761,0.025518
168,51902.0,52105.0,0.9961040207273774,3.0,0.003,1.0,0.001,2.0,0.002,107.0,41202.0,123.0,150.75,626.25,41202.0,412.0199999999994,100.0,1000,1,999,0.18753395800013095,893,0,0,0,0,0,3,0,1,0,0,3,2,10,1,9,78,1.0564409494400024,-0.01676689088344574,2.163292407989502,0.3310345411300659,0.025491
169,49305.0,50130.0,0.9835427887492519,13.0,0.013,2.0,0.002,11.0,0.011,101.0,39205.0,592.0,308.0,0.0,39205.0,392.0499999999995,100.0,1000,2,998,0.18750145798549056,898,0,0,0,0,0,1,0,0,0,1,1,0,8,1,7,83,1.0984948873519897,-0.027865160256624222,2.2713937759399414,0.3666680157184601,0.025464
170,48279.0,48941.0,0.9864735089189024,13.0,0.013,1.0,0.001,12.0,0.012,94.0,38879.0,565.0,335.0,0.0,38879.0,388.78999999999877,100.0,1000,1,999,0.18955966597422957,906,0,0,0,0,1,1,0,1,0,0,2,1,9,5,7,67,1.4751756191253662,0.030984170734882355,2.906653642654419,0.3591383993625641,0.025436999999999998
171,49752.0,50414.0,0.9868687269409291,12.0,0.012,2.0,0.002,10.0,0.01,103.0,39452.0,586.0,314.0,0.0,39452.0,394.52000000000004,100.0,1000,2,998,0.18678266706410795,897,0,0,0,0,1,0,0,0,0,1,3,3,13,5,5,72,1.0566036701202393,-0.10107678174972534,2.336069107055664,0.4074767529964447,0.02541
172,49947.0,50674.0,0.9856533922721711,11.0,0.011,1.0,0.001,10.0,0.01,105.0,39447.0,348.0,110.4375,441.5625,39447.0,394.4699999999986,100.0,1000,1,999,0.1874962500296533,895,1,0,0,1,0,2,0,0,0,1,0,1,12,1,7,79,1.2628705501556396,0.06697439402341843,2.4080872535705566,0.32098254561424255,0.025383
173,49313.0,49915.0,0.9879394971451467,11.0,0.011,4.0,0.004,7.0,0.007,101.0,39213.0,257.0,197.5,445.5,39213.0,392.12999999999994,100.0,1000,4,996,0.1873029590351507,899,0,0,0,0,0,1,0,0,0,0,0,2,9,2,7,80,0.9204694032669067,0.02417147345840931,1.8112452030181885,0.3677492141723633,0.025356
174,50051.0,50353.0,0.9940023434552062,5.0,0.005,2.0,0.002,3.0,0.003,97.0,40351.0,454.0,446.0,0.0,40351.0,403.50999999999976,100.0,1000,2,998,0.18782408395782113,903,0,0,0,0,0,0,0,0,0,0,0,2,12,3,5,75,0.5994359254837036,-0.015815353021025658,1.2469918727874756,0.3255012631416321,0.025328999999999997
175,50415.0,51777.0,0.973694883828727,13.0,0.013,3.0,0.003,10.0,0.01,99.0,40515.0,739.0,46.0,115.0,40515.0,405.1500000000006,100.0,1000,3,997,0.18802550004329532,901,0,0,0,0,0,2,0,1,1,0,0,1,8,3,10,73,1.9618107080459595,0.052515946328639984,3.8343515396118164,0.311479389667511,0.025301999999999998
176,49244.0,51159.0,0.9625676811509216,22.0,0.022,2.0,0.002,20.0,0.02,95.0,39744.0,515.5,384.5,0.0,39744.0,397.4399999999998,100.0,1000,2,998,0.193523290916346,905,0,0,0,0,1,3,0,0,2,1,0,0,14,2,3,69,1.5565788745880127,-0.041068192571401596,3.2130868434906006,0.3519843816757202,0.025275
177,48238.0,48936.0,0.9857364721268596,14.0,0.014,2.0,0.002,12.0,0.012,92.0,39038.0,601.0,299.0,0.0,39038.0,390.3800000000002,100.0,1000,2,998,0.18751849990803748,908,0,1,0,0,0,0,0,1,0,3,1,1,3,1,7,74,0.9223681092262268,0.0069248266518116,1.8445464372634888,0.2705127000808716,0.025248
178,49114.0,50698.0,0.9687561639512406,16.0,0.016,1.0,0.001,15.0,0.015,88.0,40314.0,679.0,221.0,0.0,40314.0,403.1400000000009,100.0,1000,1,999,0.1874352500308305,912,0,0,0,0,1,1,0,1,0,1,1,1,8,1,6,67,1.1205005645751953,0.02773257903754711,2.2001755237579346,0.2902287542819977,0.025221
179,47862.0,49207.0,0.9726664905399638,20.0,0.02,3.0,0.003,17.0,0.017,92.0,38662.0,726.0,40.875,133.125,38662.0,386.6200000000001,100.0,1000,3,997,0.18785300001036376,908,0,1,1,0,1,1,0,0,0,0,0,3,10,3,5,67,0.7216436266899109,-0.06319113075733185,1.586340308189392,0.33084869384765625,0.025194
180,47713.0,49108.0,0.9715932231001059,15.0,0.015,2.0,0.002,13.0,0.013,96.0,38113.0,756.0,144.0,0.0,38113.0,381.13000000000017,100.0,1000,2,998,0.187243124935776,904,0,0,0,0,0,4,1,0,0,2,0,2,13,1,5,68,1.3700940608978271,0.06658748537302017,2.6206977367401123,0.27187252044677734,0.025167
181,47893.0,48350.0,0.9905480868665977,9.0,0.009,0.0,0.0,9.0,0.009,86.0,39293.0,538.0,362.0,0.0,39293.0,392.9299999999997,100.0,1000,0,1000,0.18617404100950807,914,0,0,0,1,0,0,0,0,0,0,0,1,12,3,4,65,1.8705288171768188,0.09873645752668381,3.5594675540924072,0.31588733196258545,0.02514
182,48254.0,49235.0,0.9800751497918148,16.0,0.016,3.0,0.003,13.0,0.013,87.0,39554.0,806.0,94.0,0.0,39554.0,395.53999999999996,100.0,1000,3,997,0.1877364170504734,913,0,0,0,0,0,2,0,0,0,2,2,1,8,3,9,60,0.7899638414382935,-0.03082013688981533,1.6578946113586426,0.32506394386291504,0.025113
183,49016.0,49897.0,0.9823436278734192,15.0,0.015,4.0,0.004,11.0,0.011,87.0,40316.0,691.0,209.0,0.0,40316.0,403.15999999999866,100.0,1000,4,996,0.18775733397342265,913,0,0,0,0,0,0,0,0,0,0,1,1,18,0,10,57,1.2544862031936646,0.04866286367177963,2.428924322128296,0.3443683981895447,0.025085999999999997
184,49748.0,50337.0,0.988298865645549,11.0,0.011,3.0,0.003,8.0,0.008,97.0,40048.0,724.0,176.0,0.0,40048.0,400.48000000000013,100.0,1000,3,997,0.1886630409862846,903,1,0,0,1,1,1,0,0,0,0,2,2,16,3,4,66,0.3917636275291443,-0.05599244683980942,0.913214385509491,0.35321083664894104,0.025058999999999998
185,49181.0,49792.0,0.9877289524421594,11.0,0.011,1.0,0.001,10.0,0.01,88.0,40381.0,772.0,128.0,0.0,40381.0,403.81,100.0,1000,1,999,0.18717749998904765,912,0,1,0,0,0,1,0,0,0,1,0,0,10,1,9,65,0.9432919025421143,-0.02670862153172493,1.9579731225967407,0.35898247361183167,0.025032
186,48804.0,49520.0,0.9855411954765751,14.0,0.014,1.0,0.001,13.0,0.013,91.0,39704.0,481.0,419.0,0.0,39704.0,397.03999999999974,100.0,1000,1,999,0.186776667018421,909,0,0,0,0,0,0,0,1,0,2,0,1,15,2,9,61,0.45718175172805786,-0.06911016255617142,1.0685229301452637,0.31871917843818665,0.025005
187,48739.0,49282.0,0.9889817783369181,8.0,0.008,3.0,0.003,5.0,0.005,89.0,39839.0,560.0,340.0,0.0,39839.0,398.38999999999976,100.0,1000,3,997,0.1861084169941023,911,0,0,0,0,0,1,0,0,0,0,1,4,11,2,3,67,0.6591095328330994,-0.07915244996547699,1.4916958808898926,0.3037045896053314,0.024978
188,49695.0,50693.0,0.9803128637089934,17.0,0.017,1.0,0.001,16.0,0.016,84.0,41295.0,688.375,211.625,0.0,41295.0,412.9500000000002,100.0,1000,1,999,0.18770533299539238,916,0,0,0,0,0,0,0,0,0,0,0,2,12,0,9,61,0.5683378577232361,-0.05588351935148239,1.2656455039978027,0.3447307348251343,0.024951
189,48115.0,49251.0,0.9769344784877464,22.0,0.022,7.0,0.007,15.0,0.015,84.0,39715.0,573.375,326.625,0.0,39715.0,397.15,100.0,1000,7,993,0.18756700004450977,916,0,0,0,0,0,0,0,0,2,2,0,0,12,2,5,61,0.9850783348083496,-0.014824111014604568,2.0151922702789307,0.3086872100830078,0.024923999999999998
190,49622.0,50225.0,0.9879940268790443,10.0,0.01,3.0,0.003,7.0,0.007,89.0,40722.0,666.0,234.0,0.0,40722.0,407.21999999999986,100.0,1000,3,997,0.18983608298003674,911,0,0,0,0,0,2,0,0,0,0,2,2,11,2,5,65,0.961296021938324,0.0322563499212265,1.8746908903121948,0.33360540866851807,0.024897
191,49848.0,50446.0,0.9881457399992071,9.0,0.009,4.0,0.004,5.0,0.005,89.0,40948.0,604.5,295.5,0.0,40948.0,409.4799999999992,100.0,1000,4,996,0.18784533301368356,911,0,0,0,0,0,0,0,0,0,1,0,2,14,2,9,61,1.222672939300537,0.044273216277360916,2.3730108737945557,0.32592546939849854,0.02487
192,48344.0,49858.0,0.9696337598780537,15.0,0.015,2.0,0.002,13.0,0.013,90.0,39344.0,16.0,134.0,750.0,39344.0,393.43999999999943,100.0,1000,2,998,0.18691558297723532,909,0,0,0,0,1,0,0,0,0,0,0,1,8,6,9,66,0.9711937308311462,-0.009698091074824333,1.9786953926086426,0.3403727412223816,0.024842999999999997
193,48784.0,49418.0,0.9871706665587437,11.0,0.011,1.0,0.001,10.0,0.01,91.0,39684.0,562.1875,55.0,282.8125,39684.0,396.84000000000015,100.0,1000,1,999,0.1855777919990942,909,0,0,0,0,1,0,0,1,0,0,0,0,18,0,6,65,1.0221173763275146,-0.02522808499634266,2.111194610595703,0.3325185477733612,0.024815999999999998
194,50320.0,50923.0,0.9881585923845806,10.0,0.01,2.0,0.002,8.0,0.008,93.0,41020.0,554.0,346.0,0.0,41020.0,410.1999999999996,100.0,1000,2,998,0.1861816250020638,907,0,1,0,0,0,1,0,0,0,2,1,1,12,2,6,67,1.670265793800354,0.0845164954662323,3.1906659603118896,0.3866117000579834,0.024789
195,48284.0,48655.0,0.9923748843900935,5.0,0.005,1.0,0.001,4.0,0.004,90.0,39284.0,491.0,409.0,0.0,39284.0,392.8400000000003,100.0,1000,1,999,0.19143179105594754,910,0,0,1,0,0,0,0,0,0,0,0,2,21,2,5,59,0.9908245801925659,0.034198496490716934,1.9293094873428345,0.32423314452171326,0.024762
196,48892.0,49299.0,0.9917442544473519,9.0,0.009,4.0,0.004,5.0,0.005,96.0,39292.0,448.0083923339844,136.99895095825195,314.9926567077637,39292.0,392.91999999999996,100.0,1000,4,996,0.18763025000225753,904,0,1,0,0,0,1,0,0,0,0,2,0,22,5,6,59,1.2424325942993164,0.06113584339618683,2.3782737255096436,0.3169671297073364,0.024735
197,49257.0,49600.0,0.9930846774193548,7.0,0.007,2.0,0.002,5.0,0.005,89.0,40357.0,690.0,210.0,0.0,40357.0,403.57,100.0,1000,2,998,0.19169270794373006,911,0,0,0,0,1,0,0,0,0,0,0,0,13,1,7,67,1.4677093029022217,0.08444958925247192,2.7819604873657227,0.3124707341194153,0.024708
198,48356.0,48776.0,0.9913892078071183,7.0,0.007,3.0,0.003,4.0,0.004,94.0,38956.0,475.88087463378906,35.0,389.11912536621094,38956.0,389.5600000000006,100.0,1000,3,997,0.19430450000800192,906,0,0,1,0,0,1,0,0,1,0,0,1,19,4,6,61,0.8007542490959167,-0.0813617929816246,1.7790749073028564,0.30069443583488464,0.024680999999999998
199,48935.0,49371.0,0.9911689048226692,5.0,0.005,1.0,0.001,4.0,0.004,85.0,40435.0,431.609375,0.0,468.390625,40435.0,404.3500000000003,100.0,1000,1,999,0.19369420898146927,915,0,0,0,0,0,1,0,0,0,0,2,0,18,3,6,55,1.3594467639923096,-0.0004238424589857459,2.7341148853302,0.2915087938308716,0.024654
200,47941.0,48882.0,0.980749560165296,14.0,0.014,4.0,0.004,10.0,0.01,82.0,39741.0,631.0,269.0,0.0,39741.0,397.4099999999993,100.0,1000,4,996,0.19073404103983194,917,0,0,0,0,1,0,0,1,0,1,0,2,18,1,4,55,1.621814250946045,-0.07278774678707123,3.404423713684082,0.30900442600250244,0.024627
201,49180.0,49799.0,0.9875700315267375,11.0,0.011,2.0,0.002,9.0,0.009,87.0,40480.0,642.0,258.0,0.0,40480.0,404.7999999999998,100.0,1000,2,998,0.19192245800513774,913,0,0,0,0,0,0,0,0,0,0,0,0,22,2,5,58,0.8541895151138306,-0.03547172620892525,1.794613003730774,0.3107830286026001,0.024599999999999997
202,47933.0,48828.0,0.9816703530761038,15.0,0.015,3.0,0.003,12.0,0.012,93.0,38633.0,354.5444641113281,545.4555358886719,0.0,38633.0,386.3299999999995,100.0,1000,3,997,0.18905904097482562,907,0,0,0,0,0,0,0,0,0,2,0,1,31,2,10,47,0.7468399405479431,0.030931584537029266,1.4463326930999756,0.2953641712665558,0.024572999999999998
203,49713.0,51101.0,0.9728381049294534,16.0,0.016,3.0,0.003,13.0,0.013,91.0,40613.0,129.52175331115723,274.464671254158,496.01357543468475,40613.0,406.13000000000005,100.0,1000,3,997,0.18626237497664988,909,0,0,0,0,0,0,0,0,0,2,1,1,27,3,4,53,0.9126396775245667,-0.04030834138393402,1.9206624031066895,0.3007884919643402,0.024546
204,48722.0,49493.0,0.9844220394803306,13.0,0.013,2.0,0.002,11.0,0.011,88.0,39922.0,322.0,323.0,255.0,39922.0,399.2199999999997,100.0,1000,2,998,0.18778137501794845,912,0,0,0,0,1,0,0,1,0,1,2,1,21,1,7,53,0.4627394378185272,-0.024905778467655182,0.990813136100769,0.31654512882232666,0.024519
205,49275.0,49904.0,0.9873957999358769,11.0,0.011,5.0,0.005,6.0,0.006,91.0,40175.0,445.58984375,88.0,366.41015625,40175.0,401.75,100.0,1000,5,995,0.18736454204190522,909,0,1,0,0,0,0,0,0,1,0,0,0,22,1,7,59,0.8687261939048767,0.011647055856883526,1.731014370918274,0.34411385655403137,0.024492
206,48619.0,49553.0,0.9811514943595746,15.0,0.015,2.0,0.002,13.0,0.013,94.0,39219.0,656.0,244.0,0.0,39219.0,392.1900000000004,100.0,1000,2,998,0.18813845806289464,906,1,0,1,0,0,0,0,0,0,1,1,2,11,2,11,64,0.7692851424217224,0.03579077869653702,1.480629801750183,0.278788298368454,0.024465
207,49972.0,50662.0,0.9863803245035727,12.0,0.012,3.0,0.003,9.0,0.009,91.0,40872.0,506.0,394.0,0.0,40872.0,408.71999999999974,100.0,1000,3,997,0.1867988749872893,909,1,0,0,0,0,0,0,0,0,0,2,1,16,0,8,63,0.47547733783721924,-0.0598844513297081,1.086674690246582,0.3263584077358246,0.024438
208,49519.0,50810.0,0.9745916158236567,14.0,0.014,2.0,0.002,12.0,0.012,88.0,40719.0,789.0,111.0,0.0,40719.0,407.1900000000004,100.0,1000,2,998,0.1868565420154482,912,0,0,0,0,1,0,0,0,0,1,0,2,13,2,15,54,0.6839686036109924,0.014348745346069336,1.355096459388733,0.32478636503219604,0.024411
209,48681.0,50217.0,0.9694127486707689,15.0,0.015,1.0,0.001,14.0,0.014,84.0,40281.0,24.0,165.0,711.0,40281.0,402.80999999999983,100.0,1000,1,999,0.18689066695515066,916,0,0,0,0,1,0,0,0,0,0,0,0,19,2,13,49,1.1434657573699951,-0.04528045281767845,2.3930864334106445,0.31975874304771423,0.024384
210,49520.0,49782.0,0.9947370535534932,5.0,0.005,1.0,0.001,4.0,0.004,94.0,40120.0,553.375,346.625,0.0,40120.0,401.19999999999953,100.0,1000,1,999,0.18678066704887897,906,0,0,1,0,1,1,0,0,0,0,0,1,24,3,16,47,1.223657250404358,0.08949495106935501,2.2836856842041016,0.3153299391269684,0.024357
211,48439.0,48835.0,0.9918910617385073,7.0,0.007,1.0,0.001,6.0,0.006,91.0,39339.0,510.0,24.375,365.625,39339.0,393.39000000000016,100.0,1000,1,999,0.18853320798370987,909,0,0,0,0,0,1,0,0,2,0,0,1,23,3,15,46,1.8087517023086548,0.08461674302816391,3.4627737998962402,0.2980673015117645,0.024329999999999997
212,49507.0,50364.0,0.9829838773727265,16.0,0.016,5.0,0.005,11.0,0.011,84.0,41107.0,340.0,0.0,560.0,41107.0,411.07,100.0,1000,5,995,0.1864944170229137,916,0,0,0,0,0,0,0,0,0,0,0,1,25,2,6,50,0.9784207940101624,0.03658386319875717,1.8995922803878784,0.3274981379508972,0.024302999999999998
213,49630.0,50743.0,0.9780659401296731,18.0,0.018,4.0,0.004,14.0,0.014,87.0,40930.0,304.00605696905404,37.24962143943412,558.7443215915118,40930.0,409.2999999999993,100.0,1000,4,996,0.18650979199446738,913,0,0,0,0,0,2,0,0,0,1,0,0,24,6,10,44,0.6716536283493042,-0.03492571413516998,1.4284617900848389,0.31518957018852234,0.024276
214,48949.0,50003.0,0.9789212647241166,20.0,0.02,4.0,0.004,16.0,0.016,85.0,40449.0,288.640625,178.8349609375,432.5244140625,40449.0,404.49000000000063,100.0,1000,4,996,0.1876032919390127,915,0,0,0,0,0,0,0,0,0,0,1,2,28,1,9,44,0.8765871524810791,0.03327493742108345,1.7024734020233154,0.32679593563079834,0.024249
215,47408.0,48381.0,0.9798887993220479,14.0,0.014,3.0,0.003,11.0,0.011,84.0,39008.0,496.0,404.0,0.0,39008.0,390.07999999999964,100.0,1000,3,997,0.18664583307690918,916,1,0,0,0,0,0,0,0,0,0,0,0,22,2,5,54,0.516078531742096,-0.016919102519750595,1.0806317329406738,0.30213266611099243,0.024222
216,47342.0,49851.0,0.9496700166496158,27.0,0.027,2.0,0.002,25.0,0.025,80.0,39342.0,758.0,142.0,0.0,39342.0,393.4200000000002,100.0,1000,2,998,0.18708008399698883,919,0,0,0,0,0,0,0,1,0,0,1,0,32,0,3,44,0.30701711773872375,-0.1514272391796112,0.931011974811554,0.29186350107192993,0.024194999999999998
217,48137.0,49521.0,0.9720522606570949,26.0,0.026,8.0,0.008,18.0,0.018,87.0,39437.0,469.0,0.0,431.0,39437.0,394.3699999999993,100.0,1000,8,992,0.18628012505359948,913,0,1,0,0,0,0,1,0,0,1,1,2,35,4,3,39,1.25419282913208,-0.014105589129030704,2.553828477859497,0.3565007448196411,0.024168
218,51358.0,52818.0,0.9723579082888409,14.0,0.014,5.0,0.005,9.0,0.009,91.0,42258.0,790.39990234375,109.60009765625,0.0,42258.0,422.5800000000007,100.0,1000,5,995,0.1882971660234034,909,0,0,0,0,0,0,0,0,0,2,0,0,30,1,2,56,1.1351906061172485,-0.030318116769194603,2.347367763519287,0.33863934874534607,0.024141
219,49652.0,50057.0,0.9919092234852268,7.0,0.007,0.0,0.0,7.0,0.007,90.0,40652.0,424.0,476.0,0.0,40652.0,406.52000000000015,100.0,1000,0,1000,0.1875747499288991,910,0,0,0,0,0,1,0,0,1,0,0,1,25,2,7,53,0.13940609991550446,-0.07956799864768982,0.45456406474113464,0.34452730417251587,0.024114
220,48791.0,49420.0,0.9872723593686766,10.0,0.01,6.0,0.006,4.0,0.004,89.0,39891.0,587.0625,312.9375,0.0,39891.0,398.90999999999906,100.0,1000,6,994,0.1862940409919247,911,0,0,0,0,0,0,0,0,1,0,0,0,26,2,5,55,1.7274653911590576,0.10383543372154236,3.264009714126587,0.3476940095424652,0.024086999999999997
221,48412.0,49239.0,0.9832043705193038,7.0,0.007,2.0,0.002,5.0,0.005,94.0,39012.0,422.0,478.0,0.0,39012.0,390.12000000000046,100.0,1000,2,998,0.19095833296887577,906,1,0,0,1,0,1,0,1,0,0,1,1,25,4,4,55,1.1172173023223877,0.019735919311642647,2.2117667198181152,0.34920957684516907,0.024059999999999998
222,49070.0,49461.0,0.9920947817472352,7.0,0.007,4.0,0.004,3.0,0.003,91.0,39970.0,526.81640625,107.346923828125,265.836669921875,39970.0,399.69999999999936,100.0,1000,4,996,0.18973900005221367,909,0,0,0,0,0,0,0,0,0,0,1,0,22,2,2,64,0.7756734490394592,-0.04420970752835274,1.6567634344100952,0.3536199629306793,0.024033
223,47664.0,48117.0,0.9905854479705717,5.0,0.005,1.0,0.001,4.0,0.004,90.0,38664.0,441.375,458.625,0.0,38664.0,386.6400000000005,100.0,1000,1,999,0.2005112919723615,910,2,0,0,0,0,0,0,0,0,4,0,2,16,2,3,61,0.7031890749931335,-0.022484205663204193,1.4653499126434326,0.2916640639305115,0.024006
224,48056.0,49144.0,0.9778609799772099,13.0,0.013,1.0,0.001,12.0,0.012,90.0,39056.0,487.25,134.265625,278.484375,39056.0,390.5600000000004,100.0,1000,1,999,0.1934922500513494,910,1,0,0,0,0,0,0,1,0,0,0,2,16,2,3,65,1.2323706150054932,0.0022085884120315313,2.4777066707611084,0.36245661973953247,0.023979
225,48382.0,48508.0,0.9974024903108766,3.0,0.003,2.0,0.002,1.0,0.001,95.0,38882.0,478.0,422.0,0.0,38882.0,388.82000000000005,100.0,1000,2,998,0.19328599993605167,905,0,1,0,0,1,1,0,0,0,0,0,1,19,1,5,66,1.0393974781036377,0.0412314236164093,2.012946367263794,0.3468204438686371,0.023951999999999998
226,50328.0,50534.0,0.9959235366288044,3.0,0.003,1.0,0.001,2.0,0.002,99.0,40428.0,432.625,0.0,467.375,40428.0,404.2800000000003,100.0,1000,1,999,0.18979904195293784,901,2,0,0,0,0,2,0,0,0,0,1,0,13,3,4,74,1.6764352321624756,0.11399012804031372,3.1383278369903564,0.28083157539367676,0.023925
227,51674.0,52159.0,0.9907015088479457,8.0,0.008,5.0,0.005,3.0,0.003,92.0,42474.0,444.39573669433594,39.0,416.60426330566406,42474.0,424.7399999999994,100.0,1000,5,995,0.20214170799590647,908,0,0,0,0,0,1,0,0,0,2,1,0,15,2,2,69,1.373204231262207,0.03237626701593399,2.695277214050293,0.2849874198436737,0.023898
228,49657.0,50234.0,0.9885137556236812,9.0,0.009,1.0,0.001,8.0,0.008,85.0,41157.0,544.0,356.0,0.0,41157.0,411.5699999999995,100.0,1000,1,999,0.19068625010550022,915,1,0,0,0,0,1,0,1,2,0,1,0,14,1,5,59,0.3231838643550873,-0.08593784272670746,0.833768367767334,0.3251839578151703,0.023871
229,48702.0,49343.0,0.9870093022313196,9.0,0.009,4.0,0.004,5.0,0.005,84.0,40302.0,479.0,421.0,0.0,40302.0,403.02,100.0,1000,4,996,0.19872383307665586,916,0,0,0,0,0,0,0,1,0,0,0,2,11,0,10,60,1.0591938495635986,-0.019092587754130363,2.1696982383728027,0.27523744106292725,0.023843999999999997
230,49983.0,50687.0,0.9861108370982697,13.0,0.013,4.0,0.004,9.0,0.009,90.0,40983.0,411.0,34.0,455.0,40983.0,409.83,100.0,1000,4,996,0.19475720799528062,910,0,0,0,0,0,0,0,0,0,0,1,1,11,0,1,76,1.4290345907211304,0.07574600726366043,2.7183496952056885,0.24714607000350952,0.023816999999999998
231,48370.0,48899.0,0.9891817828585452,7.0,0.007,2.0,0.002,5.0,0.005,86.0,39770.0,436.125,22.0,441.875,39770.0,397.6999999999995,100.0,1000,2,998,0.19359325000550598,914,1,0,0,0,1,0,0,0,1,0,0,2,11,4,2,64,1.1828426122665405,-0.012498990632593632,2.404822587966919,0.2971699833869934,0.02379
232,49365.0,49767.0,0.9919223581891615,8.0,0.008,0.0,0.0,8.0,0.008,87.0,40665.0,342.75,145.453125,411.796875,40665.0,406.65000000000055,100.0,1000,0,1000,0.1961011659586802,913,0,1,0,0,0,0,1,0,0,0,0,0,12,5,7,61,0.3846532702445984,-0.056841716170310974,0.8945282101631165,0.24277834594249725,0.023763
233,48851.0,49556.0,0.9857736701912987,12.0,0.012,3.0,0.003,9.0,0.009,81.0,40751.0,282.0,105.0,513.0,40751.0,407.5099999999996,100.0,1000,3,997,0.2006660420447588,919,1,0,0,0,0,0,0,0,0,0,0,1,8,1,1,69,1.1296781301498413,0.0705917626619339,2.129256248474121,0.23347437381744385,0.023736
234,49637.0,50301.0,0.9867994672074114,11.0,0.011,3.0,0.003,8.0,0.008,83.0,41337.0,323.0625,576.9375,0.0,41337.0,413.3700000000003,100.0,1000,3,997,0.18975700007285923,917,0,0,0,0,1,0,0,1,0,0,0,0,12,1,3,65,1.2219303846359253,0.05799407139420509,2.3390705585479736,0.23615679144859314,0.023708999999999997
235,48760.0,49920.0,0.9767628205128205,22.0,0.022,6.0,0.006,16.0,0.016,75.0,41260.0,413.0,487.0,0.0,41260.0,412.59999999999945,100.0,1000,6,994,0.187957042013295,925,1,0,0,0,0,0,0,0,0,0,2,0,7,3,4,58,0.28697285056114197,-0.03987909108400345,0.6654232740402222,0.2474324107170105,0.023681999999999998
236,49266.0,49783.0,0.9896149287909527,8.0,0.008,1.0,0.001,7.0,0.007,80.0,41266.0,327.0625,0.0,572.9375,41266.0,412.6599999999992,100.0,1000,1,999,0.19088791694957763,920,0,0,0,0,0,0,0,0,2,0,0,1,6,0,7,64,0.6946099400520325,-0.05083608627319336,1.5020660161972046,0.2361868917942047,0.023655
237,49369.0,50202.0,0.9834070355762718,17.0,0.017,3.0,0.003,14.0,0.014,81.0,41269.0,566.0625,333.9375,0.0,41269.0,412.6899999999989,100.0,1000,3,997,0.18953216704539955,919,0,1,0,0,0,0,0,0,0,0,0,0,10,1,5,64,0.8020534515380859,-0.06149715557694435,1.738204002380371,0.23495037853717804,0.023628
238,50517.0,51556.0,0.9798471564900303,11.0,0.011,0.0,0.0,11.0,0.011,81.0,42417.0,271.0,0.0,629.0,42417.0,424.1700000000003,100.0,1000,0,1000,0.19032850000075996,919,0,0,0,0,0,0,0,0,0,1,0,2,4,2,5,67,0.7338341474533081,-0.10142657160758972,1.6812926530838013,0.22819644212722778,0.023601
239,47913.0,49618.0,0.9656374702728848,17.0,0.017,1.0,0.001,16.0,0.016,76.0,40313.0,684.0,216.0,0.0,40313.0,403.13000000000005,100.0,1000,1,999,0.19156491593457758,923,0,0,0,0,0,0,0,0,0,1,1,1,10,0,2,62,1.0039193630218506,-0.045397233217954636,2.110217332839966,0.2456938624382019,0.023573999999999998
240,47928.0,49235.0,0.9734538438102975,15.0,0.015,1.0,0.001,14.0,0.014,78.0,40128.0,538.0,362.0,0.0,40128.0,401.2799999999997,100.0,1000,1,999,0.18591583298984915,922,0,0,0,0,0,0,0,0,1,0,0,0,9,0,0,68,1.944908618927002,0.08338730782270432,3.7350802421569824,0.2556048035621643,0.023547
241,48295.0,49323.0,0.9791577965654968,17.0,0.017,4.0,0.004,13.0,0.013,78.0,40495.0,239.0,96.0,565.0,40495.0,404.94999999999993,100.0,1000,4,996,0.18679729104042053,922,0,0,0,0,0,0,0,0,0,0,0,0,10,1,6,61,1.4121171236038208,0.06308446824550629,2.710014820098877,0.2540304660797119,0.02352
242,48798.0,49653.0,0.9827804966467283,10.0,0.01,1.0,0.001,9.0,0.009,84.0,40398.0,196.75,167.609375,535.640625,40398.0,403.98000000000036,100.0,1000,1,999,0.18707395903766155,916,1,1,0,0,0,1,0,0,0,0,1,0,12,1,3,64,0.9738051891326904,-0.06780417263507843,2.094684600830078,0.2440272569656372,0.023493
243,49200.0,50657.0,0.971237933553112,14.0,0.014,1.0,0.001,13.0,0.013,80.0,41200.0,637.0,263.0,0.0,41200.0,411.9999999999992,100.0,1000,1,999,0.19049741607159376,920,0,0,0,0,0,1,0,0,2,0,0,1,11,3,5,57,1.364157795906067,0.06161913648247719,2.618255376815796,0.2807915508747101,0.023466
244,46327.0,46732.0,0.9913335615852092,6.0,0.006,0.0,0.0,6.0,0.006,73.0,39027.0,664.0,236.0,0.0,39027.0,390.2700000000006,100.0,1000,0,1000,0.19384700001683086,927,0,0,0,0,0,0,0,1,1,0,0,0,5,4,3,59,0.9747177958488464,0.027737095952033997,1.9072446823120117,0.2833588719367981,0.023438999999999998
245,48845.0,49852.0,0.9798002086175078,17.0,0.017,4.0,0.004,13.0,0.013,79.0,40945.0,458.0,442.0,0.0,40945.0,409.45000000000056,100.0,1000,4,996,0.19025862496346235,921,0,0,1,0,0,0,0,0,1,1,0,0,11,2,3,60,0.7923877239227295,0.006169602740556002,1.5864490270614624,0.2992657721042633,0.023412
246,48293.0,48475.0,0.9962454873646209,3.0,0.003,2.0,0.002,1.0,0.001,85.0,39793.0,681.75,218.25,0.0,39793.0,397.93000000000035,100.0,1000,2,998,0.2023619159590453,915,1,0,0,0,0,0,0,0,2,0,1,0,17,4,5,55,0.3765623867511749,-0.037994541227817535,0.8430773615837097,0.2985575497150421,0.023385
247,50466.0,52227.0,0.9662818082600954,19.0,0.019,2.0,0.002,17.0,0.017,88.0,41666.0,356.5,15.0,528.5,41666.0,416.65999999999997,100.0,1000,2,998,0.18837683298625052,912,0,0,0,0,1,1,0,0,2,0,1,2,21,1,12,47,0.6734218001365662,-0.052131835371255875,1.4648782014846802,0.2947789430618286,0.023358
248,48730.0,49334.0,0.987756922203754,12.0,0.012,5.0,0.005,7.0,0.007,79.0,40830.0,302.4375,155.91796875,441.64453125,40830.0,408.3000000000002,100.0,1000,5,995,0.18836150004062802,921,1,0,0,0,1,0,0,1,1,0,0,3,9,2,6,55,0.983936607837677,0.027550939470529556,1.9278290271759033,0.3226979672908783,0.023330999999999998
249,50365.0,50694.0,0.9935100800883734,6.0,0.006,1.0,0.001,5.0,0.005,88.0,41565.0,426.96875,473.03125,0.0,41565.0,415.6499999999994,100.0,1000,1,999,0.19099250005092472,912,0,0,0,0,0,0,0,0,2,0,0,3,13,4,10,56,0.5557750463485718,0.008362669497728348,1.1094197034835815,0.3131427764892578,0.023304
250,52267.0,53011.0,0.9859651770387278,12.0,0.012,1.0,0.001,11.0,0.011,91.0,43167.0,511.6416015625,388.3583984375,0.0,43167.0,431.66999999999956,100.0,1000,1,999,0.1872773750219494,909,1,0,0,0,0,0,0,0,3,1,2,1,15,1,9,58,0.44708290696144104,-0.07112612575292587,1.0490871667861938,0.2721368372440338,0.023277
251,48977.0,49722.0,0.985016692812035,10.0,0.01,1.0,0.001,9.0,0.009,84.0,40577.0,735.9375,164.0625,0.0,40577.0,405.76999999999913,100.0,1000,1,999,0.18548420793376863,916,0,0,0,0,0,0,0,0,0,0,1,0,9,2,16,56,0.23935310542583466,-0.1278926134109497,0.7465357184410095,0.25901690125465393,0.02325
252,49387.0,49784.0,0.9920255503776314,6.0,0.006,0.0,0.0,6.0,0.006,89.0,40487.0,649.0,251.0,0.0,40487.0,404.8700000000001,100.0,1000,0,1000,0.18600850005168468,911,0,1,1,0,0,0,0,1,2,1,1,0,10,1,7,64,0.2015349268913269,-0.08232628554105759,0.58114093542099,0.2889055609703064,0.023223
253,47034.0,48862.0,0.9625885145921166,20.0,0.02,3.0,0.003,17.0,0.017,78.0,39234.0,565.845703125,334.154296875,0.0,39234.0,392.3399999999993,100.0,1000,3,997,0.18977804202586412,922,0,0,0,0,0,0,0,0,1,0,2,1,7,1,6,60,0.6825946569442749,0.02990822307765484,1.3192932605743408,0.3000602722167969,0.023195999999999998
254,49721.0,50375.0,0.9870173697270471,11.0,0.011,4.0,0.004,7.0,0.007,83.0,41421.0,548.25,351.75,0.0,41421.0,414.2099999999996,100.0,1000,4,996,0.19303466705605388,917,0,0,0,0,0,0,0,0,0,1,1,0,14,0,13,54,0.740658164024353,-0.015278863720595837,1.5254641771316528,0.29328182339668274,0.023169
255,49301.0,50350.0,0.9791658391261172,17.0,0.017,5.0,0.005,12.0,0.012,83.0,41001.0,228.375,312.8046875,358.8203125,41001.0,410.01000000000107,100.0,1000,5,995,0.1859106250340119,917,0,0,0,0,0,0,0,0,0,1,1,1,11,1,15,53,0.5658184289932251,-0.006979284808039665,1.1587622165679932,0.2844787836074829,0.023142
256,49639.0,49763.0,0.997508188814983,2.0,0.002,2.0,0.002,0.0,0.0,84.0,41239.0,589.0,311.0,0.0,41239.0,412.38999999999953,100.0,1000,2,998,0.18607354199048132,916,0,0,0,0,0,0,0,0,1,1,1,0,6,0,8,67,1.53714919090271,0.06867712736129761,2.9482598304748535,0.2447732388973236,0.023115
257,49265.0,49867.0,0.9879278881825656,9.0,0.009,2.0,0.002,7.0,0.007,83.0,40965.0,370.0,0.0,530.0,40965.0,409.65000000000015,100.0,1000,2,998,0.1863680420210585,917,0,0,0,0,0,0,0,0,2,0,0,0,6,1,11,63,0.8752485513687134,0.00940384715795517,1.7465590238571167,0.32202062010765076,0.023087999999999997
258,48789.0,49936.0,0.9770305991669337,21.0,0.021,9.0,0.009,12.0,0.012,84.0,40389.0,851.0,49.0,0.0,40389.0,403.8900000000001,100.0,1000,9,991,0.1852498339721933,916,0,0,0,0,0,1,0,0,3,2,0,1,16,0,15,46,1.1949008703231812,0.02070319652557373,2.3651483058929443,0.36323004961013794,0.023060999999999998
259,49405.0,50304.0,0.9821286577608143,15.0,0.015,3.0,0.003,12.0,0.012,84.0,41005.0,725.0,10.9375,164.0625,41005.0,410.0500000000003,100.0,1000,3,997,0.18568845908157527,916,0,0,0,0,0,0,0,0,0,0,2,1,12,2,13,54,0.2621406316757202,-0.09231798350811005,0.7245756983757019,0.33989959955215454,0.023034
260,49987.0,50703.0,0.9858785476204563,14.0,0.014,6.0,0.006,8.0,0.008,90.0,40987.0,560.296875,132.7568359375,206.9462890625,40987.0,409.87000000000023,100.0,1000,6,994,0.18909408303443342,910,1,0,0,0,0,0,0,0,1,0,1,3,13,4,12,55,0.1359449028968811,-0.09717011451721191,0.4805537164211273,0.31128939986228943,0.023007
261,49030.0,49771.0,0.9851118120994153,13.0,0.013,5.0,0.005,8.0,0.008,83.0,40730.0,222.9375,77.0,600.0625,40730.0,407.29999999999944,100.0,1000,5,995,0.18826945906039327,917,0,0,0,0,0,1,0,0,0,0,1,2,8,5,12,54,0.6486247777938843,-0.08085757493972778,1.4713000059127808,0.26839134097099304,0.02298
262,48873.0,49619.0,0.9849654366270985,15.0,0.015,1.0,0.001,14.0,0.014,79.0,40973.0,650.3125,249.6875,0.0,40973.0,409.72999999999985,100.0,1000,1,999,0.18557633401360363,919,0,0,0,0,0,1,0,0,1,1,0,0,16,1,13,48,0.538813591003418,-0.02316812425851822,1.137235164642334,0.2891070544719696,0.022952999999999998
263,49527.0,50185.0,0.9868885125037362,12.0,0.012,0.0,0.0,12.0,0.012,83.0,41227.0,633.53515625,266.46484375,0.0,41227.0,412.2700000000002,100.0,1000,0,1000,0.1854673749767244,917,0,0,0,0,0,0,0,1,0,0,1,1,16,2,15,47,0.2427656352519989,-0.09390322864055634,0.6876804828643799,0.3128051459789276,0.022926
264,48800.0,49659.0,0.9827020278297992,14.0,0.014,7.0,0.007,7.0,0.007,81.0,40700.0,591.0,309.0,0.0,40700.0,407.00000000000034,100.0,1000,7,993,0.18639291590079665,919,0,0,0,0,0,0,0,0,2,0,0,0,14,0,17,48,0.7741255164146423,-0.02456376701593399,1.6108101606369019,0.2932768166065216,0.022899
265,49350.0,49729.0,0.9923786925134227,6.0,0.006,1.0,0.001,5.0,0.005,83.0,41050.0,673.0,66.0,161.0,41050.0,410.49999999999994,100.0,1000,1,999,0.1852551669580862,917,1,0,0,0,0,0,0,0,1,0,0,1,7,3,18,52,0.6067401766777039,-0.06102984398603439,1.3485440015792847,0.2842761278152466,0.022871999999999997
266,49543.0,50002.0,0.9908203671853126,8.0,0.008,1.0,0.001,7.0,0.007,86.0,40943.0,590.751220703125,309.248779296875,0.0,40943.0,409.42999999999944,100.0,1000,1,999,0.1858568750321865,914,0,0,1,0,0,0,0,1,1,0,1,2,11,1,20,48,0.7807780504226685,-0.006108972709625959,1.5870808362960815,0.29123929142951965,0.022844999999999997
267,51302.0,51911.0,0.9882683824237638,10.0,0.01,1.0,0.001,9.0,0.009,87.0,42602.0,760.0,140.0,0.0,42602.0,426.0199999999999,100.0,1000,1,999,0.18561862502247095,913,1,0,0,0,0,0,0,0,1,0,0,0,9,2,21,53,0.6649153232574463,-0.029997393488883972,1.4011924266815186,0.24907784163951874,0.022817999999999998
268,48762.0,49558.0,0.9839380120263126,13.0,0.013,4.0,0.004,9.0,0.009,82.0,40562.0,535.9375,62.0,302.0625,40562.0,405.61999999999995,100.0,1000,4,996,0.18630666693206877,918,1,0,0,0,0,0,0,0,0,0,0,1,4,0,23,53,1.088529109954834,-0.04096006229519844,2.2696726322174072,0.2346145361661911,0.022791
269,48694.0,50191.0,0.9701739355661374,16.0,0.016,1.0,0.001,15.0,0.015,82.0,40494.0,561.0,339.0,0.0,40494.0,404.94000000000034,100.0,1000,1,999,0.18531212501693517,918,0,0,0,0,0,1,0,0,1,0,0,0,13,2,11,54,0.8236547708511353,0.0727701336145401,1.5139801502227783,0.2682056128978729,0.022764
270,49570.0,49864.0,0.9941039627787582,6.0,0.006,2.0,0.002,4.0,0.004,83.0,41270.0,575.0,325.0,0.0,41270.0,412.70000000000033,100.0,1000,2,998,0.18529833294451237,917,0,1,0,0,0,1,0,0,1,1,0,1,8,3,12,55,0.4318408966064453,-0.1022707000374794,1.0814000368118286,0.28976672887802124,0.022737
271,49412.0,49800.0,0.9922088353413655,7.0,0.007,1.0,0.001,6.0,0.006,90.0,40412.0,393.9001480554085,506.09985194459125,0.0,40412.0,404.1200000000003,100.0,1000,1,999,0.18846020905766636,910,2,0,0,0,0,1,0,0,4,0,2,0,8,2,26,45,0.6479697227478027,0.017453160136938095,1.2747704982757568,0.30245208740234375,0.022709999999999998
272,49412.0,50091.0,0.9864446706993272,12.0,0.012,2.0,0.002,10.0,0.01,85.0,40912.0,701.99853515625,198.00146484375,0.0,40912.0,409.1200000000001,100.0,1000,2,998,0.19237787497695535,915,1,0,0,1,0,3,0,0,0,1,1,2,3,3,11,59,1.0595965385437012,0.03447544574737549,2.0631139278411865,0.28372952342033386,0.022683
273,50003.0,51084.0,0.9788387753504033,11.0,0.011,0.0,0.0,11.0,0.011,86.0,41403.0,697.0,203.0,0.0,41403.0,414.0299999999991,100.0,1000,0,1000,0.18762766709551215,914,0,0,0,0,0,0,0,1,2,0,2,2,13,1,9,56,1.0663175582885742,-0.05319856479763985,2.2507951259613037,0.25959718227386475,0.022656
274,49622.0,50466.0,0.9832758689018349,7.0,0.007,2.0,0.002,5.0,0.005,87.0,40922.0,89.33023071289062,55.79691135883331,754.8728579282761,40922.0,409.2199999999993,100.0,1000,2,998,0.18666833301540464,913,0,0,0,1,0,0,0,0,0,0,1,0,7,0,12,66,1.0140533447265625,0.0027811115141958,2.0344371795654297,0.26277607679367065,0.022628999999999996
275,49822.0,51224.0,0.9726300171794471,14.0,0.014,7.0,0.007,7.0,0.007,86.0,41222.0,345.9375,207.88671875,346.17578125,41222.0,412.2200000000005,100.0,1000,7,993,0.18584325001575053,914,1,0,0,0,0,0,1,0,4,0,2,0,8,4,10,56,0.351652592420578,-0.08721690624952316,0.8903680443763733,0.2793785035610199,0.022601999999999997
276,50494.0,50936.0,0.9913224438511072,8.0,0.008,2.0,0.002,6.0,0.006,83.0,42194.0,306.0,99.3515625,494.6484375,42194.0,421.9400000000003,100.0,1000,2,998,0.18544383300468326,917,0,1,0,0,0,1,0,0,1,0,0,0,6,0,7,67,1.249566674232483,0.025580568239092827,2.4597606658935547,0.2610926330089569,0.022574999999999998
277,50049.0,50526.0,0.990559315995725,7.0,0.007,1.0,0.001,6.0,0.006,87.0,41349.0,672.0625,227.9375,0.0,41349.0,413.48999999999967,100.0,1000,1,999,0.18670045805629343,913,0,0,0,0,0,1,0,0,4,0,0,1,6,3,11,61,0.7954939007759094,-0.003217458724975586,1.6083818674087524,0.2430177927017212,0.022548
278,48744.0,49282.0,0.9890832352583093,7.0,0.007,1.0,0.001,6.0,0.006,85.0,40244.0,627.5,272.5,0.0,40244.0,402.4399999999999,100.0,1000,1,999,0.18547208397649229,915,1,0,0,0,0,1,0,0,1,1,1,0,7,2,9,62,1.1407076120376587,0.04052579030394554,2.2119641304016113,0.25754716992378235,0.022521
279,48322.0,48961.0,0.9869487959804742,11.0,0.011,2.0,0.002,9.0,0.009,88.0,39522.0,617.7231198847294,282.2768801152706,0.0,39522.0,395.22000000000025,100.0,1000,2,998,0.18748054199386388,912,1,0,1,0,0,2,0,0,5,1,0,3,5,3,19,48,0.2901957035064697,-0.026697861030697823,0.6478803753852844,0.313266396522522,0.022494
280,50285.0,50953.0,0.9868898789080133,8.0,0.008,0.0,0.0,8.0,0.008,88.0,41485.0,794.4375,105.5625,0.0,41485.0,414.85000000000036,100.0,1000,0,1000,0.18540983402635902,912,0,0,0,0,0,0,1,0,3,1,0,0,3,1,18,61,0.7092838287353516,-0.04324635863304138,1.5172959566116333,0.2723022699356079,0.022466999999999997
281,49728.0,50275.0,0.9891198408751865,4.0,0.004,0.0,0.0,4.0,0.004,87.0,41028.0,390.99755859375,509.00244140625,0.0,41028.0,410.2799999999997,100.0,1000,0,1000,0.1858903329120949,913,0,0,0,0,0,1,0,0,1,0,0,2,8,3,10,62,1.2393999099731445,0.04680893197655678,2.3962652683258057,0.24695666134357452,0.022439999999999998
282,50115.0,50458.0,0.9932022672321534,6.0,0.006,4.0,0.004,2.0,0.002,86.0,41515.0,497.0,403.0,0.0,41515.0,415.1500000000007,100.0,1000,4,996,0.18620841694064438,914,1,0,0,0,0,0,0,0,2,0,0,1,4,2,8,68,0.44369587302207947,-0.056254252791404724,1.011629343032837,0.26165708899497986,0.022413
283,50844.0,51447.0,0.98827919995335,9.0,0.009,3.0,0.003,6.0,0.006,86.0,42244.0,651.9408340454102,248.05916595458984,0.0,42244.0,422.4400000000005,100.0,1000,3,997,0.18521416606381536,914,0,0,0,0,0,0,0,0,2,1,1,1,3,3,14,61,0.17398187518119812,-0.09542309492826462,0.5514814257621765,0.2830219268798828,0.022386
284,50232.0,50549.0,0.9937288571485093,6.0,0.006,3.0,0.003,3.0,0.003,93.0,40932.0,625.484375,30.0,244.515625,40932.0,409.3200000000001,100.0,1000,3,997,0.18532429193146527,907,0,0,0,0,0,0,0,0,4,0,0,0,4,3,16,66,1.9117928743362427,0.12519970536231995,3.584409475326538,0.2509734332561493,0.022359
285,49133.0,49693.0,0.9887308071559374,4.0,0.004,1.0,0.001,3.0,0.003,87.0,40433.0,422.625,477.375,0.0,40433.0,404.3300000000006,100.0,1000,1,999,0.18565854197368026,913,0,0,0,0,0,0,0,0,2,1,1,2,1,3,15,62,1.1987888813018799,0.0969095379114151,2.2172093391418457,0.3011499047279358,0.022331999999999998
286,49770.0,49912.0,0.9971549927873057,2.0,0.002,2.0,0.002,0.0,0.0,88.0,40970.0,548.0,352.0,0.0,40970.0,409.69999999999965,100.0,1000,2,998,0.18597820808645338,912,0,0,0,0,0,0,0,0,0,3,0,1,5,1,13,65,0.8797343969345093,0.007930881343781948,1.7578107118606567,0.3183968663215637,0.022305
287,50040.0,50462.0,0.9916372716103207,8.0,0.008,3.0,0.003,5.0,0.005,94.0,40640.0,597.7980651855469,38.57512092590332,263.6268138885498,40640.0,406.40000000000055,100.0,1000,3,997,0.18523062497843057,906,0,1,0,0,0,0,1,0,3,0,1,1,3,1,27,56,0.47212526202201843,-0.07786232978105545,1.1142231225967407,0.31977608799934387,0.022278
288,49718.0,49899.0,0.9963726727990541,3.0,0.003,2.0,0.002,1.0,0.001,92.0,40518.0,425.0,475.0,0.0,40518.0,405.18000000000023,100.0,1000,2,998,0.1852228749776259,908,1,0,0,1,0,1,0,0,2,0,2,1,3,0,17,64,0.416097491979599,-0.04743385314941406,0.9394673705101013,0.2787439525127411,0.022251
289,49353.0,49551.0,0.9960041169703941,3.0,0.003,1.0,0.001,2.0,0.002,87.0,40653.0,733.4609375,166.5390625,0.0,40653.0,406.52999999999946,100.0,1000,1,999,0.18513329094275832,913,0,0,0,0,0,1,0,1,0,0,0,1,2,2,7,73,1.1725304126739502,-6.854534149169922e-05,2.3565797805786133,0.25606948137283325,0.022224
290,49859.0,49969.0,0.9977986351537953,2.0,0.002,1.0,0.001,1.0,0.001,89.0,40959.0,235.0,208.25,456.75,40959.0,409.58999999999975,100.0,1000,1,999,0.18564779090229422,911,0,0,1,0,0,0,0,0,1,0,0,2,2,0,12,71,0.541153073310852,-0.0043167490512132645,1.104904055595398,0.3145558536052704,0.022197
291,50231.0,50454.0,0.9955801323978277,4.0,0.004,1.0,0.001,3.0,0.003,93.0,40931.0,490.8125,409.1875,0.0,40931.0,409.31000000000046,100.0,1000,1,999,0.1857911249389872,907,0,0,0,0,0,3,1,0,3,0,0,1,4,0,18,63,0.5987284183502197,-0.010321802459657192,1.2331825494766235,0.3401464819908142,0.02217
292,48889.0,49091.0,0.9958851928051985,5.0,0.005,3.0,0.003,2.0,0.002,92.0,39689.0,481.2755126953125,57.247488498687744,361.47699880599976,39689.0,396.89000000000016,100.0,1000,3,997,0.1854673749767244,908,0,0,0,0,0,0,0,0,6,0,1,0,5,1,22,57,0.9469708204269409,-0.049168266355991364,2.004331350326538,0.2721670866012573,0.022143
293,50044.0,50970.0,0.9818324504610555,10.0,0.01,3.0,0.003,7.0,0.007,91.0,40944.0,424.0,476.0,0.0,40944.0,409.44,100.0,1000,3,997,0.18528937501832843,909,0,0,0,0,0,0,0,0,2,0,0,2,4,1,21,61,0.9987982511520386,-0.07125043123960495,2.1525914669036865,0.2824658751487732,0.022116
294,49122.0,50130.0,0.9798922800718133,10.0,0.01,3.0,0.003,7.0,0.007,88.0,40322.0,663.98828125,236.01171875,0.0,40322.0,403.2200000000004,100.0,1000,3,997,0.1860273750498891,912,2,0,0,0,0,0,0,0,2,0,1,1,2,1,12,67,0.8505083322525024,0.0021471104118973017,1.7082629203796387,0.261229008436203,0.022088999999999998
295,49378.0,50273.0,0.982197203270145,12.0,0.012,6.0,0.006,6.0,0.006,88.0,40578.0,590.0,310.0,0.0,40578.0,405.78,100.0,1000,6,994,0.1858897500205785,912,0,0,0,0,0,0,0,0,2,0,0,1,5,1,23,56,1.1059038639068604,0.03251606598496437,2.161297082901001,0.3291107714176178,0.022062
296,49644.0,49844.0,0.9959874809405345,4.0,0.004,3.0,0.003,1.0,0.001,96.0,40044.0,663.443359375,236.556640625,0.0,40044.0,400.43999999999994,100.0,1000,3,997,0.18581708299461752,904,0,1,0,0,0,1,0,0,1,0,0,4,8,1,19,61,1.2834216356277466,0.09633252024650574,2.3856496810913086,0.2603009045124054,0.022035
297,49629.0,49913.0,0.9943100995732574,6.0,0.006,4.0,0.004,2.0,0.002,97.0,39929.0,261.0,119.8125,519.1875,39929.0,399.29,100.0,1000,4,996,0.1858911250019446,903,0,0,0,0,0,1,0,0,0,0,1,2,4,2,20,67,0.9019022583961487,0.03193357214331627,1.7515257596969604,0.263275682926178,0.022008
298,49367.0,49609.0,0.9951218528895966,4.0,0.004,2.0,0.002,2.0,0.002,89.0,40467.0,212.43017578125,87.0,600.56982421875,40467.0,404.6699999999991,100.0,1000,2,998,0.1857243749545887,911,0,0,0,0,0,0,0,0,0,0,0,1,6,4,20,58,0.158853679895401,-0.10865072906017303,0.5473536849021912,0.2808077037334442,0.021981
299,49231.0,49629.0,0.99198049527494,7.0,0.007,6.0,0.006,1.0,0.001,94.0,39831.0,786.0,38.0625,75.9375,39831.0,398.3099999999995,100.0,1000,6,994,0.18526145804207772,906,0,0,0,0,0,1,0,0,2,1,4,3,9,2,16,56,0.801560640335083,-0.0036501693539321423,1.6229867935180664,0.2861703634262085,0.021954
300,48698.0,48893.0,0.9960116990162191,3.0,0.003,2.0,0.002,1.0,0.001,92.0,39498.0,609.0,291.0,0.0,39498.0,394.9799999999998,100.0,1000,2,998,0.18523383303545415,908,0,1,0,0,0,2,0,0,5,0,1,0,1,1,20,61,0.7780795693397522,0.03100893460214138,1.5067822933197021,0.2882540822029114,0.021927
301,48342.0,48393.0,0.9989461285723141,2.0,0.002,2.0,0.002,0.0,0.0,94.0,38942.0,789.0,111.0,0.0,38942.0,389.4200000000002,100.0,1000,2,998,0.19030445895623416,906,1,0,0,0,0,1,0,1,5,2,0,4,5,1,13,61,1.2849531173706055,0.05111376568675041,2.481076717376709,0.3058873414993286,0.0219
302,49421.0,49695.0,0.9944863668377101,5.0,0.005,2.0,0.002,3.0,0.003,94.0,40021.0,305.3440856933594,103.0,491.6559143066406,40021.0,400.21000000000055,100.0,1000,2,998,0.18965516705065966,906,1,0,0,0,0,2,1,0,0,1,0,1,3,1,20,64,0.45550721883773804,-0.06664819270372391,1.0572818517684937,0.2965075671672821,0.021873
303,49254.0,49354.0,0.9979738217773635,2.0,0.002,1.0,0.001,1.0,0.001,88.0,40454.0,504.18609619140625,395.81390380859375,0.0,40454.0,404.54,100.0,1000,1,999,0.1912139590131119,912,0,0,0,0,0,0,0,0,2,0,0,1,3,5,24,53,0.567142903804779,0.008818229660391808,1.1301727294921875,0.30951544642448425,0.021845999999999997
304,51936.0,52580.0,0.9877519969570179,6.0,0.006,1.0,0.001,5.0,0.005,89.0,43036.0,424.0947265625,96.30657958984375,379.59869384765625,43036.0,430.3600000000006,100.0,1000,1,999,0.19219970901031047,911,1,0,0,0,0,0,0,0,2,0,2,2,5,1,21,55,0.6472516655921936,-0.07439939677715302,1.4556339979171753,0.28259414434432983,0.021818999999999998
305,49318.0,49663.0,0.9930531784225681,6.0,0.006,3.0,0.003,3.0,0.003,88.0,40518.0,592.3397827148438,307.66021728515625,0.0,40518.0,405.17999999999984,100.0,1000,3,997,0.1888549589784816,912,0,0,0,0,0,1,0,0,0,1,3,3,5,1,14,60,0.486562579870224,-0.014117487706243992,1.013245940208435,0.27271005511283875,0.021792
306,51238.0,51717.0,0.9907380551849488,8.0,0.008,5.0,0.005,3.0,0.003,94.0,41838.0,602.5625,297.4375,0.0,41838.0,418.37999999999914,100.0,1000,5,995,0.1896700409706682,906,1,0,0,0,0,0,0,0,4,1,0,1,4,3,18,62,0.2921838164329529,-0.06925167888402939,0.7338646054267883,0.2525520622730255,0.021765
307,50035.0,50261.0,0.9955034718768031,5.0,0.005,1.0,0.001,4.0,0.004,86.0,41435.0,515.0,385.0,0.0,41435.0,414.3499999999999,100.0,1000,1,999,0.18867729208432138,914,0,0,0,1,0,2,0,0,1,0,0,1,2,1,10,68,0.4499559700489044,-0.02651861682534218,0.9639385938644409,0.25276970863342285,0.021738
308,47819.0,48342.0,0.9891812502585743,9.0,0.009,6.0,0.006,3.0,0.003,84.0,39419.0,574.6496124267578,325.3503875732422,0.0,39419.0,394.18999999999903,100.0,1000,6,994,0.18800670793280005,916,1,0,0,0,0,0,0,0,0,0,0,0,4,1,14,64,0.3987369239330292,-0.05408905819058418,0.9161858558654785,0.24259275197982788,0.021711
309,49816.0,50270.0,0.9909687686492938,6.0,0.006,0.0,0.0,6.0,0.006,85.0,41316.0,675.2546917013824,224.7453082986176,0.0,41316.0,413.15999999999957,100.0,1000,0,1000,0.1914875420043245,915,0,0,0,0,0,1,1,0,0,0,1,1,3,3,16,59,0.555645227432251,-0.004086033906787634,1.1309419870376587,0.26469898223876953,0.021684
310,49889.0,50829.0,0.9815066202364792,11.0,0.011,2.0,0.002,9.0,0.009,85.0,41389.0,585.0,315.0,0.0,41389.0,413.8899999999994,100.0,1000,2,998,0.1911946670152247,915,0,0,0,1,0,0,0,0,0,0,1,1,3,4,9,66,1.2566348314285278,0.03021969646215439,2.4633257389068604,0.24230891466140747,0.021657
311,48108.0,48696.0,0.9879250862493839,11.0,0.011,2.0,0.002,9.0,0.009,85.0,39608.0,25.0,68.0,807.0,39608.0,396.0799999999999,100.0,1000,2,998,0.19224991707596928,915,0,0,1,0,0,0,0,1,0,0,0,0,4,3,9,67,0.6320505142211914,-0.03913925588130951,1.3526936769485474,0.23842233419418335,0.021629999999999996
312,49359.0,49860.0,0.9899518652226234,6.0,0.006,0.0,0.0,6.0,0.006,89.0,40459.0,591.0,309.0,0.0,40459.0,404.5900000000002,100.0,1000,0,1000,0.18823849991895258,911,0,0,0,0,0,0,0,1,2,0,1,2,4,3,17,59,1.0662827491760254,0.07277446985244751,1.9963961839675903,0.21709269285202026,0.021602999999999997
313,50334.0,50667.0,0.9934276748179288,4.0,0.004,1.0,0.001,3.0,0.003,92.0,41134.0,735.57421875,164.42578125,0.0,41134.0,411.3399999999999,100.0,1000,1,999,0.33837449993006885,908,0,0,0,0,0,1,0,1,2,0,1,6,3,3,17,58,0.6822277307510376,0.027023689821362495,1.3203758001327515,0.23098962008953094,0.021575999999999998
314,50635.0,51179.0,0.9893706403016862,7.0,0.007,3.0,0.003,4.0,0.004,85.0,42135.0,503.515625,396.484375,0.0,42135.0,421.3499999999992,100.0,1000,3,997,0.19322774989996105,915,2,0,0,0,0,0,1,0,1,0,1,0,2,1,15,62,0.25529012084007263,-0.04076620936393738,0.6031139492988586,0.25526198744773865,0.021549
315,48750.0,49018.0,0.994532620669958,3.0,0.003,1.0,0.001,2.0,0.002,89.0,39850.0,589.8731065802276,19.382930838735774,290.7439625810366,39850.0,398.49999999999983,100.0,1000,1,999,0.19276350003201514,911,3,0,1,0,0,1,0,0,1,1,0,1,0,2,28,51,1.2013401985168457,0.09983102977275848,2.2142136096954346,0.2600859999656677,0.021522
316,49444.0,49575.0,0.9973575390821987,2.0,0.002,0.0,0.0,2.0,0.002,85.0,40944.0,763.0,137.0,0.0,40944.0,409.43999999999926,100.0,1000,0,1000,0.19527945900335908,915,0,0,0,0,0,3,0,0,1,0,1,1,0,2,27,50,1.040787935256958,0.09481869637966156,1.9041831493377686,0.284824401140213,0.021495
317,49022.0,49864.0,0.9831140702711375,9.0,0.009,1.0,0.001,8.0,0.008,81.0,40922.0,558.4453125,341.5546875,0.0,40922.0,409.22000000000037,100.0,1000,1,999,0.18677358399145305,919,2,0,0,0,0,1,0,0,1,0,1,0,1,2,18,55,0.6943269371986389,-0.10248304903507233,1.604487419128418,0.2531074583530426,0.021468
318,49891.0,50349.0,0.9909034936145703,6.0,0.006,1.0,0.001,5.0,0.005,89.0,40991.0,339.33837890625,560.66162109375,0.0,40991.0,409.91000000000014,100.0,1000,1,999,0.24282154103275388,911,0,1,0,0,0,0,0,1,4,0,1,1,1,2,23,55,0.6541474461555481,0.035625580698251724,1.2482167482376099,0.2605511248111725,0.021440999999999998
319,47927.0,48681.0,0.984511411022781,11.0,0.011,2.0,0.002,9.0,0.009,87.0,39227.0,523.65625,32.0,344.34375,39227.0,392.2700000000003,100.0,1000,2,998,0.20892583404202014,913,2,0,0,0,1,1,0,0,1,1,1,6,1,2,14,57,0.72529137134552,0.04483295977115631,1.3725104331970215,0.27070143818855286,0.021414
320,50695.0,51871.0,0.9773283723082262,16.0,0.016,0.0,0.0,16.0,0.016,85.0,42195.0,661.34765625,144.290771484375,94.361572265625,42195.0,421.95000000000005,100.0,1000,0,1000,0.18781370902433991,915,3,0,0,1,0,0,0,0,1,1,0,3,1,1,20,54,0.2647958993911743,-0.10960061848163605,0.7619837522506714,0.3083820343017578,0.021386999999999996
321,49680.0,50353.0,0.9866343614084563,12.0,0.012,1.0,0.001,11.0,0.011,82.0,41480.0,205.0,100.0,595.0,41480.0,414.79999999999956,100.0,1000,1,999,0.1898959589889273,918,0,0,0,1,0,0,0,1,0,0,1,4,1,0,26,48,0.19212661683559418,-0.052176691591739655,0.498078316450119,0.22171548008918762,0.021359999999999997
322,50243.0,51079.0,0.9836331956381291,11.0,0.011,2.0,0.002,9.0,0.009,84.0,41843.0,546.0,354.0,0.0,41843.0,418.42999999999967,100.0,1000,2,998,0.18633720802608877,916,1,0,1,0,0,0,0,0,1,0,0,5,1,1,30,44,0.40041178464889526,-0.10771220177412033,1.0279892683029175,0.2751906216144562,0.021332999999999998
323,50005.0,51041.0,0.9797025920338551,16.0,0.016,6.0,0.006,10.0,0.01,84.0,41605.0,472.8621368408203,427.1378631591797,0.0,41605.0,416.0499999999997,100.0,1000,6,994,0.18765874998643994,916,0,0,0,0,0,1,0,1,0,0,2,5,2,0,22,51,1.2573273181915283,0.09972438961267471,2.329575538635254,0.33721989393234253,0.021306
324,47087.0,48306.0,0.9747650395396017,22.0,0.022,2.0,0.002,20.0,0.02,81.0,38987.0,442.0,25.5625,432.4375,38987.0,389.8700000000001,100.0,1000,2,998,0.21527670905925333,919,2,1,0,0,0,1,0,1,0,0,0,3,4,0,18,51,1.2270864248275757,0.06851673126220703,2.328547477722168,0.268059104681015,0.021279
325,49833.0,50171.0,0.9932630404018258,6.0,0.006,1.0,0.001,5.0,0.005,85.0,41333.0,646.0,254.0,0.0,41333.0,413.3299999999997,100.0,1000,1,999,0.1861820830963552,915,1,1,0,0,0,0,0,0,0,0,0,2,6,1,19,55,0.2674661874771118,-0.06465086340904236,0.6764190196990967,0.286676824092865,0.021252
326,48703.0,49495.0,0.9839983836751187,14.0,0.014,2.0,0.002,12.0,0.012,85.0,40203.0,605.1484375,294.8515625,0.0,40203.0,402.02999999999986,100.0,1000,2,998,0.18729266698937863,915,1,0,0,0,0,0,0,0,2,0,0,5,5,2,23,47,1.0896797180175781,0.08830782771110535,2.0136992931365967,0.2580798268318176,0.021225
327,47830.0,49611.0,0.9641007034730201,15.0,0.015,1.0,0.001,14.0,0.014,84.0,39430.0,774.3249544501305,125.67504554986954,0.0,39430.0,394.2999999999996,100.0,1000,1,999,0.1869256249628961,916,2,0,0,0,0,0,0,0,2,0,0,3,8,3,19,47,0.6266710758209229,-0.09346342831850052,1.4502501487731934,0.23542700707912445,0.021197999999999998
328,49179.0,50175.0,0.9801494768310912,19.0,0.019,5.0,0.005,14.0,0.014,81.0,41079.0,709.0,191.0,0.0,41079.0,410.78999999999974,100.0,1000,5,995,0.18765404203440994,919,3,0,0,0,0,0,0,0,0,1,0,3,3,0,11,60,0.24160435795783997,-0.08275953680276871,0.6607693433761597,0.28438857197761536,0.021171
329,49624.0,50551.0,0.9816620838361259,16.0,0.016,4.0,0.004,12.0,0.012,80.0,41624.0,457.0,443.0,0.0,41624.0,416.2399999999996,100.0,1000,4,996,0.18634270899929106,920,0,0,0,0,0,0,2,0,0,0,0,4,3,3,12,56,0.5137991905212402,-0.02065558359026909,1.0793222188949585,0.24623331427574158,0.021143999999999996
330,48910.0,49740.0,0.9833132287897065,12.0,0.012,2.0,0.002,10.0,0.01,81.0,40810.0,561.0744781494141,338.92552185058594,0.0,40810.0,408.1000000000002,100.0,1000,2,998,0.1861141660483554,919,1,0,0,0,0,0,0,0,0,1,0,3,2,2,18,54,0.41306352615356445,-0.11692943423986435,1.0705033540725708,0.24902741611003876,0.021116999999999997
331,47862.0,49099.0,0.9748060041956048,20.0,0.02,6.0,0.006,14.0,0.014,78.0,40062.0,484.25,0.0,415.75,40062.0,400.62000000000063,100.0,1000,6,994,0.18626266601495445,922,1,0,0,0,0,0,0,0,0,0,0,2,2,1,13,59,0.510388195514679,-0.04263080283999443,1.118455410003662,0.29439133405685425,0.021089999999999998
332,49178.0,49804.0,0.9874307284555457,11.0,0.011,4.0,0.004,7.0,0.007,82.0,40978.0,715.6008148193359,184.39918518066406,0.0,40978.0,409.78000000000003,100.0,1000,4,996,0.18648999999277294,918,0,0,0,0,1,0,0,0,0,0,0,1,2,1,14,63,1.5614783763885498,0.1500408947467804,2.8359479904174805,0.31033068895339966,0.021063
333,48733.0,49426.0,0.9859790393719905,10.0,0.01,1.0,0.001,9.0,0.009,91.0,39633.0,507.85358220059425,23.14139166793393,369.0050261314718,39633.0,396.3299999999998,100.0,1000,1,999,0.18933770793955773,909,3,0,3,1,0,1,0,0,2,1,1,1,2,5,12,59,1.263329267501831,0.037956658750772476,2.4635825157165527,0.3051319718360901,0.021036
334,49791.0,50334.0,0.9892120634163786,9.0,0.009,1.0,0.001,8.0,0.008,82.0,41591.0,648.25,56.84375,194.90625,41591.0,415.9100000000001,100.0,1000,1,999,0.18712116603273898,918,0,1,0,0,0,0,0,0,1,0,0,2,10,1,9,58,0.6544579863548279,0.004328783135861158,1.310970664024353,0.2549440562725067,0.021009
335,51919.0,53527.0,0.969959086068713,22.0,0.022,3.0,0.003,19.0,0.019,83.0,43619.0,535.0,0.0,365.0,43619.0,436.189999999999,100.0,1000,3,997,0.18742433399893343,917,0,0,1,0,0,0,0,0,1,1,0,3,8,2,6,61,0.7982860803604126,0.0304189994931221,1.5477321147918701,0.2859109938144684,0.020982
336,49287.0,49784.0,0.9900168728908887,9.0,0.009,3.0,0.003,6.0,0.006,84.0,40887.0,596.4609375,303.5390625,0.0,40887.0,408.86999999999927,100.0,1000,3,997,0.1865725830430165,916,0,0,0,2,0,0,0,0,2,0,1,2,9,1,8,59,0.3372207283973694,-0.018058205023407936,0.7203738689422607,0.23421655595302582,0.020954999999999998
337,50140.0,50354.0,0.9957500893672797,4.0,0.004,3.0,0.003,1.0,0.001,85.0,41640.0,364.0,141.3125,394.6875,41640.0,416.40000000000026,100.0,1000,3,997,0.18709837505593896,915,0,2,0,1,0,0,0,0,0,0,0,1,5,0,10,66,0.6499790549278259,-0.011968168430030346,1.3337655067443848,0.23583351075649261,0.020928
338,50004.0,50359.0,0.9929506145872634,7.0,0.007,2.0,0.002,5.0,0.005,83.0,41704.0,720.6796875,179.3203125,0.0,41704.0,417.0399999999998,100.0,1000,2,998,0.18650529196020216,917,0,0,1,0,0,0,0,0,0,0,0,3,5,4,9,61,0.4669337570667267,-0.06630127876996994,1.0779929161071777,0.2756524384021759,0.020900999999999996
339,49640.0,49922.0,0.9943511878530508,5.0,0.005,4.0,0.004,1.0,0.001,89.0,40740.0,740.2410039901733,159.75899600982666,0.0,40740.0,407.39999999999986,100.0,1000,4,996,0.19161662505939603,911,1,0,0,1,0,1,0,0,2,0,0,7,12,2,8,55,0.6612924933433533,0.02815536968410015,1.2756739854812622,0.22515618801116943,0.020873999999999997
340,51117.0,52308.0,0.9772310162881395,14.0,0.014,2.0,0.002,12.0,0.012,84.0,42717.0,252.0,120.0,528.0,42717.0,427.1700000000001,100.0,1000,2,998,0.19036329095251858,916,0,0,0,0,0,0,0,0,1,0,0,1,6,1,9,66,0.7489005923271179,0.012923439964652061,1.482545018196106,0.25401073694229126,0.020846999999999997
341,48905.0,50652.0,0.9655097528231856,20.0,0.02,4.0,0.004,16.0,0.016,85.0,40405.0,530.8754947185516,75.01556316018105,294.1089421212673,40405.0,404.0500000000002,100.0,1000,4,996,0.1879062500083819,915,1,1,0,2,0,0,1,0,1,0,0,2,14,2,5,56,1.4933286905288696,0.04395448416471481,2.910487651824951,0.28192049264907837,0.020819999999999998
342,48058.0,48921.0,0.9823593139960344,11.0,0.011,3.0,0.003,8.0,0.008,80.0,40058.0,329.739013671875,570.260986328125,0.0,40058.0,400.5800000000006,100.0,1000,3,997,0.18799329199828207,920,0,2,0,0,0,0,0,1,3,0,0,2,7,3,9,53,0.3737441897392273,-0.033453334122896194,0.8261337876319885,0.28227537870407104,0.020793
343,49291.0,49788.0,0.9900176749417531,9.0,0.009,4.0,0.004,5.0,0.005,82.0,41091.0,631.8046875,268.1953125,0.0,41091.0,410.9099999999993,100.0,1000,4,996,0.1860363750020042,918,0,0,0,1,0,0,0,0,0,0,1,3,13,0,9,55,0.8921040892601013,0.023665213957428932,1.7476564645767212,0.2595260739326477,0.020766
344,49747.0,50125.0,0.9924588528678304,8.0,0.008,2.0,0.002,6.0,0.006,84.0,41347.0,488.0,412.0,0.0,41347.0,413.4699999999996,100.0,1000,2,998,0.19355037505738437,916,2,0,0,0,0,1,0,0,2,0,0,1,7,0,10,61,0.4745326042175293,-0.018974971026182175,0.9971728324890137,0.24489334225654602,0.020739
345,49448.0,50087.0,0.9872421985744804,10.0,0.01,4.0,0.004,6.0,0.006,83.0,41148.0,628.375,102.9296875,168.6953125,41148.0,411.47999999999985,100.0,1000,4,996,0.20094012503977865,917,0,1,0,0,0,0,1,1,0,0,0,0,12,2,8,58,0.2552817463874817,-0.04676046222448349,0.6145212054252625,0.25195008516311646,0.020712
346,48999.0,49588.0,0.988122126320884,11.0,0.011,3.0,0.003,8.0,0.008,85.0,40499.0,591.4375,308.5625,0.0,40499.0,404.9899999999996,100.0,1000,3,997,0.19397612498141825,915,0,0,0,0,0,0,0,0,2,0,0,2,7,0,13,61,0.921209990978241,-0.004540842026472092,1.861261248588562,0.23590883612632751,0.020685000000000002
347,49476.0,49659.0,0.9963148673956382,3.0,0.003,1.0,0.001,2.0,0.002,83.0,41176.0,384.0,32.25,483.75,41176.0,411.7600000000006,100.0,1000,1,999,0.1898188330233097,917,1,1,0,0,0,0,0,0,1,0,0,2,5,0,9,64,0.23750604689121246,-0.07877762615680695,0.6424895524978638,0.24015404284000397,0.020658
348,49981.0,50175.0,0.9961335326357748,5.0,0.005,2.0,0.002,3.0,0.003,87.0,41281.0,429.93817138671875,88.13659286499023,381.925235748291,41281.0,412.81000000000006,100.0,1000,2,998,0.18791199999395758,913,0,0,0,1,0,0,1,0,0,0,0,0,12,2,5,66,0.6151606440544128,0.0034154572058469057,1.233563780784607,0.2441326528787613,0.020631
349,50368.0,50930.0,0.9889652464166503,7.0,0.007,2.0,0.002,5.0,0.005,91.0,41268.0,393.8125,96.32421875,409.86328125,41268.0,412.6800000000002,100.0,1000,2,998,0.18615395901724696,909,0,2,1,0,1,0,0,0,3,2,0,3,1,1,3,74,0.37264764308929443,-0.03810039162635803,0.8310487866401672,0.23181724548339844,0.020603999999999997
350,49560.0,51026.0,0.9712695488574452,10.0,0.01,1.0,0.001,9.0,0.009,82.0,41360.0,391.0,107.75,401.25,41360.0,413.5999999999995,100.0,1000,1,999,0.18677116697654128,918,0,0,0,0,0,0,0,0,1,0,1,1,6,1,2,70,0.8955144286155701,-0.037365324795246124,1.8760818243026733,0.25082147121429443,0.020576999999999998
351,49257.0,49407.0,0.9969639929564637,4.0,0.004,0.0,0.0,4.0,0.004,81.0,41157.0,625.0,275.0,0.0,41157.0,411.57,100.0,1000,0,1000,0.18650375003926456,919,0,1,0,0,0,0,0,0,0,0,0,3,8,1,4,64,0.6792133450508118,0.051919061690568924,1.2653101682662964,0.2608663737773895,0.02055
352,49373.0,50425.0,0.9791373326722855,13.0,0.013,1.0,0.001,12.0,0.012,81.0,41273.0,718.5,181.5,0.0,41273.0,412.7300000000004,100.0,1000,1,999,0.1880472080083564,919,1,1,0,0,0,0,0,0,1,0,0,2,3,2,2,69,0.4846910238265991,0.024522429332137108,0.9288654923439026,0.20777364075183868,0.020523
353,49289.0,49637.0,0.9929891008723332,7.0,0.007,1.0,0.001,6.0,0.006,78.0,41489.0,392.625,119.0,388.375,41489.0,414.8900000000003,100.0,1000,1,999,0.18818958301562816,922,1,0,1,1,0,0,0,0,0,0,0,1,2,2,2,68,0.5442690253257751,-0.01607319712638855,1.1314674615859985,0.2630532383918762,0.020496
354,49090.0,49974.0,0.9823108016168408,13.0,0.013,5.0,0.005,8.0,0.008,79.0,41190.0,556.4375,274.671875,68.890625,41190.0,411.8999999999997,100.0,1000,5,995,0.18936550000216812,921,0,1,1,1,0,2,0,0,0,0,1,0,3,0,2,68,1.3865569829940796,0.11479122191667557,2.555367946624756,0.2891314923763275,0.020469
355,46907.0,47999.0,0.9772495260317924,17.0,0.017,1.0,0.001,16.0,0.016,85.0,38407.0,552.0,79.875,268.125,38407.0,384.0700000000002,100.0,1000,1,999,0.18930199998430908,915,0,2,0,1,0,0,0,0,4,0,0,4,10,2,4,58,0.941864550113678,0.061845485121011734,1.7698067426681519,0.23893390595912933,0.020442000000000002
356,50906.0,51631.0,0.9859580484592589,11.0,0.011,1.0,0.001,10.0,0.01,85.0,42406.0,281.0,0.0,619.0,42406.0,424.06,100.0,1000,1,999,0.18799766700249165,915,0,0,1,1,0,0,0,0,1,0,1,0,2,8,6,65,0.5153251886367798,0.015444399788975716,1.0101099014282227,0.25344979763031006,0.020415
357,48724.0,49042.0,0.9935157619999184,7.0,0.007,3.0,0.003,4.0,0.004,89.0,39824.0,487.86712646484375,412.13287353515625,0.0,39824.0,398.23999999999984,100.0,1000,3,997,0.18715037498623133,911,1,3,0,2,0,0,0,0,0,1,0,4,7,3,3,65,0.4129332900047302,-0.0075258840806782246,0.8504583239555359,0.23396040499210358,0.020388
358,49941.0,50233.0,0.9941870881691318,5.0,0.005,2.0,0.002,3.0,0.003,85.0,41441.0,460.3805465698242,0.0,439.6194534301758,41441.0,414.41,100.0,1000,2,998,0.19024683302268386,915,0,0,0,0,0,0,0,0,0,1,1,2,7,2,2,70,0.6025387644767761,0.036825500428676605,1.1416375637054443,0.25074875354766846,0.020360999999999997
359,48850.0,49259.0,0.9916969487809334,6.0,0.006,2.0,0.002,4.0,0.004,84.0,40450.0,547.21630859375,66.14694213867188,286.6367492675781,40450.0,404.4999999999989,100.0,1000,2,998,0.18941012502182275,916,0,0,0,0,0,0,0,0,1,0,0,1,8,5,4,65,0.41883283853530884,-0.06689636409282684,0.9801954030990601,0.21483708918094635,0.020333999999999998
360,49631.0,50191.0,0.9888426211870655,11.0,0.011,4.0,0.004,7.0,0.007,81.0,41531.0,542.1893615722656,89.4526596069336,268.3579788208008,41531.0,415.3100000000005,100.0,1000,4,996,0.19025512505322695,919,0,0,1,0,0,0,0,0,2,0,0,4,6,1,3,64,0.636368989944458,-0.03008611500263214,1.3424466848373413,0.23480860888957977,0.020307
361,49560.0,50441.0,0.9825340496818065,15.0,0.015,8.0,0.008,7.0,0.007,82.0,41360.0,372.5,98.90625,428.59375,41360.0,413.5999999999989,100.0,1000,8,992,0.18589095794595778,918,0,0,0,2,0,0,0,0,1,0,0,0,4,2,3,70,0.5261821746826172,-0.07103652507066727,1.2034993171691895,0.2234218418598175,0.02028
362,50526.0,50828.0,0.9940583930117258,5.0,0.005,0.0,0.0,5.0,0.005,83.0,42226.0,458.4375,441.5625,0.0,42226.0,422.2599999999999,100.0,1000,0,1000,0.18750791705679148,917,1,3,0,3,0,0,0,0,1,0,0,2,2,2,6,63,0.8780414462089539,0.09061896055936813,1.5840922594070435,0.22829468548297882,0.020253
363,49605.0,49936.0,0.9933715155398911,7.0,0.007,2.0,0.002,5.0,0.005,80.0,41605.0,728.0,172.0,0.0,41605.0,416.04999999999995,100.0,1000,2,998,0.1876102500827983,920,0,1,0,0,0,0,0,0,2,1,0,2,1,2,2,69,0.6918535232543945,-0.0013562070671468973,1.3947193622589111,0.20518000423908234,0.020226
364,48097.0,48442.0,0.9928780810040874,6.0,0.006,1.0,0.001,5.0,0.005,78.0,40297.0,754.565185546875,145.434814453125,0.0,40297.0,402.9700000000003,100.0,1000,1,999,0.18746504199225456,922,0,0,0,2,0,0,0,0,0,0,0,2,4,5,4,61,0.31188055872917175,-0.08850517123937607,0.8080083131790161,0.17913804948329926,0.020199
365,49031.0,49886.0,0.9828609229042217,8.0,0.008,1.0,0.001,7.0,0.007,82.0,40831.0,726.998779296875,173.001220703125,0.0,40831.0,408.3100000000005,100.0,1000,1,999,0.19068283401429653,918,0,3,0,0,0,0,0,0,0,0,0,3,5,4,5,62,0.8331835865974426,-0.012885093688964844,1.7004023790359497,0.20486341416835785,0.020172
366,49678.0,49898.0,0.9955910056515291,3.0,0.003,0.0,0.0,3.0,0.003,80.0,41678.0,478.0,422.0,0.0,41678.0,416.7799999999994,100.0,1000,0,1000,0.18724833393935114,920,0,1,0,2,0,1,0,1,2,0,0,1,0,3,4,65,0.7231487035751343,0.025374218821525574,1.405550479888916,0.248238667845726,0.020145
367,50417.0,51067.0,0.9872716235533711,12.0,0.012,0.0,0.0,12.0,0.012,82.0,42217.0,383.0,91.0,426.0,42217.0,422.16999999999996,100.0,1000,0,1000,0.1900670420145616,918,0,2,0,2,0,0,0,0,3,0,0,2,3,0,6,64,0.6002597212791443,-0.02324789948761463,1.256346583366394,0.23191606998443604,0.020117999999999997
368,47758.0,48492.0,0.9848634826363112,10.0,0.01,0.0,0.0,10.0,0.01,78.0,39958.0,423.671875,476.328125,0.0,39958.0,399.5800000000002,100.0,1000,0,1000,0.19143433310091496,922,1,1,0,3,0,0,0,0,0,0,0,0,2,9,2,60,0.8579703569412231,0.03347497433423996,1.6586440801620483,0.24024006724357605,0.020090999999999998
369,49472.0,50103.0,0.9874059437558629,12.0,0.012,1.0,0.001,11.0,0.011,80.0,41472.0,521.125,378.875,0.0,41472.0,414.71999999999997,100.0,1000,1,999,0.1897698329994455,920,1,0,1,0,0,0,0,0,3,0,1,4,3,1,1,65,0.24185895919799805,-0.07595096528530121,0.6472491025924683,0.289803683757782,0.020064
370,50412.0,50710.0,0.9941234470518635,5.0,0.005,0.0,0.0,5.0,0.005,90.0,41412.0,355.00284373760223,68.12464453279972,476.87251172959805,41412.0,414.11999999999904,100.0,1000,0,1000,0.18901070801075548,910,0,0,0,3,0,0,0,0,5,0,1,1,2,7,2,69,0.5523557662963867,-0.012830721214413643,1.14008629322052,0.24238461256027222,0.020037
371,49187.0,49659.0,0.9904951771078757,7.0,0.007,1.0,0.001,6.0,0.006,80.0,41187.0,424.0,133.9375,342.0625,41187.0,411.86999999999995,100.0,1000,1,999,0.1894637910882011,920,0,0,0,1,0,0,0,0,1,0,0,0,7,3,3,65,0.2740790545940399,-0.040494389832019806,0.6392861604690552,0.25335493683815,0.02001
372,49701.0,50282.0,0.9884451692454557,8.0,0.008,2.0,0.002,6.0,0.006,84.0,41301.0,607.0,132.875,160.125,41301.0,413.0099999999993,100.0,1000,2,998,0.18706712499260902,916,0,0,1,4,0,1,0,0,1,1,1,0,3,2,4,66,0.8686805367469788,0.013709857128560543,1.7212334871292114,0.28254181146621704,0.019983
373,49372.0,49950.0,0.9884284284284284,8.0,0.008,2.0,0.002,6.0,0.006,86.0,40772.0,602.7315417528152,297.26845824718475,0.0,40772.0,407.7200000000001,100.0,1000,2,998,0.18628795898985118,914,0,0,0,1,1,0,0,0,3,1,1,1,7,2,6,63,0.7989756464958191,0.03773348778486252,1.53360915184021,0.2787352502346039,0.019956
374,49552.0,49725.0,0.9965208647561589,3.0,0.003,0.0,0.0,3.0,0.003,91.0,40452.0,466.75,16.880859375,416.369140625,40452.0,404.5200000000004,100.0,1000,0,1000,0.19632312504108995,909,0,2,1,0,1,1,1,0,4,0,1,1,7,3,4,65,0.5104559063911438,-0.026887942105531693,1.0848534107208252,0.25504687428474426,0.019929
375,47564.0,47979.0,0.9913503824589924,5.0,0.005,0.0,0.0,5.0,0.005,82.0,39364.0,574.0,81.5,244.5,39364.0,393.6400000000009,100.0,1000,0,1000,0.18619158398360014,918,0,0,1,2,0,0,0,0,3,0,0,1,2,2,4,67,0.45777374505996704,-0.015859894454479218,0.9533191323280334,0.15204116702079773,0.019902
376,49078.0,50331.0,0.975104806183068,17.0,0.017,3.0,0.003,14.0,0.014,80.0,41078.0,645.125,254.875,0.0,41078.0,410.77999999999923,100.0,1000,3,997,0.18881379102822393,920,0,2,0,0,0,1,0,0,4,1,0,0,1,0,1,70,0.9723301529884338,0.02444828301668167,1.9048490524291992,0.2285614013671875,0.019874999999999997
377,48493.0,50455.0,0.9611138638390645,16.0,0.016,1.0,0.001,15.0,0.015,78.0,40693.0,708.0,192.0,0.0,40693.0,406.9300000000004,100.0,1000,1,999,0.18890758394263685,922,0,1,0,1,1,0,0,0,1,0,1,3,1,0,1,68,0.8428665995597839,0.06490013748407364,1.5635969638824463,0.1930701583623886,0.019847999999999998
378,49122.0,49903.0,0.9843496382982987,13.0,0.013,3.0,0.003,10.0,0.01,80.0,41122.0,236.0,126.0,538.0,41122.0,411.21999999999986,100.0,1000,3,997,0.19120495801325887,920,1,1,0,0,0,1,0,0,3,0,0,1,2,2,2,67,0.45464378595352173,-0.08122579753398895,1.0802834033966064,0.21553389728069305,0.019821
379,49281.0,49715.0,0.9912702403701096,7.0,0.007,1.0,0.001,6.0,0.006,80.0,41281.0,493.4375,101.640625,304.921875,41281.0,412.8099999999989,100.0,1000,1,999,0.19043299998156726,920,2,1,1,0,0,0,0,0,1,0,1,1,2,2,2,67,0.49103686213493347,-0.07930754125118256,1.150067687034607,0.23691119253635406,0.019794
380,50049.0,51872.0,0.9648557988895743,19.0,0.019,1.0,0.001,18.0,0.018,84.0,41649.0,519.0472717285156,23.809545516967773,357.1431827545166,41649.0,416.49,100.0,1000,1,999,0.19066783401649445,916,0,1,0,0,0,1,2,0,6,1,1,0,3,0,6,63,0.3372352421283722,-0.12051158398389816,0.9250292181968689,0.2411983758211136,0.019767
381,49259.0,49616.0,0.9928047404063205,7.0,0.007,2.0,0.002,5.0,0.005,81.0,41159.0,541.84375,358.15625,0.0,41159.0,411.5899999999993,100.0,1000,2,998,0.18604233302176,919,0,1,1,1,0,0,2,0,3,0,0,1,2,0,2,68,0.4287088215351105,-0.05155734345316887,0.9691354036331177,0.2179107367992401,0.01974
382,49044.0,49948.0,0.9819011772243132,12.0,0.012,2.0,0.002,10.0,0.01,81.0,40944.0,354.92999267578125,88.25875091552734,456.8112564086914,40944.0,409.4399999999998,100.0,1000,2,998,0.18918716697953641,919,0,3,0,0,0,0,0,0,5,0,1,2,3,3,2,62,1.2873061895370483,0.04616358503699303,2.4911251068115234,0.22421282529830933,0.019713
383,49392.0,49768.0,0.9924449445426781,8.0,0.008,5.0,0.005,3.0,0.003,77.0,41692.0,684.8125,215.1875,0.0,41692.0,416.9199999999997,100.0,1000,5,995,0.1885827500373125,923,0,0,0,1,0,0,0,0,4,0,0,0,0,0,3,69,0.5985938310623169,0.042572710663080215,1.1215224266052246,0.2407873272895813,0.019686
384,48229.0,49393.0,0.9764339076387343,13.0,0.013,2.0,0.002,11.0,0.011,77.0,40529.0,621.04296875,278.95703125,0.0,40529.0,405.2899999999997,100.0,1000,2,998,0.18641895800828934,923,0,1,0,0,0,0,0,0,2,0,0,0,3,0,4,67,0.6641262769699097,-0.014998354017734528,1.368294596672058,0.2554882764816284,0.019659
385,49996.0,50688.0,0.9863478535353535,11.0,0.011,2.0,0.002,9.0,0.009,89.0,41096.0,407.9375,492.0625,0.0,41096.0,410.96000000000043,100.0,1000,2,998,0.18885095801670104,911,1,1,0,1,1,0,1,0,14,0,0,0,2,1,2,65,0.8267033696174622,0.05575685575604439,1.5529242753982544,0.2809504270553589,0.019631999999999997
386,49722.0,49941.0,0.995614825494083,4.0,0.004,1.0,0.001,3.0,0.003,85.0,41222.0,696.0,204.0,0.0,41222.0,412.21999999999974,100.0,1000,1,999,0.19020820898003876,915,0,0,0,0,0,0,0,0,8,0,2,0,0,0,3,72,0.4786361753940582,0.03492920845746994,0.8973278403282166,0.25284111499786377,0.019604999999999997
387,49284.0,49988.0,0.9859166199887973,11.0,0.011,6.0,0.006,5.0,0.005,88.0,40484.0,629.6240234375,270.3759765625,0.0,40484.0,404.83999999999946,100.0,1000,6,994,0.1891592500032857,912,2,1,0,4,1,0,0,0,5,0,0,0,1,1,2,71,0.7323158383369446,0.06230339780449867,1.3490784168243408,0.2312171310186386,0.019577999999999998
388,52253.0,52631.0,0.992817920997131,6.0,0.006,3.0,0.003,3.0,0.003,90.0,43253.0,385.1349678039551,225.25345158576965,289.61158061027527,43253.0,432.53,100.0,1000,3,997,0.19159529195167124,910,0,3,0,1,0,0,0,0,6,0,2,0,2,1,1,74,1.282517671585083,0.13316965103149414,2.3096609115600586,0.28041428327560425,0.019551
389,51184.0,51659.0,0.9908050872064887,5.0,0.005,0.0,0.0,5.0,0.005,86.0,42584.0,517.859375,30.0,352.140625,42584.0,425.84000000000134,100.0,1000,0,1000,0.18755833408795297,914,0,2,0,1,0,1,0,0,2,0,0,0,4,1,3,72,0.5932189226150513,0.011154367588460445,1.1731631755828857,0.23135827481746674,0.019524
390,49111.0,49305.0,0.9960653077781159,3.0,0.003,2.0,0.002,1.0,0.001,81.0,41011.0,549.453125,196.8583984375,153.6884765625,41011.0,410.11000000000024,100.0,1000,2,998,0.19256975001189858,919,0,0,0,0,0,1,0,0,3,0,1,2,0,2,4,68,0.7367916107177734,0.0850740373134613,1.313938856124878,0.26936855912208557,0.019497
391,49670.0,49890.0,0.9955902986570455,4.0,0.004,2.0,0.002,2.0,0.002,83.0,41370.0,513.44140625,386.55859375,0.0,41370.0,413.69999999999976,100.0,1000,2,998,0.1859121669549495,917,1,0,1,0,0,0,0,0,1,0,1,0,4,0,5,70,0.600874662399292,-0.039770059287548065,1.2895171642303467,0.21129243075847626,0.01947
392,51134.0,52300.0,0.9777055449330784,12.0,0.012,4.0,0.004,8.0,0.008,81.0,43034.0,753.0,147.0,0.0,43034.0,430.3399999999992,100.0,1000,4,996,0.18667800002731383,919,0,0,1,0,0,0,0,0,1,0,0,0,0,0,3,76,0.46989110112190247,0.01500493474304676,0.9178910255432129,0.208781436085701,0.019443
393,49530.0,49897.0,0.9926448483876786,5.0,0.005,2.0,0.002,3.0,0.003,81.0,41430.0,575.5625,324.4375,0.0,41430.0,414.29999999999984,100.0,1000,2,998,0.18565324996598065,919,0,2,0,1,0,0,0,0,1,0,0,0,1,1,2,73,0.4108958840370178,-0.046788670122623444,0.9249130487442017,0.24577541649341583,0.019416
394,48869.0,49373.0,0.9897919915743423,9.0,0.009,1.0,0.001,8.0,0.008,82.0,40669.0,472.2509460449219,216.3579512834549,211.39110267162323,40669.0,406.68999999999994,100.0,1000,1,999,0.1881021250737831,918,0,0,1,0,3,0,0,0,2,0,0,0,1,2,2,71,0.6670838594436646,-0.0421142652630806,1.4272648096084595,0.2287014275789261,0.019388999999999997
395,49757.0,50126.0,0.9926385508518534,7.0,0.007,2.0,0.002,5.0,0.005,83.0,41457.0,427.875,472.125,0.0,41457.0,414.5699999999988,100.0,1000,2,998,0.1868065419839695,917,1,1,0,0,0,0,0,0,2,0,0,0,0,0,3,76,0.5333019495010376,-0.00024581572506576777,1.0753118991851807,0.21217679977416992,0.019361999999999997
396,49777.0,50191.0,0.9917515092347233,6.0,0.006,0.0,0.0,6.0,0.006,84.0,41377.0,590.9072265625,173.47808837890625,135.61468505859375,41377.0,413.77000000000004,100.0,1000,0,1000,0.18822516698855907,916,0,2,0,2,0,0,0,0,5,0,0,0,2,0,1,72,0.7904143929481506,0.004803776741027832,1.5799065828323364,0.2246030569076538,0.019334999999999998
397,49742.0,50079.0,0.9932706324008067,7.0,0.007,6.0,0.006,1.0,0.001,84.0,41342.0,711.0,189.0,0.0,41342.0,413.41999999999996,100.0,1000,6,994,0.18562000000383705,916,0,1,1,2,1,0,0,0,3,0,0,0,0,0,1,75,0.6315543055534363,0.014623837545514107,1.2439824342727661,0.26210635900497437,0.019308
398,50949.0,51442.0,0.9904163912756113,7.0,0.007,3.0,0.003,4.0,0.004,88.0,42149.0,528.546875,117.306640625,254.146484375,42149.0,421.48999999999916,100.0,1000,3,997,0.19150154199451208,912,0,1,1,0,0,0,0,0,4,0,3,0,2,4,0,73,0.7594929337501526,0.02081776037812233,1.4862523078918457,0.23084774613380432,0.019281
399,49520.0,49903.0,0.9923251107147867,7.0,0.007,4.0,0.004,3.0,0.003,84.0,41120.0,291.0,60.0,549.0,41120.0,411.1999999999993,100.0,1000,4,996,0.18926850007846951,916,0,1,0,1,0,0,0,0,2,0,1,0,2,0,2,75,0.6691298484802246,-0.023924821987748146,1.3944652080535889,0.21698996424674988,0.019254
400,51928.0,52965.0,0.9804210327574814,8.0,0.008,1.0,0.001,7.0,0.007,89.0,43028.0,668.0,232.0,0.0,43028.0,430.2800000000007,100.0,1000,1,999,0.18769637495279312,911,0,1,0,0,0,0,2,0,1,1,0,1,0,0,0,83,1.102613091468811,0.0768180713057518,2.0601725578308105,0.22319084405899048,0.019227
401,50393.0,50803.0,0.9919296104560754,6.0,0.006,3.0,0.003,3.0,0.003,86.0,41793.0,560.4821487292647,339.51785127073526,0.0,41793.0,417.9300000000001,100.0,1000,3,997,0.1897167090792209,914,0,1,1,1,0,0,0,0,5,0,0,1,1,0,1,75,0.8042874336242676,0.03756566345691681,1.5429840087890625,0.2484481781721115,0.0192
402,50322.0,51311.0,0.980725380522695,9.0,0.009,2.0,0.002,7.0,0.007,87.0,41622.0,737.0,163.0,0.0,41622.0,416.2199999999998,100.0,1000,2,998,0.19119887496344745,913,0,0,0,0,2,0,0,0,2,1,1,1,1,0,1,78,0.9529009461402893,0.06504987180233002,1.7881487607955933,0.32458722591400146,0.019173
403,50343.0,50534.0,0.9962203664859303,4.0,0.004,4.0,0.004,0.0,0.0,90.0,41343.0,578.0,135.4375,186.5625,41343.0,413.43,100.0,1000,4,996,0.18581862503197044,910,0,1,1,1,0,0,0,0,1,0,0,0,0,1,8,77,0.9616366028785706,0.0796111449599266,1.774113416671753,0.26278212666511536,0.019145999999999996
404,50327.0,50348.0,0.9995829029951537,1.0,0.001,1.0,0.001,0.0,0.0,92.0,41127.0,491.66717529296875,408.33282470703125,0.0,41127.0,411.2699999999999,100.0,1000,1,999,0.18896487506572157,908,0,1,0,0,0,0,0,0,1,0,1,1,1,1,0,86,0.32828307151794434,-0.04907884821295738,0.7637192010879517,0.2352467179298401,0.019118999999999997
405,48719.0,49754.0,0.9791976524500543,8.0,0.008,4.0,0.004,4.0,0.004,90.0,39719.0,222.0,42.375,635.625,39719.0,397.1899999999997,100.0,1000,4,996,0.1912601669318974,910,0,0,0,0,0,0,0,0,1,0,1,1,1,1,5,80,0.9044331908226013,0.0740174725651741,1.6702269315719604,0.24605721235275269,0.019091999999999998
406,49082.0,49253.0,0.9965281302661767,3.0,0.003,3.0,0.003,0.0,0.0,95.0,39582.0,385.0,101.0,414.0,39582.0,395.8199999999997,100.0,1000,3,997,0.18645087501499802,905,0,1,2,2,2,0,0,0,2,0,0,0,4,1,1,80,0.4135817587375641,-0.005139380227774382,0.8461192846298218,0.22756387293338776,0.019065
407,49820.0,50050.0,0.9954045954045954,4.0,0.004,2.0,0.002,2.0,0.002,91.0,40720.0,444.37109375,58.0,397.62890625,40720.0,407.2,100.0,1000,2,998,0.18827104195952415,909,0,0,0,0,0,0,2,0,1,0,0,0,3,0,2,83,1.1789320707321167,0.11705150455236435,2.134272813796997,0.27606964111328125,0.019038
408,49381.0,49486.0,0.9978781877702785,2.0,0.002,2.0,0.002,0.0,0.0,91.0,40281.0,403.75,93.046875,403.203125,40281.0,402.8100000000003,100.0,1000,2,998,0.1917587500065565,909,0,0,0,1,0,0,0,0,1,0,1,0,2,0,3,83,0.8350418210029602,-0.022258561104536057,1.7257819175720215,0.29407036304473877,0.019011
409,49316.0,49526.0,0.9957598029317934,4.0,0.004,4.0,0.004,0.0,0.0,96.0,39716.0,613.1045722961426,230.42157077789307,56.473856925964355,39716.0,397.15999999999997,100.0,1000,4,996,0.187080750009045,904,0,0,0,1,1,0,0,0,1,0,0,0,3,1,4,85,0.9300728440284729,0.05801847577095032,1.7520900964736938,0.21021299064159393,0.018984
410,50657.0,51342.0,0.9866580966849753,11.0,0.011,3.0,0.003,8.0,0.008,97.0,40957.0,402.0,42.0,456.0,40957.0,409.57000000000045,100.0,1000,3,997,0.18852366600185633,903,0,1,0,1,1,0,1,0,5,1,1,0,0,1,2,83,0.491707444190979,-0.004935949109494686,1.0008997917175293,0.2007962465286255,0.018957
411,49431.0,49559.0,0.9974172198793357,2.0,0.002,2.0,0.002,0.0,0.0,97.0,39731.0,650.0,250.0,0.0,39731.0,397.31000000000023,100.0,1000,2,998,0.1894164589466527,903,1,4,0,0,0,0,0,0,0,0,0,0,1,0,1,90,0.8944854736328125,0.07742667943239212,1.642897367477417,0.23190012574195862,0.01893
412,48439.0,48873.0,0.9911198412211242,4.0,0.004,0.0,0.0,4.0,0.004,87.0,39739.0,523.9375,376.0625,0.0,39739.0,397.39,100.0,1000,0,1000,0.1906278330134228,913,0,1,0,0,0,0,0,0,1,0,2,0,0,1,1,81,0.8377915620803833,-0.12153957039117813,1.927378535270691,0.23055043816566467,0.018903
413,49866.0,50086.0,0.9956075550053908,4.0,0.004,3.0,0.003,1.0,0.001,90.0,40866.0,389.0,179.5,331.5,40866.0,408.66000000000037,100.0,1000,3,997,0.1889406250556931,910,0,0,0,0,0,0,0,0,1,0,1,0,3,0,2,83,0.661338210105896,0.06475851684808731,1.2014739513397217,0.22024202346801758,0.018876
414,50541.0,50656.0,0.9977297852179406,2.0,0.002,2.0,0.002,0.0,0.0,92.0,41341.0,653.0,0.0,247.0,41341.0,413.4099999999999,100.0,1000,2,998,0.18777208297979087,908,0,0,0,0,0,0,1,0,0,1,0,0,0,1,1,88,0.15136095881462097,-0.04778793826699257,0.40687963366508484,0.2276475876569748,0.018848999999999998
415,49737.0,49770.0,0.9993369499698613,1.0,0.001,1.0,0.001,0.0,0.0,86.0,41137.0,594.0,306.0,0.0,41137.0,411.37000000000006,100.0,1000,1,999,0.18813079211395234,914,0,0,0,0,0,0,1,0,0,0,0,0,0,0,3,82,0.8217308521270752,0.06420275568962097,1.5235408544540405,0.22539213299751282,0.018822
416,49919.0,50230.0,0.9938084809874577,4.0,0.004,1.0,0.001,3.0,0.003,85.0,41419.0,491.0,409.0,0.0,41419.0,414.18999999999966,100.0,1000,1,999,0.2576095419935882,915,0,1,0,0,0,0,0,0,1,0,1,1,1,0,0,80,0.6145454049110413,-0.019216669723391533,1.275280475616455,0.20634059607982635,0.018795
417,49886.0,49928.0,0.9991587886556642,1.0,0.001,1.0,0.001,0.0,0.0,86.0,41286.0,578.0,322.0,0.0,41286.0,412.85999999999984,100.0,1000,1,999,0.193199957953766,914,0,0,0,0,0,0,1,1,0,0,0,0,0,1,2,81,0.6790080666542053,-0.002880277344956994,1.3721542358398438,0.22318845987319946,0.018768
418,49248.0,49536.0,0.9941860465116279,6.0,0.006,4.0,0.004,2.0,0.002,88.0,40448.0,711.0,189.0,0.0,40448.0,404.48,100.0,1000,4,996,0.3552469169953838,912,1,0,1,0,1,0,0,1,0,0,1,1,0,0,5,77,0.2985959053039551,-0.02101689763367176,0.6472796201705933,0.21487730741500854,0.018741
419,50375.0,50702.0,0.993550550274151,4.0,0.004,0.0,0.0,4.0,0.004,86.0,41775.0,201.0,120.5625,578.4375,41775.0,417.75000000000085,100.0,1000,0,1000,0.18791249999776483,914,1,0,0,0,1,0,0,0,2,0,0,1,2,0,3,76,0.7916751503944397,-0.011424241587519646,1.6144459247589111,0.2203466147184372,0.018714
420,51326.0,51472.0,0.9971635063723966,4.0,0.004,4.0,0.004,0.0,0.0,91.0,42226.0,506.0,145.0,249.0,42226.0,422.2600000000007,100.0,1000,4,996,0.18750279198866338,909,0,0,0,1,1,1,0,0,2,0,0,1,1,1,1,82,0.897383987903595,-0.01693609170615673,1.8375991582870483,0.23971439898014069,0.018687
421,48957.0,49051.0,0.9980836272451122,2.0,0.002,2.0,0.002,0.0,0.0,86.0,40357.0,391.0,57.0,452.0,40357.0,403.5699999999998,100.0,1000,2,998,0.18686533300206065,914,0,0,0,0,0,0,0,0,1,0,1,0,1,0,1,82,0.6157827377319336,-0.044111497700214386,1.3289744853973389,0.2461417317390442,0.01866
422,49061.0,49286.0,0.9954348090735706,5.0,0.005,3.0,0.003,2.0,0.002,87.0,40361.0,773.0,127.0,0.0,40361.0,403.6099999999998,100.0,1000,3,997,0.1954648339888081,913,0,1,0,0,1,0,0,0,0,0,2,0,2,0,3,78,0.7124665975570679,-0.02393346279859543,1.4807072877883911,0.21218237280845642,0.018633
423,49529.0,49871.0,0.9931423071524533,6.0,0.006,5.0,0.005,1.0,0.001,91.0,40429.0,640.0,260.0,0.0,40429.0,404.28999999999996,100.0,1000,5,995,0.20787337503861636,909,0,1,0,0,2,0,2,1,1,3,0,1,1,0,2,77,0.252721905708313,-0.057482365518808365,0.628847062587738,0.22676974534988403,0.018605999999999998
424,48678.0,49501.0,0.9833740732510454,5.0,0.005,1.0,0.001,4.0,0.004,85.0,40178.0,608.0,292.0,0.0,40178.0,401.7799999999995,100.0,1000,1,999,0.22694033302832395,915,0,0,0,0,1,0,0,0,1,0,0,2,0,2,1,78,0.44805610179901123,-0.052792198956012726,1.0099785327911377,0.22288502752780914,0.018579
425,49760.0,49913.0,0.9969346663193958,2.0,0.002,0.0,0.0,2.0,0.002,86.0,41160.0,681.0,219.0,0.0,41160.0,411.59999999999917,100.0,1000,0,1000,0.21461970801465213,914,0,1,0,1,1,0,0,0,2,0,0,0,2,3,0,76,0.5431219339370728,0.0089722890406847,1.0773441791534424,0.24377073347568512,0.018552
426,50897.0,52035.0,0.9781301047371961,11.0,0.011,3.0,0.003,8.0,0.008,87.0,42197.0,698.0,202.0,0.0,42197.0,421.9699999999996,100.0,1000,3,997,0.18721550004556775,913,0,0,1,0,0,0,0,0,4,0,1,1,3,0,3,74,1.1191701889038086,0.028943292796611786,2.1885836124420166,0.2194305658340454,0.018525
427,49503.0,49794.0,0.9941559224002892,5.0,0.005,3.0,0.003,2.0,0.002,90.0,40503.0,622.0,221.0,57.0,40503.0,405.0299999999999,100.0,1000,3,997,0.25601458305027336,910,1,0,0,2,0,0,0,0,1,0,3,0,4,2,2,75,0.5484995245933533,-0.018112992867827415,1.1407496929168701,0.20338976383209229,0.018498
428,49513.0,49637.0,0.9975018635292221,2.0,0.002,0.0,0.0,2.0,0.002,85.0,41013.0,716.0,184.0,0.0,41013.0,410.1299999999997,100.0,1000,0,1000,0.20736274996306747,915,0,1,0,0,1,0,0,0,1,0,1,0,0,1,1,79,0.4508480727672577,0.035027675330638885,0.8409101963043213,0.25091883540153503,0.018471
429,49604.0,49841.0,0.9952448787143116,4.0,0.004,1.0,0.001,3.0,0.003,88.0,40804.0,577.453125,99.818359375,222.728515625,40804.0,408.03999999999917,100.0,1000,1,999,0.19058400008361787,912,0,1,0,2,0,0,1,1,3,0,3,0,1,1,2,73,0.43657469749450684,-0.01895288936793804,0.9212216138839722,0.27560311555862427,0.018444
430,49643.0,50078.0,0.9913135508606574,7.0,0.007,2.0,0.002,5.0,0.005,85.0,41143.0,434.8125,465.1875,0.0,41143.0,411.43000000000023,100.0,1000,2,998,0.19647833390627056,915,1,1,0,0,0,0,0,0,3,0,2,0,0,1,1,76,0.861677348613739,0.03643195703625679,1.6595683097839355,0.2464447319507599,0.018417
431,49802.0,49911.0,0.9978161126805715,2.0,0.002,0.0,0.0,2.0,0.002,86.0,41202.0,404.0,0.0,496.0,41202.0,412.0199999999999,100.0,1000,0,1000,0.18948579102288932,914,0,0,0,3,0,1,0,0,1,1,0,0,2,1,3,74,0.7554990649223328,0.10046441107988358,1.3209257125854492,0.2951697111129761,0.018389999999999997
432,48529.0,49236.0,0.9856405881875051,8.0,0.008,1.0,0.001,7.0,0.007,88.0,39729.0,538.0527476752177,0.0,361.9472523247823,39729.0,397.2900000000001,100.0,1000,1,999,0.1881117079174146,912,3,1,1,0,3,0,1,1,5,0,0,1,1,0,2,69,0.5247726440429688,-0.0864979699254036,1.2333775758743286,0.29505932331085205,0.018362999999999997
433,49371.0,49740.0,0.9925814234016888,7.0,0.007,4.0,0.004,3.0,0.003,90.0,40371.0,520.4765625,379.5234375,0.0,40371.0,403.71000000000043,100.0,1000,4,996,0.18680904200300574,910,0,0,0,1,1,0,0,0,6,1,2,2,2,1,3,71,0.700286328792572,0.13903926312923431,1.1333189010620117,0.2951790988445282,0.018335999999999998
434,50573.0,50630.0,0.9988741852656527,1.0,0.001,0.0,0.0,1.0,0.001,97.0,40873.0,510.58634977974,0.0,389.41365022026,40873.0,408.7299999999998,100.0,1000,0,1000,0.18582995794713497,903,0,6,0,0,0,0,0,2,6,0,1,1,1,2,9,69,0.30878695845603943,-0.0801214873790741,0.7881444096565247,0.2820344567298889,0.018309
435,50303.0,50611.0,0.9939143664420778,6.0,0.006,3.0,0.003,3.0,0.003,91.0,41203.0,646.0,15.875,238.125,41203.0,412.0299999999999,100.0,1000,3,997,0.18648549995850772,909,1,3,0,0,1,0,0,0,5,0,1,0,2,1,4,73,0.3099682927131653,-0.07111825793981552,0.7721354961395264,0.27246448397636414,0.018282
436,49552.0,49802.0,0.9949801212802699,5.0,0.005,5.0,0.005,0.0,0.0,93.0,40252.0,738.6332178682505,161.36678213174952,0.0,40252.0,402.5200000000002,100.0,1000,5,995,0.18597666593268514,907,1,3,1,1,0,0,0,0,2,0,0,3,8,2,6,66,0.16080179810523987,-0.04654340073466301,0.42513421177864075,0.2860531508922577,0.018255
437,50192.0,50808.0,0.987875925051173,10.0,0.01,4.0,0.004,6.0,0.006,97.0,40492.0,413.60546875,17.835006713867188,468.5595245361328,40492.0,404.91999999999905,100.0,1000,4,996,0.1872376250103116,903,0,2,0,0,0,1,2,1,4,0,2,2,7,2,3,71,0.7476167678833008,0.015349338762462139,1.4743952751159668,0.2704724967479706,0.018228
438,50040.0,50456.0,0.991755192643095,7.0,0.007,1.0,0.001,6.0,0.006,91.0,40940.0,558.241943359375,130.10987854003906,211.64817810058594,40940.0,409.39999999999924,100.0,1000,1,999,0.18655262503307313,909,0,3,3,0,1,0,1,0,2,0,3,0,5,0,3,70,0.8089255094528198,0.11956634372472763,1.3895235061645508,0.296827107667923,0.018201
439,48693.0,49673.0,0.9802709721579127,12.0,0.012,3.0,0.003,9.0,0.009,89.0,39793.0,627.9013866719171,172.08098999901554,100.01762332906739,39793.0,397.9300000000005,100.0,1000,3,997,0.1919038339983672,911,0,1,2,1,1,1,1,1,7,1,2,1,6,0,3,61,0.4779535233974457,0.01726982183754444,0.9310629367828369,0.2667413651943207,0.018174
440,48359.0,49184.0,0.9832262524398179,9.0,0.009,3.0,0.003,6.0,0.006,89.0,39459.0,770.0,106.4375,23.5625,39459.0,394.58999999999895,100.0,1000,3,997,0.19529691594652832,911,0,1,0,0,0,0,0,0,4,2,5,2,4,1,2,68,0.48303118348121643,-0.08576084673404694,1.1457593441009521,0.22525225579738617,0.018146999999999996
441,50644.0,51149.0,0.9901268842010597,7.0,0.007,0.0,0.0,7.0,0.007,89.0,41744.0,608.197415843606,85.58798452932388,206.21459962707013,41744.0,417.4399999999997,100.0,1000,0,1000,0.18847125000320375,911,0,2,0,1,1,0,0,0,5,0,1,4,3,3,2,67,0.8938398957252502,0.1475098580121994,1.5028910636901855,0.28231391310691833,0.018119999999999997
442,48310.0,48542.0,0.995220633678052,6.0,0.006,4.0,0.004,2.0,0.002,87.0,39610.0,708.0,84.0,108.0,39610.0,396.1,100.0,1000,4,996,0.196685791015625,913,0,2,0,1,0,0,1,0,3,0,5,0,3,2,1,69,0.7252705097198486,0.11545243859291077,1.2279595136642456,0.23001740872859955,0.018092999999999998
443,50205.0,50802.0,0.9882484941537735,11.0,0.011,5.0,0.005,6.0,0.006,83.0,41905.0,627.1397888660431,272.8602111339569,0.0,41905.0,419.04999999999956,100.0,1000,5,995,0.195154833025299,917,0,2,0,0,1,0,1,0,3,0,1,0,3,2,1,69,0.6369931101799011,0.06696682423353195,1.1486190557479858,0.23708896338939667,0.018066
444,49463.0,49681.0,0.9956120045892796,4.0,0.004,2.0,0.002,2.0,0.002,82.0,41263.0,696.0,204.0,0.0,41263.0,412.6299999999999,100.0,1000,2,998,0.19042333296965808,918,0,1,0,0,0,1,0,0,1,0,0,1,2,4,2,70,0.6194892525672913,0.06139865517616272,1.1274460554122925,0.3122384250164032,0.018039
445,46820.0,47747.0,0.9805851676545123,9.0,0.009,3.0,0.003,6.0,0.006,84.0,38420.0,723.0,107.9375,69.0625,38420.0,384.2000000000002,100.0,1000,3,997,0.18838883296120912,916,0,1,0,2,0,1,0,1,5,0,2,2,5,0,1,64,0.28679144382476807,-0.09410658478736877,0.7713663578033447,0.26566439867019653,0.018012
446,49292.0,49711.0,0.9915712820100179,8.0,0.008,4.0,0.004,4.0,0.004,84.0,40892.0,646.5625,221.7578125,31.6796875,40892.0,408.9200000000004,100.0,1000,4,996,0.19367150007747114,916,0,1,0,1,0,1,0,0,1,1,4,1,4,1,2,67,0.45798400044441223,0.03619532287120819,0.8526309728622437,0.251700222492218,0.017985
447,48303.0,49032.0,0.9851321585903083,12.0,0.012,5.0,0.005,7.0,0.007,86.0,39703.0,353.5689778320957,0.0,546.4310221679043,39703.0,397.0300000000001,100.0,1000,5,995,0.19330308306962252,914,0,3,1,1,0,1,0,0,3,0,4,3,4,0,1,65,0.6336480379104614,0.05156276002526283,1.1731826066970825,0.2509229779243469,0.017958
448,48283.0,50342.0,0.9590997576576219,18.0,0.018,3.0,0.003,15.0,0.015,89.0,39383.0,604.4697570800781,55.41192054748535,240.11832237243652,39383.0,393.83000000000015,100.0,1000,3,997,0.19306900002993643,911,2,4,1,0,2,0,0,0,1,0,4,3,3,3,2,64,0.3759152293205261,-0.084919273853302,0.9319486021995544,0.28664278984069824,0.017931
449,48540.0,49672.0,0.977210500885811,16.0,0.016,2.0,0.002,14.0,0.014,86.0,39940.0,633.0,267.0,0.0,39940.0,399.39999999999975,100.0,1000,2,998,0.18843216705136,914,1,1,1,2,1,1,2,0,3,0,0,1,3,2,3,65,0.509372889995575,0.10024095326662064,0.826535701751709,0.23100298643112183,0.017903999999999996
450,50187.0,50915.0,0.9857016596287931,11.0,0.011,2.0,0.002,9.0,0.009,86.0,41587.0,627.0,273.0,0.0,41587.0,415.8699999999993,100.0,1000,2,998,0.18897570797707886,914,0,0,0,1,1,0,0,0,4,0,1,0,6,2,5,66,0.27561017870903015,-0.038936492055654526,0.6372779607772827,0.2289145439863205,0.017876999999999997
451,48219.0,49562.0,0.9729026270126306,15.0,0.015,5.0,0.005,10.0,0.01,82.0,40019.0,771.9375,56.67333984375,71.38916015625,40019.0,400.19,100.0,1000,5,995,0.187111624982208,918,0,3,1,0,0,0,0,0,2,0,5,1,4,2,3,61,0.6178093552589417,-0.0210060253739357,1.2858928442001343,0.23142987489700317,0.017849999999999998
452,48387.0,48945.0,0.9885994483604046,9.0,0.009,2.0,0.002,7.0,0.007,78.0,40587.0,667.0,233.0,0.0,40587.0,405.87000000000006,100.0,1000,2,998,0.1925746250199154,922,0,1,0,0,2,0,1,0,2,0,2,0,1,2,3,64,0.2612650990486145,0.011807349510490894,0.5069422721862793,0.22517986595630646,0.017823
453,51049.0,51482.0,0.9915892933452469,7.0,0.007,1.0,0.001,6.0,0.006,88.0,42249.0,393.48427030444145,125.18337414739653,381.332355548162,42249.0,422.49000000000075,100.0,1000,1,999,0.19195491599384695,912,0,1,1,1,1,3,0,0,2,1,5,0,3,1,5,64,0.9034829139709473,0.07125990092754364,1.6741164922714233,0.27170345187187195,0.017796
454,48373.0,50185.0,0.9638935937032977,14.0,0.014,2.0,0.002,12.0,0.012,84.0,39973.0,625.0,50.9375,224.0625,39973.0,399.73000000000036,100.0,1000,2,998,0.18980687495786697,916,1,0,0,0,0,2,1,0,4,1,1,3,1,2,4,64,0.9448656439781189,0.11025657504796982,1.678906798362732,0.2726258933544159,0.017769
455,49796.0,50880.0,0.9786949685534592,17.0,0.017,3.0,0.003,14.0,0.014,83.0,41496.0,700.20703125,199.79296875,0.0,41496.0,414.9600000000001,100.0,1000,3,997,0.19002008298411965,917,1,1,0,0,0,0,1,0,0,0,0,2,7,2,2,67,0.862455427646637,0.06923172622919083,1.5947380065917969,0.2336435317993164,0.017742
456,50119.0,50462.0,0.9932028060718957,6.0,0.006,2.0,0.002,4.0,0.004,89.0,41219.0,638.5338850984408,194.32468963212705,67.14142526943215,41219.0,412.1899999999999,100.0,1000,2,998,0.19082591705955565,911,1,0,0,1,1,0,2,1,5,0,1,2,2,1,7,65,0.7772780656814575,0.0772138461470604,1.4108377695083618,0.3022674322128296,0.017714999999999998
457,49827.0,50248.0,0.9916215570768986,7.0,0.007,0.0,0.0,7.0,0.007,87.0,41127.0,718.5575439119712,15.01420641140794,166.4282496766209,41127.0,411.2699999999989,100.0,1000,0,1000,0.18900387501344085,913,0,0,0,1,0,0,1,0,3,0,3,0,4,4,4,67,0.670090913772583,-0.006835834588855505,1.3604029417037964,0.1851406693458557,0.017688
458,48642.0,48940.0,0.9939109113199837,5.0,0.005,2.0,0.002,3.0,0.003,87.0,39942.0,606.2140569213661,54.22324288482923,239.56270019380463,39942.0,399.42000000000047,100.0,1000,2,998,0.1890037909615785,913,2,1,1,1,2,0,0,0,3,2,4,0,3,2,4,62,0.2777627408504486,-0.04483402147889137,0.6538282036781311,0.24445657432079315,0.017660999999999996
459,50035.0,50495.0,0.9908901871472423,8.0,0.008,2.0,0.002,6.0,0.006,87.0,41335.0,395.8151550292969,123.78465843200684,380.4001865386963,41335.0,413.3499999999996,100.0,1000,2,998,0.18934904201887548,913,0,0,0,1,3,0,0,2,3,0,4,0,5,2,0,67,0.5174181461334229,0.05763823539018631,0.9300660490989685,0.2978973686695099,0.017633999999999997
460,47422.0,47862.0,0.9908069031799758,7.0,0.007,3.0,0.003,4.0,0.004,87.0,38722.0,537.8554487165529,101.56296324156756,260.5815880418795,38722.0,387.21999999999986,100.0,1000,3,997,0.18597741692792624,913,0,4,2,2,1,1,1,0,2,0,3,1,4,1,0,65,0.18401876091957092,-0.09457173943519592,0.565947413444519,0.24894700944423676,0.017606999999999998
461,49676.0,50209.0,0.9893843733195243,8.0,0.008,1.0,0.001,7.0,0.007,86.0,41076.0,578.8726472854614,289.73643362522125,31.390919089317322,41076.0,410.7599999999996,100.0,1000,1,999,0.18839804094750434,914,1,3,1,1,2,2,1,1,1,0,1,1,3,2,1,65,0.4052461087703705,-0.037263788282871246,0.8971925973892212,0.3462120592594147,0.01758
462,49322.0,50298.0,0.9805956499264384,16.0,0.016,3.0,0.003,13.0,0.013,90.0,40322.0,632.3997460256796,206.25015873395023,61.35009524037014,40322.0,403.21999999999974,100.0,1000,3,997,0.19154116697609425,910,2,0,0,1,1,1,0,0,7,0,2,2,5,0,3,66,0.3536059260368347,-0.08401460945606232,0.8841256499290466,0.25307726860046387,0.017553
463,50526.0,51785.0,0.9756879405233175,14.0,0.014,3.0,0.003,11.0,0.011,92.0,41326.0,608.853967477568,123.78650813060801,167.35952439182404,41326.0,413.26000000000033,100.0,1000,3,997,0.19093549996614456,908,4,2,0,1,2,1,1,0,0,0,3,2,3,5,2,66,0.5916944146156311,0.08606499433517456,1.0188568830490112,0.21676577627658844,0.017526
464,47992.0,49908.0,0.9616093612246533,15.0,0.015,6.0,0.006,9.0,0.009,86.0,39392.0,541.37109375,358.62890625,0.0,39392.0,393.9199999999994,100.0,1000,6,994,0.18740429100580513,914,1,3,0,2,1,1,0,0,4,0,1,1,2,1,3,66,0.3899335265159607,-0.05951136723160744,0.9072326421737671,0.23838132619857788,0.017499
465,49732.0,50357.0,0.9875886172726731,11.0,0.011,3.0,0.003,8.0,0.008,88.0,40932.0,721.0334587097168,178.9665412902832,0.0,40932.0,409.32,100.0,1000,3,997,0.18606949993409216,912,0,1,0,0,1,1,0,0,3,1,5,3,2,1,4,66,0.3861891031265259,0.061970360577106476,0.6559428572654724,0.21478259563446045,0.017471999999999998
466,49374.0,49918.0,0.9891021274890821,11.0,0.011,2.0,0.002,9.0,0.009,89.0,40474.0,756.0,144.0,0.0,40474.0,404.73999999999984,100.0,1000,2,998,0.19087791698984802,911,0,0,2,0,5,1,1,0,5,0,3,3,1,0,4,64,0.41694921255111694,-0.001175936427898705,0.843748152256012,0.21489901840686798,0.017445
467,50664.0,51401.0,0.985661757553355,13.0,0.013,3.0,0.003,10.0,0.01,89.0,41764.0,622.2445157766342,180.40830658376217,97.34717763960361,41764.0,417.64,100.0,1000,3,997,0.18719574995338917,911,0,1,0,1,2,2,1,0,2,4,2,1,1,0,3,69,0.38744857907295227,0.07194330543279648,0.6401182413101196,0.2614451050758362,0.017417999999999996
468,48783.0,50103.0,0.9736542721992695,19.0,0.019,5.0,0.005,14.0,0.014,82.0,40583.0,803.9375,45.83203125,50.23046875,40583.0,405.8299999999994,100.0,1000,5,995,0.18999570899177343,918,0,2,0,0,2,0,2,0,1,0,2,1,2,0,3,67,0.8987107276916504,0.1567133218050003,1.493415355682373,0.2708461582660675,0.017390999999999997
469,49569.0,50149.0,0.9884344652934256,8.0,0.008,2.0,0.002,6.0,0.006,86.0,40969.0,738.3125,161.6875,0.0,40969.0,409.69000000000005,100.0,1000,2,998,0.1886223329929635,914,0,3,0,0,1,0,1,0,2,1,3,0,2,0,1,72,0.2857416868209839,-0.04375584423542023,0.6661128401756287,0.20495763421058655,0.017363999999999997
470,50581.0,51142.0,0.9890305424113254,9.0,0.009,2.0,0.002,7.0,0.007,91.0,41481.0,706.0,24.25,169.75,41481.0,414.81000000000023,100.0,1000,2,998,0.18780641700141132,909,2,0,1,2,0,0,2,0,1,0,7,2,2,4,1,67,0.36766567826271057,-0.028596144169569016,0.8002974987030029,0.22419925034046173,0.017336999999999998
471,50285.0,51007.0,0.9858450800870469,7.0,0.007,0.0,0.0,7.0,0.007,89.0,41385.0,723.921875,176.078125,0.0,41385.0,413.8500000000008,100.0,1000,0,1000,0.19135091605130583,911,1,2,0,3,2,1,0,0,2,0,2,1,0,0,4,71,0.8322299718856812,0.12879319489002228,1.4145410060882568,0.22147467732429504,0.01731
472,48830.0,49255.0,0.9913714343721449,5.0,0.005,0.0,0.0,5.0,0.005,83.0,40530.0,485.3946075439453,207.30269622802734,207.30269622802734,40530.0,405.3000000000006,100.0,1000,0,1000,0.18978962500113994,917,1,0,0,0,2,0,0,1,1,0,2,0,2,2,2,70,0.5963093042373657,0.051207032054662704,1.0964741706848145,0.18137863278388977,0.017283
473,48339.0,48535.0,0.9959616771402081,4.0,0.004,1.0,0.001,3.0,0.003,79.0,40439.0,631.234375,167.3828125,101.3828125,40439.0,404.39000000000027,100.0,1000,1,999,0.18762062501627952,921,0,0,0,0,0,2,0,1,0,1,1,0,2,1,3,68,0.4721249043941498,0.0645364373922348,0.8228014707565308,0.22092489898204803,0.017256
474,50700.0,51043.0,0.9932801755382716,5.0,0.005,1.0,0.001,4.0,0.004,86.0,42100.0,400.0331115722656,100.6229305267334,399.343957901001,42100.0,420.99999999999983,100.0,1000,1,999,0.18625058408360928,914,1,1,1,0,1,1,2,0,1,0,1,0,2,0,2,73,0.704602837562561,0.0655277743935585,1.2867828607559204,0.25052937865257263,0.017229
475,46707.0,47678.0,0.9796342128444985,6.0,0.006,1.0,0.001,5.0,0.005,79.0,38807.0,265.73443062603474,179.0,455.26556937396526,38807.0,388.0699999999993,100.0,1000,1,999,0.1868733330629766,921,0,0,0,0,1,0,1,0,4,0,0,1,2,1,0,69,0.6312103271484375,0.09643911570310593,1.0764461755752563,0.20066727697849274,0.017202000000000002
476,49401.0,50266.0,0.9827915489595352,5.0,0.005,1.0,0.001,4.0,0.004,78.0,41601.0,613.0,287.0,0.0,41601.0,416.010000000001,100.0,1000,1,999,0.1889107080642134,922,0,1,0,0,0,0,2,0,0,1,0,0,1,0,1,72,0.7218602299690247,0.0772443637251854,1.2953360080718994,0.17770540714263916,0.017175
477,48486.0,49139.0,0.9867111662834002,10.0,0.01,2.0,0.002,8.0,0.008,77.0,40786.0,615.375,284.625,0.0,40786.0,407.8599999999999,100.0,1000,2,998,0.1906333330553025,923,0,0,0,0,0,0,1,0,0,0,3,2,0,1,2,68,0.36938413977622986,-0.06210692226886749,0.8689239621162415,0.1732514500617981,0.017148
478,50347.0,50899.0,0.9891549932218707,8.0,0.008,0.0,0.0,8.0,0.008,84.0,41947.0,411.25,30.0,458.75,41947.0,419.46999999999986,100.0,1000,0,1000,0.1883794580353424,916,0,1,0,1,1,0,1,1,2,2,0,0,0,1,1,73,0.4985172152519226,0.04314124211668968,0.9175891280174255,0.19967049360275269,0.017120999999999997
479,49467.0,49642.0,0.9964747592764192,4.0,0.004,2.0,0.002,2.0,0.002,79.0,41567.0,541.7980556488037,358.2019443511963,0.0,41567.0,415.6699999999992,100.0,1000,2,998,0.18811066693160683,921,0,0,1,1,0,0,1,0,2,0,1,0,0,1,1,71,0.8041625618934631,0.07983515411615372,1.4545849561691284,0.17345647513866425,0.017093999999999998
480,49890.0,50468.0,0.9885471982246176,10.0,0.01,0.0,0.0,10.0,0.01,78.0,42090.0,715.0,185.0,0.0,42090.0,420.89999999999947,100.0,1000,0,1000,0.1858375419396907,922,0,1,0,2,0,0,1,0,0,1,1,0,0,0,2,70,0.5063400864601135,0.0037975660525262356,1.0115455389022827,0.18926995992660522,0.017067
481,46789.0,47795.0,0.9789517731980333,8.0,0.008,1.0,0.001,7.0,0.007,76.0,39189.0,429.7705078125,470.2294921875,0.0,39189.0,391.8899999999991,100.0,1000,1,999,0.18573087500408292,924,0,0,0,0,0,2,1,0,2,0,2,0,1,0,1,67,0.8371657133102417,0.0008517092792317271,1.6781882047653198,0.1631487011909485,0.01704
482,46788.0,48137.0,0.9719758190165569,15.0,0.015,1.0,0.001,14.0,0.014,71.0,39688.0,663.0,237.0,0.0,39688.0,396.8799999999994,100.0,1000,1,999,0.18679566704668105,929,0,0,0,0,0,0,0,0,1,0,1,1,0,0,0,68,0.7301762700080872,-0.06895212829113007,1.6042466163635254,0.17603740096092224,0.017013
483,51353.0,52124.0,0.9852083493208503,8.0,0.008,1.0,0.001,7.0,0.007,87.0,42653.0,654.073223888874,48.18292350694537,197.74385260418057,42653.0,426.52999999999935,100.0,1000,1,999,0.1898648749338463,913,0,1,0,0,2,2,0,0,0,0,4,1,2,1,2,72,0.6930578947067261,-0.0229963306337595,1.4386118650436401,0.19143584370613098,0.016986
484,49793.0,49947.0,0.9969167317356398,2.0,0.002,0.0,0.0,2.0,0.002,81.0,41693.0,542.862102150917,66.96335584670305,290.1745420023799,41693.0,416.9300000000005,100.0,1000,0,1000,0.18863841705024242,919,1,0,0,2,1,1,0,0,0,0,0,0,4,0,0,72,0.586214005947113,-0.09875652939081192,1.376197338104248,0.18445159494876862,0.016959000000000002
485,49660.0,49816.0,0.9968684759916493,3.0,0.003,2.0,0.002,1.0,0.001,79.0,41760.0,348.125,156.3671875,395.5078125,41760.0,417.60000000000014,100.0,1000,2,998,0.18791583401616663,921,0,1,0,0,1,0,0,0,1,0,1,0,2,1,2,70,0.720729649066925,0.07044856250286102,1.3065012693405151,0.17538177967071533,0.016932
486,50308.0,50538.0,0.995448969092564,3.0,0.003,0.0,0.0,3.0,0.003,81.0,42208.0,393.0,389.1875,117.8125,42208.0,422.0800000000002,100.0,1000,0,1000,0.18983566609676927,919,0,0,0,1,2,0,0,0,0,0,0,0,1,0,1,76,0.46466171741485596,0.028277363628149033,0.8795455694198608,0.20044004917144775,0.016905
487,48813.0,49861.0,0.978981568761156,8.0,0.008,0.0,0.0,8.0,0.008,77.0,41113.0,461.125,392.140625,46.734375,41113.0,411.12999999999926,100.0,1000,0,1000,0.1887644169619307,923,0,1,0,0,0,1,1,0,1,0,0,1,1,0,3,68,0.6890785694122314,0.026852793991565704,1.3298531770706177,0.16002000868320465,0.016877999999999997
488,49465.0,49573.0,0.9978213947108305,2.0,0.002,0.0,0.0,2.0,0.002,80.0,41465.0,529.3125,370.6875,0.0,41465.0,414.6500000000002,100.0,1000,0,1000,0.18612149998079985,920,2,0,0,3,1,0,0,0,1,0,1,0,0,0,0,72,0.1625518649816513,-0.0006304270355030894,0.33311495184898376,0.20029601454734802,0.016850999999999998
489,49303.0,50690.0,0.9726376011047544,10.0,0.01,2.0,0.002,8.0,0.008,76.0,41703.0,522.84375,148.6470947265625,228.5091552734375,41703.0,417.0300000000008,100.0,1000,2,998,0.18581087491475046,924,0,1,0,0,0,0,4,0,0,0,2,0,0,0,0,69,1.288362741470337,0.01569298468530178,2.5515341758728027,0.1841008961200714,0.016824
490,51466.0,52627.0,0.9779390807000209,14.0,0.014,0.0,0.0,14.0,0.014,79.0,43566.0,221.095947265625,231.22601318359375,447.67803955078125,43566.0,435.6599999999994,100.0,1000,0,1000,0.19201508397236466,921,0,1,0,1,0,0,0,0,1,0,0,2,1,0,2,71,0.5681347250938416,0.003958239685744047,1.1340101957321167,0.16839757561683655,0.016797
491,49800.0,49922.0,0.9975561876527382,3.0,0.003,2.0,0.002,1.0,0.001,79.0,41900.0,584.0,0.0,316.0,41900.0,418.9999999999999,100.0,1000,2,998,0.18955483299214393,921,0,0,0,0,3,0,0,0,0,0,1,0,0,0,0,75,0.33527061343193054,-0.045251477509737015,0.7673758864402771,0.18878065049648285,0.01677
492,48463.0,49372.0,0.9815887547597829,11.0,0.011,1.0,0.001,10.0,0.01,76.0,40863.0,703.0,197.0,0.0,40863.0,408.6299999999999,100.0,1000,1,999,0.1875917090801522,924,0,0,0,2,0,0,0,0,0,0,1,1,2,2,1,67,0.39929500222206116,0.029324259608983994,0.7453281879425049,0.16086505353450775,0.016743
493,49680.0,49960.0,0.9943955164131305,4.0,0.004,0.0,0.0,4.0,0.004,77.0,41980.0,585.31640625,314.68359375,0.0,41980.0,419.80000000000024,100.0,1000,0,1000,0.18908808403648436,923,1,0,0,1,1,0,0,0,1,0,0,0,2,0,0,71,0.20789837837219238,-0.05051419511437416,0.5224117636680603,0.1671038120985031,0.016716
494,48776.0,49317.0,0.9890301518746072,8.0,0.008,2.0,0.002,6.0,0.006,75.0,41276.0,690.0,210.0,0.0,41276.0,412.7599999999995,100.0,1000,2,998,0.1907265419140458,925,0,0,0,1,1,0,0,0,0,0,0,0,0,1,2,70,0.41551461815834045,0.036386266350746155,0.7643561363220215,0.1827378273010254,0.016689
495,49538.0,50255.0,0.9857327629091632,9.0,0.009,1.0,0.001,8.0,0.008,83.0,41238.0,639.12646484375,104.42959594726562,156.44393920898438,41238.0,412.3799999999991,100.0,1000,1,999,0.18670733296312392,917,0,1,0,0,0,3,1,0,2,0,2,1,1,0,2,70,0.6265975832939148,-0.004111503716558218,1.267308235168457,0.17674969136714935,0.016662
496,49503.0,49934.0,0.9913686065606601,5.0,0.005,0.0,0.0,5.0,0.005,79.0,41603.0,471.2367858886719,428.7632141113281,0.0,41603.0,416.0299999999998,100.0,1000,0,1000,0.18710095796268433,921,0,0,0,1,1,0,0,0,1,0,3,1,1,0,0,71,0.5653921365737915,-0.0961155891418457,1.3293962478637695,0.19178742170333862,0.016634999999999997
497,49376.0,49575.0,0.9959858799798286,4.0,0.004,2.0,0.002,2.0,0.002,79.0,41476.0,391.0,38.0,471.0,41476.0,414.76000000000005,100.0,1000,2,998,0.19110341696068645,921,0,0,0,0,0,0,0,0,0,0,0,2,0,2,0,75,0.4203507900238037,0.00686049647629261,0.8319199681282043,0.1487056165933609,0.016607999999999998
498,48596.0,49873.0,0.9743949632065446,13.0,0.013,3.0,0.003,10.0,0.01,79.0,40696.0,542.0,0.0,358.0,40696.0,406.9600000000004,100.0,1000,3,997,0.18871029210276902,921,1,0,0,1,0,1,0,0,0,0,1,0,0,0,0,75,0.4544496238231659,-0.04184660315513611,0.9994796514511108,0.20768359303474426,0.016581
499,50281.0,50332.0,0.9989867281252484,1.0,0.001,1.0,0.001,0.0,0.0,81.0,42181.0,360.0,50.0,490.0,42181.0,421.81000000000046,100.0,1000,1,999,0.18637500004842877,919,0,0,0,0,0,0,1,0,0,0,1,2,0,1,0,76,0.43603062629699707,-0.05148765444755554,0.9814061522483826,0.19238793849945068,0.016554
500,49365.0,50152.0,0.9843077045780826,10.0,0.01,0.0,0.0,10.0,0.01,83.0,41065.0,429.625,470.375,0.0,41065.0,410.6500000000005,100.0,1000,0,1000,0.19098804204259068,917,1,0,0,0,2,0,2,0,1,0,2,3,1,2,3,66,0.6896911859512329,0.04661215469241142,1.2916975021362305,0.16758795082569122,0.016527
501,50033.0,51400.0,0.9734046692607004,9.0,0.009,1.0,0.001,8.0,0.008,81.0,41933.0,523.6871490478516,376.31285095214844,0.0,41933.0,419.32999999999964,100.0,1000,1,999,0.1991951250238344,919,0,0,0,0,1,0,1,0,1,0,1,6,0,1,1,69,0.869172990322113,0.046300455927848816,1.6527141332626343,0.21118508279323578,0.0165
502,50306.0,50495.0,0.9962570551539757,3.0,0.003,1.0,0.001,2.0,0.002,82.0,42106.0,293.30078125,431.793212890625,174.906005859375,42106.0,421.06000000000006,100.0,1000,1,999,0.19375604193191975,918,0,0,0,0,2,0,0,0,0,1,1,3,0,3,0,72,0.6087451577186584,0.034716155380010605,1.1549291610717773,0.20855675637722015,0.016473
503,49986.0,50067.0,0.9983821678950207,1.0,0.001,0.0,0.0,1.0,0.001,79.0,42086.0,496.859375,403.140625,0.0,42086.0,420.8600000000002,100.0,1000,0,1000,0.19064958300441504,921,1,0,0,0,0,0,0,0,0,0,0,1,1,2,0,74,0.2736939489841461,-0.05970197170972824,0.6731085777282715,0.1920439600944519,0.016446
504,47827.0,48602.0,0.9840541541500349,8.0,0.008,1.0,0.001,7.0,0.007,76.0,40227.0,433.658203125,207.6068115234375,258.7349853515625,40227.0,402.2699999999992,100.0,1000,1,999,0.1980820830212906,924,0,0,0,0,0,0,2,0,0,0,1,2,1,0,0,70,0.6539297699928284,0.07648957520723343,1.1598429679870605,0.1511208564043045,0.016419
505,48565.0,49256.0,0.9859712522332305,9.0,0.009,0.0,0.0,9.0,0.009,76.0,40965.0,453.0,200.25,246.75,40965.0,409.6499999999997,100.0,1000,0,1000,0.18996195902582258,924,0,0,0,0,0,1,0,0,0,1,1,2,2,0,1,68,0.7089269757270813,0.008246127516031265,1.407267451286316,0.18014106154441833,0.016391999999999997
506,49917.0,50175.0,0.9948579970104634,4.0,0.004,0.0,0.0,4.0,0.004,78.0,42117.0,649.6045570373535,250.39544296264648,0.0,42117.0,421.16999999999996,100.0,1000,0,1000,0.19196166703477502,922,0,0,2,1,0,0,0,0,0,0,1,3,0,0,0,71,0.795165479183197,0.01915374957025051,1.5589838027954102,0.21266233921051025,0.016364999999999998
507,50767.0,51804.0,0.9799822407536097,10.0,0.01,1.0,0.001,9.0,0.009,88.0,41967.0,407.41036224365234,144.36055707931519,348.22908067703247,41967.0,419.6699999999997,100.0,1000,1,999,0.18697449995670468,912,2,1,0,2,2,1,0,0,2,1,0,1,2,0,2,72,0.28827133774757385,-0.1023460105061531,0.7865835428237915,0.163693368434906,0.016338
508,51134.0,51796.0,0.9872190902772415,10.0,0.01,0.0,0.0,10.0,0.01,91.0,42034.0,801.0,99.0,0.0,42034.0,420.3399999999994,100.0,1000,0,1000,0.20262941694818437,909,0,3,1,3,2,0,4,0,2,0,2,1,0,2,0,71,0.7596572637557983,-0.01127560529857874,1.5496878623962402,0.23978175222873688,0.016311
509,49373.0,49462.0,0.9982006388742873,2.0,0.002,1.0,0.001,1.0,0.001,81.0,41273.0,718.0,174.9375,7.0625,41273.0,412.7299999999996,100.0,1000,1,999,0.19871520798187703,919,1,0,0,1,0,0,2,0,0,0,0,2,0,2,1,72,0.2419847995042801,-0.08860991895198822,0.6673392653465271,0.18883007764816284,0.016284
510,51012.0,51185.0,0.9966201035459608,3.0,0.003,1.0,0.001,2.0,0.002,87.0,42312.0,724.782600402832,175.21739959716797,0.0,42312.0,423.1199999999998,100.0,1000,1,999,0.18952345789875835,913,0,0,0,0,1,1,0,0,2,0,5,3,1,1,3,70,0.4676300287246704,0.0008998744306154549,0.9415777921676636,0.24966245889663696,0.016257
511,50121.0,50686.0,0.988852937694827,10.0,0.01,1.0,0.001,9.0,0.009,85.0,41621.0,518.0,0.0,382.0,41621.0,416.2099999999999,100.0,1000,1,999,0.19689762499183416,915,1,1,0,1,1,1,0,0,4,0,2,1,0,1,0,72,0.48641154170036316,0.06260228157043457,0.8547118902206421,0.21852664649486542,0.01623
512,49057.0,49803.0,0.9850209826717266,10.0,0.01,2.0,0.002,8.0,0.008,85.0,40557.0,631.8722991943359,112.26596260070801,155.86173820495605,40557.0,405.5699999999999,100.0,1000,2,998,0.18771766603458673,915,1,1,0,2,0,0,0,1,5,0,0,0,1,2,1,71,0.4106880724430084,-0.06452755630016327,0.9567827582359314,0.19599878787994385,0.016203
513,48653.0,49282.0,0.9872367192889899,7.0,0.007,0.0,0.0,7.0,0.007,81.0,40553.0,514.3082275390625,0.0,385.6917724609375,40553.0,405.5299999999997,100.0,1000,0,1000,0.19589974998962134,919,0,1,0,1,0,1,1,0,2,1,0,0,2,0,2,70,0.3970588743686676,-0.03559704124927521,0.8724351525306702,0.22018024325370789,0.016176
514,50051.0,50521.0,0.990696937907009,5.0,0.005,0.0,0.0,5.0,0.005,83.0,41751.0,594.974609375,127.6329345703125,177.3924560546875,41751.0,417.5100000000003,100.0,1000,0,1000,0.1898353329161182,917,0,0,0,1,0,1,0,0,2,2,2,2,0,0,2,71,0.4756585359573364,0.021524185314774513,0.9150611758232117,0.21030600368976593,0.016148999999999997
515,49829.0,50004.0,0.9965002799776018,3.0,0.003,1.0,0.001,2.0,0.002,87.0,41129.0,591.4666748046875,212.11666107177734,96.41666412353516,41129.0,411.29000000000025,100.0,1000,1,999,0.19761883397586644,913,0,2,1,3,1,0,0,0,4,0,1,0,0,1,2,72,0.3098915219306946,-0.043406881392002106,0.714041531085968,0.23088771104812622,0.016121999999999997
516,48355.0,49684.0,0.9732509459785846,11.0,0.011,2.0,0.002,9.0,0.009,81.0,40255.0,654.0,61.5,184.5,40255.0,402.54999999999933,100.0,1000,2,998,0.19509649998508394,919,0,0,0,0,0,1,0,0,4,0,1,2,1,0,0,72,0.5770322680473328,-0.01610519550740719,1.193042516708374,0.21024134755134583,0.016094999999999998
517,51258.0,51544.0,0.994451342542294,4.0,0.004,0.0,0.0,4.0,0.004,94.0,41858.0,432.85369873046875,437.94965744018555,29.196643829345703,41858.0,418.58000000000027,100.0,1000,0,1000,0.19551233295351267,906,2,2,1,4,0,0,2,0,3,1,1,2,2,0,1,73,0.6649757027626038,0.05907280743122101,1.2200403213500977,0.25623828172683716,0.016068
518,50218.0,50505.0,0.9943173943173943,4.0,0.004,2.0,0.002,2.0,0.002,88.0,41418.0,534.375,365.625,0.0,41418.0,414.17999999999984,100.0,1000,2,998,0.19202733400743455,912,1,0,0,4,1,0,2,0,4,0,1,2,0,1,1,71,0.5131178498268127,-0.03645236790180206,1.1086599826812744,0.296725332736969,0.016041
519,49415.0,49768.0,0.992907088892461,5.0,0.005,2.0,0.002,3.0,0.003,90.0,40415.0,722.3276869701222,105.02259782183683,72.64971520804102,40415.0,404.15,100.0,1000,2,998,0.18708229204639792,910,0,2,0,0,1,0,1,0,4,2,3,2,0,1,1,73,0.39440202713012695,-0.04399752616882324,0.8844743967056274,0.23964357376098633,0.016014
520,49498.0,50405.0,0.9820057533974804,14.0,0.014,2.0,0.002,12.0,0.012,83.0,41198.0,705.634521484375,62.44352722167969,131.9219512939453,41198.0,411.9799999999996,100.0,1000,2,998,0.18727416603360325,917,1,1,0,2,0,0,1,0,2,0,1,1,1,0,1,72,0.9495272040367126,0.07039012759923935,1.7658575773239136,0.23717176914215088,0.015986999999999998
521,48888.0,49894.0,0.9798372549805587,13.0,0.013,2.0,0.002,11.0,0.011,90.0,39888.0,552.3390267005112,96.25747890426692,251.40349439522203,39888.0,398.8799999999998,100.0,1000,2,998,0.18897316697984934,910,2,1,0,5,1,1,1,0,3,0,3,4,1,0,3,65,0.33968788385391235,-0.04700706899166107,0.781470775604248,0.2531595528125763,0.01596
522,50211.0,50458.0,0.9951048396686353,4.0,0.004,2.0,0.002,2.0,0.002,92.0,41011.0,692.0625,10.4501953125,197.4873046875,41011.0,410.1099999999998,100.0,1000,2,998,0.1864044580142945,908,0,0,1,5,3,1,0,0,2,0,3,2,0,0,2,73,0.42172953486442566,-0.0698927789926529,0.99004065990448,0.21327054500579834,0.015933
523,48534.0,49750.0,0.9755577889447237,14.0,0.014,4.0,0.004,10.0,0.01,85.0,40034.0,693.2182977385819,206.7817022614181,0.0,40034.0,400.33999999999986,100.0,1000,4,996,0.18572641699574888,914,0,2,0,1,0,1,1,0,3,0,3,2,1,1,0,71,0.5926374793052673,-0.06636776775121689,1.3252679109573364,0.2281365841627121,0.015905999999999997
524,49522.0,50206.0,0.9863761303429869,12.0,0.012,4.0,0.004,8.0,0.008,81.0,41422.0,503.75,396.25,0.0,41422.0,414.21999999999935,100.0,1000,4,996,0.19765537499915808,919,2,0,0,0,0,0,0,0,1,0,0,2,2,0,0,74,0.6719341278076172,-0.011380963958799839,1.3726516962051392,0.18960551917552948,0.015878999999999997
525,50365.0,50582.0,0.9957099363409909,5.0,0.005,3.0,0.003,2.0,0.002,89.0,41465.0,566.32421875,333.67578125,0.0,41465.0,414.6500000000003,100.0,1000,3,997,0.18841120891738683,911,0,3,2,1,0,0,1,1,2,0,0,0,1,1,2,75,0.4051398038864136,0.04099392145872116,0.7348870635032654,0.20802758634090424,0.015851999999999998
526,49398.0,50492.0,0.9783332012992157,12.0,0.012,1.0,0.001,11.0,0.011,82.0,41198.0,696.841796875,203.158203125,0.0,41198.0,411.98,100.0,1000,1,999,0.19771754194516689,918,1,0,0,0,0,2,0,0,1,0,1,1,1,1,0,74,0.2649306356906891,-0.09434881806373596,0.7244845032691956,0.18722215294837952,0.015825
527,47485.0,48190.0,0.9853704087985059,8.0,0.008,1.0,0.001,7.0,0.007,81.0,39385.0,722.625,85.265625,92.109375,39385.0,393.8499999999993,100.0,1000,1,999,0.1881765000289306,919,0,0,0,1,0,0,1,0,1,1,3,2,1,0,1,70,0.6954091191291809,0.02071492373943329,1.355433464050293,0.1913251429796219,0.015798
528,49382.0,49543.0,0.9967502977211715,3.0,0.003,3.0,0.003,0.0,0.0,85.0,40882.0,767.101318359375,132.898681640625,0.0,40882.0,408.8200000000002,100.0,1000,3,997,0.19368108303751796,915,0,0,0,1,1,3,1,0,0,0,0,1,2,0,1,75,0.6044349074363708,0.005092923063784838,1.2055528163909912,0.2177673578262329,0.015771
529,49841.0,50014.0,0.9965409685288119,3.0,0.003,2.0,0.002,1.0,0.001,81.0,41741.0,380.3125,389.765625,129.921875,41741.0,417.41000000000037,100.0,1000,2,998,0.19843250000849366,919,0,1,0,1,0,0,1,0,0,0,1,1,1,0,0,75,0.7979731559753418,0.052577272057533264,1.4974138736724854,0.21030476689338684,0.015743999999999998
530,49627.0,50005.0,0.9924407559244076,5.0,0.005,0.0,0.0,5.0,0.005,86.0,41027.0,518.0625,106.0,275.9375,41027.0,410.2700000000002,100.0,1000,0,1000,0.20036087499465793,914,0,0,0,2,1,5,0,0,2,0,0,1,1,0,1,73,0.6001788377761841,0.028819939121603966,1.1502251625061035,0.23882929980754852,0.015717
531,48602.0,49366.0,0.9845237612931977,10.0,0.01,3.0,0.003,7.0,0.007,85.0,40102.0,797.46484375,22.664382934570312,79.87077331542969,40102.0,401.0199999999992,100.0,1000,3,997,0.18937283393461257,915,0,0,0,1,0,1,1,0,3,3,1,2,3,0,1,69,0.3731812834739685,-0.06053365021944046,0.8736358284950256,0.19776783883571625,0.01569
532,50273.0,50760.0,0.9904058313632782,9.0,0.009,3.0,0.003,6.0,0.006,90.0,41273.0,682.0,63.125,154.875,41273.0,412.7299999999997,100.0,1000,3,997,0.19214450009167194,910,0,2,3,0,0,4,0,0,1,0,0,0,1,0,4,75,0.5851448178291321,0.0939583107829094,0.9893010854721069,0.22116181254386902,0.015662999999999996
533,49474.0,49690.0,0.9956530489031998,3.0,0.003,1.0,0.001,2.0,0.002,87.0,40774.0,365.4056396484375,99.5396556854248,435.0547046661377,40774.0,407.7399999999996,100.0,1000,1,999,0.20591645792592317,913,0,1,0,6,1,2,1,0,1,0,0,3,0,0,1,71,0.7254906892776489,0.13337290287017822,1.191756248474121,0.24049058556556702,0.015635999999999997
534,48774.0,49335.0,0.988628762541806,9.0,0.009,1.0,0.001,8.0,0.008,85.0,40274.0,474.75,224.9296875,200.3203125,40274.0,402.74000000000075,100.0,1000,1,999,0.195865000016056,914,0,0,0,4,0,3,3,0,2,0,0,1,0,0,1,72,0.36082544922828674,-0.0019381848396733403,0.731887698173523,0.20374111831188202,0.015608999999999998
535,48775.0,49506.0,0.9852341130368036,8.0,0.008,3.0,0.003,5.0,0.005,84.0,40375.0,557.130883778118,98.41295929160287,244.45615693027912,40375.0,403.75000000000045,100.0,1000,3,997,0.19881945801898837,916,0,1,0,1,1,1,1,0,4,0,3,1,2,0,1,68,0.9661039710044861,0.0740923285484314,1.7908034324645996,0.21756426990032196,0.015581999999999999
536,49489.0,49598.0,0.9978023307391427,3.0,0.003,1.0,0.001,2.0,0.002,86.0,40889.0,532.4129943847656,367.5870056152344,0.0,40889.0,408.8899999999998,100.0,1000,1,999,0.20381141698453575,914,0,1,0,1,0,5,1,1,4,1,0,0,1,0,0,71,0.2999357283115387,-0.05000385642051697,0.7071875929832458,0.23492196202278137,0.015554999999999998
537,50295.0,50610.0,0.9937759336099585,5.0,0.005,2.0,0.002,3.0,0.003,89.0,41395.0,800.0,29.6875,70.3125,41395.0,413.9500000000002,100.0,1000,2,998,0.2033343749353662,911,0,1,0,1,0,3,0,0,1,1,1,1,2,0,1,77,0.31039974093437195,-0.15249842405319214,0.9306572079658508,0.15652023255825043,0.015527999999999998
538,49019.0,50020.0,0.9799880047980808,10.0,0.01,3.0,0.003,7.0,0.007,80.0,41019.0,443.8014221191406,0.0,456.1985778808594,41019.0,410.1900000000002,100.0,1000,3,997,0.19832075003068894,920,2,0,0,0,0,2,0,0,0,0,3,1,1,0,1,70,0.7810292840003967,0.10274997353553772,1.3635014295578003,0.22394979000091553,0.015500999999999997
539,48932.0,49322.0,0.9920927780706379,5.0,0.005,1.0,0.001,4.0,0.004,77.0,41232.0,656.0,199.75,44.25,41232.0,412.3200000000001,100.0,1000,1,999,0.19419070810545236,923,0,0,0,1,0,0,0,0,1,1,0,0,0,0,1,73,0.6152331233024597,-0.02189072035253048,1.2795132398605347,0.1701417863368988,0.015473999999999998
540,49610.0,50111.0,0.9900021951268184,7.0,0.007,1.0,0.001,6.0,0.006,82.0,41410.0,418.8088626861572,300.74446082115173,180.44667649269104,41410.0,414.10000000000025,100.0,1000,1,999,0.19119012507144362,918,0,1,0,1,2,3,0,0,2,1,1,0,0,0,1,70,0.2580633759498596,-0.12860828638076782,0.7786608338356018,0.1721210777759552,0.015446999999999999
541,49923.0,50155.0,0.9953743395474031,5.0,0.005,2.0,0.002,3.0,0.003,85.0,41423.0,558.375,136.3017578125,205.3232421875,41423.0,414.2299999999996,100.0,1000,2,998,0.19548937503714114,915,0,1,0,0,3,3,1,0,2,1,1,1,0,0,0,72,0.37987297773361206,-0.051307085901498795,0.8679611682891846,0.18161547183990479,0.015419999999999998
542,49607.0,50031.0,0.9915252543423078,7.0,0.007,3.0,0.003,4.0,0.004,80.0,41607.0,777.0,103.3125,19.6875,41607.0,416.0699999999993,100.0,1000,3,997,0.1940347079653293,920,0,1,0,0,0,2,1,0,0,2,1,3,1,1,0,68,0.35457849502563477,-0.029511641710996628,0.7746066451072693,0.20874306559562683,0.015392999999999999
543,49307.0,49953.0,0.9870678437731467,10.0,0.01,3.0,0.003,7.0,0.007,78.0,41507.0,543.3671875,295.76416015625,60.86865234375,41507.0,415.07000000000005,100.0,1000,3,997,0.19165175000671297,922,0,0,1,1,0,1,0,1,1,0,0,0,0,0,3,70,0.5767163634300232,0.05335066094994545,1.0520620346069336,0.173456609249115,0.015365999999999998
544,50125.0,51680.0,0.9699109907120743,13.0,0.013,2.0,0.002,11.0,0.011,81.0,42025.0,650.0625,249.9375,0.0,42025.0,420.24999999999955,100.0,1000,2,998,0.192012874991633,919,0,0,0,1,3,2,1,0,1,1,0,0,1,0,2,69,0.351494699716568,-0.07373493909835815,0.8550169467926025,0.14856469631195068,0.015338999999999998
545,49849.0,51129.0,0.974965283889769,17.0,0.017,4.0,0.004,13.0,0.013,78.0,42049.0,489.46415551006794,282.2433930868283,128.29245140310377,42049.0,420.48999999999955,100.0,1000,4,996,0.19390466704498976,922,0,0,0,1,4,1,0,0,0,3,3,0,0,0,0,66,0.8163162469863892,0.04616226255893707,1.5461636781692505,0.19121235609054565,0.015311999999999997
546,49589.0,49849.0,0.9947842484302594,4.0,0.004,0.0,0.0,4.0,0.004,77.0,41889.0,427.31866455078125,117.95656299591064,354.7247724533081,41889.0,418.89000000000067,100.0,1000,0,1000,0.19221616606228054,923,1,1,0,0,1,1,0,0,0,3,2,0,0,0,0,68,0.28427574038505554,-0.06290795654058456,0.7001588344573975,0.18944762647151947,0.015284999999999998
547,50515.0,50971.0,0.9910537364383669,6.0,0.006,0.0,0.0,6.0,0.006,82.0,42315.0,586.3325015679002,313.6674984320998,0.0,42315.0,423.1499999999997,100.0,1000,0,1000,0.18799491703975946,918,0,0,0,1,0,2,0,0,2,0,3,2,0,0,2,70,0.2007385790348053,-0.07751328498125076,0.5625002384185791,0.1965045928955078,0.015257999999999997
548,49758.0,50011.0,0.9949411129551499,4.0,0.004,2.0,0.002,2.0,0.002,80.0,41758.0,740.0,90.0,70.0,41758.0,417.57999999999976,100.0,1000,2,998,0.1866377079859376,920,0,0,0,0,2,1,1,0,1,0,0,0,0,0,0,75,0.574583888053894,0.050519902259111404,1.0539757013320923,0.19196859002113342,0.015230999999999998
549,48505.0,49042.0,0.9890502018677868,7.0,0.007,2.0,0.002,5.0,0.005,79.0,40605.0,577.375,37.0,285.625,40605.0,406.0499999999998,100.0,1000,2,998,0.1909315000521019,921,0,0,0,1,2,0,0,0,1,0,0,1,1,1,1,71,0.4557510316371918,0.01499019656330347,0.8862373232841492,0.15507973730564117,0.015203999999999999
550,50834.0,52276.0,0.9724156400642743,17.0,0.017,0.0,0.0,17.0,0.017,76.0,43234.0,492.078125,25.4951171875,382.4267578125,43234.0,432.3399999999998,100.0,1000,0,1000,0.2121672909706831,924,0,0,0,1,0,0,0,0,0,0,1,1,0,0,3,70,0.8015357851982117,0.05559929832816124,1.4974064826965332,0.18229785561561584,0.015176999999999998
551,51645.0,52638.0,0.9811353014932178,10.0,0.01,0.0,0.0,10.0,0.01,79.0,43745.0,584.0,0.0,316.0,43745.0,437.45000000000067,100.0,1000,0,1000,0.1912775420350954,921,1,0,0,0,0,1,0,0,1,0,1,1,0,0,2,72,0.8316871523857117,0.0645286962389946,1.5406571626663208,0.20924974977970123,0.015149999999999999
552,49454.0,50089.0,0.9873225658328176,10.0,0.01,2.0,0.002,8.0,0.008,81.0,41354.0,374.82421875,61.25,463.92578125,41354.0,413.5399999999993,100.0,1000,2,998,0.18830591591540724,919,0,1,2,0,0,3,1,0,0,1,0,0,0,0,0,73,0.22242514789104462,-0.05147886276245117,0.5531336069107056,0.17607590556144714,0.015122999999999998
553,48397.0,49411.0,0.9794782538301188,9.0,0.009,1.0,0.001,8.0,0.008,77.0,40697.0,655.62890625,116.240966796875,128.130126953125,40697.0,406.97,100.0,1000,1,999,0.18591674999333918,923,0,1,0,0,0,2,0,1,2,0,1,0,0,0,0,70,0.5798202753067017,-0.003719125874340534,1.1736323833465576,0.21706260740756989,0.015095999999999998
554,49425.0,49540.0,0.9976786435203876,1.0,0.001,0.0,0.0,1.0,0.001,84.0,41025.0,603.1356201171875,153.71609497070312,143.14828491210938,41025.0,410.2499999999998,100.0,1000,0,1000,0.18599904095754027,916,0,1,0,1,1,1,1,0,2,1,0,1,2,1,2,70,0.43662863969802856,-0.02731957472860813,0.9338748455047607,0.19836804270744324,0.015068999999999997
555,49255.0,49966.0,0.9857703238201977,11.0,0.011,2.0,0.002,9.0,0.009,80.0,41255.0,540.44140625,125.1396484375,234.4189453125,41255.0,412.55000000000035,100.0,1000,2,998,0.18750029196962714,920,0,1,1,1,0,1,0,0,3,0,0,1,0,1,0,71,0.5563147068023682,-0.02010435052216053,1.1579827070236206,0.17100726068019867,0.015041999999999998
556,49930.0,50777.0,0.9833192193315872,11.0,0.011,4.0,0.004,7.0,0.007,81.0,41830.0,655.4566516876221,244.54334831237793,0.0,41830.0,418.2999999999997,100.0,1000,4,996,0.18618741701357067,919,1,0,1,1,0,1,0,0,1,3,1,0,0,1,2,69,0.4500149190425873,-0.005781280808150768,0.9172640442848206,0.18886496126651764,0.015014999999999997
557,49258.0,49744.0,0.9902299774847217,7.0,0.007,2.0,0.002,5.0,0.005,81.0,41158.0,732.0,14.80078125,153.19921875,41158.0,411.5799999999995,100.0,1000,2,998,0.1861084580887109,919,1,0,0,0,0,1,0,1,0,0,0,1,4,0,5,68,0.6630240082740784,0.032884631305933,1.265234351158142,0.16532059013843536,0.014987999999999998
558,49251.0,50104.0,0.9829754111448188,12.0,0.012,1.0,0.001,11.0,0.011,76.0,41651.0,335.0,29.0,536.0,41651.0,416.51000000000056,100.0,1000,1,999,0.18639958300627768,924,0,0,1,0,0,2,0,0,0,0,0,0,0,0,1,72,0.39935600757598877,0.05377964302897453,0.6967793107032776,0.18804004788398743,0.014960999999999997
559,50491.0,51406.0,0.9822005213399214,11.0,0.011,1.0,0.001,10.0,0.01,78.0,42691.0,518.875,94.6337890625,286.4912109375,42691.0,426.91,100.0,1000,1,999,0.18711237492971122,922,0,0,0,0,2,1,0,0,0,1,1,0,1,1,4,67,0.49275243282318115,0.05248234048485756,0.8863600492477417,0.19485299289226532,0.014933999999999998
560,50693.0,51380.0,0.9866290385363955,10.0,0.01,0.0,0.0,10.0,0.01,83.0,42393.0,614.1073502674699,90.89419875916792,194.9984509733622,42393.0,423.92999999999967,100.0,1000,0,1000,0.1857239999808371,917,0,0,0,0,1,4,2,0,0,3,1,0,0,0,2,70,0.3105357587337494,-0.036593466997146606,0.6993946433067322,0.172274649143219,0.014906999999999998
561,48794.0,50027.0,0.975353309213025,12.0,0.012,2.0,0.002,10.0,0.01,81.0,40694.0,682.1179474068147,217.88205259318536,0.0,40694.0,406.94000000000005,100.0,1000,2,998,0.18672258395235986,919,0,0,2,0,1,0,2,1,5,0,1,1,0,0,1,67,0.7690865397453308,0.06359333544969559,1.4157414436340332,0.1597769558429718,0.014879999999999997
562,48070.0,49436.0,0.972368314588559,10.0,0.01,0.0,0.0,10.0,0.01,74.0,40670.0,505.8515625,394.1484375,0.0,40670.0,406.70000000000005,100.0,1000,0,1000,0.18566774995997548,926,0,0,0,0,0,2,0,0,1,0,1,2,0,0,2,66,0.23480422794818878,-0.03583609685301781,0.5463221073150635,0.16971184313297272,0.014852999999999998
563,51218.0,52436.0,0.9767716835761691,15.0,0.015,1.0,0.001,14.0,0.014,75.0,43718.0,748.71875,151.28125,0.0,43718.0,437.17999999999915,100.0,1000,1,999,0.19128812500275671,925,0,1,0,0,0,0,0,0,0,0,0,1,0,0,2,71,0.4127759337425232,-0.07696069031953812,0.9851472973823547,0.19135423004627228,0.014825999999999997
564,48174.0,48656.0,0.9900937191713253,8.0,0.008,1.0,0.001,7.0,0.007,78.0,40374.0,535.6318359375,141.342041015625,223.026123046875,40374.0,403.7399999999995,100.0,1000,1,999,0.1872998329345137,922,0,0,0,0,1,1,1,0,1,0,0,1,2,0,2,69,0.13597826659679413,-0.13505731523036957,0.546019971370697,0.13341468572616577,0.014799000000000001
565,48735.0,49584.0,0.982877541142304,13.0,0.013,2.0,0.002,11.0,0.011,79.0,40835.0,617.0972290039062,282.90277099609375,0.0,40835.0,408.35000000000036,100.0,1000,2,998,0.18644070799928159,921,0,1,1,2,1,0,0,0,1,0,0,1,2,0,1,69,0.5072070956230164,-0.010729745961725712,1.0408754348754883,0.16929815709590912,0.014772
566,48734.0,49089.0,0.9927682372833018,6.0,0.006,1.0,0.001,5.0,0.005,75.0,41234.0,622.625,277.375,0.0,41234.0,412.3400000000004,100.0,1000,1,999,0.18634058290626854,925,0,0,0,2,0,1,0,0,0,0,2,2,0,0,0,68,0.37577566504478455,-0.0747673287987709,0.9056187272071838,0.15370383858680725,0.014745000000000001
567,48497.0,49017.0,0.9893914356243753,11.0,0.011,0.0,0.0,11.0,0.011,73.0,41197.0,567.083984375,242.3172607421875,90.5987548828125,41197.0,411.97000000000014,100.0,1000,0,1000,0.18643916700966656,927,0,0,0,0,2,1,0,0,0,0,1,1,0,0,4,64,0.17424291372299194,-0.013068490661680698,0.38059327006340027,0.20282813906669617,0.014718
568,51453.0,52230.0,0.9851234922458357,9.0,0.009,1.0,0.001,8.0,0.008,77.0,43753.0,622.0,278.0,0.0,43753.0,437.52999999999963,100.0,1000,1,999,0.1866945830406621,923,0,0,0,0,0,0,0,1,3,0,1,0,1,0,0,71,0.607342004776001,-0.023474043235182762,1.266334056854248,0.16002829372882843,0.014691000000000001
569,49234.0,50430.0,0.9762839579615308,8.0,0.008,1.0,0.001,7.0,0.007,80.0,41234.0,238.47552698291838,29.0,632.5244730170816,41234.0,412.34,100.0,1000,1,999,0.1864038750063628,920,0,0,0,1,1,3,0,2,1,1,1,1,0,0,2,67,0.5352540016174316,0.05778484791517258,0.9601849913597107,0.17889420688152313,0.014664
570,48716.0,49347.0,0.9872130018035544,13.0,0.013,0.0,0.0,13.0,0.013,78.0,40916.0,580.6875,319.3125,0.0,40916.0,409.1599999999993,100.0,1000,0,1000,0.18694183300249279,922,2,0,0,3,0,0,1,0,3,1,1,0,0,0,0,67,0.5501746535301208,0.11521695554256439,0.8768996000289917,0.23858100175857544,0.014637
571,50396.0,50876.0,0.9905652960138376,5.0,0.005,0.0,0.0,5.0,0.005,82.0,42196.0,565.033203125,152.5534210205078,182.4133758544922,42196.0,421.9599999999998,100.0,1000,0,1000,0.18633729103021324,918,1,0,0,0,0,2,1,1,1,0,1,1,0,0,1,73,0.41818833351135254,0.025234421715140343,0.7911561131477356,0.17961420118808746,0.01461
572,49388.0,49781.0,0.9921054217472529,5.0,0.005,0.0,0.0,5.0,0.005,77.0,41688.0,536.5,363.5,0.0,41688.0,416.8800000000002,100.0,1000,0,1000,0.18628445791546255,923,2,1,0,0,0,0,0,0,0,0,1,1,1,0,1,70,0.20134566724300385,-0.07588063180446625,0.5600265860557556,0.19111239910125732,0.014583
573,50955.0,51212.0,0.9949816449269703,4.0,0.004,2.0,0.002,2.0,0.002,81.0,42855.0,246.0,427.125,226.875,42855.0,428.5500000000001,100.0,1000,2,998,0.19058695796411484,919,0,0,0,2,0,0,1,2,0,0,0,0,0,0,1,75,0.3557420074939728,-0.015346350148320198,0.7473331093788147,0.17712241411209106,0.014556
574,50211.0,50343.0,0.9973779870091175,2.0,0.002,0.0,0.0,2.0,0.002,79.0,42311.0,254.1875,161.453125,484.359375,42311.0,423.11000000000075,100.0,1000,0,1000,0.18744970799889416,921,0,0,0,0,0,0,0,0,0,0,0,3,1,0,0,75,0.4166577160358429,0.05836232379078865,0.722092866897583,0.18934835493564606,0.014529
575,49224.0,50154.0,0.9814571120947482,9.0,0.009,0.0,0.0,9.0,0.009,78.0,41424.0,551.9375,348.0625,0.0,41424.0,414.2399999999995,100.0,1000,0,1000,0.18813533300999552,922,1,0,0,1,0,0,0,1,3,1,0,0,0,0,2,69,0.6504014730453491,0.05610358342528343,1.1940228939056396,0.18711617588996887,0.014502000000000001
576,49650.0,51210.0,0.9695371997656708,11.0,0.011,2.0,0.002,9.0,0.009,82.0,41450.0,480.3427734375,155.17670059204102,264.480525970459,41450.0,414.5,100.0,1000,2,998,0.18685825006105006,918,0,0,4,1,0,1,2,0,0,0,0,1,1,1,2,69,0.5614272952079773,-0.0691782757639885,1.2666130065917969,0.18659289181232452,0.014475
577,50717.0,50820.0,0.9979732388823298,3.0,0.003,0.0,0.0,3.0,0.003,86.0,42117.0,638.096487136645,93.0,168.903512863355,42117.0,421.16999999999973,100.0,1000,0,1000,0.18691354198381305,914,0,0,1,0,0,1,1,1,0,2,1,2,2,1,2,72,0.36871811747550964,-0.04608924314379692,0.835099995136261,0.18982963263988495,0.014448
578,48193.0,49357.0,0.9764167190064226,10.0,0.01,1.0,0.001,9.0,0.009,79.0,40293.0,512.7652587890625,142.55868530273438,244.67605590820312,40293.0,402.92999999999984,100.0,1000,1,999,0.18711433408316225,921,1,0,0,1,0,2,0,1,2,0,0,1,0,1,1,69,0.5776711702346802,-0.015649544075131416,1.19338059425354,0.23365901410579681,0.014421
579,48767.0,48988.0,0.9954886911080264,4.0,0.004,1.0,0.001,3.0,0.003,86.0,40167.0,613.4695434570312,54.85091805458069,231.67953848838806,40167.0,401.6700000000004,100.0,1000,1,999,0.24884045799262822,914,0,0,0,0,4,1,2,1,1,1,2,1,1,1,3,68,0.23208805918693542,-0.058619048446416855,0.5869084596633911,0.19085143506526947,0.014394
580,48080.0,48658.0,0.9881211722635538,9.0,0.009,3.0,0.003,6.0,0.006,81.0,39980.0,723.85205078125,176.14794921875,0.0,39980.0,399.79999999999967,100.0,1000,3,997,0.3032413750188425,919,0,0,0,2,1,0,0,0,1,2,2,0,0,0,5,68,0.352243572473526,-0.03095162659883499,0.7711511850357056,0.16568562388420105,0.014367000000000001
581,51038.0,51371.0,0.9935177434739444,5.0,0.005,2.0,0.002,3.0,0.003,83.0,42738.0,448.92825035750866,451.07174964249134,0.0,42738.0,427.37999999999965,100.0,1000,2,998,0.19652545906137675,917,0,0,0,0,1,2,0,0,3,1,0,0,0,0,3,73,0.5683274269104004,0.10244123637676239,0.9386627078056335,0.24024683237075806,0.014339999999999999
582,48355.0,49448.0,0.9778959715256431,8.0,0.008,0.0,0.0,8.0,0.008,78.0,40555.0,527.1953125,372.8046875,0.0,40555.0,405.54999999999995,100.0,1000,0,1000,0.19543662504293025,922,0,0,0,2,0,0,0,0,1,3,0,1,1,0,0,70,0.6674981713294983,0.12225721776485443,1.0969127416610718,0.22465072572231293,0.014313
583,49356.0,49803.0,0.9910246370700561,9.0,0.009,5.0,0.005,4.0,0.004,83.0,41056.0,509.640625,61.8974609375,328.4619140625,41056.0,410.5599999999999,100.0,1000,5,995,0.2556635410292074,917,0,2,2,1,0,0,0,0,1,1,0,1,1,0,5,69,0.4415701925754547,0.0744144469499588,0.7398893237113953,0.1952209621667862,0.014286
584,49411.0,49853.0,0.9911339337652699,5.0,0.005,1.0,0.001,4.0,0.004,82.0,41211.0,705.234375,153.2724609375,41.4931640625,41211.0,412.1099999999999,100.0,1000,1,999,0.20962295797653496,918,0,0,0,0,0,0,0,1,2,2,0,1,2,1,4,69,0.42169082164764404,-0.07028571516275406,0.9901497960090637,0.21729150414466858,0.014259
585,50998.0,51978.0,0.9811458694062872,14.0,0.014,3.0,0.003,11.0,0.011,82.0,42798.0,168.16444396972656,213.0,518.8355560302734,42798.0,427.9800000000005,100.0,1000,3,997,0.19414141704328358,918,0,1,2,1,1,1,1,0,1,0,1,0,0,0,0,73,0.49034667015075684,0.02311626262962818,0.9403142333030701,0.20564241707324982,0.014232000000000002
586,49484.0,49949.0,0.9906905043144006,8.0,0.008,3.0,0.003,5.0,0.005,80.0,41484.0,582.7265625,317.2734375,0.0,41484.0,414.84000000000015,100.0,1000,3,997,0.23372641706373543,920,0,1,0,1,0,1,1,0,1,0,1,2,2,1,1,68,0.3911047577857971,0.030604349449276924,0.7268640995025635,0.20638138055801392,0.014204999999999999
587,49818.0,50019.0,0.9959815270197325,4.0,0.004,2.0,0.002,2.0,0.002,83.0,41518.0,749.5703125,65.81298828125,84.61669921875,41518.0,415.1800000000002,100.0,1000,2,998,0.18767312506679446,917,0,0,1,0,0,1,0,1,3,1,0,0,0,0,5,71,0.3497413694858551,-0.034261494874954224,0.7741405963897705,0.21635112166404724,0.014178
588,48550.0,49001.0,0.9907961062019143,7.0,0.007,2.0,0.002,5.0,0.005,84.0,40150.0,608.4129224854182,291.58707751458184,0.0,40150.0,401.4999999999999,100.0,1000,2,998,0.1864394589792937,916,0,0,2,3,0,1,0,0,1,0,0,2,1,1,4,69,0.4340175688266754,0.015764502808451653,0.8427106738090515,0.21922552585601807,0.014151
589,49209.0,49659.0,0.9909381985138646,9.0,0.009,2.0,0.002,7.0,0.007,83.0,40909.0,574.119140625,95.51895141601562,230.36190795898438,40909.0,409.09000000000015,100.0,1000,2,998,0.18809854099527,917,0,0,0,2,0,1,2,2,0,2,2,1,0,0,2,69,0.5005080699920654,-0.01425257883965969,1.0352027416229248,0.2011273056268692,0.014124000000000001
590,49485.0,50261.0,0.9845605937008814,12.0,0.012,5.0,0.005,7.0,0.007,81.0,41385.0,688.625,22.0,189.375,41385.0,413.8499999999993,100.0,1000,5,995,0.18806287494953722,919,0,0,0,1,1,0,0,0,1,0,1,2,0,0,2,73,0.3955857753753662,-0.036628369241952896,0.8696637749671936,0.1856946349143982,0.014096999999999998
591,50078.0,50580.0,0.9900751285092922,9.0,0.009,5.0,0.005,4.0,0.004,79.0,42178.0,571.69580078125,50.32438278198242,277.9798164367676,42178.0,421.7799999999999,100.0,1000,5,995,0.18635870795696974,921,0,0,1,0,0,2,0,0,0,1,1,0,1,0,2,71,0.7315042614936829,0.08440449833869934,1.2993444204330444,0.18283511698246002,0.01407
592,49103.0,49979.0,0.9824726385081735,14.0,0.014,2.0,0.002,12.0,0.012,78.0,41303.0,458.5,27.59375,413.90625,41303.0,413.02999999999975,100.0,1000,2,998,0.18710170895792544,922,0,1,0,0,0,1,0,1,1,1,3,0,0,0,3,67,0.5316221714019775,0.11595772951841354,0.836076021194458,0.1690240204334259,0.014043
593,49887.0,51421.0,0.9701678302639,18.0,0.018,3.0,0.003,15.0,0.015,77.0,42187.0,476.5162658691406,26.46773338317871,397.01600074768066,42187.0,421.8699999999999,100.0,1000,3,997,0.1870205830782652,923,1,0,1,0,1,0,1,0,0,0,0,1,1,1,1,69,0.6788825988769531,0.011577260680496693,1.340633511543274,0.21485565602779388,0.014016
594,49926.0,50331.0,0.9919532693568576,9.0,0.009,2.0,0.002,7.0,0.007,76.0,42326.0,710.0,138.8125,51.1875,42326.0,423.26000000000073,100.0,1000,2,998,0.20078858290798962,924,0,0,0,2,0,0,2,1,0,0,0,0,1,0,0,70,0.2915060818195343,-0.024774964898824692,0.6376398205757141,0.18148961663246155,0.013989000000000001
595,49237.0,49823.0,0.9882383638078799,10.0,0.01,2.0,0.002,8.0,0.008,78.0,41437.0,750.9375,149.0625,0.0,41437.0,414.3700000000007,100.0,1000,2,998,0.20047912490554154,922,0,1,0,1,1,1,0,1,0,1,3,1,0,0,3,65,0.29125845432281494,0.0019907078240066767,0.5835105776786804,0.17816467583179474,0.013961999999999999
596,48861.0,50062.0,0.9760097479125884,12.0,0.012,1.0,0.001,11.0,0.011,74.0,41461.0,378.5,280.453125,241.046875,41461.0,414.61000000000104,100.0,1000,1,999,0.20148083404637873,926,0,1,0,2,0,1,0,0,0,0,0,0,0,0,2,68,0.22694379091262817,-0.12041632831096649,0.6992779970169067,0.16353584825992584,0.013935
597,51364.0,52108.0,0.9857219620787595,8.0,0.008,0.0,0.0,8.0,0.008,77.0,43664.0,386.75,66.765625,446.484375,43664.0,436.6399999999999,100.0,1000,0,1000,0.2630859579658136,923,0,0,1,0,0,0,0,0,0,0,0,2,1,0,4,69,0.6301446557044983,0.05148765817284584,1.16324782371521,0.2133277952671051,0.013908
598,48929.0,49889.0,0.9807572811641845,8.0,0.008,0.0,0.0,8.0,0.008,79.0,41029.0,475.125,139.5234375,285.3515625,41029.0,410.2900000000007,100.0,1000,0,1000,0.20120016601867974,921,1,1,0,0,0,1,0,1,1,0,0,0,1,1,2,70,0.7254602909088135,0.09510758519172668,1.2659029960632324,0.18721777200698853,0.013881000000000001
599,50376.0,50757.0,0.9924936461965838,7.0,0.007,0.0,0.0,7.0,0.007,81.0,42276.0,499.0,73.3046875,327.6953125,42276.0,422.75999999999897,100.0,1000,0,1000,1.1305177500471473,919,2,0,1,0,2,0,0,0,1,0,1,1,0,0,4,69,0.6320431232452393,0.03454255685210228,1.2004926204681396,0.19819015264511108,0.013853999999999998
600,49327.0,49628.0,0.993934875473523,5.0,0.005,1.0,0.001,4.0,0.004,78.0,41527.0,713.6484375,94.72515869140625,91.62640380859375,41527.0,415.2700000000002,100.0,1000,1,999,0.276382791926153,922,1,0,0,1,0,0,0,0,0,2,0,0,0,0,4,70,0.41143131256103516,-0.03776325285434723,0.9027466773986816,0.15757572650909424,0.013826999999999999
601,49902.0,51113.0,0.9763073973353159,17.0,0.017,3.0,0.003,14.0,0.014,79.0,42002.0,618.0,65.0,217.0,42002.0,420.01999999999987,100.0,1000,3,997,0.188326874980703,921,0,0,0,0,0,1,0,0,1,2,1,0,0,0,2,72,0.4966292083263397,0.06903952360153198,0.859831690788269,0.16856183111667633,0.0138
602,48948.0,50460.0,0.9700356718192628,17.0,0.017,2.0,0.002,15.0,0.015,74.0,41548.0,265.631103515625,634.368896484375,0.0,41548.0,415.4800000000006,100.0,1000,2,998,0.19019562506582588,926,1,0,0,0,0,0,1,0,1,0,0,0,1,0,2,68,0.5999019742012024,0.08066725730895996,1.043451189994812,0.18085163831710815,0.013773
603,49243.0,50072.0,0.9834438408691484,12.0,0.012,4.0,0.004,8.0,0.008,77.0,41543.0,579.1493835449219,100.26581764221191,220.5847988128662,41543.0,415.4299999999999,100.0,1000,4,996,0.18930462491698563,923,0,0,0,0,0,0,0,1,1,0,3,0,1,0,2,69,0.6317756772041321,0.0020776016172021627,1.2633905410766602,0.14529329538345337,0.013746000000000001
604,48749.0,49674.0,0.9813785883963442,9.0,0.009,1.0,0.001,8.0,0.008,78.0,40949.0,464.85736083984375,105.00891494750977,330.1337242126465,40949.0,409.4899999999997,100.0,1000,1,999,0.18927387497387826,922,0,1,2,0,3,1,0,0,0,0,0,0,2,0,3,66,0.5224360227584839,-0.06300124526023865,1.1748825311660767,0.14607848227024078,0.013718999999999999
605,50773.0,51215.0,0.9913697159035438,7.0,0.007,1.0,0.001,6.0,0.006,77.0,43073.0,708.0,192.0,0.0,43073.0,430.72999999999934,100.0,1000,1,999,0.19134549994487315,923,0,0,0,0,0,1,1,0,0,0,0,0,1,0,1,73,0.663508951663971,0.15012994408607483,1.0302776098251343,0.12852835655212402,0.013692
606,48309.0,49226.0,0.981371632876935,13.0,0.013,0.0,0.0,13.0,0.013,73.0,41009.0,705.0,195.0,0.0,41009.0,410.0899999999996,100.0,1000,0,1000,0.1898534579668194,927,0,0,0,1,0,1,0,0,0,1,1,0,0,0,2,67,0.2817701995372772,-0.018615297973155975,0.6055917143821716,0.176388680934906,0.013665
607,49290.0,50298.0,0.9799594417273053,15.0,0.015,2.0,0.002,13.0,0.013,78.0,41490.0,512.8091081641614,85.59829221921973,301.5925996166188,41490.0,414.8999999999993,100.0,1000,2,998,0.192335500032641,922,0,0,1,0,3,0,0,0,1,0,2,1,2,0,2,66,0.46968406438827515,-0.011938273906707764,0.9675373435020447,0.1573788970708847,0.013638
608,50330.0,51339.0,0.980346325405637,14.0,0.014,2.0,0.002,12.0,0.012,76.0,42730.0,372.35540556907654,0.0,527.6445944309235,42730.0,427.29999999999967,100.0,1000,2,998,0.19102870905771852,924,0,1,1,0,0,0,0,1,0,0,1,1,1,0,2,68,0.7278692126274109,0.0785428136587143,1.3024036884307861,0.1377905160188675,0.013610999999999998
609,49402.0,50223.0,0.9836529080301853,13.0,0.013,1.0,0.001,12.0,0.012,75.0,41902.0,332.0240521430969,15.433123981580138,552.5428238753229,41902.0,419.01999999999964,100.0,1000,1,999,0.19134124997071922,925,0,0,0,1,1,2,0,0,1,0,1,0,1,0,3,65,0.6807950139045715,0.0460403673350811,1.2746129035949707,0.187851682305336,0.013583999999999999
610,49167.0,49567.0,0.9919301147941171,6.0,0.006,1.0,0.001,5.0,0.005,72.0,41967.0,535.0,365.0,0.0,41967.0,419.66999999999956,100.0,1000,1,999,0.19188262498937547,928,0,0,0,1,0,0,0,0,1,0,0,0,1,0,1,68,0.39679914712905884,0.005541653372347355,0.7865301966667175,0.14808586239814758,0.013557
611,49563.0,50980.0,0.972204786190663,15.0,0.015,0.0,0.0,15.0,0.015,75.0,42063.0,554.2275390625,50.25,295.5224609375,42063.0,420.6299999999999,100.0,1000,0,1000,0.18993429094552994,925,2,0,0,0,0,0,0,0,1,1,0,0,0,0,1,70,0.5736218690872192,-0.035989366471767426,1.2239298820495605,0.17396153509616852,0.01353
612,49858.0,50175.0,0.9936821126058795,5.0,0.005,0.0,0.0,5.0,0.005,74.0,42458.0,386.0,283.9375,230.0625,42458.0,424.5800000000007,100.0,1000,0,1000,0.19140579202212393,926,0,0,0,0,1,2,0,0,1,0,0,0,0,0,1,69,0.4035141170024872,0.02806336246430874,0.7554279565811157,0.1676080971956253,0.013503000000000001
613,50086.0,50523.0,0.9913504740415257,7.0,0.007,1.0,0.001,6.0,0.006,74.0,42686.0,304.125,595.875,0.0,42686.0,426.8599999999999,100.0,1000,1,999,0.18811929190997034,926,0,1,0,0,0,0,0,0,0,0,1,0,1,0,1,70,0.3497449457645416,0.024328337982296944,0.6547051668167114,0.14366291463375092,0.013475999999999998
614,50243.0,50726.0,0.9904782557268462,7.0,0.007,1.0,0.001,6.0,0.006,78.0,42443.0,442.515625,94.332763671875,363.151611328125,42443.0,424.4299999999999,100.0,1000,1,999,0.19228029099758714,922,2,0,1,0,0,0,0,1,0,1,0,3,1,1,1,67,0.30711477994918823,-0.11380777508020401,0.8458771109580994,0.14990071952342987,0.013449
615,49541.0,50452.0,0.981943233172124,13.0,0.013,2.0,0.002,11.0,0.011,78.0,41741.0,474.09811844996875,0.0,425.90188155003125,41741.0,417.41000000000065,100.0,1000,2,998,0.1909828749485314,922,1,0,0,0,0,0,0,1,4,1,0,0,2,0,3,66,0.2704010307788849,-0.06225543096661568,0.6698190569877625,0.16786286234855652,0.013422
616,48780.0,49665.0,0.9821806100875868,10.0,0.01,2.0,0.002,8.0,0.008,74.0,41380.0,753.9291773587465,146.07082264125347,0.0,41380.0,413.8000000000011,100.0,1000,2,998,0.1913481670198962,926,0,0,1,0,0,0,1,0,0,0,0,0,3,0,4,65,0.6760353446006775,0.12564025819301605,1.1044061183929443,0.13497301936149597,0.013395
617,49026.0,49790.0,0.9846555533239606,11.0,0.011,3.0,0.003,8.0,0.008,74.0,41626.0,507.8561096191406,97.90197944641113,294.24191093444824,41626.0,416.2599999999998,100.0,1000,3,997,0.18998641590587795,926,0,0,0,0,1,1,0,1,1,0,1,0,2,0,0,67,0.47340095043182373,-0.0732264444231987,1.0976479053497314,0.16431421041488647,0.013367999999999998
618,49339.0,49556.0,0.9956211155056905,4.0,0.004,0.0,0.0,4.0,0.004,74.0,41939.0,452.0,35.0,413.0,41939.0,419.3899999999995,100.0,1000,0,1000,0.18964004202280194,926,0,0,0,0,0,0,0,0,0,0,0,1,0,0,0,73,0.3160523772239685,0.032774586230516434,0.5705777406692505,0.15074574947357178,0.013340999999999999
619,49953.0,50958.0,0.9802778758977981,15.0,0.015,1.0,0.001,14.0,0.014,78.0,42153.0,609.0,148.5703125,142.4296875,42153.0,421.52999999999946,100.0,1000,1,999,0.19097762496676296,922,0,1,0,0,3,0,1,1,1,0,1,0,0,0,2,68,0.4153035283088684,0.034517593681812286,0.7658295035362244,0.15989330410957336,0.013314
620,48755.0,49149.0,0.9919835601945106,7.0,0.007,2.0,0.002,5.0,0.005,73.0,41455.0,604.75,0.0,295.25,41455.0,414.5500000000003,100.0,1000,2,998,0.19152354099787772,927,0,1,0,0,0,1,0,0,0,0,0,1,0,0,1,69,0.264609158039093,0.05060404911637306,0.4321158230304718,0.1544978767633438,0.013287
621,49619.0,49743.0,0.9975071869408761,3.0,0.003,1.0,0.001,2.0,0.002,77.0,41919.0,505.375,336.3828125,58.2421875,41919.0,419.19000000000005,100.0,1000,1,999,0.19068908295594156,923,0,0,1,0,0,1,0,1,1,2,0,0,2,0,1,68,0.3917822241783142,0.05355316027998924,0.6811057925224304,0.17525117099285126,0.013259999999999997
622,49225.0,49696.0,0.9905223760463618,7.0,0.007,0.0,0.0,7.0,0.007,73.0,41925.0,517.9121704101562,23.880489349365234,358.2073402404785,41925.0,419.2499999999998,100.0,1000,0,1000,0.1919432090362534,927,0,0,1,1,0,0,0,0,1,1,0,1,1,0,2,65,0.2171596884727478,-0.029847193509340286,0.4993494749069214,0.20160607993602753,0.013232999999999998
623,49406.0,50763.0,0.9732679313673345,15.0,0.015,2.0,0.002,13.0,0.013,75.0,41906.0,586.109375,39.236328125,274.654296875,41906.0,419.0600000000003,100.0,1000,2,998,0.19185441709123552,925,0,0,0,0,0,0,2,1,0,0,0,1,1,1,1,68,0.5638089776039124,0.028166869655251503,1.0758358240127563,0.17233175039291382,0.013205999999999999
624,49295.0,50069.0,0.9845413329605145,7.0,0.007,1.0,0.001,6.0,0.006,74.0,41895.0,463.0,437.0,0.0,41895.0,418.95000000000016,100.0,1000,1,999,0.18923925003036857,926,0,0,0,0,1,0,0,0,0,0,1,0,2,0,2,68,0.2114480584859848,-0.05327603593468666,0.5335837006568909,0.15689843893051147,0.013179
625,48731.0,50081.0,0.9730436692558055,13.0,0.013,1.0,0.001,12.0,0.012,77.0,41031.0,637.8034434020519,262.1965565979481,0.0,41031.0,410.3100000000003,100.0,1000,1,999,0.19086741597857326,923,0,1,0,1,0,0,0,1,0,1,1,0,1,1,3,67,0.3284247815608978,0.0003317183582112193,0.6598394513130188,0.1388903707265854,0.013152
626,49480.0,49556.0,0.9984663814674308,1.0,0.001,0.0,0.0,1.0,0.001,74.0,42080.0,746.45703125,102.982177734375,50.560791015625,42080.0,420.8000000000006,100.0,1000,0,1000,0.18892354203853756,926,0,0,0,0,0,0,0,0,0,1,1,0,2,1,1,68,0.16841444373130798,-0.05294591560959816,0.44738006591796875,0.1774994283914566,0.013124999999999998
627,49351.0,49546.0,0.9960642635126953,3.0,0.003,0.0,0.0,3.0,0.003,77.0,41651.0,701.5332641601562,198.46673583984375,0.0,41651.0,416.5100000000006,100.0,1000,0,1000,0.18750541703775525,923,0,0,0,0,0,0,1,0,0,1,1,0,0,0,1,73,0.3278892934322357,-0.012952106073498726,0.6859975457191467,0.16470922529697418,0.013097999999999999
628,50550.0,50698.0,0.9970807526924139,4.0,0.004,1.0,0.001,3.0,0.003,80.0,42550.0,450.03466796875,249.482666015625,200.482666015625,42550.0,425.50000000000017,100.0,1000,1,999,0.18915254203602672,920,0,0,0,1,1,0,0,1,2,2,0,0,0,0,1,72,0.15461497008800507,-0.06418465077877045,0.4418070614337921,0.16095981001853943,0.013071
629,48917.0,49402.0,0.9901825837010647,6.0,0.006,1.0,0.001,5.0,0.005,78.0,41117.0,586.3125,78.421875,235.265625,41117.0,411.1699999999998,100.0,1000,1,999,0.1874736249446869,922,0,0,0,1,0,0,0,0,1,0,2,1,1,0,1,71,0.1319107711315155,-0.11491521447896957,0.49714404344558716,0.13385671377182007,0.013044
630,49504.0,50077.0,0.9885576212632546,9.0,0.009,2.0,0.002,7.0,0.007,75.0,42004.0,607.625,292.375,0.0,42004.0,420.03999999999985,100.0,1000,2,998,0.186775500071235,925,0,0,0,1,0,0,0,0,0,0,1,1,0,0,1,71,0.4687198996543884,0.057082340121269226,0.8280686140060425,0.18412628769874573,0.013016999999999997
631,50213.0,51133.0,0.9820077053957327,8.0,0.008,0.0,0.0,8.0,0.008,83.0,41913.0,596.2745604714,0.0,303.72543952859996,41913.0,419.12999999999977,100.0,1000,0,1000,0.18905229202937335,917,0,1,1,1,0,0,0,0,3,0,0,0,1,0,4,72,0.9136839509010315,0.08030057698488235,1.6715848445892334,0.18545536696910858,0.012989999999999998
632,50348.0,50408.0,0.9988097127440089,1.0,0.001,0.0,0.0,1.0,0.001,89.0,41448.0,566.830867767334,264.8768491744995,68.2922830581665,41448.0,414.4800000000006,100.0,1000,0,1000,0.18765374994836748,911,0,0,4,2,2,1,0,1,2,0,0,0,2,1,3,71,0.18356439471244812,-0.04115302115678787,0.45354345440864563,0.15847478806972504,0.012962999999999999
633,48413.0,48557.0,0.9970344131639105,3.0,0.003,1.0,0.001,2.0,0.002,80.0,40413.0,638.73046875,195.9521484375,65.3173828125,40413.0,404.1300000000003,100.0,1000,1,999,0.1861505419947207,920,0,0,1,1,1,0,0,2,0,1,0,0,0,0,2,72,0.30838409066200256,-0.08396739512681961,0.7890339493751526,0.16740117967128754,0.012936
634,49500.0,49877.0,0.9924414058584117,4.0,0.004,0.0,0.0,4.0,0.004,77.0,41800.0,666.25,233.75,0.0,41800.0,418.00000000000045,100.0,1000,0,1000,0.18653583305422217,923,0,0,0,3,0,0,0,0,0,1,0,0,1,0,1,71,0.3913929760456085,-0.02001100219786167,0.8278867602348328,0.1967153698205948,0.012909
635,50002.0,50876.0,0.9828209764918626,10.0,0.01,1.0,0.001,9.0,0.009,78.0,42202.0,605.625,231.232421875,63.142578125,42202.0,422.02000000000015,100.0,1000,1,999,0.18632075004279613,922,2,0,0,1,0,0,0,1,0,0,0,1,0,0,0,73,0.5955930352210999,0.010737096890807152,1.1736929416656494,0.15452226996421814,0.012881999999999998
636,50565.0,50808.0,0.995217288615966,3.0,0.003,0.0,0.0,3.0,0.003,80.0,42565.0,679.0,221.0,0.0,42565.0,425.6499999999997,100.0,1000,0,1000,0.18663841695524752,920,0,0,0,0,0,0,0,0,0,2,0,0,1,0,4,73,0.1927276849746704,-0.033738330006599426,0.4571361541748047,0.16352126002311707,0.012854999999999998
637,49633.0,49702.0,0.9986117258862822,1.0,0.001,0.0,0.0,1.0,0.001,80.0,41633.0,555.52001953125,258.3599853515625,86.1199951171875,41633.0,416.3299999999997,100.0,1000,0,1000,0.1875922909239307,920,0,0,0,1,0,0,0,2,2,2,0,0,1,0,1,71,0.10501741617918015,-0.09529166668653488,0.4047567844390869,0.16131211817264557,0.012827999999999999
638,49482.0,49983.0,0.9899765920412941,6.0,0.006,1.0,0.001,5.0,0.005,80.0,41482.0,666.9895858764648,196.25846147537231,36.75195264816284,41482.0,414.8199999999991,100.0,1000,1,999,0.1887187920510769,920,1,0,1,2,0,0,0,0,0,1,2,1,2,0,1,69,0.5096047520637512,-0.01066673919558525,1.0448108911514282,0.16670143604278564,0.012801
639,49531.0,49820.0,0.994199116820554,4.0,0.004,0.0,0.0,4.0,0.004,77.0,41831.0,418.3125,29.0,452.6875,41831.0,418.31000000000046,100.0,1000,0,1000,0.18807224999181926,923,0,0,1,0,0,0,1,0,0,0,0,0,2,0,1,72,0.20118261873722076,-0.031737469136714935,0.47013890743255615,0.16826067864894867,0.012773999999999997
640,49017.0,49650.0,0.9872507552870091,9.0,0.009,0.0,0.0,9.0,0.009,83.0,40717.0,670.0971832275391,131.4187389612198,98.48407781124115,40717.0,407.16999999999933,100.0,1000,0,1000,0.1876163340639323,917,0,1,0,0,3,0,1,3,0,0,2,0,1,0,4,68,0.9565829038619995,0.04808972775936127,1.8220930099487305,0.2003101110458374,0.012746999999999998
641,49738.0,49999.0,0.9947798955979119,4.0,0.004,0.0,0.0,4.0,0.004,79.0,41838.0,788.71875,111.28125,0.0,41838.0,418.37999999999914,100.0,1000,0,1000,0.18703304103109986,921,0,0,0,0,1,0,0,2,1,0,0,0,1,0,1,73,0.45502370595932007,-0.04684968292713165,1.0076868534088135,0.1548794060945511,0.012719999999999999
642,48884.0,49137.0,0.9948511305126483,3.0,0.003,1.0,0.001,2.0,0.002,78.0,41084.0,699.875,200.125,0.0,41084.0,410.84000000000043,100.0,1000,1,999,0.1877380000660196,922,0,0,0,0,1,0,0,2,1,1,0,0,0,1,0,72,0.47005727887153625,-0.010994943790137768,0.9660671949386597,0.15609948337078094,0.012693
643,49621.0,49964.0,0.9931350572412136,5.0,0.005,1.0,0.001,4.0,0.004,84.0,41221.0,598.8393993377686,56.0,245.16060066223145,41221.0,412.2099999999993,100.0,1000,1,999,0.18740004091523588,916,0,1,0,1,2,0,1,4,0,2,0,0,1,0,1,71,0.5409268736839294,0.03350513428449631,1.0191903114318848,0.17159722745418549,0.012666
644,48727.0,48911.0,0.9962380650569401,3.0,0.003,0.0,0.0,3.0,0.003,78.0,40927.0,617.8125,282.1875,0.0,40927.0,409.27000000000044,100.0,1000,0,1000,0.18859691603574902,922,0,0,0,1,1,1,0,0,1,1,0,0,2,0,1,70,0.38016277551651,0.09916246682405472,0.5655657649040222,0.14103667438030243,0.012638999999999997
645,50138.0,50359.0,0.9956115093627753,4.0,0.004,0.0,0.0,4.0,0.004,81.0,42038.0,602.3337631225586,44.56245970726013,253.10377717018127,42038.0,420.3800000000005,100.0,1000,0,1000,0.18672950007021427,919,0,0,0,2,1,0,0,5,0,0,0,0,2,1,0,70,0.2285655438899994,-0.04104974493384361,0.5438560247421265,0.1833747774362564,0.012611999999999998
646,50126.0,50731.0,0.9880743529597288,10.0,0.01,2.0,0.002,8.0,0.008,80.0,42126.0,545.33203125,332.501220703125,22.166748046875,42126.0,421.2599999999997,100.0,1000,2,998,0.18881587497889996,920,1,0,1,0,0,0,0,2,0,1,0,0,0,0,3,72,0.5328295826911926,0.04337618499994278,0.9838064908981323,0.19466575980186462,0.012584999999999999
647,50527.0,51223.0,0.98641235382543,11.0,0.011,6.0,0.006,5.0,0.005,81.0,42427.0,753.0,147.0,0.0,42427.0,424.2699999999995,100.0,1000,6,994,0.1864609170006588,919,0,0,1,0,1,0,0,0,0,2,0,0,3,2,0,72,0.4869067370891571,0.06768816709518433,0.8433647155761719,0.19619199633598328,0.012558
648,48854.0,49501.0,0.9869295569786469,9.0,0.009,3.0,0.003,6.0,0.006,75.0,41354.0,600.9694213867188,149.51528930664062,149.51528930664062,41354.0,413.5400000000004,100.0,1000,3,997,0.18802487500943244,925,0,0,1,0,0,1,0,1,0,1,0,0,0,0,2,69,0.26618772745132446,-0.029830394312739372,0.5958943367004395,0.15394146740436554,0.012530999999999997
649,51438.0,51925.0,0.9906210881078479,9.0,0.009,2.0,0.002,7.0,0.007,81.0,43338.0,773.0,127.0,0.0,43338.0,433.37999999999954,100.0,1000,2,998,0.1870344579219818,919,0,0,0,0,0,0,0,1,2,0,0,0,3,0,2,73,0.29605910181999207,0.0021764934062957764,0.5918312668800354,0.16259005665779114,0.012503999999999998
650,51151.0,51981.0,0.9840326273061311,10.0,0.01,1.0,0.001,9.0,0.009,79.0,43251.0,292.0894317626953,0.0,607.9105682373047,43251.0,432.51,100.0,1000,1,999,0.18686316697858274,921,0,0,0,0,2,0,0,0,0,0,0,0,1,0,2,74,0.42560985684394836,0.008952176198363304,0.8367841839790344,0.13900713622570038,0.012476999999999999
651,49358.0,49430.0,0.9985433946995752,2.0,0.002,0.0,0.0,2.0,0.002,79.0,41458.0,554.34375,237.638671875,108.017578125,41458.0,414.57999999999976,100.0,1000,0,1000,0.1855923329712823,921,0,0,0,0,1,0,1,2,0,1,0,0,1,0,1,72,0.19530296325683594,-0.03611895069479942,0.4667908847332001,0.1585155874490738,0.01245
652,48138.0,48820.0,0.9860303154444899,8.0,0.008,1.0,0.001,7.0,0.007,76.0,40538.0,545.2262725830078,43.73585796356201,311.0378694534302,40538.0,405.37999999999994,100.0,1000,1,999,0.1862023751018569,924,0,1,1,1,0,0,0,0,0,1,0,0,1,0,3,68,0.44101887941360474,0.02711549960076809,0.8326562643051147,0.1951831579208374,0.012423
653,48240.0,48561.0,0.9933897572125779,6.0,0.006,2.0,0.002,4.0,0.004,76.0,40640.0,545.9716796875,66.38031005859375,287.64801025390625,40640.0,406.40000000000055,100.0,1000,2,998,0.18617937504313886,924,0,0,0,0,3,0,0,2,0,1,0,0,1,0,0,69,0.4485929310321808,0.010820540599524975,0.8796306252479553,0.16480383276939392,0.012395999999999997
654,48619.0,49359.0,0.985007799995948,10.0,0.01,2.0,0.002,8.0,0.008,74.0,41219.0,520.0,380.0,0.0,41219.0,412.18999999999994,100.0,1000,2,998,0.18612325005233288,926,1,0,0,0,0,0,0,0,0,0,0,0,2,0,1,70,0.3475607931613922,-0.02892933413386345,0.7564895153045654,0.14185859262943268,0.012368999999999998
655,49322.0,49407.0,0.9982795960086628,2.0,0.002,2.0,0.002,0.0,0.0,78.0,41522.0,664.52734375,235.47265625,0.0,41522.0,415.21999999999974,100.0,1000,2,998,0.1875169170089066,922,0,0,0,0,0,0,0,0,1,1,1,0,1,0,1,73,0.19905060529708862,-0.02078046090900898,0.44267529249191284,0.1220698207616806,0.012341999999999999
656,49178.0,49563.0,0.9922321086294211,5.0,0.005,1.0,0.001,4.0,0.004,78.0,41378.0,640.0,48.75,211.25,41378.0,413.7799999999998,100.0,1000,1,999,0.18620633298996836,922,0,0,0,0,1,0,0,1,0,0,0,0,3,0,2,71,0.4529305398464203,0.014586661010980606,0.8802917003631592,0.14632198214530945,0.012315
657,47537.0,48716.0,0.9757985056244355,12.0,0.012,1.0,0.001,11.0,0.011,73.0,40237.0,589.0,311.0,0.0,40237.0,402.3699999999999,100.0,1000,1,999,0.18717275001108646,927,0,0,0,1,0,1,0,1,0,0,0,0,1,0,1,68,0.37596577405929565,-0.01718823052942753,0.7893763184547424,0.12485136091709137,0.012287999999999997
658,50170.0,50674.0,0.9900540711212851,7.0,0.007,0.0,0.0,7.0,0.007,76.0,42570.0,602.5,185.9375,111.5625,42570.0,425.6999999999997,100.0,1000,0,1000,0.18677416595164686,924,0,0,0,0,1,2,0,0,1,0,0,0,0,0,2,70,0.40398886799812317,0.004735658876597881,0.8012130856513977,0.1103767529129982,0.012260999999999998
659,49256.0,49847.0,0.9881437197825346,7.0,0.007,2.0,0.002,5.0,0.005,73.0,41956.0,332.6796875,65.0,502.3203125,41956.0,419.5599999999996,100.0,1000,2,998,0.1860229589510709,927,0,0,0,0,0,1,0,0,0,0,0,0,0,0,1,71,0.29661357402801514,-0.035309236496686935,0.6665924787521362,0.11226338893175125,0.012233999999999998
660,49738.0,51671.0,0.9625902343674402,14.0,0.014,0.0,0.0,14.0,0.014,72.0,42538.0,619.0,132.3125,148.6875,42538.0,425.37999999999965,100.0,1000,0,1000,0.18653645797166973,928,0,0,0,0,0,0,0,0,1,1,0,0,1,0,0,69,0.39321309328079224,-0.01286020316183567,0.8151359558105469,0.12244357913732529,0.012206999999999999
661,49750.0,50252.0,0.9900103478468518,7.0,0.007,1.0,0.001,6.0,0.006,71.0,42650.0,561.0,339.0,0.0,42650.0,426.50000000000034,100.0,1000,1,999,0.18613762501627207,929,0,0,0,0,0,0,0,0,0,0,0,0,0,0,0,71,0.2561243772506714,-0.003072167281061411,0.5220255851745605,0.1491166204214096,0.01218
662,50746.0,51105.0,0.992975247040407,4.0,0.004,0.0,0.0,4.0,0.004,72.0,43546.0,231.0,366.5,302.5,43546.0,435.4599999999999,100.0,1000,0,1000,0.1872155830496922,928,0,0,0,0,0,0,0,1,0,0,0,0,0,0,0,71,0.36019113659858704,-0.05179385468363762,0.8269986510276794,0.1246071383357048,0.012152999999999997
663,50086.0,50737.0,0.987169127067032,8.0,0.008,0.0,0.0,8.0,0.008,74.0,42686.0,679.800048828125,220.199951171875,0.0,42686.0,426.8600000000004,100.0,1000,0,1000,0.18608545791357756,926,0,0,0,0,0,0,0,0,0,0,0,0,1,0,2,71,0.6794468760490417,0.0009990704711526632,1.3595404624938965,0.10905877500772476,0.012125999999999998
664,49501.0,49732.0,0.9953551033539774,3.0,0.003,0.0,0.0,3.0,0.003,72.0,42301.0,451.625,448.375,0.0,42301.0,423.01000000000005,100.0,1000,0,1000,0.18706329201813787,928,0,0,0,0,0,0,0,0,0,1,0,0,0,0,0,71,0.5531628727912903,0.03148651868104935,1.0467594861984253,0.14078526198863983,0.012098999999999999
665,48399.0,49236.0,0.9830002437241043,7.0,0.007,0.0,0.0,7.0,0.007,71.0,41299.0,679.0,221.0,0.0,41299.0,412.99000000000024,100.0,1000,0,1000,0.18605841707903892,929,0,0,0,0,1,0,0,0,0,0,0,0,0,0,1,69,0.38117268681526184,0.02187555842101574,0.7221466302871704,0.14713335037231445,0.012072
666,48076.0,48831.0,0.9845385103725093,7.0,0.007,0.0,0.0,7.0,0.007,71.0,40976.0,551.0,349.0,0.0,40976.0,409.75999999999976,100.0,1000,0,1000,0.18637679098173976,929,0,0,0,0,0,0,0,1,1,1,0,0,0,0,0,68,0.6594519019126892,0.034199390560388565,1.2536354064941406,0.12994584441184998,0.012044999999999997
667,49967.0,50878.0,0.9820944219505484,12.0,0.012,0.0,0.0,12.0,0.012,71.0,42867.0,525.0,375.0,0.0,42867.0,428.6700000000003,100.0,1000,0,1000,0.1870523749385029,929,0,0,0,0,0,0,0,0,0,0,0,0,0,0,0,71,0.6606126427650452,-0.022452719509601593,1.3694723844528198,0.13902559876441956,0.012017999999999997
668,50416.0,50663.0,0.9951246471784142,3.0,0.003,0.0,0.0,3.0,0.003,75.0,42916.0,222.0,52.0,626.0,42916.0,429.1599999999999,100.0,1000,0,1000,0.1869349159533158,925,0,0,0,0,0,0,0,0,0,0,0,0,0,0,1,74,0.6923807263374329,0.0421084389090538,1.3034104108810425,0.11949608474969864,0.011990999999999998
669,49705.0,49780.0,0.9984933708316593,1.0,0.001,0.0,0.0,1.0,0.001,74.0,42305.0,389.0,0.0,511.0,42305.0,423.0500000000007,100.0,1000,0,1000,0.1868722919607535,926,0,0,0,1,0,0,0,0,0,0,0,1,0,0,0,72,0.8242947459220886,0.09512034803628922,1.4618327617645264,0.145603209733963,0.011963999999999999
670,47825.0,49170.0,0.9726459223103519,11.0,0.011,0.0,0.0,11.0,0.011,71.0,40725.0,607.0546875,97.99658203125,194.94873046875,40725.0,407.24999999999994,100.0,1000,0,1000,0.18736483401153237,929,0,0,0,0,0,0,0,0,0,1,0,0,0,0,3,67,0.7441949844360352,-0.042667828500270844,1.576729655265808,0.12582960724830627,0.011937
671,49639.0,50657.0,0.979904060643149,8.0,0.008,0.0,0.0,8.0,0.008,72.0,42439.0,657.0,243.0,0.0,42439.0,424.38999999999993,100.0,1000,0,1000,0.18596304103266448,928,0,0,0,0,0,0,0,0,0,1,0,0,0,0,0,71,0.5673184394836426,0.04927465692162514,1.0385797023773193,0.10462689399719238,0.011909999999999997
672,50330.0,50928.0,0.9882579327678291,6.0,0.006,0.0,0.0,6.0,0.006,73.0,43030.0,196.0,0.0,704.0,43030.0,430.30000000000047,100.0,1000,0,1000,0.18617883406113833,927,0,0,0,0,0,0,0,0,0,0,0,0,0,0,1,72,0.6009722948074341,0.04437964782118797,1.1167842149734497,0.15143409371376038,0.011882999999999998
673,49185.0,49569.0,0.9922532227803668,6.0,0.006,1.0,0.001,5.0,0.005,73.0,41885.0,692.39453125,207.60546875,0.0,41885.0,418.85000000000025,100.0,1000,1,999,0.18535433302167803,927,0,0,0,0,0,0,0,0,0,0,0,0,0,0,2,71,0.4012613892555237,0.04360203817486763,0.7184601426124573,0.13248421251773834,0.011855999999999998
674,50231.0,50481.0,0.9950476416869714,5.0,0.005,2.0,0.002,3.0,0.003,75.0,42731.0,594.0,306.0,0.0,42731.0,427.30999999999983,100.0,1000,2,998,0.18597483390476555,925,0,0,0,0,0,0,0,0,0,0,0,0,0,0,1,74,0.6249754428863525,0.030513299629092216,1.192275047302246,0.14163316786289215,0.011829
675,50115.0,50251.0,0.9972935861972896,2.0,0.002,1.0,0.001,1.0,0.001,76.0,42515.0,625.25,162.828125,111.921875,42515.0,425.1499999999998,100.0,1000,1,999,0.18742629094049335,924,0,0,0,1,0,0,0,0,0,0,0,0,1,0,3,71,0.3961377739906311,0.08369842171669006,0.6277493834495544,0.12161774188280106,0.011801999999999997
676,49743.0,50113.0,0.9926166862889869,5.0,0.005,0.0,0.0,5.0,0.005,72.0,42543.0,362.375,537.625,0.0,42543.0,425.4299999999992,100.0,1000,0,1000,0.186088916962035,928,0,0,0,0,0,0,0,0,0,0,0,0,1,0,0,71,0.35983583331108093,-0.025211358442902565,0.7729954719543457,0.1231880933046341,0.011774999999999997
677,48104.0,48739.0,0.9869714191920228,9.0,0.009,1.0,0.001,8.0,0.008,69.0,41204.0,712.0,188.0,0.0,41204.0,412.0400000000007,100.0,1000,1,999,0.18662137491628528,931,0,0,0,0,0,0,0,0,0,0,0,0,1,0,1,67,0.19230923056602478,-0.12531165778636932,0.6379135847091675,0.11371289938688278,0.011747999999999998
678,48535.0,48737.0,0.9958553050044114,3.0,0.003,1.0,0.001,2.0,0.002,74.0,41135.0,354.25,545.75,0.0,41135.0,411.3500000000002,100.0,1000,1,999,0.18562162504531443,926,0,0,0,0,0,0,0,0,0,0,0,1,1,0,1,71,0.15677715837955475,-0.06729800999164581,0.4519754648208618,0.16317380964756012,0.011720999999999999
679,50897.0,51702.0,0.9844300027078257,9.0,0.009,0.0,0.0,9.0,0.009,77.0,43197.0,422.0,47.9375,430.0625,43197.0,431.9700000000006,100.0,1000,0,1000,0.1887571670813486,923,0,0,1,0,0,0,0,0,0,1,0,0,1,0,2,72,0.6731035709381104,-0.008445629850029945,1.3658524751663208,0.11775708943605423,0.011694
680,49955.0,50455.0,0.9900901793677535,7.0,0.007,0.0,0.0,7.0,0.007,73.0,42655.0,631.375,268.625,0.0,42655.0,426.54999999999916,100.0,1000,0,1000,0.29371170804370195,927,0,0,0,0,0,0,0,0,0,0,0,1,1,0,1,70,0.4221966564655304,0.0974118709564209,0.6533101797103882,0.16030728816986084,0.011666999999999997
681,50155.0,51546.0,0.9730143949094013,14.0,0.014,1.0,0.001,13.0,0.013,73.0,42855.0,727.00390625,172.99609375,0.0,42855.0,428.55000000000007,100.0,1000,1,999,0.20110608299728483,927,0,0,0,0,0,0,0,0,1,0,0,1,1,0,0,70,0.5337045192718506,-0.04172322526574135,1.1540734767913818,0.13822956383228302,0.011639999999999998
682,49744.0,50199.0,0.9909360744237933,7.0,0.007,1.0,0.001,6.0,0.006,77.0,42044.0,773.0,127.0,0.0,42044.0,420.4400000000003,100.0,1000,1,999,0.18731054197996855,923,0,0,0,0,0,0,0,0,2,0,0,0,0,0,2,73,0.5185068249702454,0.14505666494369507,0.7500773072242737,0.1367863118648529,0.011612999999999998
683,49412.0,49575.0,0.9967120524457892,3.0,0.003,0.0,0.0,3.0,0.003,74.0,42012.0,465.05908203125,109.68380737304688,325.2571105957031,42012.0,420.1200000000001,100.0,1000,0,1000,0.1862694169394672,926,0,0,0,0,1,0,0,0,1,0,0,0,0,0,3,69,0.4176245629787445,0.030925923958420753,0.7770435810089111,0.1573580801486969,0.011585999999999999
684,49884.0,50099.0,0.9957084971755923,4.0,0.004,1.0,0.001,3.0,0.003,74.0,42484.0,400.625,128.5703125,370.8046875,42484.0,424.83999999999986,100.0,1000,1,999,0.1877928749890998,926,0,0,0,0,0,1,0,0,0,0,0,0,1,0,0,72,0.10305150598287582,-0.06741001456975937,0.34395816922187805,0.13128826022148132,0.011558999999999996
685,49384.0,49384.0,1.0,0.0,0.0,0.0,0.0,0.0,0.0,76.0,41784.0,750.0,150.0,0.0,41784.0,417.8399999999997,100.0,1000,0,1000,0.1873302919557318,924,0,0,0,1,0,0,0,1,2,1,0,0,0,0,1,70,0.25258228182792664,0.05270613729953766,0.40278512239456177,0.131498321890831,0.011531999999999997
686,49388.0,49736.0,0.9930030561364002,5.0,0.005,0.0,0.0,5.0,0.005,73.0,42088.0,525.2421875,374.7578125,0.0,42088.0,420.87999999999994,100.0,1000,0,1000,0.1856041660066694,927,0,0,0,1,1,0,0,1,1,0,0,0,0,0,1,68,0.15750321745872498,-0.06991840153932571,0.4583328366279602,0.15165585279464722,0.011504999999999998
687,49736.0,50008.0,0.9945608702607582,4.0,0.004,0.0,0.0,4.0,0.004,77.0,42036.0,575.59375,324.40625,0.0,42036.0,420.36000000000007,100.0,1000,0,1000,0.186362124979496,923,0,0,0,1,1,0,0,1,1,0,1,1,0,0,0,71,0.2795463502407074,0.04759439453482628,0.4671747088432312,0.14248189330101013,0.011477999999999999
688,49367.0,49614.0,0.9950215664933285,4.0,0.004,1.0,0.001,3.0,0.003,76.0,41767.0,574.0,326.0,0.0,41767.0,417.6700000000001,100.0,1000,1,999,0.18663299991749227,924,0,0,0,2,2,0,0,1,0,2,1,0,0,0,1,67,0.1733570694923401,-0.04613041132688522,0.44333216547966003,0.19025488197803497,0.011450999999999996
689,48705.0,49736.0,0.9792705484960592,13.0,0.013,0.0,0.0,13.0,0.013,74.0,41305.0,806.0,94.0,0.0,41305.0,413.0499999999991,100.0,1000,0,1000,0.18587350007146597,926,0,0,0,1,0,0,1,1,0,2,0,0,0,0,1,68,0.7108645439147949,0.034883853048086166,1.3551639318466187,0.14016936719417572,0.011424
690,49993.0,50738.0,0.9853167251369782,8.0,0.008,0.0,0.0,8.0,0.008,74.0,42593.0,532.0,216.6875,151.3125,42593.0,425.9300000000002,100.0,1000,0,1000,0.18630529195070267,926,0,0,0,0,0,0,0,0,3,2,0,0,0,0,0,69,0.296561062335968,-0.06265661120414734,0.721563458442688,0.13723404705524445,0.011397000000000001
691,48936.0,49349.0,0.9916310360898903,6.0,0.006,1.0,0.001,5.0,0.005,72.0,41736.0,471.25,0.0,428.75,41736.0,417.36000000000007,100.0,1000,1,999,0.18556866701692343,928,0,0,0,1,0,0,0,0,0,0,0,0,0,0,2,69,0.3611787259578705,0.024257779121398926,0.6773384213447571,0.15376149117946625,0.011370000000000002
692,49112.0,49904.0,0.9841295286950946,11.0,0.011,0.0,0.0,11.0,0.011,74.0,41712.0,485.0,66.765625,348.234375,41712.0,417.1199999999999,100.0,1000,0,1000,0.18617287499364465,926,0,0,0,1,0,0,0,1,1,0,1,1,0,0,3,66,0.5610083937644958,0.1181267723441124,0.8895262479782104,0.16587255895137787,0.011342999999999999
693,50078.0,50459.0,0.9924493152856775,6.0,0.006,1.0,0.001,5.0,0.005,79.0,42178.0,561.90234375,84.5244140625,253.5732421875,42178.0,421.7799999999999,100.0,1000,1,999,0.1858047089772299,921,0,1,0,1,0,0,1,1,1,0,1,2,0,0,1,70,0.36878758668899536,0.03658119589090347,0.6677345037460327,0.14677050709724426,0.011316
694,49276.0,49670.0,0.9920676464666801,5.0,0.005,1.0,0.001,4.0,0.004,74.0,41876.0,516.0,235.5,148.5,41876.0,418.760000000001,100.0,1000,1,999,0.18759749992750585,926,0,0,0,0,1,0,0,0,1,0,1,0,0,0,1,70,0.3276672661304474,-0.03807181492447853,0.7342557311058044,0.12302014231681824,0.011289
695,49893.0,50296.0,0.9919874343884205,8.0,0.008,4.0,0.004,4.0,0.004,73.0,42593.0,808.0,92.0,0.0,42593.0,425.9300000000003,100.0,1000,4,996,0.18699895800091326,927,0,0,0,1,0,0,0,0,0,0,0,0,0,0,2,70,0.3607812225818634,0.004250875674188137,0.7163137793540955,0.14442892372608185,0.011262000000000001
696,50074.0,50308.0,0.9953486523018208,5.0,0.005,0.0,0.0,5.0,0.005,75.0,42574.0,566.0,41.75,292.25,42574.0,425.7399999999998,100.0,1000,0,1000,0.18648229097016156,925,0,0,0,0,1,1,0,0,0,0,0,0,0,1,0,72,0.40299057960510254,0.040415115654468536,0.7291427850723267,0.17765188217163086,0.011235000000000002
697,50304.0,50749.0,0.9912313543124003,5.0,0.005,3.0,0.003,2.0,0.002,78.0,42504.0,620.544189453125,100.46131801605225,178.99449253082275,42504.0,425.0400000000001,100.0,1000,3,997,0.18604095792397857,922,0,0,0,0,1,0,0,0,1,0,0,0,2,0,2,72,0.502957284450531,-0.014020143076777458,1.0377833843231201,0.17079691588878632,0.011208
698,49444.0,49736.0,0.994129001125945,4.0,0.004,1.0,0.001,3.0,0.003,77.0,41744.0,583.0,204.25,112.75,41744.0,417.44,100.0,1000,1,999,0.18715295800939202,923,0,0,0,0,0,0,0,0,0,0,1,0,0,0,4,72,0.47409787774086,0.07314261049032211,0.8050427436828613,0.14006851613521576,0.011181
699,48129.0,48958.0,0.9830671187548511,7.0,0.007,1.0,0.001,6.0,0.006,74.0,40729.0,421.5,85.8896484375,392.6103515625,40729.0,407.29000000000053,100.0,1000,1,999,0.18602408305741847,926,0,0,0,1,0,0,0,0,1,2,0,0,0,0,0,70,0.8124221563339233,0.051096536219120026,1.5259597301483154,0.14831286668777466,0.011154
700,48200.0,48511.0,0.9935890828884171,5.0,0.005,1.0,0.001,4.0,0.004,74.0,40800.0,691.3388671875,208.6611328125,0.0,40800.0,408.00000000000045,100.0,1000,1,999,0.1852589580230415,926,0,0,0,0,0,0,0,0,0,1,1,0,1,0,4,67,0.48955246806144714,-0.03179290145635605,1.045568823814392,0.12932951748371124,0.011127000000000001
701,49390.0,49579.0,0.996187902135985,2.0,0.002,1.0,0.001,1.0,0.001,79.0,41490.0,557.4977786839008,253.03249949030578,89.46972182579339,41490.0,414.8999999999993,100.0,1000,1,999,0.18644112499896437,921,1,0,0,0,1,0,1,0,0,3,0,0,1,0,2,70,0.24948590993881226,-0.07183540612459183,0.6456077694892883,0.13356496393680573,0.011099999999999999
702,50604.0,51035.0,0.9915548153228176,5.0,0.005,0.0,0.0,5.0,0.005,76.0,43004.0,483.0,417.0,0.0,43004.0,430.0400000000001,100.0,1000,0,1000,0.1862729579443112,924,0,0,0,0,0,0,0,0,1,1,0,0,1,0,1,72,0.4397816061973572,0.05987369641661644,0.7634825706481934,0.16557206213474274,0.011073
703,50556.0,51144.0,0.9885030502111685,6.0,0.006,1.0,0.001,5.0,0.005,78.0,42756.0,193.5,36.0,670.5,42756.0,427.5599999999996,100.0,1000,1,999,0.18631495803128928,922,0,1,0,0,1,0,0,0,0,0,1,0,0,0,1,74,0.5568245053291321,-0.02934936247766018,1.1756480932235718,0.14939013123512268,0.011046
704,51064.0,51366.0,0.994120624537632,6.0,0.006,0.0,0.0,6.0,0.006,80.0,43064.0,547.25,102.0,250.75,43064.0,430.63999999999936,100.0,1000,0,1000,0.18670724995899945,920,1,0,0,0,0,0,0,2,0,0,0,1,0,0,2,74,0.5567112565040588,-0.05218769237399101,1.2210310697555542,0.14671003818511963,0.011019000000000001
705,49200.0,49872.0,0.9865255052935515,6.0,0.006,0.0,0.0,6.0,0.006,76.0,41600.0,644.125,109.7265625,146.1484375,41600.0,416.0000000000005,100.0,1000,0,1000,0.1904130419716239,924,0,0,0,0,0,0,0,0,1,0,1,0,2,0,1,71,0.3167238235473633,-0.04804517328739166,0.7323811054229736,0.12932661175727844,0.010992000000000002
706,50313.0,50559.0,0.9951343974366582,4.0,0.004,1.0,0.001,3.0,0.003,78.0,42513.0,646.60986328125,253.39013671875,0.0,42513.0,425.1299999999995,100.0,1000,1,999,0.18656437506433576,922,1,0,0,0,0,0,0,0,0,0,0,0,0,0,4,73,0.21215154230594635,0.014034620486199856,0.39933308959007263,0.1413232535123825,0.010964999999999999
707,49322.0,49740.0,0.9915963007639726,5.0,0.005,0.0,0.0,5.0,0.005,79.0,41422.0,688.9296875,131.9189453125,79.1513671875,41422.0,414.21999999999986,100.0,1000,0,1000,0.18536412494722754,921,0,0,0,0,0,1,1,0,1,0,0,0,0,0,6,70,0.321415513753891,-0.06658067554235458,0.7791671752929688,0.1451251357793808,0.010938
708,49092.0,49572.0,0.990317114500121,4.0,0.004,0.0,0.0,4.0,0.004,81.0,40992.0,333.16796875,122.27644348144531,444.5555877685547,40992.0,409.9199999999997,100.0,1000,0,1000,0.18737387494184077,919,0,0,0,0,1,1,0,0,2,0,0,1,0,0,2,74,0.43100786209106445,-0.0082208551466465,0.8814557194709778,0.13739797472953796,0.010911
709,50016.0,50673.0,0.9870345154224143,5.0,0.005,0.0,0.0,5.0,0.005,81.0,41916.0,698.0,175.75,26.25,41916.0,419.16000000000065,100.0,1000,0,1000,0.18615299998782575,919,0,0,2,0,1,0,0,0,0,1,0,0,0,0,1,76,0.45958593487739563,-0.03988225385546684,1.0028141736984253,0.1781436949968338,0.010884000000000001
710,49835.0,50238.0,0.9919781838448983,4.0,0.004,1.0,0.001,3.0,0.003,78.0,42035.0,706.0,84.875,109.125,42035.0,420.3499999999998,100.0,1000,1,999,0.18529641698114574,922,0,0,0,0,0,0,0,0,1,1,0,0,0,0,2,74,0.53252112865448,0.04418351873755455,0.9799125790596008,0.14909280836582184,0.010856999999999999
711,47798.0,48235.0,0.9909401886596869,3.0,0.003,0.0,0.0,3.0,0.003,77.0,40098.0,225.0,0.0,675.0,40098.0,400.97999999999985,100.0,1000,0,1000,0.18600029207300395,923,0,0,0,0,0,0,0,1,0,0,0,0,0,0,3,73,0.53277188539505,0.09787681698799133,0.873165488243103,0.1558370143175125,0.01083
712,50731.0,50960.0,0.9955062794348508,3.0,0.003,0.0,0.0,3.0,0.003,83.0,42431.0,641.98828125,258.01171875,0.0,42431.0,424.30999999999904,100.0,1000,0,1000,0.18616233300417662,917,2,0,2,2,0,0,0,0,1,2,0,0,1,0,1,72,0.4508463442325592,0.03818706423044205,0.8292494416236877,0.1819327026605606,0.010803
713,48233.0,48562.0,0.9932251554713563,4.0,0.004,1.0,0.001,3.0,0.003,81.0,40133.0,685.7109375,0.0,214.2890625,40133.0,401.32999999999987,100.0,1000,1,999,0.18591558397747576,919,0,0,1,2,0,0,1,0,0,3,0,0,2,0,5,67,0.4140319228172302,0.04345036670565605,0.7453123331069946,0.1925213634967804,0.010776
714,49659.0,49708.0,0.9990142431801722,1.0,0.001,0.0,0.0,1.0,0.001,77.0,41959.0,435.0,62.8125,402.1875,41959.0,419.59000000000003,100.0,1000,0,1000,0.18617754196748137,923,0,0,1,0,0,0,0,1,0,0,0,0,0,0,5,70,0.2224750965833664,0.027277609333395958,0.3943209946155548,0.18262231349945068,0.010749000000000002
715,49443.0,50478.0,0.9794960180672768,9.0,0.009,2.0,0.002,7.0,0.007,77.0,41743.0,839.359375,43.2529296875,17.3876953125,41743.0,417.43000000000046,100.0,1000,2,998,0.18548858305439353,923,0,0,0,0,1,0,0,0,0,0,1,2,0,0,3,70,0.44242390990257263,0.04851480945944786,0.7910017371177673,0.148457869887352,0.010721999999999999
716,49081.0,49717.0,0.98720759498763,7.0,0.007,1.0,0.001,6.0,0.006,75.0,41581.0,441.46875,343.8984375,114.6328125,41581.0,415.81000000000006,100.0,1000,1,999,0.1857496660668403,925,1,0,0,1,1,0,0,1,0,0,0,1,0,0,0,70,0.39183804392814636,-0.037874095141887665,0.8622437119483948,0.1318090558052063,0.010695
717,49015.0,49897.0,0.982323586588372,11.0,0.011,1.0,0.001,10.0,0.01,74.0,41615.0,665.4375,234.5625,0.0,41615.0,416.1499999999997,100.0,1000,1,999,0.1863343749428168,926,0,0,0,0,1,0,0,0,1,1,0,0,0,0,3,68,0.48077481985092163,-0.048245497047901154,1.0608330965042114,0.1308818906545639,0.010668
718,46627.0,47890.0,0.9736270620171226,10.0,0.01,0.0,0.0,10.0,0.01,75.0,39127.0,494.11593544483185,34.397984627168626,371.4860799279995,39127.0,391.26999999999964,100.0,1000,0,1000,0.18564325000625104,925,1,0,0,0,0,1,1,0,0,0,0,0,1,0,8,63,0.36347052454948425,-0.09749425947666168,0.9249994158744812,0.14424404501914978,0.010641000000000001
719,47704.0,48506.0,0.9834659629736527,7.0,0.007,0.0,0.0,7.0,0.007,75.0,40204.0,637.375,80.21044921875,182.41455078125,40204.0,402.0399999999993,100.0,1000,0,1000,0.18986145802773535,925,0,0,0,0,3,0,0,1,0,0,0,0,0,0,5,66,0.31851619482040405,-0.007311300840228796,0.6548901200294495,0.15239840745925903,0.010613999999999998
720,49853.0,50026.0,0.9965417982649023,3.0,0.003,1.0,0.001,2.0,0.002,78.0,42053.0,500.79296875,57.11436462402344,342.09266662597656,42053.0,420.5299999999998,100.0,1000,1,999,0.18584729195572436,922,0,0,0,0,3,0,0,0,0,0,0,0,0,0,3,72,0.511413037776947,0.024985507130622864,0.9761929512023926,0.15763737261295319,0.010587
721,49626.0,49745.0,0.9976077997788723,2.0,0.002,0.0,0.0,2.0,0.002,77.0,41926.0,550.2154541015625,90.2616548538208,259.5228910446167,41926.0,419.26,100.0,1000,0,1000,0.18639687506947666,923,0,0,0,0,2,0,0,0,1,0,1,0,0,1,4,68,0.4583110809326172,-0.04256390035152435,1.0055803060531616,0.1813591569662094,0.01056
722,50223.0,50636.0,0.9918437475314006,6.0,0.006,1.0,0.001,5.0,0.005,80.0,42223.0,624.5,275.5,0.0,42223.0,422.2300000000006,100.0,1000,1,999,0.1869286249857396,920,0,0,0,0,1,0,1,0,1,1,0,0,0,0,2,74,0.6846519708633423,0.10034656524658203,1.1719547510147095,0.15873843431472778,0.010533
723,49372.0,50466.0,0.9783220386002457,10.0,0.01,0.0,0.0,10.0,0.01,78.0,41572.0,546.171875,35.92498779296875,317.90313720703125,41572.0,415.7199999999992,100.0,1000,0,1000,0.18574612494558096,922,1,0,0,0,0,0,0,0,2,0,0,0,0,0,3,72,0.43308231234550476,-0.051044415682554245,0.97126305103302,0.14323200285434723,0.010506000000000001
724,49635.0,50137.0,0.9899874344296627,6.0,0.006,1.0,0.001,5.0,0.005,76.0,42035.0,417.0,70.5,412.5,42035.0,420.3499999999995,100.0,1000,1,999,0.18586574995424598,924,0,0,0,1,0,0,0,0,0,1,1,0,0,0,2,71,0.4161258339881897,0.011489219032227993,0.812360942363739,0.1473282128572464,0.010478999999999999
725,49160.0,50571.0,0.9720986336042395,13.0,0.013,0.0,0.0,13.0,0.013,76.0,41560.0,704.5,134.40625,61.09375,41560.0,415.6000000000002,100.0,1000,0,1000,0.18538241693750024,924,0,0,0,0,2,0,0,0,1,0,0,1,0,0,2,70,0.734992265701294,0.016655180603265762,1.4396017789840698,0.1400531679391861,0.010452
726,49108.0,49214.0,0.9978461413418945,1.0,0.001,1.0,0.001,0.0,0.0,77.0,41408.0,353.0,32.0,515.0,41408.0,414.0800000000007,100.0,1000,1,999,0.1854902079794556,923,0,0,1,0,0,0,0,0,0,1,0,0,0,0,5,70,0.34630900621414185,0.01791963540017605,0.6595388650894165,0.13237923383712769,0.010425
727,49651.0,51473.0,0.9646028014687312,11.0,0.011,2.0,0.002,9.0,0.009,76.0,42051.0,111.9375,148.62890625,639.43359375,42051.0,420.5100000000002,100.0,1000,2,998,0.18550112505909055,924,0,0,0,1,0,0,0,0,1,1,0,0,0,0,6,67,0.3709830641746521,0.04026233032345772,0.6641552448272705,0.13049525022506714,0.010398000000000001
728,48402.0,48470.0,0.9985970703527955,1.0,0.001,0.0,0.0,1.0,0.001,78.0,40602.0,773.0,121.75,5.25,40602.0,406.0199999999997,100.0,1000,0,1000,0.18591508397366852,922,0,0,2,0,0,0,0,0,1,0,0,0,0,0,5,70,0.3146742284297943,-0.00712329987436533,0.6461639404296875,0.12385158985853195,0.010370999999999998
729,50259.0,50445.0,0.9963128159381505,3.0,0.003,1.0,0.001,2.0,0.002,76.0,42659.0,568.0,332.0,0.0,42659.0,426.5899999999998,100.0,1000,1,999,0.185392374987714,924,0,0,0,0,0,0,0,0,0,0,0,0,0,0,2,74,0.3381093442440033,0.07528877258300781,0.5284050703048706,0.13360126316547394,0.010343999999999999
730,50264.0,50640.0,0.9925750394944708,5.0,0.005,0.0,0.0,5.0,0.005,77.0,42564.0,576.3438901305199,323.65610986948013,0.0,42564.0,425.6399999999993,100.0,1000,0,1000,0.18507416604552418,923,0,0,0,1,1,1,0,1,0,0,0,0,0,1,7,65,0.6245303750038147,0.05398432910442352,1.1443160772323608,0.15625014901161194,0.010317
731,50885.0,51713.0,0.9839885522015741,8.0,0.008,1.0,0.001,7.0,0.007,77.0,43185.0,698.3046875,201.6953125,0.0,43185.0,431.8500000000002,100.0,1000,1,999,0.18502162501681596,923,0,0,0,0,0,0,0,0,0,0,0,0,0,0,8,69,0.31586384773254395,-0.03333666920661926,0.7012451887130737,0.13819929957389832,0.01029
732,48260.0,49343.0,0.9780515979976896,9.0,0.009,1.0,0.001,8.0,0.008,73.0,40960.0,680.1347599029541,102.80407750606537,117.06116259098053,40960.0,409.60000000000076,100.0,1000,1,999,0.18593166605569422,927,0,0,0,0,0,0,0,0,0,1,1,0,0,0,4,67,0.4598627984523773,0.043705735355615616,0.8346156477928162,0.11212767660617828,0.010263000000000001
733,49332.0,50399.0,0.9788289450187504,9.0,0.009,2.0,0.002,7.0,0.007,76.0,41732.0,655.9230909347534,244.07690906524658,0.0,41732.0,417.3200000000007,100.0,1000,2,998,0.18552704097237438,924,0,0,0,0,0,0,0,1,0,2,0,0,1,0,5,67,0.4592341184616089,0.053327776491642,0.8146989941596985,0.14098863303661346,0.010235999999999999
734,50609.0,51097.0,0.9904495371548232,7.0,0.007,2.0,0.002,5.0,0.005,76.0,43009.0,696.2693176269531,50.93267059326172,152.79801177978516,43009.0,430.08999999999946,100.0,1000,2,998,0.18629454192705452,924,0,0,0,0,1,0,0,0,1,1,0,1,0,0,1,71,0.6726592779159546,-0.02225327305495739,1.3929862976074219,0.15482434630393982,0.010209
735,47979.0,49656.0,0.9662276462058965,9.0,0.009,0.0,0.0,9.0,0.009,75.0,40479.0,665.293212890625,14.669174194335938,220.03761291503906,40479.0,404.7899999999994,100.0,1000,0,1000,0.1856336659984663,925,0,0,0,0,0,0,0,0,1,1,0,0,0,0,5,68,0.6889137029647827,0.09697968512773514,1.1860297918319702,0.10615462064743042,0.010182
736,50095.0,50256.0,0.9967964024196115,3.0,0.003,2.0,0.002,1.0,0.001,75.0,42595.0,489.1640625,410.8359375,0.0,42595.0,425.9500000000001,100.0,1000,2,998,0.18584766692947596,925,1,0,0,1,0,0,0,0,0,2,0,0,0,0,3,68,0.13876833021640778,-0.026988917961716652,0.3344827890396118,0.1461489498615265,0.010155
737,50828.0,51200.0,0.992734375,5.0,0.005,1.0,0.001,4.0,0.004,80.0,42828.0,674.8359375,107.50927734375,117.65478515625,42828.0,428.28000000000014,100.0,1000,1,999,0.18576762499287724,920,0,0,0,2,0,0,0,0,1,2,0,0,0,0,6,69,0.4289904832839966,0.009406225755810738,0.8415709137916565,0.11860418319702148,0.010127999999999998
738,50414.0,51647.0,0.9761263964993127,10.0,0.01,0.0,0.0,10.0,0.01,76.0,42814.0,705.5625,19.0,175.4375,42814.0,428.1400000000003,100.0,1000,0,1000,0.18562241597101092,924,0,0,0,0,1,0,0,0,0,0,0,0,0,0,2,73,0.33281466364860535,-0.051180485635995865,0.7706106901168823,0.12971076369285583,0.010100999999999999
739,49747.0,50736.0,0.9805069378744875,8.0,0.008,1.0,0.001,7.0,0.007,76.0,42147.0,600.4304351806641,50.0,249.56956481933594,42147.0,421.47000000000077,100.0,1000,1,999,0.1855339159956202,924,0,0,0,0,0,0,0,0,0,0,0,0,1,0,4,71,0.321199506521225,-0.06405691802501678,0.7729407548904419,0.1205015704035759,0.010074
740,49886.0,50087.0,0.9959869826501887,4.0,0.004,2.0,0.002,2.0,0.002,76.0,42286.0,436.0,29.0,435.0,42286.0,422.8600000000004,100.0,1000,2,998,0.1858856249600649,924,0,0,0,0,0,0,0,0,0,1,0,1,1,0,3,70,0.32732436060905457,0.048190049827098846,0.561063826084137,0.1391056925058365,0.010047
741,48066.0,48548.0,0.9900716816346709,5.0,0.005,1.0,0.001,4.0,0.004,73.0,40766.0,479.390625,420.609375,0.0,40766.0,407.65999999999997,100.0,1000,1,999,0.18578495795372874,927,0,0,0,1,0,2,0,0,0,0,0,0,1,0,1,68,0.09891409426927567,-0.11218760907649994,0.42478063702583313,0.12860462069511414,0.010019999999999998
742,50061.0,50545.0,0.9904243743199129,6.0,0.006,0.0,0.0,6.0,0.006,74.0,42661.0,554.5259857177734,345.47401428222656,0.0,42661.0,426.61000000000047,100.0,1000,0,1000,0.18616637494415045,926,0,0,0,0,0,0,0,0,0,0,0,0,0,0,5,69,0.4295867681503296,-0.011164695955812931,0.8839049935340881,0.1201876699924469,0.009992999999999998
743,48347.0,49636.0,0.9740309452816505,11.0,0.011,0.0,0.0,11.0,0.011,70.0,41347.0,305.0,104.6875,490.3125,41347.0,413.4700000000007,100.0,1000,0,1000,0.18483525002375245,930,0,0,0,0,1,0,0,0,0,0,0,0,0,0,1,68,0.2701573967933655,-0.07121986895799637,0.6853067278862,0.1280459761619568,0.009966
744,49787.0,50086.0,0.9940302679391446,4.0,0.004,0.0,0.0,4.0,0.004,70.0,42787.0,521.625,378.375,0.0,42787.0,427.86999999999995,100.0,1000,0,1000,0.18559633300174028,930,0,0,0,0,0,0,0,0,0,1,0,0,0,0,1,68,0.40644678473472595,0.05654040724039078,0.70245361328125,0.13285121321678162,0.009939
745,50305.0,50918.0,0.9879610353902353,8.0,0.008,2.0,0.002,6.0,0.006,73.0,43005.0,433.0,25.7578125,441.2421875,43005.0,430.0499999999995,100.0,1000,2,998,0.18557633296586573,927,0,1,0,0,0,0,0,0,0,0,0,0,0,0,3,69,0.46541768312454224,0.05156373232603073,0.8301346898078918,0.12241749465465546,0.009912
746,49069.0,49707.0,0.9871647856438731,11.0,0.011,0.0,0.0,11.0,0.011,70.0,42069.0,313.0,35.75,551.25,42069.0,420.68999999999994,100.0,1000,0,1000,0.18587345897685736,930,0,0,0,0,1,0,0,0,0,0,0,0,0,0,0,69,0.25004878640174866,-0.0677543431520462,0.6377812623977661,0.11001653969287872,0.009884999999999998
747,49707.0,49967.0,0.994796565733384,3.0,0.003,0.0,0.0,3.0,0.003,70.0,42707.0,409.0,92.0625,398.9375,42707.0,427.06999999999937,100.0,1000,0,1000,0.18526420800480992,930,0,0,0,0,0,0,0,0,0,0,0,0,1,0,0,69,0.23647603392601013,-0.02260804921388626,0.5203747749328613,0.1119205504655838,0.009857999999999999
748,49666.0,49885.0,0.9956099027763857,5.0,0.005,0.0,0.0,5.0,0.005,72.0,42466.0,509.75,390.25,0.0,42466.0,424.6600000000005,100.0,1000,0,1000,0.1872836670372635,928,0,0,0,1,0,0,0,0,0,1,0,0,0,0,0,70,0.19645792245864868,-0.02577422745525837,0.4468643069267273,0.12206392735242844,0.009831
749,49004.0,49708.0,0.98583728977227,9.0,0.009,0.0,0.0,9.0,0.009,70.0,42004.0,706.2890625,112.85546875,80.85546875,42004.0,420.04000000000025,100.0,1000,0,1000,0.18600029195658863,930,0,0,0,0,0,0,0,1,0,0,0,0,0,0,2,67,0.3963203728199005,0.03143703565001488,0.7325877547264099,0.1438756138086319,0.009804
750,48263.0,49551.0,0.9740065790801397,16.0,0.016,1.0,0.001,15.0,0.015,67.0,41563.0,533.0,367.0,0.0,41563.0,415.63000000000034,100.0,1000,1,999,0.18563475005794317,933,0,0,0,0,0,0,0,0,0,0,0,0,0,0,1,66,0.2880669832229614,0.04807352274656296,0.4822271466255188,0.11456680297851562,0.009776999999999997
751,50512.0,50998.0,0.9904702145182164,8.0,0.008,1.0,0.001,7.0,0.007,72.0,43312.0,704.9375,195.0625,0.0,43312.0,433.1200000000001,100.0,1000,1,999,0.1858356670709327,928,0,0,0,0,0,0,0,1,0,0,0,0,0,0,1,70,0.2515506446361542,0.008596478030085564,0.48795852065086365,0.10513616353273392,0.009749999999999998
752,49693.0,50592.0,0.9822303921568627,11.0,0.011,0.0,0.0,11.0,0.011,69.0,42793.0,447.0,453.0,0.0,42793.0,427.9299999999994,100.0,1000,0,1000,0.18669724999926984,931,0,0,0,0,0,0,0,0,0,0,0,0,0,0,0,69,0.3281964659690857,-0.02123510278761387,0.7008636593818665,0.10287370532751083,0.009722999999999999
753,49371.0,49684.0,0.9937001851702761,5.0,0.005,0.0,0.0,5.0,0.005,73.0,42071.0,561.90625,97.0,241.09375,42071.0,420.7100000000008,100.0,1000,0,1000,0.18712845898699015,927,0,0,0,2,0,0,0,0,0,1,1,0,0,0,0,69,0.5153704881668091,0.04382438585162163,0.9460728168487549,0.15370486676692963,0.009696
754,47379.0,47903.0,0.989061227898044,6.0,0.006,0.0,0.0,6.0,0.006,68.0,40579.0,650.0,250.0,0.0,40579.0,405.79000000000104,100.0,1000,0,1000,0.18575262499507517,932,0,0,0,0,0,0,0,0,0,0,0,1,0,0,0,67,0.22427070140838623,-0.027286013588309288,0.5052019357681274,0.10800112783908844,0.009669
755,48957.0,50157.0,0.9760751241102936,9.0,0.009,0.0,0.0,9.0,0.009,69.0,42057.0,242.0,31.890625,626.109375,42057.0,420.5700000000011,100.0,1000,0,1000,0.18574579199776053,931,0,0,0,1,0,0,0,0,0,0,0,0,0,0,1,67,0.7702786326408386,0.009676460176706314,1.5241038799285889,0.1503586322069168,0.009641999999999998
756,47906.0,48914.0,0.9793924029930081,9.0,0.009,0.0,0.0,9.0,0.009,68.0,41106.0,544.375,355.625,0.0,41106.0,411.06000000000046,100.0,1000,0,1000,0.18523729196749628,932,0,0,0,0,0,0,0,0,0,1,0,0,0,0,0,67,0.37109771370887756,0.023200273513793945,0.697884202003479,0.10864894092082977,0.009614999999999999
757,50019.0,50073.0,0.9989215745012282,1.0,0.001,0.0,0.0,1.0,0.001,74.0,42619.0,482.0,418.0,0.0,42619.0,426.1899999999998,100.0,1000,0,1000,0.18640679097734392,926,0,0,0,1,0,0,0,0,0,1,0,0,0,0,2,70,0.21598754823207855,-0.0071135759353637695,0.4486044645309448,0.1252722144126892,0.009588
758,49031.0,49503.0,0.9904652243298386,7.0,0.007,0.0,0.0,7.0,0.007,70.0,42031.0,330.0,570.0,0.0,42031.0,420.3099999999998,100.0,1000,0,1000,0.18611520796548575,930,0,0,0,0,1,0,0,0,0,1,0,0,0,0,1,67,0.35756534337997437,0.038967885076999664,0.6396371722221375,0.12772022187709808,0.009561
759,49193.0,49381.0,0.9961928677021527,2.0,0.002,0.0,0.0,2.0,0.002,73.0,41893.0,744.0,156.0,0.0,41893.0,418.9299999999996,100.0,1000,0,1000,0.18657875002827495,927,0,0,1,0,0,0,0,0,0,0,0,0,0,0,0,72,0.5863270163536072,0.13669097423553467,0.9012476205825806,0.10360531508922577,0.009533999999999997
760,48411.0,49506.0,0.9778814689128591,10.0,0.01,1.0,0.001,9.0,0.009,72.0,41211.0,458.0,442.0,0.0,41211.0,412.1100000000002,100.0,1000,1,999,0.18587037490215153,928,1,0,0,0,0,0,0,0,0,0,0,0,0,0,0,71,0.40804991126060486,0.001530990470200777,0.8152461647987366,0.11614309251308441,0.009506999999999998
761,49851.0,50288.0,0.9913100540884505,4.0,0.004,0.0,0.0,4.0,0.004,74.0,42451.0,348.2890625,157.29443359375,394.41650390625,42451.0,424.5100000000001,100.0,1000,0,1000,0.18689000001177192,926,0,0,0,1,0,0,0,0,0,1,0,0,0,0,2,70,0.3529614806175232,-0.0425289012491703,0.7931896448135376,0.11650118231773376,0.009479999999999999
762,49696.0,49774.0,0.998432916783863,1.0,0.001,0.0,0.0,1.0,0.001,73.0,42396.0,695.5625,204.4375,0.0,42396.0,423.9600000000006,100.0,1000,0,1000,0.1864069999428466,927,0,0,0,0,0,0,0,0,0,0,0,0,0,0,3,70,0.23274150490760803,-0.0004521372029557824,0.4685876965522766,0.11638753116130829,0.009453
763,50547.0,51155.0,0.988114553807057,8.0,0.008,1.0,0.001,7.0,0.007,73.0,43247.0,456.0,0.0,444.0,43247.0,432.46999999999986,100.0,1000,1,999,0.18681833299342543,927,0,0,0,0,0,0,0,0,0,0,0,0,0,0,1,72,0.2796902358531952,-0.02046622522175312,0.6024610996246338,0.11394675821065903,0.009426
764,47346.0,47777.0,0.9909789229126986,2.0,0.002,0.0,0.0,2.0,0.002,72.0,40146.0,693.4375,187.9921875,18.5703125,40146.0,401.4599999999992,100.0,1000,0,1000,0.18573316605761647,928,0,1,1,0,0,0,0,0,0,0,0,0,2,0,1,67,0.4289909601211548,-0.0420842319726944,0.9444051384925842,0.1199452206492424,0.009398999999999998
765,50152.0,50522.0,0.9926764577807687,7.0,0.007,1.0,0.001,6.0,0.006,74.0,42752.0,652.25,247.75,0.0,42752.0,427.5199999999993,100.0,1000,1,999,0.1864723750622943,926,0,0,0,1,0,0,0,0,0,0,0,0,1,0,0,72,0.1246807724237442,-0.09656268358230591,0.4445544481277466,0.11030381917953491,0.009371999999999998
766,49681.0,49980.0,0.9940176070428172,6.0,0.006,0.0,0.0,6.0,0.006,73.0,42381.0,646.375,253.625,0.0,42381.0,423.8099999999989,100.0,1000,0,1000,0.1856098750140518,927,0,0,0,0,0,0,0,0,0,0,0,0,0,0,2,71,0.46321550011634827,0.046386174857616425,0.8361954689025879,0.13573208451271057,0.009345
767,49271.0,49454.0,0.9962995915396126,3.0,0.003,1.0,0.001,2.0,0.002,73.0,41971.0,383.0,517.0,0.0,41971.0,419.7100000000006,100.0,1000,1,999,0.18535191705450416,927,0,0,0,0,0,0,0,0,0,0,0,1,0,0,1,71,0.2795727849006653,-0.030674533918499947,0.622830331325531,0.12533049285411835,0.009318
768,49587.0,49612.0,0.9994960896557284,1.0,0.001,0.0,0.0,1.0,0.001,75.0,42087.0,561.421875,323.9169921875,14.6611328125,42087.0,420.8699999999993,100.0,1000,0,1000,0.18541687505785376,925,1,0,0,1,0,0,0,0,0,0,0,0,0,0,3,70,0.20558400452136993,-0.0727820172905922,0.5590224862098694,0.12326287478208542,0.009290999999999997
769,49946.0,51132.0,0.9768051318156927,9.0,0.009,0.0,0.0,9.0,0.009,73.0,42646.0,813.0,87.0,0.0,42646.0,426.45999999999987,100.0,1000,0,1000,0.18639379099477082,927,0,0,1,1,0,0,0,0,0,1,0,0,0,0,0,70,0.6210141777992249,-0.04017011821269989,1.3250311613082886,0.14370059967041016,0.009263999999999998
770,49176.0,49418.0,0.9951029989072807,3.0,0.003,0.0,0.0,3.0,0.003,74.0,41776.0,206.0,303.625,390.375,41776.0,417.76000000000056,100.0,1000,0,1000,0.18612433306407183,926,0,0,0,0,0,0,0,0,3,0,0,0,0,0,1,70,0.3030785620212555,0.022193459793925285,0.5637478232383728,0.10704988986253738,0.009236999999999999
771,49927.0,50212.0,0.9943240659603282,6.0,0.006,0.0,0.0,6.0,0.006,71.0,42827.0,480.0,420.0,0.0,42827.0,428.26999999999987,100.0,1000,0,1000,0.1850861250422895,929,0,0,0,0,0,0,0,0,0,0,0,0,0,0,0,71,0.25360798835754395,-0.03225279226899147,0.5737724304199219,0.11134075373411179,0.00921
772,49611.0,50079.0,0.9906547654705565,6.0,0.006,1.0,0.001,5.0,0.005,75.0,42111.0,356.5088195800781,206.46819877624512,337.02298164367676,42111.0,421.1099999999996,100.0,1000,1,999,0.18748529197182506,925,0,0,2,0,0,0,0,0,2,1,0,0,1,0,2,67,0.2777717709541321,-0.020962011069059372,0.5992733240127563,0.09832225739955902,0.009183
773,47932.0,48720.0,0.9838259441707717,10.0,0.01,0.0,0.0,10.0,0.01,67.0,41232.0,699.3193359375,200.6806640625,0.0,41232.0,412.3200000000002,100.0,1000,0,1000,0.18575604096986353,933,0,0,0,0,0,0,0,0,0,0,0,0,0,0,3,64,0.2907182276248932,0.04072912037372589,0.50196772813797,0.10864666104316711,0.009155999999999997
774,47960.0,49122.0,0.9763446113757583,16.0,0.016,1.0,0.001,15.0,0.015,67.0,41260.0,428.25,103.0,368.75,41260.0,412.59999999999945,100.0,1000,1,999,0.18657779193017632,933,0,0,0,0,1,0,0,0,0,0,0,0,0,0,1,65,0.46401098370552063,-0.013578011654317379,0.9574612379074097,0.12505631148815155,0.009128999999999998
775,48758.0,49558.0,0.9838572985189071,10.0,0.01,2.0,0.002,8.0,0.008,70.0,41758.0,574.625,325.375,0.0,41758.0,417.5799999999998,100.0,1000,2,998,0.18541454197838902,930,1,0,0,0,0,0,0,0,0,1,0,0,0,0,2,66,0.4837953448295593,0.016983292996883392,0.9356159567832947,0.109419085085392,0.009101999999999999
776,49651.0,50513.0,0.9829350860174608,9.0,0.009,0.0,0.0,9.0,0.009,69.0,42751.0,658.5,241.5,0.0,42751.0,427.51000000000073,100.0,1000,0,1000,0.18674741697032005,931,0,0,1,0,0,0,0,0,0,0,0,0,0,0,1,67,0.46638068556785583,0.029511574655771255,0.8759155869483948,0.11996617913246155,0.009075
777,47647.0,48402.0,0.9844014710135944,11.0,0.011,0.0,0.0,11.0,0.011,67.0,40947.0,261.0,104.625,534.375,40947.0,409.4700000000004,100.0,1000,0,1000,0.18650683399755508,933,0,0,1,0,0,0,0,0,0,0,0,0,0,0,5,61,0.6451676487922668,0.09618528932332993,1.1001777648925781,0.12229447811841965,0.009047999999999997
778,47778.0,48089.0,0.9935328245544719,5.0,0.005,1.0,0.001,4.0,0.004,68.0,40978.0,500.6875,324.44140625,74.87109375,40978.0,409.7800000000002,100.0,1000,1,999,0.1863081669434905,932,0,0,1,0,0,0,0,0,0,0,0,0,0,0,5,62,0.14410071074962616,-0.08135710656642914,0.45283475518226624,0.10636892169713974,0.009020999999999998
779,49150.0,49531.0,0.9923078476105873,6.0,0.006,0.0,0.0,6.0,0.006,70.0,42150.0,325.0,215.625,359.375,42150.0,421.49999999999955,100.0,1000,0,1000,0.18547891697380692,930,0,0,0,0,0,0,0,0,0,1,0,0,0,0,2,67,0.48732471466064453,-0.030832674354314804,1.0387052297592163,0.13289228081703186,0.008993999999999999
780,48675.0,49902.0,0.9754118071419983,14.0,0.014,1.0,0.001,13.0,0.013,69.0,41775.0,780.25,119.75,0.0,41775.0,417.7499999999998,100.0,1000,1,999,0.18599508295301348,931,1,0,0,0,0,0,0,0,0,1,0,0,0,0,3,64,0.4192253649234772,0.06280268728733063,0.7155431509017944,0.15042906999588013,0.008967
781,49339.0,49948.0,0.9878073196123969,7.0,0.007,0.0,0.0,7.0,0.007,71.0,42239.0,716.1875,183.8125,0.0,42239.0,422.38999999999925,100.0,1000,0,1000,0.18562416697386652,929,0,0,0,0,0,0,0,0,0,0,0,0,0,0,3,68,0.2325284630060196,-0.00772056682035327,0.4825400114059448,0.1142033040523529,0.00894
782,47902.0,49698.0,0.9638617248179001,16.0,0.016,1.0,0.001,15.0,0.015,70.0,40902.0,439.2706298828125,82.23308563232422,378.4962844848633,40902.0,409.0200000000003,100.0,1000,1,999,0.18663324997760355,930,0,0,0,1,0,0,0,0,1,0,0,0,0,0,4,64,0.23844042420387268,-0.05427171289920807,0.5874009132385254,0.11088568717241287,0.008912999999999997
783,46820.0,47630.0,0.982993911400378,9.0,0.009,2.0,0.002,7.0,0.007,68.0,40020.0,374.9599609375,105.00250244140625,420.03753662109375,40020.0,400.2000000000007,100.0,1000,2,998,0.18540312501136214,932,0,0,0,0,0,0,0,0,0,1,0,0,0,0,4,63,0.29643213748931885,-0.06176573783159256,0.718650221824646,0.12685638666152954,0.008885999999999998
784,49625.0,50172.0,0.9890975045842303,7.0,0.007,1.0,0.001,6.0,0.006,73.0,42325.0,708.39453125,47.9013671875,143.7041015625,42325.0,423.24999999999966,100.0,1000,1,999,0.18523083301261067,927,0,0,0,0,0,0,0,0,0,0,0,1,1,0,2,69,0.3236682713031769,-0.04166595637798309,0.7332342267036438,0.14481239020824432,0.008858999999999999
785,50069.0,50322.0,0.9949723778864115,5.0,0.005,1.0,0.001,4.0,0.004,74.0,42669.0,182.4140625,105.78662109375,611.79931640625,42669.0,426.68999999999977,100.0,1000,1,999,0.18602541601285338,926,0,0,0,1,0,0,0,0,0,0,0,0,0,1,4,68,0.20544688403606415,0.07934923470020294,0.2551433742046356,0.16689755022525787,0.008832
786,48040.0,49274.0,0.9749563664407193,13.0,0.013,0.0,0.0,13.0,0.013,75.0,40540.0,568.816267490387,331.18373250961304,0.0,40540.0,405.40000000000026,100.0,1000,0,1000,0.18650095898192376,925,0,0,0,3,0,0,1,0,0,1,0,2,2,0,1,65,0.21982510387897491,-0.0641586035490036,0.5705930590629578,0.149099200963974,0.008804999999999997
787,50537.0,50577.0,0.9992091266781343,1.0,0.001,0.0,0.0,1.0,0.001,76.0,42937.0,522.0,94.5,283.5,42937.0,429.37000000000006,100.0,1000,0,1000,0.1854484579525888,924,0,0,0,0,0,0,0,0,0,0,0,1,0,0,4,71,0.25507616996765137,0.05794409662485123,0.39642536640167236,0.12310395389795303,0.008777999999999998
788,48959.0,49467.0,0.9897305274223219,7.0,0.007,0.0,0.0,7.0,0.007,75.0,41459.0,490.5,119.7421875,289.7578125,41459.0,414.5899999999997,100.0,1000,0,1000,0.1857716249069199,925,0,0,0,2,0,0,0,0,1,0,0,0,1,0,4,67,0.22417227923870087,-0.13132208585739136,0.7127198576927185,0.09891010820865631,0.008750999999999998
789,49237.0,50029.0,0.9841691818745127,10.0,0.01,1.0,0.001,9.0,0.009,75.0,41737.0,548.4375,21.97265625,329.58984375,41737.0,417.3700000000004,100.0,1000,1,999,0.18540954194031656,925,1,0,0,1,0,0,0,0,0,0,0,1,0,0,2,70,0.4078121483325958,-0.009630790911614895,0.8375582098960876,0.1531604528427124,0.008723999999999999
790,49335.0,49761.0,0.9914390787966479,5.0,0.005,2.0,0.002,3.0,0.003,73.0,42035.0,509.0,391.0,0.0,42035.0,420.35,100.0,1000,2,998,0.18637466698419303,927,0,0,0,1,0,0,0,0,0,0,0,0,0,0,2,70,0.24494120478630066,0.029842037707567215,0.4318431615829468,0.09456164389848709,0.008697
791,49422.0,50792.0,0.9730272483855725,12.0,0.012,1.0,0.001,11.0,0.011,71.0,42322.0,346.0,415.5,138.5,42322.0,423.2200000000001,100.0,1000,1,999,0.18560037505812943,929,0,0,0,2,0,0,0,0,0,0,0,0,0,0,4,65,0.4327981770038605,-0.007156963925808668,0.8817688226699829,0.10718170553445816,0.008669999999999997
792,49347.0,49557.0,0.9957624553544403,3.0,0.003,1.0,0.001,2.0,0.002,71.0,42247.0,601.7495880126953,298.2504119873047,0.0,42247.0,422.4699999999998,100.0,1000,1,999,0.18548104108776897,929,0,0,0,0,0,0,0,0,0,0,0,0,0,0,6,65,0.36660224199295044,0.021502934396266937,0.6923736929893494,0.12582844495773315,0.008642999999999998
793,50633.0,51312.0,0.9867672279388837,10.0,0.01,0.0,0.0,10.0,0.01,73.0,43333.0,295.1875,109.05078125,495.76171875,43333.0,433.32999999999964,100.0,1000,0,1000,0.1867189999902621,927,0,0,0,0,1,0,0,0,0,0,0,0,0,0,3,69,0.37092655897140503,-0.0013101686490699649,0.7467132210731506,0.12997715175151825,0.008615999999999999
794,48998.0,49520.0,0.9894588045234248,7.0,0.007,3.0,0.003,4.0,0.004,72.0,41798.0,604.15771484375,47.552642822265625,248.28964233398438,41798.0,417.98000000000053,100.0,1000,3,997,0.1865418329834938,928,0,0,0,0,0,0,0,0,0,0,0,0,0,1,3,68,0.7745092511177063,0.03543516993522644,1.4798808097839355,0.1008673757314682,0.008589
795,50198.0,50408.0,0.9958339946040311,3.0,0.003,0.0,0.0,3.0,0.003,74.0,42798.0,458.046875,441.953125,0.0,42798.0,427.98000000000013,100.0,1000,0,1000,0.18587008293252438,926,0,0,0,1,0,0,0,0,0,0,0,0,0,0,1,72,0.21858640015125275,-0.03036128729581833,0.499841570854187,0.11365288496017456,0.008561999999999997
796,49354.0,49543.0,0.9961851321074622,3.0,0.003,0.0,0.0,3.0,0.003,75.0,41854.0,686.75,122.625,90.625,41854.0,418.5399999999993,100.0,1000,0,1000,0.18609029101207852,925,0,0,0,2,0,0,0,1,0,0,0,0,0,0,4,68,0.2891920804977417,-0.04630344733595848,0.6730993986129761,0.12350942194461823,0.008534999999999997
797,50203.0,50937.0,0.9855900426016452,8.0,0.008,1.0,0.001,7.0,0.007,75.0,42703.0,656.6875,243.3125,0.0,42703.0,427.0299999999997,100.0,1000,1,999,0.1863603750243783,925,0,0,0,1,0,0,0,0,0,0,0,0,1,0,4,69,0.34172287583351135,-0.08639732003211975,0.8584563136100769,0.1302267163991928,0.008507999999999998
798,49815.0,50624.0,0.9840194374209861,6.0,0.006,0.0,0.0,6.0,0.006,75.0,42315.0,483.5859375,416.4140625,0.0,42315.0,423.1500000000006,100.0,1000,0,1000,0.18589883402455598,925,0,0,1,0,0,0,0,0,0,0,1,0,0,0,4,69,0.6064081788063049,0.041161537170410156,1.1326335668563843,0.12617899477481842,0.008480999999999999
799,49237.0,50168.0,0.9814423536915963,7.0,0.007,0.0,0.0,7.0,0.007,74.0,41837.0,616.0,124.25,159.75,41837.0,418.37,100.0,1000,0,1000,0.1856139589799568,926,0,0,1,0,0,0,0,0,2,0,1,0,0,0,2,68,0.6113627552986145,-0.009795788675546646,1.2446084022521973,0.13551552593708038,0.008454
800,48367.0,48794.0,0.9912489240480387,7.0,0.007,1.0,0.001,6.0,0.006,74.0,40967.0,687.0,111.1875,101.8125,40967.0,409.67000000000013,100.0,1000,1,999,0.18691966601181775,926,0,0,0,3,0,0,0,0,1,0,0,0,0,0,5,65,0.49074286222457886,0.0157921239733696,0.9521175622940063,0.13148929178714752,0.008426999999999997
801,49517.0,51181.0,0.9674879349758699,17.0,0.017,2.0,0.002,15.0,0.015,77.0,41817.0,544.1856009587646,53.175899940077215,302.63849910115823,41817.0,418.17000000000024,100.0,1000,2,998,0.18496854102704674,923,0,0,2,1,0,0,0,0,0,1,0,1,0,0,5,67,0.6097725033760071,0.04761236160993576,1.1265488862991333,0.13265366852283478,0.008399999999999998
802,49693.0,49846.0,0.9969305460819323,2.0,0.002,0.0,0.0,2.0,0.002,73.0,42393.0,498.60094833374023,401.39905166625977,0.0,42393.0,423.9299999999998,100.0,1000,0,1000,0.18525704194325954,927,0,0,0,1,1,0,0,0,0,0,0,0,3,0,0,68,0.3507474362850189,0.01722974143922329,0.6695343255996704,0.14922426640987396,0.008372999999999998
803,49160.0,49160.0,1.0,0.0,0.0,0.0,0.0,0.0,0.0,77.0,41460.0,669.2243957594037,8.314176678453805,222.4614275621425,41460.0,414.60000000000025,100.0,1000,0,1000,0.18545779201667756,923,0,0,0,0,1,0,0,0,1,0,2,0,0,0,5,68,0.3409477472305298,0.0018484140746295452,0.6802698373794556,0.12407960742712021,0.008346
804,48729.0,49014.0,0.9941853348023014,5.0,0.005,2.0,0.002,3.0,0.003,74.0,41329.0,362.0,319.3671875,218.6328125,41329.0,413.29,100.0,1000,2,998,0.18655733298510313,926,0,0,0,2,2,0,0,0,0,1,1,0,0,0,0,68,0.19288784265518188,-0.06793849170207977,0.5245869159698486,0.17635878920555115,0.008318999999999997
805,49171.0,49458.0,0.9941970965263456,4.0,0.004,0.0,0.0,4.0,0.004,75.0,41671.0,700.44921875,12.471923828125,187.078857421875,41671.0,416.71000000000043,100.0,1000,0,1000,0.18611570808570832,925,1,0,1,0,0,1,0,0,0,0,0,0,1,0,1,70,0.44611918926239014,0.03628980740904808,0.8220681548118591,0.14528560638427734,0.008291999999999997
806,49491.0,50979.0,0.9708115106220209,14.0,0.014,2.0,0.002,12.0,0.012,72.0,42291.0,606.6875,93.18359375,200.12890625,42291.0,422.91000000000037,100.0,1000,2,998,0.18573887494858354,928,0,0,0,0,0,0,0,0,0,0,0,2,1,0,1,68,0.4354962408542633,-0.0022253035567700863,0.8776735067367554,0.13493213057518005,0.008264999999999998
807,48521.0,48939.0,0.9914587547763543,7.0,0.007,1.0,0.001,6.0,0.006,71.0,41421.0,393.8121337890625,506.1878662109375,0.0,41421.0,414.21000000000015,100.0,1000,1,999,0.18479116703383625,929,0,0,0,0,0,0,1,0,0,0,2,0,0,0,1,67,0.12072548270225525,-0.07928352802991867,0.4019531011581421,0.11744879186153412,0.008237999999999999
808,48119.0,48596.0,0.9901843773150053,5.0,0.005,1.0,0.001,4.0,0.004,70.0,41119.0,126.3125,100.0,673.6875,41119.0,411.19000000000017,100.0,1000,1,999,0.1866811659419909,930,0,0,0,1,0,0,0,0,0,0,0,1,1,0,2,65,0.31599652767181396,0.08961635828018188,0.45474058389663696,0.12058598548173904,0.008210999999999996
809,48450.0,49161.0,0.985537316165253,7.0,0.007,1.0,0.001,6.0,0.006,69.0,41550.0,489.625,410.375,0.0,41550.0,415.50000000000057,100.0,1000,1,999,0.18583116692025214,931,0,0,0,1,0,0,0,0,0,0,0,0,0,0,2,66,0.4093237519264221,0.015502410009503365,0.7903335094451904,0.16439801454544067,0.008183999999999997
810,50225.0,50432.0,0.9958954631979695,3.0,0.003,0.0,0.0,3.0,0.003,75.0,42725.0,590.2911782413721,309.7088217586279,0.0,42725.0,427.2499999999997,100.0,1000,0,1000,0.18598912504967302,925,0,0,0,0,0,0,0,0,1,0,0,0,1,0,7,66,0.2059512883424759,-0.021579323336482048,0.4570739269256592,0.12337175011634827,0.008156999999999998
811,50729.0,51481.0,0.9853926691400711,9.0,0.009,1.0,0.001,8.0,0.008,79.0,42829.0,741.6722530424595,95.80935766361654,62.518389293923974,42829.0,428.28999999999957,100.0,1000,1,999,0.18642245803494006,921,0,0,0,3,0,0,0,0,0,2,1,0,0,1,6,66,0.5893059372901917,-0.060534361749887466,1.3018372058868408,0.13263346254825592,0.008129999999999998
812,49289.0,49557.0,0.9945920858809049,4.0,0.004,0.0,0.0,4.0,0.004,74.0,41889.0,523.9322662353516,376.06773376464844,0.0,41889.0,418.89000000000004,100.0,1000,0,1000,0.18558204104192555,926,0,0,1,2,0,0,0,0,1,0,1,0,0,0,3,66,0.16864289343357086,0.01669524610042572,0.3064113259315491,0.1552528291940689,0.008102999999999999
813,50755.0,51482.0,0.985878559496523,10.0,0.01,0.0,0.0,10.0,0.01,77.0,43055.0,620.5409698486328,209.5942726135254,69.8647575378418,43055.0,430.54999999999967,100.0,1000,0,1000,0.18524074996821582,923,1,0,2,1,0,0,1,0,0,0,1,0,0,0,4,67,0.49020034074783325,0.10483964532613754,0.7729089260101318,0.13543595373630524,0.008075999999999996
814,50123.0,50376.0,0.9949777671907257,4.0,0.004,1.0,0.001,3.0,0.003,75.0,42623.0,455.15380859375,57.70583152770996,387.14035987854004,42623.0,426.2300000000005,100.0,1000,1,999,0.18644595798105001,925,2,0,1,0,0,0,0,0,0,0,1,0,0,0,4,67,0.4330384135246277,0.10501603782176971,0.6589531898498535,0.1806725412607193,0.008049
815,49449.0,49760.0,0.99375,6.0,0.006,2.0,0.002,4.0,0.004,78.0,41649.0,511.9749984741211,225.76406335830688,162.26093816757202,41649.0,416.49000000000035,100.0,1000,2,998,0.18630420800764114,922,0,0,3,3,0,0,0,0,1,0,0,0,0,0,1,70,0.04095834493637085,-0.1277366727590561,0.338998407125473,0.10024744272232056,0.008022000000000001
816,50102.0,50848.0,0.9853288231592197,7.0,0.007,0.0,0.0,7.0,0.007,73.0,42802.0,679.0,221.0,0.0,42802.0,428.01999999999936,100.0,1000,0,1000,0.18620337499305606,927,0,0,2,0,0,0,0,0,0,0,0,0,0,0,5,66,0.3249151408672333,-0.008386955596506596,0.6687576770782471,0.134675070643425,0.007995000000000002
817,49543.0,50950.0,0.9723846908734053,15.0,0.015,3.0,0.003,12.0,0.012,73.0,42243.0,509.3667907714844,390.6332092285156,0.0,42243.0,422.4300000000008,100.0,1000,3,997,0.18594554194714874,927,0,0,4,0,0,0,0,0,1,0,0,0,0,0,3,65,0.34782522916793823,-0.08883284777402878,0.8751378655433655,0.11431390047073364,0.007968
818,49071.0,49492.0,0.9914935747191466,7.0,0.007,1.0,0.001,6.0,0.006,72.0,41871.0,601.2391832470894,228.21056151762605,70.55025523528457,41871.0,418.70999999999935,100.0,1000,1,999,0.18625695793889463,928,0,0,1,1,1,0,0,0,0,0,0,0,0,0,5,64,0.06476713716983795,-0.11165918409824371,0.3548475503921509,0.1256076991558075,0.007941
819,49271.0,50046.0,0.9845142468928586,10.0,0.01,1.0,0.001,9.0,0.009,75.0,41771.0,581.0,319.0,0.0,41771.0,417.71,100.0,1000,1,999,0.18556799995712936,925,0,0,6,0,0,0,0,0,1,1,1,0,0,0,2,64,0.31465524435043335,0.009658369235694408,0.6126512885093689,0.16789942979812622,0.007914000000000001
820,49005.0,49496.0,0.9900800064651689,10.0,0.01,3.0,0.003,7.0,0.007,70.0,42005.0,697.315185546875,202.684814453125,0.0,42005.0,420.0500000000005,100.0,1000,3,997,0.18654329201672226,930,0,0,0,0,0,0,0,0,0,0,0,0,1,0,6,63,0.20404398441314697,-0.007808934897184372,0.4255196750164032,0.11498783528804779,0.007887000000000002
821,49036.0,49489.0,0.9908464507264241,6.0,0.006,2.0,0.002,4.0,0.004,71.0,41936.0,432.44970703125,467.55029296875,0.0,41936.0,419.3600000000007,100.0,1000,2,998,0.18509787507355213,929,0,0,0,1,0,0,0,0,0,1,0,0,0,0,3,66,0.42556044459342957,0.00817902572453022,0.8370003700256348,0.14233869314193726,0.007859999999999999
822,49830.0,50352.0,0.9896329837940896,6.0,0.006,2.0,0.002,4.0,0.004,77.0,42130.0,472.31943452358246,156.3413648623973,271.3392006140202,42130.0,421.30000000000007,100.0,1000,2,998,0.18527533300220966,923,0,0,4,0,2,0,0,0,0,0,0,1,1,0,3,66,0.3521907329559326,-0.038189128041267395,0.7830008268356323,0.14305570721626282,0.007833
823,49336.0,50262.0,0.9815765389359755,13.0,0.013,1.0,0.001,12.0,0.012,74.0,41936.0,706.7026739946159,193.2973260053841,0.0,41936.0,419.3599999999995,100.0,1000,1,999,0.18597016704734415,926,0,0,3,0,1,0,0,0,1,1,0,0,0,0,5,63,0.2177748680114746,-0.01106123998761177,0.46010497212409973,0.15582725405693054,0.0078060000000000004
824,48875.0,49458.0,0.9882122204698937,7.0,0.007,1.0,0.001,6.0,0.006,74.0,41475.0,470.28125,9.8231201171875,419.8956298828125,41475.0,414.7499999999996,100.0,1000,1,999,0.18544833292253315,926,0,0,1,1,0,0,0,0,0,0,0,0,0,0,4,68,0.14643335342407227,-0.06121988594532013,0.4172721207141876,0.12634289264678955,0.007779000000000001
825,50026.0,50859.0,0.9836213846123597,10.0,0.01,0.0,0.0,10.0,0.01,76.0,42426.0,818.255859375,72.6046142578125,9.1395263671875,42426.0,424.25999999999993,100.0,1000,0,1000,0.18580991693306714,924,0,0,5,0,0,0,0,0,1,0,0,1,0,0,4,65,0.6479568481445312,0.03817638009786606,1.2212694883346558,0.11020165681838989,0.007752000000000002
826,49966.0,50106.0,0.9972059234423023,3.0,0.003,1.0,0.001,2.0,0.002,75.0,42466.0,652.8808898925781,93.27977752685547,153.8393325805664,42466.0,424.65999999999957,100.0,1000,1,999,0.18624254199676216,925,0,0,2,0,0,0,0,0,0,0,0,1,0,0,3,69,0.2466084063053131,-0.03948705270886421,0.5737046599388123,0.09797690808773041,0.007724999999999999
827,49514.0,49995.0,0.9903790379037903,7.0,0.007,2.0,0.002,5.0,0.005,73.0,42214.0,581.0,319.0,0.0,42214.0,422.1400000000005,100.0,1000,2,998,0.18679229100234807,927,1,0,1,0,0,0,0,0,0,0,0,1,0,0,3,67,0.38483181595802307,0.10300144553184509,0.5658426880836487,0.14172177016735077,0.007698
828,51300.0,52006.0,0.9864246433103873,10.0,0.01,1.0,0.001,9.0,0.009,74.0,43900.0,406.0,51.5,442.5,43900.0,438.9999999999991,100.0,1000,1,999,0.18589987501036376,926,0,0,1,0,0,0,0,0,0,1,0,0,0,0,1,71,0.15966863930225372,-0.07408885657787323,0.46952182054519653,0.13080526888370514,0.007671000000000001
829,49405.0,50067.0,0.9867777178580702,7.0,0.007,0.0,0.0,7.0,0.007,72.0,42205.0,746.978515625,153.021484375,0.0,42205.0,422.05000000000007,100.0,1000,0,1000,0.1860115829622373,928,0,0,0,0,0,0,0,0,0,1,0,0,0,0,3,68,0.2047528624534607,-0.057743482291698456,0.5266127586364746,0.10596913844347,0.0076440000000000015
830,49167.0,49401.0,0.9952632537802878,4.0,0.004,0.0,0.0,4.0,0.004,70.0,42167.0,595.0,305.0,0.0,42167.0,421.6699999999993,100.0,1000,0,1000,0.18538216699380428,930,0,0,0,0,0,0,0,0,0,0,0,0,0,0,0,70,0.16118274629116058,-0.02064845897257328,0.3657768964767456,0.13879966735839844,0.007616999999999999
831,49948.0,50614.0,0.9868415853321215,6.0,0.006,0.0,0.0,6.0,0.006,78.0,42148.0,398.046875,175.531494140625,326.421630859375,42148.0,421.47999999999917,100.0,1000,0,1000,0.18644566601142287,922,1,0,1,5,0,0,0,0,2,0,0,0,0,0,1,68,0.37330347299575806,-0.021401623263955116,0.7915675640106201,0.14212243258953094,0.0075899999999999995
832,49675.0,50187.0,0.9897981549006715,5.0,0.005,1.0,0.001,4.0,0.004,75.0,42175.0,554.7578125,345.2421875,0.0,42175.0,421.74999999999994,100.0,1000,1,999,0.18627208296675235,925,0,0,1,0,0,0,0,0,0,1,1,0,0,0,2,70,0.33348363637924194,-0.018578508868813515,0.7060903310775757,0.12998008728027344,0.007563
833,49403.0,49564.0,0.9967516746025341,2.0,0.002,0.0,0.0,2.0,0.002,77.0,41703.0,639.779052734375,211.4295196533203,48.79142761230469,41703.0,417.0299999999993,100.0,1000,0,1000,0.18609570793341845,923,1,0,3,0,0,0,0,0,0,1,2,0,0,0,1,69,0.2610936164855957,-0.007013732101768255,0.5386133790016174,0.15914681553840637,0.007536000000000001
834,47073.0,47765.0,0.985512404480268,8.0,0.008,0.0,0.0,8.0,0.008,70.0,40073.0,416.04296875,183.366943359375,300.590087890625,40073.0,400.7300000000004,100.0,1000,0,1000,0.18555024999659508,930,0,0,1,0,0,0,0,0,0,0,0,0,1,0,1,67,0.40496301651000977,0.04779937118291855,0.7164994478225708,0.144638791680336,0.007509000000000002
835,50624.0,51143.0,0.989851983653677,8.0,0.008,1.0,0.001,7.0,0.007,75.0,43124.0,766.740234375,133.259765625,0.0,43124.0,431.24000000000024,100.0,1000,1,999,0.18502012500539422,925,0,0,2,1,0,0,0,0,0,0,0,0,0,0,4,68,0.3396901488304138,0.011807918548583984,0.6581160426139832,0.15714789927005768,0.007481999999999999
836,49003.0,49150.0,0.9970091556459817,2.0,0.002,0.0,0.0,2.0,0.002,72.0,41803.0,546.3125,353.6875,0.0,41803.0,418.02999999999986,100.0,1000,0,1000,0.18742929096333683,928,0,0,0,1,0,0,0,0,0,0,0,0,0,0,2,69,0.2370786964893341,-0.0005486278678290546,0.47697409987449646,0.11532232910394669,0.007455
837,49677.0,49794.0,0.9976503193155802,2.0,0.002,1.0,0.001,1.0,0.001,74.0,42277.0,667.625,232.375,0.0,42277.0,422.7700000000003,100.0,1000,1,999,0.18583308393135667,926,0,0,1,0,0,0,0,0,0,2,0,0,0,0,2,69,0.3651312291622162,0.09720490872859955,0.5381629467010498,0.15551409125328064,0.007428000000000001
838,49206.0,49432.0,0.9954280627933323,2.0,0.002,0.0,0.0,2.0,0.002,77.0,41506.0,686.0,214.0,0.0,41506.0,415.0600000000002,100.0,1000,0,1000,0.18485879199579358,923,0,0,2,1,0,0,0,0,0,2,1,0,0,0,0,71,0.3067193329334259,-0.03500504419207573,0.6850653290748596,0.10921356827020645,0.007401000000000001
839,49725.0,50080.0,0.9929113418530351,7.0,0.007,2.0,0.002,5.0,0.005,73.0,42425.0,755.165771484375,144.834228515625,0.0,42425.0,424.25000000000006,100.0,1000,2,998,0.18582016695290804,927,0,0,0,0,0,0,1,0,0,0,0,0,1,0,2,69,0.29191699624061584,0.02635810524225235,0.5326018929481506,0.10063213109970093,0.007373999999999999
840,49099.0,49215.0,0.997642995021843,2.0,0.002,0.0,0.0,2.0,0.002,72.0,41899.0,723.0,177.0,0.0,41899.0,418.9900000000002,100.0,1000,0,1000,0.18657716701272875,928,0,0,0,0,0,0,0,0,0,0,0,0,0,0,2,70,0.2627909481525421,-0.089679054915905,0.7066548466682434,0.11670146882534027,0.007346999999999999
841,49869.0,51408.0,0.970063025210084,17.0,0.017,1.0,0.001,16.0,0.016,72.0,42669.0,615.702880859375,284.297119140625,0.0,42669.0,426.689999999999,100.0,1000,1,999,0.18534991703927517,928,0,0,1,0,0,0,0,0,0,0,0,0,0,0,4,67,0.5322097539901733,-0.003214412834495306,1.0723090171813965,0.09977605938911438,0.00732
842,50074.0,50379.0,0.993945890152643,5.0,0.005,1.0,0.001,4.0,0.004,72.0,42874.0,610.5625,289.4375,0.0,42874.0,428.7399999999997,100.0,1000,1,999,0.18614529201295227,928,0,0,0,1,0,0,0,0,0,0,0,0,0,0,2,69,0.13033005595207214,-0.051141221076250076,0.364280641078949,0.09173845499753952,0.007293000000000001
843,48884.0,49494.0,0.9876752737705581,9.0,0.009,2.0,0.002,7.0,0.007,68.0,42084.0,702.0,198.0,0.0,42084.0,420.8399999999994,100.0,1000,2,998,0.18539545801468194,932,0,0,0,0,0,0,0,0,0,0,0,0,0,0,0,68,0.36757466197013855,0.018406881019473076,0.7000426650047302,0.1174720823764801,0.007266000000000002
844,48417.0,50829.0,0.9525467744791359,15.0,0.015,0.0,0.0,15.0,0.015,70.0,41417.0,372.15625,200.022705078125,327.821044921875,41417.0,414.16999999999854,100.0,1000,0,1000,0.18638983299024403,930,0,0,1,0,0,0,0,1,0,1,0,0,0,0,3,64,0.404279887676239,-0.030868185684084892,0.8724552392959595,0.14913107454776764,0.007238999999999999
845,50477.0,51163.0,0.9865918730332467,9.0,0.009,2.0,0.002,7.0,0.007,71.0,43377.0,414.7578125,485.2421875,0.0,43377.0,433.77000000000015,100.0,1000,2,998,0.18519445799756795,929,0,0,0,0,0,0,0,0,0,0,0,0,0,0,2,69,0.27463215589523315,-0.052844010293483734,0.6565550565719604,0.1111159399151802,0.007212
846,50280.0,50350.0,0.998609731876862,2.0,0.002,0.0,0.0,2.0,0.002,70.0,43280.0,459.5,440.5,0.0,43280.0,432.8000000000003,100.0,1000,0,1000,0.18597308394964784,930,0,0,0,0,0,0,0,0,0,1,0,0,0,0,1,68,0.16016122698783875,-0.01629054546356201,0.3547476530075073,0.12832991778850555,0.007185
847,49274.0,49585.0,0.9937279419179187,4.0,0.004,1.0,0.001,3.0,0.003,69.0,42374.0,204.75,44.0,651.25,42374.0,423.73999999999944,100.0,1000,1,999,0.18598775006830692,931,0,0,0,0,0,0,0,0,0,0,0,0,0,0,1,68,0.38850805163383484,0.033232368528842926,0.7122237086296082,0.11681511998176575,0.007158000000000001
848,49695.0,49849.0,0.9969106702240768,2.0,0.002,0.0,0.0,2.0,0.002,72.0,42495.0,455.5625,62.46484375,381.97265625,42495.0,424.95000000000005,100.0,1000,0,1000,0.1866128749679774,928,0,0,1,0,0,0,0,0,0,0,0,0,0,0,3,68,0.2382090985774994,-0.06397085636854172,0.605768084526062,0.09873518347740173,0.0071309999999999985
849,48932.0,50466.0,0.9696032972694487,15.0,0.015,3.0,0.003,12.0,0.012,67.0,42232.0,407.875,492.125,0.0,42232.0,422.3200000000011,100.0,1000,3,997,0.1864361249608919,933,0,0,0,0,0,0,0,0,0,0,0,0,0,0,2,65,0.27419301867485046,-0.03062058612704277,0.6110762357711792,0.10198958218097687,0.007103999999999999
850,49244.0,49551.0,0.9938043631813687,6.0,0.006,3.0,0.003,3.0,0.003,71.0,42144.0,210.625,63.0,626.375,42144.0,421.4400000000003,100.0,1000,3,997,0.18551054189447314,929,0,0,1,0,0,1,0,0,0,0,0,0,0,0,2,67,0.29401811957359314,0.022403119131922722,0.545177698135376,0.13760660588741302,0.007077
851,49165.0,51413.0,0.9562756501273997,18.0,0.018,0.0,0.0,18.0,0.018,70.0,42165.0,75.6494140625,204.1875,620.1630859375,42165.0,421.6500000000001,100.0,1000,0,1000,0.1881652909796685,930,0,0,1,0,1,0,0,0,0,0,0,0,0,0,2,66,0.45606178045272827,0.001287073944695294,0.9112340807914734,0.11947891116142273,0.007050000000000001
852,49569.0,49758.0,0.9962016158205715,3.0,0.003,0.0,0.0,3.0,0.003,71.0,42469.0,636.328125,263.671875,0.0,42469.0,424.69000000000057,100.0,1000,0,1000,0.18697020795661956,929,0,0,0,0,0,0,0,0,1,0,0,1,0,0,2,67,0.17715856432914734,-0.07012998312711716,0.49607592821121216,0.1067078709602356,0.007022999999999998
853,50433.0,51338.0,0.982371732439908,14.0,0.014,1.0,0.001,13.0,0.013,72.0,43233.0,281.0,127.75,491.25,43233.0,432.33000000000004,100.0,1000,1,999,0.18865787505637854,928,0,0,1,0,0,0,0,0,0,0,0,0,0,0,3,68,0.4744037687778473,0.05115785449743271,0.8482714891433716,0.12719227373600006,0.006995999999999999
854,49869.0,50309.0,0.9912540499711782,6.0,0.006,1.0,0.001,5.0,0.005,71.0,42769.0,381.46044921875,518.53955078125,0.0,42769.0,427.6899999999999,100.0,1000,1,999,0.18765800003893673,929,0,0,0,0,0,0,0,0,0,2,0,0,0,0,3,66,0.22823676466941833,0.011318516917526722,0.43561896681785583,0.1278865486383438,0.0069689999999999995
855,49350.0,50147.0,0.9841067262248988,11.0,0.011,3.0,0.003,8.0,0.008,73.0,42050.0,749.3843610920012,91.91347743174993,58.702161476248875,42050.0,420.49999999999955,100.0,1000,3,997,0.1874116250546649,927,0,0,0,0,0,0,0,0,0,2,0,0,0,0,7,64,0.22829368710517883,-0.05081874504685402,0.5596751570701599,0.10445746034383774,0.006942
856,45754.0,46345.0,0.9872478152983062,10.0,0.01,1.0,0.001,9.0,0.009,64.0,39354.0,523.0,377.0,0.0,39354.0,393.5399999999991,100.0,1000,1,999,0.18737950001377612,936,0,0,0,0,0,0,0,0,0,0,0,0,1,0,1,62,0.3051025867462158,-0.02238200418651104,0.6565017700195312,0.11081904172897339,0.006915000000000001
857,48101.0,49058.0,0.9804924782910025,10.0,0.01,0.0,0.0,10.0,0.01,69.0,41201.0,630.6875,269.3125,0.0,41201.0,412.0100000000004,100.0,1000,0,1000,0.1888722910080105,931,0,0,0,0,0,0,1,0,0,0,0,0,0,0,4,64,0.29674890637397766,-0.02152063511312008,0.6379473209381104,0.10222259163856506,0.006887999999999998
858,46510.0,47100.0,0.9874734607218684,10.0,0.01,2.0,0.002,8.0,0.008,65.0,40010.0,416.75,60.0126953125,423.2373046875,40010.0,400.1,100.0,1000,2,998,0.1875942919868976,935,0,0,0,0,0,0,0,0,0,0,0,0,0,0,5,60,0.17580419778823853,-0.062371715903282166,0.47794800996780396,0.11632305383682251,0.006860999999999999
859,48431.0,50104.0,0.9666094523391346,13.0,0.013,0.0,0.0,13.0,0.013,66.0,41831.0,470.3046875,360.00244140625,69.69287109375,41831.0,418.3100000000003,100.0,1000,0,1000,0.1878857499687001,934,0,0,1,0,0,0,0,0,0,0,0,0,0,0,2,63,0.5707557201385498,0.022784516215324402,1.0974048376083374,0.10699671506881714,0.006834
860,49074.0,49414.0,0.9931193588861457,6.0,0.006,0.0,0.0,6.0,0.006,69.0,42174.0,581.0,319.0,0.0,42174.0,421.74,100.0,1000,0,1000,0.1865457920357585,931,0,0,0,0,1,0,0,0,0,1,0,0,0,0,2,65,0.1970987170934677,-0.060144975781440735,0.5159612894058228,0.10826343297958374,0.0068070000000000006
861,48424.0,49947.0,0.9695076781388272,18.0,0.018,0.0,0.0,18.0,0.018,67.0,41724.0,714.2839164733887,185.71608352661133,0.0,41724.0,417.23999999999944,100.0,1000,0,1000,0.18843029194977134,933,0,0,1,0,0,0,0,0,0,0,1,1,0,0,2,62,0.42698732018470764,0.14413340389728546,0.5676318407058716,0.1418859362602234,0.006779999999999998
862,49740.0,50461.0,0.9857117377776897,12.0,0.012,2.0,0.002,10.0,0.01,71.0,42640.0,650.8484632372856,15.57197104766965,233.57956571504474,42640.0,426.40000000000003,100.0,1000,2,998,0.1870561670511961,929,0,0,1,0,0,0,0,0,0,0,0,0,0,0,6,64,0.26009872555732727,0.008598876185715199,0.5045820474624634,0.11715676635503769,0.006752999999999999
863,50039.0,50955.0,0.9820233539397507,11.0,0.011,0.0,0.0,11.0,0.011,70.0,43039.0,727.0,129.75,43.25,43039.0,430.38999999999925,100.0,1000,0,1000,0.18825729191303253,930,0,0,0,1,0,0,1,0,0,0,0,0,0,0,2,66,0.5408909320831299,0.04508579149842262,0.993247926235199,0.12174244225025177,0.006725999999999999
864,49321.0,50629.0,0.974165004246578,14.0,0.014,1.0,0.001,13.0,0.013,68.0,42521.0,728.0,172.0,0.0,42521.0,425.21,100.0,1000,1,999,0.1881032920209691,932,0,0,0,0,0,0,0,0,0,1,0,0,0,0,2,65,0.3555715084075928,-0.09747058898210526,0.9076554775238037,0.11727812886238098,0.006699
865,49878.0,51356.0,0.9712205000389439,14.0,0.014,0.0,0.0,14.0,0.014,67.0,43178.0,603.0,297.0,0.0,43178.0,431.77999999999986,100.0,1000,0,1000,0.1914346250705421,933,0,0,0,0,0,0,0,0,0,0,0,0,0,0,2,65,0.4334702491760254,-0.0297244843095541,0.9279887676239014,0.11985206604003906,0.006672000000000001
866,49608.0,50565.0,0.9810738653218629,13.0,0.013,0.0,0.0,13.0,0.013,70.0,42608.0,360.35071563720703,435.4869632720947,104.16232109069824,42608.0,426.079999999999,100.0,1000,0,1000,0.18705345899797976,930,0,0,1,1,1,0,1,0,0,0,0,0,0,0,3,63,0.2078474760055542,-0.06758718192577362,0.5522655844688416,0.10506243258714676,0.006644999999999998
867,49014.0,49686.0,0.9864750633981403,11.0,0.011,2.0,0.002,9.0,0.009,67.0,42314.0,390.859375,87.1337890625,422.0068359375,42314.0,423.1399999999993,100.0,1000,2,998,0.18533212505280972,933,0,0,0,0,0,0,0,0,0,0,0,1,0,0,2,64,0.24004660546779633,-0.02282450534403324,0.5276046991348267,0.14071165025234222,0.006617999999999999
868,48791.0,49822.0,0.9793063305367107,11.0,0.011,0.0,0.0,11.0,0.011,67.0,42091.0,402.0,315.0,183.0,42091.0,420.9100000000002,100.0,1000,0,1000,0.18612658290658146,933,0,0,1,1,0,0,0,0,0,0,0,0,0,0,1,64,0.24217867851257324,-0.018661705777049065,0.5229623913764954,0.09722493588924408,0.006591
869,49249.0,49848.0,0.987983469748034,10.0,0.01,1.0,0.001,9.0,0.009,68.0,42449.0,353.0,71.6875,475.3125,42449.0,424.49000000000035,100.0,1000,1,999,0.1860409160144627,932,0,0,0,0,0,0,0,0,0,0,0,0,0,0,1,67,0.1105322390794754,-0.027309570461511612,0.2769832909107208,0.09900005906820297,0.006564
870,49262.0,50645.0,0.9726922697206042,23.0,0.023,2.0,0.002,21.0,0.021,67.0,42562.0,596.5927734375,303.4072265625,0.0,42562.0,425.62000000000035,100.0,1000,2,998,0.1868288329569623,933,0,0,0,1,0,0,0,0,0,0,0,0,0,0,2,64,0.20395846664905548,-0.028126182034611702,0.46561092138290405,0.11026734858751297,0.006536999999999998
871,48946.0,49794.0,0.9829698357231795,15.0,0.015,2.0,0.002,13.0,0.013,66.0,42346.0,469.0,431.0,0.0,42346.0,423.45999999999975,100.0,1000,2,998,0.18850062496494502,934,0,0,0,0,0,0,0,0,0,0,0,0,1,0,0,65,0.2554935812950134,-0.004614274948835373,0.521713137626648,0.1150122657418251,0.006509999999999998
872,48882.0,49867.0,0.9802474582389156,14.0,0.014,3.0,0.003,11.0,0.011,67.0,42182.0,540.0,360.0,0.0,42182.0,421.8200000000003,100.0,1000,3,997,0.1867205419111997,933,0,0,0,0,0,0,0,0,0,0,0,0,0,0,0,67,0.3245590925216675,0.038129620254039764,0.5746129155158997,0.13527598977088928,0.006482999999999999
873,50855.0,52251.0,0.9732828079845361,16.0,0.016,1.0,0.001,15.0,0.015,69.0,43955.0,131.015625,108.0,660.984375,43955.0,439.5499999999998,100.0,1000,1,999,0.18937220890074968,931,0,0,0,0,0,0,0,0,0,1,0,0,0,0,1,67,0.5507324934005737,0.1295510083436966,0.8438133001327515,0.11232154816389084,0.006456
874,49068.0,49734.0,0.9866087585957293,11.0,0.011,2.0,0.002,9.0,0.009,67.0,42368.0,171.4375,728.5625,0.0,42368.0,423.67999999999927,100.0,1000,2,998,0.18806462490465492,933,0,0,2,0,0,0,0,0,0,0,0,0,0,0,0,65,0.12663361430168152,-0.034268397837877274,0.3230772316455841,0.09902031719684601,0.006429000000000001
875,50226.0,51185.0,0.9812640421998633,13.0,0.013,0.0,0.0,13.0,0.013,66.0,43626.0,347.3125,552.6875,0.0,43626.0,436.26000000000016,100.0,1000,0,1000,0.1895578330149874,934,0,0,0,0,0,0,0,0,0,0,0,0,0,0,1,65,0.44961726665496826,0.06770919263362885,0.7653414011001587,0.11912582069635391,0.006401999999999998
876,48570.0,49516.0,0.9808950642216657,12.0,0.012,0.0,0.0,12.0,0.012,65.0,42070.0,501.625,398.375,0.0,42070.0,420.69999999999976,100.0,1000,0,1000,0.18776379199698567,935,0,0,0,0,0,0,0,0,0,0,0,0,1,0,0,64,0.3826137185096741,0.021699806675314903,0.7231965065002441,0.10734793543815613,0.006374999999999999
877,48905.0,50060.0,0.9769276867758689,16.0,0.016,0.0,0.0,16.0,0.016,66.0,42305.0,180.0625,168.74609375,551.19140625,42305.0,423.0499999999997,100.0,1000,0,1000,0.18759691703598946,934,0,0,0,0,0,0,0,0,0,0,0,0,0,0,3,63,0.2977079153060913,-0.017489055171608925,0.6318463683128357,0.11440282315015793,0.0063479999999999995
878,47187.0,48734.0,0.9682562482045389,13.0,0.013,1.0,0.001,12.0,0.012,65.0,40687.0,535.4375,364.5625,0.0,40687.0,406.8700000000003,100.0,1000,1,999,0.18841554189566523,935,0,0,0,0,0,0,0,0,0,0,0,0,0,0,1,64,0.33242833614349365,-0.020100412890315056,0.7067134380340576,0.13098520040512085,0.006321
879,47961.0,49088.0,0.9770412320730117,10.0,0.01,1.0,0.001,9.0,0.009,67.0,41261.0,296.0,37.75,566.25,41261.0,412.6100000000007,100.0,1000,1,999,0.1874533750815317,933,0,0,0,0,0,0,0,0,0,0,0,0,0,0,4,63,0.4644790589809418,0.030120225623250008,0.8701508641242981,0.11385567486286163,0.0062939999999999975
880,50926.0,53016.0,0.960577938735476,23.0,0.023,2.0,0.002,21.0,0.021,70.0,43926.0,586.5037231445312,313.49627685546875,0.0,43926.0,439.2600000000008,100.0,1000,2,998,0.18774004199076444,930,0,0,0,0,0,0,0,0,0,2,0,0,0,0,2,66,0.49860823154449463,-0.023127272725105286,1.0452839136123657,0.14464171230793,0.006266999999999998
881,49686.0,51329.0,0.9679908044185548,12.0,0.012,0.0,0.0,12.0,0.012,70.0,42686.0,646.0,254.0,0.0,42686.0,426.8599999999993,100.0,1000,0,1000,0.18761504092253745,930,0,0,0,0,0,0,0,0,0,0,1,0,1,0,0,68,0.48920994997024536,0.07865486294031143,0.8223152756690979,0.09656079113483429,0.006239999999999999
882,48854.0,49337.0,0.99021018708069,7.0,0.007,1.0,0.001,6.0,0.006,70.0,41854.0,526.59765625,23.337646484375,350.064697265625,41854.0,418.5400000000001,100.0,1000,1,999,0.18777750001754612,930,0,0,0,0,0,0,0,0,1,0,1,0,0,0,1,67,0.35871946811676025,-0.0026778127066791058,0.7241750955581665,0.11110084503889084,0.006213
883,48591.0,50178.0,0.9683725935669019,15.0,0.015,0.0,0.0,15.0,0.015,66.0,41991.0,321.5625,578.4375,0.0,41991.0,419.9099999999994,100.0,1000,0,1000,0.18894675001502037,934,0,0,0,0,0,0,0,0,0,0,0,0,0,0,1,65,0.30667853355407715,-0.05303540825843811,0.7206562757492065,0.09928686916828156,0.0061860000000000005
884,50413.0,50904.0,0.9903543925821153,6.0,0.006,0.0,0.0,6.0,0.006,70.0,43413.0,509.0,391.0,0.0,43413.0,434.13000000000034,100.0,1000,0,1000,0.18964595801662654,930,0,0,0,0,0,0,0,0,0,0,0,0,0,0,1,69,0.18276649713516235,-0.060857243835926056,0.488468736410141,0.09914189577102661,0.006158999999999998
885,48350.0,49145.0,0.9838233797944858,11.0,0.011,0.0,0.0,11.0,0.011,68.0,41550.0,433.5,29.15625,437.34375,41550.0,415.4999999999996,100.0,1000,0,1000,0.18658687500283122,932,0,0,0,0,0,0,0,0,0,1,0,0,0,0,2,65,0.1898757517337799,-0.03334372863173485,0.4478622078895569,0.11604957282543182,0.0061319999999999986
886,48369.0,48940.0,0.988332652227217,8.0,0.008,0.0,0.0,8.0,0.008,68.0,41569.0,427.0,49.25,423.75,41569.0,415.69000000000096,100.0,1000,0,1000,0.18792937498074025,932,0,0,0,0,0,0,0,0,0,0,0,0,0,0,2,66,0.19941046833992004,-0.062457192689180374,0.5251455307006836,0.11549732834100723,0.006104999999999999
887,50296.0,50910.0,0.9879395010803379,7.0,0.007,1.0,0.001,6.0,0.006,72.0,43096.0,781.0625,118.9375,0.0,43096.0,430.9599999999994,100.0,1000,1,999,0.1886800000211224,928,0,0,0,0,0,0,0,0,0,0,0,0,0,0,2,70,0.46866217255592346,0.0681014209985733,0.8025200366973877,0.11504708230495453,0.006078
888,48808.0,49973.0,0.9766874112020492,12.0,0.012,1.0,0.001,11.0,0.011,70.0,41808.0,648.84521484375,251.15478515625,0.0,41808.0,418.0800000000004,100.0,1000,1,999,0.18767004099208862,930,0,0,0,0,0,0,0,0,0,1,0,1,0,0,2,66,0.5408079624176025,0.02263656072318554,1.0375292301177979,0.09802724421024323,0.006050999999999997
889,48729.0,48936.0,0.9957699852869053,3.0,0.003,1.0,0.001,2.0,0.002,69.0,41829.0,486.25,413.75,0.0,41829.0,418.2900000000001,100.0,1000,1,999,0.18652054201811552,931,0,0,0,0,0,0,0,0,0,0,0,0,0,0,1,68,0.31865277886390686,-0.0016529930289834738,0.6418635249137878,0.10391490906476974,0.006023999999999998
890,49475.0,50462.0,0.9804407276762712,11.0,0.011,1.0,0.001,10.0,0.01,69.0,42575.0,480.0,420.0,0.0,42575.0,425.74999999999903,100.0,1000,1,999,0.18789575004484504,931,0,0,0,0,0,0,0,0,0,0,0,0,0,0,0,69,0.3776080012321472,-0.014920132234692574,0.7865714430809021,0.12632538378238678,0.005996999999999999
891,49172.0,50182.0,0.9798732613287633,12.0,0.012,3.0,0.003,9.0,0.009,70.0,42172.0,585.0,315.0,0.0,42172.0,421.7200000000004,100.0,1000,3,997,0.18601287493947893,930,0,0,0,0,0,0,0,0,0,0,0,0,0,0,2,68,0.4992155134677887,0.031072545796632767,0.9374070763587952,0.09390217810869217,0.00597
892,49342.0,50480.0,0.9774564183835183,11.0,0.011,1.0,0.001,10.0,0.01,70.0,42342.0,348.0,552.0,0.0,42342.0,423.4200000000003,100.0,1000,1,999,0.1867242919979617,930,0,0,1,0,0,0,0,0,0,0,0,0,0,0,1,68,0.4039841890335083,-0.015455903485417366,0.8403241634368896,0.12148723006248474,0.005943
893,48849.0,49070.0,0.9954962298756878,4.0,0.004,3.0,0.003,1.0,0.001,71.0,41749.0,706.0,62.0703125,131.9296875,41749.0,417.49000000000063,100.0,1000,3,997,0.23563287500292063,929,0,0,0,0,1,1,0,0,0,0,0,0,0,0,1,68,0.3420804738998413,0.050501078367233276,0.5846094489097595,0.12260675430297852,0.005915999999999998
894,49353.0,49956.0,0.9879293778525102,8.0,0.008,0.0,0.0,8.0,0.008,70.0,42353.0,442.4609375,28.59619140625,428.94287109375,42353.0,423.5300000000003,100.0,1000,0,1000,0.1902644590009004,930,0,0,0,0,0,0,0,0,0,1,0,0,0,0,3,66,0.2319813221693039,-0.01062876358628273,0.4867701828479767,0.13160376250743866,0.005888999999999998
895,49313.0,50145.0,0.9834081164622595,8.0,0.008,1.0,0.001,7.0,0.007,70.0,42313.0,619.0,193.1875,87.8125,42313.0,423.1299999999994,100.0,1000,1,999,0.1881920410087332,930,0,0,0,0,1,0,0,0,0,0,0,0,0,0,0,69,0.5846802592277527,0.060883067548274994,1.0487380027770996,0.09754093736410141,0.005861999999999999
896,51127.0,51867.0,0.9857327395068155,10.0,0.01,1.0,0.001,9.0,0.009,72.0,43927.0,619.0,96.5625,184.4375,43927.0,439.2700000000006,100.0,1000,1,999,0.18635774997528642,928,0,0,0,0,0,0,0,0,0,0,0,0,1,0,1,70,0.3615224063396454,0.009181573055684566,0.7061485052108765,0.12569215893745422,0.005835
897,50892.0,51500.0,0.9881941747572816,10.0,0.01,3.0,0.003,7.0,0.007,72.0,43692.0,290.5,609.5,0.0,43692.0,436.9199999999998,100.0,1000,3,997,0.1874976250110194,928,0,0,0,0,0,0,1,0,0,0,0,0,0,0,1,70,0.048446279019117355,-0.09613919258117676,0.2904001474380493,0.10581998527050018,0.005807999999999997
898,49659.0,49903.0,0.995110514397932,4.0,0.004,1.0,0.001,3.0,0.003,71.0,42559.0,803.0,97.0,0.0,42559.0,425.5900000000003,100.0,1000,1,999,0.18758654198609293,929,0,0,0,0,0,0,0,0,0,0,0,1,0,0,0,70,0.38974136114120483,0.03867947682738304,0.7032577395439148,0.09807996451854706,0.005780999999999998
899,47799.0,48720.0,0.9810960591133004,11.0,0.011,1.0,0.001,10.0,0.01,69.0,40899.0,621.0,279.0,0.0,40899.0,408.98999999999995,100.0,1000,1,999,0.2133157920325175,931,0,0,0,0,0,0,0,0,0,0,0,1,0,0,2,66,0.2520630359649658,0.028585640713572502,0.4480181038379669,0.09239324927330017,0.005753999999999999
900,48193.0,48454.0,0.9946134478061667,4.0,0.004,1.0,0.001,3.0,0.003,69.0,41293.0,679.9375,220.0625,0.0,41293.0,412.92999999999967,100.0,1000,1,999,0.299002957995981,931,0,0,0,0,0,0,0,0,0,1,0,0,0,0,1,67,0.1795552670955658,-0.06729619950056076,0.4948965907096863,0.10421154648065567,0.0057269999999999995
901,50033.0,50658.0,0.9876623632989854,8.0,0.008,1.0,0.001,7.0,0.007,70.0,43033.0,732.0,168.0,0.0,43033.0,430.33000000000027,100.0,1000,1,999,0.19486854202114046,929,0,0,0,0,0,0,0,0,0,0,0,0,0,0,1,70,0.24591411650180817,-0.022937770932912827,0.5392091870307922,0.13205309212207794,0.0057
902,48583.0,48973.0,0.9920364282359667,8.0,0.008,1.0,0.001,7.0,0.007,70.0,41583.0,777.984375,122.015625,0.0,41583.0,415.82999999999987,100.0,1000,1,999,0.18626362504437566,930,1,0,0,0,0,0,0,0,0,0,0,1,0,0,3,65,0.09744473546743393,-0.057559363543987274,0.31128472089767456,0.11250799149274826,0.0056729999999999975
903,49876.0,50796.0,0.981888337664383,11.0,0.011,3.0,0.003,8.0,0.008,70.0,42876.0,343.0,236.375,320.625,42876.0,428.7599999999985,100.0,1000,3,997,0.1870700839208439,930,0,0,0,0,0,0,0,0,0,2,0,0,0,0,0,68,0.30061042308807373,0.012363336980342865,0.5779058933258057,0.12502199411392212,0.005645999999999998
904,50311.0,50962.0,0.9872257760684432,9.0,0.009,2.0,0.002,7.0,0.007,73.0,43011.0,625.016565322876,274.983434677124,0.0,43011.0,430.10999999999996,100.0,1000,2,998,0.18697991699445993,927,0,0,1,0,0,0,0,0,0,3,0,1,0,0,2,66,0.36796316504478455,0.03905212879180908,0.6590481996536255,0.10910321772098541,0.005618999999999999
905,49986.0,51370.0,0.9730582051781195,15.0,0.015,0.0,0.0,15.0,0.015,71.0,42886.0,229.0625,670.9375,0.0,42886.0,428.8600000000003,100.0,1000,0,1000,0.1868111250223592,929,0,0,0,0,0,0,0,0,0,2,0,0,0,0,2,67,0.287701815366745,-0.09034518897533417,0.756960391998291,0.07746163755655289,0.005592
906,49735.0,50035.0,0.9940041970620566,4.0,0.004,2.0,0.002,2.0,0.002,69.0,42835.0,201.0,116.0,583.0,42835.0,428.34999999999957,100.0,1000,2,998,0.18677587492857128,931,0,0,0,0,0,0,0,0,0,0,0,0,0,0,0,69,0.05464215576648712,-0.05149015039205551,0.21351231634616852,0.11210283637046814,0.005564999999999997
907,49933.0,50336.0,0.9919938016528925,6.0,0.006,0.0,0.0,6.0,0.006,69.0,43033.0,347.0,553.0,0.0,43033.0,430.33000000000044,100.0,1000,0,1000,0.18629908410366625,931,0,0,0,0,0,0,0,0,0,0,0,0,0,0,0,69,0.09106838703155518,-0.04978412762284279,0.2829723060131073,0.11441753804683685,0.005537999999999998
908,49530.0,49865.0,0.9932818610247669,6.0,0.006,2.0,0.002,4.0,0.004,72.0,42330.0,742.4375,114.0859375,43.4765625,42330.0,423.30000000000024,100.0,1000,2,998,0.19458120793569833,928,0,0,0,0,0,0,0,0,0,2,0,1,0,0,1,68,0.19520613551139832,-0.02164488285779953,0.4351317286491394,0.12971049547195435,0.0055109999999999985
909,49904.0,51213.0,0.9744400835725304,15.0,0.015,3.0,0.003,12.0,0.012,72.0,42704.0,605.3359375,58.0,236.6640625,42704.0,427.04000000000025,100.0,1000,3,997,0.1931068339617923,927,0,0,0,0,0,0,0,0,1,1,0,0,0,0,3,68,0.49715325236320496,0.010759390890598297,0.9740298986434937,0.11325366050004959,0.005483999999999999
910,50253.0,50514.0,0.9948331155719207,5.0,0.005,2.0,0.002,3.0,0.003,73.0,42953.0,476.0,132.5,291.5,42953.0,429.52999999999946,100.0,1000,2,998,0.18668354104738683,927,0,0,0,0,0,0,0,0,0,2,1,0,0,0,0,70,0.43188899755477905,0.10214101523160934,0.6607223749160767,0.11237064749002457,0.005457
911,48117.0,49000.0,0.9819795918367347,10.0,0.01,2.0,0.002,8.0,0.008,69.0,41217.0,321.0,114.0,465.0,41217.0,412.1699999999999,100.0,1000,2,998,0.19491916603874415,931,0,0,0,0,0,0,0,0,0,2,0,0,0,0,0,67,0.4507666230201721,0.033643003553152084,0.8356373310089111,0.12800107896327972,0.005429999999999997
912,48915.0,49404.0,0.9901020160310906,8.0,0.008,1.0,0.001,7.0,0.007,69.0,42015.0,728.0234375,171.9765625,0.0,42015.0,420.15000000000026,100.0,1000,1,999,0.1939612089190632,931,0,0,0,0,0,0,0,0,0,0,0,0,0,0,3,66,0.12209310382604599,-0.02566569484770298,0.2963855564594269,0.08032283931970596,0.005402999999999998
913,47312.0,49143.0,0.9627413873796878,18.0,0.018,1.0,0.001,17.0,0.017,68.0,40512.0,774.130859375,63.1793212890625,62.6898193359375,40512.0,405.11999999999904,100.0,1000,1,999,0.18849570804741234,932,0,0,0,0,0,0,0,0,0,2,0,0,0,0,3,63,0.3716018795967102,-0.09777616709470749,0.9399992823600769,0.11562260240316391,0.005375999999999999
914,49798.0,50124.0,0.9934961295985955,4.0,0.004,0.0,0.0,4.0,0.004,72.0,42598.0,531.0,369.0,0.0,42598.0,425.97999999999945,100.0,1000,0,1000,0.18920204206369817,928,0,0,1,0,0,0,0,0,0,1,0,0,0,0,0,70,0.06554219871759415,-0.04398183524608612,0.22037814557552338,0.12432917207479477,0.005349
915,49830.0,50260.0,0.9914444886589734,8.0,0.008,0.0,0.0,8.0,0.008,74.0,42430.0,589.599609375,261.3878173828125,49.0125732421875,42430.0,424.2999999999999,100.0,1000,0,1000,0.1895682499743998,926,0,0,1,2,0,0,1,0,0,1,0,1,0,0,1,67,0.24520756304264069,-0.038658883422613144,0.5691918134689331,0.13706360757350922,0.005321999999999997
916,47895.0,49078.0,0.9758955132645992,18.0,0.018,2.0,0.002,16.0,0.016,68.0,41095.0,453.640625,368.4794921875,77.8798828125,41095.0,410.94999999999925,100.0,1000,2,998,0.1875096670119092,932,0,0,1,0,0,0,0,0,0,1,0,0,0,0,2,64,0.44537901878356934,0.1222953125834465,0.6474343538284302,0.11963438242673874,0.005294999999999998
917,49994.0,50376.0,0.9924170239796729,8.0,0.008,4.0,0.004,4.0,0.004,72.0,42794.0,513.625,386.375,0.0,42794.0,427.9400000000002,100.0,1000,4,996,0.19730316696222872,928,0,0,0,0,1,0,0,0,0,2,0,0,0,0,2,67,0.31971055269241333,0.0677543580532074,0.50519859790802,0.1220797672867775,0.005267999999999998
918,50092.0,50659.0,0.9888075169269034,6.0,0.006,0.0,0.0,6.0,0.006,72.0,42892.0,515.5625,384.4375,0.0,42892.0,428.91999999999894,100.0,1000,0,1000,0.19230579095892608,928,0,0,0,0,0,0,0,0,0,1,0,0,0,0,4,67,0.21858753263950348,-0.03307725116610527,0.504584789276123,0.11974986642599106,0.005240999999999999
919,49194.0,49702.0,0.9897790833366866,7.0,0.007,1.0,0.001,6.0,0.006,71.0,42094.0,537.859375,174.89361572265625,187.24700927734375,42094.0,420.9400000000006,100.0,1000,1,999,0.21199850004632026,929,1,0,0,0,0,0,0,0,1,1,0,0,0,0,2,66,0.11206234246492386,-0.12066072970628738,0.4665549695491791,0.10633201152086258,0.005213999999999996
920,49491.0,50162.0,0.9866233403771779,9.0,0.009,2.0,0.002,7.0,0.007,71.0,42391.0,611.6875,138.01953125,150.29296875,42391.0,423.9099999999997,100.0,1000,2,998,0.21187200001440942,929,0,0,0,0,0,0,0,0,0,1,0,1,1,0,2,66,0.18601195514202118,-0.054200321435928345,0.48140770196914673,0.0947716012597084,0.005186999999999997
921,48867.0,49836.0,0.9805562244160848,12.0,0.012,0.0,0.0,12.0,0.012,70.0,41867.0,227.8125,338.3203125,333.8671875,41867.0,418.66999999999956,100.0,1000,0,1000,0.1924450829392299,930,1,0,0,0,0,0,0,0,0,3,0,0,0,0,0,66,0.3637278378009796,0.11017905920743942,0.5082976818084717,0.11629170179367065,0.005159999999999998
922,48267.0,48514.0,0.9949086861524509,4.0,0.004,0.0,0.0,4.0,0.004,70.0,41267.0,567.97021484375,127.62686157226562,204.40292358398438,41267.0,412.67000000000036,100.0,1000,0,1000,0.18666499992832541,930,0,0,0,0,0,0,0,0,0,1,0,1,0,0,4,64,0.2587486803531647,0.028061386197805405,0.46251359581947327,0.11094778776168823,0.005132999999999999
923,49696.0,50270.0,0.9885816590411777,9.0,0.009,3.0,0.003,6.0,0.006,71.0,42596.0,178.3017578125,51.0,670.6982421875,42596.0,425.96000000000015,100.0,1000,3,997,0.19288300001062453,929,1,0,0,0,0,0,0,0,0,2,0,1,0,0,0,67,0.26532527804374695,0.043592680245637894,0.4450910687446594,0.15921315550804138,0.005105999999999999
924,50959.0,52243.0,0.9754225446471297,12.0,0.012,0.0,0.0,12.0,0.012,73.0,43659.0,284.47998046875,0.0,615.52001953125,43659.0,436.59000000000026,100.0,1000,0,1000,0.18787033297121525,927,0,0,0,0,0,0,0,0,0,0,0,1,0,0,3,69,0.6030933856964111,0.05630228668451309,1.094632625579834,0.10341688990592957,0.005078999999999997
925,48657.0,49745.0,0.9781284551211177,10.0,0.01,0.0,0.0,10.0,0.01,69.0,41757.0,524.859375,375.140625,0.0,41757.0,417.56999999999954,100.0,1000,0,1000,0.18744337500538677,931,0,0,0,0,0,0,0,0,0,1,0,0,0,0,2,66,0.46384283900260925,-0.009395299479365349,0.9476001858711243,0.11123079806566238,0.0050519999999999975
926,48808.0,49189.0,0.9922543658134949,7.0,0.007,1.0,0.001,6.0,0.006,70.0,41808.0,346.625,232.515625,320.859375,41808.0,418.0800000000002,100.0,1000,1,999,0.18695645907428116,930,0,0,0,0,0,0,0,0,0,1,0,0,1,0,1,67,0.2510588467121124,-0.0022833480034023523,0.507707953453064,0.10184918344020844,0.005024999999999998
927,47951.0,49191.0,0.9747921367729869,12.0,0.012,1.0,0.001,11.0,0.011,67.0,41251.0,317.0,583.0,0.0,41251.0,412.50999999999976,100.0,1000,1,999,0.18871066602878273,933,0,0,0,0,0,0,0,0,0,0,0,0,0,1,0,66,0.42393580079078674,0.030441103503108025,0.7880805730819702,0.1091592013835907,0.004997999999999999
928,50098.0,50210.0,0.997769368651663,2.0,0.002,0.0,0.0,2.0,0.002,72.0,42898.0,672.0,228.0,0.0,42898.0,428.9800000000005,100.0,1000,0,1000,0.19120954198297113,928,0,0,1,0,0,0,0,0,0,1,0,0,0,0,2,68,0.290129154920578,-0.035680606961250305,0.652996301651001,0.13848382234573364,0.004970999999999996
929,49874.0,50224.0,0.9930312201338005,6.0,0.006,1.0,0.001,5.0,0.005,72.0,42674.0,629.8359375,270.1640625,0.0,42674.0,426.7399999999997,100.0,1000,1,999,0.18878149997908622,928,0,0,0,0,0,0,0,0,0,1,0,0,0,0,4,67,0.33421042561531067,0.052371010184288025,0.5648676156997681,0.12022707611322403,0.004943999999999997
930,49011.0,49357.0,0.9929898494641084,7.0,0.007,0.0,0.0,7.0,0.007,72.0,41811.0,487.185546875,207.305419921875,205.509033203125,41811.0,418.1099999999998,100.0,1000,0,1000,0.18662133300676942,928,0,0,1,0,0,0,0,0,0,2,0,1,0,0,0,68,0.10744630545377731,-0.12845949828624725,0.4725615978240967,0.07626474648714066,0.004916999999999998
931,49873.0,50248.0,0.9925370163986627,6.0,0.006,1.0,0.001,5.0,0.005,72.0,42673.0,637.52734375,223.759033203125,38.713623046875,42673.0,426.73000000000036,100.0,1000,1,999,0.18991745891980827,928,0,0,1,0,0,0,0,0,0,1,0,0,0,0,2,68,0.1234515905380249,-0.06366894394159317,0.37547942996025085,0.1266225278377533,0.0048899999999999985
932,50955.0,51703.0,0.9855327543856256,8.0,0.008,0.0,0.0,8.0,0.008,71.0,43855.0,644.0,256.0,0.0,43855.0,438.5499999999998,100.0,1000,0,1000,0.18625258398242295,929,0,0,0,0,0,0,0,0,0,0,0,0,0,0,1,70,0.2845481038093567,-0.06467171013355255,0.6996059417724609,0.11991789937019348,0.004862999999999999
933,49684.0,50010.0,0.9934813037392521,6.0,0.006,1.0,0.001,5.0,0.005,70.0,42684.0,660.75,239.25,0.0,42684.0,426.83999999999827,100.0,1000,1,999,0.18631670798640698,930,0,0,0,0,0,0,0,0,0,0,0,1,0,0,0,69,0.18062712252140045,-0.05716090276837349,0.4765263795852661,0.09825563430786133,0.0048359999999999966
934,50169.0,50527.0,0.9929146792803848,7.0,0.007,1.0,0.001,6.0,0.006,71.0,43069.0,481.90625,418.09375,0.0,43069.0,430.69000000000005,100.0,1000,1,999,0.1875533340498805,929,0,0,0,0,0,0,0,0,0,1,0,0,0,0,2,68,0.33642682433128357,0.03489108383655548,0.6041997671127319,0.1173066794872284,0.004808999999999997
935,48787.0,49602.0,0.9835692109189146,5.0,0.005,0.0,0.0,5.0,0.005,73.0,41487.0,354.3773193359375,40.0,505.6226806640625,41487.0,414.8700000000009,100.0,1000,0,1000,0.1866057909792289,927,0,0,0,0,0,0,0,0,0,2,0,2,0,0,1,68,0.3671096861362457,-0.0040387120097875595,0.7434732913970947,0.12300842255353928,0.004781999999999998
936,49263.0,49719.0,0.9908284559222832,6.0,0.006,1.0,0.001,5.0,0.005,69.0,42363.0,677.083984375,222.916015625,0.0,42363.0,423.6300000000001,100.0,1000,1,999,0.1865080000134185,931,0,0,0,0,0,0,0,0,0,1,1,0,0,0,1,66,0.3978293538093567,0.1022912934422493,0.5921965837478638,0.11781564354896545,0.004754999999999999
937,48980.0,50618.0,0.9676399699711565,20.0,0.02,1.0,0.001,19.0,0.019,67.0,42280.0,671.0,229.0,0.0,42280.0,422.79999999999944,100.0,1000,1,999,0.18607087503187358,933,0,0,0,0,0,0,0,0,0,0,0,0,0,0,0,67,0.32400059700012207,-0.04390944167971611,0.7364959716796875,0.07147899270057678,0.004727999999999996
938,49855.0,50796.0,0.9814749192849831,13.0,0.013,0.0,0.0,13.0,0.013,68.0,43055.0,484.0,26.0,390.0,43055.0,430.54999999999905,100.0,1000,0,1000,0.18592783296480775,932,0,0,0,0,0,0,0,0,0,0,0,0,0,0,1,67,0.39500555396080017,0.00863123219460249,0.7736399173736572,0.09479405730962753,0.004700999999999997
939,49008.0,49924.0,0.9816521112090377,14.0,0.014,1.0,0.001,13.0,0.013,66.0,42408.0,723.0,177.0,0.0,42408.0,424.0800000000002,100.0,1000,1,999,0.18705624993890524,934,0,0,0,0,0,0,0,0,0,0,0,0,0,0,0,66,0.22861126065254211,0.009387937374413013,0.43945077061653137,0.10741709172725677,0.004674000000000001
940,48916.0,50493.0,0.9687679480324005,19.0,0.019,0.0,0.0,19.0,0.019,66.0,42316.0,283.8125,616.1875,0.0,42316.0,423.1600000000004,100.0,1000,0,1000,0.18659129098523408,934,0,0,0,0,0,0,0,0,0,0,0,0,0,0,1,65,0.34648117423057556,-0.031110990792512894,0.7557753324508667,0.06358801573514938,0.004647000000000002
941,47803.0,48451.0,0.9866256630410105,9.0,0.009,0.0,0.0,9.0,0.009,65.0,41303.0,333.0,567.0,0.0,41303.0,413.03000000000054,100.0,1000,0,1000,0.18720133299939334,935,0,0,0,0,0,0,0,0,0,0,0,0,0,0,1,64,0.16389569640159607,-0.0640006959438324,0.45662909746170044,0.09051082283258438,0.004619999999999999
942,48461.0,49019.0,0.9886166588465697,7.0,0.007,0.0,0.0,7.0,0.007,66.0,41861.0,589.0,311.0,0.0,41861.0,418.60999999999956,100.0,1000,0,1000,0.18771600001491606,934,0,0,0,0,0,0,0,0,0,0,0,0,0,0,1,65,0.30915600061416626,0.052678149193525314,0.5138649344444275,0.09897660464048386,0.004593
943,48694.0,50222.0,0.9695750866154275,12.0,0.012,2.0,0.002,10.0,0.01,67.0,41994.0,221.0,679.0,0.0,41994.0,419.94,100.0,1000,2,998,0.18737591698300093,933,0,0,0,0,0,0,0,0,0,0,0,0,0,0,0,67,0.1812119334936142,-0.08546434342861176,0.5343068242073059,0.1044975221157074,0.004566000000000001
944,48866.0,49282.0,0.991558784140254,6.0,0.006,1.0,0.001,5.0,0.005,70.0,41866.0,455.953125,80.2529296875,363.7939453125,41866.0,418.66000000000037,100.0,1000,1,999,0.18655341595876962,930,1,0,0,0,0,0,0,0,1,0,0,0,0,0,1,67,0.2588050663471222,-0.03252490237355232,0.5837457776069641,0.11961302161216736,0.004539000000000001
945,48924.0,49382.0,0.9907253655178,6.0,0.006,1.0,0.001,5.0,0.005,70.0,41924.0,572.21875,327.78125,0.0,41924.0,419.23999999999944,100.0,1000,1,999,0.18617233308032155,930,0,0,0,0,0,0,0,0,0,1,0,0,0,0,2,67,0.30751752853393555,0.08094273507595062,0.4541069567203522,0.10609032958745956,0.004512000000000002
946,49497.0,50811.0,0.9741394579913798,12.0,0.012,0.0,0.0,12.0,0.012,70.0,42497.0,343.890625,34.7568359375,521.3525390625,42497.0,424.97000000000025,100.0,1000,0,1000,0.18526083300821483,930,0,0,0,0,0,0,0,0,0,3,0,0,0,0,1,66,0.4037223160266876,0.023936470970511436,0.7604827880859375,0.10157052427530289,0.004484999999999999
947,49776.0,50110.0,0.9933346637397725,5.0,0.005,1.0,0.001,4.0,0.004,70.0,42776.0,530.0,138.75,231.25,42776.0,427.76000000000033,100.0,1000,1,999,0.18740162497851998,930,0,0,0,0,0,0,0,0,0,1,0,0,0,0,1,68,0.2255585640668869,0.03859315067529678,0.3747361898422241,0.09032636135816574,0.004458
948,48682.0,49416.0,0.9851465112514165,9.0,0.009,2.0,0.002,7.0,0.007,69.0,41782.0,507.0,393.0,0.0,41782.0,417.81999999999925,100.0,1000,2,998,0.18648250005207956,931,0,0,0,0,0,0,0,0,0,0,0,0,0,0,1,68,0.2807244062423706,-0.11831265687942505,0.7988879680633545,0.0918363556265831,0.004431000000000001
949,49519.0,50029.0,0.9898059125707089,5.0,0.005,0.0,0.0,5.0,0.005,71.0,42419.0,292.0,86.0,522.0,42419.0,424.1900000000004,100.0,1000,0,1000,0.1862027500756085,929,0,0,0,0,0,0,0,0,0,1,0,0,0,0,1,69,0.3158591687679291,-0.03116350620985031,0.694993793964386,0.1076793372631073,0.004404000000000002
950,48022.0,48502.0,0.9901035008865614,6.0,0.006,2.0,0.002,4.0,0.004,67.0,41322.0,446.0,454.0,0.0,41322.0,413.2199999999999,100.0,1000,2,998,0.1866910409880802,933,0,0,0,0,0,0,0,0,0,0,0,0,0,0,2,65,0.4344449043273926,0.09365168958902359,0.6826119422912598,0.11714508384466171,0.004376999999999999
951,50015.0,50648.0,0.9875019744116253,9.0,0.009,2.0,0.002,7.0,0.007,71.0,42915.0,325.9609375,9.918121337890625,564.1209411621094,42915.0,429.15,100.0,1000,2,998,0.2539072079816833,929,0,0,1,0,0,0,0,0,0,1,0,0,0,0,2,67,0.43861883878707886,0.0391593798995018,0.7997831106185913,0.09933535009622574,0.00435
952,48538.0,49106.0,0.9884331853541318,9.0,0.009,2.0,0.002,7.0,0.007,65.0,42038.0,376.625,523.375,0.0,42038.0,420.3800000000003,100.0,1000,2,998,0.22192691697273403,935,0,0,0,0,0,0,0,0,0,0,0,0,0,0,1,64,0.3169439136981964,0.06379790604114532,0.5072308778762817,0.10858812183141708,0.0043230000000000005
953,50439.0,51133.0,0.9864275516789549,8.0,0.008,1.0,0.001,7.0,0.007,74.0,43039.0,261.75,55.0,583.25,43039.0,430.3899999999999,100.0,1000,1,999,0.1896127499639988,926,0,0,0,0,0,0,0,0,0,1,2,0,0,0,1,70,0.4537715017795563,0.10479660332202911,0.698653519153595,0.08190790563821793,0.004296000000000001
954,48883.0,49552.0,0.9864990313206329,8.0,0.008,0.0,0.0,8.0,0.008,69.0,41983.0,352.25,30.0,517.75,41983.0,419.82999999999964,100.0,1000,0,1000,0.24609250004868954,931,0,0,0,0,0,0,0,0,0,1,0,0,0,0,0,68,0.32144662737846375,-0.03934367746114731,0.7223384380340576,0.08875976502895355,0.004269000000000002
955,49239.0,49896.0,0.9868326118326118,9.0,0.009,1.0,0.001,8.0,0.008,68.0,42439.0,475.6640625,424.3359375,0.0,42439.0,424.3899999999995,100.0,1000,1,999,0.2115689580095932,932,0,0,0,0,0,0,0,0,0,1,1,1,0,0,0,65,0.2607220709323883,-0.0021591782569885254,0.5267655849456787,0.118231862783432,0.004241999999999999
956,50563.0,50962.0,0.9921706369451748,5.0,0.005,0.0,0.0,5.0,0.005,71.0,43463.0,601.0,299.0,0.0,43463.0,434.62999999999954,100.0,1000,0,1000,0.2569458750076592,929,0,0,0,0,0,0,0,0,0,0,0,0,0,0,1,70,0.4190903902053833,0.04646984115242958,0.74615478515625,0.10838349908590317,0.004215
957,50048.0,50254.0,0.9959008238150197,4.0,0.004,0.0,0.0,4.0,0.004,71.0,42948.0,737.0,163.0,0.0,42948.0,429.48,100.0,1000,0,1000,0.21209933306090534,929,0,0,0,0,0,0,0,0,0,0,0,0,0,0,0,71,0.10447259247303009,-0.0438278466463089,0.29752105474472046,0.10985813289880753,0.004188000000000001
958,50427.0,51678.0,0.9757924068268896,11.0,0.011,3.0,0.003,8.0,0.008,74.0,43027.0,284.5760192871094,192.31999397277832,423.1039867401123,43027.0,430.27000000000027,100.0,1000,3,997,0.37467020796611905,926,0,0,0,0,0,0,0,0,0,1,2,0,1,0,1,69,0.5728111267089844,-0.019479867070913315,1.1855552196502686,0.11694954335689545,0.0041610000000000015
959,48935.0,49970.0,0.9792875725435262,8.0,0.008,0.0,0.0,8.0,0.008,70.0,41935.0,479.0703125,420.9296875,0.0,41935.0,419.34999999999997,100.0,1000,0,1000,0.23247870802879333,930,0,0,0,0,0,0,0,0,1,1,0,0,0,0,0,68,0.29746004939079285,-0.052778735756874084,0.7013036608695984,0.09990939497947693,0.004133999999999999
960,49154.0,49238.0,0.9982940005686665,2.0,0.002,0.0,0.0,2.0,0.002,71.0,42054.0,586.79296875,313.20703125,0.0,42054.0,420.5399999999999,100.0,1000,0,1000,0.19457587494980544,929,1,0,0,1,0,0,0,0,0,0,0,0,0,0,2,67,0.303162157535553,0.04003985971212387,0.5271093845367432,0.10528689622879028,0.0041069999999999995
961,50483.0,51436.0,0.9814721206936776,12.0,0.012,0.0,0.0,12.0,0.012,74.0,43083.0,333.031494140625,194.99212646484375,371.97637939453125,43083.0,430.8300000000005,100.0,1000,0,1000,0.19259937503375113,926,0,0,0,1,0,0,0,0,0,0,0,1,0,1,3,68,0.3578842282295227,0.01520649902522564,0.686311662197113,0.11717844009399414,0.00408
962,50022.0,50305.0,0.9943743166683232,4.0,0.004,0.0,0.0,4.0,0.004,74.0,42622.0,618.52734375,87.960205078125,193.512451171875,42622.0,426.21999999999997,100.0,1000,0,1000,0.18713462504092604,926,0,0,0,0,0,0,1,0,0,0,1,0,0,0,3,69,0.31064173579216003,0.03699752688407898,0.5480859875679016,0.09839220345020294,0.004053000000000001
963,49811.0,49857.0,0.9990773612531841,1.0,0.001,1.0,0.001,0.0,0.0,73.0,42511.0,692.1652679443359,207.83473205566406,0.0,42511.0,425.1100000000005,100.0,1000,1,999,0.18640716699883342,927,0,0,0,0,0,0,0,0,0,1,0,0,0,1,5,66,0.32757189869880676,0.07756959646940231,0.5009106397628784,0.11252528429031372,0.004026000000000002
964,50554.0,50671.0,0.9976909869550631,2.0,0.002,1.0,0.001,1.0,0.001,74.0,43154.0,593.0,104.5,202.5,43154.0,431.5399999999993,100.0,1000,1,999,0.18701550003606826,926,0,0,0,0,0,0,0,0,0,0,1,0,0,0,2,71,0.1991834193468094,0.0307467021048069,0.33765724301338196,0.09800001978874207,0.003998999999999999
965,49315.0,49431.0,0.9976532944913111,2.0,0.002,1.0,0.001,1.0,0.001,70.0,42315.0,498.0,402.0,0.0,42315.0,423.1500000000001,100.0,1000,1,999,0.18713241699151695,930,0,0,0,0,0,0,0,0,0,0,0,0,0,0,0,70,0.21899786591529846,0.03403704613447189,0.37085816264152527,0.11788924038410187,0.003972
966,48328.0,49205.0,0.9821766080682858,9.0,0.009,1.0,0.001,8.0,0.008,68.0,41528.0,575.45068359375,324.54931640625,0.0,41528.0,415.2799999999997,100.0,1000,1,999,0.18766075000166893,932,0,0,0,0,0,0,0,0,0,0,0,0,0,0,4,64,0.532045841217041,0.013084783218801022,1.0386029481887817,0.08628277480602264,0.003945000000000001
967,47764.0,48457.0,0.9856986606682213,5.0,0.005,0.0,0.0,5.0,0.005,66.0,41164.0,447.0,453.0,0.0,41164.0,411.6400000000013,100.0,1000,0,1000,0.18657579098362476,934,0,0,0,0,0,0,0,0,0,0,0,0,0,0,0,66,0.30190443992614746,0.051589157432317734,0.5014388561248779,0.10315299034118652,0.003918000000000001
968,47752.0,48832.0,0.9778833551769331,9.0,0.009,1.0,0.001,8.0,0.008,68.0,40952.0,367.0,54.875,478.125,40952.0,409.52000000000027,100.0,1000,1,999,0.1871303750667721,932,0,0,0,0,0,0,0,0,0,0,0,0,0,0,1,67,0.19200550019741058,-0.1883065551519394,0.7614840865135193,0.1105075404047966,0.0038909999999999986
969,49194.0,49361.0,0.9966167622211868,3.0,0.003,1.0,0.001,2.0,0.002,72.0,41994.0,407.0,106.75,386.25,41994.0,419.93999999999994,100.0,1000,1,999,0.18636591697577387,928,0,0,0,0,0,0,0,0,1,1,0,0,0,0,2,68,0.19226598739624023,-0.031095804646611214,0.4475095272064209,0.10170122981071472,0.0038639999999999994
970,48766.0,49069.0,0.9938250219079255,5.0,0.005,0.0,0.0,5.0,0.005,71.0,41666.0,374.0,106.875,419.125,41666.0,416.66000000000014,100.0,1000,0,1000,0.1860895419958979,929,0,0,0,0,0,0,0,0,1,0,0,0,0,1,1,68,0.39254093170166016,0.013753761537373066,0.7581839561462402,0.07944002002477646,0.003837
971,49707.0,49842.0,0.9972914409534128,2.0,0.002,1.0,0.001,1.0,0.001,71.0,42607.0,264.4375,95.0,540.5625,42607.0,426.07000000000045,100.0,1000,1,999,0.18599812500178814,929,0,0,0,0,0,0,0,0,0,0,0,0,0,0,1,70,0.2637559771537781,0.010285791009664536,0.5076873898506165,0.09803707152605057,0.003810000000000001
972,49772.0,49921.0,0.9970152841489553,3.0,0.003,0.0,0.0,3.0,0.003,72.0,42572.0,671.0,229.0,0.0,42572.0,425.72000000000025,100.0,1000,0,1000,0.18681820901110768,928,0,0,0,0,0,0,0,0,0,2,0,0,0,0,0,70,0.10693936049938202,-0.08058347553014755,0.3759171664714813,0.11518537253141403,0.003782999999999998
973,49643.0,49876.0,0.9953284144678803,4.0,0.004,0.0,0.0,4.0,0.004,74.0,42243.0,238.9375,41.15771484375,619.90478515625,42243.0,422.43000000000006,100.0,1000,0,1000,0.1864534158958122,926,0,0,0,0,0,0,0,0,0,1,0,0,0,0,4,69,0.4932169020175934,0.0686906948685646,0.8498103618621826,0.10089592635631561,0.003755999999999999
974,48677.0,48953.0,0.9943619390027169,4.0,0.004,1.0,0.001,3.0,0.003,73.0,41377.0,685.484375,214.515625,0.0,41377.0,413.76999999999936,100.0,1000,1,999,0.1876922909868881,927,0,0,0,0,0,0,0,0,0,0,1,0,1,0,1,70,0.19889600574970245,0.024940557777881622,0.348678320646286,0.10290016978979111,0.0037289999999999997
975,50439.0,50574.0,0.997330644204532,3.0,0.003,0.0,0.0,3.0,0.003,75.0,42939.0,579.75,320.25,0.0,42939.0,429.39000000000044,100.0,1000,0,1000,0.18610204197466373,925,0,0,0,0,0,0,0,0,0,1,0,1,0,0,0,73,0.10485252737998962,-0.07648369669914246,0.3635421097278595,0.11745835840702057,0.0037020000000000004
976,48797.0,49509.0,0.9856187763840918,9.0,0.009,0.0,0.0,9.0,0.009,70.0,41797.0,558.0625,341.9375,0.0,41797.0,417.96999999999946,100.0,1000,0,1000,0.18588108394760638,930,0,0,0,0,0,0,0,0,0,0,0,1,0,0,1,68,0.2207578718662262,-0.08505124598741531,0.6125267148017883,0.12360372394323349,0.003675000000000001
977,48589.0,48675.0,0.9982331792501284,2.0,0.002,0.0,0.0,2.0,0.002,72.0,41389.0,412.0,488.0,0.0,41389.0,413.8899999999997,100.0,1000,0,1000,0.1927395829698071,928,0,0,1,0,0,0,0,0,0,0,0,1,0,0,0,70,0.13799624145030975,-0.0021079510916024446,0.280984103679657,0.10631998628377914,0.0036479999999999985
978,49359.0,49429.0,0.9985838273078557,1.0,0.001,0.0,0.0,1.0,0.001,74.0,41959.0,627.7912750244141,272.20872497558594,0.0,41959.0,419.59000000000077,100.0,1000,0,1000,0.19706791697535664,926,0,0,1,0,0,0,0,0,0,0,0,0,0,0,3,70,0.276685506105423,0.01605561189353466,0.5222140550613403,0.1317651867866516,0.0036209999999999992
979,50057.0,50467.0,0.9918758792874551,7.0,0.007,0.0,0.0,7.0,0.007,75.0,42557.0,489.0,411.0,0.0,42557.0,425.56999999999977,100.0,1000,0,1000,0.19572758302092552,925,0,0,1,0,0,0,0,0,0,1,0,0,0,0,2,71,0.30672886967658997,0.05968485027551651,0.49492064118385315,0.11583162099123001,0.003594
980,49828.0,49903.0,0.9984970843436266,1.0,0.001,0.0,0.0,1.0,0.001,76.0,42228.0,172.125,96.0,631.875,42228.0,422.27999999999986,100.0,1000,0,1000,0.19252320798113942,924,0,0,0,0,0,0,0,0,0,1,0,0,0,0,1,74,0.1312488466501236,-0.03376784920692444,0.33088305592536926,0.11910264939069748,0.0035670000000000007
981,50170.0,50783.0,0.9879290313687651,7.0,0.007,1.0,0.001,6.0,0.006,75.0,42670.0,601.125,298.875,0.0,42670.0,426.69999999999976,100.0,1000,1,999,0.1862340000225231,925,0,0,0,0,0,0,0,0,0,0,0,0,0,0,2,73,0.4830407202243805,0.15404348075389862,0.658711850643158,0.10132085531949997,0.003539999999999998
982,49001.0,49515.0,0.9896193072806221,5.0,0.005,0.0,0.0,5.0,0.005,72.0,41801.0,385.0,32.1875,482.8125,41801.0,418.0099999999993,100.0,1000,0,1000,0.18823233305010945,928,0,0,0,0,0,0,0,0,0,0,0,0,0,0,3,69,0.3357206881046295,-0.009086411446332932,0.6902320981025696,0.08794655650854111,0.0035129999999999988
983,50264.0,50621.0,0.9929475909207641,5.0,0.005,0.0,0.0,5.0,0.005,73.0,42964.0,348.0,111.375,440.625,42964.0,429.63999999999936,100.0,1000,0,1000,0.18605404195841402,927,0,0,0,0,0,0,0,0,0,0,0,0,0,0,2,71,0.15310998260974884,-0.12343040853738785,0.5538688898086548,0.11304029822349548,0.0034859999999999995
984,50702.0,51227.0,0.9897514982333535,7.0,0.007,0.0,0.0,7.0,0.007,75.0,43202.0,282.0,86.4375,531.5625,43202.0,432.02000000000004,100.0,1000,0,1000,0.18591270805336535,925,0,0,1,0,0,0,0,0,0,0,0,0,0,0,2,72,0.42305228114128113,0.00016884351498447359,0.8464998602867126,0.10594997555017471,0.0034590000000000003
985,49576.0,51194.0,0.9683947337578622,10.0,0.01,0.0,0.0,10.0,0.01,73.0,42276.0,365.07275390625,534.92724609375,0.0,42276.0,422.7600000000008,100.0,1000,0,1000,0.2014580830000341,927,0,0,0,0,0,0,0,0,0,1,1,0,0,0,2,69,0.46339404582977295,0.06355094909667969,0.8004565834999084,0.11223578453063965,0.003432000000000001
986,50263.0,50452.0,0.9962538650598589,3.0,0.003,0.0,0.0,3.0,0.003,74.0,42863.0,147.0,53.859375,699.140625,42863.0,428.63000000000045,100.0,1000,0,1000,0.1903144590323791,926,0,0,0,0,0,0,0,0,0,1,0,0,0,0,1,72,0.24885845184326172,0.05397763103246689,0.3905121982097626,0.11021050810813904,0.0034049999999999983
987,49262.0,49644.0,0.9923052131173958,4.0,0.004,0.0,0.0,4.0,0.004,71.0,42162.0,665.578125,234.421875,0.0,42162.0,421.61999999999955,100.0,1000,0,1000,0.18708604108542204,929,0,0,0,0,0,0,0,0,0,0,0,1,0,0,1,69,0.30722692608833313,0.0031626266427338123,0.6087303161621094,0.08906401693820953,0.003377999999999999
988,49963.0,50130.0,0.9966686614801517,2.0,0.002,0.0,0.0,2.0,0.002,72.0,42763.0,316.75390625,583.24609375,0.0,42763.0,427.6300000000005,100.0,1000,0,1000,0.18858937500044703,928,0,0,0,0,0,0,0,0,0,1,0,1,0,0,2,68,0.254553884267807,-0.02486281469464302,0.5595588088035583,0.10823562741279602,0.003351
989,49659.0,50428.0,0.9847505354168319,11.0,0.011,3.0,0.003,8.0,0.008,71.0,42559.0,185.84765625,223.172607421875,490.979736328125,42559.0,425.58999999999946,100.0,1000,3,997,0.18844016699586064,929,0,0,0,0,0,0,0,0,0,0,1,0,1,0,2,67,0.39894989132881165,0.04901206120848656,0.7005416750907898,0.10018575936555862,0.0033240000000000006
990,49778.0,50333.0,0.9889734369101782,8.0,0.008,0.0,0.0,8.0,0.008,72.0,42578.0,141.875,339.921875,418.203125,42578.0,425.78000000000003,100.0,1000,0,1000,0.1959697500569746,928,0,0,0,0,0,0,0,0,0,2,0,0,0,0,1,69,0.24263271689414978,-0.0001236652460647747,0.4862452447414398,0.11108123511075974,0.003296999999999998
991,48045.0,49114.0,0.9782343120087958,8.0,0.008,1.0,0.001,7.0,0.007,68.0,41245.0,701.0,199.0,0.0,41245.0,412.4500000000006,100.0,1000,1,999,0.18753279105294496,932,0,0,0,0,0,0,0,0,0,0,0,0,0,0,0,68,0.4541093409061432,0.05838293582201004,0.7922834753990173,0.1270078718662262,0.0032699999999999986
992,48935.0,49232.0,0.993967338316542,5.0,0.005,2.0,0.002,3.0,0.003,70.0,41935.0,697.5514526367188,202.44854736328125,0.0,41935.0,419.35000000000076,100.0,1000,2,998,0.18714545795228332,930,0,0,0,0,0,0,0,0,0,2,0,0,0,0,3,65,0.10253448039293289,-0.0731261745095253,0.35191577672958374,0.09165401756763458,0.0032429999999999994
993,49150.0,50176.0,0.9795519770408163,12.0,0.012,0.0,0.0,12.0,0.012,68.0,42350.0,624.40283203125,275.59716796875,0.0,42350.0,423.4999999999994,100.0,1000,0,1000,0.18649925000499934,932,0,0,0,0,0,0,0,0,0,0,0,0,0,0,3,65,0.31898653507232666,0.04774956777691841,0.5431579947471619,0.10635911673307419,0.003216
994,49350.0,50630.0,0.9747185463164132,14.0,0.014,1.0,0.001,13.0,0.013,70.0,42350.0,429.1385803222656,470.8614196777344,0.0,42350.0,423.4999999999996,100.0,1000,1,999,0.18661754194181412,930,0,0,0,0,0,0,0,0,0,0,0,0,0,0,5,65,0.2997240424156189,-0.008611239492893219,0.6172557473182678,0.09174812585115433,0.003189000000000001
995,47806.0,49474.0,0.9662853215830537,11.0,0.011,1.0,0.001,10.0,0.01,67.0,41106.0,475.125,424.875,0.0,41106.0,411.06000000000034,100.0,1000,1,999,0.187643708079122,933,0,0,0,0,0,0,0,0,0,0,0,0,0,0,1,66,0.14835791289806366,-0.06333400309085846,0.4240279495716095,0.10185077041387558,0.003161999999999998
996,48878.0,49344.0,0.9905560959792478,7.0,0.007,0.0,0.0,7.0,0.007,69.0,41978.0,269.9375,15.8447265625,614.2177734375,41978.0,419.77999999999946,100.0,1000,0,1000,0.18797112500760704,931,0,0,0,0,0,0,0,0,0,0,1,1,0,0,2,65,0.184052512049675,-0.06802301853895187,0.5047594904899597,0.09703415632247925,0.003134999999999999
997,48875.0,49766.0,0.9820962102640357,10.0,0.01,0.0,0.0,10.0,0.01,67.0,42175.0,103.25,796.75,0.0,42175.0,421.75000000000057,100.0,1000,0,1000,0.1862519159913063,933,1,0,0,0,0,0,0,0,0,0,0,0,0,0,1,65,0.5532010793685913,0.06763540208339691,0.9717925786972046,0.10638820379972458,0.0031079999999999997
998,49970.0,51151.0,0.9769114973314305,17.0,0.017,0.0,0.0,17.0,0.017,68.0,43170.0,407.6875,492.3125,0.0,43170.0,431.69999999999936,100.0,1000,0,1000,0.18683633289765567,932,1,0,0,0,0,0,0,0,0,0,0,0,0,0,2,65,0.38014742732048035,-0.01709982380270958,0.7949889898300171,0.08024589717388153,0.0030810000000000004
999,50542.0,51780.0,0.9760911548860564,13.0,0.013,0.0,0.0,13.0,0.013,71.0,43442.0,230.302734375,184.4427719116211,485.2544937133789,43442.0,434.4200000000001,100.0,1000,0,1000,0.18593020807020366,929,0,0,1,0,1,0,0,0,0,1,1,0,0,0,1,66,0.27547410130500793,-0.06485490500926971,0.6813586950302124,0.1147109866142273,0.0030539999999999977
1000,49313.0,49876.0,0.9887120057743203,10.0,0.01,0.0,0.0,10.0,0.01,66.0,42713.0,309.4833984375,590.5166015625,0.0,42713.0,427.1300000000003,100.0,1000,0,1000,0.18598275003023446,934,0,0,0,0,0,0,0,0,0,1,0,0,0,0,2,63,0.04983369633555412,-0.053638990968465805,0.207408607006073,0.07651615142822266,0.0030269999999999984
