source_type,source_path,timestamp,model_raw,model_clean,variant_clean,reward_mode,C,k,F,T,train_regime,seed,n_regimes,has_cross_regime_metrics,notes
aggregate_csv,src/idea4/ac/results/stress_tests/basic_ppo/aggregates/basic_ppo_fair_benchmark_aggregated.csv,,basic_ppo,Basic PPO,base,original,800.0,12.0,3.0,1000.0,MIX12_EQ,123.0,12.0,True,"aggregate-like; collapsed_rows=12; columns=scenario,model_mode,train_regime,seed,test_regime,value_accept_ratio,drops,flushes,drop_rate,count_accept_ratio,mean_value_accept_ratio,worst_regime_value_accept_ratio,std_value_accept_ratio_across_regimes,C,k,F,T"
aggregate_csv,src/idea4/ac/results/stress_tests/basic_ppo/aggregates/basic_ppo_fair_benchmark_aggregated.csv,,basic_ppo,Basic PPO,base,original,800.0,12.0,3.0,1000.0,MIX12_EQ,323.0,12.0,True,"aggregate-like; collapsed_rows=12; columns=scenario,model_mode,train_regime,seed,test_regime,value_accept_ratio,drops,flushes,drop_rate,count_accept_ratio,mean_value_accept_ratio,worst_regime_value_accept_ratio,std_value_accept_ratio_across_regimes,C,k,F,T"
aggregate_csv,src/idea4/ac/results/basic_ppo/aggregates/basic_ppo_fair_benchmark_aggregated.csv,,basic_ppo,Basic PPO,base,original,800.0,12.0,6.0,1000.0,MIX12_EQ,123.0,12.0,True,"aggregate-like; collapsed_rows=12; columns=scenario,model_mode,train_regime,seed,test_regime,reward_mode,training_objective,money_p,money_tau,settled_scale,tau_scaled,hybrid_alpha,value_accept_ratio,settled,eval_money,drops,flushes,drop_rate,count_accept_ratio,mean_value_accept_ratio,mean_eval_money,worst_regime_value_accept_ratio,worst_regime_eval_money,std_value_accept_ratio_across_regimes,std_eval_money_across_regimes,C,k,F,T"
aggregate_csv,src/idea4/ac/results/basic_ppo/aggregates/basic_ppo_fair_benchmark_aggregated.csv,,basic_ppo,Basic PPO,base,original,800.0,24.0,3.0,1000.0,MIX12_EQ,123.0,12.0,True,"aggregate-like; collapsed_rows=12; columns=scenario,model_mode,train_regime,seed,test_regime,reward_mode,training_objective,money_p,money_tau,settled_scale,tau_scaled,hybrid_alpha,value_accept_ratio,settled,eval_money,drops,flushes,drop_rate,count_accept_ratio,mean_value_accept_ratio,mean_eval_money,worst_regime_value_accept_ratio,worst_regime_eval_money,std_value_accept_ratio_across_regimes,std_eval_money_across_regimes,C,k,F,T"
aggregate_csv,src/idea4/ac/results/complexity_tests_C800_k24/basic_ppo/aggregates/basic_ppo_fair_benchmark_aggregated.csv,,basic_ppo,Basic PPO,base,original,800.0,24.0,3.0,1000.0,MIX12_EQ,123.0,12.0,True,"aggregate-like; collapsed_rows=12; columns=scenario,model_mode,train_regime,seed,test_regime,value_accept_ratio,drops,flushes,drop_rate,count_accept_ratio,mean_value_accept_ratio,worst_regime_value_accept_ratio,std_value_accept_ratio_across_regimes,C,k,F,T"
aggregate_csv,src/idea4/ac/results/complexity_tests_C800_k24/basic_ppo/aggregates/basic_ppo_fair_benchmark_aggregated.csv,,basic_ppo,Basic PPO,base,original,800.0,24.0,3.0,1000.0,MIX12_EQ,323.0,12.0,True,"aggregate-like; collapsed_rows=12; columns=scenario,model_mode,train_regime,seed,test_regime,value_accept_ratio,drops,flushes,drop_rate,count_accept_ratio,mean_value_accept_ratio,worst_regime_value_accept_ratio,std_value_accept_ratio_across_regimes,C,k,F,T"
aggregate_csv,src/idea4/ac/results/basic_ppo/aggregates/basic_ppo_fair_benchmark_aggregated.csv,,basic_ppo,Basic PPO,base,original,1200.0,3.0,3.0,1000.0,MIX12_EQ,123.0,12.0,True,"aggregate-like; collapsed_rows=12; columns=scenario,model_mode,train_regime,seed,test_regime,reward_mode,training_objective,money_p,money_tau,settled_scale,tau_scaled,hybrid_alpha,value_accept_ratio,settled,eval_money,drops,flushes,drop_rate,count_accept_ratio,mean_value_accept_ratio,mean_eval_money,worst_regime_value_accept_ratio,worst_regime_eval_money,std_value_accept_ratio_across_regimes,std_eval_money_across_regimes,C,k,F,T"
aggregate_csv,src/idea4/ac/results/basic_ppo/aggregates/basic_ppo_fair_benchmark_aggregated.csv,,basic_ppo,Basic PPO,base,original,1200.0,3.0,3.0,1000.0,MIX12_EQ,323.0,12.0,True,"aggregate-like; collapsed_rows=12; columns=scenario,model_mode,train_regime,seed,test_regime,reward_mode,training_objective,money_p,money_tau,settled_scale,tau_scaled,hybrid_alpha,value_accept_ratio,settled,eval_money,drops,flushes,drop_rate,count_accept_ratio,mean_value_accept_ratio,mean_eval_money,worst_regime_value_accept_ratio,worst_regime_eval_money,std_value_accept_ratio_across_regimes,std_eval_money_across_regimes,C,k,F,T"
aggregate_csv,src/idea4/ac/results/basic_ppo/aggregates/basic_ppo_fair_benchmark_aggregated.csv,,basic_ppo,Basic PPO,base,original,1200.0,6.0,3.0,1000.0,MIX12_EQ,123.0,12.0,True,"aggregate-like; collapsed_rows=12; columns=scenario,model_mode,train_regime,seed,test_regime,reward_mode,training_objective,money_p,money_tau,settled_scale,tau_scaled,hybrid_alpha,value_accept_ratio,settled,eval_money,drops,flushes,drop_rate,count_accept_ratio,mean_value_accept_ratio,mean_eval_money,worst_regime_value_accept_ratio,worst_regime_eval_money,std_value_accept_ratio_across_regimes,std_eval_money_across_regimes,C,k,F,T"
aggregate_csv,src/idea4/ac/results/basic_ppo/aggregates/basic_ppo_fair_benchmark_aggregated.csv,,basic_ppo,Basic PPO,base,original,1200.0,6.0,3.0,1000.0,MIX12_EQ,323.0,12.0,True,"aggregate-like; collapsed_rows=12; columns=scenario,model_mode,train_regime,seed,test_regime,reward_mode,training_objective,money_p,money_tau,settled_scale,tau_scaled,hybrid_alpha,value_accept_ratio,settled,eval_money,drops,flushes,drop_rate,count_accept_ratio,mean_value_accept_ratio,mean_eval_money,worst_regime_value_accept_ratio,worst_regime_eval_money,std_value_accept_ratio_across_regimes,std_eval_money_across_regimes,C,k,F,T"
aggregate_csv,src/idea4/ac/results/basic_ppo/aggregates/basic_ppo_fair_benchmark_aggregated.csv,,basic_ppo,Basic PPO,base,original,1200.0,12.0,3.0,1000.0,MIX12_EQ,123.0,12.0,True,"aggregate-like; collapsed_rows=12; columns=scenario,model_mode,train_regime,seed,test_regime,reward_mode,training_objective,money_p,money_tau,settled_scale,tau_scaled,hybrid_alpha,value_accept_ratio,settled,eval_money,drops,flushes,drop_rate,count_accept_ratio,mean_value_accept_ratio,mean_eval_money,worst_regime_value_accept_ratio,worst_regime_eval_money,std_value_accept_ratio_across_regimes,std_eval_money_across_regimes,C,k,F,T"
aggregate_csv,src/idea4/ac/results/basic_ppo/aggregates/basic_ppo_fair_benchmark_aggregated.csv,,basic_ppo,Basic PPO,base,money,1200.0,12.0,3.0,1000.0,MIX12_EQ,123.0,12.0,True,"aggregate-like; collapsed_rows=12; columns=scenario,model_mode,train_regime,seed,test_regime,reward_mode,training_objective,money_p,money_tau,settled_scale,tau_scaled,hybrid_alpha,value_accept_ratio,settled,eval_money,drops,flushes,drop_rate,count_accept_ratio,mean_value_accept_ratio,mean_eval_money,worst_regime_value_accept_ratio,worst_regime_eval_money,std_value_accept_ratio_across_regimes,std_eval_money_across_regimes,C,k,F,T; money reward detected"
aggregate_csv,src/idea4/ac/results/basic_ppo/aggregates/basic_ppo_fair_benchmark_aggregated.csv,,basic_ppo,Basic PPO,base,original,1200.0,12.0,3.0,1000.0,MIX12_EQ,323.0,12.0,True,"aggregate-like; collapsed_rows=12; columns=scenario,model_mode,train_regime,seed,test_regime,reward_mode,training_objective,money_p,money_tau,settled_scale,tau_scaled,hybrid_alpha,value_accept_ratio,settled,eval_money,drops,flushes,drop_rate,count_accept_ratio,mean_value_accept_ratio,mean_eval_money,worst_regime_value_accept_ratio,worst_regime_eval_money,std_value_accept_ratio_across_regimes,std_eval_money_across_regimes,C,k,F,T"
aggregate_csv,src/idea4/ac/results/basic_ppo/aggregates/basic_ppo_fair_benchmark_aggregated.csv,,basic_ppo,Basic PPO,base,money,1200.0,12.0,3.0,1000.0,MIX12_EQ,323.0,12.0,True,"aggregate-like; collapsed_rows=12; columns=scenario,model_mode,train_regime,seed,test_regime,reward_mode,training_objective,money_p,money_tau,settled_scale,tau_scaled,hybrid_alpha,value_accept_ratio,settled,eval_money,drops,flushes,drop_rate,count_accept_ratio,mean_value_accept_ratio,mean_eval_money,worst_regime_value_accept_ratio,worst_regime_eval_money,std_value_accept_ratio_across_regimes,std_eval_money_across_regimes,C,k,F,T; money reward detected"
aggregate_csv,src/idea4/ac/results/basic_ppo/aggregates/basic_ppo_fair_benchmark_aggregated.csv,,basic_ppo,Basic PPO,base,original,1200.0,12.0,6.0,1000.0,MIX12_EQ,123.0,12.0,True,"aggregate-like; collapsed_rows=12; columns=scenario,model_mode,train_regime,seed,test_regime,reward_mode,training_objective,money_p,money_tau,settled_scale,tau_scaled,hybrid_alpha,value_accept_ratio,settled,eval_money,drops,flushes,drop_rate,count_accept_ratio,mean_value_accept_ratio,mean_eval_money,worst_regime_value_accept_ratio,worst_regime_eval_money,std_value_accept_ratio_across_regimes,std_eval_money_across_regimes,C,k,F,T"
aggregate_csv,src/idea4/ac/results/stress_tests/basic_ppo/aggregates/basic_ppo_fair_benchmark_aggregated.csv,,basic_ppo,Basic PPO,base,original,1200.0,24.0,3.0,1000.0,MIX12_EQ,123.0,12.0,True,"aggregate-like; collapsed_rows=12; columns=scenario,model_mode,train_regime,seed,test_regime,value_accept_ratio,drops,flushes,drop_rate,count_accept_ratio,mean_value_accept_ratio,worst_regime_value_accept_ratio,std_value_accept_ratio_across_regimes,C,k,F,T"
aggregate_csv,src/idea4/ac/results/stress_tests/basic_ppo/aggregates/basic_ppo_fair_benchmark_aggregated.csv,,basic_ppo,Basic PPO,base,original,1200.0,24.0,3.0,1000.0,MIX12_EQ,323.0,12.0,True,"aggregate-like; collapsed_rows=12; columns=scenario,model_mode,train_regime,seed,test_regime,value_accept_ratio,drops,flushes,drop_rate,count_accept_ratio,mean_value_accept_ratio,worst_regime_value_accept_ratio,std_value_accept_ratio_across_regimes,C,k,F,T"
aggregate_csv,src/idea4/ac/results/dual_branch_ac/aggregates/dual_ac_fair_benchmark_aggregated.csv,,dual_branch_capacity_only,Capacity-only Dual AC,capacity_only,original,800.0,12.0,3.0,1000.0,MIX12_EQ,123.0,12.0,True,"aggregate-like; collapsed_rows=12; columns=scenario,model_mode,train_regime,seed,test_regime,reward_mode,training_objective,money_p,money_tau,settled_scale,tau_scaled,hybrid_alpha,value_accept_ratio,settled,eval_money,drops,flushes,drop_rate,count_accept_ratio,gate_mean,gate_std,gate_min,gate_max,mean_value_accept_ratio,worst_regime_value_accept_ratio,std_value_accept_ratio_across_regimes,mean_eval_money,worst_regime_eval_money,std_eval_money_across_regimes,C,k,F,T"
aggregate_csv,src/idea4/ac/results/dual_branch_ac/aggregates/dual_ac_fair_benchmark_aggregated.csv,,dual_branch_capacity_only,Capacity-only Dual AC,capacity_only,original,800.0,12.0,6.0,1000.0,MIX12_EQ,123.0,12.0,True,"aggregate-like; collapsed_rows=12; columns=scenario,model_mode,train_regime,seed,test_regime,reward_mode,training_objective,money_p,money_tau,settled_scale,tau_scaled,hybrid_alpha,value_accept_ratio,settled,eval_money,drops,flushes,drop_rate,count_accept_ratio,gate_mean,gate_std,gate_min,gate_max,mean_value_accept_ratio,worst_regime_value_accept_ratio,std_value_accept_ratio_across_regimes,mean_eval_money,worst_regime_eval_money,std_eval_money_across_regimes,C,k,F,T"
aggregate_csv,src/idea4/ac/results/dual_branch_ac/aggregates/dual_ac_fair_benchmark_aggregated.csv,,dual_branch_capacity_only,Capacity-only Dual AC,capacity_only,original,800.0,24.0,3.0,1000.0,MIX12_EQ,123.0,12.0,True,"aggregate-like; collapsed_rows=12; columns=scenario,model_mode,train_regime,seed,test_regime,reward_mode,training_objective,money_p,money_tau,settled_scale,tau_scaled,hybrid_alpha,value_accept_ratio,settled,eval_money,drops,flushes,drop_rate,count_accept_ratio,gate_mean,gate_std,gate_min,gate_max,mean_value_accept_ratio,worst_regime_value_accept_ratio,std_value_accept_ratio_across_regimes,mean_eval_money,worst_regime_eval_money,std_eval_money_across_regimes,C,k,F,T"
aggregate_csv,src/idea4/ac/results/dual_branch_ac/aggregates/dual_ac_fair_benchmark_aggregated.csv,,dual_branch_capacity_only,Capacity-only Dual AC,capacity_only,original,1200.0,12.0,3.0,1000.0,MIX12_EQ,123.0,12.0,True,"aggregate-like; collapsed_rows=12; columns=scenario,model_mode,train_regime,seed,test_regime,reward_mode,training_objective,money_p,money_tau,settled_scale,tau_scaled,hybrid_alpha,value_accept_ratio,settled,eval_money,drops,flushes,drop_rate,count_accept_ratio,gate_mean,gate_std,gate_min,gate_max,mean_value_accept_ratio,worst_regime_value_accept_ratio,std_value_accept_ratio_across_regimes,mean_eval_money,worst_regime_eval_money,std_eval_money_across_regimes,C,k,F,T"
aggregate_csv,src/idea4/ac/results/dual_branch_ac/aggregates/dual_ac_fair_benchmark_aggregated.csv,,dual_branch_capacity_only,Capacity-only Dual AC,capacity_only,original,1200.0,12.0,6.0,1000.0,MIX12_EQ,123.0,12.0,True,"aggregate-like; collapsed_rows=12; columns=scenario,model_mode,train_regime,seed,test_regime,reward_mode,training_objective,money_p,money_tau,settled_scale,tau_scaled,hybrid_alpha,value_accept_ratio,settled,eval_money,drops,flushes,drop_rate,count_accept_ratio,gate_mean,gate_std,gate_min,gate_max,mean_value_accept_ratio,worst_regime_value_accept_ratio,std_value_accept_ratio_across_regimes,mean_eval_money,worst_regime_eval_money,std_eval_money_across_regimes,C,k,F,T"
aggregate_csv,src/idea4/ac/results/stress_tests/dqn_baseline/aggregates/fair_benchmark_aggregated.csv,,baseline,DQN baseline,base,original,800.0,12.0,3.0,1000.0,MIX12_EQ,123.0,12.0,True,"aggregate-like; collapsed_rows=12; columns=scenario,model_mode,train_regime,seed,test_regime,value_accept_ratio,drops,flushes,drop_rate,count_accept_ratio,mean_value_accept_ratio,worst_regime_value_accept_ratio,std_value_accept_ratio_across_regimes,C,k,F,T"
aggregate_csv,src/idea4/ac/results/stress_tests/dqn_baseline/aggregates/fair_benchmark_aggregated.csv,,baseline,DQN baseline,base,original,800.0,12.0,3.0,1000.0,MIX12_EQ,323.0,12.0,True,"aggregate-like; collapsed_rows=12; columns=scenario,model_mode,train_regime,seed,test_regime,value_accept_ratio,drops,flushes,drop_rate,count_accept_ratio,mean_value_accept_ratio,worst_regime_value_accept_ratio,std_value_accept_ratio_across_regimes,C,k,F,T"
aggregate_csv,src/idea4/ac/results/complexity_tests_C800_k24/dqn_baseline/aggregates/fair_benchmark_aggregated.csv,,baseline,DQN baseline,base,original,800.0,24.0,3.0,1000.0,MIX12_EQ,123.0,12.0,True,"aggregate-like; collapsed_rows=12; columns=scenario,model_mode,train_regime,seed,test_regime,value_accept_ratio,drops,flushes,drop_rate,count_accept_ratio,mean_value_accept_ratio,worst_regime_value_accept_ratio,std_value_accept_ratio_across_regimes,C,k,F,T"
aggregate_csv,src/idea4/ac/results/complexity_tests_C800_k24/dqn_baseline/aggregates/fair_benchmark_aggregated.csv,,baseline,DQN baseline,base,original,800.0,24.0,3.0,1000.0,MIX12_EQ,323.0,12.0,True,"aggregate-like; collapsed_rows=12; columns=scenario,model_mode,train_regime,seed,test_regime,value_accept_ratio,drops,flushes,drop_rate,count_accept_ratio,mean_value_accept_ratio,worst_regime_value_accept_ratio,std_value_accept_ratio_across_regimes,C,k,F,T"
aggregate_csv,archive/idea4_ac_results_20260505/old_fair_benchmark_results/aggregates/fair_benchmark_aggregated.csv,,baseline,DQN baseline,base,original,1200.0,3.0,3.0,1000.0,MIX12_EQ,123.0,12.0,True,"aggregate-like; collapsed_rows=12; columns=scenario,model_mode,train_regime,seed,test_regime,value_accept_ratio,drops,flushes,drop_rate,count_accept_ratio,mean_value_accept_ratio,worst_regime_value_accept_ratio,std_value_accept_ratio_across_regimes,C,k,F,T"
aggregate_csv,archive/idea4_ac_results_20260505/old_fair_benchmark_results/main_MIX12_attnW10_seed123_C1200_T1000_e300/aggregates/fair_benchmark_aggregated.csv,,attn_context,DQN baseline,base,original,1200.0,3.0,3.0,1000.0,MIX12_EQ,123.0,12.0,True,"aggregate-like; collapsed_rows=12; columns=scenario,model_mode,train_regime,seed,test_regime,value_accept_ratio,drops,flushes,drop_rate,count_accept_ratio,mean_value_accept_ratio,worst_regime_value_accept_ratio,std_value_accept_ratio_across_regimes,C,k,F,T"
aggregate_csv,archive/idea4_ac_results_20260505/old_fair_benchmark_results/main_MIX12_baseline_seed123_C1200_T1000_e300/aggregates/fair_benchmark_aggregated.csv,,baseline,DQN baseline,base,original,1200.0,3.0,3.0,1000.0,MIX12_EQ,123.0,12.0,True,"aggregate-like; collapsed_rows=12; columns=scenario,model_mode,train_regime,seed,test_regime,value_accept_ratio,drops,flushes,drop_rate,count_accept_ratio,mean_value_accept_ratio,worst_regime_value_accept_ratio,std_value_accept_ratio_across_regimes,C,k,F,T"
aggregate_csv,src/idea3/results/old_fair_benchmark_results/aggregates/fair_benchmark_aggregated.csv,,baseline,DQN baseline,base,original,1200.0,3.0,3.0,1000.0,MIX12_EQ,123.0,12.0,True,"aggregate-like; collapsed_rows=12; columns=scenario,model_mode,train_regime,seed,test_regime,value_accept_ratio,drops,flushes,drop_rate,count_accept_ratio,mean_value_accept_ratio,worst_regime_value_accept_ratio,std_value_accept_ratio_across_regimes,C,k,F,T"
aggregate_csv,src/idea3/results/old_fair_benchmark_results/main_MIX12_attnW10_seed123_C1200_T1000_e300/aggregates/fair_benchmark_aggregated.csv,,attn_context,DQN baseline,base,original,1200.0,3.0,3.0,1000.0,MIX12_EQ,123.0,12.0,True,"aggregate-like; collapsed_rows=12; columns=scenario,model_mode,train_regime,seed,test_regime,value_accept_ratio,drops,flushes,drop_rate,count_accept_ratio,mean_value_accept_ratio,worst_regime_value_accept_ratio,std_value_accept_ratio_across_regimes,C,k,F,T"
aggregate_csv,src/idea3/results/old_fair_benchmark_results/main_MIX12_baseline_seed123_C1200_T1000_e300/aggregates/fair_benchmark_aggregated.csv,,baseline,DQN baseline,base,original,1200.0,3.0,3.0,1000.0,MIX12_EQ,123.0,12.0,True,"aggregate-like; collapsed_rows=12; columns=scenario,model_mode,train_regime,seed,test_regime,value_accept_ratio,drops,flushes,drop_rate,count_accept_ratio,mean_value_accept_ratio,worst_regime_value_accept_ratio,std_value_accept_ratio_across_regimes,C,k,F,T"
aggregate_csv,src/ideaextra/results/dqn_baseline/aggregates/dqn_fair_benchmark_aggregated.csv,,baseline,DQN baseline,base,money,1200.0,12.0,3.0,1000.0,MIX12_EQ,123.0,12.0,True,"aggregate-like; collapsed_rows=12; columns=scenario,model_mode,train_regime,seed,test_regime,reward_mode,training_objective,money_p,money_tau,value_accept_ratio,settled,eval_money,drops,flushes,drop_rate,count_accept_ratio,mean_value_accept_ratio,worst_regime_value_accept_ratio,std_value_accept_ratio_across_regimes,mean_eval_money,worst_regime_eval_money,std_eval_money_across_regimes,C,k,F,T; money reward detected"
aggregate_csv,src/idea4/ac/results/stress_tests/dqn_baseline/aggregates/fair_benchmark_aggregated.csv,,baseline,DQN baseline,base,original,1200.0,24.0,3.0,1000.0,MIX12_EQ,123.0,12.0,True,"aggregate-like; collapsed_rows=12; columns=scenario,model_mode,train_regime,seed,test_regime,value_accept_ratio,drops,flushes,drop_rate,count_accept_ratio,mean_value_accept_ratio,worst_regime_value_accept_ratio,std_value_accept_ratio_across_regimes,C,k,F,T"
aggregate_csv,src/idea4/ac/results/stress_tests/dqn_baseline/aggregates/fair_benchmark_aggregated.csv,,baseline,DQN baseline,base,original,1200.0,24.0,3.0,1000.0,MIX12_EQ,323.0,12.0,True,"aggregate-like; collapsed_rows=12; columns=scenario,model_mode,train_regime,seed,test_regime,value_accept_ratio,drops,flushes,drop_rate,count_accept_ratio,mean_value_accept_ratio,worst_regime_value_accept_ratio,std_value_accept_ratio_across_regimes,C,k,F,T"
aggregate_csv,src/idea4/ac/results/dual_branch_ac/aggregates/dual_ac_fair_benchmark_aggregated.csv,,dual_branch_factorized_ac,Dual-branch AC,base,original,800.0,12.0,3.0,1000.0,MIX12_EQ,123.0,12.0,True,"aggregate-like; collapsed_rows=12; columns=scenario,model_mode,train_regime,seed,test_regime,reward_mode,training_objective,money_p,money_tau,settled_scale,tau_scaled,hybrid_alpha,value_accept_ratio,settled,eval_money,drops,flushes,drop_rate,count_accept_ratio,gate_mean,gate_std,gate_min,gate_max,mean_value_accept_ratio,worst_regime_value_accept_ratio,std_value_accept_ratio_across_regimes,mean_eval_money,worst_regime_eval_money,std_eval_money_across_regimes,C,k,F,T"
aggregate_csv,src/idea4/ac/results/dual_branch_ac/aggregates/dual_ac_fair_benchmark_aggregated.csv,,dual_branch_factorized_ac,Dual-branch AC,base,original,800.0,12.0,6.0,1000.0,MIX12_EQ,123.0,12.0,True,"aggregate-like; collapsed_rows=12; columns=scenario,model_mode,train_regime,seed,test_regime,reward_mode,training_objective,money_p,money_tau,settled_scale,tau_scaled,hybrid_alpha,value_accept_ratio,settled,eval_money,drops,flushes,drop_rate,count_accept_ratio,gate_mean,gate_std,gate_min,gate_max,mean_value_accept_ratio,worst_regime_value_accept_ratio,std_value_accept_ratio_across_regimes,mean_eval_money,worst_regime_eval_money,std_eval_money_across_regimes,C,k,F,T"
aggregate_csv,src/idea4/ac/results/dual_branch_ac/aggregates/dual_ac_fair_benchmark_aggregated.csv,,dual_branch_factorized_ac,Dual-branch AC,base,original,800.0,24.0,3.0,1000.0,MIX12_EQ,123.0,12.0,True,"aggregate-like; collapsed_rows=12; columns=scenario,model_mode,train_regime,seed,test_regime,reward_mode,training_objective,money_p,money_tau,settled_scale,tau_scaled,hybrid_alpha,value_accept_ratio,settled,eval_money,drops,flushes,drop_rate,count_accept_ratio,gate_mean,gate_std,gate_min,gate_max,mean_value_accept_ratio,worst_regime_value_accept_ratio,std_value_accept_ratio_across_regimes,mean_eval_money,worst_regime_eval_money,std_eval_money_across_regimes,C,k,F,T"
aggregate_csv,archive/idea4_ac_results_20260505/results/dual_branch_ac/aggregates/dual_ac_fair_benchmark_aggregated.csv,,dual_branch_factorized_ac,Dual-branch AC,base,original,1200.0,3.0,3.0,1000.0,MIX12_EQ,123.0,12.0,True,"aggregate-like; collapsed_rows=12; columns=scenario,model_mode,train_regime,seed,test_regime,value_accept_ratio,drops,flushes,drop_rate,count_accept_ratio,gate_mean,mean_value_accept_ratio,worst_regime_value_accept_ratio,std_value_accept_ratio_across_regimes,C,k,F,T"
aggregate_csv,src/idea4/ac/results/aggregate_backups_before_k12_cleanup/dual_ac_fair_benchmark_aggregated_before_k12_cleanup.csv,,dual_branch_factorized_ac,Dual-branch AC,base,original,1200.0,3.0,3.0,1000.0,MIX12_EQ,123.0,12.0,True,"aggregate-like; collapsed_rows=12; columns=scenario,model_mode,train_regime,seed,test_regime,value_accept_ratio,drops,flushes,drop_rate,count_accept_ratio,gate_mean,mean_value_accept_ratio,worst_regime_value_accept_ratio,std_value_accept_ratio_across_regimes,C,k,F,T"
aggregate_csv,src/idea4/ac/results/dual_branch_ac/aggregates/dual_ac_fair_benchmark_aggregated.csv,,dual_branch_factorized_ac,Dual-branch AC,base,original,1200.0,3.0,3.0,1000.0,MIX12_EQ,123.0,12.0,True,"aggregate-like; collapsed_rows=12; columns=scenario,model_mode,train_regime,seed,test_regime,reward_mode,training_objective,money_p,money_tau,settled_scale,tau_scaled,hybrid_alpha,value_accept_ratio,settled,eval_money,drops,flushes,drop_rate,count_accept_ratio,gate_mean,gate_std,gate_min,gate_max,mean_value_accept_ratio,worst_regime_value_accept_ratio,std_value_accept_ratio_across_regimes,mean_eval_money,worst_regime_eval_money,std_eval_money_across_regimes,C,k,F,T"
aggregate_csv,archive/idea4_ac_results_20260505/results/dual_branch_ac/aggregates/dual_ac_fair_benchmark_aggregated.csv,,dual_branch_factorized_ac,Dual-branch AC,base,original,1200.0,3.0,3.0,1000.0,MIX12_EQ,323.0,12.0,True,"aggregate-like; collapsed_rows=12; columns=scenario,model_mode,train_regime,seed,test_regime,value_accept_ratio,drops,flushes,drop_rate,count_accept_ratio,gate_mean,mean_value_accept_ratio,worst_regime_value_accept_ratio,std_value_accept_ratio_across_regimes,C,k,F,T"
aggregate_csv,src/idea4/ac/results/aggregate_backups_before_k12_cleanup/dual_ac_fair_benchmark_aggregated_before_k12_cleanup.csv,,dual_branch_factorized_ac,Dual-branch AC,base,original,1200.0,3.0,3.0,1000.0,MIX12_EQ,323.0,12.0,True,"aggregate-like; collapsed_rows=12; columns=scenario,model_mode,train_regime,seed,test_regime,value_accept_ratio,drops,flushes,drop_rate,count_accept_ratio,gate_mean,mean_value_accept_ratio,worst_regime_value_accept_ratio,std_value_accept_ratio_across_regimes,C,k,F,T"
aggregate_csv,src/idea4/ac/results/dual_branch_ac/aggregates/dual_ac_fair_benchmark_aggregated.csv,,dual_branch_factorized_ac,Dual-branch AC,base,original,1200.0,3.0,3.0,1000.0,MIX12_EQ,323.0,12.0,True,"aggregate-like; collapsed_rows=12; columns=scenario,model_mode,train_regime,seed,test_regime,reward_mode,training_objective,money_p,money_tau,settled_scale,tau_scaled,hybrid_alpha,value_accept_ratio,settled,eval_money,drops,flushes,drop_rate,count_accept_ratio,gate_mean,gate_std,gate_min,gate_max,mean_value_accept_ratio,worst_regime_value_accept_ratio,std_value_accept_ratio_across_regimes,mean_eval_money,worst_regime_eval_money,std_eval_money_across_regimes,C,k,F,T"
aggregate_csv,archive/idea4_ac_results_20260505/results/dual_branch_ac/aggregates/dual_ac_fair_benchmark_aggregated.csv,,dual_branch_factorized_ac,Dual-branch AC,base,original,1200.0,6.0,3.0,1000.0,MIX12_EQ,123.0,12.0,True,"aggregate-like; collapsed_rows=12; columns=scenario,model_mode,train_regime,seed,test_regime,value_accept_ratio,drops,flushes,drop_rate,count_accept_ratio,gate_mean,mean_value_accept_ratio,worst_regime_value_accept_ratio,std_value_accept_ratio_across_regimes,C,k,F,T"
aggregate_csv,src/idea4/ac/results/aggregate_backups_before_k12_cleanup/dual_ac_fair_benchmark_aggregated_before_k12_cleanup.csv,,dual_branch_factorized_ac,Dual-branch AC,base,original,1200.0,6.0,3.0,1000.0,MIX12_EQ,123.0,12.0,True,"aggregate-like; collapsed_rows=12; columns=scenario,model_mode,train_regime,seed,test_regime,value_accept_ratio,drops,flushes,drop_rate,count_accept_ratio,gate_mean,mean_value_accept_ratio,worst_regime_value_accept_ratio,std_value_accept_ratio_across_regimes,C,k,F,T"
aggregate_csv,src/idea4/ac/results/dual_branch_ac/aggregates/dual_ac_fair_benchmark_aggregated.csv,,dual_branch_factorized_ac,Dual-branch AC,base,original,1200.0,6.0,3.0,1000.0,MIX12_EQ,123.0,12.0,True,"aggregate-like; collapsed_rows=12; columns=scenario,model_mode,train_regime,seed,test_regime,reward_mode,training_objective,money_p,money_tau,settled_scale,tau_scaled,hybrid_alpha,value_accept_ratio,settled,eval_money,drops,flushes,drop_rate,count_accept_ratio,gate_mean,gate_std,gate_min,gate_max,mean_value_accept_ratio,worst_regime_value_accept_ratio,std_value_accept_ratio_across_regimes,mean_eval_money,worst_regime_eval_money,std_eval_money_across_regimes,C,k,F,T"
aggregate_csv,archive/idea4_ac_results_20260505/results/dual_branch_ac/aggregates/dual_ac_fair_benchmark_aggregated.csv,,dual_branch_factorized_ac,Dual-branch AC,base,original,1200.0,6.0,3.0,1000.0,MIX12_EQ,323.0,12.0,True,"aggregate-like; collapsed_rows=12; columns=scenario,model_mode,train_regime,seed,test_regime,value_accept_ratio,drops,flushes,drop_rate,count_accept_ratio,gate_mean,mean_value_accept_ratio,worst_regime_value_accept_ratio,std_value_accept_ratio_across_regimes,C,k,F,T"
aggregate_csv,src/idea4/ac/results/aggregate_backups_before_k12_cleanup/dual_ac_fair_benchmark_aggregated_before_k12_cleanup.csv,,dual_branch_factorized_ac,Dual-branch AC,base,original,1200.0,6.0,3.0,1000.0,MIX12_EQ,323.0,12.0,True,"aggregate-like; collapsed_rows=12; columns=scenario,model_mode,train_regime,seed,test_regime,value_accept_ratio,drops,flushes,drop_rate,count_accept_ratio,gate_mean,mean_value_accept_ratio,worst_regime_value_accept_ratio,std_value_accept_ratio_across_regimes,C,k,F,T"
aggregate_csv,src/idea4/ac/results/dual_branch_ac/aggregates/dual_ac_fair_benchmark_aggregated.csv,,dual_branch_factorized_ac,Dual-branch AC,base,original,1200.0,6.0,3.0,1000.0,MIX12_EQ,323.0,12.0,True,"aggregate-like; collapsed_rows=12; columns=scenario,model_mode,train_regime,seed,test_regime,reward_mode,training_objective,money_p,money_tau,settled_scale,tau_scaled,hybrid_alpha,value_accept_ratio,settled,eval_money,drops,flushes,drop_rate,count_accept_ratio,gate_mean,gate_std,gate_min,gate_max,mean_value_accept_ratio,worst_regime_value_accept_ratio,std_value_accept_ratio_across_regimes,mean_eval_money,worst_regime_eval_money,std_eval_money_across_regimes,C,k,F,T"
aggregate_csv,src/idea4/ac/results/aggregate_backups_before_k12_cleanup/dual_ac_fair_benchmark_aggregated_before_k12_cleanup.csv,,dual_branch_factorized_ac,Dual-branch AC,base,original,1200.0,12.0,3.0,1000.0,MIX12_EQ,123.0,12.0,True,"aggregate-like; collapsed_rows=12; columns=scenario,model_mode,train_regime,seed,test_regime,value_accept_ratio,drops,flushes,drop_rate,count_accept_ratio,gate_mean,mean_value_accept_ratio,worst_regime_value_accept_ratio,std_value_accept_ratio_across_regimes,C,k,F,T"
aggregate_csv,src/idea4/ac/results/dual_branch_ac/aggregates/dual_ac_fair_benchmark_aggregated.csv,,dual_branch_factorized_ac,Dual-branch AC,base,original,1200.0,12.0,3.0,1000.0,MIX12_EQ,123.0,12.0,True,"aggregate-like; collapsed_rows=24; columns=scenario,model_mode,train_regime,seed,test_regime,reward_mode,training_objective,money_p,money_tau,settled_scale,tau_scaled,hybrid_alpha,value_accept_ratio,settled,eval_money,drops,flushes,drop_rate,count_accept_ratio,gate_mean,gate_std,gate_min,gate_max,mean_value_accept_ratio,worst_regime_value_accept_ratio,std_value_accept_ratio_across_regimes,mean_eval_money,worst_regime_eval_money,std_eval_money_across_regimes,C,k,F,T"
aggregate_csv,src/idea4/ac/results/dual_branch_ac/aggregates/dual_ac_fair_benchmark_aggregated.csv,,dual_branch_factorized_ac,Dual-branch AC,base,money,1200.0,12.0,3.0,1000.0,MIX12_EQ,123.0,12.0,True,"aggregate-like; collapsed_rows=12; columns=scenario,model_mode,train_regime,seed,test_regime,reward_mode,training_objective,money_p,money_tau,settled_scale,tau_scaled,hybrid_alpha,value_accept_ratio,settled,eval_money,drops,flushes,drop_rate,count_accept_ratio,gate_mean,gate_std,gate_min,gate_max,mean_value_accept_ratio,worst_regime_value_accept_ratio,std_value_accept_ratio_across_regimes,mean_eval_money,worst_regime_eval_money,std_eval_money_across_regimes,C,k,F,T; money reward detected"
aggregate_csv,src/idea4/ac/results/aggregate_backups_before_k12_cleanup/dual_ac_fair_benchmark_aggregated_before_k12_cleanup.csv,,dual_branch_factorized_ac,Dual-branch AC,base,original,1200.0,12.0,3.0,1000.0,MIX12_EQ,323.0,12.0,True,"aggregate-like; collapsed_rows=12; columns=scenario,model_mode,train_regime,seed,test_regime,value_accept_ratio,drops,flushes,drop_rate,count_accept_ratio,gate_mean,mean_value_accept_ratio,worst_regime_value_accept_ratio,std_value_accept_ratio_across_regimes,C,k,F,T"
aggregate_csv,src/idea4/ac/results/dual_branch_ac/aggregates/dual_ac_fair_benchmark_aggregated.csv,,dual_branch_factorized_ac,Dual-branch AC,base,original,1200.0,12.0,3.0,1000.0,MIX12_EQ,323.0,12.0,True,"aggregate-like; collapsed_rows=12; columns=scenario,model_mode,train_regime,seed,test_regime,reward_mode,training_objective,money_p,money_tau,settled_scale,tau_scaled,hybrid_alpha,value_accept_ratio,settled,eval_money,drops,flushes,drop_rate,count_accept_ratio,gate_mean,gate_std,gate_min,gate_max,mean_value_accept_ratio,worst_regime_value_accept_ratio,std_value_accept_ratio_across_regimes,mean_eval_money,worst_regime_eval_money,std_eval_money_across_regimes,C,k,F,T"
aggregate_csv,src/idea4/ac/results/dual_branch_ac/aggregates/dual_ac_fair_benchmark_aggregated.csv,,dual_branch_factorized_ac,Dual-branch AC,base,money,1200.0,12.0,3.0,1000.0,MIX12_EQ,323.0,12.0,True,"aggregate-like; collapsed_rows=12; columns=scenario,model_mode,train_regime,seed,test_regime,reward_mode,training_objective,money_p,money_tau,settled_scale,tau_scaled,hybrid_alpha,value_accept_ratio,settled,eval_money,drops,flushes,drop_rate,count_accept_ratio,gate_mean,gate_std,gate_min,gate_max,mean_value_accept_ratio,worst_regime_value_accept_ratio,std_value_accept_ratio_across_regimes,mean_eval_money,worst_regime_eval_money,std_eval_money_across_regimes,C,k,F,T; money reward detected"
aggregate_csv,src/idea4/ac/results/dual_branch_ac/aggregates/dual_ac_fair_benchmark_aggregated.csv,,dual_branch_factorized_ac,Dual-branch AC,base,original,1200.0,12.0,3.0,1000.0,MIX12_EQ,532.0,12.0,True,"aggregate-like; collapsed_rows=12; columns=scenario,model_mode,train_regime,seed,test_regime,reward_mode,training_objective,money_p,money_tau,settled_scale,tau_scaled,hybrid_alpha,value_accept_ratio,settled,eval_money,drops,flushes,drop_rate,count_accept_ratio,gate_mean,gate_std,gate_min,gate_max,mean_value_accept_ratio,worst_regime_value_accept_ratio,std_value_accept_ratio_across_regimes,mean_eval_money,worst_regime_eval_money,std_eval_money_across_regimes,C,k,F,T"
aggregate_csv,src/idea4/ac/results/dual_branch_ac/aggregates/dual_ac_fair_benchmark_aggregated.csv,,dual_branch_factorized_ac,Dual-branch AC,base,original,1200.0,12.0,3.0,1000.0,MIX12_EQ,999.0,12.0,True,"aggregate-like; collapsed_rows=12; columns=scenario,model_mode,train_regime,seed,test_regime,reward_mode,training_objective,money_p,money_tau,settled_scale,tau_scaled,hybrid_alpha,value_accept_ratio,settled,eval_money,drops,flushes,drop_rate,count_accept_ratio,gate_mean,gate_std,gate_min,gate_max,mean_value_accept_ratio,worst_regime_value_accept_ratio,std_value_accept_ratio_across_regimes,mean_eval_money,worst_regime_eval_money,std_eval_money_across_regimes,C,k,F,T"
aggregate_csv,src/idea4/ac/results/dual_branch_ac/aggregates/dual_ac_fair_benchmark_aggregated.csv,,dual_branch_factorized_ac,Dual-branch AC,base,original,1200.0,12.0,6.0,1000.0,MIX12_EQ,123.0,12.0,True,"aggregate-like; collapsed_rows=12; columns=scenario,model_mode,train_regime,seed,test_regime,reward_mode,training_objective,money_p,money_tau,settled_scale,tau_scaled,hybrid_alpha,value_accept_ratio,settled,eval_money,drops,flushes,drop_rate,count_accept_ratio,gate_mean,gate_std,gate_min,gate_max,mean_value_accept_ratio,worst_regime_value_accept_ratio,std_value_accept_ratio_across_regimes,mean_eval_money,worst_regime_eval_money,std_eval_money_across_regimes,C,k,F,T"
aggregate_csv,src/idea4/ac/results/stress_tests/factorized_ac/aggregates/ac_fair_benchmark_aggregated.csv,,factorized_ac,Factorized AC,base,original,800.0,12.0,3.0,1000.0,MIX12_EQ,123.0,12.0,True,"aggregate-like; collapsed_rows=12; columns=scenario,model_mode,train_regime,seed,test_regime,value_accept_ratio,drops,flushes,drop_rate,count_accept_ratio,mean_value_accept_ratio,worst_regime_value_accept_ratio,std_value_accept_ratio_across_regimes,C,k,F,T"
aggregate_csv,src/idea4/ac/results/stress_tests/factorized_ac/aggregates/ac_fair_benchmark_aggregated.csv,,factorized_ac,Factorized AC,base,original,800.0,12.0,3.0,1000.0,MIX12_EQ,323.0,12.0,True,"aggregate-like; collapsed_rows=12; columns=scenario,model_mode,train_regime,seed,test_regime,value_accept_ratio,drops,flushes,drop_rate,count_accept_ratio,mean_value_accept_ratio,worst_regime_value_accept_ratio,std_value_accept_ratio_across_regimes,C,k,F,T"
aggregate_csv,src/idea4/ac/results/factorized_ac/aggregates/ac_fair_benchmark_aggregated.csv,,factorized_ac,Factorized AC,base,original,800.0,12.0,6.0,1000.0,MIX12_EQ,123.0,12.0,True,"aggregate-like; collapsed_rows=12; columns=scenario,model_mode,train_regime,seed,test_regime,reward_mode,training_objective,money_p,money_tau,settled_scale,tau_scaled,hybrid_alpha,value_accept_ratio,settled,eval_money,drops,flushes,drop_rate,count_accept_ratio,mean_value_accept_ratio,worst_regime_value_accept_ratio,std_value_accept_ratio_across_regimes,mean_eval_money,worst_regime_eval_money,std_eval_money_across_regimes,C,k,F,T"
aggregate_csv,src/idea4/ac/results/complexity_tests_C800_k24/factorized_ac/aggregates/ac_fair_benchmark_aggregated.csv,,factorized_ac,Factorized AC,base,original,800.0,24.0,3.0,1000.0,MIX12_EQ,123.0,12.0,True,"aggregate-like; collapsed_rows=12; columns=scenario,model_mode,train_regime,seed,test_regime,value_accept_ratio,drops,flushes,drop_rate,count_accept_ratio,mean_value_accept_ratio,worst_regime_value_accept_ratio,std_value_accept_ratio_across_regimes,C,k,F,T"
aggregate_csv,src/idea4/ac/results/factorized_ac/aggregates/ac_fair_benchmark_aggregated.csv,,factorized_ac,Factorized AC,base,original,800.0,24.0,3.0,1000.0,MIX12_EQ,123.0,12.0,True,"aggregate-like; collapsed_rows=12; columns=scenario,model_mode,train_regime,seed,test_regime,reward_mode,training_objective,money_p,money_tau,settled_scale,tau_scaled,hybrid_alpha,value_accept_ratio,settled,eval_money,drops,flushes,drop_rate,count_accept_ratio,mean_value_accept_ratio,worst_regime_value_accept_ratio,std_value_accept_ratio_across_regimes,mean_eval_money,worst_regime_eval_money,std_eval_money_across_regimes,C,k,F,T"
aggregate_csv,src/idea4/ac/results/complexity_tests_C800_k24/factorized_ac/aggregates/ac_fair_benchmark_aggregated.csv,,factorized_ac,Factorized AC,base,original,800.0,24.0,3.0,1000.0,MIX12_EQ,323.0,12.0,True,"aggregate-like; collapsed_rows=12; columns=scenario,model_mode,train_regime,seed,test_regime,value_accept_ratio,drops,flushes,drop_rate,count_accept_ratio,mean_value_accept_ratio,worst_regime_value_accept_ratio,std_value_accept_ratio_across_regimes,C,k,F,T"
aggregate_csv,archive/idea4_ac_results_20260505/results/factorized_ac/aggregates/ac_fair_benchmark_aggregated.csv,,factorized_ac,Factorized AC,base,original,1200.0,3.0,3.0,1000.0,MIX12_EQ,123.0,12.0,True,"aggregate-like; collapsed_rows=12; columns=scenario,model_mode,train_regime,seed,test_regime,value_accept_ratio,drops,flushes,drop_rate,count_accept_ratio,mean_value_accept_ratio,worst_regime_value_accept_ratio,std_value_accept_ratio_across_regimes,C,k,F,T"
aggregate_csv,src/idea4/ac/results/aggregate_backups_before_k12_cleanup/ac_fair_benchmark_aggregated_before_k12_cleanup.csv,,factorized_ac,Factorized AC,base,original,1200.0,3.0,3.0,1000.0,MIX12_EQ,123.0,12.0,True,"aggregate-like; collapsed_rows=12; columns=scenario,model_mode,train_regime,seed,test_regime,value_accept_ratio,drops,flushes,drop_rate,count_accept_ratio,mean_value_accept_ratio,worst_regime_value_accept_ratio,std_value_accept_ratio_across_regimes,C,k,F,T"
aggregate_csv,src/idea4/ac/results/factorized_ac/aggregates/ac_fair_benchmark_aggregated.csv,,factorized_ac,Factorized AC,base,original,1200.0,3.0,3.0,1000.0,MIX12_EQ,123.0,12.0,True,"aggregate-like; collapsed_rows=12; columns=scenario,model_mode,train_regime,seed,test_regime,reward_mode,training_objective,money_p,money_tau,settled_scale,tau_scaled,hybrid_alpha,value_accept_ratio,settled,eval_money,drops,flushes,drop_rate,count_accept_ratio,mean_value_accept_ratio,worst_regime_value_accept_ratio,std_value_accept_ratio_across_regimes,mean_eval_money,worst_regime_eval_money,std_eval_money_across_regimes,C,k,F,T"
aggregate_csv,archive/idea4_ac_results_20260505/results/factorized_ac/aggregates/ac_fair_benchmark_aggregated.csv,,factorized_ac,Factorized AC,base,original,1200.0,3.0,3.0,1000.0,MIX12_EQ,323.0,12.0,True,"aggregate-like; collapsed_rows=12; columns=scenario,model_mode,train_regime,seed,test_regime,value_accept_ratio,drops,flushes,drop_rate,count_accept_ratio,mean_value_accept_ratio,worst_regime_value_accept_ratio,std_value_accept_ratio_across_regimes,C,k,F,T"
aggregate_csv,src/idea4/ac/results/aggregate_backups_before_k12_cleanup/ac_fair_benchmark_aggregated_before_k12_cleanup.csv,,factorized_ac,Factorized AC,base,original,1200.0,3.0,3.0,1000.0,MIX12_EQ,323.0,12.0,True,"aggregate-like; collapsed_rows=12; columns=scenario,model_mode,train_regime,seed,test_regime,value_accept_ratio,drops,flushes,drop_rate,count_accept_ratio,mean_value_accept_ratio,worst_regime_value_accept_ratio,std_value_accept_ratio_across_regimes,C,k,F,T"
aggregate_csv,src/idea4/ac/results/factorized_ac/aggregates/ac_fair_benchmark_aggregated.csv,,factorized_ac,Factorized AC,base,original,1200.0,3.0,3.0,1000.0,MIX12_EQ,323.0,12.0,True,"aggregate-like; collapsed_rows=12; columns=scenario,model_mode,train_regime,seed,test_regime,reward_mode,training_objective,money_p,money_tau,settled_scale,tau_scaled,hybrid_alpha,value_accept_ratio,settled,eval_money,drops,flushes,drop_rate,count_accept_ratio,mean_value_accept_ratio,worst_regime_value_accept_ratio,std_value_accept_ratio_across_regimes,mean_eval_money,worst_regime_eval_money,std_eval_money_across_regimes,C,k,F,T"
aggregate_csv,src/idea4/ac/results/factorized_ac/aggregates/ac_fair_benchmark_aggregated.csv,,factorized_ac,Factorized AC,base,original,1200.0,6.0,3.0,1000.0,MIX12_EQ,123.0,12.0,True,"aggregate-like; collapsed_rows=12; columns=scenario,model_mode,train_regime,seed,test_regime,reward_mode,training_objective,money_p,money_tau,settled_scale,tau_scaled,hybrid_alpha,value_accept_ratio,settled,eval_money,drops,flushes,drop_rate,count_accept_ratio,mean_value_accept_ratio,worst_regime_value_accept_ratio,std_value_accept_ratio_across_regimes,mean_eval_money,worst_regime_eval_money,std_eval_money_across_regimes,C,k,F,T"
aggregate_csv,src/idea4/ac/results/factorized_ac/aggregates/ac_fair_benchmark_aggregated.csv,,factorized_ac,Factorized AC,base,original,1200.0,6.0,3.0,1000.0,MIX12_EQ,323.0,12.0,True,"aggregate-like; collapsed_rows=12; columns=scenario,model_mode,train_regime,seed,test_regime,reward_mode,training_objective,money_p,money_tau,settled_scale,tau_scaled,hybrid_alpha,value_accept_ratio,settled,eval_money,drops,flushes,drop_rate,count_accept_ratio,mean_value_accept_ratio,worst_regime_value_accept_ratio,std_value_accept_ratio_across_regimes,mean_eval_money,worst_regime_eval_money,std_eval_money_across_regimes,C,k,F,T"
aggregate_csv,src/idea4/ac/results/aggregate_backups_before_k12_cleanup/ac_fair_benchmark_aggregated_before_k12_cleanup.csv,,factorized_ac,Factorized AC,base,original,1200.0,12.0,3.0,1000.0,MIX12_EQ,123.0,12.0,True,"aggregate-like; collapsed_rows=12; columns=scenario,model_mode,train_regime,seed,test_regime,value_accept_ratio,drops,flushes,drop_rate,count_accept_ratio,mean_value_accept_ratio,worst_regime_value_accept_ratio,std_value_accept_ratio_across_regimes,C,k,F,T"
aggregate_csv,src/idea4/ac/results/factorized_ac/aggregates/ac_fair_benchmark_aggregated.csv,,factorized_ac,Factorized AC,base,original,1200.0,12.0,3.0,1000.0,MIX12_EQ,123.0,12.0,True,"aggregate-like; collapsed_rows=12; columns=scenario,model_mode,train_regime,seed,test_regime,reward_mode,training_objective,money_p,money_tau,settled_scale,tau_scaled,hybrid_alpha,value_accept_ratio,settled,eval_money,drops,flushes,drop_rate,count_accept_ratio,mean_value_accept_ratio,worst_regime_value_accept_ratio,std_value_accept_ratio_across_regimes,mean_eval_money,worst_regime_eval_money,std_eval_money_across_regimes,C,k,F,T"
aggregate_csv,src/idea4/ac/results/factorized_ac/aggregates/ac_fair_benchmark_aggregated.csv,,factorized_ac,Factorized AC,base,money,1200.0,12.0,3.0,1000.0,MIX12_EQ,123.0,12.0,True,"aggregate-like; collapsed_rows=12; columns=scenario,model_mode,train_regime,seed,test_regime,reward_mode,training_objective,money_p,money_tau,settled_scale,tau_scaled,hybrid_alpha,value_accept_ratio,settled,eval_money,drops,flushes,drop_rate,count_accept_ratio,mean_value_accept_ratio,worst_regime_value_accept_ratio,std_value_accept_ratio_across_regimes,mean_eval_money,worst_regime_eval_money,std_eval_money_across_regimes,C,k,F,T; money reward detected"
aggregate_csv,src/idea4/ac/results/aggregate_backups_before_k12_cleanup/ac_fair_benchmark_aggregated_before_k12_cleanup.csv,,factorized_ac,Factorized AC,base,original,1200.0,12.0,3.0,1000.0,MIX12_EQ,323.0,12.0,True,"aggregate-like; collapsed_rows=12; columns=scenario,model_mode,train_regime,seed,test_regime,value_accept_ratio,drops,flushes,drop_rate,count_accept_ratio,mean_value_accept_ratio,worst_regime_value_accept_ratio,std_value_accept_ratio_across_regimes,C,k,F,T"
aggregate_csv,src/idea4/ac/results/factorized_ac/aggregates/ac_fair_benchmark_aggregated.csv,,factorized_ac,Factorized AC,base,original,1200.0,12.0,3.0,1000.0,MIX12_EQ,323.0,12.0,True,"aggregate-like; collapsed_rows=12; columns=scenario,model_mode,train_regime,seed,test_regime,reward_mode,training_objective,money_p,money_tau,settled_scale,tau_scaled,hybrid_alpha,value_accept_ratio,settled,eval_money,drops,flushes,drop_rate,count_accept_ratio,mean_value_accept_ratio,worst_regime_value_accept_ratio,std_value_accept_ratio_across_regimes,mean_eval_money,worst_regime_eval_money,std_eval_money_across_regimes,C,k,F,T"
aggregate_csv,src/idea4/ac/results/factorized_ac/aggregates/ac_fair_benchmark_aggregated.csv,,factorized_ac,Factorized AC,base,original,1200.0,12.0,3.0,1000.0,MIX12_EQ,532.0,12.0,True,"aggregate-like; collapsed_rows=12; columns=scenario,model_mode,train_regime,seed,test_regime,reward_mode,training_objective,money_p,money_tau,settled_scale,tau_scaled,hybrid_alpha,value_accept_ratio,settled,eval_money,drops,flushes,drop_rate,count_accept_ratio,mean_value_accept_ratio,worst_regime_value_accept_ratio,std_value_accept_ratio_across_regimes,mean_eval_money,worst_regime_eval_money,std_eval_money_across_regimes,C,k,F,T"
aggregate_csv,src/idea4/ac/results/factorized_ac/aggregates/ac_fair_benchmark_aggregated.csv,,factorized_ac,Factorized AC,base,original,1200.0,12.0,3.0,1000.0,MIX12_EQ,999.0,12.0,True,"aggregate-like; collapsed_rows=12; columns=scenario,model_mode,train_regime,seed,test_regime,reward_mode,training_objective,money_p,money_tau,settled_scale,tau_scaled,hybrid_alpha,value_accept_ratio,settled,eval_money,drops,flushes,drop_rate,count_accept_ratio,mean_value_accept_ratio,worst_regime_value_accept_ratio,std_value_accept_ratio_across_regimes,mean_eval_money,worst_regime_eval_money,std_eval_money_across_regimes,C,k,F,T"
aggregate_csv,src/idea4/ac/results/factorized_ac/aggregates/ac_fair_benchmark_aggregated.csv,,factorized_ac,Factorized AC,base,original,1200.0,12.0,6.0,1000.0,MIX12_EQ,123.0,12.0,True,"aggregate-like; collapsed_rows=12; columns=scenario,model_mode,train_regime,seed,test_regime,reward_mode,training_objective,money_p,money_tau,settled_scale,tau_scaled,hybrid_alpha,value_accept_ratio,settled,eval_money,drops,flushes,drop_rate,count_accept_ratio,mean_value_accept_ratio,worst_regime_value_accept_ratio,std_value_accept_ratio_across_regimes,mean_eval_money,worst_regime_eval_money,std_eval_money_across_regimes,C,k,F,T"
aggregate_csv,src/idea4/ac/results/stress_tests/factorized_ac/aggregates/ac_fair_benchmark_aggregated.csv,,factorized_ac,Factorized AC,base,original,1200.0,24.0,3.0,1000.0,MIX12_EQ,123.0,12.0,True,"aggregate-like; collapsed_rows=12; columns=scenario,model_mode,train_regime,seed,test_regime,value_accept_ratio,drops,flushes,drop_rate,count_accept_ratio,mean_value_accept_ratio,worst_regime_value_accept_ratio,std_value_accept_ratio_across_regimes,C,k,F,T"
aggregate_csv,src/idea4/ac/results/stress_tests/factorized_ac/aggregates/ac_fair_benchmark_aggregated.csv,,factorized_ac,Factorized AC,base,original,1200.0,24.0,3.0,1000.0,MIX12_EQ,323.0,12.0,True,"aggregate-like; collapsed_rows=12; columns=scenario,model_mode,train_regime,seed,test_regime,value_accept_ratio,drops,flushes,drop_rate,count_accept_ratio,mean_value_accept_ratio,worst_regime_value_accept_ratio,std_value_accept_ratio_across_regimes,C,k,F,T"
aggregate_csv,src/idea4/ac/results/dual_branch_ac/aggregates/dual_ac_fair_benchmark_aggregated.csv,,dual_branch_factorized_ac_gate_balanced,Gate-balanced Dual AC,gate_balanced,original,1200.0,12.0,3.0,1000.0,MIX12_EQ,123.0,12.0,True,"aggregate-like; collapsed_rows=12; columns=scenario,model_mode,train_regime,seed,test_regime,reward_mode,training_objective,money_p,money_tau,settled_scale,tau_scaled,hybrid_alpha,value_accept_ratio,settled,eval_money,drops,flushes,drop_rate,count_accept_ratio,gate_mean,gate_std,gate_min,gate_max,mean_value_accept_ratio,worst_regime_value_accept_ratio,std_value_accept_ratio_across_regimes,mean_eval_money,worst_regime_eval_money,std_eval_money_across_regimes,C,k,F,T"
aggregate_csv,src/idea4/ac/results/dual_branch_ac/aggregates/dual_ac_fair_benchmark_aggregated.csv,,dual_branch_factorized_ac_gate_balanced,Gate-balanced Dual AC,gate_balanced,original,1200.0,12.0,3.0,1000.0,MIX12_EQ,323.0,12.0,True,"aggregate-like; collapsed_rows=12; columns=scenario,model_mode,train_regime,seed,test_regime,reward_mode,training_objective,money_p,money_tau,settled_scale,tau_scaled,hybrid_alpha,value_accept_ratio,settled,eval_money,drops,flushes,drop_rate,count_accept_ratio,gate_mean,gate_std,gate_min,gate_max,mean_value_accept_ratio,worst_regime_value_accept_ratio,std_value_accept_ratio_across_regimes,mean_eval_money,worst_regime_eval_money,std_eval_money_across_regimes,C,k,F,T"
aggregate_csv,src/idea4/ac/results/dual_branch_ac/aggregates/dual_ac_fair_benchmark_aggregated.csv,,dual_branch_factorized_ac_gate_balanced,Gate-balanced Dual AC,gate_balanced,original,1200.0,12.0,3.0,1000.0,MIX12_EQ,532.0,12.0,True,"aggregate-like; collapsed_rows=12; columns=scenario,model_mode,train_regime,seed,test_regime,reward_mode,training_objective,money_p,money_tau,settled_scale,tau_scaled,hybrid_alpha,value_accept_ratio,settled,eval_money,drops,flushes,drop_rate,count_accept_ratio,gate_mean,gate_std,gate_min,gate_max,mean_value_accept_ratio,worst_regime_value_accept_ratio,std_value_accept_ratio_across_regimes,mean_eval_money,worst_regime_eval_money,std_eval_money_across_regimes,C,k,F,T"
aggregate_csv,src/idea4/ac/results/dual_branch_ac/aggregates/dual_ac_fair_benchmark_aggregated.csv,,dual_branch_factorized_ac_gate_balanced,Gate-balanced Dual AC,gate_balanced,original,1200.0,12.0,3.0,1000.0,MIX12_EQ,999.0,12.0,True,"aggregate-like; collapsed_rows=12; columns=scenario,model_mode,train_regime,seed,test_regime,reward_mode,training_objective,money_p,money_tau,settled_scale,tau_scaled,hybrid_alpha,value_accept_ratio,settled,eval_money,drops,flushes,drop_rate,count_accept_ratio,gate_mean,gate_std,gate_min,gate_max,mean_value_accept_ratio,worst_regime_value_accept_ratio,std_value_accept_ratio_across_regimes,mean_eval_money,worst_regime_eval_money,std_eval_money_across_regimes,C,k,F,T"
aggregate_csv,src/idea4/ac/results/dual_branch_ac/aggregates/dual_ac_fair_benchmark_aggregated.csv,,dual_branch_factorized_ac_gate_balanced,Gate-balanced Dual AC,gate_balanced,original,1200.0,24.0,3.0,1000.0,MIX12_EQ,123.0,12.0,True,"aggregate-like; collapsed_rows=12; columns=scenario,model_mode,train_regime,seed,test_regime,reward_mode,training_objective,money_p,money_tau,settled_scale,tau_scaled,hybrid_alpha,value_accept_ratio,settled,eval_money,drops,flushes,drop_rate,count_accept_ratio,gate_mean,gate_std,gate_min,gate_max,mean_value_accept_ratio,worst_regime_value_accept_ratio,std_value_accept_ratio_across_regimes,mean_eval_money,worst_regime_eval_money,std_eval_money_across_regimes,C,k,F,T"
aggregate_csv,src/idea4/ac/results/dual_branch_ac/aggregates/dual_ac_fair_benchmark_aggregated.csv,,dual_branch_factorized_ac_gate_regularized,Gate-regularized Dual AC,gate_regularized,original,1200.0,12.0,3.0,1000.0,MIX12_EQ,123.0,12.0,True,"aggregate-like; collapsed_rows=12; columns=scenario,model_mode,train_regime,seed,test_regime,reward_mode,training_objective,money_p,money_tau,settled_scale,tau_scaled,hybrid_alpha,value_accept_ratio,settled,eval_money,drops,flushes,drop_rate,count_accept_ratio,gate_mean,gate_std,gate_min,gate_max,mean_value_accept_ratio,worst_regime_value_accept_ratio,std_value_accept_ratio_across_regimes,mean_eval_money,worst_regime_eval_money,std_eval_money_across_regimes,C,k,F,T"
aggregate_csv,src/idea4/ac/results/dual_branch_ac/aggregates/dual_ac_fair_benchmark_aggregated.csv,,dual_branch_factorized_ac_gate_regularized,Gate-regularized Dual AC,gate_regularized,original,1200.0,12.0,3.0,1000.0,MIX12_EQ,323.0,12.0,True,"aggregate-like; collapsed_rows=12; columns=scenario,model_mode,train_regime,seed,test_regime,reward_mode,training_objective,money_p,money_tau,settled_scale,tau_scaled,hybrid_alpha,value_accept_ratio,settled,eval_money,drops,flushes,drop_rate,count_accept_ratio,gate_mean,gate_std,gate_min,gate_max,mean_value_accept_ratio,worst_regime_value_accept_ratio,std_value_accept_ratio_across_regimes,mean_eval_money,worst_regime_eval_money,std_eval_money_across_regimes,C,k,F,T"
aggregate_csv,src/idea4/ac/results/factorized_ac/aggregates/ac_fair_benchmark_aggregated.csv,,maskA_factorized_ac,MaskA Factorized AC,maskA+hard,original,800.0,24.0,3.0,1000.0,MIX12_EQ,123.0,12.0,True,"aggregate-like; collapsed_rows=24; columns=scenario,model_mode,train_regime,seed,test_regime,reward_mode,training_objective,money_p,money_tau,settled_scale,tau_scaled,hybrid_alpha,value_accept_ratio,settled,eval_money,drops,flushes,drop_rate,count_accept_ratio,mean_value_accept_ratio,worst_regime_value_accept_ratio,std_value_accept_ratio_across_regimes,mean_eval_money,worst_regime_eval_money,std_eval_money_across_regimes,C,k,F,T"
aggregate_csv,src/idea4/ac/results/factorized_ac/aggregates/ac_fair_benchmark_aggregated.csv,,maskA_factorized_ac,MaskA Factorized AC,maskA+soft+penalty5,original,800.0,24.0,3.0,1000.0,MIX12_EQ,123.0,12.0,True,"aggregate-like; collapsed_rows=12; columns=scenario,model_mode,train_regime,seed,test_regime,reward_mode,training_objective,money_p,money_tau,settled_scale,tau_scaled,hybrid_alpha,value_accept_ratio,settled,eval_money,drops,flushes,drop_rate,count_accept_ratio,mean_value_accept_ratio,worst_regime_value_accept_ratio,std_value_accept_ratio_across_regimes,mean_eval_money,worst_regime_eval_money,std_eval_money_across_regimes,C,k,F,T"
aggregate_csv,src/idea4/ac/results/dual_branch_ac/aggregates/dual_ac_fair_benchmark_aggregated.csv,,dual_branch_residual_risk,Residual-risk Dual AC,residual_risk,original,800.0,12.0,3.0,1000.0,MIX12_EQ,123.0,12.0,True,"aggregate-like; collapsed_rows=12; columns=scenario,model_mode,train_regime,seed,test_regime,reward_mode,training_objective,money_p,money_tau,settled_scale,tau_scaled,hybrid_alpha,value_accept_ratio,settled,eval_money,drops,flushes,drop_rate,count_accept_ratio,gate_mean,gate_std,gate_min,gate_max,mean_value_accept_ratio,worst_regime_value_accept_ratio,std_value_accept_ratio_across_regimes,mean_eval_money,worst_regime_eval_money,std_eval_money_across_regimes,C,k,F,T"
aggregate_csv,src/idea4/ac/results/dual_branch_ac/aggregates/dual_ac_fair_benchmark_aggregated.csv,,dual_branch_residual_risk,Residual-risk Dual AC,residual_risk,original,800.0,12.0,6.0,1000.0,MIX12_EQ,123.0,12.0,True,"aggregate-like; collapsed_rows=12; columns=scenario,model_mode,train_regime,seed,test_regime,reward_mode,training_objective,money_p,money_tau,settled_scale,tau_scaled,hybrid_alpha,value_accept_ratio,settled,eval_money,drops,flushes,drop_rate,count_accept_ratio,gate_mean,gate_std,gate_min,gate_max,mean_value_accept_ratio,worst_regime_value_accept_ratio,std_value_accept_ratio_across_regimes,mean_eval_money,worst_regime_eval_money,std_eval_money_across_regimes,C,k,F,T"
aggregate_csv,src/idea4/ac/results/dual_branch_ac/aggregates/dual_ac_fair_benchmark_aggregated.csv,,dual_branch_residual_risk,Residual-risk Dual AC,residual_risk,original,800.0,24.0,3.0,1000.0,MIX12_EQ,123.0,12.0,True,"aggregate-like; collapsed_rows=12; columns=scenario,model_mode,train_regime,seed,test_regime,reward_mode,training_objective,money_p,money_tau,settled_scale,tau_scaled,hybrid_alpha,value_accept_ratio,settled,eval_money,drops,flushes,drop_rate,count_accept_ratio,gate_mean,gate_std,gate_min,gate_max,mean_value_accept_ratio,worst_regime_value_accept_ratio,std_value_accept_ratio_across_regimes,mean_eval_money,worst_regime_eval_money,std_eval_money_across_regimes,C,k,F,T"
aggregate_csv,src/idea4/ac/results/dual_branch_ac/aggregates/dual_ac_fair_benchmark_aggregated.csv,,dual_branch_residual_risk,Residual-risk Dual AC,residual_risk,original,1200.0,12.0,3.0,1000.0,MIX12_EQ,123.0,12.0,True,"aggregate-like; collapsed_rows=12; columns=scenario,model_mode,train_regime,seed,test_regime,reward_mode,training_objective,money_p,money_tau,settled_scale,tau_scaled,hybrid_alpha,value_accept_ratio,settled,eval_money,drops,flushes,drop_rate,count_accept_ratio,gate_mean,gate_std,gate_min,gate_max,mean_value_accept_ratio,worst_regime_value_accept_ratio,std_value_accept_ratio_across_regimes,mean_eval_money,worst_regime_eval_money,std_eval_money_across_regimes,C,k,F,T"
aggregate_csv,src/idea4/ac/results/dual_branch_ac/aggregates/dual_ac_fair_benchmark_aggregated.csv,,dual_branch_residual_risk,Residual-risk Dual AC,residual_risk,original,1200.0,12.0,6.0,1000.0,MIX12_EQ,123.0,12.0,True,"aggregate-like; collapsed_rows=12; columns=scenario,model_mode,train_regime,seed,test_regime,reward_mode,training_objective,money_p,money_tau,settled_scale,tau_scaled,hybrid_alpha,value_accept_ratio,settled,eval_money,drops,flushes,drop_rate,count_accept_ratio,gate_mean,gate_std,gate_min,gate_max,mean_value_accept_ratio,worst_regime_value_accept_ratio,std_value_accept_ratio_across_regimes,mean_eval_money,worst_regime_eval_money,std_eval_money_across_regimes,C,k,F,T"
json_run,src/idea4/ac/results/stress_tests/basic_ppo/runs/basic_ppo_trainMIX12_EQ_C800_k12_T1000_F3_seed123/20260508_013342_627296/cross_regime_results.json,2026-05-08T01:44:31.423949,basic_ppo,Basic PPO,base,original,800.0,12.0,3.0,1000.0,MIX12_EQ,123.0,12.0,True,raw-like json_run; scenario=basic_ppo_trainMIX12_EQ_C800_k12_T1000_F3_seed123
json_run,src/idea4/ac/results/stress_tests/basic_ppo/runs/basic_ppo_trainMIX12_EQ_C800_k12_T1000_F3_seed323/20260508_023233_752609/cross_regime_results.json,2026-05-08T02:43:32.559498,basic_ppo,Basic PPO,base,original,800.0,12.0,3.0,1000.0,MIX12_EQ,323.0,12.0,True,raw-like json_run; scenario=basic_ppo_trainMIX12_EQ_C800_k12_T1000_F3_seed323
json_run,src/idea4/ac/results/basic_ppo/runs/basic_ppo_trainMIX12_EQ_C800_k12_T1000_F6_seed123/20260509_024244_180221/cross_regime_results.json,2026-05-09T02:53:48.963317,basic_ppo,Basic PPO,base,original,800.0,12.0,6.0,1000.0,MIX12_EQ,123.0,12.0,True,raw-like json_run; scenario=basic_ppo_trainMIX12_EQ_C800_k12_T1000_F6_seed123
json_run,src/idea4/ac/results/basic_ppo/runs/basic_ppo_trainMIX12_EQ_C800_k24_T1000_F3_seed123/20260508_222529_095916/cross_regime_results.json,2026-05-08T22:42:02.516468,basic_ppo,Basic PPO,base,original,800.0,24.0,3.0,1000.0,MIX12_EQ,123.0,12.0,True,raw-like json_run; scenario=basic_ppo_trainMIX12_EQ_C800_k24_T1000_F3_seed123
json_run,src/idea4/ac/results/complexity_tests_C800_k24/basic_ppo/runs/basic_ppo_trainMIX12_EQ_C800_k24_T1000_F3_seed123/20260508_080958_033545/cross_regime_results.json,2026-05-08T08:22:59.852160,basic_ppo,Basic PPO,base,original,800.0,24.0,3.0,1000.0,MIX12_EQ,123.0,12.0,True,raw-like json_run; scenario=basic_ppo_trainMIX12_EQ_C800_k24_T1000_F3_seed123
json_run,src/idea4/ac/results/complexity_tests_C800_k24/basic_ppo/runs/basic_ppo_trainMIX12_EQ_C800_k24_T1000_F3_seed323/20260508_093049_161627/cross_regime_results.json,2026-05-08T09:43:20.683649,basic_ppo,Basic PPO,base,original,800.0,24.0,3.0,1000.0,MIX12_EQ,323.0,12.0,True,raw-like json_run; scenario=basic_ppo_trainMIX12_EQ_C800_k24_T1000_F3_seed323
json_run,src/idea4/ac/results/basic_ppo/runs/basic_ppo_trainMIX12_EQ_C1200_k3_T1000_F3_seed123/20260507_212549_286620/cross_regime_results.json,2026-05-07T21:37:30.683135,basic_ppo,Basic PPO,base,original,1200.0,3.0,3.0,1000.0,MIX12_EQ,123.0,12.0,True,raw-like json_run; scenario=basic_ppo_trainMIX12_EQ_C1200_k3_T1000_F3_seed123
json_run,src/idea4/ac/results/basic_ppo/runs/basic_ppo_trainMIX12_EQ_C1200_k3_T1000_F3_seed323/20260507_213733_993592/cross_regime_results.json,2026-05-07T21:49:08.195111,basic_ppo,Basic PPO,base,original,1200.0,3.0,3.0,1000.0,MIX12_EQ,323.0,12.0,True,raw-like json_run; scenario=basic_ppo_trainMIX12_EQ_C1200_k3_T1000_F3_seed323
json_run,src/idea4/ac/results/basic_ppo/runs/basic_ppo_trainMIX12_EQ_C1200_k6_T1000_F3_seed123/20260507_214911_366876/cross_regime_results.json,2026-05-07T22:00:37.732636,basic_ppo,Basic PPO,base,original,1200.0,6.0,3.0,1000.0,MIX12_EQ,123.0,12.0,True,raw-like json_run; scenario=basic_ppo_trainMIX12_EQ_C1200_k6_T1000_F3_seed123
json_run,src/idea4/ac/results/basic_ppo/runs/basic_ppo_trainMIX12_EQ_C1200_k6_T1000_F3_seed323/20260507_220040_799666/cross_regime_results.json,2026-05-07T22:12:02.537258,basic_ppo,Basic PPO,base,original,1200.0,6.0,3.0,1000.0,MIX12_EQ,323.0,12.0,True,raw-like json_run; scenario=basic_ppo_trainMIX12_EQ_C1200_k6_T1000_F3_seed323
json_run,src/idea4/ac/results/basic_ppo/runs/basic_ppo_trainMIX12_EQ_C1200_k12_T1000_F3_seed123/20260507_221205_537294/cross_regime_results.json,2026-05-07T22:24:08.367127,basic_ppo,Basic PPO,base,original,1200.0,12.0,3.0,1000.0,MIX12_EQ,123.0,12.0,True,raw-like json_run; scenario=basic_ppo_trainMIX12_EQ_C1200_k12_T1000_F3_seed123
json_run,src/idea4/ac/results/basic_ppo/runs/basic_ppo_trainMIX12_EQ_C1200_k12_T1000_F3_seed123_rewardMONEY_p1_tau10/20260508_130126_968598/cross_regime_results.json,2026-05-08T13:12:48.811559,basic_ppo,Basic PPO,base,money,1200.0,12.0,3.0,1000.0,MIX12_EQ,123.0,12.0,True,raw-like json_run; scenario=basic_ppo_trainMIX12_EQ_C1200_k12_T1000_F3_seed123_rewardMONEY_p1_tau10; money reward detected
json_run,src/idea4/ac/results/basic_ppo/runs/basic_ppo_trainMIX12_EQ_C1200_k12_T1000_F3_seed323/20260507_222411_366919/cross_regime_results.json,2026-05-07T22:35:47.555452,basic_ppo,Basic PPO,base,original,1200.0,12.0,3.0,1000.0,MIX12_EQ,323.0,12.0,True,raw-like json_run; scenario=basic_ppo_trainMIX12_EQ_C1200_k12_T1000_F3_seed323
json_run,src/idea4/ac/results/basic_ppo/runs/basic_ppo_trainMIX12_EQ_C1200_k12_T1000_F3_seed323_rewardMONEY_p1_tau10/20260508_131251_739798/cross_regime_results.json,2026-05-08T13:24:00.057339,basic_ppo,Basic PPO,base,money,1200.0,12.0,3.0,1000.0,MIX12_EQ,323.0,12.0,True,raw-like json_run; scenario=basic_ppo_trainMIX12_EQ_C1200_k12_T1000_F3_seed323_rewardMONEY_p1_tau10; money reward detected
json_run,src/idea4/ac/results/basic_ppo/runs/basic_ppo_trainMIX12_EQ_C1200_k12_T1000_F6_seed123/20260509_005012_912290/cross_regime_results.json,2026-05-09T01:00:54.423527,basic_ppo,Basic PPO,base,original,1200.0,12.0,6.0,1000.0,MIX12_EQ,123.0,12.0,True,raw-like json_run; scenario=basic_ppo_trainMIX12_EQ_C1200_k12_T1000_F6_seed123
json_run,src/idea4/ac/results/stress_tests/basic_ppo/runs/basic_ppo_trainMIX12_EQ_C1200_k24_T1000_F3_seed123/20260507_232806_087683/cross_regime_results.json,2026-05-07T23:40:23.463353,basic_ppo,Basic PPO,base,original,1200.0,24.0,3.0,1000.0,MIX12_EQ,123.0,12.0,True,raw-like json_run; scenario=basic_ppo_trainMIX12_EQ_C1200_k24_T1000_F3_seed123
json_run,src/idea4/ac/results/stress_tests/basic_ppo/runs/basic_ppo_trainMIX12_EQ_C1200_k24_T1000_F3_seed323/20260508_003844_446672/cross_regime_results.json,2026-05-08T00:51:21.917797,basic_ppo,Basic PPO,base,original,1200.0,24.0,3.0,1000.0,MIX12_EQ,323.0,12.0,True,raw-like json_run; scenario=basic_ppo_trainMIX12_EQ_C1200_k24_T1000_F3_seed323
json_run,src/idea4/ac/results/dual_branch_ac/runs/dual_branch_capacity_only_trainMIX12_EQ_C800_k12_T1000_F3_seed123/20260508_211436_013260/cross_regime_results.json,2026-05-08T21:43:03.290547,dual_branch_capacity_only,Capacity-only Dual AC,capacity_only,original,800.0,12.0,3.0,1000.0,MIX12_EQ,123.0,12.0,True,raw-like json_run; scenario=dual_branch_capacity_only_trainMIX12_EQ_C800_k12_T1000_F3_seed123
json_run,src/idea4/ac/results/dual_branch_ac/runs/dual_branch_capacity_only_trainMIX12_EQ_C800_k12_T1000_F6_seed123/20260509_034037_916909/cross_regime_results.json,2026-05-09T04:07:40.618102,dual_branch_capacity_only,Capacity-only Dual AC,capacity_only,original,800.0,12.0,6.0,1000.0,MIX12_EQ,123.0,12.0,True,raw-like json_run; scenario=dual_branch_capacity_only_trainMIX12_EQ_C800_k12_T1000_F6_seed123
json_run,src/idea4/ac/results/dual_branch_ac/runs/dual_branch_capacity_only_trainMIX12_EQ_C800_k24_T1000_F3_seed123/20260508_234445_442022/cross_regime_results.json,2026-05-09T00:19:52.520115,dual_branch_capacity_only,Capacity-only Dual AC,capacity_only,original,800.0,24.0,3.0,1000.0,MIX12_EQ,123.0,12.0,True,raw-like json_run; scenario=dual_branch_capacity_only_trainMIX12_EQ_C800_k24_T1000_F3_seed123
json_run,src/idea4/ac/results/dual_branch_ac/runs/dual_branch_capacity_only_trainMIX12_EQ_C1200_k12_T1000_F3_seed123/20260508_191516_107694/cross_regime_results.json,2026-05-08T19:41:33.511326,dual_branch_capacity_only,Capacity-only Dual AC,capacity_only,original,1200.0,12.0,3.0,1000.0,MIX12_EQ,123.0,12.0,True,raw-like json_run; scenario=dual_branch_capacity_only_trainMIX12_EQ_C1200_k12_T1000_F3_seed123
json_run,src/idea4/ac/results/dual_branch_ac/runs/dual_branch_capacity_only_trainMIX12_EQ_C1200_k12_T1000_F6_seed123/20260509_014814_249704/cross_regime_results.json,2026-05-09T02:14:08.028404,dual_branch_capacity_only,Capacity-only Dual AC,capacity_only,original,1200.0,12.0,6.0,1000.0,MIX12_EQ,123.0,12.0,True,raw-like json_run; scenario=dual_branch_capacity_only_trainMIX12_EQ_C1200_k12_T1000_F6_seed123
json_run,src/idea4/ac/results/stress_tests/dqn_baseline/runs/baseline_trainMIX12_EQ_C800_k12_T1000_F3_seed123/20260508_010847_887694/cross_regime_results.json,2026-05-08T01:33:38.542245,baseline,DQN baseline,base,original,800.0,12.0,3.0,1000.0,MIX12_EQ,123.0,12.0,True,raw-like json_run; scenario=baseline_trainMIX12_EQ_C800_k12_T1000_F3_seed123
json_run,src/idea4/ac/results/stress_tests/dqn_baseline/runs/baseline_trainMIX12_EQ_C800_k12_T1000_F3_seed323/20260508_020101_439176/cross_regime_results.json,2026-05-08T02:32:29.591346,baseline,DQN baseline,base,original,800.0,12.0,3.0,1000.0,MIX12_EQ,323.0,12.0,True,raw-like json_run; scenario=baseline_trainMIX12_EQ_C800_k12_T1000_F3_seed323
json_run,src/idea4/ac/results/complexity_tests_C800_k24/dqn_baseline/runs/baseline_trainMIX12_EQ_C800_k24_T1000_F3_seed123/20260508_072432_292549/cross_regime_results.json,2026-05-08T08:09:53.369917,baseline,DQN baseline,base,original,800.0,24.0,3.0,1000.0,MIX12_EQ,123.0,12.0,True,raw-like json_run; scenario=baseline_trainMIX12_EQ_C800_k24_T1000_F3_seed123
json_run,src/idea4/ac/results/complexity_tests_C800_k24/dqn_baseline/runs/baseline_trainMIX12_EQ_C800_k24_T1000_F3_seed323/20260508_084358_793536/cross_regime_results.json,2026-05-08T09:30:44.468862,baseline,DQN baseline,base,original,800.0,24.0,3.0,1000.0,MIX12_EQ,323.0,12.0,True,raw-like json_run; scenario=baseline_trainMIX12_EQ_C800_k24_T1000_F3_seed323
json_run,src/ideaextra/results/trainLNB_crossUS_TLS_LNS_TLNS_TPLS_PLS_UB_TLB_LNB_TLNB_TPLB_PLB_C1000_k3_T1000_F3/20260501_005138/cross_regime_results.json,2026-05-01T01:07:56.256415,unknown,DQN baseline,base,original,1000.0,3.0,3.0,1000.0,LNB,123.0,12.0,True,raw-like json_run; scenario=trainLNB_crossUS_TLS_LNS_TLNS_TPLS_PLS_UB_TLB_LNB_TLNB_TPLB_PLB_C1000_k3_T1000_F3
json_run,src/ideaextra/results/trainLNS_crossUS_TLS_LNS_TLNS_TPLS_PLS_UB_TLB_LNB_TLNB_TPLB_PLB_C1000_k3_T1000_F3/20260430_225524/cross_regime_results.json,2026-04-30T23:14:24.880136,unknown,DQN baseline,base,original,1000.0,3.0,3.0,1000.0,LNS,123.0,12.0,True,raw-like json_run; scenario=trainLNS_crossUS_TLS_LNS_TLNS_TPLS_PLS_UB_TLB_LNB_TLNB_TPLB_PLB_C1000_k3_T1000_F3
json_run,src/ideaextra/results/trainMIX12_EQ_crossUS_TLS_LNS_TLNS_TPLS_PLS_UB_TLB_LNB_TLNB_TPLB_PLB_C1000_k3_T1000_F3/20260430_214701/cross_regime_results.json,2026-04-30T22:12:45.652485,unknown,DQN baseline,base,original,1000.0,3.0,3.0,1000.0,MIX12_EQ,123.0,12.0,True,raw-like json_run; scenario=trainMIX12_EQ_crossUS_TLS_LNS_TLNS_TPLS_PLS_UB_TLB_LNB_TLNB_TPLB_PLB_C1000_k3_T1000_F3
json_run,src/ideaextra/results/trainPLB_crossUS_TLS_LNS_TLNS_TPLS_PLS_UB_TLB_LNB_TLNB_TPLB_PLB_C1000_k3_T1000_F3/20260501_014204/cross_regime_results.json,2026-05-01T01:58:51.075320,unknown,DQN baseline,base,original,1000.0,3.0,3.0,1000.0,PLB,123.0,12.0,True,raw-like json_run; scenario=trainPLB_crossUS_TLS_LNS_TLNS_TPLS_PLS_UB_TLB_LNB_TLNB_TPLB_PLB_C1000_k3_T1000_F3
json_run,src/ideaextra/results/trainPLS_crossUS_TLS_LNS_TLNS_TPLS_PLS_UB_TLB_LNB_TLNB_TPLB_PLB_C1000_k3_T1000_F3/20260430_235905/cross_regime_results.json,2026-05-01T00:18:48.764366,unknown,DQN baseline,base,original,1000.0,3.0,3.0,1000.0,PLS,123.0,12.0,True,raw-like json_run; scenario=trainPLS_crossUS_TLS_LNS_TLNS_TPLS_PLS_UB_TLB_LNB_TLNB_TPLB_PLB_C1000_k3_T1000_F3
json_run,src/ideaextra/results/trainTLB_crossUS_TLS_LNS_TLNS_TPLS_PLS_UB_TLB_LNB_TLNB_TPLB_PLB_C1000_k3_T1000_F3/20260501_003450/cross_regime_results.json,2026-05-01T00:51:34.399448,unknown,DQN baseline,base,original,1000.0,3.0,3.0,1000.0,TLB,123.0,12.0,True,raw-like json_run; scenario=trainTLB_crossUS_TLS_LNS_TLNS_TPLS_PLS_UB_TLB_LNB_TLNB_TPLB_PLB_C1000_k3_T1000_F3
json_run,src/ideaextra/results/trainTLNB_crossUS_TLS_LNS_TLNS_TPLS_PLS_UB_TLB_LNB_TLNB_TPLB_PLB_C1000_k3_T1000_F3/20260501_010759/cross_regime_results.json,2026-05-01T01:25:51.236945,unknown,DQN baseline,base,original,1000.0,3.0,3.0,1000.0,TLNB,123.0,12.0,True,raw-like json_run; scenario=trainTLNB_crossUS_TLS_LNS_TLNS_TPLS_PLS_UB_TLB_LNB_TLNB_TPLB_PLB_C1000_k3_T1000_F3
json_run,src/ideaextra/results/trainTLNS_crossUS_TLS_LNS_TLNS_TPLS_PLS_UB_TLB_LNB_TLNB_TPLB_PLB_C1000_k3_T1000_F3/20260430_231429/cross_regime_results.json,2026-04-30T23:37:52.479953,unknown,DQN baseline,base,original,1000.0,3.0,3.0,1000.0,TLNS,123.0,12.0,True,raw-like json_run; scenario=trainTLNS_crossUS_TLS_LNS_TLNS_TPLS_PLS_UB_TLB_LNB_TLNB_TPLB_PLB_C1000_k3_T1000_F3
json_run,src/ideaextra/results/trainTLS_crossUS_TLS_LNS_TLNS_TPLS_PLS_UB_TLB_LNB_TLNB_TPLB_PLB_C1000_k3_T1000_F3/20260430_223453/cross_regime_results.json,2026-04-30T22:55:19.600645,unknown,DQN baseline,base,original,1000.0,3.0,3.0,1000.0,TLS,123.0,12.0,True,raw-like json_run; scenario=trainTLS_crossUS_TLS_LNS_TLNS_TPLS_PLS_UB_TLB_LNB_TLNB_TPLB_PLB_C1000_k3_T1000_F3
json_run,src/ideaextra/results/trainTPLB_crossUS_TLS_LNS_TLNS_TPLS_PLS_UB_TLB_LNB_TLNB_TPLB_PLB_C1000_k3_T1000_F3/20260501_012554/cross_regime_results.json,2026-05-01T01:42:01.057562,unknown,DQN baseline,base,original,1000.0,3.0,3.0,1000.0,TPLB,123.0,12.0,True,raw-like json_run; scenario=trainTPLB_crossUS_TLS_LNS_TLNS_TPLS_PLS_UB_TLB_LNB_TLNB_TPLB_PLB_C1000_k3_T1000_F3
json_run,src/ideaextra/results/trainTPLS_crossUS_TLS_LNS_TLNS_TPLS_PLS_UB_TLB_LNB_TLNB_TPLB_PLB_C1000_k3_T1000_F3/20260430_233756/cross_regime_results.json,2026-04-30T23:59:01.727949,unknown,DQN baseline,base,original,1000.0,3.0,3.0,1000.0,TPLS,123.0,12.0,True,raw-like json_run; scenario=trainTPLS_crossUS_TLS_LNS_TLNS_TPLS_PLS_UB_TLB_LNB_TLNB_TPLB_PLB_C1000_k3_T1000_F3
json_run,src/ideaextra/results/trainUB_crossUS_TLS_LNS_TLNS_TPLS_PLS_UB_TLB_LNB_TLNB_TPLB_PLB_C1000_k3_T1000_F3/20260501_001852/cross_regime_results.json,2026-05-01T00:34:47.083334,unknown,DQN baseline,base,original,1000.0,3.0,3.0,1000.0,UB,123.0,12.0,True,raw-like json_run; scenario=trainUB_crossUS_TLS_LNS_TLNS_TPLS_PLS_UB_TLB_LNB_TLNB_TPLB_PLB_C1000_k3_T1000_F3
json_run,src/ideaextra/results/trainUS_crossUS_TLS_LNS_TLNS_TPLS_PLS_UB_TLB_LNB_TLNB_TPLB_PLB_C1000_k3_T1000_F3/20260430_221250/cross_regime_results.json,2026-04-30T22:34:49.064668,unknown,DQN baseline,base,original,1000.0,3.0,3.0,1000.0,US,123.0,12.0,True,raw-like json_run; scenario=trainUS_crossUS_TLS_LNS_TLNS_TPLS_PLS_UB_TLB_LNB_TLNB_TPLB_PLB_C1000_k3_T1000_F3
json_run,archive/idea4_ac_results_20260505/old_fair_benchmark_results/main_MIX12_attnW10_seed123_C1200_T1000_e300/runs/attn_context_trainMIX12_EQ_C1200_k3_T1000_F3_seed123/20260502_162610_969184/cross_regime_results.json,2026-05-02T18:49:11.800550,attn_context,DQN baseline,base,original,1200.0,3.0,3.0,1000.0,MIX12_EQ,123.0,12.0,True,raw-like json_run; scenario=attn_context_trainMIX12_EQ_C1200_k3_T1000_F3_seed123
json_run,archive/idea4_ac_results_20260505/old_fair_benchmark_results/main_MIX12_baseline_seed123_C1200_T1000_e300/runs/baseline_trainMIX12_EQ_C1200_k3_T1000_F3_seed123/20260502_155541_794309/cross_regime_results.json,2026-05-02T16:02:30.664677,baseline,DQN baseline,base,original,1200.0,3.0,3.0,1000.0,MIX12_EQ,123.0,12.0,True,raw-like json_run; scenario=baseline_trainMIX12_EQ_C1200_k3_T1000_F3_seed123
json_run,archive/idea4_ac_results_20260505/old_fair_benchmark_results/runs/baseline_trainMIX12_EQ_C1200_k3_T1000_F3_seed123/20260504_015024_611040/cross_regime_results.json,2026-05-04T02:19:17.007246,baseline,DQN baseline,base,original,1200.0,3.0,3.0,1000.0,MIX12_EQ,123.0,12.0,True,raw-like json_run; scenario=baseline_trainMIX12_EQ_C1200_k3_T1000_F3_seed123
json_run,src/idea3/results/old_fair_benchmark_results/main_MIX12_attnW10_seed123_C1200_T1000_e300/runs/attn_context_trainMIX12_EQ_C1200_k3_T1000_F3_seed123/20260502_162610_969184/cross_regime_results.json,2026-05-02T18:49:11.800550,attn_context,DQN baseline,base,original,1200.0,3.0,3.0,1000.0,MIX12_EQ,123.0,12.0,True,raw-like json_run; scenario=attn_context_trainMIX12_EQ_C1200_k3_T1000_F3_seed123
json_run,src/idea3/results/old_fair_benchmark_results/main_MIX12_baseline_seed123_C1200_T1000_e300/runs/baseline_trainMIX12_EQ_C1200_k3_T1000_F3_seed123/20260502_155541_794309/cross_regime_results.json,2026-05-02T16:02:30.664677,baseline,DQN baseline,base,original,1200.0,3.0,3.0,1000.0,MIX12_EQ,123.0,12.0,True,raw-like json_run; scenario=baseline_trainMIX12_EQ_C1200_k3_T1000_F3_seed123
json_run,src/idea3/results/old_fair_benchmark_results/runs/baseline_trainMIX12_EQ_C1200_k3_T1000_F3_seed123/20260504_015024_611040/cross_regime_results.json,2026-05-04T02:19:17.007246,baseline,DQN baseline,base,original,1200.0,3.0,3.0,1000.0,MIX12_EQ,123.0,12.0,True,raw-like json_run; scenario=baseline_trainMIX12_EQ_C1200_k3_T1000_F3_seed123
json_run,src/ideaextra/results/trainLNB_crossUS_TLS_LNS_TLNS_TPLS_PLS_UB_TLB_LNB_TLNB_TPLB_PLB_C1200_k3_T1000_F3/20260430_145339/cross_regime_results.json,2026-04-30T15:20:29.617512,unknown,DQN baseline,base,original,1200.0,3.0,3.0,1000.0,LNB,123.0,12.0,True,raw-like json_run; scenario=trainLNB_crossUS_TLS_LNS_TLNS_TPLS_PLS_UB_TLB_LNB_TLNB_TPLB_PLB_C1200_k3_T1000_F3
json_run,src/ideaextra/results/trainLNS_crossUS_TLS_LNS_TLNS_TPLS_PLS_UB_TLB_LNB_TLNB_TPLB_PLB_C1200_k3_T1000_F3/20260430_133339/cross_regime_results.json,2026-04-30T13:52:54.890300,unknown,DQN baseline,base,original,1200.0,3.0,3.0,1000.0,LNS,123.0,12.0,True,raw-like json_run; scenario=trainLNS_crossUS_TLS_LNS_TLNS_TPLS_PLS_UB_TLB_LNB_TLNB_TPLB_PLB_C1200_k3_T1000_F3
json_run,src/ideaextra/results/trainMIX12_EQ_crossUS_TLS_LNS_TLNS_TPLS_PLS_UB_TLB_LNB_TLNB_TPLB_PLB_C1200_k3_T1000_F3/20260430_103242/cross_regime_results.json,2026-04-30T10:48:57.088980,unknown,DQN baseline,base,original,1200.0,3.0,3.0,1000.0,MIX12_EQ,123.0,12.0,True,raw-like json_run; scenario=trainMIX12_EQ_crossUS_TLS_LNS_TLNS_TPLS_PLS_UB_TLB_LNB_TLNB_TPLB_PLB_C1200_k3_T1000_F3
json_run,src/ideaextra/results/trainPLB_crossUS_TLS_LNS_TLNS_TPLS_PLS_UB_TLB_LNB_TLNB_TPLB_PLB_C1200_k3_T1000_F3/20260430_114500/cross_regime_results.json,2026-04-30T12:42:51.752215,unknown,DQN baseline,base,original,1200.0,3.0,3.0,1000.0,PLB,123.0,12.0,True,raw-like json_run; scenario=trainPLB_crossUS_TLS_LNS_TLNS_TPLS_PLS_UB_TLB_LNB_TLNB_TPLB_PLB_C1200_k3_T1000_F3
json_run,src/ideaextra/results/trainPLS_crossUS_TLS_LNS_TLNS_TPLS_PLS_UB_TLB_LNB_TLNB_TPLB_PLB_C1200_k3_T1000_F3/20260430_104901/cross_regime_results.json,2026-04-30T11:05:30.005903,unknown,DQN baseline,base,original,1200.0,3.0,3.0,1000.0,PLS,123.0,12.0,True,raw-like json_run; scenario=trainPLS_crossUS_TLS_LNS_TLNS_TPLS_PLS_UB_TLB_LNB_TLNB_TPLB_PLB_C1200_k3_T1000_F3
json_run,src/ideaextra/results/trainTLB_crossUS_TLS_LNS_TLNS_TPLS_PLS_UB_TLB_LNB_TLNB_TPLB_PLB_C1200_k3_T1000_F3/20260430_143707/cross_regime_results.json,2026-04-30T14:53:35.422031,unknown,DQN baseline,base,original,1200.0,3.0,3.0,1000.0,TLB,123.0,12.0,True,raw-like json_run; scenario=trainTLB_crossUS_TLS_LNS_TLNS_TPLS_PLS_UB_TLB_LNB_TLNB_TPLB_PLB_C1200_k3_T1000_F3
json_run,src/ideaextra/results/trainTLNB_crossUS_TLS_LNS_TLNS_TPLS_PLS_UB_TLB_LNB_TLNB_TPLB_PLB_C1200_k3_T1000_F3/20260430_152033/cross_regime_results.json,2026-04-30T15:36:44.100836,unknown,DQN baseline,base,original,1200.0,3.0,3.0,1000.0,TLNB,123.0,12.0,True,raw-like json_run; scenario=trainTLNB_crossUS_TLS_LNS_TLNS_TPLS_PLS_UB_TLB_LNB_TLNB_TPLB_PLB_C1200_k3_T1000_F3
json_run,src/ideaextra/results/trainTLNS_crossUS_TLS_LNS_TLNS_TPLS_PLS_UB_TLB_LNB_TLNB_TPLB_PLB_C1200_k3_T1000_F3/20260430_135259/cross_regime_results.json,2026-04-30T14:09:24.544096,unknown,DQN baseline,base,original,1200.0,3.0,3.0,1000.0,TLNS,123.0,12.0,True,raw-like json_run; scenario=trainTLNS_crossUS_TLS_LNS_TLNS_TPLS_PLS_UB_TLB_LNB_TLNB_TPLB_PLB_C1200_k3_T1000_F3
json_run,src/ideaextra/results/trainTLS_crossUS_TLS_LNS_TLNS_TPLS_PLS_UB_TLB_LNB_TLNB_TPLB_PLB_C1200_k3_T1000_F3/20260430_131705/cross_regime_results.json,2026-04-30T13:33:35.168600,unknown,DQN baseline,base,original,1200.0,3.0,3.0,1000.0,TLS,123.0,12.0,True,raw-like json_run; scenario=trainTLS_crossUS_TLS_LNS_TLNS_TPLS_PLS_UB_TLB_LNB_TLNB_TPLB_PLB_C1200_k3_T1000_F3
json_run,src/ideaextra/results/trainTPLB_crossUS_TLS_LNS_TLNS_TPLS_PLS_UB_TLB_LNB_TLNB_TPLB_PLB_C1200_k3_T1000_F3/20260430_153648/cross_regime_results.json,2026-04-30T16:23:28.072637,unknown,DQN baseline,base,original,1200.0,3.0,3.0,1000.0,TPLB,123.0,12.0,True,raw-like json_run; scenario=trainTPLB_crossUS_TLS_LNS_TLNS_TPLS_PLS_UB_TLB_LNB_TLNB_TPLB_PLB_C1200_k3_T1000_F3
json_run,src/ideaextra/results/trainTPLS_crossUS_TLS_LNS_TLNS_TPLS_PLS_UB_TLB_LNB_TLNB_TPLB_PLB_C1200_k3_T1000_F3/20260430_110534/cross_regime_results.json,2026-04-30T11:44:56.536399,unknown,DQN baseline,base,original,1200.0,3.0,3.0,1000.0,TPLS,123.0,12.0,True,raw-like json_run; scenario=trainTPLS_crossUS_TLS_LNS_TLNS_TPLS_PLS_UB_TLB_LNB_TLNB_TPLB_PLB_C1200_k3_T1000_F3
json_run,src/ideaextra/results/trainUB_crossUS_TLS_LNS_TLNS_TPLS_PLS_UB_TLB_LNB_TLNB_TPLB_PLB_C1200_k3_T1000_F3/20260430_140928/cross_regime_results.json,2026-04-30T14:37:03.263473,unknown,DQN baseline,base,original,1200.0,3.0,3.0,1000.0,UB,123.0,12.0,True,raw-like json_run; scenario=trainUB_crossUS_TLS_LNS_TLNS_TPLS_PLS_UB_TLB_LNB_TLNB_TPLB_PLB_C1200_k3_T1000_F3
json_run,src/ideaextra/results/trainUS_crossUS_TLS_LNS_TLNS_TPLS_PLS_UB_TLB_LNB_TLNB_TPLB_PLB_C1200_k3_T1000_F3/20260430_130002/cross_regime_results.json,2026-04-30T13:17:01.559973,unknown,DQN baseline,base,original,1200.0,3.0,3.0,1000.0,US,123.0,12.0,True,raw-like json_run; scenario=trainUS_crossUS_TLS_LNS_TLNS_TPLS_PLS_UB_TLB_LNB_TLNB_TPLB_PLB_C1200_k3_T1000_F3
json_run,src/ideaextra/results/trainLNB_crossUS_TLS_LNS_TLNS_TPLS_PLS_UB_TLB_LNB_TLNB_TPLB_PLB_C1200_k3_T1000_F3/20260430_225818/cross_regime_results.json,2026-04-30T23:18:06.478619,unknown,DQN baseline,base,original,1200.0,3.0,3.0,1000.0,LNB,323.0,12.0,True,raw-like json_run; scenario=trainLNB_crossUS_TLS_LNS_TLNS_TPLS_PLS_UB_TLB_LNB_TLNB_TPLB_PLB_C1200_k3_T1000_F3
json_run,src/ideaextra/results/trainLNS_crossUS_TLS_LNS_TLNS_TPLS_PLS_UB_TLB_LNB_TLNB_TPLB_PLB_C1200_k3_T1000_F3/20260430_202933/cross_regime_results.json,2026-04-30T21:18:02.364100,unknown,DQN baseline,base,original,1200.0,3.0,3.0,1000.0,LNS,323.0,12.0,True,raw-like json_run; scenario=trainLNS_crossUS_TLS_LNS_TLNS_TPLS_PLS_UB_TLB_LNB_TLNB_TPLB_PLB_C1200_k3_T1000_F3
json_run,src/ideaextra/results/trainMIX12_EQ_crossUS_TLS_LNS_TLNS_TPLS_PLS_UB_TLB_LNB_TLNB_TPLB_PLB_C1200_k3_T1000_F3/20260430_194033/cross_regime_results.json,2026-04-30T19:56:55.638019,unknown,DQN baseline,base,original,1200.0,3.0,3.0,1000.0,MIX12_EQ,323.0,12.0,True,raw-like json_run; scenario=trainMIX12_EQ_crossUS_TLS_LNS_TLNS_TPLS_PLS_UB_TLB_LNB_TLNB_TPLB_PLB_C1200_k3_T1000_F3
json_run,src/ideaextra/results/trainPLB_crossUS_TLS_LNS_TLNS_TPLS_PLS_UB_TLB_LNB_TLNB_TPLB_PLB_C1200_k3_T1000_F3/20260430_235827/cross_regime_results.json,2026-05-01T00:17:55.095564,unknown,DQN baseline,base,original,1200.0,3.0,3.0,1000.0,PLB,323.0,12.0,True,raw-like json_run; scenario=trainPLB_crossUS_TLS_LNS_TLNS_TPLS_PLS_UB_TLB_LNB_TLNB_TPLB_PLB_C1200_k3_T1000_F3
json_run,src/ideaextra/results/trainPLS_crossUS_TLS_LNS_TLNS_TPLS_PLS_UB_TLB_LNB_TLNB_TPLB_PLB_C1200_k3_T1000_F3/20260430_215741/cross_regime_results.json,2026-04-30T22:17:26.657848,unknown,DQN baseline,base,original,1200.0,3.0,3.0,1000.0,PLS,323.0,12.0,True,raw-like json_run; scenario=trainPLS_crossUS_TLS_LNS_TLNS_TPLS_PLS_UB_TLB_LNB_TLNB_TPLB_PLB_C1200_k3_T1000_F3
json_run,src/ideaextra/results/trainTLB_crossUS_TLS_LNS_TLNS_TPLS_PLS_UB_TLB_LNB_TLNB_TPLB_PLB_C1200_k3_T1000_F3/20260430_223650/cross_regime_results.json,2026-04-30T22:58:14.778201,unknown,DQN baseline,base,original,1200.0,3.0,3.0,1000.0,TLB,323.0,12.0,True,raw-like json_run; scenario=trainTLB_crossUS_TLS_LNS_TLNS_TPLS_PLS_UB_TLB_LNB_TLNB_TPLB_PLB_C1200_k3_T1000_F3
json_run,src/ideaextra/results/trainTLNB_crossUS_TLS_LNS_TLNS_TPLS_PLS_UB_TLB_LNB_TLNB_TPLB_PLB_C1200_k3_T1000_F3/20260430_231810/cross_regime_results.json,2026-04-30T23:37:41.537997,unknown,DQN baseline,base,original,1200.0,3.0,3.0,1000.0,TLNB,323.0,12.0,True,raw-like json_run; scenario=trainTLNB_crossUS_TLS_LNS_TLNS_TPLS_PLS_UB_TLB_LNB_TLNB_TPLB_PLB_C1200_k3_T1000_F3
json_run,src/ideaextra/results/trainTLNS_crossUS_TLS_LNS_TLNS_TPLS_PLS_UB_TLB_LNB_TLNB_TPLB_PLB_C1200_k3_T1000_F3/20260430_211806/cross_regime_results.json,2026-04-30T21:34:42.410029,unknown,DQN baseline,base,original,1200.0,3.0,3.0,1000.0,TLNS,323.0,12.0,True,raw-like json_run; scenario=trainTLNS_crossUS_TLS_LNS_TLNS_TPLS_PLS_UB_TLB_LNB_TLNB_TPLB_PLB_C1200_k3_T1000_F3
json_run,src/ideaextra/results/trainTLS_crossUS_TLS_LNS_TLNS_TPLS_PLS_UB_TLB_LNB_TLNB_TPLB_PLB_C1200_k3_T1000_F3/20260430_201329/cross_regime_results.json,2026-04-30T20:29:29.641865,unknown,DQN baseline,base,original,1200.0,3.0,3.0,1000.0,TLS,323.0,12.0,True,raw-like json_run; scenario=trainTLS_crossUS_TLS_LNS_TLNS_TPLS_PLS_UB_TLB_LNB_TLNB_TPLB_PLB_C1200_k3_T1000_F3
json_run,src/ideaextra/results/trainTPLB_crossUS_TLS_LNS_TLNS_TPLS_PLS_UB_TLB_LNB_TLNB_TPLB_PLB_C1200_k3_T1000_F3/20260430_233745/cross_regime_results.json,2026-04-30T23:58:22.519853,unknown,DQN baseline,base,original,1200.0,3.0,3.0,1000.0,TPLB,323.0,12.0,True,raw-like json_run; scenario=trainTPLB_crossUS_TLS_LNS_TLNS_TPLS_PLS_UB_TLB_LNB_TLNB_TPLB_PLB_C1200_k3_T1000_F3
json_run,src/ideaextra/results/trainTPLS_crossUS_TLS_LNS_TLNS_TPLS_PLS_UB_TLB_LNB_TLNB_TPLB_PLB_C1200_k3_T1000_F3/20260430_213446/cross_regime_results.json,2026-04-30T21:57:37.236134,unknown,DQN baseline,base,original,1200.0,3.0,3.0,1000.0,TPLS,323.0,12.0,True,raw-like json_run; scenario=trainTPLS_crossUS_TLS_LNS_TLNS_TPLS_PLS_UB_TLB_LNB_TLNB_TPLB_PLB_C1200_k3_T1000_F3
json_run,src/ideaextra/results/trainUB_crossUS_TLS_LNS_TLNS_TPLS_PLS_UB_TLB_LNB_TLNB_TPLB_PLB_C1200_k3_T1000_F3/20260430_221730/cross_regime_results.json,2026-04-30T22:36:45.909988,unknown,DQN baseline,base,original,1200.0,3.0,3.0,1000.0,UB,323.0,12.0,True,raw-like json_run; scenario=trainUB_crossUS_TLS_LNS_TLNS_TPLS_PLS_UB_TLB_LNB_TLNB_TPLB_PLB_C1200_k3_T1000_F3
json_run,src/ideaextra/results/trainUS_crossUS_TLS_LNS_TLNS_TPLS_PLS_UB_TLB_LNB_TLNB_TPLB_PLB_C1200_k3_T1000_F3/20260430_195659/cross_regime_results.json,2026-04-30T20:13:25.588764,unknown,DQN baseline,base,original,1200.0,3.0,3.0,1000.0,US,323.0,12.0,True,raw-like json_run; scenario=trainUS_crossUS_TLS_LNS_TLNS_TPLS_PLS_UB_TLB_LNB_TLNB_TPLB_PLB_C1200_k3_T1000_F3
json_run,src/ideaextra/results/trainMIX12_EQ_crossUS_TLS_LNS_TLNS_TPLS_PLS_UB_TLB_LNB_TLNB_TPLB_PLB_C1200_k6_T1000_F3/20260507_205843/cross_regime_results.json,2026-05-07T21:27:19.766044,unknown,DQN baseline,base,original,1200.0,6.0,3.0,1000.0,MIX12_EQ,123.0,12.0,True,raw-like json_run; scenario=trainMIX12_EQ_crossUS_TLS_LNS_TLNS_TPLS_PLS_UB_TLB_LNB_TLNB_TPLB_PLB_C1200_k6_T1000_F3
json_run,src/ideaextra/results/trainMIX12_EQ_crossUS_TLS_LNS_TLNS_TPLS_PLS_UB_TLB_LNB_TLNB_TPLB_PLB_C1200_k6_T1000_F3/20260507_212725/cross_regime_results.json,2026-05-07T21:53:07.322867,unknown,DQN baseline,base,original,1200.0,6.0,3.0,1000.0,MIX12_EQ,323.0,12.0,True,raw-like json_run; scenario=trainMIX12_EQ_crossUS_TLS_LNS_TLNS_TPLS_PLS_UB_TLB_LNB_TLNB_TPLB_PLB_C1200_k6_T1000_F3
json_run,src/ideaextra/results/dqn_baseline/runs/baseline_trainMIX12_EQ_crossUS_TLS_LNS_TLNS_TPLS_PLS_UB_TLB_LNB_TLNB_TPLB_PLB_C1200_k12_T1000_F3_seed123_rewardMONEY_p1_tau10/20260508_153254_008086/cross_regime_results.json,2026-05-08T15:36:38.906797,baseline,DQN baseline,base,money,1200.0,12.0,3.0,1000.0,MIX12_EQ,123.0,12.0,True,raw-like json_run; scenario=baseline_trainMIX12_EQ_crossUS_TLS_LNS_TLNS_TPLS_PLS_UB_TLB_LNB_TLNB_TPLB_PLB_C1200_k12_T1000_F3_seed123_rewardMONEY_p1_tau10; money reward detected
json_run,src/ideaextra/results/trainMIX12_EQ_crossUS_TLS_LNS_TLNS_TPLS_PLS_UB_TLB_LNB_TLNB_TPLB_PLB_C1200_k12_T1000_F3/20260506_121117/cross_regime_results.json,2026-05-06T14:18:44.528017,unknown,DQN baseline,base,original,1200.0,12.0,3.0,1000.0,MIX12_EQ,123.0,12.0,True,raw-like json_run; scenario=trainMIX12_EQ_crossUS_TLS_LNS_TLNS_TPLS_PLS_UB_TLB_LNB_TLNB_TPLB_PLB_C1200_k12_T1000_F3
json_run,src/ideaextra/results/trainMIX12_EQ_crossUS_TLS_LNS_TLNS_TPLS_PLS_UB_TLB_LNB_TLNB_TPLB_PLB_C1200_k12_T1000_F3/20260506_141848/cross_regime_results.json,2026-05-06T14:44:41.447250,unknown,DQN baseline,base,original,1200.0,12.0,3.0,1000.0,MIX12_EQ,323.0,12.0,True,raw-like json_run; scenario=trainMIX12_EQ_crossUS_TLS_LNS_TLNS_TPLS_PLS_UB_TLB_LNB_TLNB_TPLB_PLB_C1200_k12_T1000_F3
json_run,src/idea4/ac/results/stress_tests/dqn_baseline/runs/baseline_trainMIX12_EQ_C1200_k24_T1000_F3_seed123/20260507_224554_214156/cross_regime_results.json,2026-05-07T23:28:02.155751,baseline,DQN baseline,base,original,1200.0,24.0,3.0,1000.0,MIX12_EQ,123.0,12.0,True,raw-like json_run; scenario=baseline_trainMIX12_EQ_C1200_k24_T1000_F3_seed123
json_run,src/idea4/ac/results/stress_tests/dqn_baseline/runs/baseline_trainMIX12_EQ_C1200_k24_T1000_F3_seed323/20260507_235740_553961/cross_regime_results.json,2026-05-08T00:38:40.585597,baseline,DQN baseline,base,original,1200.0,24.0,3.0,1000.0,MIX12_EQ,323.0,12.0,True,raw-like json_run; scenario=baseline_trainMIX12_EQ_C1200_k24_T1000_F3_seed323
json_run,src/ideaextra/results/trainMIX12_EQ_crossUS_TLS_LNS_TLNS_TPLS_PLS_UB_TLB_LNB_TLNB_TPLB_PLB_C1500_k3_T1000_F1/20260421_212756/cross_regime_results.json,2026-04-21T21:36:19.953774,unknown,DQN baseline,base,original,1500.0,3.0,1.0,1000.0,MIX12_EQ,123.0,12.0,True,raw-like json_run; scenario=trainMIX12_EQ_crossUS_TLS_LNS_TLNS_TPLS_PLS_UB_TLB_LNB_TLNB_TPLB_PLB_C1500_k3_T1000_F1
json_run,src/ideaextra/results/trainPLB_crossUS_TLS_LNS_TLNS_TPLS_PLS_UB_TLB_LNB_TLNB_TPLB_PLB_C1500_k3_T1000_F1/20260421_211657/cross_regime_results.json,2026-04-21T21:26:37.860824,unknown,DQN baseline,base,original,1500.0,3.0,1.0,1000.0,PLB,123.0,12.0,True,raw-like json_run; scenario=trainPLB_crossUS_TLS_LNS_TLNS_TPLS_PLS_UB_TLB_LNB_TLNB_TPLB_PLB_C1500_k3_T1000_F1
json_run,src/ideaextra/results/trainLNB_crossUS_TLS_LNS_TLNS_TPLS_PLS_UB_TLB_LNB_TLNB_TPLB_PLB_C1500_k3_T1000_F3/20260422_161957/cross_regime_results.json,2026-04-22T16:37:13.911265,unknown,DQN baseline,base,original,1500.0,3.0,3.0,1000.0,LNB,123.0,12.0,True,raw-like json_run; scenario=trainLNB_crossUS_TLS_LNS_TLNS_TPLS_PLS_UB_TLB_LNB_TLNB_TPLB_PLB_C1500_k3_T1000_F3
json_run,src/ideaextra/results/trainLNS_crossUS_TLS_LNS_TLNS_TPLS_PLS_UB_TLB_LNB_TLNB_TPLB_PLB_C1500_k3_T1000_F3/20260422_124036/cross_regime_results.json,2026-04-22T12:56:59.281294,unknown,DQN baseline,base,original,1500.0,3.0,3.0,1000.0,LNS,123.0,12.0,True,raw-like json_run; scenario=trainLNS_crossUS_TLS_LNS_TLNS_TPLS_PLS_UB_TLB_LNB_TLNB_TPLB_PLB_C1500_k3_T1000_F3
json_run,src/ideaextra/results/trainMIX12_EQ_crossUS_TLS_LNS_TLNS_TPLS_PLS_UB_TLB_LNB_TLNB_TPLB_PLB_C1500_k3_T1000_F3/20260421_213910/cross_regime_results.json,2026-04-21T21:47:36.370095,unknown,DQN baseline,base,original,1500.0,3.0,3.0,1000.0,MIX12_EQ,123.0,12.0,True,raw-like json_run; scenario=trainMIX12_EQ_crossUS_TLS_LNS_TLNS_TPLS_PLS_UB_TLB_LNB_TLNB_TPLB_PLB_C1500_k3_T1000_F3
json_run,src/ideaextra/results/trainMIX12_EQ_crossUS_TLS_LNS_TLNS_TPLS_PLS_UB_TLB_LNB_TLNB_TPLB_PLB_C1500_k3_T1000_F3/20260422_121534/cross_regime_results.json,2026-04-22T12:34:02.817184,unknown,DQN baseline,base,original,1500.0,3.0,3.0,1000.0,MIX12_EQ,123.0,12.0,True,raw-like json_run; scenario=trainMIX12_EQ_crossUS_TLS_LNS_TLNS_TPLS_PLS_UB_TLB_LNB_TLNB_TPLB_PLB_C1500_k3_T1000_F3
json_run,src/ideaextra/results/trainPLB_crossUS_TLS_LNS_TLNS_TPLS_PLS_UB_TLB_LNB_TLNB_TPLB_PLB_C1500_k3_T1000_F3/20260421_214838/cross_regime_results.json,2026-04-21T21:58:45.650417,unknown,DQN baseline,base,original,1500.0,3.0,3.0,1000.0,PLB,123.0,12.0,True,raw-like json_run; scenario=trainPLB_crossUS_TLS_LNS_TLNS_TPLS_PLS_UB_TLB_LNB_TLNB_TPLB_PLB_C1500_k3_T1000_F3
json_run,src/ideaextra/results/trainPLB_crossUS_TLS_LNS_TLNS_TPLS_PLS_UB_TLB_LNB_TLNB_TPLB_PLB_C1500_k3_T1000_F3/20260422_112439/cross_regime_results.json,2026-04-22T11:41:50.141980,unknown,DQN baseline,base,original,1500.0,3.0,3.0,1000.0,PLB,123.0,12.0,True,raw-like json_run; scenario=trainPLB_crossUS_TLS_LNS_TLNS_TPLS_PLS_UB_TLB_LNB_TLNB_TPLB_PLB_C1500_k3_T1000_F3
json_run,src/ideaextra/results/trainPLS_crossUS_TLS_LNS_TLNS_TPLS_PLS_UB_TLB_LNB_TLNB_TPLB_PLB_C1500_k3_T1000_F3/20260422_154513/cross_regime_results.json,2026-04-22T16:02:55.418504,unknown,DQN baseline,base,original,1500.0,3.0,3.0,1000.0,PLS,123.0,12.0,True,raw-like json_run; scenario=trainPLS_crossUS_TLS_LNS_TLNS_TPLS_PLS_UB_TLB_LNB_TLNB_TPLB_PLB_C1500_k3_T1000_F3
json_run,src/ideaextra/results/trainTLB_crossUS_TLS_LNS_TLNS_TPLS_PLS_UB_TLB_LNB_TLNB_TPLB_PLB_C1500_k3_T1000_F3/20260422_160259/cross_regime_results.json,2026-04-22T16:19:53.453567,unknown,DQN baseline,base,original,1500.0,3.0,3.0,1000.0,TLB,123.0,12.0,True,raw-like json_run; scenario=trainTLB_crossUS_TLS_LNS_TLNS_TPLS_PLS_UB_TLB_LNB_TLNB_TPLB_PLB_C1500_k3_T1000_F3
json_run,src/ideaextra/results/trainTLNB_crossUS_TLS_LNS_TLNS_TPLS_PLS_UB_TLB_LNB_TLNB_TPLB_PLB_C1500_k3_T1000_F3/20260422_163718/cross_regime_results.json,2026-04-22T16:54:01.794838,unknown,DQN baseline,base,original,1500.0,3.0,3.0,1000.0,TLNB,123.0,12.0,True,raw-like json_run; scenario=trainTLNB_crossUS_TLS_LNS_TLNS_TPLS_PLS_UB_TLB_LNB_TLNB_TPLB_PLB_C1500_k3_T1000_F3
json_run,src/ideaextra/results/trainTLNS_crossUS_TLS_LNS_TLNS_TPLS_PLS_UB_TLB_LNB_TLNB_TPLB_PLB_C1500_k3_T1000_F3/20260422_150308/cross_regime_results.json,2026-04-22T15:24:31.191030,unknown,DQN baseline,base,original,1500.0,3.0,3.0,1000.0,TLNS,123.0,12.0,True,raw-like json_run; scenario=trainTLNS_crossUS_TLS_LNS_TLNS_TPLS_PLS_UB_TLB_LNB_TLNB_TPLB_PLB_C1500_k3_T1000_F3
json_run,src/ideaextra/results/trainTLS_crossUS_TLS_LNS_TLNS_TPLS_PLS_UB_TLB_LNB_TLNB_TPLB_PLB_C1500_k3_T1000_F3/20260422_144451/cross_regime_results.json,2026-04-22T15:03:04.501334,unknown,DQN baseline,base,original,1500.0,3.0,3.0,1000.0,TLS,123.0,12.0,True,raw-like json_run; scenario=trainTLS_crossUS_TLS_LNS_TLNS_TPLS_PLS_UB_TLB_LNB_TLNB_TPLB_PLB_C1500_k3_T1000_F3
json_run,src/ideaextra/results/trainTPLB_crossUS_TLS_LNS_TLNS_TPLS_PLS_UB_TLB_LNB_TLNB_TPLB_PLB_C1500_k3_T1000_F3/20260422_165405/cross_regime_results.json,2026-04-22T17:37:06.942903,unknown,DQN baseline,base,original,1500.0,3.0,3.0,1000.0,TPLB,123.0,12.0,True,raw-like json_run; scenario=trainTPLB_crossUS_TLS_LNS_TLNS_TPLS_PLS_UB_TLB_LNB_TLNB_TPLB_PLB_C1500_k3_T1000_F3
json_run,src/ideaextra/results/trainTPLS_crossUS_TLS_LNS_TLNS_TPLS_PLS_UB_TLB_LNB_TLNB_TPLB_PLB_C1500_k3_T1000_F3/20260422_152435/cross_regime_results.json,2026-04-22T15:45:09.336981,unknown,DQN baseline,base,original,1500.0,3.0,3.0,1000.0,TPLS,123.0,12.0,True,raw-like json_run; scenario=trainTPLS_crossUS_TLS_LNS_TLNS_TPLS_PLS_UB_TLB_LNB_TLNB_TPLB_PLB_C1500_k3_T1000_F3
json_run,src/ideaextra/results/trainUB_crossUS_TLS_LNS_TLNS_TPLS_PLS_UB_TLB_LNB_TLNB_TPLB_PLB_C1500_k3_T1000_F3/20260422_134902/cross_regime_results.json,2026-04-22T14:05:58.306168,unknown,DQN baseline,base,original,1500.0,3.0,3.0,1000.0,UB,123.0,12.0,True,raw-like json_run; scenario=trainUB_crossUS_TLS_LNS_TLNS_TPLS_PLS_UB_TLB_LNB_TLNB_TPLB_PLB_C1500_k3_T1000_F3
json_run,src/ideaextra/results/trainUS_crossUS_TLS_LNS_TLNS_TPLS_PLS_UB_TLB_LNB_TLNB_TPLB_PLB_C1500_k3_T1000_F3/20260422_115035/cross_regime_results.json,2026-04-22T12:10:03.736360,unknown,DQN baseline,base,original,1500.0,3.0,3.0,1000.0,US,123.0,12.0,True,raw-like json_run; scenario=trainUS_crossUS_TLS_LNS_TLNS_TPLS_PLS_UB_TLB_LNB_TLNB_TPLB_PLB_C1500_k3_T1000_F3
json_run,src/ideaextra/results/trainLNB_crossUS_TLS_LNS_TLNS_TPLS_PLS_UB_TLB_LNB_TLNB_TPLB_PLB_C1500_k3_T1000_F3/20260423_085541/cross_regime_results.json,2026-04-23T09:15:15.755649,unknown,DQN baseline,base,original,1500.0,3.0,3.0,1000.0,LNB,323.0,12.0,True,raw-like json_run; scenario=trainLNB_crossUS_TLS_LNS_TLNS_TPLS_PLS_UB_TLB_LNB_TLNB_TPLB_PLB_C1500_k3_T1000_F3
json_run,src/ideaextra/results/trainLNS_crossUS_TLS_LNS_TLNS_TPLS_PLS_UB_TLB_LNB_TLNB_TPLB_PLB_C1500_k3_T1000_F3/20260423_015249/cross_regime_results.json,2026-04-23T07:31:12.850390,unknown,DQN baseline,base,original,1500.0,3.0,3.0,1000.0,LNS,323.0,12.0,True,raw-like json_run; scenario=trainLNS_crossUS_TLS_LNS_TLNS_TPLS_PLS_UB_TLB_LNB_TLNB_TPLB_PLB_C1500_k3_T1000_F3
json_run,src/ideaextra/results/trainMIX12_EQ_crossUS_TLS_LNS_TLNS_TPLS_PLS_UB_TLB_LNB_TLNB_TPLB_PLB_C1500_k3_T1000_F3/20260423_100901/cross_regime_results.json,2026-04-23T10:25:13.016676,unknown,DQN baseline,base,original,1500.0,3.0,3.0,1000.0,MIX12_EQ,323.0,12.0,True,raw-like json_run; scenario=trainMIX12_EQ_crossUS_TLS_LNS_TLNS_TPLS_PLS_UB_TLB_LNB_TLNB_TPLB_PLB_C1500_k3_T1000_F3
json_run,src/ideaextra/results/trainPLB_crossUS_TLS_LNS_TLNS_TPLS_PLS_UB_TLB_LNB_TLNB_TPLB_PLB_C1500_k3_T1000_F3/20260423_095247/cross_regime_results.json,2026-04-23T10:08:57.427473,unknown,DQN baseline,base,original,1500.0,3.0,3.0,1000.0,PLB,323.0,12.0,True,raw-like json_run; scenario=trainPLB_crossUS_TLS_LNS_TLNS_TPLS_PLS_UB_TLB_LNB_TLNB_TPLB_PLB_C1500_k3_T1000_F3
json_run,src/ideaextra/results/trainPLS_crossUS_TLS_LNS_TLNS_TPLS_PLS_UB_TLB_LNB_TLNB_TPLB_PLB_C1500_k3_T1000_F3/20260423_080621/cross_regime_results.json,2026-04-23T08:22:26.208396,unknown,DQN baseline,base,original,1500.0,3.0,3.0,1000.0,PLS,323.0,12.0,True,raw-like json_run; scenario=trainPLS_crossUS_TLS_LNS_TLNS_TPLS_PLS_UB_TLB_LNB_TLNB_TPLB_PLB_C1500_k3_T1000_F3
json_run,src/ideaextra/results/trainTLB_crossUS_TLS_LNS_TLNS_TPLS_PLS_UB_TLB_LNB_TLNB_TPLB_PLB_C1500_k3_T1000_F3/20260423_083854/cross_regime_results.json,2026-04-23T08:55:37.241679,unknown,DQN baseline,base,original,1500.0,3.0,3.0,1000.0,TLB,323.0,12.0,True,raw-like json_run; scenario=trainTLB_crossUS_TLS_LNS_TLNS_TPLS_PLS_UB_TLB_LNB_TLNB_TPLB_PLB_C1500_k3_T1000_F3
json_run,src/ideaextra/results/trainTLNB_crossUS_TLS_LNS_TLNS_TPLS_PLS_UB_TLB_LNB_TLNB_TPLB_PLB_C1500_k3_T1000_F3/20260423_091520/cross_regime_results.json,2026-04-23T09:32:29.282232,unknown,DQN baseline,base,original,1500.0,3.0,3.0,1000.0,TLNB,323.0,12.0,True,raw-like json_run; scenario=trainTLNB_crossUS_TLS_LNS_TLNS_TPLS_PLS_UB_TLB_LNB_TLNB_TPLB_PLB_C1500_k3_T1000_F3
json_run,src/ideaextra/results/trainTLNS_crossUS_TLS_LNS_TLNS_TPLS_PLS_UB_TLB_LNB_TLNB_TPLB_PLB_C1500_k3_T1000_F3/20260423_073117/cross_regime_results.json,2026-04-23T07:49:40.394468,unknown,DQN baseline,base,original,1500.0,3.0,3.0,1000.0,TLNS,323.0,12.0,True,raw-like json_run; scenario=trainTLNS_crossUS_TLS_LNS_TLNS_TPLS_PLS_UB_TLB_LNB_TLNB_TPLB_PLB_C1500_k3_T1000_F3
json_run,src/ideaextra/results/trainTLS_crossUS_TLS_LNS_TLNS_TPLS_PLS_UB_TLB_LNB_TLNB_TPLB_PLB_C1500_k3_T1000_F3/20260422_221231/cross_regime_results.json,2026-04-23T01:52:44.882431,unknown,DQN baseline,base,original,1500.0,3.0,3.0,1000.0,TLS,323.0,12.0,True,raw-like json_run; scenario=trainTLS_crossUS_TLS_LNS_TLNS_TPLS_PLS_UB_TLB_LNB_TLNB_TPLB_PLB_C1500_k3_T1000_F3
json_run,src/ideaextra/results/trainTPLB_crossUS_TLS_LNS_TLNS_TPLS_PLS_UB_TLB_LNB_TLNB_TPLB_PLB_C1500_k3_T1000_F3/20260423_093233/cross_regime_results.json,2026-04-23T09:52:43.080399,unknown,DQN baseline,base,original,1500.0,3.0,3.0,1000.0,TPLB,323.0,12.0,True,raw-like json_run; scenario=trainTPLB_crossUS_TLS_LNS_TLNS_TPLS_PLS_UB_TLB_LNB_TLNB_TPLB_PLB_C1500_k3_T1000_F3
json_run,src/ideaextra/results/trainTPLS_crossUS_TLS_LNS_TLNS_TPLS_PLS_UB_TLB_LNB_TLNB_TPLB_PLB_C1500_k3_T1000_F3/20260423_074944/cross_regime_results.json,2026-04-23T08:06:17.042862,unknown,DQN baseline,base,original,1500.0,3.0,3.0,1000.0,TPLS,323.0,12.0,True,raw-like json_run; scenario=trainTPLS_crossUS_TLS_LNS_TLNS_TPLS_PLS_UB_TLB_LNB_TLNB_TPLB_PLB_C1500_k3_T1000_F3
json_run,src/ideaextra/results/trainUB_crossUS_TLS_LNS_TLNS_TPLS_PLS_UB_TLB_LNB_TLNB_TPLB_PLB_C1500_k3_T1000_F3/20260423_082230/cross_regime_results.json,2026-04-23T08:38:50.020090,unknown,DQN baseline,base,original,1500.0,3.0,3.0,1000.0,UB,323.0,12.0,True,raw-like json_run; scenario=trainUB_crossUS_TLS_LNS_TLNS_TPLS_PLS_UB_TLB_LNB_TLNB_TPLB_PLB_C1500_k3_T1000_F3
json_run,src/ideaextra/results/trainUS_crossUS_TLS_LNS_TLNS_TPLS_PLS_UB_TLB_LNB_TLNB_TPLB_PLB_C1500_k3_T1000_F3/20260422_215539/cross_regime_results.json,2026-04-22T22:12:26.156682,unknown,DQN baseline,base,original,1500.0,3.0,3.0,1000.0,US,323.0,12.0,True,raw-like json_run; scenario=trainUS_crossUS_TLS_LNS_TLNS_TPLS_PLS_UB_TLB_LNB_TLNB_TPLB_PLB_C1500_k3_T1000_F3
json_run,src/ideaextra/results_by_seed/seed_323/LNB/20260423_085541/cross_regime_results.json,2026-04-23T09:15:15.755649,unknown,DQN baseline,base,original,1500.0,3.0,3.0,1000.0,LNB,323.0,12.0,True,raw-like json_run; scenario=trainLNB_crossUS_TLS_LNS_TLNS_TPLS_PLS_UB_TLB_LNB_TLNB_TPLB_PLB_C1500_k3_T1000_F3
json_run,src/ideaextra/results_by_seed/seed_323/LNS/20260423_015249/cross_regime_results.json,2026-04-23T07:31:12.850390,unknown,DQN baseline,base,original,1500.0,3.0,3.0,1000.0,LNS,323.0,12.0,True,raw-like json_run; scenario=trainLNS_crossUS_TLS_LNS_TLNS_TPLS_PLS_UB_TLB_LNB_TLNB_TPLB_PLB_C1500_k3_T1000_F3
json_run,src/ideaextra/results_by_seed/seed_323/MIX12_EQ/20260423_100901/cross_regime_results.json,2026-04-23T10:25:13.016676,unknown,DQN baseline,base,original,1500.0,3.0,3.0,1000.0,MIX12_EQ,323.0,12.0,True,raw-like json_run; scenario=trainMIX12_EQ_crossUS_TLS_LNS_TLNS_TPLS_PLS_UB_TLB_LNB_TLNB_TPLB_PLB_C1500_k3_T1000_F3
json_run,src/ideaextra/results_by_seed/seed_323/PLB/20260423_095247/cross_regime_results.json,2026-04-23T10:08:57.427473,unknown,DQN baseline,base,original,1500.0,3.0,3.0,1000.0,PLB,323.0,12.0,True,raw-like json_run; scenario=trainPLB_crossUS_TLS_LNS_TLNS_TPLS_PLS_UB_TLB_LNB_TLNB_TPLB_PLB_C1500_k3_T1000_F3
json_run,src/ideaextra/results_by_seed/seed_323/PLS/20260423_080621/cross_regime_results.json,2026-04-23T08:22:26.208396,unknown,DQN baseline,base,original,1500.0,3.0,3.0,1000.0,PLS,323.0,12.0,True,raw-like json_run; scenario=trainPLS_crossUS_TLS_LNS_TLNS_TPLS_PLS_UB_TLB_LNB_TLNB_TPLB_PLB_C1500_k3_T1000_F3
json_run,src/ideaextra/results_by_seed/seed_323/TLB/20260423_083854/cross_regime_results.json,2026-04-23T08:55:37.241679,unknown,DQN baseline,base,original,1500.0,3.0,3.0,1000.0,TLB,323.0,12.0,True,raw-like json_run; scenario=trainTLB_crossUS_TLS_LNS_TLNS_TPLS_PLS_UB_TLB_LNB_TLNB_TPLB_PLB_C1500_k3_T1000_F3
json_run,src/ideaextra/results_by_seed/seed_323/TLNB/20260423_091520/cross_regime_results.json,2026-04-23T09:32:29.282232,unknown,DQN baseline,base,original,1500.0,3.0,3.0,1000.0,TLNB,323.0,12.0,True,raw-like json_run; scenario=trainTLNB_crossUS_TLS_LNS_TLNS_TPLS_PLS_UB_TLB_LNB_TLNB_TPLB_PLB_C1500_k3_T1000_F3
json_run,src/ideaextra/results_by_seed/seed_323/TLNS/20260423_073117/cross_regime_results.json,2026-04-23T07:49:40.394468,unknown,DQN baseline,base,original,1500.0,3.0,3.0,1000.0,TLNS,323.0,12.0,True,raw-like json_run; scenario=trainTLNS_crossUS_TLS_LNS_TLNS_TPLS_PLS_UB_TLB_LNB_TLNB_TPLB_PLB_C1500_k3_T1000_F3
json_run,src/ideaextra/results_by_seed/seed_323/TLS/20260422_221231/cross_regime_results.json,2026-04-23T01:52:44.882431,unknown,DQN baseline,base,original,1500.0,3.0,3.0,1000.0,TLS,323.0,12.0,True,raw-like json_run; scenario=trainTLS_crossUS_TLS_LNS_TLNS_TPLS_PLS_UB_TLB_LNB_TLNB_TPLB_PLB_C1500_k3_T1000_F3
json_run,src/ideaextra/results_by_seed/seed_323/TPLB/20260423_093233/cross_regime_results.json,2026-04-23T09:52:43.080399,unknown,DQN baseline,base,original,1500.0,3.0,3.0,1000.0,TPLB,323.0,12.0,True,raw-like json_run; scenario=trainTPLB_crossUS_TLS_LNS_TLNS_TPLS_PLS_UB_TLB_LNB_TLNB_TPLB_PLB_C1500_k3_T1000_F3
json_run,src/ideaextra/results_by_seed/seed_323/TPLS/20260423_074944/cross_regime_results.json,2026-04-23T08:06:17.042862,unknown,DQN baseline,base,original,1500.0,3.0,3.0,1000.0,TPLS,323.0,12.0,True,raw-like json_run; scenario=trainTPLS_crossUS_TLS_LNS_TLNS_TPLS_PLS_UB_TLB_LNB_TLNB_TPLB_PLB_C1500_k3_T1000_F3
json_run,src/ideaextra/results_by_seed/seed_323/UB/20260423_082230/cross_regime_results.json,2026-04-23T08:38:50.020090,unknown,DQN baseline,base,original,1500.0,3.0,3.0,1000.0,UB,323.0,12.0,True,raw-like json_run; scenario=trainUB_crossUS_TLS_LNS_TLNS_TPLS_PLS_UB_TLB_LNB_TLNB_TPLB_PLB_C1500_k3_T1000_F3
json_run,src/ideaextra/results_by_seed/seed_323/US/20260422_215539/cross_regime_results.json,2026-04-22T22:12:26.156682,unknown,DQN baseline,base,original,1500.0,3.0,3.0,1000.0,US,323.0,12.0,True,raw-like json_run; scenario=trainUS_crossUS_TLS_LNS_TLNS_TPLS_PLS_UB_TLB_LNB_TLNB_TPLB_PLB_C1500_k3_T1000_F3
json_run,src/ideaextra/results/trainLNB_crossUS_TLS_LNS_TLNS_TPLS_PLS_UB_TLB_LNB_TLNB_TPLB_PLB_C1500_k3_T1000_F3/20260423_123552/cross_regime_results.json,2026-04-23T13:04:05.719791,unknown,DQN baseline,base,original,1500.0,3.0,3.0,1000.0,LNB,532.0,12.0,True,raw-like json_run; scenario=trainLNB_crossUS_TLS_LNS_TLNS_TPLS_PLS_UB_TLB_LNB_TLNB_TPLB_PLB_C1500_k3_T1000_F3
json_run,src/ideaextra/results/trainLNS_crossUS_TLS_LNS_TLNS_TPLS_PLS_UB_TLB_LNB_TLNB_TPLB_PLB_C1500_k3_T1000_F3/20260423_105750/cross_regime_results.json,2026-04-23T11:14:03.478443,unknown,DQN baseline,base,original,1500.0,3.0,3.0,1000.0,LNS,532.0,12.0,True,raw-like json_run; scenario=trainLNS_crossUS_TLS_LNS_TLNS_TPLS_PLS_UB_TLB_LNB_TLNB_TPLB_PLB_C1500_k3_T1000_F3
json_run,src/ideaextra/results/trainMIX12_EQ_crossUS_TLS_LNS_TLNS_TPLS_PLS_UB_TLB_LNB_TLNB_TPLB_PLB_C1500_k3_T1000_F3/20260423_135606/cross_regime_results.json,2026-04-23T14:20:08.168585,unknown,DQN baseline,base,original,1500.0,3.0,3.0,1000.0,MIX12_EQ,532.0,12.0,True,raw-like json_run; scenario=trainMIX12_EQ_crossUS_TLS_LNS_TLNS_TPLS_PLS_UB_TLB_LNB_TLNB_TPLB_PLB_C1500_k3_T1000_F3
json_run,src/ideaextra/results/trainPLB_crossUS_TLS_LNS_TLNS_TPLS_PLS_UB_TLB_LNB_TLNB_TPLB_PLB_C1500_k3_T1000_F3/20260423_133949/cross_regime_results.json,2026-04-23T13:56:02.464154,unknown,DQN baseline,base,original,1500.0,3.0,3.0,1000.0,PLB,532.0,12.0,True,raw-like json_run; scenario=trainPLB_crossUS_TLS_LNS_TLNS_TPLS_PLS_UB_TLB_LNB_TLNB_TPLB_PLB_C1500_k3_T1000_F3
json_run,src/ideaextra/results/trainPLS_crossUS_TLS_LNS_TLNS_TPLS_PLS_UB_TLB_LNB_TLNB_TPLB_PLB_C1500_k3_T1000_F3/20260423_114640/cross_regime_results.json,2026-04-23T12:03:02.756881,unknown,DQN baseline,base,original,1500.0,3.0,3.0,1000.0,PLS,532.0,12.0,True,raw-like json_run; scenario=trainPLS_crossUS_TLS_LNS_TLNS_TPLS_PLS_UB_TLB_LNB_TLNB_TPLB_PLB_C1500_k3_T1000_F3
json_run,src/ideaextra/results/trainTLB_crossUS_TLS_LNS_TLNS_TPLS_PLS_UB_TLB_LNB_TLNB_TPLB_PLB_C1500_k3_T1000_F3/20260423_121920/cross_regime_results.json,2026-04-23T12:35:49.436168,unknown,DQN baseline,base,original,1500.0,3.0,3.0,1000.0,TLB,532.0,12.0,True,raw-like json_run; scenario=trainTLB_crossUS_TLS_LNS_TLNS_TPLS_PLS_UB_TLB_LNB_TLNB_TPLB_PLB_C1500_k3_T1000_F3
json_run,src/ideaextra/results/trainTLNB_crossUS_TLS_LNS_TLNS_TPLS_PLS_UB_TLB_LNB_TLNB_TPLB_PLB_C1500_k3_T1000_F3/20260423_130409/cross_regime_results.json,2026-04-23T13:22:44.106067,unknown,DQN baseline,base,original,1500.0,3.0,3.0,1000.0,TLNB,532.0,12.0,True,raw-like json_run; scenario=trainTLNB_crossUS_TLS_LNS_TLNS_TPLS_PLS_UB_TLB_LNB_TLNB_TPLB_PLB_C1500_k3_T1000_F3
json_run,src/ideaextra/results/trainTLNS_crossUS_TLS_LNS_TLNS_TPLS_PLS_UB_TLB_LNB_TLNB_TPLB_PLB_C1500_k3_T1000_F3/20260423_111407/cross_regime_results.json,2026-04-23T11:30:29.840396,unknown,DQN baseline,base,original,1500.0,3.0,3.0,1000.0,TLNS,532.0,12.0,True,raw-like json_run; scenario=trainTLNS_crossUS_TLS_LNS_TLNS_TPLS_PLS_UB_TLB_LNB_TLNB_TPLB_PLB_C1500_k3_T1000_F3
json_run,src/ideaextra/results/trainTLS_crossUS_TLS_LNS_TLNS_TPLS_PLS_UB_TLB_LNB_TLNB_TPLB_PLB_C1500_k3_T1000_F3/20260423_104129/cross_regime_results.json,2026-04-23T10:57:46.914288,unknown,DQN baseline,base,original,1500.0,3.0,3.0,1000.0,TLS,532.0,12.0,True,raw-like json_run; scenario=trainTLS_crossUS_TLS_LNS_TLNS_TPLS_PLS_UB_TLB_LNB_TLNB_TPLB_PLB_C1500_k3_T1000_F3
json_run,src/ideaextra/results/trainTPLB_crossUS_TLS_LNS_TLNS_TPLS_PLS_UB_TLB_LNB_TLNB_TPLB_PLB_C1500_k3_T1000_F3/20260423_132248/cross_regime_results.json,2026-04-23T13:39:45.941265,unknown,DQN baseline,base,original,1500.0,3.0,3.0,1000.0,TPLB,532.0,12.0,True,raw-like json_run; scenario=trainTPLB_crossUS_TLS_LNS_TLNS_TPLS_PLS_UB_TLB_LNB_TLNB_TPLB_PLB_C1500_k3_T1000_F3
json_run,src/ideaextra/results/trainTPLS_crossUS_TLS_LNS_TLNS_TPLS_PLS_UB_TLB_LNB_TLNB_TPLB_PLB_C1500_k3_T1000_F3/20260423_113033/cross_regime_results.json,2026-04-23T11:46:36.650068,unknown,DQN baseline,base,original,1500.0,3.0,3.0,1000.0,TPLS,532.0,12.0,True,raw-like json_run; scenario=trainTPLS_crossUS_TLS_LNS_TLNS_TPLS_PLS_UB_TLB_LNB_TLNB_TPLB_PLB_C1500_k3_T1000_F3
json_run,src/ideaextra/results/trainUB_crossUS_TLS_LNS_TLNS_TPLS_PLS_UB_TLB_LNB_TLNB_TPLB_PLB_C1500_k3_T1000_F3/20260423_120306/cross_regime_results.json,2026-04-23T12:19:17.371702,unknown,DQN baseline,base,original,1500.0,3.0,3.0,1000.0,UB,532.0,12.0,True,raw-like json_run; scenario=trainUB_crossUS_TLS_LNS_TLNS_TPLS_PLS_UB_TLB_LNB_TLNB_TPLB_PLB_C1500_k3_T1000_F3
json_run,src/ideaextra/results/trainUS_crossUS_TLS_LNS_TLNS_TPLS_PLS_UB_TLB_LNB_TLNB_TPLB_PLB_C1500_k3_T1000_F3/20260423_102516/cross_regime_results.json,2026-04-23T10:41:26.272376,unknown,DQN baseline,base,original,1500.0,3.0,3.0,1000.0,US,532.0,12.0,True,raw-like json_run; scenario=trainUS_crossUS_TLS_LNS_TLNS_TPLS_PLS_UB_TLB_LNB_TLNB_TPLB_PLB_C1500_k3_T1000_F3
json_run,src/ideaextra/results_by_seed/seed_532/LNB/20260423_123552/cross_regime_results.json,2026-04-23T13:04:05.719791,unknown,DQN baseline,base,original,1500.0,3.0,3.0,1000.0,LNB,532.0,12.0,True,raw-like json_run; scenario=trainLNB_crossUS_TLS_LNS_TLNS_TPLS_PLS_UB_TLB_LNB_TLNB_TPLB_PLB_C1500_k3_T1000_F3
json_run,src/ideaextra/results_by_seed/seed_532/LNS/20260423_105750/cross_regime_results.json,2026-04-23T11:14:03.478443,unknown,DQN baseline,base,original,1500.0,3.0,3.0,1000.0,LNS,532.0,12.0,True,raw-like json_run; scenario=trainLNS_crossUS_TLS_LNS_TLNS_TPLS_PLS_UB_TLB_LNB_TLNB_TPLB_PLB_C1500_k3_T1000_F3
json_run,src/ideaextra/results_by_seed/seed_532/MIX12_EQ/20260423_135606/cross_regime_results.json,2026-04-23T14:20:08.168585,unknown,DQN baseline,base,original,1500.0,3.0,3.0,1000.0,MIX12_EQ,532.0,12.0,True,raw-like json_run; scenario=trainMIX12_EQ_crossUS_TLS_LNS_TLNS_TPLS_PLS_UB_TLB_LNB_TLNB_TPLB_PLB_C1500_k3_T1000_F3
json_run,src/ideaextra/results_by_seed/seed_532/PLB/20260423_133949/cross_regime_results.json,2026-04-23T13:56:02.464154,unknown,DQN baseline,base,original,1500.0,3.0,3.0,1000.0,PLB,532.0,12.0,True,raw-like json_run; scenario=trainPLB_crossUS_TLS_LNS_TLNS_TPLS_PLS_UB_TLB_LNB_TLNB_TPLB_PLB_C1500_k3_T1000_F3
json_run,src/ideaextra/results_by_seed/seed_532/PLS/20260423_114640/cross_regime_results.json,2026-04-23T12:03:02.756881,unknown,DQN baseline,base,original,1500.0,3.0,3.0,1000.0,PLS,532.0,12.0,True,raw-like json_run; scenario=trainPLS_crossUS_TLS_LNS_TLNS_TPLS_PLS_UB_TLB_LNB_TLNB_TPLB_PLB_C1500_k3_T1000_F3
json_run,src/ideaextra/results_by_seed/seed_532/TLB/20260423_121920/cross_regime_results.json,2026-04-23T12:35:49.436168,unknown,DQN baseline,base,original,1500.0,3.0,3.0,1000.0,TLB,532.0,12.0,True,raw-like json_run; scenario=trainTLB_crossUS_TLS_LNS_TLNS_TPLS_PLS_UB_TLB_LNB_TLNB_TPLB_PLB_C1500_k3_T1000_F3
json_run,src/ideaextra/results_by_seed/seed_532/TLNB/20260423_130409/cross_regime_results.json,2026-04-23T13:22:44.106067,unknown,DQN baseline,base,original,1500.0,3.0,3.0,1000.0,TLNB,532.0,12.0,True,raw-like json_run; scenario=trainTLNB_crossUS_TLS_LNS_TLNS_TPLS_PLS_UB_TLB_LNB_TLNB_TPLB_PLB_C1500_k3_T1000_F3
json_run,src/ideaextra/results_by_seed/seed_532/TLNS/20260423_111407/cross_regime_results.json,2026-04-23T11:30:29.840396,unknown,DQN baseline,base,original,1500.0,3.0,3.0,1000.0,TLNS,532.0,12.0,True,raw-like json_run; scenario=trainTLNS_crossUS_TLS_LNS_TLNS_TPLS_PLS_UB_TLB_LNB_TLNB_TPLB_PLB_C1500_k3_T1000_F3
json_run,src/ideaextra/results_by_seed/seed_532/TLS/20260423_104129/cross_regime_results.json,2026-04-23T10:57:46.914288,unknown,DQN baseline,base,original,1500.0,3.0,3.0,1000.0,TLS,532.0,12.0,True,raw-like json_run; scenario=trainTLS_crossUS_TLS_LNS_TLNS_TPLS_PLS_UB_TLB_LNB_TLNB_TPLB_PLB_C1500_k3_T1000_F3
json_run,src/ideaextra/results_by_seed/seed_532/TPLB/20260423_132248/cross_regime_results.json,2026-04-23T13:39:45.941265,unknown,DQN baseline,base,original,1500.0,3.0,3.0,1000.0,TPLB,532.0,12.0,True,raw-like json_run; scenario=trainTPLB_crossUS_TLS_LNS_TLNS_TPLS_PLS_UB_TLB_LNB_TLNB_TPLB_PLB_C1500_k3_T1000_F3
json_run,src/ideaextra/results_by_seed/seed_532/TPLS/20260423_113033/cross_regime_results.json,2026-04-23T11:46:36.650068,unknown,DQN baseline,base,original,1500.0,3.0,3.0,1000.0,TPLS,532.0,12.0,True,raw-like json_run; scenario=trainTPLS_crossUS_TLS_LNS_TLNS_TPLS_PLS_UB_TLB_LNB_TLNB_TPLB_PLB_C1500_k3_T1000_F3
json_run,src/ideaextra/results_by_seed/seed_532/UB/20260423_120306/cross_regime_results.json,2026-04-23T12:19:17.371702,unknown,DQN baseline,base,original,1500.0,3.0,3.0,1000.0,UB,532.0,12.0,True,raw-like json_run; scenario=trainUB_crossUS_TLS_LNS_TLNS_TPLS_PLS_UB_TLB_LNB_TLNB_TPLB_PLB_C1500_k3_T1000_F3
json_run,src/ideaextra/results_by_seed/seed_532/US/20260423_102516/cross_regime_results.json,2026-04-23T10:41:26.272376,unknown,DQN baseline,base,original,1500.0,3.0,3.0,1000.0,US,532.0,12.0,True,raw-like json_run; scenario=trainUS_crossUS_TLS_LNS_TLNS_TPLS_PLS_UB_TLB_LNB_TLNB_TPLB_PLB_C1500_k3_T1000_F3
json_run,src/ideaextra/results/trainLNS_crossUS_TLS_LNS_TLNS_TPLS_PLS_UB_TLB_LNB_TLNB_TPLB_PLB_C3000_k3_T1000_F1/20260421_195843/cross_regime_results.json,2026-04-21T20:14:57.857163,unknown,DQN baseline,base,original,3000.0,3.0,1.0,1000.0,LNS,123.0,12.0,True,raw-like json_run; scenario=trainLNS_crossUS_TLS_LNS_TLNS_TPLS_PLS_UB_TLB_LNB_TLNB_TPLB_PLB_C3000_k3_T1000_F1
json_run,src/ideaextra/results/trainMIX12_EQ_crossUS_TLS_LNS_TLNS_TPLS_PLS_UB_TLB_LNB_TLNB_TPLB_PLB_C3000_k3_T1000_F1/20260421_180844/cross_regime_results.json,2026-04-21T18:29:13.808662,unknown,DQN baseline,base,original,3000.0,3.0,1.0,1000.0,MIX12_EQ,123.0,12.0,True,raw-like json_run; scenario=trainMIX12_EQ_crossUS_TLS_LNS_TLNS_TPLS_PLS_UB_TLB_LNB_TLNB_TPLB_PLB_C3000_k3_T1000_F1
json_run,src/ideaextra/results/trainPLB_crossUS_TLS_LNS_TLNS_TPLS_PLS_UB_TLB_LNB_TLNB_TPLB_PLB_C3000_k3_T1000_F1/20260421_203551/cross_regime_results.json,2026-04-21T20:52:50.818755,unknown,DQN baseline,base,original,3000.0,3.0,1.0,1000.0,PLB,123.0,12.0,True,raw-like json_run; scenario=trainPLB_crossUS_TLS_LNS_TLNS_TPLS_PLS_UB_TLB_LNB_TLNB_TPLB_PLB_C3000_k3_T1000_F1
json_run,src/ideaextra/results/trainUB_crossUS_TLS_LNS_TLNS_TPLS_PLS_UB_TLB_LNB_TLNB_TPLB_PLB_C3000_k3_T1000_F1/20260421_201819/cross_regime_results.json,2026-04-21T20:34:25.437376,unknown,DQN baseline,base,original,3000.0,3.0,1.0,1000.0,UB,123.0,12.0,True,raw-like json_run; scenario=trainUB_crossUS_TLS_LNS_TLNS_TPLS_PLS_UB_TLB_LNB_TLNB_TPLB_PLB_C3000_k3_T1000_F1
json_run,src/ideaextra/results/trainUS_crossUS_TLS_LNS_TLNS_TPLS_PLS_UB_TLB_LNB_TLNB_TPLB_PLB_C3000_k3_T1000_F1/20260421_184610/cross_regime_results.json,2026-04-21T19:56:42.418850,unknown,DQN baseline,base,original,3000.0,3.0,1.0,1000.0,US,123.0,12.0,True,raw-like json_run; scenario=trainUS_crossUS_TLS_LNS_TLNS_TPLS_PLS_UB_TLB_LNB_TLNB_TPLB_PLB_C3000_k3_T1000_F1
json_run,src/idea4/ac/results/dual_branch_ac/runs/dual_branch_factorized_ac_trainMIX12_EQ_C800_k12_T1000_F3_seed123/20260508_204248_004757/cross_regime_results.json,2026-05-08T21:14:32.680282,dual_branch_factorized_ac,Dual-branch AC,base,original,800.0,12.0,3.0,1000.0,MIX12_EQ,123.0,12.0,True,raw-like json_run; scenario=dual_branch_factorized_ac_trainMIX12_EQ_C800_k12_T1000_F3_seed123
json_run,src/idea4/ac/results/dual_branch_ac/runs/dual_branch_factorized_ac_trainMIX12_EQ_C800_k12_T1000_F6_seed123/20260509_031026_930363/cross_regime_results.json,2026-05-09T03:40:35.578356,dual_branch_factorized_ac,Dual-branch AC,base,original,800.0,12.0,6.0,1000.0,MIX12_EQ,123.0,12.0,True,raw-like json_run; scenario=dual_branch_factorized_ac_trainMIX12_EQ_C800_k12_T1000_F6_seed123
json_run,src/idea4/ac/results/dual_branch_ac/runs/dual_branch_factorized_ac_trainMIX12_EQ_C800_k24_T1000_F3_seed123/20260508_230359_735399/cross_regime_results.json,2026-05-08T23:44:41.732709,dual_branch_factorized_ac,Dual-branch AC,base,original,800.0,24.0,3.0,1000.0,MIX12_EQ,123.0,12.0,True,raw-like json_run; scenario=dual_branch_factorized_ac_trainMIX12_EQ_C800_k24_T1000_F3_seed123
json_run,archive/idea4_ac_results_20260505/results/dual_branch_ac/runs/dual_branch_factorized_ac_trainMIX12_EQ_C1200_k3_T1000_F3_seed123/20260505_155416_193647/cross_regime_results.json,2026-05-05T16:49:33.667138,dual_branch_factorized_ac,Dual-branch AC,base,original,1200.0,3.0,3.0,1000.0,MIX12_EQ,123.0,12.0,True,raw-like json_run; scenario=dual_branch_factorized_ac_trainMIX12_EQ_C1200_k3_T1000_F3_seed123
json_run,src/idea4/ac/results/dual_branch_ac/runs/dual_branch_factorized_ac_trainMIX12_EQ_C1200_k3_T1000_F3_seed123/20260505_155416_193647/cross_regime_results.json,2026-05-05T16:49:33.667138,dual_branch_factorized_ac,Dual-branch AC,base,original,1200.0,3.0,3.0,1000.0,MIX12_EQ,123.0,12.0,True,raw-like json_run; scenario=dual_branch_factorized_ac_trainMIX12_EQ_C1200_k3_T1000_F3_seed123
json_run,archive/idea4_ac_results_20260505/results/dual_branch_ac/runs/dual_branch_factorized_ac_trainMIX12_EQ_C1200_k3_T1000_F3_seed323/20260505_165828_143067/cross_regime_results.json,2026-05-05T17:53:39.909424,dual_branch_factorized_ac,Dual-branch AC,base,original,1200.0,3.0,3.0,1000.0,MIX12_EQ,323.0,12.0,True,raw-like json_run; scenario=dual_branch_factorized_ac_trainMIX12_EQ_C1200_k3_T1000_F3_seed323
json_run,src/idea4/ac/results/dual_branch_ac/runs/dual_branch_factorized_ac_trainMIX12_EQ_C1200_k3_T1000_F3_seed323/20260505_165828_143067/cross_regime_results.json,2026-05-05T17:53:39.909424,dual_branch_factorized_ac,Dual-branch AC,base,original,1200.0,3.0,3.0,1000.0,MIX12_EQ,323.0,12.0,True,raw-like json_run; scenario=dual_branch_factorized_ac_trainMIX12_EQ_C1200_k3_T1000_F3_seed323
json_run,archive/idea4_ac_results_20260505/results/dual_branch_ac/runs/dual_branch_factorized_ac_trainMIX12_EQ_C1200_k6_T1000_F3_seed123/20260505_214117_653382/cross_regime_results.json,2026-05-05T22:16:13.471506,dual_branch_factorized_ac,Dual-branch AC,base,original,1200.0,6.0,3.0,1000.0,MIX12_EQ,123.0,12.0,True,raw-like json_run; scenario=dual_branch_factorized_ac_trainMIX12_EQ_C1200_k6_T1000_F3_seed123
json_run,src/idea4/ac/results/dual_branch_ac/runs/dual_branch_factorized_ac_trainMIX12_EQ_C1200_k6_T1000_F3_seed123/20260505_214117_653382/cross_regime_results.json,2026-05-05T22:16:13.471506,dual_branch_factorized_ac,Dual-branch AC,base,original,1200.0,6.0,3.0,1000.0,MIX12_EQ,123.0,12.0,True,raw-like json_run; scenario=dual_branch_factorized_ac_trainMIX12_EQ_C1200_k6_T1000_F3_seed123
json_run,archive/idea4_ac_results_20260505/results/dual_branch_ac/runs/dual_branch_factorized_ac_trainMIX12_EQ_C1200_k6_T1000_F3_seed323/20260505_221616_688729/cross_regime_results.json,2026-05-05T22:46:36.508753,dual_branch_factorized_ac,Dual-branch AC,base,original,1200.0,6.0,3.0,1000.0,MIX12_EQ,323.0,12.0,True,raw-like json_run; scenario=dual_branch_factorized_ac_trainMIX12_EQ_C1200_k6_T1000_F3_seed323
json_run,src/idea4/ac/results/dual_branch_ac/runs/dual_branch_factorized_ac_trainMIX12_EQ_C1200_k6_T1000_F3_seed323/20260505_221616_688729/cross_regime_results.json,2026-05-05T22:46:36.508753,dual_branch_factorized_ac,Dual-branch AC,base,original,1200.0,6.0,3.0,1000.0,MIX12_EQ,323.0,12.0,True,raw-like json_run; scenario=dual_branch_factorized_ac_trainMIX12_EQ_C1200_k6_T1000_F3_seed323
json_run,src/idea4/ac/results/dual_branch_ac/runs/dual_branch_factorized_ac_trainMIX12_EQ_C1200_k12_T1000_F3_seed123/20260506_151752_310450/cross_regime_results.json,2026-05-06T15:51:52.111322,dual_branch_factorized_ac,Dual-branch AC,base,original,1200.0,12.0,3.0,1000.0,MIX12_EQ,123.0,12.0,True,raw-like json_run; scenario=dual_branch_factorized_ac_trainMIX12_EQ_C1200_k12_T1000_F3_seed123
json_run,src/idea4/ac/results/dual_branch_ac/runs/dual_branch_factorized_ac_trainMIX12_EQ_C1200_k12_T1000_F3_seed123/20260508_184328_614096/cross_regime_results.json,2026-05-08T19:15:13.018840,dual_branch_factorized_ac,Dual-branch AC,base,original,1200.0,12.0,3.0,1000.0,MIX12_EQ,123.0,12.0,True,raw-like json_run; scenario=dual_branch_factorized_ac_trainMIX12_EQ_C1200_k12_T1000_F3_seed123
json_run,src/idea4/ac/results/dual_branch_ac/runs/dual_branch_factorized_ac_trainMIX12_EQ_C1200_k12_T1000_F3_seed123_rewardMONEY_p1_tau10/20260508_132402_807647/cross_regime_results.json,2026-05-08T13:55:11.954796,dual_branch_factorized_ac,Dual-branch AC,base,money,1200.0,12.0,3.0,1000.0,MIX12_EQ,123.0,12.0,True,raw-like json_run; scenario=dual_branch_factorized_ac_trainMIX12_EQ_C1200_k12_T1000_F3_seed123_rewardMONEY_p1_tau10; money reward detected
json_run,src/idea4/ac/results/dual_branch_ac/runs/dual_branch_factorized_ac_trainMIX12_EQ_C1200_k12_T1000_F3_seed323/20260506_155155_525191/cross_regime_results.json,2026-05-06T17:50:35.880549,dual_branch_factorized_ac,Dual-branch AC,base,original,1200.0,12.0,3.0,1000.0,MIX12_EQ,323.0,12.0,True,raw-like json_run; scenario=dual_branch_factorized_ac_trainMIX12_EQ_C1200_k12_T1000_F3_seed323
json_run,src/idea4/ac/results/dual_branch_ac/runs/dual_branch_factorized_ac_trainMIX12_EQ_C1200_k12_T1000_F3_seed323_rewardMONEY_p1_tau10/20260508_135514_790066/cross_regime_results.json,2026-05-08T14:26:03.057848,dual_branch_factorized_ac,Dual-branch AC,base,money,1200.0,12.0,3.0,1000.0,MIX12_EQ,323.0,12.0,True,raw-like json_run; scenario=dual_branch_factorized_ac_trainMIX12_EQ_C1200_k12_T1000_F3_seed323_rewardMONEY_p1_tau10; money reward detected
json_run,src/idea4/ac/results/dual_branch_ac/runs/dual_branch_factorized_ac_trainMIX12_EQ_C1200_k12_T1000_F3_seed532/20260514_231004_321443/cross_regime_results.json,2026-05-14T23:39:54.547678,dual_branch_factorized_ac,Dual-branch AC,base,original,1200.0,12.0,3.0,1000.0,MIX12_EQ,532.0,12.0,True,raw-like json_run; scenario=dual_branch_factorized_ac_trainMIX12_EQ_C1200_k12_T1000_F3_seed532
json_run,src/idea4/ac/results/dual_branch_ac/runs/dual_branch_factorized_ac_trainMIX12_EQ_C1200_k12_T1000_F3_seed999/20260514_235632_703153/cross_regime_results.json,2026-05-15T00:26:46.618810,dual_branch_factorized_ac,Dual-branch AC,base,original,1200.0,12.0,3.0,1000.0,MIX12_EQ,999.0,12.0,True,raw-like json_run; scenario=dual_branch_factorized_ac_trainMIX12_EQ_C1200_k12_T1000_F3_seed999
json_run,src/idea4/ac/results/dual_branch_ac/runs/dual_branch_factorized_ac_trainMIX12_EQ_C1200_k12_T1000_F6_seed123/20260509_011718_390343/cross_regime_results.json,2026-05-09T01:48:11.953804,dual_branch_factorized_ac,Dual-branch AC,base,original,1200.0,12.0,6.0,1000.0,MIX12_EQ,123.0,12.0,True,raw-like json_run; scenario=dual_branch_factorized_ac_trainMIX12_EQ_C1200_k12_T1000_F6_seed123
json_run,src/idea4/ac/results/stress_tests/factorized_ac/runs/factorized_ac_trainMIX12_EQ_C800_k12_T1000_F3_seed123/20260508_014434_230547/cross_regime_results.json,2026-05-08T02:00:58.580508,factorized_ac,Factorized AC,base,original,800.0,12.0,3.0,1000.0,MIX12_EQ,123.0,12.0,True,raw-like json_run; scenario=factorized_ac_trainMIX12_EQ_C800_k12_T1000_F3_seed123
json_run,src/idea4/ac/results/stress_tests/factorized_ac/runs/factorized_ac_trainMIX12_EQ_C800_k12_T1000_F3_seed323/20260508_024335_386691/cross_regime_results.json,2026-05-08T02:59:41.688535,factorized_ac,Factorized AC,base,original,800.0,12.0,3.0,1000.0,MIX12_EQ,323.0,12.0,True,raw-like json_run; scenario=factorized_ac_trainMIX12_EQ_C800_k12_T1000_F3_seed323
json_run,src/idea4/ac/results/factorized_ac/runs/factorized_ac_trainMIX12_EQ_C800_k12_T1000_F6_seed123/20260509_025351_200135/cross_regime_results.json,2026-05-09T03:10:24.700445,factorized_ac,Factorized AC,base,original,800.0,12.0,6.0,1000.0,MIX12_EQ,123.0,12.0,True,raw-like json_run; scenario=factorized_ac_trainMIX12_EQ_C800_k12_T1000_F6_seed123
json_run,src/idea4/ac/results/complexity_tests_C800_k24/factorized_ac/runs/factorized_ac_trainMIX12_EQ_C800_k24_T1000_F3_seed123/20260508_082302_777645/cross_regime_results.json,2026-05-08T08:43:54.247588,factorized_ac,Factorized AC,base,original,800.0,24.0,3.0,1000.0,MIX12_EQ,123.0,12.0,True,raw-like json_run; scenario=factorized_ac_trainMIX12_EQ_C800_k24_T1000_F3_seed123
json_run,src/idea4/ac/results/factorized_ac/runs/factorized_ac_trainMIX12_EQ_C800_k24_T1000_F3_seed123/20260508_224206_743115/cross_regime_results.json,2026-05-08T23:03:55.965572,factorized_ac,Factorized AC,base,original,800.0,24.0,3.0,1000.0,MIX12_EQ,123.0,12.0,True,raw-like json_run; scenario=factorized_ac_trainMIX12_EQ_C800_k24_T1000_F3_seed123
json_run,src/idea4/ac/results/complexity_tests_C800_k24/factorized_ac/runs/factorized_ac_trainMIX12_EQ_C800_k24_T1000_F3_seed323/20260508_094323_456506/cross_regime_results.json,2026-05-08T10:00:53.909364,factorized_ac,Factorized AC,base,original,800.0,24.0,3.0,1000.0,MIX12_EQ,323.0,12.0,True,raw-like json_run; scenario=factorized_ac_trainMIX12_EQ_C800_k24_T1000_F3_seed323
json_run,archive/idea4_ac_results_20260505/results/factorized_ac/runs/factorized_ac_trainMIX12_EQ_C1200_k3_T1000_F3_seed123/20260505_212833_781649/cross_regime_results.json,2026-05-05T21:45:58.098270,factorized_ac,Factorized AC,base,original,1200.0,3.0,3.0,1000.0,MIX12_EQ,123.0,12.0,True,raw-like json_run; scenario=factorized_ac_trainMIX12_EQ_C1200_k3_T1000_F3_seed123
json_run,src/idea4/ac/results/factorized_ac/runs/factorized_ac_trainMIX12_EQ_C1200_k3_T1000_F3_seed123/20260505_212833_781649/cross_regime_results.json,2026-05-05T21:45:58.098270,factorized_ac,Factorized AC,base,original,1200.0,3.0,3.0,1000.0,MIX12_EQ,123.0,12.0,True,raw-like json_run; scenario=factorized_ac_trainMIX12_EQ_C1200_k3_T1000_F3_seed123
json_run,archive/idea4_ac_results_20260505/results/factorized_ac/runs/factorized_ac_trainMIX12_EQ_C1200_k3_T1000_F3_seed323/20260505_214601_304092/cross_regime_results.json,2026-05-05T22:06:01.402254,factorized_ac,Factorized AC,base,original,1200.0,3.0,3.0,1000.0,MIX12_EQ,323.0,12.0,True,raw-like json_run; scenario=factorized_ac_trainMIX12_EQ_C1200_k3_T1000_F3_seed323
json_run,src/idea4/ac/results/factorized_ac/runs/factorized_ac_trainMIX12_EQ_C1200_k3_T1000_F3_seed323/20260505_214601_304092/cross_regime_results.json,2026-05-05T22:06:01.402254,factorized_ac,Factorized AC,base,original,1200.0,3.0,3.0,1000.0,MIX12_EQ,323.0,12.0,True,raw-like json_run; scenario=factorized_ac_trainMIX12_EQ_C1200_k3_T1000_F3_seed323
json_run,src/idea4/ac/results/factorized_ac/runs/factorized_ac_trainMIX12_EQ_C1200_k6_T1000_F3_seed123/20260507_215312_488583/cross_regime_results.json,2026-05-07T22:11:19.528084,factorized_ac,Factorized AC,base,original,1200.0,6.0,3.0,1000.0,MIX12_EQ,123.0,12.0,True,raw-like json_run; scenario=factorized_ac_trainMIX12_EQ_C1200_k6_T1000_F3_seed123
json_run,src/idea4/ac/results/factorized_ac/runs/factorized_ac_trainMIX12_EQ_C1200_k6_T1000_F3_seed323/20260507_221122_605391/cross_regime_results.json,2026-05-07T22:29:19.164740,factorized_ac,Factorized AC,base,original,1200.0,6.0,3.0,1000.0,MIX12_EQ,323.0,12.0,True,raw-like json_run; scenario=factorized_ac_trainMIX12_EQ_C1200_k6_T1000_F3_seed323
json_run,src/idea4/ac/results/factorized_ac/runs/factorized_ac_trainMIX12_EQ_C1200_k12_T1000_F3_seed123/20260506_144445_439009/cross_regime_results.json,2026-05-06T15:01:10.989919,factorized_ac,Factorized AC,base,original,1200.0,12.0,3.0,1000.0,MIX12_EQ,123.0,12.0,True,raw-like json_run; scenario=factorized_ac_trainMIX12_EQ_C1200_k12_T1000_F3_seed123
json_run,src/idea4/ac/results/factorized_ac/runs/factorized_ac_trainMIX12_EQ_C1200_k12_T1000_F3_seed123_rewardMONEY_p1_tau10/20260508_153642_365778/cross_regime_results.json,2026-05-08T15:38:33.774044,factorized_ac,Factorized AC,base,money,1200.0,12.0,3.0,1000.0,MIX12_EQ,123.0,12.0,True,raw-like json_run; scenario=factorized_ac_trainMIX12_EQ_C1200_k12_T1000_F3_seed123_rewardMONEY_p1_tau10; money reward detected
json_run,src/idea4/ac/results/factorized_ac/runs/factorized_ac_trainMIX12_EQ_C1200_k12_T1000_F3_seed323/20260506_150113_691196/cross_regime_results.json,2026-05-06T15:17:49.397984,factorized_ac,Factorized AC,base,original,1200.0,12.0,3.0,1000.0,MIX12_EQ,323.0,12.0,True,raw-like json_run; scenario=factorized_ac_trainMIX12_EQ_C1200_k12_T1000_F3_seed323
json_run,src/idea4/ac/results/factorized_ac/runs/factorized_ac_trainMIX12_EQ_C1200_k12_T1000_F3_seed532/20260514_225324_789830/cross_regime_results.json,2026-05-14T23:10:01.394210,factorized_ac,Factorized AC,base,original,1200.0,12.0,3.0,1000.0,MIX12_EQ,532.0,12.0,True,raw-like json_run; scenario=factorized_ac_trainMIX12_EQ_C1200_k12_T1000_F3_seed532
json_run,src/idea4/ac/results/factorized_ac/runs/factorized_ac_trainMIX12_EQ_C1200_k12_T1000_F3_seed999/20260514_233957_357151/cross_regime_results.json,2026-05-14T23:56:29.964378,factorized_ac,Factorized AC,base,original,1200.0,12.0,3.0,1000.0,MIX12_EQ,999.0,12.0,True,raw-like json_run; scenario=factorized_ac_trainMIX12_EQ_C1200_k12_T1000_F3_seed999
json_run,src/idea4/ac/results/factorized_ac/runs/factorized_ac_trainMIX12_EQ_C1200_k12_T1000_F6_seed123/20260509_010056_653149/cross_regime_results.json,2026-05-09T01:17:16.159524,factorized_ac,Factorized AC,base,original,1200.0,12.0,6.0,1000.0,MIX12_EQ,123.0,12.0,True,raw-like json_run; scenario=factorized_ac_trainMIX12_EQ_C1200_k12_T1000_F6_seed123
json_run,src/idea4/ac/results/stress_tests/factorized_ac/runs/factorized_ac_trainMIX12_EQ_C1200_k24_T1000_F3_seed123/20260507_234026_286307/cross_regime_results.json,2026-05-07T23:57:37.707319,factorized_ac,Factorized AC,base,original,1200.0,24.0,3.0,1000.0,MIX12_EQ,123.0,12.0,True,raw-like json_run; scenario=factorized_ac_trainMIX12_EQ_C1200_k24_T1000_F3_seed123
json_run,src/idea4/ac/results/stress_tests/factorized_ac/runs/factorized_ac_trainMIX12_EQ_C1200_k24_T1000_F3_seed323/20260508_005124_724331/cross_regime_results.json,2026-05-08T01:08:45.059839,factorized_ac,Factorized AC,base,original,1200.0,24.0,3.0,1000.0,MIX12_EQ,323.0,12.0,True,raw-like json_run; scenario=factorized_ac_trainMIX12_EQ_C1200_k24_T1000_F3_seed323
json_run,src/idea4/ac/results/dual_branch_ac/runs/dual_branch_factorized_ac_gate_balanced_trainMIX12_EQ_C1200_k12_T1000_F3_seed123/20260506_204446_520411/cross_regime_results.json,2026-05-06T21:17:05.731255,dual_branch_factorized_ac_gate_balanced,Gate-balanced Dual AC,gate_balanced,original,1200.0,12.0,3.0,1000.0,MIX12_EQ,123.0,12.0,True,raw-like json_run; scenario=dual_branch_factorized_ac_gate_balanced_trainMIX12_EQ_C1200_k12_T1000_F3_seed123
json_run,src/idea4/ac/results/dual_branch_ac/runs/dual_branch_factorized_ac_gate_balanced_trainMIX12_EQ_C1200_k12_T1000_F3_seed323/20260506_211708_693134/cross_regime_results.json,2026-05-06T21:51:02.611182,dual_branch_factorized_ac_gate_balanced,Gate-balanced Dual AC,gate_balanced,original,1200.0,12.0,3.0,1000.0,MIX12_EQ,323.0,12.0,True,raw-like json_run; scenario=dual_branch_factorized_ac_gate_balanced_trainMIX12_EQ_C1200_k12_T1000_F3_seed323
json_run,src/idea4/ac/results/dual_branch_ac/runs/dual_branch_factorized_ac_gate_balanced_trainMIX12_EQ_C1200_k12_T1000_F3_seed532/20260506_213158_652313/cross_regime_results.json,2026-05-06T22:05:35.625578,dual_branch_factorized_ac_gate_balanced,Gate-balanced Dual AC,gate_balanced,original,1200.0,12.0,3.0,1000.0,MIX12_EQ,532.0,12.0,True,raw-like json_run; scenario=dual_branch_factorized_ac_gate_balanced_trainMIX12_EQ_C1200_k12_T1000_F3_seed532
json_run,src/idea4/ac/results/dual_branch_ac/runs/dual_branch_factorized_ac_gate_balanced_trainMIX12_EQ_C1200_k12_T1000_F3_seed999/20260506_220538_503370/cross_regime_results.json,2026-05-06T22:41:29.824804,dual_branch_factorized_ac_gate_balanced,Gate-balanced Dual AC,gate_balanced,original,1200.0,12.0,3.0,1000.0,MIX12_EQ,999.0,12.0,True,raw-like json_run; scenario=dual_branch_factorized_ac_gate_balanced_trainMIX12_EQ_C1200_k12_T1000_F3_seed999
json_run,src/idea4/ac/results/dual_branch_ac/runs/dual_branch_factorized_ac_gate_balanced_trainMIX12_EQ_C1200_k24_T1000_F3_seed123/20260515_002658_736844/cross_regime_results.json,2026-05-15T00:59:28.596954,dual_branch_factorized_ac_gate_balanced,Gate-balanced Dual AC,gate_balanced,original,1200.0,24.0,3.0,1000.0,MIX12_EQ,123.0,12.0,True,raw-like json_run; scenario=dual_branch_factorized_ac_gate_balanced_trainMIX12_EQ_C1200_k24_T1000_F3_seed123
json_run,src/idea4/ac/results/dual_branch_ac/runs/dual_branch_factorized_ac_gate_regularized_trainMIX12_EQ_C1200_k12_T1000_F3_seed123/20260506_223120_297103/cross_regime_results.json,2026-05-06T23:03:39.823948,dual_branch_factorized_ac_gate_regularized,Gate-regularized Dual AC,gate_regularized,original,1200.0,12.0,3.0,1000.0,MIX12_EQ,123.0,12.0,True,raw-like json_run; scenario=dual_branch_factorized_ac_gate_regularized_trainMIX12_EQ_C1200_k12_T1000_F3_seed123
json_run,src/idea4/ac/results/dual_branch_ac/runs/dual_branch_factorized_ac_gate_regularized_trainMIX12_EQ_C1200_k12_T1000_F3_seed323/20260506_230345_990943/cross_regime_results.json,2026-05-06T23:35:53.462905,dual_branch_factorized_ac_gate_regularized,Gate-regularized Dual AC,gate_regularized,original,1200.0,12.0,3.0,1000.0,MIX12_EQ,323.0,12.0,True,raw-like json_run; scenario=dual_branch_factorized_ac_gate_regularized_trainMIX12_EQ_C1200_k12_T1000_F3_seed323
json_run,src/idea4/ac/results/factorized_ac/runs/maskA_factorized_ac_trainMIX12_EQ_C800_k24_T1000_F3_seed123_MaskA_hard/20260510_120212_307891/cross_regime_results.json,2026-05-10T12:32:39.292927,maskA_factorized_ac,MaskA Factorized AC,maskA+hard,original,800.0,24.0,3.0,1000.0,MIX12_EQ,123.0,12.0,True,raw-like json_run; scenario=maskA_factorized_ac_trainMIX12_EQ_C800_k24_T1000_F3_seed123_MaskA_hard
json_run,src/idea4/ac/results/factorized_ac/runs/maskA_factorized_ac_trainMIX12_EQ_C800_k24_T1000_F3_seed123_MaskA_hard/20260512_144025_312583/cross_regime_results.json,2026-05-12T20:23:04.487132,maskA_factorized_ac,MaskA Factorized AC,maskA+hard,original,800.0,24.0,3.0,1000.0,MIX12_EQ,123.0,12.0,True,raw-like json_run; scenario=maskA_factorized_ac_trainMIX12_EQ_C800_k24_T1000_F3_seed123_MaskA_hard
json_run,src/idea4/ac/results/factorized_ac/runs/maskA_factorized_ac_trainMIX12_EQ_C800_k24_T1000_F3_seed123_MaskA_soft_penalty5/20260510_123739_551270/cross_regime_results.json,2026-05-10T13:12:32.056166,maskA_factorized_ac,MaskA Factorized AC,maskA+soft+penalty5,original,800.0,24.0,3.0,1000.0,MIX12_EQ,123.0,12.0,True,raw-like json_run; scenario=maskA_factorized_ac_trainMIX12_EQ_C800_k24_T1000_F3_seed123_MaskA_soft_penalty5
json_run,src/idea4/ac/results/dual_branch_ac/runs/dual_branch_residual_risk_trainMIX12_EQ_C800_k12_T1000_F3_seed123/20260508_214306_524790/cross_regime_results.json,2026-05-08T22:16:00.640143,dual_branch_residual_risk,Residual-risk Dual AC,residual_risk,original,800.0,12.0,3.0,1000.0,MIX12_EQ,123.0,12.0,True,raw-like json_run; scenario=dual_branch_residual_risk_trainMIX12_EQ_C800_k12_T1000_F3_seed123
json_run,src/idea4/ac/results/dual_branch_ac/runs/dual_branch_residual_risk_trainMIX12_EQ_C800_k12_T1000_F6_seed123/20260509_040743_650126/cross_regime_results.json,2026-05-09T04:36:59.777273,dual_branch_residual_risk,Residual-risk Dual AC,residual_risk,original,800.0,12.0,6.0,1000.0,MIX12_EQ,123.0,12.0,True,raw-like json_run; scenario=dual_branch_residual_risk_trainMIX12_EQ_C800_k12_T1000_F6_seed123
json_run,src/idea4/ac/results/dual_branch_ac/runs/dual_branch_residual_risk_trainMIX12_EQ_C800_k24_T1000_F3_seed123/20260509_001956_635433/cross_regime_results.json,2026-05-09T00:50:10.141324,dual_branch_residual_risk,Residual-risk Dual AC,residual_risk,original,800.0,24.0,3.0,1000.0,MIX12_EQ,123.0,12.0,True,raw-like json_run; scenario=dual_branch_residual_risk_trainMIX12_EQ_C800_k24_T1000_F3_seed123
json_run,src/idea4/ac/results/dual_branch_ac/runs/dual_branch_residual_risk_trainMIX12_EQ_C1200_k12_T1000_F3_seed123/20260508_194136_365825/cross_regime_results.json,2026-05-08T20:10:12.730506,dual_branch_residual_risk,Residual-risk Dual AC,residual_risk,original,1200.0,12.0,3.0,1000.0,MIX12_EQ,123.0,12.0,True,raw-like json_run; scenario=dual_branch_residual_risk_trainMIX12_EQ_C1200_k12_T1000_F3_seed123
json_run,src/idea4/ac/results/dual_branch_ac/runs/dual_branch_residual_risk_trainMIX12_EQ_C1200_k12_T1000_F6_seed123/20260509_021410_366444/cross_regime_results.json,2026-05-09T02:42:41.841497,dual_branch_residual_risk,Residual-risk Dual AC,residual_risk,original,1200.0,12.0,6.0,1000.0,MIX12_EQ,123.0,12.0,True,raw-like json_run; scenario=dual_branch_residual_risk_trainMIX12_EQ_C1200_k12_T1000_F6_seed123
json_run,archive/old_root_results/results/trainCTX_MIX12_EQ_crossUSTLSLNSTLNSTPLSPLSUBTLBLNBTLNBTPLBPLB_ctx_C1200_k3_T1000_F3/20260501_142205/cross_regime_results.json,2026-05-01T14:41:29.698522,unknown,unknown,base,original,1200.0,3.0,3.0,1000.0,CTX_MIX12_EQ,123.0,12.0,True,raw-like json_run; scenario=trainCTX_MIX12_EQ_crossUSTLSLNSTLNSTPLSPLSUBTLBLNBTLNBTPLBPLB_ctx_C1200_k3_T1000_F3
json_run,src/idea3/results/context_attention/results/C1200_seed123/trainATTN_CTX_MIX12_EQ_crossUS_TLS_LNS_TLNS_TPLS_PLS_UB_TLB_LNB_TLNB_TPLB_PLB_attnctx_C1200_k3_T1000_F3/20260502_071458/cross_regime_results.json,2026-05-03T17:43:44.384752,unknown,unknown,base,original,1200.0,3.0,3.0,1000.0,ATTN_CTX_MIX12_EQ,123.0,12.0,True,raw-like json_run; scenario=trainATTN_CTX_MIX12_EQ_crossUS_TLS_LNS_TLNS_TPLS_PLS_UB_TLB_LNB_TLNB_TPLB_PLB_attnctx_C1200_k3_T1000_F3
json_run,archive/old_root_results/results/trainMIXED_EQ_crossSLSHBLBHSW_ctx_C3000_k6_T1000_F3/20260403_131747/cross_regime_results.json,2026-04-03T14:28:27.033798,unknown,unknown,base,original,3000.0,6.0,3.0,1000.0,MIXED_EQ,532.0,5.0,True,raw-like json_run; scenario=trainMIXED_EQ_crossSLSHBLBHSW_ctx_C3000_k6_T1000_F3
json_run,archive/old_root_results/results/trainMIXED_EQ_crossSLSHBLBHSW_ctx_C3000_k6_T1000_F3/20260403_151019/cross_regime_results.json,2026-04-03T15:38:31.778577,unknown,unknown,base,original,3000.0,6.0,3.0,1000.0,MIXED_EQ,532.0,5.0,True,raw-like json_run; scenario=trainMIXED_EQ_crossSLSHBLBHSW_ctx_C3000_k6_T1000_F3
json_run,archive/old_root_results/results/trainMIXED_EQ_crossSLSHBLBHSW_ctx_C3000_k6_T1000_F3/20260404_082243/cross_regime_results.json,2026-04-04T08:47:37.669566,unknown,unknown,base,original,3000.0,6.0,3.0,1000.0,MIXED_EQ,532.0,5.0,True,raw-like json_run; scenario=trainMIXED_EQ_crossSLSHBLBHSW_ctx_C3000_k6_T1000_F3
json_run,archive/old_root_results/results/trainMIXED_EQ_crossSLSHBLBHSW_static_C3000_k6_T1000_F3/20260403_120144/cross_regime_results.json,2026-04-03T12:04:11.097742,unknown,unknown,base,original,3000.0,6.0,3.0,1000.0,MIXED_EQ,532.0,5.0,True,raw-like json_run; scenario=trainMIXED_EQ_crossSLSHBLBHSW_static_C3000_k6_T1000_F3
json_run,archive/old_root_results/results/trainMIXED_EQ_crossSLSHBLBHSW_static_C3000_k6_T1000_F3/20260403_120527/cross_regime_results.json,2026-04-03T13:14:52.292972,unknown,unknown,base,original,3000.0,6.0,3.0,1000.0,MIXED_EQ,532.0,5.0,True,raw-like json_run; scenario=trainMIXED_EQ_crossSLSHBLBHSW_static_C3000_k6_T1000_F3
json_run,archive/old_root_results/results/trainMIXED_EQ_crossSLSHBLBHSW_static_C3000_k6_T1000_F3/20260403_154313/cross_regime_results.json,2026-04-03T16:09:31.842568,unknown,unknown,base,original,3000.0,6.0,3.0,1000.0,MIXED_EQ,532.0,5.0,True,raw-like json_run; scenario=trainMIXED_EQ_crossSLSHBLBHSW_static_C3000_k6_T1000_F3
json_run,archive/old_root_results/results/trainMIXED_EQ_crossSLSHBLBHSW_ctx_C3000_k6_T1000_F3/20260404_090247/cross_regime_results.json,2026-04-04T09:28:16.950315,unknown,unknown,base,original,3000.0,6.0,3.0,1000.0,MIXED_EQ,999.0,5.0,True,raw-like json_run; scenario=trainMIXED_EQ_crossSLSHBLBHSW_ctx_C3000_k6_T1000_F3
secondary_summary_csv,src/idea4/ac/results/stress_tests/comparison/stress_test_long.csv,20260508_013342_627296,basic_ppo,Basic PPO,base,original,800.0,12.0,3.0,1000.0,MIX12,123.0,12.0,True,"secondary summary; collapsed_rows=13; columns=level,setting,model_family,model_mode,scenario,seed,test_regime,C,k,F,T,value_accept_ratio,drops,drop_rate,flushes,count_accept_ratio,mean_value_accept_ratio,worst_regime_value_accept_ratio,std_value_accept_ratio_across_regimes,policy_output_size,source_file; reference only; do not use for raw metric aggregation; source_files=1"
secondary_summary_csv,src/idea4/ac/results/stress_tests/comparison/stress_test_long.csv,20260508_023233_752609,basic_ppo,Basic PPO,base,original,800.0,12.0,3.0,1000.0,MIX12,323.0,12.0,True,"secondary summary; collapsed_rows=13; columns=level,setting,model_family,model_mode,scenario,seed,test_regime,C,k,F,T,value_accept_ratio,drops,drop_rate,flushes,count_accept_ratio,mean_value_accept_ratio,worst_regime_value_accept_ratio,std_value_accept_ratio_across_regimes,policy_output_size,source_file; reference only; do not use for raw metric aggregation; source_files=1"
secondary_summary_csv,src/idea4/ac/results/summary_money/seed_level_summary_with_money.csv,,basic_ppo,Basic PPO,base,original,800.0,12.0,6.0,,,123.0,,True,"secondary summary; collapsed_rows=1; columns=C,k,F,model_mode,seed,regimes,mean_valacc,worst_valacc,std_valacc_across_regimes,mean_drops,mean_flushes,mean_eval_money,worst_eval_money,std_eval_money_across_regimes,mean_valacc_pct,worst_valacc_pct,mean_gate; reference only; do not use for raw metric aggregation"
secondary_summary_csv,src/idea4/ac/results/summary_money/overall_summary_with_money_ci.csv,,basic_ppo,Basic PPO,base,money,800.0,12.0,6.0,,,,,True,"secondary summary; collapsed_rows=1; columns=C,k,F,model_mode,seed_count,ci_status,mean_valacc_pct_mean,mean_valacc_pct_ci_low,mean_valacc_pct_ci_high,mean_valacc_pct_ci_half_width,worst_valacc_pct_mean,worst_valacc_pct_ci_low,worst_valacc_pct_ci_high,worst_valacc_pct_ci_half_width,mean_drops_mean,mean_drops_ci_low,mean_drops_ci_high,mean_drops_ci_half_width,mean_flushes_mean,mean_flushes_ci_low,mean_flushes_ci_high,mean_flushes_ci_half_width,mean_eval_money_mean,mean_eval_money_ci_low,mean_eval_money_ci_high,mean_eval_money_ci_half_width,worst_eval_money_mean,worst_eval_money_ci_low,worst_eval_money_ci_high,worst_eval_money_ci_half_width,std_eval_money_across_regimes_mean,std_eval_money_across_regimes_ci_low,std_eval_money_across_regimes_ci_high,std_eval_money_across_regimes_ci_half_width,mean_gate_mean,mean_gate_ci_low,mean_gate_ci_high,mean_gate_ci_half_width; reference only; do not use for raw metric aggregation; money reward detected"
secondary_summary_csv,src/idea4/ac/results/complexity_tests_C800_k24/comparison/C800_k24_long.csv,20260508_080958_033545,basic_ppo,Basic PPO,base,original,800.0,24.0,3.0,1000.0,MIX12,123.0,12.0,True,"secondary summary; collapsed_rows=13; columns=level,setting,model_family,model_mode,scenario,seed,test_regime,C,k,F,T,value_accept_ratio,drops,drop_rate,flushes,count_accept_ratio,mean_value_accept_ratio,worst_regime_value_accept_ratio,std_value_accept_ratio_across_regimes,policy_output_size,source_file; reference only; do not use for raw metric aggregation; source_files=1"
secondary_summary_csv,src/idea4/ac/results/complexity_tests_C800_k24/comparison/C800_k24_long.csv,20260508_093049_161627,basic_ppo,Basic PPO,base,original,800.0,24.0,3.0,1000.0,MIX12,323.0,12.0,True,"secondary summary; collapsed_rows=13; columns=level,setting,model_family,model_mode,scenario,seed,test_regime,C,k,F,T,value_accept_ratio,drops,drop_rate,flushes,count_accept_ratio,mean_value_accept_ratio,worst_regime_value_accept_ratio,std_value_accept_ratio_across_regimes,policy_output_size,source_file; reference only; do not use for raw metric aggregation; source_files=1"
secondary_summary_csv,src/idea4/ac/results/summary_money/seed_level_summary_with_money.csv,,basic_ppo,Basic PPO,base,original,800.0,24.0,3.0,,,123.0,,True,"secondary summary; collapsed_rows=1; columns=C,k,F,model_mode,seed,regimes,mean_valacc,worst_valacc,std_valacc_across_regimes,mean_drops,mean_flushes,mean_eval_money,worst_eval_money,std_eval_money_across_regimes,mean_valacc_pct,worst_valacc_pct,mean_gate; reference only; do not use for raw metric aggregation"
secondary_summary_csv,src/idea4/ac/results/summary_money/overall_summary_with_money_ci.csv,,basic_ppo,Basic PPO,base,money,800.0,24.0,3.0,,,,,True,"secondary summary; collapsed_rows=1; columns=C,k,F,model_mode,seed_count,ci_status,mean_valacc_pct_mean,mean_valacc_pct_ci_low,mean_valacc_pct_ci_high,mean_valacc_pct_ci_half_width,worst_valacc_pct_mean,worst_valacc_pct_ci_low,worst_valacc_pct_ci_high,worst_valacc_pct_ci_half_width,mean_drops_mean,mean_drops_ci_low,mean_drops_ci_high,mean_drops_ci_half_width,mean_flushes_mean,mean_flushes_ci_low,mean_flushes_ci_high,mean_flushes_ci_half_width,mean_eval_money_mean,mean_eval_money_ci_low,mean_eval_money_ci_high,mean_eval_money_ci_half_width,worst_eval_money_mean,worst_eval_money_ci_low,worst_eval_money_ci_high,worst_eval_money_ci_half_width,std_eval_money_across_regimes_mean,std_eval_money_across_regimes_ci_low,std_eval_money_across_regimes_ci_high,std_eval_money_across_regimes_ci_half_width,mean_gate_mean,mean_gate_ci_low,mean_gate_ci_high,mean_gate_ci_half_width; reference only; do not use for raw metric aggregation; money reward detected"
secondary_summary_csv,src/idea4/ac/results/final_comparison_tables/all_regime_rows_long.csv,20260507_212549_286620,basic_ppo,Basic PPO,base,original,1200.0,3.0,3.0,1000.0,MIX12_EQ,123.0,12.0,True,"secondary summary; collapsed_rows=12; columns=model_label,family,train_regime,seed,C,k,F,T,test_regime,value_accept_ratio,drops,flushes,drop_rate,count_accept_ratio,scenario,source_file; reference only; do not use for raw metric aggregation; source_files=1"
secondary_summary_csv,src/idea4/ac/results/final_comparison_tables/money_ci_regime_seed_long.csv,20260507_212549_286620,basic_ppo,Basic PPO,base,money,1200.0,3.0,3.0,1000.0,MIX12,123.0,12.0,True,"secondary summary; collapsed_rows=60; columns=k,model_label,seed,C,F,T,test_regime,value_accept_ratio,drops,flushes,drop_rate,count_accept_ratio,settled,total_requested_value,source_file,p,tau,accepted_value,flush_cost,money,money_method; reference only; do not use for raw metric aggregation; source_files=1; money reward detected"
secondary_summary_csv,src/idea4/analysis/main_factorized_ac_story/kwallet_excluded_results.csv,,basic_ppo,Basic PPO,base,original,1200.0,3.0,3.0,1000.0,MIX12_EQ,123.0,12.0,True,"secondary summary; collapsed_rows=1; columns=k,C,F,T,model_family,model_mode,seed,train_regime,eval_protocol,scenario,mean_value_accept_ratio,worst_regime_value_accept_ratio,std_value_accept_ratio_across_regimes,avg_drops,avg_flushes,avg_drop_rate,avg_count_accept_ratio,num_test_regimes,action_space_size,policy_output_size,source_type,main_result_confidence,from_archive,source_file,notes,reason_excluded; reference only; do not use for raw metric aggregation; source_files=1"
secondary_summary_csv,src/idea4/analysis/main_factorized_ac_story/kwallet_expected_vs_found_matrix.csv,20260507_212549_286620,Basic_AC_or_PPO,Basic PPO,base,original,1200.0,3.0,3.0,1000.0,MIX12,123.0,,False,"secondary summary; collapsed_rows=1; columns=k,seed,model_family,expected,found,status,source_type,source_file,notes; reference only; do not use for raw metric aggregation; source_files=1"
secondary_summary_csv,src/idea4/analysis/main_factorized_ac_story/kwallet_k_scaling_aggregate_by_model.csv,20260507_213733_993592,Basic_AC_or_PPO,Basic PPO,base,original,1200.0,3.0,3.0,1000.0,MIX12,123.0,,False,"secondary summary; collapsed_rows=1; columns=k,model_family,num_seeds,mean_of_mean_value_accept_ratio,sd_of_mean_value_accept_ratio,mean_worst_regime_value_accept_ratio,mean_avg_drops,mean_avg_drop_rate,action_space_size,short_interpretation,source_file; reference only; do not use for raw metric aggregation; source_files=2"
secondary_summary_csv,src/idea4/analysis/main_factorized_ac_story/kwallet_main_k_scaling_summary.csv,20260507_212549_286620,basic_ppo,Basic PPO,base,original,1200.0,3.0,3.0,1000.0,MIX12_EQ,123.0,12.0,True,"secondary summary; collapsed_rows=1; columns=k,C,F,T,model_family,model_mode,seed,train_regime,eval_protocol,scenario,mean_value_accept_ratio,worst_regime_value_accept_ratio,std_value_accept_ratio_across_regimes,avg_drops,avg_flushes,avg_drop_rate,avg_count_accept_ratio,num_test_regimes,action_space_size,policy_output_size,source_type,main_result_confidence,from_archive,source_file,notes; reference only; do not use for raw metric aggregation; source_files=1"
secondary_summary_csv,src/idea4/analysis/main_factorized_ac_story/kwallet_regime_level_results.csv,20260507_212549_286620,basic_ppo,Basic PPO,base,original,1200.0,3.0,3.0,1000.0,MIX12_EQ,123.0,12.0,True,"secondary summary; collapsed_rows=12; columns=k,C,F,T,model_family,model_mode,seed,train_regime,eval_protocol,test_regime,value_accept_ratio,drops,flushes,drop_rate,count_accept_ratio,scenario,source_type,main_result_confidence,from_archive,source_file; reference only; do not use for raw metric aggregation; source_files=1"
secondary_summary_csv,src/idea4/ac/results/final_comparison_tables/all_regime_rows_long.csv,20260507_213733_993592,basic_ppo,Basic PPO,base,original,1200.0,3.0,3.0,1000.0,MIX12_EQ,323.0,12.0,True,"secondary summary; collapsed_rows=12; columns=model_label,family,train_regime,seed,C,k,F,T,test_regime,value_accept_ratio,drops,flushes,drop_rate,count_accept_ratio,scenario,source_file; reference only; do not use for raw metric aggregation; source_files=1"
secondary_summary_csv,src/idea4/ac/results/final_comparison_tables/money_ci_regime_seed_long.csv,20260507_213733_993592,basic_ppo,Basic PPO,base,money,1200.0,3.0,3.0,1000.0,MIX12,323.0,12.0,True,"secondary summary; collapsed_rows=60; columns=k,model_label,seed,C,F,T,test_regime,value_accept_ratio,drops,flushes,drop_rate,count_accept_ratio,settled,total_requested_value,source_file,p,tau,accepted_value,flush_cost,money,money_method; reference only; do not use for raw metric aggregation; source_files=1; money reward detected"
secondary_summary_csv,src/idea4/analysis/main_factorized_ac_story/kwallet_excluded_results.csv,,basic_ppo,Basic PPO,base,original,1200.0,3.0,3.0,1000.0,MIX12_EQ,323.0,12.0,True,"secondary summary; collapsed_rows=1; columns=k,C,F,T,model_family,model_mode,seed,train_regime,eval_protocol,scenario,mean_value_accept_ratio,worst_regime_value_accept_ratio,std_value_accept_ratio_across_regimes,avg_drops,avg_flushes,avg_drop_rate,avg_count_accept_ratio,num_test_regimes,action_space_size,policy_output_size,source_type,main_result_confidence,from_archive,source_file,notes,reason_excluded; reference only; do not use for raw metric aggregation; source_files=1"
secondary_summary_csv,src/idea4/analysis/main_factorized_ac_story/kwallet_expected_vs_found_matrix.csv,20260507_213733_993592,Basic_AC_or_PPO,Basic PPO,base,original,1200.0,3.0,3.0,1000.0,MIX12,323.0,,False,"secondary summary; collapsed_rows=1; columns=k,seed,model_family,expected,found,status,source_type,source_file,notes; reference only; do not use for raw metric aggregation; source_files=1"
secondary_summary_csv,src/idea4/analysis/main_factorized_ac_story/kwallet_main_k_scaling_summary.csv,20260507_213733_993592,basic_ppo,Basic PPO,base,original,1200.0,3.0,3.0,1000.0,MIX12_EQ,323.0,12.0,True,"secondary summary; collapsed_rows=1; columns=k,C,F,T,model_family,model_mode,seed,train_regime,eval_protocol,scenario,mean_value_accept_ratio,worst_regime_value_accept_ratio,std_value_accept_ratio_across_regimes,avg_drops,avg_flushes,avg_drop_rate,avg_count_accept_ratio,num_test_regimes,action_space_size,policy_output_size,source_type,main_result_confidence,from_archive,source_file,notes; reference only; do not use for raw metric aggregation; source_files=1"
secondary_summary_csv,src/idea4/analysis/main_factorized_ac_story/kwallet_regime_level_results.csv,20260507_213733_993592,basic_ppo,Basic PPO,base,original,1200.0,3.0,3.0,1000.0,MIX12_EQ,323.0,12.0,True,"secondary summary; collapsed_rows=12; columns=k,C,F,T,model_family,model_mode,seed,train_regime,eval_protocol,test_regime,value_accept_ratio,drops,flushes,drop_rate,count_accept_ratio,scenario,source_type,main_result_confidence,from_archive,source_file; reference only; do not use for raw metric aggregation; source_files=1"
secondary_summary_csv,src/idea4/ac/results/final_comparison_tables/all_regime_rows_long.csv,20260507_214911_366876,basic_ppo,Basic PPO,base,original,1200.0,6.0,3.0,1000.0,MIX12_EQ,123.0,12.0,True,"secondary summary; collapsed_rows=12; columns=model_label,family,train_regime,seed,C,k,F,T,test_regime,value_accept_ratio,drops,flushes,drop_rate,count_accept_ratio,scenario,source_file; reference only; do not use for raw metric aggregation; source_files=1"
secondary_summary_csv,src/idea4/ac/results/final_comparison_tables/money_ci_regime_seed_long.csv,20260507_214911_366876,basic_ppo,Basic PPO,base,money,1200.0,6.0,3.0,1000.0,MIX12,123.0,12.0,True,"secondary summary; collapsed_rows=60; columns=k,model_label,seed,C,F,T,test_regime,value_accept_ratio,drops,flushes,drop_rate,count_accept_ratio,settled,total_requested_value,source_file,p,tau,accepted_value,flush_cost,money,money_method; reference only; do not use for raw metric aggregation; source_files=1; money reward detected"
secondary_summary_csv,src/idea4/analysis/main_factorized_ac_story/kwallet_excluded_results.csv,,basic_ppo,Basic PPO,base,original,1200.0,6.0,3.0,1000.0,MIX12_EQ,123.0,12.0,True,"secondary summary; collapsed_rows=1; columns=k,C,F,T,model_family,model_mode,seed,train_regime,eval_protocol,scenario,mean_value_accept_ratio,worst_regime_value_accept_ratio,std_value_accept_ratio_across_regimes,avg_drops,avg_flushes,avg_drop_rate,avg_count_accept_ratio,num_test_regimes,action_space_size,policy_output_size,source_type,main_result_confidence,from_archive,source_file,notes,reason_excluded; reference only; do not use for raw metric aggregation; source_files=1"
secondary_summary_csv,src/idea4/analysis/main_factorized_ac_story/kwallet_expected_vs_found_matrix.csv,20260507_214911_366876,Basic_AC_or_PPO,Basic PPO,base,original,1200.0,6.0,3.0,1000.0,MIX12,123.0,,False,"secondary summary; collapsed_rows=1; columns=k,seed,model_family,expected,found,status,source_type,source_file,notes; reference only; do not use for raw metric aggregation; source_files=1"
secondary_summary_csv,src/idea4/analysis/main_factorized_ac_story/kwallet_k_scaling_aggregate_by_model.csv,20260507_220040_799666,Basic_AC_or_PPO,Basic PPO,base,original,1200.0,6.0,3.0,1000.0,MIX12,123.0,,False,"secondary summary; collapsed_rows=1; columns=k,model_family,num_seeds,mean_of_mean_value_accept_ratio,sd_of_mean_value_accept_ratio,mean_worst_regime_value_accept_ratio,mean_avg_drops,mean_avg_drop_rate,action_space_size,short_interpretation,source_file; reference only; do not use for raw metric aggregation; source_files=2"
secondary_summary_csv,src/idea4/analysis/main_factorized_ac_story/kwallet_main_k_scaling_summary.csv,20260507_214911_366876,basic_ppo,Basic PPO,base,original,1200.0,6.0,3.0,1000.0,MIX12_EQ,123.0,12.0,True,"secondary summary; collapsed_rows=1; columns=k,C,F,T,model_family,model_mode,seed,train_regime,eval_protocol,scenario,mean_value_accept_ratio,worst_regime_value_accept_ratio,std_value_accept_ratio_across_regimes,avg_drops,avg_flushes,avg_drop_rate,avg_count_accept_ratio,num_test_regimes,action_space_size,policy_output_size,source_type,main_result_confidence,from_archive,source_file,notes; reference only; do not use for raw metric aggregation; source_files=1"
secondary_summary_csv,src/idea4/analysis/main_factorized_ac_story/kwallet_regime_level_results.csv,20260507_214911_366876,basic_ppo,Basic PPO,base,original,1200.0,6.0,3.0,1000.0,MIX12_EQ,123.0,12.0,True,"secondary summary; collapsed_rows=12; columns=k,C,F,T,model_family,model_mode,seed,train_regime,eval_protocol,test_regime,value_accept_ratio,drops,flushes,drop_rate,count_accept_ratio,scenario,source_type,main_result_confidence,from_archive,source_file; reference only; do not use for raw metric aggregation; source_files=1"
secondary_summary_csv,src/idea4/ac/results/final_comparison_tables/all_regime_rows_long.csv,20260507_220040_799666,basic_ppo,Basic PPO,base,original,1200.0,6.0,3.0,1000.0,MIX12_EQ,323.0,12.0,True,"secondary summary; collapsed_rows=12; columns=model_label,family,train_regime,seed,C,k,F,T,test_regime,value_accept_ratio,drops,flushes,drop_rate,count_accept_ratio,scenario,source_file; reference only; do not use for raw metric aggregation; source_files=1"
secondary_summary_csv,src/idea4/ac/results/final_comparison_tables/money_ci_regime_seed_long.csv,20260507_220040_799666,basic_ppo,Basic PPO,base,money,1200.0,6.0,3.0,1000.0,MIX12,323.0,12.0,True,"secondary summary; collapsed_rows=60; columns=k,model_label,seed,C,F,T,test_regime,value_accept_ratio,drops,flushes,drop_rate,count_accept_ratio,settled,total_requested_value,source_file,p,tau,accepted_value,flush_cost,money,money_method; reference only; do not use for raw metric aggregation; source_files=1; money reward detected"
secondary_summary_csv,src/idea4/analysis/main_factorized_ac_story/kwallet_excluded_results.csv,,basic_ppo,Basic PPO,base,original,1200.0,6.0,3.0,1000.0,MIX12_EQ,323.0,12.0,True,"secondary summary; collapsed_rows=1; columns=k,C,F,T,model_family,model_mode,seed,train_regime,eval_protocol,scenario,mean_value_accept_ratio,worst_regime_value_accept_ratio,std_value_accept_ratio_across_regimes,avg_drops,avg_flushes,avg_drop_rate,avg_count_accept_ratio,num_test_regimes,action_space_size,policy_output_size,source_type,main_result_confidence,from_archive,source_file,notes,reason_excluded; reference only; do not use for raw metric aggregation; source_files=1"
secondary_summary_csv,src/idea4/analysis/main_factorized_ac_story/kwallet_expected_vs_found_matrix.csv,20260507_220040_799666,Basic_AC_or_PPO,Basic PPO,base,original,1200.0,6.0,3.0,1000.0,MIX12,323.0,,False,"secondary summary; collapsed_rows=1; columns=k,seed,model_family,expected,found,status,source_type,source_file,notes; reference only; do not use for raw metric aggregation; source_files=1"
secondary_summary_csv,src/idea4/analysis/main_factorized_ac_story/kwallet_main_k_scaling_summary.csv,20260507_220040_799666,basic_ppo,Basic PPO,base,original,1200.0,6.0,3.0,1000.0,MIX12_EQ,323.0,12.0,True,"secondary summary; collapsed_rows=1; columns=k,C,F,T,model_family,model_mode,seed,train_regime,eval_protocol,scenario,mean_value_accept_ratio,worst_regime_value_accept_ratio,std_value_accept_ratio_across_regimes,avg_drops,avg_flushes,avg_drop_rate,avg_count_accept_ratio,num_test_regimes,action_space_size,policy_output_size,source_type,main_result_confidence,from_archive,source_file,notes; reference only; do not use for raw metric aggregation; source_files=1"
secondary_summary_csv,src/idea4/analysis/main_factorized_ac_story/kwallet_regime_level_results.csv,20260507_220040_799666,basic_ppo,Basic PPO,base,original,1200.0,6.0,3.0,1000.0,MIX12_EQ,323.0,12.0,True,"secondary summary; collapsed_rows=12; columns=k,C,F,T,model_family,model_mode,seed,train_regime,eval_protocol,test_regime,value_accept_ratio,drops,flushes,drop_rate,count_accept_ratio,scenario,source_type,main_result_confidence,from_archive,source_file; reference only; do not use for raw metric aggregation; source_files=1"
secondary_summary_csv,src/idea4/ac/results/final_comparison_tables/all_regime_rows_long.csv,20260507_221205_537294,basic_ppo,Basic PPO,base,original,1200.0,12.0,3.0,1000.0,MIX12_EQ,123.0,12.0,True,"secondary summary; collapsed_rows=12; columns=model_label,family,train_regime,seed,C,k,F,T,test_regime,value_accept_ratio,drops,flushes,drop_rate,count_accept_ratio,scenario,source_file; reference only; do not use for raw metric aggregation; source_files=1"
secondary_summary_csv,src/idea4/ac/results/final_comparison_tables/money_ci_regime_seed_long.csv,20260507_221205_537294,basic_ppo,Basic PPO,base,money,1200.0,12.0,3.0,1000.0,MIX12,123.0,12.0,True,"secondary summary; collapsed_rows=60; columns=k,model_label,seed,C,F,T,test_regime,value_accept_ratio,drops,flushes,drop_rate,count_accept_ratio,settled,total_requested_value,source_file,p,tau,accepted_value,flush_cost,money,money_method; reference only; do not use for raw metric aggregation; source_files=1; money reward detected"
secondary_summary_csv,src/idea4/analysis/main_factorized_ac_story/kwallet_excluded_results.csv,,basic_ppo,Basic PPO,base,original,1200.0,12.0,3.0,1000.0,MIX12_EQ,123.0,12.0,True,"secondary summary; collapsed_rows=1; columns=k,C,F,T,model_family,model_mode,seed,train_regime,eval_protocol,scenario,mean_value_accept_ratio,worst_regime_value_accept_ratio,std_value_accept_ratio_across_regimes,avg_drops,avg_flushes,avg_drop_rate,avg_count_accept_ratio,num_test_regimes,action_space_size,policy_output_size,source_type,main_result_confidence,from_archive,source_file,notes,reason_excluded; reference only; do not use for raw metric aggregation; source_files=1"
secondary_summary_csv,src/idea4/analysis/main_factorized_ac_story/kwallet_expected_vs_found_matrix.csv,20260507_221205_537294,Basic_AC_or_PPO,Basic PPO,base,original,1200.0,12.0,3.0,1000.0,MIX12,123.0,,False,"secondary summary; collapsed_rows=1; columns=k,seed,model_family,expected,found,status,source_type,source_file,notes; reference only; do not use for raw metric aggregation; source_files=1"
secondary_summary_csv,src/idea4/analysis/main_factorized_ac_story/kwallet_k_scaling_aggregate_by_model.csv,20260507_222411_366919,Basic_AC_or_PPO,Basic PPO,base,original,1200.0,12.0,3.0,1000.0,MIX12,123.0,,False,"secondary summary; collapsed_rows=1; columns=k,model_family,num_seeds,mean_of_mean_value_accept_ratio,sd_of_mean_value_accept_ratio,mean_worst_regime_value_accept_ratio,mean_avg_drops,mean_avg_drop_rate,action_space_size,short_interpretation,source_file; reference only; do not use for raw metric aggregation; source_files=2"
secondary_summary_csv,src/idea4/analysis/main_factorized_ac_story/kwallet_main_k_scaling_summary.csv,20260507_221205_537294,basic_ppo,Basic PPO,base,original,1200.0,12.0,3.0,1000.0,MIX12_EQ,123.0,12.0,True,"secondary summary; collapsed_rows=1; columns=k,C,F,T,model_family,model_mode,seed,train_regime,eval_protocol,scenario,mean_value_accept_ratio,worst_regime_value_accept_ratio,std_value_accept_ratio_across_regimes,avg_drops,avg_flushes,avg_drop_rate,avg_count_accept_ratio,num_test_regimes,action_space_size,policy_output_size,source_type,main_result_confidence,from_archive,source_file,notes; reference only; do not use for raw metric aggregation; source_files=1"
secondary_summary_csv,src/idea4/analysis/main_factorized_ac_story/kwallet_regime_level_results.csv,20260507_221205_537294,basic_ppo,Basic PPO,base,original,1200.0,12.0,3.0,1000.0,MIX12_EQ,123.0,12.0,True,"secondary summary; collapsed_rows=12; columns=k,C,F,T,model_family,model_mode,seed,train_regime,eval_protocol,test_regime,value_accept_ratio,drops,flushes,drop_rate,count_accept_ratio,scenario,source_type,main_result_confidence,from_archive,source_file; reference only; do not use for raw metric aggregation; source_files=1"
secondary_summary_csv,src/idea4/ac/results/final_comparison_tables/all_regime_rows_long.csv,20260507_222411_366919,basic_ppo,Basic PPO,base,original,1200.0,12.0,3.0,1000.0,MIX12_EQ,323.0,12.0,True,"secondary summary; collapsed_rows=12; columns=model_label,family,train_regime,seed,C,k,F,T,test_regime,value_accept_ratio,drops,flushes,drop_rate,count_accept_ratio,scenario,source_file; reference only; do not use for raw metric aggregation; source_files=1"
secondary_summary_csv,src/idea4/ac/results/final_comparison_tables/money_ci_regime_seed_long.csv,20260507_222411_366919,basic_ppo,Basic PPO,base,money,1200.0,12.0,3.0,1000.0,MIX12,323.0,12.0,True,"secondary summary; collapsed_rows=60; columns=k,model_label,seed,C,F,T,test_regime,value_accept_ratio,drops,flushes,drop_rate,count_accept_ratio,settled,total_requested_value,source_file,p,tau,accepted_value,flush_cost,money,money_method; reference only; do not use for raw metric aggregation; source_files=1; money reward detected"
secondary_summary_csv,src/idea4/analysis/main_factorized_ac_story/kwallet_excluded_results.csv,,basic_ppo,Basic PPO,base,original,1200.0,12.0,3.0,1000.0,MIX12_EQ,323.0,12.0,True,"secondary summary; collapsed_rows=1; columns=k,C,F,T,model_family,model_mode,seed,train_regime,eval_protocol,scenario,mean_value_accept_ratio,worst_regime_value_accept_ratio,std_value_accept_ratio_across_regimes,avg_drops,avg_flushes,avg_drop_rate,avg_count_accept_ratio,num_test_regimes,action_space_size,policy_output_size,source_type,main_result_confidence,from_archive,source_file,notes,reason_excluded; reference only; do not use for raw metric aggregation; source_files=1"
secondary_summary_csv,src/idea4/analysis/main_factorized_ac_story/kwallet_expected_vs_found_matrix.csv,20260507_222411_366919,Basic_AC_or_PPO,Basic PPO,base,original,1200.0,12.0,3.0,1000.0,MIX12,323.0,,False,"secondary summary; collapsed_rows=1; columns=k,seed,model_family,expected,found,status,source_type,source_file,notes; reference only; do not use for raw metric aggregation; source_files=1"
secondary_summary_csv,src/idea4/analysis/main_factorized_ac_story/kwallet_main_k_scaling_summary.csv,20260507_222411_366919,basic_ppo,Basic PPO,base,original,1200.0,12.0,3.0,1000.0,MIX12_EQ,323.0,12.0,True,"secondary summary; collapsed_rows=1; columns=k,C,F,T,model_family,model_mode,seed,train_regime,eval_protocol,scenario,mean_value_accept_ratio,worst_regime_value_accept_ratio,std_value_accept_ratio_across_regimes,avg_drops,avg_flushes,avg_drop_rate,avg_count_accept_ratio,num_test_regimes,action_space_size,policy_output_size,source_type,main_result_confidence,from_archive,source_file,notes; reference only; do not use for raw metric aggregation; source_files=1"
secondary_summary_csv,src/idea4/analysis/main_factorized_ac_story/kwallet_regime_level_results.csv,20260507_222411_366919,basic_ppo,Basic PPO,base,original,1200.0,12.0,3.0,1000.0,MIX12_EQ,323.0,12.0,True,"secondary summary; collapsed_rows=12; columns=k,C,F,T,model_family,model_mode,seed,train_regime,eval_protocol,test_regime,value_accept_ratio,drops,flushes,drop_rate,count_accept_ratio,scenario,source_type,main_result_confidence,from_archive,source_file; reference only; do not use for raw metric aggregation; source_files=1"
secondary_summary_csv,src/idea4/ac/results/summary_money/seed_level_summary_with_money.csv,,basic_ppo,Basic PPO,base,original,1200.0,12.0,6.0,,,123.0,,True,"secondary summary; collapsed_rows=1; columns=C,k,F,model_mode,seed,regimes,mean_valacc,worst_valacc,std_valacc_across_regimes,mean_drops,mean_flushes,mean_eval_money,worst_eval_money,std_eval_money_across_regimes,mean_valacc_pct,worst_valacc_pct,mean_gate; reference only; do not use for raw metric aggregation"
secondary_summary_csv,src/idea4/ac/results/summary_money/overall_summary_with_money_ci.csv,,basic_ppo,Basic PPO,base,money,1200.0,12.0,6.0,,,,,True,"secondary summary; collapsed_rows=1; columns=C,k,F,model_mode,seed_count,ci_status,mean_valacc_pct_mean,mean_valacc_pct_ci_low,mean_valacc_pct_ci_high,mean_valacc_pct_ci_half_width,worst_valacc_pct_mean,worst_valacc_pct_ci_low,worst_valacc_pct_ci_high,worst_valacc_pct_ci_half_width,mean_drops_mean,mean_drops_ci_low,mean_drops_ci_high,mean_drops_ci_half_width,mean_flushes_mean,mean_flushes_ci_low,mean_flushes_ci_high,mean_flushes_ci_half_width,mean_eval_money_mean,mean_eval_money_ci_low,mean_eval_money_ci_high,mean_eval_money_ci_half_width,worst_eval_money_mean,worst_eval_money_ci_low,worst_eval_money_ci_high,worst_eval_money_ci_half_width,std_eval_money_across_regimes_mean,std_eval_money_across_regimes_ci_low,std_eval_money_across_regimes_ci_high,std_eval_money_across_regimes_ci_half_width,mean_gate_mean,mean_gate_ci_low,mean_gate_ci_high,mean_gate_ci_half_width; reference only; do not use for raw metric aggregation; money reward detected"
secondary_summary_csv,src/idea4/ac/results/stress_tests/comparison/stress_test_long.csv,20260507_232806_087683,basic_ppo,Basic PPO,base,original,1200.0,24.0,3.0,1000.0,MIX12,123.0,12.0,True,"secondary summary; collapsed_rows=13; columns=level,setting,model_family,model_mode,scenario,seed,test_regime,C,k,F,T,value_accept_ratio,drops,drop_rate,flushes,count_accept_ratio,mean_value_accept_ratio,worst_regime_value_accept_ratio,std_value_accept_ratio_across_regimes,policy_output_size,source_file; reference only; do not use for raw metric aggregation; source_files=1"
secondary_summary_csv,src/idea4/ac/results/stress_tests/comparison/stress_test_long.csv,20260508_003844_446672,basic_ppo,Basic PPO,base,original,1200.0,24.0,3.0,1000.0,MIX12,323.0,12.0,True,"secondary summary; collapsed_rows=13; columns=level,setting,model_family,model_mode,scenario,seed,test_regime,C,k,F,T,value_accept_ratio,drops,drop_rate,flushes,count_accept_ratio,mean_value_accept_ratio,worst_regime_value_accept_ratio,std_value_accept_ratio_across_regimes,policy_output_size,source_file; reference only; do not use for raw metric aggregation; source_files=1"
secondary_summary_csv,src/idea4/ac/results/summary_money/seed_level_summary_with_money.csv,,dual_branch_capacity_only,Capacity-only Dual AC,capacity_only,original,800.0,12.0,3.0,,,123.0,,True,"secondary summary; collapsed_rows=1; columns=C,k,F,model_mode,seed,regimes,mean_valacc,worst_valacc,std_valacc_across_regimes,mean_drops,mean_flushes,mean_eval_money,worst_eval_money,std_eval_money_across_regimes,mean_valacc_pct,worst_valacc_pct,mean_gate; reference only; do not use for raw metric aggregation"
secondary_summary_csv,src/idea4/ac/results/summary_money/overall_summary_with_money_ci.csv,,dual_branch_capacity_only,Capacity-only Dual AC,capacity_only,money,800.0,12.0,3.0,,,,,True,"secondary summary; collapsed_rows=1; columns=C,k,F,model_mode,seed_count,ci_status,mean_valacc_pct_mean,mean_valacc_pct_ci_low,mean_valacc_pct_ci_high,mean_valacc_pct_ci_half_width,worst_valacc_pct_mean,worst_valacc_pct_ci_low,worst_valacc_pct_ci_high,worst_valacc_pct_ci_half_width,mean_drops_mean,mean_drops_ci_low,mean_drops_ci_high,mean_drops_ci_half_width,mean_flushes_mean,mean_flushes_ci_low,mean_flushes_ci_high,mean_flushes_ci_half_width,mean_eval_money_mean,mean_eval_money_ci_low,mean_eval_money_ci_high,mean_eval_money_ci_half_width,worst_eval_money_mean,worst_eval_money_ci_low,worst_eval_money_ci_high,worst_eval_money_ci_half_width,std_eval_money_across_regimes_mean,std_eval_money_across_regimes_ci_low,std_eval_money_across_regimes_ci_high,std_eval_money_across_regimes_ci_half_width,mean_gate_mean,mean_gate_ci_low,mean_gate_ci_high,mean_gate_ci_half_width; reference only; do not use for raw metric aggregation; money reward detected"
secondary_summary_csv,src/idea4/ac/results/summary_money/seed_level_summary_with_money.csv,,dual_branch_capacity_only,Capacity-only Dual AC,capacity_only,original,800.0,12.0,6.0,,,123.0,,True,"secondary summary; collapsed_rows=1; columns=C,k,F,model_mode,seed,regimes,mean_valacc,worst_valacc,std_valacc_across_regimes,mean_drops,mean_flushes,mean_eval_money,worst_eval_money,std_eval_money_across_regimes,mean_valacc_pct,worst_valacc_pct,mean_gate; reference only; do not use for raw metric aggregation"
secondary_summary_csv,src/idea4/ac/results/summary_money/overall_summary_with_money_ci.csv,,dual_branch_capacity_only,Capacity-only Dual AC,capacity_only,money,800.0,12.0,6.0,,,,,True,"secondary summary; collapsed_rows=1; columns=C,k,F,model_mode,seed_count,ci_status,mean_valacc_pct_mean,mean_valacc_pct_ci_low,mean_valacc_pct_ci_high,mean_valacc_pct_ci_half_width,worst_valacc_pct_mean,worst_valacc_pct_ci_low,worst_valacc_pct_ci_high,worst_valacc_pct_ci_half_width,mean_drops_mean,mean_drops_ci_low,mean_drops_ci_high,mean_drops_ci_half_width,mean_flushes_mean,mean_flushes_ci_low,mean_flushes_ci_high,mean_flushes_ci_half_width,mean_eval_money_mean,mean_eval_money_ci_low,mean_eval_money_ci_high,mean_eval_money_ci_half_width,worst_eval_money_mean,worst_eval_money_ci_low,worst_eval_money_ci_high,worst_eval_money_ci_half_width,std_eval_money_across_regimes_mean,std_eval_money_across_regimes_ci_low,std_eval_money_across_regimes_ci_high,std_eval_money_across_regimes_ci_half_width,mean_gate_mean,mean_gate_ci_low,mean_gate_ci_high,mean_gate_ci_half_width; reference only; do not use for raw metric aggregation; money reward detected"
secondary_summary_csv,src/idea4/ac/results/summary_money/seed_level_summary_with_money.csv,,dual_branch_capacity_only,Capacity-only Dual AC,capacity_only,original,800.0,24.0,3.0,,,123.0,,True,"secondary summary; collapsed_rows=1; columns=C,k,F,model_mode,seed,regimes,mean_valacc,worst_valacc,std_valacc_across_regimes,mean_drops,mean_flushes,mean_eval_money,worst_eval_money,std_eval_money_across_regimes,mean_valacc_pct,worst_valacc_pct,mean_gate; reference only; do not use for raw metric aggregation"
secondary_summary_csv,src/idea4/ac/results/summary_money/overall_summary_with_money_ci.csv,,dual_branch_capacity_only,Capacity-only Dual AC,capacity_only,money,800.0,24.0,3.0,,,,,True,"secondary summary; collapsed_rows=1; columns=C,k,F,model_mode,seed_count,ci_status,mean_valacc_pct_mean,mean_valacc_pct_ci_low,mean_valacc_pct_ci_high,mean_valacc_pct_ci_half_width,worst_valacc_pct_mean,worst_valacc_pct_ci_low,worst_valacc_pct_ci_high,worst_valacc_pct_ci_half_width,mean_drops_mean,mean_drops_ci_low,mean_drops_ci_high,mean_drops_ci_half_width,mean_flushes_mean,mean_flushes_ci_low,mean_flushes_ci_high,mean_flushes_ci_half_width,mean_eval_money_mean,mean_eval_money_ci_low,mean_eval_money_ci_high,mean_eval_money_ci_half_width,worst_eval_money_mean,worst_eval_money_ci_low,worst_eval_money_ci_high,worst_eval_money_ci_half_width,std_eval_money_across_regimes_mean,std_eval_money_across_regimes_ci_low,std_eval_money_across_regimes_ci_high,std_eval_money_across_regimes_ci_half_width,mean_gate_mean,mean_gate_ci_low,mean_gate_ci_high,mean_gate_ci_half_width; reference only; do not use for raw metric aggregation; money reward detected"
secondary_summary_csv,src/idea4/ac/results/summary_money/seed_level_summary_with_money.csv,,dual_branch_capacity_only,Capacity-only Dual AC,capacity_only,original,1200.0,12.0,3.0,,,123.0,,True,"secondary summary; collapsed_rows=1; columns=C,k,F,model_mode,seed,regimes,mean_valacc,worst_valacc,std_valacc_across_regimes,mean_drops,mean_flushes,mean_eval_money,worst_eval_money,std_eval_money_across_regimes,mean_valacc_pct,worst_valacc_pct,mean_gate; reference only; do not use for raw metric aggregation"
secondary_summary_csv,src/idea4/ac/results/summary_money/overall_summary_with_money_ci.csv,,dual_branch_capacity_only,Capacity-only Dual AC,capacity_only,money,1200.0,12.0,3.0,,,,,True,"secondary summary; collapsed_rows=1; columns=C,k,F,model_mode,seed_count,ci_status,mean_valacc_pct_mean,mean_valacc_pct_ci_low,mean_valacc_pct_ci_high,mean_valacc_pct_ci_half_width,worst_valacc_pct_mean,worst_valacc_pct_ci_low,worst_valacc_pct_ci_high,worst_valacc_pct_ci_half_width,mean_drops_mean,mean_drops_ci_low,mean_drops_ci_high,mean_drops_ci_half_width,mean_flushes_mean,mean_flushes_ci_low,mean_flushes_ci_high,mean_flushes_ci_half_width,mean_eval_money_mean,mean_eval_money_ci_low,mean_eval_money_ci_high,mean_eval_money_ci_half_width,worst_eval_money_mean,worst_eval_money_ci_low,worst_eval_money_ci_high,worst_eval_money_ci_half_width,std_eval_money_across_regimes_mean,std_eval_money_across_regimes_ci_low,std_eval_money_across_regimes_ci_high,std_eval_money_across_regimes_ci_half_width,mean_gate_mean,mean_gate_ci_low,mean_gate_ci_high,mean_gate_ci_half_width; reference only; do not use for raw metric aggregation; money reward detected"
secondary_summary_csv,src/idea4/ac/results/summary_money/seed_level_summary_with_money.csv,,dual_branch_capacity_only,Capacity-only Dual AC,capacity_only,original,1200.0,12.0,6.0,,,123.0,,True,"secondary summary; collapsed_rows=1; columns=C,k,F,model_mode,seed,regimes,mean_valacc,worst_valacc,std_valacc_across_regimes,mean_drops,mean_flushes,mean_eval_money,worst_eval_money,std_eval_money_across_regimes,mean_valacc_pct,worst_valacc_pct,mean_gate; reference only; do not use for raw metric aggregation"
secondary_summary_csv,src/idea4/ac/results/summary_money/overall_summary_with_money_ci.csv,,dual_branch_capacity_only,Capacity-only Dual AC,capacity_only,money,1200.0,12.0,6.0,,,,,True,"secondary summary; collapsed_rows=1; columns=C,k,F,model_mode,seed_count,ci_status,mean_valacc_pct_mean,mean_valacc_pct_ci_low,mean_valacc_pct_ci_high,mean_valacc_pct_ci_half_width,worst_valacc_pct_mean,worst_valacc_pct_ci_low,worst_valacc_pct_ci_high,worst_valacc_pct_ci_half_width,mean_drops_mean,mean_drops_ci_low,mean_drops_ci_high,mean_drops_ci_half_width,mean_flushes_mean,mean_flushes_ci_low,mean_flushes_ci_high,mean_flushes_ci_half_width,mean_eval_money_mean,mean_eval_money_ci_low,mean_eval_money_ci_high,mean_eval_money_ci_half_width,worst_eval_money_mean,worst_eval_money_ci_low,worst_eval_money_ci_high,worst_eval_money_ci_half_width,std_eval_money_across_regimes_mean,std_eval_money_across_regimes_ci_low,std_eval_money_across_regimes_ci_high,std_eval_money_across_regimes_ci_half_width,mean_gate_mean,mean_gate_ci_low,mean_gate_ci_high,mean_gate_ci_half_width; reference only; do not use for raw metric aggregation; money reward detected"
secondary_summary_csv,src/idea4/ac/results/stress_tests/comparison/stress_test_long.csv,20260508_010847_887694,baseline,DQN baseline,base,original,800.0,12.0,3.0,1000.0,MIX12,123.0,12.0,True,"secondary summary; collapsed_rows=13; columns=level,setting,model_family,model_mode,scenario,seed,test_regime,C,k,F,T,value_accept_ratio,drops,drop_rate,flushes,count_accept_ratio,mean_value_accept_ratio,worst_regime_value_accept_ratio,std_value_accept_ratio_across_regimes,policy_output_size,source_file; reference only; do not use for raw metric aggregation; source_files=1"
secondary_summary_csv,src/idea4/ac/results/stress_tests/comparison/stress_test_long.csv,20260508_020101_439176,baseline,DQN baseline,base,original,800.0,12.0,3.0,1000.0,MIX12,323.0,12.0,True,"secondary summary; collapsed_rows=13; columns=level,setting,model_family,model_mode,scenario,seed,test_regime,C,k,F,T,value_accept_ratio,drops,drop_rate,flushes,count_accept_ratio,mean_value_accept_ratio,worst_regime_value_accept_ratio,std_value_accept_ratio_across_regimes,policy_output_size,source_file; reference only; do not use for raw metric aggregation; source_files=1"
secondary_summary_csv,src/idea4/ac/results/stress_tests/comparison/stress_test_summary_by_model.csv,,DQN_baseline,DQN baseline,base,original,800.0,12.0,,,,,,False,"secondary summary; collapsed_rows=1; columns=setting,C,k,model_family,num_seeds,mean_value_accept_ratio,sd_value_accept_ratio,mean_worst_regime_value_accept_ratio,mean_avg_drops,mean_avg_drop_rate,mean_avg_flushes,policy_output_size; reference only; do not use for raw metric aggregation"
secondary_summary_csv,src/idea4/ac/results/complexity_tests_C800_k24/comparison/C800_k24_long.csv,20260508_072432_292549,baseline,DQN baseline,base,original,800.0,24.0,3.0,1000.0,MIX12,123.0,12.0,True,"secondary summary; collapsed_rows=13; columns=level,setting,model_family,model_mode,scenario,seed,test_regime,C,k,F,T,value_accept_ratio,drops,drop_rate,flushes,count_accept_ratio,mean_value_accept_ratio,worst_regime_value_accept_ratio,std_value_accept_ratio_across_regimes,policy_output_size,source_file; reference only; do not use for raw metric aggregation; source_files=1"
secondary_summary_csv,src/idea4/ac/results/complexity_tests_C800_k24/comparison/C800_k24_long.csv,20260508_084358_793536,baseline,DQN baseline,base,original,800.0,24.0,3.0,1000.0,MIX12,323.0,12.0,True,"secondary summary; collapsed_rows=13; columns=level,setting,model_family,model_mode,scenario,seed,test_regime,C,k,F,T,value_accept_ratio,drops,drop_rate,flushes,count_accept_ratio,mean_value_accept_ratio,worst_regime_value_accept_ratio,std_value_accept_ratio_across_regimes,policy_output_size,source_file; reference only; do not use for raw metric aggregation; source_files=1"
secondary_summary_csv,src/idea4/ac/results/complexity_tests_C800_k24/comparison/C800_k24_summary_by_model.csv,,DQN_baseline,DQN baseline,base,original,800.0,24.0,,,,,,False,"secondary summary; collapsed_rows=1; columns=setting,C,k,model_family,num_seeds,mean_value_accept_ratio,sd_value_accept_ratio,mean_worst_regime_value_accept_ratio,mean_avg_drops,mean_avg_drop_rate,mean_avg_flushes,policy_output_size; reference only; do not use for raw metric aggregation"
secondary_summary_csv,src/idea4/ac/results/final_comparison_tables/all_regime_rows_long.csv,,attn_context,DQN baseline,base,original,1200.0,3.0,3.0,1000.0,MIX12_EQ,123.0,12.0,True,"secondary summary; collapsed_rows=24; columns=model_label,family,train_regime,seed,C,k,F,T,test_regime,value_accept_ratio,drops,flushes,drop_rate,count_accept_ratio,scenario,source_file; reference only; do not use for raw metric aggregation; source_files=2"
secondary_summary_csv,src/idea4/ac/results/final_comparison_tables/money_ci_regime_seed_long.csv,20260504_015024_611040,baseline,DQN baseline,base,money,1200.0,3.0,3.0,1000.0,MIX12,123.0,12.0,True,"secondary summary; collapsed_rows=60; columns=k,model_label,seed,C,F,T,test_regime,value_accept_ratio,drops,flushes,drop_rate,count_accept_ratio,settled,total_requested_value,source_file,p,tau,accepted_value,flush_cost,money,money_method; reference only; do not use for raw metric aggregation; source_files=1; money reward detected"
secondary_summary_csv,src/idea4/ac/results/final_comparison_tables/all_regime_rows_long.csv,20260507_205843,unknown,DQN baseline,base,original,1200.0,6.0,3.0,1000.0,MIX12_EQ,123.0,12.0,True,"secondary summary; collapsed_rows=12; columns=model_label,family,train_regime,seed,C,k,F,T,test_regime,value_accept_ratio,drops,flushes,drop_rate,count_accept_ratio,scenario,source_file; reference only; do not use for raw metric aggregation; source_files=1"
secondary_summary_csv,src/idea4/ac/results/final_comparison_tables/k6_dqn_factorized_dual.csv,,dqn,DQN baseline,base,original,1200.0,6.0,3.0,1000.0,MIX12_EQ,123.0,12.0,True,"secondary summary; collapsed_rows=3; columns=model_label,train_regime,seed,C,k,F,T,mean_value_accept_ratio,mean_value_accept_ratio_percent,worst_regime_value_accept_ratio,worst_regime_value_accept_ratio_percent,std_value_accept_ratio_across_regimes,std_value_accept_ratio_percent,mean_drops,mean_flushes,num_regimes,completeness; reference only; do not use for raw metric aggregation"
secondary_summary_csv,src/idea4/ac/results/final_comparison_tables/money_ci_regime_seed_long.csv,20260507_205843,unknown,DQN baseline,base,money,1200.0,6.0,3.0,1000.0,MIX12,123.0,12.0,True,"secondary summary; collapsed_rows=60; columns=k,model_label,seed,C,F,T,test_regime,value_accept_ratio,drops,flushes,drop_rate,count_accept_ratio,settled,total_requested_value,source_file,p,tau,accepted_value,flush_cost,money,money_method; reference only; do not use for raw metric aggregation; source_files=1; money reward detected"
secondary_summary_csv,src/idea4/ac/results/final_comparison_tables/all_regime_rows_long.csv,20260507_212725,unknown,DQN baseline,base,original,1200.0,6.0,3.0,1000.0,MIX12_EQ,323.0,12.0,True,"secondary summary; collapsed_rows=12; columns=model_label,family,train_regime,seed,C,k,F,T,test_regime,value_accept_ratio,drops,flushes,drop_rate,count_accept_ratio,scenario,source_file; reference only; do not use for raw metric aggregation; source_files=1"
secondary_summary_csv,src/idea4/ac/results/final_comparison_tables/k6_dqn_factorized_dual.csv,,dqn,DQN baseline,base,original,1200.0,6.0,3.0,1000.0,MIX12_EQ,323.0,12.0,True,"secondary summary; collapsed_rows=3; columns=model_label,train_regime,seed,C,k,F,T,mean_value_accept_ratio,mean_value_accept_ratio_percent,worst_regime_value_accept_ratio,worst_regime_value_accept_ratio_percent,std_value_accept_ratio_across_regimes,std_value_accept_ratio_percent,mean_drops,mean_flushes,num_regimes,completeness; reference only; do not use for raw metric aggregation"
secondary_summary_csv,src/idea4/ac/results/final_comparison_tables/money_ci_regime_seed_long.csv,20260507_212725,unknown,DQN baseline,base,money,1200.0,6.0,3.0,1000.0,MIX12,323.0,12.0,True,"secondary summary; collapsed_rows=60; columns=k,model_label,seed,C,F,T,test_regime,value_accept_ratio,drops,flushes,drop_rate,count_accept_ratio,settled,total_requested_value,source_file,p,tau,accepted_value,flush_cost,money,money_method; reference only; do not use for raw metric aggregation; source_files=1; money reward detected"
secondary_summary_csv,src/idea4/ac/results/final_comparison_tables/all_regime_rows_long.csv,20260506_121117,unknown,DQN baseline,base,original,1200.0,12.0,3.0,1000.0,MIX12_EQ,123.0,12.0,True,"secondary summary; collapsed_rows=12; columns=model_label,family,train_regime,seed,C,k,F,T,test_regime,value_accept_ratio,drops,flushes,drop_rate,count_accept_ratio,scenario,source_file; reference only; do not use for raw metric aggregation; source_files=1"
secondary_summary_csv,src/idea4/ac/results/final_comparison_tables/money_ci_regime_seed_long.csv,20260506_121117,unknown,DQN baseline,base,money,1200.0,12.0,3.0,1000.0,MIX12,123.0,12.0,True,"secondary summary; collapsed_rows=60; columns=k,model_label,seed,C,F,T,test_regime,value_accept_ratio,drops,flushes,drop_rate,count_accept_ratio,settled,total_requested_value,source_file,p,tau,accepted_value,flush_cost,money,money_method; reference only; do not use for raw metric aggregation; source_files=1; money reward detected"
secondary_summary_csv,src/idea4/ac/results/final_comparison_tables/all_regime_rows_long.csv,20260506_141848,unknown,DQN baseline,base,original,1200.0,12.0,3.0,1000.0,MIX12_EQ,323.0,12.0,True,"secondary summary; collapsed_rows=12; columns=model_label,family,train_regime,seed,C,k,F,T,test_regime,value_accept_ratio,drops,flushes,drop_rate,count_accept_ratio,scenario,source_file; reference only; do not use for raw metric aggregation; source_files=1"
secondary_summary_csv,src/idea4/ac/results/final_comparison_tables/money_ci_regime_seed_long.csv,20260506_141848,unknown,DQN baseline,base,money,1200.0,12.0,3.0,1000.0,MIX12,323.0,12.0,True,"secondary summary; collapsed_rows=60; columns=k,model_label,seed,C,F,T,test_regime,value_accept_ratio,drops,flushes,drop_rate,count_accept_ratio,settled,total_requested_value,source_file,p,tau,accepted_value,flush_cost,money,money_method; reference only; do not use for raw metric aggregation; source_files=1; money reward detected"
secondary_summary_csv,src/idea4/ac/results/stress_tests/comparison/stress_test_long.csv,20260507_224554_214156,baseline,DQN baseline,base,original,1200.0,24.0,3.0,1000.0,MIX12,123.0,12.0,True,"secondary summary; collapsed_rows=13; columns=level,setting,model_family,model_mode,scenario,seed,test_regime,C,k,F,T,value_accept_ratio,drops,drop_rate,flushes,count_accept_ratio,mean_value_accept_ratio,worst_regime_value_accept_ratio,std_value_accept_ratio_across_regimes,policy_output_size,source_file; reference only; do not use for raw metric aggregation; source_files=1"
secondary_summary_csv,src/idea4/ac/results/stress_tests/comparison/stress_test_long.csv,20260507_235740_553961,baseline,DQN baseline,base,original,1200.0,24.0,3.0,1000.0,MIX12,323.0,12.0,True,"secondary summary; collapsed_rows=13; columns=level,setting,model_family,model_mode,scenario,seed,test_regime,C,k,F,T,value_accept_ratio,drops,drop_rate,flushes,count_accept_ratio,mean_value_accept_ratio,worst_regime_value_accept_ratio,std_value_accept_ratio_across_regimes,policy_output_size,source_file; reference only; do not use for raw metric aggregation; source_files=1"
secondary_summary_csv,src/idea4/ac/results/stress_tests/comparison/stress_test_summary_by_model.csv,,DQN_baseline,DQN baseline,base,original,1200.0,24.0,,,,,,False,"secondary summary; collapsed_rows=1; columns=setting,C,k,model_family,num_seeds,mean_value_accept_ratio,sd_value_accept_ratio,mean_worst_regime_value_accept_ratio,mean_avg_drops,mean_avg_drop_rate,mean_avg_flushes,policy_output_size; reference only; do not use for raw metric aggregation"
secondary_summary_csv,src/idea4/ac/results/final_comparison_tables/k12_model_summary.csv,,dqn_baseline,DQN baseline,base,original,,12.0,,,,123.0,12.0,False,"secondary summary; collapsed_rows=1; columns=model,seed,k,num_regimes,mean_value_accept_ratio,mean_value_accept_ratio_percent,worst_regime_value_accept_ratio,worst_regime_value_accept_ratio_percent,std_value_accept_ratio,std_value_accept_ratio_percent,mean_drops,mean_flushes; reference only; do not use for raw metric aggregation"
secondary_summary_csv,src/idea4/ac/results/final_comparison_tables/k12_regime_level.csv,,dqn_baseline,DQN baseline,base,original,,12.0,,,,123.0,12.0,True,"secondary summary; collapsed_rows=12; columns=model,seed,test_regime,value_accept_ratio,value_accept_ratio_percent,drops,flushes,drop_rate,count_accept_ratio,source; reference only; do not use for raw metric aggregation"
secondary_summary_csv,src/idea4/ac/results/final_comparison_tables/k12_model_summary.csv,,dqn_baseline,DQN baseline,base,original,,12.0,,,,323.0,12.0,False,"secondary summary; collapsed_rows=1; columns=model,seed,k,num_regimes,mean_value_accept_ratio,mean_value_accept_ratio_percent,worst_regime_value_accept_ratio,worst_regime_value_accept_ratio_percent,std_value_accept_ratio,std_value_accept_ratio_percent,mean_drops,mean_flushes; reference only; do not use for raw metric aggregation"
secondary_summary_csv,src/idea4/ac/results/final_comparison_tables/k12_regime_level.csv,,dqn_baseline,DQN baseline,base,original,,12.0,,,,323.0,12.0,True,"secondary summary; collapsed_rows=12; columns=model,seed,test_regime,value_accept_ratio,value_accept_ratio_percent,drops,flushes,drop_rate,count_accept_ratio,source; reference only; do not use for raw metric aggregation"
secondary_summary_csv,src/idea4/ac/results/summary_money/seed_level_summary_with_money.csv,,dual_branch_factorized_ac,Dual-branch AC,base,original,800.0,12.0,3.0,,,123.0,,True,"secondary summary; collapsed_rows=1; columns=C,k,F,model_mode,seed,regimes,mean_valacc,worst_valacc,std_valacc_across_regimes,mean_drops,mean_flushes,mean_eval_money,worst_eval_money,std_eval_money_across_regimes,mean_valacc_pct,worst_valacc_pct,mean_gate; reference only; do not use for raw metric aggregation"
secondary_summary_csv,src/idea4/ac/results/summary_money/overall_summary_with_money_ci.csv,,dual_branch_factorized_ac,Dual-branch AC,base,money,800.0,12.0,3.0,,,,,True,"secondary summary; collapsed_rows=1; columns=C,k,F,model_mode,seed_count,ci_status,mean_valacc_pct_mean,mean_valacc_pct_ci_low,mean_valacc_pct_ci_high,mean_valacc_pct_ci_half_width,worst_valacc_pct_mean,worst_valacc_pct_ci_low,worst_valacc_pct_ci_high,worst_valacc_pct_ci_half_width,mean_drops_mean,mean_drops_ci_low,mean_drops_ci_high,mean_drops_ci_half_width,mean_flushes_mean,mean_flushes_ci_low,mean_flushes_ci_high,mean_flushes_ci_half_width,mean_eval_money_mean,mean_eval_money_ci_low,mean_eval_money_ci_high,mean_eval_money_ci_half_width,worst_eval_money_mean,worst_eval_money_ci_low,worst_eval_money_ci_high,worst_eval_money_ci_half_width,std_eval_money_across_regimes_mean,std_eval_money_across_regimes_ci_low,std_eval_money_across_regimes_ci_high,std_eval_money_across_regimes_ci_half_width,mean_gate_mean,mean_gate_ci_low,mean_gate_ci_high,mean_gate_ci_half_width; reference only; do not use for raw metric aggregation; money reward detected"
secondary_summary_csv,src/idea4/ac/results/summary_money/seed_level_summary_with_money.csv,,dual_branch_factorized_ac,Dual-branch AC,base,original,800.0,12.0,6.0,,,123.0,,True,"secondary summary; collapsed_rows=1; columns=C,k,F,model_mode,seed,regimes,mean_valacc,worst_valacc,std_valacc_across_regimes,mean_drops,mean_flushes,mean_eval_money,worst_eval_money,std_eval_money_across_regimes,mean_valacc_pct,worst_valacc_pct,mean_gate; reference only; do not use for raw metric aggregation"
secondary_summary_csv,src/idea4/ac/results/summary_money/overall_summary_with_money_ci.csv,,dual_branch_factorized_ac,Dual-branch AC,base,money,800.0,12.0,6.0,,,,,True,"secondary summary; collapsed_rows=1; columns=C,k,F,model_mode,seed_count,ci_status,mean_valacc_pct_mean,mean_valacc_pct_ci_low,mean_valacc_pct_ci_high,mean_valacc_pct_ci_half_width,worst_valacc_pct_mean,worst_valacc_pct_ci_low,worst_valacc_pct_ci_high,worst_valacc_pct_ci_half_width,mean_drops_mean,mean_drops_ci_low,mean_drops_ci_high,mean_drops_ci_half_width,mean_flushes_mean,mean_flushes_ci_low,mean_flushes_ci_high,mean_flushes_ci_half_width,mean_eval_money_mean,mean_eval_money_ci_low,mean_eval_money_ci_high,mean_eval_money_ci_half_width,worst_eval_money_mean,worst_eval_money_ci_low,worst_eval_money_ci_high,worst_eval_money_ci_half_width,std_eval_money_across_regimes_mean,std_eval_money_across_regimes_ci_low,std_eval_money_across_regimes_ci_high,std_eval_money_across_regimes_ci_half_width,mean_gate_mean,mean_gate_ci_low,mean_gate_ci_high,mean_gate_ci_half_width; reference only; do not use for raw metric aggregation; money reward detected"
secondary_summary_csv,src/idea4/ac/results/summary_money/seed_level_summary_with_money.csv,,dual_branch_factorized_ac,Dual-branch AC,base,original,800.0,24.0,3.0,,,123.0,,True,"secondary summary; collapsed_rows=1; columns=C,k,F,model_mode,seed,regimes,mean_valacc,worst_valacc,std_valacc_across_regimes,mean_drops,mean_flushes,mean_eval_money,worst_eval_money,std_eval_money_across_regimes,mean_valacc_pct,worst_valacc_pct,mean_gate; reference only; do not use for raw metric aggregation"
secondary_summary_csv,src/idea4/ac/results/summary_money/overall_summary_with_money_ci.csv,,dual_branch_factorized_ac,Dual-branch AC,base,money,800.0,24.0,3.0,,,,,True,"secondary summary; collapsed_rows=1; columns=C,k,F,model_mode,seed_count,ci_status,mean_valacc_pct_mean,mean_valacc_pct_ci_low,mean_valacc_pct_ci_high,mean_valacc_pct_ci_half_width,worst_valacc_pct_mean,worst_valacc_pct_ci_low,worst_valacc_pct_ci_high,worst_valacc_pct_ci_half_width,mean_drops_mean,mean_drops_ci_low,mean_drops_ci_high,mean_drops_ci_half_width,mean_flushes_mean,mean_flushes_ci_low,mean_flushes_ci_high,mean_flushes_ci_half_width,mean_eval_money_mean,mean_eval_money_ci_low,mean_eval_money_ci_high,mean_eval_money_ci_half_width,worst_eval_money_mean,worst_eval_money_ci_low,worst_eval_money_ci_high,worst_eval_money_ci_half_width,std_eval_money_across_regimes_mean,std_eval_money_across_regimes_ci_low,std_eval_money_across_regimes_ci_high,std_eval_money_across_regimes_ci_half_width,mean_gate_mean,mean_gate_ci_low,mean_gate_ci_high,mean_gate_ci_half_width; reference only; do not use for raw metric aggregation; money reward detected"
secondary_summary_csv,archive/idea4_ac_results_20260505/results/dual_branch_ac/summary_tables 5/5 seed123 323/dual_ac_cross_regime_all_rows.csv,,dual_branch_factorized_ac,Dual-branch AC,base,original,1200.0,3.0,3.0,1000.0,MIX12_EQ,123.0,12.0,True,"secondary summary; collapsed_rows=12; columns=scenario,model_mode,train_regime,seed,test_regime,value_accept_ratio,drops,flushes,drop_rate,count_accept_ratio,gate_mean,mean_value_accept_ratio,worst_regime_value_accept_ratio,std_value_accept_ratio_across_regimes,C,k,F,T; reference only; do not use for raw metric aggregation"
secondary_summary_csv,src/idea4/ac/results/dual_branch_ac/summary_tables 5/5 seed123 323/dual_ac_cross_regime_all_rows.csv,,dual_branch_factorized_ac,Dual-branch AC,base,original,1200.0,3.0,3.0,1000.0,MIX12_EQ,123.0,12.0,True,"secondary summary; collapsed_rows=12; columns=scenario,model_mode,train_regime,seed,test_regime,value_accept_ratio,drops,flushes,drop_rate,count_accept_ratio,gate_mean,mean_value_accept_ratio,worst_regime_value_accept_ratio,std_value_accept_ratio_across_regimes,C,k,F,T; reference only; do not use for raw metric aggregation"
secondary_summary_csv,src/idea4/ac/results/final_comparison_tables/all_regime_rows_long.csv,20260505_155416_193647,dual_branch_factorized_ac,Dual-branch AC,base,original,1200.0,3.0,3.0,1000.0,MIX12_EQ,123.0,12.0,True,"secondary summary; collapsed_rows=12; columns=model_label,family,train_regime,seed,C,k,F,T,test_regime,value_accept_ratio,drops,flushes,drop_rate,count_accept_ratio,scenario,source_file; reference only; do not use for raw metric aggregation; source_files=1"
secondary_summary_csv,src/idea4/ac/results/final_comparison_tables/money_ci_regime_seed_long.csv,20260505_155416_193647,dual_branch_factorized_ac,Dual-branch AC,base,money,1200.0,3.0,3.0,1000.0,MIX12,123.0,12.0,True,"secondary summary; collapsed_rows=60; columns=k,model_label,seed,C,F,T,test_regime,value_accept_ratio,drops,flushes,drop_rate,count_accept_ratio,settled,total_requested_value,source_file,p,tau,accepted_value,flush_cost,money,money_method; reference only; do not use for raw metric aggregation; source_files=1; money reward detected"
secondary_summary_csv,src/idea4/analysis/main_factorized_ac_story/kwallet_excluded_results.csv,,dual_branch_factorized_ac,Dual-branch AC,base,original,1200.0,3.0,3.0,1000.0,MIX12_EQ,123.0,12.0,True,"secondary summary; collapsed_rows=8; columns=k,C,F,T,model_family,model_mode,seed,train_regime,eval_protocol,scenario,mean_value_accept_ratio,worst_regime_value_accept_ratio,std_value_accept_ratio_across_regimes,avg_drops,avg_flushes,avg_drop_rate,avg_count_accept_ratio,num_test_regimes,action_space_size,policy_output_size,source_type,main_result_confidence,from_archive,source_file,notes,reason_excluded; reference only; do not use for raw metric aggregation; source_files=8"
secondary_summary_csv,archive/idea4_ac_results_20260505/results/dual_branch_ac/summary_tables 5/5 seed123 323/dual_ac_cross_regime_all_rows.csv,,dual_branch_factorized_ac,Dual-branch AC,base,original,1200.0,3.0,3.0,1000.0,MIX12_EQ,323.0,12.0,True,"secondary summary; collapsed_rows=12; columns=scenario,model_mode,train_regime,seed,test_regime,value_accept_ratio,drops,flushes,drop_rate,count_accept_ratio,gate_mean,mean_value_accept_ratio,worst_regime_value_accept_ratio,std_value_accept_ratio_across_regimes,C,k,F,T; reference only; do not use for raw metric aggregation"
secondary_summary_csv,src/idea4/ac/results/dual_branch_ac/summary_tables 5/5 seed123 323/dual_ac_cross_regime_all_rows.csv,,dual_branch_factorized_ac,Dual-branch AC,base,original,1200.0,3.0,3.0,1000.0,MIX12_EQ,323.0,12.0,True,"secondary summary; collapsed_rows=12; columns=scenario,model_mode,train_regime,seed,test_regime,value_accept_ratio,drops,flushes,drop_rate,count_accept_ratio,gate_mean,mean_value_accept_ratio,worst_regime_value_accept_ratio,std_value_accept_ratio_across_regimes,C,k,F,T; reference only; do not use for raw metric aggregation"
secondary_summary_csv,src/idea4/ac/results/final_comparison_tables/all_regime_rows_long.csv,20260505_165828_143067,dual_branch_factorized_ac,Dual-branch AC,base,original,1200.0,3.0,3.0,1000.0,MIX12_EQ,323.0,12.0,True,"secondary summary; collapsed_rows=12; columns=model_label,family,train_regime,seed,C,k,F,T,test_regime,value_accept_ratio,drops,flushes,drop_rate,count_accept_ratio,scenario,source_file; reference only; do not use for raw metric aggregation; source_files=1"
secondary_summary_csv,src/idea4/ac/results/final_comparison_tables/money_ci_regime_seed_long.csv,20260505_165828_143067,dual_branch_factorized_ac,Dual-branch AC,base,money,1200.0,3.0,3.0,1000.0,MIX12,323.0,12.0,True,"secondary summary; collapsed_rows=60; columns=k,model_label,seed,C,F,T,test_regime,value_accept_ratio,drops,flushes,drop_rate,count_accept_ratio,settled,total_requested_value,source_file,p,tau,accepted_value,flush_cost,money,money_method; reference only; do not use for raw metric aggregation; source_files=1; money reward detected"
secondary_summary_csv,src/idea4/analysis/main_factorized_ac_story/kwallet_excluded_results.csv,,dual_branch_factorized_ac,Dual-branch AC,base,original,1200.0,3.0,3.0,1000.0,MIX12_EQ,323.0,12.0,True,"secondary summary; collapsed_rows=8; columns=k,C,F,T,model_family,model_mode,seed,train_regime,eval_protocol,scenario,mean_value_accept_ratio,worst_regime_value_accept_ratio,std_value_accept_ratio_across_regimes,avg_drops,avg_flushes,avg_drop_rate,avg_count_accept_ratio,num_test_regimes,action_space_size,policy_output_size,source_type,main_result_confidence,from_archive,source_file,notes,reason_excluded; reference only; do not use for raw metric aggregation; source_files=8"
secondary_summary_csv,src/idea4/ac/results/final_comparison_tables/all_regime_rows_long.csv,20260505_214117_653382,dual_branch_factorized_ac,Dual-branch AC,base,original,1200.0,6.0,3.0,1000.0,MIX12_EQ,123.0,12.0,True,"secondary summary; collapsed_rows=12; columns=model_label,family,train_regime,seed,C,k,F,T,test_regime,value_accept_ratio,drops,flushes,drop_rate,count_accept_ratio,scenario,source_file; reference only; do not use for raw metric aggregation; source_files=1"
secondary_summary_csv,src/idea4/ac/results/final_comparison_tables/money_ci_regime_seed_long.csv,20260505_214117_653382,dual_branch_factorized_ac,Dual-branch AC,base,money,1200.0,6.0,3.0,1000.0,MIX12,123.0,12.0,True,"secondary summary; collapsed_rows=60; columns=k,model_label,seed,C,F,T,test_regime,value_accept_ratio,drops,flushes,drop_rate,count_accept_ratio,settled,total_requested_value,source_file,p,tau,accepted_value,flush_cost,money,money_method; reference only; do not use for raw metric aggregation; source_files=1; money reward detected"
secondary_summary_csv,src/idea4/analysis/main_factorized_ac_story/kwallet_excluded_results.csv,,dual_branch_factorized_ac,Dual-branch AC,base,original,1200.0,6.0,3.0,1000.0,MIX12_EQ,123.0,12.0,True,"secondary summary; collapsed_rows=6; columns=k,C,F,T,model_family,model_mode,seed,train_regime,eval_protocol,scenario,mean_value_accept_ratio,worst_regime_value_accept_ratio,std_value_accept_ratio_across_regimes,avg_drops,avg_flushes,avg_drop_rate,avg_count_accept_ratio,num_test_regimes,action_space_size,policy_output_size,source_type,main_result_confidence,from_archive,source_file,notes,reason_excluded; reference only; do not use for raw metric aggregation; source_files=6"
secondary_summary_csv,src/idea4/ac/results/final_comparison_tables/all_regime_rows_long.csv,20260505_221616_688729,dual_branch_factorized_ac,Dual-branch AC,base,original,1200.0,6.0,3.0,1000.0,MIX12_EQ,323.0,12.0,True,"secondary summary; collapsed_rows=12; columns=model_label,family,train_regime,seed,C,k,F,T,test_regime,value_accept_ratio,drops,flushes,drop_rate,count_accept_ratio,scenario,source_file; reference only; do not use for raw metric aggregation; source_files=1"
secondary_summary_csv,src/idea4/ac/results/final_comparison_tables/money_ci_regime_seed_long.csv,20260505_221616_688729,dual_branch_factorized_ac,Dual-branch AC,base,money,1200.0,6.0,3.0,1000.0,MIX12,323.0,12.0,True,"secondary summary; collapsed_rows=60; columns=k,model_label,seed,C,F,T,test_regime,value_accept_ratio,drops,flushes,drop_rate,count_accept_ratio,settled,total_requested_value,source_file,p,tau,accepted_value,flush_cost,money,money_method; reference only; do not use for raw metric aggregation; source_files=1; money reward detected"
secondary_summary_csv,src/idea4/analysis/main_factorized_ac_story/kwallet_excluded_results.csv,,dual_branch_factorized_ac,Dual-branch AC,base,original,1200.0,6.0,3.0,1000.0,MIX12_EQ,323.0,12.0,True,"secondary summary; collapsed_rows=6; columns=k,C,F,T,model_family,model_mode,seed,train_regime,eval_protocol,scenario,mean_value_accept_ratio,worst_regime_value_accept_ratio,std_value_accept_ratio_across_regimes,avg_drops,avg_flushes,avg_drop_rate,avg_count_accept_ratio,num_test_regimes,action_space_size,policy_output_size,source_type,main_result_confidence,from_archive,source_file,notes,reason_excluded; reference only; do not use for raw metric aggregation; source_files=6"
secondary_summary_csv,src/idea4/ac/results/final_comparison_tables/all_regime_rows_long.csv,20260506_151752_310450,dual_branch_factorized_ac,Dual-branch AC,base,original,1200.0,12.0,3.0,1000.0,MIX12_EQ,123.0,12.0,True,"secondary summary; collapsed_rows=12; columns=model_label,family,train_regime,seed,C,k,F,T,test_regime,value_accept_ratio,drops,flushes,drop_rate,count_accept_ratio,scenario,source_file; reference only; do not use for raw metric aggregation; source_files=1"
secondary_summary_csv,src/idea4/ac/results/final_comparison_tables/money_ci_regime_seed_long.csv,20260506_151752_310450,dual_branch_factorized_ac,Dual-branch AC,base,money,1200.0,12.0,3.0,1000.0,MIX12,123.0,12.0,True,"secondary summary; collapsed_rows=60; columns=k,model_label,seed,C,F,T,test_regime,value_accept_ratio,drops,flushes,drop_rate,count_accept_ratio,settled,total_requested_value,source_file,p,tau,accepted_value,flush_cost,money,money_method; reference only; do not use for raw metric aggregation; source_files=1; money reward detected"
secondary_summary_csv,src/idea4/analysis/main_factorized_ac_story/kwallet_excluded_results.csv,,dual_branch_factorized_ac,Dual-branch AC,base,original,1200.0,12.0,3.0,1000.0,MIX12_EQ,123.0,12.0,True,"secondary summary; collapsed_rows=3; columns=k,C,F,T,model_family,model_mode,seed,train_regime,eval_protocol,scenario,mean_value_accept_ratio,worst_regime_value_accept_ratio,std_value_accept_ratio_across_regimes,avg_drops,avg_flushes,avg_drop_rate,avg_count_accept_ratio,num_test_regimes,action_space_size,policy_output_size,source_type,main_result_confidence,from_archive,source_file,notes,reason_excluded; reference only; do not use for raw metric aggregation; source_files=3"
secondary_summary_csv,src/idea4/ac/results/final_comparison_tables/all_regime_rows_long.csv,20260506_155155_525191,dual_branch_factorized_ac,Dual-branch AC,base,original,1200.0,12.0,3.0,1000.0,MIX12_EQ,323.0,12.0,True,"secondary summary; collapsed_rows=12; columns=model_label,family,train_regime,seed,C,k,F,T,test_regime,value_accept_ratio,drops,flushes,drop_rate,count_accept_ratio,scenario,source_file; reference only; do not use for raw metric aggregation; source_files=1"
secondary_summary_csv,src/idea4/ac/results/final_comparison_tables/money_ci_regime_seed_long.csv,20260506_155155_525191,dual_branch_factorized_ac,Dual-branch AC,base,money,1200.0,12.0,3.0,1000.0,MIX12,323.0,12.0,True,"secondary summary; collapsed_rows=60; columns=k,model_label,seed,C,F,T,test_regime,value_accept_ratio,drops,flushes,drop_rate,count_accept_ratio,settled,total_requested_value,source_file,p,tau,accepted_value,flush_cost,money,money_method; reference only; do not use for raw metric aggregation; source_files=1; money reward detected"
secondary_summary_csv,src/idea4/analysis/main_factorized_ac_story/kwallet_excluded_results.csv,,dual_branch_factorized_ac,Dual-branch AC,base,original,1200.0,12.0,3.0,1000.0,MIX12_EQ,323.0,12.0,True,"secondary summary; collapsed_rows=3; columns=k,C,F,T,model_family,model_mode,seed,train_regime,eval_protocol,scenario,mean_value_accept_ratio,worst_regime_value_accept_ratio,std_value_accept_ratio_across_regimes,avg_drops,avg_flushes,avg_drop_rate,avg_count_accept_ratio,num_test_regimes,action_space_size,policy_output_size,source_type,main_result_confidence,from_archive,source_file,notes,reason_excluded; reference only; do not use for raw metric aggregation; source_files=3"
secondary_summary_csv,src/idea4/ac/results/summary_money/seed_level_summary_with_money.csv,,dual_branch_factorized_ac,Dual-branch AC,base,original,1200.0,12.0,3.0,,,123.0,,True,"secondary summary; collapsed_rows=1; columns=C,k,F,model_mode,seed,regimes,mean_valacc,worst_valacc,std_valacc_across_regimes,mean_drops,mean_flushes,mean_eval_money,worst_eval_money,std_eval_money_across_regimes,mean_valacc_pct,worst_valacc_pct,mean_gate; reference only; do not use for raw metric aggregation"
secondary_summary_csv,src/idea4/ac/results/summary_money/overall_summary_with_money_ci.csv,,dual_branch_factorized_ac,Dual-branch AC,base,money,1200.0,12.0,3.0,,,,,True,"secondary summary; collapsed_rows=1; columns=C,k,F,model_mode,seed_count,ci_status,mean_valacc_pct_mean,mean_valacc_pct_ci_low,mean_valacc_pct_ci_high,mean_valacc_pct_ci_half_width,worst_valacc_pct_mean,worst_valacc_pct_ci_low,worst_valacc_pct_ci_high,worst_valacc_pct_ci_half_width,mean_drops_mean,mean_drops_ci_low,mean_drops_ci_high,mean_drops_ci_half_width,mean_flushes_mean,mean_flushes_ci_low,mean_flushes_ci_high,mean_flushes_ci_half_width,mean_eval_money_mean,mean_eval_money_ci_low,mean_eval_money_ci_high,mean_eval_money_ci_half_width,worst_eval_money_mean,worst_eval_money_ci_low,worst_eval_money_ci_high,worst_eval_money_ci_half_width,std_eval_money_across_regimes_mean,std_eval_money_across_regimes_ci_low,std_eval_money_across_regimes_ci_high,std_eval_money_across_regimes_ci_half_width,mean_gate_mean,mean_gate_ci_low,mean_gate_ci_high,mean_gate_ci_half_width; reference only; do not use for raw metric aggregation; money reward detected"
secondary_summary_csv,src/idea4/ac/results/summary_money/seed_level_summary_with_money.csv,,dual_branch_factorized_ac,Dual-branch AC,base,original,1200.0,12.0,6.0,,,123.0,,True,"secondary summary; collapsed_rows=1; columns=C,k,F,model_mode,seed,regimes,mean_valacc,worst_valacc,std_valacc_across_regimes,mean_drops,mean_flushes,mean_eval_money,worst_eval_money,std_eval_money_across_regimes,mean_valacc_pct,worst_valacc_pct,mean_gate; reference only; do not use for raw metric aggregation"
secondary_summary_csv,src/idea4/ac/results/summary_money/overall_summary_with_money_ci.csv,,dual_branch_factorized_ac,Dual-branch AC,base,money,1200.0,12.0,6.0,,,,,True,"secondary summary; collapsed_rows=1; columns=C,k,F,model_mode,seed_count,ci_status,mean_valacc_pct_mean,mean_valacc_pct_ci_low,mean_valacc_pct_ci_high,mean_valacc_pct_ci_half_width,worst_valacc_pct_mean,worst_valacc_pct_ci_low,worst_valacc_pct_ci_high,worst_valacc_pct_ci_half_width,mean_drops_mean,mean_drops_ci_low,mean_drops_ci_high,mean_drops_ci_half_width,mean_flushes_mean,mean_flushes_ci_low,mean_flushes_ci_high,mean_flushes_ci_half_width,mean_eval_money_mean,mean_eval_money_ci_low,mean_eval_money_ci_high,mean_eval_money_ci_half_width,worst_eval_money_mean,worst_eval_money_ci_low,worst_eval_money_ci_high,worst_eval_money_ci_half_width,std_eval_money_across_regimes_mean,std_eval_money_across_regimes_ci_low,std_eval_money_across_regimes_ci_high,std_eval_money_across_regimes_ci_half_width,mean_gate_mean,mean_gate_ci_low,mean_gate_ci_high,mean_gate_ci_half_width; reference only; do not use for raw metric aggregation; money reward detected"
secondary_summary_csv,src/idea4/ac/results/final_comparison_tables/dual_gate_analysis.csv,,dual_branch_factorized_ac,Dual-branch AC,base,original,,3.0,,,MIX12_EQ,123.0,12.0,True,"secondary summary; collapsed_rows=12; columns=scenario,model_mode,train_regime,seed,k,test_regime,value_accept_ratio,drops,flushes,drop_rate,count_accept_ratio,gate,source; reference only; do not use for raw metric aggregation"
secondary_summary_csv,src/idea4/analysis/main_factorized_ac_story/kwallet_excluded_results.csv,,dual_branch_factorized_ac,Dual-branch AC,base,original,,3.0,,,MIX12_EQ,123.0,12.0,True,"secondary summary; collapsed_rows=1; columns=k,C,F,T,model_family,model_mode,seed,train_regime,eval_protocol,scenario,mean_value_accept_ratio,worst_regime_value_accept_ratio,std_value_accept_ratio_across_regimes,avg_drops,avg_flushes,avg_drop_rate,avg_count_accept_ratio,num_test_regimes,action_space_size,policy_output_size,source_type,main_result_confidence,from_archive,source_file,notes,reason_excluded; reference only; do not use for raw metric aggregation; source_files=1"
secondary_summary_csv,src/idea4/ac/results/final_comparison_tables/dual_gate_analysis.csv,,dual_branch_factorized_ac,Dual-branch AC,base,original,,3.0,,,MIX12_EQ,323.0,12.0,True,"secondary summary; collapsed_rows=12; columns=scenario,model_mode,train_regime,seed,k,test_regime,value_accept_ratio,drops,flushes,drop_rate,count_accept_ratio,gate,source; reference only; do not use for raw metric aggregation"
secondary_summary_csv,src/idea4/analysis/main_factorized_ac_story/kwallet_excluded_results.csv,,dual_branch_factorized_ac,Dual-branch AC,base,original,,3.0,,,MIX12_EQ,323.0,12.0,True,"secondary summary; collapsed_rows=1; columns=k,C,F,T,model_family,model_mode,seed,train_regime,eval_protocol,scenario,mean_value_accept_ratio,worst_regime_value_accept_ratio,std_value_accept_ratio_across_regimes,avg_drops,avg_flushes,avg_drop_rate,avg_count_accept_ratio,num_test_regimes,action_space_size,policy_output_size,source_type,main_result_confidence,from_archive,source_file,notes,reason_excluded; reference only; do not use for raw metric aggregation; source_files=1"
secondary_summary_csv,src/idea4/ac/results/final_comparison_tables/dual_gate_analysis.csv,,dual_branch_factorized_ac,Dual-branch AC,base,original,,6.0,,,MIX12_EQ,123.0,12.0,True,"secondary summary; collapsed_rows=12; columns=scenario,model_mode,train_regime,seed,k,test_regime,value_accept_ratio,drops,flushes,drop_rate,count_accept_ratio,gate,source; reference only; do not use for raw metric aggregation"
secondary_summary_csv,src/idea4/analysis/main_factorized_ac_story/kwallet_excluded_results.csv,,dual_branch_factorized_ac,Dual-branch AC,base,original,,6.0,,,MIX12_EQ,123.0,12.0,True,"secondary summary; collapsed_rows=1; columns=k,C,F,T,model_family,model_mode,seed,train_regime,eval_protocol,scenario,mean_value_accept_ratio,worst_regime_value_accept_ratio,std_value_accept_ratio_across_regimes,avg_drops,avg_flushes,avg_drop_rate,avg_count_accept_ratio,num_test_regimes,action_space_size,policy_output_size,source_type,main_result_confidence,from_archive,source_file,notes,reason_excluded; reference only; do not use for raw metric aggregation; source_files=1"
secondary_summary_csv,src/idea4/ac/results/final_comparison_tables/dual_gate_analysis.csv,,dual_branch_factorized_ac,Dual-branch AC,base,original,,6.0,,,MIX12_EQ,323.0,12.0,True,"secondary summary; collapsed_rows=12; columns=scenario,model_mode,train_regime,seed,k,test_regime,value_accept_ratio,drops,flushes,drop_rate,count_accept_ratio,gate,source; reference only; do not use for raw metric aggregation"
secondary_summary_csv,src/idea4/analysis/main_factorized_ac_story/kwallet_excluded_results.csv,,dual_branch_factorized_ac,Dual-branch AC,base,original,,6.0,,,MIX12_EQ,323.0,12.0,True,"secondary summary; collapsed_rows=1; columns=k,C,F,T,model_family,model_mode,seed,train_regime,eval_protocol,scenario,mean_value_accept_ratio,worst_regime_value_accept_ratio,std_value_accept_ratio_across_regimes,avg_drops,avg_flushes,avg_drop_rate,avg_count_accept_ratio,num_test_regimes,action_space_size,policy_output_size,source_type,main_result_confidence,from_archive,source_file,notes,reason_excluded; reference only; do not use for raw metric aggregation; source_files=1"
secondary_summary_csv,src/idea4/ac/results/final_comparison_tables/dual_gate_analysis.csv,,dual_branch_factorized_ac,Dual-branch AC,base,original,,12.0,,,MIX12_EQ,123.0,12.0,True,"secondary summary; collapsed_rows=12; columns=scenario,model_mode,train_regime,seed,k,test_regime,value_accept_ratio,drops,flushes,drop_rate,count_accept_ratio,gate,source; reference only; do not use for raw metric aggregation"
secondary_summary_csv,src/idea4/ac/results/final_comparison_tables/k12_model_summary.csv,,dual_branch_factorized_ac,Dual-branch AC,base,original,,12.0,,,,123.0,12.0,False,"secondary summary; collapsed_rows=1; columns=model,seed,k,num_regimes,mean_value_accept_ratio,mean_value_accept_ratio_percent,worst_regime_value_accept_ratio,worst_regime_value_accept_ratio_percent,std_value_accept_ratio,std_value_accept_ratio_percent,mean_drops,mean_flushes; reference only; do not use for raw metric aggregation"
secondary_summary_csv,src/idea4/analysis/main_factorized_ac_story/kwallet_excluded_results.csv,,dual_branch_factorized_ac,Dual-branch AC,base,original,,12.0,,,MIX12_EQ,123.0,12.0,True,"secondary summary; collapsed_rows=1; columns=k,C,F,T,model_family,model_mode,seed,train_regime,eval_protocol,scenario,mean_value_accept_ratio,worst_regime_value_accept_ratio,std_value_accept_ratio_across_regimes,avg_drops,avg_flushes,avg_drop_rate,avg_count_accept_ratio,num_test_regimes,action_space_size,policy_output_size,source_type,main_result_confidence,from_archive,source_file,notes,reason_excluded; reference only; do not use for raw metric aggregation; source_files=1"
secondary_summary_csv,src/idea4/ac/results/final_comparison_tables/dual_gate_analysis.csv,,dual_branch_factorized_ac,Dual-branch AC,base,original,,12.0,,,MIX12_EQ,323.0,12.0,True,"secondary summary; collapsed_rows=12; columns=scenario,model_mode,train_regime,seed,k,test_regime,value_accept_ratio,drops,flushes,drop_rate,count_accept_ratio,gate,source; reference only; do not use for raw metric aggregation"
secondary_summary_csv,src/idea4/ac/results/final_comparison_tables/k12_model_summary.csv,,dual_branch_factorized_ac,Dual-branch AC,base,original,,12.0,,,,323.0,12.0,False,"secondary summary; collapsed_rows=1; columns=model,seed,k,num_regimes,mean_value_accept_ratio,mean_value_accept_ratio_percent,worst_regime_value_accept_ratio,worst_regime_value_accept_ratio_percent,std_value_accept_ratio,std_value_accept_ratio_percent,mean_drops,mean_flushes; reference only; do not use for raw metric aggregation"
secondary_summary_csv,src/idea4/analysis/main_factorized_ac_story/kwallet_excluded_results.csv,,dual_branch_factorized_ac,Dual-branch AC,base,original,,12.0,,,MIX12_EQ,323.0,12.0,True,"secondary summary; collapsed_rows=1; columns=k,C,F,T,model_family,model_mode,seed,train_regime,eval_protocol,scenario,mean_value_accept_ratio,worst_regime_value_accept_ratio,std_value_accept_ratio_across_regimes,avg_drops,avg_flushes,avg_drop_rate,avg_count_accept_ratio,num_test_regimes,action_space_size,policy_output_size,source_type,main_result_confidence,from_archive,source_file,notes,reason_excluded; reference only; do not use for raw metric aggregation; source_files=1"
secondary_summary_csv,archive/idea4_ac_results_20260505/results/dual_branch_ac/summary_tables 5/5 seed123 323/dual_ac_run_level_summary.csv,,dual_branch_factorized_ac,Dual-branch AC,base,original,,,,,MIX12_EQ,123.0,,False,"secondary summary; collapsed_rows=1; columns=model_mode,train_regime,seed,mean_value_accept_ratio,worst_regime_value_accept_ratio,std_value_accept_ratio,mean_drops,mean_flushes; reference only; do not use for raw metric aggregation"
secondary_summary_csv,src/idea4/ac/results/dual_branch_ac/summary_tables 5/5 seed123 323/dual_ac_run_level_summary.csv,,dual_branch_factorized_ac,Dual-branch AC,base,original,,,,,MIX12_EQ,123.0,,False,"secondary summary; collapsed_rows=1; columns=model_mode,train_regime,seed,mean_value_accept_ratio,worst_regime_value_accept_ratio,std_value_accept_ratio,mean_drops,mean_flushes; reference only; do not use for raw metric aggregation"
secondary_summary_csv,archive/idea4_ac_results_20260505/results/dual_branch_ac/summary_tables 5/5 seed123 323/dual_ac_run_level_summary.csv,,dual_branch_factorized_ac,Dual-branch AC,base,original,,,,,MIX12_EQ,323.0,,False,"secondary summary; collapsed_rows=1; columns=model_mode,train_regime,seed,mean_value_accept_ratio,worst_regime_value_accept_ratio,std_value_accept_ratio,mean_drops,mean_flushes; reference only; do not use for raw metric aggregation"
secondary_summary_csv,src/idea4/ac/results/dual_branch_ac/summary_tables 5/5 seed123 323/dual_ac_run_level_summary.csv,,dual_branch_factorized_ac,Dual-branch AC,base,original,,,,,MIX12_EQ,323.0,,False,"secondary summary; collapsed_rows=1; columns=model_mode,train_regime,seed,mean_value_accept_ratio,worst_regime_value_accept_ratio,std_value_accept_ratio,mean_drops,mean_flushes; reference only; do not use for raw metric aggregation"
secondary_summary_csv,archive/idea4_ac_results_20260505/results/dual_branch_ac/summary_tables 5/5 seed123 323/dual_ac_regime_difficulty_summary.csv,,unknown,Dual-branch AC,base,original,,,,,,,12.0,True,"secondary summary; collapsed_rows=12; columns=test_regime,avg_value_accept_ratio,avg_drops,avg_flushes; reference only; do not use for raw metric aggregation"
secondary_summary_csv,archive/idea4_ac_results_20260505/results/dual_branch_ac/summary_tables 5/5 seed123 323/dual_ac_seed_comparison_wide.csv,,unknown,Dual-branch AC,base,original,,,,,,,12.0,True,"secondary summary; collapsed_rows=12; columns=test_regime,value_accept_ratio_seed123,drops_seed123,flushes_seed123,value_accept_ratio_seed323,drops_seed323,flushes_seed323,avg_value_accept_ratio; reference only; do not use for raw metric aggregation"
secondary_summary_csv,src/idea4/ac/results/dual_branch_ac/summary_tables 5/5 seed123 323/dual_ac_regime_difficulty_summary.csv,,unknown,Dual-branch AC,base,original,,,,,,,12.0,True,"secondary summary; collapsed_rows=12; columns=test_regime,avg_value_accept_ratio,avg_drops,avg_flushes; reference only; do not use for raw metric aggregation"
secondary_summary_csv,src/idea4/ac/results/dual_branch_ac/summary_tables 5/5 seed123 323/dual_ac_seed_comparison_wide.csv,,unknown,Dual-branch AC,base,original,,,,,,,12.0,True,"secondary summary; collapsed_rows=12; columns=test_regime,value_accept_ratio_seed123,drops_seed123,flushes_seed123,value_accept_ratio_seed323,drops_seed323,flushes_seed323,avg_value_accept_ratio; reference only; do not use for raw metric aggregation"
secondary_summary_csv,src/idea4/ac/results/stress_tests/comparison/stress_test_long.csv,20260508_014434_230547,factorized_ac,Factorized AC,base,original,800.0,12.0,3.0,1000.0,MIX12,123.0,12.0,True,"secondary summary; collapsed_rows=13; columns=level,setting,model_family,model_mode,scenario,seed,test_regime,C,k,F,T,value_accept_ratio,drops,drop_rate,flushes,count_accept_ratio,mean_value_accept_ratio,worst_regime_value_accept_ratio,std_value_accept_ratio_across_regimes,policy_output_size,source_file; reference only; do not use for raw metric aggregation; source_files=1"
secondary_summary_csv,src/idea4/ac/results/stress_tests/comparison/stress_test_long.csv,20260508_024335_386691,factorized_ac,Factorized AC,base,original,800.0,12.0,3.0,1000.0,MIX12,323.0,12.0,True,"secondary summary; collapsed_rows=13; columns=level,setting,model_family,model_mode,scenario,seed,test_regime,C,k,F,T,value_accept_ratio,drops,drop_rate,flushes,count_accept_ratio,mean_value_accept_ratio,worst_regime_value_accept_ratio,std_value_accept_ratio_across_regimes,policy_output_size,source_file; reference only; do not use for raw metric aggregation; source_files=1"
secondary_summary_csv,src/idea4/ac/results/summary_money/seed_level_summary_with_money.csv,,factorized_ac,Factorized AC,base,original,800.0,12.0,6.0,,,123.0,,True,"secondary summary; collapsed_rows=1; columns=C,k,F,model_mode,seed,regimes,mean_valacc,worst_valacc,std_valacc_across_regimes,mean_drops,mean_flushes,mean_eval_money,worst_eval_money,std_eval_money_across_regimes,mean_valacc_pct,worst_valacc_pct,mean_gate; reference only; do not use for raw metric aggregation"
secondary_summary_csv,src/idea4/ac/results/summary_money/overall_summary_with_money_ci.csv,,factorized_ac,Factorized AC,base,money,800.0,12.0,6.0,,,,,True,"secondary summary; collapsed_rows=1; columns=C,k,F,model_mode,seed_count,ci_status,mean_valacc_pct_mean,mean_valacc_pct_ci_low,mean_valacc_pct_ci_high,mean_valacc_pct_ci_half_width,worst_valacc_pct_mean,worst_valacc_pct_ci_low,worst_valacc_pct_ci_high,worst_valacc_pct_ci_half_width,mean_drops_mean,mean_drops_ci_low,mean_drops_ci_high,mean_drops_ci_half_width,mean_flushes_mean,mean_flushes_ci_low,mean_flushes_ci_high,mean_flushes_ci_half_width,mean_eval_money_mean,mean_eval_money_ci_low,mean_eval_money_ci_high,mean_eval_money_ci_half_width,worst_eval_money_mean,worst_eval_money_ci_low,worst_eval_money_ci_high,worst_eval_money_ci_half_width,std_eval_money_across_regimes_mean,std_eval_money_across_regimes_ci_low,std_eval_money_across_regimes_ci_high,std_eval_money_across_regimes_ci_half_width,mean_gate_mean,mean_gate_ci_low,mean_gate_ci_high,mean_gate_ci_half_width; reference only; do not use for raw metric aggregation; money reward detected"
secondary_summary_csv,src/idea4/ac/results/stress_tests/comparison/stress_test_summary_by_model.csv,,Factorized_AC,Factorized AC,base,original,800.0,12.0,,,,,,False,"secondary summary; collapsed_rows=1; columns=setting,C,k,model_family,num_seeds,mean_value_accept_ratio,sd_value_accept_ratio,mean_worst_regime_value_accept_ratio,mean_avg_drops,mean_avg_drop_rate,mean_avg_flushes,policy_output_size; reference only; do not use for raw metric aggregation"
secondary_summary_csv,src/idea4/ac/results/complexity_tests_C800_k24/comparison/C800_k24_long.csv,20260508_082302_777645,factorized_ac,Factorized AC,base,original,800.0,24.0,3.0,1000.0,MIX12,123.0,12.0,True,"secondary summary; collapsed_rows=13; columns=level,setting,model_family,model_mode,scenario,seed,test_regime,C,k,F,T,value_accept_ratio,drops,drop_rate,flushes,count_accept_ratio,mean_value_accept_ratio,worst_regime_value_accept_ratio,std_value_accept_ratio_across_regimes,policy_output_size,source_file; reference only; do not use for raw metric aggregation; source_files=1"
secondary_summary_csv,src/idea4/ac/results/complexity_tests_C800_k24/comparison/C800_k24_long.csv,20260508_094323_456506,factorized_ac,Factorized AC,base,original,800.0,24.0,3.0,1000.0,MIX12,323.0,12.0,True,"secondary summary; collapsed_rows=13; columns=level,setting,model_family,model_mode,scenario,seed,test_regime,C,k,F,T,value_accept_ratio,drops,drop_rate,flushes,count_accept_ratio,mean_value_accept_ratio,worst_regime_value_accept_ratio,std_value_accept_ratio_across_regimes,policy_output_size,source_file; reference only; do not use for raw metric aggregation; source_files=1"
secondary_summary_csv,src/idea4/ac/results/summary_money/seed_level_summary_with_money.csv,,factorized_ac,Factorized AC,base,original,800.0,24.0,3.0,,,123.0,,True,"secondary summary; collapsed_rows=1; columns=C,k,F,model_mode,seed,regimes,mean_valacc,worst_valacc,std_valacc_across_regimes,mean_drops,mean_flushes,mean_eval_money,worst_eval_money,std_eval_money_across_regimes,mean_valacc_pct,worst_valacc_pct,mean_gate; reference only; do not use for raw metric aggregation"
secondary_summary_csv,src/idea4/ac/results/summary_money/overall_summary_with_money_ci.csv,,factorized_ac,Factorized AC,base,money,800.0,24.0,3.0,,,,,True,"secondary summary; collapsed_rows=1; columns=C,k,F,model_mode,seed_count,ci_status,mean_valacc_pct_mean,mean_valacc_pct_ci_low,mean_valacc_pct_ci_high,mean_valacc_pct_ci_half_width,worst_valacc_pct_mean,worst_valacc_pct_ci_low,worst_valacc_pct_ci_high,worst_valacc_pct_ci_half_width,mean_drops_mean,mean_drops_ci_low,mean_drops_ci_high,mean_drops_ci_half_width,mean_flushes_mean,mean_flushes_ci_low,mean_flushes_ci_high,mean_flushes_ci_half_width,mean_eval_money_mean,mean_eval_money_ci_low,mean_eval_money_ci_high,mean_eval_money_ci_half_width,worst_eval_money_mean,worst_eval_money_ci_low,worst_eval_money_ci_high,worst_eval_money_ci_half_width,std_eval_money_across_regimes_mean,std_eval_money_across_regimes_ci_low,std_eval_money_across_regimes_ci_high,std_eval_money_across_regimes_ci_half_width,mean_gate_mean,mean_gate_ci_low,mean_gate_ci_high,mean_gate_ci_half_width; reference only; do not use for raw metric aggregation; money reward detected"
secondary_summary_csv,src/idea4/ac/results/complexity_tests_C800_k24/comparison/C800_k24_summary_by_model.csv,,Factorized_AC,Factorized AC,base,original,800.0,24.0,,,,,,False,"secondary summary; collapsed_rows=1; columns=setting,C,k,model_family,num_seeds,mean_value_accept_ratio,sd_value_accept_ratio,mean_worst_regime_value_accept_ratio,mean_avg_drops,mean_avg_drop_rate,mean_avg_flushes,policy_output_size; reference only; do not use for raw metric aggregation"
secondary_summary_csv,src/idea4/analysis/main_factorized_ac_story/kwallet_excluded_results.csv,20260501_005138,dqn_baseline,Factorized AC,base,original,1000.0,3.0,3.0,1000.0,LNB,123.0,12.0,True,"secondary summary; collapsed_rows=1; columns=k,C,F,T,model_family,model_mode,seed,train_regime,eval_protocol,scenario,mean_value_accept_ratio,worst_regime_value_accept_ratio,std_value_accept_ratio_across_regimes,avg_drops,avg_flushes,avg_drop_rate,avg_count_accept_ratio,num_test_regimes,action_space_size,policy_output_size,source_type,main_result_confidence,from_archive,source_file,notes,reason_excluded; reference only; do not use for raw metric aggregation; source_files=1"
secondary_summary_csv,src/idea4/analysis/main_factorized_ac_story/kwallet_excluded_results.csv,20260430_225524,dqn_baseline,Factorized AC,base,original,1000.0,3.0,3.0,1000.0,LNS,123.0,12.0,True,"secondary summary; collapsed_rows=1; columns=k,C,F,T,model_family,model_mode,seed,train_regime,eval_protocol,scenario,mean_value_accept_ratio,worst_regime_value_accept_ratio,std_value_accept_ratio_across_regimes,avg_drops,avg_flushes,avg_drop_rate,avg_count_accept_ratio,num_test_regimes,action_space_size,policy_output_size,source_type,main_result_confidence,from_archive,source_file,notes,reason_excluded; reference only; do not use for raw metric aggregation; source_files=1"
secondary_summary_csv,src/idea4/analysis/main_factorized_ac_story/kwallet_excluded_results.csv,20260430_214701,dqn_baseline,Factorized AC,base,original,1000.0,3.0,3.0,1000.0,MIX12_EQ,123.0,12.0,True,"secondary summary; collapsed_rows=1; columns=k,C,F,T,model_family,model_mode,seed,train_regime,eval_protocol,scenario,mean_value_accept_ratio,worst_regime_value_accept_ratio,std_value_accept_ratio_across_regimes,avg_drops,avg_flushes,avg_drop_rate,avg_count_accept_ratio,num_test_regimes,action_space_size,policy_output_size,source_type,main_result_confidence,from_archive,source_file,notes,reason_excluded; reference only; do not use for raw metric aggregation; source_files=1"
secondary_summary_csv,src/idea4/analysis/main_factorized_ac_story/kwallet_excluded_results.csv,20260501_014204,dqn_baseline,Factorized AC,base,original,1000.0,3.0,3.0,1000.0,PLB,123.0,12.0,True,"secondary summary; collapsed_rows=1; columns=k,C,F,T,model_family,model_mode,seed,train_regime,eval_protocol,scenario,mean_value_accept_ratio,worst_regime_value_accept_ratio,std_value_accept_ratio_across_regimes,avg_drops,avg_flushes,avg_drop_rate,avg_count_accept_ratio,num_test_regimes,action_space_size,policy_output_size,source_type,main_result_confidence,from_archive,source_file,notes,reason_excluded; reference only; do not use for raw metric aggregation; source_files=1"
secondary_summary_csv,src/idea4/analysis/main_factorized_ac_story/kwallet_excluded_results.csv,20260430_235905,dqn_baseline,Factorized AC,base,original,1000.0,3.0,3.0,1000.0,PLS,123.0,12.0,True,"secondary summary; collapsed_rows=1; columns=k,C,F,T,model_family,model_mode,seed,train_regime,eval_protocol,scenario,mean_value_accept_ratio,worst_regime_value_accept_ratio,std_value_accept_ratio_across_regimes,avg_drops,avg_flushes,avg_drop_rate,avg_count_accept_ratio,num_test_regimes,action_space_size,policy_output_size,source_type,main_result_confidence,from_archive,source_file,notes,reason_excluded; reference only; do not use for raw metric aggregation; source_files=1"
secondary_summary_csv,src/idea4/analysis/main_factorized_ac_story/kwallet_excluded_results.csv,20260501_003450,dqn_baseline,Factorized AC,base,original,1000.0,3.0,3.0,1000.0,TLB,123.0,12.0,True,"secondary summary; collapsed_rows=1; columns=k,C,F,T,model_family,model_mode,seed,train_regime,eval_protocol,scenario,mean_value_accept_ratio,worst_regime_value_accept_ratio,std_value_accept_ratio_across_regimes,avg_drops,avg_flushes,avg_drop_rate,avg_count_accept_ratio,num_test_regimes,action_space_size,policy_output_size,source_type,main_result_confidence,from_archive,source_file,notes,reason_excluded; reference only; do not use for raw metric aggregation; source_files=1"
secondary_summary_csv,src/idea4/analysis/main_factorized_ac_story/kwallet_excluded_results.csv,20260501_010759,dqn_baseline,Factorized AC,base,original,1000.0,3.0,3.0,1000.0,TLNB,123.0,12.0,True,"secondary summary; collapsed_rows=1; columns=k,C,F,T,model_family,model_mode,seed,train_regime,eval_protocol,scenario,mean_value_accept_ratio,worst_regime_value_accept_ratio,std_value_accept_ratio_across_regimes,avg_drops,avg_flushes,avg_drop_rate,avg_count_accept_ratio,num_test_regimes,action_space_size,policy_output_size,source_type,main_result_confidence,from_archive,source_file,notes,reason_excluded; reference only; do not use for raw metric aggregation; source_files=1"
secondary_summary_csv,src/idea4/analysis/main_factorized_ac_story/kwallet_excluded_results.csv,20260430_231429,dqn_baseline,Factorized AC,base,original,1000.0,3.0,3.0,1000.0,TLNS,123.0,12.0,True,"secondary summary; collapsed_rows=1; columns=k,C,F,T,model_family,model_mode,seed,train_regime,eval_protocol,scenario,mean_value_accept_ratio,worst_regime_value_accept_ratio,std_value_accept_ratio_across_regimes,avg_drops,avg_flushes,avg_drop_rate,avg_count_accept_ratio,num_test_regimes,action_space_size,policy_output_size,source_type,main_result_confidence,from_archive,source_file,notes,reason_excluded; reference only; do not use for raw metric aggregation; source_files=1"
secondary_summary_csv,src/idea4/analysis/main_factorized_ac_story/kwallet_excluded_results.csv,20260430_223453,dqn_baseline,Factorized AC,base,original,1000.0,3.0,3.0,1000.0,TLS,123.0,12.0,True,"secondary summary; collapsed_rows=1; columns=k,C,F,T,model_family,model_mode,seed,train_regime,eval_protocol,scenario,mean_value_accept_ratio,worst_regime_value_accept_ratio,std_value_accept_ratio_across_regimes,avg_drops,avg_flushes,avg_drop_rate,avg_count_accept_ratio,num_test_regimes,action_space_size,policy_output_size,source_type,main_result_confidence,from_archive,source_file,notes,reason_excluded; reference only; do not use for raw metric aggregation; source_files=1"
secondary_summary_csv,src/idea4/analysis/main_factorized_ac_story/kwallet_excluded_results.csv,20260501_012554,dqn_baseline,Factorized AC,base,original,1000.0,3.0,3.0,1000.0,TPLB,123.0,12.0,True,"secondary summary; collapsed_rows=1; columns=k,C,F,T,model_family,model_mode,seed,train_regime,eval_protocol,scenario,mean_value_accept_ratio,worst_regime_value_accept_ratio,std_value_accept_ratio_across_regimes,avg_drops,avg_flushes,avg_drop_rate,avg_count_accept_ratio,num_test_regimes,action_space_size,policy_output_size,source_type,main_result_confidence,from_archive,source_file,notes,reason_excluded; reference only; do not use for raw metric aggregation; source_files=1"
secondary_summary_csv,src/idea4/analysis/main_factorized_ac_story/kwallet_excluded_results.csv,20260430_233756,dqn_baseline,Factorized AC,base,original,1000.0,3.0,3.0,1000.0,TPLS,123.0,12.0,True,"secondary summary; collapsed_rows=1; columns=k,C,F,T,model_family,model_mode,seed,train_regime,eval_protocol,scenario,mean_value_accept_ratio,worst_regime_value_accept_ratio,std_value_accept_ratio_across_regimes,avg_drops,avg_flushes,avg_drop_rate,avg_count_accept_ratio,num_test_regimes,action_space_size,policy_output_size,source_type,main_result_confidence,from_archive,source_file,notes,reason_excluded; reference only; do not use for raw metric aggregation; source_files=1"
secondary_summary_csv,src/idea4/analysis/main_factorized_ac_story/kwallet_excluded_results.csv,20260501_001852,dqn_baseline,Factorized AC,base,original,1000.0,3.0,3.0,1000.0,UB,123.0,12.0,True,"secondary summary; collapsed_rows=1; columns=k,C,F,T,model_family,model_mode,seed,train_regime,eval_protocol,scenario,mean_value_accept_ratio,worst_regime_value_accept_ratio,std_value_accept_ratio_across_regimes,avg_drops,avg_flushes,avg_drop_rate,avg_count_accept_ratio,num_test_regimes,action_space_size,policy_output_size,source_type,main_result_confidence,from_archive,source_file,notes,reason_excluded; reference only; do not use for raw metric aggregation; source_files=1"
secondary_summary_csv,src/idea4/analysis/main_factorized_ac_story/kwallet_excluded_results.csv,20260430_221250,dqn_baseline,Factorized AC,base,original,1000.0,3.0,3.0,1000.0,US,123.0,12.0,True,"secondary summary; collapsed_rows=1; columns=k,C,F,T,model_family,model_mode,seed,train_regime,eval_protocol,scenario,mean_value_accept_ratio,worst_regime_value_accept_ratio,std_value_accept_ratio_across_regimes,avg_drops,avg_flushes,avg_drop_rate,avg_count_accept_ratio,num_test_regimes,action_space_size,policy_output_size,source_type,main_result_confidence,from_archive,source_file,notes,reason_excluded; reference only; do not use for raw metric aggregation; source_files=1"
secondary_summary_csv,src/idea4/ac/results/final_comparison_tables/all_regime_rows_long.csv,20260505_212833_781649,factorized_ac,Factorized AC,base,original,1200.0,3.0,3.0,1000.0,MIX12_EQ,123.0,12.0,True,"secondary summary; collapsed_rows=12; columns=model_label,family,train_regime,seed,C,k,F,T,test_regime,value_accept_ratio,drops,flushes,drop_rate,count_accept_ratio,scenario,source_file; reference only; do not use for raw metric aggregation; source_files=1"
secondary_summary_csv,src/idea4/ac/results/final_comparison_tables/money_ci_regime_seed_long.csv,20260505_212833_781649,factorized_ac,Factorized AC,base,money,1200.0,3.0,3.0,1000.0,MIX12,123.0,12.0,True,"secondary summary; collapsed_rows=60; columns=k,model_label,seed,C,F,T,test_regime,value_accept_ratio,drops,flushes,drop_rate,count_accept_ratio,settled,total_requested_value,source_file,p,tau,accepted_value,flush_cost,money,money_method; reference only; do not use for raw metric aggregation; source_files=1; money reward detected"
secondary_summary_csv,src/idea4/analysis/main_factorized_ac_story/kwallet_excluded_results.csv,,attn_context,Factorized AC,base,original,1200.0,3.0,3.0,1000.0,MIX12_EQ,123.0,12.0,True,"secondary summary; collapsed_rows=19; columns=k,C,F,T,model_family,model_mode,seed,train_regime,eval_protocol,scenario,mean_value_accept_ratio,worst_regime_value_accept_ratio,std_value_accept_ratio_across_regimes,avg_drops,avg_flushes,avg_drop_rate,avg_count_accept_ratio,num_test_regimes,action_space_size,policy_output_size,source_type,main_result_confidence,from_archive,source_file,notes,reason_excluded; reference only; do not use for raw metric aggregation; source_files=17"
secondary_summary_csv,src/idea4/analysis/main_factorized_ac_story/kwallet_excluded_results.csv,20260430_145339,dqn_baseline,Factorized AC,base,original,1200.0,3.0,3.0,1000.0,LNB,123.0,12.0,True,"secondary summary; collapsed_rows=1; columns=k,C,F,T,model_family,model_mode,seed,train_regime,eval_protocol,scenario,mean_value_accept_ratio,worst_regime_value_accept_ratio,std_value_accept_ratio_across_regimes,avg_drops,avg_flushes,avg_drop_rate,avg_count_accept_ratio,num_test_regimes,action_space_size,policy_output_size,source_type,main_result_confidence,from_archive,source_file,notes,reason_excluded; reference only; do not use for raw metric aggregation; source_files=1"
secondary_summary_csv,src/idea4/analysis/main_factorized_ac_story/kwallet_excluded_results.csv,20260430_133339,dqn_baseline,Factorized AC,base,original,1200.0,3.0,3.0,1000.0,LNS,123.0,12.0,True,"secondary summary; collapsed_rows=1; columns=k,C,F,T,model_family,model_mode,seed,train_regime,eval_protocol,scenario,mean_value_accept_ratio,worst_regime_value_accept_ratio,std_value_accept_ratio_across_regimes,avg_drops,avg_flushes,avg_drop_rate,avg_count_accept_ratio,num_test_regimes,action_space_size,policy_output_size,source_type,main_result_confidence,from_archive,source_file,notes,reason_excluded; reference only; do not use for raw metric aggregation; source_files=1"
secondary_summary_csv,src/idea4/analysis/main_factorized_ac_story/kwallet_excluded_results.csv,20260430_114500,dqn_baseline,Factorized AC,base,original,1200.0,3.0,3.0,1000.0,PLB,123.0,12.0,True,"secondary summary; collapsed_rows=1; columns=k,C,F,T,model_family,model_mode,seed,train_regime,eval_protocol,scenario,mean_value_accept_ratio,worst_regime_value_accept_ratio,std_value_accept_ratio_across_regimes,avg_drops,avg_flushes,avg_drop_rate,avg_count_accept_ratio,num_test_regimes,action_space_size,policy_output_size,source_type,main_result_confidence,from_archive,source_file,notes,reason_excluded; reference only; do not use for raw metric aggregation; source_files=1"
secondary_summary_csv,src/idea4/analysis/main_factorized_ac_story/kwallet_excluded_results.csv,20260430_104901,dqn_baseline,Factorized AC,base,original,1200.0,3.0,3.0,1000.0,PLS,123.0,12.0,True,"secondary summary; collapsed_rows=1; columns=k,C,F,T,model_family,model_mode,seed,train_regime,eval_protocol,scenario,mean_value_accept_ratio,worst_regime_value_accept_ratio,std_value_accept_ratio_across_regimes,avg_drops,avg_flushes,avg_drop_rate,avg_count_accept_ratio,num_test_regimes,action_space_size,policy_output_size,source_type,main_result_confidence,from_archive,source_file,notes,reason_excluded; reference only; do not use for raw metric aggregation; source_files=1"
secondary_summary_csv,src/idea4/analysis/main_factorized_ac_story/kwallet_excluded_results.csv,20260430_143707,dqn_baseline,Factorized AC,base,original,1200.0,3.0,3.0,1000.0,TLB,123.0,12.0,True,"secondary summary; collapsed_rows=1; columns=k,C,F,T,model_family,model_mode,seed,train_regime,eval_protocol,scenario,mean_value_accept_ratio,worst_regime_value_accept_ratio,std_value_accept_ratio_across_regimes,avg_drops,avg_flushes,avg_drop_rate,avg_count_accept_ratio,num_test_regimes,action_space_size,policy_output_size,source_type,main_result_confidence,from_archive,source_file,notes,reason_excluded; reference only; do not use for raw metric aggregation; source_files=1"
secondary_summary_csv,src/idea4/analysis/main_factorized_ac_story/kwallet_excluded_results.csv,20260430_152033,dqn_baseline,Factorized AC,base,original,1200.0,3.0,3.0,1000.0,TLNB,123.0,12.0,True,"secondary summary; collapsed_rows=1; columns=k,C,F,T,model_family,model_mode,seed,train_regime,eval_protocol,scenario,mean_value_accept_ratio,worst_regime_value_accept_ratio,std_value_accept_ratio_across_regimes,avg_drops,avg_flushes,avg_drop_rate,avg_count_accept_ratio,num_test_regimes,action_space_size,policy_output_size,source_type,main_result_confidence,from_archive,source_file,notes,reason_excluded; reference only; do not use for raw metric aggregation; source_files=1"
secondary_summary_csv,src/idea4/analysis/main_factorized_ac_story/kwallet_excluded_results.csv,20260430_135259,dqn_baseline,Factorized AC,base,original,1200.0,3.0,3.0,1000.0,TLNS,123.0,12.0,True,"secondary summary; collapsed_rows=1; columns=k,C,F,T,model_family,model_mode,seed,train_regime,eval_protocol,scenario,mean_value_accept_ratio,worst_regime_value_accept_ratio,std_value_accept_ratio_across_regimes,avg_drops,avg_flushes,avg_drop_rate,avg_count_accept_ratio,num_test_regimes,action_space_size,policy_output_size,source_type,main_result_confidence,from_archive,source_file,notes,reason_excluded; reference only; do not use for raw metric aggregation; source_files=1"
secondary_summary_csv,src/idea4/analysis/main_factorized_ac_story/kwallet_excluded_results.csv,20260430_131705,dqn_baseline,Factorized AC,base,original,1200.0,3.0,3.0,1000.0,TLS,123.0,12.0,True,"secondary summary; collapsed_rows=1; columns=k,C,F,T,model_family,model_mode,seed,train_regime,eval_protocol,scenario,mean_value_accept_ratio,worst_regime_value_accept_ratio,std_value_accept_ratio_across_regimes,avg_drops,avg_flushes,avg_drop_rate,avg_count_accept_ratio,num_test_regimes,action_space_size,policy_output_size,source_type,main_result_confidence,from_archive,source_file,notes,reason_excluded; reference only; do not use for raw metric aggregation; source_files=1"
secondary_summary_csv,src/idea4/analysis/main_factorized_ac_story/kwallet_excluded_results.csv,20260430_153648,dqn_baseline,Factorized AC,base,original,1200.0,3.0,3.0,1000.0,TPLB,123.0,12.0,True,"secondary summary; collapsed_rows=1; columns=k,C,F,T,model_family,model_mode,seed,train_regime,eval_protocol,scenario,mean_value_accept_ratio,worst_regime_value_accept_ratio,std_value_accept_ratio_across_regimes,avg_drops,avg_flushes,avg_drop_rate,avg_count_accept_ratio,num_test_regimes,action_space_size,policy_output_size,source_type,main_result_confidence,from_archive,source_file,notes,reason_excluded; reference only; do not use for raw metric aggregation; source_files=1"
secondary_summary_csv,src/idea4/analysis/main_factorized_ac_story/kwallet_excluded_results.csv,20260430_110534,dqn_baseline,Factorized AC,base,original,1200.0,3.0,3.0,1000.0,TPLS,123.0,12.0,True,"secondary summary; collapsed_rows=1; columns=k,C,F,T,model_family,model_mode,seed,train_regime,eval_protocol,scenario,mean_value_accept_ratio,worst_regime_value_accept_ratio,std_value_accept_ratio_across_regimes,avg_drops,avg_flushes,avg_drop_rate,avg_count_accept_ratio,num_test_regimes,action_space_size,policy_output_size,source_type,main_result_confidence,from_archive,source_file,notes,reason_excluded; reference only; do not use for raw metric aggregation; source_files=1"
secondary_summary_csv,src/idea4/analysis/main_factorized_ac_story/kwallet_excluded_results.csv,20260430_140928,dqn_baseline,Factorized AC,base,original,1200.0,3.0,3.0,1000.0,UB,123.0,12.0,True,"secondary summary; collapsed_rows=1; columns=k,C,F,T,model_family,model_mode,seed,train_regime,eval_protocol,scenario,mean_value_accept_ratio,worst_regime_value_accept_ratio,std_value_accept_ratio_across_regimes,avg_drops,avg_flushes,avg_drop_rate,avg_count_accept_ratio,num_test_regimes,action_space_size,policy_output_size,source_type,main_result_confidence,from_archive,source_file,notes,reason_excluded; reference only; do not use for raw metric aggregation; source_files=1"
secondary_summary_csv,src/idea4/analysis/main_factorized_ac_story/kwallet_excluded_results.csv,20260430_130002,dqn_baseline,Factorized AC,base,original,1200.0,3.0,3.0,1000.0,US,123.0,12.0,True,"secondary summary; collapsed_rows=1; columns=k,C,F,T,model_family,model_mode,seed,train_regime,eval_protocol,scenario,mean_value_accept_ratio,worst_regime_value_accept_ratio,std_value_accept_ratio_across_regimes,avg_drops,avg_flushes,avg_drop_rate,avg_count_accept_ratio,num_test_regimes,action_space_size,policy_output_size,source_type,main_result_confidence,from_archive,source_file,notes,reason_excluded; reference only; do not use for raw metric aggregation; source_files=1"
secondary_summary_csv,src/idea4/analysis/main_factorized_ac_story/kwallet_expected_vs_found_matrix.csv,20260430_103242,DQN_baseline,Factorized AC,base,original,1200.0,3.0,3.0,1000.0,MIX12,123.0,,False,"secondary summary; collapsed_rows=2; columns=k,seed,model_family,expected,found,status,source_type,source_file,notes; reference only; do not use for raw metric aggregation; source_files=2"
secondary_summary_csv,src/idea4/analysis/main_factorized_ac_story/kwallet_k_scaling_aggregate_by_model.csv,20260505_214601_304092,Factorized_AC,Factorized AC,base,original,1200.0,3.0,3.0,1000.0,MIX12,123.0,,False,"secondary summary; collapsed_rows=1; columns=k,model_family,num_seeds,mean_of_mean_value_accept_ratio,sd_of_mean_value_accept_ratio,mean_worst_regime_value_accept_ratio,mean_avg_drops,mean_avg_drop_rate,action_space_size,short_interpretation,source_file; reference only; do not use for raw metric aggregation; source_files=2"
secondary_summary_csv,src/idea4/analysis/main_factorized_ac_story/kwallet_main_k_scaling_summary.csv,20260430_103242,dqn_baseline,Factorized AC,base,original,1200.0,3.0,3.0,1000.0,MIX12_EQ,123.0,12.0,True,"secondary summary; collapsed_rows=2; columns=k,C,F,T,model_family,model_mode,seed,train_regime,eval_protocol,scenario,mean_value_accept_ratio,worst_regime_value_accept_ratio,std_value_accept_ratio_across_regimes,avg_drops,avg_flushes,avg_drop_rate,avg_count_accept_ratio,num_test_regimes,action_space_size,policy_output_size,source_type,main_result_confidence,from_archive,source_file,notes; reference only; do not use for raw metric aggregation; source_files=2"
secondary_summary_csv,src/idea4/analysis/main_factorized_ac_story/kwallet_regime_level_results.csv,20260430_103242,dqn_baseline,Factorized AC,base,original,1200.0,3.0,3.0,1000.0,MIX12_EQ,123.0,12.0,True,"secondary summary; collapsed_rows=24; columns=k,C,F,T,model_family,model_mode,seed,train_regime,eval_protocol,test_regime,value_accept_ratio,drops,flushes,drop_rate,count_accept_ratio,scenario,source_type,main_result_confidence,from_archive,source_file; reference only; do not use for raw metric aggregation; source_files=2"
secondary_summary_csv,src/idea4/ac/results/final_comparison_tables/all_regime_rows_long.csv,20260505_214601_304092,factorized_ac,Factorized AC,base,original,1200.0,3.0,3.0,1000.0,MIX12_EQ,323.0,12.0,True,"secondary summary; collapsed_rows=12; columns=model_label,family,train_regime,seed,C,k,F,T,test_regime,value_accept_ratio,drops,flushes,drop_rate,count_accept_ratio,scenario,source_file; reference only; do not use for raw metric aggregation; source_files=1"
secondary_summary_csv,src/idea4/ac/results/final_comparison_tables/money_ci_regime_seed_long.csv,20260505_214601_304092,factorized_ac,Factorized AC,base,money,1200.0,3.0,3.0,1000.0,MIX12,323.0,12.0,True,"secondary summary; collapsed_rows=60; columns=k,model_label,seed,C,F,T,test_regime,value_accept_ratio,drops,flushes,drop_rate,count_accept_ratio,settled,total_requested_value,source_file,p,tau,accepted_value,flush_cost,money,money_method; reference only; do not use for raw metric aggregation; source_files=1; money reward detected"
secondary_summary_csv,src/idea4/analysis/main_factorized_ac_story/kwallet_excluded_results.csv,,factorized_ac,Factorized AC,base,original,1200.0,3.0,3.0,1000.0,MIX12_EQ,323.0,12.0,True,"secondary summary; collapsed_rows=5; columns=k,C,F,T,model_family,model_mode,seed,train_regime,eval_protocol,scenario,mean_value_accept_ratio,worst_regime_value_accept_ratio,std_value_accept_ratio_across_regimes,avg_drops,avg_flushes,avg_drop_rate,avg_count_accept_ratio,num_test_regimes,action_space_size,policy_output_size,source_type,main_result_confidence,from_archive,source_file,notes,reason_excluded; reference only; do not use for raw metric aggregation; source_files=5"
secondary_summary_csv,src/idea4/analysis/main_factorized_ac_story/kwallet_excluded_results.csv,20260430_225818,dqn_baseline,Factorized AC,base,original,1200.0,3.0,3.0,1000.0,LNB,323.0,12.0,True,"secondary summary; collapsed_rows=1; columns=k,C,F,T,model_family,model_mode,seed,train_regime,eval_protocol,scenario,mean_value_accept_ratio,worst_regime_value_accept_ratio,std_value_accept_ratio_across_regimes,avg_drops,avg_flushes,avg_drop_rate,avg_count_accept_ratio,num_test_regimes,action_space_size,policy_output_size,source_type,main_result_confidence,from_archive,source_file,notes,reason_excluded; reference only; do not use for raw metric aggregation; source_files=1"
secondary_summary_csv,src/idea4/analysis/main_factorized_ac_story/kwallet_excluded_results.csv,20260430_202933,dqn_baseline,Factorized AC,base,original,1200.0,3.0,3.0,1000.0,LNS,323.0,12.0,True,"secondary summary; collapsed_rows=1; columns=k,C,F,T,model_family,model_mode,seed,train_regime,eval_protocol,scenario,mean_value_accept_ratio,worst_regime_value_accept_ratio,std_value_accept_ratio_across_regimes,avg_drops,avg_flushes,avg_drop_rate,avg_count_accept_ratio,num_test_regimes,action_space_size,policy_output_size,source_type,main_result_confidence,from_archive,source_file,notes,reason_excluded; reference only; do not use for raw metric aggregation; source_files=1"
secondary_summary_csv,src/idea4/analysis/main_factorized_ac_story/kwallet_excluded_results.csv,20260430_235827,dqn_baseline,Factorized AC,base,original,1200.0,3.0,3.0,1000.0,PLB,323.0,12.0,True,"secondary summary; collapsed_rows=1; columns=k,C,F,T,model_family,model_mode,seed,train_regime,eval_protocol,scenario,mean_value_accept_ratio,worst_regime_value_accept_ratio,std_value_accept_ratio_across_regimes,avg_drops,avg_flushes,avg_drop_rate,avg_count_accept_ratio,num_test_regimes,action_space_size,policy_output_size,source_type,main_result_confidence,from_archive,source_file,notes,reason_excluded; reference only; do not use for raw metric aggregation; source_files=1"
secondary_summary_csv,src/idea4/analysis/main_factorized_ac_story/kwallet_excluded_results.csv,20260430_215741,dqn_baseline,Factorized AC,base,original,1200.0,3.0,3.0,1000.0,PLS,323.0,12.0,True,"secondary summary; collapsed_rows=1; columns=k,C,F,T,model_family,model_mode,seed,train_regime,eval_protocol,scenario,mean_value_accept_ratio,worst_regime_value_accept_ratio,std_value_accept_ratio_across_regimes,avg_drops,avg_flushes,avg_drop_rate,avg_count_accept_ratio,num_test_regimes,action_space_size,policy_output_size,source_type,main_result_confidence,from_archive,source_file,notes,reason_excluded; reference only; do not use for raw metric aggregation; source_files=1"
secondary_summary_csv,src/idea4/analysis/main_factorized_ac_story/kwallet_excluded_results.csv,20260430_223650,dqn_baseline,Factorized AC,base,original,1200.0,3.0,3.0,1000.0,TLB,323.0,12.0,True,"secondary summary; collapsed_rows=1; columns=k,C,F,T,model_family,model_mode,seed,train_regime,eval_protocol,scenario,mean_value_accept_ratio,worst_regime_value_accept_ratio,std_value_accept_ratio_across_regimes,avg_drops,avg_flushes,avg_drop_rate,avg_count_accept_ratio,num_test_regimes,action_space_size,policy_output_size,source_type,main_result_confidence,from_archive,source_file,notes,reason_excluded; reference only; do not use for raw metric aggregation; source_files=1"
secondary_summary_csv,src/idea4/analysis/main_factorized_ac_story/kwallet_excluded_results.csv,20260430_231810,dqn_baseline,Factorized AC,base,original,1200.0,3.0,3.0,1000.0,TLNB,323.0,12.0,True,"secondary summary; collapsed_rows=1; columns=k,C,F,T,model_family,model_mode,seed,train_regime,eval_protocol,scenario,mean_value_accept_ratio,worst_regime_value_accept_ratio,std_value_accept_ratio_across_regimes,avg_drops,avg_flushes,avg_drop_rate,avg_count_accept_ratio,num_test_regimes,action_space_size,policy_output_size,source_type,main_result_confidence,from_archive,source_file,notes,reason_excluded; reference only; do not use for raw metric aggregation; source_files=1"
secondary_summary_csv,src/idea4/analysis/main_factorized_ac_story/kwallet_excluded_results.csv,20260430_211806,dqn_baseline,Factorized AC,base,original,1200.0,3.0,3.0,1000.0,TLNS,323.0,12.0,True,"secondary summary; collapsed_rows=1; columns=k,C,F,T,model_family,model_mode,seed,train_regime,eval_protocol,scenario,mean_value_accept_ratio,worst_regime_value_accept_ratio,std_value_accept_ratio_across_regimes,avg_drops,avg_flushes,avg_drop_rate,avg_count_accept_ratio,num_test_regimes,action_space_size,policy_output_size,source_type,main_result_confidence,from_archive,source_file,notes,reason_excluded; reference only; do not use for raw metric aggregation; source_files=1"
secondary_summary_csv,src/idea4/analysis/main_factorized_ac_story/kwallet_excluded_results.csv,20260430_201329,dqn_baseline,Factorized AC,base,original,1200.0,3.0,3.0,1000.0,TLS,323.0,12.0,True,"secondary summary; collapsed_rows=1; columns=k,C,F,T,model_family,model_mode,seed,train_regime,eval_protocol,scenario,mean_value_accept_ratio,worst_regime_value_accept_ratio,std_value_accept_ratio_across_regimes,avg_drops,avg_flushes,avg_drop_rate,avg_count_accept_ratio,num_test_regimes,action_space_size,policy_output_size,source_type,main_result_confidence,from_archive,source_file,notes,reason_excluded; reference only; do not use for raw metric aggregation; source_files=1"
secondary_summary_csv,src/idea4/analysis/main_factorized_ac_story/kwallet_excluded_results.csv,20260430_233745,dqn_baseline,Factorized AC,base,original,1200.0,3.0,3.0,1000.0,TPLB,323.0,12.0,True,"secondary summary; collapsed_rows=1; columns=k,C,F,T,model_family,model_mode,seed,train_regime,eval_protocol,scenario,mean_value_accept_ratio,worst_regime_value_accept_ratio,std_value_accept_ratio_across_regimes,avg_drops,avg_flushes,avg_drop_rate,avg_count_accept_ratio,num_test_regimes,action_space_size,policy_output_size,source_type,main_result_confidence,from_archive,source_file,notes,reason_excluded; reference only; do not use for raw metric aggregation; source_files=1"
secondary_summary_csv,src/idea4/analysis/main_factorized_ac_story/kwallet_excluded_results.csv,20260430_213446,dqn_baseline,Factorized AC,base,original,1200.0,3.0,3.0,1000.0,TPLS,323.0,12.0,True,"secondary summary; collapsed_rows=1; columns=k,C,F,T,model_family,model_mode,seed,train_regime,eval_protocol,scenario,mean_value_accept_ratio,worst_regime_value_accept_ratio,std_value_accept_ratio_across_regimes,avg_drops,avg_flushes,avg_drop_rate,avg_count_accept_ratio,num_test_regimes,action_space_size,policy_output_size,source_type,main_result_confidence,from_archive,source_file,notes,reason_excluded; reference only; do not use for raw metric aggregation; source_files=1"
secondary_summary_csv,src/idea4/analysis/main_factorized_ac_story/kwallet_excluded_results.csv,20260430_221730,dqn_baseline,Factorized AC,base,original,1200.0,3.0,3.0,1000.0,UB,323.0,12.0,True,"secondary summary; collapsed_rows=1; columns=k,C,F,T,model_family,model_mode,seed,train_regime,eval_protocol,scenario,mean_value_accept_ratio,worst_regime_value_accept_ratio,std_value_accept_ratio_across_regimes,avg_drops,avg_flushes,avg_drop_rate,avg_count_accept_ratio,num_test_regimes,action_space_size,policy_output_size,source_type,main_result_confidence,from_archive,source_file,notes,reason_excluded; reference only; do not use for raw metric aggregation; source_files=1"
secondary_summary_csv,src/idea4/analysis/main_factorized_ac_story/kwallet_excluded_results.csv,20260430_195659,dqn_baseline,Factorized AC,base,original,1200.0,3.0,3.0,1000.0,US,323.0,12.0,True,"secondary summary; collapsed_rows=1; columns=k,C,F,T,model_family,model_mode,seed,train_regime,eval_protocol,scenario,mean_value_accept_ratio,worst_regime_value_accept_ratio,std_value_accept_ratio_across_regimes,avg_drops,avg_flushes,avg_drop_rate,avg_count_accept_ratio,num_test_regimes,action_space_size,policy_output_size,source_type,main_result_confidence,from_archive,source_file,notes,reason_excluded; reference only; do not use for raw metric aggregation; source_files=1"
secondary_summary_csv,src/idea4/analysis/main_factorized_ac_story/kwallet_expected_vs_found_matrix.csv,20260430_194033,DQN_baseline,Factorized AC,base,original,1200.0,3.0,3.0,1000.0,MIX12,323.0,,False,"secondary summary; collapsed_rows=2; columns=k,seed,model_family,expected,found,status,source_type,source_file,notes; reference only; do not use for raw metric aggregation; source_files=2"
secondary_summary_csv,src/idea4/analysis/main_factorized_ac_story/kwallet_main_k_scaling_summary.csv,20260430_194033,dqn_baseline,Factorized AC,base,original,1200.0,3.0,3.0,1000.0,MIX12_EQ,323.0,12.0,True,"secondary summary; collapsed_rows=2; columns=k,C,F,T,model_family,model_mode,seed,train_regime,eval_protocol,scenario,mean_value_accept_ratio,worst_regime_value_accept_ratio,std_value_accept_ratio_across_regimes,avg_drops,avg_flushes,avg_drop_rate,avg_count_accept_ratio,num_test_regimes,action_space_size,policy_output_size,source_type,main_result_confidence,from_archive,source_file,notes; reference only; do not use for raw metric aggregation; source_files=2"
secondary_summary_csv,src/idea4/analysis/main_factorized_ac_story/kwallet_regime_level_results.csv,20260430_194033,dqn_baseline,Factorized AC,base,original,1200.0,3.0,3.0,1000.0,MIX12_EQ,323.0,12.0,True,"secondary summary; collapsed_rows=24; columns=k,C,F,T,model_family,model_mode,seed,train_regime,eval_protocol,test_regime,value_accept_ratio,drops,flushes,drop_rate,count_accept_ratio,scenario,source_type,main_result_confidence,from_archive,source_file; reference only; do not use for raw metric aggregation; source_files=2"
secondary_summary_csv,src/idea4/analysis/main_factorized_ac_story/kwallet_k_scaling_aggregate_by_model.csv,20260430_194033,DQN_baseline,Factorized AC,base,original,1200.0,3.0,3.0,1000.0,MIX12,,,False,"secondary summary; collapsed_rows=1; columns=k,model_family,num_seeds,mean_of_mean_value_accept_ratio,sd_of_mean_value_accept_ratio,mean_worst_regime_value_accept_ratio,mean_avg_drops,mean_avg_drop_rate,action_space_size,short_interpretation,source_file; reference only; do not use for raw metric aggregation; source_files=2"
secondary_summary_csv,src/idea4/ac/results/final_comparison_tables/all_regime_rows_long.csv,20260507_215312_488583,factorized_ac,Factorized AC,base,original,1200.0,6.0,3.0,1000.0,MIX12_EQ,123.0,12.0,True,"secondary summary; collapsed_rows=12; columns=model_label,family,train_regime,seed,C,k,F,T,test_regime,value_accept_ratio,drops,flushes,drop_rate,count_accept_ratio,scenario,source_file; reference only; do not use for raw metric aggregation; source_files=1"
secondary_summary_csv,src/idea4/ac/results/final_comparison_tables/money_ci_regime_seed_long.csv,20260507_215312_488583,factorized_ac,Factorized AC,base,money,1200.0,6.0,3.0,1000.0,MIX12,123.0,12.0,True,"secondary summary; collapsed_rows=60; columns=k,model_label,seed,C,F,T,test_regime,value_accept_ratio,drops,flushes,drop_rate,count_accept_ratio,settled,total_requested_value,source_file,p,tau,accepted_value,flush_cost,money,money_method; reference only; do not use for raw metric aggregation; source_files=1; money reward detected"
secondary_summary_csv,src/idea4/analysis/main_factorized_ac_story/kwallet_excluded_results.csv,,factorized_ac,Factorized AC,base,original,1200.0,6.0,3.0,1000.0,MIX12_EQ,123.0,12.0,True,"secondary summary; collapsed_rows=1; columns=k,C,F,T,model_family,model_mode,seed,train_regime,eval_protocol,scenario,mean_value_accept_ratio,worst_regime_value_accept_ratio,std_value_accept_ratio_across_regimes,avg_drops,avg_flushes,avg_drop_rate,avg_count_accept_ratio,num_test_regimes,action_space_size,policy_output_size,source_type,main_result_confidence,from_archive,source_file,notes,reason_excluded; reference only; do not use for raw metric aggregation; source_files=1"
secondary_summary_csv,src/idea4/analysis/main_factorized_ac_story/kwallet_expected_vs_found_matrix.csv,20260507_205843,DQN_baseline,Factorized AC,base,original,1200.0,6.0,3.0,1000.0,MIX12,123.0,,False,"secondary summary; collapsed_rows=2; columns=k,seed,model_family,expected,found,status,source_type,source_file,notes; reference only; do not use for raw metric aggregation; source_files=2"
secondary_summary_csv,src/idea4/analysis/main_factorized_ac_story/kwallet_k_scaling_aggregate_by_model.csv,20260507_221122_605391,Factorized_AC,Factorized AC,base,original,1200.0,6.0,3.0,1000.0,MIX12,123.0,,False,"secondary summary; collapsed_rows=1; columns=k,model_family,num_seeds,mean_of_mean_value_accept_ratio,sd_of_mean_value_accept_ratio,mean_worst_regime_value_accept_ratio,mean_avg_drops,mean_avg_drop_rate,action_space_size,short_interpretation,source_file; reference only; do not use for raw metric aggregation; source_files=2"
secondary_summary_csv,src/idea4/analysis/main_factorized_ac_story/kwallet_main_k_scaling_summary.csv,20260507_205843,dqn_baseline,Factorized AC,base,original,1200.0,6.0,3.0,1000.0,MIX12_EQ,123.0,12.0,True,"secondary summary; collapsed_rows=2; columns=k,C,F,T,model_family,model_mode,seed,train_regime,eval_protocol,scenario,mean_value_accept_ratio,worst_regime_value_accept_ratio,std_value_accept_ratio_across_regimes,avg_drops,avg_flushes,avg_drop_rate,avg_count_accept_ratio,num_test_regimes,action_space_size,policy_output_size,source_type,main_result_confidence,from_archive,source_file,notes; reference only; do not use for raw metric aggregation; source_files=2"
secondary_summary_csv,src/idea4/analysis/main_factorized_ac_story/kwallet_regime_level_results.csv,20260507_205843,dqn_baseline,Factorized AC,base,original,1200.0,6.0,3.0,1000.0,MIX12_EQ,123.0,12.0,True,"secondary summary; collapsed_rows=24; columns=k,C,F,T,model_family,model_mode,seed,train_regime,eval_protocol,test_regime,value_accept_ratio,drops,flushes,drop_rate,count_accept_ratio,scenario,source_type,main_result_confidence,from_archive,source_file; reference only; do not use for raw metric aggregation; source_files=2"
secondary_summary_csv,src/idea4/ac/results/final_comparison_tables/all_regime_rows_long.csv,20260507_221122_605391,factorized_ac,Factorized AC,base,original,1200.0,6.0,3.0,1000.0,MIX12_EQ,323.0,12.0,True,"secondary summary; collapsed_rows=12; columns=model_label,family,train_regime,seed,C,k,F,T,test_regime,value_accept_ratio,drops,flushes,drop_rate,count_accept_ratio,scenario,source_file; reference only; do not use for raw metric aggregation; source_files=1"
secondary_summary_csv,src/idea4/ac/results/final_comparison_tables/money_ci_regime_seed_long.csv,20260507_221122_605391,factorized_ac,Factorized AC,base,money,1200.0,6.0,3.0,1000.0,MIX12,323.0,12.0,True,"secondary summary; collapsed_rows=60; columns=k,model_label,seed,C,F,T,test_regime,value_accept_ratio,drops,flushes,drop_rate,count_accept_ratio,settled,total_requested_value,source_file,p,tau,accepted_value,flush_cost,money,money_method; reference only; do not use for raw metric aggregation; source_files=1; money reward detected"
secondary_summary_csv,src/idea4/analysis/main_factorized_ac_story/kwallet_excluded_results.csv,,factorized_ac,Factorized AC,base,original,1200.0,6.0,3.0,1000.0,MIX12_EQ,323.0,12.0,True,"secondary summary; collapsed_rows=1; columns=k,C,F,T,model_family,model_mode,seed,train_regime,eval_protocol,scenario,mean_value_accept_ratio,worst_regime_value_accept_ratio,std_value_accept_ratio_across_regimes,avg_drops,avg_flushes,avg_drop_rate,avg_count_accept_ratio,num_test_regimes,action_space_size,policy_output_size,source_type,main_result_confidence,from_archive,source_file,notes,reason_excluded; reference only; do not use for raw metric aggregation; source_files=1"
secondary_summary_csv,src/idea4/analysis/main_factorized_ac_story/kwallet_expected_vs_found_matrix.csv,20260507_212725,DQN_baseline,Factorized AC,base,original,1200.0,6.0,3.0,1000.0,MIX12,323.0,,False,"secondary summary; collapsed_rows=2; columns=k,seed,model_family,expected,found,status,source_type,source_file,notes; reference only; do not use for raw metric aggregation; source_files=2"
secondary_summary_csv,src/idea4/analysis/main_factorized_ac_story/kwallet_main_k_scaling_summary.csv,20260507_212725,dqn_baseline,Factorized AC,base,original,1200.0,6.0,3.0,1000.0,MIX12_EQ,323.0,12.0,True,"secondary summary; collapsed_rows=2; columns=k,C,F,T,model_family,model_mode,seed,train_regime,eval_protocol,scenario,mean_value_accept_ratio,worst_regime_value_accept_ratio,std_value_accept_ratio_across_regimes,avg_drops,avg_flushes,avg_drop_rate,avg_count_accept_ratio,num_test_regimes,action_space_size,policy_output_size,source_type,main_result_confidence,from_archive,source_file,notes; reference only; do not use for raw metric aggregation; source_files=2"
secondary_summary_csv,src/idea4/analysis/main_factorized_ac_story/kwallet_regime_level_results.csv,20260507_212725,dqn_baseline,Factorized AC,base,original,1200.0,6.0,3.0,1000.0,MIX12_EQ,323.0,12.0,True,"secondary summary; collapsed_rows=24; columns=k,C,F,T,model_family,model_mode,seed,train_regime,eval_protocol,test_regime,value_accept_ratio,drops,flushes,drop_rate,count_accept_ratio,scenario,source_type,main_result_confidence,from_archive,source_file; reference only; do not use for raw metric aggregation; source_files=2"
secondary_summary_csv,src/idea4/analysis/main_factorized_ac_story/kwallet_k_scaling_aggregate_by_model.csv,20260507_212725,DQN_baseline,Factorized AC,base,original,1200.0,6.0,3.0,1000.0,MIX12,,,False,"secondary summary; collapsed_rows=1; columns=k,model_family,num_seeds,mean_of_mean_value_accept_ratio,sd_of_mean_value_accept_ratio,mean_worst_regime_value_accept_ratio,mean_avg_drops,mean_avg_drop_rate,action_space_size,short_interpretation,source_file; reference only; do not use for raw metric aggregation; source_files=2"
secondary_summary_csv,src/idea4/ac/results/final_comparison_tables/all_regime_rows_long.csv,20260506_144445_439009,factorized_ac,Factorized AC,base,original,1200.0,12.0,3.0,1000.0,MIX12_EQ,123.0,12.0,True,"secondary summary; collapsed_rows=12; columns=model_label,family,train_regime,seed,C,k,F,T,test_regime,value_accept_ratio,drops,flushes,drop_rate,count_accept_ratio,scenario,source_file; reference only; do not use for raw metric aggregation; source_files=1"
secondary_summary_csv,src/idea4/ac/results/final_comparison_tables/money_ci_regime_seed_long.csv,20260506_144445_439009,factorized_ac,Factorized AC,base,money,1200.0,12.0,3.0,1000.0,MIX12,123.0,12.0,True,"secondary summary; collapsed_rows=60; columns=k,model_label,seed,C,F,T,test_regime,value_accept_ratio,drops,flushes,drop_rate,count_accept_ratio,settled,total_requested_value,source_file,p,tau,accepted_value,flush_cost,money,money_method; reference only; do not use for raw metric aggregation; source_files=1; money reward detected"
secondary_summary_csv,src/idea4/analysis/main_factorized_ac_story/kwallet_excluded_results.csv,,factorized_ac,Factorized AC,base,original,1200.0,12.0,3.0,1000.0,MIX12_EQ,123.0,12.0,True,"secondary summary; collapsed_rows=2; columns=k,C,F,T,model_family,model_mode,seed,train_regime,eval_protocol,scenario,mean_value_accept_ratio,worst_regime_value_accept_ratio,std_value_accept_ratio_across_regimes,avg_drops,avg_flushes,avg_drop_rate,avg_count_accept_ratio,num_test_regimes,action_space_size,policy_output_size,source_type,main_result_confidence,from_archive,source_file,notes,reason_excluded; reference only; do not use for raw metric aggregation; source_files=2"
secondary_summary_csv,src/idea4/analysis/main_factorized_ac_story/kwallet_expected_vs_found_matrix.csv,20260506_121117,DQN_baseline,Factorized AC,base,original,1200.0,12.0,3.0,1000.0,MIX12,123.0,,False,"secondary summary; collapsed_rows=2; columns=k,seed,model_family,expected,found,status,source_type,source_file,notes; reference only; do not use for raw metric aggregation; source_files=2"
secondary_summary_csv,src/idea4/analysis/main_factorized_ac_story/kwallet_k_scaling_aggregate_by_model.csv,20260506_150113_691196,Factorized_AC,Factorized AC,base,original,1200.0,12.0,3.0,1000.0,MIX12,123.0,,False,"secondary summary; collapsed_rows=1; columns=k,model_family,num_seeds,mean_of_mean_value_accept_ratio,sd_of_mean_value_accept_ratio,mean_worst_regime_value_accept_ratio,mean_avg_drops,mean_avg_drop_rate,action_space_size,short_interpretation,source_file; reference only; do not use for raw metric aggregation; source_files=2"
secondary_summary_csv,src/idea4/analysis/main_factorized_ac_story/kwallet_main_k_scaling_summary.csv,20260506_121117,dqn_baseline,Factorized AC,base,original,1200.0,12.0,3.0,1000.0,MIX12_EQ,123.0,12.0,True,"secondary summary; collapsed_rows=2; columns=k,C,F,T,model_family,model_mode,seed,train_regime,eval_protocol,scenario,mean_value_accept_ratio,worst_regime_value_accept_ratio,std_value_accept_ratio_across_regimes,avg_drops,avg_flushes,avg_drop_rate,avg_count_accept_ratio,num_test_regimes,action_space_size,policy_output_size,source_type,main_result_confidence,from_archive,source_file,notes; reference only; do not use for raw metric aggregation; source_files=2"
secondary_summary_csv,src/idea4/analysis/main_factorized_ac_story/kwallet_regime_level_results.csv,20260506_121117,dqn_baseline,Factorized AC,base,original,1200.0,12.0,3.0,1000.0,MIX12_EQ,123.0,12.0,True,"secondary summary; collapsed_rows=24; columns=k,C,F,T,model_family,model_mode,seed,train_regime,eval_protocol,test_regime,value_accept_ratio,drops,flushes,drop_rate,count_accept_ratio,scenario,source_type,main_result_confidence,from_archive,source_file; reference only; do not use for raw metric aggregation; source_files=2"
secondary_summary_csv,src/idea4/ac/results/final_comparison_tables/all_regime_rows_long.csv,20260506_150113_691196,factorized_ac,Factorized AC,base,original,1200.0,12.0,3.0,1000.0,MIX12_EQ,323.0,12.0,True,"secondary summary; collapsed_rows=12; columns=model_label,family,train_regime,seed,C,k,F,T,test_regime,value_accept_ratio,drops,flushes,drop_rate,count_accept_ratio,scenario,source_file; reference only; do not use for raw metric aggregation; source_files=1"
secondary_summary_csv,src/idea4/ac/results/final_comparison_tables/money_ci_regime_seed_long.csv,20260506_150113_691196,factorized_ac,Factorized AC,base,money,1200.0,12.0,3.0,1000.0,MIX12,323.0,12.0,True,"secondary summary; collapsed_rows=60; columns=k,model_label,seed,C,F,T,test_regime,value_accept_ratio,drops,flushes,drop_rate,count_accept_ratio,settled,total_requested_value,source_file,p,tau,accepted_value,flush_cost,money,money_method; reference only; do not use for raw metric aggregation; source_files=1; money reward detected"
secondary_summary_csv,src/idea4/analysis/main_factorized_ac_story/kwallet_excluded_results.csv,,factorized_ac,Factorized AC,base,original,1200.0,12.0,3.0,1000.0,MIX12_EQ,323.0,12.0,True,"secondary summary; collapsed_rows=2; columns=k,C,F,T,model_family,model_mode,seed,train_regime,eval_protocol,scenario,mean_value_accept_ratio,worst_regime_value_accept_ratio,std_value_accept_ratio_across_regimes,avg_drops,avg_flushes,avg_drop_rate,avg_count_accept_ratio,num_test_regimes,action_space_size,policy_output_size,source_type,main_result_confidence,from_archive,source_file,notes,reason_excluded; reference only; do not use for raw metric aggregation; source_files=2"
secondary_summary_csv,src/idea4/analysis/main_factorized_ac_story/kwallet_expected_vs_found_matrix.csv,20260506_141848,DQN_baseline,Factorized AC,base,original,1200.0,12.0,3.0,1000.0,MIX12,323.0,,False,"secondary summary; collapsed_rows=2; columns=k,seed,model_family,expected,found,status,source_type,source_file,notes; reference only; do not use for raw metric aggregation; source_files=2"
secondary_summary_csv,src/idea4/analysis/main_factorized_ac_story/kwallet_main_k_scaling_summary.csv,20260506_141848,dqn_baseline,Factorized AC,base,original,1200.0,12.0,3.0,1000.0,MIX12_EQ,323.0,12.0,True,"secondary summary; collapsed_rows=2; columns=k,C,F,T,model_family,model_mode,seed,train_regime,eval_protocol,scenario,mean_value_accept_ratio,worst_regime_value_accept_ratio,std_value_accept_ratio_across_regimes,avg_drops,avg_flushes,avg_drop_rate,avg_count_accept_ratio,num_test_regimes,action_space_size,policy_output_size,source_type,main_result_confidence,from_archive,source_file,notes; reference only; do not use for raw metric aggregation; source_files=2"
secondary_summary_csv,src/idea4/analysis/main_factorized_ac_story/kwallet_regime_level_results.csv,20260506_141848,dqn_baseline,Factorized AC,base,original,1200.0,12.0,3.0,1000.0,MIX12_EQ,323.0,12.0,True,"secondary summary; collapsed_rows=24; columns=k,C,F,T,model_family,model_mode,seed,train_regime,eval_protocol,test_regime,value_accept_ratio,drops,flushes,drop_rate,count_accept_ratio,scenario,source_type,main_result_confidence,from_archive,source_file; reference only; do not use for raw metric aggregation; source_files=2"
secondary_summary_csv,src/idea4/analysis/main_factorized_ac_story/kwallet_k_scaling_aggregate_by_model.csv,20260506_141848,DQN_baseline,Factorized AC,base,original,1200.0,12.0,3.0,1000.0,MIX12,,,False,"secondary summary; collapsed_rows=1; columns=k,model_family,num_seeds,mean_of_mean_value_accept_ratio,sd_of_mean_value_accept_ratio,mean_worst_regime_value_accept_ratio,mean_avg_drops,mean_avg_drop_rate,action_space_size,short_interpretation,source_file; reference only; do not use for raw metric aggregation; source_files=2"
secondary_summary_csv,src/idea4/ac/results/summary_money/seed_level_summary_with_money.csv,,factorized_ac,Factorized AC,base,original,1200.0,12.0,6.0,,,123.0,,True,"secondary summary; collapsed_rows=1; columns=C,k,F,model_mode,seed,regimes,mean_valacc,worst_valacc,std_valacc_across_regimes,mean_drops,mean_flushes,mean_eval_money,worst_eval_money,std_eval_money_across_regimes,mean_valacc_pct,worst_valacc_pct,mean_gate; reference only; do not use for raw metric aggregation"
secondary_summary_csv,src/idea4/ac/results/summary_money/overall_summary_with_money_ci.csv,,factorized_ac,Factorized AC,base,money,1200.0,12.0,6.0,,,,,True,"secondary summary; collapsed_rows=1; columns=C,k,F,model_mode,seed_count,ci_status,mean_valacc_pct_mean,mean_valacc_pct_ci_low,mean_valacc_pct_ci_high,mean_valacc_pct_ci_half_width,worst_valacc_pct_mean,worst_valacc_pct_ci_low,worst_valacc_pct_ci_high,worst_valacc_pct_ci_half_width,mean_drops_mean,mean_drops_ci_low,mean_drops_ci_high,mean_drops_ci_half_width,mean_flushes_mean,mean_flushes_ci_low,mean_flushes_ci_high,mean_flushes_ci_half_width,mean_eval_money_mean,mean_eval_money_ci_low,mean_eval_money_ci_high,mean_eval_money_ci_half_width,worst_eval_money_mean,worst_eval_money_ci_low,worst_eval_money_ci_high,worst_eval_money_ci_half_width,std_eval_money_across_regimes_mean,std_eval_money_across_regimes_ci_low,std_eval_money_across_regimes_ci_high,std_eval_money_across_regimes_ci_half_width,mean_gate_mean,mean_gate_ci_low,mean_gate_ci_high,mean_gate_ci_half_width; reference only; do not use for raw metric aggregation; money reward detected"
secondary_summary_csv,src/idea4/ac/results/stress_tests/comparison/stress_test_long.csv,20260507_234026_286307,factorized_ac,Factorized AC,base,original,1200.0,24.0,3.0,1000.0,MIX12,123.0,12.0,True,"secondary summary; collapsed_rows=13; columns=level,setting,model_family,model_mode,scenario,seed,test_regime,C,k,F,T,value_accept_ratio,drops,drop_rate,flushes,count_accept_ratio,mean_value_accept_ratio,worst_regime_value_accept_ratio,std_value_accept_ratio_across_regimes,policy_output_size,source_file; reference only; do not use for raw metric aggregation; source_files=1"
secondary_summary_csv,src/idea4/ac/results/stress_tests/comparison/stress_test_long.csv,20260508_005124_724331,factorized_ac,Factorized AC,base,original,1200.0,24.0,3.0,1000.0,MIX12,323.0,12.0,True,"secondary summary; collapsed_rows=13; columns=level,setting,model_family,model_mode,scenario,seed,test_regime,C,k,F,T,value_accept_ratio,drops,drop_rate,flushes,count_accept_ratio,mean_value_accept_ratio,worst_regime_value_accept_ratio,std_value_accept_ratio_across_regimes,policy_output_size,source_file; reference only; do not use for raw metric aggregation; source_files=1"
secondary_summary_csv,src/idea4/ac/results/stress_tests/comparison/stress_test_summary_by_model.csv,,Factorized_AC,Factorized AC,base,original,1200.0,24.0,,,,,,False,"secondary summary; collapsed_rows=1; columns=setting,C,k,model_family,num_seeds,mean_value_accept_ratio,sd_value_accept_ratio,mean_worst_regime_value_accept_ratio,mean_avg_drops,mean_avg_drop_rate,mean_avg_flushes,policy_output_size; reference only; do not use for raw metric aggregation"
secondary_summary_csv,src/idea4/analysis/main_factorized_ac_story/kwallet_excluded_results.csv,20260421_212756,dqn_baseline,Factorized AC,base,original,1500.0,3.0,1.0,1000.0,MIX12_EQ,123.0,12.0,True,"secondary summary; collapsed_rows=1; columns=k,C,F,T,model_family,model_mode,seed,train_regime,eval_protocol,scenario,mean_value_accept_ratio,worst_regime_value_accept_ratio,std_value_accept_ratio_across_regimes,avg_drops,avg_flushes,avg_drop_rate,avg_count_accept_ratio,num_test_regimes,action_space_size,policy_output_size,source_type,main_result_confidence,from_archive,source_file,notes,reason_excluded; reference only; do not use for raw metric aggregation; source_files=1"
secondary_summary_csv,src/idea4/analysis/main_factorized_ac_story/kwallet_excluded_results.csv,20260421_211657,dqn_baseline,Factorized AC,base,original,1500.0,3.0,1.0,1000.0,PLB,123.0,12.0,True,"secondary summary; collapsed_rows=1; columns=k,C,F,T,model_family,model_mode,seed,train_regime,eval_protocol,scenario,mean_value_accept_ratio,worst_regime_value_accept_ratio,std_value_accept_ratio_across_regimes,avg_drops,avg_flushes,avg_drop_rate,avg_count_accept_ratio,num_test_regimes,action_space_size,policy_output_size,source_type,main_result_confidence,from_archive,source_file,notes,reason_excluded; reference only; do not use for raw metric aggregation; source_files=1"
secondary_summary_csv,src/idea4/analysis/main_factorized_ac_story/kwallet_excluded_results.csv,20260422_121534,dqn_baseline,Factorized AC,base,original,1500.0,3.0,3.0,1000.0,MIX12_EQ,123.0,12.0,True,"secondary summary; collapsed_rows=2; columns=k,C,F,T,model_family,model_mode,seed,train_regime,eval_protocol,scenario,mean_value_accept_ratio,worst_regime_value_accept_ratio,std_value_accept_ratio_across_regimes,avg_drops,avg_flushes,avg_drop_rate,avg_count_accept_ratio,num_test_regimes,action_space_size,policy_output_size,source_type,main_result_confidence,from_archive,source_file,notes,reason_excluded; reference only; do not use for raw metric aggregation; source_files=2"
secondary_summary_csv,src/idea4/analysis/main_factorized_ac_story/kwallet_excluded_results.csv,20260422_112439,dqn_baseline,Factorized AC,base,original,1500.0,3.0,3.0,1000.0,PLB,123.0,12.0,True,"secondary summary; collapsed_rows=2; columns=k,C,F,T,model_family,model_mode,seed,train_regime,eval_protocol,scenario,mean_value_accept_ratio,worst_regime_value_accept_ratio,std_value_accept_ratio_across_regimes,avg_drops,avg_flushes,avg_drop_rate,avg_count_accept_ratio,num_test_regimes,action_space_size,policy_output_size,source_type,main_result_confidence,from_archive,source_file,notes,reason_excluded; reference only; do not use for raw metric aggregation; source_files=2"
secondary_summary_csv,src/idea4/analysis/main_factorized_ac_story/kwallet_excluded_results.csv,20260422_161957,dqn_baseline,Factorized AC,base,original,1500.0,3.0,3.0,1000.0,LNB,123.0,12.0,True,"secondary summary; collapsed_rows=1; columns=k,C,F,T,model_family,model_mode,seed,train_regime,eval_protocol,scenario,mean_value_accept_ratio,worst_regime_value_accept_ratio,std_value_accept_ratio_across_regimes,avg_drops,avg_flushes,avg_drop_rate,avg_count_accept_ratio,num_test_regimes,action_space_size,policy_output_size,source_type,main_result_confidence,from_archive,source_file,notes,reason_excluded; reference only; do not use for raw metric aggregation; source_files=1"
secondary_summary_csv,src/idea4/analysis/main_factorized_ac_story/kwallet_excluded_results.csv,20260422_124036,dqn_baseline,Factorized AC,base,original,1500.0,3.0,3.0,1000.0,LNS,123.0,12.0,True,"secondary summary; collapsed_rows=1; columns=k,C,F,T,model_family,model_mode,seed,train_regime,eval_protocol,scenario,mean_value_accept_ratio,worst_regime_value_accept_ratio,std_value_accept_ratio_across_regimes,avg_drops,avg_flushes,avg_drop_rate,avg_count_accept_ratio,num_test_regimes,action_space_size,policy_output_size,source_type,main_result_confidence,from_archive,source_file,notes,reason_excluded; reference only; do not use for raw metric aggregation; source_files=1"
secondary_summary_csv,src/idea4/analysis/main_factorized_ac_story/kwallet_excluded_results.csv,20260422_154513,dqn_baseline,Factorized AC,base,original,1500.0,3.0,3.0,1000.0,PLS,123.0,12.0,True,"secondary summary; collapsed_rows=1; columns=k,C,F,T,model_family,model_mode,seed,train_regime,eval_protocol,scenario,mean_value_accept_ratio,worst_regime_value_accept_ratio,std_value_accept_ratio_across_regimes,avg_drops,avg_flushes,avg_drop_rate,avg_count_accept_ratio,num_test_regimes,action_space_size,policy_output_size,source_type,main_result_confidence,from_archive,source_file,notes,reason_excluded; reference only; do not use for raw metric aggregation; source_files=1"
secondary_summary_csv,src/idea4/analysis/main_factorized_ac_story/kwallet_excluded_results.csv,20260422_160259,dqn_baseline,Factorized AC,base,original,1500.0,3.0,3.0,1000.0,TLB,123.0,12.0,True,"secondary summary; collapsed_rows=1; columns=k,C,F,T,model_family,model_mode,seed,train_regime,eval_protocol,scenario,mean_value_accept_ratio,worst_regime_value_accept_ratio,std_value_accept_ratio_across_regimes,avg_drops,avg_flushes,avg_drop_rate,avg_count_accept_ratio,num_test_regimes,action_space_size,policy_output_size,source_type,main_result_confidence,from_archive,source_file,notes,reason_excluded; reference only; do not use for raw metric aggregation; source_files=1"
secondary_summary_csv,src/idea4/analysis/main_factorized_ac_story/kwallet_excluded_results.csv,20260422_163718,dqn_baseline,Factorized AC,base,original,1500.0,3.0,3.0,1000.0,TLNB,123.0,12.0,True,"secondary summary; collapsed_rows=1; columns=k,C,F,T,model_family,model_mode,seed,train_regime,eval_protocol,scenario,mean_value_accept_ratio,worst_regime_value_accept_ratio,std_value_accept_ratio_across_regimes,avg_drops,avg_flushes,avg_drop_rate,avg_count_accept_ratio,num_test_regimes,action_space_size,policy_output_size,source_type,main_result_confidence,from_archive,source_file,notes,reason_excluded; reference only; do not use for raw metric aggregation; source_files=1"
secondary_summary_csv,src/idea4/analysis/main_factorized_ac_story/kwallet_excluded_results.csv,20260422_150308,dqn_baseline,Factorized AC,base,original,1500.0,3.0,3.0,1000.0,TLNS,123.0,12.0,True,"secondary summary; collapsed_rows=1; columns=k,C,F,T,model_family,model_mode,seed,train_regime,eval_protocol,scenario,mean_value_accept_ratio,worst_regime_value_accept_ratio,std_value_accept_ratio_across_regimes,avg_drops,avg_flushes,avg_drop_rate,avg_count_accept_ratio,num_test_regimes,action_space_size,policy_output_size,source_type,main_result_confidence,from_archive,source_file,notes,reason_excluded; reference only; do not use for raw metric aggregation; source_files=1"
secondary_summary_csv,src/idea4/analysis/main_factorized_ac_story/kwallet_excluded_results.csv,20260422_144451,dqn_baseline,Factorized AC,base,original,1500.0,3.0,3.0,1000.0,TLS,123.0,12.0,True,"secondary summary; collapsed_rows=1; columns=k,C,F,T,model_family,model_mode,seed,train_regime,eval_protocol,scenario,mean_value_accept_ratio,worst_regime_value_accept_ratio,std_value_accept_ratio_across_regimes,avg_drops,avg_flushes,avg_drop_rate,avg_count_accept_ratio,num_test_regimes,action_space_size,policy_output_size,source_type,main_result_confidence,from_archive,source_file,notes,reason_excluded; reference only; do not use for raw metric aggregation; source_files=1"
secondary_summary_csv,src/idea4/analysis/main_factorized_ac_story/kwallet_excluded_results.csv,20260422_165405,dqn_baseline,Factorized AC,base,original,1500.0,3.0,3.0,1000.0,TPLB,123.0,12.0,True,"secondary summary; collapsed_rows=1; columns=k,C,F,T,model_family,model_mode,seed,train_regime,eval_protocol,scenario,mean_value_accept_ratio,worst_regime_value_accept_ratio,std_value_accept_ratio_across_regimes,avg_drops,avg_flushes,avg_drop_rate,avg_count_accept_ratio,num_test_regimes,action_space_size,policy_output_size,source_type,main_result_confidence,from_archive,source_file,notes,reason_excluded; reference only; do not use for raw metric aggregation; source_files=1"
secondary_summary_csv,src/idea4/analysis/main_factorized_ac_story/kwallet_excluded_results.csv,20260422_152435,dqn_baseline,Factorized AC,base,original,1500.0,3.0,3.0,1000.0,TPLS,123.0,12.0,True,"secondary summary; collapsed_rows=1; columns=k,C,F,T,model_family,model_mode,seed,train_regime,eval_protocol,scenario,mean_value_accept_ratio,worst_regime_value_accept_ratio,std_value_accept_ratio_across_regimes,avg_drops,avg_flushes,avg_drop_rate,avg_count_accept_ratio,num_test_regimes,action_space_size,policy_output_size,source_type,main_result_confidence,from_archive,source_file,notes,reason_excluded; reference only; do not use for raw metric aggregation; source_files=1"
secondary_summary_csv,src/idea4/analysis/main_factorized_ac_story/kwallet_excluded_results.csv,20260422_134902,dqn_baseline,Factorized AC,base,original,1500.0,3.0,3.0,1000.0,UB,123.0,12.0,True,"secondary summary; collapsed_rows=1; columns=k,C,F,T,model_family,model_mode,seed,train_regime,eval_protocol,scenario,mean_value_accept_ratio,worst_regime_value_accept_ratio,std_value_accept_ratio_across_regimes,avg_drops,avg_flushes,avg_drop_rate,avg_count_accept_ratio,num_test_regimes,action_space_size,policy_output_size,source_type,main_result_confidence,from_archive,source_file,notes,reason_excluded; reference only; do not use for raw metric aggregation; source_files=1"
secondary_summary_csv,src/idea4/analysis/main_factorized_ac_story/kwallet_excluded_results.csv,20260422_115035,dqn_baseline,Factorized AC,base,original,1500.0,3.0,3.0,1000.0,US,123.0,12.0,True,"secondary summary; collapsed_rows=1; columns=k,C,F,T,model_family,model_mode,seed,train_regime,eval_protocol,scenario,mean_value_accept_ratio,worst_regime_value_accept_ratio,std_value_accept_ratio_across_regimes,avg_drops,avg_flushes,avg_drop_rate,avg_count_accept_ratio,num_test_regimes,action_space_size,policy_output_size,source_type,main_result_confidence,from_archive,source_file,notes,reason_excluded; reference only; do not use for raw metric aggregation; source_files=1"
secondary_summary_csv,src/idea4/analysis/main_factorized_ac_story/kwallet_excluded_results.csv,20260423_085541,dqn_baseline,Factorized AC,base,original,1500.0,3.0,3.0,1000.0,LNB,323.0,12.0,True,"secondary summary; collapsed_rows=2; columns=k,C,F,T,model_family,model_mode,seed,train_regime,eval_protocol,scenario,mean_value_accept_ratio,worst_regime_value_accept_ratio,std_value_accept_ratio_across_regimes,avg_drops,avg_flushes,avg_drop_rate,avg_count_accept_ratio,num_test_regimes,action_space_size,policy_output_size,source_type,main_result_confidence,from_archive,source_file,notes,reason_excluded; reference only; do not use for raw metric aggregation; source_files=2"
secondary_summary_csv,src/idea4/analysis/main_factorized_ac_story/kwallet_excluded_results.csv,20260423_015249,dqn_baseline,Factorized AC,base,original,1500.0,3.0,3.0,1000.0,LNS,323.0,12.0,True,"secondary summary; collapsed_rows=2; columns=k,C,F,T,model_family,model_mode,seed,train_regime,eval_protocol,scenario,mean_value_accept_ratio,worst_regime_value_accept_ratio,std_value_accept_ratio_across_regimes,avg_drops,avg_flushes,avg_drop_rate,avg_count_accept_ratio,num_test_regimes,action_space_size,policy_output_size,source_type,main_result_confidence,from_archive,source_file,notes,reason_excluded; reference only; do not use for raw metric aggregation; source_files=2"
secondary_summary_csv,src/idea4/analysis/main_factorized_ac_story/kwallet_excluded_results.csv,20260423_100901,dqn_baseline,Factorized AC,base,original,1500.0,3.0,3.0,1000.0,MIX12_EQ,323.0,12.0,True,"secondary summary; collapsed_rows=2; columns=k,C,F,T,model_family,model_mode,seed,train_regime,eval_protocol,scenario,mean_value_accept_ratio,worst_regime_value_accept_ratio,std_value_accept_ratio_across_regimes,avg_drops,avg_flushes,avg_drop_rate,avg_count_accept_ratio,num_test_regimes,action_space_size,policy_output_size,source_type,main_result_confidence,from_archive,source_file,notes,reason_excluded; reference only; do not use for raw metric aggregation; source_files=2"
secondary_summary_csv,src/idea4/analysis/main_factorized_ac_story/kwallet_excluded_results.csv,20260423_095247,dqn_baseline,Factorized AC,base,original,1500.0,3.0,3.0,1000.0,PLB,323.0,12.0,True,"secondary summary; collapsed_rows=2; columns=k,C,F,T,model_family,model_mode,seed,train_regime,eval_protocol,scenario,mean_value_accept_ratio,worst_regime_value_accept_ratio,std_value_accept_ratio_across_regimes,avg_drops,avg_flushes,avg_drop_rate,avg_count_accept_ratio,num_test_regimes,action_space_size,policy_output_size,source_type,main_result_confidence,from_archive,source_file,notes,reason_excluded; reference only; do not use for raw metric aggregation; source_files=2"
secondary_summary_csv,src/idea4/analysis/main_factorized_ac_story/kwallet_excluded_results.csv,20260423_080621,dqn_baseline,Factorized AC,base,original,1500.0,3.0,3.0,1000.0,PLS,323.0,12.0,True,"secondary summary; collapsed_rows=2; columns=k,C,F,T,model_family,model_mode,seed,train_regime,eval_protocol,scenario,mean_value_accept_ratio,worst_regime_value_accept_ratio,std_value_accept_ratio_across_regimes,avg_drops,avg_flushes,avg_drop_rate,avg_count_accept_ratio,num_test_regimes,action_space_size,policy_output_size,source_type,main_result_confidence,from_archive,source_file,notes,reason_excluded; reference only; do not use for raw metric aggregation; source_files=2"
secondary_summary_csv,src/idea4/analysis/main_factorized_ac_story/kwallet_excluded_results.csv,20260423_083854,dqn_baseline,Factorized AC,base,original,1500.0,3.0,3.0,1000.0,TLB,323.0,12.0,True,"secondary summary; collapsed_rows=2; columns=k,C,F,T,model_family,model_mode,seed,train_regime,eval_protocol,scenario,mean_value_accept_ratio,worst_regime_value_accept_ratio,std_value_accept_ratio_across_regimes,avg_drops,avg_flushes,avg_drop_rate,avg_count_accept_ratio,num_test_regimes,action_space_size,policy_output_size,source_type,main_result_confidence,from_archive,source_file,notes,reason_excluded; reference only; do not use for raw metric aggregation; source_files=2"
secondary_summary_csv,src/idea4/analysis/main_factorized_ac_story/kwallet_excluded_results.csv,20260423_091520,dqn_baseline,Factorized AC,base,original,1500.0,3.0,3.0,1000.0,TLNB,323.0,12.0,True,"secondary summary; collapsed_rows=2; columns=k,C,F,T,model_family,model_mode,seed,train_regime,eval_protocol,scenario,mean_value_accept_ratio,worst_regime_value_accept_ratio,std_value_accept_ratio_across_regimes,avg_drops,avg_flushes,avg_drop_rate,avg_count_accept_ratio,num_test_regimes,action_space_size,policy_output_size,source_type,main_result_confidence,from_archive,source_file,notes,reason_excluded; reference only; do not use for raw metric aggregation; source_files=2"
secondary_summary_csv,src/idea4/analysis/main_factorized_ac_story/kwallet_excluded_results.csv,20260423_073117,dqn_baseline,Factorized AC,base,original,1500.0,3.0,3.0,1000.0,TLNS,323.0,12.0,True,"secondary summary; collapsed_rows=2; columns=k,C,F,T,model_family,model_mode,seed,train_regime,eval_protocol,scenario,mean_value_accept_ratio,worst_regime_value_accept_ratio,std_value_accept_ratio_across_regimes,avg_drops,avg_flushes,avg_drop_rate,avg_count_accept_ratio,num_test_regimes,action_space_size,policy_output_size,source_type,main_result_confidence,from_archive,source_file,notes,reason_excluded; reference only; do not use for raw metric aggregation; source_files=2"
secondary_summary_csv,src/idea4/analysis/main_factorized_ac_story/kwallet_excluded_results.csv,20260422_221231,dqn_baseline,Factorized AC,base,original,1500.0,3.0,3.0,1000.0,TLS,323.0,12.0,True,"secondary summary; collapsed_rows=2; columns=k,C,F,T,model_family,model_mode,seed,train_regime,eval_protocol,scenario,mean_value_accept_ratio,worst_regime_value_accept_ratio,std_value_accept_ratio_across_regimes,avg_drops,avg_flushes,avg_drop_rate,avg_count_accept_ratio,num_test_regimes,action_space_size,policy_output_size,source_type,main_result_confidence,from_archive,source_file,notes,reason_excluded; reference only; do not use for raw metric aggregation; source_files=2"
secondary_summary_csv,src/idea4/analysis/main_factorized_ac_story/kwallet_excluded_results.csv,20260423_093233,dqn_baseline,Factorized AC,base,original,1500.0,3.0,3.0,1000.0,TPLB,323.0,12.0,True,"secondary summary; collapsed_rows=2; columns=k,C,F,T,model_family,model_mode,seed,train_regime,eval_protocol,scenario,mean_value_accept_ratio,worst_regime_value_accept_ratio,std_value_accept_ratio_across_regimes,avg_drops,avg_flushes,avg_drop_rate,avg_count_accept_ratio,num_test_regimes,action_space_size,policy_output_size,source_type,main_result_confidence,from_archive,source_file,notes,reason_excluded; reference only; do not use for raw metric aggregation; source_files=2"
secondary_summary_csv,src/idea4/analysis/main_factorized_ac_story/kwallet_excluded_results.csv,20260423_074944,dqn_baseline,Factorized AC,base,original,1500.0,3.0,3.0,1000.0,TPLS,323.0,12.0,True,"secondary summary; collapsed_rows=2; columns=k,C,F,T,model_family,model_mode,seed,train_regime,eval_protocol,scenario,mean_value_accept_ratio,worst_regime_value_accept_ratio,std_value_accept_ratio_across_regimes,avg_drops,avg_flushes,avg_drop_rate,avg_count_accept_ratio,num_test_regimes,action_space_size,policy_output_size,source_type,main_result_confidence,from_archive,source_file,notes,reason_excluded; reference only; do not use for raw metric aggregation; source_files=2"
secondary_summary_csv,src/idea4/analysis/main_factorized_ac_story/kwallet_excluded_results.csv,20260423_082230,dqn_baseline,Factorized AC,base,original,1500.0,3.0,3.0,1000.0,UB,323.0,12.0,True,"secondary summary; collapsed_rows=2; columns=k,C,F,T,model_family,model_mode,seed,train_regime,eval_protocol,scenario,mean_value_accept_ratio,worst_regime_value_accept_ratio,std_value_accept_ratio_across_regimes,avg_drops,avg_flushes,avg_drop_rate,avg_count_accept_ratio,num_test_regimes,action_space_size,policy_output_size,source_type,main_result_confidence,from_archive,source_file,notes,reason_excluded; reference only; do not use for raw metric aggregation; source_files=2"
secondary_summary_csv,src/idea4/analysis/main_factorized_ac_story/kwallet_excluded_results.csv,20260422_215539,dqn_baseline,Factorized AC,base,original,1500.0,3.0,3.0,1000.0,US,323.0,12.0,True,"secondary summary; collapsed_rows=2; columns=k,C,F,T,model_family,model_mode,seed,train_regime,eval_protocol,scenario,mean_value_accept_ratio,worst_regime_value_accept_ratio,std_value_accept_ratio_across_regimes,avg_drops,avg_flushes,avg_drop_rate,avg_count_accept_ratio,num_test_regimes,action_space_size,policy_output_size,source_type,main_result_confidence,from_archive,source_file,notes,reason_excluded; reference only; do not use for raw metric aggregation; source_files=2"
secondary_summary_csv,src/idea4/analysis/main_factorized_ac_story/kwallet_excluded_results.csv,20260423_123552,dqn_baseline,Factorized AC,base,original,1500.0,3.0,3.0,1000.0,LNB,532.0,12.0,True,"secondary summary; collapsed_rows=2; columns=k,C,F,T,model_family,model_mode,seed,train_regime,eval_protocol,scenario,mean_value_accept_ratio,worst_regime_value_accept_ratio,std_value_accept_ratio_across_regimes,avg_drops,avg_flushes,avg_drop_rate,avg_count_accept_ratio,num_test_regimes,action_space_size,policy_output_size,source_type,main_result_confidence,from_archive,source_file,notes,reason_excluded; reference only; do not use for raw metric aggregation; source_files=2"
secondary_summary_csv,src/idea4/analysis/main_factorized_ac_story/kwallet_excluded_results.csv,20260423_105750,dqn_baseline,Factorized AC,base,original,1500.0,3.0,3.0,1000.0,LNS,532.0,12.0,True,"secondary summary; collapsed_rows=2; columns=k,C,F,T,model_family,model_mode,seed,train_regime,eval_protocol,scenario,mean_value_accept_ratio,worst_regime_value_accept_ratio,std_value_accept_ratio_across_regimes,avg_drops,avg_flushes,avg_drop_rate,avg_count_accept_ratio,num_test_regimes,action_space_size,policy_output_size,source_type,main_result_confidence,from_archive,source_file,notes,reason_excluded; reference only; do not use for raw metric aggregation; source_files=2"
secondary_summary_csv,src/idea4/analysis/main_factorized_ac_story/kwallet_excluded_results.csv,20260423_135606,dqn_baseline,Factorized AC,base,original,1500.0,3.0,3.0,1000.0,MIX12_EQ,532.0,12.0,True,"secondary summary; collapsed_rows=2; columns=k,C,F,T,model_family,model_mode,seed,train_regime,eval_protocol,scenario,mean_value_accept_ratio,worst_regime_value_accept_ratio,std_value_accept_ratio_across_regimes,avg_drops,avg_flushes,avg_drop_rate,avg_count_accept_ratio,num_test_regimes,action_space_size,policy_output_size,source_type,main_result_confidence,from_archive,source_file,notes,reason_excluded; reference only; do not use for raw metric aggregation; source_files=2"
secondary_summary_csv,src/idea4/analysis/main_factorized_ac_story/kwallet_excluded_results.csv,20260423_133949,dqn_baseline,Factorized AC,base,original,1500.0,3.0,3.0,1000.0,PLB,532.0,12.0,True,"secondary summary; collapsed_rows=2; columns=k,C,F,T,model_family,model_mode,seed,train_regime,eval_protocol,scenario,mean_value_accept_ratio,worst_regime_value_accept_ratio,std_value_accept_ratio_across_regimes,avg_drops,avg_flushes,avg_drop_rate,avg_count_accept_ratio,num_test_regimes,action_space_size,policy_output_size,source_type,main_result_confidence,from_archive,source_file,notes,reason_excluded; reference only; do not use for raw metric aggregation; source_files=2"
secondary_summary_csv,src/idea4/analysis/main_factorized_ac_story/kwallet_excluded_results.csv,20260423_114640,dqn_baseline,Factorized AC,base,original,1500.0,3.0,3.0,1000.0,PLS,532.0,12.0,True,"secondary summary; collapsed_rows=2; columns=k,C,F,T,model_family,model_mode,seed,train_regime,eval_protocol,scenario,mean_value_accept_ratio,worst_regime_value_accept_ratio,std_value_accept_ratio_across_regimes,avg_drops,avg_flushes,avg_drop_rate,avg_count_accept_ratio,num_test_regimes,action_space_size,policy_output_size,source_type,main_result_confidence,from_archive,source_file,notes,reason_excluded; reference only; do not use for raw metric aggregation; source_files=2"
secondary_summary_csv,src/idea4/analysis/main_factorized_ac_story/kwallet_excluded_results.csv,20260423_121920,dqn_baseline,Factorized AC,base,original,1500.0,3.0,3.0,1000.0,TLB,532.0,12.0,True,"secondary summary; collapsed_rows=2; columns=k,C,F,T,model_family,model_mode,seed,train_regime,eval_protocol,scenario,mean_value_accept_ratio,worst_regime_value_accept_ratio,std_value_accept_ratio_across_regimes,avg_drops,avg_flushes,avg_drop_rate,avg_count_accept_ratio,num_test_regimes,action_space_size,policy_output_size,source_type,main_result_confidence,from_archive,source_file,notes,reason_excluded; reference only; do not use for raw metric aggregation; source_files=2"
secondary_summary_csv,src/idea4/analysis/main_factorized_ac_story/kwallet_excluded_results.csv,20260423_130409,dqn_baseline,Factorized AC,base,original,1500.0,3.0,3.0,1000.0,TLNB,532.0,12.0,True,"secondary summary; collapsed_rows=2; columns=k,C,F,T,model_family,model_mode,seed,train_regime,eval_protocol,scenario,mean_value_accept_ratio,worst_regime_value_accept_ratio,std_value_accept_ratio_across_regimes,avg_drops,avg_flushes,avg_drop_rate,avg_count_accept_ratio,num_test_regimes,action_space_size,policy_output_size,source_type,main_result_confidence,from_archive,source_file,notes,reason_excluded; reference only; do not use for raw metric aggregation; source_files=2"
secondary_summary_csv,src/idea4/analysis/main_factorized_ac_story/kwallet_excluded_results.csv,20260423_111407,dqn_baseline,Factorized AC,base,original,1500.0,3.0,3.0,1000.0,TLNS,532.0,12.0,True,"secondary summary; collapsed_rows=2; columns=k,C,F,T,model_family,model_mode,seed,train_regime,eval_protocol,scenario,mean_value_accept_ratio,worst_regime_value_accept_ratio,std_value_accept_ratio_across_regimes,avg_drops,avg_flushes,avg_drop_rate,avg_count_accept_ratio,num_test_regimes,action_space_size,policy_output_size,source_type,main_result_confidence,from_archive,source_file,notes,reason_excluded; reference only; do not use for raw metric aggregation; source_files=2"
secondary_summary_csv,src/idea4/analysis/main_factorized_ac_story/kwallet_excluded_results.csv,20260423_104129,dqn_baseline,Factorized AC,base,original,1500.0,3.0,3.0,1000.0,TLS,532.0,12.0,True,"secondary summary; collapsed_rows=2; columns=k,C,F,T,model_family,model_mode,seed,train_regime,eval_protocol,scenario,mean_value_accept_ratio,worst_regime_value_accept_ratio,std_value_accept_ratio_across_regimes,avg_drops,avg_flushes,avg_drop_rate,avg_count_accept_ratio,num_test_regimes,action_space_size,policy_output_size,source_type,main_result_confidence,from_archive,source_file,notes,reason_excluded; reference only; do not use for raw metric aggregation; source_files=2"
secondary_summary_csv,src/idea4/analysis/main_factorized_ac_story/kwallet_excluded_results.csv,20260423_132248,dqn_baseline,Factorized AC,base,original,1500.0,3.0,3.0,1000.0,TPLB,532.0,12.0,True,"secondary summary; collapsed_rows=2; columns=k,C,F,T,model_family,model_mode,seed,train_regime,eval_protocol,scenario,mean_value_accept_ratio,worst_regime_value_accept_ratio,std_value_accept_ratio_across_regimes,avg_drops,avg_flushes,avg_drop_rate,avg_count_accept_ratio,num_test_regimes,action_space_size,policy_output_size,source_type,main_result_confidence,from_archive,source_file,notes,reason_excluded; reference only; do not use for raw metric aggregation; source_files=2"
secondary_summary_csv,src/idea4/analysis/main_factorized_ac_story/kwallet_excluded_results.csv,20260423_113033,dqn_baseline,Factorized AC,base,original,1500.0,3.0,3.0,1000.0,TPLS,532.0,12.0,True,"secondary summary; collapsed_rows=2; columns=k,C,F,T,model_family,model_mode,seed,train_regime,eval_protocol,scenario,mean_value_accept_ratio,worst_regime_value_accept_ratio,std_value_accept_ratio_across_regimes,avg_drops,avg_flushes,avg_drop_rate,avg_count_accept_ratio,num_test_regimes,action_space_size,policy_output_size,source_type,main_result_confidence,from_archive,source_file,notes,reason_excluded; reference only; do not use for raw metric aggregation; source_files=2"
secondary_summary_csv,src/idea4/analysis/main_factorized_ac_story/kwallet_excluded_results.csv,20260423_120306,dqn_baseline,Factorized AC,base,original,1500.0,3.0,3.0,1000.0,UB,532.0,12.0,True,"secondary summary; collapsed_rows=2; columns=k,C,F,T,model_family,model_mode,seed,train_regime,eval_protocol,scenario,mean_value_accept_ratio,worst_regime_value_accept_ratio,std_value_accept_ratio_across_regimes,avg_drops,avg_flushes,avg_drop_rate,avg_count_accept_ratio,num_test_regimes,action_space_size,policy_output_size,source_type,main_result_confidence,from_archive,source_file,notes,reason_excluded; reference only; do not use for raw metric aggregation; source_files=2"
secondary_summary_csv,src/idea4/analysis/main_factorized_ac_story/kwallet_excluded_results.csv,20260423_102516,dqn_baseline,Factorized AC,base,original,1500.0,3.0,3.0,1000.0,US,532.0,12.0,True,"secondary summary; collapsed_rows=2; columns=k,C,F,T,model_family,model_mode,seed,train_regime,eval_protocol,scenario,mean_value_accept_ratio,worst_regime_value_accept_ratio,std_value_accept_ratio_across_regimes,avg_drops,avg_flushes,avg_drop_rate,avg_count_accept_ratio,num_test_regimes,action_space_size,policy_output_size,source_type,main_result_confidence,from_archive,source_file,notes,reason_excluded; reference only; do not use for raw metric aggregation; source_files=2"
secondary_summary_csv,src/idea4/analysis/main_factorized_ac_story/kwallet_excluded_results.csv,20260421_195843,dqn_baseline,Factorized AC,base,original,3000.0,3.0,1.0,1000.0,LNS,123.0,12.0,True,"secondary summary; collapsed_rows=1; columns=k,C,F,T,model_family,model_mode,seed,train_regime,eval_protocol,scenario,mean_value_accept_ratio,worst_regime_value_accept_ratio,std_value_accept_ratio_across_regimes,avg_drops,avg_flushes,avg_drop_rate,avg_count_accept_ratio,num_test_regimes,action_space_size,policy_output_size,source_type,main_result_confidence,from_archive,source_file,notes,reason_excluded; reference only; do not use for raw metric aggregation; source_files=1"
secondary_summary_csv,src/idea4/analysis/main_factorized_ac_story/kwallet_excluded_results.csv,20260421_180844,dqn_baseline,Factorized AC,base,original,3000.0,3.0,1.0,1000.0,MIX12_EQ,123.0,12.0,True,"secondary summary; collapsed_rows=1; columns=k,C,F,T,model_family,model_mode,seed,train_regime,eval_protocol,scenario,mean_value_accept_ratio,worst_regime_value_accept_ratio,std_value_accept_ratio_across_regimes,avg_drops,avg_flushes,avg_drop_rate,avg_count_accept_ratio,num_test_regimes,action_space_size,policy_output_size,source_type,main_result_confidence,from_archive,source_file,notes,reason_excluded; reference only; do not use for raw metric aggregation; source_files=1"
secondary_summary_csv,src/idea4/analysis/main_factorized_ac_story/kwallet_excluded_results.csv,20260421_203551,dqn_baseline,Factorized AC,base,original,3000.0,3.0,1.0,1000.0,PLB,123.0,12.0,True,"secondary summary; collapsed_rows=1; columns=k,C,F,T,model_family,model_mode,seed,train_regime,eval_protocol,scenario,mean_value_accept_ratio,worst_regime_value_accept_ratio,std_value_accept_ratio_across_regimes,avg_drops,avg_flushes,avg_drop_rate,avg_count_accept_ratio,num_test_regimes,action_space_size,policy_output_size,source_type,main_result_confidence,from_archive,source_file,notes,reason_excluded; reference only; do not use for raw metric aggregation; source_files=1"
secondary_summary_csv,src/idea4/analysis/main_factorized_ac_story/kwallet_excluded_results.csv,20260421_201819,dqn_baseline,Factorized AC,base,original,3000.0,3.0,1.0,1000.0,UB,123.0,12.0,True,"secondary summary; collapsed_rows=1; columns=k,C,F,T,model_family,model_mode,seed,train_regime,eval_protocol,scenario,mean_value_accept_ratio,worst_regime_value_accept_ratio,std_value_accept_ratio_across_regimes,avg_drops,avg_flushes,avg_drop_rate,avg_count_accept_ratio,num_test_regimes,action_space_size,policy_output_size,source_type,main_result_confidence,from_archive,source_file,notes,reason_excluded; reference only; do not use for raw metric aggregation; source_files=1"
secondary_summary_csv,src/idea4/analysis/main_factorized_ac_story/kwallet_excluded_results.csv,20260421_184610,dqn_baseline,Factorized AC,base,original,3000.0,3.0,1.0,1000.0,US,123.0,12.0,True,"secondary summary; collapsed_rows=1; columns=k,C,F,T,model_family,model_mode,seed,train_regime,eval_protocol,scenario,mean_value_accept_ratio,worst_regime_value_accept_ratio,std_value_accept_ratio_across_regimes,avg_drops,avg_flushes,avg_drop_rate,avg_count_accept_ratio,num_test_regimes,action_space_size,policy_output_size,source_type,main_result_confidence,from_archive,source_file,notes,reason_excluded; reference only; do not use for raw metric aggregation; source_files=1"
secondary_summary_csv,src/idea4/analysis/main_factorized_ac_story/kwallet_excluded_results.csv,20260403_151019,unknown,Factorized AC,base,original,3000.0,6.0,3.0,1000.0,MIXED_EQ,532.0,5.0,True,"secondary summary; collapsed_rows=4; columns=k,C,F,T,model_family,model_mode,seed,train_regime,eval_protocol,scenario,mean_value_accept_ratio,worst_regime_value_accept_ratio,std_value_accept_ratio_across_regimes,avg_drops,avg_flushes,avg_drop_rate,avg_count_accept_ratio,num_test_regimes,action_space_size,policy_output_size,source_type,main_result_confidence,from_archive,source_file,notes,reason_excluded; reference only; do not use for raw metric aggregation; source_files=4"
secondary_summary_csv,src/idea4/analysis/main_factorized_ac_story/kwallet_expected_vs_found_matrix.csv,,DQN_baseline,Factorized AC,base,original,,3.0,,,,532.0,,False,"secondary summary; collapsed_rows=3; columns=k,seed,model_family,expected,found,status,source_type,source_file,notes; reference only; do not use for raw metric aggregation"
secondary_summary_csv,src/idea4/analysis/main_factorized_ac_story/kwallet_expected_vs_found_matrix.csv,,DQN_baseline,Factorized AC,base,original,,6.0,,,,532.0,,False,"secondary summary; collapsed_rows=3; columns=k,seed,model_family,expected,found,status,source_type,source_file,notes; reference only; do not use for raw metric aggregation"
secondary_summary_csv,src/idea4/ac/results/final_comparison_tables/k12_model_summary.csv,,factorized_ac,Factorized AC,base,original,,12.0,,,,123.0,12.0,False,"secondary summary; collapsed_rows=1; columns=model,seed,k,num_regimes,mean_value_accept_ratio,mean_value_accept_ratio_percent,worst_regime_value_accept_ratio,worst_regime_value_accept_ratio_percent,std_value_accept_ratio,std_value_accept_ratio_percent,mean_drops,mean_flushes; reference only; do not use for raw metric aggregation"
secondary_summary_csv,src/idea4/ac/results/final_comparison_tables/k12_regime_level.csv,,factorized_ac,Factorized AC,base,original,,12.0,,,,123.0,12.0,True,"secondary summary; collapsed_rows=12; columns=model,seed,test_regime,value_accept_ratio,value_accept_ratio_percent,drops,flushes,drop_rate,count_accept_ratio,source; reference only; do not use for raw metric aggregation"
secondary_summary_csv,src/idea4/analysis/main_factorized_ac_story/kwallet_excluded_results.csv,,dqn_baseline,Factorized AC,base,original,,12.0,,,MIX12_EQ,123.0,12.0,True,"secondary summary; collapsed_rows=2; columns=k,C,F,T,model_family,model_mode,seed,train_regime,eval_protocol,scenario,mean_value_accept_ratio,worst_regime_value_accept_ratio,std_value_accept_ratio_across_regimes,avg_drops,avg_flushes,avg_drop_rate,avg_count_accept_ratio,num_test_regimes,action_space_size,policy_output_size,source_type,main_result_confidence,from_archive,source_file,notes,reason_excluded; reference only; do not use for raw metric aggregation; source_files=1"
secondary_summary_csv,src/idea4/ac/results/final_comparison_tables/k12_model_summary.csv,,factorized_ac,Factorized AC,base,original,,12.0,,,,323.0,12.0,False,"secondary summary; collapsed_rows=1; columns=model,seed,k,num_regimes,mean_value_accept_ratio,mean_value_accept_ratio_percent,worst_regime_value_accept_ratio,worst_regime_value_accept_ratio_percent,std_value_accept_ratio,std_value_accept_ratio_percent,mean_drops,mean_flushes; reference only; do not use for raw metric aggregation"
secondary_summary_csv,src/idea4/ac/results/final_comparison_tables/k12_regime_level.csv,,factorized_ac,Factorized AC,base,original,,12.0,,,,323.0,12.0,True,"secondary summary; collapsed_rows=12; columns=model,seed,test_regime,value_accept_ratio,value_accept_ratio_percent,drops,flushes,drop_rate,count_accept_ratio,source; reference only; do not use for raw metric aggregation"
secondary_summary_csv,src/idea4/analysis/main_factorized_ac_story/kwallet_excluded_results.csv,,dqn_baseline,Factorized AC,base,original,,12.0,,,MIX12_EQ,323.0,12.0,True,"secondary summary; collapsed_rows=2; columns=k,C,F,T,model_family,model_mode,seed,train_regime,eval_protocol,scenario,mean_value_accept_ratio,worst_regime_value_accept_ratio,std_value_accept_ratio_across_regimes,avg_drops,avg_flushes,avg_drop_rate,avg_count_accept_ratio,num_test_regimes,action_space_size,policy_output_size,source_type,main_result_confidence,from_archive,source_file,notes,reason_excluded; reference only; do not use for raw metric aggregation; source_files=1"
secondary_summary_csv,src/idea4/analysis/main_factorized_ac_story/kwallet_expected_vs_found_matrix.csv,,DQN_baseline,Factorized AC,base,original,,12.0,,,,532.0,,False,"secondary summary; collapsed_rows=3; columns=k,seed,model_family,expected,found,status,source_type,source_file,notes; reference only; do not use for raw metric aggregation"
secondary_summary_csv,src/idea4/analysis/main_factorized_ac_story/kwallet_excluded_results.csv,,dual_branch_factorized_ac_gate_balanced,Gate-balanced Dual AC,gate_balanced,original,1200.0,12.0,3.0,1000.0,MIX12_EQ,123.0,12.0,True,"secondary summary; collapsed_rows=2; columns=k,C,F,T,model_family,model_mode,seed,train_regime,eval_protocol,scenario,mean_value_accept_ratio,worst_regime_value_accept_ratio,std_value_accept_ratio_across_regimes,avg_drops,avg_flushes,avg_drop_rate,avg_count_accept_ratio,num_test_regimes,action_space_size,policy_output_size,source_type,main_result_confidence,from_archive,source_file,notes,reason_excluded; reference only; do not use for raw metric aggregation; source_files=2"
secondary_summary_csv,src/idea4/analysis/main_factorized_ac_story/kwallet_excluded_results.csv,,dual_branch_factorized_ac_gate_balanced,Gate-balanced Dual AC,gate_balanced,original,1200.0,12.0,3.0,1000.0,MIX12_EQ,323.0,12.0,True,"secondary summary; collapsed_rows=2; columns=k,C,F,T,model_family,model_mode,seed,train_regime,eval_protocol,scenario,mean_value_accept_ratio,worst_regime_value_accept_ratio,std_value_accept_ratio_across_regimes,avg_drops,avg_flushes,avg_drop_rate,avg_count_accept_ratio,num_test_regimes,action_space_size,policy_output_size,source_type,main_result_confidence,from_archive,source_file,notes,reason_excluded; reference only; do not use for raw metric aggregation; source_files=2"
secondary_summary_csv,src/idea4/analysis/main_factorized_ac_story/kwallet_excluded_results.csv,,dual_branch_factorized_ac_gate_balanced,Gate-balanced Dual AC,gate_balanced,original,1200.0,12.0,3.0,1000.0,MIX12_EQ,532.0,12.0,True,"secondary summary; collapsed_rows=2; columns=k,C,F,T,model_family,model_mode,seed,train_regime,eval_protocol,scenario,mean_value_accept_ratio,worst_regime_value_accept_ratio,std_value_accept_ratio_across_regimes,avg_drops,avg_flushes,avg_drop_rate,avg_count_accept_ratio,num_test_regimes,action_space_size,policy_output_size,source_type,main_result_confidence,from_archive,source_file,notes,reason_excluded; reference only; do not use for raw metric aggregation; source_files=2"
secondary_summary_csv,src/idea4/analysis/main_factorized_ac_story/kwallet_excluded_results.csv,,dual_branch_factorized_ac_gate_balanced,Gate-balanced Dual AC,gate_balanced,original,1200.0,12.0,3.0,1000.0,MIX12_EQ,999.0,12.0,True,"secondary summary; collapsed_rows=2; columns=k,C,F,T,model_family,model_mode,seed,train_regime,eval_protocol,scenario,mean_value_accept_ratio,worst_regime_value_accept_ratio,std_value_accept_ratio_across_regimes,avg_drops,avg_flushes,avg_drop_rate,avg_count_accept_ratio,num_test_regimes,action_space_size,policy_output_size,source_type,main_result_confidence,from_archive,source_file,notes,reason_excluded; reference only; do not use for raw metric aggregation; source_files=2"
secondary_summary_csv,src/idea4/analysis/main_factorized_ac_story/kwallet_excluded_results.csv,,dual_branch_factorized_ac_gate_regularized,Gate-regularized Dual AC,gate_regularized,original,1200.0,12.0,3.0,1000.0,MIX12_EQ,123.0,12.0,True,"secondary summary; collapsed_rows=2; columns=k,C,F,T,model_family,model_mode,seed,train_regime,eval_protocol,scenario,mean_value_accept_ratio,worst_regime_value_accept_ratio,std_value_accept_ratio_across_regimes,avg_drops,avg_flushes,avg_drop_rate,avg_count_accept_ratio,num_test_regimes,action_space_size,policy_output_size,source_type,main_result_confidence,from_archive,source_file,notes,reason_excluded; reference only; do not use for raw metric aggregation; source_files=2"
secondary_summary_csv,src/idea4/analysis/main_factorized_ac_story/kwallet_excluded_results.csv,,dual_branch_factorized_ac_gate_regularized,Gate-regularized Dual AC,gate_regularized,original,1200.0,12.0,3.0,1000.0,MIX12_EQ,323.0,12.0,True,"secondary summary; collapsed_rows=2; columns=k,C,F,T,model_family,model_mode,seed,train_regime,eval_protocol,scenario,mean_value_accept_ratio,worst_regime_value_accept_ratio,std_value_accept_ratio_across_regimes,avg_drops,avg_flushes,avg_drop_rate,avg_count_accept_ratio,num_test_regimes,action_space_size,policy_output_size,source_type,main_result_confidence,from_archive,source_file,notes,reason_excluded; reference only; do not use for raw metric aggregation; source_files=2"
secondary_summary_csv,src/idea4/ac/results/summary_money/seed_level_summary_with_money.csv,,dual_branch_residual_risk,Residual-risk Dual AC,residual_risk,original,800.0,12.0,3.0,,,123.0,,True,"secondary summary; collapsed_rows=1; columns=C,k,F,model_mode,seed,regimes,mean_valacc,worst_valacc,std_valacc_across_regimes,mean_drops,mean_flushes,mean_eval_money,worst_eval_money,std_eval_money_across_regimes,mean_valacc_pct,worst_valacc_pct,mean_gate; reference only; do not use for raw metric aggregation"
secondary_summary_csv,src/idea4/ac/results/summary_money/overall_summary_with_money_ci.csv,,dual_branch_residual_risk,Residual-risk Dual AC,residual_risk,money,800.0,12.0,3.0,,,,,True,"secondary summary; collapsed_rows=1; columns=C,k,F,model_mode,seed_count,ci_status,mean_valacc_pct_mean,mean_valacc_pct_ci_low,mean_valacc_pct_ci_high,mean_valacc_pct_ci_half_width,worst_valacc_pct_mean,worst_valacc_pct_ci_low,worst_valacc_pct_ci_high,worst_valacc_pct_ci_half_width,mean_drops_mean,mean_drops_ci_low,mean_drops_ci_high,mean_drops_ci_half_width,mean_flushes_mean,mean_flushes_ci_low,mean_flushes_ci_high,mean_flushes_ci_half_width,mean_eval_money_mean,mean_eval_money_ci_low,mean_eval_money_ci_high,mean_eval_money_ci_half_width,worst_eval_money_mean,worst_eval_money_ci_low,worst_eval_money_ci_high,worst_eval_money_ci_half_width,std_eval_money_across_regimes_mean,std_eval_money_across_regimes_ci_low,std_eval_money_across_regimes_ci_high,std_eval_money_across_regimes_ci_half_width,mean_gate_mean,mean_gate_ci_low,mean_gate_ci_high,mean_gate_ci_half_width; reference only; do not use for raw metric aggregation; money reward detected"
secondary_summary_csv,src/idea4/ac/results/summary_money/seed_level_summary_with_money.csv,,dual_branch_residual_risk,Residual-risk Dual AC,residual_risk,original,800.0,12.0,6.0,,,123.0,,True,"secondary summary; collapsed_rows=1; columns=C,k,F,model_mode,seed,regimes,mean_valacc,worst_valacc,std_valacc_across_regimes,mean_drops,mean_flushes,mean_eval_money,worst_eval_money,std_eval_money_across_regimes,mean_valacc_pct,worst_valacc_pct,mean_gate; reference only; do not use for raw metric aggregation"
secondary_summary_csv,src/idea4/ac/results/summary_money/overall_summary_with_money_ci.csv,,dual_branch_residual_risk,Residual-risk Dual AC,residual_risk,money,800.0,12.0,6.0,,,,,True,"secondary summary; collapsed_rows=1; columns=C,k,F,model_mode,seed_count,ci_status,mean_valacc_pct_mean,mean_valacc_pct_ci_low,mean_valacc_pct_ci_high,mean_valacc_pct_ci_half_width,worst_valacc_pct_mean,worst_valacc_pct_ci_low,worst_valacc_pct_ci_high,worst_valacc_pct_ci_half_width,mean_drops_mean,mean_drops_ci_low,mean_drops_ci_high,mean_drops_ci_half_width,mean_flushes_mean,mean_flushes_ci_low,mean_flushes_ci_high,mean_flushes_ci_half_width,mean_eval_money_mean,mean_eval_money_ci_low,mean_eval_money_ci_high,mean_eval_money_ci_half_width,worst_eval_money_mean,worst_eval_money_ci_low,worst_eval_money_ci_high,worst_eval_money_ci_half_width,std_eval_money_across_regimes_mean,std_eval_money_across_regimes_ci_low,std_eval_money_across_regimes_ci_high,std_eval_money_across_regimes_ci_half_width,mean_gate_mean,mean_gate_ci_low,mean_gate_ci_high,mean_gate_ci_half_width; reference only; do not use for raw metric aggregation; money reward detected"
secondary_summary_csv,src/idea4/ac/results/summary_money/seed_level_summary_with_money.csv,,dual_branch_residual_risk,Residual-risk Dual AC,residual_risk,original,800.0,24.0,3.0,,,123.0,,True,"secondary summary; collapsed_rows=1; columns=C,k,F,model_mode,seed,regimes,mean_valacc,worst_valacc,std_valacc_across_regimes,mean_drops,mean_flushes,mean_eval_money,worst_eval_money,std_eval_money_across_regimes,mean_valacc_pct,worst_valacc_pct,mean_gate; reference only; do not use for raw metric aggregation"
secondary_summary_csv,src/idea4/ac/results/summary_money/overall_summary_with_money_ci.csv,,dual_branch_residual_risk,Residual-risk Dual AC,residual_risk,money,800.0,24.0,3.0,,,,,True,"secondary summary; collapsed_rows=1; columns=C,k,F,model_mode,seed_count,ci_status,mean_valacc_pct_mean,mean_valacc_pct_ci_low,mean_valacc_pct_ci_high,mean_valacc_pct_ci_half_width,worst_valacc_pct_mean,worst_valacc_pct_ci_low,worst_valacc_pct_ci_high,worst_valacc_pct_ci_half_width,mean_drops_mean,mean_drops_ci_low,mean_drops_ci_high,mean_drops_ci_half_width,mean_flushes_mean,mean_flushes_ci_low,mean_flushes_ci_high,mean_flushes_ci_half_width,mean_eval_money_mean,mean_eval_money_ci_low,mean_eval_money_ci_high,mean_eval_money_ci_half_width,worst_eval_money_mean,worst_eval_money_ci_low,worst_eval_money_ci_high,worst_eval_money_ci_half_width,std_eval_money_across_regimes_mean,std_eval_money_across_regimes_ci_low,std_eval_money_across_regimes_ci_high,std_eval_money_across_regimes_ci_half_width,mean_gate_mean,mean_gate_ci_low,mean_gate_ci_high,mean_gate_ci_half_width; reference only; do not use for raw metric aggregation; money reward detected"
secondary_summary_csv,src/idea4/ac/results/summary_money/seed_level_summary_with_money.csv,,dual_branch_residual_risk,Residual-risk Dual AC,residual_risk,original,1200.0,12.0,3.0,,,123.0,,True,"secondary summary; collapsed_rows=1; columns=C,k,F,model_mode,seed,regimes,mean_valacc,worst_valacc,std_valacc_across_regimes,mean_drops,mean_flushes,mean_eval_money,worst_eval_money,std_eval_money_across_regimes,mean_valacc_pct,worst_valacc_pct,mean_gate; reference only; do not use for raw metric aggregation"
secondary_summary_csv,src/idea4/ac/results/summary_money/overall_summary_with_money_ci.csv,,dual_branch_residual_risk,Residual-risk Dual AC,residual_risk,money,1200.0,12.0,3.0,,,,,True,"secondary summary; collapsed_rows=1; columns=C,k,F,model_mode,seed_count,ci_status,mean_valacc_pct_mean,mean_valacc_pct_ci_low,mean_valacc_pct_ci_high,mean_valacc_pct_ci_half_width,worst_valacc_pct_mean,worst_valacc_pct_ci_low,worst_valacc_pct_ci_high,worst_valacc_pct_ci_half_width,mean_drops_mean,mean_drops_ci_low,mean_drops_ci_high,mean_drops_ci_half_width,mean_flushes_mean,mean_flushes_ci_low,mean_flushes_ci_high,mean_flushes_ci_half_width,mean_eval_money_mean,mean_eval_money_ci_low,mean_eval_money_ci_high,mean_eval_money_ci_half_width,worst_eval_money_mean,worst_eval_money_ci_low,worst_eval_money_ci_high,worst_eval_money_ci_half_width,std_eval_money_across_regimes_mean,std_eval_money_across_regimes_ci_low,std_eval_money_across_regimes_ci_high,std_eval_money_across_regimes_ci_half_width,mean_gate_mean,mean_gate_ci_low,mean_gate_ci_high,mean_gate_ci_half_width; reference only; do not use for raw metric aggregation; money reward detected"
secondary_summary_csv,src/idea4/ac/results/summary_money/seed_level_summary_with_money.csv,,dual_branch_residual_risk,Residual-risk Dual AC,residual_risk,original,1200.0,12.0,6.0,,,123.0,,True,"secondary summary; collapsed_rows=1; columns=C,k,F,model_mode,seed,regimes,mean_valacc,worst_valacc,std_valacc_across_regimes,mean_drops,mean_flushes,mean_eval_money,worst_eval_money,std_eval_money_across_regimes,mean_valacc_pct,worst_valacc_pct,mean_gate; reference only; do not use for raw metric aggregation"
secondary_summary_csv,src/idea4/ac/results/summary_money/overall_summary_with_money_ci.csv,,dual_branch_residual_risk,Residual-risk Dual AC,residual_risk,money,1200.0,12.0,6.0,,,,,True,"secondary summary; collapsed_rows=1; columns=C,k,F,model_mode,seed_count,ci_status,mean_valacc_pct_mean,mean_valacc_pct_ci_low,mean_valacc_pct_ci_high,mean_valacc_pct_ci_half_width,worst_valacc_pct_mean,worst_valacc_pct_ci_low,worst_valacc_pct_ci_high,worst_valacc_pct_ci_half_width,mean_drops_mean,mean_drops_ci_low,mean_drops_ci_high,mean_drops_ci_half_width,mean_flushes_mean,mean_flushes_ci_low,mean_flushes_ci_high,mean_flushes_ci_half_width,mean_eval_money_mean,mean_eval_money_ci_low,mean_eval_money_ci_high,mean_eval_money_ci_half_width,worst_eval_money_mean,worst_eval_money_ci_low,worst_eval_money_ci_high,worst_eval_money_ci_half_width,std_eval_money_across_regimes_mean,std_eval_money_across_regimes_ci_low,std_eval_money_across_regimes_ci_high,std_eval_money_across_regimes_ci_half_width,mean_gate_mean,mean_gate_ci_low,mean_gate_ci_high,mean_gate_ci_half_width; reference only; do not use for raw metric aggregation; money reward detected"
secondary_summary_csv,src/idea4/analysis/final_tables_v1/ablation_summary.csv,,unknown,unknown,base,original,800.0,12.0,3.0,1000.0,MIX12_EQ,,,True,"secondary summary; collapsed_rows=2; columns=result_table,model_clean,variant_clean,C,k,F,T,train_regime,reward_mode,n_seeds,seeds,mean_value_accept_ratio_mean,mean_value_accept_ratio_ci95,worst_regime_value_accept_ratio_mean,worst_regime_value_accept_ratio_ci95,std_value_accept_ratio_across_regimes_mean,value_accept_ratio_mean,value_accept_ratio_ci95,drops_mean,drops_ci95,flushes_mean,flushes_ci95,drop_rate_mean,drop_rate_ci95,count_accept_ratio_mean,count_accept_ratio_ci95,ci_note,source_paths; reference only; do not use for raw metric aggregation"
secondary_summary_csv,src/idea4/analysis/final_tables_v1/stress_complexity_summary.csv,,unknown,unknown,base,original,800.0,12.0,3.0,1000.0,MIX12_EQ,,,True,"secondary summary; collapsed_rows=3; columns=result_table,model_clean,variant_clean,C,k,F,T,train_regime,reward_mode,n_seeds,seeds,mean_value_accept_ratio_mean,mean_value_accept_ratio_ci95,worst_regime_value_accept_ratio_mean,worst_regime_value_accept_ratio_ci95,std_value_accept_ratio_across_regimes_mean,value_accept_ratio_mean,value_accept_ratio_ci95,drops_mean,drops_ci95,flushes_mean,flushes_ci95,drop_rate_mean,drop_rate_ci95,count_accept_ratio_mean,count_accept_ratio_ci95,ci_note,source_paths; reference only; do not use for raw metric aggregation"
secondary_summary_csv,src/idea4/analysis/final_tables_v1/ablation_summary.csv,,unknown,unknown,base,original,800.0,12.0,6.0,1000.0,MIX12_EQ,,,True,"secondary summary; collapsed_rows=2; columns=result_table,model_clean,variant_clean,C,k,F,T,train_regime,reward_mode,n_seeds,seeds,mean_value_accept_ratio_mean,mean_value_accept_ratio_ci95,worst_regime_value_accept_ratio_mean,worst_regime_value_accept_ratio_ci95,std_value_accept_ratio_across_regimes_mean,value_accept_ratio_mean,value_accept_ratio_ci95,drops_mean,drops_ci95,flushes_mean,flushes_ci95,drop_rate_mean,drop_rate_ci95,count_accept_ratio_mean,count_accept_ratio_ci95,ci_note,source_paths; reference only; do not use for raw metric aggregation"
secondary_summary_csv,src/idea4/ac/results/stress_tests/comparison/stress_test_factorized_efficiency.csv,,unknown,unknown,base,original,800.0,12.0,,,,,,False,"secondary summary; collapsed_rows=1; columns=setting,C,k,basic_ppo_policy_output,factorized_policy_output,output_reduction_ratio,basic_ppo_mean_var,factorized_ac_mean_var,factorized_minus_basic,retained_performance_ratio,basic_ppo_drops,factorized_ac_drops; reference only; do not use for raw metric aggregation"
secondary_summary_csv,src/idea4/ac/results/stress_tests/comparison/stress_test_summary_by_model.csv,,Basic_AC_or_PPO,unknown,base,original,800.0,12.0,,,,,,False,"secondary summary; collapsed_rows=1; columns=setting,C,k,model_family,num_seeds,mean_value_accept_ratio,sd_value_accept_ratio,mean_worst_regime_value_accept_ratio,mean_avg_drops,mean_avg_drop_rate,mean_avg_flushes,policy_output_size; reference only; do not use for raw metric aggregation"
secondary_summary_csv,src/idea4/analysis/final_tables_v1/ablation_summary.csv,,unknown,unknown,base,original,800.0,24.0,3.0,1000.0,MIX12_EQ,,,True,"secondary summary; collapsed_rows=4; columns=result_table,model_clean,variant_clean,C,k,F,T,train_regime,reward_mode,n_seeds,seeds,mean_value_accept_ratio_mean,mean_value_accept_ratio_ci95,worst_regime_value_accept_ratio_mean,worst_regime_value_accept_ratio_ci95,std_value_accept_ratio_across_regimes_mean,value_accept_ratio_mean,value_accept_ratio_ci95,drops_mean,drops_ci95,flushes_mean,flushes_ci95,drop_rate_mean,drop_rate_ci95,count_accept_ratio_mean,count_accept_ratio_ci95,ci_note,source_paths; reference only; do not use for raw metric aggregation"
secondary_summary_csv,src/idea4/analysis/final_tables_v1/stress_complexity_summary.csv,,unknown,unknown,base,original,800.0,24.0,3.0,1000.0,MIX12_EQ,,,True,"secondary summary; collapsed_rows=3; columns=result_table,model_clean,variant_clean,C,k,F,T,train_regime,reward_mode,n_seeds,seeds,mean_value_accept_ratio_mean,mean_value_accept_ratio_ci95,worst_regime_value_accept_ratio_mean,worst_regime_value_accept_ratio_ci95,std_value_accept_ratio_across_regimes_mean,value_accept_ratio_mean,value_accept_ratio_ci95,drops_mean,drops_ci95,flushes_mean,flushes_ci95,drop_rate_mean,drop_rate_ci95,count_accept_ratio_mean,count_accept_ratio_ci95,ci_note,source_paths; reference only; do not use for raw metric aggregation"
secondary_summary_csv,src/idea4/ac/results/complexity_tests_C800_k24/comparison/C800_k24_factorized_efficiency.csv,,unknown,unknown,base,original,800.0,24.0,,,,,,False,"secondary summary; collapsed_rows=1; columns=setting,C,k,basic_ppo_policy_output,factorized_policy_output,output_reduction_ratio,basic_ppo_mean_var,factorized_ac_mean_var,factorized_minus_basic,retained_performance_ratio,basic_ppo_drops,factorized_ac_drops; reference only; do not use for raw metric aggregation"
secondary_summary_csv,src/idea4/ac/results/complexity_tests_C800_k24/comparison/C800_k24_summary_by_model.csv,,Basic_AC_or_PPO,unknown,base,original,800.0,24.0,,,,,,False,"secondary summary; collapsed_rows=1; columns=setting,C,k,model_family,num_seeds,mean_value_accept_ratio,sd_value_accept_ratio,mean_worst_regime_value_accept_ratio,mean_avg_drops,mean_avg_drop_rate,mean_avg_flushes,policy_output_size; reference only; do not use for raw metric aggregation"
secondary_summary_csv,src/idea4/ac/results/final_comparison_tables/k3_factorized_vs_dual.csv,,unknown,unknown,base,original,1200.0,3.0,3.0,1000.0,MIX12_EQ,123.0,12.0,True,"secondary summary; collapsed_rows=2; columns=model_label,train_regime,seed,C,k,F,T,mean_value_accept_ratio,mean_value_accept_ratio_percent,worst_regime_value_accept_ratio,worst_regime_value_accept_ratio_percent,std_value_accept_ratio_across_regimes,std_value_accept_ratio_percent,mean_drops,mean_flushes,num_regimes,completeness; reference only; do not use for raw metric aggregation"
secondary_summary_csv,src/idea4/ac/results/final_comparison_tables/k3_k6_k12_four_model_summary.csv,,unknown,unknown,base,original,1200.0,3.0,3.0,1000.0,MIX12_EQ,123.0,12.0,True,"secondary summary; collapsed_rows=4; columns=model_label,train_regime,seed,C,k,F,T,mean_value_accept_ratio,mean_value_accept_ratio_percent,worst_regime_value_accept_ratio,worst_regime_value_accept_ratio_percent,std_value_accept_ratio_across_regimes,std_value_accept_ratio_percent,mean_drops,mean_flushes,num_regimes,completeness; reference only; do not use for raw metric aggregation"
secondary_summary_csv,src/idea4/ac/results/final_comparison_tables/model_seed_summary.csv,,unknown,unknown,base,original,1200.0,3.0,3.0,1000.0,MIX12_EQ,123.0,12.0,True,"secondary summary; collapsed_rows=5; columns=model_label,train_regime,seed,C,k,F,T,mean_value_accept_ratio,mean_value_accept_ratio_percent,worst_regime_value_accept_ratio,worst_regime_value_accept_ratio_percent,std_value_accept_ratio_across_regimes,std_value_accept_ratio_percent,mean_drops,mean_flushes,num_regimes,completeness; reference only; do not use for raw metric aggregation"
secondary_summary_csv,src/idea4/ac/results/final_comparison_tables/k3_factorized_vs_dual.csv,,unknown,unknown,base,original,1200.0,3.0,3.0,1000.0,MIX12_EQ,323.0,12.0,True,"secondary summary; collapsed_rows=2; columns=model_label,train_regime,seed,C,k,F,T,mean_value_accept_ratio,mean_value_accept_ratio_percent,worst_regime_value_accept_ratio,worst_regime_value_accept_ratio_percent,std_value_accept_ratio_across_regimes,std_value_accept_ratio_percent,mean_drops,mean_flushes,num_regimes,completeness; reference only; do not use for raw metric aggregation"
secondary_summary_csv,src/idea4/ac/results/final_comparison_tables/k3_k6_k12_four_model_summary.csv,,unknown,unknown,base,original,1200.0,3.0,3.0,1000.0,MIX12_EQ,323.0,12.0,True,"secondary summary; collapsed_rows=3; columns=model_label,train_regime,seed,C,k,F,T,mean_value_accept_ratio,mean_value_accept_ratio_percent,worst_regime_value_accept_ratio,worst_regime_value_accept_ratio_percent,std_value_accept_ratio_across_regimes,std_value_accept_ratio_percent,mean_drops,mean_flushes,num_regimes,completeness; reference only; do not use for raw metric aggregation"
secondary_summary_csv,src/idea4/ac/results/final_comparison_tables/model_seed_summary.csv,,unknown,unknown,base,original,1200.0,3.0,3.0,1000.0,MIX12_EQ,323.0,12.0,True,"secondary summary; collapsed_rows=3; columns=model_label,train_regime,seed,C,k,F,T,mean_value_accept_ratio,mean_value_accept_ratio_percent,worst_regime_value_accept_ratio,worst_regime_value_accept_ratio_percent,std_value_accept_ratio_across_regimes,std_value_accept_ratio_percent,mean_drops,mean_flushes,num_regimes,completeness; reference only; do not use for raw metric aggregation"
secondary_summary_csv,src/idea4/ac/results/final_comparison_tables/four_model_average_across_seeds.csv,,unknown,unknown,base,original,1200.0,3.0,3.0,1000.0,,,,True,"secondary summary; collapsed_rows=4; columns=model_label,C,k,F,T,avg_mean_value_accept_ratio,avg_mean_value_accept_ratio_percent,avg_worst_regime_value_accept_ratio,avg_worst_regime_value_accept_ratio_percent,avg_std_value_accept_ratio_across_regimes,avg_drops,avg_flushes,num_seeds; reference only; do not use for raw metric aggregation"
secondary_summary_csv,src/idea4/ac/results/final_comparison_tables/model_average_across_seeds.csv,,unknown,unknown,base,original,1200.0,3.0,3.0,1000.0,,,,True,"secondary summary; collapsed_rows=5; columns=model_label,C,k,F,T,avg_mean_value_accept_ratio,avg_mean_value_accept_ratio_percent,avg_worst_regime_value_accept_ratio,avg_worst_regime_value_accept_ratio_percent,avg_std_value_accept_ratio_across_regimes,avg_drops,avg_flushes,num_seeds; reference only; do not use for raw metric aggregation"
secondary_summary_csv,src/idea4/ac/results/final_comparison_tables/money_ci_model_k_summary.csv,,unknown,unknown,base,money,1200.0,3.0,3.0,1000.0,,,,False,"secondary summary; collapsed_rows=20; columns=k,model_label,C,F,T,p,tau,num_seeds,num_regime_seed_rows,mean_value_accept_ratio_percent,value_accept_ratio_ci_low_percent,value_accept_ratio_ci_high_percent,value_accept_ratio_n,worst_regime_value_accept_ratio_percent,mean_drops,drops_ci_low,drops_ci_high,drops_n,mean_flushes,flushes_ci_low,flushes_ci_high,flushes_n,mean_money,money_ci_low,money_ci_high,money_n,money_method,coverage_note; reference only; do not use for raw metric aggregation; money reward detected"
secondary_summary_csv,src/idea4/analysis/final_tables_v1/main_k_scaling_summary.csv,,unknown,unknown,base,original,1200.0,3.0,3.0,1000.0,MIX12_EQ,,,True,"secondary summary; collapsed_rows=4; columns=result_table,model_clean,variant_clean,C,k,F,T,train_regime,reward_mode,n_seeds,seeds,mean_value_accept_ratio_mean,mean_value_accept_ratio_ci95,worst_regime_value_accept_ratio_mean,worst_regime_value_accept_ratio_ci95,std_value_accept_ratio_across_regimes_mean,value_accept_ratio_mean,value_accept_ratio_ci95,drops_mean,drops_ci95,flushes_mean,flushes_ci95,drop_rate_mean,drop_rate_ci95,count_accept_ratio_mean,count_accept_ratio_ci95,ci_note,source_paths; reference only; do not use for raw metric aggregation"
secondary_summary_csv,src/idea4/ac/results/final_comparison_tables/k3_k6_k12_four_model_summary.csv,,unknown,unknown,base,original,1200.0,6.0,3.0,1000.0,MIX12_EQ,123.0,12.0,True,"secondary summary; collapsed_rows=4; columns=model_label,train_regime,seed,C,k,F,T,mean_value_accept_ratio,mean_value_accept_ratio_percent,worst_regime_value_accept_ratio,worst_regime_value_accept_ratio_percent,std_value_accept_ratio_across_regimes,std_value_accept_ratio_percent,mean_drops,mean_flushes,num_regimes,completeness; reference only; do not use for raw metric aggregation"
secondary_summary_csv,src/idea4/ac/results/final_comparison_tables/model_seed_summary.csv,,unknown,unknown,base,original,1200.0,6.0,3.0,1000.0,MIX12_EQ,123.0,12.0,True,"secondary summary; collapsed_rows=4; columns=model_label,train_regime,seed,C,k,F,T,mean_value_accept_ratio,mean_value_accept_ratio_percent,worst_regime_value_accept_ratio,worst_regime_value_accept_ratio_percent,std_value_accept_ratio_across_regimes,std_value_accept_ratio_percent,mean_drops,mean_flushes,num_regimes,completeness; reference only; do not use for raw metric aggregation"
secondary_summary_csv,src/idea4/ac/results/final_comparison_tables/k3_k6_k12_four_model_summary.csv,,unknown,unknown,base,original,1200.0,6.0,3.0,1000.0,MIX12_EQ,323.0,12.0,True,"secondary summary; collapsed_rows=4; columns=model_label,train_regime,seed,C,k,F,T,mean_value_accept_ratio,mean_value_accept_ratio_percent,worst_regime_value_accept_ratio,worst_regime_value_accept_ratio_percent,std_value_accept_ratio_across_regimes,std_value_accept_ratio_percent,mean_drops,mean_flushes,num_regimes,completeness; reference only; do not use for raw metric aggregation"
secondary_summary_csv,src/idea4/ac/results/final_comparison_tables/model_seed_summary.csv,,unknown,unknown,base,original,1200.0,6.0,3.0,1000.0,MIX12_EQ,323.0,12.0,True,"secondary summary; collapsed_rows=4; columns=model_label,train_regime,seed,C,k,F,T,mean_value_accept_ratio,mean_value_accept_ratio_percent,worst_regime_value_accept_ratio,worst_regime_value_accept_ratio_percent,std_value_accept_ratio_across_regimes,std_value_accept_ratio_percent,mean_drops,mean_flushes,num_regimes,completeness; reference only; do not use for raw metric aggregation"
secondary_summary_csv,src/idea4/ac/results/final_comparison_tables/four_model_average_across_seeds.csv,,unknown,unknown,base,original,1200.0,6.0,3.0,1000.0,,,,True,"secondary summary; collapsed_rows=4; columns=model_label,C,k,F,T,avg_mean_value_accept_ratio,avg_mean_value_accept_ratio_percent,avg_worst_regime_value_accept_ratio,avg_worst_regime_value_accept_ratio_percent,avg_std_value_accept_ratio_across_regimes,avg_drops,avg_flushes,num_seeds; reference only; do not use for raw metric aggregation"
secondary_summary_csv,src/idea4/ac/results/final_comparison_tables/model_average_across_seeds.csv,,unknown,unknown,base,original,1200.0,6.0,3.0,1000.0,,,,True,"secondary summary; collapsed_rows=4; columns=model_label,C,k,F,T,avg_mean_value_accept_ratio,avg_mean_value_accept_ratio_percent,avg_worst_regime_value_accept_ratio,avg_worst_regime_value_accept_ratio_percent,avg_std_value_accept_ratio_across_regimes,avg_drops,avg_flushes,num_seeds; reference only; do not use for raw metric aggregation"
secondary_summary_csv,src/idea4/ac/results/final_comparison_tables/money_ci_model_k_summary.csv,,unknown,unknown,base,money,1200.0,6.0,3.0,1000.0,,,,False,"secondary summary; collapsed_rows=20; columns=k,model_label,C,F,T,p,tau,num_seeds,num_regime_seed_rows,mean_value_accept_ratio_percent,value_accept_ratio_ci_low_percent,value_accept_ratio_ci_high_percent,value_accept_ratio_n,worst_regime_value_accept_ratio_percent,mean_drops,drops_ci_low,drops_ci_high,drops_n,mean_flushes,flushes_ci_low,flushes_ci_high,flushes_n,mean_money,money_ci_low,money_ci_high,money_n,money_method,coverage_note; reference only; do not use for raw metric aggregation; money reward detected"
secondary_summary_csv,src/idea4/analysis/final_tables_v1/main_k_scaling_summary.csv,,unknown,unknown,base,original,1200.0,6.0,3.0,1000.0,MIX12_EQ,,,True,"secondary summary; collapsed_rows=4; columns=result_table,model_clean,variant_clean,C,k,F,T,train_regime,reward_mode,n_seeds,seeds,mean_value_accept_ratio_mean,mean_value_accept_ratio_ci95,worst_regime_value_accept_ratio_mean,worst_regime_value_accept_ratio_ci95,std_value_accept_ratio_across_regimes_mean,value_accept_ratio_mean,value_accept_ratio_ci95,drops_mean,drops_ci95,flushes_mean,flushes_ci95,drop_rate_mean,drop_rate_ci95,count_accept_ratio_mean,count_accept_ratio_ci95,ci_note,source_paths; reference only; do not use for raw metric aggregation"
secondary_summary_csv,src/idea4/ac/results/final_comparison_tables/k3_k6_k12_four_model_summary.csv,,unknown,unknown,base,original,1200.0,12.0,3.0,1000.0,MIX12_EQ,123.0,12.0,True,"secondary summary; collapsed_rows=4; columns=model_label,train_regime,seed,C,k,F,T,mean_value_accept_ratio,mean_value_accept_ratio_percent,worst_regime_value_accept_ratio,worst_regime_value_accept_ratio_percent,std_value_accept_ratio_across_regimes,std_value_accept_ratio_percent,mean_drops,mean_flushes,num_regimes,completeness; reference only; do not use for raw metric aggregation"
secondary_summary_csv,src/idea4/ac/results/final_comparison_tables/model_seed_summary.csv,,unknown,unknown,base,original,1200.0,12.0,3.0,1000.0,MIX12_EQ,123.0,12.0,True,"secondary summary; collapsed_rows=4; columns=model_label,train_regime,seed,C,k,F,T,mean_value_accept_ratio,mean_value_accept_ratio_percent,worst_regime_value_accept_ratio,worst_regime_value_accept_ratio_percent,std_value_accept_ratio_across_regimes,std_value_accept_ratio_percent,mean_drops,mean_flushes,num_regimes,completeness; reference only; do not use for raw metric aggregation"
secondary_summary_csv,src/idea4/ac/results/final_comparison_tables/k3_k6_k12_four_model_summary.csv,,unknown,unknown,base,original,1200.0,12.0,3.0,1000.0,MIX12_EQ,323.0,12.0,True,"secondary summary; collapsed_rows=4; columns=model_label,train_regime,seed,C,k,F,T,mean_value_accept_ratio,mean_value_accept_ratio_percent,worst_regime_value_accept_ratio,worst_regime_value_accept_ratio_percent,std_value_accept_ratio_across_regimes,std_value_accept_ratio_percent,mean_drops,mean_flushes,num_regimes,completeness; reference only; do not use for raw metric aggregation"
secondary_summary_csv,src/idea4/ac/results/final_comparison_tables/model_seed_summary.csv,,unknown,unknown,base,original,1200.0,12.0,3.0,1000.0,MIX12_EQ,323.0,12.0,True,"secondary summary; collapsed_rows=4; columns=model_label,train_regime,seed,C,k,F,T,mean_value_accept_ratio,mean_value_accept_ratio_percent,worst_regime_value_accept_ratio,worst_regime_value_accept_ratio_percent,std_value_accept_ratio_across_regimes,std_value_accept_ratio_percent,mean_drops,mean_flushes,num_regimes,completeness; reference only; do not use for raw metric aggregation"
secondary_summary_csv,src/idea4/ac/results/final_comparison_tables/four_model_average_across_seeds.csv,,unknown,unknown,base,original,1200.0,12.0,3.0,1000.0,,,,True,"secondary summary; collapsed_rows=4; columns=model_label,C,k,F,T,avg_mean_value_accept_ratio,avg_mean_value_accept_ratio_percent,avg_worst_regime_value_accept_ratio,avg_worst_regime_value_accept_ratio_percent,avg_std_value_accept_ratio_across_regimes,avg_drops,avg_flushes,num_seeds; reference only; do not use for raw metric aggregation"
secondary_summary_csv,src/idea4/ac/results/final_comparison_tables/model_average_across_seeds.csv,,unknown,unknown,base,original,1200.0,12.0,3.0,1000.0,,,,True,"secondary summary; collapsed_rows=4; columns=model_label,C,k,F,T,avg_mean_value_accept_ratio,avg_mean_value_accept_ratio_percent,avg_worst_regime_value_accept_ratio,avg_worst_regime_value_accept_ratio_percent,avg_std_value_accept_ratio_across_regimes,avg_drops,avg_flushes,num_seeds; reference only; do not use for raw metric aggregation"
secondary_summary_csv,src/idea4/ac/results/final_comparison_tables/money_ci_model_k_summary.csv,,unknown,unknown,base,money,1200.0,12.0,3.0,1000.0,,,,False,"secondary summary; collapsed_rows=20; columns=k,model_label,C,F,T,p,tau,num_seeds,num_regime_seed_rows,mean_value_accept_ratio_percent,value_accept_ratio_ci_low_percent,value_accept_ratio_ci_high_percent,value_accept_ratio_n,worst_regime_value_accept_ratio_percent,mean_drops,drops_ci_low,drops_ci_high,drops_n,mean_flushes,flushes_ci_low,flushes_ci_high,flushes_n,mean_money,money_ci_low,money_ci_high,money_n,money_method,coverage_note; reference only; do not use for raw metric aggregation; money reward detected"
secondary_summary_csv,src/idea4/analysis/final_tables_v1/ablation_summary.csv,,unknown,unknown,base,original,1200.0,12.0,3.0,1000.0,MIX12_EQ,,,True,"secondary summary; collapsed_rows=4; columns=result_table,model_clean,variant_clean,C,k,F,T,train_regime,reward_mode,n_seeds,seeds,mean_value_accept_ratio_mean,mean_value_accept_ratio_ci95,worst_regime_value_accept_ratio_mean,worst_regime_value_accept_ratio_ci95,std_value_accept_ratio_across_regimes_mean,value_accept_ratio_mean,value_accept_ratio_ci95,drops_mean,drops_ci95,flushes_mean,flushes_ci95,drop_rate_mean,drop_rate_ci95,count_accept_ratio_mean,count_accept_ratio_ci95,ci_note,source_paths; reference only; do not use for raw metric aggregation"
secondary_summary_csv,src/idea4/analysis/final_tables_v1/main_k_scaling_summary.csv,,unknown,unknown,base,original,1200.0,12.0,3.0,1000.0,MIX12_EQ,,,True,"secondary summary; collapsed_rows=4; columns=result_table,model_clean,variant_clean,C,k,F,T,train_regime,reward_mode,n_seeds,seeds,mean_value_accept_ratio_mean,mean_value_accept_ratio_ci95,worst_regime_value_accept_ratio_mean,worst_regime_value_accept_ratio_ci95,std_value_accept_ratio_across_regimes_mean,value_accept_ratio_mean,value_accept_ratio_ci95,drops_mean,drops_ci95,flushes_mean,flushes_ci95,drop_rate_mean,drop_rate_ci95,count_accept_ratio_mean,count_accept_ratio_ci95,ci_note,source_paths; reference only; do not use for raw metric aggregation"
secondary_summary_csv,src/idea4/analysis/final_tables_v1/ablation_summary.csv,,unknown,unknown,base,original,1200.0,12.0,6.0,1000.0,MIX12_EQ,,,True,"secondary summary; collapsed_rows=2; columns=result_table,model_clean,variant_clean,C,k,F,T,train_regime,reward_mode,n_seeds,seeds,mean_value_accept_ratio_mean,mean_value_accept_ratio_ci95,worst_regime_value_accept_ratio_mean,worst_regime_value_accept_ratio_ci95,std_value_accept_ratio_across_regimes_mean,value_accept_ratio_mean,value_accept_ratio_ci95,drops_mean,drops_ci95,flushes_mean,flushes_ci95,drop_rate_mean,drop_rate_ci95,count_accept_ratio_mean,count_accept_ratio_ci95,ci_note,source_paths; reference only; do not use for raw metric aggregation"
secondary_summary_csv,src/idea4/analysis/final_tables_v1/stress_complexity_summary.csv,,unknown,unknown,base,original,1200.0,24.0,3.0,1000.0,MIX12_EQ,,,True,"secondary summary; collapsed_rows=3; columns=result_table,model_clean,variant_clean,C,k,F,T,train_regime,reward_mode,n_seeds,seeds,mean_value_accept_ratio_mean,mean_value_accept_ratio_ci95,worst_regime_value_accept_ratio_mean,worst_regime_value_accept_ratio_ci95,std_value_accept_ratio_across_regimes_mean,value_accept_ratio_mean,value_accept_ratio_ci95,drops_mean,drops_ci95,flushes_mean,flushes_ci95,drop_rate_mean,drop_rate_ci95,count_accept_ratio_mean,count_accept_ratio_ci95,ci_note,source_paths; reference only; do not use for raw metric aggregation"
secondary_summary_csv,src/idea4/ac/results/stress_tests/comparison/stress_test_factorized_efficiency.csv,,unknown,unknown,base,original,1200.0,24.0,,,,,,False,"secondary summary; collapsed_rows=1; columns=setting,C,k,basic_ppo_policy_output,factorized_policy_output,output_reduction_ratio,basic_ppo_mean_var,factorized_ac_mean_var,factorized_minus_basic,retained_performance_ratio,basic_ppo_drops,factorized_ac_drops; reference only; do not use for raw metric aggregation"
secondary_summary_csv,src/idea4/ac/results/stress_tests/comparison/stress_test_summary_by_model.csv,,Basic_AC_or_PPO,unknown,base,original,1200.0,24.0,,,,,,False,"secondary summary; collapsed_rows=1; columns=setting,C,k,model_family,num_seeds,mean_value_accept_ratio,sd_value_accept_ratio,mean_worst_regime_value_accept_ratio,mean_avg_drops,mean_avg_drop_rate,mean_avg_flushes,policy_output_size; reference only; do not use for raw metric aggregation"
secondary_summary_csv,src/idea4/ac/results/final_comparison_tables/difficulty_ranking.csv,,unknown,unknown,base,original,,3.0,,,,,12.0,True,"secondary summary; collapsed_rows=12; columns=k,test_regime,avg_value_accept_ratio,avg_drops,avg_flushes,num_model_seed_rows,simple_interpretation; reference only; do not use for raw metric aggregation"
secondary_summary_csv,src/idea4/ac/results/final_comparison_tables/meeting_four_model_comparison.csv,,unknown,unknown,base,original,,3.0,,,,,,False,"secondary summary; collapsed_rows=4; columns=k,model_label,num_seeds,avg_mean_value_accept_ratio_percent,avg_worst_regime_value_accept_ratio_percent,avg_drops,avg_flushes,coverage_note; reference only; do not use for raw metric aggregation"
secondary_summary_csv,src/idea4/ac/results/final_comparison_tables/meeting_money_ci_table.csv,,unknown,unknown,base,money,,3.0,,,,,,False,"secondary summary; collapsed_rows=20; columns=k,Model 模型,Seeds 种子数,Mean ValAcc 平均价值接受率,95% CI ValAcc 价值接受率置信区间,Worst ValAcc 最差regime价值接受率,Drops 平均丢弃数,95% CI Drops 丢弃数置信区间,Flushes 平均flush次数,95% CI Flushes flush次数置信区间,Money 平均净收益,95% CI Money 净收益置信区间,p settle利润系数,tau flush成本,Note 备注; reference only; do not use for raw metric aggregation; money reward detected"
secondary_summary_csv,src/idea4/ac/results/final_comparison_tables/meeting_money_ci_table_tau5.csv,,unknown,unknown,base,money,,3.0,,,,,,False,"secondary summary; collapsed_rows=4; columns=k,Model 模型,Seeds 种子数,Mean ValAcc 平均价值接受率,95% CI ValAcc 价值接受率置信区间,Worst ValAcc 最差regime价值接受率,Drops 平均丢弃数,95% CI Drops 丢弃数置信区间,Flushes 平均flush次数,95% CI Flushes flush次数置信区间,Money 平均净收益,95% CI Money 净收益置信区间,p settle利润系数,tau flush成本,Note 备注; reference only; do not use for raw metric aggregation; money reward detected"
secondary_summary_csv,src/idea4/ac/results/final_comparison_tables/money_sensitivity_by_tau.csv,,unknown,unknown,base,original,,3.0,,,,,,False,"secondary summary; collapsed_rows=20; columns=k,p,tau,rank_by_money,model_label,mean_money,money_ci_low,money_ci_high,mean_value_accept_ratio_percent,mean_flushes,mean_drops,coverage_note; reference only; do not use for raw metric aggregation"
secondary_summary_csv,src/idea4/ac/results/final_comparison_tables/money_winner_by_tau.csv,,unknown,unknown,base,original,,3.0,,,,,,False,"secondary summary; collapsed_rows=5; columns=k,p,tau,best_model,best_mean_money,best_money_ci_low,best_money_ci_high,best_mean_value_accept_ratio_percent,best_mean_flushes,best_mean_drops,second_best_model,money_gap_vs_second_best; reference only; do not use for raw metric aggregation"
secondary_summary_csv,src/idea4/ac/results/final_comparison_tables/ppo_factorization_comparison.csv,,unknown,unknown,base,original,,3.0,,,,,,False,"secondary summary; collapsed_rows=3; columns=k,model_a,model_b,delta_direction,delta_mean_value_accept_ratio,delta_worst_regime_value_accept_ratio,delta_mean_drops,delta_mean_flushes,comparison_note; reference only; do not use for raw metric aggregation"
secondary_summary_csv,src/idea4/ac/results/final_comparison_tables/regime_level_wide.csv,,unknown,unknown,base,original,,3.0,,,,,12.0,True,"secondary summary; collapsed_rows=12; columns=k,test_regime,attention_dqn_seed123_value_accept_ratio,basic_ppo_seed123_value_accept_ratio,basic_ppo_seed323_value_accept_ratio,dqn_baseline_seed123_value_accept_ratio,dqn_baseline_seed323_value_accept_ratio,dual_branch_factorized_ac_seed123_value_accept_ratio,dual_branch_factorized_ac_seed323_value_accept_ratio,factorized_ac_seed123_value_accept_ratio,factorized_ac_seed323_value_accept_ratio,attention_dqn_seed123_drops,basic_ppo_seed123_drops,basic_ppo_seed323_drops,dqn_baseline_seed123_drops,dqn_baseline_seed323_drops,dual_branch_factorized_ac_seed123_drops,dual_branch_factorized_ac_seed323_drops,factorized_ac_seed123_drops,factorized_ac_seed323_drops,attention_dqn_seed123_flushes,basic_ppo_seed123_flushes,basic_ppo_seed323_flushes,dqn_baseline_seed123_flushes,dqn_baseline_seed323_flushes,dual_branch_factorized_ac_seed123_flushes,dual_branch_factorized_ac_seed323_flushes,factorized_ac_seed123_flushes,factorized_ac_seed323_flushes; reference only; do not use for raw metric aggregation"
secondary_summary_csv,src/idea4/ac/results/final_comparison_tables/difficulty_ranking.csv,,unknown,unknown,base,original,,6.0,,,,,12.0,True,"secondary summary; collapsed_rows=12; columns=k,test_regime,avg_value_accept_ratio,avg_drops,avg_flushes,num_model_seed_rows,simple_interpretation; reference only; do not use for raw metric aggregation"
secondary_summary_csv,src/idea4/ac/results/final_comparison_tables/meeting_four_model_comparison.csv,,unknown,unknown,base,original,,6.0,,,,,,False,"secondary summary; collapsed_rows=4; columns=k,model_label,num_seeds,avg_mean_value_accept_ratio_percent,avg_worst_regime_value_accept_ratio_percent,avg_drops,avg_flushes,coverage_note; reference only; do not use for raw metric aggregation"
secondary_summary_csv,src/idea4/ac/results/final_comparison_tables/meeting_money_ci_table.csv,,unknown,unknown,base,money,,6.0,,,,,,False,"secondary summary; collapsed_rows=20; columns=k,Model 模型,Seeds 种子数,Mean ValAcc 平均价值接受率,95% CI ValAcc 价值接受率置信区间,Worst ValAcc 最差regime价值接受率,Drops 平均丢弃数,95% CI Drops 丢弃数置信区间,Flushes 平均flush次数,95% CI Flushes flush次数置信区间,Money 平均净收益,95% CI Money 净收益置信区间,p settle利润系数,tau flush成本,Note 备注; reference only; do not use for raw metric aggregation; money reward detected"
secondary_summary_csv,src/idea4/ac/results/final_comparison_tables/meeting_money_ci_table_tau5.csv,,unknown,unknown,base,money,,6.0,,,,,,False,"secondary summary; collapsed_rows=4; columns=k,Model 模型,Seeds 种子数,Mean ValAcc 平均价值接受率,95% CI ValAcc 价值接受率置信区间,Worst ValAcc 最差regime价值接受率,Drops 平均丢弃数,95% CI Drops 丢弃数置信区间,Flushes 平均flush次数,95% CI Flushes flush次数置信区间,Money 平均净收益,95% CI Money 净收益置信区间,p settle利润系数,tau flush成本,Note 备注; reference only; do not use for raw metric aggregation; money reward detected"
secondary_summary_csv,src/idea4/ac/results/final_comparison_tables/money_sensitivity_by_tau.csv,,unknown,unknown,base,original,,6.0,,,,,,False,"secondary summary; collapsed_rows=20; columns=k,p,tau,rank_by_money,model_label,mean_money,money_ci_low,money_ci_high,mean_value_accept_ratio_percent,mean_flushes,mean_drops,coverage_note; reference only; do not use for raw metric aggregation"
secondary_summary_csv,src/idea4/ac/results/final_comparison_tables/money_winner_by_tau.csv,,unknown,unknown,base,original,,6.0,,,,,,False,"secondary summary; collapsed_rows=5; columns=k,p,tau,best_model,best_mean_money,best_money_ci_low,best_money_ci_high,best_mean_value_accept_ratio_percent,best_mean_flushes,best_mean_drops,second_best_model,money_gap_vs_second_best; reference only; do not use for raw metric aggregation"
secondary_summary_csv,src/idea4/ac/results/final_comparison_tables/ppo_factorization_comparison.csv,,unknown,unknown,base,original,,6.0,,,,,,False,"secondary summary; collapsed_rows=3; columns=k,model_a,model_b,delta_direction,delta_mean_value_accept_ratio,delta_worst_regime_value_accept_ratio,delta_mean_drops,delta_mean_flushes,comparison_note; reference only; do not use for raw metric aggregation"
secondary_summary_csv,src/idea4/ac/results/final_comparison_tables/regime_level_wide.csv,,unknown,unknown,base,original,,6.0,,,,,12.0,True,"secondary summary; collapsed_rows=12; columns=k,test_regime,attention_dqn_seed123_value_accept_ratio,basic_ppo_seed123_value_accept_ratio,basic_ppo_seed323_value_accept_ratio,dqn_baseline_seed123_value_accept_ratio,dqn_baseline_seed323_value_accept_ratio,dual_branch_factorized_ac_seed123_value_accept_ratio,dual_branch_factorized_ac_seed323_value_accept_ratio,factorized_ac_seed123_value_accept_ratio,factorized_ac_seed323_value_accept_ratio,attention_dqn_seed123_drops,basic_ppo_seed123_drops,basic_ppo_seed323_drops,dqn_baseline_seed123_drops,dqn_baseline_seed323_drops,dual_branch_factorized_ac_seed123_drops,dual_branch_factorized_ac_seed323_drops,factorized_ac_seed123_drops,factorized_ac_seed323_drops,attention_dqn_seed123_flushes,basic_ppo_seed123_flushes,basic_ppo_seed323_flushes,dqn_baseline_seed123_flushes,dqn_baseline_seed323_flushes,dual_branch_factorized_ac_seed123_flushes,dual_branch_factorized_ac_seed323_flushes,factorized_ac_seed123_flushes,factorized_ac_seed323_flushes; reference only; do not use for raw metric aggregation"
secondary_summary_csv,src/idea4/ac/results/final_comparison_tables/k12_regime_level.csv,,dual_branch_ac,unknown,base,original,,12.0,,,,123.0,12.0,True,"secondary summary; collapsed_rows=12; columns=model,seed,test_regime,value_accept_ratio,value_accept_ratio_percent,drops,flushes,drop_rate,count_accept_ratio,source; reference only; do not use for raw metric aggregation"
secondary_summary_csv,src/idea4/ac/results/final_comparison_tables/k12_regime_level.csv,,dual_branch_ac,unknown,base,original,,12.0,,,,323.0,12.0,True,"secondary summary; collapsed_rows=12; columns=model,seed,test_regime,value_accept_ratio,value_accept_ratio_percent,drops,flushes,drop_rate,count_accept_ratio,source; reference only; do not use for raw metric aggregation"
secondary_summary_csv,src/idea4/ac/results/final_comparison_tables/difficulty_ranking.csv,,unknown,unknown,base,original,,12.0,,,,,12.0,True,"secondary summary; collapsed_rows=12; columns=k,test_regime,avg_value_accept_ratio,avg_drops,avg_flushes,num_model_seed_rows,simple_interpretation; reference only; do not use for raw metric aggregation"
secondary_summary_csv,src/idea4/ac/results/final_comparison_tables/meeting_four_model_comparison.csv,,unknown,unknown,base,original,,12.0,,,,,,False,"secondary summary; collapsed_rows=4; columns=k,model_label,num_seeds,avg_mean_value_accept_ratio_percent,avg_worst_regime_value_accept_ratio_percent,avg_drops,avg_flushes,coverage_note; reference only; do not use for raw metric aggregation"
secondary_summary_csv,src/idea4/ac/results/final_comparison_tables/meeting_money_ci_table.csv,,unknown,unknown,base,money,,12.0,,,,,,False,"secondary summary; collapsed_rows=20; columns=k,Model 模型,Seeds 种子数,Mean ValAcc 平均价值接受率,95% CI ValAcc 价值接受率置信区间,Worst ValAcc 最差regime价值接受率,Drops 平均丢弃数,95% CI Drops 丢弃数置信区间,Flushes 平均flush次数,95% CI Flushes flush次数置信区间,Money 平均净收益,95% CI Money 净收益置信区间,p settle利润系数,tau flush成本,Note 备注; reference only; do not use for raw metric aggregation; money reward detected"
secondary_summary_csv,src/idea4/ac/results/final_comparison_tables/meeting_money_ci_table_tau5.csv,,unknown,unknown,base,money,,12.0,,,,,,False,"secondary summary; collapsed_rows=4; columns=k,Model 模型,Seeds 种子数,Mean ValAcc 平均价值接受率,95% CI ValAcc 价值接受率置信区间,Worst ValAcc 最差regime价值接受率,Drops 平均丢弃数,95% CI Drops 丢弃数置信区间,Flushes 平均flush次数,95% CI Flushes flush次数置信区间,Money 平均净收益,95% CI Money 净收益置信区间,p settle利润系数,tau flush成本,Note 备注; reference only; do not use for raw metric aggregation; money reward detected"
secondary_summary_csv,src/idea4/ac/results/final_comparison_tables/money_sensitivity_by_tau.csv,,unknown,unknown,base,original,,12.0,,,,,,False,"secondary summary; collapsed_rows=20; columns=k,p,tau,rank_by_money,model_label,mean_money,money_ci_low,money_ci_high,mean_value_accept_ratio_percent,mean_flushes,mean_drops,coverage_note; reference only; do not use for raw metric aggregation"
secondary_summary_csv,src/idea4/ac/results/final_comparison_tables/money_winner_by_tau.csv,,unknown,unknown,base,original,,12.0,,,,,,False,"secondary summary; collapsed_rows=5; columns=k,p,tau,best_model,best_mean_money,best_money_ci_low,best_money_ci_high,best_mean_value_accept_ratio_percent,best_mean_flushes,best_mean_drops,second_best_model,money_gap_vs_second_best; reference only; do not use for raw metric aggregation"
secondary_summary_csv,src/idea4/ac/results/final_comparison_tables/ppo_factorization_comparison.csv,,unknown,unknown,base,original,,12.0,,,,,,False,"secondary summary; collapsed_rows=3; columns=k,model_a,model_b,delta_direction,delta_mean_value_accept_ratio,delta_worst_regime_value_accept_ratio,delta_mean_drops,delta_mean_flushes,comparison_note; reference only; do not use for raw metric aggregation"
secondary_summary_csv,src/idea4/ac/results/final_comparison_tables/regime_level_wide.csv,,unknown,unknown,base,original,,12.0,,,,,12.0,True,"secondary summary; collapsed_rows=12; columns=k,test_regime,attention_dqn_seed123_value_accept_ratio,basic_ppo_seed123_value_accept_ratio,basic_ppo_seed323_value_accept_ratio,dqn_baseline_seed123_value_accept_ratio,dqn_baseline_seed323_value_accept_ratio,dual_branch_factorized_ac_seed123_value_accept_ratio,dual_branch_factorized_ac_seed323_value_accept_ratio,factorized_ac_seed123_value_accept_ratio,factorized_ac_seed323_value_accept_ratio,attention_dqn_seed123_drops,basic_ppo_seed123_drops,basic_ppo_seed323_drops,dqn_baseline_seed123_drops,dqn_baseline_seed323_drops,dual_branch_factorized_ac_seed123_drops,dual_branch_factorized_ac_seed323_drops,factorized_ac_seed123_drops,factorized_ac_seed323_drops,attention_dqn_seed123_flushes,basic_ppo_seed123_flushes,basic_ppo_seed323_flushes,dqn_baseline_seed123_flushes,dqn_baseline_seed323_flushes,dual_branch_factorized_ac_seed123_flushes,dual_branch_factorized_ac_seed323_flushes,factorized_ac_seed123_flushes,factorized_ac_seed323_flushes; reference only; do not use for raw metric aggregation"
