episode,settled_value,dropped_value,total_value,total_transaction_value,value_accept_ratio,drops,drop_rate,flushes,money,flush_A_count,flush_B_count,drop_A_count,drop_B_count,settled_A_value,settled_B_value,available_A,available_B,committed_A,committed_B,episode_return,training_reward_return,reward_scale,steps,settle_action_0,settle_action_1,elapsed_sec,flush_action_0,flush_action_1,flush_action_2,flush_action_3,flush_action_4,flush_action_5,flush_action_6,flush_action_7,flush_action_8,flush_action_9,flush_action_10,flush_action_11,flush_action_12,flush_action_13,flush_action_14,flush_action_15,flush_action_16,flush_action_17,flush_action_18,flush_action_19,flush_action_20,flush_action_21,flush_action_22,flush_action_23,flush_action_24,flush_action_25,flush_action_26,flush_action_27,flush_action_28,flush_action_29,flush_action_30,flush_action_31,flush_action_32,loss,policy_loss,value_loss,entropy,entropy_coef
1,25627.0,24677.0,50304.0,50304.0,0.5094425890585241,486.0,0.486,902.0,-64573.0,461.0,441.0,231.0,255.0,13493.0,12134.0,773.6983587499898,753.903373864517,3.082223583985545,46.09662613548291,-64573.0,-645.7300000000002,100.0,1000,486,514,0.13732962508220226,33,27,23,42,28,36,33,28,24,29,30,28,36,41,31,23,27,29,39,26,30,29,27,31,34,30,31,22,27,32,28,37,29,42.897544860839844,0.003116644686087966,86.0400161743164,4.186056613922119,0.03
2,24192.0,24803.0,48995.0,48995.0,0.49376466986427187,502.0,0.502,888.0,-64608.0,483.0,405.0,255.0,247.0,12687.0,11505.0,751.8827336743395,730.5,47.34914572676891,36.650390625,-64608.0,-646.0800000000003,100.0,1000,502,498,0.11906645901035517,36,34,46,26,28,36,46,30,23,36,28,26,32,30,36,37,30,28,31,19,25,22,26,35,26,29,30,27,22,21,26,41,32,42.94098663330078,0.030598796904087067,86.0716781616211,4.185474872589111,0.029973
3,24263.0,26516.0,50779.0,50779.0,0.4778156324464838,527.0,0.527,894.0,-65137.0,464.0,430.0,265.0,262.0,12675.0,11588.0,692.4164933916421,750.999999999999,107.58350660835785,3.0625,-65137.0,-651.3699999999994,100.0,1000,527,473,0.12172991700936109,30,37,22,28,42,33,35,29,30,31,32,34,30,34,35,19,31,28,27,22,31,34,35,37,28,31,32,25,25,20,25,36,32,41.502994537353516,-0.08969224244356155,83.43596649169922,4.1841278076171875,0.029946
4,26241.0,24019.0,50260.0,50260.0,0.5221050537206526,485.0,0.485,898.0,-63559.0,451.0,447.0,245.0,240.0,12915.0,13326.0,733.8751902803814,729.4509580994331,12.555697503284492,70.5490419005668,-63559.0,-635.5899999999999,100.0,1000,485,515,0.1338948750635609,33,29,29,32,29,31,44,37,27,32,21,32,24,35,31,29,23,46,41,33,31,25,27,24,23,31,33,32,29,24,21,31,31,40.483741760253906,0.04921172559261322,81.11931610107422,4.182260513305664,0.029918999999999998
5,26587.0,24213.0,50800.0,50800.0,0.5233661417322835,473.0,0.473,848.0,-58213.0,425.0,423.0,235.0,238.0,13003.0,13584.0,630.4707521709521,719.4218749999999,57.89336698397325,45.3251953125,-58213.0,-582.1299999999998,100.0,1000,473,527,0.1232055410509929,54,23,37,38,30,29,36,21,31,32,28,29,23,25,29,34,35,28,37,26,27,29,25,28,23,26,27,24,40,28,31,32,35,33.66965866088867,0.010299653746187687,67.5685806274414,4.1793718338012695,0.029892
6,22696.0,26972.0,49668.0,49668.0,0.4569541757268261,535.0,0.535,841.0,-61404.0,420.0,421.0,271.0,264.0,11533.0,11163.0,673.3500639796249,768.0926711056377,62.412484005093575,3.4898640978208277,-61404.0,-614.0400000000008,100.0,1000,535,465,0.12207508296705782,40,29,33,34,34,27,24,23,28,34,31,35,32,26,21,26,30,40,28,30,36,17,28,32,22,28,30,28,28,27,36,34,49,35.02897644042969,-0.11477803438901901,70.536865234375,4.174803733825684,0.029865
7,25949.0,25719.0,51668.0,51668.0,0.5022257490129287,500.0,0.5,837.0,-57751.0,436.0,401.0,257.0,243.0,13521.0,12428.0,799.9990022182463,459.62170410156205,0.0007483363151550293,27.9216570854187,-57751.0,-577.5099999999999,100.0,1000,500,500,0.12075966596603394,43,27,29,23,34,24,34,28,21,45,35,19,28,25,35,29,29,35,27,29,24,25,35,33,24,28,29,28,27,27,34,37,50,30.40607261657715,-0.07086531072854996,61.20260238647461,4.167922019958496,0.029838
8,25995.0,23843.0,49838.0,49838.0,0.5215899514426743,488.0,0.488,846.0,-58605.0,404.0,442.0,246.0,242.0,12648.0,13347.0,740.4288482405243,746.9999999999995,0.0,23.1875,-58605.0,-586.0499999999998,100.0,1000,488,512,0.12076750001870096,47,33,33,34,36,23,23,24,28,30,27,29,24,22,35,18,29,38,40,28,19,20,29,33,25,34,30,39,19,33,37,30,51,32.24330520629883,0.018424643203616142,64.69768524169922,4.158321857452393,0.029810999999999997
9,25126.0,24507.0,49633.0,49633.0,0.5062357705558802,489.0,0.489,811.0,-55974.0,417.0,394.0,248.0,241.0,12517.0,12609.0,767.965353012085,643.5,22.02381980419159,10.59765625,-55974.0,-559.7400000000004,100.0,1000,489,511,0.24628087505698204,44,35,24,23,31,18,32,24,34,41,33,36,21,14,36,26,35,28,28,21,27,25,40,21,26,28,22,30,23,30,38,37,69,28.917226791381836,-0.016009781509637833,58.11335754394531,4.144546985626221,0.029783999999999998
10,26474.0,24120.0,50594.0,50594.0,0.5232636280981935,472.0,0.472,822.0,-55726.0,355.0,467.0,258.0,214.0,12303.0,14171.0,718.2897213873705,751.9507921890464,81.7102786126294,0.0,-55726.0,-557.2600000000002,100.0,1000,472,528,0.11928295798134059,38,21,26,14,23,35,25,15,29,33,36,26,18,15,35,23,42,32,26,20,28,27,44,36,24,39,27,22,37,26,38,54,66,28.79970359802246,0.08406145870685577,57.676883697509766,4.126704216003418,0.029757
11,27924.0,24035.0,51959.0,51959.0,0.5374237379472276,454.0,0.454,828.0,-54876.0,372.0,456.0,231.0,223.0,14092.0,13832.0,731.9999999999992,796.2499999999997,25.5,0.0,-54876.0,-548.7600000000002,100.0,1000,454,546,0.17107254196889699,49,28,21,20,34,19,28,26,34,47,34,23,20,22,21,18,36,33,28,30,26,35,35,27,27,39,29,25,32,26,23,34,71,27.28453254699707,0.09844273328781128,54.61624526977539,4.104698657989502,0.02973
12,25891.0,24865.0,50756.0,50756.0,0.5101071794467649,484.0,0.484,808.0,-54909.0,398.0,410.0,231.0,253.0,12254.0,13637.0,799.9492311477654,669.171875,0.01903831958770752,93.2373046875,-54909.0,-549.0899999999999,100.0,1000,484,516,0.1283629999961704,60,15,21,22,35,30,18,29,26,29,26,23,19,18,38,30,43,39,28,25,25,23,35,28,26,35,23,29,25,27,35,34,81,24.714048385620117,-0.05922362953424454,49.7885856628418,4.074408054351807,0.029703
13,25247.0,25130.0,50377.0,50377.0,0.5011612442185919,474.0,0.474,792.0,-53953.0,356.0,436.0,244.0,230.0,12387.0,12860.0,799.9999999999998,693.9999999999998,0.0,0.0,-53953.0,-539.5300000000005,100.0,1000,474,526,0.12741233292035758,60,30,23,22,30,33,21,12,22,36,27,25,25,15,25,24,51,40,25,23,23,14,31,23,31,31,27,35,25,28,31,38,94,22.670137405395508,-0.09071831405162811,45.761260986328125,4.036021709442139,0.029675999999999998
14,29406.0,20904.0,50310.0,50310.0,0.5844961240310077,421.0,0.421,768.0,-47394.0,326.0,442.0,230.0,191.0,13884.0,15522.0,667.2578125,799.9999999999999,132.7421875,0.0,-47394.0,-473.9399999999997,100.0,1000,421,579,0.13922825001645833,83,25,17,21,24,25,16,23,20,28,26,17,18,17,16,23,47,28,31,17,28,29,35,26,35,34,25,31,24,24,27,56,104,16.843063354492188,-0.05991314351558685,34.04271697998047,3.9927520751953125,0.029649
15,28653.0,22681.0,51334.0,51334.0,0.5581680757392761,439.0,0.439,753.0,-46647.0,324.0,429.0,219.0,220.0,14218.0,14435.0,796.5625,696.0,3.4375,29.70703125,-46647.0,-466.4699999999994,100.0,1000,439,561,0.1290210000006482,77,11,30,20,25,23,16,12,20,40,26,24,14,10,34,19,57,31,38,30,11,26,36,32,31,33,15,29,32,21,28,41,108,16.349220275878906,0.021168716251850128,32.8895149230957,3.9398984909057617,0.029622
16,27691.0,23245.0,50936.0,50936.0,0.5436430029841369,451.0,0.451,703.0,-42609.0,303.0,400.0,220.0,231.0,13867.0,13824.0,635.1333084106445,787.203125,17.021486565470695,12.796875,-42609.0,-426.0900000000005,100.0,1000,451,549,0.12145245901774615,98,14,22,13,29,18,15,15,20,33,29,20,10,10,20,26,68,38,24,26,21,16,39,27,18,44,17,28,20,24,24,29,145,13.327425956726074,0.06048564612865448,26.763065338134766,3.8720335960388184,0.029595
17,27929.0,22015.0,49944.0,49944.0,0.5592063110683966,453.0,0.453,694.0,-41471.0,310.0,384.0,214.0,239.0,15414.0,12515.0,524.0500180556629,800.0,0.0,0.0,-41471.0,-414.71000000000026,100.0,1000,453,547,0.12244441593065858,113,21,21,13,25,19,24,9,13,34,33,20,12,13,17,26,55,27,27,20,19,20,38,32,25,37,9,34,21,20,21,36,146,11.134245872497559,0.016294725239276886,22.46011734008789,3.7915191650390625,0.029568
18,26808.0,23081.0,49889.0,49889.0,0.5373529234901482,453.0,0.453,659.0,-39092.0,291.0,368.0,224.0,229.0,13238.0,13570.0,722.9999999999998,752.66015625,4.8125,0.0,-39092.0,-390.91999999999996,100.0,1000,453,547,0.1326581669272855,113,16,21,19,17,18,23,12,19,26,24,21,15,8,18,28,71,24,32,19,26,10,25,29,23,37,14,23,14,14,24,38,179,8.18744945526123,-0.0348670557141304,16.662975311279297,3.6955718994140625,0.029540999999999998
19,28170.0,21919.0,50089.0,50089.0,0.5623989299047695,428.0,0.428,635.0,-35330.0,268.0,367.0,228.0,200.0,14581.0,13589.0,800.0,748.0,0.0,52.0,-35330.0,-353.2999999999999,100.0,1000,428,572,0.12461033300496638,137,13,17,7,19,9,23,8,15,24,30,21,5,8,12,17,92,24,25,20,22,15,34,19,22,40,19,21,22,23,13,42,182,6.64662504196167,0.0011688964441418648,13.501861572265625,3.5737111568450928,0.029514
20,27340.0,22696.0,50036.0,50036.0,0.5464065872571748,443.0,0.443,610.0,-33660.0,237.0,373.0,211.0,232.0,13279.0,14061.0,728.9375,767.66015625,0.0,0.0,-33660.0,-336.59999999999957,100.0,1000,443,557,0.12297037499956787,138,13,15,10,16,16,14,6,10,20,24,8,9,11,14,14,102,42,23,21,17,12,34,20,23,42,12,19,17,23,18,30,207,4.228808879852295,-0.11539215594530106,8.891902923583984,3.4506893157958984,0.029487
21,28684.0,21684.0,50368.0,50368.0,0.5694885641677255,455.0,0.455,567.0,-28016.0,241.0,326.0,246.0,209.0,13644.0,15040.0,715.5186264514922,722.0,79.20128770172596,10.6640625,-28016.0,-280.15999999999985,100.0,1000,455,545,0.12124945898540318,179,16,19,2,11,7,9,7,14,20,12,16,12,14,24,16,102,21,24,18,14,8,22,19,16,30,12,21,14,16,18,19,248,2.68556547164917,-0.06506158411502838,5.697851181030273,3.3366756439208984,0.02946
22,28380.0,23946.0,52326.0,52326.0,0.5423689943813783,450.0,0.45,522.0,-23820.0,214.0,308.0,234.0,216.0,14617.0,13763.0,555.25,800.0,244.75,0.0,-23820.0,-238.19999999999973,100.0,1000,450,550,0.11930137500166893,206,10,9,7,22,13,10,8,8,14,11,12,9,8,7,10,100,20,24,17,10,13,29,19,19,32,8,14,11,19,17,19,265,2.3045833110809326,-0.0037463903427124023,4.804718494415283,3.194701671600342,0.029432999999999997
23,25155.0,21960.0,47115.0,47115.0,0.5339063992359121,455.0,0.455,502.0,-25045.0,214.0,288.0,251.0,204.0,13384.0,11771.0,727.0,800.0,73.0,0.0,-25045.0,-250.44999999999982,100.0,1000,455,545,0.11898070806637406,187,15,15,6,11,7,13,3,9,16,8,9,6,3,13,12,111,20,14,14,10,10,25,14,9,26,8,18,7,10,20,23,328,1.7665879726409912,-0.029112812131643295,3.774026393890381,3.1052324771881104,0.029405999999999998
24,28850.0,21782.0,50632.0,50632.0,0.5697977563596145,426.0,0.426,472.0,-18350.0,164.0,308.0,212.0,214.0,13737.0,15113.0,719.4812545776367,800.0,80.51874542236328,0.0,-18350.0,-183.50000000000014,100.0,1000,426,574,0.12267824995797127,226,14,13,9,8,16,12,2,5,12,10,5,3,3,9,7,99,20,23,18,12,9,26,21,9,23,5,19,8,6,19,22,307,1.3166567087173462,0.042663607746362686,2.730830669403076,3.1118195056915283,0.029379
25,28008.0,21066.0,49074.0,49074.0,0.5707299180828952,441.0,0.441,496.0,-21592.0,184.0,312.0,206.0,235.0,14866.0,13142.0,560.0,727.0,0.0,31.9375,-21592.0,-215.91999999999976,100.0,1000,441,559,0.11950062506366521,233,8,16,4,8,10,9,5,5,11,11,7,5,10,6,2,118,12,14,12,14,6,37,26,24,25,15,12,7,9,11,23,285,1.7086645364761353,0.030228160321712494,3.5337188243865967,3.012504816055298,0.029352
26,27762.0,21242.0,49004.0,49004.0,0.5665251816178272,433.0,0.433,499.0,-22138.0,169.0,330.0,216.0,217.0,13737.0,14025.0,729.0,741.0,0.0,25.8125,-22138.0,-221.37999999999997,100.0,1000,433,567,0.1219414999941364,210,8,13,5,6,14,7,2,3,6,12,11,11,5,5,2,98,18,16,16,15,6,36,10,15,31,9,14,6,11,25,16,338,1.228729486465454,0.05518042668700218,2.517685890197754,2.908572196960449,0.029325
27,30563.0,20424.0,50987.0,50987.0,0.5994273049993135,397.0,0.397,462.0,-15637.0,178.0,284.0,185.0,212.0,15525.0,15038.0,526.0,784.875,0.0,0.0,-15637.0,-156.3699999999999,100.0,1000,397,603,0.12773641699459404,270,11,6,2,2,16,9,6,8,13,9,9,3,5,8,5,106,20,14,10,19,4,18,7,9,23,5,18,11,7,15,12,320,1.241540789604187,-0.004975433927029371,2.6669187545776367,2.9675450325012207,0.029297999999999998
28,28104.0,20382.0,48486.0,48486.0,0.5796312337581982,423.0,0.423,447.0,-16596.0,168.0,279.0,205.0,218.0,15105.0,12999.0,800.0,523.2835083007812,0.0,84.0,-16596.0,-165.95999999999984,100.0,1000,423,577,0.12005024997051805,286,7,8,5,8,6,14,3,1,15,14,5,8,4,3,6,95,18,9,9,25,7,27,12,19,25,3,12,7,16,13,24,286,1.3831051588058472,-0.011177915148437023,2.9629592895507812,2.9789397716522217,0.029271
29,33337.0,19083.0,52420.0,52420.0,0.6359595574208318,364.0,0.364,479.0,-14563.0,165.0,314.0,165.0,199.0,17183.0,16154.0,670.0,733.0,31.0,7.328125,-14563.0,-145.62999999999982,100.0,1000,364,636,0.12012329092249274,274,11,10,5,12,4,5,3,3,9,5,14,3,2,5,10,102,7,13,11,20,12,31,17,22,27,1,7,8,9,20,14,304,2.1403281688690186,-0.07424655556678772,4.603354454040527,2.978470802307129,0.029244
30,30854.0,19326.0,50180.0,50180.0,0.6148664806695895,384.0,0.384,484.0,-17546.0,174.0,310.0,180.0,204.0,15007.0,15847.0,486.5625,722.0,313.4375,39.0,-17546.0,-175.45999999999998,100.0,1000,384,616,0.11757120897527784,290,4,11,7,7,11,5,5,7,9,16,11,8,5,8,4,82,17,16,15,30,6,23,6,17,20,5,24,8,13,14,12,284,1.1043169498443604,0.0007856097654439509,2.3750321865081787,2.8745150566101074,0.029217
31,32190.0,17627.0,49817.0,49817.0,0.6461649637673886,362.0,0.362,477.0,-15510.0,145.0,332.0,188.0,174.0,15344.0,16846.0,591.0,741.0,0.0,0.0,-15510.0,-155.10000000000005,100.0,1000,362,638,0.11998558300547302,304,6,9,3,9,10,5,6,0,10,2,6,9,3,7,7,78,7,9,8,18,13,30,12,22,16,5,23,8,8,8,11,328,1.4133527278900146,-0.025699110701680183,3.0410053730010986,2.7903668880462646,0.02919
32,29381.0,20067.0,49448.0,49448.0,0.5941797443779324,399.0,0.399,413.0,-11919.0,124.0,289.0,206.0,193.0,15001.0,14380.0,356.0,800.0,0.0,0.0,-11919.0,-119.1899999999999,100.0,1000,398,602,0.11899350001476705,323,8,12,6,7,11,6,6,2,4,3,4,7,4,4,8,58,17,14,15,16,9,22,4,16,16,4,13,6,10,14,10,341,1.4229835271835327,0.013374336995184422,2.9830784797668457,2.809382438659668,0.029162999999999998
33,31398.0,18267.0,49665.0,49665.0,0.6321957112654787,365.0,0.365,448.0,-13402.0,142.0,306.0,198.0,167.0,15503.0,15895.0,655.0,756.0,145.0,0.0,-13402.0,-134.02000000000007,100.0,1000,365,635,0.2808071660110727,336,5,6,3,11,7,4,2,4,12,5,8,6,3,9,12,58,5,16,13,17,10,26,3,21,20,10,18,8,12,4,15,311,1.401195764541626,-0.1349351406097412,3.2336533069610596,2.7696218490600586,0.029136
34,33877.0,15977.0,49854.0,49854.0,0.6795242106952301,336.0,0.336,410.0,-7123.0,124.0,286.0,176.0,160.0,17427.0,16450.0,704.0233459472656,764.25,95.97665405273438,0.0,-7123.0,-71.22999999999996,100.0,1000,336,664,0.12216958298813552,353,5,9,5,3,13,10,2,6,4,11,8,7,1,8,3,39,10,14,11,17,7,25,11,14,13,9,14,11,13,14,11,319,1.3702256679534912,-0.004542613867670298,2.9093120098114014,2.744434118270874,0.029109
35,33672.0,15443.0,49115.0,49115.0,0.6855746716888934,322.0,0.322,434.0,-9728.0,107.0,327.0,161.0,161.0,16267.0,17405.0,397.78662109375,735.0,402.21337890625,0.0,-9728.0,-97.27999999999983,100.0,1000,322,678,0.12185891601257026,340,6,6,4,5,7,7,4,3,6,6,2,7,2,6,4,36,9,18,9,24,4,21,17,12,18,8,17,9,16,4,9,354,1.2301170825958252,-0.02445238269865513,2.669314384460449,2.753859519958496,0.029082
36,35049.0,15416.0,50465.0,50465.0,0.6945209551174081,318.0,0.318,452.0,-10151.0,134.0,318.0,167.0,151.0,16094.0,18955.0,760.4132750244171,587.0,39.58672497558291,24.75,-10151.0,-101.5099999999999,100.0,1000,318,682,0.12092012504581362,339,7,8,4,13,8,10,6,9,5,8,5,4,2,3,4,53,9,13,7,23,15,25,4,14,13,7,10,4,14,15,9,330,1.3349446058273315,-0.018783507868647575,2.8657751083374023,2.7244694232940674,0.029054999999999997
37,32926.0,16499.0,49425.0,49425.0,0.6661810824481538,325.0,0.325,408.0,-7874.0,134.0,274.0,165.0,160.0,17598.0,15328.0,457.912841796875,800.0,0.0,0.0,-7874.0,-78.74000000000007,100.0,1000,317,683,0.12224683305248618,387,7,9,3,9,8,12,6,4,8,5,5,6,5,8,7,43,8,15,11,15,7,22,5,12,15,9,17,5,7,6,13,301,1.0689239501953125,-0.01709085702896118,2.327807903289795,2.6832427978515625,0.029027999999999998
38,34495.0,15211.0,49706.0,49706.0,0.6939806059630628,319.0,0.319,416.0,-7105.0,128.0,288.0,172.0,147.0,17307.0,17188.0,622.5517578125,685.0,177.4482421875,0.0,-7105.0,-71.05000000000001,100.0,1000,314,686,0.11906987498514354,398,10,6,2,9,7,10,8,6,7,7,6,7,6,9,8,34,10,8,10,21,4,16,11,12,16,5,13,9,16,6,10,293,1.1543750762939453,-0.09477011114358902,2.6516757011413574,2.6444859504699707,0.029001
39,34468.0,14895.0,49363.0,49363.0,0.6982557786196139,301.0,0.301,387.0,-4232.0,112.0,275.0,148.0,153.0,16649.0,17819.0,597.0,754.0,12.6875,46.0,-4232.0,-42.32000000000006,100.0,1000,300,700,0.12800091702956706,429,5,7,4,4,12,5,7,4,6,6,6,5,5,6,6,36,7,18,9,13,3,12,13,14,13,5,15,13,5,14,13,280,0.7839545011520386,-0.009098977781832218,1.7386763095855713,2.632866621017456,0.028974
40,35276.0,13742.0,49018.0,49018.0,0.7196540046513525,280.0,0.28,416.0,-6324.0,122.0,294.0,139.0,141.0,16204.0,19072.0,665.0,519.3125,59.0625,0.0,-6324.0,-63.23999999999994,100.0,1000,279,721,0.15253737499006093,443,5,11,6,7,8,2,5,4,10,7,8,3,4,11,5,38,10,16,11,13,7,18,10,9,10,10,9,9,13,15,15,248,0.7493946552276611,0.027510158717632294,1.592292308807373,2.5654354095458984,0.028947
41,36369.0,12864.0,49233.0,49233.0,0.7387118396197673,261.0,0.261,396.0,-3231.0,123.0,273.0,133.0,128.0,17660.0,18709.0,615.0,800.0,185.0,0.0,-3231.0,-32.31000000000004,100.0,1000,261,739,0.12121820799075067,491,5,7,5,6,8,8,2,7,12,7,6,5,4,7,8,33,6,17,11,10,12,14,7,12,10,13,10,3,6,13,6,229,1.0290203094482422,0.05395763739943504,2.0962042808532715,2.5255675315856934,0.028919999999999998
42,37820.0,13368.0,51188.0,51188.0,0.7388450418066734,271.0,0.271,387.0,-880.0,119.0,268.0,130.0,141.0,17897.0,19923.0,564.8515625,617.0,235.1484375,91.5,-880.0,-8.800000000000027,100.0,1000,266,734,0.12161458295304328,473,8,10,6,6,6,5,6,5,7,6,5,5,6,11,9,26,3,11,12,12,9,18,14,12,16,18,14,8,6,12,15,220,1.1538699865341187,-0.02343132160604,2.499829053878784,2.5131757259368896,0.028893
43,36515.0,12386.0,48901.0,48901.0,0.7467127461606102,252.0,0.252,405.0,-3985.0,126.0,279.0,133.0,119.0,17478.0,19037.0,93.44921875,800.0,706.55078125,0.0,-3985.0,-39.850000000000016,100.0,1000,252,748,0.11989908397663385,504,4,10,6,5,8,9,4,6,14,6,9,4,6,11,3,27,8,14,13,18,13,23,6,8,10,8,10,11,4,9,12,197,0.8975964188575745,-0.10812924057245255,2.1492910385131836,2.3875784873962402,0.028866
44,38467.0,11983.0,50450.0,50450.0,0.7624777006937562,241.0,0.241,362.0,2267.0,109.0,253.0,130.0,111.0,19634.0,18833.0,181.875,744.0,405.15478515625,56.0,2267.0,22.669999999999995,100.0,1000,228,772,0.12420358299277723,558,5,8,2,12,7,8,5,4,6,6,8,1,7,5,5,22,12,16,4,16,6,16,8,7,7,9,13,4,5,7,11,190,1.2729991674423218,0.03863678127527237,2.60482120513916,2.359591007232666,0.028839
45,36371.0,13348.0,49719.0,49719.0,0.731531205374203,264.0,0.264,366.0,-229.0,125.0,241.0,151.0,113.0,17865.0,18506.0,66.7298583984375,588.0,733.2701416015625,66.25,-229.0,-2.2899999999999947,100.0,1000,243,757,0.11955962493084371,546,6,7,9,10,11,9,5,11,5,12,7,5,2,5,4,21,11,10,12,12,8,15,8,13,10,5,18,8,5,14,6,170,1.203725814819336,-0.11821505427360535,2.7759346961975098,2.2916295528411865,0.028811999999999997
46,38977.0,10883.0,49860.0,49860.0,0.7817288407541115,209.0,0.209,347.0,4277.0,115.0,232.0,114.0,95.0,20670.0,18307.0,2.9296875,800.0,199.267578125,0.0,4277.0,42.769999999999996,100.0,1000,198,802,0.12046383402775973,581,5,10,7,3,5,8,8,5,3,7,3,9,2,14,11,16,8,15,12,12,6,12,9,11,11,10,12,10,10,10,7,148,0.9717087745666504,-0.06541721522808075,2.203209400177002,2.240011215209961,0.028784999999999998
47,41321.0,9218.0,50539.0,50539.0,0.8176062051089258,186.0,0.186,330.0,8321.0,95.0,235.0,93.0,93.0,18571.0,22750.0,612.671875,800.0,187.328125,0.0,8321.0,83.21000000000002,100.0,1000,164,836,0.1204343750141561,620,6,4,4,7,5,8,7,6,7,2,2,5,3,10,7,15,6,14,6,9,6,16,6,11,11,9,17,3,10,8,10,140,1.843377709388733,-0.06256227940320969,3.9380624294281006,2.1938681602478027,0.028758
48,41201.0,9065.0,50266.0,50266.0,0.8196594119285402,184.0,0.184,339.0,7301.0,127.0,212.0,92.0,92.0,20131.0,21070.0,6.6328125,679.0,793.3671875,90.75,7301.0,73.00999999999999,100.0,1000,168,832,0.121001833002083,604,5,9,8,4,8,11,4,8,9,3,3,2,8,8,10,32,9,12,6,13,9,7,6,10,10,6,10,6,8,15,7,130,1.1245856285095215,0.12312775105237961,2.127612352371216,2.1700682640075684,0.028731
49,40391.0,9910.0,50301.0,50301.0,0.8029860241347091,193.0,0.193,329.0,7491.0,109.0,220.0,112.0,81.0,19476.0,20915.0,386.831298828125,800.0,180.7613067626953,0.0,7491.0,74.90999999999995,100.0,1000,161,839,0.11813000007532537,630,3,5,5,6,8,8,2,5,8,11,3,3,4,9,7,26,8,18,4,14,3,15,7,8,17,11,13,6,6,8,9,110,1.4976997375488281,0.1495957225561142,2.8180525302886963,2.1224324703216553,0.028704
50,38428.0,9091.0,47519.0,47519.0,0.8086870514951914,189.0,0.189,341.0,4328.0,115.0,226.0,107.0,82.0,18961.0,19467.0,398.0007019042969,664.0,0.0,136.0,4328.0,43.28000000000003,100.0,1000,170,830,0.11985045799519867,621,9,4,5,6,8,13,6,8,6,5,5,5,5,4,5,24,13,20,10,16,5,12,9,11,14,7,12,4,6,9,11,102,1.6002482175827026,0.08208774030208588,3.147559881210327,1.939513921737671,0.028676999999999998
51,42303.0,7590.0,49893.0,49893.0,0.8478744513258373,155.0,0.155,313.0,11003.0,125.0,188.0,79.0,76.0,21952.0,20351.0,425.2195406295359,204.6875,374.7804593704641,0.0,11003.0,110.03000000000002,100.0,1000,139,861,0.10942629107739776,667,6,6,5,5,13,11,10,7,8,8,8,5,9,7,3,18,10,10,8,9,7,13,9,6,5,9,14,2,4,11,7,80,1.4682368040084839,-0.01863675005733967,3.0799238681793213,1.8530011177062988,0.02865
52,40500.0,7986.0,48486.0,48486.0,0.8352926617992823,165.0,0.165,275.0,13000.0,110.0,165.0,97.0,68.0,21416.0,19084.0,13.538727151951207,800.0,786.4612728480487,0.0,13000.0,130.00000000000006,100.0,1000,141,859,0.11145933298394084,694,4,1,5,3,8,7,9,11,14,10,3,4,6,6,6,16,9,6,7,13,4,9,3,7,9,6,7,1,5,7,11,89,1.5240222215652466,0.11280510574579239,2.9222474098205566,1.7435826063156128,0.028623
53,42335.0,8684.0,51019.0,51019.0,0.8297889021737,172.0,0.172,279.0,14435.0,116.0,163.0,93.0,79.0,20559.0,21776.0,666.1480288710443,656.0,8.365748195559718,72.0,14435.0,144.35000000000002,100.0,1000,133,867,0.270992457983084,694,9,2,4,5,9,10,6,11,9,9,2,3,4,6,13,17,5,11,11,9,6,14,5,10,5,6,7,4,6,8,6,74,1.6612316370010376,-0.11335693299770355,3.6438703536987305,1.6557056903839111,0.028596
54,44498.0,7152.0,51650.0,51650.0,0.8615295256534365,133.0,0.133,242.0,20298.0,111.0,131.0,71.0,62.0,20725.0,23773.0,542.9999999999999,483.13671875,257.0,138.627685546875,20298.0,202.97999999999968,100.0,1000,114,886,0.12414512492250651,733,4,3,10,1,14,9,3,5,4,14,3,5,4,12,9,15,5,4,5,6,5,6,3,9,6,7,6,3,1,6,7,73,2.3815860748291016,-0.003322494449093938,4.859235763549805,1.5649553537368774,0.028568999999999997
55,40827.0,9944.0,50771.0,50771.0,0.8041401587520435,198.0,0.198,233.0,17527.0,86.0,147.0,137.0,61.0,18841.0,21986.0,431.238342285156,700.0,322.6664505004883,0.0,17527.0,175.27000000000015,100.0,1000,105,895,0.10992629104293883,753,7,1,8,9,8,8,10,9,2,4,4,6,0,6,0,7,4,12,7,7,9,11,6,8,8,9,5,2,4,9,3,54,2.2327141761779785,0.043655816465616226,4.46083927154541,1.4491379261016846,0.028541999999999998
56,39486.0,10051.0,49537.0,49537.0,0.7971011567111452,210.0,0.21,175.0,21986.0,76.0,99.0,138.0,72.0,18501.0,20985.0,3.53125,91.78125,796.46875,708.21875,21986.0,219.85999999999999,100.0,1000,75,925,0.10761037492193282,820,4,2,2,4,3,11,1,6,6,6,4,5,1,6,7,8,5,8,1,7,8,6,1,1,7,2,2,3,3,7,4,39,2.711609363555908,-0.024369103834033012,5.548030853271484,1.3339314460754395,0.028515
57,41295.0,8242.0,49537.0,49537.0,0.8336193148555625,167.0,0.167,189.0,22395.0,84.0,105.0,116.0,51.0,19534.0,21761.0,480.0030284970999,2.3193359375,319.9969715029001,797.6806640625,22395.0,223.9500000000001,100.0,1000,80,920,0.10758120799437165,802,5,3,1,11,10,5,1,2,6,5,2,1,6,5,11,10,7,8,2,6,2,3,2,2,8,6,8,2,2,3,1,52,1.701379418373108,0.03691764920949936,3.396751642227173,1.1904675960540771,0.028488
58,39964.0,10597.0,50561.0,50561.0,0.7904115820494056,209.0,0.209,162.0,23764.0,64.0,98.0,140.0,69.0,18564.0,21400.0,25.460139572853222,528.54296875,774.5398604271468,271.45703125,23764.0,237.63999999999984,100.0,1000,76,924,0.11872712499462068,828,1,5,5,4,3,10,4,4,2,9,3,2,3,2,5,4,4,4,8,5,3,8,4,4,2,4,10,6,4,5,3,32,2.5647294521331787,-0.04354908689856529,5.277312278747559,1.067338466644287,0.028461
59,38226.0,12176.0,50402.0,50402.0,0.7584222848299671,236.0,0.236,144.0,23826.0,64.0,80.0,133.0,103.0,17033.0,21193.0,0.35324537234805575,745.0,799.6467546276518,55.0,23826.0,238.26000000000013,100.0,1000,57,943,0.1230602499563247,849,4,4,2,4,5,5,7,4,4,8,0,1,3,3,8,2,2,5,3,2,7,3,0,11,5,2,3,2,2,2,4,34,2.0067648887634277,-0.0942736491560936,4.254858016967773,0.9281308650970459,0.028433999999999997
60,35398.0,14444.0,49842.0,49842.0,0.710204245415513,291.0,0.291,123.0,23098.0,57.0,66.0,146.0,145.0,15938.0,19460.0,11.239951632916927,24.2734375,788.7600483670831,0.0,23098.0,230.98000000000002,100.0,1000,52,948,0.11048525001388043,872,7,1,1,3,2,7,4,0,3,5,1,0,5,9,6,4,1,8,4,1,6,4,3,1,9,2,3,2,2,0,3,21,2.3291208744049072,0.026835378259420395,4.650775909423828,0.8132674694061279,0.028406999999999998
61,27800.0,21728.0,49528.0,49528.0,0.5612986593442093,427.0,0.427,86.0,19200.0,30.0,56.0,295.0,132.0,9258.0,18542.0,455.77317904692984,595.0,344.22682095307016,205.0,19200.0,192.00000000000003,100.0,1000,48,952,0.10838129196781665,911,4,1,1,0,3,5,4,2,1,2,0,1,2,1,2,2,2,3,1,2,2,1,1,2,5,1,2,2,2,2,3,27,1.40936279296875,-0.04900575429201126,2.9590704441070557,0.7458330988883972,0.02838
62,31098.0,19122.0,50220.0,50220.0,0.6192353643966547,368.0,0.368,107.0,20398.0,56.0,51.0,172.0,196.0,15769.0,15329.0,142.0,24.0,658.0,776.0,20398.0,203.97999999999982,100.0,1000,48,952,0.11081995803397149,887,5,0,2,1,4,10,2,2,1,2,1,4,6,5,5,8,1,5,4,4,4,4,1,1,6,4,1,0,2,1,1,16,1.5268137454986572,0.12511108815670013,2.8481123447418213,0.7884021401405334,0.028353
63,30240.0,18104.0,48344.0,48344.0,0.6255171272546748,372.0,0.372,95.0,20740.0,49.0,46.0,195.0,177.0,13873.0,16367.0,1.4812100899267193,11.75,798.5187899100731,315.59375,20740.0,207.40000000000003,100.0,1000,53,947,0.10905979108065367,898,2,4,2,4,6,6,1,1,1,3,3,4,1,4,6,4,4,3,2,2,0,2,1,0,4,1,3,0,3,1,2,22,1.2933578491210938,-0.11007028073072433,2.850536823272705,0.7710367441177368,0.028326
64,31285.0,18221.0,49506.0,49506.0,0.6319436027956208,349.0,0.349,110.0,20285.0,58.0,52.0,185.0,164.0,15463.0,15822.0,385.71614872812995,514.0,414.2838512718698,286.0,20285.0,202.84999999999982,100.0,1000,44,956,0.10799854202196002,887,6,3,2,1,9,1,7,2,2,6,4,2,1,2,6,4,3,6,3,2,6,2,1,2,1,6,4,1,2,2,4,10,1.0489165782928467,-0.10073202103376389,2.3429534435272217,0.7713427543640137,0.028298999999999998
65,35545.0,16290.0,51835.0,51835.0,0.6857335776984663,293.0,0.293,103.0,25245.0,53.0,50.0,146.0,147.0,16843.0,18702.0,15.367626161307385,106.0,784.6323738386926,694.0,25245.0,252.4499999999999,100.0,1000,38,962,0.1111049159662798,894,2,1,2,2,7,5,1,9,2,3,3,1,2,6,5,3,1,5,2,1,2,0,0,0,1,2,3,1,3,1,5,25,1.283425211906433,0.022431397810578346,2.5632150173187256,0.7291215658187866,0.028272
66,32751.0,17536.0,50287.0,50287.0,0.651281643367073,339.0,0.339,104.0,22351.0,55.0,49.0,172.0,167.0,15901.0,16850.0,0.8273373198552463,203.9375,799.1726626801448,596.0625,22351.0,223.51,100.0,1000,42,958,0.10808258294127882,896,1,2,4,3,7,8,2,7,1,4,3,0,5,4,2,2,1,2,4,0,2,2,1,1,3,2,1,1,0,5,3,21,0.6610292792320251,-0.06906746327877045,1.5035382509231567,0.7672995328903198,0.028245
67,32577.0,17511.0,50088.0,50088.0,0.6503953042644945,322.0,0.322,97.0,22877.0,46.0,51.0,175.0,147.0,15400.0,17177.0,6.302890539554596,481.0,793.6971094604454,319.0,22877.0,228.7700000000003,100.0,1000,38,962,0.11050387506838888,898,3,3,0,2,1,5,4,4,1,2,3,2,6,1,6,3,4,4,1,1,5,1,2,4,5,2,4,0,2,2,0,19,1.028912901878357,-0.017043553292751312,2.1344659328460693,0.7540047764778137,0.028218
68,36629.0,13546.0,50175.0,50175.0,0.7300249128051819,244.0,0.244,107.0,25929.0,54.0,53.0,152.0,92.0,17034.0,19595.0,461.49254673719406,523.0,211.5671582892537,277.0,25929.0,259.2899999999999,100.0,1000,50,950,0.11679354205261916,884,0,4,3,1,2,7,3,3,3,9,0,0,5,4,7,4,3,1,1,0,7,2,4,1,2,4,1,0,1,0,0,34,1.52649986743927,-0.10382061451673508,3.3043692111968994,0.7755722999572754,0.028190999999999997
69,29686.0,20064.0,49750.0,49750.0,0.5967035175879397,400.0,0.4,103.0,19386.0,42.0,61.0,254.0,146.0,11775.0,17911.0,17.472053959674668,729.0,782.5279460403253,71.0,19386.0,193.85999999999981,100.0,1000,53,947,0.11837133404333144,891,5,3,4,3,1,2,1,5,1,7,2,2,0,1,2,3,3,5,3,6,4,3,0,1,4,2,2,1,3,1,8,21,1.341920256614685,-0.03550390899181366,2.8036012649536133,0.8655183911323547,0.028163999999999998
70,37062.0,12599.0,49661.0,49661.0,0.7462999134129398,206.0,0.206,120.0,25062.0,57.0,63.0,98.0,108.0,16131.0,20931.0,26.85546875,103.9375,773.14453125,696.0625,25062.0,250.6199999999998,100.0,1000,34,966,0.11663420801050961,878,2,3,1,0,3,4,4,5,5,4,2,3,8,6,2,6,1,5,1,0,2,3,3,1,3,1,4,2,3,1,4,30,1.2233091592788696,0.02594599314033985,2.4369990825653076,0.7511954307556152,0.028137
71,32995.0,16954.0,49949.0,49949.0,0.6605737852609662,307.0,0.307,96.0,23395.0,48.0,48.0,169.0,138.0,15182.0,17813.0,0.1927770187591591,42.0,799.8072229812408,758.0,23395.0,233.94999999999982,100.0,1000,41,959,0.11017995793372393,901,4,1,2,0,1,3,1,4,2,7,0,0,6,4,8,6,0,5,0,0,6,0,2,2,2,0,1,1,3,2,1,25,1.088639736175537,-0.0046312399208545685,2.2339301109313965,0.8429033756256104,0.02811
72,38356.0,14686.0,53042.0,53042.0,0.7231250706986916,268.0,0.268,98.0,28556.0,41.0,57.0,192.0,76.0,16189.0,22167.0,67.0,455.0,733.0,345.0,28556.0,285.5599999999997,100.0,1000,31,969,0.11796262499410659,899,1,0,1,0,4,2,0,4,0,3,4,3,8,0,5,7,3,4,0,1,3,2,0,1,0,0,2,1,2,3,8,29,1.4307760000228882,0.046364281326532364,2.811843156814575,0.7659413814544678,0.028083
73,35563.0,14205.0,49768.0,49768.0,0.7145756309275036,262.0,0.262,110.0,24563.0,46.0,64.0,169.0,93.0,15816.0,19747.0,3.0,34.09375,797.0,765.90625,24563.0,245.62999999999985,100.0,1000,43,957,0.11823862500023097,882,1,1,1,2,1,2,0,5,1,5,0,3,6,4,6,8,0,4,2,2,9,0,2,2,4,1,4,1,1,2,1,37,0.9343038201332092,0.08668171614408493,1.7403560876846313,0.8039625287055969,0.028055999999999998
74,41130.0,9746.0,50876.0,50876.0,0.8084361978142935,194.0,0.194,120.0,29130.0,56.0,64.0,110.0,84.0,20767.0,20363.0,543.0,672.0,257.0,128.0,29130.0,291.29999999999967,100.0,1000,47,953,0.11629387503489852,874,2,2,2,0,1,3,1,5,1,12,0,3,5,4,8,9,0,4,0,1,5,3,0,0,3,3,6,1,3,0,7,32,0.9577322602272034,-0.04822468012571335,2.0536344051361084,0.7442386150360107,0.028029
75,41314.0,9187.0,50501.0,50501.0,0.8180828102413814,173.0,0.173,115.0,29814.0,51.0,64.0,108.0,65.0,19014.0,22300.0,261.9189453125,317.42578125,538.0810546875,482.57421875,29814.0,298.1399999999997,100.0,1000,37,963,0.1130218330072239,879,0,1,2,1,2,0,1,2,5,3,1,2,5,5,10,13,1,1,1,2,4,1,3,2,2,0,4,0,1,1,5,40,1.319112777709961,0.0004285902832634747,2.6808528900146484,0.7764531970024109,0.028002
76,35924.0,14738.0,50662.0,50662.0,0.7090916268603688,284.0,0.284,92.0,26724.0,37.0,55.0,208.0,76.0,15805.0,20119.0,452.0,502.0,348.0,298.0,26724.0,267.2399999999997,100.0,1000,33,967,0.13125641702208668,905,0,1,3,0,3,0,0,3,2,4,3,1,3,3,4,7,1,0,1,0,2,2,0,1,1,1,2,1,2,3,3,38,1.340350866317749,-0.023110952228307724,2.7790589332580566,0.9318181872367859,0.027975
77,40849.0,9519.0,50368.0,50368.0,0.811010959339263,179.0,0.179,119.0,28949.0,64.0,55.0,97.0,82.0,20624.0,20225.0,35.923193436610745,297.8125,764.0768065633893,0.0,28949.0,289.49000000000046,100.0,1000,39,961,0.1109579170588404,875,6,1,1,3,1,1,2,4,3,7,4,1,3,6,13,11,2,1,0,2,2,1,2,0,5,1,1,1,0,1,8,31,1.3386399745941162,-0.003461778163909912,2.733893632888794,0.8889786005020142,0.027948
78,41262.0,9532.0,50794.0,50794.0,0.8123400401622238,180.0,0.18,126.0,28662.0,68.0,58.0,85.0,95.0,20674.0,20588.0,501.267127931118,308.0,298.732872068882,0.0,28662.0,286.62,100.0,1000,41,959,0.1248279589926824,871,2,1,2,1,2,1,1,9,5,1,3,4,6,10,8,12,2,2,0,2,2,1,1,1,2,2,3,2,1,2,3,35,0.8967394828796387,-0.014022983610630035,1.8716379404067993,0.8974059820175171,0.027920999999999998
79,42021.0,6413.0,48434.0,48434.0,0.8675930131725648,105.0,0.105,139.0,28121.0,80.0,59.0,48.0,57.0,22022.0,19999.0,10.625,45.0,789.375,755.0,28121.0,281.2100000000003,100.0,1000,29,971,0.1170626669190824,857,0,1,0,0,1,2,4,2,3,4,6,6,15,4,12,22,1,2,0,3,5,2,2,1,3,0,4,0,1,0,3,34,0.8767510652542114,0.025380339473485947,1.7476158142089844,0.8043714165687561,0.027894
80,38942.0,11995.0,50937.0,50937.0,0.7645130258947327,223.0,0.223,122.0,26742.0,54.0,68.0,169.0,54.0,16998.0,21944.0,653.4083251953125,66.0,146.5916748046875,734.0,26742.0,267.42000000000013,100.0,1000,34,966,0.11187670798972249,867,3,0,0,1,5,5,1,5,3,1,1,3,4,7,6,12,1,2,0,0,1,1,3,1,1,0,4,0,4,2,3,53,1.4473910331726074,0.052838284522295,2.8401129245758057,0.9151971936225891,0.027867
81,42072.0,8633.0,50705.0,50705.0,0.8297406567399664,158.0,0.158,145.0,27572.0,60.0,85.0,116.0,42.0,19102.0,22970.0,695.0,288.0,32.8125,512.0,27572.0,275.7199999999996,100.0,1000,45,955,0.1099201668985188,848,0,0,0,3,2,3,4,5,2,3,3,5,5,4,4,17,2,1,1,2,3,0,2,1,8,3,4,1,3,2,4,55,1.334255576133728,0.04558523744344711,2.624166965484619,0.8409895300865173,0.02784
82,42297.0,7533.0,49830.0,49830.0,0.8488260084286574,149.0,0.149,136.0,28697.0,72.0,64.0,64.0,85.0,21867.0,20430.0,115.41455078125,95.0,684.58544921875,705.0,28697.0,286.9700000000004,100.0,1000,33,967,0.1153528339928016,858,2,0,3,0,5,1,2,9,3,3,3,4,6,7,11,13,1,4,2,2,2,3,2,1,2,1,2,0,2,1,2,43,0.4874562621116638,-0.08854835480451584,1.202864170074463,0.9142297506332397,0.027812999999999997
83,43085.0,6066.0,49151.0,49151.0,0.8765844031657545,116.0,0.116,146.0,28485.0,69.0,77.0,66.0,50.0,20252.0,22833.0,544.4326171875,335.0,255.5673828125,465.0,28485.0,284.84999999999985,100.0,1000,34,966,0.1161100419703871,844,3,0,2,0,4,3,0,9,7,3,0,2,8,5,5,20,0,3,0,0,1,0,2,1,4,2,1,1,1,1,2,66,2.0465824604034424,0.0802077129483223,3.9794843196868896,0.8409748673439026,0.027785999999999998
84,42237.0,7505.0,49742.0,49742.0,0.8491214667685256,146.0,0.146,135.0,28737.0,65.0,70.0,79.0,67.0,20540.0,21697.0,375.0,449.0,425.0,226.3125,28737.0,287.36999999999995,100.0,1000,34,966,0.10803645802661777,854,0,0,3,0,2,6,1,3,4,1,3,2,5,7,7,24,0,0,1,3,1,0,2,4,2,1,2,0,0,2,3,57,0.44425928592681885,-0.07593340426683426,1.083616852760315,0.7786926031112671,0.027759
85,43099.0,6369.0,49468.0,49468.0,0.8712501010754428,123.0,0.123,127.0,30399.0,58.0,69.0,79.0,44.0,19419.0,23680.0,561.5361328125,279.0,238.4638671875,0.0,30399.0,303.9900000000001,100.0,1000,30,970,0.10772729199379683,866,0,0,1,0,2,2,3,1,2,3,6,4,5,1,4,26,1,2,0,2,1,1,2,1,1,0,1,1,1,4,2,54,1.3600561618804932,0.05830247700214386,2.648390054702759,0.8092239499092102,0.027732
86,40042.0,9269.0,49311.0,49311.0,0.8120297702338221,163.0,0.163,109.0,29142.0,54.0,55.0,102.0,61.0,19341.0,20701.0,674.0,153.0,126.0,647.0,29142.0,291.4200000000001,100.0,1000,22,978,0.10760624997783452,887,0,0,1,2,3,1,0,2,2,2,2,4,3,3,8,23,0,1,2,2,0,1,0,0,3,0,0,2,3,1,3,39,0.9427167773246765,0.03948647528886795,1.8549652099609375,0.8753764629364014,0.027705
87,42542.0,7622.0,50164.0,50164.0,0.8480583685511522,143.0,0.143,125.0,30042.0,66.0,59.0,78.0,65.0,21646.0,20896.0,101.427734375,66.0,698.572265625,734.0,30042.0,300.42,100.0,1000,33,967,0.11436150001827627,869,0,0,1,2,1,3,2,4,4,1,1,4,5,2,12,26,2,0,2,0,0,0,0,0,0,2,1,2,5,1,5,43,0.8286017775535583,-0.047656502574682236,1.8013834953308105,0.8827763199806213,0.027677999999999998
88,42829.0,6715.0,49544.0,49544.0,0.864463910867108,121.0,0.121,145.0,28329.0,77.0,68.0,68.0,53.0,20104.0,22725.0,739.0,166.25,61.0,77.0,28329.0,283.2899999999996,100.0,1000,37,963,0.1105039999820292,848,1,2,5,0,2,2,1,3,4,3,3,4,8,4,14,26,0,1,1,3,1,0,1,3,2,0,2,0,1,0,4,51,0.7032743096351624,-0.02286413498222828,1.499358057975769,0.8513455390930176,0.027651
89,45829.0,3759.0,49588.0,49588.0,0.9241953698475438,73.0,0.073,156.0,30229.0,76.0,80.0,47.0,26.0,21966.0,23863.0,68.1875,461.0,0.0,339.0,30229.0,302.2899999999999,100.0,1000,34,966,0.11855349992401898,839,1,2,3,1,1,3,1,2,7,1,5,2,4,3,14,29,0,1,3,0,1,1,1,0,4,2,3,2,3,0,5,56,1.4521671533584595,0.07013724744319916,2.808537483215332,0.8050551414489746,0.027624
90,43651.0,7254.0,50905.0,50905.0,0.8574992633336608,140.0,0.14,142.0,29451.0,78.0,64.0,56.0,84.0,22198.0,21453.0,591.0,720.0,209.0,80.0,29451.0,294.51000000000016,100.0,1000,37,963,0.12267558299936354,839,1,1,0,1,0,2,3,3,7,3,1,3,3,9,11,38,1,3,1,2,2,1,0,1,2,0,0,1,3,0,2,56,1.8903855085372925,-0.028976960107684135,3.8858964443206787,0.8546487092971802,0.027597
91,43612.0,6035.0,49647.0,49647.0,0.8784417991016576,115.0,0.115,145.0,29112.0,60.0,85.0,65.0,50.0,20079.0,23533.0,800.0,44.375,0.0,236.1328125,29112.0,291.11999999999983,100.0,1000,32,968,0.12302583293057978,843,2,1,0,0,4,2,3,3,1,2,3,0,5,2,8,29,1,2,0,0,2,0,1,0,3,4,2,2,2,2,2,69,1.4519801139831543,-0.021563393995165825,2.9919559955596924,0.8137275576591492,0.027569999999999997
92,40711.0,9540.0,50251.0,50251.0,0.810153031780462,179.0,0.179,132.0,27511.0,66.0,66.0,104.0,75.0,18940.0,21771.0,1.0,175.0,799.0,0.0,27511.0,275.1099999999999,100.0,1000,38,962,0.12269516696687788,851,4,1,0,1,2,3,2,4,3,0,3,3,2,7,10,27,1,1,1,0,0,1,0,2,2,2,1,0,2,0,6,58,1.0937297344207764,-0.08870922029018402,2.4152612686157227,0.9146319031715393,0.027542999999999998
93,44119.0,5000.0,49119.0,49119.0,0.8982063967100308,100.0,0.1,154.0,28719.0,75.0,79.0,57.0,43.0,22459.0,21660.0,409.0,255.0,391.0,23.0,28719.0,287.18999999999994,100.0,1000,24,976,0.1240195840364322,838,2,1,1,1,1,3,0,3,5,5,4,3,6,1,14,30,0,2,0,3,1,0,0,1,3,1,3,0,2,0,2,64,1.46696937084198,0.042742643505334854,2.8908934593200684,0.7711872458457947,0.027516
94,42969.0,7067.0,50036.0,50036.0,0.858761691582061,137.0,0.137,137.0,29269.0,56.0,81.0,98.0,39.0,19831.0,23138.0,329.353271484375,716.0,470.646728515625,84.0,29269.0,292.69,100.0,1000,24,976,0.11856437509413809,855,1,0,1,1,2,1,1,2,6,3,2,3,3,3,12,16,1,0,1,0,0,2,1,0,0,2,0,2,3,0,4,72,0.6702903509140015,-0.018184999004006386,1.4201998710632324,0.7866619825363159,0.027489
95,45173.0,5392.0,50565.0,50565.0,0.8933649757737565,103.0,0.103,128.0,32373.0,68.0,60.0,41.0,62.0,23028.0,22145.0,617.44140625,507.0,182.55859375,98.0,32373.0,323.73,100.0,1000,14,986,0.11860570800490677,866,0,1,1,0,1,0,1,1,3,0,0,0,7,5,13,36,0,0,0,0,0,0,0,0,3,2,1,0,1,1,1,56,0.7275491952896118,-0.07580513507127762,1.6503974199295044,0.795441210269928,0.027462
96,41731.0,8243.0,49974.0,49974.0,0.8350542281986633,163.0,0.163,120.0,29731.0,58.0,62.0,115.0,48.0,18752.0,22979.0,341.9238052368164,748.0,458.0761947631836,52.0,29731.0,297.30999999999955,100.0,1000,25,975,0.14321941696107388,870,0,0,1,0,1,3,0,0,2,1,2,4,7,5,10,24,0,1,1,1,2,0,0,1,2,1,1,0,1,0,3,56,1.3031021356582642,0.016662949696183205,2.6164934635162354,0.7948826551437378,0.027434999999999998
97,40414.0,9367.0,49781.0,49781.0,0.8118358409835078,150.0,0.15,116.0,28814.0,58.0,58.0,67.0,83.0,19209.0,21205.0,597.0,236.0,203.0,0.0,28814.0,288.14000000000004,100.0,1000,14,986,0.11243658291641623,877,0,0,0,0,0,2,0,2,5,1,5,2,1,2,12,28,2,1,0,0,1,0,0,0,0,1,3,0,3,1,3,48,1.4129925966262817,-0.06102326139807701,2.991713047027588,0.796870768070221,0.027408
98,43336.0,6515.0,49851.0,49851.0,0.8693105454253676,121.0,0.121,128.0,30536.0,69.0,59.0,68.0,53.0,21950.0,21386.0,263.0,310.5,537.0,214.15625,30536.0,305.3600000000002,100.0,1000,38,962,0.11136979202274233,862,3,0,1,0,0,2,2,3,5,2,4,6,4,2,10,29,0,1,0,1,1,0,2,1,2,2,0,0,3,2,1,49,0.6793783903121948,-0.045377977192401886,1.4905890226364136,0.7500876784324646,0.027381
99,43562.0,6347.0,49909.0,49909.0,0.8728285479572823,127.0,0.127,128.0,30762.0,69.0,59.0,76.0,51.0,21787.0,21775.0,550.15625,283.125,249.84375,516.875,30762.0,307.62,100.0,1000,35,965,0.11025112506467849,865,0,1,0,1,3,3,2,1,1,1,5,3,5,4,10,30,1,1,0,2,0,0,0,0,0,1,1,1,2,0,3,53,1.0506391525268555,0.02941073663532734,2.0839145183563232,0.7577972412109375,0.027354
100,43427.0,6493.0,49920.0,49920.0,0.8699318910256411,122.0,0.122,129.0,30527.0,61.0,68.0,78.0,44.0,21616.0,21811.0,3.0,768.0,797.0,32.0,30527.0,305.27000000000027,100.0,1000,26,974,0.11475545808207244,860,0,1,1,1,1,3,0,1,5,1,4,5,6,3,12,22,0,2,0,0,1,0,2,0,0,0,1,1,3,3,4,57,1.310152530670166,0.06596247106790543,2.5311615467071533,0.782767653465271,0.027326999999999997
101,45611.0,4691.0,50302.0,50302.0,0.9067432706453024,91.0,0.091,138.0,31811.0,78.0,60.0,53.0,38.0,23689.0,21922.0,541.0,671.0,71.0,129.0,31811.0,318.11000000000024,100.0,1000,23,977,0.11492479091975838,853,0,0,0,0,0,1,1,0,2,3,2,5,8,1,19,38,0,2,0,0,0,1,0,1,1,0,1,0,0,1,3,57,0.5189023017883301,-0.10938797146081924,1.2965761423110962,0.7325183153152466,0.027299999999999998
102,41350.0,10359.0,51709.0,51709.0,0.7996673693167534,186.0,0.186,113.0,30050.0,67.0,46.0,87.0,99.0,21383.0,19967.0,444.726318359375,27.0,355.273681640625,773.0,30050.0,300.5,100.0,1000,28,972,0.11116525006946176,877,0,3,1,0,0,1,0,0,6,1,6,1,8,7,13,27,0,1,1,0,2,2,1,0,3,0,0,0,0,0,3,36,1.090503215789795,0.07795979827642441,2.0740013122558594,0.8967539072036743,0.027273
103,43245.0,6870.0,50115.0,50115.0,0.8629152948219097,109.0,0.109,138.0,29445.0,70.0,68.0,48.0,61.0,21449.0,21796.0,125.0,757.2822265625,126.5625,42.7177734375,29445.0,294.4500000000001,100.0,1000,33,967,0.1082775000249967,854,0,0,1,0,1,0,0,1,5,0,1,5,13,4,13,31,0,1,0,1,2,0,0,0,1,1,1,0,3,4,4,53,1.0603495836257935,-0.04250834882259369,2.251317262649536,0.8368459343910217,0.027246
104,46350.0,2614.0,48964.0,48964.0,0.9466138387386651,47.0,0.047,146.0,31750.0,71.0,75.0,29.0,18.0,23653.0,22697.0,236.39593505859375,580.0,563.6040649414062,220.0,31750.0,317.49999999999966,100.0,1000,21,979,0.11071162507869303,847,0,0,0,0,1,2,1,1,3,1,0,1,6,7,22,29,0,1,0,0,0,0,0,0,0,0,1,1,3,1,4,68,1.5841901302337646,0.11226851493120193,2.9848792552948,0.7538129687309265,0.027219
105,44088.0,6958.0,51046.0,51046.0,0.8636915723073306,116.0,0.116,131.0,30988.0,79.0,52.0,56.0,60.0,23096.0,20992.0,480.0,140.0,320.0,660.0,30988.0,309.8800000000004,100.0,1000,25,975,0.10906079097185284,862,0,0,2,2,0,1,1,1,9,1,2,0,4,4,20,35,0,0,0,0,0,1,0,2,0,0,3,0,2,1,1,46,1.0472190380096436,0.05707348883152008,2.0228612422943115,0.7827699780464172,0.027192
106,41594.0,7975.0,49569.0,49569.0,0.8391131553995441,157.0,0.157,130.0,28594.0,83.0,47.0,38.0,119.0,21241.0,20353.0,518.75,699.0,281.25,101.0,28594.0,285.94000000000005,100.0,1000,29,971,0.11058104201219976,859,0,0,1,1,0,2,2,2,2,2,1,4,7,11,8,47,0,1,0,0,1,0,0,1,2,1,1,0,1,1,2,40,1.8617773056030273,0.0715891420841217,3.6255998611450195,0.8323834538459778,0.027164999999999998
107,43841.0,5712.0,49553.0,49553.0,0.8847294815651928,107.0,0.107,135.0,30341.0,65.0,70.0,58.0,49.0,21526.0,22315.0,256.0,647.0,544.0,153.0,30341.0,303.4100000000001,100.0,1000,24,976,0.11691874999087304,857,1,0,2,0,2,1,1,0,2,1,0,0,6,6,17,26,0,3,1,0,1,2,0,0,0,3,1,1,2,0,3,61,0.7924615144729614,-0.09444183111190796,1.8123689889907837,0.7104842662811279,0.027138
108,43258.0,6985.0,50243.0,50243.0,0.8609756583006588,134.0,0.134,126.0,30658.0,78.0,48.0,56.0,78.0,22704.0,20554.0,48.87646484375,355.0,751.12353515625,0.0,30658.0,306.5800000000001,100.0,1000,24,976,0.12006412504706532,872,3,0,0,1,1,2,1,2,1,3,1,1,5,8,11,39,1,0,0,1,1,0,1,0,1,0,0,0,0,0,3,41,1.353926658630371,0.0278183501213789,2.6913957595825195,0.7225698828697205,0.027111
109,45622.0,6588.0,52210.0,52210.0,0.8738172763838346,91.0,0.091,130.0,32622.0,71.0,59.0,61.0,30.0,22509.0,23113.0,361.0,23.0,0.0,777.0,32622.0,326.22000000000037,100.0,1000,16,984,0.11318991694133729,864,0,0,0,2,0,1,1,3,2,1,2,0,6,3,11,41,0,1,0,0,0,0,1,1,2,0,1,0,0,0,1,56,1.8032768964767456,0.11294087022542953,3.417142629623413,0.6732856631278992,0.027084
110,40359.0,9705.0,50064.0,50064.0,0.8061481303930969,175.0,0.175,111.0,29259.0,65.0,46.0,32.0,143.0,20840.0,19519.0,420.0,684.0,380.0,116.0,29259.0,292.5900000000003,100.0,1000,27,973,0.11230237502604723,874,0,0,1,1,1,2,0,3,1,2,2,0,5,4,11,39,0,0,1,1,1,0,0,0,0,1,1,1,4,0,0,44,0.9854892492294312,0.020081011578440666,1.9750030040740967,0.816545844078064,0.027056999999999998
111,45303.0,4593.0,49896.0,49896.0,0.907948532948533,88.0,0.088,129.0,32403.0,64.0,65.0,58.0,30.0,22111.0,23192.0,7.0,503.27734375,793.0,296.72265625,32403.0,324.03,100.0,1000,18,982,0.11558124993462116,861,1,1,0,0,2,1,1,2,2,1,0,3,3,4,10,39,0,1,0,1,1,0,2,1,1,2,1,0,0,1,2,56,0.5932329297065735,0.007906920276582241,1.214227557182312,0.8060588240623474,0.02703
112,42772.0,5499.0,48271.0,48271.0,0.8860806695531479,95.0,0.095,134.0,29372.0,71.0,63.0,51.0,44.0,20814.0,21958.0,441.375,762.0,358.625,38.0,29372.0,293.7199999999999,100.0,1000,18,982,0.10860149993095547,854,0,0,0,0,0,3,0,0,0,3,1,6,2,2,15,45,1,0,1,0,1,0,0,1,1,0,3,0,0,0,2,59,1.186226487159729,0.002403609687462449,2.4099321365356445,0.7829925417900085,0.027003
113,46618.0,4279.0,50897.0,50897.0,0.9159282472444349,87.0,0.087,153.0,31318.0,89.0,64.0,43.0,44.0,24061.0,22557.0,731.0,697.0,69.0,103.0,31318.0,313.1799999999998,100.0,1000,27,973,0.10933516698423773,839,3,1,0,2,0,4,1,3,2,1,2,4,3,4,11,53,0,0,0,0,1,0,0,0,0,1,1,0,0,1,2,61,1.5023361444473267,0.06394387781620026,2.9176487922668457,0.7574169039726257,0.026976
114,46548.0,3114.0,49662.0,49662.0,0.9372961217832548,57.0,0.057,142.0,32348.0,79.0,63.0,13.0,44.0,23512.0,23036.0,652.75,548.0,147.25,252.0,32348.0,323.47999999999985,100.0,1000,14,986,0.11238779104314744,848,0,0,1,1,2,2,0,0,4,1,2,2,0,5,12,51,0,2,2,0,0,0,1,0,1,0,1,1,0,2,3,56,1.2844270467758179,-0.0001216016971739009,2.6070497035980225,0.7041510939598083,0.026949
115,46393.0,3794.0,50187.0,50187.0,0.9244027337756789,70.0,0.07,140.0,32393.0,67.0,73.0,49.0,21.0,22480.0,23913.0,648.2950435951352,600.0,151.7049564048648,200.0,32393.0,323.92999999999984,100.0,1000,12,988,0.10817379190120846,852,0,0,0,0,0,1,1,2,3,2,0,1,2,7,12,39,0,1,1,0,0,0,1,1,0,0,3,0,2,0,4,65,0.9115415811538696,-0.0944318175315857,2.04740047454834,0.6584528088569641,0.026921999999999998
116,42283.0,8275.0,50558.0,50558.0,0.8363265951975949,160.0,0.16,121.0,30183.0,74.0,47.0,46.0,114.0,22491.0,19792.0,572.0,31.0,228.0,769.0,30183.0,301.8300000000002,100.0,1000,20,980,0.10913404205348343,873,1,0,2,0,0,2,0,1,1,0,0,2,5,9,12,42,0,1,0,1,0,0,0,1,2,1,2,0,0,1,2,39,1.4118603467941284,0.05610150471329689,2.749560594558716,0.707250714302063,0.026895
117,44702.0,6690.0,51392.0,51392.0,0.8698240971357409,125.0,0.125,131.0,31602.0,73.0,58.0,34.0,91.0,24290.0,20412.0,109.0,583.0,691.0,0.0,31602.0,316.01999999999947,100.0,1000,17,983,0.11036220903042704,859,0,1,1,1,1,1,0,1,5,1,2,6,1,3,8,47,0,1,0,1,1,0,0,0,1,1,2,0,1,1,3,50,1.2734299898147583,0.01265184860676527,2.5578324794769287,0.6750799417495728,0.026868
118,44150.0,6292.0,50442.0,50442.0,0.8752626779271242,111.0,0.111,120.0,32150.0,63.0,57.0,62.0,49.0,22675.0,21475.0,575.0,605.0,225.0,195.0,32150.0,321.49999999999994,100.0,1000,20,980,0.10936391598079354,870,1,0,1,0,0,1,1,0,1,1,3,0,7,3,11,35,1,0,0,0,0,1,1,0,0,0,1,0,1,0,4,56,0.739231526851654,0.03715236485004425,1.4408988952636719,0.6844116449356079,0.026840999999999997
119,44527.0,5677.0,50204.0,50204.0,0.8869213608477412,111.0,0.111,124.0,32127.0,63.0,61.0,62.0,49.0,22022.0,22505.0,516.2734375,695.0,0.0,105.0,32127.0,321.26999999999964,100.0,1000,15,985,0.11058966594282538,865,1,1,0,0,2,4,0,1,1,2,1,0,5,2,7,40,0,1,0,0,2,0,0,0,0,0,0,0,3,0,0,62,0.6504970788955688,-0.06162168085575104,1.4573357105255127,0.6171817779541016,0.026813999999999998
120,43016.0,7896.0,50912.0,50912.0,0.8449088623507228,152.0,0.152,118.0,31216.0,53.0,65.0,80.0,72.0,20193.0,22823.0,33.25,770.0,766.75,30.0,31216.0,312.1600000000001,100.0,1000,17,983,0.10772645799443126,874,0,1,1,0,0,0,0,1,1,1,2,3,2,4,4,37,1,0,0,3,1,0,0,0,1,0,1,1,0,0,3,58,0.9066512584686279,0.030095016583800316,1.7873120307922363,0.6383613348007202,0.026787
121,45452.0,6535.0,51987.0,51987.0,0.8742954969511608,109.0,0.109,114.0,34052.0,57.0,57.0,68.0,41.0,21607.0,23845.0,4.242431640625,339.25,795.757568359375,85.0,34052.0,340.5200000000001,100.0,1000,18,982,0.1087376669747755,884,1,0,1,0,1,3,0,0,3,3,1,1,3,5,4,32,0,2,0,3,0,2,0,0,0,0,0,0,0,2,4,45,1.1639376878738403,0.05817355960607529,2.246375799179077,0.6511109471321106,0.02676
122,42807.0,7677.0,50484.0,50484.0,0.8479320180651295,147.0,0.147,123.0,30507.0,70.0,53.0,78.0,69.0,21659.0,21148.0,434.0,634.4375,366.0,165.5625,30507.0,305.0699999999999,100.0,1000,22,978,0.10819375002756715,868,0,1,2,1,0,0,1,2,4,3,0,1,5,8,8,39,0,1,0,0,0,0,1,0,0,0,0,0,1,1,2,51,0.8858629465103149,-0.025227230042219162,1.8618955612182617,0.7428116202354431,0.026733
123,46208.0,3832.0,50040.0,50040.0,0.9234212629896084,70.0,0.07,128.0,33408.0,73.0,55.0,25.0,45.0,22859.0,23349.0,800.0,33.0,0.0,767.0,33408.0,334.0800000000008,100.0,1000,21,979,0.10968624998349696,864,3,1,0,0,0,0,2,0,4,2,2,3,1,6,7,48,0,1,1,0,0,0,1,0,1,0,0,0,1,2,1,49,1.117674469947815,0.009236255660653114,2.2508292198181152,0.6356759071350098,0.026706
124,45541.0,5967.0,51508.0,51508.0,0.8841539178380058,103.0,0.103,120.0,33541.0,59.0,61.0,59.0,44.0,23805.0,21736.0,649.0,589.0,28.3125,211.0,33541.0,335.40999999999985,100.0,1000,6,994,0.10934775008354336,877,0,0,0,0,1,3,0,0,2,0,2,3,6,1,5,36,0,2,0,0,0,0,0,0,2,0,0,0,3,0,0,57,1.6121917963027954,0.05272311717271805,3.155466079711914,0.6846010088920593,0.026678999999999998
125,44163.0,5200.0,49363.0,49363.0,0.8946579421834168,92.0,0.092,135.0,30663.0,64.0,71.0,67.0,25.0,21581.0,22582.0,683.875,190.0,116.125,610.0,30663.0,306.6299999999995,100.0,1000,15,985,0.1439090829808265,861,1,0,0,0,1,3,0,1,3,0,2,1,5,2,10,37,0,0,2,0,0,0,0,1,3,1,1,0,0,2,1,62,0.9799410700798035,-0.0022141665685921907,2.0008559226989746,0.6856029033660889,0.026652
126,45592.0,4191.0,49783.0,49783.0,0.9158146355181488,78.0,0.078,121.0,33492.0,58.0,63.0,44.0,34.0,22943.0,22649.0,557.0,30.0,15.1875,770.0,33492.0,334.9199999999998,100.0,1000,10,990,0.1249986250186339,870,0,1,0,0,0,1,0,0,0,0,4,2,5,2,14,35,0,0,0,0,0,0,1,0,0,0,0,0,0,1,0,64,0.8249711990356445,-0.024999849498271942,1.7362439632415771,0.6817247867584229,0.026625
127,44565.0,4013.0,48578.0,48578.0,0.9173905883321668,70.0,0.07,124.0,32165.0,66.0,58.0,37.0,33.0,21793.0,22772.0,579.625,1.0,220.375,799.0,32165.0,321.6499999999999,100.0,1000,20,980,0.11611920793075114,868,1,0,1,0,0,2,0,1,1,1,1,0,5,2,9,45,0,1,0,0,0,0,0,0,0,1,1,0,0,0,3,57,1.2507236003875732,0.03615735471248627,2.4606359004974365,0.5922142267227173,0.026598
128,42652.0,6840.0,49492.0,49492.0,0.8617958457932595,113.0,0.113,114.0,31252.0,51.0,63.0,75.0,38.0,19675.0,22977.0,185.8125,744.0,614.1875,56.0,31252.0,312.51999999999947,100.0,1000,16,984,0.11451895802747458,880,0,0,0,0,1,0,0,1,2,0,2,2,1,5,4,35,0,2,0,1,0,0,1,0,0,3,0,0,1,0,2,57,0.81364506483078,-0.01835467852652073,1.6979659795761108,0.6391659379005432,0.026570999999999997
129,43169.0,6429.0,49598.0,49598.0,0.870377837816041,121.0,0.121,124.0,30769.0,70.0,54.0,33.0,88.0,22012.0,21157.0,404.0,660.3671875,396.0,74.3291015625,30769.0,307.69000000000034,100.0,1000,20,980,0.11164479202125221,871,1,1,0,1,0,1,1,1,2,0,2,3,1,8,4,45,0,1,0,1,0,1,0,0,2,1,0,1,0,3,1,47,1.5818473100662231,0.10756637156009674,2.983121871948242,0.6509935259819031,0.026543999999999998
130,43282.0,6128.0,49410.0,49410.0,0.8759765229710584,106.0,0.106,121.0,31182.0,57.0,64.0,48.0,58.0,21459.0,21823.0,763.0,406.0,37.0,15.0,31182.0,311.81999999999994,100.0,1000,13,987,0.1194482499267906,874,0,0,0,0,1,1,2,1,0,0,0,1,2,4,3,44,0,0,0,0,0,0,0,1,1,0,0,0,1,0,1,63,1.3807140588760376,-0.01182025671005249,2.8190550804138184,0.6408399343490601,0.026517
131,41505.0,7521.0,49026.0,49026.0,0.8465916044547791,131.0,0.131,118.0,29705.0,52.0,66.0,108.0,23.0,19769.0,21736.0,98.8046875,719.0,701.1953125,81.0,29705.0,297.05000000000007,100.0,1000,11,989,0.12481833307538182,872,0,0,0,0,1,1,0,0,3,3,2,1,0,6,3,35,0,0,1,0,1,0,2,0,1,0,0,0,0,1,1,66,0.7223750352859497,-0.011181903071701527,1.5002927780151367,0.6262538433074951,0.02649
132,42407.0,6853.0,49260.0,49260.0,0.8608810393828664,119.0,0.119,114.0,31007.0,62.0,52.0,23.0,96.0,22198.0,20209.0,576.0,576.0,0.0,224.0,31007.0,310.07000000000016,100.0,1000,12,988,0.12196612497791648,881,1,0,0,0,1,1,0,1,3,1,1,1,4,5,5,42,0,1,0,0,1,0,0,0,2,0,1,0,1,0,0,47,1.595357060432434,0.01977812498807907,3.1835672855377197,0.6123520135879517,0.026463
133,42990.0,5425.0,48415.0,48415.0,0.8879479500154911,94.0,0.094,112.0,31790.0,62.0,50.0,39.0,55.0,21863.0,21127.0,634.6875,282.0,165.3125,518.0,31790.0,317.8999999999999,100.0,1000,11,989,0.14479699998628348,877,0,1,0,0,3,1,1,1,1,0,0,4,1,7,9,39,0,1,0,0,0,0,0,0,0,0,0,1,1,0,1,51,0.5324528217315674,-0.03546403348445892,1.169122576713562,0.6296124458312988,0.026435999999999998
134,44218.0,5005.0,49223.0,49223.0,0.8983198911078154,104.0,0.104,122.0,32018.0,63.0,59.0,25.0,79.0,21272.0,22946.0,523.5,447.0,115.625,353.0,32018.0,320.1800000000004,100.0,1000,12,988,0.12818779097869992,872,0,0,0,0,0,0,0,1,3,1,2,4,4,3,7,41,0,0,1,0,0,0,0,0,1,1,0,0,1,0,0,58,0.6199349761009216,-0.092195525765419,1.4558240175247192,0.5975804924964905,0.026409
135,45561.0,5560.0,51121.0,51121.0,0.8912384343029284,106.0,0.106,121.0,33461.0,67.0,54.0,45.0,61.0,23026.0,22535.0,721.4375,410.0,0.0,166.25,33461.0,334.6099999999998,100.0,1000,17,983,0.12563525000587106,869,0,0,1,1,1,1,0,2,2,0,1,0,2,6,7,48,0,2,2,0,0,0,0,0,0,1,0,1,0,1,0,52,0.8343451023101807,-0.06581901758909225,1.8309264183044434,0.5799054503440857,0.026382
136,43919.0,5254.0,49173.0,49173.0,0.8931527464258842,98.0,0.098,118.0,32119.0,63.0,55.0,32.0,66.0,22725.0,21194.0,515.0,385.0,285.0,415.0,32119.0,321.1899999999995,100.0,1000,9,991,0.11554000002797693,875,0,1,0,0,0,1,0,1,0,2,0,0,2,4,6,49,0,1,0,0,0,0,0,0,1,0,0,0,0,1,1,55,1.6508013010025024,0.042081478983163834,3.248383045196533,0.5870487689971924,0.026355
137,46626.0,5786.0,52412.0,52412.0,0.889605433870106,92.0,0.092,127.0,33926.0,54.0,73.0,65.0,27.0,21612.0,25014.0,98.5625,443.0,0.0,357.0,33926.0,339.26000000000045,100.0,1000,14,986,0.11671583296265453,873,0,0,0,0,1,0,2,0,0,2,0,1,2,1,8,37,0,1,0,1,0,1,0,1,0,1,0,0,1,1,1,65,0.936075747013092,-0.04459971562027931,1.995332956314087,0.6453603506088257,0.026327999999999997
138,44046.0,5993.0,50039.0,50039.0,0.8802334179340114,115.0,0.115,121.0,31946.0,50.0,71.0,69.0,46.0,21159.0,22887.0,542.0,643.0,258.0,157.0,31946.0,319.4600000000001,100.0,1000,12,988,0.10907429200597107,867,0,0,0,0,1,0,0,0,1,2,3,0,1,2,5,37,1,1,0,0,0,0,1,1,1,0,1,0,1,0,1,73,1.1309447288513184,0.003616817994043231,2.2881128787994385,0.636041522026062,0.026300999999999998
139,39814.0,8783.0,48597.0,48597.0,0.8192686791365722,156.0,0.156,110.0,28814.0,35.0,75.0,131.0,25.0,17144.0,22670.0,550.0,717.0,250.0,83.0,28814.0,288.1399999999998,100.0,1000,19,981,0.11898625001776963,884,0,0,0,0,1,0,0,0,0,0,1,0,3,5,5,21,0,0,1,0,1,0,0,0,3,0,1,0,0,0,1,73,0.6225829124450684,-0.08591753244400024,1.4512957334518433,0.6526373028755188,0.026274
140,45725.0,4428.0,50153.0,50153.0,0.9117101668893187,85.0,0.085,120.0,33725.0,57.0,63.0,37.0,48.0,22302.0,23423.0,24.3515625,686.0,775.6484375,114.0,33725.0,337.24999999999966,100.0,1000,13,987,0.1321052920538932,877,0,0,0,0,0,0,0,0,2,0,2,0,5,5,1,42,0,0,0,0,2,0,0,0,1,0,1,0,0,0,2,60,0.9400578737258911,0.03105960786342621,1.8506931066513062,0.6228628754615784,0.026247
141,43742.0,6063.0,49805.0,49805.0,0.8782652344142154,101.0,0.101,120.0,31742.0,63.0,57.0,32.0,69.0,22674.0,21068.0,729.625,663.0,0.0,39.0,31742.0,317.4200000000003,100.0,1000,19,981,0.11706812493503094,872,0,0,0,0,0,1,0,2,0,0,2,1,2,3,6,47,0,0,0,0,0,0,0,0,2,1,1,0,0,0,0,60,0.6612005829811096,-0.14554943144321442,1.6465356349945068,0.6299701929092407,0.02622
142,43359.0,5549.0,48908.0,48908.0,0.8865420790054797,101.0,0.101,119.0,31459.0,55.0,64.0,55.0,46.0,21479.0,21880.0,500.0,426.0,300.0,0.0,31459.0,314.58999999999975,100.0,1000,11,989,0.11308541696052998,873,0,0,0,0,0,1,0,0,1,1,1,1,3,7,4,40,1,2,0,0,1,0,0,0,1,1,0,0,1,0,1,60,0.4176957607269287,-0.07402188330888748,1.0142548084259033,0.5883164405822754,0.026193
143,43398.0,6030.0,49428.0,49428.0,0.8780043699927167,116.0,0.116,105.0,32898.0,50.0,55.0,63.0,53.0,21599.0,21799.0,247.4375,485.0,552.5625,315.0,32898.0,328.9799999999999,100.0,1000,11,989,0.11499354196712375,889,0,1,0,0,1,4,0,0,0,0,2,2,1,2,5,35,0,0,0,0,0,0,0,0,0,0,0,0,1,1,2,54,1.0950747728347778,0.028557375073432922,2.1652603149414062,0.6157909631729126,0.026166
144,45420.0,4914.0,50334.0,50334.0,0.9023721540112052,77.0,0.077,115.0,33920.0,57.0,58.0,37.0,40.0,22843.0,22577.0,628.85205078125,771.0,171.14794921875,29.0,33920.0,339.1999999999996,100.0,1000,14,986,0.11187029199209064,875,0,0,0,0,3,0,0,0,2,2,0,0,4,1,5,45,0,0,0,0,1,0,1,0,0,0,1,0,2,0,2,56,1.0609580278396606,0.016944922506809235,2.1200289726257324,0.612163782119751,0.026139
145,44860.0,6051.0,50911.0,50911.0,0.8811455284712537,108.0,0.108,118.0,33060.0,60.0,58.0,51.0,57.0,20603.0,24257.0,629.375,4.875,170.625,795.125,33060.0,330.59999999999985,100.0,1000,13,987,0.11428199999500066,875,2,0,0,0,0,0,0,0,2,2,1,0,2,4,6,43,0,2,0,0,0,0,0,0,0,1,1,1,1,2,2,53,0.5259093642234802,-0.08607568591833115,1.2569959163665771,0.6323894262313843,0.026112
146,43776.0,5968.0,49744.0,49744.0,0.8800257317465423,108.0,0.108,116.0,32176.0,72.0,44.0,37.0,71.0,21872.0,21904.0,602.0,800.0,0.0,0.0,32176.0,321.7600000000001,100.0,1000,12,988,0.11715333303436637,874,0,0,0,1,1,2,0,2,1,1,1,0,2,4,3,61,0,1,0,0,0,0,1,0,0,1,0,0,1,0,1,42,1.1183364391326904,-0.004975072108209133,2.2787327766418457,0.6154845952987671,0.026084999999999997
147,44533.0,5642.0,50175.0,50175.0,0.887553562531141,108.0,0.108,109.0,33633.0,53.0,56.0,60.0,48.0,20656.0,23877.0,0.8447265625,576.0,799.1552734375,70.0,33633.0,336.32999999999976,100.0,1000,9,991,0.1516490839421749,882,0,0,0,0,0,0,0,0,1,0,2,0,1,6,3,46,0,1,0,0,0,0,0,0,0,2,1,0,2,0,1,52,0.865933358669281,0.024786759167909622,1.7130768299102783,0.590674638748169,0.026057999999999998
148,44206.0,4521.0,48727.0,48727.0,0.9072177642785314,88.0,0.088,115.0,32706.0,60.0,55.0,20.0,68.0,22202.0,22004.0,446.0,592.0,354.0,208.0,32706.0,327.0600000000001,100.0,1000,6,994,0.13165837491396815,880,2,0,0,0,1,0,0,1,1,2,2,0,3,4,5,40,0,0,1,0,0,0,0,0,1,0,1,1,1,0,0,54,1.2768806219100952,0.11960755288600922,2.343766212463379,0.5612545013427734,0.026031
149,44870.0,5356.0,50226.0,50226.0,0.8933620037430813,83.0,0.083,117.0,33170.0,65.0,52.0,31.0,52.0,22798.0,22072.0,768.0,1.625,32.0,0.0,33170.0,331.7,100.0,1000,10,990,0.13071791699621826,878,0,0,1,0,0,1,0,0,2,0,0,0,3,3,4,53,0,0,0,1,0,0,2,0,0,0,0,0,0,2,0,50,1.6252684593200684,0.05137570947408676,3.178633213043213,0.5931360125541687,0.026004
150,45421.0,4235.0,49656.0,49656.0,0.9147132270017722,76.0,0.076,108.0,34621.0,59.0,49.0,14.0,62.0,23287.0,22134.0,43.375,563.0,57.0,39.0,34621.0,346.2099999999998,100.0,1000,5,995,0.12000450002960861,885,0,0,0,0,1,0,0,0,3,1,0,1,1,1,0,52,0,0,0,0,0,0,0,0,0,0,0,0,1,0,2,52,2.1119565963745117,0.09433391690254211,4.065155506134033,0.5757004022598267,0.025977
151,47229.0,3719.0,50948.0,50948.0,0.927004004082594,65.0,0.065,124.0,34829.0,58.0,66.0,33.0,32.0,22307.0,24922.0,598.0,626.0,202.0,174.0,34829.0,348.28999999999974,100.0,1000,10,990,0.18168654199689627,867,0,0,0,0,0,0,0,0,0,2,0,0,3,4,7,47,0,1,0,0,0,1,0,0,1,0,0,0,1,0,2,64,1.0598859786987305,-0.027092749252915382,2.2005317211151123,0.5120319128036499,0.02595
152,45157.0,7931.0,53088.0,53088.0,0.8506065400843882,128.0,0.128,110.0,34157.0,58.0,52.0,56.0,72.0,22696.0,22461.0,709.25,362.0,90.75,47.0,34157.0,341.5700000000002,100.0,1000,11,989,0.27394704206380993,884,0,0,0,0,0,1,0,0,1,0,1,1,1,5,6,46,0,0,0,0,0,0,0,0,0,1,0,1,3,0,1,48,1.4415230751037598,-0.01663677766919136,2.9442391395568848,0.5385110378265381,0.025922999999999998
153,43408.0,6768.0,50176.0,50176.0,0.8651147959183674,124.0,0.124,102.0,33208.0,48.0,54.0,60.0,64.0,20191.0,23217.0,712.0,1.0,88.0,33.0,33208.0,332.0799999999999,100.0,1000,9,991,0.2433141660876572,891,0,0,0,0,1,0,0,1,1,1,1,0,3,3,5,36,0,1,0,0,1,1,0,0,0,0,2,0,0,0,0,52,1.736431360244751,0.029743187129497528,3.442704677581787,0.5662727355957031,0.025896
154,43420.0,6465.0,49885.0,49885.0,0.8704019244261803,116.0,0.116,122.0,31220.0,48.0,74.0,95.0,21.0,19934.0,23486.0,333.6875,386.0,466.3125,362.25,31220.0,312.2000000000004,100.0,1000,9,991,0.20458433299791068,866,1,0,0,0,0,1,2,1,1,0,0,0,4,4,4,35,0,2,1,0,0,0,0,0,0,0,0,0,0,0,0,78,1.259503722190857,-0.024465758353471756,2.5959110260009766,0.540645182132721,0.025869
155,46133.0,6859.0,52992.0,52992.0,0.8705653683574879,112.0,0.112,118.0,34333.0,41.0,77.0,94.0,18.0,21025.0,25108.0,3.0,529.0,797.0,271.0,34333.0,343.32999999999976,100.0,1000,6,994,0.13796866696793586,873,0,0,0,0,0,0,1,0,0,0,2,1,3,3,2,34,0,0,0,0,0,0,0,0,1,0,0,0,0,1,2,77,1.2779903411865234,-0.013775629922747612,2.6108129024505615,0.5278449654579163,0.025841999999999997
156,42432.0,8524.0,50956.0,50956.0,0.832718423738127,160.0,0.16,107.0,31732.0,43.0,64.0,117.0,43.0,20228.0,22204.0,323.0,573.0,0.0,0.0,31732.0,317.32000000000016,100.0,1000,9,991,0.12327929097227752,886,0,0,0,0,1,1,0,0,0,0,0,3,0,0,3,38,1,0,0,0,0,1,1,0,1,0,1,0,2,0,0,61,1.3733068704605103,-0.009782791137695312,2.7963526248931885,0.5844150185585022,0.025814999999999998
157,44609.0,5430.0,50039.0,50039.0,0.8914846419792561,101.0,0.101,113.0,33309.0,53.0,60.0,64.0,37.0,22424.0,22185.0,383.0,13.0,417.0,787.0,33309.0,333.0899999999991,100.0,1000,15,985,0.13747175002936274,880,0,1,0,0,0,1,0,0,1,0,1,0,4,3,5,39,1,1,0,0,0,0,0,0,0,0,0,1,2,0,1,59,0.7801046371459961,0.017729677259922028,1.5559732913970947,0.6053871512413025,0.025788
158,45052.0,6162.0,51214.0,51214.0,0.8796813371343774,112.0,0.112,117.0,33352.0,55.0,62.0,71.0,41.0,22685.0,22367.0,306.0,800.0,494.0,0.0,33352.0,333.5199999999998,100.0,1000,6,994,0.15136937506031245,877,0,1,0,0,0,1,0,0,0,0,1,0,2,2,4,46,0,0,0,0,0,0,1,0,0,0,0,0,3,0,1,61,0.5150275230407715,-0.05655849352478981,1.1742640733718872,0.6034711003303528,0.025761
159,43794.0,4860.0,48654.0,48654.0,0.9001109877913429,85.0,0.085,129.0,30894.0,65.0,64.0,46.0,39.0,21475.0,22319.0,788.0,688.0,12.0,112.0,30894.0,308.94000000000005,100.0,1000,13,987,0.12145658303052187,867,0,0,2,0,3,1,0,0,1,0,0,1,2,3,5,48,0,0,0,0,1,0,0,0,1,0,2,0,1,0,1,61,1.2123126983642578,-0.05241628736257553,2.557908535003662,0.5527821183204651,0.025734
160,45591.0,3847.0,49438.0,49438.0,0.9221853634855779,72.0,0.072,120.0,33591.0,62.0,58.0,36.0,36.0,23832.0,21759.0,800.0,583.0,0.0,217.0,33591.0,335.9100000000001,100.0,1000,5,995,0.1164692920865491,877,0,0,0,0,1,1,0,0,0,0,0,1,0,1,6,54,0,0,0,0,0,1,0,0,0,0,1,0,2,0,1,54,1.291353702545166,0.0653424859046936,2.480809211730957,0.5599004626274109,0.025707
161,43169.0,7353.0,50522.0,50522.0,0.8544594434107914,122.0,0.122,107.0,32469.0,60.0,47.0,49.0,73.0,21956.0,21213.0,539.0,687.0,69.0,113.0,32469.0,324.6899999999996,100.0,1000,12,988,0.12530541699379683,886,1,0,0,0,0,1,1,0,1,1,0,0,3,5,4,49,0,0,1,0,1,0,0,1,0,0,0,0,1,0,0,44,1.2456320524215698,0.008790174499154091,2.506237268447876,0.6338272094726562,0.025679999999999998
162,45268.0,3175.0,48443.0,48443.0,0.9344590549718226,61.0,0.061,125.0,32768.0,65.0,60.0,31.0,30.0,23570.0,21698.0,296.0,530.0,504.0,270.0,32768.0,327.68000000000023,100.0,1000,9,991,0.11449991702102125,867,0,0,0,2,0,0,0,1,1,0,0,1,3,2,4,54,0,0,0,1,0,0,0,0,1,0,0,0,1,0,1,61,0.7187429666519165,0.027608629316091537,1.4113377332687378,0.5665823221206665,0.025653
163,44217.0,5254.0,49471.0,49471.0,0.8937963655474924,101.0,0.101,117.0,32517.0,58.0,59.0,64.0,37.0,22413.0,21804.0,700.75,10.0,99.25,790.0,32517.0,325.1700000000001,100.0,1000,13,987,0.11573004198726267,881,0,0,0,0,0,0,0,3,0,1,0,0,3,2,3,47,0,1,0,0,0,0,1,0,1,0,0,0,1,1,1,54,0.9754416942596436,0.021267084404826164,1.940521001815796,0.6277156472206116,0.025626
164,45876.0,3584.0,49460.0,49460.0,0.9275374039627983,60.0,0.06,121.0,33776.0,74.0,47.0,14.0,46.0,23603.0,22273.0,354.0,574.0,446.0,226.0,33776.0,337.7600000000003,100.0,1000,5,995,0.13873758306726813,875,0,1,0,0,0,0,0,0,2,0,1,1,2,5,6,59,0,0,0,0,0,0,0,0,0,0,0,0,2,1,0,45,0.48258212208747864,-0.038079023361206055,1.0693421363830566,0.5472840666770935,0.025598999999999997
165,47141.0,4287.0,51428.0,51428.0,0.9166407404526717,81.0,0.081,130.0,34141.0,64.0,66.0,32.0,49.0,23065.0,24076.0,603.0,654.0,197.0,146.0,34141.0,341.4100000000002,100.0,1000,9,991,0.16459495900198817,856,0,0,0,0,0,1,1,1,2,0,1,2,1,2,4,52,0,0,0,0,1,0,1,1,0,1,1,0,1,0,0,71,0.7849887609481812,-0.022768311202526093,1.643833041191101,0.5537076592445374,0.025571999999999998
166,46122.0,4347.0,50469.0,50469.0,0.9138679189205254,78.0,0.078,118.0,34322.0,60.0,58.0,55.0,23.0,24269.0,21853.0,284.359375,538.0,0.0,262.0,34322.0,343.22000000000037,100.0,1000,8,992,0.1435274169780314,878,0,0,0,0,0,3,0,1,1,2,0,0,3,4,3,44,0,0,0,1,0,0,0,0,0,0,0,0,2,1,1,56,0.9968880414962769,-0.02475912868976593,2.0748751163482666,0.6181374788284302,0.025544999999999998
167,45680.0,3912.0,49592.0,49592.0,0.9211163090821101,63.0,0.063,130.0,32680.0,59.0,71.0,34.0,29.0,22634.0,23046.0,584.0,466.0,216.0,41.0,32680.0,326.7999999999999,100.0,1000,7,993,0.1255569999339059,861,0,0,0,0,0,1,0,1,0,0,3,0,1,3,5,48,0,0,1,1,0,0,0,0,1,0,0,0,1,0,0,73,1.3503607511520386,0.006855051964521408,2.717540979385376,0.5981962084770203,0.025518
168,48282.0,3823.0,52105.0,52105.0,0.9266289223682947,58.0,0.058,127.0,35582.0,60.0,67.0,36.0,22.0,22922.0,25360.0,457.0,558.0,0.0,242.0,35582.0,355.8199999999997,100.0,1000,7,993,0.1549117499962449,861,0,0,0,0,0,0,0,1,1,0,0,1,4,3,4,52,0,0,2,0,0,0,0,0,0,1,0,0,0,0,0,70,1.2543525695800781,0.05090924724936485,2.434455633163452,0.5407587289810181,0.025491
169,47430.0,2700.0,50130.0,50130.0,0.9461400359066428,54.0,0.054,115.0,35930.0,54.0,61.0,29.0,25.0,23771.0,23659.0,524.0,769.0,120.0,31.0,35930.0,359.2999999999995,100.0,1000,8,992,0.12540849996730685,880,0,0,0,0,1,0,1,2,0,0,0,0,3,3,2,44,0,2,0,0,0,0,1,0,1,0,0,0,1,0,0,59,1.1482372283935547,0.011505776084959507,2.299529790878296,0.5118380188941956,0.025464
170,44019.0,4922.0,48941.0,48941.0,0.8994299258290595,92.0,0.092,103.0,33719.0,46.0,57.0,43.0,49.0,21782.0,22237.0,482.0,108.0,318.0,692.0,33719.0,337.18999999999915,100.0,1000,7,993,0.12379316694568843,890,0,0,0,0,0,0,0,0,0,1,1,0,3,3,3,39,0,3,0,0,0,0,0,0,2,0,0,0,1,0,3,51,1.6939233541488647,0.0977025032043457,3.2224342823028564,0.5895472764968872,0.025436999999999998
171,47107.0,3307.0,50414.0,50414.0,0.9344031419843695,62.0,0.062,126.0,34507.0,63.0,63.0,23.0,39.0,24003.0,23104.0,590.0,601.0,210.0,199.0,34507.0,345.0700000000001,100.0,1000,5,995,0.11453095800243318,864,0,0,0,0,0,1,0,1,1,0,0,0,1,4,3,56,0,1,0,0,0,0,0,0,0,0,1,0,2,0,1,64,0.5368232131004333,-0.08525237441062927,1.272885799407959,0.5654181838035583,0.02541
172,46353.0,4321.0,50674.0,50674.0,0.914729447053716,82.0,0.082,122.0,34153.0,54.0,68.0,61.0,21.0,23205.0,23148.0,704.0,227.9375,96.0,572.0625,34153.0,341.529999999999,100.0,1000,5,995,0.12269133294466883,871,1,0,0,0,0,0,0,0,1,0,2,1,0,0,5,46,0,0,1,0,0,0,0,0,0,0,0,0,2,0,0,70,0.9770777821540833,0.05841149017214775,1.865878939628601,0.5623117685317993,0.025383
173,46915.0,3000.0,49915.0,49915.0,0.9398978263047181,56.0,0.056,120.0,34915.0,53.0,67.0,40.0,16.0,22460.0,24455.0,13.25,636.0,786.75,164.0,34915.0,349.1500000000002,100.0,1000,5,995,0.208814499899745,875,0,0,0,0,0,0,0,0,1,0,1,3,2,1,6,41,0,0,0,0,0,0,0,0,0,1,0,1,0,0,1,67,0.9222580790519714,0.009960614144802094,1.8536630868911743,0.5731998085975647,0.025356
174,46372.0,3981.0,50353.0,50353.0,0.9209381764740929,72.0,0.072,114.0,34972.0,52.0,62.0,35.0,37.0,22120.0,24252.0,560.0,518.0,240.0,282.0,34972.0,349.72000000000054,100.0,1000,5,995,0.1854707079473883,874,0,0,0,0,0,1,0,0,1,2,0,0,1,4,5,41,0,0,1,0,0,0,0,0,1,0,0,0,4,0,0,65,1.1171925067901611,0.034630753099918365,2.1940560340881348,0.571133553981781,0.025328999999999997
175,47983.0,3794.0,51777.0,51777.0,0.9267242211792881,54.0,0.054,113.0,36683.0,62.0,51.0,14.0,40.0,25271.0,22712.0,487.0,441.0,313.0,359.0,36683.0,366.83000000000067,100.0,1000,5,995,0.1126045830314979,879,1,0,0,0,0,0,0,1,0,1,2,1,3,4,6,48,0,0,0,0,0,0,0,0,1,0,0,0,1,0,0,52,0.9819480776786804,-0.008704567328095436,2.009439706802368,0.5559737086296082,0.025301999999999998
176,44304.0,6855.0,51159.0,51159.0,0.8660059813522547,111.0,0.111,112.0,33104.0,68.0,44.0,13.0,98.0,23177.0,21127.0,500.0,592.0,300.0,208.0,33104.0,331.0399999999997,100.0,1000,7,993,0.11622529209125787,873,0,0,1,0,1,0,0,0,1,0,0,1,2,4,3,64,0,0,0,0,0,0,0,0,0,0,0,0,0,0,0,50,2.2221291065216064,0.1334831565618515,4.209197998046875,0.6311751008033752,0.025275
177,45817.0,3119.0,48936.0,48936.0,0.93626369135197,61.0,0.061,120.0,33817.0,64.0,56.0,14.0,47.0,22943.0,22874.0,268.0,555.0,532.0,0.0,33817.0,338.1700000000004,100.0,1000,12,988,0.282818290987052,873,0,0,0,0,0,0,0,2,2,0,0,1,3,7,4,48,0,0,1,1,1,0,0,0,1,3,1,0,2,1,0,49,1.598177194595337,0.045294139534235,3.134758710861206,0.5741552114486694,0.025248
178,45536.0,5162.0,50698.0,50698.0,0.8981813878259497,78.0,0.078,121.0,33436.0,58.0,63.0,47.0,31.0,21326.0,24210.0,523.0,284.0,277.0,516.0,33436.0,334.3600000000006,100.0,1000,5,995,0.12953141704201698,870,0,0,1,0,0,1,0,0,2,0,2,0,1,4,6,45,0,0,0,0,0,0,0,0,1,0,0,0,1,0,0,66,0.8393825888633728,-0.05069014057517052,1.809330940246582,0.5785967111587524,0.025221
179,44472.0,4735.0,49207.0,49207.0,0.903773853313553,88.0,0.088,120.0,32472.0,53.0,67.0,53.0,35.0,21085.0,23387.0,705.0,150.0,95.0,0.0,32472.0,324.7200000000003,100.0,1000,3,997,0.1144072919851169,868,0,0,0,0,0,1,0,0,1,1,0,0,2,1,4,46,1,0,0,0,0,0,0,1,0,0,0,0,2,0,0,72,0.7212825417518616,-0.09185577929019928,1.6533687114715576,0.5376695394515991,0.025194
180,45154.0,3954.0,49108.0,49108.0,0.919483587195569,56.0,0.056,118.0,33354.0,68.0,50.0,17.0,39.0,23508.0,21646.0,200.0,435.0,82.0,365.0,33354.0,333.5400000000002,100.0,1000,4,996,0.13005195802543312,875,0,0,0,0,0,0,0,1,2,0,3,2,2,6,2,54,0,0,1,2,0,1,0,0,1,0,1,0,0,0,0,47,0.9833947420120239,-0.048243019729852676,2.088773012161255,0.5065639615058899,0.025167
181,43077.0,5273.0,48350.0,48350.0,0.8909410548086867,94.0,0.094,115.0,31577.0,56.0,59.0,62.0,32.0,21126.0,21951.0,542.0625,751.0,257.9375,49.0,31577.0,315.77,100.0,1000,1,999,0.11420391697902232,877,0,0,0,0,1,0,0,1,0,1,0,0,0,1,5,50,0,0,0,0,0,0,0,0,0,0,0,0,1,0,1,62,1.11670982837677,-0.010854823514819145,2.282474994659424,0.5438655614852905,0.02514
182,44740.0,4495.0,49235.0,49235.0,0.9087031583223317,79.0,0.079,98.0,34940.0,47.0,51.0,46.0,33.0,22437.0,22303.0,390.9375,411.0,409.0625,389.0,34940.0,349.3999999999999,100.0,1000,4,996,0.11083958309609443,898,0,0,0,0,0,0,0,0,1,1,1,0,2,1,2,40,1,0,1,0,1,0,0,0,0,0,1,1,0,0,0,49,0.8521053194999695,0.015886638313531876,1.7004295587539673,0.5573264360427856,0.025113
183,44871.0,5026.0,49897.0,49897.0,0.8992725013527867,97.0,0.097,100.0,34871.0,53.0,47.0,35.0,62.0,23465.0,21406.0,448.0,609.0,352.0,191.0,34871.0,348.7099999999991,100.0,1000,7,993,0.11019687505904585,886,0,0,1,0,0,0,0,0,0,0,0,1,3,2,6,46,0,1,1,0,0,0,0,0,0,1,0,0,1,0,0,51,0.9054092764854431,-0.03318318352103233,1.9089182615280151,0.6324914693832397,0.025085999999999997
184,47312.0,3025.0,50337.0,50337.0,0.9399050400301965,60.0,0.06,133.0,34012.0,70.0,63.0,27.0,33.0,24075.0,23237.0,503.0,428.0,297.0,372.0,34012.0,340.1200000000003,100.0,1000,11,989,0.10931108403019607,858,0,0,0,0,1,2,0,2,0,1,1,0,3,2,9,53,0,0,0,0,0,0,0,0,0,0,1,0,3,0,0,64,0.40081265568733215,-0.0844033733010292,0.9974716901779175,0.5395193696022034,0.025058999999999998
185,44448.0,5344.0,49792.0,49792.0,0.8926735218508998,88.0,0.088,112.0,33248.0,56.0,56.0,69.0,19.0,22760.0,21688.0,726.0,525.0,74.0,275.0,33248.0,332.4799999999996,100.0,1000,4,996,0.11083858297206461,881,1,0,0,0,1,0,0,0,2,0,1,0,2,6,3,42,0,0,0,1,0,0,0,0,0,0,0,0,3,1,0,56,0.7520120143890381,-0.08826594054698944,1.7102537155151367,0.5931963324546814,0.025032
186,45883.0,3637.0,49520.0,49520.0,0.9265549273021002,71.0,0.071,123.0,33583.0,62.0,61.0,19.0,52.0,24116.0,21767.0,633.625,396.0,166.375,0.0,33583.0,335.82999999999976,100.0,1000,6,994,0.11201333405915648,869,0,0,0,0,0,1,0,2,0,0,1,0,2,1,4,54,1,0,0,1,0,0,0,0,0,0,0,0,2,0,0,62,1.2914645671844482,0.0679251179099083,2.4726576805114746,0.5114732980728149,0.025005
187,46365.0,2917.0,49282.0,49282.0,0.9408100320603872,57.0,0.057,116.0,34765.0,62.0,54.0,15.0,42.0,23214.0,23151.0,688.0625,190.0,111.9375,610.0,34765.0,347.65,100.0,1000,2,998,0.11060829204507172,879,0,0,1,0,1,1,0,0,0,1,0,0,4,1,3,51,0,0,0,0,0,0,0,0,0,1,0,0,3,0,1,53,0.7712846398353577,-0.027431461960077286,1.6235806941986084,0.5234286785125732,0.024978
188,46161.0,4532.0,50693.0,50693.0,0.9105990965222023,82.0,0.082,110.0,35161.0,55.0,55.0,56.0,26.0,22756.0,23405.0,17.0,800.0,783.0,0.0,35161.0,351.61000000000047,100.0,1000,4,996,0.14399612497072667,882,0,0,0,0,0,0,0,1,1,0,0,0,2,3,4,46,1,0,0,1,1,0,0,0,0,0,0,0,1,0,1,56,0.8602585196495056,-0.10193109512329102,1.9504832029342651,0.523104727268219,0.024951
189,45514.0,3737.0,49251.0,49251.0,0.9241233680534405,75.0,0.075,114.0,34114.0,56.0,58.0,41.0,34.0,22020.0,23494.0,722.0,800.0,78.0,0.0,34114.0,341.1399999999999,100.0,1000,7,993,0.1085152089362964,876,0,0,0,0,0,0,0,1,0,1,0,1,1,1,3,49,0,1,0,0,0,0,0,0,0,0,0,1,4,0,0,61,1.0032154321670532,-0.026532325893640518,2.0861403942108154,0.5345245003700256,0.024923999999999998
190,43838.0,6387.0,50225.0,50225.0,0.8728322548531607,126.0,0.126,109.0,32938.0,60.0,49.0,18.0,108.0,24563.0,19275.0,175.0,679.4375,625.0,120.5625,32938.0,329.37999999999977,100.0,1000,7,993,0.11129300005268306,886,0,0,1,0,0,0,1,1,1,0,0,1,0,1,4,51,0,1,0,0,0,1,0,0,0,0,1,0,3,2,1,44,0.8716511130332947,-0.026671433821320534,1.8226723670959473,0.5226998329162598,0.024897
191,46312.0,4134.0,50446.0,50446.0,0.9180509852119098,75.0,0.075,109.0,35412.0,58.0,51.0,36.0,39.0,23927.0,22385.0,333.0,735.0,467.0,65.0,35412.0,354.11999999999944,100.0,1000,5,995,0.10973620903678238,885,1,0,0,0,0,0,0,2,0,0,1,1,4,2,2,48,0,0,0,1,0,0,0,0,0,0,1,0,0,0,2,50,1.5631812810897827,0.052340634167194366,3.0459816455841064,0.4885474145412445,0.02487
192,44075.0,5783.0,49858.0,49858.0,0.8840105900758153,84.0,0.084,103.0,33775.0,57.0,46.0,33.0,51.0,22634.0,21441.0,735.0,36.1875,65.0,0.0,33775.0,337.7499999999997,100.0,1000,4,996,0.1090884170262143,894,0,0,0,0,0,0,0,1,0,0,2,1,1,3,3,49,1,0,0,0,0,0,0,0,0,0,0,0,1,0,0,44,1.6348294019699097,0.072078175842762,3.1498849391937256,0.4907320737838745,0.024842999999999997
193,44808.0,4610.0,49418.0,49418.0,0.9067141527378688,86.0,0.086,106.0,34208.0,54.0,52.0,58.0,28.0,22224.0,22584.0,695.0,267.0,105.0,533.0,34208.0,342.08000000000004,100.0,1000,7,993,0.10872000001836568,886,1,0,0,0,0,1,0,2,2,0,2,1,2,1,4,42,0,0,0,0,0,0,0,0,0,0,0,0,6,0,1,49,1.307843565940857,0.11721635609865189,2.405674457550049,0.4920239746570587,0.024815999999999998
194,45887.0,5036.0,50923.0,50923.0,0.9011055907939438,89.0,0.089,103.0,35587.0,51.0,52.0,42.0,47.0,22179.0,23708.0,222.0,419.0,578.0,381.0,35587.0,355.86999999999944,100.0,1000,4,996,0.12442224996630102,891,0,0,0,0,0,0,0,0,0,0,0,0,1,0,5,48,0,0,0,0,0,0,0,1,0,1,0,0,0,0,1,52,0.9883013963699341,0.010536191053688526,1.9811261892318726,0.5162702798843384,0.024789
195,46368.0,2287.0,48655.0,48655.0,0.9529955811324633,42.0,0.042,116.0,34768.0,57.0,59.0,23.0,19.0,23560.0,22808.0,126.0,701.0,674.0,99.0,34768.0,347.6800000000002,100.0,1000,4,996,0.11165124992839992,882,0,0,0,0,0,1,0,0,1,0,0,1,2,2,1,49,0,1,1,0,0,0,0,0,2,0,0,0,0,0,1,56,1.412536859512329,0.033264365047216415,2.7815322875976562,0.46416762471199036,0.024762
196,45398.0,3901.0,49299.0,49299.0,0.9208706058946429,74.0,0.074,106.0,34798.0,52.0,54.0,32.0,42.0,22583.0,22815.0,95.5,675.0,704.5,125.0,34798.0,347.9799999999999,100.0,1000,0,1000,0.11247308296151459,886,0,0,1,0,0,0,0,1,1,0,0,2,0,2,3,45,0,0,0,0,0,0,0,0,0,1,1,1,0,0,0,56,0.9130956530570984,0.029932914301753044,1.7960848808288574,0.6015656590461731,0.024735
197,45982.0,3618.0,49600.0,49600.0,0.9270564516129032,75.0,0.075,123.0,33682.0,64.0,59.0,43.0,32.0,22898.0,23084.0,545.0,486.625,255.0,313.375,33682.0,336.82,100.0,1000,10,990,0.12288695794995874,871,0,0,0,0,1,0,1,1,1,1,1,0,2,2,2,55,1,0,0,0,0,1,1,0,0,0,0,0,1,0,2,56,0.8235013484954834,-0.07206039875745773,1.8191030025482178,0.5662040710449219,0.024708
198,46301.0,2475.0,48776.0,48776.0,0.9492578317205183,42.0,0.042,123.0,34001.0,61.0,62.0,20.0,22.0,22125.0,24176.0,690.0,375.0,110.0,425.0,34001.0,340.01000000000084,100.0,1000,2,998,0.1099048750475049,870,0,0,1,0,0,0,0,1,1,1,0,0,1,3,2,51,0,0,0,0,0,0,0,0,0,0,0,0,0,0,1,68,0.6948761940002441,-0.027199674397706985,1.46955406665802,0.5146136283874512,0.024680999999999998
199,46547.0,2824.0,49371.0,49371.0,0.9428004294018756,50.0,0.05,118.0,34747.0,67.0,51.0,12.0,38.0,22440.0,24107.0,783.0,448.0,17.0,352.0,34747.0,347.4700000000004,100.0,1000,9,991,0.10793470893986523,876,0,0,0,0,0,0,0,1,1,1,0,2,3,1,1,60,0,0,1,0,0,0,0,1,0,0,1,0,0,0,0,51,1.8656244277954102,0.06789927929639816,3.623749256134033,0.5739181637763977,0.024654
200,45478.0,3404.0,48882.0,48882.0,0.9303629147743546,63.0,0.063,121.0,33378.0,63.0,58.0,23.0,40.0,23776.0,21702.0,691.0,715.0,109.0,85.0,33378.0,333.77999999999986,100.0,1000,7,993,0.10763999994378537,869,0,0,1,0,0,0,0,1,0,0,3,1,0,2,0,58,0,1,0,0,0,0,0,0,0,0,0,0,1,0,3,60,1.2939441204071045,-0.03057519532740116,2.6735663414001465,0.4979839622974396,0.024627
201,46799.0,3000.0,49799.0,49799.0,0.9397578264623787,58.0,0.058,120.0,34799.0,57.0,63.0,33.0,25.0,23138.0,23661.0,762.0,505.0,38.0,295.0,34799.0,347.99000000000007,100.0,1000,7,993,0.11025849997531623,874,0,0,0,0,0,0,0,1,0,0,1,1,2,0,3,53,0,0,0,0,0,0,1,0,0,0,0,0,2,0,0,62,0.8527615666389465,0.03695252165198326,1.6552647352218628,0.4806211590766907,0.024599999999999997
202,43792.0,5036.0,48828.0,48828.0,0.8968624559678873,89.0,0.089,103.0,33492.0,50.0,53.0,42.0,47.0,22544.0,21248.0,768.0,597.0,32.0,203.0,33492.0,334.91999999999973,100.0,1000,5,995,0.1073780000442639,892,0,0,0,0,0,0,0,0,1,0,0,0,2,3,2,43,0,1,0,0,0,1,1,0,0,0,0,0,0,0,0,54,1.086931586265564,0.001863570068962872,2.1980702877044678,0.5683922171592712,0.024572999999999998
203,46539.0,4562.0,51101.0,51101.0,0.9107258174986791,75.0,0.075,117.0,34839.0,60.0,57.0,21.0,54.0,23802.0,22737.0,424.0,633.0,376.0,167.0,34839.0,348.3899999999998,100.0,1000,3,997,0.10705016693100333,879,0,0,0,0,0,0,0,0,0,0,0,2,4,1,3,52,0,0,0,0,0,0,0,0,0,0,1,0,0,0,1,57,1.14045250415802,0.03184439241886139,2.24161696434021,0.497042715549469,0.024546
204,44746.0,4747.0,49493.0,49493.0,0.9040874467096357,94.0,0.094,102.0,34546.0,62.0,40.0,43.0,51.0,23856.0,20890.0,626.0,655.0,174.0,145.0,34546.0,345.4599999999996,100.0,1000,2,998,0.10832758399192244,891,0,0,0,0,0,0,0,0,0,1,1,1,1,3,0,60,0,0,0,0,0,0,0,0,0,0,1,0,0,0,0,41,1.061550498008728,0.0016462762141600251,2.1457083225250244,0.528160572052002,0.024519
205,46492.0,3412.0,49904.0,49904.0,0.9316287271561398,65.0,0.065,109.0,35592.0,57.0,52.0,36.0,29.0,23699.0,22793.0,557.0,742.0,243.0,58.0,35592.0,355.92000000000013,100.0,1000,5,995,0.11079129099380225,888,0,0,0,0,0,1,0,0,1,0,0,1,1,2,3,50,0,0,0,0,0,0,1,0,0,0,0,0,2,0,1,49,0.7611333131790161,-0.04674350842833519,1.6386829614639282,0.468097060918808,0.024492
206,44862.0,4691.0,49553.0,49553.0,0.9053336831271568,88.0,0.088,96.0,35262.0,48.0,48.0,57.0,31.0,22189.0,22673.0,184.0,497.0,64.0,60.0,35262.0,352.62000000000035,100.0,1000,6,994,0.10742804105393589,900,0,0,0,0,0,0,0,1,1,1,2,3,0,1,1,41,0,1,0,0,0,0,0,0,1,0,0,0,0,0,1,46,1.6793147325515747,0.047215647995471954,3.288879632949829,0.5044277906417847,0.024465
207,45980.0,4682.0,50662.0,50662.0,0.9075835932256918,76.0,0.076,104.0,35580.0,54.0,50.0,21.0,55.0,23357.0,22623.0,632.0,680.0,168.0,120.0,35580.0,355.79999999999933,100.0,1000,5,995,0.11071258410811424,892,0,0,0,0,0,0,0,3,1,1,0,0,1,1,2,47,0,1,0,0,0,0,0,0,0,0,0,1,2,0,1,47,0.9931764602661133,-0.02795608527958393,2.064103364944458,0.4468082785606384,0.024438
208,46901.0,3909.0,50810.0,50810.0,0.9230663255264712,63.0,0.063,103.0,36601.0,54.0,49.0,18.0,45.0,22744.0,24157.0,401.0,691.0,399.0,109.0,36601.0,366.0100000000001,100.0,1000,3,997,0.10764108307193965,892,0,0,0,0,0,0,0,1,0,0,0,1,1,1,2,50,0,0,0,0,0,0,0,0,2,0,0,0,0,0,0,50,0.55814129114151,-0.015954317525029182,1.1675893068313599,0.39732396602630615,0.024411
209,45188.0,5029.0,50217.0,50217.0,0.8998546309018858,78.0,0.078,93.0,35888.0,51.0,42.0,17.0,61.0,24091.0,21097.0,205.0,247.0,0.0,553.0,35888.0,358.8800000000001,100.0,1000,3,997,0.11030170891899616,899,0,0,0,0,0,0,0,0,1,0,0,0,2,1,3,49,0,0,0,1,0,0,0,0,2,0,0,0,0,0,1,41,0.9636121392250061,-0.006970797199755907,1.961535096168518,0.4176740050315857,0.024384
210,43303.0,6479.0,49782.0,49782.0,0.8698525571491704,125.0,0.125,92.0,34103.0,50.0,42.0,54.0,71.0,22546.0,20757.0,391.0,305.0,409.0,12.0,34103.0,341.02999999999975,100.0,1000,5,995,0.10848325002007186,902,1,0,0,0,0,2,0,1,0,1,1,1,2,1,4,39,0,0,0,0,0,0,0,0,0,0,0,0,1,0,1,43,1.4338819980621338,0.11027487367391586,2.6716339588165283,0.5012878775596619,0.024357
211,43728.0,5107.0,48835.0,48835.0,0.8954233643902938,100.0,0.1,95.0,34228.0,55.0,40.0,17.0,83.0,22694.0,21034.0,708.0,277.0,92.0,523.0,34228.0,342.2799999999998,100.0,1000,4,996,0.10789787501562387,900,0,0,1,0,0,0,0,0,0,0,1,3,3,4,2,42,0,0,0,0,0,0,0,0,2,0,0,0,0,0,2,40,0.8919024467468262,-0.07073211669921875,1.9500724077224731,0.5097251534461975,0.024329999999999997
212,45668.0,4696.0,50364.0,50364.0,0.9067587959653721,95.0,0.095,103.0,35368.0,50.0,53.0,48.0,47.0,23499.0,22169.0,752.0,748.0,48.0,52.0,35368.0,353.6799999999999,100.0,1000,3,997,0.11086554196663201,891,0,0,0,0,0,0,0,1,0,1,0,2,1,0,3,44,0,0,0,0,0,0,0,0,1,0,0,0,1,0,0,55,1.5228984355926514,0.02658829838037491,3.016493797302246,0.49116483330726624,0.024302999999999998
213,44389.0,6354.0,50743.0,50743.0,0.8747807579370553,119.0,0.119,91.0,35289.0,44.0,47.0,56.0,63.0,21652.0,22737.0,328.0,613.0,472.0,187.0,35289.0,352.88999999999965,100.0,1000,1,999,0.10842987499199808,904,0,0,1,0,0,0,0,1,0,0,0,0,1,2,2,39,0,0,0,0,0,0,0,0,1,0,0,0,1,0,0,48,0.7975508570671082,-0.0034252344630658627,1.6268402338027954,0.512606143951416,0.024276
214,46521.0,3482.0,50003.0,50003.0,0.930364178149311,64.0,0.064,104.0,36121.0,52.0,52.0,15.0,49.0,22671.0,23850.0,558.0,46.0,242.0,754.0,36121.0,361.2100000000008,100.0,1000,2,998,0.10831724992021918,891,0,0,0,0,0,0,0,0,1,0,2,0,1,0,0,52,0,0,0,0,0,0,0,0,1,0,1,0,1,0,2,48,0.7180799841880798,-0.051794275641441345,1.5652681589126587,0.5261988043785095,0.024249
215,44507.0,3874.0,48381.0,48381.0,0.9199272441660983,62.0,0.062,102.0,34307.0,51.0,51.0,37.0,25.0,22988.0,21519.0,434.0,193.0,366.0,0.0,34307.0,343.06999999999977,100.0,1000,1,999,0.10748125007376075,889,0,0,0,0,0,0,0,1,1,0,1,0,3,1,3,46,0,0,0,0,0,0,0,0,0,0,1,0,2,0,3,49,1.4778869152069092,-0.03499535098671913,3.0518925189971924,0.5393471717834473,0.024222
216,46780.0,3071.0,49851.0,49851.0,0.93839642133558,56.0,0.056,119.0,34880.0,64.0,55.0,26.0,30.0,24437.0,22343.0,715.0,671.0,85.0,129.0,34880.0,348.8000000000002,100.0,1000,3,997,0.1070257080718875,877,0,0,0,0,0,0,0,1,2,0,0,0,2,3,2,57,0,0,0,0,0,0,0,0,1,0,0,0,1,0,0,54,0.5038353204727173,-0.16759277880191803,1.3689550161361694,0.5393438339233398,0.024194999999999998
217,46925.0,2596.0,49521.0,49521.0,0.9475777952787706,52.0,0.052,116.0,35325.0,53.0,63.0,33.0,19.0,23194.0,23731.0,664.0,220.75,136.0,579.25,35325.0,353.2499999999995,100.0,1000,5,995,0.10726012499071658,876,0,0,0,0,0,0,0,0,0,0,1,0,0,3,0,51,0,1,0,0,0,0,0,0,1,1,0,0,1,0,0,65,0.43090251088142395,-0.04657925292849541,0.9785566926002502,0.4881078004837036,0.024168
218,47554.0,5264.0,52818.0,52818.0,0.9003370063236018,80.0,0.08,118.0,35754.0,66.0,52.0,26.0,54.0,25147.0,22407.0,16.0,595.0,22.0,205.0,35754.0,357.5400000000005,100.0,1000,4,996,0.10795020801015198,877,0,0,0,0,1,0,0,1,0,0,0,0,1,2,5,58,0,0,0,0,0,0,0,0,1,0,1,0,1,0,0,52,1.5082207918167114,0.02588309906423092,2.9899277687072754,0.5230185389518738,0.024141
219,46873.0,3184.0,50057.0,50057.0,0.9363925125357093,59.0,0.059,111.0,35773.0,55.0,56.0,25.0,34.0,21732.0,25141.0,333.0,609.0,467.0,191.0,35773.0,357.73,100.0,1000,4,996,0.11814124998636544,885,0,0,1,0,1,0,0,0,0,0,0,2,0,0,7,45,0,0,0,0,0,0,0,0,0,0,1,0,1,0,0,57,0.56006920337677,-0.0426030233502388,1.2288602590560913,0.4875977039337158,0.024114
220,46320.0,3100.0,49420.0,49420.0,0.9372723593686767,51.0,0.051,103.0,36020.0,55.0,48.0,20.0,31.0,24848.0,21472.0,100.0,553.0,0.0,247.0,36020.0,360.19999999999914,100.0,1000,4,996,0.10810233396477997,889,0,0,0,0,0,1,0,0,1,1,0,1,0,2,2,51,0,0,0,0,1,0,0,0,0,0,0,0,1,0,1,49,0.9836664199829102,-0.03952315077185631,2.0698487758636475,0.4871845543384552,0.024086999999999997
221,47532.0,1707.0,49239.0,49239.0,0.9653323584963139,23.0,0.023,109.0,36632.0,54.0,55.0,12.0,11.0,23060.0,24472.0,40.0,548.0,48.0,252.0,36632.0,366.32000000000056,100.0,1000,2,998,0.10878995805978775,887,0,0,0,0,0,0,0,0,1,0,0,0,0,1,4,51,0,0,0,0,0,0,0,0,0,0,0,0,1,0,0,55,1.258472204208374,0.049346160143613815,2.4398648738861084,0.4491446912288666,0.024059999999999998
222,45665.0,3796.0,49461.0,49461.0,0.923252663714846,70.0,0.07,107.0,34965.0,49.0,58.0,47.0,23.0,22822.0,22843.0,653.0,438.0,147.0,46.0,34965.0,349.6499999999995,100.0,1000,0,1000,0.10792308289092034,891,0,0,0,0,0,0,1,0,0,1,0,2,1,2,3,39,0,0,0,0,0,0,0,0,1,0,0,0,0,0,0,59,1.0083962678909302,0.0485873706638813,1.943838357925415,0.5038977265357971,0.024033
223,46041.0,2076.0,48117.0,48117.0,0.9568551655340108,36.0,0.036,107.0,35341.0,52.0,55.0,12.0,24.0,22250.0,23791.0,289.0,693.0,511.0,107.0,35341.0,353.4100000000006,100.0,1000,4,996,0.10656454099807888,888,0,0,0,0,0,0,0,0,0,0,0,0,0,0,1,53,0,1,0,0,0,0,0,0,0,0,0,0,1,1,2,53,1.696341633796692,0.0634365826845169,3.2873709201812744,0.4490743577480316,0.024006
224,44834.0,4310.0,49144.0,49144.0,0.9122985511964838,76.0,0.076,114.0,33434.0,56.0,58.0,23.0,53.0,22627.0,22207.0,24.0,761.0,0.0,39.0,33434.0,334.3400000000002,100.0,1000,3,997,0.11065016698557884,882,0,0,0,0,0,0,0,0,0,0,0,2,0,0,0,55,0,0,0,0,0,0,0,0,0,1,1,0,3,0,1,55,1.3219655752182007,-0.04078609123826027,2.7494006156921387,0.49829232692718506,0.023979
225,45783.0,2725.0,48508.0,48508.0,0.9438236991836398,47.0,0.047,112.0,34583.0,57.0,55.0,25.0,22.0,23071.0,22712.0,379.0,468.0,421.0,0.0,34583.0,345.8300000000002,100.0,1000,3,997,0.10738037491682917,885,0,0,0,0,0,0,1,0,0,0,1,0,0,2,0,54,0,0,0,0,1,0,0,0,1,0,0,0,1,0,0,54,1.063744068145752,0.0023282242473214865,2.1451478004455566,0.4658517837524414,0.023951999999999998
226,47010.0,3524.0,50534.0,50534.0,0.9302647722325563,62.0,0.062,106.0,36410.0,56.0,50.0,45.0,17.0,24686.0,22324.0,737.0,552.0,63.0,248.0,36410.0,364.09999999999997,100.0,1000,4,996,0.10699812497477978,890,0,0,0,0,0,0,0,0,0,2,1,0,0,5,0,49,0,0,1,0,0,0,0,0,0,0,0,0,4,1,1,46,0.9764437079429626,-0.005409614648669958,1.9880467653274536,0.5086750388145447,0.023925
227,47359.0,4800.0,52159.0,52159.0,0.9079736958147204,74.0,0.074,110.0,36359.0,67.0,43.0,30.0,44.0,25421.0,21938.0,393.0,560.0,0.0,240.0,36359.0,363.5899999999994,100.0,1000,1,999,0.10737154097296298,881,0,0,0,0,0,0,0,0,0,0,0,2,0,4,2,65,0,0,0,0,0,0,0,0,1,0,1,0,1,0,0,43,1.7522401809692383,0.03226613625884056,3.46463680267334,0.5165412425994873,0.023898
228,47848.0,2386.0,50234.0,50234.0,0.9525022892861409,41.0,0.041,111.0,36748.0,56.0,55.0,27.0,14.0,23701.0,24147.0,376.0,19.0,424.0,781.0,36748.0,367.4799999999995,100.0,1000,1,999,0.10796912503428757,886,0,0,0,0,0,0,1,1,0,1,0,0,1,0,1,51,0,0,0,0,0,0,0,1,0,0,0,0,3,0,0,54,0.5464648008346558,-0.019053936004638672,1.1558517217636108,0.5197572112083435,0.023871
229,48110.0,1233.0,49343.0,49343.0,0.9750116531220234,24.0,0.024,134.0,34710.0,68.0,66.0,17.0,7.0,24139.0,23971.0,739.0,509.0,61.0,291.0,34710.0,347.0999999999999,100.0,1000,1,999,0.11026729200966656,854,0,0,0,0,0,0,0,0,0,1,0,2,1,3,3,63,0,0,0,0,0,0,0,0,0,0,2,0,1,0,0,70,1.1633299589157104,-0.0019935595337301493,2.3579795360565186,0.5731546878814697,0.023843999999999997
230,49155.0,1532.0,50687.0,50687.0,0.9697752875490757,28.0,0.028,141.0,35055.0,73.0,68.0,14.0,14.0,24540.0,24615.0,613.0,663.0,187.0,137.0,35055.0,350.55,100.0,1000,3,997,0.10751520795747638,854,0,0,1,0,0,0,0,0,0,0,1,2,0,0,2,70,0,1,0,0,0,2,0,0,1,0,0,0,2,0,0,64,1.4607714414596558,0.012642270885407925,2.920186758041382,0.5023376941680908,0.023816999999999998
231,47211.0,1688.0,48899.0,48899.0,0.9654798666639399,30.0,0.03,127.0,34511.0,62.0,65.0,10.0,20.0,23624.0,23587.0,411.0,204.0,22.0,596.0,34511.0,345.10999999999956,100.0,1000,5,995,0.11196516698691994,870,0,0,0,0,0,0,0,0,0,0,0,1,0,0,3,58,0,0,0,0,0,0,0,0,2,1,0,0,2,0,0,63,0.49498459696769714,-0.06162426620721817,1.135706901550293,0.47265928983688354,0.02379
232,47692.0,2075.0,49767.0,49767.0,0.9583057045833584,38.0,0.038,116.0,36092.0,56.0,60.0,21.0,17.0,23962.0,23730.0,214.0,532.0,586.0,268.0,36092.0,360.92000000000047,100.0,1000,2,998,0.10805595794226974,877,0,0,0,0,0,0,0,0,0,1,0,0,1,1,3,51,0,0,0,1,0,0,0,0,0,0,0,0,3,0,0,62,0.9020815491676331,-0.02544189803302288,1.8789104223251343,0.5021159648895264,0.023763
233,47316.0,2240.0,49556.0,49556.0,0.9547986116716441,38.0,0.038,109.0,36416.0,60.0,49.0,15.0,23.0,24032.0,23284.0,319.0,603.0,481.0,197.0,36416.0,364.15999999999946,100.0,1000,2,998,0.1071441249223426,885,0,0,0,0,0,0,0,2,1,2,0,0,1,0,4,54,0,0,0,0,0,0,0,0,0,0,0,0,0,0,2,49,1.0725538730621338,0.06825889647006989,2.032896041870117,0.5120102167129517,0.023736
234,48821.0,1480.0,50301.0,50301.0,0.9705771257032664,26.0,0.026,115.0,37321.0,65.0,50.0,7.0,19.0,26525.0,22296.0,750.0,164.0,9.75,636.0,37321.0,373.21000000000043,100.0,1000,6,994,0.11022200004663318,882,0,0,0,0,1,1,0,1,0,1,1,0,1,2,1,57,0,0,0,0,0,0,0,0,1,0,0,0,2,0,1,48,1.230264663696289,0.007419228553771973,2.4698004722595215,0.5084474086761475,0.023708999999999997
235,47854.0,2066.0,49920.0,49920.0,0.958613782051282,39.0,0.039,107.0,37154.0,61.0,46.0,10.0,29.0,24101.0,23753.0,366.0,487.0,434.0,313.0,37154.0,371.5399999999994,100.0,1000,4,996,0.10823387501295656,888,0,0,0,0,0,0,0,0,1,1,0,0,3,1,1,55,0,0,0,0,0,0,0,0,0,0,0,0,3,0,0,47,1.554490566253662,0.09689255058765411,2.939734935760498,0.5180915594100952,0.023681999999999998
236,48274.0,1509.0,49783.0,49783.0,0.9696884478637285,28.0,0.028,120.0,36274.0,70.0,50.0,6.0,22.0,25036.0,23238.0,586.0,445.0,214.0,355.0,36274.0,362.73999999999927,100.0,1000,1,999,0.11030920792836696,875,0,0,0,0,0,1,0,0,1,0,2,2,1,2,2,63,0,0,0,0,0,0,0,0,0,0,0,0,0,0,0,51,0.7040348649024963,-0.029077833518385887,1.4896191358566284,0.49447718262672424,0.023655
237,47663.0,2539.0,50202.0,50202.0,0.9494243257240748,40.0,0.04,119.0,35763.0,53.0,66.0,30.0,10.0,22408.0,25255.0,500.0,741.0,300.0,59.0,35763.0,357.6299999999991,100.0,1000,4,996,0.10986912494990975,876,0,0,0,0,1,0,0,1,0,0,0,2,0,2,2,49,0,0,0,0,0,0,0,0,0,0,0,0,1,0,2,64,1.4762777090072632,0.0897376611828804,2.7942864894866943,0.4487575590610504,0.023628
238,48636.0,2920.0,51556.0,51556.0,0.9433625572193343,40.0,0.04,110.0,37636.0,58.0,52.0,21.0,19.0,23519.0,25117.0,800.0,580.0,0.0,220.0,37636.0,376.3600000000002,100.0,1000,4,996,0.11184999998658895,885,0,0,0,0,0,0,0,0,1,0,0,2,4,0,2,52,0,0,0,1,0,0,0,0,0,0,0,0,2,0,1,50,1.384162187576294,0.011366556398570538,2.76820969581604,0.4791850745677948,0.023601
239,47757.0,1861.0,49618.0,49618.0,0.9624934499576766,26.0,0.026,118.0,35957.0,63.0,55.0,6.0,20.0,24784.0,22973.0,446.0,227.0,57.0,0.0,35957.0,359.5700000000003,100.0,1000,3,997,0.10821595799643546,879,0,0,0,0,0,0,0,0,2,1,0,1,0,0,2,58,0,0,0,0,0,0,0,0,0,0,0,0,4,0,0,53,1.7396268844604492,0.12600547075271606,3.247797727584839,0.4359697997570038,0.023573999999999998
240,46623.0,2612.0,49235.0,49235.0,0.9469483091296842,36.0,0.036,105.0,36123.0,56.0,49.0,15.0,21.0,23438.0,23185.0,524.0,300.0,276.0,500.0,36123.0,361.2300000000001,100.0,1000,2,998,0.11090824997518212,888,0,0,0,0,0,0,1,0,0,0,0,1,2,0,2,54,0,0,0,0,0,0,0,0,0,0,1,0,1,0,1,49,1.5134443044662476,0.08597595989704132,2.878006935119629,0.4898785948753357,0.023547
241,47374.0,1949.0,49323.0,49323.0,0.9604849664456744,34.0,0.034,115.0,35874.0,50.0,65.0,22.0,12.0,22367.0,25007.0,757.0,594.0,43.0,206.0,35874.0,358.74,100.0,1000,2,998,0.10837104090023786,876,0,0,0,0,0,1,0,1,0,1,1,0,1,2,2,45,0,0,0,0,0,0,0,0,0,0,0,0,4,0,1,65,0.5150498151779175,-0.066255122423172,1.1866337060928345,0.5107104182243347,0.02352
242,48530.0,1123.0,49653.0,49653.0,0.9773830382857028,18.0,0.018,117.0,36830.0,53.0,64.0,8.0,10.0,22685.0,25845.0,508.0,608.0,292.0,192.0,36830.0,368.3000000000002,100.0,1000,1,999,0.10965812508948147,878,0,0,0,0,0,0,0,0,1,2,1,2,0,2,1,46,0,0,0,0,0,0,0,0,0,1,0,0,2,0,2,62,1.0374958515167236,-0.04566999152302742,2.187851667404175,0.4580071270465851,0.023493
243,48536.0,2121.0,50657.0,50657.0,0.9581301695718262,32.0,0.032,119.0,36636.0,57.0,62.0,17.0,15.0,23366.0,25170.0,574.0,467.0,226.0,333.0,36636.0,366.3599999999993,100.0,1000,2,998,0.10992104199249297,876,0,0,0,0,0,0,1,0,0,0,3,0,1,0,1,51,0,0,0,0,0,0,1,0,1,1,0,1,2,0,2,59,0.7860270738601685,-0.04201125726103783,1.6778877973556519,0.46473780274391174,0.023466
244,44469.0,2263.0,46732.0,46732.0,0.9515749379440213,35.0,0.035,100.0,34469.0,47.0,53.0,25.0,10.0,22313.0,22156.0,750.0,4.0,50.0,796.0,34469.0,344.69000000000034,100.0,1000,2,998,0.10932116699405015,895,0,0,0,0,0,1,0,0,0,0,0,0,1,0,1,46,0,0,0,0,0,0,0,0,1,0,0,0,1,0,0,54,0.9228623509407043,0.0384599007666111,1.7896649837493896,0.44498634338378906,0.023438999999999998
245,48020.0,1832.0,49852.0,49852.0,0.9632512236219208,34.0,0.034,106.0,37420.0,46.0,60.0,15.0,19.0,23042.0,24978.0,129.0,478.0,671.0,0.0,37420.0,374.20000000000056,100.0,1000,0,1000,0.107222874998115,889,0,0,0,0,0,0,0,0,0,0,0,0,1,2,4,41,0,0,0,0,0,0,0,0,0,0,1,1,0,0,1,60,1.3052135705947876,0.10029702633619308,2.4318034648895264,0.46920832991600037,0.023412
246,45807.0,2668.0,48475.0,48475.0,0.9449613202681795,51.0,0.051,114.0,34407.0,62.0,52.0,21.0,30.0,22879.0,22928.0,698.0,532.0,102.0,268.0,34407.0,344.07000000000016,100.0,1000,4,996,0.10909008304588497,883,0,0,1,0,0,0,0,0,0,1,0,1,1,3,3,53,0,0,0,0,0,0,0,0,0,0,0,0,3,0,0,51,0.2777208387851715,-0.10332471132278442,0.7846007347106934,0.48128393292427063,0.023385
247,50003.0,2224.0,52227.0,52227.0,0.9574166618798705,33.0,0.033,117.0,38303.0,56.0,61.0,15.0,18.0,25784.0,24219.0,137.0,644.0,663.0,41.0,38303.0,383.03000000000014,100.0,1000,2,998,0.11047312500886619,878,1,0,0,0,0,0,0,0,1,0,1,2,0,0,1,52,0,0,0,0,0,0,0,0,0,0,0,0,2,0,1,61,0.986187219619751,-0.09936235100030899,2.1941096782684326,0.4925607740879059,0.023358
248,47049.0,2285.0,49334.0,49334.0,0.9536830583370495,44.0,0.044,109.0,36149.0,58.0,51.0,25.0,19.0,23611.0,23438.0,30.0,387.0,0.0,413.0,36149.0,361.4899999999997,100.0,1000,3,997,0.10854325001128018,887,0,0,0,0,0,0,0,0,2,1,0,4,2,1,3,47,0,0,0,0,0,0,0,0,0,1,0,0,2,0,0,50,0.41447150707244873,-0.07475828379392624,0.9999280571937561,0.4600849747657776,0.023330999999999998
249,47906.0,2788.0,50694.0,50694.0,0.9450033534540577,53.0,0.053,108.0,37106.0,50.0,58.0,30.0,23.0,24354.0,23552.0,76.0,512.0,724.0,288.0,37106.0,371.0599999999998,100.0,1000,4,996,0.10833087493665516,888,0,1,0,0,0,0,0,0,0,0,0,0,2,0,2,48,0,0,0,0,0,1,1,0,0,0,0,0,2,0,1,54,0.9015829563140869,-0.05454445630311966,1.9339678287506104,0.46586576104164124,0.023304
250,47747.0,5264.0,53011.0,53011.0,0.900699854747128,86.0,0.086,96.0,38147.0,51.0,45.0,26.0,60.0,24441.0,23306.0,708.4375,642.0,91.5625,158.0,38147.0,381.46999999999963,100.0,1000,4,996,0.12419562495779246,903,0,0,0,0,1,0,0,0,0,0,0,1,1,0,1,47,0,0,0,0,0,0,0,0,0,0,0,0,2,0,0,44,0.9428291320800781,-0.007617033552378416,1.9260624647140503,0.5406635999679565,0.023277
251,46763.0,2959.0,49722.0,49722.0,0.9404891195044447,46.0,0.046,116.0,35163.0,62.0,54.0,17.0,29.0,24829.0,21934.0,147.0,764.0,60.0,36.0,35163.0,351.6299999999996,100.0,1000,2,998,0.10887724999338388,882,0,0,0,0,0,0,1,0,1,0,1,1,2,0,0,57,0,0,0,0,0,0,0,0,1,0,0,0,0,0,1,53,0.8034339547157288,-0.05277885124087334,1.7343302965164185,0.4710676968097687,0.02325
252,47085.0,2699.0,49784.0,49784.0,0.9457857946328138,49.0,0.049,111.0,35985.0,56.0,55.0,34.0,15.0,23767.0,23318.0,506.0,405.0,294.0,395.0,35985.0,359.8500000000001,100.0,1000,3,997,0.10950208303984255,881,0,0,0,0,0,0,0,0,1,1,1,1,2,1,3,49,1,0,0,0,0,0,1,0,1,0,0,0,1,0,1,55,1.0271153450012207,0.026069505140185356,2.0248525142669678,0.49005258083343506,0.023223
253,46325.0,2537.0,48862.0,48862.0,0.9480782612254922,44.0,0.044,101.0,36225.0,54.0,47.0,27.0,17.0,24607.0,21718.0,687.0,609.0,113.0,191.0,36225.0,362.2499999999994,100.0,1000,2,998,0.11072108300868422,892,0,0,0,0,0,0,0,0,2,0,0,0,3,0,1,54,0,0,0,0,0,0,0,0,0,0,1,0,0,0,1,46,0.31401339173316956,-0.13415075838565826,0.9192960858345032,0.49508044123649597,0.023195999999999998
254,47902.0,2473.0,50375.0,50375.0,0.950908188585608,50.0,0.05,117.0,36202.0,73.0,44.0,12.0,38.0,25870.0,22032.0,211.0,731.0,0.0,69.0,36202.0,362.0199999999999,100.0,1000,2,998,0.10862399998586625,879,0,0,0,0,0,1,0,0,1,0,0,1,2,1,3,65,0,0,0,0,0,0,0,0,0,0,0,0,2,1,0,44,0.8973613977432251,-0.04680982604622841,1.9096628427505493,0.4601040184497833,0.023169
255,47780.0,2570.0,50350.0,50350.0,0.9489572989076465,37.0,0.037,110.0,36780.0,59.0,51.0,18.0,19.0,22507.0,25273.0,395.0,118.0,405.0,0.0,36780.0,367.8000000000011,100.0,1000,3,997,0.11098612507339567,888,0,0,0,0,0,0,0,0,0,0,1,0,2,0,2,56,0,0,0,0,0,0,0,0,0,0,0,0,1,0,1,49,1.181732416152954,0.016673170030117035,2.3523306846618652,0.4799116849899292,0.023142
256,48508.0,1255.0,49763.0,49763.0,0.9747804593774491,22.0,0.022,107.0,37808.0,56.0,51.0,11.0,11.0,23960.0,24548.0,232.0,641.0,0.0,159.0,37808.0,378.0799999999998,100.0,1000,0,1000,0.11455950001254678,891,0,0,0,0,0,0,0,0,1,0,0,3,0,1,1,50,0,0,0,0,0,0,0,0,0,0,0,0,0,0,1,52,0.7486771941184998,0.009455496445298195,1.498368501663208,0.43099936842918396,0.023115
257,48230.0,1637.0,49867.0,49867.0,0.9671726793270099,34.0,0.034,110.0,37230.0,57.0,53.0,14.0,20.0,24310.0,23920.0,800.0,250.0,0.0,550.0,37230.0,372.29999999999995,100.0,1000,2,998,0.10832775000017136,887,0,0,0,0,0,1,0,1,0,0,0,0,1,0,3,53,0,0,0,0,1,0,0,0,0,0,0,0,2,0,1,50,1.1994222402572632,0.03929314762353897,2.3393654823303223,0.41379231214523315,0.023087999999999997
258,45811.0,4125.0,49936.0,49936.0,0.9173942646587632,69.0,0.069,105.0,35311.0,47.0,58.0,48.0,21.0,22805.0,23006.0,582.0,341.0,218.0,459.0,35311.0,353.1100000000002,100.0,1000,6,994,0.11270304198842496,891,0,0,0,0,0,0,0,0,2,0,0,1,3,1,3,39,0,1,0,0,0,1,0,0,0,0,0,0,1,0,1,56,1.6355077028274536,0.005600583739578724,3.282723903656006,0.4967191815376282,0.023060999999999998
259,47571.0,2733.0,50304.0,50304.0,0.9456703244274809,53.0,0.053,112.0,36371.0,56.0,56.0,29.0,24.0,23471.0,24100.0,276.0,518.0,524.0,0.0,36371.0,363.71000000000026,100.0,1000,7,993,0.10755324992351234,887,0,0,0,0,0,0,0,1,1,1,0,1,3,1,1,47,1,0,0,0,0,1,0,0,0,0,0,0,0,0,0,55,1.6885679960250854,0.05432915687561035,3.2875256538391113,0.41347724199295044,0.023034
260,48250.0,2453.0,50703.0,50703.0,0.9516202197108652,44.0,0.044,111.0,37150.0,56.0,55.0,21.0,23.0,25180.0,23070.0,317.75,746.0,482.25,30.0,37150.0,371.5000000000001,100.0,1000,1,999,0.11146820895373821,884,0,0,0,0,1,0,0,0,0,0,0,4,1,2,3,49,0,0,0,0,0,0,0,0,0,0,0,0,0,1,0,55,0.30306535959243774,-0.08877488970756531,0.8019216060638428,0.3964245319366455,0.023007
261,47240.0,2531.0,49771.0,49771.0,0.9491470936890961,49.0,0.049,104.0,36840.0,51.0,53.0,26.0,23.0,23429.0,23811.0,203.0,493.0,597.0,307.0,36840.0,368.3999999999996,100.0,1000,2,998,0.10858891706448048,893,0,0,0,0,0,0,0,0,0,0,1,0,1,1,2,49,0,1,2,0,0,0,0,1,0,0,0,0,1,0,1,47,1.3259412050247192,0.004633564502000809,2.6613123416900635,0.406808465719223,0.02298
262,45351.0,4268.0,49619.0,49619.0,0.913984562365223,81.0,0.081,96.0,35751.0,52.0,44.0,24.0,57.0,24072.0,21279.0,606.0,694.0,194.0,106.0,35751.0,357.51000000000016,100.0,1000,5,995,0.10721941699739546,901,0,0,0,0,0,0,0,0,1,0,0,0,2,1,1,47,0,0,1,0,0,0,0,0,0,0,0,0,0,0,0,46,0.6201505064964294,-0.012591495178639889,1.2878605127334595,0.4874418377876282,0.022952999999999998
263,48395.0,1790.0,50185.0,50185.0,0.9643319717046926,30.0,0.03,115.0,36895.0,63.0,52.0,10.0,20.0,23971.0,24424.0,589.0,504.0,211.0,296.0,36895.0,368.9500000000002,100.0,1000,1,999,0.10715183394495398,881,0,0,0,0,0,0,0,0,1,0,1,1,0,2,1,59,0,0,0,0,0,0,1,0,0,1,0,0,4,0,0,48,0.7244119644165039,-0.017269747331738472,1.5021154880523682,0.4089691638946533,0.022926
264,47345.0,2314.0,49659.0,49659.0,0.953402203024628,41.0,0.041,111.0,36245.0,51.0,60.0,29.0,12.0,23306.0,24039.0,422.0,506.3125,378.0,293.6875,36245.0,362.4500000000002,100.0,1000,1,999,0.1110594579949975,886,0,0,0,0,0,0,0,0,0,1,0,0,0,3,2,46,0,0,0,0,0,0,0,0,1,0,0,0,5,0,0,56,0.7842797636985779,-0.03748449683189392,1.663651704788208,0.4393876791000366,0.022899
265,47576.0,2153.0,49729.0,49729.0,0.9567053429588369,39.0,0.039,103.0,37276.0,53.0,50.0,21.0,18.0,23908.0,23668.0,549.0,800.0,251.0,0.0,37276.0,372.7599999999998,100.0,1000,1,999,0.10778345796279609,891,0,0,0,0,0,2,0,0,0,1,0,0,1,2,1,49,0,0,0,0,0,0,0,0,0,0,1,0,1,0,0,51,1.2169277667999268,0.06652133166790009,2.3203744888305664,0.4276285171508789,0.022871999999999997
266,48169.0,1833.0,50002.0,50002.0,0.9633414663413463,33.0,0.033,98.0,38369.0,49.0,49.0,15.0,18.0,24354.0,23815.0,800.0,41.0,0.0,759.0,38369.0,383.68999999999943,100.0,1000,2,998,0.10862262500450015,898,0,0,0,0,0,0,0,0,0,0,0,2,1,1,1,48,0,0,0,0,0,0,0,0,0,0,0,0,2,0,1,46,1.5142229795455933,0.0429946705698967,2.9599781036376953,0.38348475098609924,0.022844999999999997
267,47965.0,3946.0,51911.0,51911.0,0.923985282502745,75.0,0.075,102.0,37765.0,47.0,55.0,35.0,40.0,23430.0,24535.0,607.0,800.0,193.0,0.0,37765.0,377.6500000000003,100.0,1000,2,998,0.10736525000538677,890,0,0,0,0,0,0,0,0,0,0,0,0,1,2,1,44,0,0,1,0,0,2,0,0,0,0,2,0,1,0,0,56,1.4372293949127197,0.008359221741557121,2.8788557052612305,0.4626918137073517,0.022817999999999998
268,46833.0,2725.0,49558.0,49558.0,0.9450139230800274,39.0,0.039,100.0,36833.0,48.0,52.0,23.0,16.0,23956.0,22877.0,470.25,671.0,329.75,129.0,36833.0,368.33,100.0,1000,1,999,0.10743379103951156,900,0,0,0,0,0,0,0,0,1,0,0,1,1,1,2,42,0,0,1,0,0,0,0,0,0,0,1,0,2,0,0,48,1.6025748252868652,-0.014501571655273438,3.2554643154144287,0.4675445556640625,0.022791
269,48553.0,1638.0,50191.0,50191.0,0.9673646669721663,26.0,0.026,107.0,37853.0,52.0,55.0,15.0,11.0,23569.0,24984.0,637.0,536.0,163.0,264.0,37853.0,378.53000000000037,100.0,1000,0,1000,0.10861537500750273,891,0,0,0,0,0,0,0,0,0,0,0,0,1,1,1,50,0,0,0,0,0,0,0,0,1,0,0,0,3,0,0,52,1.506284475326538,0.07562236487865448,2.8795950412750244,0.40130648016929626,0.022764
270,46803.0,3061.0,49864.0,49864.0,0.9386130274346222,61.0,0.061,95.0,37303.0,45.0,50.0,22.0,39.0,22600.0,24203.0,221.0,553.0,579.0,247.0,37303.0,373.03,100.0,1000,0,1000,0.11075370793696493,904,0,0,0,0,0,1,0,0,0,0,0,0,1,1,2,41,0,0,0,0,0,0,0,0,0,0,0,0,3,0,1,46,1.2731587886810303,0.03013414703309536,2.5063140392303467,0.44563597440719604,0.022737
271,47162.0,2638.0,49800.0,49800.0,0.9470281124497992,51.0,0.051,98.0,37362.0,44.0,54.0,28.0,23.0,23089.0,24073.0,750.0,239.0,50.0,561.0,37362.0,373.61999999999995,100.0,1000,0,1000,0.1080025410046801,899,0,0,0,0,0,0,0,0,1,1,0,1,0,0,0,43,0,0,0,1,0,0,0,0,0,0,0,0,3,0,0,51,0.958423912525177,0.010342401452362537,1.9163734912872314,0.44496890902519226,0.022709999999999998
272,47190.0,2901.0,50091.0,50091.0,0.942085404563694,52.0,0.052,103.0,36890.0,46.0,57.0,37.0,15.0,23237.0,23953.0,237.0,584.0,0.0,216.0,36890.0,368.90000000000003,100.0,1000,0,1000,0.10823091701604426,893,0,0,0,0,0,1,0,0,0,0,0,1,1,0,0,44,0,0,0,0,0,0,0,0,0,0,0,0,2,0,0,58,1.4621284008026123,-0.02528870850801468,2.9931273460388184,0.4032372236251831,0.022683
273,48151.0,2933.0,51084.0,51084.0,0.9425847623522042,46.0,0.046,104.0,37751.0,46.0,58.0,32.0,14.0,23811.0,24340.0,718.0,526.0,82.0,274.0,37751.0,377.50999999999925,100.0,1000,2,998,0.11073829210363328,893,0,0,0,0,0,0,1,0,0,0,0,1,1,1,0,44,0,0,0,0,0,0,0,0,1,0,0,0,1,0,0,57,1.1267316341400146,-0.03323271498084068,2.3377268314361572,0.3927915096282959,0.022656
274,47751.0,2715.0,50466.0,50466.0,0.9462014029247414,47.0,0.047,96.0,38151.0,44.0,52.0,31.0,16.0,23977.0,23774.0,485.0,299.0,315.0,0.0,38151.0,381.5099999999992,100.0,1000,4,996,0.10922470805235207,900,1,0,1,0,0,0,0,0,1,0,0,1,0,1,1,41,0,0,0,0,0,0,0,0,0,0,0,1,2,0,2,48,1.2665618658065796,-0.007995329797267914,2.5683188438415527,0.42432916164398193,0.022628999999999996
275,47787.0,3437.0,51224.0,51224.0,0.9329025456817117,56.0,0.056,95.0,38287.0,47.0,48.0,16.0,40.0,22823.0,24964.0,734.0,386.0,66.0,414.0,38287.0,382.87000000000086,100.0,1000,3,997,0.10923370800446719,901,0,0,0,0,0,0,0,1,0,1,0,0,1,1,0,45,0,0,0,0,0,0,0,0,0,0,0,0,0,0,1,49,1.235457420349121,0.022502275183796883,2.4440526962280273,0.40134474635124207,0.022601999999999997
276,49107.0,1829.0,50936.0,50936.0,0.964092194125962,33.0,0.033,102.0,38907.0,48.0,54.0,16.0,17.0,23932.0,25175.0,542.0,361.0,258.0,439.0,38907.0,389.0700000000003,100.0,1000,1,999,0.10775158402975649,896,0,0,0,0,0,0,0,0,0,1,0,0,1,2,4,41,0,0,0,0,0,0,0,0,1,0,0,0,0,0,0,54,0.6692084670066833,-0.024063410237431526,1.405155062675476,0.41221049427986145,0.022574999999999998
277,47253.0,3273.0,50526.0,50526.0,0.9352214701341883,48.0,0.048,94.0,37853.0,51.0,43.0,19.0,29.0,25624.0,21629.0,454.0,327.0,346.0,473.0,37853.0,378.5300000000001,100.0,1000,2,998,0.10722166602499783,904,0,0,0,0,0,0,0,0,0,0,0,1,0,0,1,49,0,0,0,0,0,1,0,0,0,0,0,0,2,0,1,41,0.5160802006721497,-0.054096732288599014,1.1601006984710693,0.43788203597068787,0.022548
278,47201.0,2081.0,49282.0,49282.0,0.9577736293169921,37.0,0.037,104.0,36801.0,54.0,50.0,17.0,20.0,24646.0,22555.0,668.0,392.0,132.0,0.0,36801.0,368.01,100.0,1000,1,999,0.10801570897456259,889,0,0,0,0,0,1,0,0,0,0,0,0,0,0,2,54,0,0,0,0,0,0,0,0,2,0,0,0,2,0,0,50,1.1792210340499878,-0.013797699473798275,2.4049057960510254,0.41890719532966614,0.022521
279,46944.0,2017.0,48961.0,48961.0,0.958803945997835,38.0,0.038,109.0,36044.0,59.0,50.0,7.0,31.0,23557.0,23387.0,701.0,553.0,99.0,247.0,36044.0,360.44,100.0,1000,0,1000,0.10856033395975828,886,0,0,0,0,0,0,0,0,0,0,0,0,1,2,0,59,0,0,0,0,0,0,0,0,0,0,0,0,1,0,0,51,0.923443078994751,0.011841126717627048,1.842484474182129,0.428570032119751,0.022494
280,48595.0,2358.0,50953.0,50953.0,0.953722057582478,34.0,0.034,97.0,38895.0,46.0,51.0,12.0,22.0,23852.0,24743.0,689.0,530.0,111.0,270.0,38895.0,388.9500000000004,100.0,1000,2,998,0.1106925830245018,902,0,0,0,0,0,0,0,0,1,0,0,0,2,0,1,43,0,0,0,0,0,0,0,0,0,0,0,0,2,0,2,47,1.3101023435592651,-0.0017909181769937277,2.6442291736602783,0.4549475908279419,0.022466999999999997
281,48861.0,1414.0,50275.0,50275.0,0.9718746892093486,22.0,0.022,113.0,37561.0,58.0,55.0,13.0,9.0,25244.0,23617.0,627.0,415.6875,173.0,384.3125,37561.0,375.60999999999984,100.0,1000,2,998,0.10816466703545302,884,0,0,0,0,0,1,0,1,0,1,0,1,0,1,2,52,0,0,0,0,0,0,0,0,0,0,1,0,3,0,0,53,1.4204212427139282,-0.013413088396191597,2.887052536010742,0.4319065809249878,0.022439999999999998
282,47702.0,2756.0,50458.0,50458.0,0.9453803163026676,48.0,0.048,106.0,37102.0,59.0,47.0,19.0,29.0,26260.0,21442.0,646.0,3.0,154.0,59.0,37102.0,371.0200000000005,100.0,1000,2,998,0.11090316704940051,888,0,0,0,0,0,0,0,0,0,0,0,1,0,5,3,53,0,0,0,0,0,0,0,0,0,0,0,0,2,0,0,48,0.9410265684127808,0.024286368861794472,1.8521661758422852,0.4168529510498047,0.022413
283,49794.0,1653.0,51447.0,51447.0,0.9678698466382879,32.0,0.032,107.0,39094.0,54.0,53.0,11.0,21.0,24327.0,25467.0,597.0,749.0,203.0,51.0,39094.0,390.9400000000003,100.0,1000,4,996,0.10782783303875476,889,0,0,0,0,2,0,0,1,1,0,0,0,2,0,5,47,0,0,0,0,0,0,0,0,0,0,0,0,0,1,1,51,1.7669451236724854,0.06878257542848587,3.4157071113586426,0.43290579319000244,0.022386
284,48894.0,1655.0,50549.0,50549.0,0.9672594907911136,37.0,0.037,95.0,39394.0,47.0,48.0,15.0,22.0,24777.0,24117.0,192.0,199.0,0.0,601.0,39394.0,393.94000000000017,100.0,1000,1,999,0.11119666695594788,901,0,0,0,0,0,0,0,0,0,0,0,0,1,0,3,45,0,0,1,0,0,0,0,0,0,0,0,0,2,0,1,46,0.3088977634906769,-0.10249268263578415,0.8430123329162598,0.4524227976799011,0.022359
285,47690.0,2003.0,49693.0,49693.0,0.9596925120238263,35.0,0.035,106.0,37090.0,55.0,51.0,20.0,15.0,24412.0,23278.0,192.71875,659.0,607.28125,141.0,37090.0,370.9000000000009,100.0,1000,1,999,0.10739620798267424,888,0,0,0,0,0,0,0,1,1,1,0,1,1,1,6,46,0,0,0,0,0,0,0,0,0,0,1,0,0,0,1,52,1.2221119403839111,0.006166811566799879,2.451902151107788,0.44805461168289185,0.022331999999999998
286,48579.0,1333.0,49912.0,49912.0,0.9732929956723834,24.0,0.024,101.0,38479.0,52.0,49.0,7.0,17.0,23892.0,24687.0,643.0,263.0,157.0,537.0,38479.0,384.78999999999945,100.0,1000,2,998,0.10838574997615069,895,0,0,0,0,0,0,0,0,0,0,0,0,0,2,2,49,0,0,0,0,0,0,0,0,1,0,0,0,0,0,0,51,1.2473225593566895,0.015986649319529533,2.482196569442749,0.4376763701438904,0.022305
287,49107.0,1355.0,50462.0,50462.0,0.9731481114502002,24.0,0.024,105.0,38607.0,51.0,54.0,21.0,3.0,25287.0,23820.0,319.0,653.0,481.0,21.0,38607.0,386.0700000000007,100.0,1000,4,996,0.10838937503285706,889,0,0,0,0,0,0,1,0,0,0,0,0,3,1,1,47,0,0,0,0,0,0,1,0,1,0,0,0,0,0,0,56,1.1664481163024902,0.020520277321338654,2.309021234512329,0.38526126742362976,0.022278
288,47863.0,2036.0,49899.0,49899.0,0.9591975791098017,33.0,0.033,99.0,37963.0,49.0,50.0,25.0,8.0,25339.0,22524.0,70.0,767.0,730.0,33.0,37963.0,379.6300000000001,100.0,1000,0,1000,0.10827908292412758,894,0,0,0,0,0,0,0,0,0,0,1,0,0,0,2,47,0,0,0,0,0,0,0,0,1,0,0,0,0,0,2,53,0.42781928181648254,-0.04807654023170471,0.971741259098053,0.4482858180999756,0.022251
289,47594.0,1957.0,49551.0,49551.0,0.9605053379346532,34.0,0.034,101.0,37494.0,49.0,52.0,27.0,7.0,24882.0,22712.0,504.0,82.0,296.0,0.0,37494.0,374.9399999999995,100.0,1000,2,998,0.11036387493368238,896,0,0,0,0,0,0,0,0,0,0,0,1,1,0,2,46,0,0,0,0,0,0,0,0,0,0,2,0,3,0,0,49,1.1629674434661865,0.054384324699640274,2.236330986022949,0.4311729073524475,0.022224
290,47567.0,2402.0,49969.0,49969.0,0.9519301967219677,43.0,0.043,99.0,37667.0,55.0,44.0,19.0,24.0,23501.0,24066.0,447.0,536.0,353.0,264.0,37667.0,376.66999999999996,100.0,1000,2,998,0.10826754104346037,901,0,1,1,0,1,0,0,0,0,0,0,0,0,1,5,46,0,0,0,1,0,0,0,0,0,0,1,0,2,0,0,40,1.06419038772583,0.08405609428882599,1.980098843574524,0.4466845691204071,0.022197
291,48020.0,2434.0,50454.0,50454.0,0.9517580370238237,42.0,0.042,100.0,38020.0,53.0,47.0,16.0,26.0,24601.0,23419.0,457.0,235.0,343.0,565.0,38020.0,380.2000000000004,100.0,1000,2,998,0.12205949996132404,897,0,0,0,0,0,0,1,1,0,0,0,0,0,1,5,45,0,0,0,0,0,1,0,0,0,0,0,0,0,0,0,49,0.2871748208999634,-0.07920021563768387,0.7514451742172241,0.4216308891773224,0.02217
292,47513.0,1578.0,49091.0,49091.0,0.9678556150821943,22.0,0.022,104.0,37113.0,48.0,56.0,10.0,12.0,22869.0,24644.0,451.0,134.0,36.0,666.0,37113.0,371.13000000000017,100.0,1000,1,999,0.10907516698352993,892,0,0,1,0,0,0,0,0,0,1,0,0,0,0,3,46,0,0,0,0,0,0,0,0,0,0,0,0,2,1,0,54,0.7582058906555176,-0.09143494814634323,1.7187294960021973,0.43914201855659485,0.022143
293,48110.0,2860.0,50970.0,50970.0,0.9438885618991564,38.0,0.038,109.0,37210.0,48.0,61.0,23.0,15.0,23965.0,24145.0,81.0,640.0,719.0,160.0,37210.0,372.09999999999997,100.0,1000,1,999,0.11065895797219127,885,0,0,0,0,0,0,1,0,0,0,0,1,0,0,2,46,0,0,0,0,0,0,0,0,0,0,1,0,1,0,1,62,0.5666369199752808,-0.008423932828009129,1.1715288162231445,0.4839743971824646,0.022116
294,49193.0,937.0,50130.0,50130.0,0.9813085976461201,8.0,0.008,117.0,37493.0,55.0,62.0,4.0,4.0,24080.0,25113.0,293.0,720.0,507.0,80.0,37493.0,374.93000000000023,100.0,1000,1,999,0.10807191696949303,881,0,0,0,0,0,0,0,0,0,0,0,0,1,1,2,52,0,0,0,0,0,0,1,0,1,0,1,0,0,0,0,60,1.5462366342544556,0.061249032616615295,2.989846706390381,0.4498032331466675,0.022088999999999998
295,49423.0,850.0,50273.0,50273.0,0.9830923159548863,20.0,0.02,116.0,37823.0,57.0,59.0,12.0,8.0,24914.0,24509.0,551.0,661.0,249.0,139.0,37823.0,378.22999999999996,100.0,1000,1,999,0.11131929093971848,879,0,0,0,0,0,0,0,0,0,1,0,1,1,0,1,54,0,0,0,0,0,0,0,0,0,0,0,0,1,0,1,61,0.9172194004058838,-0.0019209590973332524,1.8557565212249756,0.39606186747550964,0.022062
296,48455.0,1389.0,49844.0,49844.0,0.9721330551320119,22.0,0.022,105.0,37955.0,49.0,56.0,10.0,12.0,24105.0,24350.0,699.0,409.0,101.0,0.0,37955.0,379.5499999999998,100.0,1000,3,997,0.10814658307936043,890,0,0,0,0,0,0,0,0,0,0,0,1,1,0,0,48,0,0,0,0,0,0,0,0,0,0,1,0,3,0,0,56,0.550757884979248,-0.04005410894751549,1.200046181678772,0.4180231988430023,0.022035
297,46711.0,3202.0,49913.0,49913.0,0.9358483761745438,60.0,0.06,105.0,36211.0,56.0,49.0,18.0,42.0,24258.0,22453.0,519.0,161.0,281.0,0.0,36211.0,362.11,100.0,1000,2,998,0.10786120896227658,888,0,0,0,0,1,0,0,0,1,0,1,0,1,1,2,53,0,0,0,0,0,0,0,0,0,0,0,0,1,0,2,49,0.30471071600914,-0.088491290807724,0.8080204129219055,0.49110350012779236,0.022008
298,48290.0,1319.0,49609.0,49609.0,0.973412082485033,26.0,0.026,106.0,37690.0,53.0,53.0,15.0,11.0,22661.0,25629.0,570.0,713.0,230.0,87.0,37690.0,376.899999999999,100.0,1000,1,999,0.10719670890830457,888,0,0,0,0,0,0,0,0,0,0,1,1,1,0,1,52,0,0,0,0,0,0,0,0,0,0,0,0,0,0,1,55,0.5048110485076904,-0.06934995204210281,1.1653015613555908,0.3862335681915283,0.021981
299,48059.0,1570.0,49629.0,49629.0,0.9683652703056681,31.0,0.031,106.0,37459.0,55.0,51.0,7.0,24.0,24040.0,24019.0,185.0,401.0,615.0,0.0,37459.0,374.58999999999946,100.0,1000,0,1000,0.10762799996882677,888,0,0,0,0,0,0,0,0,0,0,0,0,2,1,1,56,0,0,0,0,0,0,0,0,0,0,0,0,0,0,0,52,1.0675129890441895,0.04944859817624092,2.0533735752105713,0.39275139570236206,0.021954
300,47166.0,1727.0,48893.0,48893.0,0.9646779702615916,35.0,0.035,93.0,37866.0,53.0,40.0,10.0,25.0,24131.0,23035.0,741.0,350.0,59.0,450.0,37866.0,378.65999999999997,100.0,1000,1,999,0.10734112502541393,901,0,0,0,1,0,0,0,0,0,0,0,2,0,2,3,48,0,0,0,0,0,0,0,0,0,0,0,0,2,0,0,41,0.808473527431488,0.01769118383526802,1.6046407222747803,0.5262023210525513,0.021927
301,45892.0,2501.0,48393.0,48393.0,0.9483189717521129,42.0,0.042,106.0,35292.0,57.0,49.0,8.0,34.0,22362.0,23530.0,768.0,49.0,32.0,751.0,35292.0,352.92000000000024,100.0,1000,1,999,0.11000683403108269,891,0,0,0,0,1,0,0,0,0,0,0,0,0,1,1,56,0,1,0,0,0,0,0,0,0,0,1,0,1,0,1,46,1.2032004594802856,-0.03964156284928322,2.5068376064300537,0.48295772075653076,0.0219
302,48380.0,1315.0,49695.0,49695.0,0.9735385853707617,22.0,0.022,122.0,36180.0,62.0,60.0,6.0,16.0,23643.0,24737.0,458.0,491.0,46.0,309.0,36180.0,361.8000000000006,100.0,1000,2,998,0.10749704099725932,865,0,0,1,0,0,0,0,0,0,0,0,0,1,0,3,63,0,1,0,0,0,0,0,0,1,0,0,0,0,2,0,63,1.0643739700317383,-0.03642171993851662,2.218890905380249,0.39545151591300964,0.021873
303,48637.0,717.0,49354.0,49354.0,0.9854723021436965,15.0,0.015,112.0,37437.0,52.0,60.0,7.0,8.0,23449.0,25188.0,376.0,661.0,424.0,66.0,37437.0,374.3699999999998,100.0,1000,1,999,0.10731454193592072,885,0,0,0,0,0,1,0,0,1,0,0,0,2,0,0,49,0,0,0,0,0,0,0,1,1,0,0,0,0,0,0,60,0.5111802816390991,-0.06767086684703827,1.1746141910552979,0.3870709240436554,0.021845999999999997
304,49482.0,3098.0,52580.0,52580.0,0.9410802586534804,47.0,0.047,105.0,38982.0,53.0,52.0,23.0,24.0,24389.0,25093.0,718.0,511.0,35.625,289.0,38982.0,389.82000000000073,100.0,1000,2,998,0.11014229198917747,891,0,0,0,0,0,0,0,0,0,0,1,0,1,2,1,49,0,0,0,0,0,0,0,0,0,0,1,0,3,0,1,50,1.5905433893203735,0.011942107230424881,3.1744306087493896,0.3947942554950714,0.021818999999999998
305,46399.0,3264.0,49663.0,49663.0,0.9342770271630791,58.0,0.058,92.0,37199.0,47.0,45.0,23.0,35.0,23646.0,22753.0,743.0,493.5,57.0,306.5,37199.0,371.98999999999995,100.0,1000,3,997,0.10854741604998708,904,0,0,0,0,0,0,0,0,0,0,0,0,3,1,3,41,0,0,0,0,0,0,0,0,0,1,0,0,0,0,0,47,0.8602354526519775,-0.021569186821579933,1.7849773168563843,0.49027198553085327,0.021792
306,49103.0,2614.0,51717.0,51717.0,0.9494556915521009,41.0,0.041,96.0,39503.0,50.0,46.0,21.0,20.0,25999.0,23104.0,562.9375,365.0,237.0625,435.0,39503.0,395.0299999999994,100.0,1000,2,998,0.10745104099623859,899,0,0,0,0,0,0,0,1,1,0,0,0,2,2,0,46,0,0,0,0,0,0,0,0,0,0,0,1,0,0,3,45,1.3638406991958618,0.061626166105270386,2.6223130226135254,0.4108422100543976,0.021765
307,48456.0,1805.0,50261.0,50261.0,0.9640874634408388,29.0,0.029,100.0,38456.0,56.0,44.0,9.0,20.0,24404.0,24052.0,649.0,800.0,151.0,0.0,38456.0,384.5599999999997,100.0,1000,3,997,0.1099861660040915,895,0,0,0,0,1,0,0,0,1,0,0,0,1,0,0,56,0,0,0,0,0,0,0,0,0,0,0,0,0,0,0,46,1.6655353307724,-0.012432726100087166,3.3718221187591553,0.36539945006370544,0.021738
308,45040.0,3302.0,48342.0,48342.0,0.9316950064126432,52.0,0.052,86.0,36440.0,44.0,42.0,13.0,39.0,22440.0,22600.0,356.0,751.0,444.0,49.0,36440.0,364.39999999999947,100.0,1000,1,999,0.10737395798787475,909,0,0,0,0,0,0,0,0,0,0,0,1,1,0,1,42,0,0,0,0,0,0,0,0,0,0,0,1,1,0,1,43,1.2762268781661987,0.02500569075345993,2.5211870670318604,0.4316868185997009,0.021711
309,45918.0,4352.0,50270.0,50270.0,0.9134274915456535,72.0,0.072,93.0,36618.0,54.0,39.0,23.0,49.0,24583.0,21335.0,638.0,275.0,162.0,525.0,36618.0,366.17999999999955,100.0,1000,4,996,0.10765633301343769,903,0,0,0,0,0,0,0,0,0,0,0,0,1,0,1,53,0,0,0,0,0,0,0,0,0,0,0,0,1,2,2,37,0.9546705484390259,0.0025046775117516518,1.9240257740020752,0.4541168212890625,0.021684
310,46864.0,3965.0,50829.0,50829.0,0.9219933502528085,52.0,0.052,97.0,37164.0,51.0,46.0,25.0,27.0,24523.0,22341.0,141.75,698.0,108.0,102.0,37164.0,371.63999999999965,100.0,1000,0,1000,0.10840691602788866,899,0,0,0,0,0,0,0,0,0,0,1,0,0,2,0,49,0,0,0,0,0,0,0,0,0,0,1,0,2,0,1,45,1.5909104347229004,0.13403865694999695,2.933013916015625,0.44490283727645874,0.021657
311,46393.0,2303.0,48696.0,48696.0,0.9527065878100871,37.0,0.037,99.0,36493.0,49.0,50.0,24.0,13.0,23517.0,22876.0,514.0,375.0,0.0,425.0,36493.0,364.93,100.0,1000,4,996,0.1097387500340119,898,0,0,0,0,0,0,0,0,2,0,0,0,0,1,2,46,0,0,0,0,0,0,0,0,0,0,0,0,1,0,0,50,1.4120922088623047,0.06600435823202133,2.7084710597991943,0.3766839802265167,0.021629999999999996
312,47344.0,2516.0,49860.0,49860.0,0.9495387083834738,47.0,0.047,103.0,37044.0,52.0,51.0,28.0,19.0,23018.0,24326.0,525.0,722.0,275.0,43.0,37044.0,370.44000000000017,100.0,1000,4,996,0.1085178330540657,892,0,0,0,0,0,1,0,0,0,1,1,0,1,0,4,47,0,0,0,0,0,0,0,0,1,0,0,0,0,0,2,50,0.7680208086967468,-0.038172557950019836,1.6275832653045654,0.3517231345176697,0.021602999999999997
313,48411.0,2256.0,50667.0,50667.0,0.9554739771448872,45.0,0.045,95.0,38911.0,48.0,47.0,19.0,26.0,25080.0,23331.0,566.0,457.0,234.0,343.0,38911.0,389.11,100.0,1000,2,998,0.11026266706176102,899,0,0,0,0,0,0,0,0,0,0,0,0,0,1,1,50,0,0,0,0,0,0,0,0,2,0,1,0,0,0,0,46,0.9220486283302307,0.012695560231804848,1.8355319499969482,0.3899199962615967,0.021575999999999998
314,48108.0,3071.0,51179.0,51179.0,0.9399949197913207,46.0,0.046,98.0,38308.0,48.0,50.0,20.0,26.0,24144.0,23964.0,329.0,693.0,20.0,107.0,38308.0,383.0799999999994,100.0,1000,2,998,0.10814829193986952,896,0,0,0,0,0,1,0,0,0,0,0,0,1,1,0,47,0,0,0,0,0,1,0,0,0,0,0,0,3,0,0,50,0.8593156933784485,-0.02097439020872116,1.7764241695404053,0.3676263988018036,0.021549
315,46027.0,2991.0,49018.0,49018.0,0.9389815985964339,51.0,0.051,93.0,36727.0,43.0,50.0,26.0,25.0,21613.0,24414.0,625.0,52.0,175.0,748.0,36727.0,367.2699999999999,100.0,1000,1,999,0.11036549997515976,903,0,0,0,0,0,0,0,0,0,1,0,0,0,1,3,39,0,0,0,0,0,0,0,0,0,0,0,0,2,0,0,51,0.32163023948669434,-0.05002797022461891,0.7611254453659058,0.41374021768569946,0.021522
316,47712.0,1863.0,49575.0,49575.0,0.9624205748865355,35.0,0.035,96.0,38112.0,48.0,48.0,14.0,21.0,24311.0,23401.0,236.0,172.0,0.0,628.0,38112.0,381.11999999999915,100.0,1000,0,1000,0.1074683329788968,903,0,0,0,0,0,0,0,1,0,0,0,1,0,0,1,46,0,0,0,0,0,0,0,0,0,0,0,0,1,0,0,47,1.8778736591339111,0.12213888019323349,3.5285232067108154,0.39668774604797363,0.021495
317,45897.0,3967.0,49864.0,49864.0,0.9204436066099791,57.0,0.057,91.0,36797.0,42.0,49.0,36.0,21.0,22453.0,23444.0,24.0,574.0,89.0,226.0,36797.0,367.9700000000003,100.0,1000,1,999,0.11026362504344434,901,0,0,0,0,0,0,0,0,0,0,0,0,0,0,0,42,0,0,0,0,0,0,0,1,2,0,0,0,1,0,1,52,1.4156872034072876,0.0310830008238554,2.786619186401367,0.4055064916610718,0.021468
318,48683.0,1666.0,50349.0,50349.0,0.9669109614888082,33.0,0.033,99.0,38783.0,44.0,55.0,30.0,3.0,24029.0,24654.0,581.0,385.0,219.0,415.0,38783.0,387.83000000000015,100.0,1000,2,998,0.10838154098019004,895,0,0,0,0,0,0,0,0,0,0,0,0,2,1,1,40,0,0,0,0,0,0,0,0,0,0,0,0,2,0,1,58,0.8535065650939941,-0.0010286580072715878,1.7261556386947632,0.3984239101409912,0.021440999999999998
319,46344.0,2337.0,48681.0,48681.0,0.9519935909286991,33.0,0.033,97.0,36644.0,46.0,51.0,15.0,18.0,24165.0,22179.0,500.0,101.0,82.25,0.0,36644.0,366.4399999999999,100.0,1000,3,997,0.10714541701599956,902,0,0,0,0,0,0,0,0,1,0,0,1,1,1,2,40,0,0,0,0,0,0,0,0,1,0,1,0,1,0,1,48,1.6051108837127686,0.0719652846455574,3.0821645259857178,0.37063270807266235,0.021414
320,49389.0,2482.0,51871.0,51871.0,0.9521505272695726,36.0,0.036,98.0,39589.0,46.0,52.0,17.0,19.0,23913.0,25476.0,538.0,772.0,262.0,28.0,39589.0,395.89000000000016,100.0,1000,2,998,0.111833208007738,897,0,0,0,0,0,0,0,0,0,0,0,0,2,1,1,43,0,0,0,0,0,0,0,0,0,0,1,0,2,0,1,52,1.328550934791565,0.01724107563495636,2.6384828090667725,0.3708597421646118,0.021386999999999996
321,47202.0,3151.0,50353.0,50353.0,0.937421802077334,60.0,0.06,100.0,37202.0,48.0,52.0,24.0,36.0,24536.0,22666.0,33.0,729.0,0.0,71.0,37202.0,372.02,100.0,1000,3,997,0.10995212499983609,899,0,0,0,0,0,0,0,0,0,1,0,0,1,1,3,42,0,0,0,0,0,0,0,0,0,0,0,0,3,1,1,48,0.7845593690872192,-0.010707900859415531,1.6081902980804443,0.41328927874565125,0.021359999999999997
322,48674.0,2405.0,51079.0,51079.0,0.9529160711838525,36.0,0.036,96.0,39074.0,46.0,50.0,17.0,19.0,24362.0,24312.0,643.0,530.0,157.0,270.0,39074.0,390.7399999999996,100.0,1000,3,997,0.10827474994584918,899,0,0,0,0,0,0,0,0,0,0,0,0,0,0,3,44,0,0,0,0,0,0,0,0,0,1,0,1,0,0,1,51,0.38934236764907837,-0.09249337762594223,0.9810752272605896,0.4079066216945648,0.021332999999999998
323,49155.0,1886.0,51041.0,51041.0,0.9630493132971533,24.0,0.024,98.0,39355.0,46.0,52.0,13.0,11.0,23748.0,25407.0,665.0,800.0,135.0,0.0,39355.0,393.54999999999995,100.0,1000,2,998,0.1101327920332551,901,1,0,0,0,1,0,0,0,0,0,0,1,0,1,2,40,0,0,0,0,0,0,0,0,1,0,1,0,3,0,0,48,2.1420466899871826,0.01805132068693638,4.264087677001953,0.3777635395526886,0.021306
324,45446.0,2860.0,48306.0,48306.0,0.9407941042520598,46.0,0.046,89.0,36546.0,47.0,42.0,29.0,17.0,21902.0,23544.0,509.0,403.0,291.0,397.0,36546.0,365.46,100.0,1000,1,999,0.10851558297872543,907,0,0,0,0,0,0,0,0,0,0,0,1,0,2,0,44,0,0,0,0,0,0,0,0,1,0,1,0,0,0,1,43,1.086051344871521,0.03710266575217247,2.1155846118927,0.41560718417167664,0.021279
325,48162.0,2009.0,50171.0,50171.0,0.9599569472404377,35.0,0.035,100.0,38162.0,51.0,49.0,13.0,22.0,25288.0,22874.0,562.0,503.0,238.0,297.0,38162.0,381.6199999999997,100.0,1000,2,998,0.11042887496296316,895,0,0,0,0,0,0,1,1,0,0,0,0,1,1,0,48,0,1,0,0,0,0,0,0,0,0,1,0,1,0,0,50,0.8424454927444458,-0.09731639921665192,1.8961094617843628,0.3902159333229065,0.021252
326,47173.0,2322.0,49495.0,49495.0,0.9530861703202343,35.0,0.035,91.0,38073.0,50.0,41.0,15.0,20.0,24729.0,22444.0,502.0,642.0,298.0,158.0,38073.0,380.72999999999985,100.0,1000,1,999,0.10743691702373326,907,0,0,0,0,0,0,0,0,1,0,0,0,1,0,2,48,0,0,0,0,0,0,0,0,1,0,0,0,0,0,0,40,1.7815794944763184,0.06189500540494919,3.454580068588257,0.35833102464675903,0.021225
327,47443.0,2168.0,49611.0,49611.0,0.956300014109774,40.0,0.04,97.0,37743.0,44.0,53.0,22.0,18.0,23121.0,24322.0,613.0,549.0,187.0,251.0,37743.0,377.42999999999967,100.0,1000,2,998,0.1072057499550283,897,0,0,0,0,0,0,0,0,1,2,0,0,1,0,1,43,0,0,0,0,1,0,0,0,0,0,0,0,2,0,0,52,1.6127476692199707,0.055843740701675415,3.130817174911499,0.40120217204093933,0.021197999999999998
328,47706.0,2469.0,50175.0,50175.0,0.9507922272047833,45.0,0.045,100.0,37706.0,50.0,50.0,29.0,16.0,23879.0,23827.0,653.0,669.0,147.0,131.0,37706.0,377.0599999999997,100.0,1000,4,996,0.11003983404953033,897,0,0,0,0,0,0,0,1,0,0,0,1,1,2,1,46,0,0,0,0,0,0,0,0,0,0,0,0,1,0,1,49,1.686866044998169,0.07959261536598206,3.231783151626587,0.4070717990398407,0.021171
329,48561.0,1990.0,50551.0,50551.0,0.9606338153547902,34.0,0.034,98.0,38761.0,52.0,46.0,15.0,19.0,24008.0,24553.0,234.0,585.0,566.0,215.0,38761.0,387.60999999999956,100.0,1000,2,998,0.10838391608558595,899,0,0,0,0,1,0,0,0,0,1,0,2,0,1,2,47,0,0,0,0,0,0,0,0,0,0,0,0,2,0,0,45,0.6110249161720276,0.02667037770152092,1.186462163925171,0.4198151230812073,0.021143999999999996
330,48142.0,1598.0,49740.0,49740.0,0.9678729392842782,27.0,0.027,107.0,37442.0,58.0,49.0,3.0,24.0,24385.0,23757.0,677.0,296.125,123.0,503.875,37442.0,374.41999999999996,100.0,1000,1,999,0.1110342500032857,887,0,0,0,0,0,1,0,0,0,0,0,1,1,1,3,55,0,0,0,0,0,0,0,0,0,0,0,0,2,0,0,49,0.9339985847473145,-0.04371355473995209,1.9721440076828003,0.3958815932273865,0.021116999999999997
331,47372.0,1727.0,49099.0,49099.0,0.9648261675390537,25.0,0.025,107.0,36672.0,49.0,58.0,17.0,8.0,23785.0,23587.0,126.0,592.0,50.0,208.0,36672.0,366.7200000000007,100.0,1000,3,997,0.10856458393391222,890,0,0,0,0,0,0,0,0,0,0,0,1,1,0,2,45,0,0,0,0,0,0,0,0,0,0,0,0,4,2,0,55,1.2077147960662842,-0.004430283792316914,2.441699743270874,0.41274556517601013,0.021089999999999998
332,48173.0,1631.0,49804.0,49804.0,0.9672516263753915,28.0,0.028,100.0,38173.0,54.0,46.0,14.0,14.0,24606.0,23567.0,492.0,239.0,308.0,561.0,38173.0,381.73000000000013,100.0,1000,3,997,0.108510542078875,895,0,0,0,0,0,0,0,0,0,1,0,0,0,1,3,52,0,0,0,0,0,0,0,0,0,0,0,0,1,0,1,46,0.3645467162132263,-0.056392181664705276,0.8583053946495056,0.3899628520011902,0.021063
333,47862.0,1564.0,49426.0,49426.0,0.9683567353214907,26.0,0.026,103.0,37562.0,48.0,55.0,13.0,13.0,22862.0,25000.0,599.0,573.0,201.0,227.0,37562.0,375.6199999999997,100.0,1000,2,998,0.1075771659379825,895,0,0,0,0,0,0,0,0,0,0,0,0,0,1,2,46,0,0,0,0,0,0,0,0,0,0,0,0,4,0,1,51,1.2998669147491455,0.014707326889038086,2.585775852203369,0.36738815903663635,0.021036
334,48959.0,1375.0,50334.0,50334.0,0.9726824810267414,28.0,0.028,101.0,38859.0,50.0,51.0,11.0,17.0,23759.0,25200.0,81.0,622.0,0.0,178.0,38859.0,388.5900000000001,100.0,1000,1,999,0.1069394169608131,896,0,0,0,0,0,0,0,0,0,0,1,0,0,0,3,48,0,0,0,0,0,0,0,0,0,0,0,0,1,0,0,51,1.4066575765609741,0.046101123094558716,2.7357900142669678,0.3493030369281769,0.021009
335,49606.0,3921.0,53527.0,53527.0,0.9267472490518803,50.0,0.05,94.0,40206.0,44.0,50.0,15.0,35.0,22965.0,26641.0,313.0,472.0,487.0,328.0,40206.0,402.0599999999994,100.0,1000,0,1000,0.10795149998739362,904,0,0,0,0,0,1,0,0,0,0,0,0,1,0,2,40,0,0,0,0,0,0,0,0,0,0,0,0,1,1,0,50,1.0557609796524048,-0.01767655462026596,2.16194224357605,0.3590505123138428,0.020982
336,47274.0,2510.0,49784.0,49784.0,0.9495821950827575,43.0,0.043,94.0,37874.0,53.0,41.0,22.0,21.0,24731.0,22543.0,18.0,641.0,0.0,159.0,37874.0,378.73999999999955,100.0,1000,3,997,0.11013191705569625,904,0,0,0,0,1,0,0,1,0,0,0,2,0,1,1,48,0,0,1,0,0,0,0,0,0,0,0,0,1,1,0,39,0.6586962938308716,0.018296994268894196,1.297572374343872,0.40023404359817505,0.020954999999999998
337,47657.0,2697.0,50354.0,50354.0,0.9464392103904358,44.0,0.044,93.0,38357.0,47.0,46.0,19.0,25.0,24493.0,23164.0,570.0,772.0,230.0,28.0,38357.0,383.5700000000002,100.0,1000,1,999,0.10842058400157839,900,0,0,0,0,0,0,0,0,0,0,0,0,0,2,2,44,0,0,0,0,0,0,0,0,1,0,0,1,2,0,0,48,1.027817726135254,0.02470564842224121,2.0209155082702637,0.3509964048862457,0.020928
338,48665.0,1694.0,50359.0,50359.0,0.9663615242558431,33.0,0.033,101.0,38565.0,51.0,50.0,21.0,12.0,24708.0,23957.0,601.0,715.0,199.0,85.0,38565.0,385.6499999999998,100.0,1000,2,998,0.10994508396834135,892,1,0,0,0,1,0,0,0,1,1,0,0,1,1,3,44,0,0,0,0,0,0,0,0,0,1,0,0,0,1,0,53,0.48031917214393616,-0.06557051092386246,1.107666015625,0.38004493713378906,0.020900999999999996
339,47453.0,2469.0,49922.0,49922.0,0.950542846841072,45.0,0.045,90.0,38453.0,49.0,41.0,14.0,31.0,24648.0,22805.0,215.0,512.0,585.0,288.0,38453.0,384.5299999999999,100.0,1000,1,999,0.1086024580290541,908,0,0,0,0,0,1,0,0,0,0,0,0,0,2,0,46,0,0,0,1,0,0,0,1,0,0,0,0,2,0,2,37,0.3174426257610321,-0.0314638577401638,0.7145103812217712,0.3999575972557068,0.020873999999999997
340,49879.0,2429.0,52308.0,52308.0,0.9535635084499503,36.0,0.036,98.0,40079.0,50.0,48.0,13.0,23.0,24414.0,25465.0,621.0,318.0,179.0,482.0,40079.0,400.78999999999996,100.0,1000,0,1000,0.11020329198800027,897,0,0,0,0,1,0,0,0,0,1,1,0,0,0,2,47,0,0,0,0,0,0,0,0,0,0,1,0,3,0,3,44,0.8155139088630676,-0.07656890153884888,1.7991862297058105,0.3602583110332489,0.020846999999999997
341,47268.0,3384.0,50652.0,50652.0,0.9331911869225302,49.0,0.049,97.0,37568.0,50.0,47.0,17.0,32.0,23042.0,24226.0,594.0,676.0,206.0,124.0,37568.0,375.6800000000001,100.0,1000,0,1000,0.108506791992113,902,0,0,0,0,0,0,0,0,0,0,1,0,3,1,1,45,0,0,0,0,0,0,0,0,1,0,0,0,5,0,2,39,1.236390471458435,0.025583524256944656,2.4384689331054688,0.40478113293647766,0.020819999999999998
342,46683.0,2238.0,48921.0,48921.0,0.9542527748819525,36.0,0.036,89.0,37783.0,43.0,46.0,14.0,22.0,21997.0,24686.0,481.0,141.0,319.0,0.0,37783.0,377.8300000000007,100.0,1000,2,998,0.10719941696152091,908,1,0,0,0,0,0,0,1,0,0,1,0,0,2,1,40,0,0,0,0,0,0,0,0,0,0,0,0,7,0,2,37,0.3211766481399536,-0.11782723665237427,0.893904983997345,0.38227346539497375,0.020793
343,48404.0,1384.0,49788.0,49788.0,0.9722021370611392,25.0,0.025,95.0,38904.0,50.0,45.0,8.0,17.0,24468.0,23936.0,800.0,606.0,0.0,194.0,38904.0,389.03999999999934,100.0,1000,0,1000,0.1104870829731226,901,0,0,0,0,0,0,0,0,0,0,1,1,0,1,0,47,0,0,0,0,0,0,0,0,0,0,0,0,1,0,0,48,0.9608074426651001,0.004719157703220844,1.926864504814148,0.35365355014801025,0.020766
344,47546.0,2579.0,50125.0,50125.0,0.9485486284289277,47.0,0.047,91.0,38446.0,44.0,47.0,17.0,30.0,22391.0,25155.0,525.875,759.0,274.125,41.0,38446.0,384.4599999999997,100.0,1000,2,998,0.10862183396238834,908,0,0,0,1,0,0,0,0,0,0,1,0,0,0,5,38,0,0,0,0,0,0,0,0,0,0,0,0,0,1,2,44,0.8739887475967407,-0.02493789978325367,1.8122957944869995,0.34819483757019043,0.020739
345,48355.0,1732.0,50087.0,50087.0,0.9654201689061034,28.0,0.028,97.0,38655.0,52.0,45.0,12.0,16.0,24306.0,24049.0,407.0,257.0,393.0,0.0,38655.0,386.5499999999999,100.0,1000,1,999,0.1084054580423981,901,0,0,0,0,0,0,0,1,0,0,0,0,0,0,3,49,0,1,0,0,0,0,0,0,0,0,0,0,3,0,0,42,1.3413984775543213,0.05118007957935333,2.5942442417144775,0.33331993222236633,0.020712
346,47086.0,2502.0,49588.0,49588.0,0.9495442445753005,45.0,0.045,93.0,37786.0,52.0,41.0,13.0,32.0,24576.0,22510.0,767.0,124.0,33.0,34.0,37786.0,377.85999999999984,100.0,1000,2,998,0.10758495796471834,904,0,0,0,0,1,1,0,0,0,0,1,1,0,1,1,46,0,0,0,0,0,1,0,0,0,0,1,0,2,0,0,40,0.5303802490234375,-0.03349196910858154,1.1416594982147217,0.3363558351993561,0.020685000000000002
347,46438.0,3221.0,49659.0,49659.0,0.935137638695906,62.0,0.062,84.0,38038.0,46.0,38.0,5.0,57.0,22315.0,24123.0,637.0,602.0,163.0,198.0,38038.0,380.3800000000002,100.0,1000,3,997,0.11029170802794397,915,0,0,0,0,0,0,0,0,0,0,0,0,0,0,2,44,0,0,0,0,0,0,0,0,0,0,0,0,2,0,1,36,0.6020089387893677,-0.1297256052494049,1.4804809093475342,0.4117501676082611,0.020658
348,48641.0,1534.0,50175.0,50175.0,0.9694270054808172,30.0,0.03,92.0,39441.0,51.0,41.0,12.0,18.0,25271.0,23370.0,375.0,594.0,425.0,206.0,39441.0,394.40999999999997,100.0,1000,2,998,0.1086187909822911,907,0,0,0,0,0,1,0,0,0,0,0,0,0,1,0,49,0,0,0,0,0,0,0,0,1,0,1,0,3,1,0,36,0.4938061237335205,-0.035907261073589325,1.0754917860031128,0.38934096693992615,0.020631
349,48679.0,2251.0,50930.0,50930.0,0.9558020812880424,37.0,0.037,99.0,38779.0,54.0,45.0,10.0,27.0,24947.0,23732.0,744.0,516.75,56.0,283.25,38779.0,387.79,100.0,1000,1,999,0.10776045802049339,895,0,0,0,0,1,0,0,0,1,0,0,0,1,1,3,48,0,1,0,1,0,0,0,0,0,0,0,0,2,0,0,46,1.3370802402496338,0.011654002591967583,2.665447950363159,0.35418859124183655,0.020603999999999997
350,47130.0,3896.0,51026.0,51026.0,0.9236467683141928,51.0,0.051,93.0,37830.0,51.0,42.0,31.0,20.0,25924.0,21206.0,413.0,623.0,387.0,177.0,37830.0,378.2999999999998,100.0,1000,0,1000,0.11042495793662965,905,0,0,0,0,0,0,0,0,0,0,0,0,0,1,4,46,0,0,0,0,0,0,0,0,0,0,0,0,4,0,0,40,0.41501951217651367,-0.07037417590618134,0.9854699969291687,0.35677284002304077,0.020576999999999998
351,47546.0,1861.0,49407.0,49407.0,0.9623332726131925,30.0,0.03,88.0,38746.0,46.0,42.0,12.0,18.0,23239.0,24307.0,494.625,16.875,305.375,783.125,38746.0,387.4599999999999,100.0,1000,1,999,0.10805145802441984,911,0,0,0,0,0,0,0,0,1,0,0,0,1,1,4,39,0,0,0,0,0,0,0,0,0,0,0,0,3,0,0,40,1.2264271974563599,0.032183755189180374,2.4051263332366943,0.40485572814941406,0.02055
352,48034.0,2391.0,50425.0,50425.0,0.952583044124938,31.0,0.031,95.0,38534.0,50.0,45.0,17.0,14.0,24830.0,23204.0,99.0,334.0,0.0,0.0,38534.0,385.3400000000003,100.0,1000,2,998,0.11024229205213487,902,0,0,0,0,1,0,0,0,1,0,0,0,0,0,0,50,0,0,0,0,0,0,0,0,1,0,0,1,0,0,0,44,1.5136337280273438,0.02831515297293663,2.9878768920898438,0.42001107335090637,0.020523
353,48175.0,1462.0,49637.0,49637.0,0.9705461651590548,28.0,0.028,95.0,38675.0,49.0,46.0,22.0,6.0,24483.0,23692.0,336.0,439.0625,62.0,360.9375,38675.0,386.75000000000017,100.0,1000,4,996,0.10800654196646065,902,0,0,0,0,0,0,0,0,0,0,1,0,0,0,2,47,0,0,0,0,0,0,0,0,1,0,0,0,5,0,1,41,0.9369292259216309,-0.011999157257378101,1.9134716987609863,0.38092899322509766,0.020496
354,46570.0,3404.0,49974.0,49974.0,0.9318845799815905,55.0,0.055,89.0,37670.0,45.0,44.0,26.0,29.0,23353.0,23217.0,647.0,410.0,153.0,390.0,37670.0,376.69999999999965,100.0,1000,2,998,0.1077629589708522,906,1,0,0,0,0,0,0,0,0,0,0,0,0,1,2,44,0,0,0,0,0,0,0,0,0,0,0,0,0,0,0,46,0.49913084506988525,-0.03695673123002052,1.088525652885437,0.399396687746048,0.020469
355,45569.0,2430.0,47999.0,47999.0,0.9493739452905269,32.0,0.032,91.0,36469.0,48.0,43.0,8.0,24.0,23361.0,22208.0,290.0,236.0,171.75,564.0,36469.0,364.69000000000017,100.0,1000,3,997,0.10997474996838719,908,0,0,0,0,0,0,0,0,1,0,2,0,0,0,1,44,0,0,1,0,0,0,0,1,0,0,0,0,1,0,0,41,1.332080364227295,-0.001593392458744347,2.682072877883911,0.36017486453056335,0.020442000000000002
356,49803.0,1828.0,51631.0,51631.0,0.9645949139083109,30.0,0.03,99.0,39903.0,53.0,46.0,12.0,18.0,27044.0,22759.0,667.0,577.0,133.0,223.0,39903.0,399.02999999999963,100.0,1000,0,1000,0.10847787500824779,896,0,0,0,0,1,0,0,0,0,0,0,0,0,0,1,54,0,0,0,0,0,0,0,0,0,0,1,0,2,0,3,42,0.608299970626831,-0.050856661051511765,1.334335446357727,0.39241155982017517,0.020415
357,47015.0,2027.0,49042.0,49042.0,0.9586680804208637,37.0,0.037,91.0,37915.0,43.0,48.0,17.0,20.0,21946.0,25069.0,396.0,198.0,0.0,602.0,37915.0,379.14999999999986,100.0,1000,1,999,0.1078342500841245,906,0,0,0,0,0,0,0,0,0,0,0,0,0,0,0,44,0,0,0,0,0,0,0,0,1,0,1,0,2,0,0,46,0.6639296412467957,-0.036719948053359985,1.4173171520233154,0.3928290605545044,0.020388
358,48409.0,1824.0,50233.0,50233.0,0.9636892082893715,32.0,0.032,92.0,39209.0,48.0,44.0,13.0,19.0,24154.0,24255.0,483.0,390.0,317.0,410.0,39209.0,392.0900000000003,100.0,1000,2,998,0.11052312492392957,905,0,0,0,0,0,0,0,0,1,0,0,1,0,0,2,45,0,0,0,0,0,0,0,0,1,0,0,0,1,0,2,42,1.210175633430481,0.0808638259768486,2.275204658508301,0.40717431902885437,0.020360999999999997
359,47572.0,1687.0,49259.0,49259.0,0.9657524513286913,30.0,0.03,91.0,38472.0,41.0,50.0,22.0,8.0,24487.0,23085.0,230.0,530.0,570.0,270.0,38472.0,384.7199999999991,100.0,1000,0,1000,0.11674962495453656,902,0,0,0,0,0,0,0,0,0,0,0,0,0,1,1,43,0,0,0,0,0,0,0,0,0,0,0,0,3,0,0,50,1.0449947118759155,0.022553090006113052,2.061818838119507,0.4164334535598755,0.020333999999999998
360,48417.0,1774.0,50191.0,50191.0,0.9646550178318822,32.0,0.032,105.0,37917.0,51.0,54.0,18.0,14.0,23638.0,24779.0,525.0,490.0,275.0,310.0,37917.0,379.17000000000047,100.0,1000,2,998,0.11091158399358392,891,0,0,0,1,0,0,0,0,0,0,0,0,1,0,1,51,0,0,0,0,0,0,0,0,0,0,0,0,4,0,3,48,0.5279625654220581,0.01380235981196165,1.0435839891433716,0.3758188784122467,0.020307
361,49312.0,1129.0,50441.0,50441.0,0.9776174144049483,20.0,0.02,109.0,38412.0,60.0,49.0,9.0,11.0,25258.0,24054.0,150.0,757.0,106.0,43.0,38412.0,384.119999999999,100.0,1000,2,998,0.1087197499582544,891,0,0,0,0,0,1,0,0,0,0,1,0,0,2,1,55,0,0,0,0,1,0,0,0,0,1,0,0,2,0,0,45,1.0505690574645996,0.016184112057089806,2.083362579345703,0.359780877828598,0.02028
362,49515.0,1313.0,50828.0,50828.0,0.9741677815377351,23.0,0.023,100.0,39515.0,52.0,48.0,3.0,20.0,24985.0,24530.0,501.0,391.0,299.0,409.0,39515.0,395.1499999999999,100.0,1000,2,998,0.10874625004362315,898,0,0,0,0,0,0,0,0,0,0,0,0,0,1,3,50,0,0,0,0,0,0,0,0,0,0,0,0,0,0,1,47,0.3049233853816986,-0.05678713321685791,0.7389976382255554,0.3845507800579071,0.020253
363,48760.0,1176.0,49936.0,49936.0,0.9764498558154437,21.0,0.021,103.0,38460.0,52.0,51.0,9.0,12.0,25036.0,23724.0,613.0,449.0,187.0,351.0,38460.0,384.6,100.0,1000,2,998,0.1070445419754833,893,0,0,0,1,0,0,1,0,1,0,1,0,0,1,0,48,0,0,1,0,0,0,0,0,0,0,0,0,1,1,1,50,1.2021727561950684,0.013298925012350082,2.3926842212677,0.36924052238464355,0.020226
364,46746.0,1696.0,48442.0,48442.0,0.9649890590809628,32.0,0.032,86.0,38146.0,44.0,42.0,24.0,8.0,23563.0,23183.0,723.0,385.0,77.0,415.0,38146.0,381.4600000000002,100.0,1000,3,997,0.10844679200090468,909,0,0,0,0,0,0,0,0,0,0,0,0,0,0,0,44,0,0,0,0,0,0,0,0,0,0,0,0,3,1,1,42,0.7438803911209106,-0.1100277230143547,1.7246522903442383,0.4167552888393402,0.020199
365,48119.0,1767.0,49886.0,49886.0,0.9645792406687247,26.0,0.026,91.0,39019.0,46.0,45.0,12.0,14.0,23574.0,24545.0,504.0,749.0,296.0,51.0,39019.0,390.1900000000006,100.0,1000,2,998,0.10756604198832065,906,0,0,0,0,0,0,0,0,0,0,0,0,2,0,3,42,0,0,0,0,0,0,0,0,0,0,0,0,2,0,0,45,0.28640469908714294,-0.12855376303195953,0.8441057801246643,0.3516961336135864,0.020172
366,48008.0,1890.0,49898.0,49898.0,0.9621227303699547,33.0,0.033,96.0,38408.0,52.0,44.0,14.0,19.0,25131.0,22877.0,700.0,103.375,100.0,31.0,38408.0,384.0799999999995,100.0,1000,3,997,0.11060020898003131,900,0,0,0,0,0,1,0,0,0,0,0,1,0,0,2,49,0,1,0,0,0,0,0,0,0,0,0,0,0,0,0,46,0.7230523228645325,-0.07046172022819519,1.6007001399993896,0.339340478181839,0.020145
367,49382.0,1685.0,51067.0,51067.0,0.9670041318268158,30.0,0.03,98.0,39582.0,53.0,45.0,17.0,13.0,25318.0,24064.0,385.0,709.0,415.0,91.0,39582.0,395.82,100.0,1000,0,1000,0.10750662500504404,899,0,0,0,0,0,0,0,0,0,0,0,0,0,0,1,54,0,0,0,0,0,0,0,0,0,0,0,0,1,0,1,44,1.1867305040359497,0.04375147446990013,2.3018076419830322,0.3939161002635956,0.020117999999999997
368,46679.0,1813.0,48492.0,48492.0,0.9626123896725233,25.0,0.025,96.0,37079.0,46.0,50.0,10.0,15.0,23353.0,23326.0,561.0,761.0,239.0,39.0,37079.0,370.79000000000036,100.0,1000,2,998,0.11059241695329547,900,0,0,0,0,0,0,0,0,1,0,0,0,1,0,0,46,0,0,0,0,0,0,0,0,0,0,0,0,2,0,0,50,1.517187237739563,0.02771032229065895,2.991900682449341,0.32220637798309326,0.020090999999999998
369,48071.0,2032.0,50103.0,50103.0,0.959443546294633,36.0,0.036,96.0,38471.0,47.0,49.0,18.0,18.0,24040.0,24031.0,328.0,663.0,472.0,137.0,38471.0,384.71000000000004,100.0,1000,0,1000,0.1074433330213651,900,0,0,0,0,0,0,0,0,0,0,0,0,0,0,2,46,0,1,0,0,0,0,0,0,0,1,0,0,1,0,0,49,1.4351885318756104,0.08566021174192429,2.713233232498169,0.3532845377922058,0.020064
370,47618.0,3092.0,50710.0,50710.0,0.9390258331690002,43.0,0.043,93.0,38318.0,43.0,50.0,20.0,23.0,22633.0,24985.0,263.0,560.0,537.0,240.0,38318.0,383.179999999999,100.0,1000,1,999,0.1085482919588685,904,0,0,0,0,0,0,0,0,0,0,0,0,0,0,2,42,0,0,0,0,0,0,0,0,0,0,0,0,0,0,2,50,1.5052975416183472,0.03736627474427223,2.950192928314209,0.35759684443473816,0.020037
371,47737.0,1922.0,49659.0,49659.0,0.9612960389858837,36.0,0.036,91.0,38637.0,51.0,40.0,13.0,23.0,24711.0,23026.0,544.0,480.0,256.0,320.0,38637.0,386.3699999999999,100.0,1000,1,999,0.10747633408755064,906,0,1,0,0,0,0,0,0,0,0,0,1,1,0,1,49,0,0,0,0,0,0,0,0,0,0,0,0,0,0,1,40,0.891200840473175,-0.003334298264235258,1.8042511940002441,0.37933388352394104,0.02001
372,49448.0,834.0,50282.0,50282.0,0.9834135475915835,14.0,0.014,95.0,39948.0,54.0,41.0,4.0,10.0,26611.0,22837.0,247.0,546.0,553.0,254.0,39948.0,399.4799999999995,100.0,1000,1,999,0.10800141596700996,903,0,0,0,0,1,0,0,0,0,0,0,0,1,0,1,52,0,0,0,0,0,0,0,0,0,0,0,0,0,0,1,41,0.7910683751106262,0.05968305096030235,1.4751571416854858,0.30992361903190613,0.019983
373,47873.0,2077.0,49950.0,49950.0,0.9584184184184185,38.0,0.038,93.0,38573.0,48.0,45.0,8.0,30.0,24062.0,23811.0,431.0,706.0,369.0,94.0,38573.0,385.73000000000013,100.0,1000,0,1000,0.10838316695299,902,0,0,0,0,0,0,0,0,0,1,1,0,0,2,3,41,0,0,0,0,0,0,0,0,0,0,0,0,2,0,1,47,1.5103429555892944,0.07407193630933762,2.885932683944702,0.3355015814304352,0.019956
374,46245.0,3480.0,49725.0,49725.0,0.9300150829562595,65.0,0.065,83.0,37945.0,42.0,41.0,23.0,42.0,23843.0,22402.0,148.0,759.0,652.0,41.0,37945.0,379.45,100.0,1000,1,999,0.11006237496621907,915,0,0,0,0,0,0,0,0,0,0,0,0,0,1,2,39,0,0,0,0,0,0,0,0,0,0,1,0,0,1,0,41,1.2014964818954468,-0.03918754309415817,2.5002095699310303,0.47271692752838135,0.019929
375,46952.0,1027.0,47979.0,47979.0,0.9785948018924946,18.0,0.018,94.0,37552.0,50.0,44.0,9.0,9.0,24400.0,22552.0,506.0,332.0,294.0,468.0,37552.0,375.5200000000006,100.0,1000,0,1000,0.10793525003828108,904,0,0,0,0,0,0,0,1,0,0,0,0,0,1,1,49,0,0,0,0,0,1,0,0,0,0,0,0,0,0,1,42,0.4338124990463257,-0.03617331385612488,0.9548969864845276,0.3749719262123108,0.019902
376,48765.0,1566.0,50331.0,50331.0,0.9688859748465161,22.0,0.022,105.0,38265.0,62.0,43.0,2.0,20.0,24980.0,23785.0,485.0,16.0,315.0,0.0,38265.0,382.64999999999947,100.0,1000,2,998,0.10751445905771106,888,0,0,0,0,0,0,0,0,0,0,1,1,0,0,1,62,0,0,0,0,0,0,0,0,0,0,0,0,2,0,1,44,0.8679957985877991,-0.009339971467852592,1.7697209119796753,0.37859830260276794,0.019874999999999997
377,48625.0,1830.0,50455.0,50455.0,0.9637300564859776,20.0,0.02,101.0,38525.0,49.0,52.0,5.0,15.0,24309.0,24316.0,269.0,469.0,531.0,331.0,38525.0,385.2500000000005,100.0,1000,1,999,0.10747633303981274,898,0,0,0,0,0,0,0,0,1,0,1,1,0,0,2,44,0,0,0,0,0,0,0,0,0,0,0,0,3,0,2,48,1.025335669517517,0.04190630838274956,1.983063817024231,0.4082322418689728,0.019847999999999998
378,49286.0,617.0,49903.0,49903.0,0.9876360138669018,10.0,0.01,104.0,38886.0,49.0,55.0,7.0,3.0,24566.0,24720.0,541.0,324.0,259.0,476.0,38886.0,388.85999999999984,100.0,1000,3,997,0.110469332896173,892,0,0,0,0,0,0,0,0,0,1,0,0,0,0,0,51,0,0,0,0,0,0,0,0,0,0,0,0,0,0,1,55,0.5407585501670837,-0.02936883270740509,1.1550301313400269,0.37272194027900696,0.019821
379,48735.0,980.0,49715.0,49715.0,0.9802876395454089,18.0,0.018,107.0,38035.0,60.0,47.0,7.0,11.0,24910.0,23825.0,585.0,493.0,215.0,307.0,38035.0,380.3499999999993,100.0,1000,0,1000,0.1084538750583306,890,0,0,0,0,0,0,0,0,0,0,0,1,0,1,2,57,0,0,0,0,0,0,0,0,0,0,0,0,1,0,0,48,0.6589182615280151,-0.006879246328026056,1.3456833362579346,0.355873703956604,0.019794
380,50195.0,1677.0,51872.0,51872.0,0.9676704194941395,18.0,0.018,95.0,40695.0,53.0,42.0,8.0,10.0,26643.0,23552.0,718.0,717.0,82.0,83.0,40695.0,406.9500000000002,100.0,1000,0,1000,0.1075587080558762,899,0,0,0,0,0,0,0,0,0,0,0,1,1,2,1,53,0,0,0,0,0,0,0,0,0,0,0,0,2,0,0,41,1.5267670154571533,-0.028657618910074234,3.12500262260437,0.35800230503082275,0.019767
381,48000.0,1616.0,49616.0,49616.0,0.9674298613350532,27.0,0.027,93.0,38700.0,50.0,43.0,7.0,20.0,23989.0,24011.0,659.0,258.0,141.0,0.0,38700.0,386.9999999999994,100.0,1000,1,999,0.10711712494958192,904,0,0,0,0,0,0,0,0,0,0,0,0,0,0,1,50,0,0,0,0,0,0,0,0,1,0,0,0,3,0,0,41,0.22285902500152588,-0.08339530974626541,0.6264228820800781,0.35243743658065796,0.01974
382,47738.0,2210.0,49948.0,49948.0,0.9557539841435092,35.0,0.035,88.0,38938.0,46.0,42.0,13.0,22.0,23519.0,24219.0,704.0,284.0,96.0,516.0,38938.0,389.3799999999999,100.0,1000,1,999,0.1075291249435395,911,0,0,0,0,0,1,0,0,0,0,0,0,0,1,0,45,0,0,0,0,0,0,0,0,0,0,0,0,2,0,0,40,1.0863027572631836,0.0267595574259758,2.133204221725464,0.35807907581329346,0.019713
383,46701.0,3067.0,49768.0,49768.0,0.9383740556180679,58.0,0.058,90.0,37701.0,50.0,40.0,29.0,29.0,25423.0,21278.0,715.0,75.0,85.0,725.0,37701.0,377.0099999999996,100.0,1000,3,997,0.10706595797091722,903,0,0,0,0,0,0,0,0,0,0,0,0,1,0,1,51,0,0,0,0,0,0,0,0,0,0,0,0,1,0,0,43,0.6271932721138,-0.020159244537353516,1.310062050819397,0.3900485932826996,0.019686
384,47742.0,1651.0,49393.0,49393.0,0.9665742109205758,21.0,0.021,101.0,37642.0,47.0,54.0,9.0,12.0,23640.0,24102.0,303.3125,740.0,496.6875,60.0,37642.0,376.41999999999973,100.0,1000,1,999,0.10799358400981873,896,0,0,1,0,0,0,0,0,0,0,1,0,0,1,0,45,0,0,0,0,0,0,0,1,1,0,0,0,2,0,2,50,0.8653597831726074,-0.0225193090736866,1.7921062707901,0.41579127311706543,0.019659
385,49569.0,1119.0,50688.0,50688.0,0.9779237689393939,21.0,0.021,102.0,39369.0,48.0,54.0,8.0,13.0,24285.0,25284.0,645.0,501.0,155.0,299.0,39369.0,393.6900000000002,100.0,1000,4,996,0.11027545796241611,892,0,0,0,0,0,0,0,1,0,1,0,0,0,1,2,46,0,0,0,0,0,0,0,0,0,0,0,1,1,0,0,55,1.0671861171722412,-0.015445228666067123,2.1790363788604736,0.3507937788963318,0.019631999999999997
386,48195.0,1746.0,49941.0,49941.0,0.9650387457199495,32.0,0.032,99.0,38295.0,47.0,52.0,22.0,10.0,23795.0,24400.0,575.0,67.875,225.0,15.0,38295.0,382.9499999999997,100.0,1000,1,999,0.10811670799739659,900,0,0,0,0,0,0,1,0,0,0,0,0,0,0,1,45,0,0,0,0,0,0,0,0,1,0,0,0,2,0,0,50,1.3964240550994873,0.07655368745326996,2.655039072036743,0.39016586542129517,0.019604999999999997
387,47838.0,2150.0,49988.0,49988.0,0.9569896775226054,34.0,0.034,90.0,38838.0,42.0,48.0,19.0,15.0,24404.0,23434.0,405.3125,486.0,394.6875,314.0,38838.0,388.3799999999994,100.0,1000,3,997,0.10767837497405708,906,0,0,0,0,0,0,0,0,0,0,0,0,0,0,4,41,0,0,0,0,0,0,0,0,0,0,0,0,3,0,1,45,0.28951919078826904,0.0007882672944106162,0.592090368270874,0.3735961318016052,0.019577999999999998
388,50963.0,1668.0,52631.0,52631.0,0.9683076513841652,24.0,0.024,97.0,41263.0,51.0,46.0,10.0,14.0,26241.0,24722.0,595.0,761.0,205.0,39.0,41263.0,412.63000000000017,100.0,1000,2,998,0.10849316604435444,900,0,0,0,0,0,0,0,0,0,0,0,0,0,1,0,53,0,0,0,0,0,0,0,0,0,0,0,0,0,0,0,46,1.0763123035430908,0.04601137340068817,2.0731685161590576,0.3213776648044586,0.019551
389,48618.0,3041.0,51659.0,51659.0,0.9411332004103835,35.0,0.035,95.0,39118.0,43.0,52.0,19.0,16.0,24553.0,24065.0,286.0,561.0,0.0,239.0,39118.0,391.18000000000086,100.0,1000,0,1000,0.11028887494467199,900,0,0,0,0,0,0,0,0,0,0,1,0,0,2,0,41,0,0,0,1,0,0,0,0,2,0,0,0,0,1,2,50,0.8636759519577026,0.018773604184389114,1.7036077976226807,0.3534926176071167,0.019524
390,47277.0,2028.0,49305.0,49305.0,0.9588682689382415,38.0,0.038,88.0,38477.0,44.0,44.0,22.0,16.0,24938.0,22339.0,414.0,162.0,386.0,638.0,38477.0,384.77,100.0,1000,2,998,0.10798550001345575,909,0,0,0,0,0,0,0,0,0,0,0,0,0,0,0,45,0,0,0,0,0,0,0,0,0,0,0,0,2,0,1,43,0.7690284848213196,0.021174535155296326,1.5089083909988403,0.3385257422924042,0.019497
391,47015.0,2875.0,49890.0,49890.0,0.9423732210863901,34.0,0.034,84.0,38615.0,42.0,42.0,21.0,13.0,24207.0,22808.0,354.0,79.0,446.0,0.0,38615.0,386.14999999999964,100.0,1000,0,1000,0.10852237499784678,915,0,0,0,0,1,0,0,0,0,0,0,0,0,0,0,42,0,0,0,0,0,0,0,0,0,0,0,1,0,0,0,41,0.39080002903938293,-0.010093485936522484,0.8151484131813049,0.3431279957294464,0.01947
392,49897.0,2403.0,52300.0,52300.0,0.9540535372848948,43.0,0.043,85.0,41397.0,42.0,43.0,21.0,22.0,24580.0,25317.0,258.0,44.0,542.0,0.0,41397.0,413.9699999999993,100.0,1000,2,998,0.10731574997771531,910,0,0,0,0,0,1,1,0,0,0,0,0,0,0,1,42,0,0,0,0,0,0,0,0,0,0,0,0,0,0,1,44,0.8259207010269165,-0.07165893167257309,1.8110063076019287,0.4075280427932739,0.019443
393,48244.0,1653.0,49897.0,49897.0,0.966871755816983,28.0,0.028,95.0,38744.0,52.0,43.0,12.0,16.0,24873.0,23371.0,613.0,715.0,187.0,85.0,38744.0,387.4399999999997,100.0,1000,0,1000,0.1086352919228375,902,0,0,0,0,0,0,0,0,0,0,0,0,0,0,0,54,0,0,0,0,0,0,0,0,0,0,0,0,0,0,0,44,0.7968658804893494,-0.04671311378479004,1.7008051872253418,0.351441890001297,0.019416
394,47931.0,1442.0,49373.0,49373.0,0.9707937536710348,29.0,0.029,102.0,37731.0,55.0,47.0,9.0,20.0,25284.0,22647.0,463.0,779.0,337.0,21.0,37731.0,377.30999999999995,100.0,1000,1,999,0.10705545905511826,893,0,1,1,0,0,0,0,0,0,0,0,0,0,1,2,53,1,0,0,0,0,0,0,0,2,0,1,0,1,0,0,44,1.1798092126846313,0.08083366602659225,2.2121567726135254,0.36633098125457764,0.019388999999999997
395,48542.0,1584.0,50126.0,50126.0,0.968399632925029,26.0,0.026,95.0,39042.0,49.0,46.0,10.0,16.0,23844.0,24698.0,177.0,670.0,0.0,130.0,39042.0,390.419999999999,100.0,1000,2,998,0.11027737497352064,900,1,0,0,0,0,0,0,0,0,0,0,0,0,1,1,50,0,0,0,0,0,0,0,0,0,0,0,0,2,0,0,45,0.592958927154541,-0.024942103773355484,1.2481080293655396,0.31778684258461,0.019361999999999997
396,48313.0,1878.0,50191.0,50191.0,0.9625829331951944,36.0,0.036,87.0,39613.0,42.0,45.0,18.0,18.0,24470.0,23843.0,361.75,402.0,438.25,398.0,39613.0,396.1299999999998,100.0,1000,1,999,0.10789995803497732,907,0,0,1,0,0,0,0,0,0,0,0,0,0,1,1,44,0,0,0,0,0,0,1,0,0,0,0,0,0,0,0,45,0.22001609206199646,-0.09909415990114212,0.6529545783996582,0.3810209631919861,0.019334999999999998
397,48895.0,1184.0,50079.0,50079.0,0.976357355378502,22.0,0.022,96.0,39295.0,56.0,40.0,5.0,17.0,25537.0,23358.0,737.0,626.0,63.0,174.0,39295.0,392.95000000000033,100.0,1000,1,999,0.10821804206352681,902,0,0,0,0,0,0,0,0,0,0,0,0,0,1,2,54,0,0,0,0,0,0,0,0,0,0,1,0,2,0,1,37,0.7459083795547485,0.013272326439619064,1.4796576499938965,0.37252911925315857,0.019308
398,49841.0,1601.0,51442.0,51442.0,0.9688775708564986,29.0,0.029,95.0,40341.0,53.0,42.0,12.0,17.0,27476.0,22365.0,565.0,719.0,235.0,81.0,40341.0,403.40999999999946,100.0,1000,2,998,0.10773087490815669,901,1,0,0,0,0,0,0,0,0,0,0,0,0,1,1,51,0,0,0,0,0,0,0,0,1,0,0,0,0,0,0,44,0.5874078273773193,-0.06359977275133133,1.3159890174865723,0.36237388849258423,0.019281
399,48473.0,1430.0,49903.0,49903.0,0.9713444081518146,27.0,0.027,101.0,38373.0,46.0,55.0,22.0,5.0,24546.0,23927.0,357.0,718.0,443.0,82.0,38373.0,383.7299999999997,100.0,1000,2,998,0.10749495902564377,895,0,0,0,0,0,0,0,1,0,0,0,0,0,1,1,44,0,0,2,0,0,0,0,0,0,0,0,0,0,0,0,56,1.0627936124801636,0.055000003427267075,2.02886700630188,0.344855397939682,0.019254
400,50959.0,2006.0,52965.0,52965.0,0.9621259322193901,21.0,0.021,102.0,40759.0,49.0,53.0,7.0,14.0,23670.0,27289.0,759.0,609.0,41.0,191.0,40759.0,407.59000000000066,100.0,1000,1,999,0.11045495793223381,896,0,0,0,0,0,0,0,0,0,0,0,0,2,0,1,47,0,0,0,0,0,0,0,0,0,0,0,0,2,0,1,51,0.6997599601745605,-0.0587821900844574,1.5318806171417236,0.38477838039398193,0.019227
401,48726.0,2077.0,50803.0,50803.0,0.9591165876030943,38.0,0.038,91.0,39626.0,46.0,45.0,16.0,22.0,24544.0,24182.0,11.0,800.0,22.0,0.0,39626.0,396.25999999999993,100.0,1000,3,997,0.10763799992855638,905,0,0,0,0,0,0,0,0,0,0,0,0,1,1,0,46,0,0,0,0,0,0,0,0,0,0,0,0,2,0,0,45,0.6730398535728455,-0.026867365464568138,1.4121383428573608,0.32093411684036255,0.0192
402,48707.0,2604.0,51311.0,51311.0,0.9492506480091988,33.0,0.033,94.0,39307.0,49.0,45.0,23.0,10.0,26061.0,22646.0,655.0,513.5625,145.0,286.4375,39307.0,393.06999999999977,100.0,1000,1,999,0.11069674999453127,901,0,0,0,0,0,0,0,1,0,0,0,1,0,0,3,46,0,0,0,0,0,0,0,0,2,0,1,0,0,0,0,45,1.1306391954421997,0.06781703978776932,2.1401453018188477,0.37816259264945984,0.019173
403,49249.0,1285.0,50534.0,50534.0,0.9745715755728817,24.0,0.024,96.0,39649.0,50.0,46.0,13.0,11.0,25875.0,23374.0,245.0,442.0,555.0,358.0,39649.0,396.49,100.0,1000,3,997,0.10783033294137567,902,0,0,0,0,0,0,0,0,0,0,1,0,0,0,0,49,0,0,0,0,0,0,0,0,0,0,0,0,0,0,0,48,0.48664426803588867,0.002639402635395527,0.9814090728759766,0.34992626309394836,0.019145999999999996
404,48662.0,1686.0,50348.0,50348.0,0.9665130690394852,29.0,0.029,85.0,40162.0,43.0,42.0,13.0,16.0,25131.0,23531.0,259.0,577.0,541.0,223.0,40162.0,401.62000000000006,100.0,1000,1,999,0.10762720892671496,911,0,0,0,0,0,0,0,0,0,0,0,0,1,0,1,45,0,0,0,0,0,0,0,0,0,0,1,0,2,0,1,38,1.0723286867141724,0.03329797834157944,2.091674566268921,0.3560100495815277,0.019118999999999997
405,47287.0,2467.0,49754.0,49754.0,0.9504160469509989,41.0,0.041,86.0,38687.0,46.0,40.0,13.0,28.0,24860.0,22427.0,297.0,35.0,503.0,765.0,38687.0,386.86999999999966,100.0,1000,1,999,0.10819812503177673,910,0,0,0,0,0,0,0,0,0,0,0,0,0,0,1,46,0,0,0,0,0,0,0,0,0,0,0,0,2,0,0,41,0.40589141845703125,-0.051178328692913055,0.9268266558647156,0.3322629928588867,0.019091999999999998
406,46844.0,2409.0,49253.0,49253.0,0.9510892737498223,48.0,0.048,85.0,38344.0,43.0,42.0,22.0,26.0,23254.0,23590.0,492.0,279.0,0.0,521.0,38344.0,383.4399999999999,100.0,1000,2,998,0.11085033300332725,913,1,0,0,0,0,1,0,0,0,0,0,0,0,1,0,40,0,0,0,0,0,0,0,0,0,0,0,0,1,0,0,43,0.9324835538864136,0.025851698592305183,1.8276679515838623,0.37776827812194824,0.019065
407,48249.0,1801.0,50050.0,50050.0,0.964015984015984,34.0,0.034,92.0,39049.0,44.0,48.0,23.0,11.0,23581.0,24668.0,299.0,535.875,501.0,264.125,39049.0,390.4900000000002,100.0,1000,2,998,0.10797900008037686,904,0,0,0,0,0,0,0,0,0,0,0,1,0,0,0,44,0,0,0,0,0,0,0,0,1,0,0,0,2,0,1,47,1.208699107170105,0.06949576735496521,2.2923731803894043,0.366809219121933,0.019038
408,47506.0,1980.0,49486.0,49486.0,0.9599886836681082,38.0,0.038,95.0,38006.0,45.0,50.0,32.0,6.0,22984.0,24522.0,765.0,421.0,35.0,0.0,38006.0,380.0600000000002,100.0,1000,0,1000,0.11118133296258748,903,0,0,0,0,0,0,0,0,0,0,0,0,0,0,0,46,0,0,0,0,0,0,0,0,0,0,0,0,1,0,0,50,1.0445858240127563,0.016838377341628075,2.0679569244384766,0.3277584910392761,0.019011
409,47990.0,1536.0,49526.0,49526.0,0.9689859871582603,26.0,0.026,86.0,39390.0,45.0,41.0,5.0,21.0,25032.0,22958.0,349.0,215.0,28.1875,585.0,39390.0,393.8999999999999,100.0,1000,2,998,0.10743862495291978,912,0,0,0,0,0,0,0,0,0,0,0,0,0,0,1,45,0,0,0,0,0,0,0,0,0,0,0,0,0,1,0,41,1.014330506324768,0.03947285935282707,1.9621994495391846,0.32880276441574097,0.018984
410,49169.0,2173.0,51342.0,51342.0,0.9576759767831405,34.0,0.034,90.0,40169.0,48.0,42.0,14.0,20.0,23515.0,25654.0,737.0,387.0,63.0,413.0,40169.0,401.6900000000004,100.0,1000,3,997,0.10863283404614776,907,1,0,0,0,0,0,0,0,0,0,0,0,1,0,2,44,0,0,0,0,0,0,0,0,0,0,0,0,0,0,0,45,0.8340977430343628,0.016650181263685226,1.6490390300750732,0.3730546236038208,0.018957
411,48720.0,839.0,49559.0,49559.0,0.9830706834278334,18.0,0.018,98.0,38920.0,51.0,47.0,7.0,11.0,24914.0,23806.0,691.0,389.0,109.0,411.0,38920.0,389.2000000000002,100.0,1000,0,1000,0.10771804093383253,901,0,0,0,0,1,0,0,0,0,0,1,0,0,1,0,48,0,0,0,0,0,0,0,0,0,0,0,0,0,0,0,48,1.4266852140426636,0.10292735695838928,2.6598031520843506,0.3245496451854706,0.01893
412,46463.0,2410.0,48873.0,48873.0,0.950688519223293,32.0,0.032,89.0,37563.0,42.0,47.0,19.0,13.0,22254.0,24209.0,224.0,780.0,26.0,20.0,37563.0,375.63,100.0,1000,1,999,0.11076662503182888,908,0,0,0,0,0,0,0,0,0,0,0,0,0,0,0,43,0,0,0,0,0,0,0,0,0,0,0,0,0,0,1,48,0.6568375825881958,-0.00420733354985714,1.3349683284759521,0.3406475782394409,0.018903
413,48482.0,1604.0,50086.0,50086.0,0.9679750828574851,28.0,0.028,89.0,39582.0,43.0,46.0,21.0,7.0,24272.0,24210.0,290.0,681.0,510.0,119.0,39582.0,395.8200000000004,100.0,1000,2,998,0.1071944999275729,907,0,0,0,0,0,0,0,1,0,0,0,1,0,1,1,41,0,0,0,1,0,0,0,0,1,0,0,0,3,0,0,43,0.19588685035705566,-0.07559362053871155,0.5571098327636719,0.3747851550579071,0.018876
414,49062.0,1594.0,50656.0,50656.0,0.9685328490208465,30.0,0.03,91.0,39962.0,44.0,47.0,18.0,12.0,23843.0,25219.0,730.0,401.0,70.0,399.0,39962.0,399.6199999999998,100.0,1000,1,999,0.10721124999690801,906,0,0,0,0,0,0,0,0,0,0,0,0,1,0,0,45,0,0,0,0,0,0,0,0,0,0,0,0,2,0,2,44,0.6017592549324036,0.0029438529163599014,1.2109285593032837,0.3527447283267975,0.018848999999999998
415,48370.0,1400.0,49770.0,49770.0,0.9718706047819972,27.0,0.027,93.0,39070.0,44.0,49.0,12.0,15.0,24059.0,24311.0,626.0,448.0,174.0,48.0,39070.0,390.70000000000005,100.0,1000,1,999,0.10742675000801682,905,0,0,0,0,0,0,0,0,1,0,0,0,1,0,1,43,0,0,0,0,0,0,0,0,0,0,0,0,1,0,0,48,0.6373253464698792,-0.07145541906356812,1.428486943244934,0.29023104906082153,0.018822
416,47449.0,2781.0,50230.0,50230.0,0.9446346804698388,50.0,0.05,91.0,38349.0,42.0,49.0,25.0,25.0,23457.0,23992.0,212.0,762.0,588.0,38.0,38349.0,383.4899999999998,100.0,1000,0,1000,0.11030974995810539,906,0,0,0,0,0,0,0,0,0,0,0,1,1,0,0,40,0,0,1,0,0,0,0,0,0,0,1,0,3,0,0,47,0.815921425819397,0.022344835102558136,1.6018552780151367,0.39111676812171936,0.018795
417,48676.0,1252.0,49928.0,49928.0,0.9749238904021791,22.0,0.022,97.0,38976.0,49.0,48.0,13.0,9.0,24763.0,23913.0,528.0,405.0,272.0,395.0,38976.0,389.75999999999976,100.0,1000,1,999,0.10818608396220952,901,0,0,0,0,0,0,0,0,0,0,0,0,0,1,0,49,0,0,0,0,0,0,0,0,0,0,0,0,0,0,1,48,0.9691675901412964,0.057900626212358475,1.834954857826233,0.33090612292289734,0.018768
418,47846.0,1690.0,49536.0,49536.0,0.9658833979328165,30.0,0.03,87.0,39146.0,44.0,43.0,4.0,26.0,21974.0,25872.0,396.0,392.0,404.0,408.0,39146.0,391.4600000000003,100.0,1000,0,1000,0.10709349997341633,911,0,0,0,0,0,0,0,1,0,0,0,0,0,1,0,43,0,0,0,0,0,0,0,0,0,0,0,0,0,0,0,44,1.6798670291900635,0.10964415967464447,3.15362286567688,0.35156020522117615,0.018741
419,48802.0,1900.0,50702.0,50702.0,0.9625261330913968,29.0,0.029,90.0,39802.0,46.0,44.0,7.0,22.0,23968.0,24834.0,186.0,710.0,614.0,90.0,39802.0,398.0200000000008,100.0,1000,1,999,0.11046895803883672,910,0,0,1,0,0,0,0,1,0,1,0,0,2,1,0,40,0,0,0,0,0,0,0,0,0,0,0,0,3,0,0,41,0.5068244338035583,-0.0765886902809143,1.1807881593704224,0.3730337917804718,0.018714
420,49970.0,1502.0,51472.0,51472.0,0.9708190861050668,23.0,0.023,94.0,40570.0,46.0,48.0,13.0,10.0,24747.0,25223.0,614.0,582.0,186.0,218.0,40570.0,405.70000000000056,100.0,1000,1,999,0.10740204097237438,903,0,0,0,0,0,0,0,0,0,0,1,1,0,1,2,42,0,0,0,0,0,0,0,0,0,0,0,0,1,0,2,47,0.5136818289756775,-0.036653921008110046,1.1131964921951294,0.3351234495639801,0.018687
421,47630.0,1421.0,49051.0,49051.0,0.9710301522904732,23.0,0.023,88.0,38830.0,45.0,43.0,14.0,9.0,24084.0,23546.0,572.0,298.0,228.0,502.0,38830.0,388.2999999999997,100.0,1000,0,1000,0.10820854199118912,910,0,0,0,0,0,0,0,0,0,0,0,0,0,0,1,44,0,0,0,0,0,0,0,0,0,0,0,0,0,0,1,44,0.5306537747383118,0.002656507072970271,1.0680320262908936,0.3225475251674652,0.01866
422,47679.0,1607.0,49286.0,49286.0,0.9673943919165686,29.0,0.029,93.0,38379.0,48.0,45.0,18.0,11.0,24158.0,23521.0,585.0,643.0,215.0,0.0,38379.0,383.79,100.0,1000,0,1000,0.10730091703590006,906,0,0,0,0,0,0,0,0,0,0,1,0,1,0,0,46,0,0,0,0,0,0,0,0,0,0,0,0,0,0,0,46,0.9249253273010254,-0.04000147059559822,1.9419817924499512,0.3254503607749939,0.018633
423,47819.0,2052.0,49871.0,49871.0,0.95885384291472,38.0,0.038,92.0,38619.0,46.0,46.0,13.0,25.0,22982.0,24837.0,460.5625,627.0,0.0,173.0,38619.0,386.1899999999999,100.0,1000,1,999,0.11066483298782259,906,0,0,0,0,0,0,0,0,1,0,0,0,1,1,2,43,0,0,0,0,0,0,0,0,0,1,0,0,1,0,1,43,0.7874369025230408,-0.010193884372711182,1.606501579284668,0.30205363035202026,0.018605999999999998
424,47444.0,2057.0,49501.0,49501.0,0.9584452839336579,21.0,0.021,89.0,38544.0,41.0,48.0,11.0,10.0,22905.0,24539.0,419.0,575.0,381.0,225.0,38544.0,385.4399999999995,100.0,1000,0,1000,0.10797870892565697,910,0,0,0,0,0,0,0,0,0,0,0,0,0,0,0,42,0,0,0,0,0,0,0,0,0,0,0,0,0,0,1,47,1.3552186489105225,0.03540882468223572,2.650459051132202,0.29171034693717957,0.018579
425,48067.0,1846.0,49913.0,49913.0,0.9630156472261735,25.0,0.025,83.0,39767.0,39.0,44.0,15.0,10.0,23358.0,24709.0,563.0,384.0,237.0,416.0,39767.0,397.6699999999994,100.0,1000,1,999,0.11076900002080947,914,0,0,0,0,0,0,0,0,0,0,0,0,0,0,0,40,0,0,0,0,0,0,0,0,1,0,0,0,2,0,0,43,0.5588574409484863,-0.00911958422511816,1.1463825702667236,0.28106167912483215,0.018552
426,48471.0,3564.0,52035.0,52035.0,0.9315076390890746,32.0,0.032,89.0,39571.0,48.0,41.0,10.0,22.0,24176.0,24295.0,360.0,548.0,440.0,252.0,39571.0,395.70999999999987,100.0,1000,0,1000,0.10843374999240041,909,0,0,0,0,0,0,0,0,0,0,0,1,0,0,2,45,0,0,0,0,0,0,0,0,0,0,0,0,0,0,0,43,0.922800600528717,0.031337663531303406,1.7954763174057007,0.3387455642223358,0.018525
427,48208.0,1586.0,49794.0,49794.0,0.9681487729445315,26.0,0.026,91.0,39108.0,50.0,41.0,18.0,8.0,25619.0,22589.0,643.0,47.0,157.0,0.0,39108.0,391.0799999999999,100.0,1000,0,1000,0.10821137495804578,909,0,0,0,0,0,0,0,1,0,1,0,0,0,0,0,48,0,0,0,0,0,0,0,0,1,0,0,0,0,0,0,40,0.9048656821250916,-0.006380929145962,1.8338747024536133,0.3076411485671997,0.018498
428,48418.0,1219.0,49637.0,49637.0,0.9754417067913048,22.0,0.022,94.0,39018.0,49.0,45.0,11.0,11.0,23855.0,24563.0,668.0,194.0,132.0,606.0,39018.0,390.1799999999995,100.0,1000,1,999,0.11094699997920543,902,0,0,0,0,0,0,0,0,0,0,0,0,0,0,2,49,0,0,0,0,0,0,0,0,0,0,0,0,1,0,0,46,1.1603847742080688,0.0776480957865715,2.1756811141967773,0.2763182520866394,0.018471
429,47546.0,2295.0,49841.0,49841.0,0.9539535723601051,40.0,0.04,88.0,38746.0,47.0,41.0,13.0,27.0,23924.0,23622.0,645.0,243.0,155.0,557.0,38746.0,387.4599999999993,100.0,1000,0,1000,0.1083805839298293,911,0,0,0,0,0,0,1,0,0,0,0,0,0,0,4,43,0,0,0,0,0,0,0,0,0,0,0,0,0,0,2,39,0.8998870253562927,0.043800558894872665,1.7244999408721924,0.33417263627052307,0.018444
430,48157.0,1921.0,50078.0,50078.0,0.9616398418467191,35.0,0.035,86.0,39557.0,43.0,43.0,17.0,18.0,23818.0,24339.0,350.0,631.0,450.0,169.0,39557.0,395.57000000000033,100.0,1000,1,999,0.11051912500988692,911,0,0,0,0,0,2,0,0,1,0,0,0,0,1,1,40,0,0,0,0,0,0,0,0,0,0,0,0,1,0,0,43,0.5195696353912354,-0.03357405215501785,1.1194535493850708,0.3574456572532654,0.018417
431,48626.0,1285.0,49911.0,49911.0,0.9742541724269199,23.0,0.023,90.0,39626.0,42.0,48.0,12.0,11.0,24449.0,24177.0,431.0,517.0,369.0,283.0,39626.0,396.2600000000001,100.0,1000,0,1000,0.10717674996703863,904,0,0,0,0,0,0,0,0,0,0,0,0,0,0,1,45,0,0,0,1,0,0,0,0,1,0,0,0,0,0,0,48,0.7018873691558838,0.010059492662549019,1.395354151725769,0.3180631697177887,0.018389999999999997
432,47047.0,2189.0,49236.0,49236.0,0.9555406613047364,21.0,0.021,84.0,38647.0,44.0,40.0,10.0,11.0,23986.0,23061.0,306.0,496.0,494.0,304.0,38647.0,386.47,100.0,1000,2,998,0.11013383301906288,914,0,0,0,0,0,0,0,1,0,0,0,0,0,1,0,42,0,0,0,1,0,0,0,0,0,0,0,0,0,0,0,41,0.8945143222808838,0.0698046162724495,1.6600555181503296,0.2896072268486023,0.018362999999999997
433,47105.0,2635.0,49740.0,49740.0,0.9470245275432247,45.0,0.045,82.0,38905.0,38.0,44.0,24.0,21.0,22644.0,24461.0,425.375,190.0,374.625,38.0,38905.0,389.0500000000002,100.0,1000,3,997,0.10735304199624807,916,0,0,0,0,1,0,0,0,0,1,1,0,0,0,0,36,0,0,0,0,0,0,0,0,0,0,0,0,1,0,0,44,0.9723572134971619,0.021324943751096725,1.9144803285598755,0.33856239914894104,0.018335999999999998
434,48854.0,1776.0,50630.0,50630.0,0.9649219830140233,27.0,0.027,94.0,39454.0,47.0,47.0,13.0,14.0,23290.0,25564.0,364.0,519.0,50.0,281.0,39454.0,394.53999999999985,100.0,1000,0,1000,0.11062616691924632,906,0,0,0,0,0,0,0,0,0,0,0,0,0,0,0,47,0,0,0,0,0,0,0,0,1,0,0,0,0,0,1,45,1.2354182004928589,0.09188617765903473,2.2978150844573975,0.2935960590839386,0.018309
435,49457.0,1154.0,50611.0,50611.0,0.9771986327083045,23.0,0.023,90.0,40457.0,45.0,45.0,10.0,13.0,23899.0,25558.0,800.0,513.0,0.0,287.0,40457.0,404.56999999999994,100.0,1000,1,999,0.10849041701294482,909,0,0,0,0,0,0,0,0,0,0,0,0,0,0,1,44,0,0,0,0,0,0,0,0,1,0,0,0,0,0,0,45,0.7291101217269897,-0.05291266739368439,1.5745642185211182,0.2876799404621124,0.018282
436,47865.0,1937.0,49802.0,49802.0,0.9611059796795309,37.0,0.037,85.0,39365.0,44.0,41.0,14.0,23.0,24548.0,23317.0,656.0,249.57421875,144.0,550.42578125,39365.0,393.65000000000026,100.0,1000,2,998,0.10801766603253782,913,0,0,0,0,0,0,0,0,0,0,0,0,0,0,0,46,0,0,0,0,0,0,1,0,0,0,0,0,1,1,0,38,0.8403128981590271,0.04999380558729172,1.5910108089447021,0.2841038107872009,0.018255
437,47810.0,2998.0,50808.0,50808.0,0.9409935443237285,48.0,0.048,78.0,40010.0,41.0,37.0,20.0,28.0,24110.0,23700.0,335.0,368.0,465.0,432.0,40010.0,400.0999999999991,100.0,1000,2,998,0.10777229198720306,921,0,0,0,0,0,0,0,0,0,0,0,0,0,1,2,38,0,0,0,0,0,0,0,0,0,0,0,0,0,1,0,37,0.3335610628128052,-0.07390691339969635,0.82551509141922,0.2901889681816101,0.018228
438,47809.0,2647.0,50456.0,50456.0,0.9475384493420009,50.0,0.05,83.0,39509.0,41.0,42.0,9.0,41.0,22800.0,25009.0,705.0,54.0,95.0,746.0,39509.0,395.0899999999992,100.0,1000,1,999,0.10727629193570465,916,0,0,0,0,1,0,0,0,0,0,0,0,0,1,0,39,0,0,0,0,0,0,0,0,0,0,0,0,1,0,0,42,0.44288814067840576,-0.04475637897849083,0.9874504804611206,0.3340875506401062,0.018201
439,47049.0,2624.0,49673.0,49673.0,0.9471745213697582,38.0,0.038,86.0,38449.0,39.0,47.0,27.0,11.0,22144.0,24905.0,617.0,542.0,183.0,258.0,38449.0,384.4900000000003,100.0,1000,4,996,0.10755895799957216,910,0,0,0,0,0,0,0,0,1,0,0,0,0,0,1,39,0,0,0,0,0,0,0,0,0,0,0,0,0,0,2,47,0.9868944883346558,0.014952323399484158,1.9550644159317017,0.30758318305015564,0.018174
440,46653.0,2531.0,49184.0,49184.0,0.9485401756668835,30.0,0.03,85.0,38153.0,39.0,46.0,26.0,4.0,23178.0,23475.0,384.0,394.0,416.0,406.0,38153.0,381.529999999999,100.0,1000,2,998,0.11084762506652623,911,0,0,0,0,0,0,0,0,0,1,0,0,1,0,0,39,0,0,0,0,0,0,0,0,0,0,0,0,0,0,1,47,0.7149953842163086,-0.02315828762948513,1.489464282989502,0.3625088930130005,0.018146999999999996
441,50029.0,1120.0,51149.0,51149.0,0.9781031887231422,20.0,0.02,95.0,40529.0,44.0,51.0,10.0,10.0,24846.0,25183.0,556.0,655.0,30.5,145.0,40529.0,405.2899999999996,100.0,1000,2,998,0.10806141700595617,904,0,0,0,0,0,0,0,0,0,0,1,0,0,1,0,42,0,0,0,0,0,0,0,0,0,0,0,0,0,0,0,52,0.7536604404449463,0.020621566101908684,1.477615237236023,0.31836116313934326,0.018119999999999997
442,47393.0,1149.0,48542.0,48542.0,0.9763297762762144,17.0,0.017,89.0,38493.0,42.0,47.0,12.0,5.0,23981.0,23412.0,700.0,548.0,100.0,252.0,38493.0,384.9300000000002,100.0,1000,0,1000,0.10707291692961007,908,0,0,0,0,0,0,0,0,0,0,0,0,0,0,1,42,0,0,0,0,0,0,0,0,0,0,0,0,0,0,1,48,0.7706336975097656,0.008171767927706242,1.5356333255767822,0.29595690965652466,0.018092999999999998
443,49174.0,1628.0,50802.0,50802.0,0.9679540175583639,26.0,0.026,87.0,40474.0,42.0,45.0,12.0,14.0,24127.0,25047.0,27.0,407.0,110.0,393.0,40474.0,404.7399999999997,100.0,1000,1,999,0.11049154202919453,910,0,0,0,0,0,0,0,0,0,0,0,0,0,1,0,43,0,0,0,0,0,0,0,0,0,1,0,0,0,0,1,44,0.6965582370758057,-0.002380151068791747,1.4088889360427856,0.3047759234905243,0.018066
444,48574.0,1107.0,49681.0,49681.0,0.9777178398180391,20.0,0.02,91.0,39474.0,46.0,45.0,9.0,11.0,23114.0,25460.0,574.0,624.0,226.0,176.0,39474.0,394.7399999999998,100.0,1000,1,999,0.10765333299059421,905,0,0,0,0,0,0,0,1,0,0,0,0,1,0,1,45,0,0,0,0,0,0,0,0,0,0,0,0,1,0,0,46,0.7973449230194092,0.08473529666662216,1.4363199472427368,0.3076847195625305,0.018039
445,46467.0,1280.0,47747.0,47747.0,0.9731920330073094,21.0,0.021,81.0,38367.0,39.0,42.0,15.0,6.0,22171.0,24296.0,736.0,518.0,64.0,282.0,38367.0,383.6700000000004,100.0,1000,0,1000,0.10756862489506602,917,0,0,0,0,0,1,0,0,0,0,0,0,0,1,0,39,0,0,0,0,0,0,0,0,0,0,0,0,2,0,0,40,0.8633280992507935,0.020532814785838127,1.6964936256408691,0.30265992879867554,0.018012
446,48087.0,1624.0,49711.0,49711.0,0.9673311741867997,30.0,0.03,83.0,39787.0,39.0,44.0,16.0,14.0,22774.0,25313.0,399.0,715.0,401.0,85.0,39787.0,397.8700000000004,100.0,1000,0,1000,0.10760654101613909,915,0,0,0,0,0,0,0,0,0,0,0,0,0,0,1,38,0,0,0,0,0,0,0,0,1,0,0,0,0,0,0,45,0.21248504519462585,-0.027020614594221115,0.4902952015399933,0.31370264291763306,0.017985
447,47437.0,1595.0,49032.0,49032.0,0.9674702235274922,28.0,0.028,86.0,38837.0,42.0,44.0,9.0,19.0,23416.0,24021.0,248.0,551.0,552.0,249.0,38837.0,388.3700000000001,100.0,1000,2,998,0.10785308398772031,911,0,0,0,0,0,0,0,0,0,1,0,0,0,0,0,42,0,0,0,0,0,0,0,0,1,0,0,0,3,0,1,41,1.0241154432296753,-0.025982949882745743,2.1111464500427246,0.30486762523651123,0.017958
448,48397.0,1945.0,50342.0,50342.0,0.9613642684041158,25.0,0.025,88.0,39597.0,43.0,45.0,18.0,7.0,24298.0,24099.0,395.0,586.0,405.0,214.0,39597.0,395.9700000000003,100.0,1000,0,1000,0.1076753749512136,910,0,0,0,0,0,0,0,0,0,0,0,0,0,3,1,40,0,0,0,0,0,0,0,0,2,0,0,0,0,0,2,42,0.590985894203186,-0.05602718144655228,1.3038686513900757,0.27445587515830994,0.017931
449,47579.0,2093.0,49672.0,49672.0,0.9578635851183765,34.0,0.034,84.0,39179.0,47.0,37.0,19.0,15.0,25294.0,22285.0,123.0,696.0,87.0,104.0,39179.0,391.7899999999996,100.0,1000,2,998,0.10787624993827194,914,0,0,0,0,0,1,0,0,0,0,0,0,0,0,0,46,0,0,0,0,0,0,0,0,0,0,0,0,1,0,0,38,0.4748992621898651,-0.028984660282731056,1.016939640045166,0.2561379075050354,0.017903999999999996
450,48114.0,2801.0,50915.0,50915.0,0.9449867426102327,38.0,0.038,88.0,39314.0,47.0,41.0,14.0,24.0,23924.0,24190.0,716.0,400.0,84.0,400.0,39314.0,393.13999999999965,100.0,1000,3,997,0.10751687502488494,912,0,0,0,0,0,1,1,0,0,0,1,1,0,0,4,39,0,0,0,0,0,0,0,0,0,0,0,0,1,0,0,40,1.0126148462295532,0.07663864642381668,1.8814632892608643,0.2660138010978699,0.017876999999999997
451,45979.0,3583.0,49562.0,49562.0,0.9277067107864897,54.0,0.054,77.0,38279.0,37.0,40.0,13.0,41.0,20741.0,25238.0,587.0,730.0,213.0,70.0,38279.0,382.7900000000001,100.0,1000,0,1000,0.10770320799201727,919,0,0,0,0,1,0,0,0,0,0,0,0,0,2,3,33,1,0,0,0,0,0,0,0,1,0,0,0,1,0,0,39,1.2943283319473267,0.05777684226632118,2.4832377433776855,0.2838861644268036,0.017849999999999998
452,46787.0,2158.0,48945.0,48945.0,0.9559096945551129,40.0,0.04,76.0,39187.0,40.0,36.0,24.0,16.0,24593.0,22194.0,156.0,392.0,644.0,408.0,39187.0,391.86999999999995,100.0,1000,2,998,0.11023112491238862,923,0,0,0,0,0,0,0,0,0,0,1,1,0,0,2,37,0,0,0,0,0,0,0,0,1,0,0,0,0,0,0,35,0.331992506980896,-0.055198390036821365,0.7844318151473999,0.2819388806819916,0.017823
453,47339.0,4143.0,51482.0,51482.0,0.9195252709684938,73.0,0.073,79.0,39439.0,43.0,36.0,32.0,41.0,25183.0,22156.0,547.0,800.0,253.0,0.0,39439.0,394.39000000000055,100.0,1000,0,1000,0.10804637498222291,920,0,0,0,0,0,0,0,0,0,0,0,1,0,1,0,42,0,0,0,0,0,0,0,0,0,0,0,0,0,0,0,36,0.9316858649253845,0.014842755161225796,1.843961477279663,0.28869563341140747,0.017796
454,45200.0,4985.0,50185.0,50185.0,0.9006675301384875,65.0,0.065,75.0,37700.0,36.0,39.0,42.0,23.0,22149.0,23051.0,2.0,609.0,0.0,191.0,37700.0,377.00000000000017,100.0,1000,2,998,0.11159170791506767,922,0,0,0,0,0,0,0,0,0,0,0,0,0,0,3,35,0,0,0,0,0,0,0,0,1,0,0,0,0,0,0,39,1.4160574674606323,0.06548085063695908,2.7119598388671875,0.3040851056575775,0.017769
455,48752.0,2128.0,50880.0,50880.0,0.9581761006289308,33.0,0.033,89.0,39852.0,48.0,41.0,16.0,17.0,25193.0,23559.0,660.0,557.0,140.0,243.0,39852.0,398.52000000000015,100.0,1000,2,998,0.10843345907051116,910,0,0,0,0,1,0,0,1,0,0,0,1,1,0,2,42,0,0,0,0,0,0,0,1,0,0,0,0,0,0,1,40,1.3345274925231934,0.062215302139520645,2.555068016052246,0.2943212687969208,0.017742
456,48057.0,2405.0,50462.0,50462.0,0.9523403749355951,39.0,0.039,78.0,40257.0,39.0,39.0,15.0,24.0,24681.0,23376.0,554.0,710.0,0.0,90.0,40257.0,402.5699999999999,100.0,1000,1,999,0.11005495907738805,920,0,0,0,0,0,0,0,0,0,0,0,0,0,1,0,39,0,0,0,0,0,0,0,0,0,0,0,0,0,0,1,39,1.2123193740844727,-0.03155716136097908,2.4972429275512695,0.26784756779670715,0.017714999999999998
457,47480.0,2768.0,50248.0,50248.0,0.9449132303773284,53.0,0.053,81.0,39380.0,44.0,37.0,15.0,38.0,23924.0,23556.0,187.0,145.0,0.0,655.0,39380.0,393.79999999999905,100.0,1000,2,998,0.10802050004713237,917,0,0,0,0,0,1,0,0,0,0,0,0,0,1,0,44,0,1,0,0,0,0,0,0,0,0,0,0,0,0,0,36,0.429531991481781,-0.05473972111940384,0.9815589189529419,0.367919921875,0.017688
458,47345.0,1595.0,48940.0,48940.0,0.9674090723334695,26.0,0.026,80.0,39345.0,41.0,39.0,18.0,8.0,24051.0,23294.0,569.75,49.0,230.25,751.0,39345.0,393.45000000000033,100.0,1000,0,1000,0.11141550005413592,920,0,0,0,0,0,0,0,0,0,0,1,1,0,0,1,38,0,0,0,0,0,0,0,0,0,0,0,0,0,0,0,39,0.2525178790092468,-0.0808303952217102,0.6786893010139465,0.33952608704566956,0.017660999999999996
459,49800.0,695.0,50495.0,50495.0,0.9862362610159422,10.0,0.01,91.0,40700.0,44.0,47.0,2.0,8.0,25001.0,24799.0,539.0,375.0,261.0,425.0,40700.0,406.9999999999998,100.0,1000,0,1000,0.10924295790027827,909,0,0,0,0,0,0,0,0,0,0,0,0,0,0,0,44,0,0,0,0,0,0,0,0,0,0,0,0,1,0,1,45,0.7412642240524292,-0.006444944534450769,1.5069711208343506,0.32757094502449036,0.017633999999999997
460,46118.0,1744.0,47862.0,47862.0,0.9635619071497221,29.0,0.029,87.0,37418.0,41.0,46.0,12.0,17.0,22275.0,23843.0,172.0,503.0,0.0,297.0,37418.0,374.1800000000001,100.0,1000,1,999,0.10814483393914998,911,0,0,0,0,0,0,0,0,0,0,0,0,1,0,2,39,0,0,0,0,0,0,0,0,0,0,0,0,1,0,1,45,1.0441795587539673,0.09571587294340134,1.907292127609253,0.29433923959732056,0.017606999999999998
461,48501.0,1708.0,50209.0,50209.0,0.9659821944272939,28.0,0.028,86.0,39901.0,39.0,47.0,19.0,9.0,24092.0,24409.0,575.0,467.0,225.0,333.0,39901.0,399.0099999999996,100.0,1000,1,999,0.10807133303023875,914,0,0,0,0,0,0,0,0,0,0,0,0,0,0,2,37,0,0,0,0,0,0,0,0,0,0,0,0,1,0,0,46,0.792452335357666,-0.00988890789449215,1.6164246797561646,0.333964079618454,0.01758
462,48721.0,1577.0,50298.0,50298.0,0.9686468646864687,27.0,0.027,88.0,39921.0,45.0,43.0,22.0,5.0,24655.0,24066.0,614.0,532.0,186.0,268.0,39921.0,399.20999999999975,100.0,1000,1,999,0.10778854100499302,910,0,0,0,0,0,1,0,0,0,0,0,0,0,0,2,43,0,0,0,0,0,0,0,0,0,0,0,0,0,0,0,44,0.5491104125976562,0.007803597487509251,1.0934414863586426,0.308432936668396,0.017553
463,49978.0,1807.0,51785.0,51785.0,0.9651057255962151,27.0,0.027,97.0,40278.0,48.0,49.0,22.0,5.0,25330.0,24648.0,732.0,503.0,68.0,297.0,40278.0,402.7800000000003,100.0,1000,1,999,0.10797508293762803,902,0,0,1,0,0,0,0,0,0,0,0,0,0,1,0,46,0,0,0,0,0,0,0,0,0,0,0,0,0,0,0,50,0.6919112205505371,-0.024301322177052498,1.4419207572937012,0.27090176939964294,0.017526
464,45869.0,4039.0,49908.0,49908.0,0.919071090807085,50.0,0.05,80.0,37869.0,37.0,43.0,19.0,31.0,21865.0,24004.0,681.0,401.0,28.0,399.0,37869.0,378.6899999999996,100.0,1000,1,999,0.11028120806440711,917,0,0,0,0,0,0,0,0,0,0,1,0,1,1,0,35,0,0,0,0,0,0,0,0,0,0,0,0,1,0,0,44,0.4895140528678894,-0.01454547606408596,1.0187366008758545,0.3033760190010071,0.017499
465,48934.0,1423.0,50357.0,50357.0,0.9717417638064222,25.0,0.025,83.0,40634.0,39.0,44.0,12.0,13.0,23860.0,25074.0,279.0,626.0,521.0,174.0,40634.0,406.3400000000001,100.0,1000,0,1000,0.10878949996549636,914,0,0,0,0,0,0,0,0,0,0,0,0,0,1,1,37,0,0,0,0,0,0,0,0,0,0,0,0,1,0,0,46,0.5970184803009033,-0.02283329889178276,1.249808430671692,0.2891751527786255,0.017471999999999998
466,48834.0,1084.0,49918.0,49918.0,0.9782843863936856,19.0,0.019,91.0,39734.0,47.0,44.0,8.0,11.0,24999.0,23835.0,720.0,616.0,80.0,184.0,39734.0,397.3399999999998,100.0,1000,3,997,0.11069724999833852,905,0,0,0,0,0,0,0,0,0,0,1,1,0,0,2,45,0,0,0,0,0,0,0,0,1,0,0,0,1,0,1,43,0.834903359413147,0.06648284196853638,1.546643614768982,0.28095632791519165,0.017445
467,49697.0,1704.0,51401.0,51401.0,0.9668488939903893,30.0,0.03,87.0,40997.0,47.0,40.0,14.0,16.0,26125.0,23572.0,617.0,154.375,183.0,645.625,40997.0,409.97000000000037,100.0,1000,0,1000,0.10791070805862546,911,0,0,0,0,0,0,0,0,0,0,0,0,1,0,0,47,0,0,0,0,0,0,0,0,0,0,0,0,2,0,3,36,0.9674680829048157,0.020778831094503403,1.9033796787261963,0.2870922088623047,0.017417999999999996
468,48130.0,1973.0,50103.0,50103.0,0.9606211204917869,27.0,0.027,85.0,39630.0,44.0,41.0,16.0,11.0,25373.0,22757.0,526.0,727.0,274.0,73.0,39630.0,396.29999999999967,100.0,1000,0,1000,0.1107888330006972,913,0,0,0,0,0,0,1,0,0,0,0,0,0,1,0,43,0,0,0,0,0,0,0,0,0,0,0,0,0,0,0,42,1.1281766891479492,0.05619647726416588,2.154494524002075,0.3028598725795746,0.017390999999999997
469,48618.0,1531.0,50149.0,50149.0,0.9694709764900596,27.0,0.027,88.0,39818.0,42.0,46.0,13.0,14.0,23093.0,25525.0,413.0,729.0,387.0,71.0,39818.0,398.1799999999999,100.0,1000,2,998,0.10755737498402596,910,0,0,0,0,0,0,0,0,1,0,0,1,0,1,0,39,0,0,0,0,0,0,0,0,0,0,0,0,0,0,0,48,0.6627552509307861,-0.010221031494438648,1.355643391609192,0.2790522873401642,0.017363999999999997
470,50043.0,1099.0,51142.0,51142.0,0.978510813030386,19.0,0.019,90.0,41043.0,46.0,44.0,8.0,11.0,25066.0,24977.0,411.0,319.0,389.0,481.0,41043.0,410.4299999999999,100.0,1000,0,1000,0.10815362504217774,908,0,0,0,0,0,0,0,0,0,0,0,1,1,2,1,41,0,0,0,0,0,0,0,0,0,0,0,0,0,0,1,45,0.8168922662734985,0.001608133316040039,1.6404331922531128,0.28450363874435425,0.017336999999999998
471,48914.0,2093.0,51007.0,51007.0,0.9589664163742232,28.0,0.028,86.0,40314.0,41.0,45.0,10.0,18.0,23005.0,25909.0,316.0,468.0,484.0,332.0,40314.0,403.1400000000005,100.0,1000,1,999,0.11025649996008724,910,0,0,0,0,0,0,0,0,0,0,0,0,0,1,0,42,0,0,0,0,0,0,0,0,0,0,0,0,0,0,0,47,0.9781129956245422,0.10445906966924667,1.7578133344650269,0.303451269865036,0.01731
472,47622.0,1633.0,49255.0,49255.0,0.966846005481677,21.0,0.021,84.0,39222.0,43.0,41.0,9.0,12.0,23547.0,24075.0,110.0,417.0,690.0,383.0,39222.0,392.2200000000006,100.0,1000,0,1000,0.10785670799668878,914,0,0,0,0,0,0,0,0,0,0,0,0,0,1,1,41,0,0,0,0,0,0,0,0,0,0,0,0,0,0,0,43,0.5747275948524475,0.0017718308372423053,1.1569772958755493,0.32013359665870667,0.017283
473,47032.0,1503.0,48535.0,48535.0,0.9690326568455754,27.0,0.027,85.0,38532.0,44.0,41.0,12.0,15.0,23151.0,23881.0,667.0,32.0,133.0,768.0,38532.0,385.3200000000004,100.0,1000,1,999,0.11084983299952,913,0,0,0,0,0,0,0,0,0,0,0,0,1,0,1,43,0,0,0,0,0,0,0,0,0,0,0,0,1,0,0,41,0.768833339214325,-0.04771466925740242,1.6442058086395264,0.3219127655029297,0.017256
474,50087.0,956.0,51043.0,51043.0,0.9812706933369904,17.0,0.017,94.0,40687.0,47.0,47.0,9.0,8.0,25954.0,24133.0,648.0,497.0,152.0,303.0,40687.0,406.86999999999983,100.0,1000,0,1000,0.10790516703855246,904,0,0,0,0,0,0,1,0,1,0,0,0,0,0,1,45,0,0,0,0,0,0,0,1,0,0,0,0,0,0,0,47,0.8931560516357422,-0.00839424878358841,1.8131980895996094,0.2930387854576111,0.017229
475,45509.0,2169.0,47678.0,47678.0,0.9545073199379168,30.0,0.03,80.0,37509.0,39.0,41.0,18.0,12.0,22709.0,22800.0,494.0,484.0,306.0,179.0,37509.0,375.0899999999995,100.0,1000,0,1000,0.10723695799242705,916,0,0,0,0,0,0,0,0,0,1,0,0,0,1,0,39,0,0,0,0,0,0,0,0,0,0,0,0,1,0,0,42,0.7207616567611694,-0.0022230229806154966,1.4558695554733276,0.2877645492553711,0.017202000000000002
476,47649.0,2617.0,50266.0,50266.0,0.9479369752914495,24.0,0.024,81.0,39549.0,41.0,40.0,12.0,12.0,24512.0,23137.0,581.0,597.0,219.0,203.0,39549.0,395.4900000000009,100.0,1000,2,998,0.1077662919415161,919,0,0,0,0,0,0,0,1,0,0,0,0,1,1,1,37,0,0,0,0,0,0,0,0,0,0,0,0,1,0,0,39,0.8570866584777832,-0.050334636121988297,1.8244489431381226,0.2796596884727478,0.017175
477,47389.0,1750.0,49139.0,49139.0,0.9643867396568917,26.0,0.026,82.0,39189.0,43.0,39.0,13.0,13.0,24557.0,22832.0,487.0,362.0,313.0,438.0,39189.0,391.8899999999997,100.0,1000,2,998,0.1075747919967398,916,0,0,0,0,0,0,0,0,0,0,1,0,1,1,1,40,0,0,0,0,0,0,0,0,0,0,0,0,0,0,1,39,0.8677363991737366,-0.05050157010555267,1.8456324338912964,0.2669820189476013,0.017148
478,48957.0,1942.0,50899.0,50899.0,0.9618460087624511,37.0,0.037,84.0,40557.0,39.0,45.0,25.0,12.0,23226.0,25731.0,97.0,555.0,703.0,245.0,40557.0,405.57,100.0,1000,3,997,0.11066441598813981,912,0,0,0,0,0,0,0,0,0,0,0,0,1,1,2,38,0,0,0,0,0,0,0,0,0,0,1,0,0,1,0,44,0.7795032262802124,0.07914166897535324,1.4115206003189087,0.31533071398735046,0.017120999999999997
479,47705.0,1937.0,49642.0,49642.0,0.9609806212481367,38.0,0.038,81.0,39605.0,38.0,43.0,20.0,18.0,22723.0,24982.0,544.0,766.0,256.0,34.0,39605.0,396.0499999999994,100.0,1000,1,999,0.10758362500928342,917,0,0,0,0,0,0,0,0,0,0,0,0,0,0,2,37,0,0,0,0,0,0,0,0,0,1,0,0,0,0,1,42,0.3517152965068817,-0.06254392862319946,0.839755654335022,0.3286880552768707,0.017093999999999998
480,49390.0,1078.0,50468.0,50468.0,0.9786399302528335,21.0,0.021,86.0,40790.0,42.0,44.0,11.0,10.0,24261.0,25129.0,397.0,390.0,403.0,410.0,40790.0,407.89999999999947,100.0,1000,1,999,0.10842812503688037,914,0,0,0,0,0,0,0,0,0,0,0,0,0,1,0,41,0,0,0,0,0,0,0,0,0,0,0,0,1,0,0,43,0.614641010761261,0.05053069442510605,1.1383705139160156,0.2973535358905792,0.017067
481,46190.0,1605.0,47795.0,47795.0,0.9664190814938801,34.0,0.034,81.0,38090.0,42.0,39.0,17.0,17.0,23319.0,22871.0,132.0,579.0,88.0,221.0,38090.0,380.89999999999895,100.0,1000,1,999,0.1081418750109151,917,0,0,0,0,0,0,0,0,0,0,0,0,1,0,1,41,0,0,0,0,0,0,0,0,0,0,0,0,0,0,2,38,0.6101310849189758,-0.07913754135370255,1.3883761167526245,0.28869619965553284,0.01704
482,44605.0,3532.0,48137.0,48137.0,0.9266260880403847,44.0,0.044,79.0,36705.0,40.0,39.0,9.0,35.0,21014.0,23591.0,698.0,191.0,102.0,609.0,36705.0,367.04999999999916,100.0,1000,0,1000,0.10807920806109905,919,0,0,0,0,0,0,0,0,0,0,0,0,0,2,3,35,0,0,0,0,0,0,0,0,0,0,0,0,0,0,0,41,0.772761344909668,0.0322008840739727,1.490398645401001,0.27266594767570496,0.017013
483,49773.0,2351.0,52124.0,52124.0,0.9548960171897782,28.0,0.028,83.0,41473.0,38.0,45.0,12.0,16.0,23785.0,25988.0,614.0,788.0,186.0,12.0,41473.0,414.7299999999994,100.0,1000,0,1000,0.1109964579809457,916,0,0,0,0,0,0,0,0,0,0,0,0,1,2,0,35,0,0,0,0,0,0,0,0,0,0,0,0,0,0,0,46,0.24130046367645264,-0.05555421859025955,0.6045875549316406,0.3202108144760132,0.016986
484,48349.0,1598.0,49947.0,49947.0,0.9680060864516388,27.0,0.027,84.0,39949.0,42.0,42.0,15.0,12.0,24937.0,23412.0,752.0,558.0,48.0,242.0,39949.0,399.49000000000063,100.0,1000,0,1000,0.10805458400864154,916,0,0,0,1,0,0,0,0,0,0,0,0,0,1,0,40,0,0,0,0,0,0,0,0,0,0,0,0,0,0,1,41,0.4920780658721924,-0.06498119235038757,1.1244033575057983,0.3032257854938507,0.016959000000000002
485,47896.0,1920.0,49816.0,49816.0,0.9614581660510679,37.0,0.037,82.0,39696.0,39.0,43.0,18.0,19.0,23285.0,24611.0,483.0,800.0,317.0,0.0,39696.0,396.96,100.0,1000,1,999,0.1110425420338288,914,0,0,0,0,0,0,0,0,0,0,0,0,0,0,1,39,0,0,0,0,0,0,0,0,1,0,0,0,0,0,0,45,1.9940036535263062,0.20188087224960327,3.5955352783203125,0.33338797092437744,0.016932
486,49135.0,1403.0,50538.0,50538.0,0.9722387114646405,26.0,0.026,83.0,40835.0,40.0,43.0,8.0,18.0,23963.0,25172.0,444.0,355.0,356.0,445.0,40835.0,408.3500000000004,100.0,1000,1,999,0.10744962492026389,916,0,0,0,0,0,0,0,0,0,0,0,0,0,0,1,39,0,0,0,0,0,0,0,0,1,0,0,1,1,0,0,41,0.6720170378684998,0.020718879997730255,1.3131120204925537,0.3110233247280121,0.016905
487,47530.0,2331.0,49861.0,49861.0,0.9532500350975712,32.0,0.032,84.0,39130.0,41.0,43.0,21.0,11.0,23761.0,23769.0,348.0,567.0,452.0,233.0,39130.0,391.2999999999993,100.0,1000,1,999,0.10766883392352611,912,0,0,0,0,0,0,0,0,0,0,0,0,0,1,2,41,0,0,0,0,0,0,0,0,0,0,0,0,0,0,0,44,1.1422940492630005,0.03682359308004379,2.220776081085205,0.29135993123054504,0.016877999999999997
488,48293.0,1280.0,49573.0,49573.0,0.9741794928691021,23.0,0.023,86.0,39693.0,40.0,46.0,14.0,9.0,22533.0,25760.0,191.0,478.0,0.0,322.0,39693.0,396.93000000000046,100.0,1000,0,1000,0.11047950002830476,912,0,0,0,0,0,0,0,0,0,0,0,0,0,2,0,39,0,0,0,0,0,0,0,0,0,0,0,0,1,0,0,46,0.500827968120575,0.04324939846992493,0.9245590567588806,0.27897191047668457,0.016850999999999998
489,48244.0,2446.0,50690.0,50690.0,0.951745906490432,32.0,0.032,83.0,39944.0,40.0,43.0,21.0,11.0,24338.0,23906.0,301.0,274.0,499.0,526.0,39944.0,399.44000000000074,100.0,1000,0,1000,0.10732687497511506,915,0,0,0,0,0,0,0,0,0,0,0,0,0,1,0,41,0,0,0,0,0,0,0,0,0,0,0,0,0,1,0,42,0.5812529921531677,0.00950556993484497,1.1562187671661377,0.3781473636627197,0.016824
490,50515.0,2112.0,52627.0,52627.0,0.9598685085602447,29.0,0.029,90.0,41515.0,47.0,43.0,11.0,18.0,25479.0,25036.0,531.0,404.0,269.0,396.0,41515.0,415.1499999999995,100.0,1000,0,1000,0.11067574995104223,907,0,0,0,0,0,0,0,0,0,0,0,0,0,2,0,46,0,0,0,0,0,0,0,0,0,0,0,0,0,0,0,45,0.39775875210762024,-0.06466600298881531,0.9355023503303528,0.317104697227478,0.016797
491,48259.0,1663.0,49922.0,49922.0,0.9666880333319979,31.0,0.031,87.0,39559.0,40.0,47.0,25.0,6.0,23556.0,24703.0,406.0,448.0,394.0,0.0,39559.0,395.5899999999999,100.0,1000,0,1000,0.10747591697145253,912,0,0,0,0,0,0,0,0,0,0,0,0,0,1,0,39,0,0,0,0,0,0,0,0,0,0,0,0,0,0,2,46,0.7689630389213562,0.002924097003415227,1.5427192449569702,0.31727197766304016,0.01677
492,48110.0,1262.0,49372.0,49372.0,0.9744389532528559,22.0,0.022,89.0,39210.0,47.0,42.0,11.0,11.0,24693.0,23417.0,352.0,495.0,448.0,305.0,39210.0,392.0999999999996,100.0,1000,0,1000,0.10824604192748666,909,0,0,0,0,0,0,0,0,0,0,1,0,0,1,1,44,0,0,0,0,0,0,0,0,0,0,0,0,0,0,1,43,0.6284992098808289,0.03254111856222153,1.2017711400985718,0.2942992150783539,0.016743
493,47790.0,2170.0,49960.0,49960.0,0.9565652522017614,39.0,0.039,84.0,39390.0,43.0,41.0,26.0,13.0,24256.0,23534.0,378.0,399.0,422.0,401.0,39390.0,393.90000000000015,100.0,1000,1,999,0.10782954201567918,914,0,0,0,1,0,0,0,0,0,0,0,0,1,1,0,41,0,0,0,0,0,0,0,0,0,0,0,0,0,0,2,40,0.48194119334220886,0.010124223306775093,0.9561607241630554,0.37469446659088135,0.016716
494,48111.0,1206.0,49317.0,49317.0,0.9755459577833202,21.0,0.021,86.0,39511.0,43.0,43.0,10.0,11.0,23790.0,24321.0,83.0,236.0,95.0,564.0,39511.0,395.1099999999994,100.0,1000,1,999,0.10743574996013194,912,0,0,0,0,0,0,0,0,0,0,0,0,0,1,2,41,0,0,0,0,0,0,0,0,0,0,0,0,2,0,0,42,0.30399906635284424,-0.03452984243631363,0.6879692077636719,0.32690420746803284,0.016689
495,49491.0,764.0,50255.0,50255.0,0.9847975325838225,14.0,0.014,95.0,39991.0,47.0,48.0,9.0,5.0,25134.0,24357.0,491.0,342.0,309.0,458.0,39991.0,399.90999999999906,100.0,1000,1,999,0.1101963750552386,905,0,0,0,0,1,0,0,0,0,0,0,0,0,2,0,44,0,0,0,0,0,1,0,0,0,0,0,0,0,0,0,47,0.6470590233802795,-0.10433077067136765,1.511468768119812,0.2607484757900238,0.016662
496,47605.0,2329.0,49934.0,49934.0,0.9533584331317339,26.0,0.026,88.0,38805.0,42.0,46.0,10.0,16.0,23619.0,23986.0,411.0,485.0,389.0,315.0,38805.0,388.0499999999999,100.0,1000,1,999,0.10849445802159607,909,0,0,0,0,0,0,0,0,0,0,0,0,0,0,3,40,0,0,0,0,0,0,0,0,0,0,0,0,0,0,0,48,0.6333646774291992,0.011608283966779709,1.251544713973999,0.24141867458820343,0.016634999999999997
497,47738.0,1837.0,49575.0,49575.0,0.9629450327786182,29.0,0.029,87.0,39038.0,42.0,45.0,20.0,9.0,23942.0,23796.0,642.0,617.0,158.0,183.0,39038.0,390.37999999999994,100.0,1000,0,1000,0.11058954196050763,912,0,0,1,0,0,0,0,0,0,0,0,0,0,2,0,40,0,0,0,0,0,0,0,0,0,0,0,0,1,0,0,44,0.7559407353401184,0.07690413296222687,1.3681912422180176,0.3046109974384308,0.016607999999999998
498,48467.0,1406.0,49873.0,49873.0,0.9718083933190304,20.0,0.02,88.0,39667.0,44.0,44.0,9.0,11.0,23166.0,25301.0,73.0,419.0,0.0,381.0,39667.0,396.67000000000064,100.0,1000,1,999,0.1076468750834465,911,0,0,0,0,0,0,0,0,0,0,0,0,0,0,1,43,0,0,0,0,0,0,0,0,0,0,0,0,0,0,1,44,0.4722999334335327,-0.07668759673833847,1.1083118915557861,0.3117067515850067,0.016581
499,48784.0,1548.0,50332.0,50332.0,0.9692442183898912,28.0,0.028,88.0,39984.0,41.0,47.0,17.0,11.0,22738.0,26046.0,681.0,558.0,119.0,242.0,39984.0,399.8400000000006,100.0,1000,1,999,0.10706395795568824,910,0,0,0,0,0,0,0,0,0,0,0,0,0,0,1,41,0,0,0,0,0,0,0,0,0,0,0,0,0,0,1,47,0.46230605244636536,0.005638407077640295,0.9219297170639038,0.25958797335624695,0.016554
500,48046.0,2106.0,50152.0,50152.0,0.9580076567235604,27.0,0.027,83.0,39746.0,36.0,47.0,16.0,11.0,23230.0,24816.0,645.0,239.0,155.0,40.0,39746.0,397.46000000000055,100.0,1000,0,1000,0.11083270900417119,915,0,0,0,0,0,0,0,0,0,0,0,0,0,0,2,35,0,0,0,0,0,0,0,0,0,0,0,0,0,0,2,46,0.5678271651268005,-0.020393511280417442,1.185428261756897,0.2718854546546936,0.016527
501,48949.0,2451.0,51400.0,51400.0,0.9523151750972763,23.0,0.023,82.0,40749.0,38.0,44.0,14.0,9.0,23859.0,25090.0,258.0,275.0,542.0,525.0,40749.0,407.48999999999967,100.0,1000,0,1000,0.10982704197522253,917,0,0,0,0,0,0,0,0,0,0,0,0,0,1,1,37,0,0,0,0,0,0,0,0,0,0,0,0,0,0,0,44,0.5278519988059998,-0.06633276492357254,1.1981161832809448,0.29535433650016785,0.0165
502,49046.0,1449.0,50495.0,50495.0,0.9713040895138132,26.0,0.026,84.0,40646.0,40.0,44.0,14.0,12.0,23466.0,25580.0,414.0,641.0,386.0,159.0,40646.0,406.4599999999999,100.0,1000,0,1000,0.11069216695614159,915,0,0,0,0,0,0,0,0,0,0,0,0,0,2,0,38,0,0,0,0,0,0,0,0,0,0,0,0,0,0,0,45,0.5447444915771484,0.014776561409235,1.0696922540664673,0.2961350679397583,0.016473
503,48356.0,1711.0,50067.0,50067.0,0.9658257934367946,31.0,0.031,87.0,39656.0,41.0,46.0,27.0,4.0,23762.0,24594.0,696.0,325.0,104.0,475.0,39656.0,396.5600000000002,100.0,1000,0,1000,0.10791479097679257,911,0,0,0,0,0,0,0,0,0,0,1,0,1,0,1,39,0,0,0,0,0,0,0,0,0,0,0,0,0,0,1,46,0.2628719210624695,-0.10350947082042694,0.7431797981262207,0.3167022466659546,0.016446
504,47011.0,1591.0,48602.0,48602.0,0.9672647216163944,18.0,0.018,85.0,38511.0,41.0,44.0,9.0,9.0,23035.0,23976.0,288.0,561.0,512.0,239.0,38511.0,385.1099999999995,100.0,1000,2,998,0.1107006249949336,914,0,0,0,0,0,0,0,0,0,0,0,0,0,2,1,38,0,0,0,0,0,0,0,0,2,0,0,0,0,0,1,42,0.9599263668060303,0.06818661838769913,1.7930243015289307,0.290663480758667,0.016419
505,47818.0,1438.0,49256.0,49256.0,0.9708055871365925,20.0,0.02,86.0,39218.0,41.0,45.0,8.0,12.0,21831.0,25987.0,774.0,652.0,26.0,148.0,39218.0,392.17999999999967,100.0,1000,2,998,0.10845841595437378,912,0,0,0,0,0,0,0,0,0,0,0,0,0,2,1,39,0,0,0,0,0,0,0,0,0,0,0,0,0,0,1,45,0.7082965970039368,-0.009361221455037594,1.4438849687576294,0.26138728857040405,0.016391999999999997
506,48687.0,1488.0,50175.0,50175.0,0.9703437967115097,30.0,0.03,85.0,40187.0,39.0,46.0,21.0,9.0,23749.0,24938.0,710.0,655.0,90.0,145.0,40187.0,401.86999999999995,100.0,1000,0,1000,0.110405582934618,914,0,0,0,0,0,0,0,0,0,0,0,0,0,1,1,38,0,0,0,0,0,0,0,0,0,0,0,0,0,0,0,46,0.16993995010852814,-0.06001720577478409,0.46815037727355957,0.25163716077804565,0.016364999999999998
507,48788.0,3016.0,51804.0,51804.0,0.9417805574859084,39.0,0.039,84.0,40388.0,41.0,43.0,20.0,19.0,24386.0,24402.0,490.0,723.0,310.0,0.0,40388.0,403.8799999999996,100.0,1000,1,999,0.1083457920467481,913,0,0,0,0,0,0,0,0,0,0,0,0,0,1,4,38,0,0,0,0,0,0,0,0,0,0,0,0,0,0,0,44,0.6036757230758667,-0.057926010340452194,1.3329005241394043,0.2967663109302521,0.016338
508,49708.0,2088.0,51796.0,51796.0,0.9596880067958916,32.0,0.032,90.0,40708.0,41.0,49.0,20.0,12.0,23625.0,26083.0,716.0,329.0,84.0,471.0,40708.0,407.0799999999994,100.0,1000,1,999,0.11051087500527501,910,0,0,0,0,0,0,0,0,0,0,0,0,1,0,2,38,0,0,0,0,0,0,0,0,0,0,0,0,0,1,1,47,0.7372449040412903,-0.030286792665719986,1.542883038520813,0.23970313370227814,0.016311
509,47341.0,2121.0,49462.0,49462.0,0.9571185960939711,43.0,0.043,80.0,39341.0,45.0,35.0,14.0,29.0,23703.0,23638.0,601.0,299.0,199.0,501.0,39341.0,393.4099999999996,100.0,1000,1,999,0.10876216704491526,919,0,0,0,0,0,0,0,0,0,0,0,0,0,3,1,42,0,0,0,0,0,0,0,0,0,0,0,0,0,0,0,35,1.265081763267517,0.17830060422420502,2.1830382347106934,0.29095834493637085,0.016284
510,48512.0,2673.0,51185.0,51185.0,0.9477776692390348,46.0,0.046,80.0,40512.0,40.0,40.0,22.0,24.0,25472.0,23040.0,800.0,556.0,0.0,244.0,40512.0,405.1199999999998,100.0,1000,1,999,0.10785033297725022,916,0,0,0,0,0,0,0,0,0,1,0,1,0,1,1,37,0,0,0,0,0,0,0,0,0,0,0,0,1,0,1,41,1.140699028968811,0.09734170138835907,2.0978026390075684,0.3410164415836334,0.016257
511,47990.0,2696.0,50686.0,50686.0,0.9468097699562009,46.0,0.046,82.0,39790.0,38.0,44.0,30.0,16.0,23108.0,24882.0,445.375,625.0,354.625,175.0,39790.0,397.9000000000001,100.0,1000,0,1000,0.11080720799509436,916,0,0,0,0,0,0,0,0,0,0,0,0,0,1,1,36,0,0,0,0,0,0,0,0,0,0,0,0,1,0,0,45,1.0539462566375732,-0.001392325502820313,2.12082576751709,0.31264641880989075,0.01623
512,47605.0,2198.0,49803.0,49803.0,0.9558661124831838,33.0,0.033,83.0,39305.0,40.0,43.0,22.0,11.0,22892.0,24713.0,602.0,625.0,198.0,175.0,39305.0,393.0499999999997,100.0,1000,0,1000,0.10792516707442701,915,0,0,0,0,0,0,0,0,0,0,0,0,1,0,1,38,0,0,0,0,0,0,0,0,0,0,0,0,1,0,0,44,0.7087931632995605,0.06792519986629486,1.290314793586731,0.26473143696784973,0.016203
513,48242.0,1040.0,49282.0,49282.0,0.9788969603506351,18.0,0.018,85.0,39742.0,42.0,43.0,14.0,4.0,24832.0,23410.0,631.0,558.0,169.0,242.0,39742.0,397.41999999999956,100.0,1000,0,1000,0.11068183300085366,915,0,0,0,0,0,0,0,0,0,0,0,0,0,0,2,40,0,0,0,0,0,0,0,0,0,0,0,0,1,1,0,41,0.7667273283004761,-0.02492516115307808,1.5913140773773193,0.24755950272083282,0.016176
514,49119.0,1402.0,50521.0,50521.0,0.9722491637140991,26.0,0.026,83.0,40819.0,43.0,40.0,16.0,10.0,25247.0,23872.0,634.0,329.0,166.0,471.0,40819.0,408.1900000000003,100.0,1000,0,1000,0.10769012500531971,913,0,0,0,0,0,0,0,0,0,0,0,0,0,0,1,45,0,0,0,0,0,0,0,0,0,0,0,0,1,0,0,40,0.39513179659843445,-0.07013803720474243,0.9384169578552246,0.24389435350894928,0.016148999999999997
515,47679.0,2325.0,50004.0,50004.0,0.9535037197024238,45.0,0.045,77.0,39979.0,37.0,40.0,34.0,11.0,23156.0,24523.0,58.0,379.0,742.0,421.0,39979.0,399.7900000000001,100.0,1000,1,999,0.11097662500105798,920,0,0,0,0,1,0,0,0,0,0,0,0,0,0,0,37,0,0,0,0,0,0,0,0,0,0,0,0,0,0,0,42,0.26462918519973755,-0.03769190236926079,0.6157326698303223,0.34395670890808105,0.016121999999999997
516,47098.0,2586.0,49684.0,49684.0,0.947951050640045,30.0,0.03,84.0,38698.0,44.0,40.0,14.0,16.0,24546.0,22552.0,510.0,679.0,290.0,121.0,38698.0,386.97999999999945,100.0,1000,2,998,0.10763941693585366,916,0,0,0,0,0,0,1,0,0,0,0,1,0,1,0,41,0,0,0,0,0,0,0,0,0,0,0,1,2,0,0,37,0.7441335320472717,-0.05567951127886772,1.6096408367156982,0.3111126720905304,0.016094999999999998
517,50079.0,1465.0,51544.0,51544.0,0.9715776812044079,27.0,0.027,85.0,41579.0,45.0,40.0,9.0,18.0,25691.0,24388.0,555.0,250.0,245.0,0.0,41579.0,415.79000000000036,100.0,1000,1,999,0.10753616702277213,913,0,0,0,0,0,0,0,0,0,0,0,1,0,1,0,43,0,0,0,0,0,0,0,0,0,0,0,0,2,0,0,40,1.2278728485107422,0.09398792684078217,2.277104377746582,0.290472149848938,0.016068
518,48326.0,2179.0,50505.0,50505.0,0.9568557568557569,30.0,0.03,91.0,39226.0,51.0,40.0,9.0,21.0,25607.0,22719.0,699.0,582.0,101.0,218.0,39226.0,392.2599999999998,100.0,1000,0,1000,0.11104033305309713,908,0,0,0,0,0,0,0,0,0,0,0,0,0,1,1,50,0,0,0,1,0,0,0,0,0,0,0,0,1,0,0,38,0.9432043433189392,-0.0049859387800097466,1.9062347412109375,0.3071562349796295,0.016041
519,48562.0,1206.0,49768.0,49768.0,0.9757675614852918,18.0,0.018,87.0,39862.0,46.0,41.0,8.0,10.0,24716.0,23846.0,628.0,345.0,172.0,455.0,39862.0,398.6199999999997,100.0,1000,0,1000,0.10856487497221678,913,0,0,0,0,0,0,0,0,0,0,0,0,1,0,1,44,0,0,0,0,0,0,0,0,0,0,0,0,0,0,0,41,0.11516696214675903,-0.10068708658218384,0.4406737983226776,0.27993306517601013,0.016014
520,48439.0,1966.0,50405.0,50405.0,0.9609959329431604,24.0,0.024,84.0,40039.0,45.0,39.0,7.0,17.0,24075.0,24364.0,435.0,551.0,365.0,249.0,40039.0,400.3899999999998,100.0,1000,0,1000,0.11073483398649842,915,0,0,0,0,0,0,0,0,0,0,0,0,0,0,1,45,0,0,0,0,0,0,0,0,0,0,0,1,1,0,0,37,1.1397744417190552,0.0008525375742465258,2.287095785140991,0.28936418890953064,0.015986999999999998
521,48417.0,1477.0,49894.0,49894.0,0.9703972421533651,22.0,0.022,86.0,39817.0,41.0,45.0,15.0,7.0,24749.0,23668.0,205.0,542.0,0.0,258.0,39817.0,398.16999999999956,100.0,1000,2,998,0.1076399169396609,911,0,0,0,0,0,0,0,0,0,0,0,0,0,1,1,40,0,0,0,0,0,0,0,0,0,0,0,0,1,0,1,45,0.7839993238449097,0.03745076432824135,1.5026057958602905,0.29789307713508606,0.01596
522,47554.0,2904.0,50458.0,50458.0,0.9424471837964248,44.0,0.044,79.0,39654.0,41.0,38.0,21.0,23.0,24133.0,23421.0,147.0,390.0,0.0,410.0,39654.0,396.5399999999997,100.0,1000,1,999,0.10744854202494025,920,0,0,0,0,0,0,0,0,0,0,0,0,0,1,0,41,0,0,0,0,0,0,0,0,0,0,0,0,0,0,0,38,0.32792171835899353,-0.09462913870811462,0.8536167740821838,0.2672138214111328,0.015933
523,47532.0,2218.0,49750.0,49750.0,0.9554170854271357,31.0,0.031,80.0,39532.0,37.0,43.0,22.0,9.0,22862.0,24670.0,681.0,690.0,119.0,110.0,39532.0,395.31999999999977,100.0,1000,2,998,0.10858537501189858,919,0,0,0,1,0,0,0,0,0,0,0,0,0,1,2,34,0,0,0,0,0,0,0,0,0,0,0,0,0,0,1,42,0.9087818264961243,0.05548480153083801,1.7160354852676392,0.29679039120674133,0.015905999999999997
524,47042.0,3164.0,50206.0,50206.0,0.9369796438672668,33.0,0.033,81.0,38942.0,39.0,42.0,16.0,17.0,22934.0,24108.0,763.0,319.0,37.0,64.0,38942.0,389.4199999999997,100.0,1000,0,1000,0.11094724992290139,918,0,0,0,0,0,0,2,0,0,0,0,0,0,1,4,33,1,0,0,0,0,0,0,0,0,0,0,0,0,0,0,41,0.4924565553665161,-0.1415989100933075,1.2773034572601318,0.28945478796958923,0.015878999999999997
525,48743.0,1839.0,50582.0,50582.0,0.9636431932307936,34.0,0.034,82.0,40543.0,39.0,43.0,27.0,7.0,23284.0,25459.0,248.6875,502.0,551.3125,298.0,40543.0,405.4300000000007,100.0,1000,1,999,0.10843324998859316,918,0,0,0,0,0,0,1,0,0,0,0,0,0,0,3,35,0,0,0,0,0,0,0,0,0,0,0,0,1,0,0,42,0.16574905812740326,-0.06861566007137299,0.47868800163269043,0.3141109347343445,0.015851999999999998
526,48424.0,2068.0,50492.0,50492.0,0.9590430167155193,33.0,0.033,82.0,40224.0,43.0,39.0,7.0,26.0,24126.0,24298.0,385.0,714.0,415.0,86.0,40224.0,402.2399999999998,100.0,1000,0,1000,0.107588000013493,914,0,0,0,0,0,0,0,0,0,0,0,0,0,0,0,45,0,0,0,0,0,0,1,0,0,0,0,0,0,0,1,39,0.7596108317375183,0.002375537995249033,1.5236340761184692,0.28952527046203613,0.015825
527,46361.0,1829.0,48190.0,48190.0,0.9620460676488898,21.0,0.021,82.0,38161.0,44.0,38.0,2.0,19.0,22652.0,23709.0,527.0,420.0,273.0,380.0,38161.0,381.60999999999945,100.0,1000,0,1000,0.10779208410531282,915,0,0,0,0,0,0,0,0,0,0,1,0,0,0,1,42,0,0,0,0,0,0,0,0,0,0,0,0,0,0,0,41,0.8862136602401733,-0.02635308727622032,1.8350367546081543,0.3134362995624542,0.015798
528,48110.0,1433.0,49543.0,49543.0,0.971075631269806,22.0,0.022,86.0,39510.0,46.0,40.0,13.0,9.0,24008.0,24102.0,715.0,493.0,85.0,307.0,39510.0,395.1000000000002,100.0,1000,1,999,0.10778716707136482,910,0,0,0,0,0,0,0,1,0,0,0,0,0,1,1,45,0,0,0,0,0,0,0,0,0,0,0,0,0,0,1,41,1.1651023626327515,0.042920954525470734,2.2537994384765625,0.29917505383491516,0.015771
529,48239.0,1775.0,50014.0,50014.0,0.964509937217579,31.0,0.031,81.0,40139.0,40.0,41.0,14.0,17.0,24245.0,23994.0,321.0,624.0,479.0,176.0,40139.0,401.39000000000044,100.0,1000,0,1000,0.11085041600745171,917,0,0,0,0,0,0,0,0,0,0,0,0,0,0,1,41,0,0,0,0,0,0,0,0,0,0,0,0,0,0,0,41,0.370731920003891,-0.03882523998618126,0.8281750082969666,0.2877495288848877,0.015743999999999998
530,47980.0,2025.0,50005.0,50005.0,0.9595040495950405,34.0,0.034,85.0,39480.0,43.0,42.0,19.0,15.0,23467.0,24513.0,694.0,400.0,106.0,400.0,39480.0,394.79999999999984,100.0,1000,0,1000,0.1084731660084799,915,0,0,0,0,0,0,0,0,0,0,1,0,1,2,1,38,0,0,0,0,0,0,0,0,0,0,0,0,0,0,0,42,0.4483036398887634,-0.05488898605108261,1.0158653259277344,0.3015860915184021,0.015717
531,46949.0,2417.0,49366.0,49366.0,0.9510391767613338,39.0,0.039,78.0,39149.0,36.0,42.0,27.0,12.0,22183.0,24766.0,535.0,731.0,265.0,69.0,39149.0,391.48999999999927,100.0,1000,0,1000,0.10737400001380593,920,0,0,0,0,0,0,0,0,0,0,0,1,1,0,1,33,0,0,0,0,0,0,0,0,1,0,0,0,0,0,0,43,0.7623460292816162,0.06239725276827812,1.4103182554244995,0.33208000659942627,0.01569
532,49394.0,1366.0,50760.0,50760.0,0.9730890464933019,27.0,0.027,87.0,40694.0,42.0,45.0,8.0,19.0,23908.0,25486.0,76.0,513.0,62.0,287.0,40694.0,406.93999999999994,100.0,1000,2,998,0.11094045802019536,909,0,0,0,0,0,0,0,0,0,0,0,0,0,0,1,44,0,0,0,0,0,0,0,0,0,1,0,0,2,0,1,42,0.35222262144088745,-0.011779019609093666,0.737959623336792,0.3178313076496124,0.015662999999999996
533,47522.0,2168.0,49690.0,49690.0,0.956369490843228,30.0,0.03,78.0,39722.0,38.0,40.0,19.0,11.0,23516.0,24006.0,571.0,209.0,229.0,591.0,39722.0,397.21999999999935,100.0,1000,0,1000,0.10777962498832494,918,0,0,0,0,0,0,0,0,0,0,0,0,1,1,0,36,0,0,0,0,0,1,0,0,0,0,0,0,0,0,0,43,0.5274133682250977,0.004340821411460638,1.0563280582427979,0.32562750577926636,0.015635999999999997
534,47992.0,1343.0,49335.0,49335.0,0.9727779466909902,22.0,0.022,83.0,39692.0,40.0,43.0,14.0,8.0,23273.0,24719.0,406.0,257.0,0.0,543.0,39692.0,396.92000000000075,100.0,1000,1,999,0.10751212504692376,916,0,0,0,0,0,0,0,0,0,0,0,0,0,1,2,38,0,0,0,0,0,0,1,0,0,0,0,0,0,0,0,42,0.620822012424469,0.009824843145906925,1.2306981086730957,0.2788079082965851,0.015608999999999998
535,47829.0,1677.0,49506.0,49506.0,0.9661253181432554,25.0,0.025,81.0,39729.0,36.0,45.0,18.0,7.0,23073.0,24756.0,571.0,442.0,229.0,358.0,39729.0,397.2900000000005,100.0,1000,0,1000,0.10844250000081956,918,0,0,0,0,0,0,0,0,0,0,0,0,0,1,0,35,0,0,0,0,0,0,0,0,0,0,0,0,0,0,1,45,0.5665678381919861,-0.05270443111658096,1.247133493423462,0.27560338377952576,0.015581999999999999
536,48125.0,1473.0,49598.0,49598.0,0.9703012218234606,27.0,0.027,79.0,40225.0,38.0,41.0,18.0,9.0,24615.0,23510.0,431.0,381.0,369.0,419.0,40225.0,402.24999999999966,100.0,1000,0,1000,0.11079516692552716,920,0,0,0,0,0,0,1,0,0,0,0,0,0,2,1,35,0,0,0,0,0,0,0,0,0,0,0,0,2,0,0,39,0.47597232460975647,-0.049483053386211395,1.0597478151321411,0.2840576171875,0.015554999999999998
537,48617.0,1993.0,50610.0,50610.0,0.9606204307449121,30.0,0.03,85.0,40117.0,42.0,43.0,17.0,13.0,24744.0,23873.0,250.0,599.0,550.0,201.0,40117.0,401.1700000000001,100.0,1000,3,997,0.10795320896431804,915,0,0,0,0,0,0,0,0,0,0,0,0,0,3,1,38,0,0,0,0,0,0,0,0,0,0,0,0,2,0,0,41,0.5028530955314636,-0.02934924326837063,1.073179006576538,0.28253185749053955,0.015527999999999998
538,47826.0,2194.0,50020.0,50020.0,0.9561375449820072,26.0,0.026,79.0,39926.0,41.0,38.0,15.0,11.0,25513.0,22313.0,472.0,253.0,328.0,547.0,39926.0,399.2600000000001,100.0,1000,0,1000,0.107143749948591,919,0,0,0,0,0,0,0,0,0,0,0,0,0,0,0,42,0,0,0,0,0,0,0,0,0,0,0,0,0,1,0,38,0.6198254823684692,-0.03853677958250046,1.3257981538772583,0.2926795780658722,0.015500999999999997
539,48055.0,1267.0,49322.0,49322.0,0.974311666193585,19.0,0.019,84.0,39655.0,46.0,38.0,10.0,9.0,24909.0,23146.0,716.0,453.0,84.0,347.0,39655.0,396.5500000000001,100.0,1000,1,999,0.11100625002291054,915,0,1,0,0,0,0,0,0,0,0,0,0,0,3,0,42,0,0,0,0,0,0,0,0,0,0,0,0,0,0,0,39,0.8342161774635315,0.05055362731218338,1.5754550695419312,0.26269790530204773,0.015473999999999998
540,47752.0,2359.0,50111.0,50111.0,0.9529245075931432,38.0,0.038,85.0,39252.0,38.0,47.0,17.0,21.0,23199.0,24553.0,519.0,458.25,281.0,0.0,39252.0,392.5200000000004,100.0,1000,4,996,0.10868820804171264,912,0,0,0,0,0,0,0,0,0,0,0,0,0,3,1,34,0,0,0,0,0,1,0,0,0,0,0,0,0,0,1,48,1.0423296689987183,0.0729154571890831,1.9467668533325195,0.25695493817329407,0.015446999999999999
541,47946.0,2209.0,50155.0,50155.0,0.9559565347422989,42.0,0.042,74.0,40546.0,38.0,36.0,19.0,23.0,24279.0,23667.0,352.0,158.0,448.0,642.0,40546.0,405.45999999999975,100.0,1000,0,1000,0.10788699996192008,921,0,0,0,0,0,0,0,0,0,0,0,0,0,1,0,37,0,0,0,0,0,0,0,1,0,0,0,0,0,0,2,38,0.6986038088798523,0.03400096297264099,1.3411450386047363,0.3871418833732605,0.015419999999999998
542,49414.0,617.0,50031.0,50031.0,0.9876676460594431,11.0,0.011,88.0,40614.0,44.0,44.0,5.0,6.0,25080.0,24334.0,576.0,543.0,224.0,257.0,40614.0,406.13999999999953,100.0,1000,0,1000,0.10763104201760143,910,0,0,0,0,0,0,0,0,0,0,1,0,0,1,0,42,0,0,0,0,0,0,0,0,0,0,0,0,1,0,0,45,0.6517877578735352,-0.02186017669737339,1.3565771579742432,0.3014757037162781,0.015392999999999999
543,49214.0,739.0,49953.0,49953.0,0.9852060937281044,15.0,0.015,89.0,40314.0,44.0,45.0,3.0,12.0,22953.0,26261.0,418.0,385.0,382.0,415.0,40314.0,403.14,100.0,1000,4,996,0.11124604195356369,910,0,0,1,0,1,0,0,1,0,0,1,0,0,1,1,38,0,0,0,0,0,0,0,0,0,0,0,0,0,0,0,46,0.7717905044555664,0.0925285816192627,1.3672035932540894,0.28243374824523926,0.015365999999999998
544,48449.0,3231.0,51680.0,51680.0,0.9374806501547988,32.0,0.032,85.0,39949.0,38.0,47.0,19.0,13.0,22720.0,25729.0,188.0,456.0,612.0,344.0,39949.0,399.4899999999996,100.0,1000,1,999,0.10770974995102733,913,0,0,0,0,0,0,1,0,0,0,0,0,0,1,0,37,0,0,0,0,0,0,0,0,0,0,0,0,1,0,0,47,0.4617101550102234,-0.06359991431236267,1.0600837469100952,0.30848225951194763,0.015338999999999998
545,49834.0,1295.0,51129.0,51129.0,0.9746719083103522,19.0,0.019,93.0,40534.0,48.0,45.0,12.0,7.0,26029.0,23805.0,689.0,458.0,111.0,342.0,40534.0,405.33999999999963,100.0,1000,1,999,0.1067469579866156,906,0,0,0,0,0,0,0,0,0,0,0,0,0,0,1,48,0,0,0,0,0,0,0,0,0,0,0,0,1,0,2,42,0.19736917316913605,-0.10275250673294067,0.6079498529434204,0.2516491115093231,0.015311999999999997
546,49270.0,579.0,49849.0,49849.0,0.9883849224658469,11.0,0.011,92.0,40070.0,50.0,42.0,4.0,7.0,25338.0,23932.0,198.0,498.0,602.0,302.0,40070.0,400.7000000000008,100.0,1000,1,999,0.10776412498671561,906,0,0,0,0,0,0,0,0,0,0,0,0,0,2,4,46,0,0,0,0,0,0,0,1,0,0,0,0,0,0,0,41,0.32571345567703247,-0.059583548456430435,0.7787397503852844,0.2664630711078644,0.015284999999999998
547,49625.0,1346.0,50971.0,50971.0,0.9735928272939515,17.0,0.017,87.0,40925.0,46.0,41.0,4.0,13.0,25214.0,24411.0,553.0,277.0,247.0,72.0,40925.0,409.2499999999996,100.0,1000,1,999,0.10761679196730256,912,0,0,0,0,0,0,0,0,0,0,0,0,0,0,0,46,0,0,0,0,0,0,0,0,0,0,0,0,0,0,1,41,0.42876967787742615,-0.07744774222373962,1.0213497877120972,0.29214009642601013,0.015257999999999997
548,48436.0,1575.0,50011.0,50011.0,0.9685069284757354,28.0,0.028,85.0,39936.0,47.0,38.0,2.0,26.0,23867.0,24569.0,370.0,143.0,53.75,69.0,39936.0,399.35999999999996,100.0,1000,0,1000,0.10792124993167818,913,0,0,0,0,0,0,0,0,0,0,0,0,0,1,1,45,0,0,0,0,0,0,0,0,0,0,0,0,0,0,0,40,0.08924540132284164,-0.11087173968553543,0.4087444841861725,0.2793709337711334,0.015230999999999998
549,47958.0,1084.0,49042.0,49042.0,0.9778964968802251,16.0,0.016,86.0,39358.0,43.0,43.0,12.0,4.0,23621.0,24337.0,101.0,272.0,101.0,528.0,39358.0,393.57999999999964,100.0,1000,1,999,0.1088764580199495,913,0,0,0,0,0,0,0,0,0,0,0,0,0,0,1,42,0,0,0,0,0,0,0,0,0,0,1,0,1,0,0,42,0.6059648990631104,0.027660172432661057,1.1649813652038574,0.27532199025154114,0.015203999999999999
550,50350.0,1926.0,52276.0,52276.0,0.9631570892952789,20.0,0.02,87.0,41650.0,39.0,48.0,9.0,11.0,23452.0,26898.0,571.0,305.625,229.0,494.375,41650.0,416.49999999999994,100.0,1000,0,1000,0.10812920809257776,911,0,0,0,0,0,0,0,0,0,0,0,0,0,0,0,39,0,0,0,0,0,0,0,0,0,0,0,0,0,1,0,49,1.1327295303344727,0.042475223541259766,2.188506841659546,0.2634948492050171,0.015176999999999998
551,51092.0,1546.0,52638.0,52638.0,0.9706295831908507,14.0,0.014,86.0,42492.0,44.0,42.0,7.0,7.0,26110.0,24982.0,800.0,212.0,0.0,588.0,42492.0,424.92000000000064,100.0,1000,0,1000,0.12075287499465048,913,0,0,0,0,0,0,0,0,0,0,0,0,0,1,0,44,0,0,0,0,0,0,0,0,0,0,0,0,0,0,0,42,0.9166074991226196,0.05428162217140198,1.7329646348953247,0.27435556054115295,0.015149999999999999
552,48777.0,1312.0,50089.0,50089.0,0.9738066242089082,20.0,0.02,84.0,40377.0,45.0,39.0,10.0,10.0,25778.0,22999.0,362.0,611.0,438.0,189.0,40377.0,403.76999999999936,100.0,1000,0,1000,0.11605354200582951,914,0,0,0,0,0,0,0,0,0,0,0,0,0,1,0,45,0,0,0,0,0,0,0,0,0,0,0,0,0,0,0,40,0.8634336590766907,0.10378007590770721,1.5276447534561157,0.2756616175174713,0.015122999999999998
553,47342.0,2069.0,49411.0,49411.0,0.9581267329137236,27.0,0.027,84.0,38942.0,38.0,46.0,12.0,15.0,21791.0,25551.0,446.0,688.0,354.0,112.0,38942.0,389.4199999999999,100.0,1000,0,1000,0.1200839999364689,916,0,0,0,0,0,0,0,0,0,0,1,0,0,1,0,36,0,0,0,0,0,0,0,0,0,0,0,0,0,0,0,46,0.6690157055854797,-0.03717987239360809,1.4199422597885132,0.25010210275650024,0.015095999999999998
554,48540.0,1000.0,49540.0,49540.0,0.979814291481631,16.0,0.016,86.0,39940.0,41.0,45.0,9.0,7.0,23546.0,24994.0,800.0,272.0,0.0,0.0,39940.0,399.39999999999975,100.0,1000,0,1000,0.11812125006690621,911,0,0,0,0,0,0,0,0,0,0,0,0,0,0,1,43,0,0,0,0,0,0,0,0,0,0,0,0,1,0,0,44,0.41720497608184814,-0.06341885775327682,0.9698625206947327,0.2858457863330841,0.015068999999999997
555,48333.0,1633.0,49966.0,49966.0,0.9673177760877396,23.0,0.023,82.0,40133.0,37.0,45.0,6.0,17.0,22554.0,25779.0,228.0,343.0,572.0,457.0,40133.0,401.33000000000044,100.0,1000,2,998,0.11854216700885445,915,0,0,0,0,0,0,0,0,1,0,0,0,1,0,0,37,0,0,0,0,0,0,0,0,0,1,0,0,0,0,0,45,0.7307144403457642,0.11258059740066528,1.2452372312545776,0.29814866185188293,0.015041999999999998
556,47844.0,2933.0,50777.0,50777.0,0.9422376272721902,36.0,0.036,88.0,39044.0,39.0,49.0,23.0,13.0,23957.0,23887.0,753.0,351.0,47.0,449.0,39044.0,390.44000000000005,100.0,1000,0,1000,0.1221334170550108,910,0,0,0,0,0,0,0,0,0,0,0,0,0,0,0,40,0,0,0,0,0,0,0,0,0,0,0,0,0,0,1,49,0.4068797826766968,-0.10401203483343124,1.0308517217636108,0.3019673526287079,0.015014999999999997
557,48621.0,1123.0,49744.0,49744.0,0.977424412994532,20.0,0.02,83.0,40321.0,42.0,41.0,11.0,9.0,24408.0,24213.0,137.0,508.0,0.0,292.0,40321.0,403.20999999999964,100.0,1000,0,1000,0.11043995793443173,915,0,0,0,0,0,0,1,0,0,1,0,0,0,2,0,39,0,0,0,0,0,0,0,0,0,0,0,0,0,0,0,42,0.3244994580745697,-0.03160626068711281,0.7208507061004639,0.28820574283599854,0.014987999999999998
558,48751.0,1353.0,50104.0,50104.0,0.9729961679706212,19.0,0.019,91.0,39651.0,42.0,49.0,10.0,9.0,23427.0,25324.0,418.0,371.4375,382.0,428.5625,39651.0,396.51000000000045,100.0,1000,2,998,0.10852537502069026,909,0,0,0,0,0,1,0,0,0,0,0,0,0,1,0,40,0,0,0,0,0,0,0,0,1,0,0,0,1,0,0,47,0.4652003347873688,-0.00845295563340187,0.9551658630371094,0.2626584470272064,0.014960999999999997
559,50364.0,1042.0,51406.0,51406.0,0.9797299926078668,18.0,0.018,89.0,41464.0,43.0,46.0,6.0,12.0,23614.0,26750.0,175.0,402.0,0.0,398.0,41464.0,414.6399999999999,100.0,1000,0,1000,0.10802775004412979,910,0,0,0,0,0,0,1,0,0,0,0,0,0,1,2,39,0,0,0,0,0,0,0,0,0,0,0,0,0,0,0,47,0.3252241611480713,-0.06639391928911209,0.7920127511024475,0.29384613037109375,0.014933999999999998
560,49987.0,1393.0,51380.0,51380.0,0.9728882833787466,21.0,0.021,84.0,41587.0,42.0,42.0,12.0,9.0,24694.0,25293.0,219.0,381.0,581.0,419.0,41587.0,415.8699999999994,100.0,1000,0,1000,0.11093183397315443,915,0,1,0,0,0,0,0,0,0,1,1,0,0,0,0,39,0,0,0,0,0,0,0,0,0,0,0,0,0,0,0,43,0.19569219648838043,-0.05712850019335747,0.513944149017334,0.27848464250564575,0.014906999999999998
561,47559.0,2468.0,50027.0,50027.0,0.9506666400143923,31.0,0.031,80.0,39559.0,38.0,42.0,17.0,14.0,24076.0,23483.0,498.0,677.0,302.0,123.0,39559.0,395.59000000000003,100.0,1000,1,999,0.10852512496057898,919,0,0,0,0,0,1,0,0,0,0,0,0,0,0,0,38,0,0,0,0,0,0,0,0,0,0,0,0,1,0,0,41,0.37155139446258545,-0.055215805768966675,0.8622602820396423,0.29320940375328064,0.014879999999999997
562,47753.0,1683.0,49436.0,49436.0,0.9659559834938102,23.0,0.023,79.0,39853.0,38.0,41.0,14.0,9.0,24334.0,23419.0,28.5625,117.0,771.4375,104.0,39853.0,398.5300000000002,100.0,1000,2,998,0.10892208409495652,918,0,0,0,0,0,0,0,0,0,0,0,0,0,2,1,37,0,0,0,0,0,0,0,0,0,0,0,0,0,0,0,42,0.5752737522125244,0.01675213687121868,1.1256812810897827,0.2907853424549103,0.014852999999999998
563,48171.0,4265.0,52436.0,52436.0,0.9186627507819055,48.0,0.048,87.0,39471.0,49.0,38.0,17.0,31.0,23778.0,24393.0,225.0,320.0,575.0,480.0,39471.0,394.7099999999995,100.0,1000,1,999,0.11095424997620285,912,0,0,0,0,0,0,0,0,0,0,1,0,0,3,2,43,0,0,0,0,0,0,0,0,0,0,0,0,0,0,0,39,0.8211100101470947,0.08409593999385834,1.4826853275299072,0.2919612526893616,0.014825999999999997
564,47789.0,867.0,48656.0,48656.0,0.9821810259782966,16.0,0.016,88.0,38989.0,44.0,44.0,9.0,7.0,24145.0,23644.0,460.0,258.0,340.0,0.0,38989.0,389.8899999999996,100.0,1000,0,1000,0.10842304094694555,910,0,0,0,0,0,0,0,0,0,0,0,0,0,1,1,42,1,0,0,0,0,0,0,0,0,0,0,0,0,0,0,45,0.362911581993103,-0.03817465528845787,0.8100675344467163,0.26674291491508484,0.014799000000000001
565,48997.0,587.0,49584.0,49584.0,0.9881615037108745,10.0,0.01,90.0,39997.0,45.0,45.0,7.0,3.0,24624.0,24373.0,559.0,582.0,241.0,218.0,39997.0,399.9700000000005,100.0,1000,1,999,0.1109537499723956,909,0,1,0,0,0,0,0,0,0,0,0,0,0,0,1,44,0,0,0,0,0,0,0,0,0,0,0,0,0,0,0,45,0.5067196488380432,0.01475767232477665,0.9921086430549622,0.27703437209129333,0.014772
566,48310.0,779.0,49089.0,49089.0,0.9841308643484283,12.0,0.012,89.0,39410.0,49.0,40.0,8.0,4.0,26187.0,22123.0,381.0,586.0,0.0,214.0,39410.0,394.10000000000036,100.0,1000,1,999,0.10856820805929601,909,0,0,0,0,0,0,0,0,0,0,0,0,0,1,0,49,0,0,0,0,0,0,0,0,0,0,0,0,0,0,1,40,0.3597000539302826,-0.023646140471100807,0.7734039425849915,0.22758790850639343,0.014745000000000001
567,48052.0,965.0,49017.0,49017.0,0.9803129526490809,18.0,0.018,82.0,39852.0,45.0,37.0,7.0,11.0,25102.0,22950.0,553.0,388.0,247.0,412.0,39852.0,398.52,100.0,1000,0,1000,0.11077779205515981,915,0,0,0,0,0,0,0,0,0,0,0,0,0,0,0,45,0,0,0,0,0,0,0,0,0,0,0,0,0,0,0,40,0.3519594371318817,-0.012803115881979465,0.7378108501434326,0.2814837396144867,0.014718
568,49254.0,2976.0,52230.0,52230.0,0.9430212521539345,31.0,0.031,84.0,40854.0,41.0,43.0,16.0,15.0,24464.0,24790.0,683.0,257.0,117.0,543.0,40854.0,408.5399999999999,100.0,1000,0,1000,0.10770204209256917,915,0,0,0,0,0,0,0,0,0,0,0,0,0,2,0,39,0,0,1,0,0,0,0,0,0,0,0,0,0,0,0,43,0.4740872383117676,-0.04109682887792587,1.0383528470993042,0.2717547118663788,0.014691000000000001
569,48989.0,1441.0,50430.0,50430.0,0.9714257386476304,17.0,0.017,80.0,40989.0,44.0,36.0,7.0,10.0,25868.0,23121.0,441.0,681.0,359.0,119.0,40989.0,409.89000000000004,100.0,1000,1,999,0.11115566606167704,917,0,0,0,0,0,0,0,0,0,0,0,0,0,1,0,43,0,0,0,0,0,0,0,0,0,0,0,0,0,0,1,38,0.5731959939002991,0.023982306942343712,1.1053733825683594,0.23683899641036987,0.014664
570,47911.0,1436.0,49347.0,49347.0,0.9708999533912902,28.0,0.028,84.0,39511.0,45.0,39.0,5.0,23.0,24101.0,23810.0,764.0,676.0,36.0,124.0,39511.0,395.10999999999945,100.0,1000,1,999,0.1079066660022363,911,0,0,0,0,0,0,0,0,0,0,0,0,0,2,0,45,0,0,0,0,0,0,0,0,0,0,0,0,0,0,1,41,0.40986958146095276,-0.07769794762134552,0.9826474189758301,0.2566225826740265,0.014637
571,48915.0,1961.0,50876.0,50876.0,0.9614553030898656,28.0,0.028,85.0,40415.0,43.0,42.0,13.0,15.0,23691.0,25224.0,460.0,576.0,340.0,224.0,40415.0,404.14999999999986,100.0,1000,0,1000,0.10736599995288998,913,0,0,0,0,1,0,0,0,0,0,1,0,0,1,1,40,0,0,0,0,0,0,0,0,0,0,0,0,1,0,0,42,0.73104327917099,-0.016415780410170555,1.5028691291809082,0.272108793258667,0.01461
572,48459.0,1322.0,49781.0,49781.0,0.9734436833329986,23.0,0.023,85.0,39959.0,45.0,40.0,8.0,15.0,24127.0,24332.0,744.0,405.0,56.0,395.0,39959.0,399.5900000000004,100.0,1000,1,999,0.11063300003297627,912,0,0,0,0,0,0,0,0,0,0,0,0,1,1,0,45,0,0,0,0,0,0,0,0,0,0,0,0,0,0,0,41,0.6126102209091187,0.010886449366807938,1.2113494873046875,0.27092787623405457,0.014583
573,49104.0,2108.0,51212.0,51212.0,0.9588377723970944,32.0,0.032,81.0,41004.0,42.0,39.0,12.0,20.0,24348.0,24756.0,231.0,68.0,569.0,120.0,41004.0,410.0400000000002,100.0,1000,1,999,0.18726004206109792,919,0,0,0,0,0,1,0,0,0,0,1,0,0,2,0,38,0,0,0,0,0,0,0,0,0,0,0,0,1,0,1,37,0.4326338768005371,0.014967330731451511,0.8445800542831421,0.317632794380188,0.014556
574,49366.0,977.0,50343.0,50343.0,0.9805931311205133,19.0,0.019,85.0,40866.0,42.0,43.0,12.0,7.0,25846.0,23520.0,588.0,614.0,212.0,186.0,40866.0,408.6600000000005,100.0,1000,2,998,0.11182258394546807,913,0,0,0,0,0,0,0,0,0,0,0,0,0,2,1,39,0,0,0,0,0,0,0,0,0,0,0,0,1,0,0,44,0.25200146436691284,-0.04789402708411217,0.6079129576683044,0.2795083820819855,0.014529
575,48305.0,1849.0,50154.0,50154.0,0.9631335486700962,17.0,0.017,85.0,39805.0,40.0,45.0,11.0,6.0,24186.0,24119.0,440.0,800.0,0.0,0.0,39805.0,398.04999999999956,100.0,1000,0,1000,0.10721479100175202,915,0,0,0,0,0,0,0,0,0,0,0,0,0,1,0,39,0,0,0,0,0,0,0,0,0,0,0,0,1,0,0,44,1.3053873777389526,0.11279036104679108,2.3930604457855225,0.27121874690055847,0.014502000000000001
576,48330.0,2880.0,51210.0,51210.0,0.9437609841827768,41.0,0.041,87.0,39630.0,45.0,42.0,23.0,18.0,24496.0,23834.0,800.0,595.0,0.0,205.0,39630.0,396.3,100.0,1000,1,999,0.10767154104541987,913,0,0,0,0,0,0,0,0,0,0,0,0,1,1,1,42,0,0,0,0,0,0,0,0,0,0,0,0,1,0,1,40,0.39836010336875916,-0.0626325011253357,0.930894136428833,0.3077341318130493,0.014475
577,48810.0,2010.0,50820.0,50820.0,0.9604486422668241,28.0,0.028,82.0,40610.0,40.0,42.0,7.0,21.0,23427.0,25383.0,339.0,800.0,461.0,0.0,40610.0,406.0999999999997,100.0,1000,2,998,0.10897754202596843,916,0,0,0,0,0,0,0,0,0,0,0,0,0,1,0,39,0,0,0,0,0,0,0,0,0,0,0,0,0,0,0,44,0.6142932176589966,0.06333468854427338,1.1109392642974854,0.31223127245903015,0.014448
578,47280.0,2077.0,49357.0,49357.0,0.9579188362339688,26.0,0.026,83.0,38980.0,36.0,47.0,18.0,8.0,22626.0,24654.0,243.0,646.0,557.0,154.0,38980.0,389.79999999999984,100.0,1000,2,998,0.10934749990701675,917,0,0,0,0,0,0,0,0,0,0,0,0,0,0,0,36,0,0,0,0,0,0,1,0,0,0,0,0,1,0,0,45,0.42989155650138855,-0.008470852859318256,0.8851454257965088,0.2919563353061676,0.014421
579,48302.0,686.0,48988.0,48988.0,0.9859965705887156,12.0,0.012,89.0,39402.0,42.0,47.0,5.0,7.0,23739.0,24563.0,272.0,688.0,528.0,112.0,39402.0,394.0200000000005,100.0,1000,1,999,0.10755399998743087,910,0,0,0,0,0,0,0,0,0,0,0,0,0,2,0,41,0,0,0,0,0,0,0,0,0,0,0,0,2,0,1,44,0.2975532114505768,-0.054870255291461945,0.7135506868362427,0.30233994126319885,0.014394
580,47806.0,852.0,48658.0,48658.0,0.982490032471536,14.0,0.014,83.0,39506.0,41.0,42.0,11.0,3.0,24357.0,23449.0,446.0,402.0,354.0,80.0,39506.0,395.0599999999998,100.0,1000,0,1000,0.10733370902016759,915,0,0,0,0,0,0,1,0,0,0,0,0,0,1,0,40,0,0,0,0,0,0,0,0,0,0,0,0,0,0,0,43,0.5374335646629333,-0.014939410611987114,1.1118215322494507,0.24624143540859222,0.014367000000000001
581,50237.0,1134.0,51371.0,51371.0,0.9779252885869459,21.0,0.021,84.0,41837.0,41.0,43.0,14.0,7.0,24440.0,25797.0,584.0,376.0,216.0,424.0,41837.0,418.36999999999983,100.0,1000,0,1000,0.10768041701521724,914,0,0,0,0,0,0,0,0,0,0,0,0,0,1,0,40,0,0,0,0,0,0,0,0,0,0,0,0,0,0,1,44,0.4612277150154114,-0.011058906093239784,0.9526134133338928,0.2803412675857544,0.014339999999999999
582,47400.0,2048.0,49448.0,49448.0,0.9585827535997411,23.0,0.023,84.0,39000.0,40.0,44.0,19.0,4.0,23184.0,24216.0,616.0,398.0,184.0,402.0,39000.0,390.0000000000002,100.0,1000,1,999,0.107758832979016,915,0,0,0,0,0,0,0,0,0,0,0,0,0,2,1,37,0,0,0,0,0,0,0,0,0,0,0,0,0,0,0,45,0.7811165452003479,0.042161669582128525,1.4876832962036133,0.34142008423805237,0.014313
583,49010.0,793.0,49803.0,49803.0,0.984077264421822,15.0,0.015,86.0,40410.0,41.0,45.0,9.0,6.0,24159.0,24851.0,496.0,199.0,304.0,601.0,40410.0,404.1000000000001,100.0,1000,0,1000,0.10728529200423509,910,0,0,0,0,0,0,0,0,0,0,1,0,0,1,0,40,0,0,0,0,0,0,0,0,0,0,0,0,1,0,0,47,0.29430365562438965,-0.027568284422159195,0.6530994772911072,0.3274405896663666,0.014286
584,49042.0,811.0,49853.0,49853.0,0.983732172587407,12.0,0.012,90.0,40042.0,44.0,46.0,8.0,4.0,25115.0,23927.0,576.0,507.0,224.0,59.0,40042.0,400.41999999999985,100.0,1000,1,999,0.10820450005121529,909,0,0,0,0,0,0,0,0,0,0,0,0,0,0,2,43,0,0,0,0,0,0,0,0,0,0,0,0,0,0,1,45,0.635381281375885,-0.013956941664218903,1.306127667427063,0.2612793743610382,0.014259
585,50156.0,1822.0,51978.0,51978.0,0.9649467082227096,21.0,0.021,86.0,41556.0,39.0,47.0,16.0,5.0,24023.0,26133.0,332.0,581.0,468.0,219.0,41556.0,415.56000000000034,100.0,1000,0,1000,0.1109687089920044,913,0,0,0,1,0,0,0,0,1,0,0,0,0,1,0,36,0,0,0,0,0,0,0,0,0,0,0,0,1,0,0,47,0.5048264861106873,0.036330822855234146,0.9454958438873291,0.2987806797027588,0.014232000000000002
586,48663.0,1286.0,49949.0,49949.0,0.9742537388135899,18.0,0.018,84.0,40263.0,39.0,45.0,13.0,5.0,23290.0,25373.0,297.0,435.0,503.0,365.0,40263.0,402.6300000000002,100.0,1000,0,1000,0.10860604199115187,914,0,0,0,0,1,0,0,0,0,0,0,1,0,1,0,36,0,0,0,0,0,0,0,0,0,0,0,0,1,1,0,45,0.28178828954696655,-0.035613417625427246,0.6425910592079163,0.2741164267063141,0.014204999999999999
587,49167.0,852.0,50019.0,50019.0,0.9829664727403586,17.0,0.017,91.0,40067.0,43.0,48.0,10.0,7.0,24159.0,25008.0,632.0,518.0,168.0,282.0,40067.0,400.6700000000001,100.0,1000,1,999,0.10763183305971324,906,0,0,0,0,0,0,0,0,0,0,0,0,0,4,0,39,0,0,0,0,0,0,0,0,0,0,0,0,1,0,0,50,0.19047927856445312,-0.05958931893110275,0.5076570510864258,0.2651943266391754,0.014178
588,47968.0,1033.0,49001.0,49001.0,0.9789187975755597,20.0,0.02,85.0,39468.0,41.0,44.0,11.0,9.0,23151.0,24817.0,111.0,641.0,0.0,159.0,39468.0,394.68000000000006,100.0,1000,0,1000,0.17788541701156646,912,0,0,0,0,0,0,0,0,0,0,0,0,0,1,1,41,0,0,0,0,0,0,0,0,0,0,0,0,0,1,0,44,0.1153731718659401,-0.07040834426879883,0.3797328472137451,0.2886658012866974,0.014151
589,48398.0,1261.0,49659.0,49659.0,0.9746068185021849,19.0,0.019,82.0,40198.0,44.0,38.0,8.0,11.0,25055.0,23343.0,428.0,363.0,372.0,437.0,40198.0,401.97999999999996,100.0,1000,0,1000,0.11786075006239116,918,0,0,0,0,0,0,0,0,0,0,0,0,0,0,0,44,0,0,1,0,0,0,0,0,0,0,0,0,0,0,0,37,0.5959398150444031,-0.010884512215852737,1.2209993600845337,0.2602178454399109,0.014124000000000001
590,48546.0,1715.0,50261.0,50261.0,0.9658781162332624,26.0,0.026,77.0,40846.0,38.0,39.0,12.0,14.0,23606.0,24940.0,513.0,537.0,287.0,263.0,40846.0,408.4599999999994,100.0,1000,0,1000,0.11733775003813207,922,0,0,0,0,0,0,0,0,0,0,0,0,0,0,0,39,0,0,0,0,0,0,0,0,0,0,0,0,0,0,1,38,1.1056196689605713,0.13808026909828186,1.9431780576705933,0.28726932406425476,0.014096999999999998
591,49477.0,1103.0,50580.0,50580.0,0.978192961644919,20.0,0.02,80.0,41477.0,39.0,41.0,12.0,8.0,24421.0,25056.0,341.0,359.0,459.0,441.0,41477.0,414.77000000000004,100.0,1000,0,1000,0.11592591705266386,920,0,0,0,0,0,0,0,0,0,0,0,1,0,0,0,38,0,0,0,0,0,0,0,0,0,0,0,0,0,0,1,40,0.5510964393615723,0.06030848249793053,0.9884164929389954,0.24309316277503967,0.01407
592,47634.0,2345.0,49979.0,49979.0,0.9530802937233638,37.0,0.037,77.0,39934.0,40.0,37.0,29.0,8.0,25569.0,22065.0,522.0,281.0,278.0,43.0,39934.0,399.34000000000003,100.0,1000,0,1000,0.11819049995392561,923,0,0,0,0,0,0,0,0,1,1,0,0,0,2,0,36,0,0,0,0,0,0,0,1,0,0,0,0,0,0,0,36,0.3874128758907318,0.01020059734582901,0.7621451020240784,0.2748894989490509,0.014043
593,48449.0,2972.0,51421.0,51421.0,0.9422026020497463,38.0,0.038,82.0,40249.0,41.0,41.0,13.0,25.0,23885.0,24564.0,237.640625,643.0,562.359375,157.0,40249.0,402.49,100.0,1000,0,1000,0.11701716703828424,917,0,0,0,0,0,0,0,0,0,0,0,0,0,2,0,39,0,0,0,0,0,0,0,0,0,0,0,0,1,0,1,40,0.6485116481781006,-0.0014000062365084887,1.3072538375854492,0.2650741934776306,0.014016
594,48154.0,2177.0,50331.0,50331.0,0.9567463392342691,40.0,0.04,80.0,40154.0,41.0,39.0,17.0,23.0,23147.0,25007.0,675.125,479.0,124.875,321.0,40154.0,401.5400000000007,100.0,1000,3,997,0.11724783305544406,919,0,0,0,0,0,0,0,0,0,0,0,0,0,3,0,39,0,0,0,1,0,0,0,0,0,0,0,0,1,0,0,37,0.6475951671600342,-0.0068450672551989555,1.318106770515442,0.3297709822654724,0.013989000000000001
595,48958.0,865.0,49823.0,49823.0,0.9826385404331333,16.0,0.016,86.0,40358.0,44.0,42.0,10.0,6.0,25540.0,23418.0,754.0,755.0,46.0,45.0,40358.0,403.5800000000008,100.0,1000,3,997,0.12011129199527204,913,0,0,0,1,0,0,0,0,0,0,0,0,0,0,0,43,0,0,0,0,0,0,0,0,0,0,0,0,0,0,0,43,0.33010900020599365,-0.05292670428752899,0.7726783752441406,0.23660317063331604,0.013961999999999999
596,47933.0,2129.0,50062.0,50062.0,0.9574727338100755,27.0,0.027,85.0,39433.0,45.0,40.0,9.0,18.0,24289.0,23644.0,653.0,420.0,147.0,380.0,39433.0,394.33000000000055,100.0,1000,0,1000,0.11634895799215883,912,0,0,0,0,1,0,1,0,0,0,0,0,0,2,0,42,0,0,0,0,0,0,0,1,0,0,0,0,0,0,0,41,0.6965991258621216,-0.00921617727726698,1.4194735288619995,0.2814101576805115,0.013935
597,50160.0,1948.0,52108.0,52108.0,0.962616105012666,26.0,0.026,86.0,41560.0,44.0,42.0,9.0,17.0,24742.0,25418.0,561.0,317.0,239.0,37.0,41560.0,415.6,100.0,1000,0,1000,0.11842079204507172,912,0,0,0,0,0,0,0,0,0,0,0,0,0,0,0,44,0,0,0,0,0,0,0,0,0,0,0,0,0,0,1,43,0.6731388568878174,0.009386459365487099,1.3344318866729736,0.24903260171413422,0.013908
598,47899.0,1990.0,49889.0,49889.0,0.9601114474132574,28.0,0.028,75.0,40399.0,40.0,35.0,14.0,14.0,24326.0,23573.0,649.0,700.0,151.0,100.0,40399.0,403.99000000000075,100.0,1000,0,1000,0.11459129198919982,923,0,0,0,0,0,0,0,0,0,0,0,0,0,0,1,39,0,0,0,0,0,0,0,0,0,0,0,0,0,0,0,37,0.47156795859336853,-0.08102714270353317,1.11227548122406,0.25521424412727356,0.013881000000000001
599,48873.0,1884.0,50757.0,50757.0,0.9628819670193274,26.0,0.026,83.0,40573.0,41.0,42.0,7.0,19.0,22771.0,26102.0,354.0,669.0,0.0,131.0,40573.0,405.7299999999993,100.0,1000,0,1000,0.18024500005412847,912,0,0,0,0,0,0,0,0,0,0,0,0,0,1,0,41,0,0,0,0,0,0,0,0,0,0,0,0,0,0,2,44,0.19743776321411133,-0.04784251004457474,0.4975181818008423,0.2511066496372223,0.013853999999999998
600,47188.0,2440.0,49628.0,49628.0,0.9508342064963328,36.0,0.036,78.0,39388.0,41.0,37.0,15.0,21.0,24085.0,23103.0,556.0,236.0,244.0,564.0,39388.0,393.88000000000017,100.0,1000,0,1000,0.10804166703019291,922,0,0,0,0,0,0,0,0,0,0,0,0,0,1,0,40,0,0,0,0,0,0,0,0,0,0,0,0,0,0,0,37,0.7265813946723938,0.09466595202684402,1.270025372505188,0.22399824857711792,0.013826999999999999
601,48546.0,2567.0,51113.0,51113.0,0.9497779429890635,38.0,0.038,78.0,40746.0,40.0,38.0,12.0,26.0,23958.0,24588.0,486.0,724.0,314.0,76.0,40746.0,407.45999999999987,100.0,1000,1,999,0.10778729198500514,921,0,0,0,0,0,0,0,0,0,0,1,1,0,1,0,38,0,0,0,0,0,0,0,0,1,0,0,0,0,0,0,37,0.7637643218040466,0.03393635153770447,1.4677696228027344,0.2939768135547638,0.0138
602,48112.0,2348.0,50460.0,50460.0,0.9534680935394372,32.0,0.032,80.0,40112.0,41.0,39.0,18.0,14.0,24503.0,23609.0,765.0,629.0,35.0,171.0,40112.0,401.12000000000046,100.0,1000,1,999,0.11092583404388279,920,0,0,0,0,0,0,0,0,1,0,0,0,0,1,0,39,0,0,0,0,0,0,0,0,0,0,0,0,0,0,0,39,0.8749552369117737,-0.00943389255553484,1.7759473323822021,0.26025933027267456,0.013773
603,48120.0,1952.0,50072.0,50072.0,0.9610161367630612,24.0,0.024,81.0,40020.0,39.0,42.0,19.0,5.0,24267.0,23853.0,428.0,634.0,372.0,166.0,40020.0,400.19999999999993,100.0,1000,1,999,0.10777387500274926,917,0,0,0,0,0,0,0,0,0,0,0,0,0,0,1,39,0,0,0,0,0,0,0,0,0,0,0,0,0,0,0,43,0.43970462679862976,0.019784532487392426,0.8463142514228821,0.2354898452758789,0.013746000000000001
604,47059.0,2615.0,49674.0,49674.0,0.9473567661150702,33.0,0.033,78.0,39259.0,37.0,41.0,14.0,19.0,21860.0,25199.0,447.0,766.0,83.0,34.0,39259.0,392.58999999999975,100.0,1000,1,999,0.11067120905499905,918,0,0,0,0,0,1,0,0,0,0,1,0,0,1,0,35,0,0,0,0,0,0,0,0,0,0,0,0,0,0,0,44,0.6094743609428406,-0.024827534332871437,1.2754085063934326,0.24800267815589905,0.013718999999999999
605,48708.0,2507.0,51215.0,51215.0,0.951049497217612,40.0,0.04,81.0,40608.0,40.0,41.0,24.0,16.0,24919.0,23789.0,608.0,375.0,192.0,425.0,40608.0,406.07999999999913,100.0,1000,1,999,0.10801420896314085,918,0,0,0,0,0,0,0,0,0,0,0,0,0,0,0,40,0,0,0,0,0,0,0,0,0,0,0,0,1,0,1,40,0.7476571798324585,0.057817183434963226,1.3866071701049805,0.2529633343219757,0.013692
606,46737.0,2489.0,49226.0,49226.0,0.9494372892373949,36.0,0.036,73.0,39437.0,33.0,40.0,21.0,15.0,21814.0,24923.0,332.0,107.0,468.0,0.0,39437.0,394.36999999999955,100.0,1000,0,1000,0.11137854203116149,924,0,0,0,0,0,0,0,0,0,0,0,0,0,0,0,34,0,0,0,0,0,0,0,0,0,0,0,0,0,0,1,41,0.8174037337303162,0.06563340127468109,1.51068115234375,0.2612723410129547,0.013665
607,48193.0,2105.0,50298.0,50298.0,0.9581494294007714,28.0,0.028,77.0,40493.0,34.0,43.0,23.0,5.0,23322.0,24871.0,125.0,692.0,675.0,108.0,40493.0,404.9299999999993,100.0,1000,0,1000,0.10760550003033131,922,0,0,0,0,0,0,1,0,0,0,0,0,0,1,2,30,0,0,0,0,0,0,0,0,0,0,0,0,0,1,1,42,0.5181976556777954,0.023128680884838104,0.9973551630973816,0.26459795236587524,0.013638
608,49307.0,2032.0,51339.0,51339.0,0.9604199536414811,33.0,0.033,77.0,41607.0,38.0,39.0,19.0,14.0,24993.0,24314.0,536.0,361.0,264.0,439.0,41607.0,416.06999999999977,100.0,1000,1,999,0.10827612492721528,923,0,0,0,0,0,0,0,0,0,0,0,0,0,0,0,38,0,0,0,0,0,0,0,0,0,0,0,0,0,0,0,39,0.2684462070465088,-0.024186652153730392,0.5935134887695312,0.3029835820198059,0.013610999999999998
609,48779.0,1444.0,50223.0,50223.0,0.9712482328813492,21.0,0.021,81.0,40679.0,38.0,43.0,10.0,11.0,24175.0,24604.0,432.0,133.0,368.0,101.0,40679.0,406.7899999999996,100.0,1000,0,1000,0.10755895799957216,918,0,0,0,0,0,0,0,0,0,0,0,0,0,0,0,39,0,0,0,0,0,1,0,0,0,0,0,0,0,0,0,42,0.28200921416282654,-0.029491128399968147,0.629878580570221,0.25316283106803894,0.013583999999999999
610,48005.0,1562.0,49567.0,49567.0,0.9684870982710271,27.0,0.027,81.0,39905.0,40.0,41.0,19.0,8.0,24188.0,23817.0,264.0,520.0,0.0,280.0,39905.0,399.04999999999967,100.0,1000,0,1000,0.1071514169452712,917,0,0,0,0,0,0,0,0,0,0,0,0,0,4,0,36,0,0,0,0,0,0,0,0,0,0,1,0,1,1,0,40,0.6449906229972839,0.011374362744390965,1.2732701301574707,0.22267308831214905,0.013557
611,47841.0,3139.0,50980.0,50980.0,0.9384268340525697,32.0,0.032,75.0,40341.0,38.0,37.0,10.0,22.0,23687.0,24154.0,78.0,645.0,722.0,155.0,40341.0,403.4099999999996,100.0,1000,0,1000,0.11096049996558577,922,0,0,0,0,0,0,0,0,0,0,1,0,0,0,1,37,0,0,0,0,0,0,0,0,0,0,0,0,0,0,0,39,0.5504135489463806,0.01115833967924118,1.084863543510437,0.2347782999277115,0.01353
612,48460.0,1715.0,50175.0,50175.0,0.9658196312904833,31.0,0.031,77.0,40760.0,39.0,38.0,10.0,21.0,24435.0,24025.0,515.0,299.0,285.0,501.0,40760.0,407.60000000000076,100.0,1000,2,998,0.12095854198560119,918,0,0,0,0,0,0,0,1,0,0,0,0,0,2,1,37,0,0,0,0,0,0,0,0,0,0,0,0,0,1,2,38,0.5677573084831238,0.07768448442220688,0.9883899092674255,0.305275559425354,0.013503000000000001
613,48384.0,2139.0,50523.0,50523.0,0.9576628466243097,40.0,0.04,77.0,40684.0,36.0,41.0,28.0,12.0,24209.0,24175.0,175.0,488.0,625.0,312.0,40684.0,406.8399999999998,100.0,1000,0,1000,0.10887925000861287,920,0,0,0,0,0,0,0,0,0,0,1,0,0,0,1,35,0,0,0,0,0,0,0,0,0,0,0,0,0,0,1,42,0.6023305058479309,0.10473447293043137,1.0030639171600342,0.2920677065849304,0.013475999999999998
614,49557.0,1169.0,50726.0,50726.0,0.9769546189330915,18.0,0.018,79.0,41657.0,41.0,38.0,12.0,6.0,25283.0,24274.0,515.0,415.0,285.0,385.0,41657.0,416.57,100.0,1000,0,1000,0.11125358298886567,918,0,0,0,0,0,0,0,0,0,0,0,0,0,1,1,40,0,0,0,0,0,0,0,0,0,0,0,0,0,0,0,40,0.484343558549881,-0.0189792662858963,1.0140167474746704,0.27403953671455383,0.013449
615,48280.0,2172.0,50452.0,50452.0,0.9569491794180607,39.0,0.039,76.0,40680.0,37.0,39.0,11.0,28.0,24199.0,24081.0,643.0,523.0,157.0,277.0,40680.0,406.8000000000004,100.0,1000,1,999,0.108704415964894,924,0,0,0,0,0,0,0,0,0,0,0,0,0,0,2,35,0,0,0,0,0,0,0,0,0,0,0,0,1,0,0,38,0.4356485903263092,0.009205884300172329,0.8614570498466492,0.31931233406066895,0.013422
616,49013.0,652.0,49665.0,49665.0,0.9868720426859962,13.0,0.013,85.0,40513.0,43.0,42.0,6.0,7.0,24422.0,24591.0,702.0,245.0,98.0,555.0,40513.0,405.1300000000011,100.0,1000,0,1000,0.10824529209639877,915,0,0,0,0,0,0,0,0,1,0,0,0,0,1,0,41,0,0,0,0,0,0,0,0,0,0,0,0,1,0,0,41,1.1228984594345093,0.12999513745307922,1.9920951128005981,0.23473788797855377,0.013395
617,48857.0,933.0,49790.0,49790.0,0.981261297449287,17.0,0.017,81.0,40757.0,42.0,39.0,6.0,11.0,25497.0,23360.0,417.0,85.0,383.0,92.0,40757.0,407.5700000000001,100.0,1000,0,1000,0.11028220795560628,917,0,0,0,0,0,0,0,0,0,0,0,0,0,0,0,43,0,0,0,0,0,0,0,0,0,0,0,0,0,0,0,40,0.13596563041210175,-0.09705863893032074,0.47364333271980286,0.284065842628479,0.013367999999999998
618,48557.0,999.0,49556.0,49556.0,0.9798409879732021,18.0,0.018,81.0,40457.0,40.0,41.0,11.0,7.0,24412.0,24145.0,589.0,618.0,211.0,182.0,40457.0,404.5699999999995,100.0,1000,0,1000,0.11252112500369549,919,0,0,0,0,0,0,0,0,0,0,0,0,0,1,1,38,0,0,0,0,0,0,0,0,0,0,0,0,0,0,1,40,0.19424735009670258,-0.06461789458990097,0.5251693725585938,0.27879735827445984,0.013340999999999999
619,49700.0,1258.0,50958.0,50958.0,0.9753130028651046,24.0,0.024,85.0,41200.0,42.0,43.0,18.0,6.0,25287.0,24413.0,510.0,508.0,290.0,292.0,41200.0,411.99999999999943,100.0,1000,0,1000,0.10746858303900808,914,0,0,0,0,0,0,0,0,0,0,1,0,0,1,0,40,0,0,0,0,0,0,0,0,0,0,0,0,0,0,0,44,0.3174082338809967,-0.03323138505220413,0.7084285020828247,0.26848694682121277,0.013314
620,48026.0,1123.0,49149.0,49149.0,0.9771511119249628,19.0,0.019,81.0,39926.0,42.0,39.0,12.0,7.0,24382.0,23644.0,539.0,714.0,261.0,86.0,39926.0,399.2600000000004,100.0,1000,0,1000,0.10755329194944352,917,0,0,0,0,0,0,0,0,0,0,0,0,0,0,1,42,0,0,0,0,0,0,0,0,0,0,0,0,0,0,0,40,0.3637751340866089,0.0026892938185483217,0.7284591794013977,0.23660436272621155,0.013287
621,48321.0,1422.0,49743.0,49743.0,0.9714130631445631,27.0,0.027,83.0,40021.0,45.0,38.0,5.0,22.0,24796.0,23525.0,410.0,423.0,390.0,377.0,40021.0,400.2099999999999,100.0,1000,1,999,0.11095958296209574,916,0,1,0,0,0,0,1,0,1,0,0,0,0,0,1,41,0,0,0,0,0,0,0,0,0,0,0,0,0,0,1,38,0.3584727942943573,-0.03540864586830139,0.795197069644928,0.28032395243644714,0.013259999999999997
622,48354.0,1342.0,49696.0,49696.0,0.9729958145524791,25.0,0.025,78.0,40554.0,42.0,36.0,10.0,15.0,25147.0,23207.0,354.0,16.0,446.0,0.0,40554.0,405.53999999999996,100.0,1000,0,1000,0.10834054101724178,922,0,0,0,0,0,0,0,0,0,0,0,0,0,1,0,41,0,0,0,0,0,0,0,0,0,0,0,0,0,0,0,36,0.21358178555965424,-0.030244125053286552,0.4945014417171478,0.25880786776542664,0.013232999999999998
623,49785.0,978.0,50763.0,50763.0,0.9807339991726257,16.0,0.016,87.0,41085.0,48.0,39.0,3.0,13.0,25834.0,23951.0,273.0,556.0,527.0,244.0,41085.0,410.85000000000036,100.0,1000,0,1000,0.1086320000467822,913,0,0,0,0,0,0,0,0,0,0,0,0,0,0,1,47,0,0,0,0,0,0,0,0,0,0,0,0,0,0,2,37,0.38293328881263733,-0.1094079539179802,0.9905348420143127,0.22157838940620422,0.013205999999999999
624,47852.0,2217.0,50069.0,50069.0,0.9557211048752722,23.0,0.023,78.0,40052.0,40.0,38.0,11.0,12.0,24502.0,23350.0,584.0,800.0,216.0,0.0,40052.0,400.52000000000015,100.0,1000,1,999,0.10865662503056228,919,0,0,0,0,0,0,0,0,0,0,0,0,0,0,0,42,0,0,0,0,0,0,0,0,0,0,0,0,1,0,1,37,0.3413832485675812,-0.027423346415162086,0.7443810701370239,0.25676703453063965,0.013179
625,48524.0,1557.0,50081.0,50081.0,0.9689103652083625,20.0,0.02,79.0,40624.0,40.0,39.0,13.0,7.0,24131.0,24393.0,396.0,450.0,404.0,350.0,40624.0,406.24000000000007,100.0,1000,0,1000,0.11104495800100267,919,0,0,0,0,0,0,0,0,0,0,0,0,0,0,0,41,0,0,0,0,0,0,0,1,0,0,0,0,0,0,0,39,0.3403325378894806,-0.003472106298431754,0.6947365403175354,0.2709554433822632,0.013152
626,48141.0,1415.0,49556.0,49556.0,0.9714464444265074,24.0,0.024,80.0,40141.0,40.0,40.0,6.0,18.0,23933.0,24208.0,259.0,633.0,541.0,167.0,40141.0,401.4100000000006,100.0,1000,0,1000,0.10812858294229954,920,0,0,0,0,0,0,0,0,0,0,0,0,0,0,0,40,0,0,0,0,0,0,0,0,0,0,0,0,0,0,1,39,0.4015679955482483,-0.0187252014875412,0.8469659686088562,0.24303217232227325,0.013124999999999998
627,48088.0,1458.0,49546.0,49546.0,0.9705728010333832,26.0,0.026,78.0,40288.0,42.0,36.0,11.0,15.0,25588.0,22500.0,588.0,69.0,212.0,52.0,40288.0,402.88000000000073,100.0,1000,1,999,0.11147120897658169,921,0,0,0,0,0,0,0,1,0,0,0,0,0,1,0,40,0,0,0,0,0,0,0,0,0,0,0,0,0,0,1,36,0.6105800271034241,-0.027515336871147156,1.2830307483673096,0.26110711693763733,0.013097999999999999
628,49250.0,1448.0,50698.0,50698.0,0.9714387155311847,25.0,0.025,78.0,41450.0,38.0,40.0,12.0,13.0,24309.0,24941.0,542.0,428.0,258.0,372.0,41450.0,414.50000000000045,100.0,1000,2,998,0.10745437501464039,921,0,0,0,0,0,0,0,0,0,1,0,0,0,0,0,38,0,0,0,0,0,0,0,0,1,0,0,0,0,0,0,39,0.6215724945068359,0.06249837204813957,1.1242454051971436,0.23323407769203186,0.013071
629,47838.0,1564.0,49402.0,49402.0,0.9683413626978665,28.0,0.028,77.0,40138.0,39.0,38.0,13.0,15.0,24043.0,23795.0,214.0,308.0,0.0,492.0,40138.0,401.37999999999965,100.0,1000,0,1000,0.10882474994286895,922,0,0,0,0,0,0,0,0,0,0,0,0,0,0,0,40,0,0,0,0,0,0,0,0,0,0,0,0,0,0,0,38,0.2451455146074295,-0.07238128036260605,0.6419064998626709,0.26268354058265686,0.013044
630,47851.0,2226.0,50077.0,50077.0,0.9555484553787168,36.0,0.036,73.0,40551.0,39.0,34.0,12.0,24.0,24186.0,23665.0,404.1875,195.0,395.8125,605.0,40551.0,405.5099999999998,100.0,1000,3,997,0.11119516706094146,926,0,0,0,1,0,0,1,0,0,0,0,0,0,0,1,37,0,0,0,0,0,0,0,0,0,0,0,0,1,0,0,33,0.3154769539833069,-0.13123819231987,0.9013580083847046,0.30451497435569763,0.013016999999999997
631,48644.0,2489.0,51133.0,51133.0,0.9513230203586724,33.0,0.033,78.0,40844.0,39.0,39.0,12.0,21.0,24215.0,24429.0,627.0,190.0,173.0,0.0,40844.0,408.4399999999997,100.0,1000,2,998,0.10788162495009601,921,0,0,0,0,0,0,0,0,0,0,0,0,0,1,1,38,0,0,0,0,0,0,0,0,0,0,0,0,0,0,2,37,0.7859525680541992,-0.01961870677769184,1.617856740951538,0.258439302444458,0.012989999999999998
632,49925.0,483.0,50408.0,50408.0,0.9904181875892716,9.0,0.009,84.0,41525.0,44.0,40.0,5.0,4.0,25486.0,24439.0,550.0,199.0,250.0,601.0,41525.0,415.25000000000057,100.0,1000,2,998,0.11082641710527241,915,0,0,0,0,0,0,0,0,0,0,0,0,0,0,0,44,0,0,0,0,1,0,0,0,0,0,0,0,0,0,0,40,0.30641618371009827,0.01574067585170269,0.5885016918182373,0.27581095695495605,0.012962999999999999
633,47896.0,661.0,48557.0,48557.0,0.9863871326482279,9.0,0.009,82.0,39696.0,39.0,43.0,6.0,3.0,23830.0,24066.0,661.0,237.0,139.0,563.0,39696.0,396.96000000000026,100.0,1000,1,999,0.10772983299102634,917,0,0,0,0,0,0,0,0,0,0,0,0,0,0,0,40,0,0,0,0,0,0,0,1,0,0,0,0,1,0,0,41,0.30729490518569946,-0.03985727205872536,0.7007082104682922,0.24752014875411987,0.012936
634,49136.0,741.0,49877.0,49877.0,0.9851434528941195,13.0,0.013,82.0,40936.0,41.0,41.0,6.0,7.0,24706.0,24430.0,406.0,452.0,394.0,348.0,40936.0,409.3600000000004,100.0,1000,0,1000,0.10715983307454735,916,0,0,0,0,0,0,0,0,0,0,0,0,0,0,2,39,0,0,0,0,0,0,0,0,0,0,0,0,0,0,1,42,0.5212743878364563,0.05735613405704498,0.9344318509101868,0.25545448064804077,0.012909
635,48795.0,2081.0,50876.0,50876.0,0.959096627093325,27.0,0.027,79.0,40895.0,38.0,41.0,13.0,14.0,24541.0,24254.0,145.0,751.0,43.0,49.0,40895.0,408.9500000000002,100.0,1000,2,998,0.11103195906616747,921,0,0,0,0,0,0,0,0,0,0,0,0,0,0,0,38,0,0,0,0,0,0,0,0,0,0,0,0,0,0,0,41,1.1052851676940918,0.029806725680828094,2.157038927078247,0.23606984317302704,0.012881999999999998
636,49348.0,1460.0,50808.0,50808.0,0.9712643678160919,21.0,0.021,82.0,41148.0,39.0,43.0,8.0,13.0,24313.0,25035.0,58.0,639.0,0.0,161.0,41148.0,411.4799999999997,100.0,1000,0,1000,0.10736316605471075,916,0,0,0,0,0,0,0,0,0,0,0,0,0,1,0,38,0,0,0,0,0,0,0,0,0,0,0,0,0,0,1,44,0.3324071168899536,-0.03647557273507118,0.7445127964019775,0.26244398951530457,0.012854999999999998
637,49033.0,669.0,49702.0,49702.0,0.9865397770713452,12.0,0.012,85.0,40533.0,39.0,46.0,8.0,4.0,24159.0,24874.0,404.0,746.0,396.0,54.0,40533.0,405.32999999999976,100.0,1000,1,999,0.1109384170267731,914,0,0,0,1,0,0,0,0,0,0,0,0,0,0,3,35,0,0,0,0,0,0,0,0,0,0,0,0,0,0,0,47,0.17333102226257324,-0.10624474287033081,0.5654195547103882,0.24431054294109344,0.012827999999999999
638,48142.0,1841.0,49983.0,49983.0,0.9631674769421603,25.0,0.025,78.0,40342.0,38.0,40.0,7.0,18.0,23568.0,24574.0,97.0,580.0,703.0,220.0,40342.0,403.4199999999991,100.0,1000,2,998,0.108762291027233,919,0,0,0,0,0,0,0,0,0,0,0,0,0,0,0,39,0,0,0,0,0,0,0,0,0,0,0,0,0,0,1,41,0.23254427313804626,-0.10461465269327164,0.6820813417434692,0.3032379150390625,0.012801
639,47959.0,1861.0,49820.0,49820.0,0.9626455238859896,27.0,0.027,80.0,39959.0,40.0,40.0,23.0,4.0,23597.0,24362.0,235.0,543.0,29.0,257.0,39959.0,399.59000000000043,100.0,1000,2,998,0.11046679108403623,918,0,0,0,0,0,0,0,0,1,0,0,0,0,0,0,41,0,0,0,0,0,0,0,0,0,0,0,0,0,0,0,40,0.9190853238105774,0.1066908910870552,1.6315124034881592,0.26317110657691956,0.012773999999999997
640,47365.0,2285.0,49650.0,49650.0,0.9539778449144009,24.0,0.024,78.0,39565.0,40.0,38.0,9.0,15.0,23753.0,23612.0,698.0,744.0,102.0,56.0,39565.0,395.6499999999995,100.0,1000,1,999,0.10833704203832895,919,0,0,0,0,0,1,0,0,0,0,0,0,0,1,3,37,0,0,0,0,0,0,0,0,0,0,0,0,0,0,0,39,0.8168642520904541,-0.017840780317783356,1.676506519317627,0.27835533022880554,0.012746999999999998
641,48085.0,1914.0,49999.0,49999.0,0.9617192343846876,24.0,0.024,78.0,40285.0,36.0,42.0,10.0,14.0,23885.0,24200.0,363.0,654.0,437.0,146.0,40285.0,402.84999999999917,100.0,1000,0,1000,0.11075270897708833,920,0,0,0,0,0,0,0,0,0,0,0,0,0,0,1,36,0,0,0,0,0,0,0,0,0,0,0,0,0,0,0,43,0.4816263020038605,-0.018335683271288872,1.0073707103729248,0.29271963238716125,0.012719999999999999
642,48174.0,963.0,49137.0,49137.0,0.9804017339275902,16.0,0.016,81.0,40074.0,37.0,44.0,11.0,5.0,23355.0,24819.0,131.0,725.6875,0.0,74.3125,40074.0,400.7400000000002,100.0,1000,1,999,0.10823549993801862,918,0,0,0,0,0,0,0,0,0,0,0,0,0,1,0,37,0,0,0,0,0,0,0,0,0,0,0,0,0,1,1,42,0.6286112070083618,0.04110630601644516,1.1816271543502808,0.2606656551361084,0.012693
643,48291.0,1673.0,49964.0,49964.0,0.9665158914418381,26.0,0.026,79.0,40391.0,42.0,37.0,15.0,11.0,25197.0,23094.0,626.0,407.0,174.0,393.0,40391.0,403.9099999999995,100.0,1000,2,998,0.10830208309926093,920,0,0,0,0,0,0,0,0,0,0,0,0,0,0,0,42,0,0,0,0,0,0,0,0,0,0,0,0,0,0,0,38,0.18384689092636108,-0.07813132554292679,0.5306338667869568,0.2635972201824188,0.012666
644,48101.0,810.0,48911.0,48911.0,0.9834393081310953,19.0,0.019,80.0,40101.0,40.0,40.0,13.0,6.0,24223.0,23878.0,389.0,182.0,411.0,618.0,40101.0,401.0100000000004,100.0,1000,2,998,0.10777862509712577,919,0,0,0,0,1,0,0,0,0,0,0,0,0,0,0,40,0,0,0,0,0,0,0,0,0,0,1,0,2,0,0,37,0.3013673722743988,0.005927418824285269,0.5986905097961426,0.308987557888031,0.012638999999999997
645,49123.0,1236.0,50359.0,50359.0,0.9754562243094581,24.0,0.024,80.0,41123.0,40.0,40.0,6.0,18.0,24203.0,24920.0,477.0,195.0,323.0,605.0,41123.0,411.23000000000053,100.0,1000,2,998,0.1217432920821011,919,0,0,0,0,0,0,0,0,0,0,0,0,0,0,0,41,0,0,0,0,0,0,0,0,0,0,0,0,2,0,0,38,0.24342457950115204,0.004838335327804089,0.48544299602508545,0.3278818428516388,0.012611999999999998
646,49677.0,1054.0,50731.0,50731.0,0.9792237487926514,16.0,0.016,87.0,40977.0,45.0,42.0,5.0,11.0,25229.0,24448.0,555.0,564.0,245.0,236.0,40977.0,409.76999999999964,100.0,1000,3,997,0.10873879096470773,911,0,0,0,0,0,0,0,0,0,0,0,0,0,0,1,45,0,0,0,0,0,0,0,0,0,0,0,0,1,0,0,42,0.572542667388916,0.012515992857515812,1.1269938945770264,0.27574750781059265,0.012584999999999999
647,49820.0,1403.0,51223.0,51223.0,0.9726099603693653,22.0,0.022,87.0,41120.0,42.0,45.0,16.0,6.0,24495.0,25325.0,565.0,533.0,235.0,267.0,41120.0,411.19999999999953,100.0,1000,1,999,0.1069146670633927,912,0,0,0,0,0,1,0,0,0,0,0,0,0,0,2,40,0,0,0,0,0,0,0,0,0,0,0,0,0,0,0,45,0.5778646469116211,0.0909276008605957,0.9812812805175781,0.29491767287254333,0.012558
648,48811.0,690.0,49501.0,49501.0,0.9860608876588352,15.0,0.015,87.0,40111.0,47.0,40.0,5.0,10.0,25620.0,23191.0,355.0,627.0,445.0,173.0,40111.0,401.1100000000005,100.0,1000,2,998,0.1084392920602113,911,0,0,0,0,0,0,0,0,0,0,0,0,0,5,1,42,0,0,0,0,0,0,0,0,0,0,0,0,0,0,1,40,0.36757421493530273,0.025920210406184196,0.689237654209137,0.23659837245941162,0.012530999999999997
649,49663.0,2262.0,51925.0,51925.0,0.956437168993741,37.0,0.037,84.0,41263.0,44.0,40.0,14.0,23.0,24888.0,24775.0,256.0,306.0,544.0,28.0,41263.0,412.6299999999998,100.0,1000,0,1000,0.10920529195573181,912,0,0,0,0,0,0,0,0,0,0,0,0,0,0,1,45,0,0,0,0,0,0,0,0,0,0,0,0,1,0,0,41,0.23393112421035767,-0.04343507066369057,0.561972975730896,0.2895314395427704,0.012503999999999998
650,50389.0,1592.0,51981.0,51981.0,0.9693734249052538,23.0,0.023,88.0,41589.0,46.0,42.0,10.0,13.0,24393.0,25996.0,252.0,486.0,548.0,314.0,41589.0,415.8899999999998,100.0,1000,1,999,0.11099387495778501,910,0,0,0,0,0,0,0,0,0,0,1,0,0,1,0,44,0,0,0,0,0,0,0,0,0,0,0,0,0,0,0,44,0.810448169708252,0.16953010857105255,1.2881803512573242,0.25423663854599,0.012476999999999999
651,48749.0,681.0,49430.0,49430.0,0.9862229415334817,12.0,0.012,84.0,40349.0,42.0,42.0,8.0,4.0,24239.0,24510.0,699.0,465.0,101.0,335.0,40349.0,403.48999999999967,100.0,1000,0,1000,0.10717591701541096,914,0,0,0,0,0,0,0,0,1,0,0,0,0,0,0,41,0,0,0,0,0,0,0,1,0,0,0,0,0,0,1,42,0.45660537481307983,0.0332237109541893,0.8530287742614746,0.25162479281425476,0.01245
652,48019.0,801.0,48820.0,48820.0,0.9835927898402295,14.0,0.014,80.0,40019.0,38.0,42.0,7.0,7.0,23378.0,24641.0,712.0,304.0,88.0,496.0,40019.0,400.19000000000005,100.0,1000,4,996,0.10723437508568168,919,0,0,0,0,0,0,0,0,0,0,0,0,0,1,0,37,0,0,0,0,0,0,0,0,0,0,0,0,1,0,0,42,0.7045837044715881,0.09946133941411972,1.2175301313400269,0.29322001338005066,0.012423
653,47773.0,788.0,48561.0,48561.0,0.9837729865529952,15.0,0.015,80.0,39773.0,40.0,40.0,8.0,7.0,24061.0,23712.0,233.0,458.0,567.0,28.0,39773.0,397.73000000000036,100.0,1000,2,998,0.10792154201772064,918,0,0,0,0,0,0,0,0,0,0,0,0,0,1,0,39,0,0,0,0,0,0,0,0,0,0,0,0,0,0,0,42,0.5992783308029175,0.06087175011634827,1.0834989547729492,0.2696734368801117,0.012395999999999997
654,47567.0,1792.0,49359.0,49359.0,0.9636945643145121,22.0,0.022,81.0,39467.0,43.0,38.0,6.0,16.0,25005.0,22562.0,406.0,560.0,394.0,240.0,39467.0,394.6699999999999,100.0,1000,1,999,0.1069136670557782,918,0,0,0,0,0,0,0,0,0,0,0,0,0,0,1,43,0,0,0,0,0,0,0,0,0,0,0,0,0,0,0,38,0.6523666381835938,0.07085356116294861,1.169204831123352,0.24975988268852234,0.012368999999999998
655,48313.0,1094.0,49407.0,49407.0,0.9778573886291416,20.0,0.02,79.0,40413.0,40.0,39.0,9.0,11.0,24261.0,24052.0,578.0,372.0,222.0,428.0,40413.0,404.1299999999998,100.0,1000,2,998,0.10878620902076364,920,0,0,0,1,0,0,0,0,0,0,0,0,0,0,0,39,0,0,0,0,0,0,0,0,0,0,0,0,0,0,0,40,0.2958206534385681,-0.07640090584754944,0.7517040371894836,0.2941550016403198,0.012341999999999999
656,48248.0,1315.0,49563.0,49563.0,0.9734681112926982,18.0,0.018,80.0,40248.0,39.0,41.0,9.0,9.0,24229.0,24019.0,287.0,578.0,513.0,222.0,40248.0,402.4799999999997,100.0,1000,4,996,0.10731075005605817,918,0,0,0,0,0,0,0,0,0,0,0,0,0,0,2,38,0,0,0,0,0,0,0,0,0,0,0,0,0,0,1,41,0.3381805419921875,0.06463509052991867,0.5531655550003052,0.24663780629634857,0.012315
657,47209.0,1507.0,48716.0,48716.0,0.9690656047294524,21.0,0.021,77.0,39509.0,38.0,39.0,11.0,10.0,23897.0,23312.0,330.0,514.0,470.0,286.0,39509.0,395.0899999999998,100.0,1000,1,999,0.11066145799122751,923,0,0,0,0,0,0,0,0,0,0,0,0,0,0,0,38,0,0,0,0,0,0,0,0,0,0,0,0,0,0,0,39,0.8655596375465393,0.03726952522993088,1.6626124382019043,0.24545219540596008,0.012287999999999997
658,49303.0,1371.0,50674.0,50674.0,0.972944705371591,26.0,0.026,81.0,41203.0,40.0,41.0,14.0,12.0,24127.0,25176.0,680.0,297.0,120.0,503.0,41203.0,412.0299999999998,100.0,1000,1,999,0.10864066600333899,919,0,0,0,0,0,0,0,0,0,0,0,0,0,0,2,38,0,0,0,0,0,0,0,0,0,0,0,0,0,0,0,41,0.362979531288147,-0.06874441355466843,0.8705368041992188,0.2890830636024475,0.012260999999999998
659,48796.0,1051.0,49847.0,49847.0,0.9789154813730014,15.0,0.015,83.0,40496.0,40.0,43.0,10.0,5.0,25624.0,23172.0,317.0,398.0,483.0,402.0,40496.0,404.9599999999996,100.0,1000,2,998,0.1105587090132758,916,0,0,0,0,0,0,0,0,0,0,0,0,0,0,0,40,1,0,0,0,0,0,0,0,0,0,0,0,0,0,0,43,0.5794382095336914,-0.028154226019978523,1.2215206623077393,0.2589390277862549,0.012233999999999998
660,50341.0,1330.0,51671.0,51671.0,0.9742602233361073,16.0,0.016,82.0,42141.0,40.0,42.0,8.0,8.0,23872.0,26469.0,490.0,253.0,310.0,547.0,42141.0,421.40999999999974,100.0,1000,3,997,0.10761654190719128,917,0,0,0,0,0,0,0,0,0,0,0,0,0,0,1,39,0,0,0,0,0,0,0,0,0,0,0,0,1,0,0,42,0.6318694949150085,-0.038014236837625504,1.3458908796310425,0.2508154511451721,0.012206999999999999
661,49452.0,800.0,50252.0,50252.0,0.9840802356125129,13.0,0.013,83.0,41152.0,40.0,43.0,6.0,7.0,24318.0,25134.0,520.0,770.0,280.0,30.0,41152.0,411.5200000000002,100.0,1000,1,999,0.11041425005532801,917,0,0,0,0,0,0,0,0,0,0,0,0,0,0,1,39,0,0,0,0,0,0,0,0,0,0,0,0,0,0,1,42,0.27692970633506775,-0.09144170582294464,0.7435665726661682,0.2801206707954407,0.01218
662,49925.0,1180.0,51105.0,51105.0,0.9769102827511985,18.0,0.018,84.0,41525.0,42.0,42.0,15.0,3.0,25346.0,24579.0,456.0,158.0,344.0,642.0,41525.0,415.2499999999997,100.0,1000,0,1000,0.1074472499312833,915,0,0,0,0,0,0,0,0,0,0,0,0,0,0,1,41,0,0,0,0,0,0,0,0,0,0,0,0,0,0,0,43,0.3191375434398651,-0.03488123044371605,0.7142028212547302,0.2536521255970001,0.012152999999999997
663,48536.0,2201.0,50737.0,50737.0,0.9566194296075842,26.0,0.026,81.0,40436.0,40.0,41.0,18.0,8.0,25785.0,22751.0,353.0,375.0,447.0,425.0,40436.0,404.3600000000003,100.0,1000,2,998,0.11084558302536607,917,0,0,0,0,0,0,0,0,0,0,0,0,0,0,0,41,0,0,0,0,0,0,0,1,0,0,0,0,0,0,1,40,1.2271358966827393,0.11026090383529663,2.2401068210601807,0.2621077597141266,0.012125999999999998
664,48690.0,1042.0,49732.0,49732.0,0.9790476956486769,18.0,0.018,84.0,40290.0,41.0,43.0,9.0,9.0,24780.0,23910.0,600.0,270.0,200.0,530.0,40290.0,402.9,100.0,1000,5,995,0.10775420803111047,916,0,0,0,0,0,0,0,0,0,0,0,0,0,1,0,40,0,0,0,0,0,0,0,0,0,0,0,0,0,0,0,43,0.23281927406787872,-0.0538959838449955,0.5803420543670654,0.28562483191490173,0.012098999999999999
665,48471.0,765.0,49236.0,49236.0,0.9844625883499878,12.0,0.012,84.0,40071.0,40.0,44.0,6.0,6.0,23970.0,24501.0,508.0,739.0,292.0,61.0,40071.0,400.7100000000004,100.0,1000,3,997,0.10900933295488358,915,0,0,0,0,0,0,0,0,0,0,0,0,0,1,1,38,0,0,0,0,0,0,0,0,0,0,0,0,0,0,1,44,0.22115132212638855,-0.06667223572731018,0.5807659029960632,0.21201097965240479,0.012072
666,47644.0,1187.0,48831.0,48831.0,0.9756916712743954,17.0,0.017,80.0,39644.0,38.0,42.0,6.0,11.0,23654.0,23990.0,740.0,74.0,60.0,30.0,39644.0,396.4399999999999,100.0,1000,1,999,0.10706750000827014,917,0,0,0,0,0,0,0,0,0,0,0,0,0,0,1,37,0,0,0,0,0,0,0,0,0,0,0,0,1,0,0,44,0.945961058139801,0.05150097236037254,1.7957699298858643,0.2843429446220398,0.012044999999999997
667,49334.0,1544.0,50878.0,50878.0,0.9696528951609733,22.0,0.022,82.0,41134.0,43.0,39.0,12.0,10.0,24331.0,25003.0,551.0,497.0,249.0,303.0,41134.0,411.34000000000026,100.0,1000,2,998,0.10739737504627556,917,0,0,0,0,0,0,0,0,0,0,0,0,0,1,1,41,1,0,0,0,0,0,0,0,0,0,0,0,0,0,0,39,0.8803877830505371,0.008088111877441406,1.750854730606079,0.2602517604827881,0.012017999999999997
668,49956.0,707.0,50663.0,50663.0,0.9860450427333557,12.0,0.012,85.0,41456.0,44.0,41.0,5.0,7.0,25668.0,24288.0,202.0,459.0,598.0,341.0,41456.0,414.55999999999995,100.0,1000,3,997,0.10722066590096802,915,0,0,0,0,0,0,0,0,0,0,0,0,0,0,2,42,0,0,0,0,0,0,0,0,0,0,0,0,0,0,0,41,0.4931076467037201,0.03187403082847595,0.9281947612762451,0.23882563412189484,0.011990999999999998
669,49018.0,762.0,49780.0,49780.0,0.9846926476496585,13.0,0.013,85.0,40518.0,42.0,43.0,4.0,9.0,23196.0,25822.0,511.0,8.0,289.0,39.0,40518.0,405.1800000000006,100.0,1000,1,999,0.11015362502075732,914,0,0,0,0,0,0,0,0,0,0,0,0,0,0,3,39,0,0,0,0,0,0,0,0,0,0,0,0,1,0,0,43,0.5699708461761475,0.006054491735994816,1.1338419914245605,0.25114133954048157,0.011963999999999999
670,47873.0,1297.0,49170.0,49170.0,0.9736221273134025,17.0,0.017,81.0,39773.0,40.0,41.0,13.0,4.0,23344.0,24529.0,641.0,409.0,159.0,391.0,39773.0,397.7300000000001,100.0,1000,3,997,0.10810779209714383,917,0,0,0,0,1,0,0,0,0,0,0,0,0,0,2,39,0,0,0,0,0,0,0,0,0,0,0,0,0,0,1,40,0.6931024789810181,-0.042690008878707886,1.4786754846572876,0.2970018684864044,0.011937
671,48540.0,2117.0,50657.0,50657.0,0.9582091320054484,24.0,0.024,81.0,40440.0,38.0,43.0,18.0,6.0,23962.0,24578.0,484.0,445.0,316.0,355.0,40440.0,404.3999999999999,100.0,1000,1,999,0.11177449999377131,919,0,0,0,0,0,0,0,0,0,0,0,0,0,0,2,36,0,0,0,0,0,0,0,0,0,0,0,0,0,0,0,43,0.784870982170105,-0.012864945456385612,1.6012462377548218,0.2424151450395584,0.011909999999999997
672,49869.0,1059.0,50928.0,50928.0,0.9792059377945335,19.0,0.019,83.0,41569.0,41.0,42.0,13.0,6.0,24873.0,24996.0,556.0,477.0,244.0,323.0,41569.0,415.6900000000005,100.0,1000,0,1000,0.10729204106610268,915,0,0,0,0,0,0,0,0,0,0,0,0,0,0,2,39,0,0,0,0,0,0,0,0,0,0,0,0,1,0,0,43,0.34267786145210266,-0.055285725742578506,0.8024186491966248,0.2731413245201111,0.011882999999999998
673,48236.0,1333.0,49569.0,49569.0,0.9731081926203877,22.0,0.022,79.0,40336.0,40.0,39.0,7.0,15.0,24207.0,24029.0,346.0,547.0,454.0,253.0,40336.0,403.3600000000001,100.0,1000,1,999,0.11073820805177093,920,0,0,0,0,0,0,0,0,0,0,0,0,0,0,1,39,0,0,0,0,0,0,0,0,0,0,0,0,0,0,0,40,0.48497822880744934,0.009735340252518654,0.9573311805725098,0.2886887192726135,0.011855999999999998
674,49073.0,1408.0,50481.0,50481.0,0.9721083179810226,23.0,0.023,82.0,40873.0,38.0,44.0,19.0,4.0,24714.0,24359.0,476.0,769.0,324.0,31.0,40873.0,408.7300000000001,100.0,1000,3,997,0.10840429202653468,918,0,0,0,0,0,0,0,0,0,0,0,0,0,0,2,36,0,0,0,0,0,0,0,0,0,0,0,0,0,0,0,44,0.6051862835884094,-0.001793349627405405,1.2193320989608765,0.22710484266281128,0.011829
675,48519.0,1732.0,50251.0,50251.0,0.9655330242184235,27.0,0.027,82.0,40319.0,40.0,42.0,18.0,9.0,24297.0,24222.0,775.0,663.0,25.0,137.0,40319.0,403.1899999999999,100.0,1000,2,998,0.10679325007367879,917,0,0,0,0,0,0,0,0,0,0,1,0,0,0,2,38,0,0,0,0,0,0,0,0,0,0,0,0,0,0,1,41,0.3152257800102234,-0.02965964563190937,0.6956534385681152,0.2492184340953827,0.011801999999999997
676,48670.0,1443.0,50113.0,50113.0,0.9712050765270489,24.0,0.024,76.0,41070.0,37.0,39.0,20.0,4.0,24462.0,24208.0,364.0,312.0,436.0,488.0,41070.0,410.6999999999993,100.0,1000,1,999,0.11018345900811255,923,0,0,0,0,0,0,0,0,0,0,0,0,0,0,1,37,0,0,0,0,0,0,0,0,0,0,0,0,0,0,1,38,0.30791208148002625,0.012343978509306908,0.5974166989326477,0.26668787002563477,0.011774999999999997
677,46954.0,1785.0,48739.0,48739.0,0.9633763515870247,24.0,0.024,78.0,39154.0,41.0,37.0,12.0,12.0,23788.0,23166.0,305.0,100.0,0.0,116.0,39154.0,391.54000000000076,100.0,1000,1,999,0.10896445799153298,921,0,0,0,0,0,0,0,0,0,0,0,0,0,2,0,39,0,0,0,0,0,0,0,0,0,0,0,0,0,0,1,37,0.6745266914367676,0.04208720847964287,1.2701700925827026,0.22519052028656006,0.011747999999999998
678,47703.0,1034.0,48737.0,48737.0,0.9787840860126803,17.0,0.017,77.0,40003.0,39.0,38.0,10.0,7.0,24063.0,23640.0,252.0,517.0,0.0,283.0,40003.0,400.0300000000001,100.0,1000,0,1000,0.11049920890945941,923,0,0,0,1,0,0,0,0,0,0,0,0,0,2,0,36,0,0,0,0,0,0,0,0,0,0,0,0,0,0,0,38,0.2521648108959198,-0.06259565055370331,0.635421872138977,0.2517235577106476,0.011720999999999999
679,49098.0,2604.0,51702.0,51702.0,0.9496344435418359,24.0,0.024,80.0,41098.0,40.0,40.0,9.0,15.0,24688.0,24410.0,65.0,689.0,735.0,6.9375,41098.0,410.9800000000007,100.0,1000,1,999,0.10922183305956423,920,0,0,0,0,0,0,0,0,0,0,0,0,0,0,1,39,0,0,0,0,0,0,0,0,0,0,0,0,0,0,1,39,0.7882287502288818,0.12781374156475067,1.326941967010498,0.2613299787044525,0.011694
680,48603.0,1852.0,50455.0,50455.0,0.9632940243781588,30.0,0.03,77.0,40903.0,35.0,42.0,13.0,17.0,22207.0,26396.0,221.0,643.0,579.0,157.0,40903.0,409.0299999999993,100.0,1000,2,998,0.10734900005627424,923,0,0,0,0,0,0,0,0,0,0,0,0,0,0,1,34,0,0,0,0,0,0,0,0,0,0,0,0,0,0,0,42,0.631131112575531,0.07680488377809525,1.1147459745407104,0.26114422082901,0.011666999999999997
681,49496.0,2050.0,51546.0,51546.0,0.9602296977457029,20.0,0.02,81.0,41396.0,42.0,39.0,8.0,12.0,24853.0,24643.0,683.0,275.0,117.0,525.0,41396.0,413.9600000000002,100.0,1000,0,1000,0.11076245806179941,919,0,0,0,0,0,0,0,0,0,0,0,0,0,1,0,41,0,0,0,0,0,0,0,0,0,0,0,0,0,0,0,39,0.4952349066734314,0.038024500012397766,0.9202725887298584,0.2513638734817505,0.011639999999999998
682,49152.0,1047.0,50199.0,50199.0,0.9791430108169485,18.0,0.018,80.0,41152.0,39.0,41.0,5.0,13.0,24222.0,24930.0,724.0,402.0,76.0,398.0,41152.0,411.52000000000015,100.0,1000,0,1000,0.10838729096576571,918,0,0,0,0,0,0,0,0,0,0,0,0,0,1,0,39,0,0,0,0,0,0,0,0,0,0,0,0,0,0,1,41,0.7451446652412415,0.08773403614759445,1.3200465440750122,0.22497491538524628,0.011612999999999998
683,48973.0,602.0,49575.0,49575.0,0.9878567826525466,12.0,0.012,83.0,40673.0,44.0,39.0,8.0,4.0,25857.0,23116.0,482.0,461.0,318.0,339.0,40673.0,406.7300000000002,100.0,1000,3,997,0.10785120795480907,914,0,0,0,0,0,0,0,0,0,0,0,0,0,1,2,41,0,0,0,0,0,0,0,0,0,0,0,0,0,0,0,42,0.23371200263500214,-0.029155893251299858,0.5306891798973083,0.21376574039459229,0.011585999999999999
684,49163.0,936.0,50099.0,50099.0,0.9813169923551368,17.0,0.017,86.0,40563.0,43.0,43.0,5.0,12.0,25107.0,24056.0,343.0,450.0,0.0,350.0,40563.0,405.6299999999999,100.0,1000,1,999,0.11019054101780057,911,0,0,0,0,0,0,0,0,0,0,0,0,1,0,0,43,0,0,0,0,0,0,0,0,0,0,0,0,0,1,0,44,0.609846293926239,0.07709801942110062,1.0711896419525146,0.24626241624355316,0.011558999999999996
685,48670.0,714.0,49384.0,49384.0,0.9855418759112263,12.0,0.012,80.0,40670.0,37.0,43.0,5.0,7.0,23287.0,25383.0,722.0,268.0,78.0,532.0,40670.0,406.6999999999996,100.0,1000,2,998,0.10825870896223933,919,0,0,0,0,0,0,0,0,0,0,0,0,0,0,0,37,0,0,0,0,0,0,0,0,0,0,0,0,0,0,0,44,0.42300280928611755,0.029739461839199066,0.7927557826042175,0.270080029964447,0.011531999999999997
686,49014.0,722.0,49736.0,49736.0,0.9854833520990831,15.0,0.015,81.0,40914.0,37.0,44.0,9.0,6.0,24110.0,24904.0,307.0,280.0,493.0,0.0,40914.0,409.13999999999976,100.0,1000,1,999,0.10760350001510233,918,0,0,0,0,0,0,0,0,0,0,0,0,0,0,0,38,0,0,0,0,0,0,0,0,0,0,0,0,0,0,0,44,0.4304198920726776,0.05491732805967331,0.7562958002090454,0.22993071377277374,0.011504999999999998
687,48292.0,1716.0,50008.0,50008.0,0.9656854903215486,29.0,0.029,78.0,40492.0,37.0,41.0,14.0,15.0,23583.0,24709.0,517.0,492.0,283.0,308.0,40492.0,404.92,100.0,1000,1,999,0.11087733309250325,921,0,0,0,0,0,0,0,0,0,0,0,0,0,0,2,35,0,0,0,0,0,0,0,0,0,0,0,0,0,0,0,42,0.3741046190261841,0.005922440905123949,0.7416249513626099,0.22915910184383392,0.011477999999999999
688,48387.0,1227.0,49614.0,49614.0,0.9752690772765752,22.0,0.022,82.0,40187.0,36.0,46.0,12.0,10.0,22363.0,26024.0,416.0,483.0,384.0,0.0,40187.0,401.87000000000035,100.0,1000,2,998,0.10835525009315461,917,0,0,0,0,0,0,0,0,0,0,0,0,0,0,0,37,0,0,0,0,0,0,0,0,0,0,0,0,2,0,1,43,0.2988629639148712,0.00534213799983263,0.5916253328323364,0.20014141499996185,0.011450999999999996
689,47987.0,1749.0,49736.0,49736.0,0.9648343252372527,19.0,0.019,78.0,40187.0,37.0,41.0,8.0,11.0,23011.0,24976.0,52.0,705.5,28.0,94.5,40187.0,401.8699999999992,100.0,1000,0,1000,0.11036433395929635,921,0,0,0,0,0,0,0,0,0,0,0,0,0,0,0,37,0,0,0,0,0,0,0,0,0,0,0,0,1,0,0,41,0.7810947299003601,-0.04698757827281952,1.6608591079711914,0.20546330511569977,0.011424
690,49060.0,1678.0,50738.0,50738.0,0.9669281406440932,22.0,0.022,78.0,41260.0,39.0,39.0,11.0,11.0,23983.0,25077.0,434.0,588.0,366.0,212.0,41260.0,412.59999999999997,100.0,1000,1,999,0.10900575004052371,921,0,0,0,0,0,0,0,0,0,0,0,0,0,1,0,38,0,0,0,0,0,0,0,0,0,0,0,0,0,0,0,40,0.47441527247428894,-0.0008148119086399674,0.955528199672699,0.22234052419662476,0.011397000000000001
691,48098.0,1251.0,49349.0,49349.0,0.9746499422480699,22.0,0.022,78.0,40298.0,39.0,39.0,10.0,12.0,23713.0,24385.0,550.0,362.0,250.0,438.0,40298.0,402.9800000000003,100.0,1000,0,1000,0.11049195798113942,922,0,0,0,0,0,0,0,0,0,0,0,0,1,0,2,36,0,0,0,0,0,0,0,0,0,0,0,0,1,0,0,38,0.4155290424823761,-0.03777012974023819,0.9107456803321838,0.1823817640542984,0.011370000000000002
692,46835.0,3069.0,49904.0,49904.0,0.9385019236934915,43.0,0.043,70.0,39835.0,32.0,38.0,18.0,25.0,21999.0,24836.0,599.0,302.0,201.0,498.0,39835.0,398.3499999999998,100.0,1000,0,1000,0.10749908396974206,928,0,0,0,0,0,0,0,0,0,0,0,0,0,0,1,31,1,0,0,1,0,0,0,0,0,0,0,0,0,0,0,38,0.45519012212753296,-0.0037148245610296726,0.9238707423210144,0.2671619951725006,0.011342999999999999
693,48520.0,1939.0,50459.0,50459.0,0.9615727620444321,32.0,0.032,77.0,40820.0,36.0,41.0,27.0,5.0,24916.0,23604.0,512.0,666.0,288.0,134.0,40820.0,408.19999999999993,100.0,1000,1,999,0.110774458036758,922,0,0,0,0,0,0,0,0,1,0,0,0,0,0,0,35,0,0,0,0,0,0,0,0,0,0,0,0,0,0,0,42,0.14921170473098755,-0.04242951422929764,0.3883247375488281,0.22279559075832367,0.011316
694,48580.0,1090.0,49670.0,49670.0,0.9780551640829475,15.0,0.015,78.0,40780.0,38.0,40.0,8.0,7.0,24140.0,24440.0,644.0,461.0,156.0,339.0,40780.0,407.800000000001,100.0,1000,0,1000,0.10790604096837342,921,0,0,0,0,0,0,0,0,0,0,0,0,0,1,1,36,0,0,0,0,0,0,0,0,0,0,0,0,0,0,0,41,0.42088407278060913,-0.0033620884642004967,0.853988766670227,0.24344241619110107,0.011289
695,49637.0,659.0,50296.0,50296.0,0.9868975664068713,12.0,0.012,79.0,41737.0,37.0,42.0,5.0,7.0,23343.0,26294.0,654.0,527.0,146.0,273.0,41737.0,417.37,100.0,1000,0,1000,0.10792308393865824,921,0,0,0,0,0,0,0,0,0,0,0,0,0,0,0,37,0,0,0,0,0,0,0,0,0,0,0,0,0,0,0,42,0.28900131583213806,-0.074870765209198,0.7323033809661865,0.2024156004190445,0.011262000000000001
696,48903.0,1405.0,50308.0,50308.0,0.972072036256659,25.0,0.025,75.0,41403.0,35.0,40.0,15.0,10.0,24328.0,24575.0,369.0,437.0,431.0,363.0,41403.0,414.0299999999999,100.0,1000,0,1000,0.11024270893540233,925,0,0,0,0,0,0,0,0,0,0,0,0,0,1,0,34,0,0,0,0,0,0,0,0,0,0,0,0,0,0,0,40,0.23138903081417084,-0.008843951858580112,0.48525503277778625,0.21313068270683289,0.011235000000000002
697,49447.0,1302.0,50749.0,50749.0,0.9743443220556071,23.0,0.023,78.0,41647.0,37.0,41.0,13.0,10.0,24582.0,24865.0,339.0,588.0,461.0,212.0,41647.0,416.47000000000014,100.0,1000,0,1000,0.10842520894948393,920,0,0,0,0,0,0,0,0,0,0,0,1,0,1,0,37,0,0,0,0,0,0,0,0,0,0,0,0,0,0,0,41,0.6434614658355713,0.09109727293252945,1.1103942394256592,0.25275930762290955,0.011208
698,48709.0,1027.0,49736.0,49736.0,0.9793509731381695,15.0,0.015,82.0,40509.0,42.0,40.0,7.0,8.0,24288.0,24421.0,138.0,399.0,33.0,401.0,40509.0,405.09000000000015,100.0,1000,1,999,0.11086362495552748,917,0,0,0,0,0,0,0,0,0,0,0,0,0,0,4,39,0,0,0,0,0,0,0,0,0,0,0,0,0,0,0,40,0.26660433411598206,-0.045748669654130936,0.6296236515045166,0.21990874409675598,0.011181
699,47579.0,1379.0,48958.0,48958.0,0.9718329997140406,12.0,0.012,77.0,39879.0,36.0,41.0,10.0,2.0,23893.0,23686.0,325.0,536.0,475.0,70.0,39879.0,398.7900000000006,100.0,1000,0,1000,0.10793491604272276,923,0,0,0,0,0,0,0,0,0,0,0,0,0,0,0,36,0,0,0,0,0,0,0,0,0,0,0,0,0,0,0,41,0.4710550010204315,-0.04810011014342308,1.0434991121292114,0.23260152339935303,0.011154
700,46490.0,2021.0,48511.0,48511.0,0.9583393457154048,22.0,0.022,75.0,38990.0,39.0,36.0,12.0,10.0,24569.0,21921.0,700.0,269.0,100.0,0.0,38990.0,389.90000000000055,100.0,1000,0,1000,0.10712037491612136,925,0,0,0,0,0,0,0,0,0,0,0,0,0,0,0,39,0,0,0,0,0,0,0,0,0,0,0,0,0,0,0,36,0.5580915808677673,-0.014706820249557495,1.1501296758651733,0.20369073748588562,0.011127000000000001
701,48193.0,1386.0,49579.0,49579.0,0.97204461566389,25.0,0.025,74.0,40793.0,39.0,35.0,14.0,11.0,25449.0,22744.0,107.0,434.0,0.0,366.0,40793.0,407.92999999999955,100.0,1000,1,999,0.10742358304560184,925,0,0,0,0,0,0,0,0,0,0,0,0,0,0,0,40,0,0,0,0,0,0,0,0,0,0,0,0,0,0,0,35,0.6197181940078735,0.06336769461631775,1.1171973943710327,0.20253689587116241,0.011099999999999999
702,48651.0,2384.0,51035.0,51035.0,0.9532869599294602,33.0,0.033,76.0,41051.0,32.0,44.0,20.0,13.0,22007.0,26644.0,388.0,680.0,412.0,120.0,41051.0,410.5100000000002,100.0,1000,3,997,0.11082841700408608,924,0,0,0,0,0,0,0,0,0,0,0,0,0,0,0,32,0,0,0,0,0,0,0,0,1,0,0,0,0,0,0,43,0.4917214810848236,0.035542141646146774,0.9177463054656982,0.243277907371521,0.011073
703,49240.0,1904.0,51144.0,51144.0,0.9627717816361645,28.0,0.028,76.0,41640.0,37.0,39.0,9.0,19.0,24519.0,24721.0,220.0,732.0,580.0,68.0,41640.0,416.3999999999998,100.0,1000,1,999,0.10782129096332937,924,0,0,0,0,0,0,0,0,0,0,0,0,0,0,1,36,0,0,0,0,0,0,0,0,0,0,0,0,0,0,0,39,0.41352373361587524,-0.02354278974235058,0.8796533942222595,0.24987871944904327,0.011046
704,49599.0,1767.0,51366.0,51366.0,0.9655998131059456,21.0,0.021,78.0,41799.0,40.0,38.0,15.0,6.0,25682.0,23917.0,201.0,215.25,0.0,584.75,41799.0,417.98999999999927,100.0,1000,1,999,0.10838362504728138,920,0,0,0,0,0,0,0,0,0,0,0,0,0,0,0,41,0,0,0,0,0,0,0,0,0,0,0,0,1,0,0,38,0.6584861278533936,0.05680382624268532,1.20896315574646,0.2540423274040222,0.011019000000000001
705,48708.0,1164.0,49872.0,49872.0,0.976660250240616,18.0,0.018,80.0,40708.0,40.0,40.0,8.0,10.0,24732.0,23976.0,715.0625,630.0,84.9375,170.0,40708.0,407.08000000000055,100.0,1000,2,998,0.10729741700924933,920,0,0,0,0,0,0,0,0,0,0,0,0,0,0,1,39,0,0,0,0,0,0,0,0,0,0,0,0,0,0,1,39,0.4426433742046356,-0.024797599762678146,0.9400444626808167,0.23483037948608398,0.010992000000000002
706,49138.0,1421.0,50559.0,50559.0,0.9718942225914279,25.0,0.025,83.0,40838.0,40.0,43.0,15.0,10.0,24342.0,24796.0,722.0,764.0,78.0,36.0,40838.0,408.37999999999937,100.0,1000,1,999,0.10810800001490861,917,0,0,0,0,0,0,0,0,0,0,0,0,0,0,0,40,0,0,0,0,0,0,0,0,0,0,0,0,0,0,0,43,0.34172916412353516,0.03549158200621605,0.6172318458557129,0.2169019728899002,0.010964999999999999
707,47458.0,2282.0,49740.0,49740.0,0.9541214314435063,30.0,0.03,73.0,40158.0,35.0,38.0,13.0,17.0,22290.0,25168.0,45.0,482.0,59.0,318.0,40158.0,401.5799999999999,100.0,1000,0,1000,0.11071545805316418,925,0,0,0,0,0,0,0,0,0,0,0,0,0,0,0,36,0,0,0,0,0,0,0,0,0,0,0,0,0,0,0,39,0.4113887846469879,-0.03166137635707855,0.8910313248634338,0.22540920972824097,0.010938
708,47623.0,1949.0,49572.0,49572.0,0.9606834503348665,35.0,0.035,75.0,40123.0,38.0,37.0,18.0,17.0,23945.0,23678.0,800.0,449.0,0.0,351.0,40123.0,401.2299999999996,100.0,1000,1,999,0.10812545800581574,924,0,0,0,0,0,0,0,0,0,0,1,0,0,0,0,37,0,0,0,0,0,0,0,0,0,0,0,0,0,0,0,38,0.320144385099411,-0.0774475485086441,0.8003608584403992,0.2372366338968277,0.010911
709,48106.0,2567.0,50673.0,50673.0,0.9493418585834665,32.0,0.032,80.0,40106.0,40.0,40.0,12.0,20.0,23779.0,24327.0,638.0,658.0,162.0,142.0,40106.0,401.0600000000005,100.0,1000,1,999,0.11099333292804658,919,0,0,0,0,0,0,0,0,0,0,0,0,0,1,2,37,0,0,0,0,0,0,0,0,0,0,0,0,0,0,0,41,0.38349226117134094,-0.10005500167608261,0.9723606109619141,0.2419167160987854,0.010884000000000001
710,48776.0,1462.0,50238.0,50238.0,0.9708985230303754,21.0,0.021,80.0,40776.0,41.0,39.0,13.0,8.0,24759.0,24017.0,587.0,552.0,213.0,248.0,40776.0,407.75999999999965,100.0,1000,1,999,0.10817583301104605,916,0,0,0,0,0,0,0,0,0,0,0,0,0,0,0,43,0,0,0,0,0,0,0,0,0,0,0,1,0,0,0,40,0.35958927869796753,-0.02632824517786503,0.777944028377533,0.2813390791416168,0.010856999999999999
711,46486.0,1749.0,48235.0,48235.0,0.9637400228050171,21.0,0.021,77.0,38786.0,41.0,36.0,6.0,15.0,23887.0,22599.0,221.0,532.0,579.0,268.0,38786.0,387.8599999999999,100.0,1000,1,999,0.10690391599200666,922,0,0,0,0,0,0,0,0,0,0,0,0,0,0,1,40,0,0,0,0,0,0,0,0,0,0,1,0,0,0,0,36,0.3552938401699066,-0.03545860946178436,0.7862815856933594,0.22052887082099915,0.01083
712,50477.0,483.0,50960.0,50960.0,0.9905219780219781,7.0,0.007,86.0,41877.0,46.0,40.0,3.0,4.0,26595.0,23882.0,525.0,531.0,275.0,269.0,41877.0,418.769999999999,100.0,1000,1,999,0.11045116593595594,914,0,0,0,0,0,0,0,0,0,0,0,0,0,0,0,46,0,0,0,0,0,0,0,0,1,0,0,0,0,0,0,39,0.09029434621334076,-0.08529901504516602,0.3557341396808624,0.21047039330005646,0.010803
713,47050.0,1512.0,48562.0,48562.0,0.9688645442938923,28.0,0.028,77.0,39350.0,40.0,37.0,9.0,19.0,23613.0,23437.0,287.0,552.0,513.0,248.0,39350.0,393.49999999999983,100.0,1000,0,1000,0.10711016703862697,921,0,0,0,0,0,0,0,0,0,0,0,0,0,0,1,39,0,0,0,0,0,0,0,0,0,0,0,0,0,0,0,39,0.31003519892692566,-0.018485235050320625,0.6623023748397827,0.24412886798381805,0.010776
714,48878.0,830.0,49708.0,49708.0,0.9833024865212843,13.0,0.013,80.0,40878.0,41.0,39.0,4.0,9.0,26167.0,22711.0,146.0,580.0,654.0,220.0,40878.0,408.78000000000014,100.0,1000,1,999,0.10848858300596476,918,0,0,0,0,0,0,0,0,0,0,0,0,0,0,0,41,0,0,0,0,0,0,0,0,0,0,0,0,0,0,2,39,0.39932340383529663,0.057430874556303024,0.6884387731552124,0.2164706140756607,0.010749000000000002
715,48386.0,2092.0,50478.0,50478.0,0.9585562027021672,24.0,0.024,81.0,40286.0,42.0,39.0,12.0,12.0,25230.0,23156.0,784.0,297.0,16.0,503.0,40286.0,402.8600000000004,100.0,1000,1,999,0.10853291698731482,918,0,0,0,0,0,0,0,0,0,0,0,0,0,0,1,41,0,0,0,0,0,0,0,0,0,0,0,0,0,0,0,40,0.3420991897583008,-0.014977862127125263,0.719523012638092,0.2503681480884552,0.010721999999999999
716,49427.0,290.0,49717.0,49717.0,0.994166985135869,5.0,0.005,80.0,41427.0,40.0,40.0,3.0,2.0,25030.0,24397.0,646.0,581.0,154.0,219.0,41427.0,414.27000000000004,100.0,1000,1,999,0.11067754193209112,919,0,0,0,0,0,0,0,0,0,0,0,0,0,0,1,39,0,0,0,0,0,0,0,0,0,0,0,0,0,0,0,41,0.608421266078949,0.033097222447395325,1.1552355289459229,0.21446487307548523,0.010695
717,48437.0,1460.0,49897.0,49897.0,0.9707397238310921,17.0,0.017,81.0,40337.0,40.0,41.0,11.0,6.0,24446.0,23991.0,618.0,396.0,182.0,404.0,40337.0,403.36999999999983,100.0,1000,1,999,0.1079332500230521,918,0,0,0,0,0,0,0,0,1,0,0,0,0,1,1,38,0,0,0,0,0,0,0,0,0,0,0,0,0,0,1,40,0.7370777726173401,0.06842482835054398,1.341589331626892,0.2007601112127304,0.010668
718,46348.0,1542.0,47890.0,47890.0,0.967801211108791,18.0,0.018,78.0,38548.0,42.0,36.0,8.0,10.0,24252.0,22096.0,337.0,459.0,463.0,341.0,38548.0,385.4799999999996,100.0,1000,0,1000,0.10822000005282462,921,0,0,0,0,0,0,0,0,0,0,0,0,0,0,1,41,0,0,0,0,0,0,0,0,0,0,0,0,0,0,0,37,0.5438218116760254,0.03528885170817375,1.0220329761505127,0.23339338600635529,0.010641000000000001
719,46459.0,2047.0,48506.0,48506.0,0.9577990351709067,23.0,0.023,77.0,38759.0,39.0,38.0,14.0,9.0,23689.0,22770.0,296.0,476.0,504.0,324.0,38759.0,387.58999999999935,100.0,1000,1,999,0.10709429194685072,923,0,0,0,0,0,0,0,0,0,0,0,0,0,0,0,39,0,0,0,0,0,0,0,0,0,0,0,0,0,0,0,38,0.6397702097892761,-0.013611826114356518,1.311737060546875,0.2342609167098999,0.010613999999999998
720,49082.0,944.0,50026.0,50026.0,0.9811298124975013,17.0,0.017,79.0,41182.0,39.0,40.0,12.0,5.0,25080.0,24002.0,210.0,526.0,590.0,274.0,41182.0,411.8199999999998,100.0,1000,1,999,0.10829512507189065,921,0,0,0,0,0,0,0,0,0,0,0,0,0,0,1,38,0,1,0,0,0,0,0,0,0,0,0,0,0,0,0,39,0.12598814070224762,-0.010968116112053394,0.278813898563385,0.23148034512996674,0.010587
721,48671.0,1074.0,49745.0,49745.0,0.9784098904412504,17.0,0.017,80.0,40671.0,39.0,41.0,10.0,7.0,24163.0,24508.0,349.0,289.0,451.0,511.0,40671.0,406.7099999999999,100.0,1000,1,999,0.11075170803815126,919,0,0,0,0,0,0,1,0,0,0,0,0,0,1,0,38,0,0,0,0,0,0,0,0,0,0,0,0,0,0,1,40,0.48146191239356995,-0.017154952511191368,1.001792311668396,0.21584133803844452,0.01056
722,49426.0,1210.0,50636.0,50636.0,0.9761039576585828,17.0,0.017,79.0,41526.0,42.0,37.0,9.0,8.0,25910.0,23516.0,621.0,172.0,179.0,628.0,41526.0,415.2600000000006,100.0,1000,2,998,0.10697354201693088,921,0,0,0,0,1,1,0,0,0,0,0,0,0,1,0,39,0,0,0,0,0,0,0,0,0,0,0,0,1,0,0,36,0.2942146062850952,-0.184665247797966,0.9624537825584412,0.2228279709815979,0.010533
723,48216.0,2250.0,50466.0,50466.0,0.9554155272856973,22.0,0.022,76.0,40616.0,35.0,41.0,17.0,5.0,23518.0,24698.0,635.0,685.0,165.0,115.0,40616.0,406.1599999999992,100.0,1000,1,999,0.1103178330231458,923,0,0,0,0,0,0,0,0,0,0,0,0,0,0,0,35,0,0,0,0,1,0,0,0,0,0,0,0,0,0,0,41,0.46717339754104614,-0.04121380299329758,1.0211496353149414,0.20822547376155853,0.010506000000000001
724,49438.0,699.0,50137.0,50137.0,0.9860582005305463,12.0,0.012,80.0,41438.0,39.0,41.0,6.0,6.0,24832.0,24606.0,666.0,752.0,134.0,48.0,41438.0,414.3799999999995,100.0,1000,0,1000,0.10804666695185006,920,0,0,0,0,0,0,0,0,0,0,0,0,0,0,0,39,0,0,0,0,0,0,0,0,0,0,0,0,0,0,0,41,0.21976250410079956,-0.11423332989215851,0.6725542545318604,0.2177017480134964,0.010478999999999999
725,48395.0,2176.0,50571.0,50571.0,0.9569713867631646,24.0,0.024,79.0,40495.0,38.0,41.0,15.0,9.0,24556.0,23839.0,532.0,778.0,268.0,22.0,40495.0,404.95000000000033,100.0,1000,1,999,0.10832783405203372,921,0,0,0,0,0,0,0,0,0,0,0,0,0,1,0,37,0,0,0,0,0,0,0,0,0,0,0,0,0,0,1,40,0.7827678918838501,0.044058557599782944,1.481441617012024,0.19245100021362305,0.010452
726,47747.0,1467.0,49214.0,49214.0,0.9701914089486732,26.0,0.026,78.0,39947.0,39.0,39.0,14.0,12.0,24661.0,23086.0,670.0,339.0,130.0,0.0,39947.0,399.47000000000065,100.0,1000,1,999,0.10748591599985957,920,0,0,0,0,0,0,0,0,0,0,0,0,0,0,0,41,0,0,0,0,0,0,0,0,0,0,0,0,0,0,1,38,0.2222568243741989,-0.05318764969706535,0.5551058053970337,0.2022468000650406,0.010425
727,50126.0,1347.0,51473.0,51473.0,0.9738309404930741,22.0,0.022,79.0,42226.0,37.0,42.0,5.0,17.0,23645.0,26481.0,410.0,127.0,390.0,68.0,42226.0,422.2600000000001,100.0,1000,1,999,0.10711550002451986,919,0,0,0,0,0,0,0,0,0,0,0,0,0,0,0,37,0,0,0,0,0,0,0,0,0,1,0,0,0,0,0,43,0.8030109405517578,-0.034661926329135895,1.6792038679122925,0.18551930785179138,0.010398000000000001
728,47441.0,1029.0,48470.0,48470.0,0.978770373426862,16.0,0.016,76.0,39841.0,38.0,38.0,7.0,9.0,25063.0,22378.0,501.0,607.0,299.0,193.0,39841.0,398.40999999999974,100.0,1000,0,1000,0.10707875003572553,924,0,0,0,0,0,0,0,0,0,0,0,0,0,0,0,38,0,0,0,0,0,0,0,0,0,0,0,0,0,0,0,38,0.5445408225059509,0.02851075679063797,1.0367741584777832,0.2272709459066391,0.010370999999999998
729,48881.0,1564.0,50445.0,50445.0,0.9689959361681039,30.0,0.03,74.0,41481.0,38.0,36.0,17.0,13.0,25304.0,23577.0,640.0,697.0,160.0,103.0,41481.0,414.80999999999983,100.0,1000,0,1000,0.11064595903735608,926,0,0,0,0,0,0,0,0,0,0,0,0,0,1,0,37,0,0,0,0,0,0,0,0,0,0,0,0,0,0,0,36,0.11515994369983673,-0.09978295862674713,0.4351094663143158,0.2524971067905426,0.010343999999999999
730,48451.0,2189.0,50640.0,50640.0,0.9567733017377568,29.0,0.029,76.0,40851.0,41.0,35.0,12.0,17.0,25246.0,23205.0,673.0,592.0,127.0,208.0,40851.0,408.50999999999937,100.0,1000,1,999,0.10750862490385771,924,0,0,0,0,0,0,0,0,0,0,0,0,0,0,0,41,0,0,0,0,0,0,0,0,0,0,0,0,0,0,0,35,0.618714451789856,-0.011035265401005745,1.2632232904434204,0.18047191202640533,0.010317
731,49805.0,1908.0,51713.0,51713.0,0.9631040550731924,26.0,0.026,80.0,41805.0,38.0,42.0,12.0,14.0,24966.0,24839.0,273.0,231.0,527.0,0.0,41805.0,418.0500000000001,100.0,1000,0,1000,0.11092529108282179,920,0,0,0,0,0,0,0,0,0,0,0,0,0,0,1,37,0,1,0,0,0,0,0,0,0,0,0,0,0,0,0,41,0.5409934520721436,-0.013867742381989956,1.114288091659546,0.22185039520263672,0.01029
732,46948.0,2395.0,49343.0,49343.0,0.9514622134851954,21.0,0.021,74.0,39548.0,37.0,37.0,8.0,13.0,23280.0,23668.0,617.0,444.0,183.0,356.0,39548.0,395.48000000000087,100.0,1000,0,1000,0.10775679198559374,925,0,0,0,0,0,0,0,0,0,0,0,0,0,0,0,37,0,0,0,0,0,0,0,0,1,0,0,0,0,0,0,37,0.5451025366783142,0.03275233879685402,1.0284348726272583,0.18193688988685608,0.010263000000000001
733,47789.0,2610.0,50399.0,50399.0,0.9482132581995675,37.0,0.037,71.0,40689.0,35.0,36.0,9.0,28.0,22927.0,24862.0,350.0,432.0,450.0,368.0,40689.0,406.8900000000007,100.0,1000,0,1000,0.11067874997388572,926,0,0,0,0,0,0,1,0,0,0,0,0,0,0,0,36,0,0,0,0,0,0,0,0,0,0,0,0,0,0,0,37,0.4967847466468811,0.056271761655807495,0.8859683275222778,0.24142110347747803,0.010235999999999999
734,49705.0,1392.0,51097.0,51097.0,0.9727576961465448,17.0,0.017,80.0,41705.0,43.0,37.0,10.0,7.0,25861.0,23844.0,272.6875,712.0,0.0,88.0,41705.0,417.0499999999995,100.0,1000,0,1000,0.10683587496168911,920,0,1,0,0,0,0,0,0,0,0,2,0,0,0,0,40,0,0,0,0,0,0,0,0,0,0,0,0,0,0,0,37,0.7062099575996399,-0.07980547100305557,1.576562762260437,0.22195452451705933,0.010209
735,47038.0,2618.0,49656.0,49656.0,0.9472772676010955,31.0,0.031,72.0,39838.0,37.0,35.0,17.0,14.0,23849.0,23189.0,505.0,261.0,295.0,539.0,39838.0,398.37999999999937,100.0,1000,0,1000,0.11099533305969089,927,0,0,0,0,0,0,0,0,0,0,0,0,0,0,0,37,0,0,0,0,0,0,0,0,0,0,0,0,1,0,0,35,0.42913123965263367,-0.0048309266567230225,0.8725223541259766,0.22579218447208405,0.010182
736,48978.0,1278.0,50256.0,50256.0,0.9745702005730659,24.0,0.024,77.0,41278.0,39.0,38.0,4.0,20.0,23912.0,25066.0,581.0,367.0,27.375,433.0,41278.0,412.78000000000003,100.0,1000,2,998,0.10813583398703486,923,0,0,0,0,0,0,0,0,0,0,0,0,0,1,0,38,0,0,0,0,0,0,0,0,0,0,0,0,0,1,0,37,0.22117270529270172,-0.02722916752099991,0.5010024905204773,0.2067335993051529,0.010155
737,49546.0,1654.0,51200.0,51200.0,0.9676953125,27.0,0.027,78.0,41746.0,40.0,38.0,7.0,20.0,25018.0,24528.0,768.0,637.0,32.0,163.0,41746.0,417.46000000000015,100.0,1000,0,1000,0.11115658294875175,921,0,0,0,0,0,0,0,0,0,0,0,0,0,0,1,39,0,0,0,0,0,0,0,0,0,0,0,0,0,0,0,39,0.3689594864845276,0.03130340576171875,0.6794030666351318,0.20195963978767395,0.010127999999999998
738,49820.0,1827.0,51647.0,51647.0,0.9646252444478867,25.0,0.025,79.0,41920.0,40.0,39.0,9.0,16.0,23655.0,26165.0,781.0,11.0,19.0,0.0,41920.0,419.2000000000003,100.0,1000,0,1000,0.10761679103597999,920,0,0,0,0,0,0,0,0,1,0,0,0,0,0,0,40,0,0,0,0,0,0,0,0,0,0,0,0,0,0,0,39,0.5216726660728455,0.02552124299108982,0.9972185492515564,0.2433280050754547,0.010100999999999999
739,48637.0,2099.0,50736.0,50736.0,0.9586289813938821,25.0,0.025,79.0,40737.0,38.0,41.0,12.0,13.0,23750.0,24887.0,599.0,351.0,201.0,449.0,40737.0,407.37000000000063,100.0,1000,1,999,0.10848758299835026,921,0,0,0,0,0,0,0,0,0,0,0,0,0,0,0,38,0,0,0,0,0,0,0,0,0,0,0,0,0,1,0,40,0.5437396764755249,-0.0022700284607708454,1.0958778858184814,0.19150428473949432,0.010074
740,48750.0,1337.0,50087.0,50087.0,0.9733064467825983,24.0,0.024,77.0,41050.0,38.0,39.0,11.0,13.0,23781.0,24969.0,705.0,452.0,95.0,348.0,41050.0,410.5000000000005,100.0,1000,0,1000,0.10743020894005895,923,0,0,0,0,0,0,0,0,0,0,0,0,0,0,0,38,0,0,0,0,0,0,0,0,0,0,0,0,0,0,0,39,0.31601235270500183,0.04803282767534256,0.5404091477394104,0.22146466374397278,0.010047
741,47223.0,1325.0,48548.0,48548.0,0.972707423580786,22.0,0.022,73.0,39923.0,36.0,37.0,8.0,14.0,23996.0,23227.0,70.0,611.0,0.0,189.0,39923.0,399.22999999999996,100.0,1000,0,1000,0.10804316692519933,926,0,0,0,0,0,0,0,0,0,0,0,0,0,0,0,36,0,0,0,0,0,0,0,0,0,0,0,0,0,0,0,38,0.40414169430732727,0.012706458568572998,0.7873397469520569,0.22301730513572693,0.010019999999999998
742,48027.0,2518.0,50545.0,50545.0,0.9501830052428529,30.0,0.03,75.0,40527.0,36.0,39.0,18.0,12.0,23635.0,24392.0,431.0,276.0,369.0,524.0,40527.0,405.2700000000003,100.0,1000,0,1000,0.11027041706256568,925,0,0,0,0,0,0,0,0,0,0,0,0,0,0,0,36,0,0,0,0,0,0,0,0,0,0,0,0,0,0,0,39,0.267379492521286,-0.09067624062299728,0.7205710411071777,0.2231328934431076,0.009992999999999998
743,47779.0,1857.0,49636.0,49636.0,0.9625876380046741,23.0,0.023,78.0,39979.0,39.0,39.0,12.0,11.0,25579.0,22200.0,250.0,683.0,550.0,117.0,39979.0,399.79000000000065,100.0,1000,1,999,0.10840820893645287,921,0,0,0,0,0,0,0,0,0,0,0,0,0,0,0,39,0,0,0,0,0,0,0,0,0,0,0,0,0,0,0,40,0.6134724617004395,0.05271262675523758,1.1261317729949951,0.2313881516456604,0.009966
744,49250.0,836.0,50086.0,50086.0,0.9833087090204847,13.0,0.013,82.0,41050.0,37.0,45.0,10.0,3.0,23380.0,25870.0,407.0,434.0,393.0,366.0,41050.0,410.5,100.0,1000,0,1000,0.11030354199465364,917,0,0,0,0,0,0,0,0,0,0,0,0,0,0,1,36,0,1,0,0,0,0,0,0,0,0,0,0,0,0,0,45,0.5083409547805786,0.08947000652551651,0.8415650725364685,0.1923312544822693,0.009939
745,50014.0,904.0,50918.0,50918.0,0.9822459640991398,14.0,0.014,83.0,41714.0,41.0,42.0,6.0,8.0,26840.0,23174.0,607.0,314.0,193.0,0.0,41714.0,417.1399999999996,100.0,1000,2,998,0.10783854103647172,917,0,0,0,0,0,0,0,0,0,0,0,0,0,0,0,41,0,0,0,0,1,0,1,0,0,0,0,0,0,0,0,40,0.309690922498703,-0.03088678978383541,0.6851925253868103,0.20364701747894287,0.009912
746,47603.0,2104.0,49707.0,49707.0,0.9576719576719577,21.0,0.021,76.0,40003.0,35.0,41.0,9.0,12.0,22639.0,24964.0,635.375,465.0,164.625,335.0,40003.0,400.0299999999998,100.0,1000,0,1000,0.1108210829552263,924,0,0,0,0,0,0,0,0,0,0,0,0,0,1,1,33,0,0,0,0,0,0,0,0,0,0,0,0,0,0,0,41,0.47273361682891846,0.014167802408337593,0.9210762977600098,0.19953018426895142,0.009884999999999998
747,48883.0,1084.0,49967.0,49967.0,0.978305681749955,17.0,0.017,76.0,41283.0,37.0,39.0,5.0,12.0,24175.0,24708.0,252.0,480.0,548.0,320.0,41283.0,412.82999999999936,100.0,1000,1,999,0.10708041593898088,924,0,0,0,0,0,0,0,0,0,0,0,0,1,0,0,36,0,0,0,0,0,0,0,0,0,0,0,0,0,0,0,39,0.2498396933078766,-0.02250313013792038,0.549363911151886,0.23728132247924805,0.009857999999999999
748,48998.0,887.0,49885.0,49885.0,0.9822191039390599,16.0,0.016,79.0,41098.0,39.0,40.0,11.0,5.0,25202.0,23796.0,209.0,608.0,591.0,192.0,41098.0,410.98000000000053,100.0,1000,1,999,0.10676966607570648,920,0,0,0,0,0,0,0,0,0,0,0,0,0,0,0,39,0,0,0,0,0,0,0,0,0,0,0,0,1,0,0,40,0.14636178314685822,-0.07829389721155167,0.4537506699562073,0.22578193247318268,0.009831
749,48590.0,1118.0,49708.0,49708.0,0.9775086505190311,18.0,0.018,79.0,40690.0,40.0,39.0,7.0,11.0,24483.0,24107.0,512.0,552.0,288.0,248.0,40690.0,406.9000000000002,100.0,1000,0,1000,0.10684308304917067,921,0,0,0,0,0,0,0,0,1,0,0,0,0,0,0,39,0,0,0,0,0,0,0,0,0,0,0,0,0,0,0,39,0.3045702576637268,-0.029107220470905304,0.6730226278305054,0.28905004262924194,0.009804
750,47861.0,1690.0,49551.0,49551.0,0.9658937256563944,18.0,0.018,77.0,40161.0,39.0,38.0,7.0,11.0,23853.0,24008.0,4.0,388.0,0.0,412.0,40161.0,401.6100000000004,100.0,1000,0,1000,0.10813137493096292,922,0,0,0,0,0,0,0,0,0,0,1,0,0,0,0,38,0,0,0,0,0,0,0,0,0,0,0,0,0,0,0,39,0.20089153945446014,-0.04911777749657631,0.50518798828125,0.2643633186817169,0.009776999999999997
751,50386.0,612.0,50998.0,50998.0,0.9879995293933096,12.0,0.012,82.0,42186.0,44.0,38.0,8.0,4.0,26406.0,23980.0,567.0,743.0,233.0,57.0,42186.0,421.86,100.0,1000,0,1000,0.1069192080758512,918,0,0,0,0,0,0,0,0,0,0,0,0,0,0,0,44,0,0,0,0,0,0,0,0,0,0,0,0,0,0,0,38,0.44176462292671204,-0.009375333786010742,0.9060695171356201,0.19433914124965668,0.009749999999999998
752,49612.0,980.0,50592.0,50592.0,0.980629348513599,15.0,0.015,80.0,41612.0,38.0,42.0,10.0,5.0,24021.0,25591.0,452.0,681.0,348.0,119.0,41612.0,416.1199999999997,100.0,1000,0,1000,0.10920737497508526,918,0,0,0,0,0,0,0,0,0,0,0,0,0,0,0,39,0,0,0,0,0,0,0,0,0,0,0,0,1,0,0,42,0.2809544801712036,-9.837849211180583e-05,0.5663440227508545,0.21795223653316498,0.009722999999999999
753,49142.0,542.0,49684.0,49684.0,0.9890910554705741,10.0,0.01,82.0,40942.0,40.0,42.0,5.0,5.0,24316.0,24826.0,299.0,192.0,501.0,608.0,40942.0,409.42000000000075,100.0,1000,1,999,0.11040662496816367,918,0,0,0,0,0,0,0,0,0,0,0,0,0,0,1,39,0,0,0,0,0,0,0,1,0,0,0,0,0,0,0,41,0.5472676157951355,0.11286433786153793,0.8733795285224915,0.23581701517105103,0.009696
754,46880.0,1023.0,47903.0,47903.0,0.9786443437780514,13.0,0.013,78.0,39080.0,39.0,39.0,3.0,10.0,23467.0,23413.0,315.0,370.0,485.0,430.0,39080.0,390.80000000000086,100.0,1000,2,998,0.10891662491485476,922,0,0,0,0,0,1,0,0,0,0,0,0,0,0,0,38,0,0,0,0,0,0,0,0,0,0,0,0,0,0,0,39,0.23697292804718018,-0.05847980082035065,0.5951367020606995,0.2188047468662262,0.009669
755,48322.0,1835.0,50157.0,50157.0,0.963414877285324,22.0,0.022,76.0,40722.0,39.0,37.0,11.0,11.0,24658.0,23664.0,584.0,229.0,216.0,571.0,40722.0,407.2200000000008,100.0,1000,0,1000,0.10723516694270074,924,0,0,0,0,0,0,0,0,0,0,0,0,0,0,0,39,0,0,0,0,0,0,0,0,0,0,0,0,0,0,0,37,0.4448116421699524,-0.015065846964716911,0.9241871237754822,0.2298351526260376,0.009641999999999998
756,48132.0,782.0,48914.0,48914.0,0.9840127570838615,9.0,0.009,81.0,40032.0,39.0,42.0,5.0,4.0,23290.0,24842.0,234.0,596.0,566.0,204.0,40032.0,400.32000000000056,100.0,1000,0,1000,0.10711929108947515,917,0,0,0,0,0,0,1,0,1,0,0,0,0,0,1,37,0,0,0,0,0,0,0,0,0,0,0,0,0,0,0,43,0.40337005257606506,0.01060197688639164,0.7898005843162537,0.22175690531730652,0.009614999999999999
757,49072.0,1001.0,50073.0,50073.0,0.9800091865875822,16.0,0.016,82.0,40872.0,43.0,39.0,5.0,11.0,24386.0,24686.0,527.0,378.0,273.0,422.0,40872.0,408.7199999999997,100.0,1000,2,998,0.11044949991628528,918,0,0,0,0,0,0,0,0,0,0,0,0,0,0,0,43,0,0,0,0,0,0,0,0,0,0,0,0,0,0,0,39,0.18165820837020874,-0.019512208178639412,0.4062434136867523,0.20351320505142212,0.009588
758,48535.0,968.0,49503.0,49503.0,0.9804456295578046,14.0,0.014,81.0,40435.0,40.0,41.0,6.0,8.0,24641.0,23894.0,359.0,724.0,60.0,76.0,40435.0,404.3499999999995,100.0,1000,0,1000,0.10692991700489074,919,0,0,0,0,0,0,0,0,0,0,0,0,0,0,0,40,0,0,0,0,0,0,0,0,0,0,0,0,0,0,0,41,0.5185359120368958,-0.0048738038167357445,1.0509428977966309,0.21564112603664398,0.009561
759,47917.0,1464.0,49381.0,49381.0,0.9703529697656994,19.0,0.019,80.0,39917.0,40.0,40.0,11.0,8.0,24801.0,23116.0,270.0,740.0,27.0,60.0,39917.0,399.16999999999956,100.0,1000,0,1000,0.11100729205645621,917,0,0,0,0,0,0,0,0,0,0,1,0,0,0,0,41,0,0,0,0,0,0,0,0,0,0,0,0,0,0,0,41,0.2878034710884094,-0.05754326656460762,0.6945146918296814,0.20039965212345123,0.009533999999999997
760,47495.0,2011.0,49506.0,49506.0,0.9593786611723831,21.0,0.021,78.0,39695.0,38.0,40.0,16.0,5.0,23657.0,23838.0,507.0,211.0,293.0,0.0,39695.0,396.9500000000004,100.0,1000,2,998,0.10685545904561877,922,0,0,0,0,0,0,0,0,0,0,0,0,0,0,3,35,0,0,0,0,0,0,0,0,0,0,0,0,0,0,0,40,0.607510507106781,-0.07202170044183731,1.3626362085342407,0.18785113096237183,0.009506999999999998
761,49074.0,1214.0,50288.0,50288.0,0.9758590518612791,21.0,0.021,77.0,41374.0,37.0,40.0,15.0,6.0,24174.0,24900.0,774.0,558.0,26.0,242.0,41374.0,413.7400000000001,100.0,1000,0,1000,0.10773891594726592,923,0,0,0,0,0,0,0,0,0,0,0,0,0,0,1,36,0,0,0,0,0,0,0,0,0,0,0,0,0,0,0,40,0.25897544622421265,-0.10256896913051605,0.7267229557037354,0.19167326390743256,0.009479999999999999
762,48742.0,1032.0,49774.0,49774.0,0.9792662836018805,17.0,0.017,77.0,41042.0,39.0,38.0,6.0,11.0,24312.0,24430.0,692.0,377.0,108.0,423.0,41042.0,410.4200000000004,100.0,1000,2,998,0.10767454199958593,922,0,0,0,1,0,0,0,0,0,0,0,0,0,0,1,37,0,0,0,0,0,0,0,0,0,0,0,0,0,0,0,39,0.290817528963089,0.015165938064455986,0.5554701685905457,0.22040288150310516,0.009453
763,49958.0,1197.0,51155.0,51155.0,0.9766005278076434,17.0,0.017,85.0,41458.0,41.0,44.0,14.0,3.0,24886.0,25072.0,344.0,283.0,456.0,517.0,41458.0,414.58,100.0,1000,1,999,0.11090899992268533,914,0,0,0,0,0,0,0,0,0,0,0,0,0,0,0,42,0,0,0,1,0,0,0,0,0,0,0,0,0,0,0,43,0.3638952970504761,-0.01616506464779377,0.7644999027252197,0.23229233920574188,0.009426
764,46286.0,1491.0,47777.0,47777.0,0.9687925152269921,21.0,0.021,74.0,38886.0,34.0,40.0,6.0,15.0,21472.0,24814.0,476.0,629.0,324.0,171.0,38886.0,388.85999999999916,100.0,1000,0,1000,0.10880466597154737,926,0,0,0,0,0,0,0,0,0,0,0,0,0,0,0,34,0,0,0,0,0,0,0,0,0,0,0,0,0,0,0,40,0.3682383596897125,0.029307805001735687,0.6817346215248108,0.2060616910457611,0.009398999999999998
765,48834.0,1688.0,50522.0,50522.0,0.9665888127944262,27.0,0.027,77.0,41134.0,39.0,38.0,11.0,16.0,24971.0,23863.0,592.0,470.0,208.0,330.0,41134.0,411.33999999999935,100.0,1000,0,1000,0.11074425000697374,922,0,0,0,0,0,0,0,0,0,0,0,0,0,0,1,38,0,0,0,0,0,0,0,0,0,0,0,0,1,0,0,38,0.24501925706863403,-0.015611669979989529,0.5250982046127319,0.20467104017734528,0.009371999999999998
766,47918.0,2062.0,49980.0,49980.0,0.9587434973989596,31.0,0.031,76.0,40318.0,38.0,38.0,19.0,12.0,23771.0,24147.0,330.0,478.0,470.0,322.0,40318.0,403.179999999999,100.0,1000,2,998,0.10773429099936038,923,1,0,0,0,1,0,0,0,0,0,0,0,0,0,1,35,0,0,0,0,0,0,0,0,0,0,0,0,0,0,0,39,0.23092801868915558,-0.027286577969789505,0.5207601189613342,0.23172405362129211,0.009345
767,48773.0,681.0,49454.0,49454.0,0.9862296275326566,12.0,0.012,79.0,40873.0,40.0,39.0,3.0,9.0,24412.0,24361.0,634.0,220.0,166.0,47.0,40873.0,408.73000000000064,100.0,1000,0,1000,0.10851449996698648,921,0,0,0,0,0,0,0,0,1,0,0,0,0,0,0,39,0,0,0,0,0,0,0,0,0,0,0,0,0,0,0,39,0.0734175369143486,-0.10299482196569443,0.35667887330055237,0.20681239664554596,0.009318
768,48347.0,1265.0,49612.0,49612.0,0.9745021365798597,24.0,0.024,74.0,40947.0,38.0,36.0,10.0,14.0,24807.0,23540.0,301.0,183.0,499.0,0.0,40947.0,409.46999999999935,100.0,1000,0,1000,0.10663545795250684,926,0,0,0,0,0,0,0,0,0,0,0,0,0,0,0,38,0,0,0,0,0,0,0,0,0,0,0,0,0,0,0,36,0.36972877383232117,0.005608011968433857,0.732343316078186,0.22074219584465027,0.009290999999999997
769,49328.0,1804.0,51132.0,51132.0,0.9647187671125714,17.0,0.017,80.0,41328.0,40.0,40.0,4.0,13.0,25132.0,24196.0,303.0,767.0,10.0,33.0,41328.0,413.2799999999998,100.0,1000,1,999,0.10813816706649959,916,0,0,0,0,0,0,0,0,0,0,0,0,0,0,0,41,0,0,0,0,0,0,0,1,1,0,0,0,0,0,0,41,0.48754560947418213,0.017849182710051537,0.9429123401641846,0.18995392322540283,0.009263999999999998
770,48773.0,645.0,49418.0,49418.0,0.9869480755999838,11.0,0.011,76.0,41173.0,37.0,39.0,7.0,4.0,24171.0,24602.0,405.0,563.0,395.0,237.0,41173.0,411.73000000000053,100.0,1000,0,1000,0.10696795908734202,924,0,0,0,0,0,0,0,0,0,0,0,0,0,0,0,37,0,0,0,0,0,0,0,0,0,0,0,0,0,0,0,39,0.43822377920150757,0.02885778807103634,0.8223421573638916,0.19542130827903748,0.009236999999999999
771,48737.0,1475.0,50212.0,50212.0,0.9706245518999442,25.0,0.025,74.0,41337.0,38.0,36.0,11.0,14.0,25599.0,23138.0,523.0,654.0,277.0,146.0,41337.0,413.36999999999983,100.0,1000,3,997,0.10867241700179875,926,0,0,0,0,0,0,0,0,0,0,0,0,0,0,0,38,0,0,0,0,0,0,0,0,0,0,0,0,0,0,1,35,0.2817133963108063,0.00840278621762991,0.5504755973815918,0.20925050973892212,0.00921
772,49019.0,1060.0,50079.0,50079.0,0.9788334431598075,14.0,0.014,81.0,40919.0,39.0,42.0,3.0,11.0,24139.0,24880.0,661.0,155.0,139.0,114.0,40919.0,409.1899999999996,100.0,1000,1,999,0.10922154202125967,919,0,0,0,0,0,0,0,0,0,0,0,0,0,0,0,39,0,0,0,0,0,0,0,0,0,0,0,0,0,0,0,42,0.3642532229423523,0.003872772678732872,0.7243214249610901,0.19386716187000275,0.009183
773,47736.0,984.0,48720.0,48720.0,0.9798029556650246,16.0,0.016,76.0,40136.0,40.0,36.0,11.0,5.0,24388.0,23348.0,396.0,594.0,404.0,206.0,40136.0,401.3600000000002,100.0,1000,0,1000,0.10975745797622949,924,0,0,0,0,0,0,0,0,0,0,0,0,0,0,0,40,0,0,0,0,0,0,0,0,0,0,0,0,0,0,0,36,0.11994463950395584,-0.09879615157842636,0.44061046838760376,0.1708652675151825,0.009155999999999997
774,47722.0,1400.0,49122.0,49122.0,0.9714995317780221,20.0,0.02,75.0,40222.0,39.0,36.0,7.0,13.0,24373.0,23349.0,446.0,317.0,354.0,483.0,40222.0,402.2199999999995,100.0,1000,0,1000,0.10706037504132837,925,0,0,0,0,0,0,0,0,0,0,0,0,0,0,0,39,0,0,0,0,0,0,0,0,0,0,0,0,0,0,0,36,0.48142874240875244,0.024997452273964882,0.9158377647399902,0.16295206546783447,0.009128999999999998
775,48484.0,1074.0,49558.0,49558.0,0.9783284232616328,18.0,0.018,73.0,41184.0,37.0,36.0,5.0,13.0,24084.0,24400.0,594.0,549.0,206.0,251.0,41184.0,411.83999999999986,100.0,1000,1,999,0.10700091603212059,926,0,0,0,0,0,0,0,0,0,0,0,0,0,0,0,37,0,0,0,0,0,0,0,0,0,0,0,0,0,0,0,37,0.34743601083755493,0.058475643396377563,0.5817577242851257,0.21077659726142883,0.009101999999999999
776,48491.0,2022.0,50513.0,50513.0,0.9599707006117237,32.0,0.032,73.0,41191.0,36.0,37.0,11.0,21.0,23647.0,24844.0,344.0,612.0,456.0,188.0,41191.0,411.91000000000065,100.0,1000,0,1000,0.11056800000369549,926,0,0,0,0,0,0,0,0,0,0,0,0,0,0,0,37,0,0,0,0,0,0,0,0,0,0,0,0,1,0,0,36,0.3357773721218109,-0.06559323519468307,0.8068654537200928,0.22722861170768738,0.009075
777,46635.0,1767.0,48402.0,48402.0,0.9634932440808232,24.0,0.024,73.0,39335.0,38.0,35.0,8.0,16.0,24441.0,22194.0,220.0,544.0,0.0,256.0,39335.0,393.3500000000006,100.0,1000,1,999,0.10792587499599904,927,0,0,0,0,0,0,0,0,0,0,0,0,0,0,0,38,0,0,0,0,0,0,0,0,0,0,0,0,0,0,0,35,0.3475286662578583,-0.06352105736732483,0.8254779577255249,0.186698317527771,0.009047999999999997
778,47134.0,955.0,48089.0,48089.0,0.9801409885836678,18.0,0.018,73.0,39834.0,35.0,38.0,11.0,7.0,22854.0,24280.0,265.0,249.0,0.0,551.0,39834.0,398.3400000000001,100.0,1000,0,1000,0.11068729194812477,927,0,0,0,0,0,0,0,0,0,0,0,0,0,0,0,35,0,0,0,0,0,0,0,0,0,0,0,0,0,0,0,38,0.5225778222084045,0.1190207228064537,0.8106197714805603,0.1942998468875885,0.009020999999999998
779,47735.0,1796.0,49531.0,49531.0,0.9637398800751045,25.0,0.025,74.0,40335.0,37.0,37.0,13.0,12.0,23607.0,24128.0,307.0,728.0,23.0,72.0,40335.0,403.3499999999995,100.0,1000,1,999,0.10705691704060882,926,1,0,0,0,0,0,0,0,0,0,0,0,0,0,0,36,0,0,0,0,0,0,0,0,0,0,0,0,0,0,0,37,0.8268443942070007,0.040513936430215836,1.5763707160949707,0.20623748004436493,0.008993999999999999
780,49217.0,685.0,49902.0,49902.0,0.9862730952667228,11.0,0.011,76.0,41617.0,39.0,37.0,5.0,6.0,24830.0,24387.0,546.0,354.0,254.0,446.0,41617.0,416.16999999999973,100.0,1000,0,1000,0.11054712499026209,924,0,0,0,0,0,0,0,0,0,0,0,0,1,0,0,38,0,0,0,0,0,0,0,0,0,0,0,0,0,0,0,37,0.30720826983451843,0.014723880216479301,0.5886720418930054,0.20649407804012299,0.008967
781,48810.0,1138.0,49948.0,49948.0,0.9772163049571554,19.0,0.019,77.0,41110.0,36.0,41.0,12.0,7.0,23273.0,25537.0,21.0,800.0,40.0,0.0,41110.0,411.09999999999945,100.0,1000,0,1000,0.10817191703245044,922,0,0,0,0,0,0,0,0,0,0,0,0,0,0,1,35,0,0,0,0,0,0,0,0,0,0,0,0,0,0,0,42,0.15371711552143097,-0.030976751819252968,0.37344083189964294,0.2266826331615448,0.00894
782,47390.0,2308.0,49698.0,49698.0,0.9535594993762324,21.0,0.021,73.0,40090.0,37.0,36.0,9.0,12.0,23599.0,23791.0,288.0,256.0,512.0,544.0,40090.0,400.90000000000043,100.0,1000,1,999,0.10712166700977832,927,0,0,0,1,0,0,0,0,0,0,0,0,0,0,0,36,0,0,0,0,0,0,0,0,0,0,0,0,0,0,0,36,0.16642481088638306,-0.04607221111655235,0.42882099747657776,0.21468418836593628,0.008912999999999997
783,46593.0,1037.0,47630.0,47630.0,0.9782280075582616,15.0,0.015,75.0,39093.0,41.0,34.0,5.0,10.0,24362.0,22231.0,370.0,494.0,430.0,306.0,39093.0,390.93000000000046,100.0,1000,0,1000,0.11094870802480727,923,0,0,0,1,0,0,0,0,0,0,1,0,0,0,0,41,0,0,0,0,0,0,0,0,0,0,0,0,0,0,0,34,0.31828367710113525,-0.008576975204050541,0.6575798988342285,0.2171146124601364,0.008885999999999998
784,48797.0,1375.0,50172.0,50172.0,0.9725942756916208,20.0,0.02,77.0,41097.0,42.0,35.0,16.0,4.0,26818.0,21979.0,427.0,318.0,373.0,482.0,41097.0,410.96999999999963,100.0,1000,0,1000,0.1082554169697687,923,0,0,0,0,0,0,0,0,0,0,0,0,0,0,0,42,0,0,0,0,0,0,0,0,0,0,0,0,0,0,0,35,0.2329927533864975,-0.11178562790155411,0.6931257843971252,0.20143519341945648,0.008858999999999999
785,49024.0,1298.0,50322.0,50322.0,0.974206112634633,23.0,0.023,79.0,41124.0,39.0,40.0,8.0,15.0,24596.0,24428.0,625.0,685.0,175.0,115.0,41124.0,411.23999999999984,100.0,1000,1,999,0.10785320797003806,920,0,0,0,0,0,0,0,0,0,0,0,0,0,0,1,38,0,0,0,0,0,0,0,0,0,0,0,0,0,0,0,41,0.1453457474708557,-0.0433523990213871,0.38117095828056335,0.2136935591697693,0.008832
786,47843.0,1431.0,49274.0,49274.0,0.9709583147298778,19.0,0.019,72.0,40643.0,36.0,36.0,14.0,5.0,24239.0,23604.0,506.0,262.0,294.0,538.0,40643.0,406.43000000000023,100.0,1000,0,1000,0.10725608305074275,928,0,0,0,0,0,0,0,0,0,0,0,0,0,0,0,36,0,0,0,0,0,0,0,0,0,0,0,0,0,0,0,36,0.5377382040023804,0.02941664680838585,1.0207606554031372,0.2338135540485382,0.008804999999999997
787,50162.0,415.0,50577.0,50577.0,0.9917946892856436,8.0,0.008,82.0,41962.0,38.0,44.0,7.0,1.0,24348.0,25814.0,458.0,574.0,342.0,226.0,41962.0,419.6199999999999,100.0,1000,0,1000,0.11080850008875132,918,0,0,0,0,0,0,0,0,0,0,0,0,0,0,0,38,0,0,0,0,0,0,0,0,0,0,0,0,0,0,0,44,0.6526378989219666,0.13910679519176483,1.0305206775665283,0.19699610769748688,0.008777999999999998
788,48153.0,1314.0,49467.0,49467.0,0.9734368366789982,18.0,0.018,75.0,40653.0,40.0,35.0,8.0,10.0,24562.0,23591.0,654.0,258.0,146.0,542.0,40653.0,406.52999999999975,100.0,1000,1,999,0.10802270891144872,923,0,0,0,0,0,0,0,0,0,0,0,0,0,0,0,40,0,0,0,0,0,0,0,0,0,0,0,0,0,0,0,37,0.6077878475189209,0.10562857985496521,1.007459044456482,0.179435595870018,0.008750999999999998
789,48646.0,1383.0,50029.0,50029.0,0.9723560335005696,17.0,0.017,77.0,40946.0,40.0,37.0,5.0,12.0,24403.0,24243.0,639.0,477.0,161.0,323.0,40946.0,409.46000000000043,100.0,1000,0,1000,0.11041616695001721,923,0,0,0,0,0,0,0,0,0,0,0,0,0,1,0,39,0,0,0,0,0,0,0,0,0,0,0,0,0,0,0,37,0.4309188723564148,-0.10098058730363846,1.0674432516098022,0.20886796712875366,0.008723999999999999
790,48196.0,1565.0,49761.0,49761.0,0.9685496674102209,29.0,0.029,74.0,40796.0,41.0,33.0,12.0,17.0,26192.0,22004.0,708.0,147.0,92.0,22.0,40796.0,407.96000000000004,100.0,1000,1,999,0.1073248329339549,926,0,0,0,0,0,0,0,0,0,0,0,0,1,0,0,40,0,0,0,0,0,0,0,0,0,0,0,0,0,0,0,33,0.35706084966659546,-0.021553076803684235,0.7613284587860107,0.23574919998645782,0.008697
791,48532.0,2260.0,50792.0,50792.0,0.9555048039061269,24.0,0.024,73.0,41232.0,36.0,37.0,8.0,16.0,23315.0,25217.0,345.0,286.0,455.0,514.0,41232.0,412.3200000000002,100.0,1000,0,1000,0.11114083300344646,927,0,0,0,0,0,0,0,0,0,0,0,0,0,0,0,36,0,0,0,0,0,0,0,0,0,0,0,0,0,0,0,37,0.42537233233451843,-0.08918749541044235,1.0329583883285522,0.22137802839279175,0.008669999999999997
792,48407.0,1150.0,49557.0,49557.0,0.9767943983695543,18.0,0.018,77.0,40707.0,40.0,37.0,8.0,10.0,24608.0,23799.0,127.0,633.0,673.0,167.0,40707.0,407.06999999999977,100.0,1000,0,1000,0.10724674991797656,923,0,0,0,0,0,0,0,0,0,0,0,0,0,0,0,40,0,0,0,0,0,0,0,0,0,0,0,0,0,0,0,37,0.23644128441810608,-0.08429241180419922,0.6445531249046326,0.17851029336452484,0.008642999999999998
793,50448.0,864.0,51312.0,51312.0,0.9831618334892422,12.0,0.012,80.0,42448.0,40.0,40.0,6.0,6.0,25055.0,25393.0,637.0,540.0,163.0,260.0,42448.0,424.4799999999995,100.0,1000,0,1000,0.10686454200185835,920,0,0,0,0,0,0,0,0,0,0,0,0,0,0,2,38,0,0,0,0,0,0,0,0,0,0,0,0,0,0,0,40,0.44058525562286377,0.017554912716150284,0.8493378758430481,0.19017842411994934,0.008615999999999999
794,47898.0,1622.0,49520.0,49520.0,0.9672455573505654,16.0,0.016,75.0,40398.0,37.0,38.0,7.0,9.0,23609.0,24289.0,515.0,430.0,285.0,370.0,40398.0,403.9800000000005,100.0,1000,0,1000,0.11005333298817277,924,0,0,0,0,0,0,0,0,0,0,0,0,0,0,0,37,0,0,0,0,0,0,0,0,0,0,0,0,0,0,1,38,0.5091971158981323,0.0168371070176363,0.988403856754303,0.21444787085056305,0.008589
795,49197.0,1211.0,50408.0,50408.0,0.9759760355499127,20.0,0.02,77.0,41497.0,40.0,37.0,8.0,12.0,24983.0,24214.0,641.0,587.0,159.0,213.0,41497.0,414.97000000000037,100.0,1000,0,1000,0.10668770805932581,923,0,0,0,0,0,0,0,0,0,0,0,0,0,0,0,40,0,0,0,0,0,0,0,0,0,0,0,0,0,0,0,37,0.2271060347557068,-0.02490224689245224,0.5078080892562866,0.22141551971435547,0.008561999999999997
796,48108.0,1435.0,49543.0,49543.0,0.9710352622973982,21.0,0.021,75.0,40608.0,34.0,41.0,10.0,11.0,22849.0,25259.0,716.0,216.0,84.0,584.0,40608.0,406.0799999999994,100.0,1000,0,1000,0.10695962491445243,923,0,0,0,0,0,0,0,0,0,0,0,0,0,0,0,35,1,0,0,0,0,0,0,0,0,0,0,0,0,0,0,41,0.08211296796798706,-0.09993408620357513,0.3674439787864685,0.1962427943944931,0.008534999999999997
797,49380.0,1557.0,50937.0,50937.0,0.9694328287885035,16.0,0.016,78.0,41580.0,39.0,39.0,9.0,7.0,24689.0,24691.0,277.0,638.0,523.0,162.0,41580.0,415.7999999999998,100.0,1000,0,1000,0.10744729090947658,922,0,0,0,0,0,0,0,0,0,0,0,0,0,0,0,39,0,0,0,0,0,0,0,0,0,0,0,0,0,0,0,39,0.4486590027809143,0.029610848054289818,0.8415302634239197,0.2018059641122818,0.008507999999999998
798,48470.0,2154.0,50624.0,50624.0,0.9574510113780025,22.0,0.022,79.0,40570.0,37.0,42.0,12.0,10.0,22555.0,25915.0,529.0,605.0,271.0,195.0,40570.0,405.7000000000008,100.0,1000,1,999,0.10765870800241828,919,0,0,0,0,0,0,0,0,0,0,0,0,0,0,2,35,0,0,0,0,0,0,0,0,0,0,0,0,0,0,0,44,0.7764689922332764,0.033040475100278854,1.490383505821228,0.20790353417396545,0.008480999999999999
799,47846.0,2322.0,50168.0,50168.0,0.9537155158666879,20.0,0.02,78.0,40046.0,41.0,37.0,8.0,12.0,24602.0,23244.0,684.0,382.0,116.0,418.0,40046.0,400.4600000000003,100.0,1000,0,1000,0.10751862498000264,922,0,0,0,0,0,0,0,0,0,0,0,0,0,0,0,41,0,0,0,0,0,0,0,0,0,0,0,0,0,0,0,37,0.3354622721672058,-0.14318446815013885,0.9605570435523987,0.1930214911699295,0.008454
800,47770.0,1024.0,48794.0,48794.0,0.9790138131737509,16.0,0.016,74.0,40370.0,38.0,36.0,3.0,13.0,23707.0,24063.0,323.0,298.0,477.0,502.0,40370.0,403.70000000000033,100.0,1000,1,999,0.11056591698434204,926,0,0,0,0,0,0,0,0,0,0,0,0,0,0,0,38,0,0,0,0,0,0,0,0,0,0,0,0,0,0,1,35,0.18580065667629242,-0.1279742568731308,0.6309971809387207,0.20454241335391998,0.008426999999999997
801,48643.0,2538.0,51181.0,51181.0,0.9504112854379555,24.0,0.024,77.0,40943.0,39.0,38.0,9.0,15.0,24512.0,24131.0,294.0,658.0,506.0,142.0,40943.0,409.4300000000001,100.0,1000,1,999,0.10771945805754513,923,0,0,0,0,0,0,0,0,0,0,0,0,0,0,0,39,0,0,0,0,0,0,0,0,0,0,0,1,0,0,0,37,0.4801815450191498,0.01743783988058567,0.9284561276435852,0.17671069502830505,0.008399999999999998
802,48875.0,971.0,49846.0,49846.0,0.9805200016049432,15.0,0.015,77.0,41175.0,39.0,38.0,8.0,7.0,25067.0,23808.0,550.0,386.0,250.0,414.0,41175.0,411.7499999999997,100.0,1000,1,999,0.10848483303561807,923,0,0,0,0,0,0,0,0,0,0,0,0,0,0,0,39,0,0,0,0,0,0,0,0,0,0,0,0,0,0,0,38,0.36035969853401184,0.046185366809368134,0.6317175626754761,0.20117726922035217,0.008372999999999998
803,48672.0,488.0,49160.0,49160.0,0.990073230268511,10.0,0.01,77.0,40972.0,39.0,38.0,5.0,5.0,23721.0,24951.0,800.0,438.0,0.0,362.0,40972.0,409.72000000000025,100.0,1000,0,1000,0.1076285830931738,923,0,0,0,0,0,0,0,0,0,0,0,0,0,0,1,38,0,0,0,0,0,0,0,0,0,0,0,0,0,0,2,36,0.20458078384399414,0.005286109633743763,0.4015992283821106,0.1803193986415863,0.008346
804,46747.0,2267.0,49014.0,49014.0,0.9537479087607622,30.0,0.03,68.0,39947.0,36.0,32.0,14.0,16.0,24361.0,22386.0,287.0,494.0,513.0,306.0,39947.0,399.47,100.0,1000,0,1000,0.11020591598935425,932,0,0,0,0,0,0,0,0,0,0,0,0,0,0,0,36,0,0,0,0,0,0,0,0,0,0,0,0,1,0,0,31,0.28250136971473694,0.04474087804555893,0.47930559515953064,0.22746865451335907,0.008318999999999997
805,48250.0,1208.0,49458.0,49458.0,0.9755752355533989,19.0,0.019,75.0,40750.0,39.0,36.0,5.0,14.0,23954.0,24296.0,690.0,234.0,110.0,566.0,40750.0,407.5000000000003,100.0,1000,2,998,0.10736158397048712,925,0,0,0,0,0,0,0,0,0,0,0,0,0,0,0,39,0,0,0,0,0,0,0,0,0,0,0,0,0,0,0,36,0.1431160271167755,-0.07909426838159561,0.44806066155433655,0.2194916307926178,0.008291999999999997
806,48961.0,2018.0,50979.0,50979.0,0.9604150728731439,24.0,0.024,76.0,41361.0,41.0,35.0,4.0,20.0,24817.0,24144.0,331.75,329.0,468.25,471.0,41361.0,413.61000000000024,100.0,1000,0,1000,0.11015624995343387,923,0,0,0,0,0,0,0,0,0,0,0,0,0,0,1,40,0,0,0,0,0,0,0,0,0,0,0,0,0,0,0,36,0.6344920992851257,0.061115607619285583,1.1504080295562744,0.2211141437292099,0.008264999999999998
807,48046.0,893.0,48939.0,48939.0,0.9817527942949386,15.0,0.015,78.0,40246.0,41.0,37.0,3.0,12.0,24167.0,23879.0,260.0,492.0,540.0,308.0,40246.0,402.4600000000003,100.0,1000,0,1000,0.10809845908079296,922,0,0,0,0,0,0,0,0,0,0,0,0,0,0,0,41,0,0,0,0,0,0,0,0,0,0,0,0,0,0,0,37,0.3364078402519226,0.027278641238808632,0.6212659478187561,0.182540625333786,0.008237999999999999
808,47182.0,1414.0,48596.0,48596.0,0.9709029549757182,20.0,0.02,77.0,39482.0,39.0,38.0,5.0,15.0,23537.0,23645.0,700.0,525.0,100.0,275.0,39482.0,394.8200000000001,100.0,1000,1,999,0.1070912090362981,923,0,0,0,0,0,0,0,0,0,0,0,0,0,0,0,39,0,0,0,0,0,0,0,0,0,0,0,0,0,0,0,38,0.3447611331939697,-0.029868120327591896,0.752159595489502,0.17665740847587585,0.008210999999999996
809,48078.0,1083.0,49161.0,49161.0,0.9779703423445414,22.0,0.022,75.0,40578.0,38.0,37.0,8.0,14.0,23126.0,24952.0,208.0,251.0,592.0,549.0,40578.0,405.7800000000004,100.0,1000,0,1000,0.1074387909611687,923,0,0,0,0,0,0,0,0,0,0,1,0,0,0,0,38,0,0,0,0,0,0,0,0,0,0,0,0,0,0,0,38,0.385385662317276,0.045284632593393326,0.6843013167381287,0.25044456124305725,0.008183999999999997
810,49790.0,642.0,50432.0,50432.0,0.9872699873096447,12.0,0.012,76.0,42190.0,36.0,40.0,6.0,6.0,23505.0,26285.0,402.0,398.0,398.0,402.0,42190.0,421.89999999999964,100.0,1000,0,1000,0.1073972920421511,924,0,0,0,0,0,0,0,0,0,0,0,0,0,0,0,36,0,0,0,0,0,0,0,0,0,0,0,0,0,0,0,40,0.24547752737998962,0.0028268315363675356,0.489045113325119,0.2294779121875763,0.008156999999999998
811,50274.0,1207.0,51481.0,51481.0,0.97655445698413,20.0,0.02,81.0,42174.0,41.0,40.0,8.0,12.0,25327.0,24947.0,644.0,505.0,156.0,295.0,42174.0,421.73999999999967,100.0,1000,0,1000,0.11059166688937694,919,0,0,0,0,0,0,0,0,0,0,0,0,0,0,0,41,0,0,0,0,0,0,0,0,0,0,0,0,0,0,0,40,0.4026864469051361,0.05703314393758774,0.6947999596595764,0.21484291553497314,0.008129999999999998
812,48696.0,861.0,49557.0,49557.0,0.9826260669532054,15.0,0.015,79.0,40796.0,41.0,38.0,7.0,8.0,24798.0,23898.0,537.0,426.0,0.0,374.0,40796.0,407.9600000000001,100.0,1000,2,998,0.10807312501128763,921,0,0,0,0,0,0,0,0,0,0,1,0,0,0,0,40,0,0,0,0,0,0,0,0,0,0,0,0,0,0,0,38,0.23213279247283936,-0.03728406876325607,0.5418499708175659,0.18611815571784973,0.008102999999999999
813,49610.0,1872.0,51482.0,51482.0,0.9636377763101667,28.0,0.028,78.0,41810.0,41.0,37.0,14.0,14.0,26286.0,23324.0,424.0,692.0,376.0,108.0,41810.0,418.09999999999957,100.0,1000,1,999,0.11072833300568163,921,0,0,0,0,0,0,0,0,0,0,0,0,0,1,1,39,0,0,0,0,0,0,0,0,0,0,0,0,0,0,0,38,0.15051943063735962,-0.05087006092071533,0.40596622228622437,0.19732807576656342,0.008075999999999996
814,49739.0,637.0,50376.0,50376.0,0.987355089725266,14.0,0.014,77.0,42039.0,37.0,40.0,5.0,9.0,23969.0,25770.0,715.0,3.0,85.0,58.0,42039.0,420.3900000000004,100.0,1000,2,998,0.10845816694200039,923,0,0,0,0,0,0,0,0,0,0,0,0,0,0,0,37,0,0,0,0,0,0,0,0,0,0,0,0,0,0,0,40,0.2717437446117401,0.01914696767926216,0.508362352848053,0.19684554636478424,0.008049
815,48695.0,1065.0,49760.0,49760.0,0.978597266881029,17.0,0.017,77.0,40995.0,37.0,40.0,7.0,10.0,23872.0,24823.0,246.0,676.0,554.0,124.0,40995.0,409.9500000000006,100.0,1000,0,1000,0.10943745798431337,922,0,0,0,0,0,0,0,0,0,0,0,0,0,0,0,37,0,0,0,0,0,0,0,0,0,0,0,0,0,0,0,41,0.30986472964286804,-0.006317496299743652,0.6353880763053894,0.18845799565315247,0.008022000000000001
816,48275.0,2573.0,50848.0,50848.0,0.9493982064191315,25.0,0.025,74.0,40875.0,38.0,36.0,13.0,12.0,25319.0,22956.0,419.0,737.0,381.0,63.0,40875.0,408.7499999999993,100.0,1000,0,1000,0.10694274993147701,926,0,0,0,0,0,0,0,0,0,0,0,0,0,0,0,38,0,0,0,0,0,0,0,0,0,0,0,0,0,0,0,36,0.33322152495384216,-0.03819993510842323,0.7465354800224304,0.23092947900295258,0.007995000000000002
817,48438.0,2512.0,50950.0,50950.0,0.9506967615309126,26.0,0.026,77.0,40738.0,40.0,37.0,14.0,12.0,25491.0,22947.0,634.0,324.0,166.0,476.0,40738.0,407.38000000000073,100.0,1000,1,999,0.10745895898435265,921,0,0,0,0,0,0,0,0,0,0,0,0,1,0,0,40,0,0,0,1,0,1,0,0,0,0,0,0,0,0,0,36,0.4389518201351166,0.010805269703269005,0.8592579960823059,0.18604984879493713,0.007968
818,48879.0,613.0,49492.0,49492.0,0.9876141598642205,12.0,0.012,77.0,41179.0,41.0,36.0,4.0,8.0,25231.0,23648.0,448.0,24.0,352.0,0.0,41179.0,411.7899999999992,100.0,1000,0,1000,0.10728999995626509,922,0,0,0,0,0,0,0,0,0,0,0,0,0,0,0,41,0,0,0,0,0,0,0,0,0,0,0,0,0,0,0,37,0.13986079394817352,0.02109711617231369,0.24198271334171295,0.2805282771587372,0.007941
819,49022.0,1024.0,50046.0,50046.0,0.9795388242816608,13.0,0.013,78.0,41222.0,41.0,37.0,4.0,9.0,25480.0,23542.0,476.0,499.0,324.0,301.0,41222.0,412.2200000000001,100.0,1000,1,999,0.10860762500669807,922,0,0,0,0,0,0,0,0,0,0,1,0,0,0,1,39,0,0,0,0,0,0,0,1,0,0,0,0,0,0,0,36,0.261987566947937,0.0075196255929768085,0.5124033093452454,0.2190696746110916,0.007914000000000001
820,49013.0,483.0,49496.0,49496.0,0.9902416356877324,10.0,0.01,79.0,41113.0,41.0,38.0,9.0,1.0,25349.0,23664.0,404.0,739.0,396.0,61.0,41113.0,411.13000000000045,100.0,1000,0,1000,0.11016945797018707,921,0,0,0,0,0,0,0,0,0,0,0,0,0,0,0,41,0,0,0,0,0,0,0,0,0,0,0,0,0,0,0,38,0.1513180285692215,-0.021557195112109184,0.3487313389778137,0.18897469341754913,0.007887000000000002
821,48231.0,1258.0,49489.0,49489.0,0.9745802097435794,13.0,0.013,76.0,40631.0,37.0,39.0,7.0,6.0,23498.0,24733.0,375.0,564.0,425.0,236.0,40631.0,406.3100000000005,100.0,1000,0,1000,0.10802220809273422,922,0,0,0,0,0,0,0,0,0,0,0,0,0,0,0,38,0,0,0,0,0,0,0,0,0,0,0,0,0,0,0,40,0.29783523082733154,-0.033024862408638,0.6643737554550171,0.16880419850349426,0.007859999999999999
822,49402.0,950.0,50352.0,50352.0,0.9811328249126152,16.0,0.016,77.0,41702.0,40.0,37.0,7.0,9.0,25480.0,23922.0,17.0,670.0,85.0,130.0,41702.0,417.0200000000001,100.0,1000,0,1000,0.10719616699498147,923,0,0,0,0,0,0,0,0,0,0,1,1,0,0,0,38,0,0,0,0,0,0,0,0,0,0,0,0,0,0,0,37,0.303040087223053,0.024673424661159515,0.5597240924835205,0.1909082680940628,0.007833
823,48626.0,1636.0,50262.0,50262.0,0.9674505590704707,25.0,0.025,75.0,41126.0,40.0,35.0,14.0,11.0,25969.0,22657.0,520.0,405.0,280.0,395.0,41126.0,411.2599999999994,100.0,1000,4,996,0.10803845804184675,925,0,0,0,0,0,0,0,0,0,0,0,0,0,0,0,40,0,0,0,0,0,0,0,0,0,0,0,0,0,0,0,35,0.6062372326850891,0.017508234828710556,1.1806477308273315,0.20430892705917358,0.0078060000000000004
824,48199.0,1259.0,49458.0,49458.0,0.9745440575842129,19.0,0.019,76.0,40599.0,36.0,40.0,8.0,11.0,23228.0,24971.0,595.0,561.0,205.0,239.0,40599.0,405.98999999999967,100.0,1000,1,999,0.1105195420095697,924,0,0,0,0,0,0,0,0,0,0,0,0,0,0,0,36,0,0,0,0,0,0,0,0,0,0,0,0,0,1,0,39,0.03628046438097954,-0.10271213203668594,0.2810058891773224,0.19415724277496338,0.007779000000000001
825,48683.0,2176.0,50859.0,50859.0,0.9572150455180007,24.0,0.024,74.0,41283.0,37.0,37.0,10.0,14.0,24287.0,24396.0,295.0,308.0,505.0,492.0,41283.0,412.8299999999998,100.0,1000,0,1000,0.10742154100444168,926,0,0,0,0,0,0,0,0,0,0,0,0,0,0,0,37,0,0,0,0,0,0,0,0,0,0,0,0,0,0,0,37,0.4522642195224762,0.027153801172971725,0.8534637689590454,0.20916514098644257,0.007752000000000002
826,49601.0,505.0,50106.0,50106.0,0.9899213667025905,9.0,0.009,78.0,41801.0,40.0,38.0,3.0,6.0,25618.0,23983.0,520.0,691.0,280.0,109.0,41801.0,418.0099999999996,100.0,1000,1,999,0.11060266697313637,922,0,0,0,0,0,0,0,0,0,0,0,1,0,0,0,39,0,0,0,0,0,0,0,0,0,0,0,0,0,0,0,38,0.23304767906665802,0.02985473908483982,0.4096035659313202,0.2082659900188446,0.007724999999999999
827,48947.0,1048.0,49995.0,49995.0,0.979037903790379,18.0,0.018,74.0,41547.0,34.0,40.0,9.0,9.0,23537.0,25410.0,308.0,538.0,492.0,262.0,41547.0,415.47000000000054,100.0,1000,0,1000,0.10766587499529123,926,0,0,0,0,0,0,0,0,0,0,0,0,0,0,0,34,0,0,0,0,0,0,0,0,0,0,0,0,0,0,0,40,0.18332283198833466,-0.044649798423051834,0.45911428332328796,0.2058345526456833,0.007698
828,48677.0,3329.0,52006.0,52006.0,0.93598815521286,46.0,0.046,72.0,41477.0,34.0,38.0,20.0,26.0,23524.0,25153.0,158.0,680.0,642.0,120.0,41477.0,414.76999999999913,100.0,1000,0,1000,0.10861604195088148,926,0,0,0,0,0,0,0,0,0,0,0,0,0,0,1,34,0,0,0,0,0,0,0,0,0,0,0,0,0,0,0,39,0.48506292700767517,0.0254211463034153,0.9228568077087402,0.23290465772151947,0.007671000000000001
829,48868.0,1199.0,50067.0,50067.0,0.9760520901991332,16.0,0.016,80.0,40868.0,39.0,41.0,7.0,9.0,24254.0,24614.0,106.0,784.0,38.0,16.0,40868.0,408.68000000000006,100.0,1000,0,1000,0.11014550004620105,920,0,0,0,0,0,0,0,0,0,0,0,0,0,0,0,39,0,0,0,0,0,0,0,0,0,0,0,0,0,1,0,40,0.275164932012558,-0.055987175554037094,0.6652902364730835,0.19531738758087158,0.0076440000000000015
830,47622.0,1779.0,49401.0,49401.0,0.9639885832270602,30.0,0.03,71.0,40522.0,34.0,37.0,11.0,19.0,22719.0,24903.0,87.0,239.0,713.0,561.0,40522.0,405.21999999999923,100.0,1000,1,999,0.10796654096338898,929,0,0,0,0,0,0,0,0,0,0,0,0,0,0,0,34,0,0,0,0,0,0,0,0,0,0,0,0,0,0,0,37,0.18723370134830475,0.017161548137664795,0.34374216198921204,0.23617306351661682,0.007616999999999999
831,49444.0,1170.0,50614.0,50614.0,0.9768838661239974,18.0,0.018,76.0,41844.0,39.0,37.0,12.0,6.0,25744.0,23700.0,184.0,96.0,0.0,704.0,41844.0,418.43999999999915,100.0,1000,0,1000,0.10790833295322955,924,0,0,0,0,0,0,0,0,0,0,0,0,0,0,0,39,0,0,0,0,0,0,0,0,0,0,0,0,0,0,0,37,0.23591214418411255,0.03664465248584747,0.4011977016925812,0.1754087507724762,0.0075899999999999995
832,48826.0,1361.0,50187.0,50187.0,0.972881423476199,15.0,0.015,75.0,41326.0,38.0,37.0,9.0,6.0,24760.0,24066.0,95.0,215.0,45.0,585.0,41326.0,413.25999999999976,100.0,1000,0,1000,0.11018954205792397,924,0,0,0,0,0,0,0,0,0,0,0,0,0,0,0,38,0,0,0,0,0,0,0,0,0,0,0,0,0,0,0,38,0.5651032328605652,0.10795090347528458,0.9176475405693054,0.2210034728050232,0.007563
833,48875.0,689.0,49564.0,49564.0,0.9860987813735776,12.0,0.012,78.0,41075.0,39.0,39.0,5.0,7.0,24452.0,24423.0,541.0,368.0,259.0,432.0,41075.0,410.7499999999994,100.0,1000,0,1000,0.10838187509216368,922,0,0,0,0,0,0,0,0,0,0,0,0,0,0,0,39,0,0,0,0,0,0,0,0,0,0,0,0,0,0,0,39,0.5492860674858093,0.09635787457227707,0.909270703792572,0.2265312224626541,0.007536000000000001
834,46592.0,1173.0,47765.0,47765.0,0.9754422694441537,21.0,0.021,74.0,39192.0,36.0,38.0,11.0,10.0,23374.0,23218.0,458.0,418.0,342.0,382.0,39192.0,391.92000000000036,100.0,1000,0,1000,0.11023329093586653,925,0,0,0,0,0,0,0,0,0,0,0,0,0,0,0,36,0,0,0,0,0,0,0,0,0,0,0,0,0,0,0,39,0.2902161180973053,-0.01341965701431036,0.6105090379714966,0.21557380259037018,0.007509000000000002
835,50136.0,1007.0,51143.0,51143.0,0.9803101108656121,14.0,0.014,78.0,42336.0,40.0,38.0,6.0,8.0,26219.0,23917.0,480.0,572.0,320.0,228.0,42336.0,423.3600000000002,100.0,1000,0,1000,0.10774912498891354,921,0,0,0,0,0,0,0,0,0,0,0,0,0,0,0,40,0,0,0,0,0,0,0,0,0,0,0,0,0,0,0,39,0.5432242155075073,0.0592588409781456,0.9713872671127319,0.2309846580028534,0.007481999999999999
836,48490.0,660.0,49150.0,49150.0,0.9865717192268566,13.0,0.013,79.0,40590.0,37.0,42.0,8.0,5.0,23973.0,24517.0,26.0,720.0,113.0,80.0,40590.0,405.89999999999975,100.0,1000,0,1000,0.10809066705405712,921,0,0,0,0,0,0,0,1,0,0,0,0,0,0,0,36,0,0,0,0,0,0,0,0,0,0,1,0,0,0,0,41,0.36964237689971924,-0.013477333821356297,0.7687408924102783,0.16777263581752777,0.007455
837,49122.0,672.0,49794.0,49794.0,0.9865043981202555,12.0,0.012,76.0,41522.0,35.0,41.0,7.0,5.0,23742.0,25380.0,180.0,548.0,620.0,252.0,41522.0,415.2200000000003,100.0,1000,0,1000,0.11043083306867629,924,0,0,0,0,0,0,0,0,0,0,1,0,0,0,0,34,0,0,0,0,0,0,0,0,0,0,0,0,0,0,0,41,0.05103115364909172,-0.030576881021261215,0.16608701646327972,0.19325150549411774,0.007428000000000001
838,47540.0,1892.0,49432.0,49432.0,0.9617251982521443,21.0,0.021,76.0,39940.0,40.0,36.0,9.0,12.0,24204.0,23336.0,322.0,331.0,26.0,469.0,39940.0,399.4,100.0,1000,1,999,0.10801837500184774,924,0,0,0,0,0,0,0,0,0,0,0,0,0,0,1,39,0,0,0,0,0,0,0,0,0,0,0,0,1,0,0,35,0.50235915184021,-0.00042594506521709263,1.00836980342865,0.1891351044178009,0.007401000000000001
839,49242.0,838.0,50080.0,50080.0,0.9832667731629393,13.0,0.013,81.0,41142.0,43.0,38.0,7.0,6.0,25866.0,23376.0,680.0,440.0,120.0,360.0,41142.0,411.4199999999999,100.0,1000,0,1000,0.10807383398059756,918,0,0,0,0,0,0,0,0,0,0,0,0,0,0,0,44,0,0,0,0,0,0,0,1,0,0,0,0,0,0,0,37,0.30841928720474243,0.031151875853538513,0.5576634407043457,0.21214230358600616,0.007373999999999999
840,48206.0,1009.0,49215.0,49215.0,0.97949812049172,19.0,0.019,75.0,40706.0,38.0,37.0,11.0,8.0,24181.0,24025.0,599.0,431.0,201.0,369.0,40706.0,407.06000000000023,100.0,1000,0,1000,0.11048200004734099,925,0,0,0,0,0,0,0,0,0,0,0,0,0,0,0,38,0,0,0,0,0,0,0,0,0,0,0,0,0,0,0,37,0.5059928894042969,0.05519163981080055,0.9047294855117798,0.21280643343925476,0.007346999999999999
841,49586.0,1822.0,51408.0,51408.0,0.9645580454403984,27.0,0.027,76.0,41986.0,37.0,39.0,10.0,17.0,23550.0,26036.0,642.0,206.0,158.0,594.0,41986.0,419.85999999999893,100.0,1000,0,1000,0.1081493339734152,923,0,0,0,0,0,0,0,0,0,0,0,0,0,0,0,38,0,0,0,0,0,0,0,0,0,0,0,0,0,0,0,39,0.39925459027290344,0.08740712702274323,0.6270293593406677,0.22776442766189575,0.00732
842,49496.0,883.0,50379.0,50379.0,0.9824728557533893,16.0,0.016,78.0,41696.0,42.0,36.0,10.0,6.0,26250.0,23246.0,250.0,406.0,550.0,394.0,41696.0,416.9599999999997,100.0,1000,2,998,0.10720566695090383,922,0,0,0,0,0,0,0,0,0,0,0,0,0,0,0,42,0,0,0,0,0,0,0,0,0,0,0,0,0,0,0,36,0.38739949464797974,0.06880317628383636,0.6404751539230347,0.2250470519065857,0.007293000000000001
843,47907.0,1587.0,49494.0,49494.0,0.9679355073342223,19.0,0.019,75.0,40407.0,35.0,40.0,5.0,14.0,22561.0,25346.0,250.0,374.0,550.0,426.0,40407.0,404.0699999999993,100.0,1000,0,1000,0.10722712508868426,924,0,0,0,0,0,0,0,0,0,0,0,0,0,0,0,35,0,0,0,0,0,0,0,0,0,0,0,0,0,0,0,41,0.4964548647403717,0.08806174248456955,0.8199419975280762,0.21715819835662842,0.007266000000000002
844,49463.0,1366.0,50829.0,50829.0,0.9731255779181176,17.0,0.017,79.0,41563.0,40.0,39.0,11.0,6.0,24955.0,24508.0,768.0,623.0,32.0,177.0,41563.0,415.6299999999987,100.0,1000,1,999,0.11001474992372096,921,1,0,0,0,0,0,0,0,0,0,0,0,0,0,0,39,0,0,0,0,0,0,0,0,0,0,0,0,0,0,0,39,0.6472193002700806,0.02309100702404976,1.2515983581542969,0.23082144558429718,0.007238999999999999
845,50033.0,1130.0,51163.0,51163.0,0.9779137267165725,16.0,0.016,78.0,42233.0,40.0,38.0,10.0,6.0,25960.0,24073.0,382.0,172.0,418.0,0.0,42233.0,422.33000000000044,100.0,1000,0,1000,0.10714141593780369,921,0,0,0,0,0,0,0,0,0,0,0,0,0,0,0,41,0,0,0,0,0,0,0,0,0,0,0,0,0,0,0,38,0.42049577832221985,0.04276188835501671,0.7583979368209839,0.20314456522464752,0.007212
846,49477.0,873.0,50350.0,50350.0,0.98266137040715,17.0,0.017,76.0,41877.0,39.0,37.0,5.0,12.0,25397.0,24080.0,105.0,474.0,0.0,326.0,41877.0,418.7700000000004,100.0,1000,1,999,0.11046737502329051,923,0,0,0,0,0,0,0,0,0,0,0,0,0,0,0,39,0,0,0,0,0,0,0,0,0,0,0,0,0,0,0,38,0.14100389182567596,-0.04519801586866379,0.3759225606918335,0.24486595392227173,0.007185
847,48548.0,1037.0,49585.0,49585.0,0.9790864172632853,14.0,0.014,76.0,40948.0,41.0,35.0,5.0,9.0,26089.0,22459.0,407.0,484.0,393.0,316.0,40948.0,409.47999999999945,100.0,1000,0,1000,0.10665137495379895,924,0,0,0,0,0,0,0,0,0,0,0,0,0,0,0,41,0,0,0,0,0,0,0,0,0,0,0,0,0,0,0,35,0.2873925268650055,0.04866597428917885,0.47996431589126587,0.17541128396987915,0.007158000000000001
848,49331.0,518.0,49849.0,49849.0,0.9896086180264398,10.0,0.01,81.0,41231.0,40.0,41.0,2.0,8.0,23350.0,25981.0,575.0,149.0,225.0,651.0,41231.0,412.31000000000006,100.0,1000,1,999,0.11046762496698648,919,0,0,0,0,0,0,0,0,0,0,0,0,0,1,0,39,0,0,0,0,0,0,0,0,0,0,0,0,0,0,0,41,0.21285252273082733,-0.019212879240512848,0.4667940139770508,0.1867350935935974,0.0071309999999999985
849,49134.0,1332.0,50466.0,50466.0,0.9736059921531328,24.0,0.024,77.0,41434.0,38.0,39.0,17.0,7.0,24856.0,24278.0,454.0,624.0,346.0,176.0,41434.0,414.34000000000094,100.0,1000,0,1000,0.10823854093905538,923,0,0,0,0,0,0,0,0,0,0,0,0,1,0,0,37,0,0,0,0,0,0,0,0,0,0,0,0,0,0,0,39,0.35160642862319946,-0.07501929253339767,0.8562966585159302,0.21432816982269287,0.007103999999999999
850,48781.0,770.0,49551.0,49551.0,0.9844604548848661,11.0,0.011,80.0,40781.0,41.0,39.0,4.0,7.0,25419.0,23362.0,455.0,30.0,345.0,53.0,40781.0,407.81000000000034,100.0,1000,0,1000,0.10743912507314235,920,0,0,0,0,0,0,0,0,0,0,0,0,0,0,0,41,0,0,0,0,0,0,0,0,0,0,0,0,0,0,0,39,0.2452620565891266,-0.0005039316019974649,0.4946219325065613,0.21831069886684418,0.007077
851,50102.0,1311.0,51413.0,51413.0,0.9745006126855076,12.0,0.012,80.0,42102.0,38.0,42.0,8.0,4.0,24755.0,25347.0,230.0,64.0,570.0,0.0,42102.0,421.0200000000002,100.0,1000,1,999,0.10702962498180568,920,0,0,0,0,0,0,0,0,0,0,0,0,0,0,0,38,0,0,0,0,0,0,0,0,0,0,0,0,0,0,0,42,0.40121567249298096,0.015837760642170906,0.7735177874565125,0.19588209688663483,0.007050000000000001
852,49060.0,698.0,49758.0,49758.0,0.9859721049881426,11.0,0.011,79.0,41160.0,39.0,40.0,5.0,6.0,25281.0,23779.0,564.0,760.0,236.0,40.0,41160.0,411.6000000000006,100.0,1000,0,1000,0.10707841592375189,921,0,0,0,0,0,0,0,0,0,0,0,0,0,0,0,39,0,0,0,0,0,0,0,1,0,0,0,0,0,0,0,39,0.3058033883571625,0.015257011167705059,0.5840198993682861,0.20839375257492065,0.007022999999999998
853,50176.0,1162.0,51338.0,51338.0,0.9773656940278157,14.0,0.014,82.0,41976.0,40.0,42.0,4.0,10.0,24754.0,25422.0,178.0,565.0,67.0,235.0,41976.0,419.76000000000005,100.0,1000,0,1000,0.1099905000301078,918,0,0,0,0,0,0,0,0,0,0,0,0,0,0,0,40,0,0,0,0,0,0,0,1,0,0,0,0,0,0,0,41,0.19224859774112701,-0.05341210961341858,0.49371764063835144,0.17125724256038666,0.006995999999999999
854,49586.0,723.0,50309.0,50309.0,0.9856288139299131,13.0,0.013,77.0,41886.0,39.0,38.0,4.0,9.0,24523.0,25063.0,565.0,532.0,235.0,268.0,41886.0,418.8599999999998,100.0,1000,0,1000,0.10793125000782311,923,0,0,0,0,0,0,0,0,0,1,0,0,0,0,0,38,0,0,0,0,0,0,0,0,0,0,0,0,0,0,0,38,0.1771322339773178,-0.031070763245224953,0.4198053479194641,0.24388965964317322,0.0069689999999999995
855,48800.0,1347.0,50147.0,50147.0,0.9731389714240134,23.0,0.023,75.0,41300.0,37.0,38.0,10.0,13.0,23922.0,24878.0,627.0,329.0,173.0,471.0,41300.0,412.99999999999966,100.0,1000,1,999,0.10795700002927333,925,0,0,0,0,0,0,0,0,0,0,0,0,0,0,0,37,0,0,0,0,1,0,0,0,0,0,0,0,0,0,0,37,0.3671111464500427,0.1053662821650505,0.5264497995376587,0.21320292353630066,0.006942
856,45301.0,1044.0,46345.0,46345.0,0.9774732980904088,11.0,0.011,72.0,38101.0,37.0,35.0,1.0,10.0,23201.0,22100.0,277.0,585.0,523.0,215.0,38101.0,381.0099999999991,100.0,1000,0,1000,0.10858316707890481,928,0,0,0,0,0,0,0,0,0,0,0,0,0,0,0,37,0,0,0,0,0,0,0,0,0,0,0,0,0,0,0,35,0.2541343867778778,-0.14296630024909973,0.7968593239784241,0.19218586385250092,0.006915000000000001
857,48609.0,449.0,49058.0,49058.0,0.9908475681845978,9.0,0.009,79.0,40709.0,38.0,41.0,3.0,6.0,23621.0,24988.0,155.0,543.0,40.3125,257.0,40709.0,407.0900000000004,100.0,1000,0,1000,0.10761370894033462,921,0,0,0,0,0,0,0,0,0,0,0,0,0,0,1,37,0,0,0,0,0,0,0,0,0,0,0,0,0,0,0,41,0.3995540142059326,0.03714820742607117,0.7272251844406128,0.1752001941204071,0.006887999999999998
858,45810.0,1290.0,47100.0,47100.0,0.9726114649681529,19.0,0.019,72.0,38610.0,36.0,36.0,9.0,10.0,22483.0,23327.0,699.0,10.0,101.0,0.0,38610.0,386.10000000000025,100.0,1000,1,999,0.10822804097551852,927,0,0,0,0,0,0,0,0,0,0,0,0,0,0,0,37,0,0,0,0,0,0,0,0,0,0,0,0,0,0,0,36,0.21628370881080627,-0.01049406360834837,0.4561687409877777,0.19043877720832825,0.006860999999999999
859,48723.0,1381.0,50104.0,50104.0,0.9724373303528661,14.0,0.014,76.0,41123.0,37.0,39.0,7.0,7.0,23295.0,25428.0,800.0,158.0,0.0,642.0,41123.0,411.2300000000004,100.0,1000,0,1000,0.10709091601893306,924,0,0,0,0,0,0,0,0,0,0,1,0,0,0,0,36,0,0,0,0,0,0,0,0,0,1,0,0,0,0,0,38,0.3229198455810547,-0.0909041240811348,0.8302762508392334,0.19229698181152344,0.006834
860,48929.0,485.0,49414.0,49414.0,0.9901849678228842,8.0,0.008,76.0,41329.0,35.0,41.0,4.0,4.0,23540.0,25389.0,290.0,443.0,510.0,357.0,41329.0,413.2899999999999,100.0,1000,0,1000,0.10947924992069602,924,0,0,0,0,0,0,0,0,0,0,0,0,0,0,0,35,0,0,0,0,0,0,0,0,0,0,0,0,0,0,0,41,0.27058398723602295,0.08896090090274811,0.36577460169792175,0.18572396039962769,0.0068070000000000006
861,48609.0,1338.0,49947.0,49947.0,0.9732116043005586,19.0,0.019,79.0,40709.0,39.0,40.0,12.0,7.0,24199.0,24410.0,526.0,722.0,274.0,78.0,40709.0,407.08999999999935,100.0,1000,0,1000,0.10804433305747807,921,0,0,0,0,0,0,0,0,0,0,0,0,0,0,0,39,0,0,0,0,0,0,0,0,0,0,0,0,0,0,0,40,0.2507112920284271,-0.03199537843465805,0.5679206848144531,0.184905543923378,0.006779999999999998
862,49478.0,983.0,50461.0,50461.0,0.980519609203147,18.0,0.018,75.0,41978.0,36.0,39.0,9.0,9.0,23962.0,25516.0,611.0,675.0,189.0,125.0,41978.0,419.78000000000014,100.0,1000,1,999,0.10756429203320295,925,0,0,0,0,0,0,0,0,0,0,0,0,0,0,1,35,0,0,0,0,0,0,0,0,0,0,0,0,0,0,0,39,0.40853092074394226,0.1104016825556755,0.5990307927131653,0.20526635646820068,0.006752999999999999
863,49517.0,1438.0,50955.0,50955.0,0.9717790207045433,21.0,0.021,77.0,41817.0,36.0,41.0,16.0,5.0,24455.0,25062.0,507.0,334.0,293.0,0.0,41817.0,418.1699999999993,100.0,1000,1,999,0.10990416700951755,923,0,0,0,0,0,0,0,0,0,0,0,0,0,0,0,36,0,0,0,0,0,0,0,0,0,0,0,0,0,0,0,41,0.4236633777618408,0.019281256943941116,0.8116482496261597,0.2143954634666443,0.006725999999999999
864,49592.0,1037.0,50629.0,50629.0,0.979517667739833,18.0,0.018,75.0,42092.0,36.0,39.0,6.0,12.0,23901.0,25691.0,446.0,688.0,354.0,112.0,42092.0,420.92,100.0,1000,1,999,0.10736745805479586,925,0,0,0,0,0,0,0,0,0,0,0,0,0,0,0,36,0,0,0,0,0,0,0,0,0,0,0,0,0,0,0,39,0.18715164065361023,-0.08745599538087845,0.5519134998321533,0.2013915330171585,0.006699
865,49507.0,1849.0,51356.0,51356.0,0.963996417166446,16.0,0.016,81.0,41407.0,39.0,42.0,8.0,8.0,24855.0,24652.0,635.0,606.0,165.0,194.0,41407.0,414.06999999999977,100.0,1000,0,1000,0.10986974998377264,919,0,0,0,0,0,0,0,0,0,0,0,0,0,0,0,39,0,0,0,0,0,0,0,0,0,0,0,0,0,0,1,41,0.326463520526886,-0.05704471096396446,0.769453763961792,0.18265190720558167,0.006672000000000001
866,49430.0,1135.0,50565.0,50565.0,0.9775536438247799,17.0,0.017,76.0,41830.0,38.0,38.0,7.0,10.0,24156.0,25274.0,186.0,235.4375,614.0,564.5625,41830.0,418.299999999999,100.0,1000,1,999,0.108306625043042,924,0,0,0,0,0,0,1,0,0,0,0,0,0,0,0,37,0,0,0,0,0,0,0,0,0,0,0,0,1,0,0,37,0.43588685989379883,0.0919191762804985,0.6908589005470276,0.21998102962970734,0.006644999999999998
867,49060.0,626.0,49686.0,49686.0,0.9874008775107677,10.0,0.01,78.0,41260.0,38.0,40.0,4.0,6.0,23194.0,25866.0,328.0,539.0,472.0,261.0,41260.0,412.5999999999993,100.0,1000,0,1000,0.10746462503448129,922,0,0,0,0,0,0,0,0,0,0,0,0,0,0,0,38,0,0,0,0,0,0,0,0,0,0,0,0,0,0,0,40,0.19731922447681427,-0.037158239632844925,0.47144198417663574,0.187901109457016,0.006617999999999999
868,48536.0,1286.0,49822.0,49822.0,0.9741881096704267,19.0,0.019,77.0,40836.0,39.0,38.0,8.0,11.0,23956.0,24580.0,371.0,511.0,429.0,289.0,40836.0,408.3600000000001,100.0,1000,0,1000,0.11039104196242988,920,0,0,0,0,0,0,0,0,0,0,0,0,0,0,0,40,0,0,0,0,0,0,0,0,0,0,0,0,0,0,0,40,0.30038121342658997,-0.04860088601708412,0.7007358074188232,0.21025662124156952,0.006591
869,48497.0,1351.0,49848.0,49848.0,0.9728976087305409,22.0,0.022,79.0,40597.0,41.0,38.0,5.0,17.0,24849.0,23648.0,749.0,365.0,51.0,435.0,40597.0,405.97000000000014,100.0,1000,0,1000,0.10813545796554536,921,0,0,0,0,0,0,0,0,0,0,0,0,0,0,0,41,0,0,0,0,0,0,0,0,0,0,0,0,0,0,1,37,0.34285610914230347,0.03110135719180107,0.6260617971420288,0.19441452622413635,0.006564
870,49647.0,998.0,50645.0,50645.0,0.9802942047586138,16.0,0.016,79.0,41747.0,39.0,40.0,5.0,11.0,24650.0,24997.0,371.0,756.0,429.0,44.0,41747.0,417.47000000000025,100.0,1000,0,1000,0.11023645801469684,921,0,0,0,0,0,0,0,0,0,0,0,1,0,0,0,38,0,0,0,0,0,0,0,0,0,0,0,0,0,0,0,40,0.37044745683670044,0.053104352205991745,0.6373091340065002,0.20062145590782166,0.006536999999999998
871,48606.0,1188.0,49794.0,49794.0,0.9761417038197373,22.0,0.022,74.0,41206.0,36.0,38.0,8.0,14.0,23721.0,24885.0,800.0,352.0,0.0,448.0,41206.0,412.0599999999997,100.0,1000,1,999,0.10806595801841468,926,0,0,0,0,0,0,0,0,0,0,0,0,0,0,0,36,0,0,0,0,0,0,0,0,0,0,0,0,0,0,0,38,0.42183730006217957,0.033584948629140854,0.779254674911499,0.21121038496494293,0.006509999999999998
872,48675.0,1192.0,49867.0,49867.0,0.9760964164678043,22.0,0.022,75.0,41175.0,37.0,38.0,10.0,12.0,23494.0,25181.0,250.0,277.0,0.0,523.0,41175.0,411.75000000000017,100.0,1000,2,998,0.10848279192578048,925,0,0,0,0,0,0,0,0,0,0,0,0,0,0,1,36,0,0,0,0,0,0,0,0,0,0,0,0,0,0,0,38,0.14140230417251587,0.008947391994297504,0.26751846075057983,0.20118887722492218,0.006482999999999999
873,50717.0,1534.0,52251.0,52251.0,0.9706417102065032,24.0,0.024,76.0,43117.0,38.0,38.0,13.0,11.0,25968.0,24749.0,133.0,655.0,108.0,145.0,43117.0,431.16999999999973,100.0,1000,0,1000,0.11009683390147984,923,0,0,0,0,0,0,0,0,0,0,0,0,0,0,0,38,0,0,0,0,0,0,0,0,0,0,0,0,0,0,0,39,0.25457555055618286,-0.11791205406188965,0.7475635409355164,0.20046141743659973,0.006456
874,48699.0,1035.0,49734.0,49734.0,0.9791892870068766,17.0,0.017,75.0,41199.0,35.0,40.0,11.0,6.0,23391.0,25308.0,515.0,474.0,285.0,326.0,41199.0,411.9899999999993,100.0,1000,0,1000,0.10819891607388854,924,0,0,0,0,0,0,0,0,0,0,0,0,1,0,1,34,0,0,0,0,0,0,0,0,0,0,0,0,0,0,0,40,0.16479390859603882,-0.03180036321282387,0.3955650329589844,0.18482646346092224,0.006429000000000001
875,49575.0,1610.0,51185.0,51185.0,0.9685454723063397,23.0,0.023,76.0,41975.0,35.0,41.0,10.0,13.0,23255.0,26320.0,396.0,501.0,404.0,299.0,41975.0,419.7500000000002,100.0,1000,0,1000,0.10949554189573973,924,0,0,0,0,0,0,0,0,0,0,0,0,0,0,0,35,0,0,0,0,0,0,0,0,0,0,0,0,0,0,0,41,0.31544309854507446,0.03517972305417061,0.5628743171691895,0.18334615230560303,0.006401999999999998
876,47373.0,2143.0,49516.0,49516.0,0.9567210598594393,28.0,0.028,70.0,40373.0,35.0,35.0,12.0,16.0,23381.0,23992.0,673.0,477.0,127.0,323.0,40373.0,403.7299999999998,100.0,1000,1,999,0.10768645803909749,930,0,0,0,0,0,0,0,0,0,0,0,0,0,0,0,35,0,0,0,0,0,0,0,0,0,0,0,0,0,0,0,35,0.3949859142303467,0.002061494393274188,0.7881121039390564,0.17750750482082367,0.006374999999999999
877,49007.0,1053.0,50060.0,50060.0,0.978965241709948,17.0,0.017,75.0,41507.0,39.0,36.0,10.0,7.0,25458.0,23549.0,547.0,591.0,253.0,209.0,41507.0,415.06999999999977,100.0,1000,1,999,0.1067794170230627,924,0,0,0,0,0,0,0,0,0,0,0,0,0,0,0,39,0,0,0,0,0,0,0,0,0,0,0,0,0,0,0,37,0.2225281149148941,0.010196930728852749,0.4268137514591217,0.169453427195549,0.0063479999999999995
878,47271.0,1463.0,48734.0,48734.0,0.9699798908359667,17.0,0.017,71.0,40171.0,36.0,35.0,8.0,9.0,24005.0,23266.0,800.0,578.0,0.0,222.0,40171.0,401.7100000000003,100.0,1000,0,1000,0.10730229096952826,929,0,0,0,0,0,0,0,0,0,0,0,0,0,0,0,36,0,0,0,0,0,0,0,0,0,0,0,0,0,0,0,35,0.48561912775039673,0.13326115906238556,0.7069600820541382,0.17751279473304749,0.006321
879,46973.0,2115.0,49088.0,49088.0,0.956914113428944,27.0,0.027,68.0,40173.0,33.0,35.0,13.0,14.0,23540.0,23433.0,239.0,305.0,561.0,495.0,40173.0,401.7300000000006,100.0,1000,0,1000,0.10977341700345278,932,0,0,0,0,0,0,0,0,0,0,0,0,0,0,0,33,0,0,0,0,0,0,0,0,0,0,0,0,0,0,0,35,0.20480287075042725,-0.03398517891764641,0.47968897223472595,0.16784696280956268,0.0062939999999999975
880,49032.0,3984.0,53016.0,53016.0,0.9248528746038932,47.0,0.047,71.0,41932.0,37.0,34.0,15.0,32.0,24967.0,24065.0,374.75,490.0,425.25,310.0,41932.0,419.32000000000073,100.0,1000,0,1000,0.10737587499897927,929,0,0,0,0,0,0,0,0,0,0,0,0,1,1,0,35,0,0,0,0,0,0,0,0,0,0,0,0,0,0,0,34,0.522955596446991,0.045365165919065475,0.9576078057289124,0.1936354637145996,0.006266999999999998
881,48015.0,3314.0,51329.0,51329.0,0.9354361082429036,35.0,0.035,71.0,40915.0,36.0,35.0,16.0,19.0,23865.0,24150.0,214.0,473.0,0.0,327.0,40915.0,409.14999999999935,100.0,1000,0,1000,0.10721083404496312,929,0,0,0,0,0,0,0,0,0,0,0,0,0,1,0,35,0,0,0,0,0,0,0,0,0,0,0,0,0,0,0,35,0.5580775737762451,0.05372489243745804,1.0114301443099976,0.2183285355567932,0.006239999999999999
882,48380.0,957.0,49337.0,49337.0,0.9806027930356528,16.0,0.016,76.0,40780.0,38.0,38.0,10.0,6.0,24482.0,23898.0,478.0,614.0,322.0,186.0,40780.0,407.80000000000024,100.0,1000,0,1000,0.11086520797107369,924,0,0,0,0,0,0,0,0,0,0,0,0,0,0,0,38,0,0,0,0,0,0,0,0,0,0,0,0,0,0,0,38,0.2352042943239212,-0.011268205009400845,0.4950755536556244,0.17146094143390656,0.006213
883,46984.0,3194.0,50178.0,50178.0,0.9363466060823469,29.0,0.029,72.0,39784.0,35.0,37.0,12.0,17.0,22868.0,24116.0,437.0,166.0,363.0,634.0,39784.0,397.8399999999993,100.0,1000,1,999,0.10881995793897659,928,0,0,0,0,0,0,0,0,0,0,0,0,0,0,0,35,0,0,0,0,0,0,0,0,0,0,0,0,0,0,0,37,0.39774683117866516,0.06901735812425613,0.659925103187561,0.19933490455150604,0.0061860000000000005
884,49753.0,1151.0,50904.0,50904.0,0.9773888103096023,20.0,0.02,76.0,42153.0,38.0,38.0,10.0,10.0,24930.0,24823.0,656.3125,557.0,143.6875,243.0,42153.0,421.53000000000014,100.0,1000,0,1000,0.10778570792172104,924,0,0,0,0,0,0,0,0,0,0,0,0,1,1,0,36,0,0,0,0,0,0,0,0,0,0,0,0,0,0,0,38,0.3456624746322632,0.02690884657204151,0.6399070620536804,0.1948196142911911,0.006158999999999998
885,47454.0,1691.0,49145.0,49145.0,0.965591616644623,26.0,0.026,74.0,40054.0,37.0,37.0,16.0,10.0,23988.0,23466.0,377.0,408.0,423.0,392.0,40054.0,400.5399999999998,100.0,1000,2,998,0.10822679195553064,926,0,0,0,0,0,0,0,0,0,0,0,0,0,1,0,36,0,0,0,0,0,0,0,0,0,0,0,0,0,0,0,37,0.21624411642551422,0.007957511581480503,0.418987512588501,0.19686220586299896,0.0061319999999999986
886,47864.0,1076.0,48940.0,48940.0,0.9780138945647732,14.0,0.014,75.0,40364.0,36.0,39.0,10.0,4.0,23275.0,24589.0,719.0,340.0,81.0,460.0,40364.0,403.6400000000008,100.0,1000,1,999,0.10781245899852365,925,0,0,0,0,0,0,0,0,0,0,0,0,0,0,0,36,0,0,0,0,0,0,0,0,1,0,0,0,0,0,0,38,0.26095783710479736,-0.008437859825789928,0.5409726500511169,0.1786411553621292,0.006104999999999999
887,49853.0,1057.0,50910.0,50910.0,0.979237870752308,15.0,0.015,75.0,42353.0,36.0,39.0,2.0,13.0,24378.0,25475.0,387.0,767.0,413.0,33.0,42353.0,423.5299999999993,100.0,1000,0,1000,0.10982787504326552,925,0,0,0,0,0,0,0,0,0,0,0,0,0,0,0,36,0,0,0,0,0,0,0,0,0,0,0,0,0,0,0,39,0.38609200716018677,0.025347471237182617,0.7236869931221008,0.1808079481124878,0.006078
888,48299.0,1674.0,49973.0,49973.0,0.9665019110319573,21.0,0.021,79.0,40399.0,39.0,40.0,11.0,10.0,24032.0,24267.0,717.0,123.0,83.0,0.0,40399.0,403.9900000000004,100.0,1000,0,1000,0.10797791695222259,920,0,0,0,0,0,0,0,0,0,0,1,0,0,0,0,38,0,0,0,0,0,0,0,0,0,0,0,0,0,0,0,41,0.5092720985412598,-0.013784980401396751,1.048181414604187,0.17081911861896515,0.006050999999999997
889,47669.0,1267.0,48936.0,48936.0,0.9741090403792709,19.0,0.019,73.0,40369.0,37.0,36.0,8.0,11.0,24481.0,23188.0,492.0,702.0,308.0,98.0,40369.0,403.69000000000005,100.0,1000,0,1000,0.11027091694995761,927,0,0,0,0,0,0,0,0,0,0,0,0,0,0,0,37,0,0,0,0,0,0,0,0,0,0,0,0,0,0,0,36,0.09616407752037048,-0.0702296793460846,0.3351011574268341,0.19203594326972961,0.006023999999999998
890,47336.0,3126.0,50462.0,50462.0,0.938052395862233,24.0,0.024,70.0,40336.0,35.0,35.0,7.0,17.0,23078.0,24258.0,669.0,227.0,131.0,573.0,40336.0,403.35999999999933,100.0,1000,0,1000,0.10845037491526455,930,0,0,0,0,0,0,0,0,0,0,0,0,0,0,0,35,0,0,0,0,0,0,0,0,0,0,0,0,1,0,0,34,0.288085013628006,-0.005162090994417667,0.5890742540359497,0.21511246263980865,0.005996999999999999
891,48529.0,1653.0,50182.0,50182.0,0.967059901956877,17.0,0.017,78.0,40729.0,39.0,39.0,15.0,2.0,24656.0,23873.0,560.0,735.0,240.0,65.0,40729.0,407.2900000000005,100.0,1000,0,1000,0.11073362501338124,921,0,0,0,0,0,0,0,0,0,0,0,0,0,0,0,40,0,0,0,0,0,0,0,1,0,0,0,0,0,0,0,38,0.30189377069473267,-0.03243869170546532,0.6708478331565857,0.18282489478588104,0.00597
892,49157.0,1323.0,50480.0,50480.0,0.9737916006339145,19.0,0.019,75.0,41657.0,36.0,39.0,10.0,9.0,23753.0,25404.0,199.0,409.0,601.0,391.0,41657.0,416.57000000000033,100.0,1000,1,999,0.10779708297923207,925,0,0,0,0,0,0,0,0,0,0,0,0,0,0,0,36,0,0,0,0,0,0,0,0,0,0,0,0,0,0,0,39,0.30377328395843506,-0.022706037387251854,0.6553244590759277,0.1990409791469574,0.005943
893,48191.0,879.0,49070.0,49070.0,0.9820868147544325,15.0,0.015,78.0,40391.0,39.0,39.0,7.0,8.0,24682.0,23509.0,481.0,688.0,319.0,112.0,40391.0,403.91000000000054,100.0,1000,0,1000,0.11044991598464549,922,0,0,0,0,0,0,0,0,0,0,0,0,0,0,1,38,0,0,0,0,0,0,0,0,0,0,0,0,0,0,0,39,0.22295719385147095,0.03342755138874054,0.38107261061668396,0.1701592355966568,0.005915999999999998
894,48699.0,1257.0,49956.0,49956.0,0.9748378573144367,18.0,0.018,78.0,40899.0,39.0,39.0,11.0,7.0,25641.0,23058.0,704.0,551.0,96.0,249.0,40899.0,408.9900000000003,100.0,1000,1,999,0.10836929199285805,922,0,0,0,0,0,0,0,0,0,0,0,0,1,0,1,37,0,1,0,0,0,0,0,0,0,0,0,0,0,0,0,38,0.301002562046051,0.03312939777970314,0.5380555391311646,0.19606052339076996,0.005888999999999998
895,48711.0,1434.0,50145.0,50145.0,0.9714029314986539,15.0,0.015,79.0,40811.0,40.0,39.0,4.0,11.0,24112.0,24599.0,649.0,329.0,151.0,471.0,40811.0,408.1099999999995,100.0,1000,0,1000,0.11044079100247473,921,0,0,0,0,0,0,0,0,0,0,0,0,0,0,0,40,0,1,0,0,0,0,0,0,0,0,0,0,0,0,0,38,0.5098896622657776,-0.013506133109331131,1.0492942333221436,0.21346445381641388,0.005861999999999999
896,50419.0,1448.0,51867.0,51867.0,0.9720824416295525,23.0,0.023,80.0,42419.0,39.0,41.0,8.0,15.0,24262.0,26157.0,18.0,538.0,0.0,262.0,42419.0,424.19000000000034,100.0,1000,1,999,0.10809550003614277,920,0,0,0,0,0,0,0,0,0,0,0,0,0,0,0,39,0,0,0,0,0,0,0,0,0,0,0,0,0,0,0,41,0.21115833520889282,-0.04259249567985535,0.5094016790390015,0.16281282901763916,0.005835
897,50460.0,1040.0,51500.0,51500.0,0.9798058252427184,18.0,0.018,79.0,42560.0,37.0,42.0,0.0,18.0,23138.0,27322.0,359.0,761.0,441.0,39.0,42560.0,425.5999999999998,100.0,1000,1,999,0.10737958294339478,920,0,0,0,0,0,0,0,0,0,0,0,0,0,0,0,37,0,0,0,0,0,0,0,0,0,0,0,0,0,0,0,43,0.5198023319244385,0.12452095746994019,0.7925847768783569,0.17407086491584778,0.005807999999999997
898,49019.0,884.0,49903.0,49903.0,0.9822856341302126,16.0,0.016,76.0,41419.0,39.0,37.0,6.0,10.0,25256.0,23763.0,151.0,591.5625,649.0,208.4375,41419.0,414.1900000000005,100.0,1000,1,999,0.11042829207144678,923,0,0,0,0,0,0,0,0,0,0,0,0,0,0,0,40,0,0,0,0,0,0,0,0,1,0,0,0,0,0,0,36,0.27873554825782776,-0.007350306957960129,0.5750128030776978,0.24572642147541046,0.005780999999999998
899,48076.0,644.0,48720.0,48720.0,0.9867816091954023,7.0,0.007,79.0,40176.0,43.0,36.0,3.0,4.0,25207.0,22869.0,310.0,563.0,490.0,237.0,40176.0,401.75999999999993,100.0,1000,0,1000,0.10735795903019607,921,0,0,0,0,0,0,0,0,0,0,0,0,0,0,0,43,0,0,0,0,0,0,0,0,0,0,0,0,0,0,0,36,0.3642260730266571,0.0869564563035965,0.5570061802864075,0.21437124907970428,0.005753999999999999
900,47744.0,710.0,48454.0,48454.0,0.9853469269822925,14.0,0.014,77.0,40044.0,39.0,38.0,1.0,13.0,22854.0,24890.0,508.0,322.0,292.0,478.0,40044.0,400.43999999999977,100.0,1000,0,1000,0.10764458298217505,923,0,0,0,0,0,0,0,0,0,0,0,0,0,0,0,39,0,0,0,0,0,0,0,0,0,0,0,0,0,0,0,38,0.25808337330818176,0.0567949078977108,0.4046112298965454,0.17760464549064636,0.0057269999999999995
901,50111.0,547.0,50658.0,50658.0,0.989202100359272,9.0,0.009,81.0,42011.0,41.0,40.0,0.0,9.0,23614.0,26497.0,389.0,621.0,51.0,179.0,42011.0,420.1100000000003,100.0,1000,0,1000,0.10710966598708183,919,0,0,0,0,0,0,0,0,0,0,0,0,0,0,0,41,0,0,0,0,0,0,0,0,0,0,0,0,0,0,0,40,0.5310623645782471,0.05642213672399521,0.9513748288154602,0.18372054398059845,0.0057
902,48346.0,627.0,48973.0,48973.0,0.9871970269332081,9.0,0.009,79.0,40446.0,42.0,37.0,0.0,9.0,25064.0,23282.0,753.0,390.0,47.0,410.0,40446.0,404.45999999999987,100.0,1000,0,1000,0.1103648329153657,921,0,0,0,0,0,0,0,0,0,0,0,0,0,0,0,42,0,0,0,0,0,0,0,0,0,0,0,0,0,0,0,37,0.1766636073589325,-0.10345170646905899,0.562449038028717,0.1955242156982422,0.0056729999999999975
903,49453.0,1343.0,50796.0,50796.0,0.9735609103078983,21.0,0.021,81.0,41353.0,45.0,36.0,7.0,14.0,25799.0,23654.0,134.0,310.0,65.0,490.0,41353.0,413.5299999999988,100.0,1000,1,999,0.10705216694623232,918,0,0,0,0,0,0,0,0,0,0,0,0,0,0,0,46,0,0,0,0,0,0,0,0,0,0,0,0,0,1,0,35,0.20329472422599792,-0.029696177691221237,0.46867117285728455,0.23816591501235962,0.005645999999999998
904,50314.0,648.0,50962.0,50962.0,0.9872846434598328,11.0,0.011,83.0,42014.0,42.0,41.0,3.0,8.0,25030.0,25284.0,434.0,418.0,366.0,382.0,42014.0,420.1399999999999,100.0,1000,0,1000,0.11006695905234665,917,0,0,0,0,0,0,0,0,0,0,0,0,0,0,0,42,0,0,0,0,0,0,0,0,0,0,0,0,0,0,0,41,0.20665185153484344,-0.060906410217285156,0.5375309586524963,0.21484635770320892,0.005618999999999999
905,50306.0,1064.0,51370.0,51370.0,0.9792875218999416,9.0,0.009,84.0,41906.0,41.0,43.0,4.0,5.0,25303.0,25003.0,26.0,617.0,101.0,183.0,41906.0,419.0600000000003,100.0,1000,0,1000,0.10762904200237244,916,0,0,0,0,0,0,0,0,0,0,0,0,0,0,0,41,0,0,0,0,0,0,0,0,0,0,0,0,0,0,0,43,0.4775999188423157,0.015340142883360386,0.9265640377998352,0.18280456960201263,0.005592
906,49339.0,696.0,50035.0,50035.0,0.9860897371839712,12.0,0.012,82.0,41139.0,43.0,39.0,3.0,9.0,25486.0,23853.0,475.0,684.0,325.0,116.0,41139.0,411.38999999999965,100.0,1000,0,1000,0.10731695801950991,917,0,0,0,0,0,0,0,0,0,0,0,0,0,0,0,44,0,0,0,0,0,0,0,0,0,0,0,0,0,0,0,39,0.3015528917312622,0.019079165533185005,0.567176103591919,0.20024150609970093,0.005564999999999997
907,49707.0,629.0,50336.0,50336.0,0.9875039732994279,10.0,0.01,79.0,41807.0,43.0,36.0,3.0,7.0,26187.0,23520.0,305.0,296.0,495.0,504.0,41807.0,418.0700000000005,100.0,1000,0,1000,0.10807745903730392,921,0,0,0,0,0,0,0,0,0,0,0,0,0,0,0,43,0,0,0,0,0,0,0,0,0,0,0,0,0,0,0,36,0.33439305424690247,0.09429531544446945,0.48251691460609436,0.20959101617336273,0.005537999999999998
908,49214.0,651.0,49865.0,49865.0,0.9869447508272335,11.0,0.011,80.0,41214.0,41.0,39.0,7.0,4.0,25454.0,23760.0,187.0,323.0,39.0,477.0,41214.0,412.1400000000002,100.0,1000,1,999,0.11027333396486938,920,0,0,0,0,0,0,0,0,0,0,0,0,0,0,1,40,0,0,0,0,0,0,0,0,0,1,0,0,0,0,0,38,0.24692386388778687,0.04524531960487366,0.40561190247535706,0.2045745849609375,0.0055109999999999985
909,49804.0,1409.0,51213.0,51213.0,0.9724874543572921,14.0,0.014,78.0,42004.0,39.0,39.0,7.0,7.0,25119.0,24685.0,207.0,396.0,593.0,404.0,42004.0,420.04000000000013,100.0,1000,0,1000,0.10747100005391985,922,0,0,0,0,0,0,0,0,0,0,0,0,0,0,0,39,0,0,0,0,0,0,0,0,0,0,0,0,0,0,0,39,0.3547995686531067,-0.004873609635978937,0.7217193841934204,0.21636146306991577,0.005483999999999999
910,49750.0,764.0,50514.0,50514.0,0.9848754800649325,10.0,0.01,80.0,41750.0,40.0,40.0,4.0,6.0,24488.0,25262.0,767.0,189.0,33.0,0.0,41750.0,417.49999999999943,100.0,1000,1,999,0.10864495800342411,920,0,0,0,0,0,0,0,0,0,0,0,0,0,0,0,40,0,0,0,0,0,0,0,0,0,0,0,0,0,0,0,40,0.2697441875934601,-0.005763250403106213,0.5534544587135315,0.22352765500545502,0.005457
911,48219.0,781.0,49000.0,49000.0,0.9840612244897959,12.0,0.012,77.0,40519.0,40.0,37.0,6.0,6.0,24561.0,23658.0,724.0,260.0,76.0,540.0,40519.0,405.1899999999999,100.0,1000,1,999,0.10817537503316998,922,0,0,0,0,0,0,0,0,0,0,0,0,0,0,1,39,0,0,0,0,0,0,0,0,0,0,0,0,0,0,0,38,0.17269955575466156,-0.06474132835865021,0.47692984342575073,0.1885877102613449,0.005429999999999997
912,48763.0,641.0,49404.0,49404.0,0.9870253420775645,13.0,0.013,79.0,40863.0,38.0,41.0,4.0,9.0,22577.0,26186.0,562.0,630.0,238.0,170.0,40863.0,408.63000000000017,100.0,1000,0,1000,0.1101714160759002,919,0,0,0,0,0,0,0,0,0,0,0,0,0,0,1,38,1,0,0,0,0,0,0,0,0,0,0,0,0,0,0,41,0.13854427635669708,-0.10164648294448853,0.4826364815235138,0.20867574214935303,0.005402999999999998
913,47668.0,1475.0,49143.0,49143.0,0.9699855523675803,15.0,0.015,75.0,40168.0,36.0,39.0,10.0,5.0,23296.0,24372.0,672.0,641.0,128.0,159.0,40168.0,401.67999999999904,100.0,1000,0,1000,0.10731608292553574,924,0,0,0,0,0,0,0,0,0,0,0,0,0,0,0,36,0,0,0,0,0,0,0,0,0,0,0,0,0,0,0,40,0.41538774967193604,-0.015614962205290794,0.8639993071556091,0.1854431927204132,0.005375999999999999
914,49553.0,571.0,50124.0,50124.0,0.9886082515361903,12.0,0.012,82.0,41353.0,44.0,38.0,3.0,9.0,25197.0,24356.0,488.0,632.0,312.0,168.0,41353.0,413.5299999999996,100.0,1000,0,1000,0.11042462498880923,918,0,0,0,0,0,0,0,0,0,0,0,0,0,0,0,44,0,0,0,0,0,0,0,0,0,0,0,0,0,0,0,38,0.15182098746299744,0.027511440217494965,0.250542014837265,0.1797444373369217,0.005349
915,49355.0,905.0,50260.0,50260.0,0.9819936331078393,17.0,0.017,76.0,41755.0,40.0,36.0,4.0,13.0,25583.0,23772.0,229.0,486.0,571.0,314.0,41755.0,417.54999999999995,100.0,1000,0,1000,0.10816608392633498,922,0,0,0,0,0,0,0,0,0,0,0,0,0,0,0,40,0,0,0,0,0,0,0,0,0,0,0,0,0,0,0,38,0.14101223647594452,-0.041571784764528275,0.36749395728111267,0.21852025389671326,0.005321999999999997
916,46406.0,2672.0,49078.0,49078.0,0.9455560536289173,33.0,0.033,72.0,39206.0,38.0,34.0,6.0,27.0,22374.0,24032.0,374.0,382.0,426.0,418.0,39206.0,392.0599999999993,100.0,1000,0,1000,0.10942820797208697,928,0,0,0,0,0,0,0,0,0,0,0,0,0,0,0,38,0,0,0,0,0,0,0,0,0,0,0,0,0,0,0,34,0.23399969935417175,-0.06676910072565079,0.6039062738418579,0.2236708402633667,0.005294999999999998
917,49597.0,779.0,50376.0,50376.0,0.9845362871208512,12.0,0.012,80.0,41597.0,42.0,38.0,2.0,10.0,24603.0,24994.0,236.0,644.0,0.0,156.0,41597.0,415.9700000000002,100.0,1000,0,1000,0.10840662498958409,920,0,0,0,0,0,0,0,0,0,0,0,0,0,0,0,42,0,0,0,0,0,0,0,0,0,0,0,0,0,0,0,38,0.3633987605571747,0.06133131682872772,0.6065114140510559,0.22555863857269287,0.005267999999999998
918,49056.0,1603.0,50659.0,50659.0,0.9683570540279122,22.0,0.022,78.0,41256.0,40.0,38.0,10.0,12.0,24500.0,24556.0,753.0,59.0,47.0,154.0,41256.0,412.5599999999991,100.0,1000,1,999,0.11011145799420774,922,0,0,0,0,0,0,0,0,0,0,0,0,0,0,0,40,0,0,0,0,0,0,0,0,0,0,0,0,0,0,0,38,0.48666709661483765,0.028547082096338272,0.9183433055877686,0.20065605640411377,0.005240999999999999
919,48845.0,857.0,49702.0,49702.0,0.9827572331093316,12.0,0.012,79.0,40945.0,39.0,40.0,1.0,11.0,23520.0,25325.0,659.0,445.0,141.0,355.0,40945.0,409.45000000000067,100.0,1000,0,1000,0.10802508296910673,921,0,0,0,0,0,0,0,0,0,0,0,0,0,0,0,39,0,0,0,0,0,0,0,0,0,0,0,0,0,0,0,40,0.4122479557991028,0.007402410730719566,0.8112571835517883,0.15018266439437866,0.005213999999999996
920,49220.0,942.0,50162.0,50162.0,0.9812208444639369,15.0,0.015,78.0,41420.0,38.0,40.0,13.0,2.0,24685.0,24535.0,485.0,255.0,315.0,545.0,41420.0,414.1999999999996,100.0,1000,0,1000,0.10793058399576694,921,0,0,0,0,0,0,0,0,0,0,0,0,0,0,0,39,0,0,0,0,0,0,0,0,0,0,0,0,0,0,0,40,0.16287583112716675,-0.02191932313144207,0.37155842781066895,0.18971630930900574,0.005186999999999997
921,48990.0,846.0,49836.0,49836.0,0.9830243197688417,12.0,0.012,81.0,40890.0,43.0,38.0,3.0,9.0,24587.0,24403.0,748.0,348.0,52.0,452.0,40890.0,408.8999999999996,100.0,1000,1,999,0.10746220895089209,919,0,0,0,0,1,0,0,0,0,0,0,0,0,0,0,42,0,0,0,0,0,0,0,0,0,0,0,0,0,0,0,38,0.13814817368984222,-0.05343678221106529,0.38499483466148376,0.17683276534080505,0.005159999999999998
922,47717.0,797.0,48514.0,48514.0,0.9835717524838191,15.0,0.015,73.0,40417.0,37.0,36.0,7.0,8.0,24366.0,23351.0,515.0,687.0,285.0,113.0,40417.0,404.17000000000036,100.0,1000,1,999,0.10991312493570149,927,0,0,0,0,0,0,0,0,0,0,0,0,0,0,0,37,0,0,0,0,0,0,0,0,0,0,0,0,0,0,0,36,0.22322842478752136,0.07965518534183502,0.2891724407672882,0.19734762609004974,0.005132999999999999
923,48662.0,1608.0,50270.0,50270.0,0.9680127312512433,26.0,0.026,75.0,41162.0,36.0,39.0,13.0,13.0,23640.0,25022.0,409.0,464.0,391.0,336.0,41162.0,411.6199999999997,100.0,1000,0,1000,0.10764495900366455,925,0,0,0,0,0,0,0,0,0,0,1,0,0,0,0,35,0,0,0,0,0,0,0,0,0,0,0,0,0,0,0,39,0.19808503985404968,-0.06093326956033707,0.5199064612388611,0.18310345709323883,0.005105999999999999
924,50419.0,1824.0,52243.0,52243.0,0.9650862316482591,21.0,0.021,76.0,42819.0,38.0,38.0,8.0,13.0,24760.0,25659.0,711.0,538.0,89.0,262.0,42819.0,428.19,100.0,1000,0,1000,0.10723504202906042,923,0,0,0,0,0,0,0,0,0,0,0,0,0,0,0,38,0,0,0,0,0,0,0,0,0,0,0,0,0,0,0,39,0.6545521020889282,-0.023408904671669006,1.3577688932418823,0.1818188577890396,0.005078999999999997
925,47835.0,1910.0,49745.0,49745.0,0.9616041813247562,26.0,0.026,72.0,40635.0,40.0,32.0,11.0,15.0,26058.0,21777.0,688.0,800.0,112.0,0.0,40635.0,406.3499999999996,100.0,1000,1,999,0.10789499990642071,928,0,0,0,0,0,0,0,0,0,0,0,0,0,0,0,40,0,0,0,0,0,0,0,0,0,0,0,0,0,0,0,32,0.4605136513710022,0.06594064086675644,0.7911543846130371,0.19876913726329803,0.0050519999999999975
926,47899.0,1290.0,49189.0,49189.0,0.9737746244078961,22.0,0.022,72.0,40699.0,35.0,37.0,10.0,12.0,22853.0,25046.0,800.0,183.0,0.0,617.0,40699.0,406.99000000000007,100.0,1000,2,998,0.10768979194108397,928,0,0,0,0,0,0,0,0,0,0,0,0,0,0,0,35,0,0,1,0,0,0,0,0,0,0,0,0,1,0,0,35,0.2948382794857025,0.05803330987691879,0.4755089282989502,0.18895559012889862,0.005024999999999998
927,46643.0,2548.0,49191.0,49191.0,0.9482019068528796,38.0,0.038,70.0,39643.0,36.0,34.0,10.0,28.0,23004.0,23639.0,195.0,712.0,0.0,88.0,39643.0,396.43,100.0,1000,1,999,0.11019333289004862,930,0,0,0,0,0,0,0,0,0,0,0,0,0,0,0,36,0,0,0,0,0,0,0,0,0,0,0,0,0,0,0,34,0.4348284900188446,0.09968914091587067,0.6721458435058594,0.1867857575416565,0.004997999999999999
928,48866.0,1344.0,50210.0,50210.0,0.9732324238199562,23.0,0.023,76.0,41266.0,38.0,38.0,11.0,12.0,24273.0,24593.0,800.0,438.0,0.0,362.0,41266.0,412.6600000000003,100.0,1000,1,999,0.10730949998833239,923,0,0,0,0,0,1,0,0,0,0,0,0,0,0,1,36,0,1,0,0,0,0,0,0,0,0,0,0,0,0,0,38,0.39316800236701965,0.0543210506439209,0.6796866655349731,0.20043738186359406,0.004970999999999996
929,48955.0,1269.0,50224.0,50224.0,0.9747331952851227,17.0,0.017,75.0,41455.0,39.0,36.0,8.0,9.0,26208.0,22747.0,640.0,761.0,160.0,39.0,41455.0,414.5499999999998,100.0,1000,0,1000,0.11013037501834333,925,0,0,0,0,0,0,0,0,0,0,0,0,0,0,0,39,0,0,0,0,0,0,0,0,0,0,0,0,0,0,0,36,0.3482605516910553,-0.028991006314754486,0.7562512755393982,0.17679299414157867,0.004943999999999997
930,48432.0,925.0,49357.0,49357.0,0.9812589906193651,18.0,0.018,77.0,40732.0,41.0,36.0,11.0,7.0,25157.0,23275.0,387.0,634.0,413.0,166.0,40732.0,407.31999999999977,100.0,1000,1,999,0.10752629104536027,922,0,1,0,0,0,0,0,0,0,0,1,0,0,0,0,39,0,0,0,0,0,0,0,0,0,0,0,0,0,0,1,36,0.231495663523674,0.00724803376942873,0.4502784013748169,0.18132400512695312,0.004916999999999998
931,49337.0,911.0,50248.0,50248.0,0.9818699251711511,15.0,0.015,77.0,41637.0,40.0,37.0,9.0,6.0,25415.0,23922.0,481.0,664.0,319.0,136.0,41637.0,416.37000000000046,100.0,1000,0,1000,0.11051975004374981,923,0,0,0,0,0,0,0,0,0,0,0,0,0,0,0,40,0,0,0,0,0,0,0,0,0,0,0,0,0,0,0,37,0.2971492111682892,0.014775121584534645,0.5662668347358704,0.1552814096212387,0.0048899999999999985
932,49103.0,2600.0,51703.0,51703.0,0.9497127826238323,32.0,0.032,74.0,41703.0,35.0,39.0,11.0,21.0,23402.0,25701.0,570.0,694.0,230.0,106.0,41703.0,417.03,100.0,1000,1,999,0.10843687504529953,926,0,0,0,0,0,0,0,0,0,0,0,0,0,0,0,35,0,0,0,0,0,0,0,0,0,0,0,0,0,0,0,39,0.30966508388519287,0.0008372993324883282,0.6195723414421082,0.19707722961902618,0.004862999999999999
933,48741.0,1269.0,50010.0,50010.0,0.974625074985003,21.0,0.021,74.0,41341.0,37.0,37.0,14.0,7.0,25323.0,23418.0,240.0,646.0,560.0,154.0,41341.0,413.4099999999982,100.0,1000,0,1000,0.11063241702504456,926,0,0,0,0,0,0,0,0,0,0,0,0,0,0,0,37,0,0,0,0,0,0,0,0,0,0,0,0,0,0,0,37,0.32226693630218506,0.06635715812444687,0.5137211084365845,0.19660794734954834,0.0048359999999999966
934,49156.0,1371.0,50527.0,50527.0,0.9728659924396857,27.0,0.027,76.0,41556.0,39.0,37.0,9.0,18.0,24221.0,24935.0,187.0,610.0,0.0,190.0,41556.0,415.56,100.0,1000,0,1000,0.10796258400660008,923,0,0,0,0,0,0,0,0,0,0,0,0,0,0,0,40,0,0,0,0,0,0,0,0,0,0,0,0,0,0,0,37,0.14059250056743622,-0.03514371067285538,0.35331934690475464,0.1920289695262909,0.004808999999999997
935,47909.0,1693.0,49602.0,49602.0,0.9658683117616225,18.0,0.018,74.0,40509.0,39.0,35.0,8.0,10.0,24136.0,23773.0,613.0,436.0,187.0,364.0,40509.0,405.09000000000094,100.0,1000,0,1000,0.11068283289205283,926,0,0,0,0,0,0,0,0,1,0,0,0,0,0,0,38,0,0,0,0,0,0,0,0,0,0,0,0,0,0,0,35,0.21227265894412994,-0.03636639565229416,0.499774694442749,0.26103901863098145,0.004781999999999998
936,48544.0,1175.0,49719.0,49719.0,0.9763671835716728,16.0,0.016,75.0,41044.0,38.0,37.0,10.0,6.0,24734.0,23810.0,691.0,111.0,109.0,689.0,41044.0,410.4399999999999,100.0,1000,0,1000,0.10822241706773639,924,0,0,0,0,0,0,0,0,0,0,0,0,0,0,0,38,0,0,0,0,0,0,0,0,0,0,0,0,0,0,0,38,0.15104557573795319,-0.05470103397965431,0.41331347823143005,0.19140702486038208,0.004754999999999999
937,48187.0,2431.0,50618.0,50618.0,0.9519736062270339,27.0,0.027,76.0,40587.0,39.0,37.0,17.0,10.0,25244.0,22943.0,209.0,648.0,0.0,152.0,40587.0,405.8699999999995,100.0,1000,0,1000,0.11042974994052202,924,0,0,0,0,0,0,0,0,0,0,0,0,0,1,0,38,0,0,0,0,0,0,0,0,0,0,0,0,0,0,0,37,0.4087514579296112,-0.06742062419652939,0.9541318416595459,0.18905243277549744,0.004727999999999996
938,49060.0,1736.0,50796.0,50796.0,0.9658240806362706,24.0,0.024,75.0,41560.0,36.0,39.0,16.0,8.0,24828.0,24232.0,732.0,328.0,68.0,472.0,41560.0,415.59999999999906,100.0,1000,0,1000,0.10712887498084456,924,0,0,0,0,0,0,0,0,0,0,0,0,0,0,0,36,0,0,0,0,0,0,0,0,0,0,0,0,0,0,0,40,0.5639274716377258,0.0572277195751667,1.0148669481277466,0.15608100593090057,0.004700999999999997
939,49008.0,916.0,49924.0,49924.0,0.9816521112090377,17.0,0.017,76.0,41408.0,37.0,39.0,13.0,4.0,24470.0,24538.0,592.0,128.0,208.0,0.0,41408.0,414.08000000000027,100.0,1000,0,1000,0.10747904109302908,923,0,0,0,0,0,0,0,0,0,0,0,0,0,0,0,38,0,0,0,0,0,0,0,1,0,0,0,0,0,0,0,38,0.40299680829048157,0.0991215854883194,0.6095930933952332,0.19711777567863464,0.004674000000000001
940,48397.0,2096.0,50493.0,50493.0,0.9584892955459172,30.0,0.03,77.0,40697.0,36.0,41.0,13.0,17.0,22441.0,25956.0,72.0,435.0,0.0,365.0,40697.0,406.9700000000004,100.0,1000,0,1000,0.10810837498866022,923,0,0,0,0,0,0,0,0,0,0,0,0,0,0,0,36,0,0,0,0,0,0,0,0,0,0,0,0,0,0,0,41,0.3297409117221832,-0.07967852056026459,0.8205516338348389,0.18428251147270203,0.004647000000000002
941,46640.0,1811.0,48451.0,48451.0,0.9626220305050464,19.0,0.019,73.0,39340.0,34.0,39.0,10.0,9.0,22351.0,24289.0,444.0,553.0,356.0,247.0,39340.0,393.4000000000004,100.0,1000,0,1000,0.11004920804407448,927,0,0,0,0,0,0,0,0,0,1,0,0,0,0,0,33,0,0,0,0,0,0,0,0,0,0,0,0,0,0,0,39,0.25621044635772705,0.006605306640267372,0.500802218914032,0.17228750884532928,0.004619999999999999
942,47414.0,1605.0,49019.0,49019.0,0.9672575939941656,25.0,0.025,71.0,40314.0,34.0,37.0,18.0,7.0,24181.0,23233.0,554.0,396.0,246.0,404.0,40314.0,403.13999999999953,100.0,1000,0,1000,0.10772879200521857,929,0,0,0,0,0,0,0,0,0,0,0,0,0,0,0,34,0,0,0,0,0,0,0,0,0,0,0,0,0,0,0,37,0.341953307390213,0.05219573900103569,0.5808696150779724,0.1474461704492569,0.004593
943,47982.0,2240.0,50222.0,50222.0,0.9553980327346581,31.0,0.031,74.0,40582.0,34.0,40.0,24.0,7.0,22987.0,24995.0,574.0,550.0,226.0,250.0,40582.0,405.81999999999994,100.0,1000,0,1000,0.1076445410726592,926,0,0,0,0,0,0,0,0,0,0,0,0,0,0,0,34,0,0,0,0,0,0,0,0,0,0,0,0,0,0,0,40,0.3987574875354767,-0.0035825269296765327,0.8063657283782959,0.18458829820156097,0.004566000000000001
944,48327.0,955.0,49282.0,49282.0,0.9806217280142852,16.0,0.016,75.0,40827.0,38.0,37.0,10.0,6.0,24955.0,23372.0,261.0,466.0,0.0,334.0,40827.0,408.2700000000004,100.0,1000,0,1000,0.11009879200719297,924,0,0,0,0,0,0,0,0,0,0,0,0,0,0,0,39,0,0,0,0,0,0,0,0,0,0,0,0,0,0,0,37,0.10375799983739853,-0.04340549185872078,0.295859158039093,0.16877934336662292,0.004539000000000001
945,48595.0,787.0,49382.0,49382.0,0.9840630189137742,16.0,0.016,74.0,41195.0,34.0,40.0,9.0,7.0,22964.0,25631.0,188.0,725.0,612.0,75.0,41195.0,411.9499999999994,100.0,1000,1,999,0.10783379198983312,926,0,0,0,0,0,0,0,0,0,0,0,0,1,0,0,33,0,0,0,0,0,0,0,0,0,0,0,0,0,0,0,40,0.1752927005290985,-0.04059474170207977,0.43355467915534973,0.1972285360097885,0.004512000000000002
946,48807.0,2004.0,50811.0,50811.0,0.9605597213201865,20.0,0.02,75.0,41307.0,38.0,37.0,13.0,7.0,24910.0,23897.0,270.0,250.0,0.0,550.0,41307.0,413.0700000000002,100.0,1000,0,1000,0.10855058406013995,925,0,0,0,0,0,0,0,0,0,0,0,0,0,0,0,38,0,0,0,0,0,0,0,0,0,0,0,0,0,0,0,37,0.30304235219955444,0.0016082361107692122,0.6048204302787781,0.21763060986995697,0.004484999999999999
947,48793.0,1317.0,50110.0,50110.0,0.9737178207942526,21.0,0.021,75.0,41293.0,32.0,43.0,14.0,7.0,22120.0,26673.0,224.0,244.0,576.0,32.0,41293.0,412.93000000000035,100.0,1000,1,999,0.10721158306114376,925,0,0,0,0,0,0,0,0,0,0,0,0,1,0,0,31,0,0,0,0,0,0,0,1,0,0,0,0,0,0,0,42,0.33639174699783325,0.0022898728493601084,0.6700513958930969,0.20722302794456482,0.004458
948,48047.0,1369.0,49416.0,49416.0,0.9722964222114295,20.0,0.02,76.0,40447.0,35.0,41.0,14.0,6.0,24016.0,24031.0,46.0,366.0,43.0,434.0,40447.0,404.4699999999993,100.0,1000,0,1000,0.10973712499253452,924,0,0,0,0,0,0,0,0,0,0,0,0,0,0,0,35,0,0,0,0,0,0,0,0,0,0,1,0,0,0,0,40,0.3425234854221344,-0.038715872913599014,0.763899564743042,0.1603323370218277,0.004431000000000001
949,48191.0,1838.0,50029.0,50029.0,0.9632613084411041,27.0,0.027,74.0,40791.0,34.0,40.0,20.0,7.0,23363.0,24828.0,491.0,592.0,309.0,208.0,40791.0,407.9100000000003,100.0,1000,0,1000,0.10857858310919255,924,0,0,0,0,0,0,0,0,0,0,0,0,0,0,0,34,0,0,0,0,0,0,0,0,0,0,0,0,0,0,0,42,0.200578972697258,-0.09238991141319275,0.587761402130127,0.20704157650470734,0.004404000000000002
950,47758.0,744.0,48502.0,48502.0,0.9846604263741702,13.0,0.013,73.0,40458.0,35.0,38.0,8.0,5.0,23481.0,24277.0,414.0,178.0,386.0,0.0,40458.0,404.5799999999999,100.0,1000,0,1000,0.10754454205743968,927,0,0,0,0,0,0,0,0,0,0,0,0,0,0,0,35,0,0,0,0,0,0,0,0,0,0,0,0,0,0,0,38,0.1260385811328888,-0.10261566191911697,0.45918476581573486,0.2143346071243286,0.004376999999999999
951,49053.0,1595.0,50648.0,50648.0,0.9685081345758964,22.0,0.022,73.0,41753.0,35.0,38.0,15.0,7.0,23963.0,25090.0,130.0,349.0,0.0,451.0,41753.0,417.5300000000001,100.0,1000,1,999,0.10779116698540747,927,0,0,0,0,0,0,0,0,0,0,0,0,0,0,0,35,0,0,0,0,0,0,0,0,0,0,0,0,0,0,0,38,-0.0025707941967993975,-0.17483140528202057,0.3460620045661926,0.17710143327713013,0.00435
952,48115.0,991.0,49106.0,49106.0,0.9798191667006069,15.0,0.015,76.0,40515.0,38.0,38.0,9.0,6.0,25190.0,22925.0,669.0,265.3125,131.0,534.6875,40515.0,405.15000000000015,100.0,1000,0,1000,0.10691383306402713,924,0,0,0,0,0,0,0,0,0,0,0,0,0,0,0,38,1,0,0,0,0,0,0,0,0,0,0,0,0,0,0,37,0.06040297821164131,-0.0612645149230957,0.24481871724128723,0.1716093122959137,0.0043230000000000005
953,50088.0,1045.0,51133.0,51133.0,0.9795631001505877,15.0,0.015,78.0,42288.0,39.0,39.0,12.0,3.0,25566.0,24522.0,800.0,31.0,0.0,0.0,42288.0,422.87999999999994,100.0,1000,0,1000,0.10981233406346291,922,0,0,0,0,0,0,0,0,0,0,0,0,0,0,0,39,0,0,0,0,0,0,0,0,0,0,0,0,0,0,0,39,0.266232430934906,-0.011896129697561264,0.5579516887664795,0.19722583889961243,0.004296000000000001
954,48748.0,804.0,49552.0,49552.0,0.9837746206005812,12.0,0.012,75.0,41248.0,34.0,41.0,8.0,4.0,22814.0,25934.0,143.0,655.0,0.0,145.0,41248.0,412.4799999999996,100.0,1000,0,1000,0.10721537505742162,925,0,0,0,0,0,0,0,0,0,0,0,0,1,0,0,33,0,0,0,0,0,0,0,0,0,0,0,0,0,0,0,41,0.35356301069259644,0.024659937247633934,0.6593245267868042,0.17783759534358978,0.004269000000000002
955,48468.0,1428.0,49896.0,49896.0,0.9713804713804713,22.0,0.022,74.0,41068.0,36.0,38.0,17.0,5.0,24872.0,23596.0,281.0,681.0,519.0,119.0,41068.0,410.67999999999967,100.0,1000,0,1000,0.10989570792298764,926,0,0,0,0,0,0,0,0,0,0,0,0,0,0,0,36,0,0,0,0,0,0,0,0,0,0,0,0,0,0,0,38,0.21295352280139923,0.02509496547281742,0.3772469162940979,0.1803189367055893,0.004241999999999999
956,49368.0,1594.0,50962.0,50962.0,0.9687217927082925,21.0,0.021,79.0,41468.0,35.0,44.0,16.0,5.0,24090.0,25278.0,163.0,456.0,637.0,344.0,41468.0,414.67999999999944,100.0,1000,0,1000,0.10683262499514967,921,0,0,0,0,0,0,0,0,0,0,0,0,0,0,0,35,0,0,0,0,0,0,0,0,0,0,0,0,0,0,0,44,0.1917138248682022,-0.030542928725481033,0.4459734559059143,0.17318454384803772,0.004215
957,49660.0,594.0,50254.0,50254.0,0.9881800453695229,11.0,0.011,79.0,41760.0,40.0,39.0,6.0,5.0,25668.0,23992.0,446.0,506.0,354.0,294.0,41760.0,417.59999999999997,100.0,1000,0,1000,0.10952879092656076,921,0,0,0,0,0,0,0,0,0,0,0,0,0,0,0,40,0,0,0,0,0,0,0,0,0,0,0,0,0,0,0,39,0.12248576432466507,-0.10041569173336029,0.4473869502544403,0.18911661207675934,0.004188000000000001
958,49118.0,2560.0,51678.0,51678.0,0.9504624791981113,23.0,0.023,77.0,41418.0,39.0,38.0,13.0,10.0,24718.0,24400.0,537.0,251.0,263.0,549.0,41418.0,414.1800000000005,100.0,1000,1,999,0.10714908305089921,922,0,0,0,0,0,0,0,0,0,0,0,0,0,0,0,39,0,0,0,0,0,0,0,0,0,0,0,0,0,0,0,39,0.31978100538253784,-0.06769048422574997,0.7763553261756897,0.16971269249916077,0.0041610000000000015
959,47997.0,1973.0,49970.0,49970.0,0.9605163097858715,26.0,0.026,72.0,40797.0,34.0,38.0,16.0,10.0,23261.0,24736.0,336.0,435.0,464.0,365.0,40797.0,407.96999999999986,100.0,1000,0,1000,0.10848216700833291,928,0,0,0,0,0,0,0,0,0,0,0,0,0,0,0,34,0,0,0,0,0,0,0,0,0,0,0,0,0,0,0,38,0.31941041350364685,0.055561862885951996,0.5293774008750916,0.20323336124420166,0.004133999999999999
960,48121.0,1117.0,49238.0,49238.0,0.9773142694666721,18.0,0.018,74.0,40721.0,36.0,38.0,12.0,6.0,24025.0,24096.0,449.0,434.0,351.0,366.0,40721.0,407.20999999999987,100.0,1000,0,1000,0.10975620802491903,926,0,0,0,0,0,0,0,0,0,0,0,0,0,0,0,36,0,0,0,0,0,0,0,0,0,0,0,0,0,0,0,38,0.31485721468925476,0.061879489570856094,0.5075328350067139,0.1920374184846878,0.0041069999999999995
961,49285.0,2151.0,51436.0,51436.0,0.9581810405163699,20.0,0.02,77.0,41585.0,37.0,40.0,10.0,10.0,24775.0,24510.0,78.0,605.0,49.0,195.0,41585.0,415.85000000000036,100.0,1000,0,1000,0.10764850000850856,923,0,0,0,0,0,0,0,0,0,0,0,0,0,0,0,37,0,0,0,0,0,0,0,0,0,0,0,0,0,0,0,40,0.21973250806331635,-0.09075306355953217,0.6226038336753845,0.200086310505867,0.00408
962,49512.0,793.0,50305.0,50305.0,0.9842361594274923,13.0,0.013,74.0,42112.0,39.0,35.0,6.0,7.0,25753.0,23759.0,194.0,343.0,606.0,457.0,42112.0,421.11999999999995,100.0,1000,0,1000,0.1066898750141263,926,0,0,0,0,0,0,0,0,0,0,0,0,0,0,0,39,0,0,0,0,0,0,0,0,0,0,0,0,0,0,0,35,0.1584835797548294,-0.009212350472807884,0.3370513916015625,0.20472951233386993,0.004053000000000001
963,49231.0,626.0,49857.0,49857.0,0.9874440900976794,11.0,0.011,80.0,41231.0,42.0,38.0,5.0,6.0,26266.0,22965.0,149.0,800.0,43.0,0.0,41231.0,412.31000000000057,100.0,1000,1,999,0.10727124998811632,920,0,0,0,0,0,0,0,0,0,0,1,0,0,0,0,41,0,0,0,0,0,0,0,0,0,0,0,0,0,0,0,38,0.23153917491436005,0.03712275251746178,0.3906100392341614,0.22071482241153717,0.004026000000000002
964,49852.0,819.0,50671.0,50671.0,0.9838369086854414,15.0,0.015,79.0,41952.0,39.0,40.0,11.0,4.0,24670.0,25182.0,526.0,595.0,274.0,205.0,41952.0,419.5199999999992,100.0,1000,1,999,0.11011616699397564,921,0,0,0,0,0,0,0,0,0,0,0,0,0,0,1,38,0,0,0,0,0,0,0,0,0,0,0,0,0,0,0,40,0.23414009809494019,0.05686357989907265,0.35616615414619446,0.20169052481651306,0.003998999999999999
965,48974.0,457.0,49431.0,49431.0,0.9907547895045619,9.0,0.009,78.0,41174.0,40.0,38.0,3.0,6.0,25185.0,23789.0,573.0,322.0,227.0,478.0,41174.0,411.74,100.0,1000,0,1000,0.10684799996670336,921,0,0,0,0,0,0,0,0,0,0,1,0,0,0,0,40,0,0,0,0,0,0,0,0,0,0,0,0,0,0,0,38,0.041458237916231155,-0.10806623101234436,0.3005104064941406,0.18397167325019836,0.003972
966,47771.0,1434.0,49205.0,49205.0,0.9708566202621685,15.0,0.015,77.0,40071.0,39.0,38.0,6.0,9.0,24268.0,23503.0,450.0,155.0,350.0,0.0,40071.0,400.71,100.0,1000,0,1000,0.1075309170410037,922,0,0,0,0,0,0,0,0,1,0,0,0,0,0,0,39,0,0,0,0,0,0,0,0,0,0,0,0,0,1,0,37,0.35781559348106384,0.09804094582796097,0.5208074450492859,0.1594575047492981,0.003945000000000001
967,47021.0,1436.0,48457.0,48457.0,0.9703654786718121,19.0,0.019,75.0,39521.0,38.0,37.0,15.0,4.0,24449.0,22572.0,613.0,467.0,187.0,333.0,39521.0,395.21000000000106,100.0,1000,1,999,0.10866983293090016,925,0,0,0,0,0,1,0,0,1,0,0,0,0,0,0,36,0,0,0,0,0,0,0,0,0,0,0,0,0,0,0,37,0.3283461332321167,0.04262179508805275,0.5728284120559692,0.17607185244560242,0.003918000000000001
968,47814.0,1018.0,48832.0,48832.0,0.9791530144167759,14.0,0.014,73.0,40514.0,34.0,39.0,10.0,4.0,23348.0,24466.0,196.0,733.0,604.0,67.0,40514.0,405.14000000000027,100.0,1000,0,1000,0.10697433305904269,927,0,0,0,0,0,0,0,0,0,0,0,0,0,0,0,34,0,0,0,0,0,0,0,0,0,0,0,0,0,0,0,39,0.2254451960325241,-0.09167370200157166,0.6356207728385925,0.17771339416503906,0.0038909999999999986
969,47705.0,1656.0,49361.0,49361.0,0.9664512469358401,29.0,0.029,72.0,40505.0,36.0,36.0,21.0,8.0,24200.0,23505.0,674.0,606.0,126.0,194.0,40505.0,405.0499999999999,100.0,1000,1,999,0.10979595803655684,927,0,0,0,0,0,1,0,0,0,0,0,0,0,0,0,36,0,0,0,0,0,0,0,0,0,0,0,0,0,0,0,36,0.10842657834291458,-0.03247969225049019,0.2833396792411804,0.19761207699775696,0.0038639999999999994
970,47485.0,1584.0,49069.0,49069.0,0.9677189264097495,24.0,0.024,73.0,40185.0,35.0,38.0,11.0,13.0,23826.0,23659.0,280.0,181.0,520.0,47.0,40185.0,401.8500000000002,100.0,1000,0,1000,0.10768637503497303,926,0,0,0,0,0,0,0,0,0,0,0,0,0,0,0,35,0,0,0,0,0,0,0,0,0,0,0,0,0,0,0,39,0.43748757243156433,0.08922475576400757,0.6978639960289001,0.17440228164196014,0.003837
971,48711.0,1131.0,49842.0,49842.0,0.9773082942097027,21.0,0.021,73.0,41411.0,37.0,36.0,6.0,15.0,24243.0,24468.0,634.0,556.0,166.0,244.0,41411.0,414.1100000000004,100.0,1000,1,999,0.11082037503365427,927,0,0,0,0,0,0,0,0,0,0,0,0,2,0,0,35,0,0,0,0,0,0,0,0,0,0,1,0,0,0,0,35,0.13943137228488922,-0.04621114581823349,0.3728519082069397,0.20562240481376648,0.003810000000000001
972,48030.0,1891.0,49921.0,49921.0,0.9621201498367421,31.0,0.031,72.0,40830.0,35.0,37.0,12.0,19.0,22708.0,25322.0,87.3125,475.0,85.0,325.0,40830.0,408.3,100.0,1000,1,999,0.10826104192528874,927,0,0,0,0,0,0,0,0,0,0,1,0,0,0,0,35,0,0,0,0,0,0,0,0,0,0,0,0,0,0,0,37,0.3110415041446686,0.07712072879076004,0.4694274663925171,0.20960888266563416,0.003782999999999998
973,48976.0,900.0,49876.0,49876.0,0.9819552490175636,15.0,0.015,75.0,41476.0,37.0,38.0,9.0,6.0,24544.0,24432.0,597.0,651.0,203.0,149.0,41476.0,414.76000000000005,100.0,1000,0,1000,0.10698287503328174,925,0,0,0,0,0,0,0,0,0,0,0,0,0,0,1,36,0,0,0,0,0,0,0,0,0,0,0,0,0,0,0,38,0.0981476828455925,-0.07281212508678436,0.34334510564804077,0.18976226449012756,0.003755999999999999
974,47989.0,964.0,48953.0,48953.0,0.9803076420239822,16.0,0.016,75.0,40489.0,37.0,38.0,10.0,6.0,23930.0,24059.0,221.0,654.0,579.0,146.0,40489.0,404.88999999999936,100.0,1000,1,999,0.10815862496383488,925,0,0,0,0,0,0,0,0,0,0,0,0,0,0,0,37,0,0,0,0,0,0,0,0,0,0,0,0,0,0,0,38,0.23548239469528198,0.06037916988134384,0.3515670597553253,0.1824348419904709,0.0037289999999999997
975,49506.0,1068.0,50574.0,50574.0,0.978882429706964,19.0,0.019,76.0,41906.0,38.0,38.0,12.0,7.0,24835.0,24671.0,151.0,209.0,68.0,591.0,41906.0,419.06000000000034,100.0,1000,2,998,0.10794654197525233,924,0,0,0,0,0,0,0,0,0,0,0,0,1,0,0,37,0,0,0,0,0,0,0,0,0,0,0,0,0,0,0,38,0.17654694616794586,-0.03215152770280838,0.41860803961753845,0.1635691076517105,0.0037020000000000004
976,47941.0,1568.0,49509.0,49509.0,0.9683289906885617,14.0,0.014,75.0,40441.0,36.0,39.0,5.0,9.0,24157.0,23784.0,498.0,203.0,302.0,0.0,40441.0,404.4099999999994,100.0,1000,0,1000,0.10818554100114852,925,0,0,0,0,0,0,0,0,0,0,0,0,0,0,0,36,0,0,0,0,0,0,0,0,0,0,0,0,0,0,0,39,0.25278934836387634,-0.03857108950614929,0.584007978439331,0.175118088722229,0.003675000000000001
977,47880.0,795.0,48675.0,48675.0,0.9836671802773498,15.0,0.015,71.0,40780.0,35.0,36.0,10.0,5.0,23799.0,24081.0,661.0,458.0,139.0,342.0,40780.0,407.79999999999967,100.0,1000,0,1000,0.11008312494959682,929,0,0,0,0,0,0,0,0,0,0,0,0,0,0,0,35,0,0,0,0,0,0,0,0,0,0,0,0,0,0,0,36,0.11348908394575119,-0.0465482696890831,0.32150691747665405,0.1963006854057312,0.0036479999999999985
978,48505.0,924.0,49429.0,49429.0,0.9813065204636954,16.0,0.016,74.0,41105.0,35.0,39.0,10.0,6.0,23151.0,25354.0,445.0,737.0,355.0,63.0,41105.0,411.05000000000075,100.0,1000,0,1000,0.10776245791930705,924,0,0,0,0,0,0,0,0,0,0,0,0,0,0,0,37,0,0,0,0,0,0,0,0,0,0,0,0,0,0,0,39,0.09758307784795761,-0.03818550333380699,0.2729704976081848,0.1979178935289383,0.0036209999999999992
979,49367.0,1100.0,50467.0,50467.0,0.9782035785760992,18.0,0.018,77.0,41667.0,38.0,39.0,12.0,6.0,25031.0,24336.0,652.0,695.0,148.0,105.0,41667.0,416.66999999999985,100.0,1000,0,1000,0.10820691694971174,923,0,0,0,0,0,0,0,0,0,0,0,0,0,1,0,37,0,0,0,0,0,0,0,0,0,0,0,0,0,0,0,39,0.3123852014541626,0.04892674833536148,0.5282755494117737,0.18901464343070984,0.003594
980,48922.0,981.0,49903.0,49903.0,0.9803418632146363,19.0,0.019,74.0,41522.0,36.0,38.0,7.0,12.0,23074.0,25848.0,249.0,251.0,0.0,549.0,41522.0,415.21999999999997,100.0,1000,0,1000,0.10994841705542058,925,0,0,0,0,0,0,0,0,0,0,1,0,0,0,0,35,0,0,0,0,0,0,0,0,0,0,0,0,0,0,0,39,0.1507655531167984,0.014599716290831566,0.2736617922782898,0.18644727766513824,0.0035670000000000007
981,49250.0,1533.0,50783.0,50783.0,0.9698127326073686,19.0,0.019,76.0,41650.0,39.0,37.0,13.0,6.0,25887.0,23363.0,203.0,406.0,0.0,394.0,41650.0,416.49999999999983,100.0,1000,0,1000,0.10741195804439485,924,0,0,0,0,0,0,0,0,0,0,0,0,0,0,0,39,0,0,0,0,0,0,0,0,0,0,0,0,0,0,0,37,0.1908869594335556,-0.01218709908425808,0.40749239921569824,0.18987073004245758,0.003539999999999998
982,48573.0,942.0,49515.0,49515.0,0.9809754619812178,16.0,0.016,75.0,41073.0,35.0,40.0,9.0,7.0,23759.0,24814.0,334.0,700.0,466.0,100.0,41073.0,410.72999999999945,100.0,1000,0,1000,0.10976120899431407,925,0,0,0,0,0,0,0,0,0,0,0,0,0,1,1,33,0,0,0,0,0,0,0,0,0,0,0,0,0,0,0,40,0.42501986026763916,0.05764899030327797,0.7360859513282776,0.1913207322359085,0.0035129999999999988
983,49335.0,1286.0,50621.0,50621.0,0.9745955235969261,22.0,0.022,72.0,42135.0,36.0,36.0,12.0,10.0,24725.0,24610.0,761.0,463.0,39.0,337.0,42135.0,421.3499999999994,100.0,1000,0,1000,0.10864075005520135,926,0,0,0,0,0,0,0,0,0,0,0,0,0,0,0,38,0,0,0,0,0,0,0,0,0,0,0,0,0,0,0,36,0.14564678072929382,-0.041384048759937286,0.3754917085170746,0.20510905981063843,0.0034859999999999995
984,49312.0,1915.0,51227.0,51227.0,0.9626173697464228,25.0,0.025,73.0,42012.0,35.0,38.0,14.0,11.0,24360.0,24952.0,733.0,435.0,67.0,365.0,42012.0,420.12000000000006,100.0,1000,0,1000,0.10993933293502778,927,0,0,0,0,0,0,0,0,0,0,0,0,0,0,0,35,0,0,0,0,0,0,0,0,0,0,0,0,0,0,0,38,0.4663779139518738,-0.015346339903771877,0.9648165106773376,0.19774232804775238,0.0034590000000000003
985,50202.0,992.0,51194.0,51194.0,0.9806227292260812,15.0,0.015,79.0,42302.0,39.0,40.0,7.0,8.0,25811.0,24391.0,128.0,365.5,0.0,434.5,42302.0,423.02000000000083,100.0,1000,0,1000,0.10907108406536281,921,0,0,0,0,0,0,0,0,0,0,0,0,0,0,0,39,0,0,0,0,0,0,0,1,0,0,0,0,0,0,0,39,0.24367156624794006,-0.0929432213306427,0.6746898889541626,0.21274970471858978,0.003432000000000001
986,49676.0,776.0,50452.0,50452.0,0.9846190438436534,13.0,0.013,74.0,42276.0,39.0,35.0,5.0,8.0,25673.0,24003.0,220.0,229.0,580.0,571.0,42276.0,422.7600000000005,100.0,1000,0,1000,0.11014358303509653,926,0,0,0,0,0,0,0,0,0,0,0,0,0,0,0,39,0,0,0,0,0,0,0,0,0,0,0,0,0,0,0,35,0.1677985042333603,0.04728866368532181,0.2423725724220276,0.19866085052490234,0.0034049999999999983
987,49034.0,610.0,49644.0,49644.0,0.9877125130932237,8.0,0.008,76.0,41434.0,41.0,35.0,2.0,6.0,25962.0,23072.0,408.0,520.0,392.0,280.0,41434.0,414.33999999999946,100.0,1000,0,1000,0.10842941608279943,924,0,0,0,0,0,0,0,0,0,0,0,0,0,0,0,41,0,0,0,0,0,0,0,0,0,0,0,0,0,0,0,35,0.3593032956123352,0.06849576532840729,0.5828114151954651,0.1770864874124527,0.003377999999999999
988,48708.0,1422.0,50130.0,50130.0,0.9716337522441651,17.0,0.017,76.0,41108.0,40.0,36.0,8.0,9.0,24675.0,24033.0,656.0,544.0,144.0,256.0,41108.0,411.0800000000005,100.0,1000,0,1000,0.10721212509088218,923,0,0,0,0,0,0,0,0,0,0,0,0,0,0,0,41,0,0,0,0,0,0,0,0,0,0,0,0,0,0,0,36,0.31899720430374146,0.06405188888311386,0.5110531449317932,0.17346440255641937,0.003351
989,49473.0,955.0,50428.0,50428.0,0.9810621083525026,13.0,0.013,77.0,41773.0,41.0,36.0,4.0,9.0,25811.0,23662.0,5.0,449.0,89.0,351.0,41773.0,417.72999999999934,100.0,1000,0,1000,0.10688058298546821,923,0,0,0,0,0,0,0,0,0,0,0,0,0,0,0,41,0,0,0,0,0,0,0,0,0,0,0,0,0,0,0,36,0.2187182456254959,-0.04195718094706535,0.5227957963943481,0.21735094487667084,0.0033240000000000006
990,49114.0,1219.0,50333.0,50333.0,0.9757812965648779,21.0,0.021,76.0,41514.0,39.0,37.0,7.0,14.0,23959.0,25155.0,26.0,163.0,0.0,0.0,41514.0,415.14000000000004,100.0,1000,0,1000,0.10792766604572535,924,1,0,0,0,0,0,0,0,0,0,0,0,0,0,0,38,0,0,0,0,0,0,0,0,0,0,0,0,0,0,0,37,0.27714672684669495,0.009985989890992641,0.5354844331741333,0.1763666421175003,0.003296999999999998
991,48163.0,951.0,49114.0,49114.0,0.9806368856130635,13.0,0.013,76.0,40563.0,39.0,37.0,7.0,6.0,24652.0,23511.0,361.0,652.0,439.0,148.0,40563.0,405.6300000000006,100.0,1000,1,999,0.10946333303581923,924,0,0,0,0,0,0,0,0,0,0,0,0,0,0,0,39,0,0,0,0,0,0,0,0,0,0,0,0,0,0,0,37,0.37082505226135254,0.004988822620362043,0.732677698135376,0.15370295941829681,0.0032699999999999986
992,48550.0,682.0,49232.0,49232.0,0.986147221319467,14.0,0.014,73.0,41250.0,35.0,38.0,2.0,12.0,23124.0,25426.0,382.0,116.0,418.0,45.0,41250.0,412.50000000000074,100.0,1000,0,1000,0.10738245805259794,926,0,0,0,0,0,0,0,0,0,0,0,0,0,0,0,36,0,0,0,0,0,0,0,0,0,0,0,0,0,0,0,38,0.19452880322933197,-0.015085063874721527,0.42050763964653015,0.19733694195747375,0.0032429999999999994
993,49317.0,859.0,50176.0,50176.0,0.9828802614795918,11.0,0.011,78.0,41517.0,39.0,39.0,3.0,8.0,24127.0,25190.0,512.0,644.0,288.0,156.0,41517.0,415.1699999999994,100.0,1000,0,1000,0.11003079195506871,921,0,0,0,0,0,0,0,0,0,0,0,0,0,0,0,39,0,0,0,0,0,0,0,0,0,0,0,0,0,0,0,40,0.3618333339691162,0.11219366639852524,0.5002981424331665,0.1583968847990036,0.003216
994,49382.0,1248.0,50630.0,50630.0,0.9753505826585028,14.0,0.014,76.0,41782.0,38.0,38.0,6.0,8.0,24086.0,25296.0,393.0,295.0,407.0,505.0,41782.0,417.8199999999995,100.0,1000,0,1000,0.10834008397068828,924,0,0,0,0,0,0,0,0,0,0,0,0,0,0,0,38,0,0,0,0,0,0,0,0,0,0,0,0,0,1,0,37,0.37064027786254883,0.02548173815011978,0.6914787292480469,0.18213024735450745,0.003189000000000001
995,47956.0,1518.0,49474.0,49474.0,0.969317217124146,17.0,0.017,75.0,40456.0,38.0,37.0,10.0,7.0,25151.0,22805.0,487.0,644.0,313.0,156.0,40456.0,404.56000000000023,100.0,1000,0,1000,0.11009800003375858,925,0,0,0,0,0,0,0,0,0,0,0,0,0,0,0,38,0,0,0,0,0,0,0,0,0,0,0,0,0,0,0,37,0.33185508847236633,0.011220705695450306,0.642302393913269,0.16344159841537476,0.003161999999999998
996,48578.0,766.0,49344.0,49344.0,0.9844763294422828,15.0,0.015,73.0,41278.0,37.0,36.0,4.0,11.0,23677.0,24901.0,325.0,235.0,475.0,565.0,41278.0,412.7799999999995,100.0,1000,0,1000,0.10688358405604959,927,0,0,0,0,0,0,0,0,0,0,0,0,0,0,1,36,0,0,0,0,0,0,0,0,0,0,0,0,0,0,0,36,0.19207952916622162,-0.024304628372192383,0.43391406536102295,0.18273323774337769,0.003134999999999999
997,48280.0,1486.0,49766.0,49766.0,0.9701402563999518,20.0,0.02,72.0,41080.0,35.0,37.0,10.0,10.0,23625.0,24655.0,312.0,224.0,488.0,576.0,41080.0,410.8000000000005,100.0,1000,0,1000,0.11038170801475644,928,0,0,0,0,0,0,0,0,0,0,0,0,0,0,0,35,0,0,0,0,0,0,0,0,0,0,0,0,0,0,0,37,0.41722822189331055,0.06059648096561432,0.7145261168479919,0.20313599705696106,0.0031079999999999997
998,49769.0,1382.0,51151.0,51151.0,0.9729819553869915,18.0,0.018,79.0,41869.0,42.0,37.0,7.0,11.0,25907.0,23862.0,294.0,632.0,506.0,168.0,41869.0,418.6899999999996,100.0,1000,0,1000,0.1074460840318352,921,0,0,0,0,0,0,0,0,0,0,0,0,0,0,0,42,0,0,0,0,0,0,0,0,0,0,0,0,0,0,0,37,0.24588380753993988,-0.05643531307578087,0.6057096123695374,0.17386561632156372,0.0030810000000000004
999,49062.0,2718.0,51780.0,51780.0,0.9475086906141368,25.0,0.025,76.0,41462.0,39.0,37.0,6.0,19.0,24493.0,24569.0,506.0,688.0,294.0,112.0,41462.0,414.6200000000001,100.0,1000,1,999,0.1068502920679748,923,0,0,0,0,0,0,0,0,0,0,0,0,0,0,0,40,0,0,0,0,0,0,0,0,0,0,0,0,0,0,0,37,0.2093830406665802,-0.03288349509239197,0.48595598340034485,0.23296047747135162,0.0030539999999999977
1000,48899.0,977.0,49876.0,49876.0,0.9804114203223996,17.0,0.017,76.0,41299.0,37.0,39.0,7.0,10.0,23702.0,25197.0,544.0,645.0,256.0,155.0,41299.0,412.99000000000035,100.0,1000,1,999,0.1111334579763934,924,0,0,0,0,0,0,0,0,0,0,0,0,0,0,0,37,0,0,0,0,0,0,0,0,0,0,0,0,0,0,0,39,0.17219281196594238,0.032754573971033096,0.2798682153224945,0.16381266713142395,0.0030269999999999984
