episode,settled_value,total_transaction_value,value_accept_ratio,drops,drop_rate,policy_discards,policy_discard_rate,capacity_drops,capacity_drop_rate,flushes,money,available_collateral,committed_unflushed,pending_flush,episode_return,steps,settle_action_0,settle_action_1,flush_action_0,flush_action_1,flush_action_2,flush_action_3,flush_action_4,elapsed_sec,loss,policy_loss,value_loss,entropy,entropy_coef
1,25052.0,50304.0,0.4980120865139949,505.0,0.505,505.0,0.505,0.0,0.0,684.0,-43348.0,907.0,54.0,39.0,-43348.0,1000,505,495,202,236,195,184,183,0.19563458301126957,204907.40625,-0.019267965108156204,409814.96875,2.301379442214966,0.03
2,25019.0,48995.0,0.5106439432595162,495.0,0.495,495.0,0.495,0.0,0.0,675.0,-42481.0,921.625,0.0,78.375,-42481.0,1000,495,505,193,194,213,191,209,0.12038429093081504,196967.140625,-0.007328724954277277,393934.40625,2.2968108654022217,0.029973
3,25133.0,50779.0,0.4949486992654444,502.0,0.502,502.0,0.502,0.0,0.0,615.0,-36367.0,953.58154296875,0.0,46.41845703125,-36367.0,1000,502,498,241,191,189,164,215,0.12352466699667275,146455.3125,-0.0034281734842807055,292910.75,2.282242774963379,0.029946
4,24470.0,50260.0,0.4868682849184242,513.0,0.513,513.0,0.513,0.0,0.0,596.0,-35130.0,810.25,68.0,121.75,-35130.0,1000,513,487,249,168,194,160,229,0.12409891607239842,128983.859375,-0.1276932954788208,257968.109375,2.2415614128112793,0.029918999999999998
5,26221.0,50800.0,0.5161614173228346,479.0,0.479,479.0,0.479,0.0,0.0,589.0,-32679.0,936.0,32.0,32.0,-32679.0,1000,479,521,265,161,158,141,275,0.1182818339439109,115974.5625,-0.04736202582716942,231949.34375,2.164059638977051,0.029892
6,25823.0,49668.0,0.519912217121688,478.0,0.478,478.0,0.478,0.0,0.0,508.0,-24977.0,707.4453125,0.0,292.5546875,-24977.0,1000,478,522,367,117,128,127,261,0.12025737506337464,74254.28125,-0.015721021220088005,148508.71875,2.047609806060791,0.029865
7,26404.0,51668.0,0.5110319733684292,498.0,0.498,498.0,0.498,0.0,0.0,452.0,-18796.0,806.5,0.0,193.5,-18796.0,1000,498,502,427,113,85,97,278,0.11790758301503956,43869.28125,-0.0017168223857879639,87738.671875,1.897883415222168,0.029838
8,22859.0,49838.0,0.4586660780930214,545.0,0.545,545.0,0.545,0.0,0.0,377.0,-14841.0,903.0,0.0,97.0,-14841.0,1000,545,455,521,71,74,74,260,0.12046875001396984,30879.48828125,0.05966160073876381,61758.95703125,1.6876156330108643,0.029810999999999997
9,23271.0,49633.0,0.468861442991558,521.0,0.521,521.0,0.521,0.0,0.0,272.0,-3929.0,938.0,62.0,0.0,-3929.0,1000,521,479,680,36,61,41,182,0.11742995900567621,7339.51171875,-0.009400568902492523,14679.126953125,1.4253342151641846,0.029783999999999998
10,24476.0,50594.0,0.48377277938095425,517.0,0.517,517.0,0.517,0.0,0.0,208.0,3676.0,43.71875,956.28125,0.0,3676.0,1000,517,483,764,29,38,22,147,0.1178878330392763,9106.6357421875,0.022199293598532677,18213.306640625,1.3504223823547363,0.029757
11,28984.0,51959.0,0.5578244384995862,425.0,0.425,423.0,0.423,2.0,0.002,197.0,9284.0,522.15625,477.84375,0.0,9284.0,1000,423,577,790,24,25,28,133,0.11733350006397814,19047.892578125,-0.07278819382190704,38096.0078125,1.3094035387039185,0.02973
12,30408.0,50756.0,0.5991015840491765,405.0,0.405,396.0,0.396,9.0,0.009,176.0,12808.0,880.0,106.0,14.0,12808.0,1000,396,604,815,35,27,24,99,0.11983654089272022,23819.458984375,0.027900144457817078,47638.9453125,1.4010794162750244,0.029703
13,30623.0,50377.0,0.6078766103579014,385.0,0.385,378.0,0.378,7.0,0.007,180.0,12623.0,696.0,304.0,0.0,12623.0,1000,378,622,801,30,37,36,96,0.11632870801258832,28246.42578125,-0.05641711875796318,56493.05078125,1.471650242805481,0.029675999999999998
14,32409.0,50310.0,0.6441860465116279,358.0,0.358,358.0,0.358,0.0,0.0,223.0,10109.0,600.75,399.25,0.0,10109.0,1000,358,642,763,45,53,39,100,0.11890879098791629,16734.462890625,-0.027139505371451378,33469.06640625,1.471961259841919,0.029649
15,35497.0,51334.0,0.6914910195971481,321.0,0.321,318.0,0.318,3.0,0.003,233.0,12197.0,977.40625,15.796875,6.796875,12197.0,1000,318,682,756,51,56,43,94,0.12202762509696186,35362.30078125,-0.11928492784500122,70724.9296875,1.414892315864563,0.029622
16,37251.0,50936.0,0.7313295115438982,296.0,0.296,294.0,0.294,2.0,0.002,241.0,13151.0,791.0,209.0,0.0,13151.0,1000,294,706,744,52,57,47,100,0.12098433403298259,29106.56640625,0.07571768760681152,58213.05859375,1.3242080211639404,0.029595
17,37110.0,49944.0,0.7430321960595867,262.0,0.262,261.0,0.261,1.0,0.001,215.0,15610.0,488.0,38.5,473.5,15610.0,1000,261,739,766,56,52,42,84,0.11776829196605831,34543.0546875,-0.01246575452387333,69086.203125,1.1459684371948242,0.029568
18,40373.0,49889.0,0.8092565495399787,194.0,0.194,188.0,0.188,6.0,0.006,191.0,21273.0,204.5,198.875,596.625,21273.0,1000,188,812,803,38,40,50,69,0.11975712503772229,52048.59765625,0.06713360548019409,104097.1171875,0.8741602301597595,0.029540999999999998
19,36647.0,50089.0,0.7316376849208409,263.0,0.263,152.0,0.152,111.0,0.111,127.0,23947.0,20.267578125,979.732421875,0.0,23947.0,1000,152,848,865,27,33,28,47,0.11781458300538361,67568.96875,-0.019474033266305923,135138.0,0.5929421782493591,0.029514
20,26555.0,50036.0,0.5307178831241506,459.0,0.459,76.0,0.076,383.0,0.383,61.0,20455.0,420.5,579.5,0.0,20455.0,1000,76,924,936,15,13,11,25,0.11791770905256271,51075.48046875,0.07491227984428406,102150.8359375,0.36411720514297485,0.029487
21,15840.0,50368.0,0.3144853875476493,648.0,0.648,32.0,0.032,616.0,0.616,29.0,12940.0,5.0,995.0,0.0,12940.0,1000,32,968,969,4,11,2,14,0.11664612509775907,31858.330078125,0.028864527121186256,63716.62109375,0.30206596851348877,0.02946
22,18691.0,52326.0,0.35720292015441657,650.0,0.65,45.0,0.045,605.0,0.605,37.0,14991.0,25.75,974.25,0.0,14991.0,1000,45,955,962,4,6,4,24,0.1171463750069961,43232.33984375,0.01921836845576763,86464.6640625,0.3627602159976959,0.029432999999999997
23,23042.0,47115.0,0.4890586861933567,489.0,0.489,61.0,0.061,428.0,0.428,58.0,17242.0,227.0,73.0,700.0,17242.0,1000,61,939,939,5,4,6,46,0.11888116598129272,42926.97265625,0.04210710525512695,85853.8828125,0.4314519762992859,0.029405999999999998
24,30929.0,50632.0,0.6108587454574183,391.0,0.391,49.0,0.049,342.0,0.342,65.0,24429.0,18.5,0.0,981.5,24429.0,1000,49,951,934,0,11,2,53,0.11890866700559855,75470.703125,0.04309873655438423,150941.34375,0.49762481451034546,0.029379
25,37330.0,49074.0,0.7606879406610425,210.0,0.21,48.0,0.048,162.0,0.162,91.0,28230.0,388.0,612.0,0.0,28230.0,1000,48,952,907,1,4,4,84,0.1240932079963386,91988.75,-0.045698314905166626,183977.625,0.4533492922782898,0.029352
26,37988.0,49004.0,0.7752020243245449,227.0,0.227,40.0,0.04,187.0,0.187,99.0,28088.0,478.0,522.0,0.0,28088.0,1000,40,960,901,2,6,2,89,0.117449916084297,89324.34375,0.01166470255702734,178648.6875,0.3668099045753479,0.029325
27,36613.0,50987.0,0.7180850020593484,277.0,0.277,23.0,0.023,254.0,0.254,72.0,29413.0,16.0,984.0,0.0,29413.0,1000,23,977,926,0,2,1,71,0.12262083298992366,99011.609375,0.0057671996764838696,198023.234375,0.4631514847278595,0.029297999999999998
28,40426.0,48486.0,0.8337664480468588,143.0,0.143,25.0,0.025,118.0,0.118,111.0,29326.0,281.0,154.0,565.0,29326.0,1000,25,975,888,1,2,1,108,0.12246616696938872,93896.7265625,-0.05256770923733711,187793.59375,0.44807249307632446,0.029271
29,46367.0,52420.0,0.8845288057993133,109.0,0.109,10.0,0.01,99.0,0.099,119.0,34467.0,733.0,267.0,0.0,34467.0,1000,10,990,880,0,1,1,118,0.1676341249840334,122111.7421875,0.04964424669742584,244223.40625,0.3827826678752899,0.029244
30,42164.0,50180.0,0.8402550817058589,148.0,0.148,14.0,0.014,134.0,0.134,98.0,32364.0,158.0,121.0,721.0,32364.0,1000,14,986,900,0,1,0,99,0.11981350008863956,113925.9453125,-0.044165320694446564,227852.0,0.3139820098876953,0.029217
31,41399.0,49817.0,0.8310215388321256,177.0,0.177,12.0,0.012,165.0,0.165,79.0,33499.0,874.0,126.0,0.0,33499.0,1000,12,988,919,0,0,0,81,0.12031491694506258,120057.9453125,-0.033497098833322525,240115.96875,0.256770521402359,0.02919
32,25694.0,49448.0,0.5196165668985601,489.0,0.489,3.0,0.003,486.0,0.486,39.0,21794.0,220.0,780.0,0.0,21794.0,1000,3,997,960,0,0,0,40,0.12035325006581843,60836.3046875,0.04794963076710701,121672.5546875,0.6117818355560303,0.029162999999999998
33,49099.0,49665.0,0.988603644417598,12.0,0.012,8.0,0.008,4.0,0.004,241.0,24999.0,657.0,0.0,343.0,24999.0,1000,8,992,758,0,0,0,242,0.12182237498927861,64586.9375,-0.024309078231453896,129173.9453125,0.382134348154068,0.029136
34,43054.0,49854.0,0.8636017170136799,121.0,0.121,1.0,0.001,120.0,0.12,129.0,30154.0,595.0,0.0,405.0,30154.0,1000,1,999,865,0,0,0,135,0.12086808297317475,93119.3984375,0.02125488966703415,186238.765625,0.28112736344337463,0.029109
35,35442.0,49115.0,0.7216125419932811,281.0,0.281,1.0,0.001,280.0,0.28,66.0,28842.0,169.0,36.0,795.0,28842.0,1000,1,999,934,0,0,0,66,0.13280999998096377,96284.3828125,-0.05452008917927742,192568.890625,0.3609088957309723,0.029082
36,45824.0,50465.0,0.9080352719706728,71.0,0.071,1.0,0.001,70.0,0.07,114.0,34424.0,512.0,488.0,0.0,34424.0,1000,1,999,886,0,0,0,114,0.12453070806805044,119585.75,-0.03608452156186104,239171.59375,0.3196491599082947,0.029054999999999997
37,40972.0,49425.0,0.8289731917046029,166.0,0.166,2.0,0.002,164.0,0.164,97.0,31272.0,329.0,671.0,0.0,31272.0,1000,2,998,902,0,0,0,98,0.12467000004835427,99738.0703125,-0.06016865372657776,199476.28125,0.28112852573394775,0.029027999999999998
38,36312.0,49706.0,0.7305355490282863,254.0,0.254,1.0,0.001,253.0,0.253,64.0,29912.0,522.0,478.0,0.0,29912.0,1000,1,999,934,0,0,0,66,0.12123837496619672,93886.203125,0.021210957318544388,187772.375,0.3740103542804718,0.029001
39,43680.0,49363.0,0.8848732856592995,107.0,0.107,0.0,0.0,107.0,0.107,119.0,31780.0,873.0,127.0,0.0,31780.0,1000,0,1000,880,0,0,0,120,0.11903558298945427,98573.1328125,-0.04135885834693909,197146.359375,0.32607537508010864,0.028974
40,42128.0,49018.0,0.8594393896119793,136.0,0.136,0.0,0.0,136.0,0.136,86.0,33528.0,464.0,536.0,0.0,33528.0,1000,0,1000,914,0,0,0,86,0.1205070000141859,103833.6640625,0.030530083924531937,207667.28125,0.2850722670555115,0.028947
41,39748.0,49233.0,0.8073446671947677,188.0,0.188,0.0,0.0,188.0,0.188,83.0,31448.0,410.0,590.0,0.0,31448.0,1000,0,1000,916,0,0,0,84,0.1217292919754982,98766.546875,-0.07552570849657059,197533.265625,0.30993515253067017,0.028919999999999998
42,45002.0,51188.0,0.8791513636008439,116.0,0.116,0.0,0.0,116.0,0.116,115.0,33502.0,505.0,495.0,0.0,33502.0,1000,0,1000,885,0,0,0,115,0.12303408293519169,104569.1640625,0.02301069349050522,209138.296875,0.28425151109695435,0.028893
43,39653.0,48901.0,0.8108832130222285,190.0,0.19,0.0,0.0,190.0,0.19,82.0,31453.0,529.0,471.0,0.0,31453.0,1000,0,1000,916,0,0,0,84,0.11868758290074766,93163.8046875,-0.0508587509393692,186327.734375,0.2603652775287628,0.028866
44,38810.0,50450.0,0.7692765113974231,224.0,0.224,0.0,0.0,224.0,0.224,64.0,32410.0,2.0,998.0,0.0,32410.0,1000,0,1000,936,0,0,0,64,0.16037479101214558,101021.203125,-0.06199442222714424,202042.546875,0.32915759086608887,0.028839
45,43578.0,49719.0,0.8764858504796958,116.0,0.116,0.0,0.0,116.0,0.116,101.0,33478.0,34.0,0.0,966.0,33478.0,1000,0,1000,897,0,0,0,103,0.12011912500020117,100823.8671875,-0.055551398545503616,201647.859375,0.288330078125,0.028811999999999997
46,39786.0,49860.0,0.7979542719614922,195.0,0.195,0.0,0.0,195.0,0.195,78.0,31986.0,677.0,323.0,0.0,31986.0,1000,0,1000,921,0,0,0,79,0.11992074991576374,93903.9140625,-0.005219930317252874,187807.859375,0.34954747557640076,0.028784999999999998
47,42390.0,50539.0,0.8387581867468688,143.0,0.143,0.0,0.0,143.0,0.143,96.0,32790.0,381.0,619.0,0.0,32790.0,1000,0,1000,901,0,0,0,99,0.11899937503039837,89687.15625,0.030100887641310692,179374.265625,0.31506407260894775,0.028758
48,39166.0,50266.0,0.7791747901165798,216.0,0.216,0.0,0.0,216.0,0.216,88.0,30366.0,14.0,986.0,0.0,30366.0,1000,0,1000,911,0,0,0,89,0.12028116697911173,80982.8125,0.013280351646244526,161965.625,0.49203842878341675,0.028731
49,49558.0,50301.0,0.9852289218902208,8.0,0.008,0.0,0.0,8.0,0.008,191.0,30458.0,725.0,275.0,0.0,30458.0,1000,0,1000,807,0,0,0,193,0.12519970803987235,79851.34375,-0.0707893893122673,159702.84375,0.2030262053012848,0.028704
50,32100.0,47519.0,0.6755192659778194,306.0,0.306,0.0,0.0,306.0,0.306,60.0,26100.0,583.0,166.0,251.0,26100.0,1000,0,1000,940,0,0,0,60,0.12126166699454188,55907.890625,0.07398033142089844,111815.6484375,0.21687136590480804,0.028676999999999998
51,35287.0,49893.0,0.7072535225382318,282.0,0.282,0.0,0.0,282.0,0.282,59.0,29387.0,8.0,0.0,992.0,29387.0,1000,0,1000,941,0,0,0,59,0.12487945903558284,75602.3046875,0.01672196574509144,151204.59375,0.27691885828971863,0.02865
52,35807.0,48486.0,0.7385018355814049,259.0,0.259,0.0,0.0,259.0,0.259,65.0,29307.0,876.0,124.0,0.0,29307.0,1000,0,1000,934,0,0,0,66,0.1309687920147553,74591.984375,-0.0529378280043602,149184.09375,0.25231271982192993,0.028623
53,32043.0,51019.0,0.6280601344597111,363.0,0.363,0.0,0.0,363.0,0.363,65.0,25543.0,14.0,986.0,0.0,25543.0,1000,0,1000,935,0,0,0,65,0.14634491689503193,59912.20703125,0.0035813578870147467,119824.4296875,0.4623909592628479,0.028596
54,49634.0,51650.0,0.9609680542110358,35.0,0.035,0.0,0.0,35.0,0.035,169.0,32734.0,107.0,893.0,0.0,32734.0,1000,0,1000,831,0,0,0,169,0.1968390829861164,74775.59375,0.0213764701038599,149551.15625,0.24015778303146362,0.028568999999999997
55,35135.0,50771.0,0.692028914143901,304.0,0.304,0.0,0.0,304.0,0.304,64.0,28735.0,22.0,978.0,0.0,28735.0,1000,0,1000,936,0,0,0,64,0.12952379195485264,72746.328125,-0.05178070068359375,145492.796875,0.4771389663219452,0.028541999999999998
56,48566.0,49537.0,0.9803984900175626,14.0,0.014,0.0,0.0,14.0,0.014,173.0,31266.0,827.0,173.0,0.0,31266.0,1000,0,1000,827,0,0,0,173,0.14790633297525346,66981.0078125,-0.007560814265161753,133962.046875,0.2182357758283615,0.028515
57,34073.0,49537.0,0.6878292993116256,298.0,0.298,0.0,0.0,298.0,0.298,66.0,27473.0,21.0,979.0,0.0,27473.0,1000,0,1000,934,0,0,0,66,0.15848758292850107,54403.14453125,0.055941253900527954,108806.203125,0.4160599112510681,0.028488
58,48528.0,50561.0,0.9597911433713732,38.0,0.038,0.0,0.0,38.0,0.038,144.0,34128.0,502.0,498.0,0.0,34128.0,1000,0,1000,856,0,0,0,144,0.13014808401931077,76239.359375,-0.0012380625121295452,152478.734375,0.29995793104171753,0.028461
59,37391.0,50402.0,0.7418554819253205,253.0,0.253,0.0,0.0,253.0,0.253,81.0,29291.0,3.0,0.0,997.0,29291.0,1000,0,1000,915,0,0,0,85,0.13122866593766958,62389.8359375,-0.050317779183387756,124779.796875,0.3448455035686493,0.028433999999999997
60,46156.0,49842.0,0.9260463063279964,72.0,0.072,0.0,0.0,72.0,0.072,124.0,33756.0,843.0,157.0,0.0,33756.0,1000,0,1000,875,0,0,0,125,0.13419712497852743,71515.65625,-0.03583768010139465,143031.40625,0.3512038290500641,0.028406999999999998
61,45510.0,49528.0,0.9188741721854304,79.0,0.079,0.0,0.0,79.0,0.079,115.0,34010.0,726.0,274.0,0.0,34010.0,1000,0,1000,885,0,0,0,115,0.12745762499980628,69725.8828125,0.00492194714024663,139451.765625,0.29477599263191223,0.02838
62,40621.0,50220.0,0.8088610115491836,190.0,0.19,0.0,0.0,190.0,0.19,76.0,33021.0,281.0,113.0,606.0,33021.0,1000,0,1000,923,0,0,0,77,0.11839508404955268,68104.7421875,0.0008175393450073898,136209.5,0.25376468896865845,0.028353
63,33717.0,48344.0,0.6974391858348502,286.0,0.286,0.0,0.0,286.0,0.286,74.0,26317.0,895.0,105.0,0.0,26317.0,1000,0,1000,925,0,0,0,75,0.11693462496623397,38425.42578125,0.1288451999425888,76850.609375,0.2549682855606079,0.028326
64,39756.0,49506.0,0.8030541752514847,182.0,0.182,0.0,0.0,182.0,0.182,96.0,30156.0,552.0,0.0,448.0,30156.0,1000,0,1000,902,0,0,0,98,0.11691991600673646,51722.17578125,0.06963906437158585,103444.2265625,0.2573721408843994,0.028298999999999998
65,40971.0,51835.0,0.7904118838622552,199.0,0.199,0.0,0.0,199.0,0.199,77.0,33271.0,441.0,0.0,559.0,33271.0,1000,0,1000,923,0,0,0,77,0.16186966595705599,65183.1875,-0.05188899487257004,130366.4921875,0.3288859724998474,0.028272
66,45977.0,50287.0,0.9142919641259173,83.0,0.083,0.0,0.0,83.0,0.083,114.0,34577.0,614.0,143.0,243.0,34577.0,1000,0,1000,886,0,0,0,114,0.12212950002867728,63017.33984375,-0.031028278172016144,126034.7578125,0.2604117691516876,0.028245
67,39505.0,50088.0,0.7887118671138795,207.0,0.207,0.0,0.0,207.0,0.207,76.0,31905.0,251.0,749.0,0.0,31905.0,1000,0,1000,924,0,0,0,76,0.11794908298179507,53997.265625,0.06642758101224899,107994.4140625,0.33311641216278076,0.028218
68,42477.0,50175.0,0.846576980568012,123.0,0.123,0.0,0.0,123.0,0.123,99.0,32577.0,594.0,406.0,0.0,32577.0,1000,0,1000,901,0,0,0,99,0.11770366702694446,50569.5703125,0.011476432904601097,101139.140625,0.384634792804718,0.028190999999999997
69,46555.0,49750.0,0.9357788944723618,56.0,0.056,0.0,0.0,56.0,0.056,127.0,33855.0,656.0,344.0,0.0,33855.0,1000,0,1000,873,0,0,0,127,0.11750454106368124,55337.27734375,-0.05560482665896416,110674.6796875,0.22146378457546234,0.028163999999999998
70,29011.0,49661.0,0.5841807454541793,380.0,0.38,0.0,0.0,380.0,0.38,42.0,24811.0,1.0,999.0,0.0,24811.0,1000,0,1000,958,0,0,0,42,0.11717483308166265,32178.634765625,0.12579873204231262,64357.02734375,0.14000681042671204,0.028137
71,23624.0,49949.0,0.4729624216701035,520.0,0.52,0.0,0.0,520.0,0.52,34.0,20224.0,927.0,73.0,0.0,20224.0,1000,0,1000,966,0,0,0,34,0.11645329208113253,25875.44921875,0.042984846979379654,51750.828125,0.2989131808280945,0.02811
72,37526.0,53042.0,0.7074770936239206,274.0,0.274,0.0,0.0,274.0,0.274,64.0,31126.0,9.0,991.0,0.0,31126.0,1000,0,1000,935,0,0,0,65,0.11644441704265773,51393.8828125,-0.10391991585493088,102788.0078125,0.5067534446716309,0.028083
73,47373.0,49768.0,0.951876707924771,43.0,0.043,0.0,0.0,43.0,0.043,149.0,32473.0,689.0,145.0,166.0,32473.0,1000,0,1000,850,0,0,0,150,0.12011733301915228,43582.9140625,-0.1342531144618988,87166.1015625,0.07701797783374786,0.028055999999999998
74,18078.0,50876.0,0.3553345388788427,644.0,0.644,0.0,0.0,644.0,0.644,20.0,16078.0,1.0,999.0,0.0,16078.0,1000,0,1000,980,0,0,0,20,0.11633566592354327,29939.765625,-0.05458049476146698,59879.6484375,0.12273510545492172,0.028029
75,24937.0,50501.0,0.49379220213461117,504.0,0.504,0.0,0.0,504.0,0.504,31.0,21837.0,326.0,674.0,0.0,21837.0,1000,0,1000,969,0,0,0,31,0.11757920891977847,36739.98046875,-0.11771945655345917,73480.203125,0.15523497760295868,0.028002
76,27577.0,50662.0,0.5443330306738778,458.0,0.458,0.0,0.0,458.0,0.458,37.0,23877.0,14.0,986.0,0.0,23877.0,1000,0,1000,962,0,0,0,38,0.11723387497477233,28989.138671875,0.014321871101856232,57978.2734375,0.3969126045703888,0.027975
77,49935.0,50368.0,0.9914032719186785,8.0,0.008,0.0,0.0,8.0,0.008,178.0,32135.0,36.0,964.0,0.0,32135.0,1000,0,1000,822,0,0,0,178,0.11644833395257592,32599.330078125,-0.009758811444044113,65198.69140625,0.20992888510227203,0.027948
78,36645.0,50794.0,0.7214434775760916,266.0,0.266,0.0,0.0,266.0,0.266,57.0,30945.0,168.0,832.0,0.0,30945.0,1000,0,1000,940,0,0,0,60,0.11666345805861056,33729.4375,0.10199009627103806,67458.6953125,0.37272804975509644,0.027920999999999998
79,40901.0,48434.0,0.8444687616137424,142.0,0.142,0.0,0.0,142.0,0.142,105.0,30401.0,786.0,214.0,0.0,30401.0,1000,0,1000,891,0,0,0,109,0.11628054198808968,29960.490234375,-0.06795070320367813,59921.13671875,0.3398398756980896,0.027894
80,46191.0,50937.0,0.9068260792743977,80.0,0.08,0.0,0.0,80.0,0.08,118.0,34391.0,27.0,973.0,0.0,34391.0,1000,0,1000,880,0,0,0,120,0.11646299995481968,37001.48046875,-0.0431339256465435,74003.0703125,0.4166019558906555,0.027867
81,49783.0,50705.0,0.9818163889162804,17.0,0.017,0.0,0.0,17.0,0.017,153.0,34483.0,152.0,848.0,0.0,34483.0,1000,0,1000,847,0,0,0,153,0.11743929202202708,31155.65234375,-0.03440869227051735,62311.390625,0.2964993715286255,0.02784
82,44483.0,49830.0,0.8926951635560907,104.0,0.104,0.0,0.0,104.0,0.104,119.0,32583.0,514.0,486.0,0.0,32583.0,1000,0,1000,881,0,0,0,119,0.11736475001089275,24860.677734375,0.06271917372941971,49721.25,0.3417225182056427,0.027812999999999997
83,45650.0,49151.0,0.9287705234888405,66.0,0.066,0.0,0.0,66.0,0.066,100.0,35650.0,779.0,221.0,0.0,35650.0,1000,0,1000,900,0,0,0,100,0.11718508310150355,32975.1796875,0.048541974276304245,65950.28125,0.22399136424064636,0.027785999999999998
84,38696.0,49742.0,0.7779341401632424,218.0,0.218,0.0,0.0,218.0,0.218,67.0,31996.0,35.0,965.0,0.0,31996.0,1000,0,1000,933,0,0,0,67,0.11667229107115418,29727.240234375,0.05625347048044205,59454.38671875,0.321183443069458,0.027759
85,43307.0,49468.0,0.8754548394921969,121.0,0.121,0.0,0.0,121.0,0.121,100.0,33307.0,416.0,584.0,0.0,33307.0,1000,0,1000,900,0,0,0,100,0.1813442090060562,24265.41015625,0.056369390338659286,48530.72265625,0.28632137179374695,0.027732
86,41120.0,49311.0,0.8338910182312262,155.0,0.155,0.0,0.0,155.0,0.155,81.0,33020.0,0.0,1000.0,0.0,33020.0,1000,0,1000,915,0,0,0,85,0.11920866591390222,30088.65234375,0.02825041674077511,60177.265625,0.28826263546943665,0.027705
87,43807.0,50164.0,0.8732756558488158,114.0,0.114,0.0,0.0,114.0,0.114,84.0,35407.0,19.0,981.0,0.0,35407.0,1000,0,1000,916,0,0,0,84,0.11949933297000825,30804.896484375,-0.019514335319399834,61609.84375,0.2316429167985916,0.027677999999999998
88,39620.0,49544.0,0.7996932020022606,183.0,0.183,0.0,0.0,183.0,0.183,73.0,32320.0,6.0,0.0,994.0,32320.0,1000,0,1000,926,0,0,0,74,0.11767479102127254,37472.65625,0.10366137325763702,74945.1171875,0.24436962604522705,0.027651
89,36447.0,49588.0,0.7349963700895378,254.0,0.254,0.0,0.0,254.0,0.254,54.0,31047.0,421.0,579.0,0.0,31047.0,1000,0,1000,944,0,0,0,56,0.119726000004448,22130.8515625,-0.04572869837284088,44261.80859375,0.3074679672718048,0.027624
90,44525.0,50905.0,0.8746685001473332,118.0,0.118,0.0,0.0,118.0,0.118,88.0,35725.0,477.0,523.0,0.0,35725.0,1000,0,1000,910,0,0,0,90,0.14632095803972334,26835.91796875,0.055293139070272446,53671.75,0.406089723110199,0.027597
91,48099.0,49647.0,0.9688198682699861,26.0,0.026,0.0,0.0,26.0,0.026,133.0,34799.0,11.0,0.0,989.0,34799.0,1000,0,1000,866,0,0,0,134,0.11759087501559407,18572.07421875,-0.03854138404130936,37144.25390625,0.4615921080112457,0.027569999999999997
92,46792.0,50251.0,0.9311655489442996,70.0,0.07,0.0,0.0,70.0,0.07,110.0,35792.0,8.0,992.0,0.0,35792.0,1000,0,1000,890,0,0,0,110,0.11757041595410556,23469.978515625,0.017864815890789032,46939.9296875,0.11820332705974579,0.027542999999999998
93,25693.0,49119.0,0.523076609865836,454.0,0.454,0.0,0.0,454.0,0.454,35.0,22193.0,3.0,997.0,0.0,22193.0,1000,0,1000,965,0,0,0,35,0.118002749979496,33348.4765625,-0.0029674984980374575,66696.9765625,0.33321529626846313,0.027516
94,48201.0,50036.0,0.9633264049884084,37.0,0.037,0.0,0.0,37.0,0.037,138.0,34401.0,793.0,207.0,0.0,34401.0,1000,0,1000,861,0,0,0,139,0.11717062501702458,21165.107421875,0.06448601931333542,42330.08984375,0.07944689691066742,0.027489
95,21037.0,50565.0,0.41603876198951845,570.0,0.57,0.0,0.0,570.0,0.57,25.0,18537.0,12.0,988.0,0.0,18537.0,1000,0,1000,975,0,0,0,25,0.11720683402381837,39830.6953125,0.021928008645772934,79661.359375,0.32085517048835754,0.027462
96,44256.0,49974.0,0.8855805018609677,103.0,0.103,0.0,0.0,103.0,0.103,88.0,35456.0,378.0,622.0,0.0,35456.0,1000,0,1000,910,0,0,0,90,0.1230533329071477,24678.59765625,0.024176929146051407,49357.171875,0.4220159351825714,0.027434999999999998
97,46674.0,49781.0,0.9375866294369337,64.0,0.064,0.0,0.0,64.0,0.064,150.0,31674.0,25.0,975.0,0.0,31674.0,1000,0,1000,849,0,0,0,151,0.12295729201287031,14397.4365234375,0.00538225332275033,28794.8671875,0.0973113626241684,0.027408
98,19416.0,49851.0,0.3894806523439851,605.0,0.605,0.0,0.0,605.0,0.605,24.0,17016.0,12.0,988.0,0.0,17016.0,1000,0,1000,976,0,0,0,24,0.11679658305365592,32025.609375,0.027881955727934837,64051.18359375,0.33876997232437134,0.027381
99,43546.0,49909.0,0.8725079644953816,123.0,0.123,0.0,0.0,123.0,0.123,99.0,33646.0,857.0,57.0,86.0,33646.0,1000,0,1000,899,0,0,0,101,0.11944841698277742,29666.564453125,0.09368377923965454,59332.94140625,0.0007019024924375117,0.027354
100,1000.0,49920.0,0.020032051282051284,981.0,0.981,0.0,0.0,981.0,0.981,0.0,1000.0,0.0,1000.0,0.0,1000.0,1000,0,1000,1000,0,0,0,0,0.11570858291815966,70048.109375,0.0037978640757501125,140096.21875,0.0002655205607879907,0.027326999999999997
101,995.0,50302.0,0.01978052562522365,981.0,0.981,0.0,0.0,981.0,0.981,0.0,995.0,5.0,995.0,0.0,995.0,1000,0,1000,1000,0,0,0,0,0.12316137494053692,59502.91796875,0.06528504192829132,119005.703125,0.00019465027435217053,0.027299999999999998
102,996.0,51709.0,0.019261637239165328,980.0,0.98,0.0,0.0,980.0,0.98,0.0,996.0,4.0,996.0,0.0,996.0,1000,0,1000,1000,0,0,0,0,0.11577845900319517,56494.09375,-0.020917940884828568,112988.2265625,0.0002613153192214668,0.027273
103,1000.0,50115.0,0.019954105557218396,981.0,0.981,0.0,0.0,981.0,0.981,0.0,1000.0,0.0,1000.0,0.0,1000.0,1000,0,1000,1000,0,0,0,0,0.1187676249537617,45036.02734375,-0.07353406399488449,90072.203125,0.0003412541118450463,0.027246
104,983.0,48964.0,0.020075974185115596,978.0,0.978,0.0,0.0,978.0,0.978,0.0,983.0,17.0,983.0,0.0,983.0,1000,0,1000,1000,0,0,0,0,0.12518149998504668,46199.6328125,0.09017839282751083,92399.0859375,0.00033093124511651695,0.027219
105,1000.0,51046.0,0.01959017356893782,977.0,0.977,0.0,0.0,977.0,0.977,0.0,1000.0,0.0,1000.0,0.0,1000.0,1000,0,1000,1000,0,0,0,0,0.12169679207727313,42830.3671875,-0.009427431970834732,85660.75,0.0004720167489722371,0.027192
106,997.0,49569.0,0.020113377312433175,979.0,0.979,0.0,0.0,979.0,0.979,0.0,997.0,3.0,997.0,0.0,997.0,1000,0,1000,1000,0,0,0,0,0.11984666693024337,36631.44921875,-0.02229245938360691,73262.9453125,0.0005433741025626659,0.027164999999999998
107,996.0,49553.0,0.020099691239682763,978.0,0.978,0.0,0.0,978.0,0.978,0.0,996.0,4.0,996.0,0.0,996.0,1000,0,1000,1000,0,0,0,0,0.11703550000675023,34943.19921875,-0.05997341498732567,69886.515625,0.000672419904731214,0.027138
108,996.0,50243.0,0.01982365702684951,980.0,0.98,0.0,0.0,980.0,0.98,0.0,996.0,4.0,996.0,0.0,996.0,1000,0,1000,1000,0,0,0,0,0.1208917920012027,34214.64453125,-0.004325389862060547,68429.296875,0.0007649986655451357,0.027111
109,999.0,52210.0,0.01913426546638575,979.0,0.979,0.0,0.0,979.0,0.979,0.0,999.0,1.0,999.0,0.0,999.0,1000,0,1000,1000,0,0,0,0,0.12044216704089195,33534.09765625,-0.003659412730485201,67068.203125,0.001075941720046103,0.027084
110,1000.0,50064.0,0.019974432726110578,980.0,0.98,0.0,0.0,980.0,0.98,0.0,1000.0,0.0,1000.0,0.0,1000.0,1000,0,1000,1000,0,0,0,0,0.11570224992465228,31271.412109375,0.06455103307962418,62542.6953125,0.0012375343358144164,0.027056999999999998
111,996.0,49896.0,0.01996151996151996,982.0,0.982,0.0,0.0,982.0,0.982,0.0,996.0,4.0,996.0,0.0,996.0,1000,0,1000,1000,0,0,0,0,0.15590758400503546,26726.46484375,-0.020663924515247345,53452.97265625,0.0014812471345067024,0.02703
112,1000.0,48271.0,0.020716372148909284,976.0,0.976,0.0,0.0,976.0,0.976,0.0,1000.0,0.0,1000.0,0.0,1000.0,1000,0,1000,1000,0,0,0,0,0.12010350008495152,21320.8046875,-0.06661523878574371,42641.7421875,0.002012752229347825,0.027003
113,2975.0,50897.0,0.058451382203273276,931.0,0.931,0.0,0.0,931.0,0.931,2.0,2775.0,0.0,1000.0,0.0,2775.0,1000,0,1000,998,0,0,0,2,0.14198245806619525,22649.47265625,-0.016574693843722343,45298.9765625,0.0032917193602770567,0.026976
114,998.0,49662.0,0.020095847932020457,979.0,0.979,0.0,0.0,979.0,0.979,0.0,998.0,2.0,998.0,0.0,998.0,1000,0,1000,1000,0,0,0,0,0.11901537491939962,18379.73046875,-0.09738550335168839,36759.65625,0.004507039673626423,0.026949
115,1986.0,50187.0,0.039572000717317236,961.0,0.961,0.0,0.0,961.0,0.961,1.0,1886.0,3.0,997.0,0.0,1886.0,1000,0,1000,999,0,0,0,1,0.11923658300656825,19344.841796875,0.03410579264163971,38689.6171875,0.006760389544069767,0.026921999999999998
116,2940.0,50558.0,0.058151034455476876,936.0,0.936,0.0,0.0,936.0,0.936,2.0,2740.0,8.0,992.0,0.0,2740.0,1000,0,1000,998,0,0,0,2,0.12041791703086346,15828.68359375,-0.10134623944759369,31657.5703125,0.017116110771894455,0.026895
117,2944.0,51392.0,0.057285180572851806,938.0,0.938,0.0,0.0,938.0,0.938,2.0,2744.0,17.0,983.0,0.0,2744.0,1000,0,1000,998,0,0,0,2,0.1900695830117911,13823.1708984375,-0.03660975396633148,27646.416015625,0.040835488587617874,0.026868
118,7327.0,50442.0,0.14525593751239047,834.0,0.834,0.0,0.0,834.0,0.834,7.0,6627.0,648.0,352.0,0.0,6627.0,1000,0,1000,993,0,0,0,7,0.19785983301699162,12483.1083984375,-0.054675355553627014,24966.330078125,0.06555084884166718,0.026840999999999997
119,7901.0,50204.0,0.15737789817544418,840.0,0.84,0.0,0.0,840.0,0.84,7.0,7201.0,29.0,971.0,0.0,7201.0,1000,0,1000,993,0,0,0,7,0.1766102910041809,16289.1640625,0.03096666745841503,32578.29296875,0.5202035903930664,0.026813999999999998
120,48777.0,50912.0,0.9580648962916405,37.0,0.037,0.0,0.0,37.0,0.037,130.0,35777.0,294.0,65.0,641.0,35777.0,1000,0,1000,870,0,0,0,130,0.12312058394309133,52894.8125,0.030217457562685013,105789.5703125,0.11208473145961761,0.026787
121,29662.0,51987.0,0.5705657183526651,413.0,0.413,0.0,0.0,413.0,0.413,35.0,26162.0,11.0,989.0,0.0,26162.0,1000,0,1000,965,0,0,0,35,0.13011816702783108,41204.6640625,-0.031204190105199814,82409.40625,0.30274155735969543,0.02676
122,42241.0,50484.0,0.8367205451232074,163.0,0.163,0.0,0.0,163.0,0.163,70.0,35241.0,760.0,240.0,0.0,35241.0,1000,0,1000,930,0,0,0,70,0.12237204099074006,49683.25,0.0494052954018116,99366.4140625,0.27677229046821594,0.026733
123,46230.0,50040.0,0.9238609112709832,77.0,0.077,0.0,0.0,77.0,0.077,90.0,37230.0,906.0,94.0,0.0,37230.0,1000,0,1000,910,0,0,0,90,0.11741804191842675,47422.15234375,-0.04568834602832794,94844.4140625,0.3221314549446106,0.026706
124,48244.0,51508.0,0.9366312029199347,54.0,0.054,0.0,0.0,54.0,0.054,99.0,38344.0,554.0,446.0,0.0,38344.0,1000,0,1000,901,0,0,0,99,0.1199513329192996,57550.37890625,-0.06912238895893097,115100.9140625,0.3571048974990845,0.026678999999999998
125,46927.0,49363.0,0.9506512975305391,48.0,0.048,0.0,0.0,48.0,0.048,128.0,34127.0,495.0,505.0,0.0,34127.0,1000,0,1000,872,0,0,0,128,0.15281454101204872,33776.04296875,0.020913731306791306,67552.0703125,0.3972485363483429,0.026652
126,47706.0,49783.0,0.9582789305586245,30.0,0.03,0.0,0.0,30.0,0.03,151.0,32606.0,905.0,95.0,0.0,32606.0,1000,0,1000,846,0,0,0,154,0.12262887496035546,24993.642578125,-0.06360810995101929,49987.4296875,0.3224199116230011,0.026625
127,43565.0,48578.0,0.8968051381283708,91.0,0.091,0.0,0.0,91.0,0.091,89.0,34665.0,422.0,578.0,0.0,34665.0,1000,0,1000,911,0,0,0,89,0.11674304096959531,36339.4140625,-0.030892914161086082,72678.90625,0.2730458378791809,0.026598
128,42172.0,49492.0,0.8520973086559444,154.0,0.154,0.0,0.0,154.0,0.154,69.0,35272.0,442.0,558.0,0.0,35272.0,1000,0,1000,931,0,0,0,69,0.12385366694070399,38713.99609375,-0.05257461965084076,77428.109375,0.30726757645606995,0.026570999999999997
129,47694.0,49598.0,0.9616113552965846,35.0,0.035,0.0,0.0,35.0,0.035,107.0,36994.0,145.0,855.0,0.0,36994.0,1000,0,1000,893,0,0,0,107,0.12061954196542501,36752.24609375,0.0657973513007164,73504.3828125,0.40388956665992737,0.026543999999999998
130,46345.0,49410.0,0.9379680226674763,51.0,0.051,0.0,0.0,51.0,0.051,112.0,35145.0,965.0,35.0,0.0,35145.0,1000,0,1000,888,0,0,0,112,0.11650462495163083,35280.296875,0.0038090399466454983,70560.6015625,0.33202847838401794,0.026517
131,46769.0,49026.0,0.953963203198303,39.0,0.039,0.0,0.0,39.0,0.039,112.0,35569.0,682.0,318.0,0.0,35569.0,1000,0,1000,887,0,0,0,113,0.11868420906830579,29445.927734375,-0.024454930797219276,58891.921875,0.29209771752357483,0.02649
132,41805.0,49260.0,0.8486601705237515,155.0,0.155,0.0,0.0,155.0,0.155,81.0,33705.0,487.0,513.0,0.0,33705.0,1000,0,1000,918,0,0,0,82,0.11627266695722938,25889.6640625,0.01306119840592146,51779.3203125,0.39656102657318115,0.026463
133,44992.0,48415.0,0.9292987710420324,69.0,0.069,0.0,0.0,69.0,0.069,104.0,34592.0,679.0,321.0,0.0,34592.0,1000,0,1000,895,0,0,0,105,0.11952179193031043,25191.294921875,-0.02282366342842579,50382.6484375,0.19991640746593475,0.026435999999999998
134,36832.0,49223.0,0.748268086057331,255.0,0.255,0.0,0.0,255.0,0.255,60.0,30832.0,888.0,112.0,0.0,30832.0,1000,0,1000,940,0,0,0,60,0.11602504109032452,27691.419921875,0.050294604152441025,55382.765625,0.5321158170700073,0.026409
135,44553.0,51121.0,0.8715205101621643,118.0,0.118,0.0,0.0,118.0,0.118,88.0,35753.0,500.0,500.0,0.0,35753.0,1000,0,1000,910,0,0,0,90,0.11739949998445809,27988.5390625,0.05677855759859085,55976.96875,0.08464959263801575,0.026382
136,22441.0,49173.0,0.45636833221483336,543.0,0.543,0.0,0.0,543.0,0.543,24.0,20041.0,511.0,489.0,0.0,20041.0,1000,0,1000,976,0,0,0,24,0.11640487494878471,24986.31640625,-0.03389012813568115,49972.72265625,0.4712686538696289,0.026355
137,38620.0,52412.0,0.7368541555368999,241.0,0.241,0.0,0.0,241.0,0.241,61.0,32520.0,94.0,906.0,0.0,32520.0,1000,0,1000,939,0,0,0,61,0.11993504199199378,27363.40625,0.01993846707046032,54726.7734375,0.027344731613993645,0.026327999999999997
138,8952.0,50039.0,0.17890045764303844,815.0,0.815,0.0,0.0,815.0,0.815,8.0,8152.0,21.0,979.0,0.0,8152.0,1000,0,1000,992,0,0,0,8,0.11601579189300537,25099.658203125,-0.09405900537967682,50199.515625,0.19985570013523102,0.026300999999999998
139,33908.0,48597.0,0.6977385435314937,272.0,0.272,0.0,0.0,272.0,0.272,48.0,29108.0,3.0,997.0,0.0,29108.0,1000,0,1000,951,0,0,0,49,0.11704462498892099,25531.0703125,-0.003897380316630006,51062.15625,0.15585803985595703,0.026274
140,41547.0,50153.0,0.8284050804538113,176.0,0.176,0.0,0.0,176.0,0.176,62.0,35347.0,41.0,959.0,0.0,35347.0,1000,0,1000,938,0,0,0,62,0.1192977090831846,24877.080078125,0.01710350438952446,49754.1328125,0.17761169373989105,0.026247
141,36628.0,49805.0,0.7354281698624636,252.0,0.252,0.0,0.0,252.0,0.252,59.0,30728.0,1.0,0.0,999.0,30728.0,1000,0,1000,941,0,0,0,59,0.19011391699314117,22214.76953125,-0.01697356626391411,44429.59375,0.3543154001235962,0.02622
142,38644.0,48908.0,0.7901365829721109,189.0,0.189,0.0,0.0,189.0,0.189,63.0,32344.0,171.0,829.0,0.0,32344.0,1000,0,1000,936,0,0,0,64,0.12293062498793006,13899.1220703125,0.031976357102394104,27798.193359375,0.2732383608818054,0.026193
143,40994.0,49428.0,0.8293679695719026,158.0,0.158,0.0,0.0,158.0,0.158,63.0,34694.0,6.0,994.0,0.0,34694.0,1000,0,1000,936,0,0,0,64,0.1198789159534499,19333.513671875,-0.005223784130066633,38667.05078125,0.19902700185775757,0.026166
144,39055.0,50334.0,0.7759168752731752,201.0,0.201,0.0,0.0,201.0,0.201,58.0,33255.0,533.0,467.0,0.0,33255.0,1000,0,1000,938,0,0,0,62,0.1691263330867514,21286.2109375,0.0038584829308092594,42572.421875,0.16689883172512054,0.026139
145,35441.0,50911.0,0.6961363948851919,292.0,0.292,0.0,0.0,292.0,0.292,46.0,30841.0,2.0,998.0,0.0,30841.0,1000,0,1000,952,0,0,0,48,0.12502412509638816,27168.2734375,0.1923694908618927,54336.1640625,4.956696102453861e-06,0.026112
146,998.0,49744.0,0.02006272113219685,980.0,0.98,0.0,0.0,980.0,0.98,0.0,998.0,2.0,998.0,0.0,998.0,1000,0,1000,1000,0,0,0,0,0.12580133299343288,47544.99609375,-0.11306354403495789,95090.21875,7.032531357253902e-08,0.026084999999999997
147,999.0,50175.0,0.019910313901345292,979.0,0.979,0.0,0.0,979.0,0.979,0.0,999.0,1.0,999.0,0.0,999.0,1000,0,1000,1000,0,0,0,0,0.11760679201688617,43505.95703125,-0.03630699962377548,87011.984375,4.063073433258069e-08,0.026057999999999998
148,994.0,48727.0,0.020399367906909927,980.0,0.98,0.0,0.0,980.0,0.98,0.0,994.0,6.0,994.0,0.0,994.0,1000,0,1000,1000,0,0,0,0,0.11654008401092142,41295.3828125,-0.06281549483537674,82590.890625,5.6152931193764744e-08,0.026031
149,997.0,50226.0,0.019850276749094096,979.0,0.979,0.0,0.0,979.0,0.979,0.0,997.0,3.0,997.0,0.0,997.0,1000,0,1000,1000,0,0,0,0,0.11954591702669859,38640.3515625,-0.03524138033390045,77280.7734375,1.318203715072741e-07,0.026004
150,999.0,49656.0,0.02011841469308845,979.0,0.979,0.0,0.0,979.0,0.979,0.0,999.0,1.0,999.0,0.0,999.0,1000,0,1000,1000,0,0,0,0,0.12485949997790158,33248.21484375,-0.04425246641039848,66496.515625,1.6193183682844392e-07,0.025977
151,998.0,50948.0,0.01958860014132056,979.0,0.979,0.0,0.0,979.0,0.979,0.0,998.0,2.0,998.0,0.0,998.0,1000,0,1000,1000,0,0,0,0,0.11746029206551611,33125.00390625,-0.026541417464613914,66250.0625,2.856868377421051e-07,0.02595
152,1000.0,53088.0,0.018836648583484026,979.0,0.979,0.0,0.0,979.0,0.979,0.0,1000.0,0.0,1000.0,0.0,1000.0,1000,0,1000,1000,0,0,0,0,0.12820904201362282,30398.275390625,-0.057886745780706406,60796.66796875,5.659769044541463e-07,0.025922999999999998
153,979.0,50176.0,0.019511320153061226,980.0,0.98,0.0,0.0,980.0,0.98,0.0,979.0,21.0,979.0,0.0,979.0,1000,0,1000,1000,0,0,0,0,0.11784558300860226,26137.1328125,-0.07556245476007462,52274.41796875,5.369839186641912e-07,0.025896
154,998.0,49885.0,0.02000601383181317,975.0,0.975,0.0,0.0,975.0,0.975,0.0,998.0,2.0,998.0,0.0,998.0,1000,0,1000,1000,0,0,0,0,0.12051208305638283,23718.96484375,-0.07127353549003601,47438.0703125,1.1037178637707257e-06,0.025869
155,986.0,52992.0,0.018606582125603864,978.0,0.978,0.0,0.0,978.0,0.978,0.0,986.0,14.0,986.0,0.0,986.0,1000,0,1000,1000,0,0,0,0,0.12318749993573874,26809.001953125,0.036370351910591125,53617.9296875,1.8281987195223337e-06,0.025841999999999997
156,999.0,50956.0,0.01960514954078028,978.0,0.978,0.0,0.0,978.0,0.978,0.0,999.0,1.0,999.0,0.0,999.0,1000,0,1000,1000,0,0,0,0,0.21324670896865427,22475.068359375,0.04373958334326744,44950.05078125,2.4754217520239763e-06,0.025814999999999998
157,999.0,50039.0,0.01996442774635784,980.0,0.98,0.0,0.0,980.0,0.98,0.0,999.0,1.0,999.0,0.0,999.0,1000,0,1000,1000,0,0,0,0,0.13146549998782575,19417.7421875,-0.05361291393637657,38835.58984375,5.2499449338938575e-06,0.025788
158,995.0,51214.0,0.019428281329324015,975.0,0.975,0.0,0.0,975.0,0.975,0.0,995.0,5.0,995.0,0.0,995.0,1000,0,1000,1000,0,0,0,0,0.1252700419863686,16972.265625,-0.06796042621135712,33944.66796875,7.007841304584872e-06,0.025761
159,1000.0,48654.0,0.02055329469313931,977.0,0.977,0.0,0.0,977.0,0.977,0.0,1000.0,0.0,1000.0,0.0,1000.0,1000,0,1000,1000,0,0,0,0,0.12564716604538262,17497.9140625,0.04083610326051712,34995.74609375,1.603419877937995e-05,0.025734
160,979.0,49438.0,0.01980258101055868,981.0,0.981,0.0,0.0,981.0,0.981,0.0,979.0,21.0,979.0,0.0,979.0,1000,0,1000,1000,0,0,0,0,0.12536495900712907,15697.4228515625,0.01254262588918209,31394.8203125,1.645564043428749e-05,0.025707
161,997.0,50522.0,0.019733977277225763,981.0,0.981,0.0,0.0,981.0,0.981,0.0,997.0,3.0,997.0,0.0,997.0,1000,0,1000,1000,0,0,0,0,0.12797491694800556,12747.451171875,-0.0610736720263958,25495.025390625,3.531045149429701e-05,0.025679999999999998
162,976.0,48443.0,0.020147389715748407,981.0,0.981,0.0,0.0,981.0,0.981,0.0,976.0,24.0,976.0,0.0,976.0,1000,0,1000,1000,0,0,0,0,0.13316891703289002,14143.78125,0.10313833504915237,28287.35546875,3.4728880564216524e-05,0.025653
163,996.0,49471.0,0.02013300721634897,979.0,0.979,0.0,0.0,979.0,0.979,0.0,996.0,4.0,996.0,0.0,996.0,1000,0,1000,1000,0,0,0,0,0.12721012497786433,10441.6357421875,-0.013179496861994267,20883.296875,6.474200199590996e-05,0.025626
164,1000.0,49460.0,0.020218358269308533,976.0,0.976,0.0,0.0,976.0,0.976,0.0,1000.0,0.0,1000.0,0.0,1000.0,1000,0,1000,1000,0,0,0,0,0.12979774991981685,8840.0517578125,-0.05979703739285469,17680.22265625,9.755716018844396e-05,0.025598999999999997
165,999.0,51428.0,0.019425215835731507,980.0,0.98,0.0,0.0,980.0,0.98,0.0,999.0,1.0,999.0,0.0,999.0,1000,0,1000,1000,0,0,0,0,0.12386908300686628,9489.3935546875,-0.03680697828531265,18978.861328125,0.000183849610039033,0.025571999999999998
166,997.0,50469.0,0.01975470090550635,981.0,0.981,0.0,0.0,981.0,0.981,0.0,997.0,3.0,997.0,0.0,997.0,1000,0,1000,1000,0,0,0,0,0.12578862498048693,7983.41650390625,-0.074030801653862,15966.9814453125,0.00028385824407450855,0.025544999999999998
167,987.0,49592.0,0.019902403613486046,978.0,0.978,0.0,0.0,978.0,0.978,0.0,987.0,13.0,987.0,0.0,987.0,1000,0,1000,1000,0,0,0,0,0.12525216594804078,6960.20849609375,-0.05650762841105461,13920.5302734375,0.0004111622693017125,0.025518
168,988.0,52105.0,0.01896171192783802,978.0,0.978,0.0,0.0,978.0,0.978,0.0,988.0,12.0,988.0,0.0,988.0,1000,0,1000,1000,0,0,0,0,0.1259254579199478,7503.18408203125,0.06654449552297592,15006.2353515625,0.00048764070379547775,0.025491
169,995.0,50130.0,0.019848394175144623,979.0,0.979,0.0,0.0,979.0,0.979,0.0,995.0,5.0,995.0,0.0,995.0,1000,0,1000,1000,0,0,0,0,0.1281838339054957,5639.0322265625,-0.026007644832134247,11278.1162109375,0.0008485285216011107,0.025464
170,999.0,48941.0,0.020412333217547658,973.0,0.973,0.0,0.0,973.0,0.973,0.0,999.0,1.0,999.0,0.0,999.0,1000,0,1000,1000,0,0,0,0,0.12540470797102898,5637.53515625,0.0074933972209692,11275.0556640625,0.001316807116381824,0.025436999999999998
171,994.0,50414.0,0.0197167453485143,978.0,0.978,0.0,0.0,978.0,0.978,0.0,994.0,6.0,994.0,0.0,994.0,1000,0,1000,1000,0,0,0,0,0.14033820806071162,4211.31884765625,0.027672680094838142,8422.58203125,0.0018214070005342364,0.02541
172,1999.0,50674.0,0.03944823775506177,957.0,0.957,0.0,0.0,957.0,0.957,1.0,1899.0,0.0,1000.0,0.0,1899.0,1000,0,1000,999,0,0,0,1,0.1410627500154078,4124.958984375,-0.021559538319706917,8249.9609375,0.0034212367609143257,0.025383
173,983.0,49915.0,0.019693478914154062,980.0,0.98,0.0,0.0,980.0,0.98,0.0,983.0,17.0,983.0,0.0,983.0,1000,0,1000,1000,0,0,0,0,0.12261912494432181,3154.38232421875,-0.014399676583707333,6308.7939453125,0.004987620748579502,0.025356
174,1988.0,50353.0,0.03948126228824499,956.0,0.956,0.0,0.0,956.0,0.956,1.0,1888.0,6.0,994.0,0.0,1888.0,1000,0,1000,999,0,0,0,1,0.1283522080630064,4295.62744140625,-0.0642368346452713,8591.384765625,0.009817652404308319,0.025328999999999997
175,1991.0,51777.0,0.03845336732526025,955.0,0.955,0.0,0.0,955.0,0.955,1.0,1891.0,4.0,996.0,0.0,1891.0,1000,0,1000,999,0,0,0,1,0.12628504098393023,2916.927734375,0.03156168758869171,5833.79345703125,0.02119269035756588,0.025301999999999998
176,4981.0,51159.0,0.09736312281319025,909.0,0.909,0.0,0.0,909.0,0.909,4.0,4581.0,1.0,999.0,0.0,4581.0,1000,0,1000,996,0,0,0,4,0.12804008298553526,7568.42138671875,-0.025301478803157806,15136.8994140625,0.1085294634103775,0.025275
177,14262.0,48936.0,0.29144188327611575,710.0,0.71,0.0,0.0,710.0,0.71,14.0,12862.0,543.0,457.0,0.0,12862.0,1000,0,1000,986,0,0,0,14,0.17748216597829014,15428.1513671875,-0.13410811126232147,30856.58984375,0.3867943286895752,0.025248
178,45094.0,50698.0,0.8894630951911318,80.0,0.08,0.0,0.0,80.0,0.08,76.0,37494.0,750.0,250.0,0.0,37494.0,1000,0,1000,924,0,0,0,76,0.12800920789595693,74597.953125,0.029200945049524307,149195.859375,0.20965895056724548,0.025221
179,42649.0,49207.0,0.8667262787814742,124.0,0.124,0.0,0.0,124.0,0.124,61.0,36549.0,892.0,108.0,0.0,36549.0,1000,0,1000,939,0,0,0,61,0.1275534169981256,73049.3046875,-0.04722210392355919,146098.71875,0.23675978183746338,0.025194
180,42778.0,49108.0,0.8711004317015557,98.0,0.098,0.0,0.0,98.0,0.098,62.0,36578.0,28.0,972.0,0.0,36578.0,1000,0,1000,938,0,0,0,62,0.12688524997793138,68495.9453125,-0.04552989825606346,136992.0,0.26037195324897766,0.025167
181,44845.0,48350.0,0.9275077559462255,65.0,0.065,0.0,0.0,65.0,0.065,69.0,37945.0,893.0,107.0,0.0,37945.0,1000,0,1000,930,0,0,0,70,0.12746008299291134,76087.78125,-0.07385118305683136,152175.71875,0.2888469696044922,0.02514
182,44635.0,49235.0,0.9065705290951559,83.0,0.083,0.0,0.0,83.0,0.083,85.0,36135.0,906.0,94.0,0.0,36135.0,1000,0,1000,915,0,0,0,85,0.12599666696041822,65595.359375,-0.051909998059272766,131190.84375,0.3172120153903961,0.025113
183,48199.0,49897.0,0.9659698979898591,30.0,0.03,0.0,0.0,30.0,0.03,94.0,38799.0,505.0,0.0,495.0,38799.0,1000,0,1000,905,0,0,0,95,0.12777383299544454,65371.765625,-0.06312364339828491,130743.671875,0.3448464870452881,0.025085999999999997
184,47881.0,50337.0,0.9512088523352603,46.0,0.046,0.0,0.0,46.0,0.046,109.0,36981.0,635.0,365.0,0.0,36981.0,1000,0,1000,890,0,0,0,110,0.12878712511155754,55120.546875,-0.07657072693109512,110241.265625,0.3460088074207306,0.025058999999999998
185,48847.0,49792.0,0.9810210475578406,14.0,0.014,0.0,0.0,14.0,0.014,110.0,37847.0,631.0,369.0,0.0,37847.0,1000,0,1000,890,0,0,0,110,0.16034783399663866,58607.94140625,-0.023719679564237595,117215.9453125,0.30087774991989136,0.025032
186,47588.0,49520.0,0.9609854604200323,37.0,0.037,0.0,0.0,37.0,0.037,106.0,36988.0,372.0,0.0,628.0,36988.0,1000,0,1000,894,0,0,0,106,0.1395095840562135,52167.36328125,-0.017685698345303535,104334.78125,0.28199005126953125,0.025005
187,46695.0,49282.0,0.9475061888722048,51.0,0.051,0.0,0.0,51.0,0.051,90.0,37695.0,449.0,551.0,0.0,37695.0,1000,0,1000,909,0,0,0,91,0.15931133297272027,51013.82421875,0.02733808197081089,102027.609375,0.2672857344150543,0.024978
188,48667.0,50693.0,0.9600339297338883,38.0,0.038,0.0,0.0,38.0,0.038,93.0,39367.0,453.0,547.0,0.0,39367.0,1000,0,1000,907,0,0,0,93,0.15783479204401374,58431.20703125,-0.020950712263584137,116862.46875,0.32272982597351074,0.024951
189,48115.0,49251.0,0.9769344784877464,18.0,0.018,0.0,0.0,18.0,0.018,94.0,38715.0,329.0,90.0,581.0,38715.0,1000,0,1000,906,0,0,0,94,0.14257983409333974,53416.64453125,-0.021985769271850586,106833.3515625,0.32331183552742004,0.024923999999999998
190,48895.0,50225.0,0.9735191637630662,25.0,0.025,0.0,0.0,25.0,0.025,99.0,38995.0,530.0,51.0,419.0,38995.0,1000,0,1000,899,0,0,0,101,0.13515874999575317,55425.5078125,0.0304313525557518,110850.96875,0.3231956958770752,0.024897
191,49344.0,50446.0,0.9781548586607461,17.0,0.017,0.0,0.0,17.0,0.017,116.0,37744.0,761.0,239.0,0.0,37744.0,1000,0,1000,884,0,0,0,116,0.1273632498923689,48708.76953125,-0.033030323684215546,97417.6171875,0.28599902987480164,0.02487
192,45643.0,49858.0,0.9154599061334189,62.0,0.062,0.0,0.0,62.0,0.062,76.0,38043.0,137.0,863.0,0.0,38043.0,1000,0,1000,923,0,0,0,77,0.13219825003761798,48896.95703125,0.04162319749593735,97793.84375,0.3421228528022766,0.024842999999999997
193,46848.0,49418.0,0.9479946578169898,54.0,0.054,0.0,0.0,54.0,0.054,94.0,37448.0,592.0,408.0,0.0,37448.0,1000,0,1000,906,0,0,0,94,0.13099175004754215,45864.9765625,-0.06604260206222534,91730.1015625,0.39055779576301575,0.024815999999999998
194,49039.0,50923.0,0.9630029652612768,36.0,0.036,0.0,0.0,36.0,0.036,112.0,37839.0,832.0,168.0,0.0,37839.0,1000,0,1000,888,0,0,0,112,0.13117041694931686,39017.5234375,0.030834592878818512,78035.0,0.36827078461647034,0.024789
195,48407.0,48655.0,0.9949028876785531,5.0,0.005,0.0,0.0,5.0,0.005,140.0,34407.0,133.0,867.0,0.0,34407.0,1000,0,1000,860,0,0,0,140,0.1340899170609191,23547.826171875,0.04435783997178078,47095.578125,0.3267444968223572,0.024762
196,47498.0,49299.0,0.9634678188198543,33.0,0.033,0.0,0.0,33.0,0.033,98.0,37698.0,246.0,44.0,710.0,37698.0,1000,0,1000,901,0,0,0,99,0.12779491604305804,41140.7265625,-0.0013743762392550707,82281.46875,0.3274293541908264,0.024735
197,46696.0,49600.0,0.9414516129032258,56.0,0.056,0.0,0.0,56.0,0.056,99.0,36796.0,384.0,0.0,616.0,36796.0,1000,0,1000,901,0,0,0,99,0.1318060839548707,34722.92578125,-0.01523988600820303,69445.8984375,0.2668863832950592,0.024708
198,45407.0,48776.0,0.9309291454813843,70.0,0.07,0.0,0.0,70.0,0.07,89.0,36507.0,389.0,611.0,0.0,36507.0,1000,0,1000,911,0,0,0,89,0.12629312509670854,32045.76171875,-0.04405336081981659,64091.62890625,0.3179227113723755,0.024680999999999998
199,48057.0,49371.0,0.973385185635292,18.0,0.018,0.0,0.0,18.0,0.018,110.0,37057.0,151.0,849.0,0.0,37057.0,1000,0,1000,890,0,0,0,110,0.13100179098546505,32958.0625,-0.009027869440615177,65916.15625,0.37932848930358887,0.024654
200,48383.0,48882.0,0.989791743382022,12.0,0.012,0.0,0.0,12.0,0.012,127.0,35683.0,898.0,102.0,0.0,35683.0,1000,0,1000,872,0,0,0,128,0.13204675004817545,25070.873046875,-0.08791341632604599,50141.94140625,0.37555819749832153,0.024627
201,48969.0,49799.0,0.9833329986545915,17.0,0.017,0.0,0.0,17.0,0.017,116.0,37369.0,844.0,156.0,0.0,37369.0,1000,0,1000,884,0,0,0,116,0.1295971249928698,36023.01171875,-0.06236840784549713,72046.15625,0.23047703504562378,0.024599999999999997
202,46288.0,48828.0,0.9479806668305071,46.0,0.046,0.0,0.0,46.0,0.046,90.0,37288.0,780.0,220.0,0.0,37288.0,1000,0,1000,910,0,0,0,90,0.1355130000738427,36103.91015625,-0.025562521070241928,72207.890625,0.24719765782356262,0.024572999999999998
203,44387.0,51101.0,0.8686131386861314,127.0,0.127,0.0,0.0,127.0,0.127,74.0,36987.0,457.0,160.0,383.0,36987.0,1000,0,1000,925,0,0,0,75,0.15760245907586068,39490.12890625,-0.013596600852906704,78980.296875,0.31959545612335205,0.024546
204,45756.0,49493.0,0.9244943729416281,69.0,0.069,0.0,0.0,69.0,0.069,77.0,38056.0,597.0,403.0,0.0,38056.0,1000,0,1000,922,0,0,0,78,0.12821250001434237,36226.25390625,0.01142959389835596,72452.5,0.2988777756690979,0.024519
205,46775.0,49904.0,0.9372996152613017,60.0,0.06,0.0,0.0,60.0,0.06,89.0,37875.0,14.0,986.0,0.0,37875.0,1000,0,1000,910,0,0,0,90,0.1407596250064671,30790.771484375,0.08312629908323288,61581.38671875,0.2605651915073395,0.024492
206,46364.0,49553.0,0.9356446632898109,51.0,0.051,0.0,0.0,51.0,0.051,97.0,36664.0,876.0,124.0,0.0,36664.0,1000,0,1000,902,0,0,0,98,0.12869724992197007,27745.892578125,-0.00484129972755909,55491.8046875,0.24334865808486938,0.024465
207,46417.0,50662.0,0.9162093877067624,76.0,0.076,0.0,0.0,76.0,0.076,80.0,38417.0,873.0,127.0,0.0,38417.0,1000,0,1000,920,0,0,0,80,0.12654366705100983,29738.287109375,-0.05788004398345947,59476.70703125,0.3377222418785095,0.024438
208,49117.0,50810.0,0.9666797874434166,36.0,0.036,0.0,0.0,36.0,0.036,101.0,39017.0,753.0,247.0,0.0,39017.0,1000,0,1000,897,0,0,0,103,0.12752645800355822,27983.55078125,-0.0030591373797506094,55967.12890625,0.4261831045150757,0.024411
209,49823.0,50217.0,0.9921540514168509,3.0,0.003,0.0,0.0,3.0,0.003,154.0,34423.0,778.0,222.0,0.0,34423.0,1000,0,1000,846,0,0,0,154,0.15862166695296764,20182.095703125,0.018498001620173454,40364.15625,4.782614269061014e-07,0.024384
210,994.0,49782.0,0.01996705636575469,980.0,0.98,0.0,0.0,980.0,0.98,0.0,994.0,6.0,994.0,0.0,994.0,1000,0,1000,1000,0,0,0,0,0.24206399999093264,37075.78125,0.10533124953508377,74151.3515625,6.291830686677713e-06,0.024357
211,986.0,48835.0,0.02019043718644415,980.0,0.98,0.0,0.0,980.0,0.98,0.0,986.0,14.0,986.0,0.0,986.0,1000,0,1000,1000,0,0,0,0,0.4462089999578893,33066.46484375,0.07521239668130875,66132.78125,4.799714588443749e-06,0.024329999999999997
212,1000.0,50364.0,0.019855452307203557,979.0,0.979,0.0,0.0,979.0,0.979,0.0,1000.0,0.0,1000.0,0.0,1000.0,1000,0,1000,1000,0,0,0,0,0.12335441703908145,26225.193359375,-0.011122802272439003,52450.41015625,7.61335331844748e-06,0.024302999999999998
213,975.0,50743.0,0.019214472932227104,980.0,0.98,0.0,0.0,980.0,0.98,0.0,975.0,25.0,975.0,0.0,975.0,1000,0,1000,1000,0,0,0,0,0.12089716701302677,26296.22265625,-0.023224469274282455,52592.4921875,1.0106004083354492e-05,0.024276
214,995.0,50003.0,0.019898806071635702,979.0,0.979,0.0,0.0,979.0,0.979,0.0,995.0,5.0,995.0,0.0,995.0,1000,0,1000,1000,0,0,0,0,0.12082458310760558,21679.623046875,-0.03659800812602043,43359.3203125,2.21219306695275e-05,0.024249
215,993.0,48381.0,0.020524586097848328,975.0,0.975,0.0,0.0,975.0,0.975,0.0,993.0,7.0,993.0,0.0,993.0,1000,0,1000,1000,0,0,0,0,0.11749674996826798,19975.744140625,-0.04061167314648628,39951.5703125,3.596174792619422e-05,0.024222
216,999.0,49851.0,0.02003971836071493,978.0,0.978,0.0,0.0,978.0,0.978,0.0,999.0,1.0,999.0,0.0,999.0,1000,0,1000,1000,0,0,0,0,0.1190882499795407,17179.359375,-0.05247483402490616,34358.82421875,6.604459485970438e-05,0.024194999999999998
217,997.0,49521.0,0.020132872922598494,981.0,0.981,0.0,0.0,981.0,0.981,0.0,997.0,3.0,997.0,0.0,997.0,1000,0,1000,1000,0,0,0,0,0.11583512497600168,19436.7890625,0.18261070549488068,38873.21484375,7.754921534797177e-05,0.024168
218,1000.0,52818.0,0.018932939528191146,977.0,0.977,0.0,0.0,977.0,0.977,0.0,1000.0,0.0,1000.0,0.0,1000.0,1000,0,1000,1000,0,0,0,0,0.12163175002206117,13407.37890625,-0.12382470071315765,26815.005859375,0.00015896436525508761,0.024141
219,1000.0,50057.0,0.01997722596240286,978.0,0.978,0.0,0.0,978.0,0.978,0.0,1000.0,0.0,1000.0,0.0,1000.0,1000,0,1000,1000,0,0,0,0,0.11594445898663253,12233.3603515625,-0.05720970407128334,24466.8359375,0.00022281224664766341,0.024114
220,999.0,49420.0,0.020214488061513557,984.0,0.984,0.0,0.0,984.0,0.984,0.0,999.0,1.0,999.0,0.0,999.0,1000,0,1000,1000,0,0,0,0,0.11689004197251052,11074.8935546875,-0.06805609911680222,22149.923828125,0.0003621979558374733,0.024086999999999997
221,982.0,49239.0,0.01994354068929101,985.0,0.985,0.0,0.0,985.0,0.985,0.0,982.0,18.0,982.0,0.0,982.0,1000,0,1000,1000,0,0,0,0,0.1170304169645533,10197.7265625,-0.10861228406429291,20395.669921875,0.00045991086517460644,0.024059999999999998
222,991.0,49461.0,0.0200359879501021,980.0,0.98,0.0,0.0,980.0,0.98,0.0,991.0,9.0,991.0,0.0,991.0,1000,0,1000,1000,0,0,0,0,0.12043199990876019,9397.0556640625,-0.02574767917394638,18794.162109375,0.0006813698564656079,0.024033
223,995.0,48117.0,0.020678762183843548,976.0,0.976,0.0,0.0,976.0,0.976,0.0,995.0,5.0,995.0,0.0,995.0,1000,0,1000,1000,0,0,0,0,0.1171378749422729,7552.734375,-0.09675613790750504,15105.662109375,0.001282098121009767,0.024006
224,996.0,49144.0,0.02026697053556894,976.0,0.976,0.0,0.0,976.0,0.976,0.0,996.0,4.0,996.0,0.0,996.0,1000,0,1000,1000,0,0,0,0,0.11959366605151445,7924.72900390625,0.03712208569049835,15849.3837890625,0.0018386900192126632,0.023979
225,999.0,48508.0,0.020594541106621587,981.0,0.981,0.0,0.0,981.0,0.981,0.0,999.0,1.0,999.0,0.0,999.0,1000,0,1000,1000,0,0,0,0,0.11865075002424419,6055.8251953125,-0.05956978723406792,12111.76953125,0.0028567775152623653,0.023951999999999998
226,986.0,50534.0,0.019511615941742194,983.0,0.983,0.0,0.0,983.0,0.983,0.0,986.0,14.0,986.0,0.0,986.0,1000,0,1000,1000,0,0,0,0,0.11985087511129677,5937.37890625,0.01918073371052742,11874.7197265625,0.003427341114729643,0.023925
227,2992.0,52159.0,0.057363062942157636,944.0,0.944,0.0,0.0,944.0,0.944,2.0,2792.0,0.0,1000.0,0.0,2792.0,1000,0,1000,998,0,0,0,2,0.11977666709572077,5564.46875,0.05786341801285744,11128.8212890625,0.008320690132677555,0.023898
228,1980.0,50234.0,0.03941553529482024,960.0,0.96,0.0,0.0,960.0,0.96,1.0,1880.0,14.0,986.0,0.0,1880.0,1000,0,1000,999,0,0,0,1,0.11815049999859184,4800.18359375,0.023443151265382767,9600.3212890625,0.014714631251990795,0.023871
229,999.0,49343.0,0.020246032871937256,977.0,0.977,0.0,0.0,977.0,0.977,0.0,999.0,1.0,999.0,0.0,999.0,1000,0,1000,1000,0,0,0,0,0.11745950009208173,3760.897216796875,0.035501573234796524,7521.72509765625,0.02624662220478058,0.023843999999999997
230,3988.0,50687.0,0.07867895121036952,921.0,0.921,0.0,0.0,921.0,0.921,3.0,3688.0,6.0,994.0,0.0,3688.0,1000,0,1000,997,0,0,0,3,0.11832783394493163,4151.14697265625,0.06646250188350677,8302.1640625,0.06628800183534622,0.023816999999999998
231,13867.0,48899.0,0.28358453138100986,702.0,0.702,0.0,0.0,702.0,0.702,13.0,12567.0,2.0,998.0,0.0,12567.0,1000,0,1000,987,0,0,0,13,0.12045387492980808,16196.3095703125,-0.01381924469023943,32392.658203125,0.2392376810312271,0.02379
232,34592.0,49767.0,0.695079068459019,299.0,0.299,0.0,0.0,299.0,0.299,36.0,30992.0,162.0,838.0,0.0,30992.0,1000,0,1000,964,0,0,0,36,0.11545195896178484,48993.05078125,-0.04842434078454971,97986.203125,0.18995867669582367,0.023763
233,39364.0,49556.0,0.7943336831059811,190.0,0.19,0.0,0.0,190.0,0.19,44.0,34964.0,687.0,313.0,0.0,34964.0,1000,0,1000,956,0,0,0,44,0.11944358400069177,57193.10546875,-0.11224257200956345,114386.4453125,0.20618188381195068,0.023736
234,41605.0,50301.0,0.8271207331862189,167.0,0.167,0.0,0.0,167.0,0.167,48.0,36805.0,194.0,806.0,0.0,36805.0,1000,0,1000,952,0,0,0,48,0.11862608301453292,56793.9296875,-0.005991576239466667,113587.890625,0.26568716764450073,0.023708999999999997
235,44895.0,49920.0,0.8993389423076923,94.0,0.094,0.0,0.0,94.0,0.094,65.0,38395.0,655.0,345.0,0.0,38395.0,1000,0,1000,934,0,0,0,66,0.11644058290403336,56009.26953125,0.02457258477807045,112018.5078125,0.27583804726600647,0.023681999999999998
236,45955.0,49783.0,0.9231062812606713,69.0,0.069,0.0,0.0,69.0,0.069,74.0,38555.0,1.0,999.0,0.0,38555.0,1000,0,1000,926,0,0,0,74,0.11998383398167789,53389.53515625,-0.026119109243154526,106779.140625,0.3160535991191864,0.023655
237,48323.0,50202.0,0.9625712123022987,33.0,0.033,0.0,0.0,33.0,0.033,86.0,39723.0,646.0,354.0,0.0,39723.0,1000,0,1000,913,0,0,0,87,0.11768145801033825,54243.93359375,0.04479505866765976,108487.796875,0.3447500467300415,0.023628
238,49692.0,51556.0,0.9638451392660408,32.0,0.032,0.0,0.0,32.0,0.032,110.0,38692.0,721.0,279.0,0.0,38692.0,1000,0,1000,888,0,0,0,112,0.12058591702952981,47816.50390625,0.07803934067487717,95632.8671875,0.3704637587070465,0.023601
239,48816.0,49618.0,0.9838365109436091,13.0,0.013,0.0,0.0,13.0,0.013,121.0,36716.0,870.0,130.0,0.0,36716.0,1000,0,1000,879,0,0,0,121,0.11684070900082588,38134.96484375,0.060268715023994446,76269.828125,0.3219786286354065,0.023573999999999998
240,47574.0,49235.0,0.9662638367015335,16.0,0.016,0.0,0.0,16.0,0.016,115.0,36074.0,572.0,428.0,0.0,36074.0,1000,0,1000,885,0,0,0,115,0.12120520893950015,39562.1796875,-0.01491512916982174,79124.40625,0.3083665668964386,0.023547
241,47287.0,49323.0,0.9587210834701864,32.0,0.032,0.0,0.0,32.0,0.032,99.0,37387.0,861.0,139.0,0.0,37387.0,1000,0,1000,901,0,0,0,99,0.11723483295645565,35582.7109375,0.03561229631304741,71165.3671875,0.3833281397819519,0.02352
242,49093.0,49653.0,0.9887217287978571,10.0,0.01,0.0,0.0,10.0,0.01,135.0,35593.0,824.0,176.0,0.0,35593.0,1000,0,1000,865,0,0,0,135,0.11941516597289592,30586.75390625,0.05608561262488365,61173.41015625,0.3090873658657074,0.023493
243,49938.0,50657.0,0.9858065025564088,13.0,0.013,0.0,0.0,13.0,0.013,134.0,36538.0,518.0,482.0,0.0,36538.0,1000,0,1000,866,0,0,0,134,0.11729562503751367,30688.521484375,-0.07651446014642715,61377.21484375,0.45205992460250854,0.023466
244,46269.0,46732.0,0.9900924420097578,4.0,0.004,0.0,0.0,4.0,0.004,162.0,30069.0,764.0,113.0,123.0,30069.0,1000,0,1000,837,0,0,0,163,0.1181928749429062,22976.431640625,0.027677999809384346,45952.80859375,0.018402300775051117,0.023438999999999998
245,27196.0,49852.0,0.5455347829575543,443.0,0.443,0.0,0.0,443.0,0.443,27.0,24496.0,10.0,990.0,0.0,24496.0,1000,0,1000,973,0,0,0,27,0.1191727080149576,37014.3984375,0.047093138098716736,74028.703125,0.005477618891745806,0.023412
246,2000.0,48475.0,0.041258380608561115,959.0,0.959,0.0,0.0,959.0,0.959,1.0,1900.0,0.0,1000.0,0.0,1900.0,1000,0,1000,999,0,0,0,1,0.1166385420365259,14691.9658203125,-0.012095916084945202,29383.955078125,0.010920441709458828,0.023385
247,2995.0,52227.0,0.057345817297566395,941.0,0.941,0.0,0.0,941.0,0.941,2.0,2795.0,1.0,999.0,0.0,2795.0,1000,0,1000,998,0,0,0,2,0.11613341700285673,13065.896484375,0.029599925503134727,26131.734375,0.016512196511030197,0.023358
248,2980.0,49334.0,0.06040458912717396,936.0,0.936,0.0,0.0,936.0,0.936,2.0,2780.0,4.0,996.0,0.0,2780.0,1000,0,1000,998,0,0,0,2,0.11689233395736665,11508.8837890625,0.06802989542484283,23017.6328125,0.024241968989372253,0.023330999999999998
249,5947.0,50694.0,0.11731171341776148,889.0,0.889,0.0,0.0,889.0,0.889,5.0,5447.0,4.0,996.0,0.0,5447.0,1000,0,1000,995,0,0,0,5,0.11613237508572638,12583.0439453125,0.07054891437292099,25165.94921875,0.04158028960227966,0.023304
250,4955.0,53011.0,0.09347116636169851,907.0,0.907,0.0,0.0,907.0,0.907,4.0,4555.0,1.0,999.0,0.0,4555.0,1000,0,1000,996,0,0,0,4,0.1196751669049263,10632.744140625,-0.006464241072535515,21265.505859375,0.07886041700839996,0.023277
251,16764.0,49722.0,0.33715457946180766,665.0,0.665,0.0,0.0,665.0,0.665,16.0,15164.0,17.0,983.0,0.0,15164.0,1000,0,1000,984,0,0,0,16,0.12100637494586408,26280.373046875,-0.019042665138840675,52560.80078125,0.3122537136077881,0.02325
252,40152.0,49784.0,0.8065241844769404,194.0,0.194,0.0,0.0,194.0,0.194,47.0,35452.0,537.0,463.0,0.0,35452.0,1000,0,1000,953,0,0,0,47,0.11920487496536225,55248.01953125,-0.11445880681276321,110496.2734375,0.2508305013179779,0.023223
253,41937.0,48862.0,0.8582743236052556,118.0,0.118,0.0,0.0,118.0,0.118,56.0,36337.0,853.0,0.0,147.0,36337.0,1000,0,1000,944,0,0,0,56,0.11908833298366517,59272.54296875,-0.04877563938498497,118545.1875,0.20429672300815582,0.023195999999999998
254,44374.0,50375.0,0.8808734491315137,115.0,0.115,0.0,0.0,115.0,0.115,63.0,38074.0,6.0,0.0,994.0,38074.0,1000,0,1000,937,0,0,0,63,0.12019520904868841,44755.79296875,0.10346394032239914,89511.390625,0.21625372767448425,0.023169
255,45102.0,50350.0,0.8957696127110228,88.0,0.088,0.0,0.0,88.0,0.088,61.0,39002.0,599.0,401.0,0.0,39002.0,1000,0,1000,937,0,0,0,63,0.11757445789407939,42261.5078125,-0.017616212368011475,84523.0703125,0.27164581418037415,0.023142
256,45033.0,49763.0,0.9049494604424975,85.0,0.085,0.0,0.0,85.0,0.085,75.0,37533.0,696.0,0.0,304.0,37533.0,1000,0,1000,925,0,0,0,75,0.11721775005571544,37507.0,0.08403357118368149,75013.84375,0.28842779994010925,0.023115
257,47545.0,49867.0,0.9534361401327531,45.0,0.045,0.0,0.0,45.0,0.045,84.0,39145.0,269.0,79.0,652.0,39145.0,1000,0,1000,915,0,0,0,85,0.11726420803461224,45286.7109375,0.05616587772965431,90573.328125,0.3095778822898865,0.023087999999999997
258,47168.0,49936.0,0.9445690483819289,50.0,0.05,0.0,0.0,50.0,0.05,98.0,37368.0,914.0,86.0,0.0,37368.0,1000,0,1000,902,0,0,0,98,0.11886141705326736,48440.546875,0.08347751200199127,96880.9453125,0.29775869846343994,0.023060999999999998
259,47792.0,50304.0,0.9500636132315522,48.0,0.048,0.0,0.0,48.0,0.048,98.0,37992.0,37.0,0.0,963.0,37992.0,1000,0,1000,902,0,0,0,98,0.1194543750025332,37749.109375,0.03846132382750511,75498.15625,0.3156591057777405,0.023034
260,50115.0,50703.0,0.9884030530737826,10.0,0.01,0.0,0.0,10.0,0.01,120.0,38115.0,805.0,195.0,0.0,38115.0,1000,0,1000,879,0,0,0,121,0.12028725002892315,25509.31640625,-0.06484601646661758,51018.77734375,0.36488795280456543,0.023007
261,47979.0,49771.0,0.9639950975467642,29.0,0.029,0.0,0.0,29.0,0.029,103.0,37679.0,395.0,0.0,605.0,37679.0,1000,0,1000,896,0,0,0,104,0.11697016598191112,35705.19140625,-0.01567702181637287,71410.4375,0.43469467759132385,0.02298
262,49287.0,49619.0,0.9933090146919527,6.0,0.006,0.0,0.0,6.0,0.006,175.0,31787.0,839.0,161.0,0.0,31787.0,1000,0,1000,824,0,0,0,176,0.11694708303548396,15233.935546875,-0.061230238527059555,30468.015625,0.4629414677619934,0.022952999999999998
263,49312.0,50185.0,0.9826043638537412,16.0,0.016,0.0,0.0,16.0,0.016,120.0,37312.0,530.0,0.0,470.0,37312.0,1000,0,1000,880,0,0,0,120,0.11948029207997024,30553.828125,0.11189738661050797,61107.44140625,0.16247910261154175,0.022926
264,45436.0,49659.0,0.9149600273867778,76.0,0.076,0.0,0.0,76.0,0.076,76.0,37836.0,412.0,588.0,0.0,37836.0,1000,0,1000,924,0,0,0,76,0.11846341704949737,45734.95703125,-0.0015136763686314225,91469.9296875,0.30845052003860474,0.022899
265,46385.0,49729.0,0.9327555349996983,61.0,0.061,0.0,0.0,61.0,0.061,90.0,37385.0,24.0,43.0,933.0,37385.0,1000,0,1000,909,0,0,0,91,0.11881545803043991,36976.77734375,0.024123409762978554,73953.5234375,0.30524858832359314,0.022871999999999997
266,49217.0,50002.0,0.984300627974881,13.0,0.013,0.0,0.0,13.0,0.013,120.0,37217.0,635.0,365.0,0.0,37217.0,1000,0,1000,879,0,0,0,121,0.11670358304399997,28870.51171875,0.020601820200681686,57740.984375,0.11287123709917068,0.022844999999999997
267,41705.0,51911.0,0.8033942709637649,189.0,0.189,0.0,0.0,189.0,0.189,56.0,36105.0,554.0,446.0,0.0,36105.0,1000,0,1000,944,0,0,0,56,0.11972354108002037,42220.921875,0.044219810515642166,84441.7734375,0.30799630284309387,0.022817999999999998
268,46163.0,49558.0,0.9314944105896121,46.0,0.046,0.0,0.0,46.0,0.046,89.0,37263.0,443.0,557.0,0.0,37263.0,1000,0,1000,911,0,0,0,89,0.11606941593345255,39205.05078125,0.0056962864473462105,78410.109375,0.2749194800853729,0.022791
269,49885.0,50191.0,0.9939032894343608,8.0,0.008,0.0,0.0,8.0,0.008,120.0,37885.0,324.0,676.0,0.0,37885.0,1000,0,1000,879,0,0,0,121,0.1201847909251228,32617.962890625,0.08328796178102493,65235.7734375,0.35075122117996216,0.022764
270,47771.0,49864.0,0.9580258302583026,41.0,0.041,0.0,0.0,41.0,0.041,124.0,35371.0,365.0,635.0,0.0,35371.0,1000,0,1000,876,0,0,0,124,0.1166139169363305,29403.763671875,0.017225656658411026,58807.50390625,0.2411879599094391,0.022737
271,47899.0,49800.0,0.9618273092369478,37.0,0.037,0.0,0.0,37.0,0.037,108.0,37099.0,676.0,60.0,264.0,37099.0,1000,0,1000,892,0,0,0,108,0.11909391602966934,25505.572265625,-0.023370910435914993,51011.2109375,0.4164167046546936,0.022709999999999998
272,48760.0,50091.0,0.973428360384101,22.0,0.022,0.0,0.0,22.0,0.022,142.0,34560.0,221.0,46.0,733.0,34560.0,1000,0,1000,858,0,0,0,142,0.11783754103817046,21369.48828125,-0.026335181668400764,42739.0546875,0.5895162224769592,0.022683
273,50669.0,51084.0,0.9918761255970558,9.0,0.009,0.0,0.0,9.0,0.009,158.0,34869.0,737.0,263.0,0.0,34869.0,1000,0,1000,842,0,0,0,158,0.11755462503060699,30895.125,0.14060896635055542,61789.96875,0.02249104157090187,0.022656
274,20733.0,50466.0,0.4108310545713946,561.0,0.561,0.0,0.0,561.0,0.561,21.0,18633.0,436.0,564.0,0.0,18633.0,1000,0,1000,979,0,0,0,21,0.11900866695214063,35463.15625,-0.01505465991795063,70926.34375,0.07203119993209839,0.022628999999999996
275,14845.0,51224.0,0.2898055598937998,713.0,0.713,0.0,0.0,713.0,0.713,15.0,13345.0,839.0,161.0,0.0,13345.0,1000,0,1000,985,0,0,0,15,0.11845762503799051,34208.23828125,0.023001456633210182,68416.4375,0.19262222945690155,0.022601999999999997
276,35998.0,50936.0,0.7067300141353856,300.0,0.3,0.0,0.0,300.0,0.3,39.0,32098.0,3.0,997.0,0.0,32098.0,1000,0,1000,960,0,0,0,40,0.11949416704010218,34503.8515625,-0.06855389475822449,69007.8671875,0.47018373012542725,0.022574999999999998
277,49942.0,50526.0,0.9884415944266318,9.0,0.009,0.0,0.0,9.0,0.009,126.0,37342.0,855.0,145.0,0.0,37342.0,1000,0,1000,874,0,0,0,126,0.11702050000894815,23114.375,-0.004612250719219446,46228.7734375,0.3572732210159302,0.022548
278,49015.0,49282.0,0.9945822003977112,4.0,0.004,0.0,0.0,4.0,0.004,184.0,30615.0,881.0,119.0,0.0,30615.0,1000,0,1000,816,0,0,0,184,0.11823583301156759,32521.587890625,0.02684800513088703,65043.12890625,0.17439672350883484,0.022521
279,45248.0,48961.0,0.9241641306345867,76.0,0.076,0.0,0.0,76.0,0.076,88.0,36448.0,755.0,245.0,0.0,36448.0,1000,0,1000,912,0,0,0,88,0.11710479203611612,23774.251953125,0.12798628211021423,47548.2578125,0.28097447752952576,0.022494
280,46402.0,50953.0,0.9106823935783958,78.0,0.078,0.0,0.0,78.0,0.078,85.0,37902.0,818.0,20.0,162.0,37902.0,1000,0,1000,915,0,0,0,85,0.12059687497094274,27223.955078125,0.06332473456859589,54447.80078125,0.30889442563056946,0.022466999999999997
281,47802.0,50275.0,0.950810542018896,47.0,0.047,0.0,0.0,47.0,0.047,93.0,38502.0,827.0,173.0,0.0,38502.0,1000,0,1000,906,0,0,0,94,0.11703399999532849,24135.44921875,-0.07136774808168411,48271.05859375,0.31766200065612793,0.022439999999999998
282,45360.0,50458.0,0.898965476237663,94.0,0.094,0.0,0.0,94.0,0.094,71.0,38260.0,698.0,302.0,0.0,38260.0,1000,0,1000,928,0,0,0,72,0.11610670806840062,35109.15625,-0.017044860869646072,70218.359375,0.3294435739517212,0.022413
283,50606.0,51447.0,0.9836530798686026,17.0,0.017,0.0,0.0,17.0,0.017,134.0,37206.0,845.0,155.0,0.0,37206.0,1000,0,1000,865,0,0,0,135,0.11862883309368044,20327.640625,0.012671164236962795,40655.265625,0.14276975393295288,0.022386
284,44460.0,50549.0,0.8795426220103266,121.0,0.121,0.0,0.0,121.0,0.121,66.0,37860.0,364.0,636.0,0.0,37860.0,1000,0,1000,931,0,0,0,69,0.11678554199170321,32893.5390625,0.006051663774996996,65787.078125,0.3427005410194397,0.022359
285,47762.0,49693.0,0.9611414082466343,26.0,0.026,0.0,0.0,26.0,0.026,112.0,36562.0,488.0,512.0,0.0,36562.0,1000,0,1000,887,0,0,0,113,0.12712562491651624,30374.3828125,0.04741484671831131,60748.671875,0.024084312841296196,0.022331999999999998
286,11892.0,49912.0,0.23825933643212052,757.0,0.757,0.0,0.0,757.0,0.757,11.0,10792.0,0.0,1000.0,0.0,10792.0,1000,0,1000,989,0,0,0,11,0.11646166699938476,33836.07421875,-0.015989987179636955,67672.1796875,0.02662009187042713,0.022305
287,7925.0,50462.0,0.15704886845547145,844.0,0.844,0.0,0.0,844.0,0.844,7.0,7225.0,2.0,998.0,0.0,7225.0,1000,0,1000,993,0,0,0,7,0.12075408303644508,35685.8828125,-0.03877656161785126,71371.84375,0.04744001105427742,0.022278
288,12737.0,49899.0,0.2552556163450169,743.0,0.743,0.0,0.0,743.0,0.743,12.0,11537.0,16.0,984.0,0.0,11537.0,1000,0,1000,988,0,0,0,12,0.11628537497017533,36143.03125,-0.00887360516935587,72286.078125,0.0836932435631752,0.022251
289,22020.0,49551.0,0.4443906278379851,550.0,0.55,0.0,0.0,550.0,0.55,22.0,19820.0,303.0,697.0,0.0,19820.0,1000,0,1000,978,0,0,0,22,0.11894983402453363,24619.359375,-0.019242890179157257,49238.765625,0.1739269345998764,0.022224
290,31485.0,49969.0,0.6300906562068482,369.0,0.369,0.0,0.0,369.0,0.369,38.0,27685.0,10.0,990.0,0.0,27685.0,1000,0,1000,962,0,0,0,38,0.11764325003605336,23612.6484375,-0.0239421296864748,47225.3515625,0.18587608635425568,0.022197
291,36975.0,50454.0,0.7328457604947081,251.0,0.251,0.0,0.0,251.0,0.251,44.0,32575.0,58.0,942.0,0.0,32575.0,1000,0,1000,956,0,0,0,44,0.13687841698992997,25633.490234375,-0.07093232125043869,51267.13671875,0.3650696873664856,0.02217
292,47413.0,49091.0,0.9658185818174411,32.0,0.032,0.0,0.0,32.0,0.032,97.0,37713.0,861.0,36.0,103.0,37713.0,1000,0,1000,900,0,0,0,100,0.1200005830032751,33213.1015625,-0.008157613687217236,66426.234375,0.3301508128643036,0.022143
293,47061.0,50970.0,0.9233078281341965,63.0,0.063,0.0,0.0,63.0,0.063,103.0,36761.0,364.0,636.0,0.0,36761.0,1000,0,1000,895,0,0,0,105,0.1190575830405578,19501.798828125,-0.048310477286577225,39003.71484375,0.457827627658844,0.022116
294,49623.0,50130.0,0.9898862956313584,6.0,0.006,0.0,0.0,6.0,0.006,189.0,30723.0,107.0,893.0,0.0,30723.0,1000,0,1000,811,0,0,0,189,0.1175862499512732,18807.86328125,0.0422624796628952,37615.66015625,0.40589529275894165,0.022088999999999998
295,49905.0,50273.0,0.9926799673781155,7.0,0.007,0.0,0.0,7.0,0.007,181.0,31805.0,625.0,375.0,0.0,31805.0,1000,0,1000,819,0,0,0,181,0.11979220807552338,17582.208984375,-0.004482760559767485,35164.44140625,0.3769065737724304,0.022062
296,48025.0,49844.0,0.963506139154161,30.0,0.03,0.0,0.0,30.0,0.03,154.0,32625.0,616.0,66.0,318.0,32625.0,1000,0,1000,843,0,0,0,157,0.11802841606549919,19773.908203125,0.15173861384391785,39547.51171875,0.0003230716974940151,0.022035
297,995.0,49913.0,0.019934686354256406,981.0,0.981,0.0,0.0,981.0,0.981,0.0,995.0,5.0,995.0,0.0,995.0,1000,0,1000,1000,0,0,0,0,0.3274394581094384,41956.94140625,-0.05175541713833809,83913.984375,1.5787494703545235e-05,0.022008
298,978.0,49609.0,0.019714164768489587,983.0,0.983,0.0,0.0,983.0,0.983,0.0,978.0,22.0,978.0,0.0,978.0,1000,0,1000,1000,0,0,0,0,0.12365050008520484,40043.51171875,0.006500042509287596,80087.0078125,6.19737238594098e-06,0.021981
299,981.0,49629.0,0.019766668681617604,976.0,0.976,0.0,0.0,976.0,0.976,0.0,981.0,19.0,981.0,0.0,981.0,1000,0,1000,1000,0,0,0,0,0.11931970797013491,34668.5625,-0.03736909106373787,69337.203125,8.078699465841055e-06,0.021954
300,1000.0,48893.0,0.02045282555785082,982.0,0.982,0.0,0.0,982.0,0.982,0.0,1000.0,0.0,1000.0,0.0,1000.0,1000,0,1000,1000,0,0,0,0,0.12279537506401539,32672.208984375,0.018245404586195946,65344.3828125,1.2942134162585717e-05,0.021927
301,999.0,48393.0,0.02064348149525758,979.0,0.979,0.0,0.0,979.0,0.979,0.0,999.0,1.0,999.0,0.0,999.0,1000,0,1000,1000,0,0,0,0,0.12772174994461238,29088.345703125,-0.0572890006005764,58176.8046875,2.059743201243691e-05,0.0219
302,978.0,49695.0,0.019680048294597043,976.0,0.976,0.0,0.0,976.0,0.976,0.0,978.0,22.0,978.0,0.0,978.0,1000,0,1000,1000,0,0,0,0,0.12044133408926427,27604.244140625,-0.03534494340419769,55208.55859375,2.3442717065336183e-05,0.021873
303,985.0,49354.0,0.019957855492969162,981.0,0.981,0.0,0.0,981.0,0.981,0.0,985.0,15.0,985.0,0.0,985.0,1000,0,1000,1000,0,0,0,0,0.12793145899195224,28330.001953125,0.10619448125362396,56659.79296875,3.495198325254023e-05,0.021845999999999997
304,999.0,52580.0,0.01899961962723469,982.0,0.982,0.0,0.0,982.0,0.982,0.0,999.0,1.0,999.0,0.0,999.0,1000,0,1000,1000,0,0,0,0,0.13084212504327297,23774.8046875,-0.0365886352956295,47549.68359375,6.35018659522757e-05,0.021818999999999998
305,975.0,49663.0,0.01963232184926404,980.0,0.98,0.0,0.0,980.0,0.98,0.0,975.0,25.0,975.0,0.0,975.0,1000,0,1000,1000,0,0,0,0,0.12216129200533032,22032.083984375,-0.04192061349749565,44064.25,6.908820796525106e-05,0.021792
306,1000.0,51717.0,0.01933600170156815,979.0,0.979,0.0,0.0,979.0,0.979,0.0,1000.0,0.0,1000.0,0.0,1000.0,1000,0,1000,1000,0,0,0,0,0.12738820910453796,19812.09765625,-0.0035495017655193806,39624.203125,0.00012110191892134026,0.021765
307,999.0,50261.0,0.019876245995901393,982.0,0.982,0.0,0.0,982.0,0.982,0.0,999.0,1.0,999.0,0.0,999.0,1000,0,1000,1000,0,0,0,0,0.12733704200945795,18461.154296875,-0.032553814351558685,36922.375,0.00019808034994639456,0.021738
308,985.0,48342.0,0.020375656778784494,981.0,0.981,0.0,0.0,981.0,0.981,0.0,985.0,15.0,985.0,0.0,985.0,1000,0,1000,1000,0,0,0,0,0.12158183299470693,17597.849609375,0.03134775906801224,35195.63671875,0.00023285091447178274,0.021711
309,996.0,50270.0,0.019813009747364232,980.0,0.98,0.0,0.0,980.0,0.98,0.0,996.0,4.0,996.0,0.0,996.0,1000,0,1000,1000,0,0,0,0,0.13138199993409216,16192.0302734375,0.040590737015008926,32383.978515625,0.000355716998456046,0.021684
310,1000.0,50829.0,0.019673808259064708,973.0,0.973,0.0,0.0,973.0,0.973,0.0,1000.0,0.0,1000.0,0.0,1000.0,1000,0,1000,1000,0,0,0,0,0.1290881250752136,13793.80078125,-0.0074123842641711235,27587.6171875,0.0005268860259093344,0.021657
311,1000.0,48696.0,0.02053556760308855,977.0,0.977,0.0,0.0,977.0,0.977,0.0,1000.0,0.0,1000.0,0.0,1000.0,1000,0,1000,1000,0,0,0,0,0.12264079204760492,12178.759765625,-0.10949987918138504,24357.73828125,0.0007750607910566032,0.021629999999999996
312,998.0,49860.0,0.020016044925792217,980.0,0.98,0.0,0.0,980.0,0.98,0.0,998.0,2.0,998.0,0.0,998.0,1000,0,1000,1000,0,0,0,0,0.12423087493516505,12636.1064453125,0.10660554468631744,25272.0,0.0010009404504671693,0.021602999999999997
313,1000.0,50667.0,0.019736712258471983,984.0,0.984,0.0,0.0,984.0,0.984,0.0,1000.0,0.0,1000.0,0.0,1000.0,1000,0,1000,1000,0,0,0,0,0.1294929999858141,10300.923828125,-0.02614384889602661,20601.900390625,0.0014673186233267188,0.021575999999999998
314,1000.0,51179.0,0.01953926415131206,976.0,0.976,0.0,0.0,976.0,0.976,0.0,1000.0,0.0,1000.0,0.0,1000.0,1000,0,1000,1000,0,0,0,0,0.13419412495568395,9890.4853515625,0.03498660400509834,19780.900390625,0.0018405836308375,0.021549
315,1000.0,49018.0,0.020400669141947856,977.0,0.977,0.0,0.0,977.0,0.977,0.0,1000.0,0.0,1000.0,0.0,1000.0,1000,0,1000,1000,0,0,0,0,0.13133841601666063,8648.8837890625,0.004976848140358925,17297.7578125,0.0027640322223305702,0.021522
316,999.0,49575.0,0.02015128593040847,981.0,0.981,0.0,0.0,981.0,0.981,0.0,999.0,1.0,999.0,0.0,999.0,1000,0,1000,1000,0,0,0,0,0.1280514580430463,7185.732421875,-0.03269287943840027,14371.5302734375,0.0037233764305710793,0.021495
317,997.0,49864.0,0.019994384726455962,978.0,0.978,0.0,0.0,978.0,0.978,0.0,997.0,3.0,997.0,0.0,997.0,1000,0,1000,1000,0,0,0,0,0.12214049999602139,6673.60888671875,-0.026629937812685966,13347.271484375,0.005259839817881584,0.021468
318,996.0,50349.0,0.01978192218316153,981.0,0.981,0.0,0.0,981.0,0.981,0.0,996.0,4.0,996.0,0.0,996.0,1000,0,1000,1000,0,0,0,0,0.12811199994757771,5610.69091796875,-0.1332833468914032,11221.6484375,0.006955476477742195,0.021440999999999998
319,1998.0,48681.0,0.041042706600110924,952.0,0.952,0.0,0.0,952.0,0.952,1.0,1898.0,0.0,1000.0,0.0,1898.0,1000,0,1000,999,0,0,0,1,0.13344612496439368,5056.0693359375,0.02147500216960907,10112.095703125,0.010883154347538948,0.021414
320,3992.0,51871.0,0.07696015114418461,911.0,0.911,0.0,0.0,911.0,0.911,3.0,3692.0,2.0,998.0,0.0,3692.0,1000,0,1000,997,0,0,0,3,0.13920591701753438,6233.32275390625,0.011919422075152397,12466.623046875,0.016584929078817368,0.021386999999999996
321,1998.0,50353.0,0.03967986018707922,960.0,0.96,0.0,0.0,960.0,0.96,1.0,1898.0,2.0,998.0,0.0,1898.0,1000,0,1000,999,0,0,0,1,0.1233665409963578,4058.357177734375,-0.0042702495120465755,8116.72412109375,0.03237384557723999,0.021359999999999997
322,4981.0,51079.0,0.09751561306995046,895.0,0.895,0.0,0.0,895.0,0.895,4.0,4581.0,3.0,997.0,0.0,4581.0,1000,0,1000,996,0,0,0,4,0.13339095807168633,4772.53662109375,0.011587945744395256,9545.052734375,0.06414049118757248,0.021332999999999998
323,14880.0,51041.0,0.29153033835543973,698.0,0.698,0.0,0.0,698.0,0.698,14.0,13480.0,2.0,998.0,0.0,13480.0,1000,0,1000,986,0,0,0,14,0.4336280000861734,19141.525390625,-0.06245051324367523,38283.1796875,0.0834110826253891,0.021306
324,19665.0,48306.0,0.40709228667246306,578.0,0.578,0.0,0.0,578.0,0.578,19.0,17765.0,8.0,992.0,0.0,17765.0,1000,0,1000,981,0,0,0,19,0.14064054191112518,19980.130859375,-0.12027478963136673,39960.5078125,0.11581531167030334,0.021279
325,23043.0,50171.0,0.4592892308305595,531.0,0.531,0.0,0.0,531.0,0.531,23.0,20743.0,675.0,325.0,0.0,20743.0,1000,0,1000,977,0,0,0,23,0.12584120803512633,24309.890625,-0.01761331595480442,48619.82421875,0.15283715724945068,0.021252
326,27451.0,49495.0,0.5546216789574705,438.0,0.438,0.0,0.0,438.0,0.438,27.0,24751.0,18.0,982.0,0.0,24751.0,1000,0,1000,973,0,0,0,27,0.13126508297864348,27559.62109375,0.04656533896923065,55119.15625,0.2092733383178711,0.021225
327,38582.0,49611.0,0.7776904315575175,215.0,0.215,0.0,0.0,215.0,0.215,45.0,34082.0,193.0,42.0,765.0,34082.0,1000,0,1000,954,0,0,0,46,0.12579258298501372,50384.4296875,-0.0176535677164793,100768.90625,0.19644364714622498,0.021197999999999998
328,40970.0,50175.0,0.8165421026407573,177.0,0.177,0.0,0.0,177.0,0.177,49.0,36070.0,457.0,543.0,0.0,36070.0,1000,0,1000,951,0,0,0,49,0.12414866592735052,53007.8828125,-0.05337067320942879,106015.8828125,0.2422078400850296,0.021171
329,44484.0,50551.0,0.8799825918379458,114.0,0.114,0.0,0.0,114.0,0.114,70.0,37484.0,814.0,186.0,0.0,37484.0,1000,0,1000,928,0,0,0,72,0.1260138750076294,50733.07421875,0.027360184118151665,101466.1015625,0.25393494963645935,0.021143999999999996
330,45351.0,49740.0,0.9117611580217129,73.0,0.073,0.0,0.0,73.0,0.073,77.0,37651.0,676.0,324.0,0.0,37651.0,1000,0,1000,923,0,0,0,77,0.1336927079828456,52386.9453125,-0.04258216544985771,104773.9921875,0.2875325679779053,0.021116999999999997
331,46139.0,49099.0,0.9397136397889977,50.0,0.05,0.0,0.0,50.0,0.05,87.0,37439.0,517.0,483.0,0.0,37439.0,1000,0,1000,911,0,0,0,89,0.13023125007748604,41808.0078125,-0.014374109916388988,83616.0625,0.29395630955696106,0.021089999999999998
332,48874.0,49804.0,0.9813268010601558,17.0,0.017,0.0,0.0,17.0,0.017,96.0,39274.0,480.0,520.0,0.0,39274.0,1000,0,1000,904,0,0,0,96,0.1240717499749735,43070.5234375,-0.0031839022412896156,86141.0703125,0.3048829138278961,0.021063
333,47782.0,49426.0,0.966738154008012,30.0,0.03,0.0,0.0,30.0,0.03,104.0,37382.0,595.0,405.0,0.0,37382.0,1000,0,1000,895,0,0,0,105,0.13734708400443196,36421.62109375,-0.0651683360338211,72843.390625,0.36702874302864075,0.021036
334,49613.0,50334.0,0.9856756864147495,13.0,0.013,0.0,0.0,13.0,0.013,122.0,37413.0,251.0,0.0,749.0,37413.0,1000,0,1000,878,0,0,0,122,0.1509933329652995,30248.55859375,-0.002809286117553711,60497.13671875,0.34597301483154297,0.021009
335,51716.0,53527.0,0.9661666075064921,33.0,0.033,0.0,0.0,33.0,0.033,122.0,39516.0,5.0,87.0,908.0,39516.0,1000,0,1000,877,0,0,0,123,0.15218791598454118,39303.56640625,0.019412612542510033,78607.109375,0.37988871335983276,0.020982
336,49050.0,49784.0,0.9852563072473084,13.0,0.013,0.0,0.0,13.0,0.013,153.0,33750.0,754.0,246.0,0.0,33750.0,1000,0,1000,847,0,0,0,153,0.14561033307109028,24452.5234375,0.01394212618470192,48905.03515625,0.36038076877593994,0.020954999999999998
337,49041.0,50354.0,0.9739246137347579,24.0,0.024,0.0,0.0,24.0,0.024,110.0,38041.0,464.0,536.0,0.0,38041.0,1000,0,1000,889,0,0,0,111,0.13827445800416172,28638.126953125,-0.028226157650351524,57276.328125,0.42298027873039246,0.020928
338,49595.0,50359.0,0.984828928294843,13.0,0.013,0.0,0.0,13.0,0.013,144.0,35195.0,824.0,176.0,0.0,35195.0,1000,0,1000,856,0,0,0,144,0.12110970797948539,24002.623046875,0.04160932078957558,48005.1796875,0.37827160954475403,0.020900999999999996
339,49192.0,49922.0,0.9853771884139257,14.0,0.014,0.0,0.0,14.0,0.014,133.0,35892.0,887.0,77.0,36.0,35892.0,1000,0,1000,866,0,0,0,134,0.13093350001145154,23872.71875,0.04244005307555199,47745.36328125,0.29456889629364014,0.020873999999999997
340,51139.0,52308.0,0.9776516020493997,18.0,0.018,0.0,0.0,18.0,0.018,115.0,39639.0,838.0,162.0,0.0,39639.0,1000,0,1000,884,0,0,0,116,0.12708662496879697,28696.78125,0.11122078448534012,57393.3515625,0.3191535472869873,0.020846999999999997
341,48970.0,50652.0,0.966793019031825,29.0,0.029,0.0,0.0,29.0,0.029,107.0,38270.0,878.0,122.0,0.0,38270.0,1000,0,1000,891,0,0,0,109,0.13243212504312396,30787.91796875,-0.03443317487835884,61575.91796875,0.29885178804397583,0.020819999999999998
342,46277.0,48921.0,0.94595368042354,37.0,0.037,0.0,0.0,37.0,0.037,93.0,36977.0,510.0,490.0,0.0,36977.0,1000,0,1000,907,0,0,0,93,0.12592387502081692,33271.78125,-0.020339377224445343,66543.6171875,0.3145744800567627,0.020793
343,46399.0,49788.0,0.9319313890897405,66.0,0.066,0.0,0.0,66.0,0.066,91.0,37299.0,806.0,0.0,194.0,37299.0,1000,0,1000,908,0,0,0,92,0.1272865409264341,35762.8203125,-0.023797841742634773,71525.703125,0.2880708873271942,0.020766
344,47445.0,50125.0,0.9465336658354114,51.0,0.051,0.0,0.0,51.0,0.051,86.0,38845.0,633.0,97.0,270.0,38845.0,1000,0,1000,914,0,0,0,86,0.12692750000860542,30864.126953125,-0.022347722202539444,61728.30859375,0.2942412793636322,0.020739
345,47884.0,50087.0,0.95601653123565,39.0,0.039,0.0,0.0,39.0,0.039,95.0,38384.0,692.0,0.0,308.0,38384.0,1000,0,1000,902,0,0,0,98,0.12420383293647319,33283.7890625,0.02859552949666977,66567.53125,0.24983961880207062,0.020712
346,45819.0,49588.0,0.9239937081551989,68.0,0.068,0.0,0.0,68.0,0.068,76.0,38219.0,697.0,303.0,0.0,38219.0,1000,0,1000,924,0,0,0,76,0.12930450006388128,28623.36328125,0.10231015086174011,57246.53515625,0.3043188750743866,0.020685000000000002
347,47006.0,49659.0,0.9465756459050726,45.0,0.045,0.0,0.0,45.0,0.045,91.0,37906.0,484.0,516.0,0.0,37906.0,1000,0,1000,907,0,0,0,93,0.12438962503802031,35957.90625,-0.0634312704205513,71915.953125,0.3204018473625183,0.020658
348,48518.0,50175.0,0.9669755854509218,31.0,0.031,0.0,0.0,31.0,0.031,109.0,37618.0,840.0,160.0,0.0,37618.0,1000,0,1000,890,0,0,0,110,0.12729983404278755,32348.09765625,0.027968965470790863,64696.15625,0.3875097930431366,0.020631
349,45328.0,50930.0,0.8900058904378558,102.0,0.102,0.0,0.0,102.0,0.102,71.0,38228.0,829.0,171.0,0.0,38228.0,1000,0,1000,929,0,0,0,71,0.12845920806284994,34002.8203125,0.0005255978903733194,68005.6484375,0.12580028176307678,0.020603999999999997
350,43722.0,51026.0,0.8568572884411868,127.0,0.127,0.0,0.0,127.0,0.127,59.0,37822.0,29.0,971.0,0.0,37822.0,1000,0,1000,941,0,0,0,59,0.12526970892213285,27310.830078125,0.042458370327949524,54621.5859375,0.3056780695915222,0.020576999999999998
351,46401.0,49407.0,0.9391584188475317,54.0,0.054,0.0,0.0,54.0,0.054,81.0,38301.0,725.0,275.0,0.0,38301.0,1000,0,1000,918,0,0,0,82,0.1289017079398036,38590.98046875,-0.0011809674324467778,77181.9765625,0.3160029351711273,0.02055
352,49999.0,50425.0,0.991551809618245,7.0,0.007,0.0,0.0,7.0,0.007,122.0,37799.0,374.0,626.0,0.0,37799.0,1000,0,1000,878,0,0,0,122,0.12821433402132243,32516.375,0.06600138545036316,65032.62109375,0.10297668725252151,0.020523
353,38121.0,49637.0,0.767995648407438,219.0,0.219,0.0,0.0,219.0,0.219,44.0,33721.0,67.0,933.0,0.0,33721.0,1000,0,1000,956,0,0,0,44,0.13046112505253404,36041.6171875,-0.07074496150016785,72083.3828125,0.2111792117357254,0.020496
354,38177.0,49974.0,0.7639372473686317,228.0,0.228,0.0,0.0,228.0,0.228,48.0,33377.0,630.0,370.0,0.0,33377.0,1000,0,1000,951,0,0,0,49,0.12575770798139274,32617.951171875,0.0805315151810646,65235.75390625,0.28719913959503174,0.020469
355,42708.0,47999.0,0.8897685368445176,90.0,0.09,0.0,0.0,90.0,0.09,73.0,35408.0,936.0,64.0,0.0,35408.0,1000,0,1000,927,0,0,0,73,0.12841733393725008,35452.4609375,0.06395159661769867,70904.8046875,0.27083876729011536,0.020442000000000002
356,46053.0,51631.0,0.8919641300768918,86.0,0.086,0.0,0.0,86.0,0.086,82.0,37853.0,804.0,196.0,0.0,37853.0,1000,0,1000,917,0,0,0,83,0.1281569169368595,28662.455078125,0.02420545183122158,57324.875,0.2676926553249359,0.020415
357,45640.0,49042.0,0.9306308878104482,64.0,0.064,0.0,0.0,64.0,0.064,86.0,37040.0,783.0,217.0,0.0,37040.0,1000,0,1000,913,0,0,0,87,0.12476466700900346,26464.44921875,0.06542171537876129,52928.77734375,0.2185305655002594,0.020388
358,45094.0,50233.0,0.89769673322318,98.0,0.098,0.0,0.0,98.0,0.098,79.0,37194.0,0.0,58.0,942.0,37194.0,1000,0,1000,921,0,0,0,79,0.12750225001946092,21756.123046875,-0.053621046245098114,43512.36328125,0.2546362578868866,0.020360999999999997
359,45849.0,49259.0,0.9307740717432348,73.0,0.073,0.0,0.0,73.0,0.073,93.0,36549.0,618.0,382.0,0.0,36549.0,1000,0,1000,907,0,0,0,93,0.13262225000653416,25412.615234375,0.0315956175327301,50825.171875,0.07628567516803741,0.020333999999999998
360,28951.0,50191.0,0.5768165607379809,418.0,0.418,0.0,0.0,418.0,0.418,30.0,25951.0,47.0,953.0,0.0,25951.0,1000,0,1000,970,0,0,0,30,0.12723962496966124,20074.775390625,-0.03655250370502472,40149.6328125,0.22345668077468872,0.020307
361,34406.0,50441.0,0.6821038440950814,310.0,0.31,0.0,0.0,310.0,0.31,42.0,30206.0,369.0,631.0,0.0,30206.0,1000,0,1000,957,0,0,0,43,0.13078020804096013,31166.61328125,0.095052070915699,62333.05078125,0.41122937202453613,0.02028
362,43911.0,50828.0,0.8639135909341308,127.0,0.127,0.0,0.0,127.0,0.127,77.0,36211.0,451.0,549.0,0.0,36211.0,1000,0,1000,923,0,0,0,77,0.12367875000927597,21207.255859375,0.015034862793982029,42414.4921875,0.3200612962245941,0.020253
363,44295.0,49936.0,0.8870354053188081,109.0,0.109,0.0,0.0,109.0,0.109,72.0,37095.0,540.0,460.0,0.0,37095.0,1000,0,1000,927,0,0,0,73,0.12866329099051654,25936.27734375,-0.012643328867852688,51872.58984375,0.33783432841300964,0.020226
364,45359.0,48442.0,0.9363568803930473,55.0,0.055,0.0,0.0,55.0,0.055,101.0,35259.0,572.0,39.0,389.0,35259.0,1000,0,1000,899,0,0,0,101,0.12430554197635502,15966.80078125,-0.013458231464028358,31933.62890625,0.007556414697319269,0.020199
365,11934.0,49886.0,0.23922543398949606,744.0,0.744,0.0,0.0,744.0,0.744,11.0,10834.0,7.0,993.0,0.0,10834.0,1000,0,1000,989,0,0,0,11,0.12379199999850243,46438.00390625,0.0373627208173275,92875.9296875,0.039887625724077225,0.020172
366,7058.0,49898.0,0.14144855505230672,860.0,0.86,0.0,0.0,860.0,0.86,7.0,6358.0,15.0,985.0,0.0,6358.0,1000,0,1000,993,0,0,0,7,0.12492070801090449,47156.12109375,0.007233356591314077,94312.2265625,0.08178482949733734,0.020145
367,15661.0,51067.0,0.30667554389331664,690.0,0.69,0.0,0.0,690.0,0.69,15.0,14161.0,30.0,970.0,0.0,14161.0,1000,0,1000,985,0,0,0,15,0.12471195799298584,34292.40234375,0.06388488411903381,68584.6875,0.15560242533683777,0.020117999999999997
368,22382.0,48492.0,0.4615606698012043,500.0,0.5,0.0,0.0,500.0,0.5,25.0,19882.0,195.0,805.0,0.0,19882.0,1000,0,1000,975,0,0,0,25,0.1257695829262957,23996.255859375,0.03482179716229439,47992.45703125,0.3762008547782898,0.020090999999999998
369,43092.0,50103.0,0.8600682593856656,132.0,0.132,0.0,0.0,132.0,0.132,76.0,35492.0,202.0,798.0,0.0,35492.0,1000,0,1000,923,0,0,0,77,0.12565249996259809,21497.427734375,0.12087920308113098,42994.62890625,0.3521113693714142,0.020064
370,46982.0,50710.0,0.9264839282192862,69.0,0.069,0.0,0.0,69.0,0.069,98.0,37182.0,674.0,326.0,0.0,37182.0,1000,0,1000,900,0,0,0,100,0.13155354198534042,16167.2255859375,0.07170695066452026,32334.32421875,0.4065885543823242,0.020037
371,48685.0,49659.0,0.9803862341166757,19.0,0.019,0.0,0.0,19.0,0.019,146.0,34085.0,640.0,0.0,360.0,34085.0,1000,0,1000,853,0,0,0,147,0.12553916708566248,15809.9775390625,-0.04392891377210617,31620.056640625,0.3259107768535614,0.02001
372,46089.0,50282.0,0.9166103178075653,78.0,0.078,0.0,0.0,78.0,0.078,100.0,36089.0,967.0,33.0,0.0,36089.0,1000,0,1000,898,0,0,0,102,0.12509999994654208,17619.33984375,0.04857465997338295,35238.59375,0.3320519030094147,0.019983
373,48313.0,49950.0,0.9672272272272272,30.0,0.03,0.0,0.0,30.0,0.03,104.0,37913.0,837.0,163.0,0.0,37913.0,1000,0,1000,894,0,0,0,106,0.12637512502260506,27843.91796875,0.05683818459510803,55687.734375,0.3296239972114563,0.019956
374,48098.0,49725.0,0.9672800402212167,34.0,0.034,0.0,0.0,34.0,0.034,101.0,37998.0,499.0,501.0,0.0,37998.0,1000,0,1000,899,0,0,0,101,0.12738249998074025,8278.701171875,-0.055700141936540604,16557.525390625,0.29292672872543335,0.019929
375,40965.0,47979.0,0.8538110423310198,144.0,0.144,0.0,0.0,144.0,0.144,59.0,35065.0,40.0,960.0,0.0,35065.0,1000,0,1000,940,0,0,0,60,0.12652687507215887,20453.427734375,0.04410265386104584,40906.765625,0.0021443660371005535,0.019902
376,2478.0,50331.0,0.049234070453597185,945.0,0.945,0.0,0.0,945.0,0.945,2.0,2278.0,2.0,998.0,0.0,2278.0,1000,0,1000,998,0,0,0,2,0.12689933308865875,62503.70703125,-0.016623392701148987,125007.4453125,0.0005156071274541318,0.019874999999999997
377,997.0,50455.0,0.019760182340699633,980.0,0.98,0.0,0.0,980.0,0.98,0.0,997.0,3.0,997.0,0.0,997.0,1000,0,1000,1000,0,0,0,0,0.4056002909783274,59520.69140625,0.02770228683948517,119041.328125,0.00038474283064715564,0.019847999999999998
378,1000.0,49903.0,0.020038875418311525,981.0,0.981,0.0,0.0,981.0,0.981,0.0,1000.0,0.0,1000.0,0.0,1000.0,1000,0,1000,1000,0,0,0,0,0.14014800009317696,56235.66796875,0.054450225085020065,112471.2265625,0.0004514891770668328,0.019821
379,983.0,49715.0,0.01977270441516645,981.0,0.981,0.0,0.0,981.0,0.981,0.0,983.0,17.0,983.0,0.0,983.0,1000,0,1000,1000,0,0,0,0,0.12770733295474201,50929.2109375,0.011509723030030727,101858.3984375,0.0004972897586412728,0.019794
380,999.0,51872.0,0.019258945095619987,986.0,0.986,0.0,0.0,986.0,0.986,0.0,999.0,1.0,999.0,0.0,999.0,1000,0,1000,1000,0,0,0,0,0.12392562499735504,49165.94921875,0.07271774113178253,98331.75,0.0006907280767336488,0.019767
381,998.0,49616.0,0.02011447920025798,977.0,0.977,0.0,0.0,977.0,0.977,0.0,998.0,2.0,998.0,0.0,998.0,1000,0,1000,1000,0,0,0,0,0.12632816703990102,44513.8515625,0.032744940370321274,89027.640625,0.0008699855534359813,0.01974
382,999.0,49948.0,0.02000080083286618,977.0,0.977,0.0,0.0,977.0,0.977,0.0,999.0,1.0,999.0,0.0,999.0,1000,0,1000,1000,0,0,0,0,0.1254213749198243,39466.55078125,-0.03002467192709446,78933.1640625,0.0011476215440779924,0.019713
383,997.0,49768.0,0.020032952901462786,977.0,0.977,0.0,0.0,977.0,0.977,0.0,997.0,3.0,997.0,0.0,997.0,1000,0,1000,1000,0,0,0,0,0.12917595903854817,36832.328125,0.0038775133434683084,73664.6484375,0.0013978680362924933,0.019686
384,1000.0,49393.0,0.02024578381552042,972.0,0.972,0.0,0.0,972.0,0.972,0.0,1000.0,0.0,1000.0,0.0,1000.0,1000,0,1000,1000,0,0,0,0,0.12577924993820488,33001.4140625,-0.04109334573149681,66002.9140625,0.0017715336289256811,0.019659
385,987.0,50688.0,0.019472064393939392,979.0,0.979,0.0,0.0,979.0,0.979,0.0,987.0,13.0,987.0,0.0,987.0,1000,0,1000,1000,0,0,0,0,0.12891970796044916,36137.14453125,0.10322307795286179,72274.0859375,0.0020835786126554012,0.019631999999999997
386,999.0,49941.0,0.020003604253018562,978.0,0.978,0.0,0.0,978.0,0.978,0.0,999.0,1.0,999.0,0.0,999.0,1000,0,1000,1000,0,0,0,0,0.12833004095591605,29590.517578125,-0.020705880597233772,59181.078125,0.002756579779088497,0.019604999999999997
387,988.0,49988.0,0.019764743538449227,979.0,0.979,0.0,0.0,979.0,0.979,0.0,988.0,12.0,988.0,0.0,988.0,1000,0,1000,1000,0,0,0,0,0.12498037505429238,28469.1328125,0.02396615780889988,56938.21875,0.0032977343071252108,0.019577999999999998
388,1000.0,52631.0,0.019000209002299026,978.0,0.978,0.0,0.0,978.0,0.978,0.0,1000.0,0.0,1000.0,0.0,1000.0,1000,0,1000,1000,0,0,0,0,0.12688216706737876,24742.6875,-0.008501933887600899,49485.390625,0.0044415779411792755,0.019551
389,998.0,51659.0,0.01931899572194584,977.0,0.977,0.0,0.0,977.0,0.977,1.0,898.0,2.0,0.0,998.0,898.0,1000,0,1000,999,0,0,0,1,0.1374722080072388,25529.46875,0.07087455689907074,51058.796875,0.004518477711826563,0.019524
390,1979.0,49305.0,0.04013791704695264,961.0,0.961,0.0,0.0,961.0,0.961,1.0,1879.0,2.0,998.0,0.0,1879.0,1000,0,1000,999,0,0,0,1,0.14361508400179446,20772.357421875,-0.05196526274085045,41544.8203125,0.005914691835641861,0.019497
391,993.0,49890.0,0.019903788334335537,974.0,0.974,0.0,0.0,974.0,0.974,0.0,993.0,7.0,993.0,0.0,993.0,1000,0,1000,1000,0,0,0,0,0.13325612503103912,20135.048828125,-0.01755647361278534,40270.1328125,0.007999786175787449,0.01947
392,1973.0,52300.0,0.037724665391969406,967.0,0.967,0.0,0.0,967.0,0.967,1.0,1873.0,18.0,982.0,0.0,1873.0,1000,0,1000,999,0,0,0,1,0.14049829205032438,19086.064453125,-0.030881734564900398,38172.19140625,0.010633209720253944,0.019443
393,994.0,49897.0,0.019921037336914044,979.0,0.979,0.0,0.0,979.0,0.979,0.0,994.0,6.0,994.0,0.0,994.0,1000,0,1000,1000,0,0,0,0,0.12833341606892645,16650.271484375,0.00552064273506403,33300.53125,0.01516561396420002,0.019416
394,2973.0,49373.0,0.06021509732039779,937.0,0.937,0.0,0.0,937.0,0.937,2.0,2773.0,16.0,984.0,0.0,2773.0,1000,0,1000,998,0,0,0,2,0.12426216597668827,15637.63671875,0.08102128654718399,31275.111328125,0.02330726571381092,0.019388999999999997
395,4963.0,50126.0,0.09901049355623828,899.0,0.899,0.0,0.0,899.0,0.899,4.0,4563.0,16.0,984.0,0.0,4563.0,1000,0,1000,996,0,0,0,4,0.12538020801730454,12535.5654296875,0.041249338537454605,25071.05078125,0.03904087841510773,0.019361999999999997
396,8935.0,50191.0,0.17801996373851886,820.0,0.82,0.0,0.0,820.0,0.82,8.0,8135.0,0.0,1000.0,0.0,8135.0,1000,0,1000,992,0,0,0,8,0.12902049999684095,13764.462890625,-0.013561423867940903,27528.95703125,0.08015341311693192,0.019334999999999998
397,10713.0,50079.0,0.21392200323488889,773.0,0.773,0.0,0.0,773.0,0.773,10.0,9713.0,10.0,990.0,0.0,9713.0,1000,0,1000,990,0,0,0,10,0.12385825009550899,10994.3095703125,-0.014777421951293945,21988.658203125,0.26791298389434814,0.019308
398,39130.0,51442.0,0.7606624936822052,233.0,0.233,0.0,0.0,233.0,0.233,45.0,34630.0,837.0,163.0,0.0,34630.0,1000,0,1000,954,0,0,0,46,0.12665125005878508,44598.359375,0.06986168026924133,89196.59375,0.35909217596054077,0.019281
399,46362.0,49903.0,0.9290423421437589,61.0,0.061,0.0,0.0,61.0,0.061,81.0,38262.0,169.0,60.0,771.0,38262.0,1000,0,1000,919,0,0,0,81,0.12437791691627353,42605.58203125,0.06224708631634712,85211.046875,0.29257825016975403,0.019254
400,46726.0,52965.0,0.8822052298687812,97.0,0.097,0.0,0.0,97.0,0.097,86.0,38126.0,12.0,988.0,0.0,38126.0,1000,0,1000,913,0,0,0,87,0.13406970794312656,43963.8671875,-0.05394942685961723,87927.859375,0.3412517011165619,0.019227
401,47800.0,50803.0,0.9408893175599866,57.0,0.057,0.0,0.0,57.0,0.057,96.0,38200.0,474.0,45.0,481.0,38200.0,1000,0,1000,903,0,0,0,97,0.29006820905487984,35031.0703125,0.15733866393566132,70061.84375,0.31247907876968384,0.0192
402,48620.0,51311.0,0.9475551051431467,30.0,0.03,0.0,0.0,30.0,0.03,108.0,37820.0,761.0,239.0,0.0,37820.0,1000,0,1000,892,0,0,0,108,0.21325258410070091,32751.31640625,0.0652613639831543,65502.515625,0.2806779742240906,0.019173
403,47180.0,50534.0,0.9336288439466498,63.0,0.063,0.0,0.0,63.0,0.063,83.0,38880.0,152.0,848.0,0.0,38880.0,1000,0,1000,917,0,0,0,83,0.15668487490620464,33122.265625,0.05370660126209259,66244.4375,0.35084664821624756,0.019145999999999996
404,49578.0,50348.0,0.9847064431556368,13.0,0.013,0.0,0.0,13.0,0.013,114.0,38178.0,844.0,77.0,79.0,38178.0,1000,0,1000,884,0,0,0,116,0.13702745910268277,34202.61328125,-0.04177656024694443,68405.3203125,0.3061087131500244,0.019118999999999997
405,47531.0,49754.0,0.9553201752622905,38.0,0.038,0.0,0.0,38.0,0.038,106.0,36931.0,384.0,616.0,0.0,36931.0,1000,0,1000,894,0,0,0,106,0.153771165991202,24807.8046875,0.004633868578821421,49615.61328125,0.2730829417705536,0.019091999999999998
406,47585.0,49253.0,0.96613404259639,28.0,0.028,0.0,0.0,28.0,0.028,86.0,38985.0,574.0,426.0,0.0,38985.0,1000,0,1000,914,0,0,0,86,0.15332620800472796,30702.626953125,0.059353601187467575,61405.1484375,0.3323850929737091,0.019065
407,47896.0,50050.0,0.956963036963037,37.0,0.037,0.0,0.0,37.0,0.037,96.0,38296.0,417.0,58.0,525.0,38296.0,1000,0,1000,902,0,0,0,98,0.13636270898859948,26774.744140625,-0.0245271697640419,53549.55078125,0.2927977442741394,0.019038
408,45898.0,49486.0,0.9274946449500869,76.0,0.076,0.0,0.0,76.0,0.076,91.0,36798.0,364.0,67.0,569.0,36798.0,1000,0,1000,906,0,0,0,94,0.13198474992532283,20315.125,-0.0398017093539238,40630.33984375,0.32448992133140564,0.019011
409,48459.0,49526.0,0.9784557606105884,20.0,0.02,0.0,0.0,20.0,0.02,114.0,37059.0,499.0,501.0,0.0,37059.0,1000,0,1000,886,0,0,0,114,0.13744179205968976,22384.810546875,-0.055887188762426376,44769.74609375,0.278394490480423,0.018984
410,47388.0,51342.0,0.9229870281640762,60.0,0.06,0.0,0.0,60.0,0.06,92.0,38188.0,587.0,413.0,0.0,38188.0,1000,0,1000,908,0,0,0,92,0.15766079199966043,27656.90625,0.0045508393086493015,55313.81640625,0.3371487855911255,0.018957
411,48249.0,49559.0,0.9735668597025767,27.0,0.027,0.0,0.0,27.0,0.027,110.0,37249.0,750.0,0.0,250.0,37249.0,1000,0,1000,888,0,0,0,112,0.16688045905902982,25762.525390625,0.06358785927295685,51524.93359375,0.35142505168914795,0.01893
412,47477.0,48873.0,0.9714361713011274,28.0,0.028,0.0,0.0,28.0,0.028,123.0,35177.0,274.0,46.0,680.0,35177.0,1000,0,1000,876,0,0,0,124,0.13736816600430757,19244.080078125,-0.0388067401945591,38488.25,0.3065754473209381,0.018903
413,48755.0,50086.0,0.973425707782614,27.0,0.027,0.0,0.0,27.0,0.027,119.0,36855.0,489.0,511.0,0.0,36855.0,1000,0,1000,880,0,0,0,120,0.14714104204904288,23657.986328125,-0.00010582599497865885,47315.984375,0.30447161197662354,0.018876
414,47257.0,50656.0,0.9329003474415667,60.0,0.06,0.0,0.0,60.0,0.06,101.0,37157.0,162.0,838.0,0.0,37157.0,1000,0,1000,899,0,0,0,101,0.12736050004605204,22376.455078125,-0.10466207563877106,44753.13671875,0.4072668254375458,0.018848999999999998
415,49260.0,49770.0,0.9897528631705846,9.0,0.009,0.0,0.0,9.0,0.009,134.0,35860.0,647.0,353.0,0.0,35860.0,1000,0,1000,866,0,0,0,134,0.12968204100616276,16708.333984375,0.012800192460417747,33416.65234375,0.28810593485832214,0.018822
416,46254.0,50230.0,0.920844117061517,63.0,0.063,0.0,0.0,63.0,0.063,71.0,39154.0,615.0,385.0,0.0,39154.0,1000,0,1000,929,0,0,0,71,0.1292136668926105,23973.453125,0.022446829825639725,47946.86328125,0.028828151524066925,0.018795
417,21797.0,49928.0,0.43656865886877105,552.0,0.552,0.0,0.0,552.0,0.552,21.0,19697.0,2.0,998.0,0.0,19697.0,1000,0,1000,979,0,0,0,21,0.12847408291418105,23321.474609375,0.04912862926721573,46642.859375,0.2485591024160385,0.018768
418,38080.0,49536.0,0.7687338501291989,235.0,0.235,0.0,0.0,235.0,0.235,49.0,33180.0,285.0,0.0,715.0,33180.0,1000,0,1000,951,0,0,0,49,0.13057187502272427,28082.771484375,-0.08429845422506332,56165.71875,0.2129896730184555,0.018741
419,39012.0,50702.0,0.7694371030728571,207.0,0.207,0.0,0.0,207.0,0.207,53.0,33712.0,630.0,370.0,0.0,33712.0,1000,0,1000,947,0,0,0,53,0.12966783402953297,26013.6875,0.06684719771146774,52027.25,0.21094299852848053,0.018714
420,43912.0,51472.0,0.8531240285980728,130.0,0.13,0.0,0.0,130.0,0.13,60.0,37912.0,673.0,327.0,0.0,37912.0,1000,0,1000,940,0,0,0,60,0.1322397079784423,35946.57421875,0.10436970740556717,71892.9453125,0.2288832813501358,0.018687
421,43258.0,49051.0,0.8818984322439909,111.0,0.111,0.0,0.0,111.0,0.111,67.0,36558.0,208.0,792.0,0.0,36558.0,1000,0,1000,933,0,0,0,67,0.13348600000608712,18527.7265625,0.07602396607398987,37055.31640625,0.41466373205184937,0.01866
422,42618.0,49286.0,0.864708030678083,129.0,0.129,0.0,0.0,129.0,0.129,66.0,36018.0,528.0,472.0,0.0,36018.0,1000,0,1000,934,0,0,0,66,0.12767341604921967,19388.185546875,-0.08463334292173386,38776.5546875,0.4366815388202667,0.018633
423,48939.0,49871.0,0.9813117844037617,19.0,0.019,0.0,0.0,19.0,0.019,121.0,36839.0,764.0,236.0,0.0,36839.0,1000,0,1000,879,0,0,0,121,0.12884041701909155,27990.134765625,0.07897791266441345,55980.12109375,0.17893561720848083,0.018605999999999998
424,46124.0,49501.0,0.931779155976647,69.0,0.069,0.0,0.0,69.0,0.069,93.0,36824.0,332.0,668.0,0.0,36824.0,1000,0,1000,904,0,0,0,96,0.128682249924168,18811.12890625,0.029732799157500267,37622.20703125,0.2456294149160385,0.018579
425,48537.0,49913.0,0.9724320317352193,26.0,0.026,0.0,0.0,26.0,0.026,113.0,37237.0,824.0,19.0,157.0,37237.0,1000,0,1000,886,0,0,0,114,0.13410858297720551,28358.96484375,0.014474560506641865,56717.91796875,0.41041210293769836,0.018552
426,51401.0,52035.0,0.9878158931488421,10.0,0.01,0.0,0.0,10.0,0.01,176.0,33801.0,646.0,354.0,0.0,33801.0,1000,0,1000,824,0,0,0,176,0.1649575000628829,27056.388671875,0.05532065033912659,54112.68359375,0.39966529607772827,0.018525
427,49738.0,49794.0,0.9988753665100213,1.0,0.001,0.0,0.0,1.0,0.001,196.0,30138.0,653.0,347.0,0.0,30138.0,1000,0,1000,804,0,0,0,196,0.4815869169542566,20287.13671875,-0.02667330950498581,40574.33984375,0.2996317446231842,0.018498
428,48464.0,49637.0,0.976368434836916,22.0,0.022,0.0,0.0,22.0,0.022,123.0,36164.0,582.0,418.0,0.0,36164.0,1000,0,1000,875,0,0,0,125,0.17447345796972513,13586.9697265625,-0.03791368380188942,27174.02734375,0.330924391746521,0.018471
429,46884.0,49841.0,0.9406713348448065,59.0,0.059,0.0,0.0,59.0,0.059,98.0,37084.0,12.0,0.0,988.0,37084.0,1000,0,1000,900,0,0,0,100,0.15562800003681332,14730.70703125,-0.02874995954334736,29461.48046875,0.28813204169273376,0.018444
430,46494.0,50078.0,0.9284316466312552,60.0,0.06,0.0,0.0,60.0,0.06,94.0,37094.0,850.0,0.0,150.0,37094.0,1000,0,1000,904,0,0,0,96,0.19211787497624755,18276.1484375,-0.026010850444436073,36552.3515625,0.11427900195121765,0.018417
431,35812.0,49911.0,0.717517180581435,275.0,0.275,0.0,0.0,275.0,0.275,45.0,31312.0,326.0,674.0,0.0,31312.0,1000,0,1000,955,0,0,0,45,0.16375658300239593,14731.2138671875,-0.12279581278562546,29462.68359375,0.2615334391593933,0.018389999999999997
432,39261.0,49236.0,0.7974043382890568,171.0,0.171,0.0,0.0,171.0,0.171,64.0,32861.0,111.0,35.0,854.0,32861.0,1000,0,1000,936,0,0,0,64,0.14491537492722273,18181.427734375,0.05549747124314308,36362.75390625,0.17099405825138092,0.018362999999999997
433,47617.0,49740.0,0.9573180538801769,43.0,0.043,0.0,0.0,43.0,0.043,109.0,36717.0,133.0,867.0,0.0,36717.0,1000,0,1000,890,0,0,0,110,0.12859754089731723,20516.59375,0.12246624380350113,41032.94140625,0.00010754113463917747,0.018335999999999998
434,973.0,50630.0,0.019217855026664035,980.0,0.98,0.0,0.0,980.0,0.98,0.0,973.0,27.0,973.0,0.0,973.0,1000,0,1000,1000,0,0,0,0,0.1249773339368403,75522.59375,0.06353690475225449,151045.0625,6.776426016585901e-05,0.018309
435,998.0,50611.0,0.019719033411708917,977.0,0.977,0.0,0.0,977.0,0.977,0.0,998.0,2.0,998.0,0.0,998.0,1000,0,1000,1000,0,0,0,0,0.1349034160375595,61287.17578125,0.005232145078480244,122574.34375,6.250957085285336e-05,0.018282
436,995.0,49802.0,0.019979117304525923,982.0,0.982,0.0,0.0,982.0,0.982,0.0,995.0,5.0,995.0,0.0,995.0,1000,0,1000,1000,0,0,0,0,0.14433037501294166,55846.97265625,-0.002106707775965333,111693.953125,7.423388888128102e-05,0.018255
437,998.0,50808.0,0.01964257597228783,980.0,0.98,0.0,0.0,980.0,0.98,0.0,998.0,2.0,998.0,0.0,998.0,1000,0,1000,1000,0,0,0,0,0.12115312507376075,51160.3359375,-0.04590759053826332,102320.765625,0.00010017120075644925,0.018228
438,997.0,50456.0,0.019759790708736326,978.0,0.978,0.0,0.0,978.0,0.978,0.0,997.0,3.0,997.0,0.0,997.0,1000,0,1000,1000,0,0,0,0,0.12120858300477266,49717.63671875,0.04625992104411125,99435.1796875,0.00013247778406366706,0.018201
439,996.0,49673.0,0.02005113441910092,976.0,0.976,0.0,0.0,976.0,0.976,0.0,996.0,4.0,996.0,0.0,996.0,1000,0,1000,1000,0,0,0,0,0.12839220790192485,46147.7265625,0.0016875863075256348,92295.453125,0.00018406227172818035,0.018174
440,993.0,49184.0,0.020189492517891997,982.0,0.982,0.0,0.0,982.0,0.982,0.0,993.0,7.0,993.0,0.0,993.0,1000,0,1000,1000,0,0,0,0,0.12032783299218863,42333.83203125,-0.037097904831171036,84667.734375,0.00025730484048835933,0.018146999999999996
441,999.0,51149.0,0.019531173629982992,981.0,0.981,0.0,0.0,981.0,0.981,0.0,999.0,1.0,999.0,0.0,999.0,1000,0,1000,1000,0,0,0,0,0.11742345802485943,38341.71875,-0.04616285860538483,76683.53125,0.0003206014516763389,0.018119999999999997
442,980.0,48542.0,0.020188702566849327,980.0,0.98,0.0,0.0,980.0,0.98,0.0,980.0,20.0,980.0,0.0,980.0,1000,0,1000,1000,0,0,0,0,0.12316683400422335,35789.05078125,-0.04214790090918541,71578.1875,0.0004036239115521312,0.018092999999999998
443,994.0,50802.0,0.01956615881264517,978.0,0.978,0.0,0.0,978.0,0.978,0.0,994.0,6.0,994.0,0.0,994.0,1000,0,1000,1000,0,0,0,0,0.12750845798291266,33720.5625,-0.0085924556478858,67441.140625,0.0006020921864546835,0.018066
444,997.0,49681.0,0.02006803405728548,976.0,0.976,0.0,0.0,976.0,0.976,0.0,997.0,3.0,997.0,0.0,997.0,1000,0,1000,1000,0,0,0,0,0.12410979205742478,32566.900390625,0.05824405699968338,65133.68359375,0.0007819253369234502,0.018039
445,977.0,47747.0,0.020462018556139654,974.0,0.974,0.0,0.0,974.0,0.974,0.0,977.0,23.0,977.0,0.0,977.0,1000,0,1000,1000,0,0,0,0,0.13330075005069375,29419.958984375,-0.019500838592648506,58839.95703125,0.0009155752486549318,0.018012
446,999.0,49711.0,0.020096155780410775,980.0,0.98,0.0,0.0,980.0,0.98,0.0,999.0,1.0,999.0,0.0,999.0,1000,0,1000,1000,0,0,0,0,0.1270425000693649,25827.06640625,-0.05651094764471054,51654.24609375,0.0014042096445336938,0.017985
447,999.0,49032.0,0.020374449339207047,980.0,0.98,0.0,0.0,980.0,0.98,0.0,999.0,1.0,999.0,0.0,999.0,1000,0,1000,1000,0,0,0,0,0.12490541709121317,24455.361328125,-0.021395521238446236,48910.765625,0.0018334139604121447,0.017958
448,994.0,50342.0,0.019744944579079098,973.0,0.973,0.0,0.0,973.0,0.973,0.0,994.0,6.0,994.0,0.0,994.0,1000,0,1000,1000,0,0,0,0,0.12235591607168317,25217.61328125,0.12465046346187592,50434.9765625,0.0023026445414870977,0.017931
449,994.0,49672.0,0.020011273957158963,983.0,0.983,0.0,0.0,983.0,0.983,0.0,994.0,6.0,994.0,0.0,994.0,1000,0,1000,1000,0,0,0,0,0.12627383298240602,21812.85546875,-0.01967703551054001,43625.75,0.002932532923296094,0.017903999999999996
450,999.0,50915.0,0.019620936855543555,982.0,0.982,0.0,0.0,982.0,0.982,0.0,999.0,1.0,999.0,0.0,999.0,1000,0,1000,1000,0,0,0,0,0.1294053749879822,20698.662109375,0.11089200526475906,41397.1015625,0.003816033713519573,0.017876999999999997
451,975.0,49562.0,0.019672329607360477,977.0,0.977,0.0,0.0,977.0,0.977,0.0,975.0,25.0,975.0,0.0,975.0,1000,0,1000,1000,0,0,0,0,0.12867129198275506,17683.8984375,-0.07480792701244354,35367.9453125,0.004378287587314844,0.017849999999999998
452,2990.0,48945.0,0.06108897742363878,936.0,0.936,0.0,0.0,936.0,0.936,2.0,2790.0,4.0,996.0,0.0,2790.0,1000,0,1000,998,0,0,0,2,0.12925024994183332,13803.0869140625,-0.06886523962020874,27606.3125,0.007386835291981697,0.017823
453,2091.0,51482.0,0.04061613767918884,961.0,0.961,0.0,0.0,961.0,0.961,2.0,1891.0,908.0,92.0,0.0,1891.0,1000,0,1000,998,0,0,0,2,0.13042366702575237,13967.767578125,0.001205331296660006,27935.533203125,0.009765863418579102,0.017796
454,996.0,50185.0,0.019846567699511805,977.0,0.977,0.0,0.0,977.0,0.977,0.0,996.0,4.0,996.0,0.0,996.0,1000,0,1000,1000,0,0,0,0,0.1255090000340715,13996.07421875,0.04543158784508705,27992.056640625,0.012320748530328274,0.017769
455,1997.0,50880.0,0.03924921383647799,959.0,0.959,0.0,0.0,959.0,0.959,1.0,1897.0,1.0,999.0,0.0,1897.0,1000,0,1000,999,0,0,0,1,0.1276961659314111,12302.7861328125,0.02210453525185585,24605.52734375,0.017450714483857155,0.017742
456,7942.0,50462.0,0.15738575561808885,827.0,0.827,0.0,0.0,827.0,0.827,7.0,7242.0,10.0,990.0,0.0,7242.0,1000,0,1000,993,0,0,0,7,0.14308329194318503,12183.26171875,-0.14058074355125427,24366.806640625,0.030446944758296013,0.017714999999999998
457,8269.0,50248.0,0.16456376373188983,832.0,0.832,0.0,0.0,832.0,0.832,8.0,7469.0,572.0,428.0,0.0,7469.0,1000,0,1000,992,0,0,0,8,0.12544041697401553,10804.6796875,0.020150382071733475,21609.3203125,0.06167826056480408,0.017688
458,13903.0,48940.0,0.28408255006129957,700.0,0.7,0.0,0.0,700.0,0.7,13.0,12603.0,0.0,1000.0,0.0,12603.0,1000,0,1000,987,0,0,0,13,0.13749074994120747,10659.5439453125,0.02253987453877926,21319.056640625,0.3837161660194397,0.017660999999999996
459,41181.0,50495.0,0.8155460936726409,172.0,0.172,0.0,0.0,172.0,0.172,55.0,35681.0,657.0,343.0,0.0,35681.0,1000,0,1000,945,0,0,0,55,0.14390725002158433,46147.7890625,0.0666678249835968,92295.4453125,0.0656982883810997,0.017633999999999997
460,25147.0,47862.0,0.5254063766662488,474.0,0.474,0.0,0.0,474.0,0.474,26.0,22547.0,407.0,593.0,0.0,22547.0,1000,0,1000,974,0,0,0,26,0.12796891701873392,18989.82421875,0.0031213555485010147,37979.6484375,0.1893596649169922,0.017606999999999998
461,38128.0,50209.0,0.7593857674918839,225.0,0.225,0.0,0.0,225.0,0.225,47.0,33428.0,811.0,189.0,0.0,33428.0,1000,0,1000,951,0,0,0,49,0.12865008390508592,29558.3671875,0.06373144686222076,59116.61328125,0.1719851791858673,0.01758
462,36815.0,50298.0,0.7319376515964849,221.0,0.221,0.0,0.0,221.0,0.221,48.0,32015.0,312.0,688.0,0.0,32015.0,1000,0,1000,952,0,0,0,48,0.12387441704049706,28451.525390625,-0.06767202168703079,56903.1953125,0.2514304220676422,0.017553
463,44780.0,51785.0,0.8647291686781887,119.0,0.119,0.0,0.0,119.0,0.119,69.0,37880.0,626.0,374.0,0.0,37880.0,1000,0,1000,931,0,0,0,69,0.1295768750132993,39219.765625,0.048523981124162674,78439.4453125,0.26130399107933044,0.017526
464,44206.0,49908.0,0.8857497795944538,98.0,0.098,0.0,0.0,98.0,0.098,77.0,36506.0,972.0,28.0,0.0,36506.0,1000,0,1000,921,0,0,0,79,0.12682766700163484,31343.767578125,0.11239736527204514,62687.3203125,0.27962183952331543,0.017499
465,47353.0,50357.0,0.9403459300593761,57.0,0.057,0.0,0.0,57.0,0.057,82.0,39153.0,888.0,112.0,0.0,39153.0,1000,0,1000,916,0,0,0,84,0.12920716602820903,37490.59765625,0.047045618295669556,74981.109375,0.32064273953437805,0.017471999999999998
466,47214.0,49918.0,0.9458311631074963,47.0,0.047,0.0,0.0,47.0,0.047,93.0,37914.0,659.0,87.0,254.0,37914.0,1000,0,1000,906,0,0,0,94,0.12799308297690004,33743.26171875,-0.09544051438570023,67486.71875,0.27060577273368835,0.017445
467,47457.0,51401.0,0.9232699752923095,72.0,0.072,0.0,0.0,72.0,0.072,82.0,39257.0,407.0,122.0,471.0,39257.0,1000,0,1000,916,0,0,0,84,0.12797766702715307,31873.85546875,-0.04785219579935074,63747.8203125,0.3269292116165161,0.017417999999999996
468,48440.0,50103.0,0.9668083747480191,29.0,0.029,0.0,0.0,29.0,0.029,98.0,38640.0,194.0,806.0,0.0,38640.0,1000,0,1000,901,0,0,0,99,0.12784858304075897,28541.533203125,0.009150675497949123,57083.05859375,0.3404518961906433,0.017390999999999997
469,47437.0,50149.0,0.9459211549582245,47.0,0.047,0.0,0.0,47.0,0.047,106.0,36837.0,55.0,0.0,945.0,36837.0,1000,0,1000,894,0,0,0,106,0.12542283290531486,21286.107421875,-0.019713468849658966,42572.265625,0.288470059633255,0.017363999999999997
470,49202.0,51142.0,0.9620664033475421,34.0,0.034,0.0,0.0,34.0,0.034,101.0,39102.0,866.0,134.0,0.0,39102.0,1000,0,1000,898,0,0,0,102,0.1280651669949293,24159.28125,-0.017885945737361908,48318.609375,0.315950483083725,0.017336999999999998
471,49485.0,51007.0,0.9701609582998412,20.0,0.02,0.0,0.0,20.0,0.02,110.0,38485.0,663.0,337.0,0.0,38485.0,1000,0,1000,890,0,0,0,110,0.12676858296617866,26488.01953125,0.0033761714585125446,52976.04296875,0.32809144258499146,0.01731
472,47377.0,49255.0,0.9618718911785605,31.0,0.031,0.0,0.0,31.0,0.031,103.0,37077.0,658.0,342.0,0.0,37077.0,1000,0,1000,896,0,0,0,104,0.1357777080265805,24872.123046875,-0.02442721650004387,49744.30859375,0.3328421711921692,0.017283
473,47032.0,48535.0,0.9690326568455754,25.0,0.025,0.0,0.0,25.0,0.025,100.0,37032.0,457.0,543.0,0.0,37032.0,1000,0,1000,899,0,0,0,101,0.13042216701433063,18174.5390625,-0.031810395419597626,36349.15234375,0.3663367033004761,0.017256
474,49970.0,51043.0,0.9789785083165174,19.0,0.019,0.0,0.0,19.0,0.019,133.0,36670.0,737.0,263.0,0.0,36670.0,1000,0,1000,867,0,0,0,133,0.1290824169991538,17592.76171875,0.01142206508666277,35185.51171875,0.3228893578052521,0.017229
475,44622.0,47678.0,0.9359033516506565,41.0,0.041,0.0,0.0,41.0,0.041,114.0,33222.0,698.0,302.0,0.0,33222.0,1000,0,1000,886,0,0,0,114,0.12709920899942517,21644.205078125,-0.07599809020757675,43288.5703125,0.2625928819179535,0.017202000000000002
476,48412.0,50266.0,0.9631162217005531,31.0,0.031,0.0,0.0,31.0,0.031,119.0,36512.0,278.0,722.0,0.0,36512.0,1000,0,1000,881,0,0,0,119,0.12903075001668185,18281.5234375,-0.10376685112714767,36563.265625,0.30707114934921265,0.017175
477,46921.0,49139.0,0.9548627363194204,35.0,0.035,0.0,0.0,35.0,0.035,114.0,35521.0,383.0,617.0,0.0,35521.0,1000,0,1000,885,0,0,0,115,0.12412229191977531,18782.81640625,0.026898391544818878,37565.5859375,0.269031822681427,0.017148
478,49005.0,50899.0,0.9627890528301145,32.0,0.032,0.0,0.0,32.0,0.032,117.0,37305.0,826.0,101.0,73.0,37305.0,1000,0,1000,881,0,0,0,119,0.12934383295942098,20538.677734375,-0.017444396391510963,41077.3984375,0.22698506712913513,0.017120999999999997
479,42494.0,49642.0,0.8560090246162524,139.0,0.139,0.0,0.0,139.0,0.139,61.0,36394.0,467.0,533.0,0.0,36394.0,1000,0,1000,937,0,0,0,63,0.125843417015858,19673.302734375,0.00721121858805418,39346.59765625,0.23859518766403198,0.017093999999999998
480,44103.0,50468.0,0.8738804787191884,126.0,0.126,0.0,0.0,126.0,0.126,69.0,37203.0,669.0,331.0,0.0,37203.0,1000,0,1000,930,0,0,0,70,0.23774500004947186,17076.828125,-0.07006067782640457,34153.80859375,0.30091261863708496,0.017067
481,45560.0,47795.0,0.9532377863793284,38.0,0.038,0.0,0.0,38.0,0.038,95.0,36060.0,205.0,795.0,0.0,36060.0,1000,0,1000,905,0,0,0,95,0.2760258330963552,13280.10546875,-0.021856160834431648,26560.263671875,0.30807608366012573,0.01704
482,45569.0,48137.0,0.9466522633317407,47.0,0.047,0.0,0.0,47.0,0.047,97.0,35869.0,726.0,274.0,0.0,35869.0,1000,0,1000,902,0,0,0,98,0.14616437500808388,25654.35546875,0.04545139893889427,51308.62890625,0.22014330327510834,0.017013
483,47645.0,52124.0,0.9140702939145116,83.0,0.083,0.0,0.0,83.0,0.083,84.0,39245.0,699.0,301.0,0.0,39245.0,1000,0,1000,916,0,0,0,84,0.13627941603772342,18500.119140625,0.0005819330108352005,37000.25,0.2938833236694336,0.016986
484,48120.0,49947.0,0.9634212265000901,32.0,0.032,0.0,0.0,32.0,0.032,117.0,36420.0,471.0,112.0,417.0,36420.0,1000,0,1000,883,0,0,0,117,0.13513520907144994,20951.0859375,-0.01548018492758274,41902.20703125,0.14156636595726013,0.016959000000000002
485,41475.0,49816.0,0.8325638349124779,157.0,0.157,0.0,0.0,157.0,0.157,55.0,35975.0,671.0,329.0,0.0,35975.0,1000,0,1000,945,0,0,0,55,0.1329443750437349,19731.1328125,0.12486536800861359,39462.0234375,0.2332356572151184,0.016932
486,40917.0,50538.0,0.8096283984328624,185.0,0.185,0.0,0.0,185.0,0.185,53.0,35617.0,747.0,253.0,0.0,35617.0,1000,0,1000,946,0,0,0,54,0.1345217500347644,20245.3359375,-0.07228259742259979,40490.828125,0.402392715215683,0.016905
487,43542.0,49861.0,0.8732676841619703,116.0,0.116,0.0,0.0,116.0,0.116,75.0,36042.0,935.0,65.0,0.0,36042.0,1000,0,1000,923,0,0,0,77,0.12913933291565627,18461.828125,-0.058443404734134674,36923.78125,0.20391467213630676,0.016877999999999997
488,45258.0,49573.0,0.9129566497891998,85.0,0.085,0.0,0.0,85.0,0.085,81.0,37158.0,839.0,161.0,0.0,37158.0,1000,0,1000,917,0,0,0,83,0.1278984579257667,15819.0791015625,0.0483710914850235,31638.060546875,0.0002235523279523477,0.016850999999999998
489,988.0,50690.0,0.019491023870585916,976.0,0.976,0.0,0.0,976.0,0.976,0.0,988.0,12.0,988.0,0.0,988.0,1000,0,1000,1000,0,0,0,0,0.1280236659804359,75804.921875,-0.011274191550910473,151609.859375,0.00016924928058870137,0.016824
490,1000.0,52627.0,0.019001653143823512,977.0,0.977,0.0,0.0,977.0,0.977,0.0,1000.0,0.0,1000.0,0.0,1000.0,1000,0,1000,1000,0,0,0,0,0.1259382920106873,66085.0703125,0.004474093206226826,132170.125,0.0001496988261351362,0.016797
491,998.0,49922.0,0.01999118625055086,979.0,0.979,0.0,0.0,979.0,0.979,0.0,998.0,2.0,998.0,0.0,998.0,1000,0,1000,1000,0,0,0,0,0.127489292062819,63353.63671875,0.08167378604412079,126707.109375,0.00017545082664582878,0.01677
492,999.0,49372.0,0.020234140808555456,977.0,0.977,0.0,0.0,977.0,0.977,0.0,999.0,1.0,999.0,0.0,999.0,1000,0,1000,1000,0,0,0,0,0.1251019580522552,55109.1015625,0.025266733020544052,110218.15625,0.00023549821344204247,0.016743
493,1000.0,49960.0,0.020016012810248198,980.0,0.98,0.0,0.0,980.0,0.98,0.0,1000.0,0.0,1000.0,0.0,1000.0,1000,0,1000,1000,0,0,0,0,0.12525716703385115,50415.48828125,-0.012707509100437164,100831.0,0.00030666805105283856,0.016716
494,993.0,49317.0,0.02013504471074883,979.0,0.979,0.0,0.0,979.0,0.979,0.0,993.0,7.0,993.0,0.0,993.0,1000,0,1000,1000,0,0,0,0,0.12834808300249279,45719.84765625,-0.07105619460344315,91439.8359375,0.0004160551179666072,0.016689
495,973.0,50255.0,0.01936125758630982,978.0,0.978,0.0,0.0,978.0,0.978,0.0,973.0,27.0,973.0,0.0,973.0,1000,0,1000,1000,0,0,0,0,0.12344649992883205,44894.03515625,-0.015368038788437843,89788.1015625,0.0004492606967687607,0.016662
496,999.0,49934.0,0.0200064084591661,974.0,0.974,0.0,0.0,974.0,0.974,0.0,999.0,1.0,999.0,0.0,999.0,1000,0,1000,1000,0,0,0,0,0.12649916694499552,41285.125,-0.047429826110601425,82570.34375,0.0007276743999682367,0.016634999999999997
497,992.0,49575.0,0.020010085728693897,980.0,0.98,0.0,0.0,980.0,0.98,0.0,992.0,8.0,992.0,0.0,992.0,1000,0,1000,1000,0,0,0,0,0.12648812506813556,39880.734375,0.0002972956281155348,79761.46875,0.0008883614791557193,0.016607999999999998
498,978.0,49873.0,0.019609808914643194,983.0,0.983,0.0,0.0,983.0,0.983,0.0,978.0,22.0,978.0,0.0,978.0,1000,0,1000,1000,0,0,0,0,0.13777445803862065,36517.828125,-0.01099318079650402,73035.6796875,0.0010790181113407016,0.016581
499,1000.0,50332.0,0.01986807597552253,978.0,0.978,0.0,0.0,978.0,0.978,0.0,1000.0,0.0,1000.0,0.0,1000.0,1000,0,1000,1000,0,0,0,0,0.15791370801161975,34588.140625,0.040075622498989105,69176.203125,0.0014911656035110354,0.016554
500,997.0,50152.0,0.019879566118998247,982.0,0.982,0.0,0.0,982.0,0.982,0.0,997.0,3.0,997.0,0.0,997.0,1000,0,1000,1000,0,0,0,0,0.1260664159199223,31871.083984375,0.07842092961072922,63742.01171875,0.0019923613872379065,0.016527
501,1979.0,51400.0,0.03850194552529183,961.0,0.961,0.0,0.0,961.0,0.961,1.0,1879.0,21.0,979.0,0.0,1879.0,1000,0,1000,999,0,0,0,1,0.12223762494977564,27493.1171875,-0.03128354996442795,54986.296875,0.0026877110358327627,0.0165
502,1995.0,50495.0,0.039508862263590454,960.0,0.96,0.0,0.0,960.0,0.96,1.0,1895.0,4.0,996.0,0.0,1895.0,1000,0,1000,999,0,0,0,1,0.11640108306892216,26577.65234375,0.06025771424174309,53155.18359375,0.004523411393165588,0.016473
503,1986.0,50067.0,0.039666846425789444,963.0,0.963,0.0,0.0,963.0,0.963,1.0,1886.0,12.0,988.0,0.0,1886.0,1000,0,1000,999,0,0,0,1,0.1189675839850679,22445.71875,-0.06595365703105927,44891.5703125,0.006711623165756464,0.016446
504,1983.0,48602.0,0.04080079009094276,951.0,0.951,0.0,0.0,951.0,0.951,1.0,1883.0,0.0,1000.0,0.0,1883.0,1000,0,1000,999,0,0,0,1,0.11618204193655401,22101.060546875,0.02086310088634491,44202.078125,0.009204478934407234,0.016419
505,999.0,49256.0,0.020281793081045964,977.0,0.977,0.0,0.0,977.0,0.977,0.0,999.0,1.0,999.0,0.0,999.0,1000,0,1000,1000,0,0,0,0,0.11864841694477946,21175.7421875,0.05626390129327774,42351.37109375,0.012648367322981358,0.016391999999999997
506,8701.0,50175.0,0.1734130543099153,822.0,0.822,0.0,0.0,822.0,0.822,8.0,7901.0,241.0,759.0,0.0,7901.0,1000,0,1000,992,0,0,0,8,0.11721345805563033,12912.8193359375,-0.12712259590625763,25825.892578125,0.01710590161383152,0.016364999999999998
507,4976.0,51804.0,0.09605435873677708,893.0,0.893,0.0,0.0,893.0,0.893,4.0,4576.0,18.0,982.0,0.0,4576.0,1000,0,1000,996,0,0,0,4,0.11983774998225272,14798.787109375,0.0012916686246171594,29597.57421875,0.03550393134355545,0.016338
508,8175.0,51796.0,0.157830720518959,828.0,0.828,0.0,0.0,828.0,0.828,8.0,7375.0,796.0,204.0,0.0,7375.0,1000,0,1000,992,0,0,0,8,0.1160691250115633,14603.8310546875,-0.12974128127098083,29207.923828125,0.05613917484879494,0.016311
509,15426.0,49462.0,0.3118757834297036,683.0,0.683,0.0,0.0,683.0,0.683,15.0,13926.0,418.0,582.0,0.0,13926.0,1000,0,1000,985,0,0,0,15,0.1202300830045715,13212.9326171875,-0.07718665897846222,26426.025390625,0.1965123414993286,0.016284
510,38519.0,51185.0,0.7525446908273908,240.0,0.24,0.0,0.0,240.0,0.24,45.0,34019.0,802.0,198.0,0.0,34019.0,1000,0,1000,955,0,0,0,45,0.11608649999834597,36699.66796875,-0.08674953132867813,73399.5234375,0.3966018557548523,0.016257
511,47024.0,50686.0,0.9277512528114272,64.0,0.064,0.0,0.0,64.0,0.064,85.0,38524.0,442.0,558.0,0.0,38524.0,1000,0,1000,914,0,0,0,86,0.12150524999015033,33461.62109375,0.02121458761394024,66923.21875,0.3649559020996094,0.01623
512,48792.0,49803.0,0.9797000180712006,18.0,0.018,0.0,0.0,18.0,0.018,124.0,36392.0,845.0,0.0,155.0,36392.0,1000,0,1000,876,0,0,0,124,0.11526558408513665,22847.29296875,-0.0004663308209273964,45694.59765625,0.3119361996650696,0.016203
513,47512.0,49282.0,0.9640842498275233,34.0,0.034,0.0,0.0,34.0,0.034,106.0,36912.0,277.0,0.0,723.0,36912.0,1000,0,1000,894,0,0,0,106,0.1199539169901982,25346.58203125,0.025364764034748077,50693.12109375,0.2846165895462036,0.016176
514,47772.0,50521.0,0.9455869836305695,50.0,0.05,0.0,0.0,50.0,0.05,95.0,38272.0,233.0,47.0,720.0,38272.0,1000,0,1000,904,0,0,0,96,0.11791933292988688,33703.41015625,-0.0460166297852993,67406.921875,0.30633580684661865,0.016148999999999997
515,47447.0,50004.0,0.9488640908727302,53.0,0.053,0.0,0.0,53.0,0.053,93.0,38147.0,710.0,290.0,0.0,38147.0,1000,0,1000,906,0,0,0,94,0.11842366692144424,28187.109375,0.08718487620353699,56374.05078125,0.2995096445083618,0.016121999999999997
516,45172.0,49684.0,0.9091860558731181,66.0,0.066,0.0,0.0,66.0,0.066,86.0,36572.0,340.0,660.0,0.0,36572.0,1000,0,1000,913,0,0,0,87,0.11897316703107208,27208.201171875,-0.04850100725889206,54416.51171875,0.3095414340496063,0.016094999999999998
517,47337.0,51544.0,0.9183804128511563,84.0,0.084,0.0,0.0,84.0,0.084,91.0,38237.0,600.0,400.0,0.0,38237.0,1000,0,1000,909,0,0,0,91,0.11685004201717675,33300.42578125,-0.013565564528107643,66600.8828125,0.3343319594860077,0.016068
518,48956.0,50505.0,0.9693297693297693,22.0,0.022,0.0,0.0,22.0,0.022,104.0,38556.0,798.0,202.0,0.0,38556.0,1000,0,1000,895,0,0,0,105,0.11978041706606746,23939.37890625,-0.018576478585600853,47878.80859375,0.3318568170070648,0.016041
519,48907.0,49768.0,0.9826997267320366,19.0,0.019,0.0,0.0,19.0,0.019,124.0,36507.0,752.0,248.0,0.0,36507.0,1000,0,1000,876,0,0,0,124,0.11995704099535942,21511.365234375,0.058187033981084824,43022.625,0.307953804731369,0.016014
520,46283.0,50405.0,0.9182223985715703,69.0,0.069,0.0,0.0,69.0,0.069,101.0,36183.0,746.0,32.0,222.0,36183.0,1000,0,1000,899,0,0,0,101,0.1230577090755105,24592.474609375,0.04027743265032768,49184.87890625,0.33913654088974,0.015986999999999998
521,48754.0,49894.0,0.9771515613099772,21.0,0.021,0.0,0.0,21.0,0.021,116.0,37154.0,14.0,47.0,939.0,37154.0,1000,0,1000,882,0,0,0,118,0.11740662506781518,15878.6572265625,-0.00546623207628727,31757.333984375,0.26545560359954834,0.01596
522,45866.0,50458.0,0.9089936184549526,83.0,0.083,0.0,0.0,83.0,0.083,79.0,37966.0,625.0,45.0,330.0,37966.0,1000,0,1000,920,0,0,0,80,0.11595941602718085,16504.98046875,-0.010376887395977974,33009.9921875,0.30947405099868774,0.015933
523,46200.0,49750.0,0.928643216080402,52.0,0.052,0.0,0.0,52.0,0.052,89.0,37300.0,835.0,165.0,0.0,37300.0,1000,0,1000,909,0,0,0,91,0.12011245801113546,19828.263671875,-0.0214566458016634,39656.58203125,0.3773741126060486,0.015905999999999997
524,49324.0,50206.0,0.9824323786001673,12.0,0.012,0.0,0.0,12.0,0.012,140.0,35324.0,546.0,454.0,0.0,35324.0,1000,0,1000,860,0,0,0,140,0.12031779193785042,15661.435546875,0.050919342786073685,31322.779296875,0.31052327156066895,0.015878999999999997
525,50088.0,50582.0,0.9902336799652051,11.0,0.011,0.0,0.0,11.0,0.011,123.0,37788.0,619.0,381.0,0.0,37788.0,1000,0,1000,877,0,0,0,123,0.11879379104357213,13181.39453125,-0.057479128241539,26362.91796875,0.40786415338516235,0.015851999999999998
526,50236.0,50492.0,0.9949298898835459,5.0,0.005,0.0,0.0,5.0,0.005,133.0,36936.0,824.0,176.0,0.0,36936.0,1000,0,1000,866,0,0,0,134,0.11904604197479784,17292.53125,-0.04331880435347557,34585.1484375,0.049101170152425766,0.015825
527,17320.0,48190.0,0.3594106661133015,621.0,0.621,0.0,0.0,621.0,0.621,18.0,15520.0,970.0,30.0,0.0,15520.0,1000,0,1000,982,0,0,0,18,0.11899158300366253,32413.255859375,0.03840057551860809,64826.43359375,0.00045697225141339004,0.015798
528,999.0,49543.0,0.020164301717699777,979.0,0.979,0.0,0.0,979.0,0.979,0.0,999.0,1.0,999.0,0.0,999.0,1000,0,1000,1000,0,0,0,0,0.11857912491541356,41941.8828125,-0.023706387728452682,83883.8125,0.0003317137307021767,0.015771
529,999.0,50014.0,0.01997440716599352,984.0,0.984,0.0,0.0,984.0,0.984,0.0,999.0,1.0,999.0,0.0,999.0,1000,0,1000,1000,0,0,0,0,0.1175439169164747,36792.37109375,-0.062344349920749664,73584.8671875,0.000358504184987396,0.015743999999999998
530,993.0,50005.0,0.019858014198580142,981.0,0.981,0.0,0.0,981.0,0.981,0.0,993.0,7.0,993.0,0.0,993.0,1000,0,1000,1000,0,0,0,0,0.11718337493948638,35072.5078125,-0.025805357843637466,70145.0703125,0.00044997045188210905,0.015717
531,997.0,49366.0,0.02019608637523802,981.0,0.981,0.0,0.0,981.0,0.981,0.0,997.0,3.0,997.0,0.0,997.0,1000,0,1000,1000,0,0,0,0,0.11991683300584555,32616.21484375,-0.04916468262672424,65232.52734375,0.0007039954653009772,0.01569
532,989.0,50760.0,0.019483845547675335,981.0,0.981,0.0,0.0,981.0,0.981,0.0,989.0,11.0,989.0,0.0,989.0,1000,0,1000,1000,0,0,0,0,0.117418208043091,31497.111328125,0.04508563131093979,62994.1328125,0.0008817781927064061,0.015662999999999996
533,996.0,49690.0,0.020044274501911853,981.0,0.981,0.0,0.0,981.0,0.981,0.0,996.0,4.0,996.0,0.0,996.0,1000,0,1000,1000,0,0,0,0,0.11702616605907679,27653.71875,-0.02352130226790905,55307.484375,0.0012018403504043818,0.015635999999999997
534,989.0,49335.0,0.020046620046620046,980.0,0.98,0.0,0.0,980.0,0.98,0.0,989.0,11.0,989.0,0.0,989.0,1000,0,1000,1000,0,0,0,0,0.11959945794660598,25052.568359375,-0.04352012649178505,50105.22265625,0.0014692075783386827,0.015608999999999998
535,995.0,49506.0,0.020098573910233102,978.0,0.978,0.0,0.0,978.0,0.978,0.0,995.0,5.0,995.0,0.0,995.0,1000,0,1000,1000,0,0,0,0,0.11732229206245393,24114.12890625,0.03913816064596176,48228.1796875,0.0022116112522780895,0.015581999999999999
536,995.0,49598.0,0.020061292794064278,979.0,0.979,0.0,0.0,979.0,0.979,0.0,995.0,5.0,995.0,0.0,995.0,1000,0,1000,1000,0,0,0,0,0.12004983390215784,20364.0234375,-0.06819255650043488,40728.18359375,0.002860269509255886,0.015554999999999998
537,999.0,50610.0,0.01973918197984588,980.0,0.98,0.0,0.0,980.0,0.98,0.0,999.0,1.0,999.0,0.0,999.0,1000,0,1000,1000,0,0,0,0,0.11548816692084074,20324.341796875,0.06674379110336304,40648.55078125,0.0038348562084138393,0.015527999999999998
538,978.0,50020.0,0.01955217912834866,982.0,0.982,0.0,0.0,982.0,0.982,0.0,978.0,22.0,978.0,0.0,978.0,1000,0,1000,1000,0,0,0,0,0.12110999994911253,20262.935546875,0.09955991059541702,40525.671875,0.004375264048576355,0.015500999999999997
539,1000.0,49322.0,0.020274928024005514,975.0,0.975,0.0,0.0,975.0,0.975,0.0,1000.0,0.0,1000.0,0.0,1000.0,1000,0,1000,1000,0,0,0,0,0.11912733293138444,16253.5888671875,0.018460271880030632,32507.140625,0.007016901392489672,0.015473999999999998
540,995.0,50111.0,0.01985591985791543,977.0,0.977,0.0,0.0,977.0,0.977,0.0,995.0,5.0,995.0,0.0,995.0,1000,0,1000,1000,0,0,0,0,0.11791141703724861,14498.291015625,-0.028177283704280853,28996.638671875,0.0092398039996624,0.015446999999999999
541,3989.0,50155.0,0.0795334463164191,914.0,0.914,0.0,0.0,914.0,0.914,3.0,3689.0,2.0,998.0,0.0,3689.0,1000,0,1000,997,0,0,0,3,0.11715850001201034,11958.796875,0.13635264337062836,23917.3203125,0.011801417917013168,0.015419999999999998
542,2997.0,50031.0,0.05990286022665947,937.0,0.937,0.0,0.0,937.0,0.937,2.0,2797.0,1.0,999.0,0.0,2797.0,1000,0,1000,998,0,0,0,2,0.12099591607693583,11223.84375,0.02069345861673355,22447.646484375,0.021546687930822372,0.015392999999999999
543,1987.0,49953.0,0.039777390747302466,962.0,0.962,0.0,0.0,962.0,0.962,1.0,1887.0,7.0,993.0,0.0,1887.0,1000,0,1000,999,0,0,0,1,0.11651133408304304,11788.19921875,0.04617757722735405,23576.306640625,0.03075019083917141,0.015365999999999998
544,6950.0,51680.0,0.1344814241486068,852.0,0.852,0.0,0.0,852.0,0.852,6.0,6350.0,0.0,1000.0,0.0,6350.0,1000,0,1000,994,0,0,0,6,0.11845041706692427,11332.9765625,0.09294082969427109,22665.76953125,0.040609851479530334,0.015338999999999998
545,8958.0,51129.0,0.17520389602769465,820.0,0.82,0.0,0.0,820.0,0.82,8.0,8158.0,7.0,993.0,0.0,8158.0,1000,0,1000,992,0,0,0,8,0.11983945895917714,9119.572265625,0.111580990254879,18238.923828125,0.08221303671598434,0.015311999999999997
546,14887.0,49849.0,0.29864189853357137,698.0,0.698,0.0,0.0,698.0,0.698,15.0,13387.0,839.0,161.0,0.0,13387.0,1000,0,1000,985,0,0,0,15,0.11807558301370591,12838.0908203125,0.04294651001691818,25676.109375,0.4364068806171417,0.015284999999999998
547,45739.0,50971.0,0.8973533970296835,95.0,0.095,0.0,0.0,95.0,0.095,61.0,39639.0,838.0,162.0,0.0,39639.0,1000,0,1000,939,0,0,0,61,0.11940070800483227,55056.265625,0.031783875077962875,110112.46875,0.09955628961324692,0.015257999999999997
548,37850.0,50011.0,0.7568334966307413,230.0,0.23,0.0,0.0,230.0,0.23,45.0,33350.0,447.0,553.0,0.0,33350.0,1000,0,1000,955,0,0,0,45,0.11667620798107237,32640.54296875,0.04978291317820549,65280.9921875,0.17480520904064178,0.015230999999999998
549,36700.0,49042.0,0.7483381591289099,243.0,0.243,0.0,0.0,243.0,0.243,44.0,32300.0,448.0,552.0,0.0,32300.0,1000,0,1000,956,0,0,0,44,0.11811129201669246,37604.79296875,0.009696444496512413,75209.578125,0.2724573314189911,0.015203999999999999
550,46961.0,52276.0,0.8983281046751855,71.0,0.071,0.0,0.0,71.0,0.071,70.0,39961.0,499.0,501.0,0.0,39961.0,1000,0,1000,930,0,0,0,70,0.11899062502197921,46994.58203125,0.027583392336964607,93989.1171875,0.23894304037094116,0.015176999999999998
551,44737.0,52638.0,0.8498993122839014,128.0,0.128,0.0,0.0,128.0,0.128,71.0,37637.0,737.0,263.0,0.0,37637.0,1000,0,1000,928,0,0,0,72,0.11759691697079688,38140.1796875,0.000626713561359793,76280.3671875,0.2897842526435852,0.015149999999999999
552,47653.0,50089.0,0.9513665675098325,48.0,0.048,0.0,0.0,48.0,0.048,77.0,39953.0,431.0,569.0,0.0,39953.0,1000,0,1000,922,0,0,0,78,0.11702029092703015,40174.1953125,-0.05143951252102852,80348.5,0.3241681754589081,0.015122999999999998
553,47630.0,49411.0,0.9639553945477728,26.0,0.026,0.0,0.0,26.0,0.026,100.0,37630.0,797.0,203.0,0.0,37630.0,1000,0,1000,900,0,0,0,100,0.1200647500809282,32136.72265625,-0.041680146008729935,64273.53515625,0.2860528230667114,0.015095999999999998
554,46383.0,49540.0,0.936273718207509,55.0,0.055,0.0,0.0,55.0,0.055,93.0,37083.0,726.0,274.0,0.0,37083.0,1000,0,1000,907,0,0,0,93,0.1202589999884367,31761.28125,-0.0026792401913553476,63522.578125,0.33598682284355164,0.015068999999999997
555,48551.0,49966.0,0.9716807429051755,23.0,0.023,0.0,0.0,23.0,0.023,112.0,37351.0,544.0,456.0,0.0,37351.0,1000,0,1000,888,0,0,0,112,0.12053574994206429,22864.08203125,0.03510349616408348,45728.1015625,0.2703845500946045,0.015041999999999998
556,47320.0,50777.0,0.9319179943675286,59.0,0.059,0.0,0.0,59.0,0.059,89.0,38420.0,453.0,547.0,0.0,38420.0,1000,0,1000,909,0,0,0,91,0.11934824998024851,32607.34375,0.06030057370662689,65214.578125,0.3271838128566742,0.015014999999999997
557,47931.0,49744.0,0.9635533933740753,27.0,0.027,0.0,0.0,27.0,0.027,118.0,36131.0,756.0,32.0,212.0,36131.0,1000,0,1000,882,0,0,0,118,0.11723325005732477,17258.513671875,0.035201843827962875,34516.96484375,0.27192404866218567,0.014987999999999998
558,47566.0,50104.0,0.9493453616477726,47.0,0.047,0.0,0.0,47.0,0.047,87.0,38866.0,666.0,334.0,0.0,38866.0,1000,0,1000,913,0,0,0,87,0.12079387495759875,25550.11328125,-0.07212556898593903,51100.3828125,0.35600459575653076,0.014960999999999997
559,47943.0,51406.0,0.9326343228416917,63.0,0.063,0.0,0.0,63.0,0.063,106.0,37343.0,715.0,0.0,285.0,37343.0,1000,0,1000,891,0,0,0,109,0.11602895800024271,30003.46875,0.12738652527332306,60006.6953125,0.3619280159473419,0.014933999999999998
560,49120.0,51380.0,0.9560140132347217,28.0,0.028,0.0,0.0,28.0,0.028,109.0,38220.0,393.0,607.0,0.0,38220.0,1000,0,1000,891,0,0,0,109,0.12267166702076793,33492.90234375,0.05795808881521225,66985.6953125,0.32644930481910706,0.014906999999999998
561,48880.0,50027.0,0.9770723809143063,16.0,0.016,0.0,0.0,16.0,0.016,112.0,37680.0,83.0,0.0,917.0,37680.0,1000,0,1000,888,0,0,0,112,0.11993195791728795,27587.41796875,-0.047876421362161636,55174.94140625,0.24138687551021576,0.014879999999999997
562,46666.0,49436.0,0.9439679585727001,39.0,0.039,0.0,0.0,39.0,0.039,87.0,37966.0,75.0,925.0,0.0,37966.0,1000,0,1000,913,0,0,0,87,0.11970516690053046,23589.40625,-0.04860822856426239,47178.921875,0.36797773838043213,0.014852999999999998
563,50667.0,52436.0,0.9662636356701503,27.0,0.027,0.0,0.0,27.0,0.027,119.0,38767.0,890.0,110.0,0.0,38767.0,1000,0,1000,881,0,0,0,119,0.11891795799601823,18395.47265625,-0.020561251789331436,36791.0,0.39737841486930847,0.014825999999999997
564,48571.0,48656.0,0.9982530417625781,2.0,0.002,0.0,0.0,2.0,0.002,134.0,35171.0,205.0,795.0,0.0,35171.0,1000,0,1000,866,0,0,0,134,0.1184716250281781,17525.759765625,0.0605878084897995,35051.3984375,0.0022468052338808775,0.014799000000000001
565,10382.0,49584.0,0.20938205872862214,791.0,0.791,0.0,0.0,791.0,0.791,11.0,9282.0,10.0,0.0,990.0,9282.0,1000,0,1000,989,0,0,0,11,0.1187272920506075,33953.48046875,0.056438472121953964,67906.8515625,0.013352174311876297,0.014772
566,4970.0,49089.0,0.10124467803377539,900.0,0.9,0.0,0.0,900.0,0.9,4.0,4570.0,5.0,995.0,0.0,4570.0,1000,0,1000,996,0,0,0,4,0.11591020796913654,30509.361328125,-0.09866780042648315,61018.921875,0.02297116070985794,0.014745000000000001
567,2986.0,49017.0,0.06091764081849154,943.0,0.943,0.0,0.0,943.0,0.943,2.0,2786.0,0.0,1000.0,0.0,2786.0,1000,0,1000,998,0,0,0,2,0.1184352079872042,27217.158203125,-0.10828950256109238,54434.53125,0.04094052314758301,0.014718
568,4150.0,52230.0,0.07945625119663029,916.0,0.916,0.0,0.0,916.0,0.916,4.0,3750.0,787.0,213.0,0.0,3750.0,1000,0,1000,996,0,0,0,4,0.11863174999598414,27555.46875,-0.031945690512657166,55111.0,0.05613645911216736,0.014691000000000001
569,9507.0,50430.0,0.18851873884592504,794.0,0.794,0.0,0.0,794.0,0.794,9.0,8607.0,9.0,991.0,0.0,8607.0,1000,0,1000,991,0,0,0,9,0.11962316697463393,21266.052734375,-0.0033895557280629873,42532.1171875,0.08388906717300415,0.014664
570,18685.0,49347.0,0.3786451050722435,610.0,0.61,0.0,0.0,610.0,0.61,18.0,16885.0,5.0,995.0,0.0,16885.0,1000,0,1000,982,0,0,0,18,0.11709141603205353,21369.875,0.01459457352757454,42739.7265625,0.1679539680480957,0.014637
571,28668.0,50876.0,0.5634876955735514,418.0,0.418,0.0,0.0,418.0,0.418,29.0,25768.0,250.0,750.0,0.0,25768.0,1000,0,1000,971,0,0,0,29,0.1206406659912318,28198.337890625,-0.0587625727057457,56396.796875,0.18158267438411713,0.01461
572,36181.0,49781.0,0.7268033988871256,252.0,0.252,0.0,0.0,252.0,0.252,40.0,32181.0,83.0,917.0,0.0,32181.0,1000,0,1000,960,0,0,0,40,0.11784783296752721,27864.390625,-0.08685890585184097,55728.9609375,0.2577318251132965,0.014583
573,44738.0,51212.0,0.8735843161758963,114.0,0.114,0.0,0.0,114.0,0.114,67.0,38038.0,426.0,574.0,0.0,38038.0,1000,0,1000,933,0,0,0,67,0.12029616697691381,25885.6484375,0.012995152734220028,51771.27734375,0.21303555369377136,0.014556
574,45182.0,50343.0,0.8974832648034483,103.0,0.103,0.0,0.0,103.0,0.103,64.0,38782.0,301.0,699.0,0.0,38782.0,1000,0,1000,935,0,0,0,65,0.11684179201256484,27815.880859375,-0.05907071381807327,55631.88671875,0.24044884741306305,0.014529
575,46152.0,50154.0,0.9202057662399808,73.0,0.073,0.0,0.0,73.0,0.073,76.0,38552.0,532.0,468.0,0.0,38552.0,1000,0,1000,924,0,0,0,76,0.11989550001453608,27743.048828125,-0.021715935319662094,55486.1484375,0.3033458888530731,0.014502000000000001
576,47260.0,51210.0,0.9228666276117946,60.0,0.06,0.0,0.0,60.0,0.06,87.0,38560.0,614.0,386.0,0.0,38560.0,1000,0,1000,913,0,0,0,87,0.11667604197282344,22703.591796875,-0.033464398235082626,45407.2578125,0.3136763870716095,0.014475
577,47871.0,50820.0,0.9419716646989374,46.0,0.046,0.0,0.0,46.0,0.046,99.0,37971.0,540.0,0.0,460.0,37971.0,1000,0,1000,901,0,0,0,99,0.11971808294765651,22040.591796875,0.024322353303432465,44081.15234375,0.4753347635269165,0.014448
578,47655.0,49357.0,0.9655165427396316,30.0,0.03,0.0,0.0,30.0,0.03,114.0,36255.0,910.0,0.0,90.0,36255.0,1000,0,1000,884,0,0,0,116,0.1181263339240104,25383.376953125,0.06958535313606262,50766.62109375,0.25733548402786255,0.014421
579,44173.0,48988.0,0.9017106230097167,99.0,0.099,0.0,0.0,99.0,0.099,80.0,36173.0,639.0,361.0,0.0,36173.0,1000,0,1000,920,0,0,0,80,0.11900741595309228,17841.0703125,0.027268556877970695,35682.09375,0.2913811504840851,0.014394
580,41986.0,48658.0,0.8628796909038596,131.0,0.131,0.0,0.0,131.0,0.131,63.0,35686.0,665.0,335.0,0.0,35686.0,1000,0,1000,936,0,0,0,64,0.11712924996390939,17967.876953125,-0.07578039169311523,35935.91796875,0.3520004153251648,0.014367000000000001
581,49393.0,51371.0,0.9614957855599463,38.0,0.038,0.0,0.0,38.0,0.038,110.0,38393.0,413.0,587.0,0.0,38393.0,1000,0,1000,887,0,0,0,113,0.11614862503483891,20833.681640625,0.06321148574352264,41667.25,0.3773695230484009,0.014339999999999999
582,48442.0,49448.0,0.9796553955670604,14.0,0.014,0.0,0.0,14.0,0.014,143.0,34142.0,674.0,0.0,326.0,34142.0,1000,0,1000,855,0,0,0,145,0.11938299995381385,21782.162109375,-0.08375079184770584,43564.50390625,0.3999169170856476,0.014313
583,47552.0,49803.0,0.9548019195630786,42.0,0.042,0.0,0.0,42.0,0.042,101.0,37452.0,707.0,293.0,0.0,37452.0,1000,0,1000,898,0,0,0,102,0.11748437501955777,18797.369140625,0.008222300559282303,37594.734375,0.40560057759284973,0.014286
584,49197.0,49853.0,0.986841313461577,10.0,0.01,0.0,0.0,10.0,0.01,144.0,34797.0,766.0,234.0,0.0,34797.0,1000,0,1000,856,0,0,0,144,0.11841320805251598,18070.4453125,0.054767630994319916,36140.7890625,0.3286716341972351,0.014259
585,49216.0,51978.0,0.9468621339797607,38.0,0.038,0.0,0.0,38.0,0.038,114.0,37816.0,459.0,33.0,508.0,37816.0,1000,0,1000,884,0,0,0,116,0.11984487506560981,21547.68359375,-0.043286822736263275,43095.46484375,0.3827170729637146,0.014232000000000002
586,45993.0,49949.0,0.9207992151995035,73.0,0.073,0.0,0.0,73.0,0.073,91.0,36893.0,570.0,0.0,430.0,36893.0,1000,0,1000,908,0,0,0,92,0.11821908294223249,29287.369140625,0.20905186235904694,58574.3203125,0.0657799169421196,0.014204999999999999
587,31238.0,50019.0,0.6245226813810751,373.0,0.373,0.0,0.0,373.0,0.373,35.0,27738.0,35.0,965.0,0.0,27738.0,1000,0,1000,964,0,0,0,36,0.11931987502612174,22302.908203125,0.12479875981807709,44605.5703125,0.13690593838691711,0.014178
588,29500.0,49001.0,0.6020285300299993,385.0,0.385,0.0,0.0,385.0,0.385,34.0,26100.0,868.0,132.0,0.0,26100.0,1000,0,1000,965,0,0,0,35,0.11674416705500335,30657.064453125,0.04296806827187538,61314.05078125,0.24067173898220062,0.014151
589,40671.0,49659.0,0.8190056183169214,175.0,0.175,0.0,0.0,175.0,0.175,56.0,35071.0,32.0,49.0,919.0,35071.0,1000,0,1000,942,0,0,0,58,0.1194136249832809,22674.8359375,0.050586942583322525,45349.578125,0.20997034013271332,0.014124000000000001
590,44846.0,50261.0,0.8922623903225164,101.0,0.101,0.0,0.0,101.0,0.101,68.0,38046.0,10.0,990.0,0.0,38046.0,1000,0,1000,931,0,0,0,69,0.1158663749229163,16627.998046875,-0.028837958350777626,33256.0625,0.2833487391471863,0.014096999999999998
591,47939.0,50580.0,0.9477856860419138,49.0,0.049,0.0,0.0,49.0,0.049,109.0,37039.0,503.0,497.0,0.0,37039.0,1000,0,1000,890,0,0,0,110,0.11949283303692937,22092.322265625,0.08552480489015579,44184.4765625,0.16398443281650543,0.01407
592,43886.0,49979.0,0.8780887972948639,116.0,0.116,0.0,0.0,116.0,0.116,63.0,37586.0,538.0,124.0,338.0,37586.0,1000,0,1000,936,0,0,0,64,0.11539729195646942,13336.736328125,-0.043781690299510956,26673.564453125,0.15924911201000214,0.014043
593,36287.0,51421.0,0.7056844479881761,263.0,0.263,0.0,0.0,263.0,0.263,48.0,31487.0,220.0,200.0,580.0,31487.0,1000,0,1000,952,0,0,0,48,0.11708579096011817,24878.697265625,0.012637562118470669,49757.37890625,0.3444178104400635,0.014016
594,46328.0,50331.0,0.920466511692595,78.0,0.078,0.0,0.0,78.0,0.078,84.0,37928.0,810.0,190.0,0.0,37928.0,1000,0,1000,916,0,0,0,84,0.11800870799925178,13464.60546875,-0.056150175631046295,26929.33203125,0.34046441316604614,0.013989000000000001
595,47494.0,49823.0,0.9532545210043554,45.0,0.045,0.0,0.0,45.0,0.045,104.0,37094.0,909.0,0.0,91.0,37094.0,1000,0,1000,894,0,0,0,106,0.11648850003257394,19248.43359375,0.07791297137737274,38496.7109375,0.01841210015118122,0.013961999999999999
596,11951.0,50062.0,0.23872398226199512,730.0,0.73,0.0,0.0,730.0,0.73,11.0,10851.0,8.0,992.0,0.0,10851.0,1000,0,1000,989,0,0,0,11,0.11691574996802956,46850.29296875,-0.027633782476186752,93700.640625,0.13233496248722076,0.013935
597,22139.0,52108.0,0.4248675827128272,565.0,0.565,0.0,0.0,565.0,0.565,25.0,19639.0,462.0,538.0,0.0,19639.0,1000,0,1000,975,0,0,0,25,0.11907675000838935,32455.125,0.03060535527765751,64910.1953125,0.31733545660972595,0.013908
598,42779.0,49889.0,0.8574836136222413,113.0,0.113,0.0,0.0,113.0,0.113,64.0,36379.0,794.0,206.0,0.0,36379.0,1000,0,1000,936,0,0,0,64,0.11599850002676249,27033.970703125,0.057682473212480545,54067.8359375,0.35684868693351746,0.013881000000000001
599,46996.0,50757.0,0.9259018460507911,67.0,0.067,0.0,0.0,67.0,0.067,88.0,38196.0,186.0,814.0,0.0,38196.0,1000,0,1000,912,0,0,0,88,0.12227550009265542,16230.1767578125,-0.024817442521452904,32460.4140625,0.39469292759895325,0.013853999999999998
600,48224.0,49628.0,0.971709518820021,18.0,0.018,0.0,0.0,18.0,0.018,132.0,35024.0,730.0,73.0,197.0,35024.0,1000,0,1000,868,0,0,0,132,0.11729512503370643,8683.166015625,0.057207655161619186,17366.216796875,0.01844443567097187,0.013826999999999999
601,16057.0,51113.0,0.3141470858685657,677.0,0.677,0.0,0.0,677.0,0.677,17.0,14357.0,609.0,391.0,0.0,14357.0,1000,0,1000,983,0,0,0,17,0.12042904109694064,41503.9453125,0.047970883548259735,83007.796875,0.08707873523235321,0.0138
602,15543.0,50460.0,0.308026159334126,656.0,0.656,0.0,0.0,656.0,0.656,16.0,13943.0,6.0,994.0,0.0,13943.0,1000,0,1000,984,0,0,0,16,0.11740883300080895,31266.76953125,0.01887919008731842,62533.5078125,0.2592322826385498,0.013773
603,40974.0,50072.0,0.8183016456302924,168.0,0.168,0.0,0.0,168.0,0.168,59.0,35074.0,369.0,631.0,0.0,35074.0,1000,0,1000,941,0,0,0,59,0.11795533401891589,15043.921875,-0.06586501002311707,30087.98046875,0.2114252746105194,0.013746000000000001
604,38675.0,49674.0,0.7785763175906913,202.0,0.202,0.0,0.0,202.0,0.202,57.0,32975.0,106.0,83.0,811.0,32975.0,1000,0,1000,941,0,0,0,59,0.11847866699099541,14157.6953125,0.025127900764346123,28315.34765625,0.26723137497901917,0.013718999999999999
605,33564.0,51215.0,0.6553548765010251,337.0,0.337,0.0,0.0,337.0,0.337,39.0,29664.0,487.0,513.0,0.0,29664.0,1000,0,1000,959,0,0,0,41,0.11596158402971923,15322.2841796875,-0.07458049058914185,30644.72265625,0.23329994082450867,0.013692
606,25385.0,49226.0,0.5156827692682728,450.0,0.45,0.0,0.0,450.0,0.45,31.0,22285.0,25.0,975.0,0.0,22285.0,1000,0,1000,969,0,0,0,31,0.12164758297149092,19102.49609375,0.11501798033714294,38204.76171875,0.005461635999381542,0.013665
607,2994.0,50298.0,0.05952522963139687,932.0,0.932,0.0,0.0,932.0,0.932,2.0,2794.0,3.0,997.0,0.0,2794.0,1000,0,1000,998,0,0,0,2,0.1156270420178771,51462.6015625,0.036476198583841324,102925.1328125,0.00797920860350132,0.013638
608,1988.0,51339.0,0.03872299811059818,964.0,0.964,0.0,0.0,964.0,0.964,1.0,1888.0,3.0,997.0,0.0,1888.0,1000,0,1000,999,0,0,0,1,0.11889033403713256,45769.99609375,-0.058161523193120956,91540.109375,0.011098181828856468,0.013610999999999998
609,2983.0,50223.0,0.05939509786352866,944.0,0.944,0.0,0.0,944.0,0.944,2.0,2783.0,13.0,987.0,0.0,2783.0,1000,0,1000,998,0,0,0,2,0.12063283298630267,45579.7578125,0.04951464757323265,91159.4140625,0.015606915578246117,0.013583999999999999
610,2960.0,49567.0,0.0597171505235338,940.0,0.94,0.0,0.0,940.0,0.94,2.0,2760.0,10.0,990.0,0.0,2760.0,1000,0,1000,998,0,0,0,2,0.11606404196936637,44958.671875,0.054020460695028305,89917.234375,0.022640908136963844,0.013557
611,2997.0,50980.0,0.05878775990584543,942.0,0.942,0.0,0.0,942.0,0.942,2.0,2797.0,2.0,998.0,0.0,2797.0,1000,0,1000,998,0,0,0,2,0.11697441700380296,35228.046875,-0.053541477769613266,70456.203125,0.03521685674786568,0.01353
612,3959.0,50175.0,0.07890383657199801,920.0,0.92,0.0,0.0,920.0,0.92,3.0,3659.0,15.0,985.0,0.0,3659.0,1000,0,1000,997,0,0,0,3,0.11551183403935283,34616.41015625,0.06111874431371689,69232.6953125,0.04867039620876312,0.013503000000000001
613,5459.0,50523.0,0.10804979910139936,897.0,0.897,0.0,0.0,897.0,0.897,5.0,4959.0,496.0,504.0,0.0,4959.0,1000,0,1000,995,0,0,0,5,0.12113241699989885,29528.138671875,-0.06227961927652359,59056.40234375,0.06766212731599808,0.013475999999999998
614,13255.0,50726.0,0.26130583921460393,733.0,0.733,0.0,0.0,733.0,0.733,13.0,11955.0,573.0,427.0,0.0,11955.0,1000,0,1000,987,0,0,0,13,0.11565829196479172,18700.125,-0.07575707882642746,37400.40625,0.12803620100021362,0.013449
615,20864.0,50452.0,0.41354158407991753,577.0,0.577,0.0,0.0,577.0,0.577,21.0,18764.0,61.0,939.0,0.0,18764.0,1000,0,1000,979,0,0,0,21,0.1167393330251798,17486.37109375,-0.024460092186927795,34972.8046875,0.3973986506462097,0.013422
616,43760.0,49665.0,0.8811033927312997,119.0,0.119,0.0,0.0,119.0,0.119,78.0,35960.0,820.0,180.0,0.0,35960.0,1000,0,1000,921,0,0,0,79,0.11436258291359991,22813.990234375,-0.02000325359404087,45628.02734375,0.28212428092956543,0.013395
617,44502.0,49790.0,0.893793934525005,97.0,0.097,0.0,0.0,97.0,0.097,86.0,35902.0,717.0,283.0,0.0,35902.0,1000,0,1000,913,0,0,0,87,0.12110970797948539,20301.677734375,-0.012681704014539719,40603.38671875,0.28228089213371277,0.013367999999999998
618,43560.0,49556.0,0.8790055694567762,116.0,0.116,0.0,0.0,116.0,0.116,77.0,35860.0,101.0,899.0,0.0,35860.0,1000,0,1000,922,0,0,0,78,0.11542504199314862,17599.564453125,0.0027368376031517982,35199.1328125,0.29352647066116333,0.013340999999999999
619,48519.0,50958.0,0.9521370540445072,45.0,0.045,0.0,0.0,45.0,0.045,96.0,38919.0,634.0,366.0,0.0,38919.0,1000,0,1000,902,0,0,0,98,0.11870925000403076,22032.056640625,0.052879005670547485,44064.015625,0.3106882572174072,0.013314
620,46421.0,49149.0,0.9444953101792508,53.0,0.053,0.0,0.0,53.0,0.053,101.0,36321.0,863.0,137.0,0.0,36321.0,1000,0,1000,898,0,0,0,102,0.11565775005146861,15772.0966796875,0.05424211919307709,31544.091796875,0.27014389634132385,0.013287
621,45145.0,49743.0,0.9075648835011961,87.0,0.087,0.0,0.0,87.0,0.087,81.0,37045.0,751.0,249.0,0.0,37045.0,1000,0,1000,918,0,0,0,82,0.12009700003545731,23969.376953125,0.10151560604572296,47938.55859375,0.33829835057258606,0.013259999999999997
622,47543.0,49696.0,0.956676593689633,38.0,0.038,0.0,0.0,38.0,0.038,110.0,36543.0,382.0,0.0,618.0,36543.0,1000,0,1000,889,0,0,0,111,0.11815991695038974,11529.048828125,-0.015935515984892845,23058.13671875,0.29761600494384766,0.013232999999999998
623,45412.0,50763.0,0.894588578295215,88.0,0.088,0.0,0.0,88.0,0.088,98.0,35612.0,789.0,211.0,0.0,35612.0,1000,0,1000,901,0,0,0,99,0.11941291694529355,11014.1884765625,-0.032760556787252426,22028.453125,0.38949331641197205,0.013205999999999999
624,48780.0,50069.0,0.9742555273722263,15.0,0.015,0.0,0.0,15.0,0.015,108.0,37980.0,346.0,654.0,0.0,37980.0,1000,0,1000,892,0,0,0,108,0.11805537506006658,17752.0,-0.009046860970556736,35504.02734375,0.25724026560783386,0.013179
625,46768.0,50081.0,0.9338471675885066,60.0,0.06,0.0,0.0,60.0,0.06,96.0,37168.0,683.0,0.0,317.0,37168.0,1000,0,1000,903,0,0,0,97,0.11697604204528034,17753.314453125,0.1197616383433342,35506.3984375,0.3376392424106598,0.013152
626,49218.0,49556.0,0.9931794333683106,7.0,0.007,0.0,0.0,7.0,0.007,127.0,36518.0,493.0,507.0,0.0,36518.0,1000,0,1000,873,0,0,0,127,0.1208504579262808,16256.677734375,0.12055148184299469,32513.1171875,0.06912326067686081,0.013124999999999998
627,28565.0,49546.0,0.5765349372300489,408.0,0.408,0.0,0.0,408.0,0.408,32.0,25365.0,210.0,790.0,0.0,25365.0,1000,0,1000,968,0,0,0,32,0.11773604201152921,21251.537109375,0.0673217922449112,42502.94921875,0.2597835063934326,0.013097999999999999
628,40376.0,50698.0,0.7964022249398398,197.0,0.197,0.0,0.0,197.0,0.197,58.0,34576.0,435.0,565.0,0.0,34576.0,1000,0,1000,941,0,0,0,59,0.11914687498938292,17113.3046875,0.01439629029482603,34226.58984375,0.23608921468257904,0.013071
629,43035.0,49402.0,0.8711185781952148,115.0,0.115,0.0,0.0,115.0,0.115,68.0,36235.0,587.0,0.0,413.0,36235.0,1000,0,1000,929,0,0,0,71,0.118148458073847,13805.7578125,-0.029272599145770073,27611.58203125,0.2852398157119751,0.013044
630,40165.0,50077.0,0.8020648201769275,189.0,0.189,0.0,0.0,189.0,0.189,56.0,34565.0,843.0,157.0,0.0,34565.0,1000,0,1000,944,0,0,0,56,0.11905941704753786,24836.02734375,0.10680127888917923,49671.84375,0.13192571699619293,0.013016999999999997
631,36670.0,51133.0,0.7171493947157414,248.0,0.248,0.0,0.0,248.0,0.248,49.0,31770.0,624.0,376.0,0.0,31770.0,1000,0,1000,951,0,0,0,49,0.11819479195401073,22377.255859375,0.11371153593063354,44754.29296875,0.2595682144165039,0.012989999999999998
632,44223.0,50408.0,0.8773012220282494,118.0,0.118,0.0,0.0,118.0,0.118,68.0,37423.0,336.0,664.0,0.0,37423.0,1000,0,1000,932,0,0,0,68,0.11715566704515368,16712.12109375,-0.011756747961044312,33424.27734375,0.4524335265159607,0.012962999999999999
633,47946.0,48557.0,0.9874168502996479,9.0,0.009,0.0,0.0,9.0,0.009,152.0,32746.0,745.0,255.0,0.0,32746.0,1000,0,1000,848,0,0,0,152,0.11961241695098579,14885.3515625,-0.0322723463177681,29770.779296875,0.45562276244163513,0.012936
634,49339.0,49877.0,0.9892134651242055,10.0,0.01,0.0,0.0,10.0,0.01,151.0,34239.0,802.0,198.0,0.0,34239.0,1000,0,1000,849,0,0,0,151,0.11866937496233732,8465.0029296875,-0.022397952154278755,16930.0546875,0.1304200291633606,0.012909
635,18142.0,50876.0,0.356592499410331,621.0,0.621,0.0,0.0,621.0,0.621,18.0,16342.0,8.0,992.0,0.0,16342.0,1000,0,1000,982,0,0,0,18,0.11953833303414285,34942.80859375,0.11191994696855545,69885.390625,1.4400472537090536e-05,0.012881999999999998
636,988.0,50808.0,0.01944575657376791,985.0,0.985,0.0,0.0,985.0,0.985,0.0,988.0,12.0,988.0,0.0,988.0,1000,0,1000,1000,0,0,0,0,0.11730329203419387,60465.74609375,-0.0018807064043357968,120931.4921875,4.1748853618628345e-06,0.012854999999999998
637,997.0,49702.0,0.020059554947487023,977.0,0.977,0.0,0.0,977.0,0.977,0.0,997.0,3.0,997.0,0.0,997.0,1000,0,1000,1000,0,0,0,0,0.11794420902151614,54433.046875,-0.008784415200352669,108866.109375,4.722460289485753e-06,0.012827999999999999
638,999.0,49983.0,0.01998679551047356,983.0,0.983,0.0,0.0,983.0,0.983,0.0,999.0,1.0,999.0,0.0,999.0,1000,0,1000,1000,0,0,0,0,0.11883070797193795,50359.890625,-0.0007249425398185849,100719.78125,6.33977833786048e-06,0.012801
639,979.0,49820.0,0.01965074267362505,984.0,0.984,0.0,0.0,984.0,0.984,0.0,979.0,21.0,979.0,0.0,979.0,1000,0,1000,1000,0,0,0,0,0.12072316603735089,47124.37109375,-0.0416102334856987,94248.828125,8.596966836194042e-06,0.012773999999999997
640,984.0,49650.0,0.019818731117824773,977.0,0.977,0.0,0.0,977.0,0.977,0.0,984.0,16.0,984.0,0.0,984.0,1000,0,1000,1000,0,0,0,0,0.11882837500888854,41917.609375,-0.10442076623439789,83835.4296875,1.3083072190056555e-05,0.012746999999999998
641,976.0,49999.0,0.019520390407808157,981.0,0.981,0.0,0.0,981.0,0.981,0.0,976.0,24.0,976.0,0.0,976.0,1000,0,1000,1000,0,0,0,0,0.11797433393076062,40364.47265625,-0.07009054720401764,80729.0859375,1.8750713934423402e-05,0.012719999999999999
642,999.0,49137.0,0.020330911533060627,978.0,0.978,0.0,0.0,978.0,0.978,0.0,999.0,1.0,999.0,0.0,999.0,1000,0,1000,1000,0,0,0,0,0.11654254200402647,38719.08203125,0.0484633594751358,77438.0703125,3.319417010061443e-05,0.012693
643,997.0,49964.0,0.019954367144343926,977.0,0.977,0.0,0.0,977.0,0.977,0.0,997.0,3.0,997.0,0.0,997.0,1000,0,1000,1000,0,0,0,0,0.15643991599790752,34788.5234375,-0.0007220568368211389,69577.046875,4.2296480387449265e-05,0.012666
644,999.0,48911.0,0.020424853304982518,981.0,0.981,0.0,0.0,981.0,0.981,0.0,999.0,1.0,999.0,0.0,999.0,1000,0,1000,1000,0,0,0,0,0.12405799992848188,31112.06640625,-0.07933037728071213,62224.29296875,6.253946048673242e-05,0.012638999999999997
645,999.0,50359.0,0.01983756627415159,980.0,0.98,0.0,0.0,980.0,0.98,0.0,999.0,1.0,999.0,0.0,999.0,1000,0,1000,1000,0,0,0,0,0.11768162506632507,29846.357421875,-0.015055088326334953,59692.74609375,0.00010119104263139889,0.012611999999999998
646,999.0,50731.0,0.019692101476414814,982.0,0.982,0.0,0.0,982.0,0.982,0.0,999.0,1.0,999.0,0.0,999.0,1000,0,1000,1000,0,0,0,0,0.1236660829745233,28568.83203125,0.004384312313050032,57137.65625,0.00013607146684080362,0.012584999999999999
647,994.0,51223.0,0.019405345255061202,981.0,0.981,0.0,0.0,981.0,0.981,0.0,994.0,6.0,994.0,0.0,994.0,1000,0,1000,1000,0,0,0,0,0.12259320798330009,25799.0,0.026691637933254242,51597.9453125,0.00019405897182878107,0.012558
648,996.0,49501.0,0.020120805640290094,979.0,0.979,0.0,0.0,979.0,0.979,0.0,996.0,4.0,996.0,0.0,996.0,1000,0,1000,1000,0,0,0,0,0.11905491689685732,22244.06640625,-0.07575656473636627,44488.28515625,0.00028262697742320597,0.012530999999999997
649,991.0,51925.0,0.01908521906596052,981.0,0.981,0.0,0.0,981.0,0.981,0.0,991.0,9.0,991.0,0.0,991.0,1000,0,1000,1000,0,0,0,0,0.12121258291881531,21211.0390625,-0.042312897741794586,42422.1640625,0.00033925846219062805,0.012503999999999998
650,1000.0,51981.0,0.01923779842634809,983.0,0.983,0.0,0.0,983.0,0.983,0.0,1000.0,0.0,1000.0,0.0,1000.0,1000,0,1000,1000,0,0,0,0,0.13665345788467675,20496.611328125,0.016086893156170845,40993.19140625,0.0006150935078039765,0.012476999999999999
651,990.0,49430.0,0.020028322880841595,981.0,0.981,0.0,0.0,981.0,0.981,0.0,990.0,10.0,990.0,0.0,990.0,1000,0,1000,1000,0,0,0,0,0.12837054196279496,17829.314453125,-0.09430282562971115,35658.81640625,0.0007608069572597742,0.01245
652,995.0,48820.0,0.020380991396968456,980.0,0.98,0.0,0.0,980.0,0.98,0.0,995.0,5.0,995.0,0.0,995.0,1000,0,1000,1000,0,0,0,0,0.12702033307868987,17389.9921875,0.030905282124876976,34779.921875,0.0010946433758363128,0.012423
653,984.0,48561.0,0.02026317415209736,977.0,0.977,0.0,0.0,977.0,0.977,0.0,984.0,16.0,984.0,0.0,984.0,1000,0,1000,1000,0,0,0,0,0.12635508400853723,14837.9912109375,-0.05642177164554596,29676.095703125,0.001493455027230084,0.012395999999999997
654,1000.0,49359.0,0.02025972973520533,980.0,0.98,0.0,0.0,980.0,0.98,0.0,1000.0,0.0,1000.0,0.0,1000.0,1000,0,1000,1000,0,0,0,0,0.12253733305260539,15212.60546875,0.12006765604019165,30424.970703125,0.002291070530191064,0.012368999999999998
655,997.0,49407.0,0.020179326816038214,979.0,0.979,0.0,0.0,979.0,0.979,0.0,997.0,3.0,997.0,0.0,997.0,1000,0,1000,1000,0,0,0,0,0.13404829101637006,13501.625,0.055046796798706055,27003.140625,0.0030213112477213144,0.012341999999999999
656,999.0,49563.0,0.02015616488106047,978.0,0.978,0.0,0.0,978.0,0.978,0.0,999.0,1.0,999.0,0.0,999.0,1000,0,1000,1000,0,0,0,0,0.12858808401506394,11524.630859375,-0.05664834380149841,23049.375,0.0041653127409517765,0.012315
657,992.0,48716.0,0.02036291977994909,981.0,0.981,0.0,0.0,981.0,0.981,0.0,992.0,8.0,992.0,0.0,992.0,1000,0,1000,1000,0,0,0,0,0.13004800002090633,10793.65625,0.07296936959028244,21587.166015625,0.005841172765940428,0.012287999999999997
658,1985.0,50674.0,0.03917196195287524,959.0,0.959,0.0,0.0,959.0,0.959,1.0,1885.0,8.0,992.0,0.0,1885.0,1000,0,1000,999,0,0,0,1,0.12552262505050749,10074.3134765625,-0.012669811956584454,20148.65234375,0.008067337796092033,0.012260999999999998
659,993.0,49847.0,0.019920958131883562,981.0,0.981,0.0,0.0,981.0,0.981,0.0,993.0,7.0,993.0,0.0,993.0,1000,0,1000,1000,0,0,0,0,0.12301037495490164,8033.58203125,-0.12225259840488434,16067.408203125,0.011527775786817074,0.012233999999999998
660,2980.0,51671.0,0.05767258229954907,948.0,0.948,0.0,0.0,948.0,0.948,2.0,2780.0,0.0,1000.0,0.0,2780.0,1000,0,1000,998,0,0,0,2,0.12325212499126792,8101.40185546875,0.011546866968274117,16202.7802734375,0.01725773513317108,0.012206999999999999
661,4975.0,50252.0,0.0990010347846852,903.0,0.903,0.0,0.0,903.0,0.903,4.0,4575.0,4.0,996.0,0.0,4575.0,1000,0,1000,996,0,0,0,4,0.12014675000682473,9449.2373046875,-0.06214260309934616,18898.599609375,0.0236921776086092,0.01218
662,2472.0,51105.0,0.04837100088054006,956.0,0.956,0.0,0.0,956.0,0.956,2.0,2272.0,496.0,504.0,0.0,2272.0,1000,0,1000,998,0,0,0,2,0.11971412505954504,6845.2978515625,0.023498451337218285,13690.5498046875,0.036966610699892044,0.012152999999999997
663,7957.0,50737.0,0.15682835011924237,839.0,0.839,0.0,0.0,839.0,0.839,7.0,7257.0,10.0,990.0,0.0,7257.0,1000,0,1000,993,0,0,0,7,0.12858958297874779,10801.29296875,0.07680249959230423,21602.43359375,0.05786691606044769,0.012125999999999998
664,8029.0,49732.0,0.1614453470602429,838.0,0.838,0.0,0.0,838.0,0.838,8.0,7229.0,845.0,155.0,0.0,7229.0,1000,0,1000,992,0,0,0,8,0.13742104195989668,9175.6787109375,0.0403754785656929,18351.279296875,0.1111503541469574,0.012098999999999999
665,20475.0,49236.0,0.4158542529856203,582.0,0.582,0.0,0.0,582.0,0.582,21.0,18375.0,779.0,221.0,0.0,18375.0,1000,0,1000,978,0,0,0,22,0.1253103750059381,22782.33203125,0.006166135426610708,45564.65625,0.11733432114124298,0.012072
666,22145.0,48831.0,0.4535028977493805,524.0,0.524,0.0,0.0,524.0,0.524,24.0,19745.0,651.0,349.0,0.0,19745.0,1000,0,1000,976,0,0,0,24,0.12717704207170755,20627.06640625,-0.2076442539691925,41254.55078125,0.15493662655353546,0.012044999999999997
667,33329.0,50878.0,0.6550768505051299,307.0,0.307,0.0,0.0,307.0,0.307,39.0,29429.0,492.0,508.0,0.0,29429.0,1000,0,1000,961,0,0,0,39,0.13475037494208664,37121.29296875,-0.033193010836839676,74242.6484375,0.1434394121170044,0.012017999999999997
668,38705.0,50663.0,0.7639697609695438,214.0,0.214,0.0,0.0,214.0,0.214,45.0,34205.0,381.0,619.0,0.0,34205.0,1000,0,1000,955,0,0,0,45,0.1259508749935776,43947.5234375,0.0235441941767931,87895.0078125,0.168792262673378,0.011990999999999998
669,41651.0,49780.0,0.8367014865407795,157.0,0.157,0.0,0.0,157.0,0.157,52.0,36451.0,784.0,216.0,0.0,36451.0,1000,0,1000,948,0,0,0,52,0.12207291705999523,48730.77734375,-0.019380804151296616,97461.6015625,0.22803576290607452,0.011963999999999999
670,42618.0,49170.0,0.8667480170835875,130.0,0.13,0.0,0.0,130.0,0.13,66.0,36018.0,818.0,0.0,182.0,36018.0,1000,0,1000,934,0,0,0,66,0.12372620799578726,46344.15625,-0.06351836770772934,92688.4453125,0.245280459523201,0.011937
671,45944.0,50657.0,0.9069625125846379,89.0,0.089,0.0,0.0,89.0,0.089,75.0,38444.0,603.0,0.0,397.0,38444.0,1000,0,1000,923,0,0,0,77,0.12005491694435477,49101.35546875,0.15081128478050232,98202.4140625,0.2757384181022644,0.011909999999999997
672,48322.0,50928.0,0.9488297203895696,53.0,0.053,0.0,0.0,53.0,0.053,88.0,39522.0,614.0,386.0,0.0,39522.0,1000,0,1000,911,0,0,0,89,0.12467604200355709,56277.15625,-0.04675130173563957,112554.4140625,0.3059072494506836,0.011882999999999998
673,47307.0,49569.0,0.9543666404405979,43.0,0.043,0.0,0.0,43.0,0.043,91.0,38207.0,505.0,495.0,0.0,38207.0,1000,0,1000,909,0,0,0,91,0.12795350002124906,40243.7265625,0.016861388459801674,80487.4296875,0.3362380862236023,0.011855999999999998
674,48733.0,50481.0,0.9653731106753036,35.0,0.035,0.0,0.0,35.0,0.035,111.0,37633.0,726.0,274.0,0.0,37633.0,1000,0,1000,887,0,0,0,113,0.12067879200913012,36264.953125,-0.010332456789910793,72529.9375,0.29450589418411255,0.011829
675,48717.0,50251.0,0.969473244313546,25.0,0.025,0.0,0.0,25.0,0.025,101.0,38617.0,489.0,511.0,0.0,38617.0,1000,0,1000,899,0,0,0,101,0.12034987506922334,36626.859375,0.10078401863574982,73253.5234375,0.3551991581916809,0.011801999999999997
676,48808.0,50113.0,0.9739588529922375,25.0,0.025,0.0,0.0,25.0,0.025,111.0,37708.0,516.0,0.0,484.0,37708.0,1000,0,1000,888,0,0,0,112,0.12385262502357364,35442.41015625,-0.12286825478076935,70885.0703125,0.3058258295059204,0.011774999999999997
677,46470.0,48739.0,0.9534459057428343,24.0,0.024,0.0,0.0,24.0,0.024,104.0,36070.0,309.0,691.0,0.0,36070.0,1000,0,1000,896,0,0,0,104,0.12420704204123467,26705.462890625,0.003568665822967887,53410.921875,0.24266605079174042,0.011747999999999998
678,46418.0,48737.0,0.952418080718961,46.0,0.046,0.0,0.0,46.0,0.046,91.0,37318.0,810.0,190.0,0.0,37318.0,1000,0,1000,909,0,0,0,91,0.12189883296377957,32531.73046875,-0.034702569246292114,65063.5390625,0.3047390878200531,0.011720999999999999
679,48963.0,51702.0,0.9470233259835209,37.0,0.037,0.0,0.0,37.0,0.037,92.0,39763.0,295.0,0.0,705.0,39763.0,1000,0,1000,907,0,0,0,93,0.12199295894242823,37140.38671875,-0.01858113519847393,74280.8203125,0.2822522819042206,0.011694
680,48481.0,50455.0,0.9608760281438906,39.0,0.039,0.0,0.0,39.0,0.039,92.0,39281.0,414.0,586.0,0.0,39281.0,1000,0,1000,908,0,0,0,92,0.11997533403337002,30417.236328125,-0.08809579163789749,60834.65625,0.3100145161151886,0.011666999999999997
681,48691.0,51546.0,0.9446125790556008,49.0,0.049,0.0,0.0,49.0,0.049,94.0,39291.0,293.0,0.0,707.0,39291.0,1000,0,1000,905,0,0,0,95,0.12311258295085281,30310.0859375,0.02328665181994438,60620.1328125,0.29251551628112793,0.011639999999999998
682,48082.0,50199.0,0.9578278451761987,41.0,0.041,0.0,0.0,41.0,0.041,103.0,37782.0,86.0,37.0,877.0,37782.0,1000,0,1000,893,0,0,0,107,0.12229462503455579,24375.62109375,0.06581040471792221,48751.11328125,0.25065746903419495,0.011612999999999998
683,46783.0,49575.0,0.9436812909732728,55.0,0.055,0.0,0.0,55.0,0.055,83.0,38483.0,777.0,223.0,0.0,38483.0,1000,0,1000,916,0,0,0,84,0.12458649999462068,31344.59765625,0.015280953608453274,62689.171875,0.31867218017578125,0.011585999999999999
684,46453.0,50099.0,0.9272240962893471,71.0,0.071,0.0,0.0,71.0,0.071,92.0,37253.0,352.0,91.0,557.0,37253.0,1000,0,1000,904,0,0,0,96,0.11900766706094146,27029.078125,0.09521105885505676,54057.97265625,0.28075405955314636,0.011558999999999996
685,47675.0,49384.0,0.9653936497651061,29.0,0.029,0.0,0.0,29.0,0.029,86.0,39075.0,578.0,0.0,422.0,39075.0,1000,0,1000,913,0,0,0,87,0.12195516703650355,19673.568359375,0.009167404845356941,39347.125,0.2729527950286865,0.011531999999999997
686,48127.0,49736.0,0.9676491877111146,32.0,0.032,0.0,0.0,32.0,0.032,83.0,39827.0,924.0,76.0,0.0,39827.0,1000,0,1000,917,0,0,0,83,0.12055054097436368,25381.00390625,-0.09795736521482468,50762.2109375,0.31809547543525696,0.011504999999999998
687,48663.0,50008.0,0.9731043033114701,27.0,0.027,0.0,0.0,27.0,0.027,110.0,37663.0,114.0,0.0,886.0,37663.0,1000,0,1000,889,0,0,0,111,0.11776329099666327,21216.41015625,-0.0056684305891394615,42432.83984375,0.30101171135902405,0.011477999999999999
688,46715.0,49614.0,0.941568912000645,53.0,0.053,0.0,0.0,53.0,0.053,94.0,37315.0,536.0,464.0,0.0,37315.0,1000,0,1000,905,0,0,0,95,0.11748849996365607,24992.88671875,-0.02906240150332451,49985.83984375,0.3030039072036743,0.011450999999999996
689,44962.0,49736.0,0.9040131896413061,86.0,0.086,0.0,0.0,86.0,0.086,88.0,36162.0,197.0,803.0,0.0,36162.0,1000,0,1000,911,0,0,0,89,0.1274969580117613,22383.779296875,-0.08516901731491089,44767.73828125,0.3149160146713257,0.011424
690,49597.0,50738.0,0.9775119240017344,22.0,0.022,0.0,0.0,22.0,0.022,117.0,37897.0,735.0,265.0,0.0,37897.0,1000,0,1000,883,0,0,0,117,0.12933550006709993,29589.150390625,0.13610878586769104,59178.03515625,0.32899895310401917,0.011397000000000001
691,47674.0,49349.0,0.9660580761514924,31.0,0.031,0.0,0.0,31.0,0.031,96.0,38074.0,655.0,345.0,0.0,38074.0,1000,0,1000,904,0,0,0,96,0.4328926670132205,20125.50390625,0.021160820499062538,40250.97265625,0.3116474449634552,0.011370000000000002
692,46997.0,49904.0,0.941748156460404,52.0,0.052,0.0,0.0,52.0,0.052,94.0,37597.0,686.0,314.0,0.0,37597.0,1000,0,1000,905,0,0,0,95,0.12941095791757107,19268.09765625,-0.14932557940483093,38536.5,0.37910401821136475,0.011342999999999999
693,48929.0,50459.0,0.969678352722012,30.0,0.03,0.0,0.0,30.0,0.03,108.0,38129.0,755.0,245.0,0.0,38129.0,1000,0,1000,892,0,0,0,108,0.1219267500564456,18956.322265625,0.037162672728300095,37912.578125,0.37963730096817017,0.011316
694,43608.0,49670.0,0.8779544996980069,103.0,0.103,0.0,0.0,103.0,0.103,73.0,36308.0,570.0,0.0,430.0,36308.0,1000,0,1000,924,0,0,0,76,0.12264208402484655,32673.81640625,0.06749054789543152,65347.5,0.21039675176143646,0.011289
695,43502.0,50296.0,0.8649196755209162,135.0,0.135,0.0,0.0,135.0,0.135,64.0,37102.0,812.0,188.0,0.0,37102.0,1000,0,1000,935,0,0,0,65,0.12025929207447916,23306.7265625,-0.09633378684520721,46613.6484375,0.22001200914382935,0.011262000000000001
696,46696.0,50308.0,0.928202273992208,68.0,0.068,0.0,0.0,68.0,0.068,70.0,39696.0,19.0,0.0,981.0,39696.0,1000,0,1000,927,0,0,0,73,0.1283602500334382,18964.857421875,-0.02119794674217701,37929.765625,0.30484244227409363,0.011235000000000002
697,44371.0,50749.0,0.8743226467516602,116.0,0.116,0.0,0.0,116.0,0.116,73.0,37071.0,610.0,390.0,0.0,37071.0,1000,0,1000,925,0,0,0,75,0.12008554104249924,24078.978515625,0.02094614878296852,48157.91796875,0.22573912143707275,0.011208
698,45544.0,49736.0,0.915714975068361,81.0,0.081,0.0,0.0,81.0,0.081,85.0,37044.0,748.0,252.0,0.0,37044.0,1000,0,1000,915,0,0,0,85,0.11649000004399568,18919.55078125,-0.005815539043396711,37839.12109375,0.3053491413593292,0.011181
699,39536.0,48958.0,0.8075493279954247,161.0,0.161,0.0,0.0,161.0,0.161,64.0,33136.0,677.0,323.0,0.0,33136.0,1000,0,1000,935,0,0,0,65,0.13160487508866936,17699.640625,0.05920947715640068,35399.171875,0.3023115396499634,0.011154
700,45336.0,48511.0,0.9345509265939683,47.0,0.047,0.0,0.0,47.0,0.047,92.0,36136.0,94.0,19.0,887.0,36136.0,1000,0,1000,908,0,0,0,92,0.12560954107902944,17153.599609375,-0.03221457824110985,34307.26953125,0.29325032234191895,0.011127000000000001
701,48140.0,49579.0,0.9709756146755683,25.0,0.025,0.0,0.0,25.0,0.025,131.0,35040.0,591.0,409.0,0.0,35040.0,1000,0,1000,869,0,0,0,131,0.14203266706317663,14593.2529296875,0.04406677931547165,29186.419921875,0.1119266152381897,0.011099999999999999
702,37639.0,51035.0,0.7375134711472519,250.0,0.25,0.0,0.0,250.0,0.25,50.0,32639.0,802.0,78.0,120.0,32639.0,1000,0,1000,949,0,0,0,51,0.13409904204308987,17117.001953125,0.07137680053710938,34233.8671875,0.28174999356269836,0.011073
703,41385.0,51144.0,0.809185828249648,173.0,0.173,0.0,0.0,173.0,0.173,67.0,34685.0,5.0,0.0,995.0,34685.0,1000,0,1000,930,0,0,0,70,0.4628305418882519,21843.51953125,0.013593665324151516,43687.0234375,0.4834134578704834,0.011046
704,51283.0,51366.0,0.9983841451543822,1.0,0.001,0.0,0.0,1.0,0.001,243.0,26983.0,634.0,38.0,328.0,26983.0,1000,0,1000,757,0,0,0,243,0.1389033750165254,24850.5859375,-0.05528708174824715,49701.28515625,0.1365698277950287,0.011019000000000001
705,39669.0,49872.0,0.7954162656400385,189.0,0.189,0.0,0.0,189.0,0.189,56.0,34069.0,366.0,634.0,0.0,34069.0,1000,0,1000,942,0,0,0,58,0.13147616607602686,11155.9228515625,-0.04595498740673065,22311.943359375,0.24099524319171906,0.010992000000000002
706,44512.0,50559.0,0.8803971597539508,116.0,0.116,0.0,0.0,116.0,0.116,75.0,37012.0,478.0,522.0,0.0,37012.0,1000,0,1000,923,0,0,0,77,0.13635120796971023,12490.69921875,-0.030668996274471283,24981.466796875,0.34120073914527893,0.010964999999999999
707,47527.0,49740.0,0.9555086449537595,47.0,0.047,0.0,0.0,47.0,0.047,101.0,37427.0,772.0,228.0,0.0,37427.0,1000,0,1000,897,0,0,0,103,0.1281459160381928,10207.771484375,-0.04322139173746109,20415.62890625,0.04459245130419731,0.010938
708,15341.0,49572.0,0.30946905511175665,683.0,0.683,0.0,0.0,683.0,0.683,16.0,13741.0,2.0,0.0,998.0,13741.0,1000,0,1000,983,0,0,0,17,0.13073149998672307,43823.61328125,0.04445350542664528,87647.140625,0.01283608004450798,0.010911
709,2986.0,50673.0,0.05892684467073195,937.0,0.937,0.0,0.0,937.0,0.937,2.0,2786.0,9.0,991.0,0.0,2786.0,1000,0,1000,998,0,0,0,2,0.12912399997003376,62541.33203125,0.013364018872380257,125082.640625,0.016588307917118073,0.010884000000000001
710,1000.0,50238.0,0.019905251005215174,983.0,0.983,0.0,0.0,983.0,0.983,0.0,1000.0,0.0,1000.0,0.0,1000.0,1000,0,1000,1000,0,0,0,0,0.13678479194641113,65243.12109375,0.07002284377813339,130486.1015625,0.021573588252067566,0.010856999999999999
711,3953.0,48235.0,0.08195293873743133,914.0,0.914,0.0,0.0,914.0,0.914,3.0,3653.0,8.0,992.0,0.0,3653.0,1000,0,1000,997,0,0,0,3,0.13008837506640702,53854.4296875,0.008432412520051003,107708.84375,0.02849445678293705,0.01083
712,4668.0,50960.0,0.09160125588697017,906.0,0.906,0.0,0.0,906.0,0.906,4.0,4268.0,16.0,984.0,0.0,4268.0,1000,0,1000,996,0,0,0,4,0.1308787080924958,48522.83203125,0.00794911663979292,97045.6484375,0.04060881957411766,0.010803
713,6918.0,48562.0,0.14245706519500845,850.0,0.85,0.0,0.0,850.0,0.85,6.0,6318.0,5.0,995.0,0.0,6318.0,1000,0,1000,994,0,0,0,6,0.1333840839797631,41425.53125,0.05729368329048157,82850.9453125,0.06283983588218689,0.010776
714,11876.0,49708.0,0.23891526514846706,757.0,0.757,0.0,0.0,757.0,0.757,11.0,10776.0,5.0,995.0,0.0,10776.0,1000,0,1000,989,0,0,0,11,0.14125091605819762,32003.78125,0.11234419792890549,64007.33984375,0.1011534035205841,0.010749000000000002
715,17847.0,50478.0,0.35355996671817425,633.0,0.633,0.0,0.0,633.0,0.633,17.0,16147.0,0.0,1000.0,0.0,16147.0,1000,0,1000,983,0,0,0,17,0.1430257500614971,20009.24609375,-0.10719215124845505,40018.7109375,0.2300247997045517,0.010721999999999999
716,39464.0,49717.0,0.7937727537864312,194.0,0.194,0.0,0.0,194.0,0.194,47.0,34764.0,176.0,824.0,0.0,34764.0,1000,0,1000,951,0,0,0,49,0.13220954197458923,16516.46484375,0.05916551873087883,33032.8203125,0.3241440951824188,0.010695
717,46064.0,49897.0,0.923181754414093,64.0,0.064,0.0,0.0,64.0,0.064,85.0,37564.0,437.0,0.0,563.0,37564.0,1000,0,1000,915,0,0,0,85,0.12705912499222904,18523.06640625,-0.04900366812944412,37046.23828125,0.3111288845539093,0.010668
718,44058.0,47890.0,0.919983295051159,72.0,0.072,0.0,0.0,72.0,0.072,90.0,35058.0,707.0,293.0,0.0,35058.0,1000,0,1000,908,0,0,0,92,0.13053841702640057,11457.16015625,0.04892836883664131,22914.23046875,0.36810579895973206,0.010641000000000001
719,46681.0,48506.0,0.9623757885622397,25.0,0.025,0.0,0.0,25.0,0.025,127.0,33981.0,708.0,292.0,0.0,33981.0,1000,0,1000,872,0,0,0,128,0.1312179999658838,10693.7216796875,0.006632559467107058,21387.431640625,0.0990690365433693,0.010613999999999998
720,35022.0,50026.0,0.7000759605005398,299.0,0.299,0.0,0.0,299.0,0.299,44.0,30622.0,421.0,579.0,0.0,30622.0,1000,0,1000,956,0,0,0,44,0.12821533402893692,18905.625,-0.03066965565085411,37811.31640625,0.2757413983345032,0.010587
721,43831.0,49745.0,0.8811136797668108,115.0,0.115,0.0,0.0,115.0,0.115,73.0,36531.0,716.0,284.0,0.0,36531.0,1000,0,1000,925,0,0,0,75,0.12729120801668614,15910.2294921875,-5.978140325169079e-05,31820.46484375,0.3030492663383484,0.01056
722,42148.0,50636.0,0.832372225294257,146.0,0.146,0.0,0.0,146.0,0.146,71.0,35048.0,455.0,545.0,0.0,35048.0,1000,0,1000,926,0,0,0,74,0.12686395808123052,11631.4951171875,0.05832270160317421,23262.87890625,0.30305206775665283,0.010533
723,40072.0,50466.0,0.7940395513811279,183.0,0.183,0.0,0.0,183.0,0.183,69.0,33172.0,872.0,33.0,95.0,33172.0,1000,0,1000,930,0,0,0,70,0.12859858304727823,18574.97265625,-0.007939852774143219,37149.96875,0.3772408962249756,0.010506000000000001
724,33715.0,50137.0,0.6724574665416758,307.0,0.307,0.0,0.0,307.0,0.307,43.0,29415.0,558.0,442.0,0.0,29415.0,1000,0,1000,957,0,0,0,43,0.12927087501157075,18304.330078125,-0.007759427186101675,36608.67578125,0.0004739472933579236,0.010478999999999999
725,1000.0,50571.0,0.019774178877222125,972.0,0.972,0.0,0.0,972.0,0.972,0.0,1000.0,0.0,1000.0,0.0,1000.0,1000,0,1000,1000,0,0,0,0,0.12656229094136506,64465.90625,0.10549236088991165,128931.6015625,0.0005391302984207869,0.010452
726,999.0,49214.0,0.02029910188157841,980.0,0.98,0.0,0.0,980.0,0.98,0.0,999.0,1.0,999.0,0.0,999.0,1000,0,1000,1000,0,0,0,0,0.14123145898338407,57139.1015625,0.06498957425355911,114278.0703125,0.0005782663938589394,0.010425
727,983.0,51473.0,0.01909739086511375,979.0,0.979,0.0,0.0,979.0,0.979,0.0,983.0,17.0,983.0,0.0,983.0,1000,0,1000,1000,0,0,0,0,0.12957495800219476,50613.484375,-0.05333509296178818,101227.078125,0.0006239705253392458,0.010398000000000001
728,1990.0,48470.0,0.04105632349907159,955.0,0.955,0.0,0.0,955.0,0.955,1.0,1890.0,8.0,992.0,0.0,1890.0,1000,0,1000,999,0,0,0,1,0.4198256670497358,43364.9765625,-0.06484095007181168,86730.0859375,0.0008945618174038827,0.010370999999999998
729,999.0,50445.0,0.019803746654772525,980.0,0.98,0.0,0.0,980.0,0.98,0.0,999.0,1.0,999.0,0.0,999.0,1000,0,1000,1000,0,0,0,0,0.1285130000906065,41849.96484375,-0.0680675357580185,83700.0625,0.0012849823106080294,0.010343999999999999
730,998.0,50640.0,0.019707740916271723,977.0,0.977,0.0,0.0,977.0,0.977,0.0,998.0,2.0,998.0,0.0,998.0,1000,0,1000,1000,0,0,0,0,0.13483483402524143,41460.18359375,0.025543298572301865,82920.3125,0.0015475847758352757,0.010317
731,3810.0,51713.0,0.07367586486956858,918.0,0.918,0.0,0.0,918.0,0.918,3.0,3510.0,6.0,994.0,0.0,3510.0,1000,0,1000,997,0,0,0,3,0.2750377500196919,33299.99609375,-0.06481804698705673,66600.125,0.0023275979328900576,0.01029
732,1981.0,49343.0,0.04014753865796567,963.0,0.963,0.0,0.0,963.0,0.963,1.0,1881.0,9.0,991.0,0.0,1881.0,1000,0,1000,999,0,0,0,1,0.19670883403159678,34987.890625,0.08642468601465225,69975.609375,0.0034263762645423412,0.010263000000000001
733,1984.0,50399.0,0.03936586043373876,961.0,0.961,0.0,0.0,961.0,0.961,1.0,1884.0,6.0,994.0,0.0,1884.0,1000,0,1000,999,0,0,0,1,0.14341929205693305,29902.5,-0.050323568284511566,59805.1015625,0.004696538671851158,0.010235999999999999
734,998.0,51097.0,0.019531479343209972,975.0,0.975,0.0,0.0,975.0,0.975,0.0,998.0,2.0,998.0,0.0,998.0,1000,0,1000,1000,0,0,0,0,0.14117524994071573,29506.68359375,-0.009142281487584114,59013.38671875,0.006805197801440954,0.010209
735,2981.0,49656.0,0.06003302722732399,930.0,0.93,0.0,0.0,930.0,0.93,2.0,2781.0,14.0,986.0,0.0,2781.0,1000,0,1000,998,0,0,0,2,0.13635400007478893,25620.48828125,-0.012194950133562088,51241.0,0.008800945244729519,0.010182
736,1996.0,50256.0,0.03971665074816937,961.0,0.961,0.0,0.0,961.0,0.961,1.0,1896.0,2.0,998.0,0.0,1896.0,1000,0,1000,999,0,0,0,1,0.12706525006797165,24443.705078125,0.023557284846901894,48887.36328125,0.013282112777233124,0.010155
737,3989.0,51200.0,0.07791015625,921.0,0.921,0.0,0.0,921.0,0.921,3.0,3689.0,4.0,996.0,0.0,3689.0,1000,0,1000,997,0,0,0,3,0.1322446670383215,21040.166015625,0.04630429670214653,42080.23828125,0.02130725048482418,0.010127999999999998
738,2992.0,51647.0,0.057931728851627395,937.0,0.937,0.0,0.0,937.0,0.937,2.0,2792.0,4.0,996.0,0.0,2792.0,1000,0,1000,998,0,0,0,2,0.12956912501249462,21072.109375,0.0853838175535202,42144.046875,0.033105794340372086,0.010100999999999999
739,4986.0,50736.0,0.09827341532639546,892.0,0.892,0.0,0.0,892.0,0.892,4.0,4586.0,2.0,998.0,0.0,4586.0,1000,0,1000,996,0,0,0,4,0.13248524989467114,17898.74609375,-0.061795808374881744,35797.6171875,0.047093406319618225,0.010074
740,4990.0,50087.0,0.09962664962964442,896.0,0.896,0.0,0.0,896.0,0.896,4.0,4590.0,4.0,996.0,0.0,4590.0,1000,0,1000,996,0,0,0,4,0.13367104204371572,15830.9453125,-0.008412204682826996,31661.91015625,0.07483039796352386,0.010047
741,13812.0,48548.0,0.28450193622806297,712.0,0.712,0.0,0.0,712.0,0.712,14.0,12412.0,52.0,0.0,948.0,12412.0,1000,0,1000,986,0,0,0,14,0.1286407500738278,12345.1943359375,0.009787894785404205,24690.37109375,0.10966897010803223,0.010019999999999998
742,22569.0,50545.0,0.4465130082105055,521.0,0.521,0.0,0.0,521.0,0.521,23.0,20269.0,0.0,1000.0,0.0,20269.0,1000,0,1000,977,0,0,0,23,0.12912658299319446,21208.71875,-0.11069677770137787,42417.6640625,0.29224923253059387,0.009992999999999998
743,42004.0,49636.0,0.8462406317995004,148.0,0.148,0.0,0.0,148.0,0.148,57.0,36304.0,405.0,595.0,0.0,36304.0,1000,0,1000,940,0,0,0,60,0.12922833301126957,30709.517578125,-0.042714595794677734,61419.12890625,0.33043739199638367,0.009966
744,46511.0,50086.0,0.9286227688375993,62.0,0.062,0.0,0.0,62.0,0.062,85.0,38011.0,444.0,556.0,0.0,38011.0,1000,0,1000,913,0,0,0,87,0.1285098330117762,32228.509765625,-0.025004563853144646,64457.078125,0.31692734360694885,0.009939
745,48396.0,50918.0,0.9504693821438391,41.0,0.041,0.0,0.0,41.0,0.041,91.0,39296.0,495.0,505.0,0.0,39296.0,1000,0,1000,908,0,0,0,92,0.12918520905077457,29653.830078125,-0.004448956344276667,59307.67578125,0.3483181595802307,0.009912
746,47530.0,49707.0,0.956203351640614,34.0,0.034,0.0,0.0,34.0,0.034,108.0,36730.0,894.0,0.0,106.0,36730.0,1000,0,1000,891,0,0,0,109,0.1294126670109108,23372.583984375,0.12821321189403534,46744.91796875,0.30113452672958374,0.009884999999999998
747,47869.0,49967.0,0.9580122881101527,30.0,0.03,0.0,0.0,30.0,0.03,101.0,37769.0,864.0,136.0,0.0,37769.0,1000,0,1000,899,0,0,0,101,0.130568667082116,23734.400390625,-0.00948567595332861,47468.828125,0.35476449131965637,0.009857999999999999
748,48188.0,49885.0,0.9659817580435001,30.0,0.03,0.0,0.0,30.0,0.03,111.0,37088.0,494.0,0.0,506.0,37088.0,1000,0,1000,888,0,0,0,112,0.13216312509030104,23493.306640625,-0.06157713010907173,46986.74609375,0.3298742473125458,0.009831
749,47914.0,49708.0,0.9639092299026314,34.0,0.034,0.0,0.0,34.0,0.034,109.0,37014.0,504.0,32.0,464.0,37014.0,1000,0,1000,891,0,0,0,109,0.1288453749148175,19622.22265625,0.01849576272070408,39244.4140625,0.2871977686882019,0.009804
750,47055.0,49551.0,0.9496276563540594,39.0,0.039,0.0,0.0,39.0,0.039,97.0,37355.0,16.0,0.0,984.0,37355.0,1000,0,1000,903,0,0,0,97,0.12852920789737254,18524.287109375,0.042592961341142654,37048.49609375,0.31839412450790405,0.009776999999999997
751,48654.0,50998.0,0.9540374132318914,40.0,0.04,0.0,0.0,40.0,0.04,100.0,38654.0,373.0,57.0,570.0,38654.0,1000,0,1000,900,0,0,0,100,0.13513574993703514,24641.20703125,0.02032959833741188,49282.3828125,0.3218686282634735,0.009749999999999998
752,49007.0,50592.0,0.968670936116382,23.0,0.023,0.0,0.0,23.0,0.023,114.0,37607.0,320.0,680.0,0.0,37607.0,1000,0,1000,886,0,0,0,114,0.12856529094278812,15971.9443359375,0.05230981856584549,31943.7890625,0.35035568475723267,0.009722999999999999
753,47739.0,49684.0,0.9608525883584252,32.0,0.032,0.0,0.0,32.0,0.032,107.0,37039.0,556.0,97.0,347.0,37039.0,1000,0,1000,892,0,0,0,108,0.12637225002981722,19198.294921875,0.06985131651163101,38396.45703125,0.30907928943634033,0.009696
754,45746.0,47903.0,0.9549715049161848,48.0,0.048,0.0,0.0,48.0,0.048,110.0,34746.0,750.0,107.0,143.0,34746.0,1000,0,1000,888,0,0,0,112,0.15049270796589553,13865.443359375,-0.07307404279708862,27731.0390625,0.3281738758087158,0.009669
755,47368.0,50157.0,0.9443946009530075,55.0,0.055,0.0,0.0,55.0,0.055,98.0,37568.0,860.0,0.0,140.0,37568.0,1000,0,1000,899,0,0,0,101,0.18366275005973876,21535.83984375,0.01843678578734398,43071.6484375,0.2560792863368988,0.009641999999999998
756,43440.0,48914.0,0.8880892995870303,87.0,0.087,0.0,0.0,87.0,0.087,77.0,35740.0,631.0,369.0,0.0,35740.0,1000,0,1000,923,0,0,0,77,0.2588707080576569,16102.2373046875,-0.03468632698059082,32204.55078125,0.32043322920799255,0.009614999999999999
757,47138.0,50073.0,0.941385577057496,56.0,0.056,0.0,0.0,56.0,0.056,90.0,38138.0,139.0,127.0,734.0,38138.0,1000,0,1000,908,0,0,0,92,0.18779945804271847,16171.2724609375,-0.05638250708580017,32342.6640625,0.29034462571144104,0.009588
758,46129.0,49503.0,0.931842514595075,60.0,0.06,0.0,0.0,60.0,0.06,91.0,37029.0,754.0,246.0,0.0,37029.0,1000,0,1000,908,0,0,0,92,0.12351012497674674,11665.80078125,-0.09690584242343903,23331.80078125,0.32657116651535034,0.009561
759,48142.0,49381.0,0.974909378100889,22.0,0.022,0.0,0.0,22.0,0.022,105.0,37642.0,545.0,27.0,428.0,37642.0,1000,0,1000,894,0,0,0,106,0.12852837494574487,17310.28125,-0.024403434246778488,34620.61328125,0.28341418504714966,0.009533999999999997
760,47126.0,49506.0,0.9519250191895932,37.0,0.037,0.0,0.0,37.0,0.037,101.0,37026.0,642.0,78.0,280.0,37026.0,1000,0,1000,899,0,0,0,101,0.12796766695100814,18346.654296875,0.024038372561335564,36693.26171875,0.0660272091627121,0.009506999999999998
761,27138.0,50288.0,0.5396516067451479,438.0,0.438,0.0,0.0,438.0,0.438,32.0,23938.0,24.0,0.0,976.0,23938.0,1000,0,1000,968,0,0,0,32,0.12564870796632022,29012.548828125,0.0919402539730072,58024.91796875,0.19388167560100555,0.009479999999999999
762,31338.0,49774.0,0.6296058182987102,356.0,0.356,0.0,0.0,356.0,0.356,37.0,27638.0,0.0,1000.0,0.0,27638.0,1000,0,1000,963,0,0,0,37,0.11743637500330806,20591.15234375,-0.033781494945287704,41182.375,0.2365996092557907,0.009453
763,44921.0,51155.0,0.8781350796598573,119.0,0.119,0.0,0.0,119.0,0.119,71.0,37821.0,174.0,826.0,0.0,37821.0,1000,0,1000,927,0,0,0,73,0.13008174998685718,13874.8232421875,0.018473559990525246,27749.61328125,0.17465507984161377,0.009426
764,40258.0,47777.0,0.8426230194445026,150.0,0.15,0.0,0.0,150.0,0.15,55.0,34758.0,720.0,280.0,0.0,34758.0,1000,0,1000,945,0,0,0,55,0.1288935838965699,15440.4765625,-0.010243902914226055,30880.9765625,0.18740418553352356,0.009398999999999998
765,41659.0,50522.0,0.8245714738133882,151.0,0.151,0.0,0.0,151.0,0.151,58.0,35859.0,8.0,992.0,0.0,35859.0,1000,0,1000,942,0,0,0,58,0.11907250003423542,15632.0068359375,-0.021291028708219528,31264.064453125,0.46759870648384094,0.009371999999999998
766,47745.0,49980.0,0.9552821128451381,41.0,0.041,0.0,0.0,41.0,0.041,115.0,36245.0,846.0,154.0,0.0,36245.0,1000,0,1000,883,0,0,0,117,0.12441554095130414,16603.66796875,0.10219791531562805,33207.1328125,3.0400675314012915e-05,0.009345
767,999.0,49454.0,0.020200590447688762,977.0,0.977,0.0,0.0,977.0,0.977,0.0,999.0,1.0,999.0,0.0,999.0,1000,0,1000,1000,0,0,0,0,0.13531983294524252,66270.1953125,-0.041093792766332626,132540.46875,2.2950257516640704e-06,0.009318
768,999.0,49612.0,0.020136257357091028,979.0,0.979,0.0,0.0,979.0,0.979,0.0,999.0,1.0,999.0,0.0,999.0,1000,0,1000,1000,0,0,0,0,0.12921158398967236,59476.25390625,-0.00018722332606557757,118952.5078125,1.3168265695640002e-06,0.009290999999999997
769,1000.0,51132.0,0.01955722443870766,975.0,0.975,0.0,0.0,975.0,0.975,0.0,1000.0,0.0,1000.0,0.0,1000.0,1000,0,1000,1000,0,0,0,0,0.11731129209510982,57375.83984375,0.03867750242352486,114751.6015625,1.737748675623152e-06,0.009263999999999998
770,983.0,49418.0,0.01989153749645878,980.0,0.98,0.0,0.0,980.0,0.98,0.0,983.0,17.0,983.0,0.0,983.0,1000,0,1000,1000,0,0,0,0,0.12898220808710903,51938.01171875,-0.03265936300158501,103876.0859375,2.2849587821838213e-06,0.009236999999999999
771,998.0,50212.0,0.01987572691786824,977.0,0.977,0.0,0.0,977.0,0.977,0.0,998.0,2.0,998.0,0.0,998.0,1000,0,1000,1000,0,0,0,0,0.13564766698982567,48043.73046875,-0.010568557307124138,96087.484375,4.287956016923999e-06,0.00921
772,1000.0,50079.0,0.019968449849238203,976.0,0.976,0.0,0.0,976.0,0.976,0.0,1000.0,0.0,1000.0,0.0,1000.0,1000,0,1000,1000,0,0,0,0,0.13213145802728832,44925.203125,0.031029660254716873,89850.34375,5.958815563644748e-06,0.009183
773,1000.0,48720.0,0.020525451559934318,979.0,0.979,0.0,0.0,979.0,0.979,0.0,1000.0,0.0,1000.0,0.0,1000.0,1000,0,1000,1000,0,0,0,0,0.13883812504354864,41549.48046875,0.0044981855899095535,83098.953125,1.0473550901224371e-05,0.009155999999999997
774,1000.0,49122.0,0.02035747730141281,978.0,0.978,0.0,0.0,978.0,0.978,0.0,1000.0,0.0,1000.0,0.0,1000.0,1000,0,1000,1000,0,0,0,0,0.1335795409977436,37006.703125,-0.051818542182445526,74013.5078125,1.4470560927293263e-05,0.009128999999999998
775,1000.0,49558.0,0.020178376851366076,976.0,0.976,0.0,0.0,976.0,0.976,0.0,1000.0,0.0,1000.0,0.0,1000.0,1000,0,1000,1000,0,0,0,0,0.12850429210811853,35021.2265625,-0.025151420384645462,70042.5,2.0207913621561602e-05,0.009101999999999999
776,988.0,50513.0,0.019559321362817492,979.0,0.979,0.0,0.0,979.0,0.979,0.0,988.0,12.0,988.0,0.0,988.0,1000,0,1000,1000,0,0,0,0,0.13038095808587968,33406.1484375,0.014035774394869804,66812.265625,2.9924323825980537e-05,0.009075
777,1000.0,48402.0,0.020660303293252344,978.0,0.978,0.0,0.0,978.0,0.978,0.0,1000.0,0.0,1000.0,0.0,1000.0,1000,0,1000,1000,0,0,0,0,0.12618570809718221,29523.62890625,-0.03870301693677902,59047.3359375,5.252581468084827e-05,0.009047999999999997
778,998.0,48089.0,0.02075318679947597,978.0,0.978,0.0,0.0,978.0,0.978,0.0,998.0,2.0,998.0,0.0,998.0,1000,0,1000,1000,0,0,0,0,0.12624508398585021,28661.986328125,0.0292055606842041,57323.9140625,8.327631803695112e-05,0.009020999999999998
779,997.0,49531.0,0.02012880822111405,975.0,0.975,0.0,0.0,975.0,0.975,0.0,997.0,3.0,997.0,0.0,997.0,1000,0,1000,1000,0,0,0,0,0.12823554198257625,26495.1640625,0.05230783671140671,52990.22265625,0.0001121207678806968,0.008993999999999999
780,1000.0,49902.0,0.020039276982886458,975.0,0.975,0.0,0.0,975.0,0.975,0.0,1000.0,0.0,1000.0,0.0,1000.0,1000,0,1000,1000,0,0,0,0,0.12873983290046453,23622.51953125,0.00027992602554149926,47245.0390625,0.00017551732889842242,0.008967
781,979.0,49948.0,0.019600384399775767,982.0,0.982,0.0,0.0,982.0,0.982,0.0,979.0,21.0,979.0,0.0,979.0,1000,0,1000,1000,0,0,0,0,0.13048175000585616,23046.830078125,0.02847454883158207,46093.6015625,0.00021163662313483655,0.00894
782,986.0,49698.0,0.01983983258883657,979.0,0.979,0.0,0.0,979.0,0.979,0.0,986.0,14.0,986.0,0.0,986.0,1000,0,1000,1000,0,0,0,0,0.1231830840697512,19989.169921875,-0.022854860872030258,39978.38671875,0.00035057708737440407,0.008912999999999997
783,998.0,47630.0,0.020953180768423264,977.0,0.977,0.0,0.0,977.0,0.977,0.0,998.0,2.0,998.0,0.0,998.0,1000,0,1000,1000,0,0,0,0,0.12981491698883474,17953.091796875,-0.020300336182117462,35906.22265625,0.0006137667805887759,0.008885999999999998
784,999.0,50172.0,0.01991150442477876,981.0,0.981,0.0,0.0,981.0,0.981,0.0,999.0,1.0,999.0,0.0,999.0,1000,0,1000,1000,0,0,0,0,0.131839583045803,16215.4541015625,-0.036209192126989365,32430.98046875,0.0007525372784584761,0.008858999999999999
785,996.0,50322.0,0.019792536067723857,978.0,0.978,0.0,0.0,978.0,0.978,0.0,996.0,4.0,996.0,0.0,996.0,1000,0,1000,1000,0,0,0,0,0.13296283304225653,14081.828125,-0.1756216585636139,28164.0078125,0.0011651978129521012,0.008832
786,999.0,49274.0,0.020274384056500387,980.0,0.98,0.0,0.0,980.0,0.98,0.0,999.0,1.0,999.0,0.0,999.0,1000,0,1000,1000,0,0,0,0,0.13576320803258568,14238.3642578125,0.00361708109267056,28476.720703125,0.0019193358020856977,0.008804999999999997
787,999.0,50577.0,0.01975206121359511,980.0,0.98,0.0,0.0,980.0,0.98,0.0,999.0,1.0,999.0,0.0,999.0,1000,0,1000,1000,0,0,0,0,0.13402224995661527,13163.6533203125,0.03921294957399368,26327.228515625,0.0024779459927231073,0.008777999999999998
788,1992.0,49467.0,0.04026927042270605,948.0,0.948,0.0,0.0,948.0,0.948,1.0,1892.0,4.0,996.0,0.0,1892.0,1000,0,1000,999,0,0,0,1,0.12634137505665421,11211.6142578125,0.045026399195194244,22423.138671875,0.0031903344206511974,0.008750999999999998
789,999.0,50029.0,0.019968418317375922,971.0,0.971,0.0,0.0,971.0,0.971,0.0,999.0,1.0,999.0,0.0,999.0,1000,0,1000,1000,0,0,0,0,0.12895774992648512,10784.646484375,0.08300811797380447,21569.126953125,0.005375652574002743,0.008723999999999999
790,992.0,49761.0,0.019935290689495788,978.0,0.978,0.0,0.0,978.0,0.978,0.0,992.0,8.0,992.0,0.0,992.0,1000,0,1000,1000,0,0,0,0,0.1258568330667913,9116.6943359375,-0.027507945895195007,18233.443359375,0.007654870394617319,0.008697
791,3996.0,50792.0,0.0786738068987242,919.0,0.919,0.0,0.0,919.0,0.919,3.0,3696.0,2.0,998.0,0.0,3696.0,1000,0,1000,997,0,0,0,3,0.12411791703198105,10031.912109375,0.00026817567413672805,20063.82421875,0.009813429787755013,0.008669999999999997
792,2991.0,49557.0,0.06035474302318542,933.0,0.933,0.0,0.0,933.0,0.933,2.0,2791.0,2.0,998.0,0.0,2791.0,1000,0,1000,998,0,0,0,2,0.12395220808684826,8247.7294921875,-0.05031951516866684,16495.560546875,0.015491356141865253,0.008642999999999998
793,3987.0,51312.0,0.07770112254443405,915.0,0.915,0.0,0.0,915.0,0.915,3.0,3687.0,1.0,999.0,0.0,3687.0,1000,0,1000,997,0,0,0,3,0.12857216701377183,8502.3916015625,-0.035883598029613495,17004.85546875,0.027871543541550636,0.008615999999999999
794,3986.0,49520.0,0.08049273021001616,919.0,0.919,0.0,0.0,919.0,0.919,3.0,3686.0,2.0,998.0,0.0,3686.0,1000,0,1000,997,0,0,0,3,0.13017554103862494,7692.79833984375,0.07291339337825775,15385.4521484375,0.043219178915023804,0.008589
795,3965.0,50408.0,0.07865814950007935,918.0,0.918,0.0,0.0,918.0,0.918,3.0,3665.0,2.0,998.0,0.0,3665.0,1000,0,1000,997,0,0,0,3,0.12421145895496011,7113.982421875,0.031435493379831314,14227.9033203125,0.05112183094024658,0.008561999999999997
796,5502.0,49543.0,0.11105504309387805,881.0,0.881,0.0,0.0,881.0,0.881,5.0,5002.0,428.0,572.0,0.0,5002.0,1000,0,1000,995,0,0,0,5,0.36282020795624703,8260.5185546875,-0.1159818172454834,16521.271484375,0.07510391622781754,0.008534999999999997
797,13415.0,50937.0,0.2633645483636649,730.0,0.73,0.0,0.0,730.0,0.73,13.0,12115.0,452.0,548.0,0.0,12115.0,1000,0,1000,987,0,0,0,13,0.12990962492767721,12794.3896484375,0.06959636509418488,25588.642578125,0.10995794087648392,0.008507999999999998
798,21142.0,50624.0,0.417628002528445,581.0,0.581,0.0,0.0,581.0,0.581,21.0,19042.0,20.0,980.0,0.0,19042.0,1000,0,1000,979,0,0,0,21,0.12909249996300787,26582.609375,0.014101807028055191,53165.19140625,0.1097085177898407,0.008480999999999999
799,24214.0,50168.0,0.4826582682187849,490.0,0.49,0.0,0.0,490.0,0.49,24.0,21814.0,111.0,889.0,0.0,21814.0,1000,0,1000,976,0,0,0,24,0.126841124962084,26944.939453125,-0.07851408421993256,53890.0390625,0.1490967869758606,0.008454
800,28515.0,48794.0,0.5843956224125917,401.0,0.401,0.0,0.0,401.0,0.401,30.0,25515.0,14.0,986.0,0.0,25515.0,1000,0,1000,970,0,0,0,30,0.1286895419470966,27926.556640625,-0.0060362075455486774,55853.12890625,0.20750735700130463,0.008426999999999997
801,37021.0,51181.0,0.7233348312850472,250.0,0.25,0.0,0.0,250.0,0.25,45.0,32521.0,707.0,293.0,0.0,32521.0,1000,0,1000,955,0,0,0,45,0.11991287500131875,43185.4921875,-0.016713162884116173,86371.015625,0.22312121093273163,0.008399999999999998
802,41376.0,49846.0,0.8300766360390002,164.0,0.164,0.0,0.0,164.0,0.164,57.0,35676.0,852.0,148.0,0.0,35676.0,1000,0,1000,943,0,0,0,57,0.11705958307720721,41569.26953125,0.015490174293518066,83138.515625,0.24104943871498108,0.008372999999999998
803,45884.0,49160.0,0.933360455655004,66.0,0.066,0.0,0.0,66.0,0.066,71.0,38784.0,446.0,554.0,0.0,38784.0,1000,0,1000,929,0,0,0,71,0.12091395806055516,46963.26171875,0.0005082529387436807,93926.53125,0.2612372636795044,0.008346
804,46501.0,49014.0,0.9487289345901171,48.0,0.048,0.0,0.0,48.0,0.048,86.0,37901.0,248.0,752.0,0.0,37901.0,1000,0,1000,913,0,0,0,87,0.11984366609249264,39949.85546875,-0.019265664741396904,79899.7578125,0.24225634336471558,0.008318999999999997
805,45837.0,49458.0,0.9267863641877957,65.0,0.065,0.0,0.0,65.0,0.065,73.0,38537.0,610.0,390.0,0.0,38537.0,1000,0,1000,927,0,0,0,73,0.11988366604782641,40467.90625,0.0643729642033577,80935.6953125,0.3140788674354553,0.008291999999999997
806,49129.0,50979.0,0.963710547480335,29.0,0.029,0.0,0.0,29.0,0.029,108.0,38329.0,439.0,0.0,561.0,38329.0,1000,0,1000,892,0,0,0,108,0.11840183299500495,43727.23828125,-0.08287215232849121,87454.6484375,0.2450450360774994,0.008264999999999998
807,45344.0,48939.0,0.9265412043564437,73.0,0.073,0.0,0.0,73.0,0.073,78.0,37544.0,506.0,494.0,0.0,37544.0,1000,0,1000,921,0,0,0,79,0.12754708400461823,35778.875,-0.019278373569250107,71557.796875,0.31957221031188965,0.008237999999999999
808,46904.0,48596.0,0.9651823195324718,29.0,0.029,0.0,0.0,29.0,0.029,92.0,37704.0,409.0,591.0,0.0,37704.0,1000,0,1000,906,0,0,0,94,0.5602617500117049,33104.79296875,-0.004632563330233097,66209.6015625,0.35089218616485596,0.008210999999999996
809,47844.0,49161.0,0.9732104717153841,19.0,0.019,0.0,0.0,19.0,0.019,114.0,36444.0,519.0,481.0,0.0,36444.0,1000,0,1000,885,0,0,0,115,0.15073758410289884,20830.375,0.062456633895635605,41660.62890625,0.3332120180130005,0.008183999999999997
810,49172.0,50432.0,0.9750158629441624,22.0,0.022,0.0,0.0,22.0,0.022,120.0,37172.0,744.0,256.0,0.0,37172.0,1000,0,1000,879,0,0,0,121,0.17720320890657604,23009.443359375,0.011694044806063175,46018.8671875,0.3114999532699585,0.008156999999999998
811,48910.0,51481.0,0.950059245158408,48.0,0.048,0.0,0.0,48.0,0.048,107.0,38210.0,844.0,156.0,0.0,38210.0,1000,0,1000,892,0,0,0,108,0.1318395419511944,29477.859375,-0.016521524637937546,58955.75390625,0.29079240560531616,0.008129999999999998
812,47449.0,49557.0,0.9574631232721916,40.0,0.04,0.0,0.0,40.0,0.04,98.0,37649.0,725.0,48.0,227.0,37649.0,1000,0,1000,900,0,0,0,100,0.1250389169435948,29806.572265625,-0.11474642157554626,59613.37890625,0.29975268244743347,0.008102999999999999
813,49161.0,51482.0,0.9549162814187483,35.0,0.035,0.0,0.0,35.0,0.035,93.0,39861.0,353.0,0.0,647.0,39861.0,1000,0,1000,907,0,0,0,93,0.13107204204425216,31219.89453125,-0.004472361411899328,62439.80078125,0.32597753405570984,0.008075999999999996
814,49333.0,50376.0,0.9792956963633477,18.0,0.018,0.0,0.0,18.0,0.018,108.0,38533.0,669.0,36.0,295.0,38533.0,1000,0,1000,892,0,0,0,108,0.17303220799658448,30299.876953125,-0.03275680914521217,60599.82421875,0.2888736128807068,0.008049
815,46224.0,49760.0,0.9289389067524115,66.0,0.066,0.0,0.0,66.0,0.066,84.0,37824.0,656.0,344.0,0.0,37824.0,1000,0,1000,916,0,0,0,84,0.12220641691237688,24138.978515625,0.02579614333808422,48277.91015625,0.3611949682235718,0.008022000000000001
816,48414.0,50848.0,0.9521318439269981,49.0,0.049,0.0,0.0,49.0,0.049,109.0,37514.0,845.0,94.0,61.0,37514.0,1000,0,1000,889,0,0,0,111,0.11978045792784542,27536.68359375,0.009175843559205532,55073.3515625,0.3355807065963745,0.007995000000000002
817,47644.0,50950.0,0.9351128557409225,52.0,0.052,0.0,0.0,52.0,0.052,92.0,38444.0,700.0,300.0,0.0,38444.0,1000,0,1000,908,0,0,0,92,0.12601791694760323,34865.07421875,-0.015206846408545971,69730.1875,0.36399000883102417,0.007968
818,47448.0,49492.0,0.9587003960235998,39.0,0.039,0.0,0.0,39.0,0.039,118.0,35648.0,879.0,73.0,48.0,35648.0,1000,0,1000,881,0,0,0,119,0.11897866695653647,22491.431640625,-0.015332731418311596,44982.8984375,0.21251799166202545,0.007941
819,46115.0,50046.0,0.9214522639171961,75.0,0.075,0.0,0.0,75.0,0.075,75.0,38615.0,628.0,372.0,0.0,38615.0,1000,0,1000,925,0,0,0,75,0.11883275001309812,27943.8359375,-0.03529813513159752,55887.74609375,0.2810949683189392,0.007914000000000001
820,46864.0,49496.0,0.9468239857766284,50.0,0.05,0.0,0.0,50.0,0.05,90.0,37864.0,613.0,387.0,0.0,37864.0,1000,0,1000,907,0,0,0,93,0.12144879205152392,26953.427734375,-0.011574292555451393,53906.8828125,0.28395435214042664,0.007887000000000002
821,47153.0,49489.0,0.9527975913839439,37.0,0.037,0.0,0.0,37.0,0.037,95.0,37653.0,804.0,196.0,0.0,37653.0,1000,0,1000,903,0,0,0,97,0.1839020000770688,22524.578125,0.0023411347065120935,45049.15625,0.3093152642250061,0.007859999999999999
822,47219.0,50352.0,0.9377780425802351,61.0,0.061,0.0,0.0,61.0,0.061,89.0,38319.0,517.0,483.0,0.0,38319.0,1000,0,1000,909,0,0,0,91,0.1303094580071047,30196.62109375,0.0281902477145195,60393.19140625,0.24087192118167877,0.007833
823,48689.0,50262.0,0.9687039910867057,30.0,0.03,0.0,0.0,30.0,0.03,98.0,38889.0,965.0,35.0,0.0,38889.0,1000,0,1000,902,0,0,0,98,0.13650016696192324,24130.3984375,-0.04142355918884277,48260.8828125,0.19717726111412048,0.0078060000000000004
824,43941.0,49458.0,0.8884508067451171,102.0,0.102,0.0,0.0,102.0,0.102,65.0,37441.0,22.0,0.0,978.0,37441.0,1000,0,1000,934,0,0,0,66,0.12243012501858175,28750.978515625,0.11628327518701553,57501.7265625,0.2508765459060669,0.007779000000000001
825,46703.0,50859.0,0.9182838828919169,64.0,0.064,0.0,0.0,64.0,0.064,80.0,38703.0,42.0,958.0,0.0,38703.0,1000,0,1000,919,0,0,0,81,0.1212506250012666,23620.0859375,0.0009673073654994369,47240.17578125,0.37282317876815796,0.007752000000000002
826,48750.0,50106.0,0.9729373727697281,25.0,0.025,0.0,0.0,25.0,0.025,109.0,37850.0,633.0,0.0,367.0,37850.0,1000,0,1000,891,0,0,0,109,0.1261628329521045,18874.8125,-0.011063278652727604,37749.6484375,0.06139373779296875,0.007724999999999999
827,34550.0,49995.0,0.6910691069106911,297.0,0.297,0.0,0.0,297.0,0.297,40.0,30550.0,3.0,997.0,0.0,30550.0,1000,0,1000,960,0,0,0,40,0.16046300006564707,29388.53515625,-0.07380518317222595,58777.22265625,0.1633332371711731,0.007698
828,37891.0,52006.0,0.7285890089605046,251.0,0.251,0.0,0.0,251.0,0.251,45.0,33391.0,4.0,22.0,974.0,33391.0,1000,0,1000,954,0,0,0,46,0.1256204160163179,21533.74609375,-0.12150301039218903,43067.73828125,0.1538301408290863,0.007671000000000001
829,36421.0,50067.0,0.7274452234006431,261.0,0.261,0.0,0.0,261.0,0.261,41.0,32321.0,1.0,999.0,0.0,32321.0,1000,0,1000,959,0,0,0,41,0.2831860410515219,22591.08984375,0.11623828858137131,45181.94921875,0.21882356703281403,0.0076440000000000015
830,42403.0,49401.0,0.8583429485233093,139.0,0.139,0.0,0.0,139.0,0.139,61.0,36303.0,770.0,0.0,230.0,36303.0,1000,0,1000,938,0,0,0,62,0.37054491601884365,18142.322265625,-0.04693491384387016,36284.7421875,0.23534247279167175,0.007616999999999999
831,33765.0,50614.0,0.6671079148061801,317.0,0.317,0.0,0.0,317.0,0.317,39.0,29865.0,741.0,259.0,0.0,29865.0,1000,0,1000,960,0,0,0,40,0.20980916696134955,20909.58984375,0.012693580240011215,41819.16015625,0.21003267168998718,0.0075899999999999995
832,43449.0,50187.0,0.86574212445454,124.0,0.124,0.0,0.0,124.0,0.124,69.0,36549.0,259.0,741.0,0.0,36549.0,1000,0,1000,929,0,0,0,71,0.12544133397750556,20393.6953125,0.03787960112094879,40787.3203125,0.2305992990732193,0.007563
833,42366.0,49564.0,0.8547736260188846,130.0,0.13,0.0,0.0,130.0,0.13,61.0,36266.0,137.0,0.0,863.0,36266.0,1000,0,1000,938,0,0,0,62,0.13275904196780175,14251.1640625,-0.08111108094453812,28502.494140625,0.213533416390419,0.007536000000000001
834,44762.0,47765.0,0.9371296974772323,60.0,0.06,0.0,0.0,60.0,0.06,86.0,36162.0,566.0,434.0,0.0,36162.0,1000,0,1000,914,0,0,0,86,0.13757879193872213,16323.9697265625,0.05671675503253937,32647.828125,0.10832101106643677,0.007509000000000002
835,32573.0,51143.0,0.6369004555853196,343.0,0.343,0.0,0.0,343.0,0.343,38.0,28773.0,775.0,225.0,0.0,28773.0,1000,0,1000,961,0,0,0,39,0.12169008306227624,24124.91015625,0.029495850205421448,48249.765625,0.2542785406112671,0.007481999999999999
836,39232.0,49150.0,0.7982095625635809,192.0,0.192,0.0,0.0,192.0,0.192,53.0,33932.0,724.0,276.0,0.0,33932.0,1000,0,1000,947,0,0,0,53,0.12503020802978426,22160.970703125,-0.025247545912861824,44321.99609375,0.1878078430891037,0.007455
837,34705.0,49794.0,0.6969715226734144,297.0,0.297,0.0,0.0,297.0,0.297,41.0,30605.0,509.0,491.0,0.0,30605.0,1000,0,1000,959,0,0,0,41,0.12576320802327245,20457.994140625,0.09087168425321579,40915.8046875,0.11973251402378082,0.007428000000000001
838,30683.0,49432.0,0.6207112801424178,373.0,0.373,0.0,0.0,373.0,0.373,38.0,26883.0,694.0,306.0,0.0,26883.0,1000,0,1000,962,0,0,0,38,0.12342708301730454,18309.490234375,-0.07284776866436005,36619.12890625,0.16281309723854065,0.007401000000000001
839,36676.0,50080.0,0.7323482428115016,258.0,0.258,0.0,0.0,258.0,0.258,52.0,31476.0,699.0,301.0,0.0,31476.0,1000,0,1000,948,0,0,0,52,0.12683579104486853,16748.845703125,0.037552639842033386,33497.62109375,0.36330661177635193,0.007373999999999999
840,46988.0,49215.0,0.9547495682210708,40.0,0.04,0.0,0.0,40.0,0.04,121.0,34888.0,844.0,62.0,94.0,34888.0,1000,0,1000,878,0,0,0,122,0.12117095803841949,18133.3671875,0.0003780393744818866,36266.734375,0.0005549703491851687,0.007346999999999999
841,999.0,51408.0,0.019432773109243698,978.0,0.978,0.0,0.0,978.0,0.978,0.0,999.0,1.0,999.0,0.0,999.0,1000,0,1000,1000,0,0,0,0,0.12085504201240838,65975.265625,-0.010410686954855919,131950.546875,0.001381890382617712,0.00732
842,1000.0,50379.0,0.019849540483137817,980.0,0.98,0.0,0.0,980.0,0.98,0.0,1000.0,0.0,1000.0,0.0,1000.0,1000,0,1000,1000,0,0,0,0,0.12465487502049655,58003.48828125,0.04278629645705223,116006.890625,0.0013077410403639078,0.007293000000000001
843,1000.0,49494.0,0.020204469228593366,981.0,0.981,0.0,0.0,981.0,0.981,0.0,1000.0,0.0,1000.0,0.0,1000.0,1000,0,1000,1000,0,0,0,0,0.1199661249993369,51740.3125,0.0020405526738613844,103480.6171875,0.0015188950346782804,0.007266000000000002
844,994.0,50829.0,0.019555765409510317,978.0,0.978,0.0,0.0,978.0,0.978,0.0,994.0,6.0,994.0,0.0,994.0,1000,0,1000,1000,0,0,0,0,0.1176888330373913,46891.20703125,-0.07086389511823654,93782.5546875,0.00195449311286211,0.007238999999999999
845,1000.0,51163.0,0.019545374587103963,984.0,0.984,0.0,0.0,984.0,0.984,0.0,1000.0,0.0,1000.0,0.0,1000.0,1000,0,1000,1000,0,0,0,0,0.13528945809230208,46132.2890625,0.045776817947626114,92264.484375,0.002519354224205017,0.007212
846,999.0,50350.0,0.01984111221449851,977.0,0.977,0.0,0.0,977.0,0.977,0.0,999.0,1.0,999.0,0.0,999.0,1000,0,1000,1000,0,0,0,0,0.13642637501470745,44541.71484375,0.08854068070650101,89083.25,0.003157395636662841,0.007185
847,2991.0,49585.0,0.06032066149037007,933.0,0.933,0.0,0.0,933.0,0.933,2.0,2791.0,0.0,1000.0,0.0,2791.0,1000,0,1000,998,0,0,0,2,0.12036845891270787,34167.6640625,-0.09199890494346619,68335.515625,0.0043547493405640125,0.007158000000000001
848,2008.0,49849.0,0.040281650584765995,957.0,0.957,0.0,0.0,957.0,0.957,2.0,1808.0,963.0,37.0,0.0,1808.0,1000,0,1000,998,0,0,0,2,0.12454208300914615,39842.671875,0.12817880511283875,79685.0859375,0.005879988893866539,0.0071309999999999985
849,993.0,50466.0,0.01967661395791226,982.0,0.982,0.0,0.0,982.0,0.982,0.0,993.0,7.0,993.0,0.0,993.0,1000,0,1000,1000,0,0,0,0,0.11700437497347593,33780.4609375,-0.006324677728116512,67560.9375,0.006382538005709648,0.007103999999999999
850,1000.0,49551.0,0.02018122742225182,978.0,0.978,0.0,0.0,978.0,0.978,0.0,1000.0,0.0,1000.0,0.0,1000.0,1000,0,1000,1000,0,0,0,0,0.12054141599219292,32173.3515625,0.07284550368785858,64346.55859375,0.008020303212106228,0.007077
851,998.0,51413.0,0.01941143290607434,983.0,0.983,0.0,0.0,983.0,0.983,0.0,998.0,2.0,998.0,0.0,998.0,1000,0,1000,1000,0,0,0,0,0.11960324994288385,30871.33203125,0.08053500950336456,61742.50390625,0.010543114505708218,0.007050000000000001
852,1000.0,49758.0,0.020097270790626634,978.0,0.978,0.0,0.0,978.0,0.978,0.0,1000.0,0.0,1000.0,0.0,1000.0,1000,0,1000,1000,0,0,0,0,0.11879404203500599,26815.984375,0.012858359143137932,53631.94140625,0.01283921580761671,0.007022999999999998
853,990.0,51338.0,0.01928396119833262,980.0,0.98,0.0,0.0,980.0,0.98,0.0,990.0,10.0,990.0,0.0,990.0,1000,0,1000,1000,0,0,0,0,0.11589508294127882,24361.2734375,-0.012593170627951622,48722.5703125,0.014297832734882832,0.006995999999999999
854,2973.0,50309.0,0.059094794172016935,943.0,0.943,0.0,0.0,943.0,0.943,2.0,2773.0,14.0,986.0,0.0,2773.0,1000,0,1000,998,0,0,0,2,0.11981766601093113,20147.97265625,-0.04292425140738487,40296.03125,0.021191982552409172,0.0069689999999999995
855,2990.0,50147.0,0.059624703372086064,948.0,0.948,0.0,0.0,948.0,0.948,2.0,2790.0,1.0,999.0,0.0,2790.0,1000,0,1000,998,0,0,0,2,0.11730783304665238,20740.1171875,-0.010572622530162334,41480.25390625,0.027698615565896034,0.006942
856,7925.0,46345.0,0.1710001078865034,814.0,0.814,0.0,0.0,814.0,0.814,7.0,7225.0,14.0,986.0,0.0,7225.0,1000,0,1000,993,0,0,0,7,0.11924274999182671,15182.982421875,0.06520309299230576,30365.833984375,0.04631448909640312,0.006915000000000001
857,7859.0,49058.0,0.16019813282237352,834.0,0.834,0.0,0.0,834.0,0.834,7.0,7159.0,3.0,997.0,0.0,7159.0,1000,0,1000,993,0,0,0,7,0.11645712505560368,14583.41796875,0.04008006304502487,29166.7578125,0.09201626479625702,0.006887999999999998
858,16223.0,47100.0,0.34443736730360935,632.0,0.632,0.0,0.0,632.0,0.632,16.0,14623.0,192.0,808.0,0.0,14623.0,1000,0,1000,983,0,0,0,17,0.1192026250064373,10795.0458984375,0.01944354921579361,21590.05859375,0.3774588406085968,0.006860999999999999
859,46029.0,50104.0,0.918669168130289,77.0,0.077,0.0,0.0,77.0,0.077,84.0,37629.0,865.0,135.0,0.0,37629.0,1000,0,1000,915,0,0,0,85,0.11761920806020498,40341.87109375,-0.02935633808374405,80683.8125,0.3022138774394989,0.006834
860,46283.0,49414.0,0.9366373902132998,55.0,0.055,0.0,0.0,55.0,0.055,72.0,39083.0,10.0,61.0,929.0,39083.0,1000,0,1000,926,0,0,0,74,0.11706962494645268,36808.4921875,0.018157321959733963,73616.9453125,0.1786661148071289,0.0068070000000000006
861,43214.0,49947.0,0.8651971089354716,128.0,0.128,0.0,0.0,128.0,0.128,65.0,36714.0,600.0,400.0,0.0,36714.0,1000,0,1000,935,0,0,0,65,0.11824904102832079,32608.953125,-0.04167170822620392,65217.9921875,0.2634883224964142,0.006779999999999998
862,44384.0,50461.0,0.8795703612690989,118.0,0.118,0.0,0.0,118.0,0.118,69.0,37484.0,713.0,287.0,0.0,37484.0,1000,0,1000,929,0,0,0,71,0.11859824997372925,35144.98046875,-0.08381417393684387,70290.1328125,0.33022406697273254,0.006752999999999999
863,47859.0,50955.0,0.9392405063291139,56.0,0.056,0.0,0.0,56.0,0.056,89.0,38959.0,396.0,604.0,0.0,38959.0,1000,0,1000,911,0,0,0,89,0.11805554199963808,27701.634765625,-0.006350821349769831,55403.28515625,0.3476269245147705,0.006725999999999999
864,48478.0,50629.0,0.9575144679926524,37.0,0.037,0.0,0.0,37.0,0.037,118.0,36678.0,308.0,71.0,621.0,36678.0,1000,0,1000,879,0,0,0,121,0.1160962920403108,20134.423828125,0.10115870833396912,40268.6484375,0.29844072461128235,0.006699
865,48305.0,51356.0,0.9405911675364125,47.0,0.047,0.0,0.0,47.0,0.047,102.0,38105.0,292.0,708.0,0.0,38105.0,1000,0,1000,897,0,0,0,103,0.12041870795655996,22756.984375,-0.018337346613407135,45514.0078125,0.3344805836677551,0.006672000000000001
866,49233.0,50565.0,0.9736576683476713,24.0,0.024,0.0,0.0,24.0,0.024,100.0,39233.0,494.0,506.0,0.0,39233.0,1000,0,1000,900,0,0,0,100,0.11534637492150068,26547.048828125,0.026253938674926758,53094.05078125,0.28060445189476013,0.006644999999999998
867,48143.0,49686.0,0.9689449744394799,30.0,0.03,0.0,0.0,30.0,0.03,100.0,38143.0,13.0,987.0,0.0,38143.0,1000,0,1000,900,0,0,0,100,0.11739308398682624,16627.578125,-0.016566213220357895,33255.19140625,0.2913251221179962,0.006617999999999999
868,46977.0,49822.0,0.942896712295773,56.0,0.056,0.0,0.0,56.0,0.056,82.0,38777.0,545.0,455.0,0.0,38777.0,1000,0,1000,915,0,0,0,85,0.12122550001367927,22151.19921875,0.03338812291622162,44302.3359375,0.3253902792930603,0.006591
869,48653.0,49848.0,0.9760271224522549,27.0,0.027,0.0,0.0,27.0,0.027,96.0,39053.0,579.0,40.0,381.0,39053.0,1000,0,1000,902,0,0,0,98,0.11627237498760223,20234.3359375,-0.0918072760105133,40468.859375,0.3753010928630829,0.006564
870,49735.0,50645.0,0.9820317899101589,13.0,0.013,0.0,0.0,13.0,0.013,116.0,38135.0,671.0,329.0,0.0,38135.0,1000,0,1000,884,0,0,0,116,0.11980637500528246,16846.05078125,0.01573852077126503,33692.07421875,0.36669567227363586,0.006536999999999998
871,48407.0,49794.0,0.9721452383821344,24.0,0.024,0.0,0.0,24.0,0.024,135.0,34907.0,838.0,162.0,0.0,34907.0,1000,0,1000,864,0,0,0,136,0.11972937500104308,16976.91796875,0.06199076771736145,33953.71484375,0.27029138803482056,0.006509999999999998
872,45114.0,49867.0,0.9046864659995588,89.0,0.089,0.0,0.0,89.0,0.089,92.0,35914.0,12.0,988.0,0.0,35914.0,1000,0,1000,908,0,0,0,92,0.12008433300070465,14312.056640625,0.07243259996175766,28623.970703125,0.22293499112129211,0.006482999999999999
873,47811.0,52251.0,0.915025549750244,73.0,0.073,0.0,0.0,73.0,0.073,88.0,39011.0,458.0,542.0,0.0,39011.0,1000,0,1000,911,0,0,0,89,0.11515475006308407,17530.89453125,-0.04833880811929703,35061.890625,0.29129910469055176,0.006456
874,46838.0,49734.0,0.9417702175574054,55.0,0.055,0.0,0.0,55.0,0.055,84.0,38438.0,737.0,263.0,0.0,38438.0,1000,0,1000,915,0,0,0,85,0.11767741700168699,19098.75,-0.0475286990404129,38197.59765625,0.38042476773262024,0.006429000000000001
875,48257.0,51185.0,0.9427957409397284,50.0,0.05,0.0,0.0,50.0,0.05,96.0,38657.0,656.0,344.0,0.0,38657.0,1000,0,1000,903,0,0,0,97,0.11867458291817456,12539.466796875,-0.009816309437155724,25078.95703125,0.2998506426811218,0.006401999999999998
876,46130.0,49516.0,0.9316180628483722,56.0,0.056,0.0,0.0,56.0,0.056,89.0,37230.0,447.0,553.0,0.0,37230.0,1000,0,1000,911,0,0,0,89,0.11990808299742639,21867.771484375,0.03448053076863289,43735.4765625,0.30349984765052795,0.006374999999999999
877,48006.0,50060.0,0.9589692369157011,40.0,0.04,0.0,0.0,40.0,0.04,108.0,37206.0,93.0,907.0,0.0,37206.0,1000,0,1000,892,0,0,0,108,0.11773804191034287,12129.1728515625,0.050937242805957794,24258.248046875,0.24858783185482025,0.0063479999999999995
878,43486.0,48734.0,0.8923133746460377,105.0,0.105,0.0,0.0,105.0,0.105,67.0,36786.0,26.0,0.0,974.0,36786.0,1000,0,1000,931,0,0,0,69,0.11578270804602653,22961.7265625,0.06847922503948212,45923.3203125,0.28049811720848083,0.006321
879,47589.0,49088.0,0.9694630052151239,25.0,0.025,0.0,0.0,25.0,0.025,120.0,35589.0,163.0,64.0,773.0,35589.0,1000,0,1000,880,0,0,0,120,0.11791404208634049,18151.6328125,0.043049558997154236,36303.18359375,0.24235716462135315,0.0062939999999999975
880,42957.0,53016.0,0.8102648257129923,152.0,0.152,0.0,0.0,152.0,0.152,60.0,36957.0,149.0,83.0,768.0,36957.0,1000,0,1000,939,0,0,0,61,0.11945812497287989,17891.947265625,-0.06037874147295952,35784.01953125,0.26728200912475586,0.006266999999999998
881,47814.0,51329.0,0.9315201932630677,54.0,0.054,0.0,0.0,54.0,0.054,86.0,39214.0,155.0,845.0,0.0,39214.0,1000,0,1000,914,0,0,0,86,0.11621887504588813,13490.8115234375,-0.007499205879867077,26981.640625,0.21759049594402313,0.006239999999999999
882,40891.0,49337.0,0.8288100208768268,171.0,0.171,0.0,0.0,171.0,0.171,63.0,34591.0,645.0,0.0,355.0,34591.0,1000,0,1000,936,0,0,0,64,0.11831225000787526,18040.03125,0.07202380895614624,36079.91796875,0.08195161074399948,0.006213
883,27805.0,50178.0,0.5541273067878353,427.0,0.427,0.0,0.0,427.0,0.427,32.0,24605.0,657.0,343.0,0.0,24605.0,1000,0,1000,968,0,0,0,32,0.12043824989814311,26594.46484375,-0.04793408885598183,53189.02734375,0.14566972851753235,0.0061860000000000005
884,27128.0,50904.0,0.532924721043533,461.0,0.461,0.0,0.0,461.0,0.461,33.0,23828.0,609.0,391.0,0.0,23828.0,1000,0,1000,966,0,0,0,34,0.11892499995883554,25490.798828125,0.020950954407453537,50981.55859375,0.20640885829925537,0.006158999999999998
885,34659.0,49145.0,0.7052395971105911,297.0,0.297,0.0,0.0,297.0,0.297,45.0,30159.0,838.0,162.0,0.0,30159.0,1000,0,1000,955,0,0,0,45,0.11732700001448393,16728.984375,0.04337212070822716,33457.8828125,0.13582643866539001,0.0061319999999999986
886,28850.0,48940.0,0.5894973436861463,398.0,0.398,0.0,0.0,398.0,0.398,31.0,25750.0,117.0,883.0,0.0,25750.0,1000,0,1000,968,0,0,0,32,0.11947404104284942,20775.7890625,0.09674053639173508,41551.38671875,0.40094563364982605,0.006104999999999999
887,47261.0,50910.0,0.9283244942054606,54.0,0.054,0.0,0.0,54.0,0.054,84.0,38861.0,867.0,133.0,0.0,38861.0,1000,0,1000,913,0,0,0,87,0.20533020806033164,19963.9765625,0.06738290190696716,39927.8203125,0.2960319221019745,0.006078
888,45517.0,49973.0,0.9108318491985672,69.0,0.069,0.0,0.0,69.0,0.069,84.0,37117.0,314.0,686.0,0.0,37117.0,1000,0,1000,915,0,0,0,85,0.13190675002988428,13908.2353515625,0.04823455214500427,27816.37890625,0.33556681871414185,0.006050999999999997
889,47824.0,48936.0,0.9772764427006703,20.0,0.02,0.0,0.0,20.0,0.02,143.0,33524.0,368.0,632.0,0.0,33524.0,1000,0,1000,857,0,0,0,143,0.13667241705115885,9526.84375,-0.05935954302549362,19053.810546875,0.3454749882221222,0.006023999999999998
890,49252.0,50462.0,0.9760215607784075,21.0,0.021,0.0,0.0,21.0,0.021,141.0,35152.0,789.0,211.0,0.0,35152.0,1000,0,1000,858,0,0,0,142,0.12205324997194111,18903.3828125,-0.07440599799156189,37806.91796875,0.27202847599983215,0.005996999999999999
891,46271.0,50182.0,0.9220636881750428,57.0,0.057,0.0,0.0,57.0,0.057,101.0,36171.0,227.0,773.0,0.0,36171.0,1000,0,1000,899,0,0,0,101,0.11984691605903208,6380.5,-0.08659686148166656,12761.1767578125,0.31712448596954346,0.00597
892,46434.0,50480.0,0.9198494453248811,68.0,0.068,0.0,0.0,68.0,0.068,97.0,36734.0,448.0,552.0,0.0,36734.0,1000,0,1000,902,0,0,0,98,0.11641170899383724,13822.080078125,0.036170490086078644,27644.091796875,0.29525473713874817,0.005943
893,47289.0,49070.0,0.963704911351131,36.0,0.036,0.0,0.0,36.0,0.036,120.0,35289.0,441.0,559.0,0.0,35289.0,1000,0,1000,879,0,0,0,121,0.11784129205625504,12911.8037109375,-0.019434964284300804,25823.650390625,0.3093251585960388,0.005915999999999998
894,49106.0,49956.0,0.9829850268236048,19.0,0.019,0.0,0.0,19.0,0.019,133.0,35806.0,848.0,93.0,59.0,35806.0,1000,0,1000,865,0,0,0,135,0.12008308304939419,11363.443359375,-0.06863227486610413,22727.025390625,0.22295606136322021,0.005888999999999998
895,47396.0,50145.0,0.9451789809552298,41.0,0.041,0.0,0.0,41.0,0.041,113.0,36096.0,10.0,0.0,990.0,36096.0,1000,0,1000,884,0,0,0,116,0.11627116706222296,7108.10986328125,-0.03563050553202629,14216.291015625,0.000562341301701963,0.005861999999999999
896,990.0,51867.0,0.019087280930071143,983.0,0.983,0.0,0.0,983.0,0.983,0.0,990.0,10.0,990.0,0.0,990.0,1000,0,1000,1000,0,0,0,0,0.11976566701196134,75619.9375,-0.06443817168474197,151240.0,0.001109175500459969,0.005835
897,999.0,51500.0,0.019398058252427186,977.0,0.977,0.0,0.0,977.0,0.977,0.0,999.0,1.0,999.0,0.0,999.0,1000,0,1000,1000,0,0,0,0,0.1238784589804709,68076.8984375,-0.01069764606654644,136153.8125,0.001105099217966199,0.005807999999999997
898,998.0,49903.0,0.0199987976674749,977.0,0.977,0.0,0.0,977.0,0.977,0.0,998.0,2.0,998.0,0.0,998.0,1000,0,1000,1000,0,0,0,0,0.11923399998340756,60944.9921875,-0.03671129792928696,121890.0546875,0.0012246831320226192,0.005780999999999998
899,998.0,48720.0,0.02048440065681445,977.0,0.977,0.0,0.0,977.0,0.977,0.0,998.0,2.0,998.0,0.0,998.0,1000,0,1000,1000,0,0,0,0,0.12295158405322582,61216.84765625,0.06192462518811226,122433.5703125,0.001579650561325252,0.005753999999999999
900,997.0,48454.0,0.02057621661782309,981.0,0.981,0.0,0.0,981.0,0.981,0.0,997.0,3.0,997.0,0.0,997.0,1000,0,1000,1000,0,0,0,0,0.12000829097814858,54663.34375,0.0006007552146911621,109326.6875,0.002056816592812538,0.0057269999999999995
901,999.0,50658.0,0.019720478502901814,983.0,0.983,0.0,0.0,983.0,0.983,0.0,999.0,1.0,999.0,0.0,999.0,1000,0,1000,1000,0,0,0,0,0.11789045797195286,52788.0234375,0.05340290442109108,105575.9375,0.0025891142431646585,0.0057
902,1977.0,48973.0,0.04036918301921467,961.0,0.961,0.0,0.0,961.0,0.961,1.0,1877.0,11.0,989.0,0.0,1877.0,1000,0,1000,999,0,0,0,1,0.11600741604343057,48232.96484375,0.0446004644036293,96465.84375,0.003206107532605529,0.0056729999999999975
903,978.0,50796.0,0.019253484526340656,983.0,0.983,0.0,0.0,983.0,0.983,0.0,978.0,22.0,978.0,0.0,978.0,1000,0,1000,1000,0,0,0,0,0.11754266603384167,44501.1875,-0.040795113891363144,89002.453125,0.004080565646290779,0.005645999999999998
904,992.0,50962.0,0.019465484086181862,982.0,0.982,0.0,0.0,982.0,0.982,0.0,992.0,8.0,992.0,0.0,992.0,1000,0,1000,1000,0,0,0,0,0.12033408298157156,42517.24609375,0.029445072636008263,85034.4296875,0.005468905903398991,0.005618999999999999
905,1986.0,51370.0,0.03866069690480825,958.0,0.958,0.0,0.0,958.0,0.958,1.0,1886.0,11.0,989.0,0.0,1886.0,1000,0,1000,999,0,0,0,1,0.1269170829327777,39099.03515625,0.04433349147439003,78197.984375,0.006896002218127251,0.005592
906,1995.0,50035.0,0.03987208953732387,956.0,0.956,0.0,0.0,956.0,0.956,1.0,1895.0,3.0,997.0,0.0,1895.0,1000,0,1000,999,0,0,0,1,0.12267700000666082,33786.59375,-0.019713718444108963,67573.2265625,0.009628482162952423,0.005564999999999997
907,2990.0,50336.0,0.059400826446280995,942.0,0.942,0.0,0.0,942.0,0.942,2.0,2790.0,1.0,999.0,0.0,2790.0,1000,0,1000,998,0,0,0,2,0.1187723750481382,28366.158203125,-0.06238880008459091,56732.44140625,0.015539487823843956,0.005537999999999998
908,1982.0,49865.0,0.03974731775794645,957.0,0.957,0.0,0.0,957.0,0.957,1.0,1882.0,18.0,982.0,0.0,1882.0,1000,0,1000,999,0,0,0,1,0.12268466700334102,28322.296875,-0.05388767272233963,56644.703125,0.020952267572283745,0.0055109999999999985
909,6984.0,51213.0,0.13637162439224415,857.0,0.857,0.0,0.0,857.0,0.857,6.0,6384.0,0.0,1000.0,0.0,6384.0,1000,0,1000,994,0,0,0,6,0.11901883292011917,20812.796875,0.006016090977936983,41625.58203125,0.028637608513236046,0.005483999999999999
910,4947.0,50514.0,0.09793324622876826,903.0,0.903,0.0,0.0,903.0,0.903,4.0,4547.0,1.0,999.0,0.0,4547.0,1000,0,1000,996,0,0,0,4,0.12049037497490644,22210.724609375,-0.0651247650384903,44421.578125,0.054603032767772675,0.005457
911,6677.0,49000.0,0.13626530612244897,860.0,0.86,0.0,0.0,860.0,0.86,7.0,5977.0,729.0,271.0,0.0,5977.0,1000,0,1000,993,0,0,0,7,0.11899516696576029,17353.78515625,-0.06084635481238365,34707.69140625,0.07006561011075974,0.005429999999999997
912,17449.0,49404.0,0.35319002509918224,640.0,0.64,0.0,0.0,640.0,0.64,18.0,15649.0,1.0,999.0,0.0,15649.0,1000,0,1000,982,0,0,0,18,0.11748404102399945,14167.4814453125,-0.030195647850632668,28335.025390625,0.20304960012435913,0.005402999999999998
913,29811.0,49143.0,0.6066174226237715,357.0,0.357,0.0,0.0,357.0,0.357,35.0,26311.0,313.0,30.0,657.0,26311.0,1000,0,1000,964,0,0,0,36,0.1167605840601027,22769.41015625,-0.00585256377235055,45538.8359375,0.37151408195495605,0.005375999999999999
914,47539.0,50124.0,0.9484278988109488,48.0,0.048,0.0,0.0,48.0,0.048,82.0,39339.0,810.0,190.0,0.0,39339.0,1000,0,1000,918,0,0,0,82,0.11990825005341321,31528.0546875,0.009079432114958763,63056.09375,0.32023778557777405,0.005349
915,49220.0,50260.0,0.9793076004775169,21.0,0.021,0.0,0.0,21.0,0.021,114.0,37820.0,572.0,428.0,0.0,37820.0,1000,0,1000,886,0,0,0,114,0.12193458306137472,21738.421875,-0.03353402763605118,43476.9140625,0.26977822184562683,0.005321999999999997
916,46378.0,49078.0,0.9449855332328131,47.0,0.047,0.0,0.0,47.0,0.047,87.0,37678.0,877.0,123.0,0.0,37678.0,1000,0,1000,913,0,0,0,87,0.11652929103001952,25271.56640625,-0.042446259409189224,50543.22265625,0.36053919792175293,0.005294999999999998
917,46145.0,50376.0,0.9160115928219787,76.0,0.076,0.0,0.0,76.0,0.076,100.0,36145.0,688.0,312.0,0.0,36145.0,1000,0,1000,899,0,0,0,101,0.11776670790277421,16609.017578125,0.016518177464604378,33218.0078125,0.38781067728996277,0.005267999999999998
918,49843.0,50659.0,0.9838922994926864,14.0,0.014,0.0,0.0,14.0,0.014,125.0,37343.0,713.0,287.0,0.0,37343.0,1000,0,1000,875,0,0,0,125,0.11769412492867559,15344.5791015625,0.04676802083849907,30689.068359375,0.3430146872997284,0.005240999999999999
919,47867.0,49702.0,0.9630799565409842,35.0,0.035,0.0,0.0,35.0,0.035,116.0,36267.0,783.0,100.0,117.0,36267.0,1000,0,1000,883,0,0,0,117,0.11867724999319762,19641.1328125,0.07518848776817322,39282.12109375,0.2939627468585968,0.005213999999999996
920,48227.0,50162.0,0.9614249830549021,38.0,0.038,0.0,0.0,38.0,0.038,109.0,37327.0,292.0,0.0,708.0,37327.0,1000,0,1000,890,0,0,0,110,0.11625954206101596,19431.046875,0.07543092966079712,38861.9453125,0.2919788062572479,0.005186999999999997
921,45277.0,49836.0,0.9085199454209808,82.0,0.082,0.0,0.0,82.0,0.082,88.0,36477.0,658.0,342.0,0.0,36477.0,1000,0,1000,912,0,0,0,88,0.11733612499665469,16256.3203125,0.06799518316984177,32512.5078125,0.3658527135848999,0.005159999999999998
922,46175.0,48514.0,0.9517871129983098,44.0,0.044,0.0,0.0,44.0,0.044,114.0,34775.0,738.0,0.0,262.0,34775.0,1000,0,1000,884,0,0,0,116,0.11878687504213303,18482.697265625,0.017437703907489777,36965.36328125,0.2953037917613983,0.005132999999999999
923,46374.0,50270.0,0.9224985080564949,68.0,0.068,0.0,0.0,68.0,0.068,75.0,38874.0,496.0,504.0,0.0,38874.0,1000,0,1000,923,0,0,0,77,0.11645720794331282,16099.2900390625,-0.1438673436641693,32198.87109375,0.3746715486049652,0.005105999999999999
924,49970.0,52243.0,0.9564917788029018,39.0,0.039,0.0,0.0,39.0,0.039,110.0,38970.0,498.0,502.0,0.0,38970.0,1000,0,1000,890,0,0,0,110,0.11702945805154741,18117.798828125,0.07700998336076736,36235.44921875,0.32855546474456787,0.005078999999999997
925,47140.0,49745.0,0.9476329279324556,41.0,0.041,0.0,0.0,41.0,0.041,103.0,36840.0,12.0,0.0,988.0,36840.0,1000,0,1000,896,0,0,0,104,0.11783474998082966,19323.443359375,0.045672785490751266,38646.80078125,0.3354142904281616,0.0050519999999999975
926,47461.0,49189.0,0.9648701945556933,32.0,0.032,0.0,0.0,32.0,0.032,114.0,36061.0,820.0,180.0,0.0,36061.0,1000,0,1000,885,0,0,0,115,0.12064433400519192,11515.1298828125,0.0010276396060362458,23030.26171875,0.30653971433639526,0.005024999999999998
927,46313.0,49191.0,0.9414933626069809,50.0,0.05,0.0,0.0,50.0,0.05,95.0,36813.0,390.0,217.0,393.0,36813.0,1000,0,1000,902,0,0,0,98,0.11935016699135303,16721.091796875,0.05118365213274956,33442.0859375,0.4497058093547821,0.004997999999999999
928,49310.0,50210.0,0.9820752838080063,17.0,0.017,0.0,0.0,17.0,0.017,145.0,34810.0,637.0,363.0,0.0,34810.0,1000,0,1000,854,0,0,0,146,0.11880962504073977,12230.0849609375,0.0529290996491909,24460.068359375,0.33802446722984314,0.004970999999999996
929,47804.0,50224.0,0.9518158649251354,34.0,0.034,0.0,0.0,34.0,0.034,102.0,37604.0,920.0,80.0,0.0,37604.0,1000,0,1000,897,0,0,0,103,0.12046650005504489,10823.9365234375,-0.013259155675768852,21647.904296875,0.4127865433692932,0.004943999999999997
930,46399.0,49357.0,0.9400692910833316,59.0,0.059,0.0,0.0,59.0,0.059,123.0,34099.0,840.0,84.0,76.0,34099.0,1000,0,1000,876,0,0,0,124,0.11774366593454033,7664.44921875,-0.043542057275772095,15328.9853515625,0.003210904309526086,0.004916999999999998
931,3980.0,50248.0,0.07920713262219392,922.0,0.922,0.0,0.0,922.0,0.922,3.0,3680.0,6.0,994.0,0.0,3680.0,1000,0,1000,997,0,0,0,3,0.11945287510752678,61080.3984375,0.15655994415283203,122160.484375,0.0001927558914758265,0.0048899999999999985
932,993.0,51703.0,0.019205848790205596,979.0,0.979,0.0,0.0,979.0,0.979,0.0,993.0,7.0,993.0,0.0,993.0,1000,0,1000,1000,0,0,0,0,0.1364664169959724,59521.66015625,0.07839145511388779,119043.1640625,0.00012011940270895138,0.004862999999999999
933,978.0,50010.0,0.01955608878224355,981.0,0.981,0.0,0.0,981.0,0.981,0.0,978.0,22.0,978.0,0.0,978.0,1000,0,1000,1000,0,0,0,0,0.12851995904929936,52446.3984375,0.018222574144601822,104892.7578125,0.0001134650592575781,0.0048359999999999966
934,1000.0,50527.0,0.01979139865814317,975.0,0.975,0.0,0.0,975.0,0.975,0.0,1000.0,0.0,1000.0,0.0,1000.0,1000,0,1000,1000,0,0,0,0,0.13102066598366946,48237.19140625,0.01038073468953371,96474.359375,0.00019259413238614798,0.004808999999999997
935,980.0,49602.0,0.019757267852102738,979.0,0.979,0.0,0.0,979.0,0.979,0.0,980.0,20.0,980.0,0.0,980.0,1000,0,1000,1000,0,0,0,0,0.1375619169557467,43373.9375,-0.06158275529742241,86748.0,0.00024352480249945074,0.004781999999999998
936,1000.0,49719.0,0.020113035258150808,977.0,0.977,0.0,0.0,977.0,0.977,0.0,1000.0,0.0,1000.0,0.0,1000.0,1000,0,1000,1000,0,0,0,0,0.1310869170119986,39570.4453125,-0.096766896545887,79141.0859375,0.0003797444805968553,0.004754999999999999
937,990.0,50618.0,0.01955825990754277,984.0,0.984,0.0,0.0,984.0,0.984,0.0,990.0,10.0,990.0,0.0,990.0,1000,0,1000,1000,0,0,0,0,0.12856787501368672,37562.23046875,-0.026078589260578156,75124.515625,0.0004127435095142573,0.004727999999999996
938,1000.0,50796.0,0.019686589495235846,983.0,0.983,0.0,0.0,983.0,0.983,0.0,1000.0,0.0,1000.0,0.0,1000.0,1000,0,1000,1000,0,0,0,0,0.13689987501129508,35317.66796875,0.030948877334594727,70635.2734375,0.0006041307933628559,0.004700999999999997
939,992.0,49924.0,0.019870202708116336,979.0,0.979,0.0,0.0,979.0,0.979,0.0,992.0,8.0,992.0,0.0,992.0,1000,0,1000,1000,0,0,0,0,0.18143912497907877,31944.0078125,-0.05810413509607315,63888.1328125,0.000905487802810967,0.004674000000000001
940,1000.0,50493.0,0.019804725407482224,982.0,0.982,0.0,0.0,982.0,0.982,0.0,1000.0,0.0,1000.0,0.0,1000.0,1000,0,1000,1000,0,0,0,0,0.14258670795243233,31061.177734375,0.01749442145228386,62122.3203125,0.0012441601138561964,0.004647000000000002
941,1000.0,48451.0,0.02063940888732947,980.0,0.98,0.0,0.0,980.0,0.98,0.0,1000.0,0.0,1000.0,0.0,1000.0,1000,0,1000,1000,0,0,0,0,0.12991112493909895,26789.767578125,-0.0459011010825634,53579.62890625,0.001567151164636016,0.004619999999999999
942,999.0,49019.0,0.020379852710173608,978.0,0.978,0.0,0.0,978.0,0.978,0.0,999.0,1.0,999.0,0.0,999.0,1000,0,1000,1000,0,0,0,0,0.1238213749602437,26546.1015625,0.08019334077835083,53092.04296875,0.002008352894335985,0.004593
943,996.0,50222.0,0.0198319461590538,978.0,0.978,0.0,0.0,978.0,0.978,0.0,996.0,4.0,996.0,0.0,996.0,1000,0,1000,1000,0,0,0,0,0.12290420802310109,23670.193359375,0.033095140010118484,47340.3203125,0.002898288192227483,0.004566000000000001
944,999.0,49282.0,0.020271092893957225,978.0,0.978,0.0,0.0,978.0,0.978,0.0,999.0,1.0,999.0,0.0,999.0,1000,0,1000,1000,0,0,0,0,0.13791287504136562,20892.94140625,-0.07685376703739166,41786.03515625,0.004010878503322601,0.004539000000000001
945,999.0,49382.0,0.020230043335628365,981.0,0.981,0.0,0.0,981.0,0.981,0.0,999.0,1.0,999.0,0.0,999.0,1000,0,1000,1000,0,0,0,0,0.12645804195199162,20092.34375,0.01957612670958042,40184.6484375,0.005608103238046169,0.004512000000000002
946,993.0,50811.0,0.01954301233984767,981.0,0.981,0.0,0.0,981.0,0.981,0.0,993.0,7.0,993.0,0.0,993.0,1000,0,1000,1000,0,0,0,0,0.1303320840233937,18667.501953125,0.0811769962310791,37334.83984375,0.006293866317719221,0.004484999999999999
947,1998.0,50110.0,0.03987228098183995,961.0,0.961,0.0,0.0,961.0,0.961,1.0,1898.0,0.0,1000.0,0.0,1898.0,1000,0,1000,999,0,0,0,1,0.1242465419927612,15718.693359375,-0.052297864109277725,31437.4921875,0.009242454543709755,0.004458
948,1996.0,49416.0,0.04039177594301441,956.0,0.956,0.0,0.0,956.0,0.956,1.0,1896.0,2.0,998.0,0.0,1896.0,1000,0,1000,999,0,0,0,1,0.12540454207919538,14777.8125,-0.011997001245617867,29555.6484375,0.013297884725034237,0.004431000000000001
949,2958.0,50029.0,0.05912570708988787,936.0,0.936,0.0,0.0,936.0,0.936,2.0,2758.0,7.0,993.0,0.0,2758.0,1000,0,1000,998,0,0,0,2,0.12540204101242125,13016.8076171875,0.10502862930297852,26033.404296875,0.017755959182977676,0.004404000000000002
950,4993.0,48502.0,0.102944208486248,900.0,0.9,0.0,0.0,900.0,0.9,4.0,4593.0,0.0,1000.0,0.0,4593.0,1000,0,1000,996,0,0,0,4,0.12204666691832244,13013.7919921875,0.05055731162428856,26027.482421875,0.024835368618369102,0.004376999999999999
951,2991.0,50648.0,0.05905465171378929,937.0,0.937,0.0,0.0,937.0,0.937,2.0,2791.0,0.0,1000.0,0.0,2791.0,1000,0,1000,998,0,0,0,2,0.40960191597696394,10143.0595703125,-0.003266091924160719,20286.125,0.04167857766151428,0.00435
952,8714.0,49106.0,0.17745285708467398,826.0,0.826,0.0,0.0,826.0,0.826,8.0,7914.0,72.0,928.0,0.0,7914.0,1000,0,1000,992,0,0,0,8,0.13225770893041044,14094.197265625,0.03867457062005997,28188.31640625,0.06243911013007164,0.0043230000000000005
953,9903.0,51133.0,0.19367140594136859,798.0,0.798,0.0,0.0,798.0,0.798,9.0,9003.0,4.0,996.0,0.0,9003.0,1000,0,1000,991,0,0,0,9,0.13976216700393707,13936.6640625,-0.09998670965433121,27873.529296875,0.1473017781972885,0.004296000000000001
954,21764.0,49552.0,0.43921536971262515,541.0,0.541,0.0,0.0,541.0,0.541,22.0,19564.0,603.0,397.0,0.0,19564.0,1000,0,1000,978,0,0,0,22,0.1420124580617994,23408.1875,0.004969342146068811,46816.36328125,0.1730772852897644,0.004269000000000002
955,35075.0,49896.0,0.7029621612954946,283.0,0.283,0.0,0.0,283.0,0.283,39.0,31175.0,520.0,480.0,0.0,31175.0,1000,0,1000,961,0,0,0,39,0.15408379200380296,31989.1875,0.03722500428557396,63978.30078125,0.18501856923103333,0.004241999999999999
956,38554.0,50962.0,0.7565244692123543,251.0,0.251,0.0,0.0,251.0,0.251,44.0,34154.0,32.0,968.0,0.0,34154.0,1000,0,1000,956,0,0,0,44,0.13282945798709989,40982.046875,-0.04876362904906273,81964.1875,0.2384185492992401,0.004215
957,43118.0,50254.0,0.8580013531261194,139.0,0.139,0.0,0.0,139.0,0.139,61.0,37018.0,384.0,77.0,539.0,37018.0,1000,0,1000,939,0,0,0,61,0.12336041708476841,39498.98828125,-0.03405317664146423,78998.046875,0.2669711410999298,0.004188000000000001
958,46461.0,51678.0,0.8990479507720887,76.0,0.076,0.0,0.0,76.0,0.076,73.0,39161.0,765.0,235.0,0.0,39161.0,1000,0,1000,923,0,0,0,77,0.11915566597599536,46401.52734375,0.051326148211956024,92802.953125,0.2710670530796051,0.0041610000000000015
959,46142.0,49970.0,0.9233940364218531,66.0,0.066,0.0,0.0,66.0,0.066,84.0,37742.0,638.0,362.0,0.0,37742.0,1000,0,1000,916,0,0,0,84,0.12524004199076444,32739.65625,0.08174970000982285,65479.15234375,0.2957058846950531,0.004133999999999999
960,46851.0,49238.0,0.9515211828262724,46.0,0.046,0.0,0.0,46.0,0.046,87.0,38151.0,828.0,172.0,0.0,38151.0,1000,0,1000,913,0,0,0,87,0.11722162493970245,37579.33984375,0.004900961183011532,75158.671875,0.2592518925666809,0.0041069999999999995
961,47973.0,51436.0,0.9326736138113384,59.0,0.059,0.0,0.0,59.0,0.059,79.0,40073.0,51.0,949.0,0.0,40073.0,1000,0,1000,921,0,0,0,79,0.11842833401169628,35268.12109375,0.04409000650048256,70536.15625,0.32569441199302673,0.00408
962,47654.0,50305.0,0.947301461087367,48.0,0.048,0.0,0.0,48.0,0.048,102.0,37454.0,371.0,108.0,521.0,37454.0,1000,0,1000,897,0,0,0,103,0.11668037506751716,30072.982421875,0.03563518077135086,60145.8984375,0.27221691608428955,0.004053000000000001
963,46514.0,49857.0,0.932948231943358,59.0,0.059,0.0,0.0,59.0,0.059,85.0,38014.0,338.0,43.0,619.0,38014.0,1000,0,1000,914,0,0,0,86,0.11910516698844731,26620.552734375,0.04355939105153084,53241.0234375,0.32758453488349915,0.004026000000000002
964,49219.0,50671.0,0.9713445560577056,28.0,0.028,0.0,0.0,28.0,0.028,109.0,38319.0,693.0,0.0,307.0,38319.0,1000,0,1000,891,0,0,0,109,0.12048487493302673,23667.529296875,0.11544407904148102,47334.83203125,0.26422587037086487,0.003998999999999999
965,46782.0,49431.0,0.9464101474783031,54.0,0.054,0.0,0.0,54.0,0.054,81.0,38682.0,716.0,284.0,0.0,38682.0,1000,0,1000,917,0,0,0,83,0.11957066704053432,31665.927734375,-0.06429032981395721,63331.98828125,0.3560153841972351,0.003972
966,48012.0,49205.0,0.9757544964942587,13.0,0.013,0.0,0.0,13.0,0.013,117.0,36312.0,839.0,47.0,114.0,36312.0,1000,0,1000,883,0,0,0,117,0.1153215829981491,22682.453125,-0.040055565536022186,45364.9921875,0.2842157185077667,0.003945000000000001
967,46827.0,48457.0,0.9663619291330457,28.0,0.028,0.0,0.0,28.0,0.028,97.0,37127.0,576.0,424.0,0.0,37127.0,1000,0,1000,903,0,0,0,97,0.12042979197576642,18973.845703125,-0.008727417327463627,37947.7109375,0.3129861652851105,0.003918000000000001
968,47682.0,48832.0,0.976449868938401,16.0,0.016,0.0,0.0,16.0,0.016,103.0,37382.0,945.0,0.0,55.0,37382.0,1000,0,1000,897,0,0,0,103,0.11884187499526888,22076.33984375,-0.07834670692682266,44152.83984375,0.27419736981391907,0.0038909999999999986
969,47120.0,49361.0,0.9545997852555661,44.0,0.044,0.0,0.0,44.0,0.044,83.0,38820.0,380.0,620.0,0.0,38820.0,1000,0,1000,916,0,0,0,84,0.1169381660874933,20359.71484375,-0.05438217893242836,40719.54296875,0.3441145122051239,0.0038639999999999994
970,48129.0,49069.0,0.9808433022886139,16.0,0.016,0.0,0.0,16.0,0.016,111.0,37029.0,531.0,47.0,422.0,37029.0,1000,0,1000,888,0,0,0,112,0.1202306670602411,23267.359375,0.025183547288179398,46534.671875,0.2613706886768341,0.003837
971,47996.0,49842.0,0.9629629629629629,32.0,0.032,0.0,0.0,32.0,0.032,90.0,38996.0,854.0,0.0,146.0,38996.0,1000,0,1000,910,0,0,0,90,0.11762004194315523,22201.693359375,0.025105590000748634,44403.3359375,0.2486097663640976,0.003810000000000001
972,47096.0,49921.0,0.9434105887301937,53.0,0.053,0.0,0.0,53.0,0.053,82.0,38896.0,221.0,85.0,694.0,38896.0,1000,0,1000,918,0,0,0,82,0.11796412500552833,25095.517578125,0.11755195260047913,50190.8046875,0.3014771640300751,0.003782999999999998
973,46235.0,49876.0,0.9269989574143876,66.0,0.066,0.0,0.0,66.0,0.066,90.0,37235.0,634.0,366.0,0.0,37235.0,1000,0,1000,910,0,0,0,90,0.11773595795966685,19576.85546875,0.04027184098958969,39153.62890625,0.2552507221698761,0.003755999999999999
974,46436.0,48953.0,0.9485833350356464,47.0,0.047,0.0,0.0,47.0,0.047,89.0,37536.0,679.0,321.0,0.0,37536.0,1000,0,1000,910,0,0,0,90,0.1181730410316959,15224.69140625,0.06965620815753937,30449.24609375,0.24962198734283447,0.0037289999999999997
975,49184.0,50574.0,0.9725155218096255,24.0,0.024,0.0,0.0,24.0,0.024,104.0,38784.0,271.0,729.0,0.0,38784.0,1000,0,1000,895,0,0,0,105,0.11787716706749052,15145.0986328125,-0.005640292074531317,30290.2109375,0.30528759956359863,0.0037020000000000004
976,48395.0,49509.0,0.9774990405784807,24.0,0.024,0.0,0.0,24.0,0.024,101.0,38295.0,604.0,90.0,306.0,38295.0,1000,0,1000,898,0,0,0,102,0.1197462499840185,13787.1728515625,-0.033178526908159256,27574.4140625,0.2946106493473053,0.003675000000000001
977,47567.0,48675.0,0.9772367745249101,23.0,0.023,0.0,0.0,23.0,0.023,118.0,35767.0,727.0,45.0,228.0,35767.0,1000,0,1000,881,0,0,0,119,0.11777416593395174,23389.16015625,0.12043275684118271,46778.078125,0.1748856157064438,0.0036479999999999985
978,41710.0,49429.0,0.8438366141334035,144.0,0.144,0.0,0.0,144.0,0.144,65.0,35210.0,937.0,63.0,0.0,35210.0,1000,0,1000,933,0,0,0,67,0.12452458392363042,23001.189453125,-0.1335935890674591,46002.6484375,0.3447299301624298,0.0036209999999999992
979,47610.0,50467.0,0.9433887490835595,52.0,0.052,0.0,0.0,52.0,0.052,95.0,38110.0,535.0,465.0,0.0,38110.0,1000,0,1000,904,0,0,0,96,0.1211148340953514,24092.3671875,0.11019221693277359,48184.515625,0.2687125504016876,0.003594
980,47172.0,49903.0,0.9452738312325912,47.0,0.047,0.0,0.0,47.0,0.047,98.0,37372.0,370.0,630.0,0.0,37372.0,1000,0,1000,902,0,0,0,98,0.11891191604081541,9249.3271484375,-0.05921180173754692,18498.7734375,0.08695197850465775,0.0035670000000000007
981,17938.0,50783.0,0.3532284425890554,637.0,0.637,0.0,0.0,637.0,0.637,18.0,16138.0,208.0,792.0,0.0,16138.0,1000,0,1000,982,0,0,0,18,0.1180612089810893,37537.265625,0.12653084099292755,75074.28125,0.0012463004095479846,0.003539999999999998
982,996.0,49515.0,0.020115116631323843,982.0,0.982,0.0,0.0,982.0,0.982,0.0,996.0,4.0,996.0,0.0,996.0,1000,0,1000,1000,0,0,0,0,0.12140800000634044,52798.04296875,-0.12924189865589142,105596.34375,0.0010105884866788983,0.0035129999999999988
983,1000.0,50621.0,0.0197546472807728,982.0,0.982,0.0,0.0,982.0,0.982,0.0,1000.0,0.0,1000.0,0.0,1000.0,1000,0,1000,1000,0,0,0,0,0.12019641592632979,50178.578125,-0.04047976806759834,100357.234375,0.0009918696014210582,0.0034859999999999995
984,997.0,51227.0,0.019462392878755345,973.0,0.973,0.0,0.0,973.0,0.973,0.0,997.0,3.0,997.0,0.0,997.0,1000,0,1000,1000,0,0,0,0,0.12357333407271653,48107.61328125,-0.008347118273377419,96215.2421875,0.0014517788076773286,0.0034590000000000003
985,992.0,51194.0,0.01937727077391882,975.0,0.975,0.0,0.0,975.0,0.975,0.0,992.0,8.0,992.0,0.0,992.0,1000,0,1000,1000,0,0,0,0,0.12620237504597753,47000.34765625,0.04983636364340782,94000.59375,0.001798837212845683,0.003432000000000001
986,987.0,50452.0,0.019563149131848093,978.0,0.978,0.0,0.0,978.0,0.978,0.0,987.0,13.0,987.0,0.0,987.0,1000,0,1000,1000,0,0,0,0,0.12268633302301168,44762.09765625,0.11214514076709747,89523.96875,0.002201488707214594,0.0034049999999999983
987,998.0,49644.0,0.020103134316332285,982.0,0.982,0.0,0.0,982.0,0.982,0.0,998.0,2.0,998.0,0.0,998.0,1000,0,1000,1000,0,0,0,0,0.12074454198591411,37840.46875,-0.013743918389081955,75680.96875,0.0030500919092446566,0.003377999999999999
988,995.0,50130.0,0.019848394175144623,975.0,0.975,0.0,0.0,975.0,0.975,0.0,995.0,5.0,995.0,0.0,995.0,1000,0,1000,1000,0,0,0,0,0.12435804191045463,34506.27734375,-0.02901950292289257,69012.609375,0.0036085916217416525,0.003351
989,2000.0,50428.0,0.039660506068057426,959.0,0.959,0.0,0.0,959.0,0.959,1.0,1900.0,0.0,1000.0,0.0,1900.0,1000,0,1000,999,0,0,0,1,0.1295120830181986,29846.62890625,-0.07347965985536575,59693.40625,0.005304013844579458,0.0033240000000000006
990,1999.0,50333.0,0.039715494804601355,960.0,0.96,0.0,0.0,960.0,0.96,1.0,1899.0,1.0,999.0,0.0,1899.0,1000,0,1000,999,0,0,0,1,0.12224041600711644,29519.98828125,0.029121333733201027,59039.91796875,0.007213109638541937,0.003296999999999998
991,3984.0,49114.0,0.08111740033391701,918.0,0.918,0.0,0.0,918.0,0.918,3.0,3684.0,5.0,995.0,0.0,3684.0,1000,0,1000,997,0,0,0,3,0.12508654198609293,24595.89453125,-0.045920561999082565,49191.8828125,0.012150049209594727,0.0032699999999999986
992,989.0,49232.0,0.02008856028599285,979.0,0.979,0.0,0.0,979.0,0.979,0.0,989.0,11.0,989.0,0.0,989.0,1000,0,1000,1000,0,0,0,0,0.12270066607743502,25741.1796875,0.01684202067553997,51482.32421875,0.016936134546995163,0.0032429999999999994
993,3949.0,50176.0,0.07870296556122448,923.0,0.923,0.0,0.0,923.0,0.923,3.0,3649.0,36.0,964.0,0.0,3649.0,1000,0,1000,997,0,0,0,3,0.12163420801516622,21515.56640625,-0.03276125341653824,43031.19921875,0.024667805060744286,0.003216
994,2989.0,50630.0,0.05903614457831325,931.0,0.931,0.0,0.0,931.0,0.931,2.0,2789.0,1.0,999.0,0.0,2789.0,1000,0,1000,998,0,0,0,2,0.11957374995108694,20482.607421875,-0.03387567773461342,40965.28125,0.03376629948616028,0.003189000000000001
995,6900.0,49474.0,0.1394671948902454,867.0,0.867,0.0,0.0,867.0,0.867,6.0,6300.0,23.0,977.0,0.0,6300.0,1000,0,1000,994,0,0,0,6,0.12043466605246067,22112.494140625,0.012319844216108322,44224.96484375,0.057543352246284485,0.003161999999999998
996,10742.0,49344.0,0.2176961738002594,785.0,0.785,0.0,0.0,785.0,0.785,10.0,9742.0,194.0,806.0,0.0,9742.0,1000,0,1000,990,0,0,0,10,0.11822837498039007,16323.9189453125,0.03691592812538147,32647.763671875,0.09015268087387085,0.003134999999999999
997,15481.0,49766.0,0.31107583490736646,697.0,0.697,0.0,0.0,697.0,0.697,15.0,13981.0,176.0,824.0,0.0,13981.0,1000,0,1000,985,0,0,0,15,0.12017170805484056,18240.076171875,-0.06764121353626251,36480.2890625,0.16911254823207855,0.0031079999999999997
998,28260.0,51151.0,0.5524818674121718,444.0,0.444,0.0,0.0,444.0,0.444,29.0,25360.0,174.0,826.0,0.0,25360.0,1000,0,1000,970,0,0,0,30,0.11673429200891405,21950.80859375,-0.06592469662427902,43901.75,0.20286113023757935,0.0030810000000000004
999,37508.0,51780.0,0.7243723445345693,269.0,0.269,0.0,0.0,269.0,0.269,44.0,33108.0,556.0,444.0,0.0,33108.0,1000,0,1000,956,0,0,0,44,0.11994395905639976,28889.033203125,-0.015039624646306038,57778.09765625,0.18697622418403625,0.0030539999999999977
1000,40247.0,49876.0,0.8069412142112439,192.0,0.192,0.0,0.0,192.0,0.192,48.0,35447.0,551.0,449.0,0.0,35447.0,1000,0,1000,952,0,0,0,48,0.12259679101407528,29603.884765625,0.030962545424699783,59207.70703125,0.22497202455997467,0.0030269999999999984
