episode,settled_value,dropped_value,total_value,total_transaction_value,value_accept_ratio,drops,drop_rate,flushes,money,flush_A_count,flush_B_count,drop_A_count,drop_B_count,settled_A_value,settled_B_value,available_A,available_B,committed_A,committed_B,episode_return,training_reward_return,reward_scale,steps,settle_action_0,settle_action_1,elapsed_sec,flush_action_0,flush_action_1,flush_action_2,flush_action_3,flush_action_4,flush_action_5,flush_action_6,flush_action_7,flush_action_8,flush_action_9,flush_action_10,flush_action_11,flush_action_12,flush_action_13,flush_action_14,flush_action_15,flush_action_16,flush_action_17,flush_action_18,flush_action_19,flush_action_20,flush_action_21,flush_action_22,flush_action_23,flush_action_24,flush_action_25,flush_action_26,flush_action_27,flush_action_28,flush_action_29,flush_action_30,flush_action_31,flush_action_32,loss,policy_loss,value_loss,entropy,entropy_coef
1,46502.0,3802.0,50304.0,50304.0,0.9244195292620865,69.0,0.069,88.0,37702.0,43.0,45.0,39.0,30.0,23192.0,23310.0,647.0,380.0,153.0,420.0,37702.0,377.0199999999992,100.0,1000,5,995,0.21667875000275671,912,0,1,0,0,0,0,0,0,0,0,0,0,0,0,0,42,0,0,0,0,0,0,0,0,0,0,0,0,0,0,0,45,13.94854736328125,0.03336933255195618,27.850170135498047,0.33022570610046387,0.03
2,43504.0,5491.0,48995.0,48995.0,0.8879273395244413,101.0,0.101,75.0,36004.0,37.0,38.0,51.0,50.0,22395.0,21109.0,31.0,239.0,769.0,561.0,36004.0,360.03999999999957,100.0,1000,6,994,0.22178595885634422,925,0,0,0,0,0,0,0,0,0,0,0,0,0,0,0,37,0,0,0,0,0,0,0,0,0,0,0,0,0,0,0,38,12.304171562194824,0.027185363695025444,24.576562881469727,0.37674739956855774,0.029981999999999998
3,45973.0,4806.0,50779.0,50779.0,0.9053545757104314,87.0,0.087,87.0,37273.0,43.0,44.0,39.0,48.0,23559.0,22414.0,155.0,489.0,0.0,311.0,37273.0,372.7300000000001,100.0,1000,6,994,0.21551945805549622,913,0,0,0,0,0,0,0,0,0,0,0,0,0,0,0,43,0,0,0,0,0,1,1,0,0,0,0,0,0,0,0,42,12.961732864379883,-0.014144324697554111,25.972131729125977,0.34003472328186035,0.029963999999999998
4,45348.0,4912.0,50260.0,50260.0,0.9022682053322721,95.0,0.095,81.0,37248.0,38.0,43.0,36.0,59.0,22953.0,22395.0,125.0,532.0,675.0,268.0,37248.0,372.4799999999997,100.0,1000,14,986,0.22328183404169977,919,0,0,0,0,0,1,0,0,0,0,0,0,0,1,0,36,0,0,0,0,0,0,0,0,0,0,0,0,0,0,0,43,12.253799438476562,-0.019747642800211906,24.56769371032715,0.34393998980522156,0.029946
5,44921.0,5879.0,50800.0,50800.0,0.8842716535433071,109.0,0.109,77.0,37221.0,36.0,41.0,58.0,51.0,22166.0,22755.0,689.0,621.0,111.0,0.0,37221.0,372.21000000000015,100.0,1000,6,994,0.21638762508518994,923,0,0,0,1,0,0,0,0,0,0,0,0,0,0,0,35,0,0,0,1,0,0,0,0,0,0,0,0,0,0,0,40,11.930394172668457,0.010385106317698956,23.861051559448242,0.35142016410827637,0.029928
6,45250.0,4418.0,49668.0,49668.0,0.9110493678022067,87.0,0.087,78.0,37450.0,37.0,41.0,45.0,42.0,22869.0,22381.0,172.0,800.0,628.0,0.0,37450.0,374.5,100.0,1000,9,991,0.21783166681416333,922,0,0,0,0,0,0,0,0,0,0,0,0,0,0,0,37,0,0,0,0,0,0,0,0,1,0,0,0,0,0,0,40,10.996049880981445,0.08440976589918137,21.84415054321289,0.3488750457763672,0.02991
7,47283.0,4385.0,51668.0,51668.0,0.9151312224200666,83.0,0.083,82.0,39083.0,43.0,39.0,39.0,44.0,24725.0,22558.0,298.0,203.0,502.0,597.0,39083.0,390.83000000000084,100.0,1000,7,993,0.2247625421732664,918,0,0,0,0,0,0,0,0,0,0,0,0,0,0,1,42,0,0,0,0,0,1,0,0,1,0,0,0,0,0,0,37,12.234617233276367,-0.07229477912187576,24.633150100708008,0.32324638962745667,0.029892
8,43541.0,6297.0,49838.0,49838.0,0.8736506280348328,101.0,0.101,72.0,36341.0,36.0,36.0,49.0,52.0,21466.0,22075.0,41.0,604.0,759.0,196.0,36341.0,363.4099999999996,100.0,1000,6,994,0.21545766713097692,928,0,0,0,0,0,0,0,0,0,0,0,0,0,0,0,36,0,0,0,0,0,0,0,0,0,0,0,0,0,0,0,36,9.249058723449707,0.028786057606339455,18.464601516723633,0.4026222229003906,0.029873999999999998
9,45783.0,3850.0,49633.0,49633.0,0.9224306409042371,73.0,0.073,81.0,37683.0,40.0,41.0,34.0,39.0,23252.0,22531.0,284.0,59.0,516.0,0.0,37683.0,376.8300000000004,100.0,1000,6,994,0.2171160001307726,919,0,0,0,0,0,0,0,0,0,0,0,0,0,0,1,39,0,0,0,0,1,0,0,0,0,0,0,0,0,1,0,39,9.367362022399902,0.014818631112575531,18.726119995117188,0.3522319197654724,0.029856
10,46655.0,3939.0,50594.0,50594.0,0.9221449183697672,69.0,0.069,85.0,38155.0,45.0,40.0,25.0,44.0,23977.0,22678.0,471.0,14.0,329.0,0.0,38155.0,381.5499999999997,100.0,1000,4,996,0.21611362509429455,915,0,0,0,0,0,0,0,0,0,0,0,0,0,0,0,45,1,0,0,0,0,0,0,0,0,0,1,0,0,0,0,38,8.967768669128418,-0.007100602611899376,17.968727111816406,0.31818458437919617,0.029838
11,46638.0,5321.0,51959.0,51959.0,0.8975923324159434,84.0,0.084,82.0,38438.0,46.0,36.0,30.0,54.0,24893.0,21745.0,442.0,91.0,358.0,709.0,38438.0,384.37999999999977,100.0,1000,3,997,0.22091795806773007,918,0,0,0,0,0,0,0,0,0,0,0,0,0,0,0,46,0,0,0,0,0,0,0,0,0,0,0,0,0,0,0,36,8.80156421661377,-0.020774131640791893,17.66558837890625,0.3506370484828949,0.02982
12,45698.0,5058.0,50756.0,50756.0,0.9003467570336512,95.0,0.095,81.0,37598.0,44.0,37.0,21.0,74.0,23041.0,22657.0,461.0,265.0,339.0,535.0,37598.0,375.98000000000013,100.0,1000,2,998,0.217289499938488,919,0,0,0,0,0,0,0,0,0,0,1,0,0,0,0,43,0,0,0,0,0,0,0,0,0,0,0,0,0,1,0,36,7.38179349899292,-0.03744122013449669,14.861288070678711,0.3828360438346863,0.029802
13,48018.0,2359.0,50377.0,50377.0,0.9531730750143915,36.0,0.036,93.0,38718.0,46.0,47.0,20.0,16.0,24124.0,23894.0,409.0,683.0,391.0,117.0,38718.0,387.1799999999998,100.0,1000,3,997,0.21554820914752781,907,0,0,0,0,0,0,0,0,0,0,0,0,0,0,0,46,0,0,0,0,0,0,0,0,0,0,0,1,0,0,0,46,7.1193671226501465,0.05732699856162071,14.146109580993652,0.36980733275413513,0.029783999999999998
14,47165.0,3145.0,50310.0,50310.0,0.9374875770224608,59.0,0.059,100.0,37165.0,54.0,46.0,17.0,42.0,24639.0,22526.0,557.0,209.5,243.0,590.5,37165.0,371.65000000000003,100.0,1000,3,997,0.21662437496706843,900,0,0,0,0,0,0,0,0,0,0,0,0,0,0,0,54,0,0,1,0,0,0,0,1,0,0,0,0,0,0,0,44,5.862786769866943,-0.008314494043588638,11.765499114990234,0.391326367855072,0.029765999999999997
15,47290.0,4044.0,51334.0,51334.0,0.9212218023142557,47.0,0.047,94.0,37890.0,42.0,52.0,27.0,20.0,22910.0,24380.0,192.0,278.0,608.0,522.0,37890.0,378.90000000000015,100.0,1000,3,997,0.21558370906859636,906,0,0,0,0,0,0,0,0,0,0,0,0,0,0,0,42,0,0,0,0,0,0,0,0,0,0,0,0,1,0,0,51,5.327872276306152,0.06616263836622238,10.545760154724121,0.37550491094589233,0.029748
16,47797.0,3139.0,50936.0,50936.0,0.9383736453588817,43.0,0.043,98.0,37997.0,52.0,46.0,17.0,26.0,24214.0,23583.0,564.0,516.0,236.0,284.0,37997.0,379.96999999999883,100.0,1000,1,999,0.22070737509056926,902,0,0,0,0,0,0,0,0,0,0,0,1,0,0,0,51,0,0,0,0,0,0,0,0,0,1,0,0,0,0,0,45,4.490210056304932,-0.0020673151593655348,9.005730628967285,0.35613685846328735,0.02973
17,47495.0,2449.0,49944.0,49944.0,0.9509650808905975,41.0,0.041,94.0,38095.0,47.0,47.0,17.0,24.0,24808.0,22687.0,17.0,355.0,783.0,445.0,38095.0,380.9499999999995,100.0,1000,2,998,0.22123795794323087,906,0,0,0,0,0,0,0,0,0,1,0,0,0,0,0,46,0,0,0,0,0,0,0,0,0,0,0,0,0,0,0,47,4.045014381408691,-0.02797779068350792,8.168193817138672,0.37374719977378845,0.029712
18,46542.0,3347.0,49889.0,49889.0,0.9329110625588807,50.0,0.05,101.0,36442.0,56.0,45.0,14.0,36.0,23502.0,23040.0,574.0,698.0,226.0,102.0,36442.0,364.4200000000004,100.0,1000,2,998,0.21598983299918473,899,1,0,0,0,0,0,0,0,0,0,0,0,0,0,0,55,0,0,0,0,0,0,0,0,0,0,0,0,0,0,1,44,3.2393481731414795,0.03878999873995781,6.422543048858643,0.3607902526855469,0.029693999999999998
19,46666.0,3423.0,50089.0,50089.0,0.9316616422767474,63.0,0.063,98.0,36866.0,56.0,42.0,5.0,58.0,25503.0,21163.0,424.0,658.0,376.0,142.0,36866.0,368.66000000000014,100.0,1000,0,1000,0.21619841712526977,902,0,0,2,0,0,0,0,0,0,0,0,0,0,0,0,54,0,3,0,0,0,0,0,0,0,0,0,0,0,0,0,39,2.928176164627075,0.01513983029872179,5.8471574783325195,0.355245977640152,0.029675999999999998
20,47543.0,2493.0,50036.0,50036.0,0.9501758733711727,43.0,0.043,93.0,38243.0,47.0,46.0,15.0,28.0,23164.0,24379.0,377.0,650.0,423.0,60.0,38243.0,382.4300000000006,100.0,1000,1,999,0.22027041693218052,907,0,0,0,0,1,0,0,0,0,0,0,0,0,0,0,46,0,1,0,0,0,0,0,0,0,0,0,0,0,0,0,45,2.8104166984558105,-0.012125383131206036,5.666731357574463,0.3649418354034424,0.029658
21,46043.0,4325.0,50368.0,50368.0,0.9141319885641678,77.0,0.077,92.0,36843.0,50.0,42.0,30.0,47.0,23561.0,22482.0,622.0,97.0,178.0,703.0,36843.0,368.4299999999998,100.0,1000,4,996,0.2147887081373483,908,0,0,0,0,0,0,1,0,0,0,0,0,0,0,0,49,0,0,0,0,0,0,0,1,0,0,0,0,0,0,0,41,2.649401903152466,0.027726316824555397,5.2706217765808105,0.4600312113761902,0.02964
22,49833.0,2493.0,52326.0,52326.0,0.9523563811489508,43.0,0.043,107.0,39133.0,53.0,54.0,25.0,18.0,25628.0,24205.0,236.0,622.0,564.0,178.0,39133.0,391.3300000000007,100.0,1000,1,999,0.21590458299033344,893,0,0,0,0,1,0,0,0,0,0,0,0,0,0,0,52,0,3,0,0,0,0,0,0,0,0,0,0,0,0,0,51,2.0173685550689697,0.0178083423525095,4.024398326873779,0.4266761541366577,0.029622
23,44767.0,2348.0,47115.0,47115.0,0.9501644911387032,38.0,0.038,108.0,33967.0,50.0,58.0,29.0,9.0,23623.0,21144.0,355.0,696.0,445.0,104.0,33967.0,339.67000000000013,100.0,1000,1,999,0.2205273751169443,892,0,0,0,0,0,0,1,0,0,0,0,0,0,0,0,49,0,2,0,0,0,0,0,0,0,0,0,0,0,0,0,56,1.3053812980651855,-0.0532623827457428,2.7375454902648926,0.3421528935432434,0.029604
24,48142.0,2490.0,50632.0,50632.0,0.9508216147890662,52.0,0.052,108.0,37342.0,54.0,54.0,14.0,38.0,23890.0,24252.0,138.0,765.0,27.0,35.0,37342.0,373.42000000000013,100.0,1000,0,1000,0.22122716694138944,892,0,0,0,0,0,0,5,0,0,0,0,0,0,0,0,49,0,1,0,0,0,0,0,0,0,0,0,0,0,0,0,53,2.8662500381469727,0.007520655170083046,5.738718032836914,0.359279990196228,0.029585999999999998
25,46013.0,3061.0,49074.0,49074.0,0.9376248115091494,50.0,0.05,100.0,36013.0,48.0,52.0,30.0,20.0,22442.0,23571.0,658.0,498.0,142.0,302.0,36013.0,360.1300000000007,100.0,1000,1,999,0.21523025003261864,900,0,0,0,0,0,0,2,0,0,0,0,0,0,0,0,46,0,0,0,0,0,0,0,0,0,0,0,0,0,0,2,50,2.210808515548706,0.05848687142133713,4.334716320037842,0.5085439682006836,0.029568
26,47785.0,1219.0,49004.0,49004.0,0.9751244796343156,20.0,0.02,124.0,35385.0,69.0,55.0,7.0,13.0,23856.0,23929.0,194.0,697.0,606.0,103.0,35385.0,353.8499999999999,100.0,1000,0,1000,0.21597508317790926,876,0,0,0,0,0,0,14,0,0,0,0,0,0,0,0,55,0,2,0,0,0,0,0,0,0,0,0,0,0,0,0,53,1.2746425867080688,-0.017771117389202118,2.6096372604370117,0.4197925329208374,0.02955
27,48652.0,2335.0,50987.0,50987.0,0.9542040127875733,42.0,0.042,108.0,37852.0,59.0,49.0,15.0,27.0,24567.0,24085.0,546.0,738.0,254.0,62.0,37852.0,378.52000000000027,100.0,1000,0,1000,0.2214467090088874,892,0,0,0,0,0,0,6,0,0,0,0,0,0,0,0,53,0,0,0,0,0,0,0,0,0,0,0,0,0,0,0,49,1.9704790115356445,0.048068273812532425,3.866417169570923,0.36563366651535034,0.029532
28,46191.0,2295.0,48486.0,48486.0,0.9526667491647073,46.0,0.046,111.0,35091.0,75.0,36.0,1.0,45.0,25058.0,21133.0,239.0,318.0,561.0,482.0,35091.0,350.9099999999993,100.0,1000,0,1000,0.22020650003105402,889,0,0,0,0,0,0,9,0,0,0,0,0,0,0,0,66,0,0,0,0,0,0,0,0,0,0,0,0,0,0,0,36,2.183556079864502,-0.07050473988056183,4.532411575317383,0.41150104999542236,0.029514
29,50973.0,1447.0,52420.0,52420.0,0.9723960320488363,21.0,0.021,120.0,38973.0,68.0,52.0,1.0,20.0,25827.0,25146.0,644.0,399.0,156.0,401.0,38973.0,389.7299999999999,100.0,1000,0,1000,0.2150326247792691,880,0,0,0,0,0,0,4,0,0,0,0,0,0,0,0,64,0,0,0,0,0,0,0,0,0,0,0,0,0,0,0,52,2.589684009552002,-0.05116245523095131,5.305854320526123,0.40956911444664,0.029495999999999998
30,48813.0,1367.0,50180.0,50180.0,0.9727580709445994,24.0,0.024,103.0,38513.0,59.0,44.0,6.0,18.0,24425.0,24388.0,694.0,375.0,106.0,425.0,38513.0,385.13000000000005,100.0,1000,0,1000,0.21645337482914329,897,0,0,0,0,0,0,2,0,0,0,0,0,0,0,0,57,0,0,0,0,0,0,0,0,0,0,0,0,0,0,0,44,2.711293935775757,0.016482431441545486,5.413156986236572,0.39917799830436707,0.029477999999999997
31,47924.0,1893.0,49817.0,49817.0,0.9620009233795692,34.0,0.034,105.0,37424.0,58.0,47.0,7.0,27.0,24245.0,23679.0,453.0,512.0,347.0,288.0,37424.0,374.24000000000035,100.0,1000,0,1000,0.22070012497715652,895,0,0,0,0,0,0,0,0,0,0,0,0,0,0,0,58,0,0,0,0,0,0,0,0,0,0,0,0,0,0,1,46,2.998056411743164,0.0899471566081047,5.840484619140625,0.4118470549583435,0.02946
32,47704.0,1744.0,49448.0,49448.0,0.9647306261122796,28.0,0.028,113.0,36404.0,63.0,50.0,8.0,20.0,25014.0,22690.0,616.0,742.0,184.0,58.0,36404.0,364.04,100.0,1000,0,1000,0.21518200007267296,887,0,0,0,0,0,0,0,0,0,0,0,0,0,0,0,63,0,0,0,0,0,0,0,0,0,0,0,0,0,0,0,50,1.5964709520339966,-0.040393564850091934,3.300727605819702,0.45850223302841187,0.029442
33,49011.0,654.0,49665.0,49665.0,0.9868317728782845,11.0,0.011,119.0,37111.0,60.0,59.0,6.0,5.0,24917.0,24094.0,548.0,546.0,252.0,254.0,37111.0,371.11000000000024,100.0,1000,0,1000,0.21628216584213078,881,0,0,0,0,0,0,1,0,0,0,0,0,0,0,0,59,0,0,0,0,0,0,0,0,0,0,0,0,0,0,0,59,2.8539621829986572,-0.08032474666833878,5.888371467590332,0.33642578125,0.029424
34,48042.0,1812.0,49854.0,49854.0,0.9636538692983512,33.0,0.033,111.0,36942.0,61.0,50.0,18.0,15.0,24638.0,23404.0,772.0,0.0,28.0,0.0,36942.0,369.4199999999996,100.0,1000,0,1000,0.21520458301529288,889,0,0,0,0,0,0,1,0,0,0,0,0,0,0,0,60,0,0,0,0,0,0,0,0,0,0,0,0,0,0,0,50,1.3735073804855347,-0.00045353584573604167,2.768503189086914,0.3499488830566406,0.029405999999999998
35,47561.0,1554.0,49115.0,49115.0,0.9683599714954698,27.0,0.027,105.0,37061.0,53.0,52.0,8.0,19.0,23131.0,24430.0,717.0,699.0,83.0,101.0,37061.0,370.61000000000047,100.0,1000,1,999,0.2212972918059677,895,0,0,0,0,0,0,2,0,0,0,0,0,0,0,0,51,0,0,0,0,0,0,0,0,0,0,0,0,0,0,0,52,2.5119781494140625,0.046724606305360794,4.947690010070801,0.29234200716018677,0.029387999999999997
36,47078.0,3387.0,50465.0,50465.0,0.932884177152482,54.0,0.054,91.0,37978.0,51.0,40.0,9.0,45.0,23993.0,23085.0,626.0,392.0,174.0,408.0,37978.0,379.78000000000014,100.0,1000,0,1000,0.2151989999692887,909,0,0,0,0,0,0,1,0,0,0,0,0,0,0,0,50,0,0,0,0,0,0,0,0,0,0,0,0,0,0,0,40,2.160425901412964,0.06611791998147964,4.206462860107422,0.3038337826728821,0.02937
37,45103.0,4322.0,49425.0,49425.0,0.9125543753161356,78.0,0.078,91.0,36003.0,53.0,38.0,21.0,57.0,24643.0,20460.0,469.0,442.0,331.0,358.0,36003.0,360.02999999999963,100.0,1000,0,1000,0.215960499830544,909,0,0,0,0,0,0,1,0,0,0,0,0,0,0,0,52,0,0,0,0,0,0,0,0,0,0,0,0,0,0,0,38,1.3901790380477905,-0.018090909346938133,2.836469888687134,0.33949828147888184,0.029352
38,46498.0,3208.0,49706.0,49706.0,0.9354605077857804,60.0,0.06,81.0,38398.0,44.0,37.0,27.0,33.0,24587.0,21911.0,305.0,481.0,495.0,319.0,38398.0,383.9800000000008,100.0,1000,0,1000,0.215786499902606,919,0,0,0,0,0,0,2,0,0,0,0,0,0,0,0,42,0,0,0,0,0,0,0,0,0,0,0,0,0,0,0,37,2.124213218688965,0.006451082415878773,4.262653827667236,0.4624292552471161,0.029334
39,47807.0,1556.0,49363.0,49363.0,0.9684784150071917,28.0,0.028,114.0,36407.0,63.0,51.0,9.0,19.0,23318.0,24489.0,434.0,642.0,366.0,158.0,36407.0,364.07000000000016,100.0,1000,0,1000,0.22106320806778967,886,0,0,0,0,0,0,14,0,0,0,0,0,0,0,0,49,0,0,0,0,0,0,0,0,0,0,0,0,0,0,0,51,3.277728319168091,0.1073165088891983,6.358462333679199,0.3008345663547516,0.029316
40,46386.0,2632.0,49018.0,49018.0,0.9463054388183932,52.0,0.052,94.0,36986.0,52.0,42.0,10.0,42.0,22707.0,23679.0,621.0,451.0,179.0,349.0,36986.0,369.8600000000003,100.0,1000,0,1000,0.21513324999250472,906,0,0,0,0,0,0,4,0,0,0,0,0,0,0,0,48,0,0,0,0,0,0,0,0,0,0,0,0,0,0,0,42,3.202319383621216,0.09983689337968826,6.227628707885742,0.3867746591567993,0.029297999999999998
41,47459.0,1774.0,49233.0,49233.0,0.9639672577336339,28.0,0.028,94.0,38059.0,49.0,45.0,9.0,19.0,23403.0,24056.0,599.0,769.4375,201.0,30.5625,38059.0,380.5900000000003,100.0,1000,0,1000,0.22168008307926357,906,0,0,0,0,0,0,3,0,0,0,0,0,0,0,0,46,0,0,0,0,0,0,0,0,0,0,0,0,0,0,1,44,1.1972153186798096,-0.01005793921649456,2.433981418609619,0.3318787217140198,0.02928
42,49320.0,1868.0,51188.0,51188.0,0.963507071969993,37.0,0.037,100.0,39320.0,49.0,51.0,19.0,18.0,23151.0,26169.0,302.0,367.0,44.0,433.0,39320.0,393.1999999999991,100.0,1000,0,1000,0.21509145898744464,900,0,0,0,0,0,0,3,0,0,0,0,0,0,0,0,46,0,0,0,0,0,0,0,0,0,0,0,0,0,0,0,51,2.273008108139038,-0.032888609915971756,4.635674476623535,0.40805527567863464,0.029262
43,48178.0,723.0,48901.0,48901.0,0.9852150262775813,14.0,0.014,107.0,37478.0,51.0,56.0,3.0,11.0,24079.0,24099.0,478.0,663.0,65.0,137.0,37478.0,374.7800000000002,100.0,1000,0,1000,0.22147416695952415,893,0,0,0,0,0,0,3,0,0,0,0,0,0,0,0,48,0,0,0,0,0,0,0,0,0,0,0,0,0,0,0,56,0.8391472101211548,-0.07170231640338898,1.8422428369522095,0.3512473404407501,0.029244
44,49339.0,1111.0,50450.0,50450.0,0.9779781962338949,19.0,0.019,111.0,38239.0,54.0,57.0,8.0,11.0,25399.0,23940.0,549.0,246.0,251.0,554.0,38239.0,382.39000000000044,100.0,1000,0,1000,0.22079366608522832,889,0,0,0,0,0,0,5,0,0,0,0,0,0,0,0,49,0,0,0,0,0,0,0,0,0,0,0,0,0,0,0,57,1.2056255340576172,-0.052670903503894806,2.540328025817871,0.4060617685317993,0.029226
45,48387.0,1332.0,49719.0,49719.0,0.9732094370361432,24.0,0.024,115.0,36887.0,56.0,59.0,9.0,15.0,25089.0,23298.0,285.0,588.0,515.0,45.0,36887.0,368.8700000000006,100.0,1000,0,1000,0.21615737490355968,885,0,0,0,0,0,0,6,0,0,0,0,0,0,0,0,50,0,0,0,0,0,0,0,0,0,0,0,0,0,0,0,59,2.899247169494629,0.04978400841355324,5.7208781242370605,0.3757781386375427,0.029207999999999998
46,49444.0,416.0,49860.0,49860.0,0.9916566385880465,8.0,0.008,123.0,37144.0,69.0,54.0,3.0,5.0,26893.0,22551.0,346.0,501.0,454.0,299.0,37144.0,371.44,100.0,1000,0,1000,0.2155476249754429,877,0,0,0,0,0,0,5,0,0,0,0,0,0,0,0,64,0,0,0,0,0,0,0,0,0,0,0,0,0,0,0,54,1.2764581441879272,0.024568326771259308,2.523730993270874,0.34174931049346924,0.02919
47,49817.0,722.0,50539.0,50539.0,0.9857140030471517,10.0,0.01,116.0,38217.0,59.0,57.0,1.0,9.0,22774.0,27043.0,419.0,201.0,381.0,0.0,38217.0,382.1699999999997,100.0,1000,0,1000,0.21700379205867648,884,0,0,0,0,0,0,2,0,0,0,0,0,0,0,0,57,0,0,0,0,0,0,0,0,0,0,0,0,0,0,0,57,1.9501453638076782,0.029451973736286163,3.861821174621582,0.3502405881881714,0.029172
48,49457.0,809.0,50266.0,50266.0,0.9839056220904786,14.0,0.014,105.0,38957.0,55.0,50.0,5.0,9.0,24509.0,24948.0,605.0,371.0,195.0,429.0,38957.0,389.57000000000045,100.0,1000,0,1000,0.21570341615006328,895,0,0,0,0,0,0,1,0,0,0,0,0,0,0,0,54,0,0,0,0,0,0,0,0,0,0,0,0,0,0,0,50,2.398923397064209,0.13555704057216644,4.549964427947998,0.39842602610588074,0.029154
49,48783.0,1518.0,50301.0,50301.0,0.9698216735253772,15.0,0.015,114.0,37383.0,61.0,53.0,5.0,10.0,24954.0,23829.0,329.0,391.0,471.0,409.0,37383.0,373.8299999999995,100.0,1000,0,1000,0.2203443329781294,886,0,0,0,0,0,0,4,0,0,0,0,0,0,0,0,57,0,2,0,0,0,0,0,0,0,0,0,0,0,0,0,51,1.7715122699737549,0.036503180861473083,3.489300012588501,0.33089447021484375,0.029136
50,46832.0,687.0,47519.0,47519.0,0.985542625055241,8.0,0.008,101.0,36732.0,52.0,49.0,6.0,2.0,23613.0,23219.0,435.0,527.0,365.0,273.0,36732.0,367.31999999999925,100.0,1000,0,1000,0.21585437492467463,899,0,0,0,0,0,0,2,0,0,0,0,0,0,0,0,50,0,0,0,0,0,0,0,0,0,0,0,0,0,0,0,49,2.2230172157287598,-0.06812986731529236,4.602538108825684,0.34762516617774963,0.029117999999999998
51,49099.0,794.0,49893.0,49893.0,0.9840859439199888,15.0,0.015,109.0,38199.0,52.0,57.0,10.0,5.0,25433.0,23666.0,456.0,611.0,344.0,189.0,38199.0,381.9900000000006,100.0,1000,0,1000,0.21603074995800853,891,0,0,0,0,0,0,1,0,0,0,0,0,0,0,0,51,0,1,0,0,0,0,0,0,0,0,0,0,0,0,0,56,0.7526209950447083,-0.06441176682710648,1.654829502105713,0.3567706048488617,0.029099999999999997
52,47454.0,1032.0,48486.0,48486.0,0.9787155055067442,13.0,0.013,100.0,37454.0,57.0,43.0,3.0,10.0,25954.0,21500.0,195.0,419.0,605.0,0.0,37454.0,374.5399999999992,100.0,1000,0,1000,0.2171322088688612,900,0,0,0,0,0,0,0,0,0,0,0,0,0,0,0,57,0,1,0,0,0,0,0,0,0,0,0,0,0,0,0,42,0.9662361145019531,-0.1509631723165512,2.252838134765625,0.31702613830566406,0.029082
53,50294.0,725.0,51019.0,51019.0,0.985789607793175,16.0,0.016,109.0,39394.0,56.0,53.0,5.0,11.0,24947.0,25347.0,746.0,409.0,54.0,391.0,39394.0,393.9400000000001,100.0,1000,0,1000,0.21486916695721447,891,0,0,0,0,0,0,2,0,0,0,0,0,0,0,0,54,0,3,0,0,0,0,0,0,0,0,0,0,0,0,0,50,2.096590757369995,0.061668869107961655,4.090206146240234,0.35029956698417664,0.029064
54,50067.0,1583.0,51650.0,51650.0,0.969351403678606,25.0,0.025,101.0,39967.0,50.0,51.0,5.0,20.0,24074.0,25993.0,575.0,376.0,225.0,424.0,39967.0,399.6699999999996,100.0,1000,0,1000,0.21944774989970028,899,0,0,0,0,0,0,1,0,0,0,0,0,0,0,0,49,0,1,0,0,0,0,0,0,0,0,0,0,0,0,0,50,1.52894127368927,0.0674748495221138,2.946183681488037,0.4002428650856018,0.029046
55,49740.0,1031.0,50771.0,50771.0,0.9796931319060094,14.0,0.014,109.0,38840.0,59.0,50.0,6.0,8.0,25244.0,24496.0,505.0,764.0,295.0,36.0,38840.0,388.3999999999995,100.0,1000,0,1000,0.21514745918102562,891,0,0,0,0,0,0,3,0,0,0,0,0,0,0,0,56,0,0,0,0,0,0,0,0,0,0,0,0,0,0,0,50,1.3152521848678589,-0.013155313208699226,2.679731607437134,0.39473238587379456,0.029027999999999998
56,48840.0,697.0,49537.0,49537.0,0.9859297091063246,15.0,0.015,118.0,37040.0,65.0,53.0,0.0,15.0,24997.0,23843.0,257.0,674.0,0.0,126.0,37040.0,370.4000000000004,100.0,1000,0,1000,0.2161286659538746,882,0,0,0,0,0,0,1,0,0,0,0,0,0,0,0,64,0,1,0,0,0,0,0,0,0,0,0,0,0,0,0,52,1.2783379554748535,0.0071786437183618546,2.5636842250823975,0.3682478964328766,0.029009999999999998
57,48345.0,1192.0,49537.0,49537.0,0.9759371782707875,17.0,0.017,107.0,37645.0,57.0,50.0,5.0,12.0,25178.0,23167.0,179.0,171.0,0.0,629.0,37645.0,376.44999999999965,100.0,1000,0,1000,0.2150863748975098,893,0,0,0,0,0,0,1,0,0,0,0,0,0,0,0,56,0,1,0,0,0,0,0,0,0,0,0,0,0,0,0,49,2.0166125297546387,0.11000604927539825,3.8360016345977783,0.39301246404647827,0.028992
58,48884.0,1677.0,50561.0,50561.0,0.9668321433515951,28.0,0.028,106.0,38284.0,58.0,48.0,5.0,23.0,25012.0,23872.0,587.0,753.0,213.0,47.0,38284.0,382.8400000000007,100.0,1000,0,1000,0.2206468340009451,894,0,0,0,0,0,0,1,0,0,0,0,0,0,0,0,57,0,3,0,0,0,0,0,0,0,0,0,0,0,0,0,45,1.0089389085769653,-0.10795297473669052,2.256028175354004,0.38387012481689453,0.028974
59,49780.0,622.0,50402.0,50402.0,0.9876592198722273,10.0,0.01,113.0,38480.0,58.0,55.0,1.0,9.0,23877.0,25903.0,160.0,172.0,44.0,628.0,38480.0,384.7999999999999,100.0,1000,0,1000,0.21417904086411,887,0,0,0,0,0,0,0,0,0,0,0,0,0,0,0,58,0,1,0,0,0,0,0,0,0,0,0,0,0,0,0,54,1.0611566305160522,0.014964097179472446,2.120156764984131,0.479549765586853,0.028956
60,49624.0,218.0,49842.0,49842.0,0.9956261787247703,4.0,0.004,143.0,35324.0,60.0,83.0,1.0,3.0,23055.0,26569.0,620.0,427.0,180.0,373.0,35324.0,353.2399999999996,100.0,1000,0,1000,0.21542162518016994,857,0,0,0,0,0,0,1,0,0,0,0,0,0,0,0,59,0,4,0,0,0,0,0,0,0,36,0,0,0,0,0,43,1.8869506120681763,0.04779382795095444,3.7014591693878174,0.39991819858551025,0.028938
61,48485.0,1043.0,49528.0,49528.0,0.9789412049749636,17.0,0.017,129.0,35585.0,53.0,76.0,8.0,9.0,23795.0,24690.0,490.0,584.75,310.0,30.26953125,35585.0,355.8500000000003,100.0,1000,0,1000,0.2148507498204708,871,0,0,0,0,0,0,1,0,0,0,0,0,0,0,0,52,0,3,0,0,0,0,0,0,0,33,0,0,0,0,0,40,1.3073221445083618,-0.04034261405467987,2.7207720279693604,0.4398777484893799,0.028919999999999998
62,49557.0,663.0,50220.0,50220.0,0.9867980884109916,9.0,0.009,117.0,37857.0,51.0,66.0,5.0,4.0,24249.0,25308.0,709.0,241.0,91.0,559.0,37857.0,378.5700000000002,100.0,1000,0,1000,0.21955416700802743,883,0,0,0,0,0,0,1,0,0,0,0,0,0,0,0,50,0,2,0,0,0,0,0,0,0,15,0,0,0,0,0,49,1.6937555074691772,0.021226949989795685,3.366236686706543,0.36640602350234985,0.028902
63,48100.0,244.0,48344.0,48344.0,0.9949528379943736,5.0,0.005,117.0,36400.0,54.0,63.0,2.0,3.0,23548.0,24552.0,727.0,288.0,73.0,0.0,36400.0,364.00000000000017,100.0,1000,0,1000,0.21566383400931954,883,0,0,0,0,0,0,0,0,0,0,0,0,0,0,0,54,0,2,0,0,0,0,0,0,0,11,0,0,0,0,0,50,0.8434811234474182,-0.041631393134593964,1.7885493040084839,0.3172040283679962,0.028884
64,48474.0,1032.0,49506.0,49506.0,0.979154041934311,15.0,0.015,107.0,37774.0,52.0,55.0,10.0,5.0,24094.0,24380.0,225.0,504.0,57.0,296.0,37774.0,377.74000000000007,100.0,1000,0,1000,0.21490495814941823,893,0,0,0,0,0,0,1,0,0,0,0,0,0,0,0,51,0,5,0,0,0,0,0,0,0,7,0,0,0,0,0,43,1.549898624420166,0.039618730545043945,3.043658971786499,0.4001108705997467,0.028866
65,50476.0,1359.0,51835.0,51835.0,0.9737821934986013,18.0,0.018,113.0,39176.0,57.0,56.0,1.0,17.0,25069.0,25407.0,451.0,106.0,349.0,694.0,39176.0,391.7600000000001,100.0,1000,0,1000,0.2157513750717044,887,0,0,0,0,0,0,0,0,0,0,0,0,0,0,0,57,0,1,0,0,0,0,0,0,0,14,0,0,0,0,0,41,1.1009759902954102,-0.05847243592143059,2.3379125595092773,0.32958707213401794,0.028848
66,49335.0,952.0,50287.0,50287.0,0.9810686658579753,17.0,0.017,101.0,39235.0,51.0,50.0,9.0,8.0,24361.0,24974.0,388.0,281.0,412.0,519.0,39235.0,392.3499999999998,100.0,1000,0,1000,0.21438133320771158,899,0,0,0,0,0,0,1,0,0,0,0,0,0,0,0,50,0,1,0,0,0,0,0,0,0,7,0,0,0,0,0,42,1.488160252571106,-0.01623968407511711,3.030775547027588,0.38112714886665344,0.028829999999999998
67,48792.0,1296.0,50088.0,50088.0,0.9741255390512698,18.0,0.018,110.0,37792.0,59.0,51.0,9.0,9.0,24300.0,24492.0,485.0,207.875,0.0,592.125,37792.0,377.9199999999998,100.0,1000,0,1000,0.2207635419908911,890,0,0,0,0,0,0,1,0,0,0,0,0,0,0,0,58,0,1,0,0,0,0,0,0,0,7,0,0,0,0,0,43,1.2886286973953247,-0.008052543736994267,2.6139471530914307,0.3572228252887726,0.028811999999999997
68,49767.0,408.0,50175.0,50175.0,0.9918684603886397,6.0,0.006,102.0,39567.0,48.0,54.0,6.0,0.0,24972.0,24795.0,313.0,553.0,487.0,247.0,39567.0,395.66999999999996,100.0,1000,0,1000,0.21467741718515754,898,0,0,0,0,0,0,0,0,0,0,0,0,0,0,0,48,0,1,0,0,0,0,0,0,0,5,0,0,0,0,0,48,1.0275238752365112,-0.060677774250507355,2.2007639408111572,0.423016220331192,0.028794
69,48996.0,754.0,49750.0,49750.0,0.9848442211055276,13.0,0.013,116.0,37396.0,53.0,63.0,5.0,8.0,24162.0,24834.0,134.0,595.0,666.0,205.0,37396.0,373.9599999999995,100.0,1000,0,1000,0.21427979110740125,884,0,0,0,0,0,0,0,0,0,0,0,0,0,0,0,53,0,2,0,0,0,0,0,0,0,9,0,0,0,0,0,52,2.157428503036499,0.10666219145059586,4.127524375915527,0.451622873544693,0.028776
70,48590.0,1071.0,49661.0,49661.0,0.9784337810354201,14.0,0.014,120.0,36590.0,65.0,55.0,1.0,13.0,21992.0,26598.0,675.0,494.0,125.0,306.0,36590.0,365.90000000000015,100.0,1000,0,1000,0.21587720816023648,880,0,0,0,0,0,0,0,0,0,0,0,0,0,0,0,65,0,0,0,0,0,0,0,0,0,9,0,0,0,0,0,46,1.7504082918167114,0.000586016452871263,3.521840810775757,0.3859148919582367,0.028758
71,48570.0,1379.0,49949.0,49949.0,0.97239183967647,19.0,0.019,110.0,37570.0,56.0,54.0,1.0,18.0,24132.0,24438.0,416.0,566.0,384.0,0.0,37570.0,375.6999999999998,100.0,1000,0,1000,0.21506912494078279,890,0,0,0,0,0,0,1,0,0,0,0,0,0,0,0,55,0,1,0,0,0,0,0,0,0,4,0,0,0,0,0,49,2.201977014541626,0.07237978279590607,4.283402442932129,0.421160489320755,0.028739999999999998
72,51521.0,1521.0,53042.0,53042.0,0.9713246106858716,16.0,0.016,119.0,39621.0,67.0,52.0,4.0,12.0,26012.0,25509.0,363.0,455.0,437.0,345.0,39621.0,396.20999999999896,100.0,1000,0,1000,0.21938604209572077,881,0,0,0,0,0,0,0,0,0,0,0,0,0,0,0,67,0,2,0,0,0,0,0,0,0,1,0,0,0,0,0,49,1.0345649719238281,0.02792312018573284,2.0358664989471436,0.39312586188316345,0.028721999999999998
73,49502.0,266.0,49768.0,49768.0,0.9946552001285967,4.0,0.004,112.0,38302.0,57.0,55.0,1.0,3.0,24909.0,24593.0,645.0,469.0,155.0,331.0,38302.0,383.01999999999964,100.0,1000,0,1000,0.21769195888191462,888,0,0,0,0,0,0,0,0,0,0,0,0,0,0,0,57,0,0,0,0,0,0,0,0,0,5,0,1,0,0,0,49,0.6371195316314697,-0.06762118637561798,1.4295463562011719,0.3495138883590698,0.028704
74,50232.0,644.0,50876.0,50876.0,0.9873417721518988,10.0,0.01,116.0,38632.0,64.0,52.0,0.0,10.0,26112.0,24120.0,543.0,212.0,257.0,0.0,38632.0,386.3199999999996,100.0,1000,0,1000,0.21965075004845858,884,0,0,0,0,0,0,0,0,0,0,0,0,0,0,0,64,0,0,0,0,0,0,0,0,0,9,0,1,0,0,0,42,0.7631948590278625,0.00790148600935936,1.5314123630523682,0.36299246549606323,0.028686
75,49373.0,1128.0,50501.0,50501.0,0.9776638086374527,17.0,0.017,108.0,38573.0,62.0,46.0,4.0,13.0,24739.0,24634.0,514.0,759.0,286.0,41.0,38573.0,385.72999999999996,100.0,1000,0,1000,0.21568541717715561,892,0,0,1,0,0,0,1,0,0,0,0,0,0,0,0,60,0,0,0,0,0,0,0,0,0,6,0,0,0,0,0,40,0.6390523314476013,-0.07634114474058151,1.4564261436462402,0.4471747875213623,0.028668
76,50488.0,174.0,50662.0,50662.0,0.9965654731356836,3.0,0.003,112.0,39288.0,58.0,54.0,1.0,2.0,26444.0,24044.0,625.0,210.0,175.0,590.0,39288.0,392.87999999999954,100.0,1000,0,1000,0.22039083298295736,888,0,0,0,0,0,0,0,0,0,0,0,0,0,0,0,58,0,1,0,0,0,0,0,0,0,4,0,13,0,0,0,36,1.0367017984390259,-0.03002634458243847,2.158357620239258,0.434578537940979,0.02865
77,50182.0,186.0,50368.0,50368.0,0.9963071791613723,3.0,0.003,121.0,38082.0,61.0,60.0,0.0,3.0,25851.0,24331.0,709.0,461.875,91.0,0.0,38082.0,380.8200000000004,100.0,1000,0,1000,0.21475558285601437,879,0,0,0,0,0,0,0,0,0,0,0,0,0,0,0,61,0,0,0,0,0,0,0,0,0,7,0,8,0,0,0,45,0.8065624833106995,-0.019472166895866394,1.6741012334823608,0.3847426772117615,0.028631999999999998
78,50197.0,597.0,50794.0,50794.0,0.9882466433043273,10.0,0.01,115.0,38697.0,58.0,57.0,1.0,9.0,25469.0,24728.0,372.0,800.0,428.0,0.0,38697.0,386.9700000000002,100.0,1000,0,1000,0.21599604189395905,885,0,0,0,0,0,0,0,0,0,0,0,0,0,0,0,58,0,1,0,0,0,0,0,0,0,3,0,5,0,0,0,48,1.8090664148330688,0.014392414130270481,3.6112778186798096,0.3831994831562042,0.028614
79,47775.0,659.0,48434.0,48434.0,0.9863938555560143,4.0,0.004,112.0,36575.0,56.0,56.0,4.0,0.0,24198.0,23577.0,555.0,320.0,245.0,480.0,36575.0,365.7500000000008,100.0,1000,0,1000,0.21442379103973508,888,0,0,5,0,0,0,0,0,0,0,0,0,0,0,0,51,0,0,0,0,0,0,0,0,0,7,0,5,0,0,0,44,1.64149808883667,-0.05160706490278244,3.410709857940674,0.42837461829185486,0.028596
80,50120.0,817.0,50937.0,50937.0,0.9839605787541473,13.0,0.013,115.0,38620.0,53.0,62.0,10.0,3.0,25014.0,25106.0,538.0,517.0,262.0,283.0,38620.0,386.1999999999991,100.0,1000,0,1000,0.21641550003550947,885,0,0,3,0,0,0,1,0,0,0,0,0,0,0,0,49,0,0,0,0,0,0,0,0,0,8,0,3,0,0,0,51,0.8203020691871643,-0.07590524107217789,1.8169173002243042,0.4286969006061554,0.028578
81,50114.0,591.0,50705.0,50705.0,0.9883443447391776,9.0,0.009,114.0,38714.0,54.0,60.0,5.0,4.0,24840.0,25274.0,655.0,651.0,145.0,149.0,38714.0,387.13999999999953,100.0,1000,0,1000,0.21902029193006456,886,0,0,3,0,0,0,1,0,0,0,0,0,0,0,0,50,0,0,0,0,0,0,0,0,0,5,0,5,0,0,0,50,0.8717961311340332,-0.043656036257743835,1.8537194728851318,0.39942455291748047,0.02856
82,49611.0,219.0,49830.0,49830.0,0.9956050571944611,4.0,0.004,107.0,38911.0,54.0,53.0,4.0,0.0,24913.0,24698.0,215.0,531.0,51.0,269.0,38911.0,389.1100000000008,100.0,1000,0,1000,0.21926958300173283,893,0,0,4,0,0,0,0,0,0,0,0,0,0,0,0,50,0,0,0,0,0,0,0,0,0,5,0,2,0,0,0,46,0.7684962153434753,-0.02914907969534397,1.6185333728790283,0.407168447971344,0.028541999999999998
83,48667.0,484.0,49151.0,49151.0,0.9901527944497569,8.0,0.008,109.0,37767.0,54.0,55.0,1.0,7.0,23673.0,24994.0,417.0,369.0,0.0,431.0,37767.0,377.66999999999973,100.0,1000,0,1000,0.21941358409821987,891,0,0,4,0,0,0,0,0,0,0,0,0,0,0,0,50,0,0,0,0,0,0,0,0,0,6,0,0,0,0,0,49,1.1844063997268677,-0.011528861708939075,2.4105477333068848,0.32739442586898804,0.028523999999999997
84,49141.0,601.0,49742.0,49742.0,0.9879176551003176,11.0,0.011,99.0,39241.0,46.0,53.0,8.0,3.0,24122.0,25019.0,352.0,410.0,448.0,390.0,39241.0,392.40999999999974,100.0,1000,0,1000,0.21550691686570644,901,0,0,1,0,0,0,0,0,0,0,0,0,0,0,0,45,0,0,0,0,0,0,0,0,0,4,0,1,0,0,0,48,0.42261308431625366,-0.03668857365846634,0.9394556879997253,0.3657541275024414,0.028506
85,47919.0,1549.0,49468.0,49468.0,0.968686827848306,30.0,0.03,97.0,38219.0,42.0,55.0,15.0,15.0,22734.0,25185.0,707.0,367.0,93.0,433.0,38219.0,382.18999999999966,100.0,1000,0,1000,0.21393849980086088,903,0,0,2,0,0,0,0,0,0,0,0,0,0,0,0,40,0,0,0,0,0,0,0,0,0,8,0,1,0,0,0,46,1.4981151819229126,0.04947379231452942,2.9221394062042236,0.4362656772136688,0.028488
86,48318.0,993.0,49311.0,49311.0,0.9798625053233558,16.0,0.016,102.0,38118.0,50.0,52.0,12.0,4.0,24262.0,24056.0,279.0,532.0,521.0,268.0,38118.0,381.1800000000007,100.0,1000,0,1000,0.21551958308555186,898,1,0,0,0,0,0,0,0,0,0,0,0,0,0,0,49,0,0,0,0,0,0,0,0,0,4,0,1,0,0,0,47,0.8528738617897034,-0.050309550017118454,1.8276325464248657,0.3734762966632843,0.02847
87,48720.0,1444.0,50164.0,50164.0,0.9712144167131808,25.0,0.025,107.0,38020.0,48.0,59.0,19.0,6.0,24710.0,24010.0,358.0,565.0,442.0,235.0,38020.0,380.20000000000016,100.0,1000,0,1000,0.21543512493371964,893,0,0,0,0,0,0,2,0,0,0,0,0,0,0,0,46,0,0,2,0,0,0,0,0,0,3,0,5,0,0,0,49,0.8336428999900818,-0.03176489844918251,1.7554842233657837,0.43351298570632935,0.028451999999999998
88,48473.0,1071.0,49544.0,49544.0,0.9783828516066527,12.0,0.012,109.0,37573.0,47.0,62.0,9.0,3.0,23153.0,25320.0,517.0,558.0,283.0,242.0,37573.0,375.72999999999973,100.0,1000,0,1000,0.21989912493154407,891,0,0,0,0,0,0,0,0,0,0,0,0,0,0,0,47,0,0,0,0,0,0,0,0,0,2,0,3,0,0,0,57,1.3488131761550903,-0.005586463958024979,2.7331702709198,0.4285537600517273,0.028433999999999997
89,49084.0,504.0,49588.0,49588.0,0.9898362507058159,10.0,0.01,120.0,37084.0,52.0,68.0,6.0,4.0,23938.0,25146.0,599.0,421.0,201.0,379.0,37084.0,370.8399999999997,100.0,1000,0,1000,0.21459995908662677,880,0,0,2,0,0,0,3,0,0,0,0,0,0,0,0,47,0,0,0,0,0,0,0,0,0,8,0,12,0,0,0,48,1.2503408193588257,0.030364496633410454,2.4678616523742676,0.4910781979560852,0.028416
90,50712.0,193.0,50905.0,50905.0,0.9962086239072783,3.0,0.003,129.0,37812.0,56.0,73.0,2.0,1.0,24968.0,25744.0,415.0,745.0,0.0,55.0,37812.0,378.1200000000002,100.0,1000,0,1000,0.21542812488041818,871,0,0,1,0,3,0,0,0,0,0,0,0,0,0,0,52,0,1,0,0,0,0,0,0,0,5,0,13,0,0,0,54,1.6809642314910889,0.008065242320299149,3.371114730834961,0.44574758410453796,0.028398
91,49001.0,646.0,49647.0,49647.0,0.9869881362418675,12.0,0.012,116.0,37401.0,49.0,67.0,6.0,6.0,23408.0,25593.0,722.0,549.0,78.0,251.0,37401.0,374.00999999999976,100.0,1000,0,1000,0.2194066671654582,884,0,0,1,0,4,0,0,0,0,0,0,0,0,0,0,44,0,1,2,0,0,0,0,0,0,2,0,15,0,0,0,47,0.2780824601650238,-0.06819024682044983,0.7146555185317993,0.3895363509654999,0.02838
92,49156.0,1095.0,50251.0,50251.0,0.9782093888678832,18.0,0.018,116.0,37556.0,54.0,62.0,14.0,4.0,23483.0,25673.0,556.0,358.0,244.0,111.0,37556.0,375.5599999999993,100.0,1000,0,1000,0.2200894160196185,884,0,0,4,0,5,0,1,0,0,0,0,0,0,0,0,44,0,0,0,0,0,0,0,0,0,2,0,7,0,0,0,53,0.6963222026824951,-0.07519310712814331,1.565125823020935,0.38952070474624634,0.028362
93,47658.0,1461.0,49119.0,49119.0,0.970255909118671,14.0,0.014,99.0,37758.0,45.0,54.0,11.0,3.0,23908.0,23750.0,353.0,492.0,447.0,308.0,37758.0,377.58000000000015,100.0,1000,1,999,0.21497370884753764,901,0,0,0,0,6,0,0,0,0,0,0,0,0,0,0,39,0,1,0,0,0,0,0,0,0,3,0,3,0,0,0,47,1.0367927551269531,-0.004465219099074602,2.1057965755462646,0.4106810986995697,0.028343999999999998
94,49161.0,875.0,50036.0,50036.0,0.9825125909345271,15.0,0.015,112.0,37961.0,50.0,62.0,11.0,4.0,24193.0,24968.0,571.0,377.0,229.0,423.0,37961.0,379.6099999999999,100.0,1000,0,1000,0.21931541711091995,888,0,0,3,0,1,0,2,0,0,0,0,0,0,0,0,44,0,1,1,0,0,0,0,0,0,2,0,6,3,0,0,49,1.3185617923736572,0.013714401051402092,2.639542579650879,0.5268620848655701,0.028326
95,49709.0,856.0,50565.0,50565.0,0.9830712943735785,15.0,0.015,132.0,36509.0,50.0,82.0,9.0,6.0,24702.0,25007.0,624.0,16.310787200927734,176.0,39.0,36509.0,365.0900000000001,100.0,1000,0,1000,0.22204366698861122,868,0,0,3,0,2,0,1,0,0,0,0,0,0,0,0,44,0,0,1,0,0,0,0,0,0,0,0,8,44,0,0,29,0.4759330749511719,-0.04735669866204262,1.0731438398361206,0.46920084953308105,0.028308
96,48191.0,1783.0,49974.0,49974.0,0.9643214471525193,32.0,0.032,124.0,35791.0,41.0,83.0,30.0,2.0,22439.0,25752.0,303.0,383.5786429643631,497.0,120.32900444418192,35791.0,357.90999999999985,100.0,1000,0,1000,0.21421245811507106,876,0,0,6,0,1,0,0,0,0,0,0,0,0,0,0,34,0,0,0,0,0,0,0,0,0,2,0,6,36,0,0,39,1.947635293006897,0.08480855822563171,3.7552170753479004,0.5225129127502441,0.02829
97,48499.0,1282.0,49781.0,49781.0,0.9742472027480364,22.0,0.022,126.0,35899.0,46.0,80.0,15.0,7.0,23032.0,25467.0,500.0,112.0,300.0,0.0,35899.0,358.98999999999995,100.0,1000,0,1000,0.21944858389906585,874,0,0,5,0,0,0,1,4,0,0,0,0,0,0,0,36,0,1,0,0,0,0,0,0,0,5,0,6,23,0,0,45,1.6680638790130615,0.004850770812481642,3.35491681098938,0.5038630962371826,0.028272
98,49293.0,558.0,49851.0,49851.0,0.9888066437985196,10.0,0.01,121.0,37193.0,48.0,73.0,10.0,0.0,25057.0,24236.0,569.0,611.0,231.0,189.0,37193.0,371.92999999999984,100.0,1000,0,1000,0.21604079101234674,879,0,0,2,0,2,0,0,0,0,0,0,0,0,0,0,44,0,0,0,0,0,0,0,0,0,4,0,6,15,0,0,48,0.7493590116500854,-0.01547118928283453,1.553956389427185,0.42995795607566833,0.028253999999999998
99,48871.0,1038.0,49909.0,49909.0,0.9792021479091947,20.0,0.02,115.0,37371.0,47.0,68.0,20.0,0.0,24512.0,24359.0,364.0,458.0,436.0,342.0,37371.0,373.7099999999997,100.0,1000,0,1000,0.21972329099662602,885,0,0,5,0,0,0,1,1,0,0,0,0,0,0,0,40,0,0,0,0,0,0,0,0,0,2,0,3,17,0,0,46,1.1016618013381958,0.0012938508298248053,2.2269201278686523,0.4636673033237457,0.028236
100,49634.0,286.0,49920.0,49920.0,0.9942708333333333,6.0,0.006,121.0,37534.0,57.0,64.0,5.0,1.0,25518.0,24116.0,350.0,768.0,450.0,32.0,37534.0,375.3400000000005,100.0,1000,0,1000,0.21555879106745124,879,0,0,4,0,2,0,0,0,0,0,0,0,0,0,0,51,0,0,1,0,0,0,0,0,0,0,0,5,16,0,0,42,0.8301944136619568,0.01411513239145279,1.6571073532104492,0.4420737326145172,0.028218
101,49782.0,520.0,50302.0,50302.0,0.9896624388692299,10.0,0.01,119.0,37882.0,51.0,68.0,7.0,3.0,26060.0,23722.0,495.0,399.0,305.0,0.0,37882.0,378.8200000000004,100.0,1000,0,1000,0.21397370914928615,881,0,0,1,0,2,0,0,0,0,0,0,2,0,0,0,46,0,0,0,0,0,0,0,0,0,5,0,2,7,0,0,54,0.32277223467826843,-0.075389064848423,0.8220641016960144,0.45641010999679565,0.0282
102,50370.0,1339.0,51709.0,51709.0,0.9741050880891141,18.0,0.018,116.0,38770.0,53.0,63.0,12.0,6.0,25296.0,25074.0,502.8125,558.0,297.1875,242.0,38770.0,387.69999999999953,100.0,1000,0,1000,0.21517433295957744,884,0,0,3,0,0,0,1,1,0,0,0,5,0,0,0,43,0,0,0,0,0,0,0,0,0,1,0,2,13,0,0,47,0.8389228582382202,-0.08520109206438065,1.87228524684906,0.4264661967754364,0.028182
103,48431.0,1684.0,50115.0,50115.0,0.9663972862416442,18.0,0.018,112.0,37231.0,46.0,66.0,13.0,5.0,22895.0,25536.0,21.125,597.0,0.0,203.0,37231.0,372.31000000000006,100.0,1000,0,1000,0.21387670887634158,888,0,0,1,0,0,0,0,0,0,0,0,7,0,0,0,38,0,0,0,0,0,0,0,0,0,3,0,5,13,0,0,45,1.1676766872406006,-0.014829134568572044,2.3891024589538574,0.42768868803977966,0.028163999999999998
104,48103.0,861.0,48964.0,48964.0,0.9824156523159873,14.0,0.014,109.0,37203.0,47.0,62.0,10.0,4.0,24637.0,23466.0,462.0,525.390625,338.0,274.609375,37203.0,372.0299999999992,100.0,1000,0,1000,0.2151929580140859,891,0,0,0,0,1,0,1,0,0,0,0,1,0,0,0,44,0,0,0,0,0,0,0,0,0,4,0,2,13,0,0,43,0.47614821791648865,-0.05960332602262497,1.095890760421753,0.43323445320129395,0.028145999999999997
105,49602.0,1444.0,51046.0,51046.0,0.9717117893664537,17.0,0.017,108.0,38802.0,54.0,54.0,13.0,4.0,25509.0,24093.0,732.0,586.0,68.0,214.0,38802.0,388.0200000000003,100.0,1000,0,1000,0.2147302918601781,892,0,0,3,0,0,0,1,0,0,0,0,3,0,0,0,47,0,0,0,0,0,0,0,0,0,4,0,2,5,0,0,43,0.523664116859436,-0.08141746371984482,1.2346084117889404,0.43453750014305115,0.028128
106,48703.0,866.0,49569.0,49569.0,0.9825294034578063,16.0,0.016,106.0,38103.0,47.0,59.0,7.0,9.0,22923.0,25780.0,529.0,800.0,271.0,0.0,38103.0,381.03000000000037,100.0,1000,1,999,0.22008958389051259,894,0,0,2,0,0,0,0,0,0,0,0,2,0,0,0,43,0,0,1,0,0,0,0,0,0,2,0,1,4,0,0,51,0.9572930335998535,-0.001439570914953947,1.9399651288986206,0.4002129137516022,0.02811
107,48491.0,1062.0,49553.0,49553.0,0.9785684015094949,18.0,0.018,110.0,37491.0,49.0,61.0,10.0,8.0,23655.0,24836.0,332.0,601.625,468.0,198.375,37491.0,374.9100000000001,100.0,1000,0,1000,0.21960595808923244,890,0,0,1,0,0,0,0,2,0,0,0,6,0,0,0,40,0,0,0,0,0,0,0,0,0,0,0,1,10,0,0,50,1.1272683143615723,0.04306172952055931,2.1882574558258057,0.3532019555568695,0.028092
108,49146.0,1097.0,50243.0,50243.0,0.9781661126923153,21.0,0.021,100.0,39146.0,50.0,50.0,11.0,10.0,24971.0,24175.0,501.0,324.0,299.0,476.0,39146.0,391.46000000000026,100.0,1000,0,1000,0.21953212516382337,900,0,0,1,0,1,0,0,1,0,0,0,1,0,0,0,46,0,0,0,0,0,0,0,1,0,1,0,4,2,0,0,42,0.40856197476387024,-0.09852168709039688,1.037696123123169,0.4190501868724823,0.028073999999999998
109,50700.0,1510.0,52210.0,52210.0,0.9710783374832408,17.0,0.017,106.0,40100.0,53.0,53.0,7.0,10.0,26090.0,24610.0,570.0,19.25,230.0,194.328125,40100.0,401.0000000000004,100.0,1000,0,1000,0.2148865000344813,894,0,0,0,0,0,0,0,0,0,0,4,5,0,0,0,44,0,0,0,0,0,0,0,0,0,2,0,3,2,0,0,46,1.6419966220855713,-0.02348189800977707,3.3530433177948,0.3936132788658142,0.028055999999999998
110,47984.0,2080.0,50064.0,50064.0,0.95845317992969,33.0,0.033,97.0,38284.0,43.0,54.0,14.0,19.0,21353.0,26631.0,529.0,242.0,271.0,558.0,38284.0,382.84000000000026,100.0,1000,0,1000,0.2192453749012202,903,0,0,0,0,0,0,2,0,0,0,2,1,0,0,0,38,0,0,0,0,0,0,0,0,0,3,0,3,2,0,0,46,0.995023250579834,-0.1022086963057518,2.2225992679595947,0.5017345547676086,0.028038
111,49602.0,294.0,49896.0,49896.0,0.9941077441077442,6.0,0.006,116.0,38002.0,60.0,56.0,6.0,0.0,24800.0,24802.0,372.0,588.0,0.0,212.0,38002.0,380.02,100.0,1000,0,1000,0.21480304189026356,884,0,0,3,0,0,0,0,0,0,0,10,5,0,0,0,42,0,0,1,0,0,0,0,0,0,0,0,2,3,0,0,50,1.2861558198928833,0.015093140304088593,2.5612082481384277,0.3405205309391022,0.02802
112,46625.0,1646.0,48271.0,48271.0,0.9659008514428953,16.0,0.016,101.0,36525.0,51.0,50.0,10.0,6.0,22759.0,23866.0,578.421875,338.0,221.578125,462.0,36525.0,365.25000000000017,100.0,1000,1,999,0.21952324989251792,899,0,0,0,0,0,0,0,1,0,0,12,3,0,0,0,35,0,0,0,0,0,0,0,0,0,1,0,2,1,0,0,46,2.3101794719696045,0.0775599554181099,4.487531661987305,0.3980511724948883,0.028002
113,49298.0,1599.0,50897.0,50897.0,0.968583610035955,18.0,0.018,104.0,38898.0,53.0,51.0,13.0,5.0,24952.0,24346.0,731.0,545.625,69.0,254.375,38898.0,388.98000000000025,100.0,1000,0,1000,0.21884870808571577,896,0,0,0,0,0,0,2,0,0,0,9,0,0,0,0,42,0,1,0,0,0,0,0,0,0,1,0,1,3,0,0,45,1.0886651277542114,-0.021993033587932587,2.2429094314575195,0.38581177592277527,0.027984
114,48576.0,1086.0,49662.0,49662.0,0.9781321734928115,14.0,0.014,101.0,38476.0,53.0,48.0,3.0,11.0,24050.0,24526.0,155.0,683.0,645.0,117.0,38476.0,384.76,100.0,1000,0,1000,0.21463320800103247,899,0,0,0,0,0,0,0,0,0,0,12,2,0,0,0,39,0,0,0,0,0,0,0,0,0,0,0,1,0,0,0,47,1.2299933433532715,-0.0059431628324091434,2.4930601119995117,0.37880057096481323,0.027965999999999998
115,49456.0,731.0,50187.0,50187.0,0.9854344750632634,13.0,0.013,102.0,39256.0,48.0,54.0,5.0,8.0,24941.0,24515.0,324.0,478.0,476.0,0.0,39256.0,392.55999999999966,100.0,1000,0,1000,0.21968399989418685,898,0,0,0,0,0,0,1,0,0,0,6,1,0,0,0,40,0,0,1,0,0,0,0,0,0,2,0,3,0,0,0,48,0.9898713231086731,-0.023546772077679634,2.054006814956665,0.48609042167663574,0.027948
116,49260.0,1298.0,50558.0,50558.0,0.9743265160805411,24.0,0.024,113.0,37960.0,54.0,59.0,14.0,10.0,24206.0,25054.0,483.0,596.0,317.0,204.0,37960.0,379.60000000000014,100.0,1000,0,1000,0.2142209578305483,887,0,0,3,0,1,0,1,0,0,0,8,2,0,0,0,39,0,1,0,0,0,0,0,0,0,1,0,3,4,4,0,46,1.5483373403549194,0.026677895337343216,3.0761992931365967,0.5886179208755493,0.02793
117,50645.0,747.0,51392.0,51392.0,0.9854646637608966,11.0,0.011,127.0,37945.0,59.0,68.0,5.0,6.0,26223.0,24422.0,12.0,670.375,32.0,129.625,37945.0,379.4499999999991,100.0,1000,0,1000,0.21911995788104832,873,0,0,0,0,1,0,1,0,0,0,10,1,0,0,0,46,0,0,0,0,0,0,0,0,0,1,0,3,1,24,0,39,1.6292067766189575,-0.011628908105194569,3.310626268386841,0.5186851024627686,0.027912
118,49734.0,708.0,50442.0,50442.0,0.985964077554419,12.0,0.012,122.0,37534.0,55.0,67.0,4.0,8.0,26052.0,23682.0,136.0,737.0,664.0,63.0,37534.0,375.34000000000003,100.0,1000,0,1000,0.21470458316616714,878,0,0,1,0,0,0,0,0,0,0,8,0,0,0,0,46,0,0,1,0,0,0,0,1,0,4,0,2,0,13,0,46,1.2517551183700562,0.02851071022450924,2.4743523597717285,0.4994529187679291,0.027894
119,49686.0,518.0,50204.0,50204.0,0.9896820970440602,7.0,0.007,125.0,37186.0,57.0,68.0,3.0,4.0,25082.0,24604.0,605.0,537.0,195.0,263.0,37186.0,371.8599999999998,100.0,1000,0,1000,0.22017100010998547,875,0,0,0,0,1,0,1,0,0,0,6,2,0,0,0,47,0,1,0,0,0,0,0,1,0,1,0,1,1,19,0,44,1.7350653409957886,0.09084216505289078,3.316973924636841,0.5116835832595825,0.027875999999999998
120,49800.0,1112.0,50912.0,50912.0,0.9781583909490886,21.0,0.021,127.0,37100.0,58.0,69.0,4.0,17.0,24283.0,25517.0,614.0,346.875,186.0,0.0,37100.0,371.0000000000003,100.0,1000,0,1000,0.21469008293934166,873,0,0,2,0,1,0,0,0,0,1,11,3,0,0,0,40,0,2,0,0,0,0,0,2,0,4,0,0,1,20,0,40,2.2009732723236084,0.1438768208026886,4.152594089508057,0.6892339587211609,0.027857999999999997
121,51127.0,860.0,51987.0,51987.0,0.9834574028122415,8.0,0.008,151.0,36027.0,85.0,66.0,3.0,5.0,25104.0,26023.0,316.875,524.0,483.125,276.0,36027.0,360.2700000000003,100.0,1000,0,1000,0.2151597908232361,849,0,0,2,0,0,0,0,0,0,39,3,2,0,0,0,39,0,1,0,0,0,0,0,0,0,0,0,0,1,16,0,48,1.3115357160568237,0.004952151328325272,2.648712158203125,0.6383800506591797,0.02784
122,50084.0,400.0,50484.0,50484.0,0.9920766975675461,7.0,0.007,134.0,36684.0,69.0,65.0,7.0,0.0,25441.0,24643.0,577.0,581.0,0.0,219.0,36684.0,366.84000000000015,100.0,1000,0,1000,0.21983716706745327,866,0,0,0,0,0,0,0,0,0,21,7,2,0,0,0,39,0,0,0,0,0,0,0,0,0,4,0,3,1,16,0,41,1.2599509954452515,0.05679318681359291,2.4368185997009277,0.5481816530227661,0.027822
123,49670.0,370.0,50040.0,50040.0,0.9926059152677857,5.0,0.005,124.0,37270.0,65.0,59.0,1.0,4.0,23925.0,25745.0,665.0,632.0,135.0,168.0,37270.0,372.7000000000006,100.0,1000,0,1000,0.22256804211065173,876,0,0,0,0,0,0,1,2,0,14,13,2,0,0,0,33,0,0,1,0,0,0,0,0,0,1,0,1,2,13,0,41,0.961556077003479,-0.025020785629749298,2.003021240234375,0.537108838558197,0.027804
124,50347.0,1161.0,51508.0,51508.0,0.9774598120680282,16.0,0.016,123.0,38047.0,68.0,55.0,8.0,8.0,26660.0,23687.0,314.75,673.0,485.25,63.0,38047.0,380.47000000000014,100.0,1000,0,1000,0.22034045797772706,877,0,0,1,0,0,0,0,0,0,14,6,2,0,0,0,45,0,0,1,0,0,0,0,0,0,0,0,1,2,11,0,40,0.5447261333465576,-0.05616583675146103,1.2365827560424805,0.6261934041976929,0.027785999999999998
125,48794.0,569.0,49363.0,49363.0,0.9884731479043007,5.0,0.005,139.0,34894.0,76.0,63.0,2.0,3.0,25534.0,23260.0,777.0,439.0,23.0,361.0,34894.0,348.93999999999977,100.0,1000,0,1000,0.21479441691190004,861,0,0,2,0,0,0,0,0,6,18,3,3,0,0,0,44,0,0,0,0,0,0,0,1,0,0,0,3,3,24,0,32,0.9209921956062317,-0.047914840281009674,1.9700253009796143,0.5800055265426636,0.027767999999999998
126,49057.0,726.0,49783.0,49783.0,0.9854167085149549,12.0,0.012,129.0,36157.0,63.0,66.0,5.0,7.0,25258.0,23799.0,491.0,600.0,309.0,200.0,36157.0,361.5699999999998,100.0,1000,0,1000,0.21509516681544483,871,0,0,0,0,0,0,0,0,13,6,6,2,0,0,0,36,0,0,0,0,0,0,0,0,0,0,0,2,3,26,0,35,0.9111882448196411,-0.011407165788114071,1.8789122104644775,0.6075931191444397,0.02775
127,47554.0,1024.0,48578.0,48578.0,0.978920498991313,16.0,0.016,127.0,34854.0,75.0,52.0,3.0,13.0,23591.0,23963.0,544.0,359.0,256.0,441.0,34854.0,348.54000000000025,100.0,1000,0,1000,0.21932045905850828,873,0,0,0,0,0,0,0,0,12,8,8,10,0,0,0,37,0,0,0,0,0,0,0,1,0,0,0,1,2,11,0,37,0.5078640580177307,-0.141687273979187,1.333866000175476,0.6267726421356201,0.027732
128,47833.0,1659.0,49492.0,49492.0,0.9664794310191546,11.0,0.011,140.0,33833.0,77.0,63.0,4.0,7.0,23503.0,24330.0,447.64283561706543,689.0,132.13393664360046,111.0,33833.0,338.32999999999953,100.0,1000,0,1000,0.21523812506347895,860,0,0,0,0,0,0,1,0,12,10,10,9,0,0,0,35,0,0,0,0,0,0,0,1,0,2,0,0,2,16,0,42,0.6007348895072937,-0.0435447134077549,1.3189557790756226,0.5483978986740112,0.027714
129,48850.0,748.0,49598.0,49598.0,0.9849187467236582,10.0,0.01,128.0,36050.0,63.0,65.0,4.0,6.0,23229.0,25621.0,396.25,670.0,403.75,130.0,36050.0,360.50000000000057,100.0,1000,0,1000,0.21936029195785522,872,0,0,1,0,0,0,0,0,11,9,4,3,0,0,0,35,0,0,0,0,0,0,0,1,0,0,0,5,1,19,0,39,1.373645544052124,0.04801281914114952,2.68328595161438,0.5780730247497559,0.027696
130,48597.0,813.0,49410.0,49410.0,0.9835458409228901,7.0,0.007,132.0,35397.0,78.0,54.0,2.0,5.0,23732.0,24865.0,487.0,776.0,313.0,24.0,35397.0,353.9700000000003,100.0,1000,1,999,0.21375633287243545,868,0,0,1,0,0,0,0,0,13,10,5,11,1,0,0,37,0,1,0,0,0,0,0,0,0,1,0,1,2,12,0,37,1.1584062576293945,-0.05743381753563881,2.4606668949127197,0.5236433148384094,0.027677999999999998
131,47420.0,1606.0,49026.0,49026.0,0.9672418716599356,19.0,0.019,123.0,35120.0,72.0,51.0,8.0,11.0,25451.0,21969.0,743.0,488.0,57.0,312.0,35120.0,351.2000000000002,100.0,1000,0,1000,0.21955700009129941,877,0,0,0,0,1,0,1,0,8,9,8,5,2,0,0,38,0,0,0,0,0,0,0,0,0,1,0,1,0,11,0,38,1.117533564567566,-0.03490733727812767,2.3313286304473877,0.4780699610710144,0.027659999999999997
132,48143.0,1117.0,49260.0,49260.0,0.9773244011368251,14.0,0.014,120.0,36143.0,65.0,55.0,3.0,11.0,23522.0,24621.0,408.421875,428.0,391.578125,372.0,36143.0,361.4299999999996,100.0,1000,0,1000,0.21379908313974738,880,0,0,1,0,1,0,0,0,7,6,6,3,2,0,0,39,0,0,0,0,0,0,0,0,0,3,0,0,2,7,0,43,0.7756750583648682,-0.0529835969209671,1.6854594945907593,0.5090481042861938,0.027642
133,47086.0,1329.0,48415.0,48415.0,0.972549829598265,18.0,0.018,116.0,35486.0,54.0,62.0,4.0,14.0,23687.0,23399.0,379.0,430.2353515625,421.0,369.7646484375,35486.0,354.8599999999993,100.0,1000,0,1000,0.2150590419769287,884,0,0,0,0,0,0,0,0,3,4,4,3,2,0,0,38,0,0,0,0,0,0,0,1,0,2,0,1,2,14,0,42,0.4906149208545685,-0.038117263466119766,1.0834373235702515,0.47011449933052063,0.027624
134,48381.0,842.0,49223.0,49223.0,0.982894175487069,15.0,0.015,116.0,36781.0,57.0,59.0,2.0,13.0,22296.0,26085.0,304.0,773.0,496.0,27.0,36781.0,367.8100000000003,100.0,1000,0,1000,0.21912920800969005,884,0,0,0,0,0,0,1,0,4,7,1,2,1,0,0,41,0,0,0,0,0,0,0,1,0,0,0,0,0,6,0,52,0.4004955589771271,-0.08412087708711624,0.997340738773346,0.5090904831886292,0.027606
135,50347.0,774.0,51121.0,51121.0,0.984859451106199,16.0,0.016,131.0,37247.0,64.0,67.0,1.0,15.0,25253.0,25094.0,678.0,460.0,122.0,340.0,37247.0,372.4699999999996,100.0,1000,0,1000,0.21548500005155802,869,0,0,1,0,0,0,1,1,3,7,4,0,0,0,0,47,0,0,0,0,0,0,0,0,0,1,0,1,2,21,0,42,0.7960513234138489,-0.01681588776409626,1.650794506072998,0.45418494939804077,0.027587999999999998
136,48344.0,829.0,49173.0,49173.0,0.9831411546987168,7.0,0.007,116.0,36744.0,57.0,59.0,4.0,3.0,23971.0,24373.0,361.0,596.125,439.0,203.875,36744.0,367.4399999999992,100.0,1000,0,1000,0.2192843749653548,884,0,0,0,0,0,0,0,0,1,4,5,6,1,0,0,40,0,0,0,0,0,0,0,0,0,1,0,1,1,7,0,49,0.5062428116798401,-0.09633450210094452,1.2302454710006714,0.45503848791122437,0.027569999999999997
137,51553.0,859.0,52412.0,52412.0,0.983610623521331,12.0,0.012,112.0,40353.0,52.0,60.0,4.0,8.0,25345.0,26208.0,248.0,667.0,552.0,133.0,40353.0,403.53000000000054,100.0,1000,0,1000,0.21383633301593363,888,0,0,0,0,0,0,0,0,2,2,2,0,0,0,0,46,0,0,0,0,0,0,0,1,0,0,0,1,0,4,0,54,0.9651325345039368,-0.034248236566782,2.0254948139190674,0.4851418733596802,0.027552
138,49708.0,331.0,50039.0,50039.0,0.9933851595755311,6.0,0.006,122.0,37508.0,64.0,58.0,1.0,5.0,24659.0,25049.0,614.0,643.0,186.0,157.0,37508.0,375.08,100.0,1000,0,1000,0.21501291682943702,878,0,0,1,0,1,0,2,0,5,5,1,2,0,0,0,47,0,0,0,0,0,0,0,0,0,0,0,0,3,9,0,46,1.014034390449524,0.03882530704140663,1.972426176071167,0.399652361869812,0.027534
139,46990.0,1607.0,48597.0,48597.0,0.966932115151141,22.0,0.022,108.0,36190.0,54.0,54.0,7.0,15.0,23967.0,23023.0,765.0,561.0,35.0,34.0,36190.0,361.89999999999947,100.0,1000,0,1000,0.22074412484653294,892,0,0,0,0,0,0,0,0,3,2,2,4,0,0,0,43,0,0,0,0,0,0,0,0,0,0,0,0,3,12,0,39,1.299323320388794,-0.05071562901139259,2.723339796066284,0.42269498109817505,0.027516
140,48910.0,1243.0,50153.0,50153.0,0.9752158395310351,21.0,0.021,110.0,37910.0,57.0,53.0,3.0,18.0,24039.0,24871.0,239.0,537.25,217.5,262.75,37910.0,379.09999999999945,100.0,1000,0,1000,0.21913158404640853,890,0,0,0,0,0,0,0,0,3,4,1,5,0,0,0,44,0,0,0,0,0,0,0,1,0,1,0,3,0,13,0,35,0.9856970906257629,0.030743055045604706,1.9317173957824707,0.39656132459640503,0.027497999999999998
141,48727.0,1078.0,49805.0,49805.0,0.978355586788475,17.0,0.017,100.0,38727.0,52.0,48.0,8.0,9.0,24276.0,24451.0,623.6875,282.0,176.3125,518.0,38727.0,387.2700000000003,100.0,1000,0,1000,0.21454854193143547,900,0,0,0,0,0,0,0,0,3,2,2,1,4,0,0,40,0,0,0,0,0,0,0,0,0,0,0,2,0,8,0,38,0.7682032585144043,0.04537222534418106,1.471859097480774,0.47665679454803467,0.027479999999999997
142,48050.0,858.0,48908.0,48908.0,0.9824568577737793,12.0,0.012,106.0,37450.0,54.0,52.0,6.0,6.0,24223.0,23827.0,500.0,346.0,300.0,0.0,37450.0,374.49999999999994,100.0,1000,1,999,0.2196919999551028,894,0,0,0,0,0,0,0,0,1,4,4,0,1,0,0,44,0,0,0,0,0,0,0,0,0,1,0,0,0,7,0,44,1.3217265605926514,-0.004165542311966419,2.674833059310913,0.4196487367153168,0.027462
143,49060.0,368.0,49428.0,49428.0,0.9925548272234361,7.0,0.007,102.0,38860.0,51.0,51.0,0.0,7.0,24600.0,24460.0,226.0,548.0,574.0,252.0,38860.0,388.60000000000014,100.0,1000,0,1000,0.21493000001646578,898,0,0,0,0,0,0,0,0,3,0,1,2,1,0,0,44,0,0,0,0,0,0,0,0,0,1,0,1,0,6,0,43,1.3830269575119019,0.05018053203821182,2.6871559619903564,0.39103662967681885,0.027444
144,49113.0,1221.0,50334.0,50334.0,0.9757420431517463,15.0,0.015,109.0,38213.0,57.0,52.0,9.0,6.0,24744.0,24369.0,548.0,719.0,252.0,81.0,38213.0,382.1299999999999,100.0,1000,0,1000,0.21467324998229742,891,0,0,0,0,0,0,1,1,3,1,0,1,0,0,0,50,0,0,0,0,0,0,0,0,0,0,0,1,0,7,0,44,1.2472999095916748,0.006658629979938269,2.5003409385681152,0.34745118021965027,0.027426
145,49332.0,1579.0,50911.0,50911.0,0.9689850916304924,23.0,0.023,110.0,38332.0,54.0,56.0,4.0,19.0,23036.0,26296.0,698.0,446.0,102.0,354.0,38332.0,383.3199999999998,100.0,1000,0,1000,0.21512091695331037,890,0,0,0,0,0,0,0,0,1,1,0,0,0,0,0,52,0,0,0,0,0,0,0,0,0,2,0,2,3,12,0,37,0.526256263256073,-0.072036512196064,1.2236015796661377,0.49284929037094116,0.027408
146,49057.0,687.0,49744.0,49744.0,0.9861892891605017,12.0,0.012,119.0,37157.0,54.0,65.0,3.0,9.0,23887.0,25170.0,133.0,800.0,0.0,0.0,37157.0,371.5699999999997,100.0,1000,0,1000,0.21921870787627995,881,0,0,0,0,0,0,1,0,2,3,1,1,0,0,0,46,0,0,0,0,0,0,0,0,0,1,0,1,2,12,0,49,1.2908897399902344,0.00960773415863514,2.5843379497528076,0.39748087525367737,0.027389999999999998
147,49891.0,284.0,50175.0,50175.0,0.9943398106626806,5.0,0.005,117.0,38191.0,56.0,61.0,2.0,3.0,23764.0,26127.0,580.0,576.0,220.0,0.0,38191.0,381.90999999999974,100.0,1000,0,1000,0.2138431661296636,883,0,0,0,0,0,0,0,0,2,0,1,0,1,0,0,52,0,0,0,0,0,0,0,0,0,1,0,1,0,9,0,50,0.6289474368095398,-0.07498453557491302,1.4283831119537354,0.3748188316822052,0.027372
148,48344.0,383.0,48727.0,48727.0,0.9921398813799331,7.0,0.007,103.0,38044.0,51.0,52.0,1.0,6.0,23211.0,25133.0,522.0,469.0,278.0,331.0,38044.0,380.43999999999994,100.0,1000,0,1000,0.21524758310988545,897,0,0,0,0,0,0,0,0,2,1,2,3,0,0,0,43,0,0,0,0,0,0,0,0,0,0,0,0,0,5,0,47,0.7916194200515747,0.00942426547408104,1.5860987901687622,0.3968062996864319,0.027354
149,48789.0,1437.0,50226.0,50226.0,0.9713893202723689,15.0,0.015,106.0,38189.0,52.0,54.0,7.0,8.0,24225.0,24564.0,561.0,341.8125,239.0,0.0,38189.0,381.8900000000001,100.0,1000,0,1000,0.21936083305627108,894,0,0,0,0,0,0,0,0,1,5,1,1,0,0,0,44,0,0,0,0,0,0,0,0,0,2,0,1,3,13,0,35,1.3681230545043945,0.006429285742342472,2.7456276416778564,0.40679240226745605,0.027336
150,49073.0,583.0,49656.0,49656.0,0.9882592234573868,9.0,0.009,108.0,38273.0,53.0,55.0,3.0,6.0,23988.0,25085.0,603.0,235.0,197.0,565.0,38273.0,382.7299999999999,100.0,1000,0,1000,0.21987762488424778,892,0,0,0,0,0,0,0,0,1,3,1,1,0,0,0,47,0,0,0,0,0,0,0,1,0,1,0,2,0,11,0,40,1.258954644203186,0.022007567808032036,2.495464563369751,0.39480477571487427,0.027318
151,49332.0,1616.0,50948.0,50948.0,0.968281384941509,26.0,0.026,104.0,38932.0,48.0,56.0,10.0,16.0,23625.0,25707.0,406.0,455.625,394.0,344.375,38932.0,389.3200000000001,100.0,1000,1,999,0.21383812511339784,896,0,0,0,0,0,0,0,0,1,0,0,1,0,0,0,46,0,0,0,0,0,0,0,0,0,1,0,3,0,14,0,38,1.0927494764328003,-0.006564676761627197,2.221006393432617,0.40985509753227234,0.027299999999999998
152,52072.0,1016.0,53088.0,53088.0,0.9808619650391802,16.0,0.016,105.0,41572.0,55.0,50.0,5.0,11.0,26503.0,25569.0,324.0,263.0,61.0,537.0,41572.0,415.7200000000002,100.0,1000,0,1000,0.2157163331285119,895,0,0,0,0,0,0,0,5,0,5,0,0,0,0,0,45,0,0,0,0,0,0,0,0,0,0,0,1,1,8,0,40,1.0120333433151245,-0.014364571310579777,2.0769472122192383,0.44262242317199707,0.027282
153,48907.0,1269.0,50176.0,50176.0,0.9747090242346939,19.0,0.019,109.0,38007.0,48.0,61.0,8.0,11.0,22663.0,26244.0,616.0,561.0,184.0,239.0,38007.0,380.0700000000001,100.0,1000,0,1000,0.22076704096980393,891,0,0,0,0,0,0,0,1,1,4,3,0,0,0,0,39,0,0,1,0,0,0,0,0,0,0,0,1,1,8,0,50,1.425226092338562,0.06981388479471207,2.7292070388793945,0.3371233642101288,0.027264
154,48389.0,1496.0,49885.0,49885.0,0.9700110253583242,13.0,0.013,100.0,38389.0,48.0,52.0,6.0,7.0,24804.0,23585.0,419.0,646.125,381.0,153.875,38389.0,383.89000000000027,100.0,1000,0,1000,0.21397425001487136,900,0,0,1,0,0,0,0,0,0,1,0,1,1,0,0,44,0,0,0,0,0,0,0,0,0,0,0,6,2,2,0,42,1.0699458122253418,-0.021588783711194992,2.200930595397949,0.3277776539325714,0.027246
155,50933.0,2059.0,52992.0,52992.0,0.9611450785024155,26.0,0.026,95.0,41433.0,42.0,53.0,16.0,10.0,25472.0,25461.0,661.0,450.0,139.0,0.0,41433.0,414.3299999999989,100.0,1000,0,1000,0.2193828341551125,905,0,0,0,0,0,0,0,0,0,0,0,1,0,0,0,41,0,0,0,0,0,0,0,0,0,0,0,2,1,6,0,44,0.8759483098983765,-0.10598092526197433,1.9878653287887573,0.440848708152771,0.027228
156,49829.0,1127.0,50956.0,50956.0,0.9778828793468876,19.0,0.019,107.0,39129.0,57.0,50.0,8.0,11.0,25908.0,23921.0,681.0,728.0,119.0,72.0,39129.0,391.28999999999985,100.0,1000,0,1000,0.21463358285836875,893,0,0,0,0,0,0,1,0,1,1,5,0,0,0,0,49,0,0,0,0,0,0,0,0,0,0,0,3,2,5,0,40,1.402220368385315,0.005723908077925444,2.81177020072937,0.3450453579425812,0.027209999999999998
157,48441.0,1598.0,50039.0,50039.0,0.9680649093706909,29.0,0.029,95.0,38941.0,48.0,47.0,9.0,20.0,25572.0,22869.0,711.0,442.0,89.0,358.0,38941.0,389.4099999999987,100.0,1000,0,1000,0.21925374981947243,905,0,0,0,0,0,0,0,2,1,3,0,1,1,0,0,40,0,0,1,0,0,0,0,0,0,0,7,0,0,8,0,31,0.8660498857498169,0.025550024583935738,1.7069133520126343,0.4764929413795471,0.027192
158,49659.0,1555.0,51214.0,51214.0,0.9696372085757801,23.0,0.023,96.0,40059.0,49.0,47.0,13.0,10.0,25802.0,23857.0,528.0,445.0,272.0,355.0,40059.0,400.58999999999986,100.0,1000,0,1000,0.21419533411972225,904,0,0,0,0,0,0,0,1,0,3,0,0,0,0,0,45,0,0,0,0,0,0,0,0,0,0,8,2,1,4,0,32,0.9593169093132019,-0.01866191439330578,1.9809222221374512,0.45934706926345825,0.027174
159,47354.0,1300.0,48654.0,48654.0,0.9732807168989189,16.0,0.016,100.0,37354.0,47.0,53.0,7.0,9.0,23673.0,23681.0,748.0,477.0,52.0,323.0,37354.0,373.5399999999996,100.0,1000,0,1000,0.21996637480333447,900,0,0,0,0,0,0,0,0,0,2,1,0,0,0,0,44,0,0,0,0,0,0,0,1,0,0,8,0,2,4,0,38,1.8274093866348267,0.026197386905550957,3.624568223953247,0.40772607922554016,0.027156
160,48862.0,576.0,49438.0,49438.0,0.988349043246086,9.0,0.009,103.0,38562.0,52.0,51.0,3.0,6.0,25714.0,23148.0,800.0,535.0,0.0,265.0,38562.0,385.6200000000002,100.0,1000,0,1000,0.2144075830001384,897,0,0,0,0,0,0,0,0,1,2,2,0,0,0,0,47,0,0,0,0,0,0,0,0,0,0,6,3,0,2,0,40,1.1825348138809204,0.026189133524894714,2.334062337875366,0.39374443888664246,0.027138
161,49459.0,1063.0,50522.0,50522.0,0.9789596611377221,15.0,0.015,103.0,39159.0,47.0,56.0,3.0,12.0,24203.0,25256.0,588.0,538.6875,212.0,261.3125,39159.0,391.5899999999996,100.0,1000,0,1000,0.21873316704295576,897,0,0,0,0,0,0,0,0,1,0,1,1,0,0,0,44,0,0,0,0,0,0,0,0,0,0,6,2,2,11,0,35,0.8440947532653809,-0.03379059210419655,1.7799328565597534,0.44546815752983093,0.02712
162,47326.0,1117.0,48443.0,48443.0,0.9769419730404806,11.0,0.011,101.0,37226.0,50.0,51.0,5.0,6.0,24357.0,22969.0,257.0,581.82568359375,543.0,218.17431640625,37226.0,372.2600000000004,100.0,1000,0,1000,0.2199603330809623,899,0,0,0,0,0,0,0,1,0,2,3,1,0,0,0,43,0,0,0,0,0,0,0,0,0,1,4,3,0,8,0,35,1.8146706819534302,0.10091714560985565,3.4491755962371826,0.3997567892074585,0.027101999999999998
163,48628.0,843.0,49471.0,49471.0,0.9829597137717047,17.0,0.017,106.0,38028.0,54.0,52.0,10.0,7.0,25044.0,23584.0,715.1875,314.0,84.8125,486.0,38028.0,380.28000000000026,100.0,1000,0,1000,0.21500549977645278,894,0,0,0,0,0,0,1,0,0,2,2,0,0,0,0,49,0,0,0,0,0,0,0,0,0,0,7,0,0,5,0,40,0.4085792303085327,-0.07172791659832001,0.9827063083648682,0.4078419506549835,0.027084
164,48591.0,869.0,49460.0,49460.0,0.9824302466639709,16.0,0.016,107.0,37891.0,49.0,58.0,8.0,8.0,23990.0,24601.0,113.0,601.0,0.0,199.0,37891.0,378.9100000000009,100.0,1000,0,1000,0.22047154186293483,893,0,0,0,0,0,0,1,1,0,1,0,0,0,0,0,46,0,0,0,0,0,0,0,0,0,1,13,0,0,6,0,38,0.9027141332626343,-0.00656231539323926,1.8410042524337769,0.41475269198417664,0.027066
165,50315.0,1113.0,51428.0,51428.0,0.9783580928676985,16.0,0.016,102.0,40115.0,46.0,56.0,3.0,13.0,24449.0,25866.0,311.0,764.0,0.0,36.0,40115.0,401.1500000000003,100.0,1000,0,1000,0.21368300006724894,898,0,0,0,0,0,0,0,0,0,2,1,0,0,0,0,43,0,0,0,0,0,0,0,0,0,0,8,2,1,2,0,43,1.5568149089813232,0.019052324816584587,3.09488844871521,0.3579389452934265,0.027048
166,49316.0,1153.0,50469.0,50469.0,0.9771542927341537,13.0,0.013,101.0,39216.0,49.0,52.0,7.0,6.0,26759.0,22557.0,405.0,643.0,395.0,157.0,39216.0,392.16,100.0,1000,0,1000,0.21914925007149577,899,0,0,0,0,0,0,1,0,1,1,0,0,1,0,0,45,0,0,0,0,0,0,0,0,0,0,10,1,1,7,0,33,2.275346517562866,0.07221841812133789,4.428310394287109,0.4079606235027313,0.02703
167,48472.0,1120.0,49592.0,49592.0,0.977415712211647,15.0,0.015,105.0,37972.0,51.0,54.0,11.0,4.0,24079.0,24393.0,474.0,214.0,326.0,0.0,37972.0,379.71999999999974,100.0,1000,0,1000,0.2195237500127405,895,0,0,0,0,0,0,2,0,0,2,1,1,1,0,0,44,0,0,0,0,0,0,0,0,0,0,8,0,0,7,0,39,1.1200841665267944,0.040776416659355164,2.1810128688812256,0.4145791828632355,0.027011999999999998
168,51070.0,1035.0,52105.0,52105.0,0.9801362633144611,18.0,0.018,114.0,39670.0,55.0,59.0,3.0,15.0,24982.0,26088.0,553.0,336.0,247.0,464.0,39670.0,396.6999999999994,100.0,1000,0,1000,0.21409087511710823,886,0,0,0,0,0,0,0,0,0,2,1,1,0,0,0,51,0,0,0,0,0,0,0,2,0,0,8,0,1,7,0,41,0.6280880570411682,-0.024769149720668793,1.3267098665237427,0.3888919949531555,0.026993999999999997
169,49144.0,986.0,50130.0,50130.0,0.9803311390384999,14.0,0.014,101.0,39044.0,50.0,51.0,5.0,9.0,24689.0,24455.0,524.0,372.0,0.0,428.0,39044.0,390.43999999999954,100.0,1000,0,1000,0.21996116708032787,899,0,0,0,0,0,0,0,1,0,4,0,0,0,0,0,45,0,0,0,0,0,0,0,0,0,0,3,0,0,4,0,44,1.0618895292282104,-0.056768789887428284,2.258369207382202,0.3902088403701782,0.026976
170,47260.0,1681.0,48941.0,48941.0,0.965652520381684,24.0,0.024,104.0,36860.0,54.0,50.0,5.0,19.0,23714.0,23546.0,735.0,399.0,65.0,54.0,36860.0,368.59999999999883,100.0,1000,0,1000,0.21417895797640085,896,0,0,0,0,0,0,0,2,2,0,0,1,0,0,0,49,0,0,0,0,0,0,0,0,0,0,5,0,0,3,0,42,1.5889778137207031,0.04853404685854912,3.102011203765869,0.39178961515426636,0.026958
171,49069.0,1345.0,50414.0,50414.0,0.973320902923791,21.0,0.021,101.0,38969.0,55.0,46.0,2.0,19.0,25160.0,23909.0,536.0,576.0,264.0,224.0,38969.0,389.69000000000005,100.0,1000,0,1000,0.21978599997237325,899,0,0,0,0,0,0,0,1,1,1,0,1,0,0,0,51,0,0,0,0,0,0,0,0,0,1,2,2,1,4,0,36,1.3172874450683594,0.004880309104919434,2.6469669342041016,0.4111460745334625,0.02694
172,49562.0,1112.0,50674.0,50674.0,0.9780558077120417,17.0,0.017,103.0,39262.0,50.0,53.0,10.0,7.0,25458.0,24104.0,481.0,221.0,0.0,579.0,39262.0,392.6199999999987,100.0,1000,0,1000,0.21904445812106133,897,0,0,0,0,0,0,0,2,0,1,0,0,0,0,0,47,0,1,0,0,0,0,0,0,0,1,10,1,0,5,0,35,0.8809335231781006,-0.0007218574755825102,1.7877627611160278,0.454126238822937,0.026921999999999998
173,49266.0,649.0,49915.0,49915.0,0.9869978964239207,9.0,0.009,108.0,38466.0,54.0,54.0,2.0,7.0,24303.0,24963.0,309.0,678.0,491.0,122.0,38466.0,384.6599999999998,100.0,1000,0,1000,0.2147986248601228,892,0,0,0,0,0,0,1,1,2,1,0,0,0,0,0,49,0,0,0,0,0,0,0,0,0,0,4,0,0,4,0,46,0.9345200061798096,0.014257059432566166,1.8628329038619995,0.41456806659698486,0.026903999999999997
174,49848.0,505.0,50353.0,50353.0,0.9899708061088713,8.0,0.008,113.0,38548.0,56.0,57.0,1.0,7.0,23960.0,25888.0,560.0,311.0,240.0,88.0,38548.0,385.47999999999996,100.0,1000,0,1000,0.21392479096539319,887,0,0,0,0,0,0,0,1,1,1,2,0,0,0,0,51,0,0,0,0,0,0,0,2,0,0,2,1,1,6,0,45,1.095792531967163,-0.0035975268110632896,2.2178854942321777,0.3553030788898468,0.026886
175,50551.0,1226.0,51777.0,51777.0,0.9763215327268865,13.0,0.013,114.0,39151.0,59.0,55.0,0.0,13.0,26375.0,24176.0,509.0,800.0,85.0,0.0,39151.0,391.51000000000073,100.0,1000,0,1000,0.22002491704188287,886,0,0,0,0,0,0,0,1,0,1,0,1,0,0,0,56,0,0,0,0,0,0,0,2,0,0,2,1,1,9,0,40,1.1071391105651855,0.02110131084918976,2.1945626735687256,0.4184744656085968,0.026868
176,50269.0,890.0,51159.0,51159.0,0.9826032565140054,7.0,0.007,119.0,38369.0,58.0,61.0,2.0,5.0,23677.0,26592.0,430.25,512.0,8.0,288.0,38369.0,383.68999999999977,100.0,1000,0,1000,0.21497087506577373,881,0,0,0,0,0,0,1,0,1,1,1,0,0,0,0,54,0,0,0,0,0,0,0,0,0,0,7,1,0,9,0,44,1.9117680788040161,0.03565650433301926,3.775294303894043,0.429629385471344,0.02685
177,48327.0,609.0,48936.0,48936.0,0.9875551741049534,13.0,0.013,112.0,37127.0,59.0,53.0,1.0,12.0,23519.0,24808.0,386.0,655.0,414.0,145.0,37127.0,371.27000000000027,100.0,1000,0,1000,0.21866554184816778,888,0,0,0,0,1,0,0,2,1,2,0,1,0,0,0,52,0,0,0,0,0,0,0,3,0,0,2,4,0,8,0,36,0.6724735498428345,-0.06342372298240662,1.4937407970428467,0.40895482897758484,0.026831999999999998
178,49516.0,1182.0,50698.0,50698.0,0.9766854708272515,16.0,0.016,111.0,38416.0,55.0,56.0,1.0,15.0,23959.0,25557.0,771.0,431.0,29.0,369.0,38416.0,384.16000000000093,100.0,1000,0,1000,0.2144549998920411,889,0,0,0,0,0,0,0,0,0,2,1,0,0,0,0,52,0,0,1,0,0,0,0,0,0,0,1,1,2,8,0,43,1.231445550918579,0.01576731912791729,2.455199718475342,0.4446057081222534,0.026813999999999998
179,49069.0,138.0,49207.0,49207.0,0.9971955209624647,3.0,0.003,111.0,37969.0,49.0,62.0,2.0,1.0,23960.0,25109.0,705.0,753.0,95.0,5.875,37969.0,379.69000000000017,100.0,1000,0,1000,0.2149509999435395,889,0,0,0,0,0,0,0,0,1,1,1,0,0,0,0,46,0,0,0,0,0,0,0,2,0,1,4,0,1,8,0,46,0.8643289804458618,-0.017328068614006042,1.786226749420166,0.4275377094745636,0.026796
180,48107.0,1001.0,49108.0,49108.0,0.9796163557872445,11.0,0.011,112.0,36907.0,54.0,58.0,4.0,7.0,24505.0,23602.0,617.0,388.0,183.0,412.0,36907.0,369.0700000000003,100.0,1000,0,1000,0.21431225002743304,888,0,0,0,0,0,0,0,0,1,0,0,2,2,0,0,49,0,0,0,0,0,0,0,4,0,0,1,3,1,3,0,46,0.8709540367126465,-0.007826165296137333,1.7808624505996704,0.43509823083877563,0.026778
181,48074.0,276.0,48350.0,48350.0,0.9942916235780765,4.0,0.004,111.0,36974.0,52.0,59.0,2.0,2.0,24457.0,23617.0,357.0,688.0,443.0,112.0,36974.0,369.7399999999997,100.0,1000,0,1000,0.22213183296844363,889,0,0,0,0,0,0,0,0,2,0,0,0,0,0,0,50,0,0,0,0,0,0,0,4,0,0,4,1,0,1,0,49,0.6911974549293518,-0.06047225743532181,1.5289751291275024,0.47899359464645386,0.02676
182,49040.0,195.0,49235.0,49235.0,0.9960394028638164,2.0,0.002,127.0,36340.0,59.0,68.0,1.0,1.0,25033.0,24007.0,678.0,755.0,122.0,45.0,36340.0,363.3999999999999,100.0,1000,0,1000,0.21432387502864003,873,0,0,0,0,0,0,0,0,5,2,0,1,0,0,0,51,0,0,0,0,0,0,0,0,0,2,4,2,1,3,0,56,1.0107675790786743,-0.020090831443667412,2.084275245666504,0.4217812716960907,0.026742
183,49897.0,0.0,49897.0,49897.0,1.0,0.0,0.0,118.0,38097.0,62.0,56.0,0.0,0.0,25430.0,24467.0,475.0,679.0,325.0,121.0,38097.0,380.96999999999883,100.0,1000,0,1000,0.21605670917779207,882,0,0,0,0,0,0,0,0,4,2,0,1,1,0,0,54,0,0,0,0,0,0,0,2,0,0,5,2,0,3,0,44,1.0998197793960571,0.02753536030650139,2.1647391319274902,0.3773798644542694,0.026723999999999998
184,50232.0,105.0,50337.0,50337.0,0.9979140592407175,2.0,0.002,122.0,38032.0,54.0,68.0,2.0,0.0,25329.0,24903.0,372.0,595.0,428.0,205.0,38032.0,380.3200000000003,100.0,1000,0,1000,0.21925716707482934,878,0,0,0,0,0,0,0,0,0,0,1,0,0,0,0,53,0,0,0,0,0,0,0,2,0,1,10,0,1,1,0,53,1.0928418636322021,0.011460489593446255,2.1815638542175293,0.3520034849643707,0.026706
185,49236.0,556.0,49792.0,49792.0,0.9888335475578406,5.0,0.005,106.0,38636.0,54.0,52.0,3.0,2.0,26620.0,22616.0,215.0,686.0,74.0,114.0,38636.0,386.36,100.0,1000,0,1000,0.214962667087093,894,0,0,0,0,0,0,0,0,3,2,1,0,0,0,0,48,0,0,0,0,0,0,0,2,0,0,2,1,0,1,0,46,1.378218412399292,-0.014282504096627235,2.806891918182373,0.410110741853714,0.026688
186,49234.0,286.0,49520.0,49520.0,0.9942245557350565,6.0,0.006,113.0,37934.0,49.0,64.0,3.0,3.0,24946.0,24288.0,379.0,523.75,421.0,0.0,37934.0,379.33999999999975,100.0,1000,0,1000,0.22126975003629923,887,0,0,0,0,0,0,0,0,1,1,1,0,0,0,0,46,0,0,0,0,0,0,0,1,0,0,3,0,0,4,0,56,1.1765855550765991,0.02989724650979042,2.3156075477600098,0.41677623987197876,0.02667
187,49055.0,227.0,49282.0,49282.0,0.9953938557688405,3.0,0.003,111.0,37955.0,54.0,57.0,1.0,2.0,23870.0,25185.0,630.0,497.0,170.0,303.0,37955.0,379.54999999999995,100.0,1000,0,1000,0.21406933316029608,889,0,0,1,0,1,0,0,0,0,2,1,0,0,0,0,49,0,0,0,0,0,0,0,1,0,0,3,1,1,1,0,50,0.7984579801559448,-0.006469556130468845,1.6306939125061035,0.3909444808959961,0.026652
188,50534.0,159.0,50693.0,50693.0,0.9968634722742785,4.0,0.004,119.0,38634.0,60.0,59.0,3.0,1.0,25765.0,24769.0,590.0,800.0,210.0,0.0,38634.0,386.3400000000004,100.0,1000,0,1000,0.21512454096227884,881,0,0,0,0,0,0,1,0,4,0,0,0,0,0,0,55,0,0,0,0,0,0,0,3,0,0,1,1,1,1,0,52,0.7238677144050598,-0.10743822902441025,1.6809476613998413,0.34421753883361816,0.026633999999999998
189,49075.0,176.0,49251.0,49251.0,0.9964264684981016,3.0,0.003,112.0,37875.0,53.0,59.0,1.0,2.0,23914.0,25161.0,729.0,746.0,71.0,54.0,37875.0,378.7499999999999,100.0,1000,0,1000,0.22054083296097815,888,0,0,0,0,0,0,0,0,1,0,2,1,1,0,0,48,0,0,0,0,0,0,0,2,0,0,4,0,0,5,0,48,0.7401394248008728,-0.03331095725297928,1.5642008781433105,0.32499539852142334,0.026616
190,49474.0,751.0,50225.0,50225.0,0.985047287207566,15.0,0.015,105.0,38974.0,52.0,53.0,7.0,8.0,25163.0,24311.0,587.25,692.0,212.75,108.0,38974.0,389.7399999999998,100.0,1000,0,1000,0.21898641693405807,895,0,0,0,0,0,0,0,1,0,0,0,2,1,0,0,48,0,0,0,0,0,0,0,0,0,0,0,0,0,2,0,51,1.155444860458374,-0.007102970499545336,2.3452892303466797,0.37960854172706604,0.026598
191,49951.0,495.0,50446.0,50446.0,0.9901875272568688,9.0,0.009,106.0,39351.0,50.0,56.0,2.0,7.0,25714.0,24237.0,433.0,800.0,367.0,0.0,39351.0,393.50999999999937,100.0,1000,1,999,0.2135637910105288,894,0,0,0,0,0,0,0,0,1,0,0,0,1,0,0,48,0,0,0,0,0,0,0,8,0,0,3,0,1,3,0,41,1.3509210348129272,0.023846248164772987,2.676116466522217,0.41322076320648193,0.02658
192,49623.0,235.0,49858.0,49858.0,0.9952866139837138,3.0,0.003,104.0,39223.0,50.0,54.0,1.0,2.0,24608.0,25015.0,483.0,93.0,317.0,0.0,39223.0,392.2299999999995,100.0,1000,0,1000,0.21499800006859004,896,0,0,0,0,0,0,0,0,1,0,0,0,0,0,0,49,0,0,0,0,0,0,0,0,0,1,4,0,1,1,0,47,0.7731945514678955,-0.03345710411667824,1.6329843997955322,0.37047532200813293,0.026562
193,48773.0,645.0,49418.0,49418.0,0.9869480755999838,14.0,0.014,109.0,37873.0,51.0,58.0,6.0,8.0,25063.0,23710.0,745.0,426.0,55.0,374.0,37873.0,378.73000000000013,100.0,1000,0,1000,0.21464137500151992,891,0,0,0,0,0,0,0,0,0,2,0,0,0,0,0,49,0,0,0,0,0,0,0,1,0,0,5,1,0,7,0,44,1.363943338394165,0.09322450309991837,2.564541816711426,0.4352049231529236,0.026543999999999998
194,50923.0,0.0,50923.0,50923.0,1.0,0.0,0.0,122.0,38723.0,55.0,67.0,0.0,0.0,24442.0,26481.0,464.1875,650.0,335.8125,150.0,38723.0,387.22999999999945,100.0,1000,0,1000,0.21933700004592538,878,0,0,0,0,0,0,0,1,3,1,1,1,0,0,0,48,0,0,0,0,0,0,0,5,0,0,2,1,0,3,0,56,0.9430921673774719,-0.02444448694586754,1.957018256187439,0.4136499762535095,0.026525999999999997
195,47861.0,794.0,48655.0,48655.0,0.9836810194224643,8.0,0.008,111.0,36761.0,56.0,55.0,3.0,5.0,24411.0,23450.0,14.0,728.625,144.0,71.375,36761.0,367.61,100.0,1000,0,1000,0.21480620792135596,889,0,0,0,0,0,0,0,2,0,3,0,0,0,0,0,51,0,0,0,0,0,0,0,0,0,0,3,0,0,2,0,50,0.6880201697349548,-0.09502016007900238,1.5867395401000977,0.3896712064743042,0.026508
196,49165.0,134.0,49299.0,49299.0,0.9972818921276294,2.0,0.002,118.0,37365.0,51.0,67.0,2.0,0.0,24135.0,25030.0,424.0,675.0,376.0,125.0,37365.0,373.64999999999986,100.0,1000,0,1000,0.22077470808289945,882,0,0,0,0,0,0,0,0,0,1,1,0,0,0,0,49,0,0,0,0,0,0,0,1,0,0,0,0,1,4,0,61,1.3015410900115967,-0.012851112522184849,2.6489181518554688,0.38002610206604004,0.02649
197,48938.0,662.0,49600.0,49600.0,0.9866532258064517,12.0,0.012,108.0,38138.0,53.0,55.0,6.0,6.0,24450.0,24488.0,545.0,451.0,255.0,349.0,38138.0,381.38000000000005,100.0,1000,0,1000,0.21455270797014236,892,0,0,0,0,0,0,0,0,0,0,1,0,1,0,0,51,0,0,0,0,0,0,0,2,0,1,0,0,0,5,0,47,0.6054498553276062,-0.0906132310628891,1.4134609699249268,0.4029691219329834,0.026472
198,48663.0,113.0,48776.0,48776.0,0.9976832868623914,2.0,0.002,108.0,37863.0,47.0,61.0,1.0,1.0,23306.0,25357.0,471.875,736.0,328.125,0.0,37863.0,378.6300000000006,100.0,1000,0,1000,0.21962979203090072,892,0,0,0,0,0,0,0,0,2,1,1,0,2,0,0,41,0,0,0,0,0,0,0,3,0,0,0,1,0,4,0,53,0.6602025032043457,0.0438227653503418,1.255720853805542,0.43398576974868774,0.026454
199,49227.0,144.0,49371.0,49371.0,0.9970833080148265,3.0,0.003,116.0,37627.0,53.0,63.0,0.0,3.0,23109.0,26118.0,539.0,448.0,261.0,352.0,37627.0,376.27000000000027,100.0,1000,0,1000,0.21353045804426074,884,0,0,0,0,0,0,0,0,0,2,0,0,0,0,0,51,0,0,0,0,0,0,0,1,0,0,2,1,2,6,0,51,0.9957924485206604,-0.07449109852313995,2.15956449508667,0.3593086004257202,0.026435999999999998
200,48228.0,654.0,48882.0,48882.0,0.9866208420277403,5.0,0.005,112.0,37028.0,54.0,58.0,4.0,1.0,24426.0,23802.0,733.0,715.0,67.0,85.0,37028.0,370.27999999999946,100.0,1000,0,1000,0.2194444159977138,888,0,0,0,0,0,0,0,2,0,1,2,1,0,0,0,48,0,0,0,0,0,0,0,2,0,0,2,0,0,1,0,53,1.4756041765213013,0.05797624588012695,2.8551111221313477,0.37578919529914856,0.026418
201,49675.0,124.0,49799.0,49799.0,0.997509990160445,2.0,0.002,113.0,38375.0,56.0,57.0,2.0,0.0,24858.0,24817.0,287.0,354.0,0.0,0.0,38375.0,383.74999999999994,100.0,1000,0,1000,0.21830545901320875,887,0,0,0,0,0,0,0,0,0,4,0,0,0,0,0,52,0,0,0,0,0,0,0,3,0,0,1,2,0,7,0,44,0.41386663913726807,-0.05361150577664375,0.9537681341171265,0.35628435015678406,0.0264
202,48771.0,57.0,48828.0,48828.0,0.9988326370115508,1.0,0.001,106.0,38171.0,50.0,56.0,1.0,0.0,24699.0,24072.0,378.0,704.0,422.0,96.0,38171.0,381.7099999999995,100.0,1000,0,1000,0.21655033295974135,894,0,0,0,0,0,0,1,0,0,0,0,0,0,0,0,49,0,0,0,0,0,0,0,1,0,1,1,1,0,2,0,50,1.5290080308914185,0.08537986129522324,2.9065709114074707,0.3660567104816437,0.026382
203,50535.0,566.0,51101.0,51101.0,0.988923895814172,8.0,0.008,105.0,40035.0,53.0,52.0,3.0,5.0,25054.0,25481.0,668.0,422.0,132.0,378.0,40035.0,400.3500000000001,100.0,1000,0,1000,0.21899849991314113,895,0,0,0,0,0,0,0,0,3,2,0,0,0,0,0,48,0,0,0,0,0,0,0,0,0,1,1,0,1,3,0,46,1.3484954833984375,0.06724251061677933,2.5825374126434326,0.37989944219589233,0.026364
204,49014.0,479.0,49493.0,49493.0,0.9903218636978967,8.0,0.008,111.0,37914.0,56.0,55.0,1.0,7.0,25928.0,23086.0,342.0,495.0,458.0,58.51171875,37914.0,379.1399999999998,100.0,1000,0,1000,0.2135478751733899,889,0,0,0,0,0,0,0,0,0,0,0,0,0,0,0,56,0,0,0,0,0,0,0,0,0,1,3,2,2,4,0,43,1.5906145572662354,0.06708947569131851,3.0698440074920654,0.43258658051490784,0.026345999999999998
205,49555.0,349.0,49904.0,49904.0,0.9930065726194293,6.0,0.006,108.0,38755.0,57.0,51.0,4.0,2.0,25375.0,24180.0,683.5,586.0,116.5,214.0,38755.0,387.55000000000007,100.0,1000,0,1000,0.21963425003923476,892,0,0,0,0,1,0,0,1,0,3,2,0,0,0,0,50,0,0,0,0,0,0,0,0,0,0,0,0,2,5,0,44,0.9607073664665222,-0.025070568546652794,1.9931378364562988,0.40986764430999756,0.026327999999999997
206,48889.0,664.0,49553.0,49553.0,0.9866002058402115,10.0,0.01,107.0,38189.0,60.0,47.0,2.0,8.0,25217.0,23672.0,584.0,616.0,0.0,184.0,38189.0,381.89000000000055,100.0,1000,1,999,0.22175975004211068,893,0,0,0,0,0,0,0,1,0,1,0,0,0,0,0,58,0,0,0,0,0,0,0,0,0,0,0,0,0,2,0,45,0.7468416690826416,0.009164948016405106,1.4933148622512817,0.3413403034210205,0.02631
207,49882.0,780.0,50662.0,50662.0,0.9846038450909952,14.0,0.014,111.0,38782.0,57.0,54.0,2.0,12.0,24513.0,25369.0,640.0,608.0,160.0,192.0,38782.0,387.8199999999997,100.0,1000,0,1000,0.21472645900212228,889,0,0,1,0,0,0,0,0,0,1,0,0,0,0,0,55,0,0,0,0,0,0,0,0,0,1,1,0,0,2,0,50,0.9411110281944275,-0.0441427156329155,1.9880955219268799,0.33447399735450745,0.026292
208,50224.0,586.0,50810.0,50810.0,0.9884668372367644,7.0,0.007,112.0,39024.0,56.0,56.0,1.0,6.0,23845.0,26379.0,762.0,691.0,38.0,109.0,39024.0,390.24000000000024,100.0,1000,0,1000,0.21949783293530345,888,0,0,0,0,0,0,0,1,0,2,1,0,1,0,0,51,0,0,0,0,0,0,0,0,0,0,1,0,1,5,0,49,1.634965181350708,-0.027515094727277756,3.341951608657837,0.3233446478843689,0.026274
209,49059.0,1158.0,50217.0,50217.0,0.9769400800525718,11.0,0.011,101.0,38959.0,47.0,54.0,7.0,4.0,24568.0,24491.0,746.0,425.0,54.0,375.0,38959.0,389.5899999999999,100.0,1000,0,1000,0.21386087499558926,899,0,0,0,0,0,0,0,0,0,1,0,0,0,0,0,46,0,0,0,0,0,0,0,2,0,1,2,2,3,3,0,41,0.6265177130699158,-0.06054079160094261,1.3933923244476318,0.36706459522247314,0.026255999999999998
210,48728.0,1054.0,49782.0,49782.0,0.9788276887228315,18.0,0.018,99.0,38828.0,51.0,48.0,8.0,10.0,24912.0,23816.0,675.0,523.0,125.0,277.0,38828.0,388.2799999999996,100.0,1000,0,1000,0.2202855828218162,901,0,0,0,0,0,0,0,3,1,0,0,0,0,0,0,47,0,0,0,0,0,0,0,1,0,0,3,0,2,3,0,39,1.9157987833023071,0.039731625467538834,3.771449565887451,0.36807671189308167,0.026237999999999997
211,48236.0,599.0,48835.0,48835.0,0.9877342070236511,11.0,0.011,100.0,38236.0,48.0,52.0,6.0,5.0,23525.0,24711.0,531.0,720.0,0.0,80.0,38236.0,382.36,100.0,1000,0,1000,0.21957712504081428,900,0,0,0,0,0,0,0,1,0,2,0,0,1,0,0,44,0,0,0,0,0,0,0,0,0,0,0,1,3,4,0,44,1.849298357963562,0.08946456760168076,3.5353124141693115,0.298336386680603,0.02622
212,49816.0,548.0,50364.0,50364.0,0.9891192121356525,10.0,0.01,108.0,39016.0,54.0,54.0,5.0,5.0,25689.0,24127.0,752.0,496.0,48.0,304.0,39016.0,390.15999999999997,100.0,1000,0,1000,0.21517312503419816,892,0,0,0,0,0,0,0,1,0,2,1,1,0,0,0,49,0,0,2,0,0,0,0,2,0,0,1,0,0,7,0,42,0.42926761507987976,-0.045985277742147446,0.9658673405647278,0.29313650727272034,0.026202
213,48743.0,2000.0,50743.0,50743.0,0.9605856965492777,34.0,0.034,99.0,38843.0,52.0,47.0,10.0,24.0,24220.0,24523.0,484.0,613.0,0.0,187.0,38843.0,388.4299999999993,100.0,1000,0,1000,0.21904662484303117,901,0,0,0,0,1,0,0,0,0,2,0,1,0,0,0,48,0,0,0,0,0,0,0,1,0,0,0,0,0,10,0,36,0.9970729947090149,-0.04752727970480919,2.108165979385376,0.3621557056903839,0.026184
214,48887.0,1116.0,50003.0,50003.0,0.9776813391196528,20.0,0.02,102.0,38687.0,50.0,52.0,6.0,14.0,23181.0,25706.0,92.0,677.0,0.0,123.0,38687.0,386.8700000000007,100.0,1000,0,1000,0.21445062500424683,898,0,0,0,0,0,0,0,4,0,4,1,0,1,0,0,40,0,0,1,0,0,0,0,2,0,1,1,0,1,5,0,41,0.790768027305603,-0.04118921980261803,1.682725191116333,0.3594495952129364,0.026166
215,47163.0,1218.0,48381.0,48381.0,0.9748248279283189,16.0,0.016,90.0,38163.0,48.0,42.0,5.0,11.0,24705.0,22458.0,538.25,686.0,261.75,114.0,38163.0,381.62999999999977,100.0,1000,0,1000,0.21967270807363093,910,0,0,0,0,0,0,0,0,0,1,0,1,1,0,0,45,0,0,0,0,0,0,0,0,0,0,0,0,1,5,0,36,0.7932590246200562,0.031496502459049225,1.541823148727417,0.34989678859710693,0.026147999999999998
216,48212.0,1639.0,49851.0,49851.0,0.9671220236304187,20.0,0.02,101.0,38112.0,54.0,47.0,4.0,16.0,25387.0,22825.0,485.0,583.5625,315.0,216.4375,38112.0,381.1200000000003,100.0,1000,0,1000,0.21911729197017848,899,0,0,0,0,2,0,0,2,0,0,0,0,1,0,0,49,0,0,2,0,0,0,0,0,0,1,0,1,2,7,0,34,1.543393850326538,0.05189011991024017,3.002258777618408,0.36837485432624817,0.02613
217,48322.0,1199.0,49521.0,49521.0,0.9757880495143475,20.0,0.02,97.0,38622.0,52.0,45.0,3.0,17.0,24701.0,23621.0,768.0,172.0,32.0,0.0,38622.0,386.21999999999935,100.0,1000,0,1000,0.2139497499447316,903,0,0,0,0,1,0,0,0,0,0,0,0,0,0,0,51,0,0,0,0,0,0,0,1,0,0,0,2,0,9,0,33,1.646858811378479,0.08975028991699219,3.131835460662842,0.3373619019985199,0.026112
218,50716.0,2102.0,52818.0,52818.0,0.9602029611117422,29.0,0.029,99.0,40816.0,54.0,45.0,11.0,18.0,26255.0,24461.0,417.0,447.0859375,383.0,352.9140625,40816.0,408.16000000000065,100.0,1000,0,1000,0.21976558305323124,901,0,0,0,0,0,0,0,3,0,2,0,1,1,0,0,47,0,0,0,0,0,0,0,1,0,2,0,0,0,5,0,37,1.3701574802398682,0.0023662622552365065,2.7568228244781494,0.4069982171058655,0.026094
219,49523.0,534.0,50057.0,50057.0,0.9893321613360768,10.0,0.01,105.0,39023.0,55.0,50.0,0.0,10.0,23031.0,26492.0,427.0,542.0,67.0,258.0,39023.0,390.2300000000001,100.0,1000,0,1000,0.21453583403490484,895,0,0,0,0,0,0,0,3,0,1,0,0,2,0,0,49,0,0,0,0,0,0,0,1,0,1,0,1,0,9,0,38,1.6625229120254517,0.04077141731977463,3.262024402618408,0.3551410138607025,0.026076
220,47582.0,1838.0,49420.0,49420.0,0.9628085795224606,30.0,0.03,92.0,38382.0,53.0,39.0,1.0,29.0,26104.0,21478.0,301.0,699.0,46.0,101.0,38382.0,383.819999999999,100.0,1000,0,1000,0.22387191699817777,908,0,0,1,0,0,0,0,1,0,0,0,0,0,0,0,51,0,0,0,0,0,0,0,0,0,0,0,0,1,5,0,33,0.4145794212818146,-0.14533762633800507,1.1409027576446533,0.4042642414569855,0.026057999999999998
221,48412.0,827.0,49239.0,49239.0,0.9832043705193038,19.0,0.019,95.0,38912.0,46.0,49.0,9.0,10.0,23491.0,24921.0,517.0,800.0,283.0,0.0,38912.0,389.12000000000046,100.0,1000,0,1000,0.21835266589187086,905,0,0,0,0,0,0,0,0,0,3,0,2,1,0,0,40,0,0,0,0,0,0,0,2,0,0,0,2,0,9,0,36,1.5788326263427734,-0.04631352052092552,3.2731871604919434,0.43961164355278015,0.02604
222,49268.0,193.0,49461.0,49461.0,0.9960979357473565,3.0,0.003,114.0,37868.0,56.0,58.0,3.0,0.0,25229.0,24039.0,396.0,702.0,0.0,98.0,37868.0,378.67999999999955,100.0,1000,0,1000,0.2146736248396337,886,0,0,1,0,0,0,0,2,1,2,0,1,3,0,0,46,0,0,0,0,0,0,0,3,0,1,0,3,2,9,0,40,0.4765916168689728,-0.05863756686449051,1.0891201496124268,0.3585776090621948,0.026021999999999997
223,47138.0,979.0,48117.0,48117.0,0.9796537606251429,13.0,0.013,102.0,36938.0,48.0,54.0,4.0,9.0,22490.0,24648.0,613.0,616.0,187.0,184.0,36938.0,369.3800000000006,100.0,1000,0,1000,0.21484349993988872,898,0,0,1,0,0,0,0,0,0,2,0,0,2,0,0,43,0,1,0,0,0,0,0,5,0,0,0,2,0,5,0,41,0.6832759380340576,-0.011491024866700172,1.4061810970306396,0.32008931040763855,0.026004
224,47788.0,1356.0,49144.0,49144.0,0.9724076184274785,17.0,0.017,99.0,37888.0,50.0,49.0,8.0,9.0,23174.0,24614.0,613.0,659.25,187.0,140.75,37888.0,378.88000000000034,100.0,1000,1,999,0.21973937493748963,901,0,0,1,0,0,0,0,1,1,1,2,0,2,0,0,42,0,0,0,0,0,0,0,1,0,0,0,2,0,8,0,38,1.2439137697219849,-0.019843006506562233,2.544529676437378,0.327409029006958,0.025986
225,47761.0,747.0,48508.0,48508.0,0.9846004782716253,14.0,0.014,103.0,37461.0,51.0,52.0,9.0,5.0,24077.0,23684.0,637.0,649.0,163.0,151.0,37461.0,374.61000000000007,100.0,1000,0,1000,0.21541225002147257,897,0,0,0,0,2,0,1,1,0,0,0,0,3,0,0,44,0,0,0,0,0,0,0,2,0,1,0,4,2,5,0,38,1.0589903593063354,0.05601383000612259,2.0246129035949707,0.3592863380908966,0.025967999999999998
226,49753.0,781.0,50534.0,50534.0,0.9845450587723117,12.0,0.012,103.0,39453.0,53.0,50.0,7.0,5.0,26767.0,22986.0,592.0,453.1875,208.0,346.8125,39453.0,394.53,100.0,1000,0,1000,0.21924679190851748,897,0,0,1,0,0,0,0,1,0,2,0,0,1,0,0,48,0,0,0,0,0,0,0,2,0,0,0,4,2,7,0,35,0.5137715935707092,-0.01614757627248764,1.0799423456192017,0.3873620629310608,0.02595
227,51221.0,938.0,52159.0,52159.0,0.9820165263904599,15.0,0.015,103.0,40921.0,53.0,50.0,7.0,8.0,27186.0,24035.0,523.0,455.0,277.0,8.0,40921.0,409.2099999999994,100.0,1000,0,1000,0.2143722497858107,897,0,0,1,0,0,0,0,0,1,1,0,0,1,0,0,49,0,0,0,0,0,0,0,2,0,1,0,4,1,2,0,40,1.6418771743774414,0.0071763466112315655,3.2874934673309326,0.3488321900367737,0.025931999999999997
228,48893.0,1341.0,50234.0,50234.0,0.9733049329139627,22.0,0.022,97.0,39193.0,45.0,52.0,20.0,2.0,24104.0,24789.0,376.0,551.0,424.0,124.5,39193.0,391.9299999999996,100.0,1000,0,1000,0.21966020809486508,903,0,0,0,0,0,0,0,2,0,2,0,0,0,0,0,41,0,0,0,0,0,0,0,4,0,1,0,0,1,2,0,44,1.6306034326553345,0.06342431902885437,3.153834342956543,0.375784695148468,0.025914
229,48442.0,901.0,49343.0,49343.0,0.9817400644468314,11.0,0.011,102.0,38242.0,50.0,52.0,1.0,10.0,24899.0,23543.0,624.0,780.0,176.0,20.0,38242.0,382.4199999999999,100.0,1000,0,1000,0.21910654101520777,898,0,0,0,0,0,0,0,0,0,2,0,0,0,0,0,48,0,0,0,0,0,0,0,0,0,1,0,5,0,4,1,41,1.1401506662368774,-0.031213562935590744,2.3596949577331543,0.3275907337665558,0.025896
230,50056.0,631.0,50687.0,50687.0,0.9875510485923412,10.0,0.01,104.0,39656.0,52.0,52.0,1.0,9.0,25169.0,24887.0,344.0,663.0,456.0,137.0,39656.0,396.55999999999983,100.0,1000,0,1000,0.21406549983657897,896,0,0,0,0,0,0,0,0,0,2,0,1,0,0,0,49,0,0,0,0,0,0,0,1,0,0,0,2,0,2,0,47,0.4174692630767822,-0.06139682978391647,0.9739333987236023,0.3130306303501129,0.025877999999999998
231,47135.0,1764.0,48899.0,48899.0,0.963925642651179,30.0,0.03,87.0,38435.0,44.0,43.0,10.0,20.0,23475.0,23660.0,632.0,297.0,168.0,503.0,38435.0,384.34999999999945,100.0,1000,0,1000,0.22015900001861155,913,0,0,0,0,0,0,0,0,0,1,0,0,0,0,0,43,0,1,0,0,0,0,0,1,0,0,1,0,1,3,0,36,1.40830397605896,0.07190591096878052,2.692924976348877,0.38918718695640564,0.02586
232,49461.0,306.0,49767.0,49767.0,0.9938513472783169,6.0,0.006,103.0,39161.0,54.0,49.0,1.0,5.0,25184.0,24277.0,662.0,133.0,138.0,0.0,39161.0,391.6100000000006,100.0,1000,0,1000,0.21421158290468156,897,0,0,1,0,0,0,0,0,0,3,0,0,0,0,0,50,0,0,0,0,0,0,0,1,0,0,0,0,0,3,0,45,0.800580620765686,-0.035729438066482544,1.6916555166244507,0.3683014512062073,0.025841999999999997
233,48932.0,624.0,49556.0,49556.0,0.9874081846799581,7.0,0.007,104.0,38532.0,53.0,51.0,3.0,4.0,24642.0,24290.0,514.0,641.0,286.0,159.0,38532.0,385.31999999999954,100.0,1000,0,1000,0.21875841706059873,896,0,0,0,0,0,0,0,0,0,2,0,0,0,0,0,51,0,0,0,0,0,0,0,1,0,0,0,1,2,6,0,41,0.8168782591819763,0.00503505626693368,1.6400022506713867,0.3159034252166748,0.025824
234,49486.0,815.0,50301.0,50301.0,0.9837975388163257,15.0,0.015,97.0,39786.0,53.0,44.0,6.0,9.0,26619.0,22867.0,750.0,686.0,50.0,114.0,39786.0,397.8600000000003,100.0,1000,0,1000,0.21540616685524583,903,0,0,0,0,0,0,0,0,0,1,0,1,0,0,0,51,0,1,0,0,0,0,0,2,0,0,1,2,0,1,0,37,1.5325913429260254,0.026914047077298164,3.0316545963287354,0.39331942796707153,0.025806
235,49505.0,415.0,49920.0,49920.0,0.9916866987179487,6.0,0.006,104.0,39105.0,50.0,54.0,3.0,3.0,24589.0,24916.0,631.0,510.625,169.0,289.375,39105.0,391.0499999999994,100.0,1000,0,1000,0.21479795803315938,896,0,0,0,0,0,0,0,2,0,0,0,0,0,0,0,48,0,0,0,0,0,0,0,1,0,1,0,1,1,8,0,42,0.1469620019197464,-0.058703646063804626,0.4271443486213684,0.30659714341163635,0.025788
236,48901.0,882.0,49783.0,49783.0,0.9822831086917221,13.0,0.013,96.0,39301.0,49.0,47.0,9.0,4.0,24801.0,24100.0,505.0,299.0,295.0,501.0,39301.0,393.0099999999992,100.0,1000,0,1000,0.21478383289650083,904,0,0,0,0,1,0,0,2,0,4,0,0,1,0,0,41,0,0,0,0,0,0,0,0,0,0,0,3,2,1,0,41,0.9873665571212769,0.008326518349349499,1.9783347845077515,0.3929915130138397,0.025769999999999998
237,49840.0,362.0,50202.0,50202.0,0.9927891319070954,7.0,0.007,105.0,39340.0,46.0,59.0,4.0,3.0,24085.0,25755.0,722.0,741.0,78.0,59.0,39340.0,393.39999999999907,100.0,1000,0,1000,0.21420666598714888,895,0,0,0,0,0,0,0,0,0,0,0,1,1,0,0,44,0,0,0,0,0,0,0,0,0,0,1,1,3,4,0,50,1.492436408996582,0.08160803467035294,2.8382489681243896,0.3221571743488312,0.025751999999999997
238,50909.0,647.0,51556.0,51556.0,0.9874505392194894,9.0,0.009,107.0,40209.0,48.0,59.0,4.0,5.0,24262.0,26647.0,531.0,580.0,269.0,220.0,40209.0,402.09000000000026,100.0,1000,0,1000,0.21927366591989994,893,0,0,1,0,1,0,0,0,0,0,0,1,1,0,0,44,0,0,0,0,0,0,0,1,0,0,0,3,0,4,0,51,0.49791619181632996,-0.08094170689582825,1.183021903038025,0.4916854798793793,0.025734
239,47921.0,1697.0,49618.0,49618.0,0.9657987020839212,20.0,0.02,141.0,33821.0,90.0,51.0,9.0,11.0,24435.0,23486.0,567.0,227.0,87.0,0.0,33821.0,338.2100000000004,100.0,1000,0,1000,0.2143731249962002,859,44,0,0,0,0,0,1,0,0,2,0,0,0,0,0,43,0,0,0,0,0,0,0,0,0,0,0,2,1,4,0,44,1.5303057432174683,-0.0009539348538964987,3.088484764099121,0.5048507452011108,0.025716
240,48289.0,946.0,49235.0,49235.0,0.9807860262008734,9.0,0.009,136.0,34689.0,81.0,55.0,4.0,5.0,23967.0,24322.0,562.0,627.0,232.25,173.0,34689.0,346.89,100.0,1000,1,999,0.22213983302935958,864,37,0,0,0,1,0,0,0,0,1,0,0,0,0,0,42,0,0,0,0,0,0,0,1,0,0,0,3,2,1,0,48,0.7924885153770447,-0.04571254551410675,1.703608512878418,0.5293494462966919,0.025698
241,48738.0,585.0,49323.0,49323.0,0.9881394075786144,10.0,0.01,141.0,34638.0,80.0,61.0,5.0,5.0,23388.0,25350.0,683.0,576.75,117.0,223.25,34638.0,346.3800000000002,100.0,1000,0,1000,0.21747008408419788,859,37,0,1,0,0,0,0,0,0,2,0,0,0,0,0,40,0,0,0,0,0,0,0,1,0,0,0,3,2,2,0,53,0.5619114637374878,-0.03809349611401558,1.2240310907363892,0.46770089864730835,0.025679999999999998
242,48731.0,922.0,49653.0,49653.0,0.9814311320564719,10.0,0.01,126.0,36131.0,71.0,55.0,4.0,6.0,22769.0,25962.0,374.0,486.0,426.0,314.0,36131.0,361.31,100.0,1000,0,1000,0.21925695799291134,874,31,0,0,0,0,0,0,0,0,1,2,0,0,0,0,37,0,0,0,0,0,0,0,0,0,0,0,2,0,2,0,51,0.9971509575843811,-0.017427809536457062,2.056053638458252,0.5240463614463806,0.025661999999999997
243,49558.0,1099.0,50657.0,50657.0,0.9783050713622994,10.0,0.01,119.0,37658.0,61.0,58.0,6.0,4.0,23687.0,25871.0,574.0,422.0,226.0,378.0,37658.0,376.5799999999992,100.0,1000,0,1000,0.21856166585348547,881,15,0,0,0,0,0,0,0,2,4,0,0,1,0,0,39,0,0,0,0,0,0,0,1,0,0,0,6,1,2,0,48,1.3844149112701416,0.13339538872241974,2.5283682346343994,0.5133635401725769,0.025644
244,46506.0,226.0,46732.0,46732.0,0.995163913378413,5.0,0.005,132.0,33306.0,74.0,58.0,4.0,1.0,23876.0,22630.0,544.0,554.0,243.125,246.0,33306.0,333.06000000000046,100.0,1000,0,1000,0.2189901671372354,868,30,0,0,0,0,0,0,0,0,1,0,1,0,0,0,42,0,0,0,0,0,0,0,1,0,0,1,5,0,2,0,49,1.163861632347107,0.01939205639064312,2.3090343475341797,0.39208608865737915,0.025626
245,49491.0,361.0,49852.0,49852.0,0.9927585653534462,6.0,0.006,116.0,37891.0,59.0,57.0,5.0,1.0,23498.0,25993.0,532.0,478.0,268.0,322.0,37891.0,378.9100000000005,100.0,1000,0,1000,0.21926779206842184,884,16,0,0,0,0,0,0,1,0,1,0,0,1,0,0,40,0,0,0,0,0,0,0,0,0,0,0,5,1,0,0,51,0.9033686518669128,0.019984249025583267,1.791955828666687,0.49177926778793335,0.025608
246,47980.0,495.0,48475.0,48475.0,0.9897885507993811,9.0,0.009,113.0,36680.0,53.0,60.0,6.0,3.0,23790.0,24190.0,349.0,750.0,451.0,0.0,36680.0,366.80000000000024,100.0,1000,0,1000,0.21464799996465445,887,11,0,0,0,0,0,0,1,0,2,0,1,4,0,0,34,0,1,0,0,0,0,0,3,0,0,0,2,3,0,0,51,1.2490519285202026,0.015134293586015701,2.4894540309906006,0.42240768671035767,0.025589999999999998
247,51159.0,1068.0,52227.0,52227.0,0.9795508070538227,12.0,0.012,112.0,39959.0,57.0,55.0,10.0,2.0,26018.0,25141.0,593.0,590.0,75.0,210.0,39959.0,399.59000000000015,100.0,1000,0,1000,0.21959933312609792,888,9,0,0,0,0,0,0,1,0,0,1,1,0,0,0,45,0,0,0,0,0,0,0,2,0,0,0,4,0,0,0,49,0.9192674160003662,-0.0553046353161335,1.9710867404937744,0.4290367066860199,0.025571999999999998
248,48641.0,693.0,49334.0,49334.0,0.9859528925284794,13.0,0.013,112.0,37441.0,62.0,50.0,8.0,5.0,24511.0,24130.0,562.0,716.0,238.0,84.0,37441.0,374.40999999999985,100.0,1000,0,1000,0.21379941678605974,888,15,0,1,0,0,0,0,1,1,0,1,0,1,0,0,42,0,0,0,0,0,0,0,0,0,0,0,1,0,1,0,48,1.3401926755905151,0.11627007275819778,2.4693758487701416,0.421276330947876,0.025554
249,49997.0,697.0,50694.0,50694.0,0.9862508383635145,14.0,0.014,109.0,39097.0,56.0,53.0,11.0,3.0,25204.0,24793.0,413.0,438.0,387.0,0.0,39097.0,390.9699999999995,100.0,1000,0,1000,0.22048024996183813,891,9,0,0,0,0,0,0,0,2,0,0,0,0,0,0,45,0,0,0,0,0,0,0,1,0,0,0,5,0,1,0,46,0.4058440923690796,-0.04182213172316551,0.916791558265686,0.4201730191707611,0.025536
250,51790.0,1221.0,53011.0,53011.0,0.9769670445756541,16.0,0.016,111.0,40690.0,55.0,56.0,7.0,9.0,25340.0,26450.0,511.4375,435.0,288.5625,365.0,40690.0,406.8999999999995,100.0,1000,0,1000,0.21457870909944177,889,4,0,1,0,0,0,0,1,0,0,1,0,2,0,0,46,0,0,0,0,0,0,0,0,0,0,0,3,0,1,0,52,0.9212253093719482,-0.018473148345947266,1.897671103477478,0.3580644428730011,0.025518
251,48211.0,1511.0,49722.0,49722.0,0.9696110373677648,9.0,0.009,103.0,37911.0,50.0,53.0,8.0,1.0,24864.0,23347.0,448.0,308.0,352.0,0.0,37911.0,379.1099999999995,100.0,1000,0,1000,0.2146462497767061,897,2,0,0,0,0,0,0,0,1,3,0,0,1,0,0,43,0,0,0,0,0,0,0,2,0,0,0,4,0,0,0,47,0.9197283387184143,-0.0023667977657169104,1.861212134361267,0.3337618410587311,0.0255
252,48730.0,1054.0,49784.0,49784.0,0.9788285392897317,15.0,0.015,94.0,39330.0,50.0,44.0,3.0,12.0,25384.0,23346.0,437.0,532.0,363.0,268.0,39330.0,393.30000000000007,100.0,1000,0,1000,0.21929983398877084,906,5,0,0,0,0,0,0,0,0,1,0,1,0,0,0,43,0,0,0,0,0,0,0,0,0,0,0,2,1,0,0,41,0.8890522718429565,0.04111909866333008,1.714921236038208,0.37388813495635986,0.025481999999999998
253,48001.0,861.0,48862.0,48862.0,0.9823789447832671,16.0,0.016,95.0,38501.0,49.0,46.0,8.0,8.0,25668.0,22333.0,534.0,358.0,266.0,442.0,38501.0,385.0099999999994,100.0,1000,0,1000,0.21513041597791016,905,4,0,0,0,0,0,0,0,0,1,0,0,1,0,0,43,0,0,0,0,0,0,0,0,0,0,1,2,1,4,0,38,0.7999554872512817,-0.11275140941143036,1.8444215059280396,0.3732256293296814,0.025464
254,49552.0,823.0,50375.0,50375.0,0.9836625310173698,16.0,0.016,101.0,39452.0,49.0,52.0,11.0,5.0,25752.0,23800.0,185.0,659.0,0.0,141.0,39452.0,394.5199999999998,100.0,1000,0,1000,0.22037312504835427,899,4,0,0,0,0,0,0,0,1,0,0,0,0,0,0,44,0,0,0,0,0,0,0,0,0,1,0,3,2,0,0,46,0.6977218985557556,0.00433072354644537,1.4043824672698975,0.34583190083503723,0.025446
255,49530.0,820.0,50350.0,50350.0,0.9837140019860973,15.0,0.015,97.0,39830.0,47.0,50.0,8.0,7.0,23387.0,26143.0,475.0,730.0,325.0,70.0,39830.0,398.3000000000012,100.0,1000,0,1000,0.21420516609214246,903,3,0,0,0,1,0,0,2,0,0,0,2,0,0,0,39,0,0,0,0,0,0,0,0,0,0,1,1,1,0,0,47,0.7829852104187012,-0.06096382811665535,1.706207036972046,0.36001551151275635,0.025428
256,48993.0,770.0,49763.0,49763.0,0.9845266563511043,13.0,0.013,97.0,39293.0,47.0,50.0,9.0,4.0,24111.0,24882.0,705.0,594.0,95.0,206.0,39293.0,392.9299999999998,100.0,1000,0,1000,0.2197014580015093,903,4,0,2,0,0,0,0,1,0,0,0,1,0,0,0,39,0,0,0,0,0,0,0,0,0,0,0,0,1,2,0,47,0.4086863100528717,-0.06950818747282028,0.9742346405982971,0.3511536121368408,0.02541
257,49018.0,849.0,49867.0,49867.0,0.9829747127358774,14.0,0.014,95.0,39518.0,45.0,50.0,10.0,4.0,24387.0,24631.0,750.0,250.0,50.0,550.0,39518.0,395.1800000000001,100.0,1000,0,1000,0.21389025007374585,905,1,0,0,0,0,0,0,1,1,1,0,0,0,0,0,41,0,0,0,0,0,0,0,1,0,0,0,0,0,1,0,48,0.6299574971199036,-0.0178492721170187,1.312595009803772,0.33438754081726074,0.025391999999999998
258,48648.0,1288.0,49936.0,49936.0,0.9742069849407241,19.0,0.019,92.0,39448.0,43.0,49.0,13.0,6.0,24613.0,24035.0,750.0,341.0,50.0,459.0,39448.0,394.4800000000001,100.0,1000,0,1000,0.21862887497991323,908,2,0,0,0,0,0,0,1,0,0,0,0,0,0,0,40,0,0,0,0,0,0,0,0,0,0,0,0,2,5,0,42,0.6438817977905273,-0.13436894118785858,1.5742322206497192,0.34938716888427734,0.025374
259,49340.0,964.0,50304.0,50304.0,0.9808365139949109,18.0,0.018,95.0,39840.0,42.0,53.0,13.0,5.0,24335.0,25005.0,276.0,453.0,40.0,347.0,39840.0,398.4000000000002,100.0,1000,0,1000,0.2139855409041047,905,1,0,0,0,0,0,0,0,0,0,0,0,1,0,0,40,0,0,0,0,0,0,0,1,0,0,0,1,4,2,0,45,1.9197449684143066,0.15822401642799377,3.538102865219116,0.2969898283481598,0.025356
260,49243.0,1460.0,50703.0,50703.0,0.9712048596729976,25.0,0.025,100.0,39243.0,47.0,53.0,19.0,6.0,25133.0,24110.0,666.5625,681.0,133.4375,119.0,39243.0,392.43000000000006,100.0,1000,0,1000,0.2203724158462137,900,3,0,0,0,1,0,1,1,1,1,0,1,1,0,0,37,0,0,0,0,0,0,0,0,0,1,0,1,2,2,0,47,0.8493860363960266,-0.000896083889529109,1.7193604707717896,0.3709091246128082,0.025338
261,48363.0,1408.0,49771.0,49771.0,0.9717104337867433,22.0,0.022,89.0,39463.0,40.0,49.0,15.0,7.0,23890.0,24473.0,393.75,708.0,406.25,92.0,39463.0,394.62999999999954,100.0,1000,0,1000,0.21382625005207956,911,1,0,0,0,0,0,0,0,0,0,0,2,0,0,0,37,0,0,0,0,0,0,0,1,0,0,0,0,0,2,0,46,0.8492034673690796,-0.04793110489845276,1.8116108179092407,0.34244826436042786,0.02532
262,47848.0,1771.0,49619.0,49619.0,0.9643080271670126,34.0,0.034,91.0,38748.0,42.0,49.0,21.0,13.0,24345.0,23503.0,90.0,694.0,0.0,106.0,38748.0,387.4799999999999,100.0,1000,0,1000,0.21549100009724498,909,1,0,0,0,1,0,0,1,2,0,0,0,0,0,0,37,0,0,0,0,0,0,0,0,0,1,1,0,0,4,0,43,0.7116051912307739,-0.03861431032419205,1.5187172889709473,0.3612014949321747,0.025301999999999998
263,48734.0,1451.0,50185.0,50185.0,0.9710869781807313,24.0,0.024,88.0,39934.0,40.0,48.0,12.0,12.0,23856.0,24878.0,725.0,167.0,75.0,20.0,39934.0,399.34000000000015,100.0,1000,1,999,0.2144822091795504,912,1,0,0,0,0,0,0,0,0,0,0,1,1,0,0,37,0,0,0,0,0,0,0,1,0,0,0,1,0,4,0,42,0.5332491397857666,-0.015910549089312553,1.1158336400985718,0.34635037183761597,0.025284
264,48797.0,862.0,49659.0,49659.0,0.9826416158198916,14.0,0.014,98.0,38997.0,47.0,51.0,11.0,3.0,24262.0,24535.0,492.0,568.796875,48.0,57.0,38997.0,389.9700000000003,100.0,1000,0,1000,0.21587166702374816,902,1,0,1,0,0,0,0,0,0,2,0,1,0,0,0,42,0,0,0,0,0,0,0,0,0,1,2,3,0,4,0,41,1.1873161792755127,0.021809374913573265,2.343660593032837,0.2502754032611847,0.025265999999999997
265,48409.0,1320.0,49729.0,49729.0,0.973456132236723,24.0,0.024,85.0,39909.0,42.0,43.0,14.0,10.0,24320.0,24089.0,602.0,800.0,198.0,0.0,39909.0,399.08999999999986,100.0,1000,0,1000,0.21524224989116192,915,1,0,0,0,0,0,0,0,0,1,0,1,0,0,0,39,0,0,0,0,0,0,0,2,0,0,0,1,1,0,0,39,1.098890781402588,0.02565082721412182,2.1658408641815186,0.38341566920280457,0.025248
266,49379.0,623.0,50002.0,50002.0,0.9875404983800647,13.0,0.013,88.0,40579.0,44.0,44.0,3.0,10.0,25002.0,24377.0,322.0,291.0,478.0,509.0,40579.0,405.78999999999945,100.0,1000,0,1000,0.21914979093708098,912,1,0,0,0,0,0,0,0,0,1,0,0,0,0,0,42,0,0,0,0,0,0,0,2,0,0,0,0,0,2,0,40,0.6301820874214172,-0.042739953845739365,1.3647119998931885,0.37392017245292664,0.02523
267,51303.0,608.0,51911.0,51911.0,0.9882876461636262,10.0,0.01,101.0,41203.0,47.0,54.0,5.0,5.0,24975.0,26328.0,24.0,732.0,47.0,68.0,41203.0,412.03,100.0,1000,0,1000,0.21523954207077622,899,1,0,0,0,0,0,0,0,0,1,0,0,0,0,0,45,0,0,0,0,0,0,0,0,0,0,1,0,0,1,0,52,1.3868250846862793,0.03258761018514633,2.724752902984619,0.3228234648704529,0.025212
268,48348.0,1210.0,49558.0,49558.0,0.975584164009847,11.0,0.011,93.0,39048.0,48.0,45.0,4.0,7.0,24736.0,23612.0,586.0,646.0,214.0,154.0,39048.0,390.47999999999973,100.0,1000,0,1000,0.21466604201123118,907,0,0,0,0,0,0,0,0,0,0,0,0,0,0,0,48,0,0,0,0,0,0,0,0,0,0,0,0,1,1,0,43,2.0838277339935303,-0.003657141700387001,4.191081523895264,0.31976041197776794,0.025194
269,49605.0,586.0,50191.0,50191.0,0.9883246000278935,9.0,0.009,94.0,40205.0,50.0,44.0,2.0,7.0,24205.0,25400.0,589.0,447.0,211.0,353.0,40205.0,402.05000000000024,100.0,1000,1,999,0.219685124931857,906,0,0,0,0,0,0,0,2,0,0,0,0,0,0,0,48,0,0,0,0,0,0,0,0,0,0,0,1,0,0,0,43,1.5672566890716553,0.03188452497124672,3.0868589878082275,0.320038765668869,0.025175999999999997
270,49558.0,306.0,49864.0,49864.0,0.9938633081982994,4.0,0.004,102.0,39358.0,50.0,52.0,1.0,3.0,23679.0,25879.0,687.0,671.0,113.0,129.0,39358.0,393.5800000000001,100.0,1000,0,1000,0.2148532911669463,898,0,0,0,0,0,0,0,1,0,0,1,1,0,0,0,47,0,0,0,0,0,0,0,1,0,0,1,1,1,2,0,46,1.7360910177230835,0.09112348407506943,3.304825782775879,0.2959442734718323,0.025158
271,49103.0,697.0,49800.0,49800.0,0.986004016064257,13.0,0.013,99.0,39203.0,53.0,46.0,3.0,10.0,24424.0,24679.0,588.0,482.0,212.0,318.0,39203.0,392.0299999999999,100.0,1000,0,1000,0.21961008314974606,901,1,0,1,0,0,0,0,0,0,0,0,0,0,0,0,51,0,0,0,0,0,0,0,0,0,0,0,1,1,1,0,43,0.5835140943527222,-0.05748468264937401,1.296209454536438,0.28265565633773804,0.02514
272,49281.0,810.0,50091.0,50091.0,0.9838294304366054,14.0,0.014,93.0,39981.0,46.0,47.0,6.0,8.0,25027.0,24254.0,390.0,737.0,410.0,63.0,39981.0,399.81,100.0,1000,0,1000,0.21393424994312227,907,0,0,0,0,0,0,0,0,0,0,0,1,0,0,0,45,0,0,0,0,0,0,0,0,0,0,1,0,1,0,0,45,1.4322980642318726,0.016227776184678078,2.850445032119751,0.3643108904361725,0.025122
273,50516.0,568.0,51084.0,51084.0,0.9888810586485005,8.0,0.008,105.0,40016.0,53.0,52.0,1.0,7.0,25621.0,24895.0,578.0,526.0,222.0,125.5,40016.0,400.1599999999991,100.0,1000,1,999,0.21912529203109443,895,0,0,1,0,0,0,0,0,2,0,0,1,0,0,0,49,0,0,0,0,0,0,0,0,0,0,1,2,1,1,0,47,1.59855055809021,0.09419742971658707,3.0229434967041016,0.2835642695426941,0.025103999999999998
274,49193.0,1273.0,50466.0,50466.0,0.9747750961043079,15.0,0.015,93.0,39893.0,51.0,42.0,6.0,9.0,24874.0,24319.0,699.0,299.0,101.0,501.0,39893.0,398.9299999999991,100.0,1000,0,1000,0.21400750009343028,907,2,0,0,0,0,0,0,1,0,0,0,0,0,0,0,48,0,0,0,0,0,0,0,1,0,0,0,1,0,0,0,40,0.8144018054008484,-0.041310813277959824,1.7297197580337524,0.36463773250579834,0.025085999999999997
275,48822.0,2402.0,51224.0,51224.0,0.9531079181633609,20.0,0.02,103.0,38522.0,57.0,46.0,3.0,17.0,23286.0,25536.0,535.0,424.0,265.0,376.0,38522.0,385.2200000000009,100.0,1000,1,999,0.2154318338725716,897,2,0,0,0,0,0,0,0,1,2,0,1,1,0,0,50,0,0,0,0,0,0,0,1,0,0,0,1,0,1,0,43,1.4236927032470703,0.10162875801324844,2.6609907150268555,0.3363402485847473,0.025068
276,50254.0,682.0,50936.0,50936.0,0.9866106486571383,13.0,0.013,98.0,40454.0,48.0,50.0,4.0,9.0,24582.0,25672.0,772.0,465.0,28.0,335.0,40454.0,404.54000000000036,100.0,1000,0,1000,0.21478916704654694,902,0,0,0,0,0,0,0,0,1,0,0,0,0,0,0,47,0,0,0,0,0,0,0,1,0,0,0,2,2,5,0,40,0.9541586637496948,0.005638863425701857,1.9141366481781006,0.34125664830207825,0.02505
277,49829.0,697.0,50526.0,50526.0,0.9862051221153465,11.0,0.011,102.0,39629.0,54.0,48.0,5.0,6.0,26610.0,23219.0,169.0,723.0,0.0,77.0,39629.0,396.28999999999974,100.0,1000,1,999,0.21989983296953142,898,0,0,0,0,0,0,0,0,1,1,0,0,0,0,0,52,0,0,0,0,0,0,0,4,0,1,0,2,1,0,0,40,0.5585789084434509,-0.04347379133105278,1.2220228910446167,0.3578924536705017,0.025032
278,48362.0,920.0,49282.0,49282.0,0.9813319264640233,17.0,0.017,101.0,38262.0,58.0,43.0,9.0,8.0,25121.0,23241.0,421.0,768.0,379.0,32.0,38262.0,382.6199999999999,100.0,1000,0,1000,0.22150179091840982,899,2,0,0,0,0,0,0,0,1,2,0,0,0,0,0,53,0,0,0,0,0,0,0,1,0,0,2,0,0,1,0,39,1.1419123411178589,0.05471261963248253,2.188427686691284,0.28040754795074463,0.025013999999999998
279,48302.0,659.0,48961.0,48961.0,0.9865403075917567,12.0,0.012,98.0,38502.0,53.0,45.0,0.0,12.0,23933.0,24369.0,701.0,279.0,99.0,521.0,38502.0,385.02,100.0,1000,0,1000,0.21479704114608467,902,0,0,0,0,0,0,0,0,0,0,0,1,0,0,0,52,0,0,0,0,0,0,0,0,0,0,0,1,2,4,0,38,1.1890579462051392,0.06597398966550827,2.262641668319702,0.32952940464019775,0.024995999999999997
280,48972.0,1981.0,50953.0,50953.0,0.9611210331089436,20.0,0.02,96.0,39372.0,50.0,46.0,5.0,15.0,24432.0,24540.0,492.0,742.5,308.0,57.5,39372.0,393.72000000000037,100.0,1000,1,999,0.22148541593924165,904,0,0,0,0,0,0,0,0,0,2,0,0,0,0,0,48,0,0,0,0,0,0,0,4,0,0,0,0,1,5,0,36,1.2507604360580444,-0.027557330206036568,2.5730180740356445,0.32793763279914856,0.024978
281,49215.0,1060.0,50275.0,50275.0,0.9789159622078568,16.0,0.016,96.0,39615.0,54.0,42.0,4.0,12.0,25669.0,23546.0,535.0,686.0,265.0,114.0,39615.0,396.1499999999998,100.0,1000,0,1000,0.21410666592419147,904,2,0,1,0,0,0,0,0,2,0,0,1,0,0,0,48,0,0,0,0,0,0,0,1,0,1,0,0,0,2,0,38,1.5721880197525024,0.044562216848134995,3.0724899768829346,0.3453199863433838,0.02496
282,49333.0,1125.0,50458.0,50458.0,0.9777042292599786,16.0,0.016,93.0,40033.0,52.0,41.0,10.0,6.0,26676.0,22657.0,495.0,544.0,305.0,0.0,40033.0,400.33000000000044,100.0,1000,0,1000,0.21944162482395768,907,1,0,0,0,0,0,0,0,0,0,0,0,0,0,0,51,0,0,0,0,0,0,0,1,0,0,0,0,3,4,0,33,0.7796517014503479,-0.02385575696825981,1.6225239038467407,0.3109009563922882,0.024942
283,50175.0,1272.0,51447.0,51447.0,0.9752755262697533,20.0,0.02,99.0,40275.0,53.0,46.0,3.0,17.0,24712.0,25463.0,652.0,254.0,148.0,51.0,40275.0,402.75000000000057,100.0,1000,0,1000,0.2147872499190271,901,1,0,1,0,0,0,0,0,1,0,1,1,1,0,0,47,0,0,0,0,0,0,0,3,0,0,0,1,2,2,0,38,0.5747690796852112,-0.08823493123054504,1.3420411348342896,0.32163822650909424,0.024923999999999998
284,49787.0,762.0,50549.0,50549.0,0.984925517814398,11.0,0.011,95.0,40287.0,50.0,45.0,4.0,7.0,25164.0,24623.0,633.0,230.0,167.0,141.25,40287.0,402.8700000000002,100.0,1000,0,1000,0.21403170796111226,905,0,0,0,0,0,0,0,0,0,0,1,1,0,0,0,48,0,0,0,0,0,0,0,1,0,0,0,0,1,3,0,40,1.304190754890442,0.0009569916292093694,2.6212878227233887,0.29752540588378906,0.024905999999999998
285,48140.0,1553.0,49693.0,49693.0,0.9687481134163766,18.0,0.018,92.0,38940.0,49.0,43.0,6.0,12.0,25109.0,23031.0,380.0,289.0,0.0,511.0,38940.0,389.40000000000083,100.0,1000,0,1000,0.21480900002643466,908,0,0,0,0,0,0,0,0,0,0,0,0,0,0,0,49,0,0,0,0,0,0,0,0,0,0,0,1,1,1,0,40,1.208221435546875,-0.01688208244740963,2.464271068572998,0.2825470268726349,0.024888
286,49037.0,875.0,49912.0,49912.0,0.9824691456964257,17.0,0.017,93.0,39737.0,47.0,46.0,6.0,11.0,24007.0,25030.0,643.0,649.0,157.0,151.0,39737.0,397.3699999999996,100.0,1000,0,1000,0.21965233283117414,907,1,0,1,0,0,0,0,0,0,0,0,1,0,0,0,44,0,0,0,0,0,0,0,2,0,0,0,0,8,3,0,33,0.6590184569358826,-0.032463084906339645,1.397936224937439,0.30102941393852234,0.02487
287,49398.0,1064.0,50462.0,50462.0,0.9789148269985336,18.0,0.018,89.0,40498.0,49.0,40.0,6.0,12.0,26151.0,23247.0,655.0,342.0,145.0,458.0,40498.0,404.98000000000076,100.0,1000,0,1000,0.21414145804010332,911,0,0,0,0,1,0,0,1,0,0,0,1,0,0,0,46,0,0,0,0,0,0,0,0,0,0,0,0,1,2,0,37,0.9138895273208618,0.0054590762592852116,1.8352779150009155,0.3705328702926636,0.024852
288,48508.0,1391.0,49899.0,49899.0,0.9721236898535041,21.0,0.021,89.0,39608.0,46.0,43.0,11.0,10.0,26156.0,22352.0,599.0,640.0,201.0,160.0,39608.0,396.0800000000002,100.0,1000,0,1000,0.21464850008487701,911,0,0,0,0,0,0,0,1,0,0,0,2,0,0,0,43,0,0,0,0,0,0,0,1,0,0,0,0,3,2,0,37,1.1380829811096191,0.026600997895002365,2.238772392272949,0.3182826340198517,0.024834
289,48341.0,1210.0,49551.0,49551.0,0.9755807148190753,21.0,0.021,93.0,39041.0,48.0,45.0,10.0,11.0,25857.0,22484.0,692.0,243.0,108.0,557.0,39041.0,390.4099999999995,100.0,1000,0,1000,0.21896287496201694,907,0,0,0,0,0,0,1,0,1,0,0,1,0,0,0,45,0,0,0,0,0,0,0,4,0,0,0,1,3,2,0,35,2.0062217712402344,0.16041848063468933,3.706601142883301,0.3021123707294464,0.024815999999999998
290,48715.0,1254.0,49969.0,49969.0,0.974904440753267,24.0,0.024,86.0,40115.0,43.0,43.0,6.0,18.0,24228.0,24487.0,447.0,503.5,353.0,296.5,40115.0,401.14999999999986,100.0,1000,1,999,0.2196734589524567,914,0,0,0,0,0,0,0,0,0,0,0,1,0,0,0,42,0,0,0,0,0,0,0,0,0,0,0,2,3,2,0,36,0.9217139482498169,-0.018659254536032677,1.896532654762268,0.3182981610298157,0.024798
291,49918.0,536.0,50454.0,50454.0,0.9893764617275141,10.0,0.01,93.0,40618.0,46.0,47.0,5.0,5.0,25285.0,24633.0,194.0,536.0,76.0,264.0,40618.0,406.1800000000004,100.0,1000,1,999,0.2145036249421537,907,0,0,0,0,0,0,0,0,2,0,0,2,0,0,0,42,0,0,0,0,0,0,0,0,0,0,0,0,1,1,0,45,0.7617179751396179,-0.05379534140229225,1.643437385559082,0.25041839480400085,0.02478
292,47044.0,2047.0,49091.0,49091.0,0.9583019290705017,33.0,0.033,78.0,39244.0,37.0,41.0,18.0,15.0,22567.0,24477.0,728.0,556.0,72.0,244.0,39244.0,392.44,100.0,1000,0,1000,0.2189157500397414,922,0,0,0,0,0,0,0,0,0,0,0,0,0,0,0,37,0,0,0,0,0,0,0,1,0,0,0,0,0,0,0,40,1.02910315990448,-0.02654220163822174,2.1242825984954834,0.2623376250267029,0.024762
293,47012.0,3958.0,50970.0,50970.0,0.9223464783205807,49.0,0.049,79.0,39112.0,37.0,42.0,35.0,14.0,22884.0,24128.0,197.0,640.0,603.0,160.0,39112.0,391.1199999999999,100.0,1000,0,1000,0.21839112509042025,921,0,0,1,0,0,0,0,0,1,0,0,2,0,0,0,33,0,0,0,0,0,0,0,0,0,0,0,3,1,0,0,38,1.058154821395874,-0.08417008072137833,2.3012726306915283,0.3358946442604065,0.024744
294,48201.0,1929.0,50130.0,50130.0,0.9615200478755236,30.0,0.03,82.0,40001.0,42.0,40.0,8.0,22.0,24242.0,23959.0,489.25,395.0,310.75,0.0,40001.0,400.0100000000003,100.0,1000,0,1000,0.21856641583144665,918,0,0,0,0,0,0,0,0,0,1,0,2,0,0,0,39,0,0,0,0,0,0,0,0,0,0,0,0,1,1,0,38,1.8462814092636108,0.09516560286283493,3.5172266960144043,0.3032275438308716,0.024725999999999998
295,49101.0,1172.0,50273.0,50273.0,0.9766872874107374,20.0,0.02,90.0,40101.0,45.0,45.0,8.0,12.0,24972.0,24129.0,282.0,629.0,0.0,171.0,40101.0,401.0100000000001,100.0,1000,1,999,0.21506854193285108,910,0,0,0,0,0,0,0,1,0,0,0,2,0,0,0,42,0,0,0,0,0,0,0,3,0,0,0,0,1,4,0,37,1.0207582712173462,-0.027472425252199173,2.111715316772461,0.3086879253387451,0.024708
296,48530.0,1314.0,49844.0,49844.0,0.9736377497793115,20.0,0.02,85.0,40030.0,43.0,42.0,8.0,12.0,24137.0,24393.0,428.0,442.0,162.75,358.0,40030.0,400.29999999999984,100.0,1000,1,999,0.21945820795372128,915,0,0,0,0,0,0,0,0,1,0,0,0,0,0,0,42,0,0,0,0,0,0,0,0,0,0,0,0,1,3,0,38,1.3839364051818848,0.05849360302090645,2.6669507026672363,0.3253369927406311,0.02469
297,48949.0,964.0,49913.0,49913.0,0.9806863943261275,16.0,0.016,91.0,39849.0,45.0,46.0,11.0,5.0,24704.0,24245.0,448.0,275.0,352.0,525.0,39849.0,398.49,100.0,1000,2,998,0.2140355829615146,909,0,0,0,0,0,0,0,1,0,0,0,0,0,0,0,44,0,0,1,0,0,0,0,0,0,0,0,4,2,1,0,38,0.8265727758407593,-0.048651937395334244,1.7668817043304443,0.33301571011543274,0.024672
298,47675.0,1934.0,49609.0,49609.0,0.9610151383821484,34.0,0.034,83.0,39375.0,40.0,43.0,9.0,25.0,22841.0,24834.0,426.0,442.0,374.0,358.0,39375.0,393.7499999999991,100.0,1000,0,1000,0.21916745812632143,917,0,0,0,0,0,0,0,0,0,0,0,1,0,0,0,39,0,0,0,0,0,0,0,0,0,1,0,1,2,2,0,37,0.29563915729522705,-0.06301981210708618,0.7345353364944458,0.3491804897785187,0.024654
299,48179.0,1450.0,49629.0,49629.0,0.9707832114288018,23.0,0.023,96.0,38579.0,45.0,51.0,15.0,8.0,23600.0,24579.0,342.0,738.0,458.0,62.0,38579.0,385.7899999999995,100.0,1000,0,1000,0.22192304115742445,904,0,0,0,0,0,0,0,0,0,1,0,1,0,0,0,43,0,0,1,0,0,0,0,0,0,0,0,2,0,0,0,48,0.9854012727737427,-0.007590726483613253,2.0025808811187744,0.3368428945541382,0.024635999999999998
300,48574.0,319.0,48893.0,48893.0,0.9934755486470456,6.0,0.006,93.0,39274.0,45.0,48.0,4.0,2.0,24414.0,24160.0,83.0,703.0,0.0,97.0,39274.0,392.7399999999999,100.0,1000,0,1000,0.21906937495805323,907,0,0,0,0,0,0,0,1,1,1,0,1,0,0,0,41,0,0,0,0,0,0,0,1,0,0,1,1,0,0,0,45,1.0449671745300293,0.015295157209038734,2.0756146907806396,0.33046242594718933,0.024618
301,47939.0,454.0,48393.0,48393.0,0.9906184778790321,6.0,0.006,94.0,38539.0,42.0,52.0,4.0,2.0,22544.0,25395.0,683.0,442.0,117.0,358.0,38539.0,385.3900000000002,100.0,1000,0,1000,0.21473858295939863,906,0,0,0,0,0,0,0,0,0,0,0,0,0,0,0,42,0,0,0,0,0,0,0,0,0,0,0,3,0,1,0,48,1.177006721496582,-0.008406870998442173,2.384735584259033,0.2826903462409973,0.024599999999999997
302,49077.0,618.0,49695.0,49695.0,0.9875641412616963,10.0,0.01,97.0,39377.0,48.0,49.0,2.0,8.0,23973.0,25104.0,564.0,697.0,236.0,103.0,39377.0,393.7700000000005,100.0,1000,2,998,0.21999637503176928,903,0,0,0,0,0,0,0,0,0,0,0,1,0,0,0,47,0,0,0,0,0,0,0,0,0,0,0,0,0,1,0,48,1.5845214128494263,0.08938068896532059,3.004060983657837,0.2802789509296417,0.024582
303,48783.0,571.0,49354.0,49354.0,0.9884305223487458,11.0,0.011,94.0,39383.0,49.0,45.0,7.0,4.0,23483.0,25300.0,431.0,308.0,369.0,0.0,39383.0,393.8299999999997,100.0,1000,0,1000,0.21855404204688966,906,0,0,0,0,0,0,0,0,0,0,0,5,1,0,0,43,0,0,0,0,0,0,0,0,0,0,0,0,0,1,0,44,1.1670223474502563,0.03556292504072189,2.278778076171875,0.322814017534256,0.024564
304,50998.0,1582.0,52580.0,52580.0,0.9699125142639787,23.0,0.023,96.0,41398.0,51.0,45.0,11.0,12.0,24863.0,26135.0,409.0,511.0,0.0,289.0,41398.0,413.98000000000064,100.0,1000,2,998,0.2188865840435028,904,0,0,2,0,0,0,0,0,0,0,0,2,0,0,0,47,0,0,0,0,0,0,0,0,0,0,0,1,1,0,0,43,2.005732774734497,0.02449885755777359,3.976752519607544,0.2909809350967407,0.024546
305,48462.0,1201.0,49663.0,49663.0,0.9758170066246501,19.0,0.019,89.0,39562.0,46.0,43.0,5.0,14.0,24987.0,23475.0,567.0,677.0,233.0,34.0,39562.0,395.61999999999983,100.0,1000,2,998,0.21521924994885921,911,0,0,0,0,0,0,0,0,1,0,0,1,0,0,0,44,0,0,0,0,0,0,0,0,0,0,0,2,1,0,0,40,0.9987017512321472,-0.0414603129029274,2.095165252685547,0.30253612995147705,0.024528
306,49386.0,2331.0,51717.0,51717.0,0.9549277800336446,29.0,0.029,88.0,40586.0,44.0,44.0,17.0,12.0,26104.0,23282.0,246.0,681.0,554.0,119.0,40586.0,405.8599999999993,100.0,1000,2,998,0.21557425009086728,912,0,0,0,0,0,0,0,0,0,0,0,1,0,0,0,43,0,0,0,0,0,0,0,1,0,1,0,0,2,0,0,40,0.920863926410675,0.02586132101714611,1.8081296682357788,0.3697368800640106,0.024509999999999997
307,49386.0,875.0,50261.0,50261.0,0.9825908756292155,12.0,0.012,99.0,39486.0,52.0,47.0,3.0,9.0,24809.0,24577.0,415.0,730.625,0.0,69.375,39486.0,394.8599999999998,100.0,1000,3,997,0.22060341597534716,901,0,0,0,0,0,0,0,0,0,0,0,1,0,0,0,51,0,0,0,0,0,0,0,1,0,0,0,0,1,1,0,44,2.084700107574463,0.07708432525396347,4.031887531280518,0.3400234282016754,0.024492
308,47014.0,1328.0,48342.0,48342.0,0.9725290637540854,20.0,0.02,93.0,37714.0,48.0,45.0,9.0,11.0,23073.0,23941.0,561.0,300.0,239.0,0.0,37714.0,377.1399999999993,100.0,1000,2,998,0.21887583401985466,907,0,0,0,0,1,0,0,0,0,0,1,3,0,0,0,43,0,0,0,0,0,0,0,3,0,0,0,1,0,2,0,39,1.245689868927002,0.008435653522610664,2.490699529647827,0.3307816684246063,0.024474
309,49831.0,439.0,50270.0,50270.0,0.9912671573503083,6.0,0.006,103.0,39531.0,50.0,53.0,1.0,5.0,25989.0,23842.0,362.0,591.0,438.0,209.0,39531.0,395.30999999999943,100.0,1000,0,1000,0.21470491704531014,897,0,0,0,0,0,0,0,1,0,0,0,5,0,0,0,44,0,0,0,0,0,0,0,4,0,0,2,1,2,1,0,43,0.8219404816627502,-0.002030951203778386,1.663509726524353,0.3182608187198639,0.024456
310,49553.0,1276.0,50829.0,50829.0,0.9748962206614334,20.0,0.02,98.0,39753.0,56.0,42.0,5.0,15.0,25922.0,23631.0,285.0,512.0,0.0,288.0,39753.0,397.52999999999935,100.0,1000,4,996,0.21841800003312528,902,0,0,0,0,0,0,0,0,2,2,2,7,2,0,0,41,0,0,0,0,0,0,0,1,0,0,0,0,1,0,0,40,1.131646752357483,0.01870550401508808,2.2424910068511963,0.3398098051548004,0.024438
311,47483.0,1213.0,48696.0,48696.0,0.9750903564974536,18.0,0.018,92.0,38283.0,52.0,40.0,4.0,14.0,24604.0,22879.0,490.5,438.0,309.5,362.0,38283.0,382.83000000000004,100.0,1000,2,998,0.21419216599315405,908,0,0,1,0,0,0,0,1,1,0,0,0,0,0,0,49,0,0,0,0,0,0,0,0,0,0,0,1,0,0,0,39,0.45098504424095154,-0.048155318945646286,1.0164577960968018,0.37217652797698975,0.024419999999999997
312,49519.0,341.0,49860.0,49860.0,0.9931608503810669,4.0,0.004,97.0,39819.0,48.0,49.0,3.0,1.0,24324.0,25195.0,353.0,569.0,18.0,231.0,39819.0,398.1900000000003,100.0,1000,1,999,0.2197832919191569,903,0,0,0,0,0,0,0,0,0,0,0,1,0,0,0,47,0,0,0,0,0,0,0,1,0,0,0,0,1,1,0,46,1.9037162065505981,0.07277420163154602,3.680856704711914,0.3887500464916229,0.024402
313,49807.0,860.0,50667.0,50667.0,0.9830264274577141,14.0,0.014,99.0,39907.0,51.0,48.0,11.0,3.0,25413.0,24394.0,533.0,490.0,267.0,310.0,39907.0,399.06999999999994,100.0,1000,7,993,0.2148612921591848,901,0,0,0,0,1,0,0,0,0,0,0,2,0,0,0,48,0,0,0,0,0,0,0,2,0,0,1,0,0,1,0,44,1.0358244180679321,0.03868986666202545,2.010167360305786,0.3259960114955902,0.024384
314,50374.0,805.0,51179.0,51179.0,0.9842708923581938,12.0,0.012,100.0,40374.0,51.0,49.0,5.0,7.0,25217.0,25157.0,329.0,464.0,0.0,336.0,40374.0,403.73999999999944,100.0,1000,2,998,0.21566208405420184,900,0,0,0,0,0,0,0,0,0,0,0,2,1,0,0,48,0,0,0,0,0,0,0,0,0,0,0,2,0,0,0,47,1.6961286067962646,0.07603377103805542,3.2566466331481934,0.33770686388015747,0.024366
315,47982.0,1036.0,49018.0,49018.0,0.978864906768942,15.0,0.015,100.0,37982.0,50.0,50.0,6.0,9.0,22524.0,25458.0,680.0,264.0,120.0,536.0,37982.0,379.8199999999997,100.0,1000,2,998,0.21881066681817174,900,0,0,0,0,0,0,0,0,1,0,0,0,0,0,0,49,0,0,0,0,0,0,0,2,0,0,0,2,1,0,0,45,0.5176251530647278,-0.025811173021793365,1.102793574333191,0.3269435167312622,0.024347999999999998
316,49206.0,369.0,49575.0,49575.0,0.9925567322239032,6.0,0.006,103.0,38906.0,50.0,53.0,2.0,4.0,24847.0,24359.0,388.0,561.0,412.0,239.0,38906.0,389.0599999999992,100.0,1000,0,1000,0.214113499969244,897,1,0,0,0,0,0,0,0,0,0,0,0,1,0,0,48,0,0,0,0,0,0,0,1,0,1,3,2,0,0,0,46,0.722012996673584,-0.044804058969020844,1.550961971282959,0.35610148310661316,0.024329999999999997
317,48709.0,1155.0,49864.0,49864.0,0.9768369966308359,11.0,0.011,95.0,39209.0,46.0,49.0,4.0,7.0,24551.0,24158.0,454.0,366.0,346.0,0.0,39209.0,392.09000000000026,100.0,1000,2,998,0.21929312497377396,905,0,0,0,0,0,0,0,1,0,0,0,3,0,0,0,42,0,0,0,0,0,0,0,1,0,0,0,0,0,0,0,48,0.9777967929840088,-0.013664279133081436,1.99911630153656,0.3330465257167816,0.024312
318,49714.0,635.0,50349.0,50349.0,0.9873880315398519,10.0,0.01,102.0,39514.0,49.0,53.0,9.0,1.0,24978.0,24736.0,503.0,385.0,297.0,415.0,39514.0,395.14000000000027,100.0,1000,1,999,0.21568629192188382,898,1,0,0,0,0,0,0,0,0,0,0,3,0,0,0,45,0,0,0,0,0,0,0,0,0,0,0,1,1,0,0,51,0.9971441030502319,0.03694603592157364,1.9385592937469482,0.3738206624984741,0.024294
319,48395.0,286.0,48681.0,48681.0,0.9941250179741583,6.0,0.006,100.0,38395.0,47.0,53.0,2.0,4.0,25021.0,23374.0,528.0,489.0,272.0,311.0,38395.0,383.95000000000016,100.0,1000,1,999,0.21928741596639156,900,0,0,0,0,0,0,0,1,0,0,0,1,0,0,0,45,0,0,0,0,0,0,0,0,0,0,0,0,0,0,0,53,0.9715006351470947,0.05423756316304207,1.850994348526001,0.33918699622154236,0.024276
320,50969.0,902.0,51871.0,51871.0,0.9826107073316497,10.0,0.01,104.0,40569.0,48.0,56.0,3.0,7.0,24680.0,26289.0,489.0,772.0,311.0,28.0,40569.0,405.69,100.0,1000,0,1000,0.21505379187874496,896,0,0,0,0,0,0,0,0,1,1,0,1,0,0,0,45,0,0,0,0,0,0,0,0,0,0,0,0,0,0,0,56,1.4245402812957764,0.08340631425380707,2.695380449295044,0.27027028799057007,0.024258
321,49657.0,696.0,50353.0,50353.0,0.9861775862411376,12.0,0.012,96.0,40057.0,44.0,52.0,7.0,5.0,25412.0,24245.0,590.0,492.0,210.0,308.0,40057.0,400.56999999999977,100.0,1000,0,1000,0.21441720915026963,904,0,0,0,0,0,0,0,0,0,0,0,0,0,0,0,44,0,0,1,0,0,0,0,1,0,0,0,0,0,0,0,50,1.5227794647216797,0.07898181676864624,2.9042305946350098,0.34314095973968506,0.024239999999999998
322,50401.0,678.0,51079.0,51079.0,0.9867264433524541,11.0,0.011,100.0,40401.0,43.0,57.0,5.0,6.0,25181.0,25220.0,549.0,421.0,251.0,379.0,40401.0,404.0099999999997,100.0,1000,3,997,0.21530612488277256,900,1,0,0,0,0,0,0,0,0,0,0,0,1,0,0,41,0,0,0,0,0,0,0,1,0,2,1,0,0,0,0,53,0.9921371340751648,0.010546708479523659,1.9790780544281006,0.32815468311309814,0.024222
323,50653.0,388.0,51041.0,51041.0,0.9923982680590114,6.0,0.006,109.0,39753.0,46.0,63.0,4.0,2.0,24303.0,26350.0,296.0,800.0,504.0,0.0,39753.0,397.5299999999999,100.0,1000,1,999,0.21433416684158146,891,0,0,0,0,0,0,0,0,1,0,0,1,0,0,0,44,0,0,0,0,0,0,0,0,0,0,0,1,0,1,0,61,1.232176423072815,0.033681321889162064,2.4127681255340576,0.3259318768978119,0.024204
324,47305.0,1001.0,48306.0,48306.0,0.9792779364882209,15.0,0.015,101.0,37205.0,43.0,58.0,15.0,0.0,22719.0,24586.0,761.0,671.0,39.0,24.0,37205.0,372.0500000000002,100.0,1000,0,1000,0.21919629094190896,899,0,0,0,0,0,0,0,1,1,0,0,0,0,0,0,41,0,0,0,0,0,0,0,1,0,0,0,1,0,0,0,56,1.4507074356079102,-0.013449660502374172,2.943974018096924,0.323739230632782,0.024186
325,48196.0,1975.0,50171.0,50171.0,0.9606346295668813,35.0,0.035,94.0,38796.0,41.0,53.0,31.0,4.0,24259.0,23937.0,562.0,657.0,0.0,143.0,38796.0,387.9599999999998,100.0,1000,0,1000,0.2146433750167489,906,0,0,0,0,0,0,0,0,0,0,0,2,0,0,0,39,0,0,0,0,0,0,0,1,0,0,0,0,1,1,0,50,1.5303993225097656,0.04167633876204491,2.995453357696533,0.37254396080970764,0.024168
326,48934.0,561.0,49495.0,49495.0,0.9886655217698758,9.0,0.009,102.0,38734.0,48.0,54.0,7.0,2.0,25325.0,23609.0,623.0,715.0,177.0,85.0,38734.0,387.3399999999999,100.0,1000,1,999,0.22210187511518598,898,0,0,0,0,0,0,0,0,0,0,0,4,1,0,0,43,0,0,0,0,0,0,0,0,0,0,0,0,1,1,0,52,1.7701071500778198,0.03540797159075737,3.4837327003479004,0.2967770993709564,0.024149999999999998
327,48955.0,656.0,49611.0,49611.0,0.9867771260405959,7.0,0.007,105.0,38455.0,46.0,59.0,4.0,3.0,24059.0,24896.0,629.25,549.0,170.75,251.0,38455.0,384.5499999999996,100.0,1000,3,997,0.22293850011192262,895,0,0,0,0,0,0,0,0,0,0,0,7,0,0,0,39,0,0,0,0,0,0,0,0,0,0,1,1,0,2,0,55,1.0173156261444092,-0.005100438371300697,2.0581307411193848,0.27553483843803406,0.024132
328,49549.0,626.0,50175.0,50175.0,0.9875236671649228,11.0,0.011,95.0,40049.0,46.0,49.0,8.0,3.0,24966.0,24583.0,653.0,547.0,147.0,253.0,40049.0,400.4899999999998,100.0,1000,2,998,0.236885208170861,905,1,0,0,0,0,0,0,0,0,0,0,4,0,0,0,41,0,0,0,0,0,0,0,0,0,0,0,1,1,1,0,46,0.811927080154419,-0.006341282743960619,1.653185248374939,0.3452058434486389,0.024114
329,49502.0,1049.0,50551.0,50551.0,0.9792486795513442,17.0,0.017,104.0,39102.0,49.0,55.0,7.0,10.0,24479.0,25023.0,692.0,389.0,42.0,0.0,39102.0,391.0199999999995,100.0,1000,1,999,0.21497479197569191,896,0,0,0,0,0,0,0,0,0,0,0,8,0,0,0,41,0,0,0,0,0,0,0,0,0,0,0,0,0,0,0,55,1.328603744506836,0.04802606999874115,2.5768074989318848,0.32478955388069153,0.024096
330,49545.0,195.0,49740.0,49740.0,0.9960796139927623,4.0,0.004,94.0,40145.0,44.0,50.0,1.0,3.0,24550.0,24995.0,567.0,546.0,233.0,254.0,40145.0,401.45000000000005,100.0,1000,2,998,0.21767250006087124,906,0,0,0,0,0,0,0,1,0,0,0,0,0,0,0,43,0,0,0,0,0,0,0,0,0,0,0,0,0,0,0,50,0.6687350273132324,-0.04513607919216156,1.4416354894638062,0.28850501775741577,0.024078
331,48779.0,320.0,49099.0,49099.0,0.9934825556528646,6.0,0.006,100.0,38779.0,47.0,53.0,3.0,3.0,24788.0,23991.0,626.0,217.0,174.0,11.0,38779.0,387.79000000000053,100.0,1000,2,998,0.21483258297666907,900,0,0,0,0,0,0,0,0,0,0,0,3,0,0,0,44,0,0,0,0,0,0,0,0,0,0,0,0,0,1,0,52,0.9698008894920349,0.00885936338454485,1.935743808746338,0.288045197725296,0.024059999999999998
332,49058.0,746.0,49804.0,49804.0,0.9850212834310497,15.0,0.015,95.0,39558.0,45.0,50.0,12.0,3.0,24865.0,24193.0,542.25,735.0,257.75,65.0,39558.0,395.5799999999999,100.0,1000,2,998,0.21439683297649026,905,0,0,0,0,0,0,0,1,0,0,0,3,0,0,0,41,0,0,0,0,0,0,0,0,0,0,0,0,2,0,0,48,1.3765230178833008,0.08636779338121414,2.5965051651000977,0.3368038833141327,0.024041999999999997
333,48272.0,1154.0,49426.0,49426.0,0.9766519645530692,16.0,0.016,89.0,39372.0,41.0,48.0,4.0,12.0,23316.0,24956.0,686.0,475.0,114.0,325.0,39372.0,393.7199999999998,100.0,1000,4,996,0.21906795795075595,911,0,0,0,0,0,0,0,0,0,0,0,1,0,0,0,40,0,0,0,0,0,0,0,0,0,0,0,0,0,1,0,47,1.0050379037857056,-0.007413552608340979,2.040783405303955,0.3305160403251648,0.024024
334,49515.0,819.0,50334.0,50334.0,0.9837286923352009,14.0,0.014,101.0,39415.0,44.0,57.0,9.0,5.0,23719.0,25796.0,628.0,559.0,172.0,241.0,39415.0,394.15,100.0,1000,2,998,0.2138574169948697,899,0,0,0,0,0,0,0,0,0,0,0,1,0,0,0,43,0,0,0,0,0,0,0,0,0,0,0,0,0,1,0,56,0.43439191579818726,-0.05450752377510071,0.989998459815979,0.2540941536426544,0.024006
335,51959.0,1568.0,53527.0,53527.0,0.9707063724849142,18.0,0.018,100.0,41959.0,42.0,58.0,12.0,6.0,23181.0,28778.0,514.0,534.0,286.0,266.0,41959.0,419.5899999999992,100.0,1000,0,1000,0.21520666684955359,900,0,0,0,0,0,0,0,0,0,0,0,4,0,0,0,38,0,0,0,0,0,0,0,0,0,0,1,0,2,0,0,55,1.0828653573989868,-0.016426097601652145,2.2127716541290283,0.2957455515861511,0.023988
336,48712.0,1072.0,49784.0,49784.0,0.978466977342118,20.0,0.02,92.0,39512.0,43.0,49.0,16.0,4.0,25158.0,23554.0,301.0,126.0,0.0,119.0,39512.0,395.11999999999927,100.0,1000,1,999,0.22235337481833994,908,2,0,0,0,0,0,0,0,1,0,0,0,0,0,0,40,0,0,0,0,0,0,0,0,0,0,0,0,0,1,0,48,0.9075454473495483,0.038699451833963394,1.756222128868103,0.3865266442298889,0.023969999999999998
337,49688.0,666.0,50354.0,50354.0,0.986773642610319,10.0,0.01,100.0,39688.0,46.0,54.0,9.0,1.0,25012.0,24676.0,502.0,411.0,298.0,0.0,39688.0,396.8800000000003,100.0,1000,1,999,0.21669333381578326,900,0,0,0,0,0,0,0,0,2,0,0,4,1,0,0,39,0,0,0,0,0,0,0,0,0,0,0,0,0,0,0,54,1.0788370370864868,0.054840248078107834,2.0622897148132324,0.2984326183795929,0.023951999999999998
338,50241.0,118.0,50359.0,50359.0,0.9976568240036537,2.0,0.002,97.0,40541.0,47.0,50.0,2.0,0.0,25687.0,24554.0,366.0,641.375,434.0,158.625,40541.0,405.4099999999997,100.0,1000,1,999,0.21750924992375076,903,0,0,0,0,0,0,0,0,0,0,0,1,0,0,0,46,0,0,0,0,0,0,0,1,0,0,0,0,0,1,0,48,0.799626350402832,-0.02712119370698929,1.670681118965149,0.3590295612812042,0.023934
339,49652.0,270.0,49922.0,49922.0,0.9945915628380273,5.0,0.005,102.0,39452.0,46.0,56.0,2.0,3.0,25301.0,24351.0,764.0,363.0,36.0,49.0,39452.0,394.52,100.0,1000,0,1000,0.21643183310516179,898,0,0,0,0,0,0,0,0,0,1,0,0,0,0,0,45,0,0,0,0,0,0,0,1,0,0,0,0,1,0,0,54,0.7031031250953674,-0.02605845220386982,1.4768074750900269,0.38644346594810486,0.023916
340,51755.0,553.0,52308.0,52308.0,0.9894280033646861,7.0,0.007,112.0,40555.0,50.0,62.0,3.0,4.0,25209.0,26546.0,680.0,468.0,120.0,36.0,40555.0,405.5499999999999,100.0,1000,1,999,0.22268112492747605,888,0,0,0,0,0,0,0,0,0,0,1,1,0,0,0,48,0,0,0,0,0,0,0,0,0,0,0,1,4,0,0,57,1.75420081615448,0.020285610109567642,3.4830591678619385,0.3186187744140625,0.023898
341,50140.0,512.0,50652.0,50652.0,0.9898918107873331,6.0,0.006,104.0,39740.0,47.0,57.0,5.0,1.0,23998.0,26142.0,758.0,676.0,42.0,124.0,39740.0,397.4000000000002,100.0,1000,0,1000,0.216937999939546,896,0,0,0,0,0,0,0,0,1,0,0,6,0,0,0,40,0,0,0,0,0,0,0,0,0,0,0,0,1,0,0,56,1.0233781337738037,-0.013321270234882832,2.091914415359497,0.3876778781414032,0.02388
342,48490.0,431.0,48921.0,48921.0,0.991189877557695,7.0,0.007,101.0,38390.0,45.0,56.0,2.0,5.0,22673.0,25817.0,452.0,458.0,0.0,342.0,38390.0,383.9000000000008,100.0,1000,1,999,0.2178272500168532,899,0,0,0,0,0,0,0,0,0,0,0,4,1,0,0,40,0,0,0,0,0,0,0,0,0,0,0,1,0,0,0,55,1.3630872964859009,0.003612074302509427,2.7365753650665283,0.36930570006370544,0.023861999999999998
343,49532.0,256.0,49788.0,49788.0,0.994858198762754,6.0,0.006,107.0,38832.0,46.0,61.0,6.0,0.0,24641.0,24891.0,371.0,531.1953125,429.0,268.8046875,38832.0,388.31999999999925,100.0,1000,1,999,0.21859737508930266,893,0,0,0,0,0,0,0,0,0,0,0,3,0,0,0,43,0,0,0,0,0,0,0,0,0,0,2,0,2,2,0,55,1.0855660438537598,0.03646280989050865,2.119410276412964,0.44463369250297546,0.023843999999999997
344,50060.0,65.0,50125.0,50125.0,0.9987032418952618,1.0,0.001,114.0,38660.0,47.0,67.0,1.0,0.0,23310.0,26750.0,431.0,659.0,369.0,141.0,38660.0,386.59999999999974,100.0,1000,0,1000,0.21875579212792218,886,0,0,0,0,0,0,0,0,0,0,0,2,0,0,0,45,0,0,0,0,0,0,0,0,0,0,0,0,3,0,0,64,0.5245547294616699,-0.0495687760412693,1.164337158203125,0.33765849471092224,0.023826
345,49781.0,306.0,50087.0,50087.0,0.9938906303032723,6.0,0.006,109.0,38881.0,54.0,55.0,2.0,4.0,24990.0,24791.0,479.25,401.0,0.0,399.0,38881.0,388.80999999999983,100.0,1000,0,1000,0.21875229105353355,891,0,0,0,0,0,0,0,0,0,0,1,4,1,0,0,48,0,0,0,0,0,0,0,0,0,0,0,2,0,0,0,53,0.9800550937652588,0.005488192196935415,1.9681788682937622,0.39997410774230957,0.023808
346,49516.0,72.0,49588.0,49588.0,0.9985480358151165,2.0,0.002,112.0,38316.0,52.0,60.0,2.0,0.0,25264.0,24252.0,590.0,591.0,210.0,86.0,38316.0,383.1599999999998,100.0,1000,1,999,0.21924408408813179,888,0,0,0,0,0,0,1,0,0,0,0,3,0,0,0,48,0,0,0,0,0,0,0,0,0,0,0,0,0,1,0,59,0.696508526802063,-0.02445921115577221,1.458478569984436,0.3476904034614563,0.02379
347,49558.0,101.0,49659.0,49659.0,0.9979661289997784,2.0,0.002,110.0,38558.0,46.0,64.0,0.0,2.0,22533.0,27025.0,727.0,540.0,73.0,0.0,38558.0,385.5800000000006,100.0,1000,0,1000,0.2152535419445485,890,0,0,0,0,0,0,0,0,0,0,0,1,0,0,0,45,0,0,0,0,0,0,0,0,0,0,0,0,1,0,1,62,1.104386329650879,0.04424161836504936,2.1372008323669434,0.35570281744003296,0.023771999999999998
348,49788.0,387.0,50175.0,50175.0,0.9922869955156951,8.0,0.008,111.0,38688.0,50.0,61.0,5.0,3.0,25613.0,24175.0,530.0,676.0,270.0,124.0,38688.0,386.88000000000017,100.0,1000,0,1000,0.2146750409156084,889,2,0,0,0,0,0,0,0,0,0,0,1,0,0,0,47,0,0,0,0,0,0,0,1,0,0,0,1,2,0,1,56,0.7756235599517822,0.010888911783695221,1.544946551322937,0.32578346133232117,0.023753999999999997
349,50478.0,452.0,50930.0,50930.0,0.9911250736304732,7.0,0.007,106.0,39878.0,48.0,58.0,2.0,5.0,25522.0,24956.0,591.0,685.0,209.0,115.0,39878.0,398.7800000000001,100.0,1000,0,1000,0.21905504120513797,894,0,0,0,0,0,0,0,1,0,0,0,3,0,0,0,44,0,0,0,0,0,0,0,0,0,0,1,1,1,1,0,54,0.6979398727416992,-0.0835661068558693,1.5786582231521606,0.32958754897117615,0.023736
350,50297.0,729.0,51026.0,51026.0,0.9857131658370243,11.0,0.011,101.0,40197.0,51.0,50.0,10.0,1.0,27658.0,22639.0,547.0,623.0,253.0,177.0,40197.0,401.9699999999996,100.0,1000,0,1000,0.2150452919304371,899,0,0,0,0,0,0,0,0,1,0,0,1,3,0,0,46,0,0,0,0,0,0,0,2,0,0,0,1,0,0,0,47,1.0497392416000366,0.05169611796736717,2.011143684387207,0.3174220323562622,0.023718
351,48955.0,452.0,49407.0,49407.0,0.9908514987754772,6.0,0.006,108.0,38155.0,49.0,59.0,6.0,0.0,23534.0,25421.0,687.0,696.0,0.0,104.0,38155.0,381.55,100.0,1000,1,999,0.2173142081592232,892,0,0,0,0,0,0,0,0,0,0,0,8,1,0,0,40,0,0,0,0,0,0,0,0,0,0,0,0,2,0,1,56,0.8625694513320923,-0.06279127299785614,1.8676162958145142,0.3564315438270569,0.0237
352,49590.0,835.0,50425.0,50425.0,0.9834407535944472,10.0,0.01,107.0,38890.0,51.0,56.0,8.0,2.0,25323.0,24267.0,726.0,334.0,74.0,56.0,38890.0,388.9000000000003,100.0,1000,0,1000,0.21876566694118083,893,1,0,0,0,0,0,0,0,0,0,1,2,0,0,0,47,0,0,0,0,0,0,0,0,0,0,0,0,5,0,0,51,0.7964993119239807,-0.02926173061132431,1.6663826704025269,0.3137543201446533,0.023681999999999998
353,48551.0,1086.0,49637.0,49637.0,0.9781211596188327,18.0,0.018,105.0,38051.0,49.0,56.0,11.0,7.0,24974.0,23577.0,738.0,645.0,62.0,0.0,38051.0,380.5100000000003,100.0,1000,1,999,0.21956083388067782,895,0,0,0,0,0,0,0,0,0,0,0,0,1,0,0,48,0,0,0,0,0,0,0,0,0,0,0,0,4,0,0,52,1.4125093221664429,0.04388858377933502,2.7533228397369385,0.33978602290153503,0.023663999999999998
354,49039.0,935.0,49974.0,49974.0,0.9812902709408893,17.0,0.017,107.0,38339.0,49.0,58.0,9.0,8.0,24410.0,24629.0,535.0,724.0,265.0,0.0,38339.0,383.38999999999976,100.0,1000,4,996,0.21442083292640746,893,0,0,0,0,0,0,0,0,0,0,1,6,0,0,0,42,0,0,0,0,0,0,0,2,0,0,0,0,1,0,0,55,0.8767247200012207,0.01466479804366827,1.7393345832824707,0.3217178285121918,0.023646
355,46779.0,1220.0,47999.0,47999.0,0.9745828038084127,12.0,0.012,99.0,36879.0,47.0,52.0,4.0,8.0,23674.0,23105.0,693.0,739.0,107.0,61.0,36879.0,368.7900000000002,100.0,1000,1,999,0.21476941602304578,901,0,0,0,0,0,0,0,1,1,0,0,1,0,0,0,44,0,0,0,0,0,0,0,0,0,0,1,0,2,1,0,48,0.47990888357162476,-0.008842780254781246,0.9930967688560486,0.3299790620803833,0.023628
356,50854.0,777.0,51631.0,51631.0,0.98495090159013,11.0,0.011,99.0,40954.0,49.0,50.0,7.0,4.0,27252.0,23602.0,568.0,668.0,232.0,132.0,40954.0,409.5399999999998,100.0,1000,0,1000,0.2199204999487847,901,0,0,0,0,0,0,0,0,0,0,0,3,0,0,0,46,0,0,0,0,0,0,0,0,0,0,0,0,3,0,1,46,1.1622264385223389,0.09122642874717712,2.159236431121826,0.36502447724342346,0.02361
357,48366.0,676.0,49042.0,49042.0,0.986215896578443,11.0,0.011,101.0,38266.0,44.0,57.0,2.0,9.0,22729.0,25637.0,565.0,660.0,235.0,0.0,38266.0,382.65999999999974,100.0,1000,0,1000,0.21872687502764165,899,0,0,0,0,0,0,0,0,1,0,0,0,0,0,0,43,0,0,0,0,0,0,0,0,0,0,0,0,1,0,0,56,1.3023709058761597,0.09729329496622086,2.424872398376465,0.3119087517261505,0.023592
358,49890.0,343.0,50233.0,50233.0,0.9931718193219596,5.0,0.005,104.0,39490.0,50.0,54.0,3.0,2.0,24668.0,25222.0,664.0,557.0,136.0,243.0,39490.0,394.90000000000015,100.0,1000,1,999,0.21451633400283754,896,0,0,0,0,0,0,0,0,0,0,0,2,1,0,0,47,0,0,0,0,0,0,0,0,0,0,0,0,2,0,0,52,0.8688113689422607,0.058854274451732635,1.6359472274780273,0.34005698561668396,0.023573999999999998
359,49036.0,223.0,49259.0,49259.0,0.9954729085040297,4.0,0.004,100.0,39036.0,46.0,54.0,4.0,0.0,25355.0,23681.0,567.0,722.0,233.0,78.0,39036.0,390.3599999999991,100.0,1000,1,999,0.2218993748538196,900,0,0,0,0,0,0,0,0,0,0,0,2,0,0,0,44,0,0,0,0,0,0,0,0,0,0,0,1,1,0,0,52,1.214722752571106,0.04092353209853172,2.3627567291259766,0.32174596190452576,0.023556
360,50009.0,182.0,50191.0,50191.0,0.9963738518857963,3.0,0.003,110.0,39009.0,50.0,60.0,1.0,2.0,24578.0,25431.0,632.0,446.3125,168.0,62.0,39009.0,390.09000000000026,100.0,1000,0,1000,0.21891100006178021,890,0,0,0,0,0,0,0,0,0,0,0,3,2,0,0,45,0,0,0,0,0,0,0,1,0,0,0,0,1,0,0,58,1.3498096466064453,0.13811051845550537,2.437718391418457,0.3041934072971344,0.023538
361,49713.0,728.0,50441.0,50441.0,0.985567296445352,15.0,0.015,90.0,40713.0,44.0,46.0,5.0,10.0,25479.0,24234.0,437.0,800.0,363.0,0.0,40713.0,407.12999999999886,100.0,1000,0,1000,0.21642595808953047,910,0,0,0,0,0,0,0,0,1,0,0,1,1,0,0,41,0,0,0,0,0,0,0,0,0,0,0,0,0,0,0,46,0.4477466344833374,-0.06611916422843933,1.0446207523345947,0.3590385913848877,0.02352
362,49898.0,930.0,50828.0,50828.0,0.9817029983473676,17.0,0.017,105.0,39398.0,45.0,60.0,10.0,7.0,24647.0,25251.0,501.0,682.0,299.0,0.0,39398.0,393.9799999999999,100.0,1000,2,998,0.21528887492604554,895,0,0,0,0,0,0,0,0,0,0,0,1,0,0,0,44,0,0,0,0,0,0,0,1,0,0,1,0,0,0,0,58,0.6398545503616333,-0.045530054718256,1.38747239112854,0.35535648465156555,0.023502
363,49283.0,653.0,49936.0,49936.0,0.9869232617750721,11.0,0.011,107.0,38583.0,51.0,56.0,10.0,1.0,24976.0,24307.0,691.0,664.0,109.0,136.0,38583.0,385.8299999999999,100.0,1000,1,999,0.21497533307410777,893,0,0,0,0,0,0,0,0,0,0,0,4,0,0,0,47,0,0,0,0,0,0,0,0,0,0,0,0,0,0,0,56,0.33481553196907043,-0.07006771862506866,0.8253246545791626,0.33125022053718567,0.023483999999999998
364,47631.0,811.0,48442.0,48442.0,0.9832583295487387,14.0,0.014,101.0,37531.0,48.0,53.0,8.0,6.0,24428.0,23203.0,413.0,532.0,387.0,0.0,37531.0,375.3100000000003,100.0,1000,0,1000,0.21475174999795854,899,0,0,0,0,0,0,0,0,1,0,0,1,0,0,0,46,0,0,0,0,0,0,0,0,0,1,0,0,0,0,0,52,1.0986785888671875,0.026588324457406998,2.159611463546753,0.32879170775413513,0.023466
365,49305.0,581.0,49886.0,49886.0,0.9883534458565529,10.0,0.01,99.0,39405.0,46.0,53.0,5.0,5.0,24067.0,25238.0,444.25,749.0,355.75,51.0,39405.0,394.05000000000064,100.0,1000,1,999,0.21936795813962817,901,0,0,0,0,0,0,0,0,0,0,0,1,0,0,0,45,0,0,0,0,0,0,0,1,0,0,0,0,1,0,0,51,1.2273958921432495,0.02575899288058281,2.4184000492095947,0.32255059480667114,0.023448
366,49486.0,412.0,49898.0,49898.0,0.9917431560383182,8.0,0.008,99.0,39586.0,50.0,49.0,1.0,7.0,25911.0,23575.0,371.0,666.0,63.0,134.0,39586.0,395.85999999999945,100.0,1000,1,999,0.21399670909158885,901,0,0,0,0,0,0,0,0,0,0,1,2,0,0,0,47,0,0,0,0,0,0,0,1,0,0,0,0,0,0,0,48,1.3923879861831665,0.05524558946490288,2.689429759979248,0.3231970965862274,0.02343
367,50434.0,633.0,51067.0,51067.0,0.9876045195527444,9.0,0.009,101.0,40334.0,51.0,50.0,5.0,4.0,26081.0,24353.0,484.0,646.0,316.0,154.0,40334.0,403.3399999999999,100.0,1000,2,998,0.2150740420911461,899,0,0,0,0,0,0,0,0,0,0,0,1,0,0,0,50,0,0,0,0,0,0,0,0,0,0,0,0,2,1,0,47,0.9745904803276062,-0.01739107258617878,1.9983524084091187,0.3073047995567322,0.023412
368,47590.0,902.0,48492.0,48492.0,0.9813989936484369,14.0,0.014,97.0,37890.0,40.0,57.0,10.0,4.0,23432.0,24158.0,561.0,541.0,239.0,0.0,37890.0,378.9000000000003,100.0,1000,2,998,0.21452266699634492,903,0,0,0,0,0,0,0,0,0,0,0,0,0,0,0,40,0,0,0,0,0,0,0,0,0,0,0,0,0,0,0,57,0.6542040705680847,-0.04902971163392067,1.4234836101531982,0.3636832535266876,0.023393999999999998
369,49250.0,853.0,50103.0,50103.0,0.9829750713530128,16.0,0.016,116.0,37650.0,55.0,61.0,8.0,8.0,24620.0,24630.0,711.0,663.0,89.0,137.0,37650.0,376.50000000000006,100.0,1000,0,1000,0.21525733405724168,884,0,0,0,0,0,0,0,0,2,0,2,2,0,0,0,49,0,0,0,0,0,0,0,0,0,0,1,0,0,0,0,60,0.9538365006446838,0.03862330690026283,1.8471335172653198,0.35735777020454407,0.023376
370,50212.0,498.0,50710.0,50710.0,0.9901794517846578,7.0,0.007,116.0,38612.0,48.0,68.0,3.0,4.0,23908.0,26304.0,742.0,586.0,58.0,0.0,38612.0,386.11999999999904,100.0,1000,0,1000,0.22018629219383,884,0,0,0,0,0,0,0,0,0,0,0,0,0,0,0,48,0,0,0,0,0,0,0,0,0,0,0,0,0,0,2,66,0.712332010269165,-0.08965644985437393,1.619357705116272,0.3292391002178192,0.023358
371,48661.0,998.0,49659.0,49659.0,0.9799029380374151,17.0,0.017,105.0,38161.0,44.0,61.0,13.0,4.0,24763.0,23898.0,426.0,766.0,374.0,34.0,38161.0,381.6099999999999,100.0,1000,1,999,0.21524325013160706,895,0,0,1,0,0,0,0,0,0,0,0,0,0,0,0,43,0,0,0,0,0,0,0,0,0,0,0,0,0,0,2,59,0.5408591628074646,-0.10433906316757202,1.307584285736084,0.3682059943675995,0.02334
372,49536.0,746.0,50282.0,50282.0,0.9851636768624955,13.0,0.013,106.0,38936.0,51.0,55.0,8.0,5.0,26401.0,23135.0,526.0,648.0,274.0,152.0,38936.0,389.3599999999994,100.0,1000,2,998,0.21870816592127085,894,0,0,0,0,0,0,0,0,0,0,0,0,0,0,0,51,0,0,0,0,0,0,0,0,0,0,0,1,1,0,0,53,0.34799882769584656,-0.032827362418174744,0.7800272107124329,0.3939377963542938,0.023322
373,49748.0,202.0,49950.0,49950.0,0.995955955955956,3.0,0.003,124.0,37348.0,57.0,67.0,2.0,1.0,24508.0,25240.0,731.0,510.0,69.0,290.0,37348.0,373.48,100.0,1000,1,999,0.2141829589381814,876,1,0,0,0,0,0,0,2,0,0,1,2,0,0,0,51,0,0,0,0,0,0,0,0,0,0,1,1,0,0,1,64,0.8225642442703247,0.04373513534665108,1.5718473196029663,0.3044355511665344,0.023304
374,49166.0,559.0,49725.0,49725.0,0.9887581699346405,12.0,0.012,113.0,37866.0,48.0,65.0,9.0,3.0,24736.0,24430.0,446.0,553.0,354.0,0.0,37866.0,378.66000000000025,100.0,1000,2,998,0.21865325001999736,887,0,0,0,0,0,0,0,0,0,0,1,0,0,0,0,47,0,0,0,0,0,0,0,0,0,0,0,0,0,1,0,64,0.4293819069862366,-0.03199154883623123,0.9380874633789062,0.32939454913139343,0.023285999999999998
375,46494.0,1485.0,47979.0,47979.0,0.9690489589195272,24.0,0.024,97.0,36794.0,50.0,47.0,12.0,12.0,24214.0,22280.0,705.0,614.0,95.0,186.0,36794.0,367.94000000000074,100.0,1000,2,998,0.21496987505815923,903,0,0,0,0,0,0,0,0,0,0,0,1,0,0,0,49,0,0,0,0,0,0,0,0,0,0,0,0,0,0,0,47,0.6279061436653137,-0.010135126300156116,1.2910786867141724,0.3222488462924957,0.023268
376,48510.0,1821.0,50331.0,50331.0,0.9638195148119449,22.0,0.022,107.0,37810.0,49.0,58.0,11.0,11.0,24141.0,24369.0,689.0,476.0,111.0,0.0,37810.0,378.09999999999934,100.0,1000,0,1000,0.2186501668766141,893,0,0,0,0,0,0,0,0,1,0,0,0,0,0,0,48,0,0,0,0,0,0,0,2,0,0,0,0,0,0,1,55,0.6048084497451782,0.006161084398627281,1.2134994268417358,0.3484882414340973,0.02325
377,49575.0,880.0,50455.0,50455.0,0.9825587156872461,11.0,0.011,104.0,39175.0,50.0,54.0,7.0,4.0,24109.0,25466.0,597.0,740.0,203.0,60.0,39175.0,391.7500000000004,100.0,1000,0,1000,0.2210992919281125,896,0,0,0,0,0,0,0,1,0,0,0,3,0,0,0,46,0,0,0,0,0,0,0,1,0,0,0,1,1,1,0,50,1.153684139251709,-0.007790384814143181,2.3347761631011963,0.25454622507095337,0.023232
378,48708.0,1195.0,49903.0,49903.0,0.9760535438751178,21.0,0.021,101.0,38608.0,51.0,50.0,12.0,9.0,24280.0,24428.0,635.0,615.0,0.0,0.0,38608.0,386.07999999999987,100.0,1000,1,999,0.21858554217033088,899,0,0,0,0,0,0,0,0,0,0,0,3,0,0,0,48,0,0,0,0,0,0,0,0,0,0,0,0,2,0,0,48,0.46437492966651917,-0.04207200929522514,1.0274457931518555,0.3134298324584961,0.023214
379,47795.0,1920.0,49715.0,49715.0,0.9613798652318214,34.0,0.034,102.0,37595.0,52.0,50.0,7.0,27.0,24925.0,22870.0,663.0,623.0,0.0,177.0,37595.0,375.94999999999925,100.0,1000,1,999,0.2145442080218345,898,0,0,0,0,0,0,0,1,0,0,1,0,0,0,0,50,0,0,0,0,0,0,0,0,0,0,0,0,0,0,0,50,1.0594171285629272,0.01603175513446331,2.1038269996643066,0.367655485868454,0.023195999999999998
380,50783.0,1089.0,51872.0,51872.0,0.9790060148056755,19.0,0.019,103.0,40483.0,53.0,50.0,7.0,12.0,26993.0,23790.0,776.0,710.0,24.0,90.0,40483.0,404.83000000000004,100.0,1000,0,1000,0.21435995888896286,897,0,0,0,0,0,0,0,0,0,0,0,0,1,0,0,52,0,0,0,0,0,0,0,0,0,1,1,1,2,0,0,45,0.3911645710468292,-0.14758983254432678,1.0939236879348755,0.35410529375076294,0.023178
381,48080.0,1536.0,49616.0,49616.0,0.9690422444372783,27.0,0.027,104.0,37680.0,52.0,52.0,5.0,22.0,24105.0,23975.0,624.0,753.0,176.0,47.0,37680.0,376.7999999999994,100.0,1000,0,1000,0.21509562502615154,896,0,0,0,0,0,0,0,0,0,0,0,2,0,0,0,50,0,0,1,0,0,0,0,0,0,0,0,0,0,0,0,51,1.0873456001281738,0.08641249686479568,2.018531560897827,0.35979196429252625,0.02316
382,48670.0,1278.0,49948.0,49948.0,0.9744133899255225,23.0,0.023,98.0,38870.0,49.0,49.0,7.0,16.0,23813.0,24857.0,640.0,612.0,160.0,23.0,38870.0,388.6999999999998,100.0,1000,0,1000,0.21439691679552197,902,0,0,0,0,0,0,0,0,0,0,0,1,0,0,0,48,0,0,0,0,0,0,0,0,0,0,0,0,4,0,0,45,0.40323302149772644,-0.11145034432411194,1.0462435483932495,0.3646358549594879,0.023142
383,48945.0,823.0,49768.0,49768.0,0.9834632695708085,17.0,0.017,100.0,38945.0,53.0,47.0,7.0,10.0,26704.0,22241.0,579.0,596.0,0.0,204.0,38945.0,389.4499999999995,100.0,1000,2,998,0.21538416598923504,900,0,0,0,0,0,0,0,0,0,0,1,0,2,0,0,50,0,0,0,0,0,0,0,0,0,0,0,1,3,1,0,42,0.7258484363555908,-0.017727259546518326,1.5024203062057495,0.3301543891429901,0.023124
384,48007.0,1386.0,49393.0,49393.0,0.9719393436316887,19.0,0.019,97.0,38307.0,50.0,47.0,7.0,12.0,23786.0,24221.0,453.0,740.0,77.0,60.0,38307.0,383.0699999999997,100.0,1000,1,999,0.21928841713815928,903,0,0,0,0,1,0,0,1,2,0,0,0,0,0,0,46,0,0,0,0,0,0,0,0,0,0,0,0,1,1,0,45,1.3595142364501953,0.031089412048459053,2.6722311973571777,0.33284851908683777,0.023105999999999998
385,50009.0,679.0,50688.0,50688.0,0.9866043244949495,12.0,0.012,100.0,40009.0,47.0,53.0,3.0,9.0,24527.0,25482.0,750.0,655.0,50.0,145.0,40009.0,400.09000000000043,100.0,1000,0,1000,0.21417479193769395,900,0,0,0,0,0,0,0,0,1,0,0,2,0,0,0,44,0,0,0,0,0,0,0,0,0,0,0,0,3,0,0,50,0.5353468656539917,-0.10635525733232498,1.301629900932312,0.394701212644577,0.023087999999999997
386,49461.0,480.0,49941.0,49941.0,0.9903886586171683,8.0,0.008,105.0,38961.0,52.0,53.0,0.0,8.0,24971.0,24490.0,575.0,727.0,0.0,73.0,38961.0,389.60999999999973,100.0,1000,0,1000,0.21866612508893013,895,0,0,0,0,0,0,0,1,0,0,0,1,0,0,0,50,0,0,0,0,0,0,0,2,0,0,0,0,1,0,0,50,0.6418035626411438,-0.039571329951286316,1.3780542612075806,0.3316953182220459,0.02307
387,49458.0,530.0,49988.0,49988.0,0.9893974553892935,10.0,0.01,113.0,38158.0,58.0,55.0,4.0,6.0,25528.0,23930.0,626.0,610.0,174.0,0.0,38158.0,381.5799999999994,100.0,1000,1,999,0.21480604098178446,887,0,0,0,0,0,0,0,1,1,0,0,6,0,0,0,50,0,0,1,0,0,0,0,0,0,0,1,2,2,1,0,48,0.9960224032402039,0.01808793470263481,1.9697903394699097,0.3019551634788513,0.023052
388,51544.0,1087.0,52631.0,52631.0,0.979346772814501,18.0,0.018,108.0,40744.0,59.0,49.0,5.0,13.0,26410.0,25134.0,595.0,695.0,205.0,105.0,40744.0,407.44000000000005,100.0,1000,0,1000,0.21495550009422004,892,0,0,0,0,0,0,0,0,0,0,0,7,1,0,0,51,0,0,0,0,0,0,0,1,0,0,2,0,4,0,0,42,0.849155843257904,-0.008852587081491947,1.7321921586990356,0.35111671686172485,0.023034
389,50511.0,1148.0,51659.0,51659.0,0.977777347606419,18.0,0.018,104.0,40111.0,53.0,51.0,3.0,15.0,26429.0,24082.0,236.0,738.9375,30.0,61.0625,40111.0,401.11000000000115,100.0,1000,1,999,0.21449741697870195,896,0,0,0,0,0,0,0,0,0,0,0,9,0,0,0,44,0,1,0,0,0,0,0,1,0,1,0,0,5,0,0,43,1.0987505912780762,-0.016568172723054886,2.2471678256988525,0.35910314321517944,0.023016
390,48785.0,520.0,49305.0,49305.0,0.9894534022918569,8.0,0.008,104.0,38385.0,55.0,49.0,4.0,4.0,25825.0,22960.0,414.0,597.0,0.0,203.0,38385.0,383.85000000000014,100.0,1000,1,999,0.21892850007861853,896,0,0,0,0,0,0,0,0,1,0,1,7,0,0,0,46,0,0,0,0,0,0,0,1,0,0,0,0,4,0,0,44,0.20887349545955658,-0.11080687493085861,0.6532492637634277,0.30195003747940063,0.022997999999999998
391,48968.0,922.0,49890.0,49890.0,0.981519342553618,11.0,0.011,101.0,38868.0,53.0,48.0,6.0,5.0,25411.0,23557.0,577.0,504.0,223.0,296.0,38868.0,388.67999999999984,100.0,1000,0,1000,0.21451520803384483,899,0,0,0,0,0,0,0,0,0,0,0,5,0,0,0,48,0,0,0,0,0,0,0,0,0,0,0,1,2,0,1,44,1.5264058113098145,0.1633334755897522,2.744428873062134,0.3978331983089447,0.02298
392,50976.0,1324.0,52300.0,52300.0,0.9746845124282982,13.0,0.013,105.0,40476.0,55.0,50.0,5.0,8.0,25013.0,25963.0,690.0,441.0,110.0,359.0,40476.0,404.7599999999992,100.0,1000,0,1000,0.21519579086452723,895,0,0,0,0,0,0,0,0,0,0,0,13,1,0,0,41,0,0,0,0,0,0,0,0,0,0,1,1,1,1,2,44,0.7774621844291687,0.03728379309177399,1.4987051486968994,0.39953792095184326,0.022962
393,49388.0,509.0,49897.0,49897.0,0.9897989859109766,10.0,0.01,106.0,38788.0,57.0,49.0,3.0,7.0,25257.0,24131.0,682.0,761.0,118.0,39.0,38788.0,387.8799999999997,100.0,1000,0,1000,0.21913037518970668,894,0,0,0,0,0,0,0,0,2,0,0,12,0,0,0,43,0,0,0,0,0,0,0,0,0,0,0,0,2,0,4,43,0.35421299934387207,-0.08548515290021896,0.8992659449577332,0.4330025613307953,0.022944
394,48655.0,718.0,49373.0,49373.0,0.985457638790432,12.0,0.012,107.0,37955.0,57.0,50.0,3.0,9.0,25482.0,23173.0,637.0,754.0,156.9375,46.0,37955.0,379.55,100.0,1000,0,1000,0.21357958298176527,893,1,0,0,0,0,0,0,1,0,0,0,8,0,0,0,47,0,0,0,0,0,0,0,0,0,0,0,0,8,0,1,41,1.256638526916504,0.09118721634149551,2.3512425422668457,0.4436025321483612,0.022926
395,49325.0,801.0,50126.0,50126.0,0.9840202689223158,12.0,0.012,112.0,38125.0,62.0,50.0,2.0,10.0,24398.0,24927.0,727.25,645.16796875,72.75,154.83203125,38125.0,381.24999999999886,100.0,1000,0,1000,0.2192123329732567,888,0,0,1,0,0,0,0,0,0,0,0,9,3,0,0,49,0,0,0,0,0,0,0,0,0,0,0,0,5,0,4,41,1.2808998823165894,0.12502656877040863,2.329219341278076,0.3813689649105072,0.022907999999999998
396,49592.0,599.0,50191.0,50191.0,0.9880655894483075,9.0,0.009,113.0,38292.0,56.0,57.0,0.0,9.0,25321.0,24271.0,656.0,741.0,144.0,59.0,38292.0,382.91999999999996,100.0,1000,0,1000,0.21430662483908236,887,1,0,0,0,0,0,0,0,0,0,0,6,0,0,0,49,0,0,1,0,0,0,0,0,0,0,1,1,8,0,2,44,0.9306517839431763,-0.030754147097468376,1.9376624822616577,0.3243919909000397,0.02289
397,48959.0,1120.0,50079.0,50079.0,0.9776353361688532,18.0,0.018,103.0,38659.0,52.0,51.0,9.0,9.0,25171.0,23788.0,478.0,469.0,80.5,331.0,38659.0,386.5900000000001,100.0,1000,0,1000,0.21526354202069342,897,0,0,0,0,0,0,0,0,0,0,0,4,0,0,0,48,0,0,0,0,0,0,0,0,0,0,2,0,4,0,4,41,0.3113306760787964,-0.052535463124513626,0.7457683682441711,0.3942825198173523,0.022871999999999997
398,50085.0,1357.0,51442.0,51442.0,0.9736207767971696,21.0,0.021,111.0,38985.0,57.0,54.0,11.0,10.0,27555.0,22530.0,489.0,719.0,0.0,81.0,38985.0,389.84999999999945,100.0,1000,0,1000,0.2146302501205355,889,0,0,0,0,0,0,0,0,0,0,0,6,1,0,0,50,0,0,1,0,0,0,0,0,0,1,0,1,4,2,4,41,0.9051468372344971,0.03751734271645546,1.7527098655700684,0.381790429353714,0.022854
399,48830.0,1073.0,49903.0,49903.0,0.9784982866761517,18.0,0.018,108.0,38030.0,51.0,57.0,5.0,13.0,25299.0,23531.0,218.0,800.0,0.0,0.0,38030.0,380.29999999999956,100.0,1000,0,1000,0.22036591707728803,892,0,0,0,0,0,0,0,1,0,0,0,5,0,0,0,45,0,0,0,0,0,0,0,1,0,0,0,1,7,0,7,41,1.111598253250122,0.0721963420510292,2.0962493419647217,0.3819745182991028,0.022836
400,51750.0,1215.0,52965.0,52965.0,0.9770603228547153,13.0,0.013,113.0,40450.0,51.0,62.0,4.0,9.0,23938.0,27812.0,759.0,609.0,41.0,0.0,40450.0,404.50000000000074,100.0,1000,0,1000,0.21415279200300574,887,0,0,1,0,0,0,0,0,0,0,0,5,0,0,0,45,0,0,0,0,0,0,0,0,0,0,0,0,1,1,5,55,1.3410532474517822,0.09317662566900253,2.5114476680755615,0.34390220046043396,0.022817999999999998
401,49288.0,1515.0,50803.0,50803.0,0.9701789264413518,27.0,0.027,102.0,39088.0,51.0,51.0,11.0,16.0,24896.0,24392.0,324.0,733.0,45.0,4.1875,39088.0,390.88000000000005,100.0,1000,0,1000,0.21950649982318282,898,0,0,0,0,0,0,0,0,0,0,0,4,0,0,0,47,0,0,0,0,0,0,0,0,0,2,0,0,2,1,4,42,0.7888597846031189,-0.053948886692523956,1.7049219608306885,0.4233463406562805,0.0228
402,50427.0,884.0,51311.0,51311.0,0.9827717253610337,12.0,0.012,110.0,39427.0,56.0,54.0,9.0,3.0,26931.0,23496.0,563.0,675.0,237.0,125.0,39427.0,394.26999999999975,100.0,1000,0,1000,0.21398175018839538,890,0,0,0,0,0,0,0,0,0,0,0,6,0,0,0,50,0,0,0,0,0,0,0,0,0,0,0,0,1,3,0,50,0.9853129386901855,-0.003432146506384015,1.9937835931777954,0.3575933575630188,0.022782
403,49766.0,768.0,50534.0,50534.0,0.9848023113151542,15.0,0.015,111.0,38666.0,53.0,58.0,8.0,7.0,26165.0,23601.0,537.0,653.0,263.0,147.0,38666.0,386.66,100.0,1000,1,999,0.2193286248948425,889,0,0,0,0,0,0,0,1,0,0,0,5,0,0,0,47,0,0,0,0,0,0,0,0,0,0,0,0,5,1,3,49,0.4724048674106598,0.027572739869356155,0.9064395427703857,0.36846134066581726,0.022764
404,49414.0,934.0,50348.0,50348.0,0.9814491141654088,16.0,0.016,106.0,38814.0,52.0,54.0,9.0,7.0,25268.0,24146.0,459.0,607.0,341.0,193.0,38814.0,388.14,100.0,1000,0,1000,0.21419412503018975,894,0,0,0,0,0,0,0,2,0,0,0,6,0,0,0,44,0,0,0,0,0,0,0,0,0,0,0,0,1,1,3,49,0.1759292334318161,-0.13337118923664093,0.636928379535675,0.40287378430366516,0.022746
405,48063.0,1691.0,49754.0,49754.0,0.9660127828918278,21.0,0.021,101.0,37963.0,49.0,52.0,14.0,7.0,24713.0,23350.0,644.0,278.0,156.0,241.0,37963.0,379.62999999999954,100.0,1000,1,999,0.2201482921373099,899,0,0,0,0,0,0,0,0,0,0,0,5,0,0,0,44,0,0,0,0,0,0,0,0,0,0,2,1,3,0,0,46,0.5406510829925537,0.0967395156621933,0.907117486000061,0.42446276545524597,0.022727999999999998
406,49040.0,213.0,49253.0,49253.0,0.9956753903315534,3.0,0.003,112.0,37840.0,56.0,56.0,0.0,3.0,24290.0,24750.0,632.0,699.0,168.0,101.0,37840.0,378.39999999999975,100.0,1000,0,1000,0.21455691708251834,888,0,0,0,0,1,0,1,0,0,0,0,5,1,0,0,48,0,0,0,0,0,0,0,0,0,0,1,0,3,2,0,50,0.695226788520813,0.023159869015216827,1.3597543239593506,0.34391167759895325,0.022709999999999998
407,49449.0,601.0,50050.0,50050.0,0.987992007992008,12.0,0.012,112.0,38249.0,56.0,56.0,4.0,8.0,24597.0,24852.0,669.0,560.0,20.0,240.0,38249.0,382.49,100.0,1000,0,1000,0.2140554590150714,888,0,0,0,0,0,0,0,0,0,0,0,7,1,0,0,48,0,0,0,0,0,0,0,0,0,0,0,0,2,1,1,52,0.70171058177948,0.01754084601998329,1.3824949264526367,0.3119044601917267,0.022691999999999997
408,48471.0,1015.0,49486.0,49486.0,0.9794891484460252,19.0,0.019,107.0,37771.0,52.0,55.0,9.0,10.0,24175.0,24296.0,765.0,696.0,35.0,32.0,37771.0,377.7100000000002,100.0,1000,0,1000,0.21996116591617465,893,0,0,0,0,0,0,0,1,0,0,0,3,1,0,0,47,0,0,0,0,0,0,0,1,0,0,0,0,2,1,2,49,0.7285386323928833,-0.031613562256097794,1.534028172492981,0.3026306629180908,0.022674
409,48533.0,993.0,49526.0,49526.0,0.9799499252917659,18.0,0.018,99.0,38633.0,50.0,49.0,8.0,10.0,24874.0,23659.0,683.0,689.0,117.0,111.0,38633.0,386.33,100.0,1000,1,999,0.21468920912593603,901,1,0,0,0,0,0,0,1,0,0,0,2,1,0,0,45,0,0,0,0,0,0,0,0,0,0,0,0,1,0,6,42,0.8865410089492798,0.05847497656941414,1.6701587438583374,0.30955591797828674,0.022656
410,48876.0,2466.0,51342.0,51342.0,0.9519691480659109,36.0,0.036,100.0,38876.0,46.0,54.0,17.0,19.0,23052.0,25824.0,714.0,465.0,86.0,335.0,38876.0,388.76000000000033,100.0,1000,1,999,0.21914174989797175,900,1,0,0,0,0,0,0,4,0,1,0,3,0,0,0,37,0,0,0,0,0,0,0,0,0,0,0,3,2,1,3,45,0.7252617478370667,0.008349080570042133,1.4498506784439087,0.3539479970932007,0.022638
411,48551.0,1008.0,49559.0,49559.0,0.9796606065497689,17.0,0.017,97.0,38851.0,47.0,50.0,9.0,8.0,24637.0,23914.0,753.0,659.0,47.0,141.0,38851.0,388.5100000000002,100.0,1000,2,998,0.21382204187102616,903,0,0,0,0,1,0,0,2,0,0,0,2,1,0,0,41,0,0,0,0,0,0,0,0,0,0,0,0,1,0,1,48,0.969468355178833,0.013672072440385818,1.9264349937438965,0.3280807435512543,0.02262
412,47884.0,989.0,48873.0,48873.0,0.9797638778057414,12.0,0.012,96.0,38284.0,44.0,52.0,4.0,8.0,23203.0,24681.0,393.5,780.0,406.5,20.0,38284.0,382.84000000000003,100.0,1000,1,999,0.21507295803166926,904,0,0,0,0,0,0,0,1,0,0,0,0,1,0,0,42,0,0,0,0,0,0,0,0,0,0,0,0,3,0,3,46,0.707474410533905,-0.07401932030916214,1.579005479812622,0.3543509244918823,0.022601999999999997
413,49663.0,423.0,50086.0,50086.0,0.9915545262149104,8.0,0.008,97.0,39963.0,48.0,49.0,3.0,5.0,25271.0,24392.0,457.0,724.0,48.0,76.0,39963.0,399.6300000000003,100.0,1000,1,999,0.21822816715575755,903,0,0,0,0,0,0,0,0,0,0,0,0,0,0,0,48,0,0,0,0,0,0,0,0,0,0,0,0,0,0,2,47,0.7698559165000916,-0.00642727967351675,1.566684365272522,0.3125658631324768,0.022584
414,49651.0,1005.0,50656.0,50656.0,0.9801602969046115,17.0,0.017,95.0,40151.0,48.0,47.0,6.0,11.0,24412.0,25239.0,638.0,553.0,162.0,109.6875,40151.0,401.5099999999999,100.0,1000,0,1000,0.21856612502597272,905,0,0,0,0,0,0,0,1,0,0,0,0,0,0,0,47,0,0,0,0,0,0,0,0,0,0,0,0,3,0,2,42,0.9630736708641052,0.03133609518408775,1.8797777891159058,0.36122071743011475,0.022566
415,48879.0,891.0,49770.0,49770.0,0.9820976491862567,15.0,0.015,98.0,39079.0,45.0,53.0,9.0,6.0,24245.0,24634.0,416.0,645.0,384.0,48.0,39079.0,390.7899999999999,100.0,1000,0,1000,0.21830379217863083,902,0,0,0,0,0,0,0,0,0,0,0,0,0,0,0,45,0,0,0,0,0,0,0,0,0,0,1,0,3,1,5,43,0.4599475860595703,-0.06363306939601898,1.0627554655075073,0.34579843282699585,0.022548
416,49143.0,1087.0,50230.0,50230.0,0.9783595460879952,16.0,0.016,99.0,39243.0,48.0,51.0,7.0,9.0,24412.0,24731.0,435.0,606.0,365.0,194.0,39243.0,392.4299999999997,100.0,1000,0,1000,0.21476333308964968,901,0,0,0,0,0,0,0,0,0,0,0,2,0,0,0,46,0,0,0,0,0,0,0,1,0,1,0,4,1,1,1,42,0.5987356901168823,-0.005997437052428722,1.2239229679107666,0.32083427906036377,0.022529999999999998
417,48890.0,1038.0,49928.0,49928.0,0.9792100624899855,20.0,0.02,103.0,38590.0,57.0,46.0,3.0,17.0,25321.0,23569.0,674.0,535.0,126.0,265.0,38590.0,385.89999999999986,100.0,1000,0,1000,0.21947549981996417,897,0,0,0,0,0,0,0,1,0,0,0,3,0,0,0,53,0,0,0,0,0,0,0,0,0,1,0,1,4,2,2,36,0.6838628053665161,0.011990809813141823,1.3577179908752441,0.3103660047054291,0.022511999999999997
418,48428.0,1108.0,49536.0,49536.0,0.9776324289405685,22.0,0.022,100.0,38428.0,52.0,48.0,2.0,20.0,22121.0,26307.0,613.0,722.0,48.0,78.0,38428.0,384.28000000000026,100.0,1000,0,1000,0.2194118748884648,900,1,0,0,0,1,0,0,0,0,0,1,2,0,0,0,47,0,0,2,0,0,0,0,0,0,2,0,1,0,1,0,42,0.8143447637557983,0.012134185992181301,1.6185789108276367,0.31470194458961487,0.022494
419,48024.0,2678.0,50702.0,50702.0,0.947181570746716,41.0,0.041,98.0,38224.0,53.0,45.0,12.0,29.0,23174.0,24850.0,408.0,710.0,0.0,55.3125,38224.0,382.2400000000009,100.0,1000,0,1000,0.214960457989946,902,0,0,0,0,0,0,0,0,0,1,0,5,0,0,0,47,0,0,0,0,0,0,0,0,0,1,0,0,1,1,3,39,0.7076382040977478,-0.00023892779427114874,1.431767225265503,0.35622212290763855,0.022476
420,49596.0,1876.0,51472.0,51472.0,0.9635529996891514,34.0,0.034,101.0,39496.0,52.0,49.0,9.0,25.0,25170.0,24426.0,614.0,658.0,186.0,142.0,39496.0,394.96000000000055,100.0,1000,1,999,0.21369762509129941,899,0,0,0,0,0,0,0,0,0,0,2,4,0,0,0,46,0,0,0,0,0,0,0,0,0,0,2,2,2,1,1,41,0.505504846572876,0.01539789978414774,0.9958654046058655,0.3484606444835663,0.022458
421,47879.0,1172.0,49051.0,49051.0,0.9761065013965057,24.0,0.024,92.0,38679.0,47.0,45.0,6.0,18.0,24630.0,23249.0,572.0,726.0,228.0,0.0,38679.0,386.7899999999998,100.0,1000,0,1000,0.21982229105196893,908,0,0,0,0,0,0,0,1,1,0,0,0,0,0,0,45,0,0,0,0,0,0,0,0,0,0,0,1,0,0,1,43,0.8454483151435852,0.03194911777973175,1.642259120941162,0.34003332257270813,0.022439999999999998
422,47826.0,1460.0,49286.0,49286.0,0.9703769833218359,20.0,0.02,92.0,38626.0,48.0,44.0,12.0,8.0,24294.0,23532.0,563.0,435.0,237.0,0.0,38626.0,386.2599999999998,100.0,1000,1,999,0.2187870000489056,908,0,0,0,0,0,0,0,0,0,0,0,1,1,0,0,46,0,0,0,0,0,0,0,0,0,0,0,1,0,1,3,39,0.39697498083114624,-0.020476602017879486,0.8508808016777039,0.3562929332256317,0.022421999999999997
423,49461.0,410.0,49871.0,49871.0,0.9917787892763329,8.0,0.008,103.0,39161.0,49.0,54.0,0.0,8.0,23719.0,25742.0,654.0,747.0,146.0,53.0,39161.0,391.60999999999996,100.0,1000,0,1000,0.22226700000464916,897,0,0,0,0,1,0,0,1,0,0,0,2,0,0,0,45,0,0,0,0,0,0,0,0,0,1,0,0,1,3,2,47,0.2812744975090027,-0.044599927961826324,0.6668373346328735,0.3367364704608917,0.022404
424,47787.0,1714.0,49501.0,49501.0,0.9653744368800631,22.0,0.022,99.0,37887.0,47.0,52.0,8.0,14.0,23621.0,24166.0,800.0,612.0,0.0,188.0,37887.0,378.8699999999995,100.0,1000,2,998,0.21881850017234683,901,0,0,0,0,0,0,0,3,0,0,0,2,0,0,0,42,0,0,0,0,0,0,0,0,0,1,0,1,3,3,1,43,0.7406623959541321,-0.009449713863432407,1.516719102859497,0.3684200346469879,0.022386
425,49069.0,844.0,49913.0,49913.0,0.9830905776050327,13.0,0.013,98.0,39269.0,46.0,52.0,3.0,10.0,24196.0,24873.0,563.0,633.0,27.0,167.0,39269.0,392.6899999999992,100.0,1000,1,999,0.21447474998421967,902,0,0,0,0,0,0,0,0,0,0,0,2,0,0,0,44,0,0,0,0,0,0,0,0,0,2,0,1,0,0,2,47,0.4508887529373169,-0.05119549110531807,1.0194491147994995,0.3415728211402893,0.022368
426,50174.0,1861.0,52035.0,52035.0,0.9642356106466802,26.0,0.026,98.0,40374.0,44.0,54.0,13.0,13.0,24240.0,25934.0,597.0,697.0,0.0,103.0,40374.0,403.73999999999967,100.0,1000,0,1000,0.21465912507846951,902,0,0,0,0,0,0,0,0,0,0,0,2,0,0,0,42,0,0,0,0,0,0,0,0,0,1,0,2,0,2,3,46,0.8531554937362671,-0.014926242642104626,1.755462408065796,0.4317436218261719,0.02235
427,48956.0,838.0,49794.0,49794.0,0.9831706631321042,15.0,0.015,111.0,37856.0,51.0,60.0,12.0,3.0,25988.0,22968.0,505.0,623.0,50.0,0.0,37856.0,378.5599999999997,100.0,1000,1,999,0.2198045828845352,889,0,0,0,0,0,0,0,1,0,0,0,5,0,0,0,45,0,0,1,0,0,0,0,1,0,3,0,2,0,1,7,45,0.36297085881233215,-0.10448622703552246,0.951959490776062,0.3816339671611786,0.022331999999999998
428,48923.0,714.0,49637.0,49637.0,0.9856155690311663,14.0,0.014,111.0,37823.0,47.0,64.0,9.0,5.0,23975.0,24948.0,720.0,696.0,80.0,104.0,37823.0,378.2299999999995,100.0,1000,0,1000,0.21490862499922514,889,0,0,0,0,0,0,0,3,0,0,0,1,0,0,0,43,0,0,0,0,0,0,0,0,0,3,0,2,6,3,7,43,0.5392959117889404,-0.020207861438393593,1.134036898612976,0.336769163608551,0.022314
429,48706.0,1135.0,49841.0,49841.0,0.9772275837162175,18.0,0.018,113.0,37406.0,47.0,66.0,10.0,8.0,24101.0,24605.0,382.0,757.125,418.0,39.9375,37406.0,374.0599999999992,100.0,1000,0,1000,0.21921725012362003,887,0,0,0,0,0,0,0,0,0,0,0,2,0,0,0,45,0,0,1,0,0,0,0,1,0,4,0,5,1,4,10,40,0.5720619559288025,0.02402511052787304,1.1127266883850098,0.373451292514801,0.022296
430,48693.0,1385.0,50078.0,50078.0,0.972343144694277,21.0,0.021,109.0,37793.0,49.0,60.0,12.0,9.0,23899.0,24794.0,611.0,678.0,75.0,7.625,37793.0,377.9300000000003,100.0,1000,0,1000,0.21394812501966953,891,0,0,0,0,0,0,0,1,0,0,1,5,0,0,0,42,0,0,1,0,0,0,0,0,0,1,0,3,2,2,12,39,1.0126553773880005,0.031837839633226395,1.9779994487762451,0.367276132106781,0.022278
431,48129.0,1782.0,49911.0,49911.0,0.9642964476768648,33.0,0.033,101.0,38029.0,48.0,53.0,13.0,20.0,24347.0,23782.0,642.0,575.0,158.0,225.0,38029.0,380.29,100.0,1000,0,1000,0.21922404202632606,899,1,0,0,0,0,0,0,0,0,0,3,1,0,0,0,43,0,0,0,0,0,0,0,0,0,4,0,3,1,2,3,40,0.5034596920013428,0.052668046206235886,0.9187666773796082,0.3859695494174957,0.02226
432,47312.0,1924.0,49236.0,49236.0,0.9609229019416687,23.0,0.023,104.0,36912.0,52.0,52.0,11.0,12.0,24369.0,22943.0,428.25,689.0,35.0,111.0,36912.0,369.12,100.0,1000,0,1000,0.213933042017743,896,0,0,0,0,0,0,0,0,0,0,2,6,0,0,0,44,0,0,1,0,0,0,0,1,0,2,0,1,0,0,5,42,0.6561123132705688,0.03356834501028061,1.2622421979904175,0.3856258988380432,0.022241999999999998
433,48307.0,1433.0,49740.0,49740.0,0.9711901889827101,23.0,0.023,100.0,38307.0,48.0,52.0,10.0,13.0,23490.0,24817.0,509.0,734.0,291.0,66.0,38307.0,383.0700000000003,100.0,1000,0,1000,0.21482999995350838,900,0,0,0,0,0,0,0,1,0,0,0,5,0,0,0,42,0,0,0,0,0,0,0,0,0,2,1,2,1,2,6,38,0.4344977140426636,-0.01992521807551384,0.926805317401886,0.40405577421188354,0.022224
434,49376.0,1254.0,50630.0,50630.0,0.975232075844361,21.0,0.021,107.0,38676.0,49.0,58.0,7.0,14.0,23721.0,25655.0,703.0,766.7294921875,97.0,28.32940673828125,38676.0,386.75999999999976,100.0,1000,1,999,0.21888549998402596,893,0,0,0,0,0,0,0,2,1,0,0,5,0,0,0,41,0,0,3,0,0,0,0,0,0,3,1,4,1,2,10,34,0.8455917835235596,0.027326544746756554,1.654573917388916,0.4062718451023102,0.022205999999999997
435,49521.0,1090.0,50611.0,50611.0,0.9784631799411195,18.0,0.018,107.0,38821.0,51.0,56.0,10.0,8.0,23845.0,25676.0,559.5,452.625,0.0,148.421875,38821.0,388.2100000000001,100.0,1000,0,1000,0.21497754100710154,893,1,0,0,0,0,0,0,0,0,1,0,13,0,0,0,36,0,0,1,0,0,0,0,0,0,1,0,3,2,4,1,44,0.7180402278900146,0.024244533851742744,1.4051432609558105,0.39552804827690125,0.022188
436,48828.0,974.0,49802.0,49802.0,0.9804425525079314,18.0,0.018,110.0,37828.0,55.0,55.0,10.0,8.0,24717.0,24111.0,656.0,576.0,0.0,0.0,37828.0,378.2800000000002,100.0,1000,0,1000,0.21518120891414583,890,1,0,0,0,0,0,0,1,0,0,0,7,0,0,0,46,0,0,3,0,0,0,0,0,0,0,0,3,0,3,2,44,0.7441549301147461,0.019892893731594086,1.4637774229049683,0.34400680661201477,0.02217
437,48501.0,2307.0,50808.0,50808.0,0.9545937647614549,32.0,0.032,100.0,38501.0,49.0,51.0,16.0,16.0,24187.0,24314.0,310.0,656.0,0.0,120.0,38501.0,385.0099999999992,100.0,1000,1,999,0.22039641696028411,900,0,0,1,0,0,0,0,1,0,0,0,6,1,0,0,40,0,0,3,0,0,0,0,0,0,3,0,2,4,0,2,37,0.7939154505729675,0.014444337226450443,1.5776948928833008,0.42327427864074707,0.022151999999999998
438,49136.0,1320.0,50456.0,50456.0,0.9738385920405899,20.0,0.02,106.0,38536.0,51.0,55.0,5.0,15.0,23082.0,26054.0,768.0,623.0,8.0,177.0,38536.0,385.35999999999916,100.0,1000,1,999,0.21473716595210135,894,0,0,0,0,0,0,0,1,0,1,1,11,0,0,0,37,0,0,2,0,0,0,0,0,0,2,0,1,3,0,3,44,0.5801778435707092,-0.033081356436014175,1.2451634407043457,0.42118561267852783,0.022134
439,48253.0,1420.0,49673.0,49673.0,0.9714130412900368,22.0,0.022,112.0,37053.0,47.0,65.0,6.0,16.0,23500.0,24753.0,579.0,585.875,0.0,214.125,37053.0,370.5300000000003,100.0,1000,1,999,0.2137031659949571,888,0,0,0,0,0,0,0,0,0,0,0,6,1,0,0,40,0,0,12,0,0,0,0,0,0,6,0,4,1,0,3,39,1.0238375663757324,0.1266697645187378,1.813448429107666,0.43210557103157043,0.022116
440,47756.0,1428.0,49184.0,49184.0,0.9709661678594665,14.0,0.014,110.0,36756.0,46.0,64.0,8.0,6.0,24388.0,23368.0,782.5625,530.25,17.4375,269.75,36756.0,367.55999999999904,100.0,1000,1,999,0.2198514170013368,890,0,0,0,0,0,0,0,1,0,0,1,3,1,0,0,40,0,0,16,0,0,0,0,1,0,2,0,1,4,1,2,37,1.0117332935333252,0.06222982704639435,1.915561556816101,0.37457332015037537,0.022098
441,49751.0,1398.0,51149.0,51149.0,0.9726680873526364,24.0,0.024,106.0,39151.0,46.0,60.0,12.0,12.0,24751.0,25000.0,465.0,800.0,335.0,0.0,39151.0,391.5099999999997,100.0,1000,1,999,0.2193647080566734,894,1,0,0,0,0,0,0,0,0,0,2,3,0,0,0,40,2,0,6,0,0,0,0,0,0,1,0,2,1,1,2,45,0.9712575674057007,0.032541267573833466,1.8937807083129883,0.3702032268047333,0.02208
442,47670.0,872.0,48542.0,48542.0,0.9820361748588851,13.0,0.013,101.0,37570.0,45.0,56.0,10.0,3.0,23939.0,23731.0,700.0,694.109375,100.0,0.0,37570.0,375.7000000000001,100.0,1000,1,999,0.21373704192228615,899,0,0,0,0,0,0,0,0,0,0,1,4,0,0,0,40,0,0,5,0,0,0,0,0,0,4,0,1,1,1,1,43,0.9007871150970459,0.01676994375884533,1.784822702407837,0.3804810643196106,0.022062
443,50106.0,696.0,50802.0,50802.0,0.9862997519782686,12.0,0.012,106.0,39506.0,48.0,58.0,2.0,10.0,24859.0,25247.0,461.0,683.25,0.0,0.0,39506.0,395.05999999999966,100.0,1000,0,1000,0.2190175000578165,894,0,0,0,0,0,0,0,0,0,0,1,2,0,0,0,45,3,0,5,0,0,0,0,0,0,2,1,2,1,1,0,43,0.3975732624530792,-0.028727274388074875,0.8676367402076721,0.3410385251045227,0.022043999999999998
444,48694.0,987.0,49681.0,49681.0,0.9801332501358668,14.0,0.014,109.0,37794.0,49.0,60.0,8.0,6.0,23177.0,25517.0,424.5,735.0,132.0,65.0,37794.0,377.9399999999997,100.0,1000,0,1000,0.21538512501865625,891,0,0,0,0,0,0,0,2,0,0,0,5,0,0,0,42,0,0,7,0,0,0,0,0,0,1,1,2,2,0,2,45,0.3848888576030731,-0.05236963555216789,0.8878675103187561,0.30306389927864075,0.022025999999999997
445,46066.0,1681.0,47747.0,47747.0,0.9647935995978805,27.0,0.027,100.0,36066.0,42.0,58.0,10.0,17.0,22206.0,23860.0,618.0,719.0,182.0,0.0,36066.0,360.6600000000004,100.0,1000,1,999,0.21408233395777643,900,0,0,0,0,0,0,0,0,0,0,0,4,0,0,0,38,0,0,7,0,0,0,0,0,0,4,0,1,1,0,1,44,1.2105801105499268,0.12996962666511536,2.174513339996338,0.3019897937774658,0.022008
446,47807.0,1904.0,49711.0,49711.0,0.96169861801211,34.0,0.034,96.0,38207.0,42.0,54.0,17.0,17.0,22666.0,25141.0,527.0,715.0,273.0,85.0,38207.0,382.0700000000003,100.0,1000,1,999,0.2148899589665234,904,0,0,0,0,0,0,0,0,0,0,1,3,0,0,0,38,5,0,3,0,0,0,0,0,0,3,0,0,0,0,2,41,0.3610582947731018,-0.02033533714711666,0.7804011702537537,0.4004971981048584,0.02199
447,47315.0,1717.0,49032.0,49032.0,0.9649820525371187,23.0,0.023,89.0,38415.0,45.0,44.0,8.0,15.0,23311.0,24004.0,756.0,410.0,44.0,390.0,38415.0,384.1500000000001,100.0,1000,2,998,0.2187056669499725,911,1,0,0,0,0,0,0,0,0,0,0,1,0,0,0,43,1,0,0,0,0,0,0,0,0,3,0,0,0,0,4,36,0.3285057544708252,-0.019419662654399872,0.7092261910438538,0.3043718934059143,0.021972
448,48058.0,2284.0,50342.0,50342.0,0.9546303285526996,23.0,0.023,99.0,38158.0,49.0,50.0,5.0,18.0,25028.0,23030.0,395.0,648.0,0.0,9.5,38158.0,381.58000000000027,100.0,1000,1,999,0.2151386660989374,901,0,0,0,0,0,0,0,1,0,0,0,1,0,0,0,47,0,0,4,0,0,0,0,1,0,2,0,0,3,1,1,38,0.4665575325489044,-0.019748901948332787,0.9888244867324829,0.3692185580730438,0.021954
449,48899.0,773.0,49672.0,49672.0,0.9844379127073603,12.0,0.012,99.0,38999.0,51.0,48.0,9.0,3.0,25970.0,22929.0,542.0,696.0,258.0,104.0,38999.0,389.98999999999967,100.0,1000,0,1000,0.21959899994544685,901,0,0,0,0,0,0,0,1,0,0,0,2,0,0,0,48,1,0,2,0,0,0,0,0,0,0,0,1,2,0,2,40,0.5290690064430237,-0.003433182369917631,1.0799775123596191,0.341291218996048,0.021935999999999997
450,49613.0,1302.0,50915.0,50915.0,0.9744279681822645,21.0,0.021,94.0,40213.0,45.0,49.0,8.0,13.0,24621.0,24992.0,659.0,568.0,141.0,188.5,40213.0,402.1299999999993,100.0,1000,0,1000,0.21868037502281368,906,1,0,0,0,0,0,0,0,0,0,0,1,1,0,0,42,1,0,3,0,0,0,0,0,0,1,0,0,2,0,3,39,0.43108129501342773,-0.04604976624250412,0.9695241451263428,0.34816086292266846,0.021918
451,48013.0,1549.0,49562.0,49562.0,0.9687462168596909,20.0,0.02,95.0,38513.0,42.0,53.0,3.0,17.0,21607.0,26406.0,518.0,484.0,282.0,316.0,38513.0,385.12999999999994,100.0,1000,1,999,0.21496745920740068,905,0,0,0,0,0,0,0,0,0,0,1,0,0,0,0,41,2,0,2,0,0,0,0,0,0,1,0,1,3,0,0,44,0.5098049640655518,-0.02124512754380703,1.0789425373077393,0.38452982902526855,0.0219
452,48322.0,623.0,48945.0,48945.0,0.9872714271120646,11.0,0.011,95.0,38822.0,50.0,45.0,9.0,2.0,25285.0,23037.0,762.0,673.0,38.0,127.0,38822.0,388.21999999999997,100.0,1000,2,998,0.2144005000591278,905,1,0,0,0,0,0,0,0,0,0,0,1,0,0,0,48,0,0,1,0,0,0,0,0,0,1,0,1,1,1,1,39,0.7142810225486755,0.023759547621011734,1.3971768617630005,0.3686578571796417,0.021882
453,50509.0,973.0,51482.0,51482.0,0.9811001903577949,19.0,0.019,104.0,40109.0,53.0,51.0,12.0,7.0,26216.0,24293.0,428.0,678.0,92.0,114.375,40109.0,401.09000000000077,100.0,1000,1,999,0.2217070001643151,896,0,0,0,0,0,0,0,1,0,0,0,3,1,0,0,48,4,0,2,0,0,0,0,0,0,0,0,1,0,0,2,42,0.8417367935180664,0.07736314833164215,1.5440266132354736,0.3494175970554352,0.021863999999999998
454,47779.0,2406.0,50185.0,50185.0,0.9520573876656372,31.0,0.031,100.0,37779.0,46.0,54.0,19.0,12.0,23667.0,24112.0,471.0,733.0,329.0,67.0,37779.0,377.7900000000002,100.0,1000,1,999,0.2163918330334127,900,2,0,0,0,0,0,0,1,0,0,0,6,0,0,0,37,7,0,2,0,0,0,0,0,0,0,0,0,2,0,2,41,0.4574441611766815,-0.1018587201833725,1.1336419582366943,0.3441402316093445,0.021845999999999997
455,49377.0,1503.0,50880.0,50880.0,0.9704599056603773,21.0,0.021,103.0,39077.0,53.0,50.0,9.0,12.0,25448.0,23929.0,514.0,529.0,24.0,271.0,39077.0,390.77000000000015,100.0,1000,2,998,0.21867125015705824,897,1,0,0,0,0,0,0,0,0,1,0,3,1,0,0,47,3,0,1,0,0,0,0,0,0,1,0,1,2,2,0,40,0.3709562122821808,-0.027382193133234978,0.8103536367416382,0.3132858872413635,0.021828
456,47535.0,2927.0,50462.0,50462.0,0.9419959573540486,44.0,0.044,92.0,38335.0,49.0,43.0,18.0,26.0,24486.0,23049.0,554.0,624.0,246.0,176.0,38335.0,383.3499999999997,100.0,1000,0,1000,0.21419570897705853,908,1,0,0,0,0,0,0,0,0,0,0,3,0,0,0,45,3,0,0,0,0,0,0,0,0,0,1,1,1,1,1,35,0.6883400082588196,0.03403768315911293,1.3246865272521973,0.3686825931072235,0.02181
457,49062.0,1186.0,50248.0,50248.0,0.9763970705301703,21.0,0.021,102.0,38862.0,49.0,53.0,5.0,16.0,24349.0,24713.0,562.0,562.0,111.25,0.0,38862.0,388.6199999999988,100.0,1000,0,1000,0.21858200011774898,898,1,0,0,0,0,0,0,0,0,0,0,4,0,0,0,44,3,0,2,0,0,0,0,0,0,1,0,4,1,2,0,40,0.9052250385284424,-0.014286462217569351,1.8510968685150146,0.27702462673187256,0.021792
458,47829.0,1111.0,48940.0,48940.0,0.9772987331426236,23.0,0.023,90.0,38829.0,47.0,43.0,10.0,13.0,24692.0,23137.0,756.0,668.0,0.0,132.0,38829.0,388.2900000000004,100.0,1000,0,1000,0.21542987506836653,910,0,0,0,0,0,0,0,0,0,0,0,1,0,0,0,46,2,0,0,0,0,0,0,0,0,1,0,1,2,1,0,36,0.5907084345817566,-0.035769350826740265,1.2652260065078735,0.281768798828125,0.021774
459,47770.0,2725.0,50495.0,50495.0,0.9460342608179028,47.0,0.047,85.0,39270.0,40.0,45.0,35.0,12.0,23223.0,24547.0,691.0,566.0,109.0,234.0,39270.0,392.6999999999997,100.0,1000,0,1000,0.2141545421909541,915,0,0,0,0,0,0,0,0,0,0,0,0,0,0,0,40,1,0,1,0,0,0,0,0,0,2,0,0,2,1,0,38,0.2967342138290405,-0.08713824301958084,0.7832797765731812,0.3570255637168884,0.021755999999999998
460,46923.0,939.0,47862.0,47862.0,0.9803810956499938,17.0,0.017,89.0,38023.0,43.0,46.0,6.0,11.0,22872.0,24051.0,459.0,453.0,0.0,347.0,38023.0,380.2300000000001,100.0,1000,0,1000,0.21504899999126792,911,0,0,0,0,0,0,0,0,0,0,0,1,0,0,0,42,0,0,3,0,0,0,0,0,0,0,0,1,1,0,2,39,0.3165137767791748,-0.07898742705583572,0.8058920502662659,0.34247997403144836,0.021738
461,48594.0,1615.0,50209.0,50209.0,0.967834451990679,27.0,0.027,91.0,39494.0,46.0,45.0,11.0,16.0,24642.0,23952.0,384.0,607.0,117.0,193.0,39494.0,394.9399999999996,100.0,1000,0,1000,0.21938999998383224,909,0,0,0,0,0,0,0,0,0,0,0,2,0,0,0,44,0,0,1,0,0,0,0,0,0,1,0,3,1,1,0,38,0.42032870650291443,-0.014315771870315075,0.8842625617980957,0.3446950912475586,0.02172
462,48664.0,1634.0,50298.0,50298.0,0.9675136188317627,20.0,0.02,97.0,38964.0,43.0,54.0,15.0,5.0,24438.0,24226.0,614.0,541.6875,186.0,258.3125,38964.0,389.63999999999976,100.0,1000,0,1000,0.21917900000698864,903,0,0,0,0,0,0,0,0,0,0,0,1,0,0,0,42,2,0,4,0,0,0,0,0,0,0,0,6,1,2,2,37,0.37654900550842285,-0.09123227745294571,0.949740469455719,0.32664942741394043,0.021702
463,50897.0,888.0,51785.0,51785.0,0.9828521772714106,13.0,0.013,98.0,41097.0,52.0,46.0,2.0,11.0,26496.0,24401.0,732.0,585.125,68.0,13.4296875,41097.0,410.9700000000003,100.0,1000,0,1000,0.21846687514334917,902,0,0,0,0,0,0,0,0,0,0,1,2,0,0,0,49,1,0,1,0,0,0,0,0,0,0,0,2,1,2,3,36,0.5110163688659668,-0.02796703763306141,1.0931600332260132,0.3503325283527374,0.021684
464,47929.0,1979.0,49908.0,49908.0,0.9603470385509337,21.0,0.021,95.0,38429.0,42.0,53.0,11.0,10.0,22525.0,25404.0,489.0,543.6875,0.0,0.0,38429.0,384.28999999999957,100.0,1000,0,1000,0.2139886668883264,905,0,0,0,0,0,0,0,0,0,0,0,0,0,0,0,42,1,0,3,0,0,0,0,0,0,0,0,3,2,1,0,43,0.4858904480934143,-0.09020240604877472,1.1665802001953125,0.3321910798549652,0.021665999999999998
465,49523.0,834.0,50357.0,50357.0,0.983438250888655,15.0,0.015,97.0,39823.0,51.0,46.0,5.0,10.0,24278.0,25245.0,750.0,646.75,50.0,153.25,39823.0,398.2300000000001,100.0,1000,0,1000,0.21901000011712313,903,1,0,0,0,0,0,0,0,0,0,1,1,0,0,0,48,0,0,1,0,0,0,0,0,0,0,0,2,0,0,2,41,0.32717424631118774,-0.028994835913181305,0.7266436815261841,0.3304119110107422,0.021648
466,49123.0,795.0,49918.0,49918.0,0.9840738811651107,16.0,0.016,100.0,39123.0,51.0,49.0,5.0,11.0,25200.0,23923.0,643.0,641.0,157.0,159.0,39123.0,391.22999999999996,100.0,1000,1,999,0.21427370887249708,900,0,0,0,0,0,0,0,0,0,1,0,2,0,0,0,48,0,0,0,0,0,0,0,0,0,1,0,3,0,1,0,44,0.2147604525089264,-0.04260212928056717,0.5287702679634094,0.324667364358902,0.021629999999999996
467,50023.0,1378.0,51401.0,51401.0,0.9731911830509135,24.0,0.024,114.0,38623.0,57.0,57.0,8.0,16.0,26396.0,23627.0,726.5,526.0,73.5,274.0,38623.0,386.2300000000003,100.0,1000,0,1000,0.21442879200913012,886,1,0,0,0,1,0,0,1,0,0,0,3,0,0,0,51,1,0,4,0,0,0,0,0,0,1,0,8,1,0,2,40,0.988948404788971,0.11149241775274277,1.7694069147109985,0.3353436291217804,0.021612
468,47783.0,2320.0,50103.0,50103.0,0.9536953875017464,34.0,0.034,104.0,37383.0,57.0,47.0,10.0,24.0,25746.0,22037.0,655.0625,727.0,0.0,73.0,37383.0,373.82999999999964,100.0,1000,0,1000,0.21984362485818565,896,1,0,0,0,1,0,0,0,0,0,1,7,3,0,0,44,2,0,5,0,0,0,0,0,0,3,0,1,0,0,0,36,0.8365496397018433,0.04234767705202103,1.6053227186203003,0.3917461931705475,0.021594
469,48107.0,2042.0,50149.0,50149.0,0.9592813416020259,37.0,0.037,107.0,37407.0,48.0,59.0,9.0,28.0,23350.0,24757.0,764.0,680.25,36.0,119.75,37407.0,374.06999999999994,100.0,1000,0,1000,0.21331637492403388,893,1,0,0,0,0,0,0,0,0,0,0,7,1,0,0,39,4,0,4,0,0,0,0,0,0,0,0,7,0,0,1,43,0.425108402967453,-0.07529088854789734,1.0163581371307373,0.3605751693248749,0.021575999999999998
470,48820.0,2322.0,51142.0,51142.0,0.9545970044190685,34.0,0.034,100.0,38820.0,51.0,49.0,19.0,15.0,24295.0,24525.0,588.0,650.0,0.0,60.0,38820.0,388.1999999999999,100.0,1000,2,998,0.21449662512168288,900,0,0,0,0,0,0,0,0,0,0,0,7,0,0,0,44,1,0,2,0,0,0,0,0,0,1,0,6,0,0,0,39,0.7500990629196167,0.05364326760172844,1.4079149961471558,0.34797802567481995,0.021558
471,48601.0,2406.0,51007.0,51007.0,0.952830003724979,29.0,0.029,108.0,37801.0,51.0,57.0,16.0,13.0,22515.0,26086.0,513.0,740.859375,151.25,59.140625,37801.0,378.0100000000005,100.0,1000,1,999,0.21915312483906746,892,1,0,0,0,1,0,0,0,0,0,0,7,0,0,0,42,2,0,1,0,0,0,0,1,0,0,0,8,0,0,0,45,1.0354512929916382,0.03973505273461342,2.0091052055358887,0.410233736038208,0.021539999999999997
472,47848.0,1407.0,49255.0,49255.0,0.9714343721449599,18.0,0.018,103.0,37548.0,50.0,53.0,6.0,12.0,23717.0,24131.0,512.0,567.0,0.0,233.0,37548.0,375.48000000000064,100.0,1000,0,1000,0.21451112511567771,897,0,0,0,0,0,0,0,1,0,0,0,7,0,0,0,42,1,0,3,0,0,0,0,0,0,0,1,4,0,0,4,40,0.36310550570487976,0.05167393758893013,0.639702558517456,0.391215056180954,0.021522
473,46717.0,1818.0,48535.0,48535.0,0.962542495106624,33.0,0.033,107.0,36017.0,54.0,53.0,18.0,15.0,22917.0,23800.0,789.75,590.0,10.25,66.0,36017.0,360.17000000000024,100.0,1000,0,1000,0.21858824999071658,893,3,0,0,0,0,0,0,1,0,0,0,10,1,0,0,39,0,0,3,0,0,0,0,0,0,1,0,9,2,1,4,33,0.3594520688056946,-0.07765068858861923,0.8900229334831238,0.3677784502506256,0.021504
474,48367.0,2676.0,51043.0,51043.0,0.9475736144035422,48.0,0.048,105.0,37867.0,56.0,49.0,22.0,26.0,25069.0,23298.0,687.0,777.0,51.0,23.0,37867.0,378.6699999999999,100.0,1000,0,1000,0.214391834102571,895,3,0,0,0,0,0,0,1,0,0,0,10,1,0,0,41,1,0,3,0,0,0,0,0,0,0,0,6,1,0,2,36,0.49807649850845337,-0.020909544080495834,1.0528837442398071,0.3470083773136139,0.021485999999999998
475,45803.0,1875.0,47678.0,47678.0,0.9606736859767607,19.0,0.019,103.0,35503.0,56.0,47.0,8.0,11.0,23299.0,22504.0,706.0,565.75,94.0,0.0,35503.0,355.02999999999935,100.0,1000,1,999,0.2182020409964025,897,0,0,1,0,1,0,0,0,0,0,0,10,1,0,0,43,0,0,4,0,0,0,0,0,0,0,0,5,1,0,1,36,0.6510188579559326,-0.0317218042910099,1.3789184093475342,0.31295454502105713,0.021468
476,46940.0,3326.0,50266.0,50266.0,0.9338320136871842,36.0,0.036,101.0,36840.0,55.0,46.0,14.0,22.0,24679.0,22261.0,436.3125,578.16796875,0.0,62.73150634765625,36840.0,368.4000000000008,100.0,1000,0,1000,0.21456516603939235,899,2,0,0,0,0,0,0,0,0,0,0,9,0,0,0,44,2,0,3,0,0,0,0,0,0,0,0,7,0,0,2,32,0.5428177714347839,-0.060779932886362076,1.2236396074295044,0.3833144009113312,0.021449999999999997
477,47113.0,2026.0,49139.0,49139.0,0.9587700197399215,33.0,0.033,102.0,36913.0,54.0,48.0,12.0,21.0,24634.0,22479.0,605.0,575.984375,71.0,47.0,36913.0,369.12999999999977,100.0,1000,0,1000,0.2223931250628084,898,1,0,0,0,0,0,0,0,0,0,1,8,0,0,0,44,0,1,1,0,0,0,0,0,0,2,0,9,0,0,1,34,0.553656280040741,-0.019816262647509575,1.1613274812698364,0.3355344533920288,0.021432
478,49919.0,980.0,50899.0,50899.0,0.9807461836185387,16.0,0.016,97.0,40219.0,53.0,44.0,2.0,14.0,24340.0,25579.0,698.75,555.0,101.25,245.0,40219.0,402.18999999999994,100.0,1000,0,1000,0.21359291695989668,903,3,0,0,0,0,0,0,0,1,0,0,4,3,0,0,42,1,0,0,0,0,0,0,0,0,2,0,2,0,0,0,39,0.1373836249113083,-0.15318037569522858,0.5967661738395691,0.3651392161846161,0.021414
479,48149.0,1493.0,49642.0,49642.0,0.9699246605696789,27.0,0.027,98.0,38349.0,51.0,47.0,10.0,17.0,23126.0,25023.0,581.0,704.0,54.75,96.0,38349.0,383.4899999999993,100.0,1000,0,1000,0.21822024998255074,902,1,0,0,0,0,0,0,1,1,0,0,8,1,0,0,39,0,0,1,0,0,0,0,0,0,3,0,4,0,0,1,38,0.5257071852684021,-0.009817523881793022,1.0893360376358032,0.4273378551006317,0.021396
480,49498.0,970.0,50468.0,50468.0,0.9807799001347388,18.0,0.018,114.0,38098.0,56.0,58.0,7.0,11.0,24408.0,25090.0,501.2740478515625,653.0,76.0,29.859375,38098.0,380.97999999999956,100.0,1000,0,1000,0.2142776248510927,886,2,0,0,0,3,0,0,1,0,0,0,4,1,0,0,45,1,0,2,0,0,0,0,2,0,4,0,7,0,0,1,41,0.9100291728973389,0.049221038818359375,1.7380551099777222,0.3844808340072632,0.021377999999999998
481,46476.0,1319.0,47795.0,47795.0,0.9724029710220734,10.0,0.01,99.0,36576.0,46.0,53.0,6.0,4.0,23243.0,23233.0,422.0,542.875,0.0,257.125,36576.0,365.7599999999992,100.0,1000,0,1000,0.21433729189448059,901,0,0,0,0,0,0,0,0,0,0,0,3,4,0,0,39,0,0,4,0,0,0,0,0,0,2,0,5,0,0,0,42,0.4210420548915863,0.03624098002910614,0.7857685685157776,0.3784266412258148,0.021359999999999997
482,47154.0,983.0,48137.0,48137.0,0.9795791179342294,13.0,0.013,111.0,36054.0,45.0,66.0,8.0,5.0,21198.0,25956.0,734.633544921875,527.4375,65.366455078125,0.0,36054.0,360.5399999999994,100.0,1000,1,999,0.21484695794060826,889,2,0,0,0,0,0,0,1,0,0,1,6,0,0,0,35,0,0,7,0,0,0,0,0,0,0,0,6,0,2,1,50,1.254826545715332,0.07689864188432693,2.3722708225250244,0.3845732510089874,0.021342
483,49907.0,2217.0,52124.0,52124.0,0.9574668099148185,31.0,0.031,103.0,39607.0,49.0,54.0,14.0,17.0,24141.0,25766.0,530.0,649.5,84.75,150.5,39607.0,396.06999999999937,100.0,1000,0,1000,0.21915437490679324,897,0,0,0,0,1,0,0,1,0,0,0,3,0,0,0,44,0,0,1,0,0,0,0,0,0,0,0,9,1,0,5,38,0.5118337869644165,0.01276730839163065,1.01426362991333,0.37822890281677246,0.021323999999999996
484,49617.0,330.0,49947.0,49947.0,0.9933929965763709,8.0,0.008,113.0,38317.0,58.0,55.0,4.0,4.0,25695.0,23922.0,695.0,546.46875,87.1875,64.0,38317.0,383.1700000000006,100.0,1000,1,999,0.2146957500372082,887,2,0,0,0,2,0,0,0,0,0,1,6,3,0,0,44,0,0,1,0,0,0,0,0,0,1,0,11,0,0,2,40,0.519338071346283,-0.0797051340341568,1.2112728357315063,0.30945438146591187,0.021306
485,47025.0,2791.0,49816.0,49816.0,0.9439738236711097,45.0,0.045,98.0,37225.0,48.0,50.0,10.0,35.0,23561.0,23464.0,734.0,403.339605204761,66.0,0.0,37225.0,372.25,100.0,1000,0,1000,0.21895383321680129,902,0,0,0,0,0,0,0,2,0,0,1,1,3,0,0,41,0,0,3,0,0,0,0,0,0,2,0,6,0,0,5,34,0.5376786589622498,-0.005486159585416317,1.1040524244308472,0.4162648618221283,0.021288
486,48988.0,1550.0,50538.0,50538.0,0.9693300091020618,25.0,0.025,111.0,37888.0,42.0,69.0,21.0,4.0,23025.0,25963.0,800.0,508.0,0.0,84.625,37888.0,378.88000000000045,100.0,1000,0,1000,0.2188782908488065,889,0,0,0,0,0,0,0,0,0,0,0,2,0,0,0,40,0,0,1,0,0,0,0,0,0,4,0,20,0,0,6,38,0.5116182565689087,-0.006952621974050999,1.0548980236053467,0.4174020290374756,0.021269999999999997
487,47879.0,1982.0,49861.0,49861.0,0.9602494935921863,22.0,0.022,112.0,36679.0,49.0,63.0,16.0,6.0,24020.0,23859.0,692.0,687.0,108.0,5.73828125,36679.0,366.7899999999992,100.0,1000,0,1000,0.21417062496766448,888,1,0,0,0,0,0,0,0,0,0,0,4,1,0,0,43,0,0,8,0,0,0,0,0,0,0,0,10,0,0,5,40,0.6121413707733154,0.04347297176718712,1.1533713340759277,0.37724626064300537,0.021252
488,48778.0,795.0,49573.0,49573.0,0.9839630443991689,15.0,0.015,114.0,37378.0,48.0,66.0,7.0,8.0,22931.0,25847.0,713.5,508.25390625,21.625,291.74609375,37378.0,373.7800000000003,100.0,1000,0,1000,0.21956620807759464,886,0,0,0,0,0,0,0,0,0,0,0,6,0,0,0,42,1,0,2,0,0,0,0,0,0,2,0,17,2,0,7,35,0.27247482538223267,0.011056285351514816,0.5428134202957153,0.4703848659992218,0.021234
489,48094.0,2596.0,50690.0,50690.0,0.9487867429473269,44.0,0.044,123.0,35794.0,48.0,75.0,17.0,27.0,24603.0,23491.0,640.0,769.0,160.0,31.0,35794.0,357.94000000000057,100.0,1000,0,1000,0.2150766251143068,877,0,0,0,0,0,0,1,0,0,0,0,4,0,0,0,43,0,19,1,0,0,0,0,0,0,2,0,14,1,0,3,35,0.7510032653808594,-0.034882139414548874,1.5917870998382568,0.4717260003089905,0.021216
490,49851.0,2776.0,52627.0,52627.0,0.9472514108727459,27.0,0.027,139.0,35951.0,49.0,90.0,15.0,12.0,25060.0,24791.0,506.0,699.375,294.0,22.01171875,35951.0,359.5099999999997,100.0,1000,1,999,0.21942383307032287,861,0,0,0,0,1,0,0,1,0,0,0,2,1,0,0,44,0,35,2,0,0,0,0,0,0,1,0,8,0,0,4,40,0.7724013328552246,-0.058198921382427216,1.6775283813476562,0.3851263225078583,0.021197999999999998
491,48341.0,1581.0,49922.0,49922.0,0.9683305957293378,31.0,0.031,125.0,35841.0,45.0,80.0,24.0,7.0,23650.0,24691.0,678.5625,564.1947374343872,121.4375,0.0,35841.0,358.40999999999997,100.0,1000,0,1000,0.22005116706714034,875,0,0,0,0,0,0,0,0,0,0,0,2,2,0,0,41,0,23,5,0,0,0,0,0,0,1,0,8,0,1,1,41,0.6392092704772949,0.07598983496427536,1.146827220916748,0.4813111126422882,0.021179999999999997
492,48015.0,1357.0,49372.0,49372.0,0.9725147857084987,25.0,0.025,133.0,34715.0,48.0,85.0,16.0,9.0,24525.0,23490.0,570.0,740.4421763420105,88.25,14.889455914497375,34715.0,347.14999999999975,100.0,1000,1,999,0.21507391706109047,867,0,0,0,0,1,0,0,1,0,1,0,1,2,0,0,42,1,23,4,0,0,0,0,0,0,2,0,14,0,0,1,40,0.7359679341316223,-0.09754972159862518,1.6857655048370361,0.44254356622695923,0.021162
493,48752.0,1208.0,49960.0,49960.0,0.9758206565252202,23.0,0.023,127.0,36052.0,48.0,79.0,14.0,9.0,24895.0,23857.0,585.0,686.625,215.0,28.34375,36052.0,360.52000000000027,100.0,1000,1,999,0.21905804192647338,873,0,0,0,0,0,0,0,1,0,1,1,2,1,0,0,42,0,18,4,0,0,0,0,0,0,2,0,15,0,0,3,37,0.6039717197418213,0.12731792032718658,0.9738932251930237,0.4867953062057495,0.021143999999999996
494,48212.0,1105.0,49317.0,49317.0,0.9775939331265081,15.0,0.015,127.0,35512.0,51.0,76.0,6.0,9.0,23897.0,24315.0,618.0,702.0,182.0,28.0,35512.0,355.1199999999992,100.0,1000,0,1000,0.21446212497539818,873,1,0,0,0,0,0,0,0,0,1,0,0,1,0,0,48,0,13,5,0,0,0,0,0,0,0,0,2,1,0,6,49,0.3758889138698578,0.011937948875129223,0.7409899234771729,0.30976051092147827,0.021126
495,48743.0,1512.0,50255.0,50255.0,0.969913441448612,24.0,0.024,123.0,36443.0,46.0,77.0,19.0,5.0,24411.0,24332.0,766.0,709.0,34.0,70.7890625,36443.0,364.429999999999,100.0,1000,1,999,0.21402104198932648,877,0,0,0,0,0,0,0,0,0,0,0,1,0,0,0,45,0,14,2,0,0,0,0,0,0,2,0,4,2,0,13,40,0.503545880317688,-0.042564503848552704,1.1080700159072876,0.3754306435585022,0.021108000000000002
496,46668.0,3266.0,49934.0,49934.0,0.9345936636359995,51.0,0.051,105.0,36168.0,41.0,64.0,29.0,22.0,22725.0,23943.0,726.0,559.25,74.0,46.0,36168.0,361.6799999999999,100.0,1000,0,1000,0.2142076250165701,895,0,0,0,0,0,0,0,0,0,0,0,2,0,0,0,39,1,10,1,0,0,0,0,0,0,0,0,7,0,0,5,40,0.7795655131340027,0.036642178893089294,1.502896785736084,0.40422362089157104,0.021089999999999998
497,48191.0,1384.0,49575.0,49575.0,0.97208270297529,22.0,0.022,106.0,37591.0,48.0,58.0,16.0,6.0,24293.0,23898.0,401.0625,703.25,0.0,96.75,37591.0,375.91000000000014,100.0,1000,0,1000,0.21974258311092854,894,1,0,0,0,0,0,0,0,0,0,0,2,1,0,0,44,0,5,0,0,0,0,0,0,0,0,0,8,0,0,3,42,0.41658034920692444,0.03672483563423157,0.7731513381004333,0.31891337037086487,0.021072
498,47988.0,1885.0,49873.0,49873.0,0.9622039981553145,23.0,0.023,93.0,38688.0,41.0,52.0,13.0,10.0,23040.0,24948.0,665.0,663.484375,135.0,31.0,38688.0,386.8800000000005,100.0,1000,0,1000,0.21481966692954302,907,0,0,0,0,0,0,0,0,0,0,0,1,0,0,0,40,0,4,1,0,0,0,0,0,0,1,0,0,0,0,3,43,0.7001649141311646,0.055434614419937134,1.3037109375,0.3384230434894562,0.021054
499,49488.0,844.0,50332.0,50332.0,0.983231343876659,16.0,0.016,96.0,39888.0,42.0,54.0,6.0,10.0,23283.0,26205.0,604.0,361.5859375,196.0,50.0,39888.0,398.8800000000006,100.0,1000,0,1000,0.21408487507142127,904,0,0,0,0,0,0,0,0,0,0,0,0,1,0,0,41,0,6,1,0,0,0,0,0,0,0,0,2,0,0,2,43,0.363533079624176,0.0009507187642157078,0.740585207939148,0.36652570962905884,0.021036
500,48963.0,1189.0,50152.0,50152.0,0.9762920721008135,14.0,0.014,100.0,38963.0,47.0,53.0,6.0,8.0,23828.0,25135.0,550.0,610.0,250.0,190.0,38963.0,389.63000000000056,100.0,1000,1,999,0.21879079192876816,900,1,0,0,0,0,0,1,0,0,0,1,1,1,0,0,42,0,4,1,0,0,0,0,0,0,0,0,3,1,0,2,42,0.7447283267974854,0.0678294450044632,1.3683432340621948,0.3460236191749573,0.021018
501,50096.0,1304.0,51400.0,51400.0,0.9746303501945526,19.0,0.019,100.0,40096.0,46.0,54.0,7.0,12.0,25199.0,24897.0,567.0,651.0,30.0,137.375,40096.0,400.95999999999975,100.0,1000,2,998,0.22230237489566207,900,0,0,0,0,0,0,1,0,0,0,0,0,0,0,0,45,0,6,2,0,0,0,0,0,0,0,0,2,0,0,2,42,0.8621609807014465,-0.06080679967999458,1.8596563339233398,0.3266837000846863,0.020999999999999998
502,49970.0,525.0,50495.0,50495.0,0.9896029309832657,10.0,0.01,108.0,39170.0,43.0,65.0,7.0,3.0,23891.0,26079.0,414.0,670.203125,0.0,129.796875,39170.0,391.7,100.0,1000,1,999,0.21396912494674325,892,0,0,0,0,0,0,0,0,0,1,0,0,0,0,0,42,0,6,3,0,0,0,0,1,0,1,0,8,1,0,3,42,0.5912331938743591,0.03673585131764412,1.1249308586120605,0.3797571361064911,0.020982
503,49499.0,568.0,50067.0,50067.0,0.9886552020292808,11.0,0.011,107.0,38799.0,46.0,61.0,6.0,5.0,24964.0,24535.0,421.0,723.4912910461426,0.0,76.50870895385742,38799.0,387.9900000000001,100.0,1000,0,1000,0.2323592088650912,893,0,0,0,0,0,0,0,0,0,0,0,0,0,0,0,46,1,5,1,0,0,0,0,0,0,0,0,7,0,0,5,42,0.6164506673812866,0.01006893441081047,1.2278215885162354,0.3591421842575073,0.020963999999999997
504,47214.0,1388.0,48602.0,48602.0,0.9714415044648368,12.0,0.012,97.0,37514.0,47.0,50.0,4.0,8.0,23124.0,24090.0,672.0,440.9637451171875,128.0,0.0,37514.0,375.13999999999936,100.0,1000,0,1000,0.21554845897480845,903,0,0,0,0,0,0,2,1,0,0,0,3,0,0,0,41,0,2,0,0,0,0,0,0,0,0,0,5,1,0,6,36,0.4358801543712616,0.016231026500463486,0.8534619808197021,0.338101327419281,0.020946
505,48293.0,963.0,49256.0,49256.0,0.980449082345298,14.0,0.014,101.0,38193.0,40.0,61.0,7.0,7.0,22080.0,26213.0,702.0,451.0,98.0,0.0,38193.0,381.92999999999967,100.0,1000,0,1000,0.21547195804305375,899,0,0,0,0,0,0,0,0,0,0,0,0,0,0,0,40,0,2,3,0,0,0,0,0,0,1,1,6,1,0,5,42,0.47394415736198425,-0.006647163536399603,0.9740779399871826,0.3080868422985077,0.020928
506,49590.0,585.0,50175.0,50175.0,0.9883408071748879,11.0,0.011,95.0,40090.0,45.0,50.0,6.0,5.0,24553.0,25037.0,423.0,558.5,0.0,241.5,40090.0,400.89999999999986,100.0,1000,1,999,0.22009395901113749,905,0,0,0,0,0,0,0,0,0,0,1,1,0,0,0,43,0,0,1,0,0,0,0,0,0,0,0,5,0,0,1,43,0.4480048418045044,0.03541518375277519,0.8405295014381409,0.3670532703399658,0.020909999999999998
507,50573.0,1231.0,51804.0,51804.0,0.9762373561887113,17.0,0.017,106.0,39973.0,46.0,60.0,8.0,9.0,25242.0,25331.0,618.0,637.0,182.0,163.0,39973.0,399.7299999999998,100.0,1000,0,1000,0.21359666693024337,894,0,0,0,0,0,0,0,0,0,0,1,1,1,0,0,43,0,5,0,0,0,0,0,0,0,2,0,8,0,0,3,42,0.5285005569458008,-0.036355771124362946,1.1433589458465576,0.32659024000167847,0.020892
508,50740.0,1056.0,51796.0,51796.0,0.9796123252760831,16.0,0.016,111.0,39640.0,47.0,64.0,11.0,5.0,24087.0,26653.0,664.0,636.0,0.0,63.5,39640.0,396.39999999999947,100.0,1000,1,999,0.2147233330179006,889,1,0,0,0,0,0,0,0,0,0,1,3,0,0,0,42,0,5,1,0,0,0,0,0,0,2,0,5,1,0,7,43,0.8211696743965149,0.03257964923977852,1.590186595916748,0.3115493953227997,0.020873999999999997
509,48920.0,542.0,49462.0,49462.0,0.9890420929198173,10.0,0.01,98.0,39120.0,45.0,53.0,0.0,10.0,24407.0,24513.0,634.0,509.0,166.0,291.0,39120.0,391.19999999999965,100.0,1000,0,1000,0.21915320795960724,902,0,0,0,0,0,0,0,0,0,0,1,1,0,0,0,43,0,2,1,0,0,0,0,0,0,0,0,6,0,1,4,39,0.5389687418937683,0.07797490805387497,0.9356002807617188,0.3263489007949829,0.020856
510,50396.0,789.0,51185.0,51185.0,0.9845853277327342,13.0,0.013,97.0,40696.0,43.0,54.0,8.0,5.0,26251.0,24145.0,502.0,556.0,298.0,244.0,40696.0,406.95999999999987,100.0,1000,0,1000,0.21540845814161003,903,0,0,0,0,0,0,0,0,0,0,0,1,0,0,0,42,0,4,3,0,0,0,0,0,0,0,0,2,1,0,4,40,0.5423511266708374,-0.03708169236779213,1.1747360229492188,0.38080307841300964,0.020838
511,48998.0,1688.0,50686.0,50686.0,0.9666969182811822,25.0,0.025,101.0,38898.0,43.0,58.0,7.0,18.0,24231.0,24767.0,325.0,696.89453125,11.0,103.10546875,38898.0,388.9799999999999,100.0,1000,0,1000,0.21396541711874306,899,0,0,0,0,0,0,0,0,0,1,0,0,0,0,0,42,0,5,3,0,0,0,0,1,0,1,0,4,1,0,9,34,0.42970535159111023,-0.11041424423456192,1.0951237678527832,0.3574584722518921,0.020819999999999998
512,48541.0,1262.0,49803.0,49803.0,0.9746601610344758,14.0,0.014,111.0,37441.0,40.0,71.0,9.0,5.0,23464.0,25077.0,671.0,709.683269956337,129.0,40.33229562772894,37441.0,374.4099999999998,100.0,1000,0,1000,0.21841912483796477,889,0,0,0,0,0,0,0,0,0,0,0,0,0,0,0,40,0,2,1,0,0,0,0,1,0,4,0,7,0,1,15,40,0.8175433874130249,-0.03885599598288536,1.7271065711975098,0.3439044952392578,0.020802
513,47269.0,2013.0,49282.0,49282.0,0.959153443447912,29.0,0.029,90.0,38269.0,44.0,46.0,12.0,17.0,24892.0,22377.0,453.0,608.0,86.75,192.0,38269.0,382.68999999999966,100.0,1000,1,999,0.21884320909157395,910,0,0,0,0,0,0,0,0,0,0,0,2,0,0,0,42,0,2,0,0,0,0,0,0,0,1,0,2,0,0,6,35,0.3979434370994568,-0.03583424165844917,0.8813696503639221,0.332329660654068,0.020783999999999997
514,49048.0,1473.0,50521.0,50521.0,0.9708438075255834,18.0,0.018,102.0,38848.0,42.0,60.0,11.0,7.0,25078.0,23970.0,634.0,622.0,166.0,79.4609375,38848.0,388.48000000000036,100.0,1000,0,1000,0.2191130828578025,898,0,0,0,0,0,0,0,0,0,0,0,0,0,0,0,42,0,4,0,0,0,0,0,0,0,0,1,10,0,1,16,28,0.8775457143783569,0.10481633991003036,1.559273600578308,0.33263006806373596,0.020766
515,48941.0,1063.0,50004.0,50004.0,0.9787417006639468,18.0,0.018,101.0,38841.0,42.0,59.0,11.0,7.0,24304.0,24637.0,552.0,612.1875,248.0,11.73828125,38841.0,388.4100000000002,100.0,1000,1,999,0.2195274168625474,899,1,0,0,0,0,0,0,0,0,0,0,0,0,0,0,41,0,2,1,0,0,0,0,0,0,4,1,1,0,0,15,35,0.2938198447227478,0.013052934780716896,0.5751417279243469,0.3279332220554352,0.020748
516,48391.0,1293.0,49684.0,49684.0,0.9739755253200225,15.0,0.015,102.0,38191.0,41.0,61.0,9.0,6.0,24664.0,23727.0,682.0,737.865234375,118.0,53.03369140625,38191.0,381.9099999999994,100.0,1000,1,999,0.21492841700091958,898,0,0,0,0,0,0,0,0,0,0,0,0,0,0,0,41,0,1,3,0,0,0,0,0,0,2,0,5,0,0,9,41,0.9180658459663391,0.030024688690900803,1.7900792360305786,0.33760136365890503,0.02073
517,50854.0,690.0,51544.0,51544.0,0.9866133788607792,10.0,0.01,103.0,40554.0,43.0,60.0,8.0,2.0,25628.0,25226.0,622.0,676.0762939453125,178.0,0.0,40554.0,405.54000000000025,100.0,1000,1,999,0.2191719589754939,897,0,0,0,0,0,0,0,0,0,0,0,0,0,0,0,43,0,3,1,0,0,0,0,0,0,0,0,5,0,0,6,45,0.41726839542388916,-0.09683776646852493,1.0398646593093872,0.2812941074371338,0.020712
518,49006.0,1499.0,50505.0,50505.0,0.9703197703197703,22.0,0.022,101.0,38906.0,43.0,58.0,16.0,6.0,25438.0,23568.0,722.0,676.0,78.0,124.0,38906.0,389.05999999999983,100.0,1000,1,999,0.21479341620579362,899,0,0,0,0,0,0,1,0,0,0,0,0,1,0,0,41,0,3,0,0,0,0,0,0,0,1,0,2,0,0,10,42,0.4180315136909485,-0.07296600937843323,0.9945477843284607,0.30329447984695435,0.020693999999999997
519,49067.0,701.0,49768.0,49768.0,0.9859146439479184,14.0,0.014,99.0,39167.0,44.0,55.0,7.0,7.0,24883.0,24184.0,687.0,585.09765625,113.0,0.0,39167.0,391.6699999999998,100.0,1000,0,1000,0.21481316699646413,901,0,0,0,0,0,0,0,0,0,0,0,2,0,0,0,42,0,1,0,0,0,0,0,0,0,2,0,4,0,0,3,45,0.5103786587715149,0.00164348806720227,1.031394600868225,0.33672332763671875,0.020676
520,49100.0,1305.0,50405.0,50405.0,0.9741097113381609,18.0,0.018,102.0,38900.0,45.0,57.0,12.0,6.0,23770.0,25330.0,718.0,757.0,82.0,0.0,38900.0,388.9999999999998,100.0,1000,0,1000,0.21585920895449817,898,1,0,0,0,0,0,1,0,0,0,0,1,1,0,0,41,0,2,2,0,0,0,0,0,0,1,1,5,0,0,2,44,0.8984172344207764,0.032526999711990356,1.7475101947784424,0.38071611523628235,0.020658
521,48566.0,1328.0,49894.0,49894.0,0.9733835731751312,20.0,0.02,100.0,38566.0,43.0,57.0,12.0,8.0,24944.0,23622.0,700.25,542.0,99.75,47.0,38566.0,385.6599999999997,100.0,1000,0,1000,0.21923133288510144,900,0,0,0,0,0,0,0,0,0,0,0,3,0,0,0,40,0,4,1,0,0,0,0,0,0,1,0,5,0,0,3,43,0.3430248498916626,-0.00608533201739192,0.7125460505485535,0.34703707695007324,0.02064
522,49624.0,834.0,50458.0,50458.0,0.9834714019580642,11.0,0.011,101.0,39524.0,44.0,57.0,9.0,2.0,24918.0,24706.0,475.0,770.0,76.0,26.25,39524.0,395.2399999999999,100.0,1000,0,1000,0.2197140830103308,899,0,0,0,0,0,0,0,0,0,0,0,0,0,0,0,44,0,3,0,0,0,0,0,0,0,0,0,1,1,0,9,43,0.623022198677063,0.04653342813253403,1.1665421724319458,0.3288857936859131,0.020622
523,48896.0,854.0,49750.0,49750.0,0.9828341708542714,14.0,0.014,94.0,39496.0,41.0,53.0,6.0,8.0,24121.0,24775.0,681.0,564.0,119.0,93.0,39496.0,394.95999999999987,100.0,1000,0,1000,0.22209775005467236,906,0,0,0,0,0,0,0,0,0,0,0,0,0,0,0,41,0,0,1,0,0,0,0,0,0,2,0,4,0,1,3,42,0.47287115454673767,-0.07571302354335785,1.1109604835510254,0.3346943259239197,0.020603999999999997
524,48768.0,1438.0,50206.0,50206.0,0.9713580050193203,13.0,0.013,98.0,38968.0,45.0,53.0,6.0,7.0,23512.0,25256.0,718.0,623.5,0.0,176.5,38968.0,389.6799999999995,100.0,1000,0,1000,0.21951779210940003,902,0,0,0,0,0,0,0,0,0,0,1,2,0,0,0,42,0,1,0,0,0,0,0,0,0,0,0,5,1,0,5,41,0.641503095626831,-0.07961895316839218,1.457342505455017,0.3667158782482147,0.020586
525,50143.0,439.0,50582.0,50582.0,0.991321023288917,7.0,0.007,104.0,39743.0,44.0,60.0,3.0,4.0,24539.0,25604.0,256.0,644.375,544.0,155.625,39743.0,397.4300000000005,100.0,1000,0,1000,0.21402737498283386,896,0,0,0,0,0,0,0,0,0,0,0,0,0,0,0,44,0,2,0,0,0,0,0,0,0,1,0,6,1,0,6,44,0.7262629866600037,0.1291964054107666,1.2085442543029785,0.3503270447254181,0.020568
526,49710.0,782.0,50492.0,50492.0,0.9845123980036441,12.0,0.012,104.0,39310.0,45.0,59.0,3.0,9.0,24438.0,25272.0,645.0,714.0,155.0,86.0,39310.0,393.09999999999974,100.0,1000,0,1000,0.21954887500032783,896,0,0,0,0,0,0,0,0,0,0,0,0,0,0,0,45,0,2,0,0,0,0,0,0,0,1,0,9,0,1,5,41,0.6763848662376404,0.011200590059161186,1.3429187536239624,0.30535945296287537,0.02055
527,47594.0,596.0,48190.0,48190.0,0.9876322888566093,8.0,0.008,107.0,36894.0,43.0,64.0,2.0,6.0,22680.0,24914.0,717.0,735.7758581638336,83.0,64.22414183616638,36894.0,368.9399999999994,100.0,1000,0,1000,0.21416320884600282,893,0,0,0,0,0,0,0,1,0,0,0,0,0,0,0,42,0,2,0,0,0,0,0,1,0,0,1,3,0,1,18,38,0.7009457945823669,-0.01983688212931156,1.454683780670166,0.3194606900215149,0.020531999999999998
528,48963.0,580.0,49543.0,49543.0,0.9882929980017359,8.0,0.008,108.0,38163.0,48.0,60.0,2.0,6.0,24743.0,24220.0,595.0,672.0,0.0,128.0,38163.0,381.6300000000003,100.0,1000,0,1000,0.2191959999036044,892,0,0,0,0,0,0,0,0,0,0,0,0,0,0,0,48,0,3,0,0,0,0,0,0,0,0,0,5,1,0,10,41,0.332487016916275,-0.10707179456949234,0.8911424875259399,0.29308947920799255,0.020513999999999998
529,49076.0,938.0,50014.0,50014.0,0.9812452513296277,15.0,0.015,97.0,39376.0,43.0,54.0,8.0,7.0,24466.0,24610.0,722.0,680.5981635451317,78.0,7.46261477842927,39376.0,393.76000000000056,100.0,1000,1,999,0.21350983320735395,903,0,0,0,0,0,0,0,0,0,0,1,0,0,0,0,42,0,0,0,0,0,0,0,0,0,0,0,4,0,0,12,38,0.3287387788295746,0.014467191882431507,0.6410395503044128,0.3048480153083801,0.020496
530,49001.0,1004.0,50005.0,50005.0,0.9799220077992201,16.0,0.016,96.0,39401.0,42.0,54.0,6.0,10.0,24199.0,24802.0,694.0,745.64990234375,106.0,0.0,39401.0,394.01000000000005,100.0,1000,1,999,0.21848875004798174,904,0,0,0,0,0,0,0,0,0,0,0,0,0,0,0,42,0,2,1,0,0,0,0,0,0,0,0,4,0,0,8,39,0.5144069194793701,-0.03082112967967987,1.1046017408370972,0.345384806394577,0.020477999999999996
531,48132.0,1234.0,49366.0,49366.0,0.9750030385285419,18.0,0.018,95.0,38632.0,38.0,57.0,11.0,7.0,23037.0,25095.0,535.0,611.0,265.0,11.28515625,38632.0,386.3199999999993,100.0,1000,0,1000,0.2141151251271367,905,0,0,0,0,0,0,0,0,0,0,0,0,0,0,0,38,1,0,0,0,0,0,0,0,0,2,0,5,0,1,9,39,0.4512478709220886,-0.08430545777082443,1.082442045211792,0.27701255679130554,0.02046
532,49774.0,986.0,50760.0,50760.0,0.980575256107171,16.0,0.016,94.0,40374.0,40.0,54.0,12.0,4.0,23519.0,26255.0,608.0,687.0131093263626,0.0,112.98689067363739,40374.0,403.74,100.0,1000,0,1000,0.2189993339125067,906,0,0,0,0,0,0,0,0,0,0,0,1,0,0,0,39,0,0,1,0,0,0,0,0,0,0,0,2,0,0,12,39,0.29389962553977966,0.006324924062937498,0.5878628492355347,0.3109639883041382,0.020442000000000002
533,48964.0,726.0,49690.0,49690.0,0.9853894143690883,9.0,0.009,93.0,39664.0,40.0,53.0,8.0,1.0,24066.0,24898.0,389.0,712.0,98.0,0.0,39664.0,396.6399999999996,100.0,1000,1,999,0.2136881249025464,907,0,0,0,0,0,0,0,0,0,0,0,0,0,0,0,40,0,1,1,0,0,0,0,0,0,0,0,1,0,1,8,41,0.41255858540534973,0.017802786082029343,0.8032867312431335,0.33722859621047974,0.020423999999999998
534,48538.0,797.0,49335.0,49335.0,0.9838451403668795,14.0,0.014,94.0,39138.0,40.0,54.0,11.0,3.0,23489.0,25049.0,621.0,758.0,179.0,42.0,39138.0,391.38000000000085,100.0,1000,0,1000,0.2197213340550661,906,0,0,0,0,0,0,0,0,0,0,0,0,0,0,0,40,0,2,1,0,0,0,0,0,0,1,0,3,0,0,6,41,0.6403060555458069,0.08409474045038223,1.1261688470840454,0.3368196189403534,0.020406
535,48069.0,1437.0,49506.0,49506.0,0.9709732153678342,15.0,0.015,93.0,38769.0,42.0,51.0,10.0,5.0,23638.0,24431.0,417.0,657.0,0.0,143.0,38769.0,387.6900000000003,100.0,1000,0,1000,0.2143437499180436,907,0,0,0,0,0,0,0,0,0,0,0,0,0,0,0,42,0,1,1,0,0,0,0,0,0,0,0,0,0,1,4,44,0.6036458015441895,-0.05859818682074547,1.3382132053375244,0.33660319447517395,0.020388
536,49096.0,502.0,49598.0,49598.0,0.98987862413807,8.0,0.008,106.0,38496.0,44.0,62.0,6.0,2.0,25281.0,23815.0,635.0,655.203125,0.0,144.796875,38496.0,384.9599999999997,100.0,1000,0,1000,0.21862187515944242,894,0,0,0,0,0,0,0,0,0,0,0,1,0,0,0,43,0,0,1,0,0,0,0,0,0,0,0,6,0,0,12,43,0.1980341374874115,-0.17574448883533478,0.7582371234893799,0.26214730739593506,0.02037
537,49884.0,726.0,50610.0,50610.0,0.9856550088915235,14.0,0.014,99.0,39984.0,42.0,57.0,10.0,4.0,25129.0,24755.0,561.25,734.25,238.75,16.4375,39984.0,399.8400000000003,100.0,1000,0,1000,0.2152165831066668,901,0,0,0,0,0,0,0,0,0,0,1,2,0,0,0,39,0,0,0,0,0,0,0,0,0,0,0,9,0,2,3,43,0.5134549736976624,0.026930000633001328,0.987207293510437,0.34781086444854736,0.020352
538,49332.0,688.0,50020.0,50020.0,0.9862455017992803,10.0,0.01,106.0,38732.0,50.0,56.0,6.0,4.0,26376.0,22956.0,567.0,684.0,233.0,116.0,38732.0,387.3200000000002,100.0,1000,0,1000,0.21439037495292723,894,0,0,0,0,0,0,0,2,0,0,0,0,0,0,0,48,0,2,0,0,0,0,0,0,0,0,1,5,0,0,12,36,0.4867062568664551,0.00843963585793972,0.9691178798675537,0.3094484210014343,0.020333999999999998
539,48692.0,630.0,49322.0,49322.0,0.9872267953448766,8.0,0.008,98.0,38892.0,44.0,54.0,5.0,3.0,25437.0,23255.0,477.0,637.02734375,0.0,18.24957275390625,38892.0,388.9200000000002,100.0,1000,2,998,0.21992154093459249,902,0,0,0,0,0,0,0,0,0,0,0,1,0,0,0,43,0,0,0,0,0,0,0,0,0,0,0,7,0,0,10,37,0.5860826969146729,0.0015275210607796907,1.1814920902252197,0.3047295808792114,0.020316
540,49381.0,730.0,50111.0,50111.0,0.9854323402047455,10.0,0.01,97.0,39681.0,44.0,53.0,8.0,2.0,23655.0,25726.0,609.0,592.234375,191.0,0.81158447265625,39681.0,396.8100000000001,100.0,1000,0,1000,0.21695658308453858,903,0,0,0,0,0,0,0,0,0,0,1,3,0,0,0,40,0,0,0,0,0,0,0,0,0,1,0,1,0,0,7,44,0.5348874926567078,0.0012638147454708815,1.0794041156768799,0.2994559705257416,0.020297999999999997
541,49171.0,984.0,50155.0,50155.0,0.980380819459675,17.0,0.017,91.0,40071.0,42.0,49.0,7.0,10.0,24826.0,24345.0,551.0,611.0,249.0,22.3125,40071.0,400.7099999999999,100.0,1000,1,999,0.21425604191608727,909,0,0,0,0,0,0,0,0,0,0,0,0,0,0,0,42,0,0,0,0,0,0,0,0,0,0,1,5,0,0,8,35,0.39392152428627014,0.044438641518354416,0.7128921151161194,0.3433516323566437,0.02028
542,48970.0,1061.0,50031.0,50031.0,0.9787931482480862,18.0,0.018,97.0,39270.0,44.0,53.0,13.0,5.0,24556.0,24414.0,576.0,543.0,224.0,217.0625,39270.0,392.6999999999995,100.0,1000,0,1000,0.21512333303689957,903,0,0,0,0,0,0,0,0,0,0,0,0,0,0,0,44,0,2,1,0,0,0,0,0,0,1,0,4,0,0,4,41,0.6128053665161133,0.051568951457738876,1.135400652885437,0.3190150558948517,0.020262
543,49069.0,884.0,49953.0,49953.0,0.9823033651632535,14.0,0.014,99.0,39169.0,42.0,57.0,6.0,8.0,22693.0,26376.0,705.0,773.0740620904037,95.0,1.682871119349766,39169.0,391.69,100.0,1000,0,1000,0.21481779194436967,901,0,0,0,0,0,0,0,3,0,0,0,4,0,0,0,35,0,1,0,0,0,0,0,0,0,0,0,3,0,1,15,37,0.49945080280303955,-0.05724811181426048,1.1258224248886108,0.3068714141845703,0.020243999999999998
544,49466.0,2214.0,51680.0,51680.0,0.9571594427244582,21.0,0.021,95.0,39966.0,39.0,56.0,18.0,3.0,23152.0,26314.0,721.0,550.875,79.0,144.9453125,39966.0,399.6599999999994,100.0,1000,0,1000,0.2188679170794785,905,1,0,0,0,0,0,0,0,0,0,0,0,0,0,0,38,0,1,0,0,0,0,0,0,0,1,0,4,0,1,4,45,0.5810431241989136,-0.012532293796539307,1.1999510526657104,0.31642886996269226,0.020226
545,49890.0,1239.0,51129.0,51129.0,0.9757671771401748,17.0,0.017,96.0,40290.0,46.0,50.0,8.0,9.0,26335.0,23555.0,744.0,458.0,56.0,0.0,40290.0,402.89999999999964,100.0,1000,0,1000,0.22147241700440645,904,0,0,0,0,0,0,0,1,0,0,0,0,0,0,0,45,0,0,0,0,0,0,0,0,0,0,0,4,0,3,8,35,0.604613721370697,-0.0510680191218853,1.3231761455535889,0.29227712750434875,0.020207999999999997
546,49006.0,843.0,49849.0,49849.0,0.9830889285642641,15.0,0.015,92.0,39806.0,46.0,46.0,8.0,7.0,24963.0,24043.0,478.0,498.0,322.0,51.98046875,39806.0,398.0600000000006,100.0,1000,0,1000,0.21575866593047976,908,0,0,0,0,0,0,0,5,0,0,0,1,0,0,0,40,0,0,0,0,0,0,0,0,0,0,0,0,0,2,3,41,0.7942537069320679,0.09646854549646378,1.4103723764419556,0.3665713667869568,0.02019
547,50254.0,717.0,50971.0,50971.0,0.9859331776892742,9.0,0.009,100.0,40254.0,43.0,57.0,5.0,4.0,24994.0,25260.0,588.25,534.0,0.0,0.0,40254.0,402.53999999999957,100.0,1000,0,1000,0.21941674989648163,900,0,0,0,0,0,0,0,0,0,0,0,1,0,0,0,42,0,1,1,0,0,0,0,0,0,0,0,4,0,3,4,44,0.6029180884361267,0.06698115170001984,1.084270715713501,0.3072764575481415,0.020172
548,49156.0,855.0,50011.0,50011.0,0.9829037611725421,13.0,0.013,98.0,39356.0,40.0,58.0,10.0,3.0,23360.0,25796.0,765.0,647.5,35.0,0.0,39356.0,393.55999999999995,100.0,1000,0,1000,0.21915454207919538,902,0,0,0,0,0,0,0,1,0,0,0,0,0,0,0,39,0,0,0,0,0,0,0,0,0,1,0,5,0,1,3,48,0.2539469003677368,-0.05069522187113762,0.6210793852806091,0.2926255166530609,0.020154
549,47616.0,1426.0,49042.0,49042.0,0.9709228824273072,23.0,0.023,99.0,37716.0,41.0,58.0,13.0,10.0,23586.0,24030.0,622.0,786.5396499633789,178.0,0.8412718772888184,37716.0,377.15999999999974,100.0,1000,0,1000,0.22084904205985367,901,0,0,0,0,0,0,0,6,0,0,0,2,0,0,0,33,0,0,0,0,0,0,0,0,0,0,0,3,0,6,15,34,0.5722145438194275,-0.037102166563272476,1.2331655025482178,0.36084887385368347,0.020136
550,50772.0,1504.0,52276.0,52276.0,0.9712296273624608,18.0,0.018,104.0,40372.0,38.0,66.0,13.0,5.0,23186.0,27586.0,571.0,757.0,165.0,2.6875,40372.0,403.7199999999999,100.0,1000,0,1000,0.2190458329860121,896,0,0,0,0,0,0,0,2,0,0,0,1,0,0,0,35,0,1,0,0,0,0,0,0,0,1,0,3,0,2,12,47,0.5787216424942017,-0.11124666780233383,1.392114281654358,0.3026558756828308,0.020117999999999997
551,50584.0,2054.0,52638.0,52638.0,0.9609787605912079,18.0,0.018,103.0,40284.0,46.0,57.0,12.0,6.0,25526.0,25058.0,712.0,515.0,88.0,36.0,40284.0,402.84000000000077,100.0,1000,0,1000,0.21523050009272993,897,1,0,0,0,0,0,0,1,0,0,0,3,0,0,0,41,0,0,0,0,0,0,0,0,0,0,0,1,0,1,11,44,0.48446032404899597,-0.09348608553409576,1.1674388647079468,0.2872163951396942,0.0201
552,48656.0,1433.0,50089.0,50089.0,0.971390924155004,21.0,0.021,94.0,39256.0,41.0,53.0,15.0,6.0,25336.0,23320.0,330.0,611.0,0.0,74.375,39256.0,392.5599999999994,100.0,1000,0,1000,0.21960079204291105,906,0,0,0,0,0,0,0,0,0,0,0,0,0,0,0,41,0,0,0,0,0,0,0,0,0,0,0,2,0,6,10,35,0.46191275119781494,0.01304592564702034,0.9110831022262573,0.33237385749816895,0.020082
553,49020.0,391.0,49411.0,49411.0,0.9920867822954403,9.0,0.009,100.0,39020.0,41.0,59.0,7.0,2.0,22478.0,26542.0,487.0,740.267539024353,0.0,59.73246097564697,39020.0,390.19999999999993,100.0,1000,0,1000,0.2141853750217706,900,0,0,0,0,0,0,0,2,0,0,0,1,0,0,0,38,0,0,0,0,0,0,0,0,0,1,0,3,0,3,15,37,0.6333310008049011,-0.06357897073030472,1.4070210456848145,0.3289751410484314,0.020064
554,48812.0,728.0,49540.0,49540.0,0.9853048041986274,10.0,0.01,102.0,38612.0,41.0,61.0,8.0,2.0,23341.0,25471.0,718.0,644.46875,82.0,118.3828125,38612.0,386.1199999999997,100.0,1000,0,1000,0.21504024998284876,898,0,0,0,0,0,0,0,3,0,0,0,4,0,0,0,34,0,0,0,0,0,0,0,0,0,0,0,5,0,6,9,41,0.39840197563171387,-0.05764823779463768,0.9233098030090332,0.2795904874801636,0.020046
555,47938.0,2028.0,49966.0,49966.0,0.9594124004322939,30.0,0.03,90.0,38938.0,40.0,50.0,7.0,23.0,22501.0,25437.0,690.0,518.0,50.625,47.0,38938.0,389.38000000000034,100.0,1000,1,999,0.21863533300347626,910,0,0,0,0,0,0,0,2,0,1,0,2,0,0,0,35,0,0,0,0,0,0,0,0,0,0,0,0,0,2,4,44,0.2930697500705719,-0.11457597464323044,0.8285947442054749,0.33211731910705566,0.020027999999999997
556,48735.0,2042.0,50777.0,50777.0,0.9597849420012998,27.0,0.027,99.0,38835.0,40.0,59.0,17.0,10.0,24630.0,24105.0,555.0,612.7270355224609,245.0,0.0,38835.0,388.3499999999999,100.0,1000,0,1000,0.21949562500230968,901,0,0,0,0,0,0,0,0,0,0,0,1,1,0,0,38,0,0,0,0,0,0,0,0,0,0,0,9,0,1,10,39,0.7285823822021484,0.005237147677689791,1.46083402633667,0.353412002325058,0.02001
557,49350.0,394.0,49744.0,49744.0,0.9920794467674493,9.0,0.009,106.0,38750.0,48.0,58.0,2.0,7.0,24959.0,24391.0,553.0,701.8334773778915,247.0,0.0,38750.0,387.49999999999955,100.0,1000,0,1000,0.21467362507246435,894,1,0,0,0,0,0,0,1,0,0,0,2,0,0,0,44,1,0,0,0,0,0,0,0,0,1,0,4,0,4,12,36,0.221712127327919,-0.07306423038244247,0.6024577021598816,0.32275325059890747,0.019992
558,49109.0,995.0,50104.0,50104.0,0.9801413060833466,15.0,0.015,100.0,39109.0,41.0,59.0,7.0,8.0,23711.0,25398.0,282.0,800.0,0.0,0.0,39109.0,391.09000000000054,100.0,1000,0,1000,0.21430566697381437,900,0,0,0,0,0,0,0,1,0,0,0,1,0,0,0,39,0,0,0,0,0,0,0,0,0,1,0,5,0,3,10,40,0.5521728992462158,0.07915288954973221,0.9587571620941162,0.31834161281585693,0.019974
559,50404.0,1002.0,51406.0,51406.0,0.9805081118935532,13.0,0.013,112.0,39204.0,43.0,69.0,6.0,7.0,23513.0,26891.0,505.5,709.8387436770312,36.8125,79.69757852018554,39204.0,392.03999999999996,100.0,1000,0,1000,0.21520662517286837,888,0,0,0,0,0,0,0,3,0,0,0,4,0,0,0,36,0,0,0,0,0,0,0,0,0,4,0,4,0,5,20,36,0.5216262936592102,0.010858125053346157,1.035017967224121,0.3377845585346222,0.019956
560,50343.0,1037.0,51380.0,51380.0,0.979817049435578,14.0,0.014,106.0,39743.0,43.0,63.0,10.0,4.0,24624.0,25719.0,557.5,664.8876037597656,242.5,2.8715327978134155,39743.0,397.4299999999994,100.0,1000,0,1000,0.21434179204516113,894,0,0,0,0,0,0,0,3,0,0,0,1,0,0,0,39,0,0,0,0,0,0,0,0,0,1,0,5,1,3,6,47,0.46438655257225037,0.00033968378556892276,0.9427304863929749,0.36705726385116577,0.019937999999999997
561,48416.0,1611.0,50027.0,50027.0,0.9677973894097187,15.0,0.015,101.0,38316.0,44.0,57.0,9.0,6.0,24593.0,23823.0,695.1875,534.30078125,104.8125,37.418701171875,38316.0,383.15999999999997,100.0,1000,0,1000,0.21905458415858448,899,0,0,0,0,0,0,0,2,0,1,0,1,1,0,0,39,0,0,0,0,0,0,0,0,0,1,0,5,0,3,10,38,0.8369259238243103,0.07991384714841843,1.5281485319137573,0.3545266389846802,0.01992
562,48057.0,1379.0,49436.0,49436.0,0.9721053483291529,9.0,0.009,95.0,38557.0,41.0,54.0,8.0,1.0,24134.0,23923.0,422.0,561.9453125,378.0,129.13525390625,38557.0,385.5700000000001,100.0,1000,0,1000,0.21504374989308417,905,0,0,0,0,0,0,0,1,0,0,0,4,0,0,0,36,0,0,1,0,0,0,0,0,0,4,0,2,1,0,2,44,0.3947266936302185,0.013474665582180023,0.7746447324752808,0.30501216650009155,0.019902
563,50068.0,2368.0,52436.0,52436.0,0.9548401861316652,24.0,0.024,100.0,40068.0,43.0,57.0,19.0,5.0,23841.0,26227.0,308.875,754.0,14.0,46.0,40068.0,400.6799999999994,100.0,1000,0,1000,0.21468287496827543,900,0,0,0,0,0,0,0,3,1,0,0,1,0,0,0,38,0,0,0,0,0,0,0,0,0,2,0,1,0,1,4,49,0.5394965410232544,0.07259831577539444,0.9468270540237427,0.3276653289794922,0.019884
564,48522.0,134.0,48656.0,48656.0,0.997245971719829,3.0,0.003,99.0,38622.0,48.0,51.0,2.0,1.0,24578.0,23944.0,466.125,524.0,333.875,0.0,38622.0,386.2199999999996,100.0,1000,0,1000,0.21871062507852912,901,0,0,0,0,0,0,0,3,0,1,0,1,0,0,0,43,0,0,1,0,0,0,0,0,0,2,0,1,0,2,4,41,0.24592329561710358,-0.019424282014369965,0.5442091226577759,0.3401273787021637,0.019865999999999998
565,49431.0,153.0,49584.0,49584.0,0.9969143272023233,4.0,0.004,97.0,39731.0,45.0,52.0,2.0,2.0,24961.0,24470.0,670.0,544.0,130.0,0.0,39731.0,397.31000000000046,100.0,1000,0,1000,0.2139422078616917,903,0,0,0,0,0,0,0,0,0,0,0,2,0,0,0,43,0,0,0,0,0,0,0,0,0,1,0,1,0,0,2,48,0.5444319248199463,0.055399615317583084,0.9905916452407837,0.3155725300312042,0.019847999999999998
566,48717.0,372.0,49089.0,49089.0,0.9924219275194035,4.0,0.004,98.0,38917.0,49.0,49.0,4.0,0.0,26362.0,22355.0,463.984375,652.0,336.015625,37.0,38917.0,389.1700000000003,100.0,1000,0,1000,0.2152311250101775,902,0,0,0,0,0,0,0,0,0,1,0,5,0,0,0,43,0,0,0,0,0,0,0,0,0,3,0,3,0,1,4,38,0.8047338128089905,0.16126948595046997,1.300183892250061,0.3342207670211792,0.01983
567,48805.0,212.0,49017.0,49017.0,0.9956749699083991,5.0,0.005,97.0,39105.0,48.0,49.0,3.0,2.0,25303.0,23502.0,645.0,629.9457397460938,155.0,50.94089126586914,39105.0,391.0500000000002,100.0,1000,0,1000,0.2212544579524547,903,0,0,0,0,0,0,0,1,0,1,0,2,0,0,0,44,0,2,0,0,0,0,0,0,0,0,0,3,0,0,4,40,0.4023585319519043,0.06633324176073074,0.6855937242507935,0.3417906165122986,0.019811999999999996
568,51384.0,846.0,52230.0,52230.0,0.9838024124066629,14.0,0.014,106.0,40784.0,50.0,56.0,10.0,4.0,25387.0,25997.0,580.4083251953125,698.0,219.5916748046875,102.0,40784.0,407.83999999999975,100.0,1000,0,1000,0.2150045409798622,894,0,0,0,0,0,0,0,8,0,1,0,2,2,0,0,37,0,0,0,0,0,0,0,0,0,2,0,1,0,2,4,47,0.5384430885314941,-0.09923527389764786,1.289599895477295,0.359784871339798,0.019794
569,49324.0,1106.0,50430.0,50430.0,0.9780686099543923,11.0,0.011,103.0,39024.0,50.0,53.0,9.0,2.0,25681.0,23643.0,656.96875,338.1056957244873,143.03125,119.0,39024.0,390.24000000000007,100.0,1000,0,1000,0.2189699588343501,897,0,0,0,0,0,0,0,5,0,0,0,4,0,0,0,41,0,0,0,0,0,0,0,0,0,1,0,0,0,8,7,37,0.5741093158721924,0.0576428659260273,1.046905279159546,0.3532659709453583,0.019776000000000002
570,48885.0,462.0,49347.0,49347.0,0.9906377287373093,9.0,0.009,105.0,38385.0,46.0,59.0,4.0,5.0,24149.0,24736.0,764.0,571.0,36.0,57.25,38385.0,383.84999999999945,100.0,1000,0,1000,0.21949000004678965,895,0,0,0,0,0,0,0,1,0,0,0,1,1,0,0,43,0,0,1,0,0,0,0,1,0,1,0,1,0,7,10,38,0.3466920256614685,-0.028723394498229027,0.7645620107650757,0.3474835753440857,0.019757999999999998
571,49422.0,1454.0,50876.0,50876.0,0.9714207091752496,24.0,0.024,103.0,39122.0,45.0,58.0,14.0,10.0,23757.0,25665.0,614.3125,576.0,92.84375,224.0,39122.0,391.21999999999974,100.0,1000,0,1000,0.21456050011329353,897,1,0,0,0,0,0,0,4,0,2,0,3,0,0,0,35,0,0,0,0,0,0,0,0,0,0,0,2,1,11,6,38,0.38936692476272583,0.016630126163363457,0.7615466713905334,0.40711838006973267,0.01974
572,48805.0,976.0,49781.0,49781.0,0.9803941262730761,16.0,0.016,105.0,38305.0,48.0,57.0,5.0,11.0,24282.0,24523.0,677.625,636.5,122.375,163.5,38305.0,383.05000000000024,100.0,1000,0,1000,0.2217205420602113,895,0,0,0,0,0,0,0,3,0,0,0,3,0,0,0,42,0,0,2,0,0,0,0,0,0,1,0,3,1,5,5,40,0.44352802634239197,-0.055588748306035995,1.011206030845642,0.32888275384902954,0.019722
573,49971.0,1241.0,51212.0,51212.0,0.9757673982660314,20.0,0.02,110.0,38971.0,47.0,63.0,14.0,6.0,24293.0,25678.0,764.0,609.4529298869893,36.0,128.81838376412634,38971.0,389.71000000000015,100.0,1000,0,1000,0.21380583383142948,890,0,0,0,0,0,0,0,4,0,1,0,2,0,0,0,40,0,0,0,0,0,0,0,0,0,2,0,5,2,3,11,40,0.3898066580295563,-0.03708575665950775,0.8664640188217163,0.3217414915561676,0.019704
574,49705.0,638.0,50343.0,50343.0,0.9873269372107344,13.0,0.013,107.0,39005.0,49.0,58.0,3.0,10.0,26305.0,23400.0,588.0,736.9652709960938,212.0,51.21571731567383,39005.0,390.0500000000005,100.0,1000,0,1000,0.21520466706715524,893,0,0,0,0,0,0,0,3,0,0,0,4,0,0,0,42,0,0,2,0,0,0,0,0,0,1,0,1,0,7,10,37,0.2855581045150757,-0.04919351264834404,0.6829753518104553,0.342175155878067,0.019686
575,49031.0,1123.0,50154.0,50154.0,0.9776089643896798,19.0,0.019,108.0,38231.0,49.0,59.0,4.0,15.0,25107.0,23924.0,607.0859375,747.0019962447933,27.0,19.87425140820247,38231.0,382.3099999999996,100.0,1000,0,1000,0.21987058292143047,892,0,0,0,0,0,0,0,4,0,1,1,3,0,0,0,40,0,0,0,0,0,0,0,0,0,3,0,7,0,7,11,31,0.8595049381256104,-0.032505813986063004,1.7980881929397583,0.3576039671897888,0.019667999999999998
576,49758.0,1452.0,51210.0,51210.0,0.9716461628588167,23.0,0.023,107.0,39058.0,44.0,63.0,12.0,11.0,25039.0,24719.0,698.5,629.4905371223576,101.5,0.0,39058.0,390.58,100.0,1000,3,997,0.220863375114277,893,0,0,0,0,0,0,0,3,0,0,1,1,1,0,0,38,0,1,0,0,0,0,0,0,0,2,0,12,0,6,5,37,0.5014283061027527,-0.07862408459186554,1.1724903583526611,0.31515398621559143,0.01965
577,48429.0,2391.0,50820.0,50820.0,0.9529515938606847,30.0,0.03,103.0,38129.0,42.0,61.0,12.0,18.0,22952.0,25477.0,585.0,747.125,215.0,0.722900390625,38129.0,381.2899999999997,100.0,1000,0,1000,0.2143410830758512,897,0,0,0,0,0,0,0,5,0,0,0,1,0,0,0,36,0,1,0,0,0,0,0,0,0,2,0,11,0,4,6,37,0.519368588924408,-0.0001598062226548791,1.0512350797653198,0.31016501784324646,0.019631999999999997
578,47775.0,1582.0,49357.0,49357.0,0.9679478088214437,21.0,0.021,100.0,37775.0,39.0,61.0,12.0,9.0,23591.0,24184.0,441.0,739.6473175287247,359.0,0.3536289988551289,37775.0,377.7499999999998,100.0,1000,0,1000,0.2314171250909567,900,0,0,1,0,0,0,0,1,0,0,0,0,0,0,0,37,0,0,0,0,0,0,0,1,0,5,0,6,0,1,9,39,0.49562838673591614,-0.025919297710061073,1.0557223558425903,0.32188647985458374,0.019614
579,48425.0,563.0,48988.0,48988.0,0.9885073895647913,10.0,0.01,97.0,38725.0,43.0,54.0,3.0,7.0,23832.0,24593.0,631.0625,777.0,168.9375,23.0,38725.0,387.2500000000004,100.0,1000,0,1000,0.2191524589434266,903,0,0,0,0,0,0,0,0,0,0,0,4,0,0,0,39,0,1,0,0,0,0,0,0,0,1,0,9,0,1,3,39,0.2898440361022949,-0.020701585337519646,0.6344658136367798,0.3412574231624603,0.019596
580,47767.0,891.0,48658.0,48658.0,0.9816885198734021,12.0,0.012,102.0,37567.0,45.0,57.0,10.0,2.0,24310.0,23457.0,714.0,694.4281563751795,86.0,83.19648045310257,37567.0,375.6699999999999,100.0,1000,0,1000,0.21504420810379088,898,0,0,0,0,0,0,0,2,0,0,0,2,0,0,0,41,0,0,0,0,0,0,0,0,0,0,0,12,0,5,7,33,0.5540937185287476,-0.0013206066796556115,1.1237077713012695,0.32891976833343506,0.019577999999999998
581,50828.0,543.0,51371.0,51371.0,0.9894298339530085,9.0,0.009,102.0,40628.0,46.0,56.0,2.0,7.0,25137.0,25691.0,377.5,683.0,422.5,29.25,40628.0,406.27999999999986,100.0,1000,0,1000,0.22033691685646772,898,0,0,0,0,0,0,0,4,0,1,0,1,0,0,0,40,0,0,0,0,0,0,0,0,0,1,0,4,0,1,2,48,0.1290254145860672,-0.07642544060945511,0.4225321114063263,0.2973006069660187,0.01956
582,47755.0,1693.0,49448.0,49448.0,0.9657620126193173,17.0,0.017,98.0,37955.0,45.0,53.0,13.0,4.0,23584.0,24171.0,489.125,584.0,155.4375,54.0,37955.0,379.5500000000001,100.0,1000,0,1000,0.21949175000190735,902,0,0,0,0,0,0,0,2,0,0,0,1,1,0,0,41,0,0,0,0,0,0,0,0,0,1,0,2,0,4,5,41,0.39160680770874023,-0.010198059491813183,0.8145380616188049,0.2796114683151245,0.019542
583,48786.0,1017.0,49803.0,49803.0,0.979579543401,17.0,0.017,91.0,39686.0,44.0,47.0,10.0,7.0,24119.0,24667.0,605.4375,751.8657379150391,194.5625,41.01678276062012,39686.0,396.86000000000007,100.0,1000,0,1000,0.21951691689901054,909,0,0,0,0,0,0,0,3,0,1,0,1,0,0,0,39,0,1,0,0,0,0,0,0,0,0,0,2,0,4,2,38,0.3151693046092987,0.005944042466580868,0.6330989599227905,0.3751390278339386,0.019524
584,49339.0,514.0,49853.0,49853.0,0.9896896876817844,7.0,0.007,103.0,39039.0,48.0,55.0,4.0,3.0,25404.0,23935.0,470.0,601.0,62.0,0.0,39039.0,390.3899999999999,100.0,1000,0,1000,0.21895045787096024,897,0,0,1,0,0,0,0,2,0,0,0,1,1,0,0,43,0,1,0,0,0,0,0,0,0,0,0,6,0,3,3,42,0.42990222573280334,0.03303815424442291,0.805819034576416,0.3099263310432434,0.019506
585,51607.0,371.0,51978.0,51978.0,0.9928623648466659,7.0,0.007,102.0,41407.0,44.0,58.0,3.0,4.0,25231.0,26376.0,396.0,678.10498046875,404.0,7.618438720703125,41407.0,414.0700000000004,100.0,1000,0,1000,0.21476562484167516,898,0,0,0,0,0,0,0,0,0,0,0,0,0,0,0,44,0,0,1,0,0,0,0,0,0,0,0,3,0,2,6,46,0.517781138420105,0.033330634236335754,0.982467770576477,0.34807875752449036,0.019488
586,48717.0,1232.0,49949.0,49949.0,0.9753348415383691,18.0,0.018,108.0,37917.0,46.0,62.0,11.0,7.0,23519.0,25198.0,589.0,790.2265625,32.0,0.61083984375,37917.0,379.17000000000024,100.0,1000,1,999,0.2145455409772694,892,0,0,0,0,0,0,0,2,0,1,0,2,0,0,0,41,0,0,0,0,0,0,0,0,0,3,0,8,0,4,1,46,0.294849157333374,-0.17476125061511993,0.9504249691963196,0.28772827982902527,0.01947
587,49836.0,183.0,50019.0,50019.0,0.9963413902716968,3.0,0.003,106.0,39236.0,44.0,62.0,1.0,2.0,24586.0,25250.0,681.0,603.2761840820312,119.0,24.590476989746094,39236.0,392.36,100.0,1000,0,1000,0.22031404194422066,894,0,0,0,0,0,0,0,2,0,0,0,1,0,0,0,41,0,0,2,0,0,0,0,0,0,3,0,8,1,1,1,46,0.2502421736717224,-0.062204670161008835,0.6378186941146851,0.3322286307811737,0.019451999999999997
588,48225.0,776.0,49001.0,49001.0,0.984163588498194,12.0,0.012,104.0,37825.0,45.0,59.0,7.0,5.0,23204.0,25021.0,800.0,637.8037109375,0.0,92.299072265625,37825.0,378.25,100.0,1000,0,1000,0.21420170809142292,896,0,0,0,0,0,0,0,3,0,0,1,5,0,0,0,36,1,0,1,0,0,0,0,0,0,2,0,9,0,1,3,42,0.4599229395389557,0.06603758782148361,0.802169680595398,0.37045902013778687,0.019434
589,49293.0,366.0,49659.0,49659.0,0.9926297347912765,5.0,0.005,103.0,38993.0,48.0,55.0,4.0,1.0,25274.0,24019.0,628.0,661.0,172.0,60.25,38993.0,389.92999999999995,100.0,1000,0,1000,0.21893533295951784,897,0,0,0,0,0,0,0,0,0,0,1,3,0,0,0,44,0,2,0,0,0,0,0,0,0,0,0,5,0,1,3,44,0.30099374055862427,0.03367087244987488,0.5468607544898987,0.314560204744339,0.019416
590,49865.0,396.0,50261.0,50261.0,0.9921211277133364,5.0,0.005,103.0,39565.0,45.0,58.0,3.0,2.0,24214.0,25651.0,513.0,727.7342193126678,287.0,4.325256955809891,39565.0,395.6499999999993,100.0,1000,0,1000,0.22059995797462761,897,0,0,0,0,0,0,0,1,0,0,0,2,0,0,0,42,0,0,1,0,0,0,0,0,0,0,0,8,0,0,5,44,0.3844447433948517,-0.08116146922111511,0.9440944194793701,0.3320438861846924,0.019398
591,50245.0,335.0,50580.0,50580.0,0.9933768287860815,5.0,0.005,103.0,39945.0,51.0,52.0,1.0,4.0,25023.0,25222.0,364.8671875,786.203125,435.1328125,0.8623046875,39945.0,399.45000000000016,100.0,1000,0,1000,0.2137369168922305,897,0,0,0,0,0,0,0,3,0,2,1,6,0,0,0,39,0,0,0,0,0,0,0,0,0,0,0,6,0,0,1,45,0.2674112319946289,-0.010540378279983997,0.5684437155723572,0.3235427737236023,0.01938
592,49070.0,909.0,49979.0,49979.0,0.9818123611917006,13.0,0.013,104.0,38670.0,51.0,53.0,10.0,3.0,26627.0,22443.0,590.25,757.0,52.4375,43.0,38670.0,386.6999999999998,100.0,1000,0,1000,0.21512004104442894,896,0,0,0,0,1,0,0,2,0,0,0,5,0,0,0,43,0,0,0,0,0,0,0,0,0,1,0,11,0,2,0,39,0.14325574040412903,-0.09644700586795807,0.4915766417980194,0.3143053948879242,0.019361999999999997
593,50374.0,1047.0,51421.0,51421.0,0.9796386690262733,9.0,0.009,107.0,39674.0,49.0,58.0,8.0,1.0,24048.0,26326.0,418.0,643.0,260.0,157.0,39674.0,396.74,100.0,1000,0,1000,0.21460016700439155,893,0,0,0,0,0,0,0,1,0,3,1,5,0,0,0,39,0,0,1,0,0,0,0,0,0,0,0,6,0,2,5,44,0.526289701461792,0.06882546097040176,0.9269486665725708,0.3106975853443146,0.019344
594,49949.0,382.0,50331.0,50331.0,0.9924102441835052,7.0,0.007,117.0,38249.0,51.0,66.0,2.0,5.0,23977.0,25972.0,684.7896728515625,710.3427734375,23.738468170166016,89.6572265625,38249.0,382.49000000000075,100.0,1000,0,1000,0.22079795808531344,883,0,0,0,0,0,0,0,1,0,2,1,11,0,0,0,36,0,1,0,0,0,0,0,0,0,1,0,15,1,0,3,45,0.648698091506958,0.032300520688295364,1.2429020404815674,0.26148441433906555,0.019326
595,49196.0,627.0,49823.0,49823.0,0.9874154506954619,12.0,0.012,103.0,38896.0,50.0,53.0,6.0,6.0,25779.0,23417.0,754.0,687.0,11.5,0.0,38896.0,388.9600000000007,100.0,1000,0,1000,0.2142832090612501,897,0,0,0,0,0,0,1,0,0,1,0,2,0,0,0,46,0,0,1,0,0,0,0,0,0,1,0,10,0,0,0,41,0.4961327910423279,0.06237684562802315,0.8800802826881409,0.3254707455635071,0.019308
596,48616.0,1446.0,50062.0,50062.0,0.9711158163876793,21.0,0.021,93.0,39316.0,43.0,50.0,8.0,13.0,24493.0,24123.0,438.421875,615.09375,361.578125,119.7265625,39316.0,393.1600000000009,100.0,1000,0,1000,0.21967441588640213,907,0,0,0,0,0,0,0,0,0,1,0,6,0,0,0,36,0,0,0,0,0,0,0,0,0,1,0,9,0,1,3,36,0.3914645314216614,0.004904582630842924,0.7859435081481934,0.33238887786865234,0.01929
597,51181.0,927.0,52108.0,52108.0,0.9822100253320027,12.0,0.012,100.0,41181.0,44.0,56.0,7.0,5.0,24963.0,26218.0,419.625,735.7192993164062,380.375,16.070175170898438,41181.0,411.8100000000002,100.0,1000,0,1000,0.2218143749050796,900,0,0,0,0,0,0,0,0,0,0,1,1,0,0,0,42,0,0,0,0,0,0,0,0,0,1,0,7,0,1,1,46,0.3063410222530365,-0.01121897529810667,0.6454980969429016,0.26925337314605713,0.019271999999999997
598,48609.0,1280.0,49889.0,49889.0,0.9743430415522459,17.0,0.017,95.0,39109.0,44.0,51.0,8.0,9.0,24587.0,24022.0,565.5,699.8551025390625,234.5,52.036224365234375,39109.0,391.09000000000077,100.0,1000,0,1000,0.2141750839073211,905,0,0,0,0,0,0,0,1,0,0,3,1,0,0,0,39,0,0,0,0,0,0,0,0,0,1,0,6,0,1,1,42,0.7217444181442261,0.12736119329929352,1.2020589113235474,0.3451860249042511,0.019254
599,50312.0,445.0,50757.0,50757.0,0.9912327363713379,6.0,0.006,97.0,40612.0,42.0,55.0,0.0,6.0,23199.0,27113.0,402.0,654.984375,398.0,145.015625,40612.0,406.11999999999904,100.0,1000,0,1000,0.21878404100425541,903,0,0,0,0,0,0,0,0,0,1,1,0,0,0,0,40,0,0,1,0,0,0,0,0,0,0,0,4,0,0,2,48,0.21027517318725586,-0.07634899765253067,0.5843632221221924,0.2889086604118347,0.019236
600,49237.0,391.0,49628.0,49628.0,0.992121383090191,4.0,0.004,101.0,39137.0,49.0,52.0,2.0,2.0,24911.0,24326.0,791.0,510.9375,2.8125,0.0,39137.0,391.37000000000023,100.0,1000,0,1000,0.21426241705194116,899,0,0,0,0,0,0,0,0,0,1,4,0,0,0,0,44,0,1,0,0,0,0,0,0,0,0,0,4,0,0,1,46,0.5332010984420776,0.008425751700997353,1.0609649419784546,0.29697027802467346,0.019218
601,50329.0,784.0,51113.0,51113.0,0.9846614364251756,10.0,0.01,97.0,40629.0,42.0,55.0,6.0,4.0,24232.0,26097.0,667.0,714.0790672302246,133.0,85.92093276977539,40629.0,406.2899999999998,100.0,1000,0,1000,0.21541366586461663,903,0,0,0,0,0,0,0,0,0,0,1,0,0,0,0,41,0,0,0,0,0,0,0,0,0,0,0,3,0,3,4,45,0.42402637004852295,0.02019454725086689,0.8194063901901245,0.3058011531829834,0.0192
602,48820.0,1640.0,50460.0,50460.0,0.9674990091161316,20.0,0.02,93.0,39520.0,40.0,53.0,16.0,4.0,24397.0,24423.0,615.0,719.03125,185.0,27.560546875,39520.0,395.20000000000033,100.0,1000,0,1000,0.2148331250064075,907,0,0,0,0,0,0,0,1,0,0,0,0,0,0,0,39,0,0,1,0,0,0,0,0,0,0,0,5,0,3,2,42,0.4941391050815582,-0.008371511474251747,1.0168960094451904,0.3095279037952423,0.019181999999999998
603,49358.0,714.0,50072.0,50072.0,0.9857405336315705,9.0,0.009,105.0,38858.0,50.0,55.0,6.0,3.0,25144.0,24214.0,689.0,629.5859375,111.0,0.0,38858.0,388.5799999999999,100.0,1000,0,1000,0.21915387478657067,895,0,0,0,0,0,0,0,1,0,2,3,2,0,0,0,42,0,1,0,0,0,0,0,0,0,1,0,4,0,3,1,45,0.6508523225784302,0.15418969094753265,1.0056084394454956,0.32047754526138306,0.019164
604,48797.0,877.0,49674.0,49674.0,0.9823448886741555,8.0,0.008,97.0,39097.0,45.0,52.0,3.0,5.0,22675.0,26122.0,486.232177734375,766.0,313.767822265625,34.0,39097.0,390.9699999999996,100.0,1000,0,1000,0.2151608751155436,903,0,0,0,0,0,0,0,1,0,2,1,5,0,0,0,36,0,0,0,0,0,0,0,0,0,2,0,2,0,0,2,46,0.46936166286468506,0.008857420645654202,0.9332108497619629,0.3186664879322052,0.019145999999999996
605,50579.0,636.0,51215.0,51215.0,0.9875817631553256,10.0,0.01,102.0,40379.0,49.0,53.0,7.0,3.0,25820.0,24759.0,234.5,766.72265625,26.5,33.27734375,40379.0,403.7899999999993,100.0,1000,0,1000,0.21908554108813405,898,0,0,0,0,0,0,0,0,0,0,2,4,0,0,0,43,0,0,0,0,0,0,0,0,0,0,0,6,0,0,1,46,0.22261440753936768,-0.061597537249326706,0.5803036093711853,0.3105323910713196,0.019128
606,48944.0,282.0,49226.0,49226.0,0.9942713200341283,5.0,0.005,99.0,39044.0,42.0,57.0,3.0,2.0,23067.0,25877.0,428.0,776.5,112.0,23.5,39044.0,390.4399999999996,100.0,1000,0,1000,0.21544499997980893,901,0,0,0,0,0,0,0,1,0,0,0,4,0,0,0,37,0,0,1,0,0,0,0,0,0,1,0,2,0,3,1,49,0.500862717628479,0.0632660910487175,0.8868767023086548,0.3056889474391937,0.01911
607,49398.0,900.0,50298.0,50298.0,0.9821066443993797,12.0,0.012,101.0,39298.0,46.0,55.0,9.0,3.0,24351.0,25047.0,689.0,707.5,111.0,23.125,39298.0,392.97999999999934,100.0,1000,0,1000,0.21878100000321865,899,0,0,0,0,0,0,1,0,0,0,1,0,0,0,0,44,0,0,0,0,0,0,0,1,0,2,0,3,0,0,2,47,0.45985278487205505,-0.03343864902853966,0.9976440072059631,0.28968027234077454,0.019091999999999998
608,50845.0,494.0,51339.0,51339.0,0.9903776855801633,6.0,0.006,101.0,40745.0,43.0,58.0,3.0,3.0,25835.0,25010.0,331.0,686.0,79.0,0.0,40745.0,407.4499999999996,100.0,1000,0,1000,0.2208456250373274,899,0,0,0,0,0,0,0,0,0,0,0,0,0,0,0,43,0,0,0,0,0,0,0,0,0,2,0,4,0,3,0,49,0.3375428318977356,-0.09491389244794846,0.8763556480407715,0.2999424636363983,0.019074
609,49601.0,622.0,50223.0,50223.0,0.9876152360472293,9.0,0.009,95.0,40101.0,43.0,52.0,4.0,5.0,24464.0,25137.0,384.375,656.734375,415.625,143.265625,40101.0,401.00999999999954,100.0,1000,0,1000,0.21470645884983242,905,0,0,0,0,0,0,0,0,0,3,0,1,0,0,0,39,0,0,0,0,0,0,0,0,0,1,0,2,0,3,1,45,0.5851261615753174,0.11020909249782562,0.9630311727523804,0.3462715148925781,0.019056
610,49470.0,97.0,49567.0,49567.0,0.9980430528375733,2.0,0.002,105.0,38970.0,53.0,52.0,2.0,0.0,25120.0,24350.0,598.2156372070312,632.0,28.37592601776123,168.0,38970.0,389.69999999999965,100.0,1000,0,1000,0.21412841603159904,895,0,0,0,0,0,0,0,0,0,12,1,1,1,0,0,38,0,0,1,0,0,0,0,0,0,0,0,1,0,3,1,46,0.27807796001434326,-0.052728500217199326,0.6766088604927063,0.3938427269458771,0.019038
611,49551.0,1429.0,50980.0,50980.0,0.9719693997646136,11.0,0.011,104.0,39151.0,54.0,50.0,4.0,7.0,24087.0,25464.0,505.984375,756.0,9.0,44.0,39151.0,391.5099999999997,100.0,1000,0,1000,0.21957949991337955,896,2,0,0,0,0,0,0,1,0,7,0,5,0,0,0,39,0,0,0,0,0,0,0,0,0,1,0,0,0,4,1,44,0.5406733155250549,-0.0029149362817406654,1.0992100238800049,0.31633567810058594,0.01902
612,49827.0,348.0,50175.0,50175.0,0.9930642750373692,7.0,0.007,115.0,38327.0,60.0,55.0,3.0,4.0,24826.0,25001.0,640.5742847919464,620.125,39.8564288020134,75.0,38327.0,383.27000000000083,100.0,1000,0,1000,0.21424983302131295,885,0,0,0,0,0,0,0,0,0,2,3,16,0,0,0,39,0,0,0,0,0,0,0,0,0,2,0,1,1,2,1,48,0.4632187485694885,0.026380373165011406,0.8851820230484009,0.3027383089065552,0.019001999999999998
613,49773.0,750.0,50523.0,50523.0,0.9851552758149753,14.0,0.014,107.0,39073.0,56.0,51.0,6.0,8.0,25510.0,24263.0,715.6968875676394,485.75,21.075778108090162,314.25,39073.0,390.72999999999985,100.0,1000,0,1000,0.21985062514431775,893,0,0,0,0,0,0,0,0,0,7,2,9,0,0,0,38,0,0,0,0,0,0,0,0,0,0,0,4,0,7,0,40,0.35638564825057983,-0.0765264555811882,0.881088376045227,0.4020267724990845,0.018984
614,49689.0,1037.0,50726.0,50726.0,0.979556834759295,15.0,0.015,109.0,38789.0,57.0,52.0,7.0,8.0,25558.0,24131.0,700.0,570.6985540390015,41.25,57.325361490249634,38789.0,387.89000000000004,100.0,1000,0,1000,0.21434729220345616,891,0,0,0,0,0,0,0,0,0,10,3,4,0,0,0,40,0,0,2,0,0,0,0,0,0,3,0,6,0,4,0,37,0.5021898746490479,-0.0006407530163414776,1.0189772844314575,0.35105007886886597,0.018965999999999997
615,48716.0,1736.0,50452.0,50452.0,0.9655910568461111,29.0,0.029,115.0,37216.0,56.0,59.0,5.0,24.0,24599.0,24117.0,677.0505499839783,691.4324426774515,122.94945001602173,1.6963680831648205,37216.0,372.1600000000006,100.0,1000,0,1000,0.21802924992516637,885,0,0,0,0,0,0,0,0,0,4,6,10,0,0,0,36,0,0,2,0,0,0,0,0,0,1,0,11,0,14,0,31,0.5344866514205933,0.09840644896030426,0.8862172365188599,0.37093231081962585,0.018948
616,47342.0,2323.0,49665.0,49665.0,0.9532266183428975,24.0,0.024,104.0,36942.0,59.0,45.0,5.0,19.0,24191.0,23151.0,677.3297314470162,768.25,20.156376628815835,31.75,36942.0,369.42000000000115,100.0,1000,0,1000,0.21681283321231604,896,0,0,0,0,0,0,0,0,0,9,7,2,6,0,0,35,0,0,0,0,0,0,0,0,0,0,0,3,0,7,1,34,0.505945086479187,-0.1168648898601532,1.2576676607131958,0.31821969151496887,0.01893
617,48739.0,1051.0,49790.0,49790.0,0.9788913436433019,17.0,0.017,108.0,37939.0,57.0,51.0,3.0,14.0,25686.0,23053.0,786.4030430316925,566.1942882537842,13.596956968307495,0.0,37939.0,379.3900000000002,100.0,1000,0,1000,0.21385641698725522,892,0,0,0,0,0,0,1,1,0,4,4,5,5,0,0,37,0,0,0,0,0,0,0,0,0,1,0,4,0,11,1,34,0.379413366317749,-0.078157439827919,0.9300366044044495,0.39379703998565674,0.018911999999999998
618,48619.0,937.0,49556.0,49556.0,0.981092097828719,16.0,0.016,108.0,37819.0,56.0,52.0,9.0,7.0,24494.0,24125.0,714.1939836622114,705.5,5.362876021111788,35.0,37819.0,378.18999999999943,100.0,1000,0,1000,0.21517058298923075,892,2,0,0,0,0,0,0,0,0,7,2,5,7,0,0,33,2,0,0,0,0,0,0,0,0,0,0,1,2,4,3,40,0.3000392019748688,-0.0021143576595932245,0.6195161938667297,0.4024844765663147,0.018894
619,50216.0,742.0,50958.0,50958.0,0.9854389889713097,13.0,0.013,110.0,39216.0,57.0,53.0,6.0,7.0,25817.0,24399.0,444.1278713196516,721.80859375,0.0,9.77392578125,39216.0,392.15999999999946,100.0,1000,0,1000,0.21449095802381635,890,0,0,0,0,0,0,0,0,0,2,11,1,7,0,0,36,0,2,0,0,0,0,0,0,0,0,0,1,0,9,3,38,0.40924596786499023,-0.025334397330880165,0.8843663930892944,0.40277817845344543,0.018876
620,48038.0,1111.0,49149.0,49149.0,0.9773952674520336,20.0,0.02,121.0,35938.0,68.0,53.0,6.0,14.0,24726.0,23312.0,709.0967943104666,714.0,28.40725177797919,69.875,35938.0,359.3800000000004,100.0,1000,0,1000,0.219865791965276,879,1,0,0,0,0,0,0,0,1,13,12,3,3,0,0,35,0,0,2,0,0,0,0,0,0,3,0,0,0,8,5,35,0.5281301140785217,-0.057278938591480255,1.1845414638519287,0.36386147141456604,0.018858
621,48688.0,1055.0,49743.0,49743.0,0.9787909856663249,21.0,0.021,113.0,37388.0,55.0,58.0,6.0,15.0,24764.0,23924.0,750.2881592546083,516.0781794648756,12.427960186347917,68.74022756689055,37388.0,373.8799999999998,100.0,1000,0,1000,0.21451416588388383,887,0,0,0,0,0,0,0,0,0,8,6,2,6,0,0,33,0,0,6,0,0,0,0,0,0,5,0,4,0,8,3,32,0.43520206212997437,0.08076222985982895,0.7240602970123291,0.40288299322128296,0.01884
622,48102.0,1594.0,49696.0,49696.0,0.9679249839021249,25.0,0.025,116.0,36502.0,59.0,57.0,9.0,16.0,25250.0,22852.0,497.42562607739933,726.9375,113.46539022097522,1.71240234375,36502.0,365.01999999999987,100.0,1000,1,999,0.21418599993921816,884,0,0,0,0,0,0,0,1,0,8,14,1,2,0,0,33,0,0,0,0,0,0,0,0,0,7,0,2,1,8,2,37,0.6695395708084106,-0.10862119495868683,1.5694571733474731,0.3489443361759186,0.018822
623,48875.0,1888.0,50763.0,50763.0,0.9628075566849871,27.0,0.027,112.0,37675.0,59.0,53.0,10.0,17.0,25369.0,23506.0,694.2813331461853,689.0,101.7870833918171,13.875,37675.0,376.75000000000034,100.0,1000,1,999,0.215120708104223,888,0,0,0,0,0,0,1,0,0,3,12,3,4,0,0,36,0,0,7,0,0,0,0,0,0,1,1,2,1,6,1,34,0.8136885166168213,-0.05113616958260536,1.7431683540344238,0.3594706058502197,0.018803999999999998
624,49094.0,975.0,50069.0,50069.0,0.9805268729153768,15.0,0.015,110.0,38094.0,58.0,52.0,4.0,11.0,25398.0,23696.0,682.5,711.5546442121267,29.375,5.527834736742079,38094.0,380.9400000000002,100.0,1000,0,1000,0.22145545785315335,890,0,0,0,0,0,0,0,0,0,8,7,2,7,0,0,34,0,1,5,0,0,0,0,0,0,0,0,4,0,5,1,36,0.49860501289367676,0.06082332506775856,0.8912034630775452,0.4162715971469879,0.018785999999999997
625,48639.0,1442.0,50081.0,50081.0,0.9712066452347198,20.0,0.02,114.0,37239.0,57.0,57.0,10.0,10.0,24517.0,24122.0,693.229613569811,655.0,26.692596607547245,145.0,37239.0,372.39000000000016,100.0,1000,0,1000,0.21481375000439584,886,0,0,0,0,0,0,0,0,0,7,5,6,7,0,0,32,0,0,4,0,0,0,0,0,0,3,0,4,0,7,1,38,0.5943664312362671,0.014861701056361198,1.1713329553604126,0.3283107876777649,0.018768
626,48118.0,1438.0,49556.0,49556.0,0.970982323028493,24.0,0.024,111.0,37018.0,56.0,55.0,9.0,15.0,23736.0,24382.0,675.2105570504166,724.015625,83.04604110609382,61.7373046875,37018.0,370.18000000000075,100.0,1000,0,1000,0.21442729188129306,889,1,0,0,0,0,0,0,0,0,6,4,6,8,0,0,31,0,0,3,0,0,0,0,0,0,1,0,7,0,5,0,39,0.6218178272247314,0.1292286366224289,1.0006990432739258,0.4138851761817932,0.01875
627,48968.0,578.0,49546.0,49546.0,0.988334073386348,10.0,0.01,102.0,38768.0,53.0,49.0,3.0,7.0,26088.0,22880.0,575.6270595299252,697.5303192138672,224.37294047007484,102.46968078613281,38768.0,387.6800000000007,100.0,1000,0,1000,0.2188049170654267,898,0,0,0,0,0,0,0,0,0,3,2,3,9,0,0,36,0,0,2,0,0,0,0,0,0,1,0,3,0,7,0,36,0.19105879962444305,-0.007076230365782976,0.408393532037735,0.32360324263572693,0.018732
628,49777.0,921.0,50698.0,50698.0,0.9818336029034676,15.0,0.015,106.0,39177.0,52.0,54.0,5.0,10.0,24726.0,25051.0,591.6015625,573.2572715003043,208.3984375,13.044248965812585,39177.0,391.7700000000005,100.0,1000,0,1000,0.21516020805574954,894,0,0,0,0,1,0,0,1,0,3,1,2,9,0,0,35,0,1,2,0,0,0,0,0,0,2,0,3,0,6,0,40,0.2851158380508423,-0.004382511600852013,0.5913496613502502,0.33004525303840637,0.018714
629,48629.0,773.0,49402.0,49402.0,0.9843528602080888,17.0,0.017,102.0,38429.0,51.0,51.0,3.0,14.0,24726.0,23903.0,553.2874755859375,672.0,246.7125244140625,128.0,38429.0,384.2899999999998,100.0,1000,0,1000,0.21945016691461205,898,0,0,0,0,0,0,0,0,0,4,0,4,8,0,0,35,0,0,7,0,0,0,0,0,0,3,0,1,0,3,0,37,0.20726265013217926,-0.055151619017124176,0.5380011796951294,0.35228556394577026,0.018695999999999997
630,49483.0,594.0,50077.0,50077.0,0.9881382670687142,10.0,0.01,105.0,38983.0,50.0,55.0,5.0,5.0,24670.0,24813.0,425.55517578125,683.9477676959632,117.01400756835938,14.5065290380046,38983.0,389.82999999999987,100.0,1000,0,1000,0.21448008297011256,895,0,0,0,0,0,0,0,0,0,3,5,1,5,0,0,36,0,0,5,0,0,0,0,0,0,2,0,7,0,2,0,39,0.3559325635433197,0.019422058016061783,0.6853304505348206,0.3295164406299591,0.018678
631,50654.0,479.0,51133.0,51133.0,0.9906322727006043,5.0,0.005,108.0,39854.0,54.0,54.0,1.0,4.0,25077.0,25577.0,409.6254711151123,623.47607421875,146.39044833183289,66.19647216796875,39854.0,398.5399999999998,100.0,1000,0,1000,0.21743554202839732,892,0,0,0,0,0,0,0,1,0,6,1,3,4,0,0,39,0,0,2,0,0,0,0,0,0,5,1,3,0,1,2,40,0.6914699673652649,-0.10002120584249496,1.5952588319778442,0.3289538323879242,0.01866
632,49782.0,626.0,50408.0,50408.0,0.987581336295826,10.0,0.01,105.0,39282.0,53.0,52.0,5.0,5.0,25448.0,24334.0,621.7057537780312,628.0,33.43017116661915,172.0,39282.0,392.82000000000056,100.0,1000,0,1000,0.21873262501321733,895,0,0,0,0,0,0,0,0,0,7,2,4,4,0,0,36,0,1,1,0,0,0,0,0,0,2,0,1,0,3,0,44,0.5377870798110962,0.1561109870672226,0.7782348394393921,0.3991699814796448,0.018642
633,47521.0,1036.0,48557.0,48557.0,0.978664250262578,13.0,0.013,103.0,37221.0,49.0,54.0,4.0,9.0,23956.0,23565.0,757.75,711.125,42.25,57.0,37221.0,372.2100000000003,100.0,1000,0,1000,0.21949854213744402,897,0,0,0,0,0,0,0,0,0,6,0,3,1,0,0,39,0,0,2,0,0,0,0,0,0,0,0,1,0,7,0,44,0.416978657245636,0.029209548607468605,0.7880300283432007,0.3353688716888428,0.018623999999999998
634,49787.0,90.0,49877.0,49877.0,0.9981955610802574,2.0,0.002,115.0,38287.0,56.0,59.0,1.0,1.0,24975.0,24812.0,665.0,666.5,135.0,33.375,38287.0,382.87000000000046,100.0,1000,0,1000,0.2143345419317484,885,0,0,0,0,0,0,0,0,0,6,5,6,2,0,0,37,0,0,3,0,0,0,0,0,0,4,0,4,0,3,0,45,0.48376575112342834,0.08664839714765549,0.8058698773384094,0.31267282366752625,0.018605999999999998
635,49166.0,1710.0,50876.0,50876.0,0.9663888670492963,17.0,0.017,105.0,38666.0,52.0,53.0,6.0,11.0,25021.0,24145.0,452.84375,784.5625,130.18359375,15.4375,38666.0,386.66000000000025,100.0,1000,0,1000,0.22034104214981198,895,0,0,0,0,0,0,0,1,0,3,4,1,7,0,0,36,0,0,1,0,0,0,0,0,0,4,0,1,0,4,1,42,0.5145755410194397,0.11583298444747925,0.8097374439239502,0.32957619428634644,0.018588
636,49855.0,953.0,50808.0,50808.0,0.9812431113210518,14.0,0.014,111.0,38755.0,62.0,49.0,5.0,9.0,24595.0,25260.0,541.1201185316422,800.0,159.5799555506342,0.0,38755.0,387.5499999999996,100.0,1000,0,1000,0.21417687507346272,889,1,0,0,0,0,0,0,3,0,4,2,2,18,0,0,32,0,0,2,0,0,0,0,0,0,2,0,0,0,2,1,42,0.14171896874904633,-0.07266663759946823,0.44334229826927185,0.3923289179801941,0.01857
637,49250.0,452.0,49702.0,49702.0,0.9909057985594141,7.0,0.007,113.0,37950.0,59.0,54.0,2.0,5.0,24437.0,24813.0,669.8897743225098,739.5,2.4184453580528498,60.5,37950.0,379.49999999999966,100.0,1000,0,1000,0.2154632080346346,887,0,0,0,0,0,0,0,0,0,1,0,2,25,0,0,31,0,0,0,0,0,0,0,0,0,4,0,5,0,4,1,40,0.533557653427124,0.074784055352211,0.9311087131500244,0.36550039052963257,0.018552
638,48885.0,1098.0,49983.0,49983.0,0.9780325310605605,9.0,0.009,103.0,38585.0,50.0,53.0,3.0,6.0,23476.0,25409.0,627.279673943005,671.5,8.94615449305148,128.5,38585.0,385.8499999999992,100.0,1000,0,1000,0.2199439590331167,897,0,0,0,0,0,0,0,0,0,1,0,3,19,0,0,27,0,1,0,0,0,0,0,0,0,1,0,3,0,7,1,40,0.34708935022354126,-0.01684815250337124,0.7424161434173584,0.3922831118106842,0.018534
639,49245.0,575.0,49820.0,49820.0,0.9884584504215175,10.0,0.01,104.0,38845.0,53.0,51.0,6.0,4.0,24928.0,24317.0,618.375,605.25,57.6171875,0.0,38845.0,388.45000000000044,100.0,1000,0,1000,0.2150858750101179,896,0,0,0,0,0,0,0,0,0,2,1,1,16,0,0,33,0,1,0,0,0,0,0,0,0,5,1,1,0,4,0,39,0.1955985724925995,-0.05379704385995865,0.5104828476905823,0.31571727991104126,0.018515999999999998
640,49191.0,459.0,49650.0,49650.0,0.9907552870090635,3.0,0.003,107.0,38491.0,55.0,52.0,1.0,2.0,24207.0,24984.0,591.69140625,751.25,97.557861328125,7.4296875,38491.0,384.90999999999946,100.0,1000,0,1000,0.22176216705702245,893,0,0,0,0,0,0,0,0,0,3,1,0,17,0,0,34,0,0,1,0,0,0,0,0,0,1,0,3,0,2,0,45,0.5437878966331482,0.026235051453113556,1.0456522703170776,0.2850741147994995,0.018498
641,49651.0,348.0,49999.0,49999.0,0.993039860797216,5.0,0.005,102.0,39451.0,52.0,50.0,3.0,2.0,24589.0,25062.0,659.8564758300781,654.0,140.14352416992188,146.0,39451.0,394.50999999999914,100.0,1000,0,1000,0.21466612513177097,898,0,0,0,0,0,0,0,0,0,2,1,2,13,0,0,34,0,0,0,0,0,0,0,0,0,2,0,0,0,0,1,47,0.37601566314697266,0.020332690328359604,0.7251389622688293,0.37264689803123474,0.018479999999999996
642,48732.0,405.0,49137.0,49137.0,0.9917577385676781,6.0,0.006,112.0,37532.0,60.0,52.0,4.0,2.0,23611.0,25121.0,704.7180256234715,629.25,95.28197437652852,170.75,37532.0,375.3200000000003,100.0,1000,0,1000,0.2187970420345664,888,0,0,0,0,0,0,0,1,0,8,1,1,16,0,0,33,0,0,0,0,0,0,0,0,0,1,0,1,0,3,1,46,0.23824653029441833,-0.09686186909675598,0.6817644238471985,0.3127405345439911,0.018462
643,49651.0,313.0,49964.0,49964.0,0.9937354895524778,3.0,0.003,111.0,38551.0,63.0,48.0,2.0,1.0,25913.0,23738.0,524.9672378570713,664.65185546875,51.80148217634935,135.34814453125,38551.0,385.5099999999995,100.0,1000,0,1000,0.21483516599982977,889,0,0,0,0,0,0,0,0,0,15,0,0,8,0,0,40,0,0,0,0,0,0,0,0,0,0,0,2,0,5,0,41,0.4474773406982422,-0.05061066895723343,1.009597897529602,0.36385485529899597,0.018444
644,48642.0,269.0,48911.0,48911.0,0.9945002146756353,5.0,0.005,108.0,37842.0,62.0,46.0,2.0,3.0,24606.0,24036.0,711.6333024332755,626.0,10.66640842266031,174.0,37842.0,378.42000000000047,100.0,1000,0,1000,0.2191999580245465,892,0,0,0,0,0,0,0,0,0,11,1,1,11,0,0,38,0,0,0,0,0,0,0,0,0,0,0,3,0,1,0,42,0.17746229469776154,-0.04325352981686592,0.45200011134147644,0.28678184747695923,0.018425999999999998
645,50085.0,274.0,50359.0,50359.0,0.9945590659067892,4.0,0.004,108.0,39285.0,55.0,53.0,4.0,0.0,24188.0,25897.0,561.4674341987809,714.0,86.0387926644911,86.0,39285.0,392.85000000000053,100.0,1000,0,1000,0.2160925839561969,892,2,0,0,0,0,0,0,0,0,14,0,0,6,0,0,33,0,0,0,0,0,0,0,0,0,3,1,0,0,3,0,46,0.29013729095458984,0.06660349667072296,0.4597359895706177,0.3441004157066345,0.018408
646,50203.0,528.0,50731.0,50731.0,0.9895921625830361,6.0,0.006,106.0,39603.0,55.0,51.0,3.0,3.0,25456.0,24747.0,750.9272816181183,577.0,49.072718381881714,223.0,39603.0,396.02999999999963,100.0,1000,0,1000,0.2150671670679003,894,0,0,0,0,0,0,0,0,0,10,1,1,4,0,0,39,0,0,1,0,0,0,0,0,0,4,0,1,0,4,1,40,0.2261946052312851,-0.08800986409187317,0.6411152482032776,0.34546807408332825,0.018389999999999997
647,51003.0,220.0,51223.0,51223.0,0.9957050543701071,4.0,0.004,110.0,40003.0,57.0,53.0,3.0,1.0,25309.0,25694.0,637.253648404032,676.125,162.746351595968,5.806640625,40003.0,400.0299999999995,100.0,1000,0,1000,0.21556291705928743,890,0,0,0,0,0,0,0,0,0,7,0,0,10,0,0,40,0,0,0,0,0,0,0,0,0,4,0,1,0,1,0,47,0.3409104645252228,0.06157120317220688,0.5715276002883911,0.34969204664230347,0.018372
648,49077.0,424.0,49501.0,49501.0,0.9914345164744146,6.0,0.006,107.0,38377.0,58.0,49.0,4.0,2.0,25559.0,23518.0,629.3740234375,715.0,125.2347412109375,85.0,38377.0,383.77000000000055,100.0,1000,0,1000,0.21924570901319385,893,0,0,0,0,0,0,0,0,0,3,0,0,15,0,0,40,0,0,0,0,0,0,0,0,0,1,0,2,0,1,1,44,0.31985318660736084,0.12245127558708191,0.4068879187107086,0.3291967213153839,0.018354
649,51677.0,248.0,51925.0,51925.0,0.9952238805970149,4.0,0.004,116.0,40077.0,59.0,57.0,1.0,3.0,25491.0,26186.0,666.901202081937,654.0,49.91204921927364,0.0,40077.0,400.76999999999947,100.0,1000,0,1000,0.21424391702748835,884,0,0,0,0,0,0,0,0,0,10,1,0,11,0,0,37,0,1,0,0,0,0,0,0,0,7,0,1,0,1,1,46,0.6173527240753174,0.023177925497293472,1.2010786533355713,0.3471066355705261,0.018335999999999998
650,51727.0,254.0,51981.0,51981.0,0.9951135991997075,5.0,0.005,101.0,41627.0,50.0,51.0,2.0,3.0,25103.0,26624.0,370.0863342285156,680.0,204.96762466430664,45.0,41627.0,416.27,100.0,1000,0,1000,0.21870450000278652,899,0,0,0,0,0,0,0,0,0,5,0,0,7,0,0,38,0,0,0,0,0,0,0,0,0,4,0,0,0,1,0,46,0.24679987132549286,-0.06302516162395477,0.6302390098571777,0.2890303432941437,0.018318
651,49157.0,273.0,49430.0,49430.0,0.9944770382358892,6.0,0.006,105.0,38657.0,53.0,52.0,5.0,1.0,24481.0,24676.0,669.5765790492296,607.015625,48.90878285653889,192.984375,38657.0,386.5699999999999,100.0,1000,0,1000,0.21533791720867157,895,0,0,0,0,0,0,0,0,0,10,0,1,5,0,0,37,0,0,1,0,0,0,0,0,0,1,0,1,1,3,0,45,0.27920717000961304,0.06454233825206757,0.4416680932044983,0.3371151089668274,0.018299999999999997
652,48501.0,319.0,48820.0,48820.0,0.9934657927079066,4.0,0.004,96.0,38901.0,44.0,52.0,1.0,3.0,23619.0,24882.0,645.051513671875,680.375,154.948486328125,119.625,38901.0,389.01000000000005,100.0,1000,0,1000,0.2143766670487821,904,0,0,0,0,0,0,0,0,0,2,0,0,3,0,0,39,0,0,0,0,0,0,0,0,0,7,0,0,0,1,0,44,0.3075595796108246,0.03051156923174858,0.5657874941825867,0.31975239515304565,0.018282
653,48367.0,194.0,48561.0,48561.0,0.9960050246082247,3.0,0.003,103.0,38067.0,51.0,52.0,1.0,2.0,24393.0,23974.0,619.1265373302035,652.0,180.87346266979648,148.0,38067.0,380.67000000000036,100.0,1000,0,1000,0.2191133750602603,897,0,0,0,0,0,0,0,0,0,7,0,1,7,0,0,36,0,0,0,0,0,0,0,0,0,4,0,2,0,0,0,46,0.28828057646751404,0.07076778262853622,0.4474118649959564,0.339089572429657,0.018264
654,48906.0,453.0,49359.0,49359.0,0.9908223424299519,6.0,0.006,107.0,38206.0,52.0,55.0,1.0,5.0,25282.0,23624.0,766.0,560.0,34.0,240.0,38206.0,382.0599999999999,100.0,1000,0,1000,0.21406054100953043,893,0,0,0,0,0,0,0,0,0,2,0,1,6,0,0,43,0,0,1,0,0,0,0,0,0,7,0,1,0,1,0,45,0.4694855213165283,-0.032709356397390366,1.0150202512741089,0.29130980372428894,0.018246
655,49196.0,211.0,49407.0,49407.0,0.9957293500920922,3.0,0.003,105.0,38696.0,55.0,50.0,2.0,1.0,24564.0,24632.0,740.2781813889451,631.4152221679688,22.395681979145593,168.58477783203125,38696.0,386.95999999999975,100.0,1000,0,1000,0.21451100008562207,895,0,0,0,0,0,0,0,0,0,7,0,0,6,0,0,42,0,0,0,0,0,0,0,0,0,3,0,1,0,2,0,44,0.13001662492752075,-0.05822589993476868,0.3872626721858978,0.2956339120864868,0.018228
656,49432.0,131.0,49563.0,49563.0,0.9973568992998809,2.0,0.002,100.0,39432.0,49.0,51.0,2.0,0.0,24777.0,24655.0,579.0,779.7734375,0.0,20.2265625,39432.0,394.3199999999996,100.0,1000,0,1000,0.21909225010313094,900,0,0,0,0,0,0,0,0,0,4,0,0,1,0,0,44,0,0,0,0,0,0,0,0,0,3,0,1,0,2,1,44,0.2537670135498047,-0.14377985894680023,0.8035927414894104,0.2333620935678482,0.018209999999999997
657,48181.0,535.0,48716.0,48716.0,0.9890179817719025,5.0,0.005,96.0,38581.0,46.0,50.0,1.0,4.0,24727.0,23454.0,498.125,552.40625,113.203125,18.810791015625,38581.0,385.8099999999999,100.0,1000,0,1000,0.2184147909283638,904,0,0,0,0,0,0,0,0,0,3,0,0,3,0,0,40,0,0,0,0,0,0,0,0,0,4,1,0,0,2,1,42,0.5733999609947205,0.08216409385204315,0.9914625883102417,0.2471122443675995,0.018192
658,50282.0,392.0,50674.0,50674.0,0.9922642775387773,7.0,0.007,96.0,40682.0,47.0,49.0,4.0,3.0,24742.0,25540.0,559.71875,665.0,240.28125,135.0,40682.0,406.8199999999998,100.0,1000,0,1000,0.21482675010338426,904,0,0,0,0,0,0,0,0,0,2,0,0,2,0,0,43,0,0,0,0,0,0,0,0,0,0,1,0,0,3,0,45,0.35811957716941833,0.08522488921880722,0.5542582869529724,0.23299625515937805,0.018174
659,49173.0,674.0,49847.0,49847.0,0.9864786245912492,9.0,0.009,91.0,40073.0,47.0,44.0,5.0,4.0,26139.0,23034.0,317.0,694.0,0.0,13.25,40073.0,400.7299999999995,100.0,1000,0,1000,0.21920512476935983,909,0,0,0,0,0,0,0,0,0,0,0,0,3,0,0,44,0,0,0,0,0,0,0,0,0,2,0,0,0,1,2,39,0.4902054965496063,0.0022792487870901823,0.9849575161933899,0.2507445514202118,0.018156
660,51070.0,601.0,51671.0,51671.0,0.9883687174624064,9.0,0.009,91.0,41970.0,44.0,47.0,2.0,7.0,24291.0,26779.0,473.5,663.0,84.78125,137.0,41970.0,419.69999999999976,100.0,1000,0,1000,0.2145824998151511,909,0,0,0,0,0,0,0,0,0,1,0,0,4,0,0,39,0,0,0,0,0,0,0,0,0,0,0,0,0,1,0,46,0.33750852942466736,-0.07325337827205658,0.8309409618377686,0.2595968544483185,0.018137999999999998
661,49934.0,318.0,50252.0,50252.0,0.9936718936559739,5.0,0.005,89.0,41034.0,42.0,47.0,4.0,1.0,24428.0,25506.0,661.0,675.578125,139.0,124.421875,41034.0,410.3400000000003,100.0,1000,0,1000,0.2191167080309242,911,0,0,0,0,0,0,0,0,0,1,0,0,1,0,0,40,0,0,0,0,0,0,0,0,0,2,0,0,0,1,0,44,0.3450005352497101,0.04873098060488701,0.6041051745414734,0.3191508650779724,0.018119999999999997
662,49870.0,1235.0,51105.0,51105.0,0.9758340671167205,16.0,0.016,89.0,40970.0,46.0,43.0,8.0,8.0,25653.0,24217.0,633.375,697.0,166.625,103.0,40970.0,409.6999999999998,100.0,1000,0,1000,0.22041054186411202,911,0,0,0,0,0,0,0,0,0,3,0,0,4,0,0,39,0,0,0,0,0,0,0,0,0,0,0,0,0,0,0,43,0.14078287780284882,-0.14033950865268707,0.5723271369934082,0.27848756313323975,0.018102
663,49369.0,1368.0,50737.0,50737.0,0.9730374283067584,14.0,0.014,90.0,40369.0,48.0,42.0,8.0,6.0,26510.0,22859.0,551.0,375.0,249.0,0.0,40369.0,403.69000000000034,100.0,1000,0,1000,0.21418316708877683,910,0,0,0,0,0,0,0,0,0,2,0,0,8,0,0,38,0,0,0,0,0,0,0,0,0,0,0,0,0,0,1,41,0.3430497348308563,-0.06870340555906296,0.8341314196586609,0.2937706708908081,0.018083999999999996
664,49374.0,358.0,49732.0,49732.0,0.9928014155875493,7.0,0.007,97.0,39674.0,54.0,43.0,2.0,5.0,25211.0,24163.0,701.951171875,738.0,98.048828125,62.0,39674.0,396.73999999999995,100.0,1000,0,1000,0.21918479190208018,903,0,0,0,0,1,0,0,0,0,5,0,0,8,0,0,40,0,0,0,0,0,0,0,0,0,2,0,0,0,1,0,40,0.28512099385261536,-0.02918686904013157,0.6381003856658936,0.26250019669532776,0.018066
665,48734.0,502.0,49236.0,49236.0,0.9898042083028679,6.0,0.006,88.0,39934.0,45.0,43.0,3.0,3.0,24146.0,24588.0,356.9662036895752,727.0,18.0,73.0,39934.0,399.34000000000026,100.0,1000,0,1000,0.21441524988040328,912,0,0,0,0,1,0,0,0,0,3,0,0,4,0,0,37,0,0,0,0,0,0,0,0,0,0,0,0,0,0,1,42,0.38214191794395447,0.016482435166835785,0.7417904138565063,0.29010021686553955,0.018048
666,48139.0,692.0,48831.0,48831.0,0.9858286744076509,12.0,0.012,86.0,39539.0,41.0,45.0,2.0,10.0,23908.0,24231.0,551.839599609375,561.25,248.160400390625,238.75,39539.0,395.38999999999976,100.0,1000,0,1000,0.21462062513455749,914,0,0,0,0,0,0,0,0,0,1,0,0,5,0,0,35,0,0,0,0,0,0,0,0,0,1,0,0,0,1,1,42,0.545422375202179,0.07637111097574234,0.9485589265823364,0.2899739742279053,0.018029999999999997
667,49480.0,1398.0,50878.0,50878.0,0.9725225048154409,14.0,0.014,88.0,40680.0,46.0,42.0,5.0,9.0,24442.0,25038.0,755.36474609375,575.0,16.73822021484375,225.0,40680.0,406.80000000000035,100.0,1000,0,1000,0.2198986248113215,912,0,0,0,0,0,0,0,0,0,2,1,0,7,0,0,36,0,0,0,0,0,0,0,0,0,0,0,0,0,0,1,41,0.6453349590301514,-0.06442629545927048,1.4307043552398682,0.3103996217250824,0.018012
668,50370.0,293.0,50663.0,50663.0,0.9942166867339084,4.0,0.004,96.0,40770.0,52.0,44.0,3.0,1.0,25741.0,24629.0,579.1190463677049,600.0,55.22767880605534,200.0,40770.0,407.69999999999993,100.0,1000,0,1000,0.2143253330141306,904,0,0,0,0,0,0,0,0,0,6,0,0,9,0,0,37,0,0,0,0,0,0,0,0,0,0,1,0,0,0,0,43,0.36697494983673096,-0.016073398292064667,0.7742367386817932,0.22618770599365234,0.017994
669,49583.0,197.0,49780.0,49780.0,0.9960425873844918,3.0,0.003,94.0,40183.0,46.0,48.0,1.0,2.0,23336.0,26247.0,540.2996222376823,761.0,35.93793932092376,39.0,40183.0,401.83000000000055,100.0,1000,0,1000,0.21827233396470547,906,0,0,0,0,1,0,0,0,0,0,1,0,9,0,0,35,0,0,0,0,0,0,0,0,0,2,1,0,2,0,0,43,0.11372513324022293,-0.08581878244876862,0.4092937707901001,0.2838766276836395,0.017976
670,47436.0,1734.0,49170.0,49170.0,0.9647345942647956,14.0,0.014,90.0,38436.0,46.0,44.0,6.0,8.0,23496.0,23940.0,708.0,752.0,92.0,48.0,38436.0,384.3600000000001,100.0,1000,0,1000,0.2139999580103904,910,1,0,0,0,0,0,0,0,0,3,0,0,4,0,0,38,0,0,0,0,0,0,0,0,0,0,5,0,0,0,0,39,0.460721880197525,0.009825849905610085,0.9104567766189575,0.24124956130981445,0.017958
671,49495.0,1162.0,50657.0,50657.0,0.9770614130327496,15.0,0.015,91.0,40395.0,44.0,47.0,6.0,9.0,24899.0,24596.0,732.65234375,381.90625,12.627685546875,73.0,40395.0,403.94999999999993,100.0,1000,0,1000,0.21919079194776714,909,1,0,0,0,0,0,0,0,0,1,0,0,3,0,0,39,0,0,0,0,0,0,0,0,0,0,8,0,0,0,0,39,0.4092487692832947,0.02747516520321369,0.7721958756446838,0.2410442978143692,0.017939999999999998
672,50094.0,834.0,50928.0,50928.0,0.9836239396795476,12.0,0.012,90.0,41094.0,42.0,48.0,6.0,6.0,25294.0,24800.0,524.0,643.375,103.5,156.625,41094.0,410.9400000000006,100.0,1000,0,1000,0.21881295880302787,910,0,0,0,0,0,0,0,0,0,1,0,0,0,0,0,41,0,0,0,0,0,0,0,0,0,1,8,0,0,1,1,37,0.33482033014297485,-0.027976958081126213,0.7342024445533752,0.24014727771282196,0.017922
673,48316.0,1253.0,49569.0,49569.0,0.9747221045411447,20.0,0.02,85.0,39816.0,45.0,40.0,6.0,14.0,24310.0,24006.0,331.125,686.7578125,175.828125,113.2421875,39816.0,398.1600000000002,100.0,1000,0,1000,0.21455995901487768,915,0,0,0,0,0,0,0,0,0,3,0,0,7,0,0,35,0,0,0,0,0,0,0,0,0,0,2,0,0,1,0,37,0.3486120104789734,0.02034902013838291,0.6663079261779785,0.2731781303882599,0.017903999999999996
674,49768.0,713.0,50481.0,50481.0,0.9858758740912422,9.0,0.009,90.0,40768.0,47.0,43.0,5.0,4.0,25488.0,24280.0,584.5,699.0,215.5,101.0,40768.0,407.68,100.0,1000,0,1000,0.2147008329629898,910,0,0,0,0,0,0,0,0,0,1,0,0,10,0,0,36,0,0,0,0,0,0,0,0,0,0,3,0,0,0,0,40,0.23068591952323914,-0.017390891909599304,0.5048889517784119,0.24419479072093964,0.017886
675,49123.0,1128.0,50251.0,50251.0,0.9775526855186961,17.0,0.017,86.0,40523.0,45.0,41.0,7.0,10.0,24806.0,24317.0,724.8360900878906,663.0,75.16390991210938,137.0,40523.0,405.2299999999999,100.0,1000,0,1000,0.2143482498358935,914,0,0,0,0,0,0,0,0,0,1,0,0,7,0,0,37,0,0,0,0,0,0,0,0,0,0,4,0,0,0,1,36,0.3700336813926697,0.05085691064596176,0.6477032899856567,0.26163432002067566,0.017868000000000002
676,48691.0,1422.0,50113.0,50113.0,0.9716241294674036,20.0,0.02,92.0,39491.0,48.0,44.0,7.0,13.0,25276.0,23415.0,520.2012367174029,518.2352676391602,22.024175271653803,88.05147886276245,39491.0,394.90999999999934,100.0,1000,1,999,0.2150699170306325,908,0,0,0,0,0,0,0,2,0,2,0,0,10,0,0,34,0,0,0,0,0,0,0,0,0,0,11,0,0,0,0,33,0.5053180456161499,0.09492406994104385,0.8309961557388306,0.28594449162483215,0.017849999999999998
677,47239.0,1500.0,48739.0,48739.0,0.969223824863046,18.0,0.018,92.0,38039.0,47.0,45.0,9.0,9.0,23750.0,23489.0,774.6853376065055,466.3457612991333,25.314662393494473,0.0,38039.0,380.3900000000009,100.0,1000,0,1000,0.21428262488916516,908,0,0,0,0,1,0,0,0,0,5,0,0,6,0,0,35,0,0,0,0,0,0,0,0,0,0,8,0,2,0,0,35,0.23783202469348907,-0.07457054406404495,0.6333751678466797,0.24029944837093353,0.017832
678,47779.0,958.0,48737.0,48737.0,0.9803434762090404,16.0,0.016,91.0,38679.0,46.0,45.0,8.0,8.0,24239.0,23540.0,722.2261047363281,550.2734375,77.77389526367188,202.90283203125,38679.0,386.79000000000013,100.0,1000,0,1000,0.2189851668663323,909,0,0,0,0,0,0,0,0,0,6,1,1,6,0,0,32,0,0,1,0,0,0,0,0,0,1,4,0,0,1,0,38,0.2562416195869446,0.009062504395842552,0.5051685571670532,0.3034215271472931,0.017814
679,49673.0,2029.0,51702.0,51702.0,0.9607558701791034,22.0,0.022,92.0,40473.0,47.0,45.0,7.0,15.0,24255.0,25418.0,691.4600328691304,483.9375,45.538743837038055,0.0,40473.0,404.73000000000064,100.0,1000,0,1000,0.21487004100345075,908,0,0,0,0,0,0,0,0,0,7,1,0,3,0,0,36,0,0,1,0,0,0,0,0,0,1,5,0,0,1,0,37,0.7442235946655273,0.09781326353549957,1.3043299913406372,0.3233659565448761,0.017796
680,48946.0,1509.0,50455.0,50455.0,0.9700921613318799,24.0,0.024,103.0,38646.0,49.0,54.0,13.0,11.0,22309.0,26637.0,645.1456024690146,582.4051920771599,47.79202465279481,67.99837747588754,38646.0,386.4599999999993,100.0,1000,0,1000,0.21957987500354648,897,0,0,0,0,1,0,0,0,0,10,1,0,6,0,0,31,0,0,0,0,0,0,0,0,0,0,9,1,0,0,0,44,0.8506823778152466,0.09847600013017654,1.516014575958252,0.3262951970100403,0.017778
681,49594.0,1952.0,51546.0,51546.0,0.9621309121949326,21.0,0.021,92.0,40394.0,45.0,47.0,7.0,14.0,25204.0,24390.0,572.5009765625,716.5,42.65606689453125,83.5,40394.0,403.9400000000002,100.0,1000,0,1000,0.21475295792333782,908,0,0,0,0,0,0,0,0,0,1,1,0,4,0,0,39,0,0,0,0,0,0,0,0,0,0,9,0,0,0,0,38,0.554074764251709,0.013245202600955963,1.0905860662460327,0.2513214647769928,0.017759999999999998
682,49204.0,995.0,50199.0,50199.0,0.9801788880256579,17.0,0.017,97.0,39504.0,46.0,51.0,9.0,8.0,24038.0,25166.0,715.375,670.1796875,15.8671875,48.6025390625,39504.0,395.0400000000002,100.0,1000,0,1000,0.21518624993041158,903,1,0,0,0,0,0,0,1,0,2,1,0,3,0,0,38,0,0,1,0,0,0,0,0,0,0,4,1,0,1,1,43,0.06868521124124527,-0.15435267984867096,0.4542945325374603,0.23161855340003967,0.017742
683,48390.0,1185.0,49575.0,49575.0,0.9760968229954614,21.0,0.021,90.0,39390.0,49.0,41.0,11.0,10.0,25586.0,22804.0,579.3228359222412,714.25,31.601931549608707,85.75,39390.0,393.9000000000002,100.0,1000,0,1000,0.21449429099448025,910,0,0,0,0,0,0,0,1,0,7,0,0,4,0,0,37,0,0,0,0,0,0,0,0,0,0,4,0,0,0,0,37,0.16955819725990295,-0.02028767764568329,0.3911292254924774,0.3226546347141266,0.017723999999999997
684,49209.0,890.0,50099.0,50099.0,0.9822351743547776,16.0,0.016,99.0,39309.0,50.0,49.0,5.0,11.0,25139.0,24070.0,546.1613208502531,683.5699198072764,95.18950468115509,116.43008019272361,39309.0,393.08999999999986,100.0,1000,0,1000,0.2196613340638578,901,0,0,0,0,2,0,1,0,0,8,1,0,1,0,0,37,0,0,0,0,0,0,0,0,0,2,9,0,0,0,1,37,0.26263028383255005,-0.03901662677526474,0.6134984493255615,0.2881680130958557,0.017706
685,48949.0,435.0,49384.0,49384.0,0.9911914790215455,8.0,0.008,93.0,39649.0,43.0,50.0,2.0,6.0,23498.0,25451.0,523.5700378417969,596.4765625,276.4299621582031,203.5234375,39649.0,396.4899999999996,100.0,1000,0,1000,0.21426691696979105,907,0,0,0,0,1,0,0,0,0,4,0,0,2,0,0,36,0,0,0,0,0,0,0,0,0,0,6,0,0,0,0,44,0.23579522967338562,0.10693158954381943,0.2684052586555481,0.3018428683280945,0.017688
686,48946.0,790.0,49736.0,49736.0,0.9841161331832073,11.0,0.011,89.0,40046.0,44.0,45.0,9.0,2.0,23846.0,25100.0,685.7490234375,566.0,19.113418579101562,234.0,40046.0,400.4599999999998,100.0,1000,0,1000,0.21451258310116827,911,0,0,0,0,0,0,0,0,0,5,0,0,4,0,0,35,0,0,0,0,0,0,0,0,0,0,2,0,0,1,1,41,0.15465350449085236,-0.10000616312026978,0.5184716582298279,0.25897926092147827,0.017669999999999998
687,49408.0,600.0,50008.0,50008.0,0.9880019196928491,10.0,0.01,89.0,40508.0,43.0,46.0,2.0,8.0,24294.0,25114.0,699.66357421875,681.0,100.33642578125,37.1875,40508.0,405.08000000000004,100.0,1000,0,1000,0.21487100003287196,911,0,0,0,0,1,0,0,0,0,3,0,0,3,0,0,36,0,0,0,0,0,0,0,0,0,0,3,0,0,0,0,43,0.3061138093471527,0.08675223588943481,0.4481201767921448,0.2661741077899933,0.017652
688,48697.0,917.0,49614.0,49614.0,0.9815173136614666,16.0,0.016,92.0,39497.0,44.0,48.0,8.0,8.0,22594.0,26103.0,674.15771484375,668.0,59.345428466796875,132.0,39497.0,394.9700000000003,100.0,1000,1,999,0.21879337495192885,908,0,0,0,0,0,0,0,1,0,7,0,0,1,0,0,35,0,0,0,0,0,0,0,0,0,0,2,0,0,0,1,45,0.41779911518096924,0.1041649878025055,0.6361427307128906,0.2516300678253174,0.017633999999999997
689,47782.0,1954.0,49736.0,49736.0,0.9607125623290976,18.0,0.018,84.0,39382.0,37.0,47.0,7.0,11.0,22405.0,25377.0,742.0,697.6875,58.0,102.3125,39382.0,393.81999999999914,100.0,1000,0,1000,0.21377979102544487,916,0,0,0,0,1,0,0,0,0,0,1,0,2,0,0,33,0,0,0,0,0,0,0,0,0,0,5,0,0,0,0,42,0.44389164447784424,-0.03502064198255539,0.9675650000572205,0.27646541595458984,0.017616
690,49966.0,772.0,50738.0,50738.0,0.9847845796050297,14.0,0.014,91.0,40866.0,44.0,47.0,7.0,7.0,24445.0,25521.0,631.6309719085693,628.0,65.69419276714325,172.0,40866.0,408.66000000000014,100.0,1000,0,1000,0.2152787079103291,909,0,0,0,0,0,0,0,0,0,8,0,0,2,0,0,34,0,0,1,0,0,0,0,0,0,0,3,0,0,1,0,42,0.43626970052719116,0.06614374369382858,0.7506199479103088,0.29458025097846985,0.017598
691,48821.0,528.0,49349.0,49349.0,0.9893006950495451,9.0,0.009,85.0,40321.0,40.0,45.0,4.0,5.0,23981.0,24840.0,647.0,608.30078125,57.375,191.69921875,40321.0,403.21000000000026,100.0,1000,0,1000,0.2144188340753317,915,0,0,0,0,0,0,0,0,0,3,0,0,0,0,0,37,0,0,0,0,0,0,0,0,0,0,5,0,0,0,0,40,0.33348268270492554,0.01760248653590679,0.6400712728500366,0.23637238144874573,0.01758
692,48694.0,1210.0,49904.0,49904.0,0.9757534466175056,18.0,0.018,87.0,39994.0,40.0,47.0,2.0,16.0,23215.0,25479.0,571.125,502.612548828125,180.828125,297.387451171875,39994.0,399.9399999999999,100.0,1000,0,1000,0.21914854180067778,913,0,0,0,0,0,0,0,0,0,3,0,0,1,0,0,36,0,1,1,0,0,0,0,0,0,0,6,0,0,1,0,38,0.2256014496088028,-0.035938724875450134,0.5315011143684387,0.2397441267967224,0.017562
693,50018.0,441.0,50459.0,50459.0,0.9912602310786975,9.0,0.009,87.0,41318.0,47.0,40.0,7.0,2.0,26153.0,23865.0,691.5003662109375,414.0,33.90613555908203,386.0,41318.0,413.1799999999999,100.0,1000,0,1000,0.21423883293755352,913,0,0,0,0,1,0,0,0,0,4,1,0,1,0,0,40,0,0,0,0,0,0,0,0,0,0,0,2,0,0,0,38,0.42700424790382385,0.07411009818315506,0.7147814631462097,0.25630247592926025,0.017543999999999997
694,47901.0,1769.0,49670.0,49670.0,0.9643849406080128,23.0,0.023,84.0,39501.0,42.0,42.0,11.0,12.0,23825.0,24076.0,644.0,547.6796875,156.0,78.85009765625,39501.0,395.01000000000096,100.0,1000,0,1000,0.21489837486296892,916,0,0,0,0,2,0,0,1,0,1,1,0,0,0,0,37,0,0,0,0,0,0,0,0,0,0,4,0,0,0,0,38,0.45953813195228577,-0.055970098823308945,1.0410940647125244,0.2875044345855713,0.017526
695,49809.0,487.0,50296.0,50296.0,0.9903173214569747,9.0,0.009,85.0,41309.0,39.0,46.0,5.0,4.0,23341.0,26468.0,310.0,681.0,272.5,119.0,41309.0,413.0900000000001,100.0,1000,0,1000,0.22114037489518523,915,0,0,0,0,0,0,0,1,0,2,1,0,1,0,0,34,0,0,0,0,0,0,0,0,0,0,2,0,0,0,0,44,0.400474488735199,0.038945041596889496,0.7334296107292175,0.2961706221103668,0.017508
696,49802.0,506.0,50308.0,50308.0,0.9899419575415441,9.0,0.009,88.0,41002.0,43.0,45.0,6.0,3.0,24791.0,25011.0,519.0,800.0,0.0,0.0,41002.0,410.01999999999987,100.0,1000,0,1000,0.21911816694773734,912,0,0,0,0,1,0,0,0,0,1,0,0,2,0,0,39,0,0,0,0,0,0,0,0,0,0,6,0,0,0,1,38,0.2026715725660324,0.020428910851478577,0.3747960925102234,0.2947615385055542,0.01749
697,50239.0,510.0,50749.0,50749.0,0.9899505408973576,9.0,0.009,94.0,40839.0,48.0,46.0,6.0,3.0,24938.0,25301.0,697.2585778236389,588.0,38.52803331613541,125.75,40839.0,408.39000000000027,100.0,1000,0,1000,0.21347291604615748,906,0,0,0,0,0,0,0,1,0,12,0,0,0,0,0,35,0,0,0,0,0,0,0,0,0,1,4,0,0,0,1,40,0.45394694805145264,0.004845673684030771,0.9075508713722229,0.2675231993198395,0.017471999999999998
698,48600.0,1136.0,49736.0,49736.0,0.9771594016406627,16.0,0.016,92.0,39400.0,50.0,42.0,7.0,9.0,24354.0,24246.0,687.0487656593323,584.0,112.95123434066772,216.0,39400.0,394.00000000000006,100.0,1000,0,1000,0.2184891658835113,908,0,0,0,0,0,0,0,0,0,13,0,0,2,0,0,35,0,0,0,0,0,0,0,0,0,0,3,0,0,0,0,39,0.42590662837028503,0.07709939777851105,0.7084001302719116,0.3089733421802521,0.017453999999999997
699,47538.0,1420.0,48958.0,48958.0,0.9709955472037256,21.0,0.021,92.0,38338.0,47.0,45.0,6.0,15.0,24466.0,23072.0,355.09309577941895,699.9080848693848,0.0,31.27872347831726,38338.0,383.3800000000007,100.0,1000,0,1000,0.2136564999818802,908,0,0,0,0,1,0,0,0,0,9,0,0,1,0,0,36,0,0,0,0,0,0,0,0,0,0,9,0,0,1,0,35,0.5461234450340271,0.061923298984766006,0.9795845746994019,0.32072702050209045,0.017436
700,47961.0,550.0,48511.0,48511.0,0.9886623652367504,7.0,0.007,92.0,38761.0,50.0,42.0,4.0,3.0,25296.0,22665.0,568.6474609375,601.768798828125,18.323278427124023,198.231201171875,38761.0,387.6100000000005,100.0,1000,0,1000,0.21922108298167586,908,1,0,0,0,0,0,0,0,0,10,0,0,2,0,0,37,0,1,0,0,0,0,0,0,0,0,4,0,0,0,0,37,0.617241382598877,-0.013568923808634281,1.2704243659973145,0.2527177631855011,0.017417999999999996
701,48383.0,1196.0,49579.0,49579.0,0.9758768833578733,20.0,0.02,94.0,38983.0,48.0,46.0,14.0,6.0,25259.0,23124.0,580.1857900619507,663.4412241832524,95.96772599965334,136.55877581674758,38983.0,389.8299999999996,100.0,1000,0,1000,0.21840229211375117,906,0,0,0,0,1,0,0,1,0,7,1,0,2,0,0,36,0,0,0,0,0,0,0,0,0,0,12,0,0,0,0,34,0.3508782982826233,0.024601925164461136,0.6628369092941284,0.2955222427845001,0.0174
702,50433.0,602.0,51035.0,51035.0,0.9882041736063486,8.0,0.008,96.0,40833.0,40.0,56.0,4.0,4.0,23110.0,27323.0,708.5,472.5435435755644,91.5,102.33014263263613,40833.0,408.3300000000001,100.0,1000,0,1000,0.22257916699163616,904,0,0,0,0,0,0,0,0,0,4,0,0,3,0,0,33,0,0,0,0,0,0,0,0,0,0,12,0,0,1,0,43,0.4247010052204132,0.08621721714735031,0.6857382655143738,0.2522919178009033,0.017382
703,49817.0,1327.0,51144.0,51144.0,0.9740536524323479,19.0,0.019,94.0,40417.0,46.0,48.0,11.0,8.0,24375.0,25442.0,679.5083293914795,523.875,64.55937647819519,0.0,40417.0,404.16999999999996,100.0,1000,0,1000,0.21426395792514086,906,0,0,0,0,0,0,0,0,0,11,0,0,2,0,0,33,0,0,0,0,0,0,0,0,0,0,3,0,0,0,0,45,0.38002657890319824,0.03758497163653374,0.6950045228004456,0.2914450466632843,0.017363999999999997
704,50124.0,1242.0,51366.0,51366.0,0.9758205817077444,15.0,0.015,98.0,40324.0,52.0,46.0,12.0,3.0,25996.0,24128.0,782.7312898711025,569.0,17.26871012889751,0.0,40324.0,403.2399999999994,100.0,1000,0,1000,0.2147349170409143,902,0,0,0,0,1,0,0,0,0,9,2,0,4,0,0,36,0,0,0,0,0,0,0,0,0,0,6,0,0,0,0,40,0.5134227275848389,-0.017931999638676643,1.0717127323150635,0.2595210373401642,0.017346
705,48305.0,1567.0,49872.0,49872.0,0.9685795636830286,17.0,0.017,93.0,39005.0,44.0,49.0,11.0,6.0,24394.0,23911.0,729.2164306640625,625.381103515625,70.7835693359375,74.50590515136719,39005.0,390.0500000000006,100.0,1000,0,1000,0.21997995884157717,907,0,0,0,0,0,0,0,0,0,5,0,0,6,0,0,33,0,0,0,0,0,0,0,0,0,0,8,0,0,0,1,40,0.5123671293258667,0.036229923367500305,0.961890697479248,0.27747759222984314,0.017328
706,49837.0,722.0,50559.0,50559.0,0.9857196542653138,12.0,0.012,97.0,40137.0,50.0,47.0,11.0,1.0,24503.0,25334.0,703.901376539935,691.67578125,6.756934462035822,108.32421875,40137.0,401.3699999999995,100.0,1000,0,1000,0.21467316593043506,903,0,0,0,0,2,0,0,0,0,5,1,0,10,0,0,32,0,0,0,0,0,0,0,0,0,0,2,0,1,0,2,42,0.3613011837005615,-0.00014592039224226028,0.7329363226890564,0.2900664806365967,0.01731
707,48170.0,1570.0,49740.0,49740.0,0.9684358665058304,21.0,0.021,90.0,39170.0,42.0,48.0,13.0,8.0,22231.0,25939.0,584.3822882324457,800.0,36.69968285865616,0.0,39170.0,391.70000000000005,100.0,1000,0,1000,0.21884716604836285,910,0,0,0,0,0,0,0,0,0,6,0,0,6,0,0,30,0,1,0,0,0,0,0,0,0,0,4,0,0,0,1,42,0.45241567492485046,-0.02543678693473339,0.9642753005027771,0.24781374633312225,0.017292
708,48275.0,1297.0,49572.0,49572.0,0.9738360364722021,18.0,0.018,85.0,39775.0,45.0,40.0,11.0,7.0,24475.0,23800.0,599.585205078125,624.0,37.57777404785156,176.0,39775.0,397.74999999999966,100.0,1000,0,1000,0.21544466679915786,915,0,0,0,0,0,0,0,0,0,3,0,0,8,0,0,34,0,0,0,0,0,0,0,0,0,0,1,0,0,0,0,39,0.24742934107780457,-0.02174319513142109,0.5461216568946838,0.22509413957595825,0.017273999999999998
709,48926.0,1747.0,50673.0,50673.0,0.9655240463363132,16.0,0.016,89.0,40026.0,45.0,44.0,3.0,13.0,24075.0,24851.0,520.0,773.6395263671875,102.875,8.237648010253906,40026.0,400.26000000000056,100.0,1000,0,1000,0.22033783397637308,911,1,0,0,0,0,0,0,0,0,2,0,0,5,0,0,37,0,0,0,0,0,0,0,0,0,0,4,0,0,1,1,38,0.30191969871520996,-0.09654340893030167,0.8055270910263062,0.24921458959579468,0.017256
710,49522.0,716.0,50238.0,50238.0,0.985747840280266,8.0,0.008,89.0,40622.0,47.0,42.0,5.0,3.0,25260.0,24262.0,657.0444228649139,720.0,142.95557713508606,80.0,40622.0,406.2199999999997,100.0,1000,0,1000,0.2146479580551386,911,0,0,0,0,0,0,0,0,0,4,0,0,8,0,0,35,0,0,0,0,0,0,0,0,0,0,3,0,0,0,0,39,0.21769504249095917,-0.03259482979774475,0.5095357298851013,0.25977465510368347,0.017237999999999996
711,47043.0,1192.0,48235.0,48235.0,0.9752876541930133,14.0,0.014,82.0,38843.0,39.0,43.0,6.0,8.0,23884.0,23159.0,298.875,685.0,154.8984375,115.0,38843.0,388.4299999999997,100.0,1000,0,1000,0.21884545916691422,918,0,0,0,0,0,0,0,0,0,3,0,0,1,0,0,35,0,0,0,0,0,0,0,0,0,1,3,0,0,2,1,36,0.33448827266693115,-0.07314056158065796,0.8239530324935913,0.2524789571762085,0.01722
712,49438.0,1522.0,50960.0,50960.0,0.9701334379905808,20.0,0.02,89.0,40538.0,46.0,43.0,14.0,6.0,25806.0,23632.0,509.3204116821289,758.0,290.6795883178711,13.125,40538.0,405.379999999999,100.0,1000,0,1000,0.2136338751297444,911,0,0,0,0,1,0,0,0,0,7,0,0,3,0,0,35,0,0,0,0,0,0,0,0,0,0,3,1,2,0,0,37,0.31421077251434326,0.05598166212439537,0.5254586338996887,0.26160937547683716,0.017202000000000002
713,47708.0,854.0,48562.0,48562.0,0.9824142333511799,16.0,0.016,89.0,38808.0,45.0,44.0,3.0,13.0,24016.0,23692.0,624.724853515625,641.750602722168,175.275146484375,33.75578874349594,38808.0,388.07999999999987,100.0,1000,0,1000,0.22039370890706778,911,0,0,0,0,0,0,0,0,0,8,0,0,3,0,0,34,0,0,0,0,0,0,0,0,0,1,4,1,2,0,0,36,0.2584848999977112,-0.02304973639547825,0.5718286037445068,0.25486934185028076,0.017183999999999998
714,49028.0,680.0,49708.0,49708.0,0.9863201094391245,12.0,0.012,82.0,40828.0,42.0,40.0,10.0,2.0,25850.0,23178.0,578.671875,681.0,221.328125,119.0,40828.0,408.28000000000014,100.0,1000,0,1000,0.21429112507030368,918,0,0,0,0,0,0,0,0,0,1,0,0,3,0,0,38,0,0,0,0,0,0,0,0,0,0,0,0,0,0,0,40,0.1579900085926056,-0.0016097796615213156,0.32879289984703064,0.2794283628463745,0.017166
715,49274.0,1204.0,50478.0,50478.0,0.9761480248821268,13.0,0.013,87.0,40574.0,44.0,43.0,7.0,6.0,25675.0,23599.0,696.6181640625,754.0,103.3818359375,46.0,40574.0,405.7400000000005,100.0,1000,0,1000,0.21900337492115796,913,0,0,0,0,0,0,0,0,0,1,0,0,6,0,0,37,0,0,1,0,0,0,0,0,0,0,4,1,0,0,0,37,0.5671497583389282,-0.01376086100935936,1.1697293519973755,0.2305835485458374,0.017148
716,48245.0,1472.0,49717.0,49717.0,0.9703924211034455,18.0,0.018,81.0,40145.0,39.0,42.0,9.0,9.0,24518.0,23727.0,646.0,730.0,154.0,70.0,40145.0,401.44999999999993,100.0,1000,0,1000,0.2148712920024991,919,0,0,0,0,0,0,0,0,0,1,0,0,1,0,0,37,0,1,0,0,0,0,0,0,0,0,0,0,0,0,0,41,0.39134275913238525,0.08352991938591003,0.6237267255783081,0.2364584356546402,0.01713
717,48496.0,1401.0,49897.0,49897.0,0.9719221596488767,13.0,0.013,85.0,39996.0,41.0,44.0,6.0,7.0,24560.0,23936.0,735.375,704.0,64.625,96.0,39996.0,399.9599999999998,100.0,1000,0,1000,0.21839495794847608,915,0,0,0,0,0,0,0,0,0,0,0,0,5,0,0,36,0,0,0,0,0,0,0,0,0,0,1,0,1,0,0,42,0.6870840787887573,0.029019569978117943,1.325406789779663,0.27108967304229736,0.017112
718,47029.0,861.0,47890.0,47890.0,0.9820212988097724,12.0,0.012,84.0,38629.0,41.0,43.0,9.0,3.0,24234.0,22795.0,443.20654296875,584.0,356.79345703125,216.0,38629.0,386.2899999999997,100.0,1000,0,1000,0.21931883390061557,916,0,0,0,0,0,0,0,0,0,1,0,0,5,0,0,35,0,0,0,0,0,0,0,0,0,0,2,0,0,0,0,41,0.4168478548526764,-0.025075018405914307,0.8910566568374634,0.2109190672636032,0.017093999999999998
719,46586.0,1920.0,48506.0,48506.0,0.9604172679668495,15.0,0.015,85.0,38086.0,43.0,42.0,7.0,8.0,23804.0,22782.0,597.125,739.4458465576172,202.875,60.55415344238281,38086.0,380.8599999999992,100.0,1000,0,1000,0.21895679109729826,915,0,0,0,0,0,0,0,1,0,3,0,1,4,0,0,34,0,0,0,0,0,0,0,0,0,0,5,0,0,1,0,36,0.4880569279193878,-0.020222794264554977,1.0239049196243286,0.21508263051509857,0.017076
720,49338.0,688.0,50026.0,50026.0,0.9862471514812298,13.0,0.013,84.0,40938.0,39.0,45.0,12.0,1.0,25115.0,24223.0,396.0,708.34375,151.5,91.65625,40938.0,409.3799999999999,100.0,1000,0,1000,0.21449995785951614,916,0,0,0,0,0,0,0,0,0,2,0,0,2,0,0,35,0,0,0,0,0,0,0,0,0,0,3,1,0,0,1,40,0.10555847734212875,-0.060814354568719864,0.3407798111438751,0.23549507558345795,0.017057999999999997
721,48940.0,805.0,49745.0,49745.0,0.9838174690923711,14.0,0.014,85.0,40440.0,39.0,46.0,6.0,8.0,24472.0,24468.0,634.9765625,665.0,165.0234375,33.75,40440.0,404.3999999999999,100.0,1000,0,1000,0.2144166249781847,915,0,0,0,0,0,0,0,0,0,1,0,1,2,0,0,35,0,0,1,0,0,0,0,0,0,0,6,1,0,0,0,38,0.22909939289093018,-0.03742348775267601,0.5426642298698425,0.2822321057319641,0.01704
722,48886.0,1750.0,50636.0,50636.0,0.9654396081839007,17.0,0.017,89.0,39986.0,44.0,45.0,12.0,5.0,25308.0,23578.0,639.8123474121094,381.0,40.046913146972656,0.0,39986.0,399.8600000000006,100.0,1000,0,1000,0.21886825002729893,911,1,0,0,0,0,0,0,0,0,3,1,1,4,0,0,34,0,0,0,0,0,0,0,0,0,0,0,0,0,2,2,41,0.4198152422904968,-0.10060421377420425,1.0502759218215942,0.2772012948989868,0.017022
723,49170.0,1296.0,50466.0,50466.0,0.9743193437165616,16.0,0.016,88.0,40370.0,43.0,45.0,12.0,4.0,24441.0,24729.0,602.2210369110107,734.3125,197.77896308898926,65.6875,40370.0,403.69999999999925,100.0,1000,0,1000,0.21504358295351267,912,0,0,0,0,2,0,0,0,0,2,0,0,7,0,0,32,0,0,0,0,0,0,0,0,0,0,3,0,0,0,0,42,0.4713583290576935,0.003048974322155118,0.9451490044593811,0.25083276629447937,0.017004
724,49442.0,695.0,50137.0,50137.0,0.9861379819295132,10.0,0.01,88.0,40642.0,43.0,45.0,8.0,2.0,24552.0,24890.0,653.21630859375,631.0,146.78369140625,169.0,40642.0,406.4199999999995,100.0,1000,0,1000,0.21443891688250005,912,0,0,0,0,1,0,0,0,0,4,0,0,5,0,0,33,0,0,0,0,0,0,0,0,0,1,1,1,0,1,0,41,0.29505035281181335,0.014054318889975548,0.5715363621711731,0.2809458076953888,0.016986
725,48834.0,1737.0,50571.0,50571.0,0.9656522512902652,18.0,0.018,88.0,40034.0,39.0,49.0,14.0,4.0,24448.0,24386.0,490.90380859375,651.140380859375,309.09619140625,46.51863098144531,40034.0,400.34000000000026,100.0,1000,0,1000,0.2147223330102861,912,0,0,0,0,0,0,0,0,0,0,1,0,4,0,0,34,0,0,0,0,0,0,0,0,0,0,7,0,0,0,0,42,0.3516390025615692,-0.02011675201356411,0.7526335120201111,0.26880064606666565,0.016967999999999997
726,48765.0,449.0,49214.0,49214.0,0.9908765798350063,8.0,0.008,90.0,39765.0,45.0,45.0,4.0,4.0,25199.0,23566.0,501.3154296875,530.0,56.00335693359375,0.0,39765.0,397.6500000000007,100.0,1000,0,1000,0.21879404201172292,910,0,0,0,0,0,0,0,0,0,5,0,0,3,0,0,37,0,0,0,0,0,0,0,0,0,0,0,1,3,0,0,41,0.20177292823791504,0.0007623588317073882,0.41009026765823364,0.23802712559700012,0.01695
727,50210.0,1263.0,51473.0,51473.0,0.9754628640258,15.0,0.015,94.0,40810.0,40.0,54.0,9.0,6.0,23308.0,26902.0,627.2506866455078,567.0115356445312,172.7493133544922,98.93533706665039,40810.0,408.1000000000003,100.0,1000,0,1000,0.2202828750014305,906,0,0,0,0,0,0,0,0,0,3,0,0,2,0,0,35,0,0,0,0,0,0,0,0,0,0,6,0,2,3,0,43,0.46345603466033936,0.003940290305763483,0.92724609375,0.24257545173168182,0.016932
728,47618.0,852.0,48470.0,48470.0,0.9824221167732619,14.0,0.014,84.0,39218.0,42.0,42.0,9.0,5.0,24983.0,22635.0,673.109375,390.0,126.890625,70.0,39218.0,392.1799999999998,100.0,1000,0,1000,0.21416170801967382,916,0,0,0,0,0,0,0,0,0,2,0,0,2,0,0,38,0,1,1,0,0,0,0,0,0,0,1,0,0,1,0,38,0.04624095931649208,-0.14266055822372437,0.385801762342453,0.2364528328180313,0.016914
729,49604.0,841.0,50445.0,50445.0,0.9833283774407771,16.0,0.016,88.0,40804.0,45.0,43.0,7.0,9.0,25873.0,23731.0,675.9890137054026,601.703125,124.01098629459739,76.412109375,40804.0,408.03999999999985,100.0,1000,0,1000,0.219372000079602,912,0,0,0,0,0,0,0,0,0,6,0,1,2,0,0,36,0,0,0,0,0,0,0,0,0,0,4,1,0,1,0,37,0.147429421544075,-0.02739148586988449,0.3578242063522339,0.24213987588882446,0.016896
730,49442.0,1198.0,50640.0,50640.0,0.9763428120063191,19.0,0.019,82.0,41242.0,42.0,40.0,10.0,9.0,25605.0,23837.0,620.5263671875,696.353515625,179.4736328125,103.646484375,41242.0,412.4199999999994,100.0,1000,0,1000,0.21425729198381305,918,0,0,0,0,1,0,0,0,0,1,0,0,3,0,0,37,0,0,1,0,0,0,0,0,0,0,1,0,1,0,0,37,0.6475839018821716,0.0260202307254076,1.2525807619094849,0.28005000948905945,0.016877999999999997
731,50239.0,1474.0,51713.0,51713.0,0.9714965289192272,17.0,0.017,89.0,41339.0,44.0,45.0,8.0,9.0,25198.0,25041.0,482.0,606.0,131.9375,29.5546875,41339.0,413.3900000000001,100.0,1000,0,1000,0.22029645787552,911,0,0,0,0,0,0,0,0,0,0,2,0,5,0,0,37,0,0,1,0,0,0,0,0,0,0,1,0,1,0,0,42,0.3014880418777466,-0.016268353909254074,0.6426259279251099,0.2109472155570984,0.01686
732,48291.0,1052.0,49343.0,49343.0,0.978679853271994,15.0,0.015,84.0,39891.0,39.0,45.0,6.0,9.0,23872.0,24419.0,663.5400390625,676.0,136.4599609375,124.0,39891.0,398.91000000000076,100.0,1000,0,1000,0.21822141599841416,916,0,0,0,0,0,0,0,0,0,2,0,0,1,0,0,36,0,0,0,0,0,0,0,0,0,0,2,0,1,0,0,42,0.34661033749580383,-0.04846466705203056,0.7997502088546753,0.28500884771347046,0.016842
733,48243.0,2156.0,50399.0,50399.0,0.9572213734399492,20.0,0.02,83.0,39943.0,38.0,45.0,11.0,9.0,22620.0,25623.0,278.6875,358.0,0.0,34.0,39943.0,399.4300000000007,100.0,1000,0,1000,0.2188370421063155,917,0,0,0,0,0,0,0,0,0,0,0,0,2,0,0,36,0,0,0,0,0,0,0,0,0,0,1,0,0,0,1,43,0.3367580473423004,-0.1140141710639,0.9086588621139526,0.21143664419651031,0.016824
734,49344.0,1753.0,51097.0,51097.0,0.9656927021155841,19.0,0.019,81.0,41244.0,40.0,41.0,10.0,9.0,25820.0,23524.0,739.0,461.0,61.0,339.0,41244.0,412.43999999999943,100.0,1000,0,1000,0.21455054101534188,919,0,0,0,0,0,0,0,0,0,0,0,0,1,0,0,39,0,0,0,0,0,0,0,0,0,0,0,0,1,0,1,39,0.6777662634849548,0.0761454850435257,1.2107290029525757,0.22275929152965546,0.016805999999999998
735,48068.0,1588.0,49656.0,49656.0,0.9680199774448204,13.0,0.013,83.0,39768.0,40.0,43.0,10.0,3.0,24203.0,23865.0,408.0,681.0,0.0,119.0,39768.0,397.67999999999944,100.0,1000,0,1000,0.21884012501686811,917,0,0,0,0,0,0,0,0,0,0,1,0,2,0,0,37,0,0,0,0,0,0,0,0,0,0,0,0,1,0,1,41,0.5891734957695007,-0.06451939791440964,1.314604640007019,0.21499958634376526,0.016787999999999997
736,49983.0,273.0,50256.0,50256.0,0.9945678127984718,5.0,0.005,86.0,41383.0,40.0,46.0,1.0,4.0,24110.0,25873.0,700.0,407.0,100.0,73.6875,41383.0,413.83,100.0,1000,0,1000,0.21974399988539517,914,0,0,0,0,0,0,0,0,0,0,0,0,1,0,0,39,0,0,0,0,0,0,0,0,0,0,1,0,2,0,1,42,0.10503558069467545,-0.09765364974737167,0.4122658371925354,0.20534798502922058,0.01677
737,50454.0,746.0,51200.0,51200.0,0.9854296875,10.0,0.01,84.0,42054.0,39.0,45.0,9.0,1.0,24753.0,25701.0,275.0,637.0,525.0,163.0,42054.0,420.5400000000001,100.0,1000,0,1000,0.21411895914934576,916,0,0,0,0,0,0,0,0,0,1,1,0,1,0,0,36,0,0,0,0,0,0,0,0,0,0,0,0,0,1,0,44,0.5505635738372803,0.0343218557536602,1.0405908823013306,0.24198469519615173,0.016752
738,50495.0,1152.0,51647.0,51647.0,0.9776947354154162,12.0,0.012,85.0,41995.0,37.0,48.0,5.0,7.0,23932.0,26563.0,363.0,472.0,437.0,328.0,41995.0,419.9500000000004,100.0,1000,0,1000,0.21722937491722405,915,0,0,0,0,0,0,0,0,0,0,0,0,1,0,0,36,0,0,0,0,0,0,0,0,0,0,1,0,0,0,0,47,0.5749313235282898,0.0929541140794754,0.9725030660629272,0.2554260790348053,0.016734
739,49616.0,1120.0,50736.0,50736.0,0.977924944812362,10.0,0.01,83.0,41316.0,39.0,44.0,4.0,6.0,24516.0,25100.0,460.625,711.3671875,339.375,88.6328125,41316.0,413.1600000000006,100.0,1000,0,1000,0.2174452089238912,917,0,0,0,0,0,0,0,0,0,0,0,0,2,0,0,37,0,0,0,0,0,0,0,0,0,1,2,0,0,0,0,41,0.3822849690914154,-0.012881922535598278,0.796978235244751,0.1987447440624237,0.016716
740,49189.0,898.0,50087.0,50087.0,0.9820711961187534,14.0,0.014,84.0,40789.0,38.0,46.0,11.0,3.0,23692.0,25497.0,764.0,541.0,36.0,259.0,40789.0,407.8900000000005,100.0,1000,0,1000,0.2143056250642985,916,0,0,0,0,0,0,0,0,0,0,0,0,2,0,0,36,0,0,0,0,0,0,0,0,0,0,1,0,0,1,0,44,0.33226773142814636,0.0433916375041008,0.5857897996902466,0.24067583680152893,0.016697999999999998
741,48025.0,523.0,48548.0,48548.0,0.9892271566284914,6.0,0.006,84.0,39625.0,38.0,46.0,6.0,0.0,23842.0,24183.0,478.75,641.8828125,321.25,158.1171875,39625.0,396.2499999999999,100.0,1000,0,1000,0.22301870794035494,916,0,0,0,0,0,0,0,1,0,0,0,0,2,0,0,35,0,0,0,0,0,0,0,0,0,0,1,0,1,0,0,44,0.18374350666999817,-0.0882808268070221,0.5524387359619141,0.2515012323856354,0.01668
742,49643.0,902.0,50545.0,50545.0,0.9821545157780196,11.0,0.011,87.0,40943.0,43.0,44.0,5.0,6.0,24910.0,24733.0,668.557861328125,452.0,131.442138671875,14.0,40943.0,409.4300000000004,100.0,1000,0,1000,0.21472099982202053,913,0,0,0,0,0,0,0,0,0,0,0,0,4,0,0,39,0,0,0,0,0,0,0,0,0,0,1,0,1,0,0,42,0.571609377861023,0.005651300307363272,1.1388587951660156,0.20833846926689148,0.016662
743,48957.0,679.0,49636.0,49636.0,0.9863204126037554,6.0,0.006,80.0,40957.0,42.0,38.0,5.0,1.0,26015.0,22942.0,250.0,568.0625,161.625,231.9375,40957.0,409.57000000000056,100.0,1000,0,1000,0.21926579205319285,920,0,0,0,0,0,0,0,0,0,0,0,0,3,0,0,39,0,0,0,0,0,0,0,0,0,0,1,0,0,1,0,36,0.40701305866241455,0.04873582348227501,0.7253972291946411,0.2656436264514923,0.016644
744,48668.0,1418.0,50086.0,50086.0,0.9716886954438366,19.0,0.019,79.0,40768.0,38.0,41.0,8.0,11.0,23424.0,25244.0,724.0,391.0,76.0,156.6875,40768.0,407.68000000000006,100.0,1000,0,1000,0.21491566603071988,921,0,0,0,0,0,0,0,0,0,0,0,0,1,0,0,37,0,0,0,0,0,0,0,0,0,0,1,0,0,0,0,40,0.3388562798500061,0.023977352306246758,0.6366973519325256,0.20869290828704834,0.016626
745,50509.0,409.0,50918.0,50918.0,0.9919674771200754,7.0,0.007,82.0,42309.0,44.0,38.0,3.0,4.0,27063.0,23446.0,676.0,751.0,124.0,49.0,42309.0,423.08999999999946,100.0,1000,0,1000,0.21457958407700062,918,0,0,0,0,0,0,0,0,0,0,0,0,1,0,0,43,0,0,0,0,0,0,0,0,0,0,0,1,0,0,0,37,0.4134822189807892,0.023842183873057365,0.7868797183036804,0.22879454493522644,0.016607999999999998
746,48374.0,1333.0,49707.0,49707.0,0.9731828515098477,12.0,0.012,83.0,40074.0,39.0,44.0,5.0,7.0,22988.0,25386.0,694.0,618.0,106.0,182.0,40074.0,400.74000000000007,100.0,1000,0,1000,0.21881445799954236,917,0,0,0,0,0,0,0,0,0,0,0,0,2,0,0,37,0,0,0,0,0,0,0,0,0,0,0,0,0,2,0,42,0.5655875205993652,0.14260488748550415,0.8522214293479919,0.18854984641075134,0.01659
747,49150.0,817.0,49967.0,49967.0,0.9836492084775952,13.0,0.013,82.0,40950.0,43.0,39.0,2.0,11.0,24390.0,24760.0,600.9296875,397.375,199.0703125,0.0,40950.0,409.4999999999994,100.0,1000,0,1000,0.21492995810694993,918,0,0,0,0,0,0,0,0,0,2,0,0,2,0,0,39,0,0,0,0,0,0,0,0,0,1,0,0,0,1,0,37,0.24932214617729187,0.007428265642374754,0.49251219630241394,0.26322850584983826,0.016571999999999996
748,49315.0,570.0,49885.0,49885.0,0.9885737195549764,10.0,0.01,83.0,41015.0,43.0,40.0,4.0,6.0,25578.0,23737.0,503.0,644.0,297.0,156.0,41015.0,410.15000000000055,100.0,1000,0,1000,0.2145070000551641,917,0,0,0,0,0,0,0,0,0,0,0,0,1,0,0,42,0,0,0,0,0,0,0,0,0,0,0,0,0,0,0,40,0.1661086529493332,-0.05573420599102974,0.44939231872558594,0.1723633110523224,0.016554
749,49203.0,505.0,49708.0,49708.0,0.989840669509938,9.0,0.009,83.0,40903.0,42.0,41.0,1.0,8.0,24962.0,24241.0,359.0,753.25,66.0,46.75,40903.0,409.03000000000026,100.0,1000,0,1000,0.21892254101112485,917,0,0,0,0,0,0,0,0,0,0,1,0,1,0,0,40,0,0,0,0,0,0,0,0,0,0,0,0,0,1,0,40,0.4303354024887085,0.02634805627167225,0.8142511248588562,0.1897808164358139,0.016536000000000002
750,48614.0,937.0,49551.0,49551.0,0.98109018990535,11.0,0.011,81.0,40514.0,39.0,42.0,8.0,3.0,23757.0,24857.0,310.0,457.0,490.0,42.875,40514.0,405.14000000000044,100.0,1000,0,1000,0.2198238749988377,919,0,0,0,0,0,0,0,0,0,2,0,0,0,0,0,37,0,0,0,0,0,0,0,0,0,0,0,0,0,1,0,41,0.4146968722343445,-0.007364408578723669,0.8514471650123596,0.22171559929847717,0.016517999999999998
751,50357.0,641.0,50998.0,50998.0,0.9874308796423389,10.0,0.01,84.0,41957.0,44.0,40.0,6.0,4.0,26331.0,24026.0,702.0,743.0,98.0,57.0,41957.0,419.5700000000002,100.0,1000,0,1000,0.21427366719581187,916,0,0,0,0,0,0,0,0,0,2,0,0,0,0,0,42,0,0,0,0,0,0,0,0,0,0,0,0,0,0,0,40,0.2015095204114914,-0.032963164150714874,0.47581297159194946,0.20810966193675995,0.0165
752,49770.0,822.0,50592.0,50592.0,0.9837523719165086,10.0,0.01,82.0,41570.0,39.0,43.0,6.0,4.0,24221.0,25549.0,360.125,479.0,439.875,321.0,41570.0,415.69999999999953,100.0,1000,0,1000,0.21541204117238522,918,0,0,0,0,0,0,0,0,0,0,0,0,1,0,0,38,0,0,1,0,0,0,0,0,0,0,1,0,0,1,0,40,0.17382588982582092,-0.05838243290781975,0.47206297516822815,0.2319595217704773,0.016481999999999997
753,48903.0,781.0,49684.0,49684.0,0.9842806537315836,13.0,0.013,81.0,40803.0,39.0,42.0,5.0,8.0,24281.0,24622.0,514.25,595.7734375,285.75,204.2265625,40803.0,408.03000000000077,100.0,1000,0,1000,0.2247672500088811,919,0,0,0,0,0,0,0,0,0,1,0,1,1,0,0,36,0,0,1,0,0,0,0,0,0,0,1,0,1,1,0,38,0.2218073159456253,0.003998715430498123,0.4431529939174652,0.22885631024837494,0.016464
754,47188.0,715.0,47903.0,47903.0,0.9850740037158424,10.0,0.01,81.0,39088.0,38.0,43.0,6.0,4.0,23364.0,23824.0,669.7734375,476.65234375,130.2265625,323.34765625,39088.0,390.88000000000096,100.0,1000,0,1000,0.21915158303454518,919,0,0,0,0,0,0,0,0,0,0,0,0,2,0,0,36,0,0,1,0,0,0,0,0,0,0,3,0,1,0,0,38,0.24262478947639465,0.011410975828766823,0.4707108438014984,0.2518314719200134,0.016446
755,47772.0,2385.0,50157.0,50157.0,0.9524493091692087,26.0,0.026,79.0,39872.0,38.0,41.0,13.0,13.0,24246.0,23526.0,593.875,670.3349151611328,206.125,129.6650848388672,39872.0,398.72000000000065,100.0,1000,0,1000,0.21426120796240866,921,0,0,0,0,0,0,0,0,0,1,0,0,1,0,0,36,0,0,3,0,0,0,0,0,0,0,0,0,1,0,1,36,0.3446773886680603,0.0012504181358963251,0.6947856545448303,0.24140861630439758,0.016427999999999998
756,48214.0,700.0,48914.0,48914.0,0.9856891687451446,6.0,0.006,83.0,39914.0,39.0,44.0,2.0,4.0,23516.0,24698.0,484.0,553.0,316.0,247.0,39914.0,399.1400000000006,100.0,1000,0,1000,0.2193779160734266,917,0,0,0,0,0,0,0,0,0,0,1,0,0,0,0,38,0,0,2,0,0,0,0,0,0,0,0,0,0,0,0,42,0.33500224351882935,-0.014536426402628422,0.7066255211830139,0.2299862802028656,0.01641
757,49691.0,382.0,50073.0,50073.0,0.992371138138318,7.0,0.007,83.0,41391.0,39.0,44.0,5.0,2.0,24440.0,25251.0,527.0,655.0,273.0,145.0,41391.0,413.9099999999997,100.0,1000,0,1000,0.21857529203407466,917,0,0,0,0,0,0,0,0,0,0,0,0,1,0,0,38,0,0,2,0,0,0,0,0,0,0,0,0,0,0,0,42,0.18054334819316864,-0.020081253722310066,0.40851524472236633,0.22163401544094086,0.016391999999999997
758,48828.0,675.0,49503.0,49503.0,0.9863644627598327,8.0,0.008,86.0,40228.0,41.0,45.0,4.0,4.0,24617.0,24211.0,555.0,451.223876953125,245.0,283.38059997558594,40228.0,402.2799999999995,100.0,1000,0,1000,0.2147542079910636,914,0,0,0,0,0,0,0,0,0,3,1,0,1,0,0,36,3,0,2,0,0,0,0,0,0,0,2,0,0,0,0,38,0.3442971110343933,0.0323278084397316,0.6319656372070312,0.2451154738664627,0.016374
759,48522.0,859.0,49381.0,49381.0,0.9826046455114316,12.0,0.012,82.0,40322.0,41.0,41.0,8.0,4.0,25177.0,23345.0,413.298828125,564.1875,72.5064697265625,73.69140625,40322.0,403.2199999999996,100.0,1000,1,999,0.21466579101979733,918,0,0,0,0,0,0,0,0,0,2,0,0,4,0,0,35,0,0,0,0,0,0,0,0,0,0,2,0,0,0,0,39,0.2938344478607178,0.039974115788936615,0.515220046043396,0.2292543351650238,0.016356000000000002
760,47999.0,1507.0,49506.0,49506.0,0.9695592453439987,18.0,0.018,84.0,39599.0,41.0,43.0,13.0,5.0,23970.0,24029.0,614.9375,499.0,34.69921875,301.0,39599.0,395.9900000000004,100.0,1000,0,1000,0.2149087090510875,916,0,0,0,0,1,0,0,0,0,2,0,0,4,0,0,34,0,0,0,0,0,0,0,0,0,0,2,0,2,0,0,39,0.4765101969242096,0.0006703194812871516,0.9591362476348877,0.22819362580776215,0.016338
761,49379.0,909.0,50288.0,50288.0,0.981924117085587,14.0,0.014,84.0,40979.0,42.0,42.0,6.0,8.0,24624.0,24755.0,717.0,703.0,15.5625,97.0,40979.0,409.7900000000001,100.0,1000,0,1000,0.21852883300743997,916,0,0,0,0,0,0,0,0,0,4,0,0,4,0,0,34,0,0,0,0,0,0,0,1,0,1,2,1,0,0,0,37,0.4218688905239105,0.07059890031814575,0.7113372087478638,0.26952242851257324,0.016319999999999998
762,49402.0,372.0,49774.0,49774.0,0.9925262185076545,6.0,0.006,93.0,40102.0,41.0,52.0,4.0,2.0,24392.0,25010.0,284.59375,535.708251953125,70.0,47.471689224243164,40102.0,401.02000000000044,100.0,1000,0,1000,0.2191422909963876,907,0,0,0,0,1,0,0,0,0,2,0,1,0,0,0,37,2,0,2,0,0,0,0,0,0,1,4,1,2,0,0,40,0.4443383812904358,0.05820674076676369,0.7806829214096069,0.2582396864891052,0.016302
763,50486.0,669.0,51155.0,51155.0,0.986922099501515,9.0,0.009,92.0,41286.0,40.0,52.0,6.0,3.0,25367.0,25119.0,551.21875,616.0,248.78125,34.5,41286.0,412.8599999999999,100.0,1000,0,1000,0.2144247500691563,908,0,0,0,0,0,0,0,0,0,2,0,0,0,0,0,38,0,0,1,0,0,0,0,0,0,0,0,0,5,0,1,45,0.22061403095722198,-0.06778492778539658,0.584324300289154,0.23109707236289978,0.016284
764,47242.0,535.0,47777.0,47777.0,0.9888021432907047,6.0,0.006,89.0,38342.0,35.0,54.0,3.0,3.0,21741.0,25501.0,576.0,753.4504478753079,224.0,46.54955212469213,38342.0,383.4199999999992,100.0,1000,0,1000,0.21465366682969034,911,0,0,0,0,0,0,0,0,0,0,0,0,1,0,0,34,0,0,3,0,0,0,0,0,0,0,2,0,6,0,1,42,0.37177157402038574,0.06292619556188583,0.6260986328125,0.2584489583969116,0.016265999999999996
765,49551.0,971.0,50522.0,50522.0,0.9807806500138554,17.0,0.017,94.0,40151.0,43.0,51.0,11.0,6.0,25107.0,24444.0,597.25,501.32648066803813,138.765625,227.50521980364283,40151.0,401.50999999999954,100.0,1000,0,1000,0.21403858298435807,906,0,0,0,0,0,0,0,0,0,0,0,0,6,0,0,37,5,0,4,0,0,0,0,0,0,0,1,0,1,1,1,38,0.27525633573532104,0.08157650381326675,0.3966190814971924,0.28494027256965637,0.016248
766,49597.0,383.0,49980.0,49980.0,0.9923369347739096,7.0,0.007,92.0,40397.0,44.0,48.0,5.0,2.0,24676.0,24921.0,612.990234375,478.0,187.009765625,322.0,40397.0,403.96999999999883,100.0,1000,0,1000,0.21490879077464342,908,0,0,0,0,1,0,1,0,0,3,0,0,0,0,0,39,0,0,1,0,0,0,0,0,0,1,1,0,1,1,0,43,0.13963112235069275,-0.016944529488682747,0.3203476667404175,0.2216995507478714,0.01623
767,48722.0,732.0,49454.0,49454.0,0.9851983661584502,12.0,0.012,89.0,39822.0,41.0,48.0,7.0,5.0,24172.0,24550.0,502.375,650.0,66.775390625,150.0,39822.0,398.2200000000006,100.0,1000,0,1000,0.21421029092743993,911,0,0,0,0,0,0,0,0,0,2,0,0,2,0,0,37,3,0,1,0,0,0,0,0,0,0,0,0,1,1,0,42,0.12994660437107086,-0.07541580498218536,0.41851693391799927,0.24031956493854523,0.016211999999999997
768,49159.0,453.0,49612.0,49612.0,0.9908691445617995,8.0,0.008,89.0,40259.0,40.0,49.0,6.0,2.0,25022.0,24137.0,459.0,800.0,341.0,0.0,40259.0,402.5899999999995,100.0,1000,0,1000,0.215734041063115,911,0,0,0,0,0,0,0,0,0,0,0,0,0,0,0,40,2,0,0,0,0,0,0,0,0,0,2,0,1,0,1,43,0.1651957482099533,0.0371372252702713,0.2631123661994934,0.21598529815673828,0.016194
769,50348.0,784.0,51132.0,51132.0,0.9846671360400532,10.0,0.01,93.0,41048.0,42.0,51.0,7.0,3.0,24837.0,25511.0,228.1875,767.0,10.0,33.0,41048.0,410.4799999999997,100.0,1000,0,1000,0.2190972501412034,907,0,0,0,0,1,0,0,0,0,1,0,0,2,0,0,38,0,0,0,0,0,0,0,0,0,0,1,0,6,0,2,42,0.47862333059310913,-0.023304708302021027,1.012054443359375,0.25341135263442993,0.016176
770,48740.0,678.0,49418.0,49418.0,0.9862803027237039,7.0,0.007,88.0,39940.0,39.0,49.0,4.0,3.0,24118.0,24622.0,370.0,537.5,0.0,49.21875,39940.0,399.40000000000066,100.0,1000,0,1000,0.21893604192882776,912,0,0,0,0,0,0,0,0,0,0,1,0,0,0,0,38,1,0,1,0,0,0,0,0,0,0,0,0,3,0,1,43,0.20221386849880219,-0.09385689347982407,0.599522054195404,0.22838589549064636,0.016158
771,49716.0,496.0,50212.0,50212.0,0.9901218832151677,5.0,0.005,88.0,40916.0,43.0,45.0,4.0,1.0,25937.0,23779.0,725.0,561.0,75.0,239.0,40916.0,409.15999999999985,100.0,1000,0,1000,0.21400570892728865,912,0,0,0,0,0,0,0,0,0,0,1,0,1,0,0,41,2,0,1,0,0,0,0,0,0,0,0,0,1,0,0,41,0.35102948546409607,0.10678983479738235,0.49670127034187317,0.2547075152397156,0.01614
772,49377.0,702.0,50079.0,50079.0,0.9859821482058347,10.0,0.01,90.0,40377.0,38.0,52.0,7.0,3.0,23885.0,25492.0,454.75,474.3034038543701,345.25,114.0,40377.0,403.76999999999964,100.0,1000,0,1000,0.2188607919961214,910,0,0,0,0,0,0,0,0,0,0,0,1,1,0,0,36,1,0,0,0,0,0,0,0,0,0,3,0,2,1,4,41,0.30829545855522156,0.0652691051363945,0.4940913915634155,0.24930855631828308,0.016121999999999997
773,48277.0,443.0,48720.0,48720.0,0.9909072249589491,6.0,0.006,90.0,39277.0,42.0,48.0,5.0,1.0,24629.0,23648.0,484.625,721.921875,315.375,14.39080810546875,39277.0,392.77000000000015,100.0,1000,0,1000,0.2147754579782486,910,0,0,0,0,0,0,0,0,0,1,1,0,1,0,0,39,0,0,1,0,0,0,0,0,0,0,0,0,3,1,2,41,0.20665480196475983,-0.005167617928236723,0.4302234947681427,0.20425544679164886,0.016104
774,48165.0,957.0,49122.0,49122.0,0.980517894222548,10.0,0.01,83.0,39865.0,42.0,41.0,6.0,4.0,24354.0,23811.0,561.1015625,565.875,28.0,234.125,39865.0,398.64999999999964,100.0,1000,0,1000,0.2195820000488311,917,0,0,0,0,1,0,0,1,0,1,0,0,1,0,0,38,0,0,0,0,0,0,0,0,0,0,0,0,0,1,2,38,0.44132840633392334,0.025112833827733994,0.8406957387924194,0.25688740611076355,0.016086
775,48820.0,738.0,49558.0,49558.0,0.9851083578836919,10.0,0.01,89.0,39920.0,40.0,49.0,2.0,8.0,24131.0,24689.0,298.07867431640625,719.988885164712,501.92132568359375,30.00416806323301,39920.0,399.1999999999997,100.0,1000,0,1000,0.21468970901332796,911,0,0,0,0,0,0,0,0,0,1,1,0,4,0,0,34,1,0,0,0,0,0,0,0,0,1,4,0,0,4,2,37,0.2823360562324524,0.015796931460499763,0.5404070615768433,0.22805675864219666,0.016068
776,49546.0,967.0,50513.0,50513.0,0.9808564132005623,15.0,0.015,87.0,40846.0,41.0,46.0,1.0,14.0,24387.0,25159.0,359.57421875,758.544921875,180.892333984375,41.455078125,40846.0,408.46000000000066,100.0,1000,0,1000,0.21418324997648597,913,0,0,0,0,0,0,0,1,0,0,1,0,4,0,0,35,1,0,0,0,0,0,0,0,0,0,3,0,1,1,2,38,0.2801732122898102,-0.018991991877555847,0.6068541407585144,0.2655384838581085,0.01605
777,47614.0,788.0,48402.0,48402.0,0.9837196810049171,14.0,0.014,83.0,39314.0,41.0,42.0,7.0,7.0,24441.0,23173.0,553.0,628.2276153564453,247.0,171.7723846435547,39314.0,393.14000000000055,100.0,1000,0,1000,0.21856100019067526,917,0,0,0,0,0,0,0,0,0,1,0,0,2,0,0,38,0,0,0,0,0,0,0,0,0,0,4,0,0,0,2,36,0.2224869281053543,0.006523219868540764,0.4404911696910858,0.2670828700065613,0.016031999999999998
778,47661.0,428.0,48089.0,48089.0,0.9910998357212668,7.0,0.007,82.0,39461.0,41.0,41.0,2.0,5.0,23344.0,24317.0,760.0,554.0,40.0,246.0,39461.0,394.61000000000007,100.0,1000,0,1000,0.21422662492841482,918,0,0,0,0,0,0,0,0,0,2,2,0,1,0,0,36,1,0,0,0,0,0,0,0,0,0,0,0,1,2,2,35,0.09497985988855362,-0.0831870287656784,0.3640210032463074,0.2400156855583191,0.016014
779,48623.0,908.0,49531.0,49531.0,0.9816680462740506,14.0,0.014,83.0,40323.0,43.0,40.0,5.0,9.0,24153.0,24470.0,536.423828125,628.0,23.0,161.25,40323.0,403.2299999999995,100.0,1000,1,999,0.2144122919999063,917,0,0,0,0,2,0,0,0,0,2,0,0,1,0,0,38,1,0,0,0,0,0,0,0,0,0,0,0,0,0,0,39,0.4194774925708771,0.0512675940990448,0.7446810007095337,0.2582279145717621,0.015995999999999996
780,49079.0,823.0,49902.0,49902.0,0.9835076750430845,11.0,0.011,88.0,40279.0,40.0,48.0,4.0,7.0,24876.0,24203.0,546.0,746.0,254.0,54.0,40279.0,402.78999999999974,100.0,1000,0,1000,0.22003420814871788,912,0,0,0,0,0,0,0,0,0,0,1,0,0,0,0,39,1,0,0,0,0,0,0,1,0,0,3,0,0,1,3,39,0.20923380553722382,-0.014632221311330795,0.4558632969856262,0.2544506788253784,0.015978
781,49248.0,700.0,49948.0,49948.0,0.9859854248418355,14.0,0.014,89.0,40348.0,45.0,44.0,5.0,9.0,23741.0,25507.0,587.1845855712891,800.0,26.20144510269165,0.0,40348.0,403.47999999999934,100.0,1000,0,1000,0.21364066703245044,911,0,0,0,0,1,0,0,0,0,4,2,1,0,0,0,37,1,0,0,0,0,0,0,0,0,1,2,0,0,0,1,39,0.2123471200466156,0.012881566770374775,0.40624842047691345,0.2292391061782837,0.01596
782,48176.0,1522.0,49698.0,49698.0,0.9693750251519175,16.0,0.016,91.0,39076.0,42.0,49.0,8.0,8.0,23651.0,24525.0,627.43359375,596.5625,64.71240234375,84.45703125,39076.0,390.7600000000004,100.0,1000,0,1000,0.21980079193599522,909,0,0,0,0,1,0,0,0,0,1,2,0,2,0,0,36,2,0,0,0,0,0,0,0,0,1,4,0,1,0,2,39,0.33660733699798584,0.07883976399898529,0.522051990032196,0.20439104735851288,0.015941999999999998
783,46273.0,1357.0,47630.0,47630.0,0.9715095528028553,18.0,0.018,80.0,38273.0,41.0,39.0,6.0,12.0,24270.0,22003.0,506.2421875,606.0625,110.1591796875,12.12109375,38273.0,382.73000000000053,100.0,1000,0,1000,0.2142810421064496,920,0,0,0,0,0,0,0,0,0,3,0,0,1,0,0,37,1,0,0,0,0,0,0,0,0,0,0,0,1,0,3,34,0.3400435149669647,0.04346264526247978,0.600139856338501,0.21910637617111206,0.015924
784,48928.0,1244.0,50172.0,50172.0,0.9752052937893646,20.0,0.02,80.0,40928.0,43.0,37.0,12.0,8.0,27004.0,21924.0,665.625,392.5234375,68.515625,0.0,40928.0,409.2799999999995,100.0,1000,1,999,0.21954645798541605,920,0,0,0,0,0,0,0,0,0,1,0,0,2,0,0,40,0,0,1,0,0,0,0,0,0,0,1,0,1,0,3,31,0.2048533707857132,-0.05218898504972458,0.5215017795562744,0.23315304517745972,0.015905999999999997
785,49573.0,749.0,50322.0,50322.0,0.9851158539008783,13.0,0.013,84.0,41173.0,41.0,43.0,5.0,8.0,24855.0,24718.0,442.96875,612.5986328125,357.03125,187.4013671875,41173.0,411.72999999999985,100.0,1000,0,1000,0.21504370891489089,916,0,0,0,0,0,0,0,0,0,1,3,0,0,0,0,37,0,0,1,0,0,0,0,0,0,1,0,0,0,0,4,37,0.16656285524368286,0.05029420927166939,0.23982574045658112,0.2293700873851776,0.015888
786,48378.0,896.0,49274.0,49274.0,0.9818159678532289,9.0,0.009,80.0,40378.0,39.0,41.0,6.0,3.0,24674.0,23704.0,565.5,676.0,234.5,124.0,40378.0,403.78000000000026,100.0,1000,0,1000,0.21911366609856486,920,0,0,0,0,0,0,0,0,0,1,0,0,1,0,0,37,0,0,0,0,0,0,0,0,0,0,0,0,0,0,2,39,0.3448568284511566,-0.02116718515753746,0.739030122756958,0.2199779450893402,0.01587
787,50288.0,289.0,50577.0,50577.0,0.9942859402495206,5.0,0.005,87.0,41588.0,41.0,46.0,1.0,4.0,24649.0,25639.0,690.3984375,474.625,109.6015625,92.5234375,41588.0,415.88,100.0,1000,0,1000,0.2147136249113828,913,0,0,0,0,0,0,0,0,0,1,1,0,1,0,0,38,1,0,0,0,0,0,0,0,0,0,0,0,0,0,4,41,0.3059192895889282,0.11117564886808395,0.39713385701179504,0.24118509888648987,0.015851999999999998
788,48014.0,1453.0,49467.0,49467.0,0.9706268825681768,22.0,0.022,80.0,40014.0,40.0,40.0,13.0,9.0,24378.0,23636.0,714.625,524.0,85.375,276.0,40014.0,400.1399999999998,100.0,1000,0,1000,0.21475562499836087,920,0,0,0,0,0,0,0,0,0,1,1,0,1,0,0,37,0,0,0,0,0,0,0,0,0,0,0,0,0,0,1,39,0.20065587759017944,-0.07929127663373947,0.5666781067848206,0.2142161875963211,0.015834
789,48693.0,1336.0,50029.0,50029.0,0.9732954886166024,15.0,0.015,82.0,40493.0,37.0,45.0,10.0,5.0,23838.0,24855.0,691.8125,487.0,108.1875,313.0,40493.0,404.9300000000004,100.0,1000,0,1000,0.21987800020724535,918,0,0,0,0,0,0,0,0,0,0,1,0,1,0,0,35,0,0,0,0,0,0,0,0,0,0,0,0,0,0,3,42,0.34904929995536804,0.08385421335697174,0.5374558568000793,0.22337324917316437,0.015816
790,48957.0,804.0,49761.0,49761.0,0.9838427684331102,15.0,0.015,82.0,40757.0,41.0,41.0,13.0,2.0,26189.0,22768.0,582.0,399.55859375,218.0,2.8532867431640625,40757.0,407.56999999999994,100.0,1000,1,999,0.2140001249499619,918,0,0,0,0,0,0,0,0,0,0,3,0,0,0,0,38,1,0,0,0,0,0,0,0,0,0,1,0,1,0,3,35,0.23581013083457947,-0.009777965024113655,0.49855759739875793,0.2336185723543167,0.015798
791,49735.0,1057.0,50792.0,50792.0,0.9791896361631753,14.0,0.014,81.0,41635.0,36.0,45.0,10.0,4.0,23362.0,26373.0,561.875,548.0,238.125,0.0,41635.0,416.3500000000002,100.0,1000,0,1000,0.21928037493489683,919,0,0,0,0,0,0,0,0,0,1,0,0,1,0,0,34,0,0,0,0,0,0,0,0,0,0,0,0,1,0,0,44,0.3861755430698395,-0.06217006593942642,0.9037863612174988,0.22481556236743927,0.015780000000000002
792,49013.0,544.0,49557.0,49557.0,0.9890227414895978,10.0,0.01,82.0,40813.0,38.0,44.0,8.0,2.0,24677.0,24336.0,564.0,664.5625,236.0,135.4375,40813.0,408.1299999999997,100.0,1000,0,1000,0.21992754098027945,918,0,0,0,0,0,0,0,0,0,0,0,0,0,0,0,38,0,0,0,0,0,0,0,0,0,0,0,0,1,0,2,41,0.21165604889392853,-0.011353323236107826,0.4528510570526123,0.21673329174518585,0.015761999999999998
793,50509.0,803.0,51312.0,51312.0,0.9843506392266916,10.0,0.01,88.0,41709.0,39.0,49.0,6.0,4.0,25007.0,25502.0,386.0,675.0,0.0,80.5,41709.0,417.0899999999995,100.0,1000,0,1000,0.21886791684664786,912,0,0,0,0,0,0,0,0,0,0,3,0,0,0,0,36,0,0,0,0,0,0,0,5,0,0,0,0,1,0,1,42,0.40086328983306885,0.0027580466121435165,0.8043727278709412,0.2592179477214813,0.015743999999999998
794,48045.0,1475.0,49520.0,49520.0,0.9702140549273021,16.0,0.016,87.0,39345.0,37.0,50.0,10.0,6.0,23624.0,24421.0,300.0,726.8206787109375,107.421875,73.1793212890625,39345.0,393.4500000000005,100.0,1000,0,1000,0.21422774996608496,913,0,0,0,0,1,0,0,0,0,0,2,0,1,0,0,33,0,0,0,0,0,0,0,2,0,0,2,0,1,0,7,38,0.5867757797241211,0.0036485730670392513,1.1720798015594482,0.18521499633789062,0.015726
795,49723.0,685.0,50408.0,50408.0,0.9864108871607681,11.0,0.011,82.0,41523.0,40.0,42.0,3.0,8.0,25409.0,24314.0,213.0703125,726.25,586.9296875,73.75,41523.0,415.2300000000003,100.0,1000,0,1000,0.21902470802888274,918,0,0,0,0,0,0,0,0,0,1,0,0,1,0,0,38,0,0,0,0,0,0,0,2,0,0,1,0,0,0,1,38,0.15619780123233795,-0.08518881350755692,0.4893665313720703,0.20987139642238617,0.015708
796,48292.0,1251.0,49543.0,49543.0,0.9747492077589165,20.0,0.02,80.0,40292.0,35.0,45.0,12.0,8.0,22777.0,25515.0,416.4375,655.15185546875,383.5625,21.020326614379883,40292.0,402.91999999999933,100.0,1000,0,1000,0.21489283302798867,920,0,0,0,0,0,0,0,1,0,0,2,0,0,0,0,32,0,0,0,0,0,0,0,1,0,0,4,0,1,0,1,38,0.4721834361553192,0.07555855065584183,0.8015128374099731,0.26332271099090576,0.01569
797,49460.0,1477.0,50937.0,50937.0,0.9710033963523569,14.0,0.014,86.0,40860.0,39.0,47.0,6.0,8.0,24744.0,24716.0,498.875,638.0,301.125,134.5,40860.0,408.59999999999985,100.0,1000,0,1000,0.2191709999460727,914,0,0,0,0,0,0,0,0,0,2,0,0,0,0,0,37,0,0,0,0,0,0,0,3,0,0,2,0,2,0,2,38,0.3191611170768738,-0.005504691507667303,0.6562836766242981,0.22179768979549408,0.015672
798,48860.0,1764.0,50624.0,50624.0,0.9651548672566371,21.0,0.021,81.0,40760.0,35.0,46.0,9.0,12.0,23465.0,25395.0,529.0,635.0,271.0,10.3125,40760.0,407.60000000000065,100.0,1000,1,999,0.21434075012803078,919,0,0,0,0,0,0,0,0,0,0,0,0,0,0,0,35,0,0,0,0,0,0,0,1,0,0,1,0,1,0,3,40,0.5295323729515076,0.08514519035816193,0.8959792852401733,0.23012855648994446,0.015654
799,48860.0,1308.0,50168.0,50168.0,0.9739276032530697,14.0,0.014,85.0,40360.0,42.0,43.0,3.0,11.0,25062.0,23798.0,461.4140625,736.5072956085205,338.5859375,11.904882073402405,40360.0,403.60000000000014,100.0,1000,1,999,0.21473608305677772,915,0,0,0,0,1,0,0,0,0,1,0,0,0,0,0,40,0,0,1,0,0,0,0,0,0,0,0,0,2,1,3,36,0.5352295637130737,0.11461716890335083,0.8458985090255737,0.14945267140865326,0.015635999999999997
800,48194.0,600.0,48794.0,48794.0,0.9877034061564947,11.0,0.011,79.0,40294.0,40.0,39.0,1.0,10.0,23846.0,24348.0,711.0,343.25,89.0,32.0,40294.0,402.9400000000003,100.0,1000,0,1000,0.2141715839970857,921,0,0,0,0,0,0,0,0,0,0,1,0,0,0,0,39,0,0,0,0,0,0,0,1,0,0,0,0,0,0,2,36,0.26348331570625305,-0.006679431069642305,0.5458193421363831,0.1758803278207779,0.015618
801,49127.0,2054.0,51181.0,51181.0,0.9598679197358395,21.0,0.021,79.0,41227.0,40.0,39.0,9.0,12.0,24692.0,24435.0,620.0,591.0,180.0,209.0,41227.0,412.2700000000002,100.0,1000,1,999,0.21472787484526634,921,0,0,0,0,0,0,0,0,0,0,3,0,0,0,0,37,0,0,0,0,0,0,0,0,0,1,0,0,0,0,0,38,0.37036141753196716,-0.06428039819002151,0.8751846551895142,0.1891356110572815,0.0156
802,48979.0,867.0,49846.0,49846.0,0.9826064277976166,14.0,0.014,78.0,41179.0,40.0,38.0,6.0,8.0,25188.0,23791.0,550.0,440.0,250.0,0.0,41179.0,411.7899999999997,100.0,1000,0,1000,0.22091470891609788,922,0,0,0,0,0,0,0,0,0,0,0,0,0,0,0,40,0,0,0,0,0,0,0,0,0,0,0,0,0,0,0,38,0.41969406604766846,0.06078779324889183,0.7241985201835632,0.20491482317447662,0.015581999999999999
803,47763.0,1397.0,49160.0,49160.0,0.9715825874694873,25.0,0.025,80.0,39763.0,38.0,42.0,9.0,16.0,23458.0,24305.0,539.0,191.0,261.0,57.0,39763.0,397.63000000000017,100.0,1000,1,999,0.21395300002768636,920,0,0,0,0,0,0,0,0,0,0,0,0,0,0,0,38,1,0,0,0,0,0,0,3,0,0,1,0,0,0,1,36,-0.003980053123086691,-0.06813571602106094,0.13398851454257965,0.18238206207752228,0.015564
804,47701.0,1313.0,49014.0,49014.0,0.9732117354225324,24.0,0.024,78.0,39901.0,39.0,39.0,8.0,16.0,25164.0,22537.0,330.0,492.8125,470.0,198.59375,39901.0,399.01,100.0,1000,1,999,0.23601879202760756,922,0,0,0,0,0,0,0,0,0,0,1,0,0,0,0,38,1,0,0,0,0,0,0,1,0,0,0,0,0,1,1,35,0.41367003321647644,0.10205714404582977,0.6299890279769897,0.21752403676509857,0.015545999999999999
805,48260.0,1198.0,49458.0,49458.0,0.9757774273120627,20.0,0.02,80.0,40260.0,38.0,42.0,6.0,14.0,23823.0,24437.0,393.5625,381.0625,406.4375,45.87109375,40260.0,402.60000000000036,100.0,1000,0,1000,0.22317583300173283,920,0,0,0,0,0,0,0,0,0,0,1,0,1,0,0,36,1,1,0,0,0,0,0,2,0,0,0,0,0,0,4,34,0.23439547419548035,-0.013543760403990746,0.5018665194511414,0.19281451404094696,0.015527999999999998
806,48590.0,2389.0,50979.0,50979.0,0.95313756644893,26.0,0.026,79.0,40690.0,36.0,43.0,11.0,15.0,24014.0,24576.0,164.0,747.59765625,47.0,26.201171875,40690.0,406.90000000000043,100.0,1000,0,1000,0.21721733291633427,921,0,0,0,0,0,0,0,0,0,0,0,0,0,0,0,36,0,0,0,0,0,0,0,1,0,0,0,0,2,0,2,38,0.5076513886451721,0.0364096499979496,0.9484239816665649,0.1915060579776764,0.01551
807,47747.0,1192.0,48939.0,48939.0,0.9756431475919001,16.0,0.016,75.0,40247.0,37.0,38.0,7.0,9.0,23805.0,23942.0,260.0,428.0,50.0,372.0,40247.0,402.4700000000003,100.0,1000,0,1000,0.21414962504059076,925,0,0,0,0,0,0,0,0,0,0,0,0,0,0,0,37,0,0,0,0,0,0,0,1,0,0,0,0,0,0,0,37,0.06556032598018646,-0.15823478996753693,0.4537542462348938,0.19894182682037354,0.015491999999999999
808,47829.0,767.0,48596.0,48596.0,0.9842168079677339,9.0,0.009,79.0,39929.0,38.0,41.0,4.0,5.0,23611.0,24218.0,700.0,588.8125,100.0,13.19921875,39929.0,399.2900000000002,100.0,1000,0,1000,0.21828695805743337,921,0,0,0,0,0,0,0,0,0,1,1,0,2,0,0,34,0,0,0,0,0,0,0,0,0,0,1,0,2,0,2,36,0.26748013496398926,-0.003639620030298829,0.547798752784729,0.17963308095932007,0.015473999999999998
809,47235.0,1926.0,49161.0,49161.0,0.9608226032830902,22.0,0.022,78.0,39435.0,38.0,40.0,12.0,10.0,22830.0,24405.0,286.9375,719.6528167724609,30.0,80.34718322753906,39435.0,394.35000000000036,100.0,1000,0,1000,0.22136258310638368,922,0,0,0,0,0,0,0,0,0,0,2,0,1,0,0,35,0,0,0,0,0,0,0,0,0,0,0,0,1,0,4,35,0.40453222393989563,0.0859626829624176,0.6436111330986023,0.20937108993530273,0.015456000000000001
810,49634.0,798.0,50432.0,50432.0,0.9841767131979695,14.0,0.014,83.0,41334.0,39.0,44.0,4.0,10.0,23488.0,26146.0,633.92529296875,603.625,166.07470703125,196.375,41334.0,413.33999999999975,100.0,1000,1,999,0.21936666686087847,917,1,0,0,0,0,0,0,0,0,1,2,0,0,0,0,35,0,0,0,0,0,0,0,1,0,0,0,0,6,0,0,37,0.189869686961174,-0.0335853174328804,0.45356497168540955,0.21553835272789001,0.015437999999999999
811,50095.0,1386.0,51481.0,51481.0,0.9730774460480566,20.0,0.02,80.0,42095.0,37.0,43.0,12.0,8.0,25119.0,24976.0,309.0,680.0,491.0,22.5,42095.0,420.9499999999997,100.0,1000,0,1000,0.2199262920767069,920,0,0,0,0,0,0,0,0,0,0,0,0,0,0,0,37,1,0,0,0,0,0,0,0,0,0,1,0,1,0,0,40,0.5869140625,0.10776454955339432,0.9652172327041626,0.22432561218738556,0.015419999999999998
812,48424.0,1133.0,49557.0,49557.0,0.9771374376980043,20.0,0.02,77.0,40724.0,37.0,40.0,8.0,12.0,24749.0,23675.0,606.0,670.5,194.0,8.09375,40724.0,407.2400000000003,100.0,1000,0,1000,0.21944883302785456,923,0,0,0,0,0,0,0,0,0,0,0,0,0,0,0,37,0,0,0,0,0,0,0,2,0,0,0,0,0,0,1,37,0.3022318184375763,0.01194172166287899,0.5881521701812744,0.24581284821033478,0.015402
813,50868.0,614.0,51482.0,51482.0,0.9880735014179713,9.0,0.009,82.0,42668.0,42.0,40.0,6.0,3.0,26723.0,24145.0,605.0,767.0,195.0,33.0,42668.0,426.6799999999996,100.0,1000,0,1000,0.21519066602922976,918,0,0,0,0,0,0,0,0,0,0,1,0,0,0,0,41,0,0,0,0,0,0,0,0,0,0,0,0,0,0,0,40,0.17134639620780945,-0.06820069998502731,0.4865420162677765,0.24206474423408508,0.015383999999999998
814,49834.0,542.0,50376.0,50376.0,0.9892409083690646,8.0,0.008,79.0,41934.0,36.0,43.0,5.0,3.0,23878.0,25956.0,514.0,382.0,286.0,418.0,41934.0,419.3400000000004,100.0,1000,0,1000,0.22182887513190508,921,0,0,0,0,0,0,0,0,0,0,0,0,0,0,0,36,0,0,0,0,0,0,0,0,0,0,0,0,5,0,0,38,0.25717589259147644,0.08080535382032394,0.36004048585891724,0.23751814663410187,0.015365999999999998
815,49200.0,560.0,49760.0,49760.0,0.9887459807073955,10.0,0.01,83.0,40900.0,36.0,47.0,5.0,5.0,24020.0,25180.0,738.0,499.18570237467065,62.0,64.0,40900.0,409.0000000000004,100.0,1000,0,1000,0.2160013341344893,917,0,0,0,0,0,0,0,0,0,0,0,0,0,0,0,36,0,0,0,0,0,0,0,0,0,0,3,0,9,0,1,34,0.35536572337150574,0.10906070470809937,0.4996473789215088,0.2292599081993103,0.015348
816,49478.0,1370.0,50848.0,50848.0,0.9730569540591567,17.0,0.017,91.0,40378.0,41.0,50.0,6.0,11.0,25848.0,23630.0,500.0,793.0940073180927,300.0,6.905992681907264,40378.0,403.7799999999995,100.0,1000,0,1000,0.219360165996477,909,0,0,0,0,0,0,0,0,0,0,0,0,0,0,0,41,0,0,0,0,0,0,0,0,0,0,2,1,10,0,2,35,0.42318621277809143,-0.009484040550887585,0.8708013296127319,0.17810864746570587,0.01533
817,49463.0,1487.0,50950.0,50950.0,0.9708145240431796,22.0,0.022,81.0,41363.0,41.0,40.0,18.0,4.0,25440.0,24023.0,520.8759765625,671.37109375,279.1240234375,24.117919921875,41363.0,413.63000000000073,100.0,1000,0,1000,0.2196323750540614,919,0,0,0,0,0,0,0,0,0,3,2,0,0,0,0,36,0,0,0,0,0,0,0,1,0,0,0,0,3,0,0,36,0.5811811685562134,0.05975397676229477,1.0486693382263184,0.1898798644542694,0.015311999999999997
818,48772.0,720.0,49492.0,49492.0,0.9854521942940273,15.0,0.015,79.0,40872.0,38.0,41.0,10.0,5.0,24954.0,23818.0,448.0,555.0,352.0,50.0,40872.0,408.7199999999993,100.0,1000,0,1000,0.215186458081007,921,0,0,0,0,0,0,0,0,0,0,2,0,0,0,0,36,0,0,0,0,0,0,0,1,0,0,0,0,1,0,0,39,0.259633332490921,0.09633169323205948,0.3325647711753845,0.19489552080631256,0.015294
819,48344.0,1702.0,50046.0,50046.0,0.9659912880150262,28.0,0.028,77.0,40644.0,37.0,40.0,18.0,10.0,24718.0,23626.0,476.0,511.75,324.0,78.953125,40644.0,406.44000000000005,100.0,1000,0,1000,0.2142224160488695,923,0,0,0,0,0,0,0,0,0,0,2,0,1,0,0,34,1,0,0,0,0,0,0,1,0,0,1,0,0,0,2,35,0.23650851845741272,0.013377281837165356,0.4533303380012512,0.23133854568004608,0.015276
820,48441.0,1055.0,49496.0,49496.0,0.9786851462744465,20.0,0.02,80.0,40441.0,38.0,42.0,15.0,5.0,25010.0,23431.0,360.693359375,776.0,164.739990234375,7.5,40441.0,404.41000000000054,100.0,1000,0,1000,0.2220340829808265,920,0,0,0,0,0,0,0,0,0,4,0,0,0,0,0,34,1,0,1,0,0,0,0,0,0,0,2,0,1,1,1,35,0.2311820536851883,0.08280938863754272,0.3054097890853882,0.28393128514289856,0.015257999999999997
821,47999.0,1490.0,49489.0,49489.0,0.9698922992988341,19.0,0.019,84.0,39599.0,36.0,48.0,9.0,10.0,23679.0,24320.0,511.0,584.7616213125148,289.0,191.81107501829757,39599.0,395.99000000000063,100.0,1000,0,1000,0.21527804201468825,916,0,0,0,0,0,0,0,0,0,0,2,1,0,0,0,33,6,0,0,0,0,0,0,1,0,0,1,0,7,0,0,33,0.41844266653060913,-0.024700459092855453,0.8930738568305969,0.22269004583358765,0.01524
822,49334.0,1018.0,50352.0,50352.0,0.9797823323800445,13.0,0.013,91.0,40234.0,39.0,52.0,7.0,6.0,25366.0,23968.0,455.0,766.154516230503,345.0,6.346028206780705,40234.0,402.34000000000003,100.0,1000,1,999,0.21905512502416968,909,0,0,0,0,0,0,0,0,0,1,1,0,0,0,0,37,5,0,1,0,0,0,0,2,0,0,0,0,8,1,2,33,0.41595450043678284,0.05145935341715813,0.735895574092865,0.22681836783885956,0.015222
823,48467.0,1795.0,50262.0,50262.0,0.9642871354104492,28.0,0.028,87.0,39767.0,40.0,47.0,22.0,6.0,25506.0,22961.0,383.96990966796875,455.09144622512395,416.03009033203125,303.14228359119966,39767.0,397.66999999999945,100.0,1000,1,999,0.21425954182632267,913,0,0,0,0,0,0,0,0,0,4,2,0,2,0,0,32,7,0,0,0,0,0,0,0,0,0,0,0,5,1,0,34,0.327233225107193,-0.06825791299343109,0.7996916770935059,0.2864173948764801,0.015203999999999999
824,48593.0,865.0,49458.0,49458.0,0.9825104128755712,15.0,0.015,86.0,39993.0,37.0,49.0,7.0,8.0,23373.0,25220.0,230.796875,547.7723388671875,0.0,15.764228820800781,39993.0,399.9299999999996,100.0,1000,0,1000,0.21538662491366267,914,0,0,0,0,0,0,0,0,1,0,1,0,0,0,0,35,1,1,0,0,0,0,0,3,0,0,1,0,1,1,3,38,0.34433943033218384,0.13050298392772675,0.4350741505622864,0.2436852753162384,0.015186
825,48653.0,2206.0,50859.0,50859.0,0.9566251794176055,27.0,0.027,81.0,40553.0,39.0,42.0,19.0,8.0,24113.0,24540.0,734.73828125,676.59765625,65.26171875,32.05029296875,40553.0,405.52999999999986,100.0,1000,0,1000,0.21876024990342557,919,0,0,0,0,0,0,0,0,0,0,0,0,5,0,0,34,1,0,0,0,0,0,0,0,0,0,0,0,1,2,0,38,0.376670777797699,-0.012665501795709133,0.7847667336463928,0.20088882744312286,0.015168
826,49265.0,841.0,50106.0,50106.0,0.983215582964116,16.0,0.016,82.0,41065.0,43.0,39.0,9.0,7.0,25364.0,23901.0,676.0,615.0546875,67.625,184.9453125,41065.0,410.6499999999996,100.0,1000,0,1000,0.21523154200986028,918,0,0,0,0,0,0,0,1,0,0,4,0,4,0,0,34,1,0,0,0,0,0,0,0,0,0,0,0,1,0,1,36,0.11113987118005753,-0.007506185676902533,0.24430522322654724,0.2314557433128357,0.015149999999999999
827,48934.0,1061.0,49995.0,49995.0,0.9787778777877788,16.0,0.016,82.0,40734.0,37.0,45.0,12.0,4.0,23236.0,25698.0,669.0,800.0,131.0,0.0,40734.0,407.3400000000006,100.0,1000,0,1000,0.21474283304996789,918,0,0,0,0,0,0,0,0,1,0,2,0,1,0,0,33,1,0,0,0,0,0,0,0,0,0,0,0,1,0,1,42,0.2242165505886078,0.04654625430703163,0.36038511991500854,0.1666836440563202,0.015132
828,50672.0,1334.0,52006.0,52006.0,0.9743491135638196,20.0,0.02,80.0,42672.0,39.0,41.0,11.0,9.0,24401.0,26271.0,407.0,778.0,36.46875,22.0,42672.0,426.71999999999906,100.0,1000,1,999,0.2157753340434283,920,0,0,0,0,0,0,0,0,0,1,2,0,2,0,0,34,0,0,0,0,0,0,0,0,0,0,1,0,0,0,0,40,0.38808584213256836,0.0060188379138708115,0.7710272669792175,0.22804318368434906,0.015113999999999999
829,48928.0,1139.0,50067.0,50067.0,0.9772504843509697,16.0,0.016,82.0,40728.0,38.0,44.0,7.0,9.0,24263.0,24665.0,638.0,784.0,84.5,16.0,40728.0,407.28000000000003,100.0,1000,0,1000,0.21443120809271932,918,0,0,0,0,0,0,0,0,0,1,0,0,2,0,0,35,0,0,3,0,0,0,0,1,0,0,0,0,0,1,1,38,0.23735825717449188,-0.07990195602178574,0.6407544612884521,0.20647938549518585,0.015095999999999998
830,48071.0,1330.0,49401.0,49401.0,0.973077468067448,22.0,0.022,78.0,40271.0,39.0,39.0,9.0,13.0,22986.0,25085.0,682.0767681002617,520.0,117.92323189973831,280.0,40271.0,402.7099999999992,100.0,1000,0,1000,0.21828641719184816,922,0,0,0,0,1,0,0,0,0,0,2,0,4,0,0,32,0,0,1,0,0,0,0,1,0,0,0,0,0,0,0,37,0.26166507601737976,0.026687193661928177,0.4775456488132477,0.2516867518424988,0.015078
831,49080.0,1534.0,50614.0,50614.0,0.969692180029241,21.0,0.021,79.0,41180.0,40.0,39.0,16.0,5.0,25298.0,23782.0,669.7392578125,162.5625,130.2607421875,68.0,41180.0,411.7999999999992,100.0,1000,0,1000,0.21520958305336535,921,0,0,0,0,0,0,0,0,0,2,0,0,4,0,0,34,0,0,1,0,0,0,0,2,0,0,0,0,1,0,0,35,0.3653009831905365,0.10599953681230545,0.5266095399856567,0.2658252716064453,0.015059999999999999
832,48200.0,1987.0,50187.0,50187.0,0.9604080738039732,25.0,0.025,83.0,39900.0,40.0,43.0,13.0,12.0,24611.0,23589.0,514.1993865966797,637.125,285.8006134033203,162.875,39900.0,398.99999999999983,100.0,1000,0,1000,0.2161937919445336,917,0,0,0,0,0,0,0,0,1,0,1,0,4,0,0,34,3,0,0,0,0,0,0,2,0,0,0,0,2,0,0,36,0.25932180881500244,-0.013403745368123055,0.5530661940574646,0.25312766432762146,0.015041999999999998
833,48223.0,1341.0,49564.0,49564.0,0.972944072310548,21.0,0.021,80.0,40223.0,37.0,43.0,15.0,6.0,23806.0,24417.0,625.10302734375,697.0,174.89697265625,103.0,40223.0,402.22999999999934,100.0,1000,1,999,0.2151043750345707,920,0,0,0,0,0,0,0,0,1,1,0,0,2,0,0,33,1,0,1,0,0,0,0,1,0,0,0,0,0,0,1,39,0.26871365308761597,0.015256253071129322,0.5135557651519775,0.22101300954818726,0.015024
834,46550.0,1215.0,47765.0,47765.0,0.9745629645137653,19.0,0.019,80.0,38550.0,37.0,43.0,15.0,4.0,23025.0,23525.0,657.33203125,654.600903250277,142.66796875,145.39909674972296,38550.0,385.5000000000004,100.0,1000,0,1000,0.21948354109190404,920,0,0,0,0,0,0,0,0,1,0,2,0,2,0,0,32,3,0,1,0,0,0,0,0,0,0,1,0,2,1,0,35,0.22130776941776276,0.04083755984902382,0.3666980564594269,0.1918441206216812,0.015005999999999999
835,49406.0,1737.0,51143.0,51143.0,0.9660364077195315,24.0,0.024,77.0,41706.0,38.0,39.0,17.0,7.0,25370.0,24036.0,398.7255859375,467.0,150.4779052734375,33.0,41706.0,417.0600000000001,100.0,1000,0,1000,0.21920729079283774,923,0,0,0,0,0,0,0,0,0,1,2,0,1,0,0,34,1,0,0,0,0,0,0,1,0,0,0,0,0,0,0,37,0.24420282244682312,0.0042181918397545815,0.4867447018623352,0.2260289490222931,0.014987999999999998
836,48258.0,892.0,49150.0,49150.0,0.981851475076297,16.0,0.016,81.0,40158.0,37.0,44.0,7.0,9.0,23999.0,24259.0,242.0,720.0,142.8125,80.0,40158.0,401.5799999999997,100.0,1000,0,1000,0.21462600002996624,919,0,0,0,0,0,0,0,0,1,0,0,0,1,0,0,35,5,0,0,0,0,0,0,0,0,0,1,0,1,0,1,36,0.2662435472011566,0.06447876244783401,0.4112427234649658,0.2576197385787964,0.014969999999999999
837,49026.0,768.0,49794.0,49794.0,0.9845764549945777,14.0,0.014,79.0,41126.0,38.0,41.0,6.0,8.0,23785.0,25241.0,634.484375,597.0,165.515625,203.0,41126.0,411.2600000000004,100.0,1000,0,1000,0.22199474996887147,921,0,0,0,0,0,0,0,0,3,0,0,0,2,0,0,33,1,1,0,0,0,0,0,0,0,0,0,0,0,0,0,39,0.07979008555412292,-0.005519328638911247,0.17751017212867737,0.2304488569498062,0.014951999999999998
838,47370.0,2062.0,49432.0,49432.0,0.9582861304418191,19.0,0.019,75.0,39870.0,39.0,36.0,9.0,10.0,24233.0,23137.0,645.77001953125,507.0,154.22998046875,261.75,39870.0,398.6999999999999,100.0,1000,0,1000,0.222797708818689,925,0,0,0,0,0,0,0,0,1,0,1,0,3,0,0,34,0,1,0,0,0,0,0,0,0,0,0,0,0,0,0,35,0.26953479647636414,-0.058349769562482834,0.6626153588294983,0.229216068983078,0.014933999999999998
839,49296.0,784.0,50080.0,50080.0,0.9843450479233227,15.0,0.015,86.0,40696.0,42.0,44.0,8.0,7.0,25897.0,23399.0,617.528482913971,323.22705078125,182.47151708602905,17.625,40696.0,406.95999999999987,100.0,1000,0,1000,0.2145016249269247,914,0,0,0,0,0,0,0,0,1,1,0,0,4,0,0,36,3,0,2,0,0,0,0,1,0,0,1,0,1,0,0,36,0.21731141209602356,-0.050900112837553024,0.5425012111663818,0.20374563336372375,0.014916
840,48238.0,977.0,49215.0,49215.0,0.9801483287615564,17.0,0.017,80.0,40238.0,40.0,40.0,7.0,10.0,24327.0,23911.0,596.536865234375,445.7659454345703,203.463134765625,354.2340545654297,40238.0,402.38000000000017,100.0,1000,0,1000,0.2189515840727836,920,0,0,0,0,0,0,0,0,3,0,0,0,2,0,0,35,4,0,0,0,0,0,0,0,0,0,0,0,0,0,0,36,0.3180060088634491,0.07145373523235321,0.4998639225959778,0.22685328125953674,0.014897999999999998
841,49789.0,1619.0,51408.0,51408.0,0.9685068471833178,22.0,0.022,80.0,41789.0,35.0,45.0,13.0,9.0,23508.0,26281.0,675.1875,611.0,124.8125,35.4375,41789.0,417.8899999999989,100.0,1000,0,1000,0.21501874993555248,920,0,0,0,0,0,0,0,0,0,0,0,0,2,0,0,33,2,0,0,0,0,0,0,1,0,0,0,0,2,0,0,40,0.4644137918949127,-0.01270847488194704,0.9609425067901611,0.22506527602672577,0.014879999999999997
842,49472.0,907.0,50379.0,50379.0,0.981996466781794,16.0,0.016,81.0,41372.0,41.0,40.0,13.0,3.0,26099.0,23373.0,529.7434539794922,638.375,270.2565460205078,161.625,41372.0,413.7199999999998,100.0,1000,0,1000,0.21869779215194285,919,0,0,0,0,0,0,1,0,1,0,0,0,3,0,0,36,2,0,1,0,0,0,0,0,0,0,0,0,2,0,0,35,0.1594303697347641,-0.014805561862885952,0.3554471731185913,0.2346697449684143,0.014862
843,47879.0,1615.0,49494.0,49494.0,0.9673697821958217,22.0,0.022,83.0,39579.0,41.0,42.0,5.0,17.0,22735.0,25144.0,648.1633692691103,635.2470703125,47.44894710340304,30.89117431640625,39579.0,395.7899999999994,100.0,1000,0,1000,0.21446754201315343,917,0,0,0,0,0,0,0,0,1,0,1,0,8,0,0,31,2,0,0,0,0,0,0,0,0,0,0,0,3,0,0,37,0.3722060024738312,0.06657833606004715,0.6172773838043213,0.2028449922800064,0.014843999999999998
844,49454.0,1375.0,50829.0,50829.0,0.972948513643786,14.0,0.014,79.0,41554.0,38.0,41.0,9.0,5.0,24770.0,24684.0,768.0,697.0,32.0,103.0,41554.0,415.5399999999986,100.0,1000,0,1000,0.2149037078488618,921,0,0,0,0,0,0,0,0,0,0,0,0,1,0,0,37,0,0,0,0,0,0,0,0,0,0,0,0,0,0,1,40,0.46228349208831787,0.07361127436161041,0.7822128534317017,0.1641843169927597,0.014825999999999997
845,49682.0,1481.0,51163.0,51163.0,0.971053300236499,24.0,0.024,79.0,41782.0,40.0,39.0,18.0,6.0,25621.0,24061.0,619.0,550.0,181.0,250.0,41782.0,417.8200000000004,100.0,1000,0,1000,0.21758091705851257,921,0,0,0,0,0,0,0,1,0,0,0,0,3,0,0,36,0,0,0,0,0,0,0,0,0,0,0,0,1,0,0,38,0.326189786195755,0.0770367830991745,0.5040774941444397,0.19487714767456055,0.014808
846,49998.0,352.0,50350.0,50350.0,0.9930089374379345,6.0,0.006,80.0,41998.0,41.0,39.0,5.0,1.0,25336.0,24662.0,567.0,438.0,131.5,362.0,41998.0,419.9800000000003,100.0,1000,0,1000,0.2186707081273198,920,0,0,0,0,0,0,0,1,0,0,0,0,4,0,0,36,0,0,0,0,0,0,0,0,0,0,0,0,1,0,0,38,0.15812093019485474,0.023028774186968803,0.27496281266212463,0.16154517233371735,0.01479
847,48159.0,1426.0,49585.0,49585.0,0.9712413028133509,24.0,0.024,80.0,40159.0,42.0,38.0,15.0,9.0,25571.0,22588.0,569.9609375,625.34375,30.938873291015625,174.65625,40159.0,401.58999999999935,100.0,1000,0,1000,0.21473441692069173,920,0,0,0,0,0,0,0,0,1,0,1,0,5,0,0,35,1,0,0,0,0,0,0,1,0,0,0,0,1,0,0,35,0.21688435971736908,-0.08365441858768463,0.6058996915817261,0.16321898996829987,0.014772
848,47830.0,2019.0,49849.0,49849.0,0.959497683002668,33.0,0.033,72.0,40630.0,35.0,37.0,11.0,22.0,22802.0,25028.0,471.0,517.0,61.6875,283.0,40630.0,406.3,100.0,1000,0,1000,0.21926908381283283,928,0,0,0,0,0,0,0,0,0,0,0,0,1,0,0,34,0,0,0,0,0,0,0,1,0,0,0,0,0,0,0,36,0.28146371245384216,0.056692179292440414,0.45445215702056885,0.16636595129966736,0.014754
849,48373.0,2093.0,50466.0,50466.0,0.9585265327150954,36.0,0.036,74.0,40973.0,37.0,37.0,23.0,13.0,24627.0,23746.0,367.8671875,654.125,432.1328125,145.875,40973.0,409.7300000000011,100.0,1000,0,1000,0.22209654189646244,926,0,0,0,0,0,0,0,0,2,0,0,0,3,0,0,32,0,0,1,0,0,0,0,0,0,0,0,1,0,0,0,35,0.35335901379585266,-0.07111117988824844,0.8554514050483704,0.22092266380786896,0.014735999999999999
850,48036.0,1515.0,49551.0,49551.0,0.9694254404552884,26.0,0.026,73.0,40736.0,38.0,35.0,12.0,14.0,25047.0,22989.0,381.0,315.0,129.75,0.0,40736.0,407.3600000000003,100.0,1000,0,1000,0.21845533302985132,927,0,0,0,0,0,0,0,1,0,0,0,0,3,0,0,34,0,0,0,0,0,0,0,0,0,0,0,0,0,1,0,34,0.18755996227264404,-0.009974638000130653,0.40108197927474976,0.20426543056964874,0.014718
851,48552.0,2861.0,51413.0,51413.0,0.9443525956470153,26.0,0.026,73.0,41252.0,36.0,37.0,14.0,12.0,24313.0,24239.0,800.0,95.0,0.0,705.0,41252.0,412.5200000000003,100.0,1000,0,1000,0.22024283302016556,927,0,0,0,0,0,0,0,0,0,0,0,0,2,0,0,34,0,0,0,0,0,0,0,0,0,0,0,0,1,0,0,36,0.3725501596927643,0.0006203569355420768,0.7506413459777832,0.23067285120487213,0.0147
852,48580.0,1178.0,49758.0,49758.0,0.9763254150086418,17.0,0.017,75.0,41080.0,37.0,38.0,12.0,5.0,24754.0,23826.0,244.0,594.5,0.0,205.5,41080.0,410.8000000000006,100.0,1000,0,1000,0.21524375001899898,925,0,0,0,0,0,0,0,0,0,0,0,0,1,0,0,36,0,0,0,0,0,0,0,2,0,0,0,0,0,0,0,36,0.2110041379928589,-0.033670149743556976,0.49589696526527405,0.22300821542739868,0.014681999999999999
853,49578.0,1760.0,51338.0,51338.0,0.9657174023140753,24.0,0.024,78.0,41778.0,38.0,40.0,14.0,10.0,24219.0,25359.0,307.0,565.0,493.0,235.0,41778.0,417.78000000000014,100.0,1000,1,999,0.21978112519718707,922,0,0,0,0,1,0,0,2,0,0,0,0,1,0,0,34,0,0,0,0,0,0,0,0,0,0,1,0,0,0,0,39,0.28811517357826233,0.04929272085428238,0.4850219786167145,0.2515367269515991,0.014664
854,49247.0,1062.0,50309.0,50309.0,0.9788904569758891,19.0,0.019,78.0,41447.0,39.0,39.0,11.0,8.0,24064.0,25183.0,743.6539562344551,364.0,56.34604376554489,436.0,41447.0,414.4699999999999,100.0,1000,0,1000,0.22157258307561278,922,0,0,0,0,0,0,0,0,0,0,0,0,6,0,0,33,0,0,0,0,0,0,0,0,0,0,0,0,0,0,0,39,0.06758498400449753,-0.045955855399370193,0.23279519379138947,0.19505329430103302,0.014646
855,48910.0,1237.0,50147.0,50147.0,0.9753325223841904,20.0,0.02,77.0,41210.0,37.0,40.0,17.0,3.0,23457.0,25453.0,647.6469597816467,441.12109375,152.35304021835327,358.87890625,41210.0,412.0999999999997,100.0,1000,0,1000,0.21953887515701354,923,0,0,0,0,0,0,0,1,0,0,0,0,5,0,0,31,0,0,0,0,0,0,0,0,0,0,0,0,2,0,0,38,0.15177685022354126,-0.05830559879541397,0.42661815881729126,0.22057949006557465,0.014627999999999999
856,44702.0,1643.0,46345.0,46345.0,0.9645484949832775,21.0,0.021,74.0,37302.0,38.0,36.0,12.0,9.0,22522.0,22180.0,572.4276885986328,535.2587890625,103.60730838775635,264.7412109375,37302.0,373.0199999999992,100.0,1000,0,1000,0.21450162515975535,926,0,0,0,0,0,0,0,1,0,0,0,0,7,0,0,30,1,0,0,0,0,0,0,0,0,0,0,1,1,0,0,33,0.4316806197166443,0.0027571094688028097,0.8621086478233337,0.14584557712078094,0.01461
857,46574.0,2484.0,49058.0,49058.0,0.9493660565045456,27.0,0.027,76.0,38974.0,38.0,38.0,14.0,13.0,22620.0,23954.0,650.3388205170631,463.3125,28.06147115305066,0.0,38974.0,389.7400000000004,100.0,1000,0,1000,0.21522491588257253,924,0,0,0,0,0,0,0,0,0,0,0,0,8,0,0,30,1,0,0,0,0,0,0,0,0,0,0,0,0,0,0,37,0.3603922426700592,-0.0190915334969759,0.7657943367958069,0.23392045497894287,0.014591999999999999
858,46023.0,1077.0,47100.0,47100.0,0.9771337579617835,18.0,0.018,71.0,38923.0,35.0,36.0,12.0,6.0,22420.0,23603.0,657.3046875,541.0,142.6953125,259.0,38923.0,389.2300000000002,100.0,1000,0,1000,0.21441000001505017,929,1,0,0,0,0,0,0,0,0,0,0,0,2,0,0,32,0,0,0,0,0,0,0,1,0,0,0,0,0,0,0,35,0.3137708306312561,0.03693214803934097,0.5588337182998657,0.17690227925777435,0.014573999999999998
859,47153.0,2951.0,50104.0,50104.0,0.9411025067858854,32.0,0.032,71.0,40053.0,36.0,35.0,12.0,20.0,22875.0,24278.0,773.375,491.0,26.625,309.0,40053.0,400.53000000000037,100.0,1000,0,1000,0.21526270918548107,929,1,0,0,0,0,0,0,0,0,0,0,0,2,0,0,33,0,0,0,0,0,0,0,0,0,0,0,0,0,1,1,33,0.3708953559398651,-0.011252123862504959,0.7698458433151245,0.19067326188087463,0.014556
860,48380.0,1034.0,49414.0,49414.0,0.979074756141984,16.0,0.016,76.0,40780.0,38.0,38.0,8.0,8.0,23267.0,25113.0,587.60546875,694.0,147.886474609375,106.0,40780.0,407.79999999999995,100.0,1000,0,1000,0.21478308411315084,924,0,0,0,0,0,0,0,2,1,0,0,0,3,0,0,32,0,0,0,0,0,0,0,0,0,0,0,0,0,0,0,38,0.3279401361942291,0.04536252096295357,0.5710182189941406,0.20164476335048676,0.014537999999999999
861,48099.0,1848.0,49947.0,49947.0,0.9630007808276774,24.0,0.024,75.0,40599.0,40.0,35.0,8.0,16.0,24518.0,23581.0,710.16796875,531.0,89.83203125,269.0,40599.0,405.98999999999927,100.0,1000,0,1000,0.22200524993240833,925,1,0,0,0,0,0,0,1,0,0,0,0,4,0,0,34,0,0,0,0,0,0,0,0,0,0,0,0,0,0,0,35,0.4114782512187958,0.08832687139511108,0.651391327381134,0.1752263456583023,0.014519999999999998
862,49629.0,832.0,50461.0,50461.0,0.9835120191831316,16.0,0.016,75.0,42129.0,39.0,36.0,3.0,13.0,24203.0,25426.0,339.0,352.0,143.3125,448.0,42129.0,421.2900000000002,100.0,1000,0,1000,0.2144823749549687,925,1,0,0,0,0,0,0,0,0,0,0,0,4,0,0,34,0,0,0,0,0,0,0,0,0,0,0,0,0,0,0,36,0.0457058921456337,-0.06627348065376282,0.22947348654270172,0.19013726711273193,0.014502000000000001
863,49479.0,1476.0,50955.0,50955.0,0.9710332646452753,23.0,0.023,78.0,41679.0,41.0,37.0,10.0,13.0,24922.0,24557.0,552.5390625,762.0,247.4609375,38.0,41679.0,416.78999999999934,100.0,1000,0,1000,0.21931129111908376,922,1,0,0,0,0,0,0,0,0,0,0,0,4,0,0,36,0,0,0,0,0,0,0,0,0,0,0,0,0,0,0,37,0.47906583547592163,0.07702730596065521,0.8110927939414978,0.24218736588954926,0.014483999999999999
864,49570.0,1059.0,50629.0,50629.0,0.9790831341721148,13.0,0.013,78.0,41770.0,38.0,40.0,6.0,7.0,23583.0,25987.0,769.0,696.375,31.0,103.625,41770.0,417.70000000000005,100.0,1000,0,1000,0.21968162502162158,922,0,0,0,0,0,0,0,1,0,0,0,0,3,0,0,34,0,0,0,0,0,0,0,0,0,0,0,0,0,0,1,39,0.2777094841003418,-0.01557953841984272,0.5918277502059937,0.18144969642162323,0.014465999999999998
865,49487.0,1869.0,51356.0,51356.0,0.9636069787366617,19.0,0.019,79.0,41587.0,41.0,38.0,6.0,13.0,25108.0,24379.0,635.0,576.0,165.0,224.0,41587.0,415.8699999999997,100.0,1000,0,1000,0.21871316595934331,921,0,0,0,0,0,0,0,0,1,0,1,0,2,0,0,37,0,0,0,0,0,0,0,1,0,0,0,0,0,0,0,37,0.2853465676307678,0.011997196823358536,0.5522312521934509,0.19146214425563812,0.014448
866,49431.0,1134.0,50565.0,50565.0,0.9775734203500445,18.0,0.018,76.0,41831.0,38.0,38.0,9.0,9.0,24050.0,25381.0,455.875,332.0,344.125,78.9375,41831.0,418.30999999999904,100.0,1000,0,1000,0.21546933287754655,924,1,0,0,0,0,0,0,0,0,0,0,0,3,0,0,34,0,0,0,0,0,0,0,0,0,0,0,0,0,0,1,37,0.23061037063598633,-0.012652836740016937,0.4920523762702942,0.1914745271205902,0.014429999999999998
867,49165.0,521.0,49686.0,49686.0,0.9895141488548082,8.0,0.008,76.0,41565.0,36.0,40.0,1.0,7.0,23331.0,25834.0,709.0,610.0,91.0,190.0,41565.0,415.6499999999994,100.0,1000,0,1000,0.214781042188406,924,1,0,0,0,0,0,0,0,0,0,0,0,0,0,0,35,0,0,0,0,0,0,0,0,0,0,0,0,0,0,1,39,0.23330657184123993,0.0313485749065876,0.409521222114563,0.1944635659456253,0.014411999999999998
868,48668.0,1154.0,49822.0,49822.0,0.9768375416482679,11.0,0.011,75.0,41168.0,35.0,40.0,7.0,4.0,23601.0,25067.0,488.8125,584.0,311.1875,216.0,41168.0,411.6800000000002,100.0,1000,0,1000,0.21504916693083942,925,0,0,0,0,0,0,0,0,0,0,0,0,2,0,0,33,0,0,0,0,0,0,0,1,0,0,0,0,0,0,0,39,0.38606953620910645,0.07345698773860931,0.6307174563407898,0.19078439474105835,0.014394
869,49137.0,711.0,49848.0,49848.0,0.9857366393837266,13.0,0.013,80.0,41137.0,41.0,39.0,5.0,8.0,24913.0,24224.0,718.7890625,659.0,15.22705078125,141.0,41137.0,411.3700000000002,100.0,1000,0,1000,0.21907912520691752,920,0,0,0,0,0,0,0,0,1,1,0,0,1,0,0,38,0,1,0,0,0,0,0,0,0,0,0,0,0,0,0,38,0.12199807912111282,-0.05512833595275879,0.3591671884059906,0.1709221452474594,0.014376
870,49632.0,1013.0,50645.0,50645.0,0.9799980254714187,16.0,0.016,83.0,41332.0,40.0,43.0,9.0,7.0,24390.0,25242.0,448.5,661.0,351.5,139.0,41332.0,413.3200000000004,100.0,1000,1,999,0.2149575410876423,917,0,0,0,0,0,0,0,0,0,1,0,0,0,0,0,39,2,0,0,0,0,0,0,1,0,0,0,0,0,0,0,40,0.31336459517478943,0.06294935196638107,0.5063273310661316,0.1914217323064804,0.014358
871,49088.0,706.0,49794.0,49794.0,0.9858215849299112,12.0,0.012,78.0,41288.0,39.0,39.0,4.0,8.0,24000.0,25088.0,467.0,385.0,62.4375,415.0,41288.0,412.87999999999977,100.0,1000,0,1000,0.21873304201290011,922,0,0,0,0,0,0,0,0,0,0,0,0,4,0,0,35,0,1,1,0,0,0,0,0,0,0,0,0,0,0,0,37,0.18106216192245483,-0.028453893959522247,0.4246194660663605,0.1948162019252777,0.014339999999999999
872,49185.0,682.0,49867.0,49867.0,0.9863236208314116,11.0,0.011,81.0,41085.0,41.0,40.0,1.0,10.0,23973.0,25212.0,677.0,700.0,0.0,100.0,41085.0,410.85000000000025,100.0,1000,0,1000,0.21474399999715388,919,0,0,0,0,0,0,0,1,0,0,0,0,3,0,0,37,0,0,0,0,0,0,0,0,0,0,0,0,1,0,0,39,0.11726508289575577,-0.06737416237592697,0.37561455368995667,0.2212003618478775,0.014321999999999998
873,50618.0,1633.0,52251.0,52251.0,0.96874700962661,19.0,0.019,81.0,42518.0,44.0,37.0,10.0,9.0,26049.0,24569.0,493.0,598.0,307.0,202.0,42518.0,425.1799999999998,100.0,1000,0,1000,0.21980270883068442,919,0,0,0,0,0,0,0,5,0,0,0,0,1,0,0,38,0,0,0,0,0,0,0,0,0,0,0,0,0,0,0,37,0.3798718750476837,0.035770233720541,0.6937569975852966,0.19413092732429504,0.014303999999999997
874,49205.0,529.0,49734.0,49734.0,0.9893634133590703,11.0,0.011,79.0,41305.0,39.0,40.0,4.0,7.0,23948.0,25257.0,461.0,533.0,127.125,267.0,41305.0,413.0499999999992,100.0,1000,1,999,0.21854991605505347,921,0,0,0,0,0,0,0,2,0,1,0,0,0,0,0,36,1,0,0,0,0,0,0,0,0,0,0,0,0,1,0,38,0.13995526731014252,0.004316122271120548,0.2771114706993103,0.20415763556957245,0.014286
875,49876.0,1309.0,51185.0,51185.0,0.9744261013968937,17.0,0.017,83.0,41576.0,42.0,41.0,4.0,13.0,23487.0,26389.0,608.2733154296875,457.40625,95.86334228515625,342.59375,41576.0,415.7600000000002,100.0,1000,0,1000,0.21402887487784028,917,2,0,0,0,0,0,0,4,1,0,0,0,1,0,0,34,1,0,0,0,0,0,0,0,0,0,0,0,1,0,0,39,0.2308836430311203,-0.05706316977739334,0.5813936591148376,0.1927403211593628,0.014268
876,48429.0,1087.0,49516.0,49516.0,0.9780474997980451,14.0,0.014,79.0,40529.0,42.0,37.0,6.0,8.0,23699.0,24730.0,688.0,439.75,105.0,360.25,40529.0,405.2899999999996,100.0,1000,0,1000,0.22188091604039073,921,3,0,0,0,0,0,0,1,0,0,0,0,2,0,0,36,0,0,0,0,0,0,0,0,0,0,0,0,1,0,0,36,0.315295934677124,0.02398087829351425,0.5888784527778625,0.21924078464508057,0.014249999999999999
877,49427.0,633.0,50060.0,50060.0,0.9873551737914502,11.0,0.011,80.0,41427.0,42.0,38.0,6.0,5.0,25745.0,23682.0,690.5,500.0,109.5,300.0,41427.0,414.2699999999997,100.0,1000,0,1000,0.2144432079512626,920,0,0,0,0,1,0,0,3,0,0,0,0,1,0,0,37,0,0,0,0,0,0,0,0,0,0,0,0,0,0,0,38,0.23538492619991302,0.09843328595161438,0.2798623740673065,0.20935550332069397,0.014232000000000002
878,47301.0,1433.0,48734.0,48734.0,0.970595477490048,13.0,0.013,76.0,39701.0,40.0,36.0,6.0,7.0,24022.0,23279.0,800.0,536.0,0.0,264.0,39701.0,397.0100000000004,100.0,1000,0,1000,0.21479200012981892,924,1,0,0,0,0,0,0,1,0,0,0,0,2,0,0,36,0,0,0,0,0,0,0,0,0,0,0,0,0,0,1,35,0.14110247790813446,-0.096717469394207,0.4807935953140259,0.1812894493341446,0.014213999999999997
879,48409.0,679.0,49088.0,49088.0,0.9861676988265972,9.0,0.009,84.0,40009.0,43.0,41.0,6.0,3.0,23663.0,24746.0,434.25543212890625,678.875,365.74456787109375,121.125,40009.0,400.0900000000006,100.0,1000,0,1000,0.22022300004027784,916,0,0,0,0,2,0,0,4,0,0,0,0,2,0,0,35,1,0,0,0,0,0,0,0,0,0,0,0,1,0,0,39,0.16330020129680634,-0.10333389788866043,0.5388541221618652,0.19674386084079742,0.014195999999999997
880,50800.0,2216.0,53016.0,53016.0,0.9582012977214426,21.0,0.021,84.0,42400.0,43.0,41.0,11.0,10.0,25650.0,25150.0,685.59375,481.220703125,57.203125,318.779296875,42400.0,424.00000000000085,100.0,1000,0,1000,0.21846974990330637,916,0,0,0,0,0,0,0,3,0,0,1,0,3,0,0,36,1,0,0,0,0,0,0,0,0,0,0,0,0,0,2,38,0.32708045840263367,-0.04844304919242859,0.7565962672233582,0.19569912552833557,0.014178
881,49757.0,1572.0,51329.0,51329.0,0.9693740380681486,17.0,0.017,82.0,41557.0,40.0,42.0,7.0,10.0,24429.0,25328.0,560.578125,539.0,239.421875,0.0,41557.0,415.5699999999992,100.0,1000,0,1000,0.21407320792786777,918,0,0,0,0,1,0,0,3,0,0,0,0,0,0,0,36,0,0,0,0,0,0,0,2,0,0,0,0,0,0,0,40,0.38867422938346863,0.029523339122533798,0.72312992811203,0.17048664391040802,0.014159999999999999
882,48660.0,677.0,49337.0,49337.0,0.9862780469019194,11.0,0.011,89.0,39760.0,49.0,40.0,5.0,6.0,24761.0,23899.0,628.9114245921373,568.2529296875,32.07910788897425,231.7470703125,39760.0,397.6000000000002,100.0,1000,0,1000,0.21879279194399714,911,2,0,0,0,3,0,0,5,0,0,1,0,4,0,0,34,1,0,0,0,0,0,0,0,0,0,0,0,2,0,1,36,0.13368898630142212,-0.12345057725906372,0.5205951929092407,0.22330893576145172,0.014141999999999998
883,48322.0,1856.0,50178.0,50178.0,0.9630116784248077,12.0,0.012,85.0,39822.0,41.0,44.0,6.0,6.0,23476.0,24846.0,544.779296875,756.875,127.6103515625,43.125,39822.0,398.2199999999994,100.0,1000,0,1000,0.2195215409155935,915,0,0,0,0,0,0,0,4,0,0,0,3,0,0,0,34,2,0,1,0,0,0,0,1,0,0,0,0,1,0,1,38,0.2844615578651428,-0.06200534477829933,0.6987372040748596,0.20544588565826416,0.014124000000000001
884,50130.0,774.0,50904.0,50904.0,0.9847949080622348,11.0,0.011,85.0,41630.0,44.0,41.0,4.0,7.0,25135.0,24995.0,671.0,306.0,129.0,60.0,41630.0,416.3000000000001,100.0,1000,0,1000,0.2186817079782486,915,1,0,0,0,0,0,0,4,0,0,0,0,1,0,0,38,0,0,1,0,0,0,0,0,0,0,0,0,0,0,0,40,0.1355873942375183,0.009845180436968803,0.2573859989643097,0.20918656885623932,0.014106
885,48398.0,747.0,49145.0,49145.0,0.9848000813917998,13.0,0.013,84.0,39998.0,46.0,38.0,6.0,7.0,24735.0,23663.0,642.4126815795898,518.79296875,147.73811101913452,281.20703125,39998.0,399.9799999999997,100.0,1000,0,1000,0.22209404199384153,916,4,0,0,0,1,0,0,2,0,0,0,1,2,0,0,36,0,0,2,0,0,0,0,0,0,0,0,0,0,0,0,36,0.25370123982429504,0.04718836396932602,0.41843387484550476,0.1919410526752472,0.014087999999999996
886,47831.0,1109.0,48940.0,48940.0,0.9773395995096036,17.0,0.017,81.0,39731.0,41.0,40.0,8.0,9.0,23553.0,24278.0,423.9533386230469,770.0,376.0466613769531,30.0,39731.0,397.3100000000008,100.0,1000,0,1000,0.2202895418740809,919,2,0,0,0,3,0,0,0,0,1,0,1,1,0,0,33,1,0,1,0,0,0,0,0,0,0,0,0,0,0,1,37,0.31640976667404175,-0.002106820698827505,0.6445502042770386,0.2671307325363159,0.01407
887,49108.0,1802.0,50910.0,50910.0,0.9646042034963661,20.0,0.02,80.0,41108.0,38.0,42.0,12.0,8.0,23324.0,25784.0,422.875,535.0625,377.125,16.55859375,41108.0,411.07999999999936,100.0,1000,0,1000,0.21601754217408597,920,0,0,0,0,2,0,0,0,0,0,0,5,0,0,0,31,1,0,0,0,0,0,0,0,0,0,0,1,0,0,1,39,0.25958824157714844,-0.009568316861987114,0.5444160103797913,0.21715539693832397,0.014051999999999999
888,47994.0,1979.0,49973.0,49973.0,0.9603986152522362,22.0,0.022,80.0,39994.0,40.0,40.0,16.0,6.0,23727.0,24267.0,613.5,493.73828125,54.875,233.28529357910156,39994.0,399.94000000000034,100.0,1000,0,1000,0.22079079202376306,920,0,0,0,0,0,0,0,6,0,0,1,1,0,0,0,32,1,0,2,0,0,0,0,0,0,0,0,0,1,0,0,36,0.601358950138092,0.06556268036365509,1.078338623046875,0.24034884572029114,0.014033999999999998
889,47717.0,1219.0,48936.0,48936.0,0.9750899133562204,19.0,0.019,82.0,39517.0,42.0,40.0,17.0,2.0,23981.0,23736.0,682.30712890625,684.125,73.23103332519531,115.875,39517.0,395.17,100.0,1000,0,1000,0.2201004170347005,918,2,0,0,0,2,0,0,2,0,0,0,2,2,0,0,32,0,0,0,0,0,0,0,0,0,1,1,0,0,0,1,37,0.1972685307264328,-0.06307145953178406,0.5268422961235046,0.2198316901922226,0.014016
890,48428.0,2034.0,50462.0,50462.0,0.9596924418374222,20.0,0.02,79.0,40528.0,37.0,42.0,11.0,9.0,23060.0,25368.0,627.28125,474.875,109.859375,325.125,40528.0,405.2799999999992,100.0,1000,1,999,0.2146694171242416,921,0,0,0,0,0,0,0,2,0,0,0,1,1,0,0,33,0,0,0,0,0,0,0,0,0,1,0,0,0,1,0,40,0.27462849020957947,-0.028917666524648666,0.6125333309173584,0.19434945285320282,0.013998
891,48874.0,1308.0,50182.0,50182.0,0.9739348770475469,9.0,0.009,83.0,40574.0,44.0,39.0,7.0,2.0,25060.0,23814.0,675.7122497558594,574.0,124.28775024414062,226.0,40574.0,405.74000000000046,100.0,1000,0,1000,0.2135870831552893,917,0,0,0,0,2,0,0,2,0,0,0,4,0,0,0,36,0,0,0,0,0,0,0,0,0,0,0,0,0,0,0,39,0.31775322556495667,-0.06769049912691116,0.7763562798500061,0.19559496641159058,0.01398
892,48992.0,1488.0,50480.0,50480.0,0.9705229793977813,17.0,0.017,79.0,41092.0,40.0,39.0,10.0,7.0,23561.0,25431.0,641.6171875,617.0,39.595703125,183.0,41092.0,410.92000000000024,100.0,1000,0,1000,0.21847691596485674,921,0,0,0,0,0,0,0,1,0,0,0,5,0,0,0,34,0,0,0,0,0,0,0,0,0,0,0,0,0,0,0,39,0.4384971261024475,0.09416348487138748,0.6953381299972534,0.2388923615217209,0.013961999999999999
893,48814.0,256.0,49070.0,49070.0,0.9947829631139189,4.0,0.004,86.0,40214.0,48.0,38.0,2.0,2.0,24941.0,23873.0,578.8100547790527,489.0,42.27374315261841,311.0,40214.0,402.1400000000005,100.0,1000,0,1000,0.21538116596639156,914,0,0,0,0,2,0,0,1,0,0,0,10,0,0,0,35,0,0,0,0,0,0,0,0,0,0,0,0,0,0,0,38,0.10178137570619583,-0.01620364934206009,0.24080607295036316,0.17340897023677826,0.013943999999999998
894,48299.0,1657.0,49956.0,49956.0,0.9668308111137801,19.0,0.019,81.0,40199.0,43.0,38.0,15.0,4.0,25135.0,23164.0,748.2042236328125,308.0,12.948944091796875,93.0,40199.0,401.99000000000024,100.0,1000,0,1000,0.21963283303193748,919,1,0,0,0,0,0,0,0,0,0,0,6,0,0,0,36,0,0,1,0,0,0,0,0,0,0,0,0,0,0,0,37,0.3066354990005493,0.08243793249130249,0.453776091337204,0.1931999772787094,0.013925999999999997
895,48447.0,1698.0,50145.0,50145.0,0.9661381992222554,15.0,0.015,85.0,39947.0,44.0,41.0,7.0,8.0,23842.0,24605.0,664.9044914245605,735.0,135.09550857543945,65.0,39947.0,399.4699999999996,100.0,1000,0,1000,0.21424762508831918,915,0,0,0,0,2,0,0,0,0,0,0,8,0,0,0,34,2,0,0,0,0,0,0,0,0,0,0,0,1,0,1,37,0.3011167049407959,-0.0022540995851159096,0.6127792596817017,0.21705782413482666,0.013908
896,51001.0,866.0,51867.0,51867.0,0.9833034492066246,15.0,0.015,86.0,42401.0,39.0,47.0,8.0,7.0,24166.0,26835.0,595.09375,465.98802185058594,204.90625,157.62986612319946,42401.0,424.01000000000045,100.0,1000,0,1000,0.2198628750629723,914,0,0,0,0,0,0,0,1,0,0,0,5,0,0,0,33,1,0,4,0,0,0,0,1,0,0,0,0,0,0,1,40,0.26337286829948425,-0.013117465190589428,0.5598955750465393,0.24891602993011475,0.01389
897,50682.0,818.0,51500.0,51500.0,0.984116504854369,12.0,0.012,88.0,41882.0,40.0,48.0,9.0,3.0,22552.0,28130.0,362.59825134277344,675.0,32.58760929107666,108.875,41882.0,418.8199999999998,100.0,1000,0,1000,0.2149694999679923,912,0,0,0,0,1,0,0,0,0,0,0,7,1,0,0,31,0,0,2,0,0,0,0,0,0,0,0,0,0,1,0,45,0.15660378336906433,-0.01577717810869217,0.35004112124443054,0.19028200209140778,0.013871999999999999
898,49005.0,898.0,49903.0,49903.0,0.9820050898743562,14.0,0.014,80.0,41005.0,39.0,41.0,8.0,6.0,25061.0,23944.0,482.65625,739.75,116.8359375,60.25,41005.0,410.05000000000047,100.0,1000,0,1000,0.2192948330193758,920,0,0,0,0,1,0,0,0,0,0,0,2,0,0,0,36,0,0,0,0,0,0,0,0,0,0,0,3,0,0,0,38,0.07118882983922958,-0.12323758751153946,0.39434564113616943,0.19823896884918213,0.013853999999999998
899,47965.0,755.0,48720.0,48720.0,0.9845032840722496,11.0,0.011,78.0,40165.0,38.0,40.0,9.0,2.0,24788.0,23177.0,425.25,557.21484375,374.75,205.512939453125,40165.0,401.64999999999986,100.0,1000,0,1000,0.2193979169242084,922,0,0,0,0,0,0,0,0,0,0,0,2,0,0,0,36,0,0,2,0,0,0,0,0,0,0,0,0,0,0,1,37,0.2996485233306885,0.06955711543560028,0.465076744556427,0.1768534779548645,0.013835999999999998
900,47386.0,1068.0,48454.0,48454.0,0.9779584760804062,16.0,0.016,83.0,39086.0,37.0,46.0,8.0,8.0,22320.0,25066.0,498.330078125,674.0,75.41748046875,126.0,39086.0,390.85999999999973,100.0,1000,0,1000,0.2189604160375893,917,0,0,0,0,2,0,0,2,0,0,0,2,0,0,0,31,0,0,4,0,0,0,0,1,0,0,0,2,0,0,0,39,0.4100037217140198,0.09826387465000153,0.6292656660079956,0.20936165750026703,0.013817999999999997
901,49864.0,794.0,50658.0,50658.0,0.984326266335031,11.0,0.011,79.0,41964.0,36.0,43.0,6.0,5.0,23265.0,26599.0,456.109375,621.0,343.890625,179.0,41964.0,419.6400000000004,100.0,1000,0,1000,0.24065175000578165,921,0,0,0,0,1,0,0,0,0,0,0,1,0,0,0,34,0,0,0,0,0,0,0,0,0,0,0,1,0,0,1,41,0.1739875227212906,0.006185774225741625,0.3409791886806488,0.1947711557149887,0.0138
902,47943.0,1030.0,48973.0,48973.0,0.9789680027770404,15.0,0.015,76.0,40343.0,39.0,37.0,10.0,5.0,24454.0,23489.0,527.0,590.171875,187.6875,209.828125,40343.0,403.4299999999999,100.0,1000,0,1000,0.23377129202708602,924,0,0,0,0,1,0,0,0,0,0,0,3,0,0,0,35,0,0,1,0,0,0,0,0,0,0,0,1,0,0,0,35,0.09659118950366974,-0.06996120512485504,0.3394201397895813,0.22911597788333893,0.013781999999999999
903,49777.0,1019.0,50796.0,50796.0,0.9799393653043547,14.0,0.014,78.0,41977.0,39.0,39.0,11.0,3.0,25360.0,24417.0,443.0,567.0,357.0,233.0,41977.0,419.7699999999986,100.0,1000,0,1000,0.23314149980433285,922,1,0,0,0,1,0,0,0,0,0,0,2,0,0,0,35,0,0,1,0,0,0,0,0,0,0,0,0,0,0,0,38,0.15432529151439667,-0.11907719075679779,0.5527280569076538,0.215165913105011,0.013763999999999998
904,49952.0,1010.0,50962.0,50962.0,0.9801813115654802,15.0,0.015,83.0,41652.0,38.0,45.0,10.0,5.0,24493.0,25459.0,600.5703125,469.0,199.4296875,0.0,41652.0,416.51999999999987,100.0,1000,0,1000,0.23750316607765853,917,0,0,0,0,1,0,0,0,0,0,0,3,0,0,0,34,0,0,0,0,0,0,0,0,0,0,0,0,1,0,0,44,0.29896780848503113,0.070440374314785,0.4625237286090851,0.19892466068267822,0.013746000000000001
905,50078.0,1292.0,51370.0,51370.0,0.9748491337356434,13.0,0.013,84.0,41678.0,43.0,41.0,9.0,4.0,24617.0,25461.0,453.72265625,582.830810546875,0.0,217.169189453125,41678.0,416.78000000000026,100.0,1000,0,1000,0.229386875173077,916,0,0,0,0,2,0,0,1,0,0,0,3,0,0,0,37,0,0,0,0,0,0,0,0,0,0,0,4,0,0,1,36,0.3738492727279663,0.04389125853776932,0.6663002371788025,0.23252476751804352,0.013727999999999997
906,49557.0,478.0,50035.0,50035.0,0.9904466873188768,8.0,0.008,89.0,40657.0,50.0,39.0,5.0,3.0,25418.0,24139.0,742.7289106249809,329.0,7.158886171877384,471.0,40657.0,406.5699999999996,100.0,1000,0,1000,0.23630545800551772,911,0,0,0,0,1,0,0,1,0,0,1,8,2,0,0,37,0,0,0,0,0,0,0,0,0,0,0,0,0,0,1,38,0.30967089533805847,0.10206019133329391,0.4215266704559326,0.22995218634605408,0.013709999999999996
907,49679.0,657.0,50336.0,50336.0,0.9869477113795295,11.0,0.011,83.0,41379.0,42.0,41.0,9.0,2.0,25851.0,23828.0,536.0,615.484375,264.0,184.515625,41379.0,413.79000000000053,100.0,1000,0,1000,0.2352058331016451,917,0,0,0,0,1,0,0,1,0,0,0,1,0,0,0,39,0,0,0,0,0,0,0,0,0,0,0,4,0,0,0,37,0.15538577735424042,0.019041603431105614,0.27879807353019714,0.22311224043369293,0.013692
908,49611.0,254.0,49865.0,49865.0,0.9949062468665396,5.0,0.005,83.0,41311.0,44.0,39.0,2.0,3.0,25657.0,23954.0,311.7698974609375,527.5224609375,151.30752563476562,272.4775390625,41311.0,413.1100000000003,100.0,1000,0,1000,0.2298564170487225,917,1,0,0,0,1,0,0,0,0,0,0,5,0,0,0,37,1,0,0,0,0,0,0,0,0,0,0,1,0,0,1,36,0.13537421822547913,-0.005986365955322981,0.288674533367157,0.21769000589847565,0.013673999999999999
909,50493.0,720.0,51213.0,51213.0,0.985941069650284,10.0,0.01,88.0,41693.0,47.0,41.0,1.0,9.0,25722.0,24771.0,612.25,726.0,187.75,74.0,41693.0,416.93000000000023,100.0,1000,0,1000,0.23013074998743832,912,1,0,0,0,0,0,0,1,0,0,0,9,0,0,0,36,0,0,1,0,0,0,0,0,0,0,0,0,1,0,0,39,0.27470260858535767,-0.09693615883588791,0.7483347058296204,0.18516142666339874,0.013656000000000001
910,50017.0,497.0,50514.0,50514.0,0.9901611434453815,7.0,0.007,83.0,41717.0,43.0,40.0,4.0,3.0,24565.0,25452.0,651.96875,324.0625,37.0078125,39.0,41717.0,417.1699999999995,100.0,1000,0,1000,0.22874029213562608,917,0,0,0,0,0,0,0,2,0,0,0,4,0,0,0,37,0,0,0,0,0,0,0,0,0,0,0,0,0,0,2,38,0.15639972686767578,-0.017597679048776627,0.3544410765171051,0.23633521795272827,0.013638
911,47859.0,1141.0,49000.0,49000.0,0.9767142857142858,15.0,0.015,78.0,40059.0,42.0,36.0,5.0,10.0,24466.0,23393.0,728.15625,397.0,71.84375,403.0,40059.0,400.5899999999999,100.0,1000,0,1000,0.2319183750078082,922,1,0,0,0,2,0,0,0,0,0,0,3,0,0,0,36,0,0,1,0,0,0,0,0,0,0,0,0,0,0,0,35,0.21126800775527954,0.007868326269090176,0.4131004810333252,0.23131801187992096,0.01362
912,48923.0,481.0,49404.0,49404.0,0.9902639462391709,8.0,0.008,83.0,40623.0,41.0,42.0,3.0,5.0,22606.0,26317.0,642.2057189941406,761.0,58.198570251464844,39.0,40623.0,406.23000000000025,100.0,1000,0,1000,0.23697366705164313,917,0,0,0,0,1,0,0,0,0,0,0,7,0,0,0,33,0,0,1,0,0,0,0,0,0,0,0,1,0,0,1,39,0.07675120234489441,-0.07136866450309753,0.3013226389884949,0.18684391677379608,0.013602
913,47642.0,1501.0,49143.0,49143.0,0.9694564841381275,12.0,0.012,82.0,39442.0,39.0,43.0,7.0,5.0,23404.0,24238.0,695.75,606.3079833984375,104.25,4.385812759399414,39442.0,394.41999999999905,100.0,1000,1,999,0.23002366605214775,918,1,0,0,0,0,0,0,0,0,0,0,4,0,0,0,34,0,0,2,0,0,0,0,0,0,0,0,4,0,0,7,30,0.383907288312912,-0.019537296146154404,0.8115032911300659,0.1698373258113861,0.013583999999999999
914,48849.0,1275.0,50124.0,50124.0,0.9745630835527891,24.0,0.024,80.0,40849.0,40.0,40.0,15.0,9.0,24535.0,24314.0,551.75,704.194504737854,62.0625,95.805495262146,40849.0,408.4899999999996,100.0,1000,0,1000,0.2367898328229785,920,0,0,0,0,0,0,0,0,0,0,1,6,0,0,0,33,0,0,2,0,0,0,0,0,0,0,0,1,0,1,5,31,0.21386173367500305,0.034236934036016464,0.36515453457832336,0.2176375836133957,0.013565999999999998
915,49206.0,1054.0,50260.0,50260.0,0.9790290489454835,15.0,0.015,82.0,41006.0,40.0,42.0,5.0,10.0,25442.0,23764.0,612.0,716.1798456683755,188.0,51.17625964572653,41006.0,410.0599999999999,100.0,1000,0,1000,0.23519279202446342,918,0,0,0,0,0,0,0,0,0,0,0,3,0,0,0,37,0,0,2,0,0,0,0,0,0,0,0,0,0,0,6,34,0.22533638775348663,0.03387108072638512,0.3888362944126129,0.21795397996902466,0.013548000000000001
916,47250.0,1828.0,49078.0,49078.0,0.9627531684257712,16.0,0.016,78.0,39450.0,37.0,41.0,8.0,8.0,21902.0,25348.0,628.0,672.4609375,43.0,7.97119140625,39450.0,394.4999999999992,100.0,1000,0,1000,0.2424206251744181,922,0,0,0,0,1,0,0,0,0,0,0,3,0,0,0,33,0,0,1,0,0,0,0,0,0,0,0,0,0,0,3,37,0.15890373289585114,-0.11984843760728836,0.5627924799919128,0.19542279839515686,0.01353
917,49386.0,990.0,50376.0,50376.0,0.9803477846593616,15.0,0.015,83.0,41086.0,40.0,43.0,7.0,8.0,24238.0,25148.0,392.881103515625,667.930908203125,279.8942413330078,132.069091796875,41086.0,410.8600000000001,100.0,1000,0,1000,0.2428082909900695,917,0,0,0,0,3,0,0,0,0,0,0,3,0,0,0,34,0,0,1,0,0,0,0,1,0,0,0,0,0,0,3,38,0.13001666963100433,-0.025996267795562744,0.31861597299575806,0.24386049807071686,0.013512
918,49751.0,908.0,50659.0,50659.0,0.982076235219803,15.0,0.015,81.0,41651.0,40.0,41.0,8.0,7.0,24864.0,24887.0,777.578125,138.5625,22.421875,0.0,41651.0,416.5099999999992,100.0,1000,0,1000,0.23723112512379885,919,0,0,0,0,0,0,0,0,0,0,0,3,0,0,0,37,0,0,1,0,0,0,0,1,0,0,0,0,0,0,1,38,0.08232825994491577,-0.12099871784448624,0.4119192957878113,0.1950993686914444,0.013493999999999999
919,48831.0,871.0,49702.0,49702.0,0.9824755543036497,13.0,0.013,83.0,40531.0,43.0,40.0,7.0,6.0,23195.0,25636.0,657.4173583984375,317.75,142.5826416015625,391.828125,40531.0,405.31000000000074,100.0,1000,0,1000,0.2431977919768542,917,0,0,0,0,0,0,0,4,0,0,0,6,0,0,0,33,0,0,1,0,0,0,0,0,0,0,0,1,0,0,1,37,0.22383321821689606,-0.023817135021090508,0.5004497766494751,0.1910455971956253,0.013475999999999998
920,49585.0,577.0,50162.0,50162.0,0.9884972688489295,11.0,0.011,80.0,41585.0,39.0,41.0,7.0,4.0,25169.0,24416.0,485.0,486.3203125,315.0,139.60498046875,41585.0,415.8499999999997,100.0,1000,0,1000,0.23220408405177295,920,0,0,0,0,0,0,0,0,0,0,0,1,0,0,0,38,0,0,0,0,0,0,0,0,0,0,0,1,0,0,6,34,0.34587711095809937,0.15227966010570526,0.39247775077819824,0.1962730586528778,0.013457999999999998
921,49187.0,649.0,49836.0,49836.0,0.9869772854964283,8.0,0.008,82.0,40987.0,41.0,41.0,6.0,2.0,24174.0,25013.0,494.25,498.0,52.55078125,302.0,40987.0,409.8699999999996,100.0,1000,0,1000,0.22819579183124006,918,0,0,0,0,1,0,0,0,0,0,0,4,0,0,0,36,0,0,0,0,0,0,0,0,0,1,0,1,0,0,1,38,0.20415884256362915,-0.005648057907819748,0.42440617084503174,0.17828714847564697,0.01344
922,48205.0,309.0,48514.0,48514.0,0.993630704538896,4.0,0.004,80.0,40205.0,40.0,40.0,3.0,1.0,24569.0,23636.0,203.0625,468.4375,149.234375,331.5625,40205.0,402.05000000000035,100.0,1000,0,1000,0.23802175000309944,920,1,0,0,0,0,0,0,0,0,0,0,2,0,0,0,37,0,0,0,0,0,0,0,1,0,0,0,0,0,0,1,38,0.09204738587141037,-0.037213198840618134,0.26389777660369873,0.20029081404209137,0.013422
923,49644.0,626.0,50270.0,50270.0,0.9875472448776607,10.0,0.01,80.0,41644.0,38.0,42.0,5.0,5.0,24097.0,25547.0,311.0,709.5283203125,160.5,90.4716796875,41644.0,416.4399999999998,100.0,1000,0,1000,0.2518572078552097,920,0,0,0,0,0,0,0,0,0,0,0,1,0,0,0,37,0,0,0,0,0,0,0,0,0,1,0,0,0,1,2,38,0.09216908365488052,-0.10885491967201233,0.4078953266143799,0.218118354678154,0.013404
924,50873.0,1370.0,52243.0,52243.0,0.9737763910954578,17.0,0.017,82.0,42673.0,39.0,43.0,10.0,7.0,24528.0,26345.0,466.5,576.3125,333.5,223.6875,42673.0,426.7300000000002,100.0,1000,0,1000,0.2520857499912381,918,1,0,0,0,0,0,0,1,0,0,0,0,0,0,0,37,0,0,0,0,0,0,0,1,0,0,0,0,1,0,1,40,0.40738576650619507,0.021012291312217712,0.7798926830291748,0.26691287755966187,0.013385999999999999
925,48932.0,813.0,49745.0,49745.0,0.9836566489094382,9.0,0.009,86.0,40332.0,47.0,39.0,7.0,2.0,26400.0,22532.0,480.70672607421875,798.8125,319.29327392578125,1.1875,40332.0,403.3199999999996,100.0,1000,0,1000,0.255173624958843,914,0,0,0,0,2,0,0,3,0,0,0,2,0,0,0,40,0,0,0,0,0,0,0,0,0,0,0,0,0,0,2,37,0.4270443916320801,0.006889783311635256,0.8458784818649292,0.20830565690994263,0.013367999999999998
926,48799.0,390.0,49189.0,49189.0,0.9920713980768058,6.0,0.006,84.0,40399.0,41.0,43.0,2.0,4.0,23317.0,25482.0,758.0,599.5831298828125,10.5,200.4168701171875,40399.0,403.98999999999995,100.0,1000,0,1000,0.24265699996612966,916,0,0,0,0,0,0,0,2,0,0,0,4,0,0,0,35,0,0,0,0,0,0,0,0,0,0,0,1,0,0,3,39,0.19482457637786865,0.025819111615419388,0.34385645389556885,0.21893300116062164,0.013349999999999997
927,48259.0,932.0,49191.0,49191.0,0.9810534447358257,10.0,0.01,85.0,39759.0,41.0,44.0,6.0,4.0,23040.0,25219.0,305.4140625,701.9786033630371,123.646484375,40.81383728981018,39759.0,397.58999999999986,100.0,1000,0,1000,0.23286416684277356,915,0,0,0,0,0,0,0,4,0,0,0,2,1,0,0,34,0,0,1,0,0,0,0,0,0,0,0,0,0,0,7,36,0.2869543731212616,-0.04428648203611374,0.6680890917778015,0.2102968841791153,0.013332
928,49978.0,232.0,50210.0,50210.0,0.9953794064927305,5.0,0.005,87.0,41278.0,43.0,44.0,4.0,1.0,24784.0,25194.0,617.1171875,700.0,182.8828125,100.0,41278.0,412.78000000000037,100.0,1000,1,999,0.2506038330029696,913,0,0,0,0,0,0,0,3,0,0,1,1,0,0,0,38,0,0,0,0,0,0,0,0,0,0,0,1,0,0,2,41,0.15782305598258972,0.02915624901652336,0.2633543908596039,0.22610770165920258,0.013314
929,49348.0,876.0,50224.0,50224.0,0.9825581395348837,10.0,0.01,84.0,40948.0,43.0,41.0,4.0,6.0,26404.0,22944.0,540.375,725.2089385986328,259.625,74.79106140136719,40948.0,409.47999999999973,100.0,1000,0,1000,0.23300162516534328,916,0,0,0,0,0,0,0,1,0,0,0,2,0,0,0,40,1,0,1,0,0,0,0,0,0,0,0,2,1,0,0,36,0.17905156314373016,-0.05267966166138649,0.4687047600746155,0.19713900983333588,0.013295999999999999
930,49195.0,162.0,49357.0,49357.0,0.9967177907895537,2.0,0.002,80.0,41195.0,40.0,40.0,1.0,1.0,25571.0,23624.0,473.5,634.0,326.5,41.5,41195.0,411.9499999999997,100.0,1000,0,1000,0.23265199991874397,920,0,0,0,0,0,0,0,2,0,0,0,0,0,0,0,38,0,0,0,0,0,0,0,0,0,0,0,1,0,0,3,36,0.2839913070201874,0.10253424942493439,0.367767870426178,0.1827755570411682,0.013278000000000002
931,50076.0,172.0,50248.0,50248.0,0.9965769781881866,3.0,0.003,88.0,41276.0,44.0,44.0,2.0,1.0,25768.0,24308.0,322.0,713.3187942504883,34.0,86.68120574951172,41276.0,412.76000000000045,100.0,1000,1,999,0.23570275004021823,912,2,0,0,0,1,0,0,0,0,0,0,1,0,0,0,40,0,0,0,0,0,0,0,1,0,0,0,0,1,0,3,39,0.10543231666088104,-0.028543181717395782,0.2730887830257416,0.19373241066932678,0.013259999999999997
932,50767.0,936.0,51703.0,51703.0,0.9818966017445796,11.0,0.011,83.0,42467.0,38.0,45.0,6.0,5.0,23627.0,27140.0,349.75,470.46502685546875,84.421875,329.53497314453125,42467.0,424.66999999999985,100.0,1000,0,1000,0.22929245815612376,917,0,0,0,0,0,0,0,0,0,0,0,1,1,0,0,36,1,0,0,0,0,0,0,0,0,0,1,0,0,0,3,40,0.2605974078178406,0.054304707795381546,0.4177949130535126,0.1967036873102188,0.013241999999999997
933,49398.0,612.0,50010.0,50010.0,0.9877624475104979,10.0,0.01,79.0,41498.0,42.0,37.0,7.0,3.0,25802.0,23596.0,520.5,503.0,186.75,297.0,41498.0,414.97999999999826,100.0,1000,0,1000,0.23577008303254843,921,0,0,0,0,0,0,0,2,0,0,0,0,0,0,0,40,0,0,0,0,0,0,0,1,0,0,0,0,0,0,2,34,0.12883087992668152,-0.04227297008037567,0.3484536111354828,0.23615866899490356,0.013224
934,50078.0,449.0,50527.0,50527.0,0.9911136620024937,7.0,0.007,81.0,41978.0,38.0,43.0,2.0,5.0,24546.0,25532.0,513.0,545.422607421875,168.5,254.577392578125,41978.0,419.78000000000003,100.0,1000,0,1000,0.2366518748458475,919,0,0,0,0,0,0,0,1,0,0,0,0,0,0,0,37,0,0,0,0,0,0,0,0,0,0,0,0,0,0,3,40,0.13534754514694214,-0.00285973958671093,0.2823532223701477,0.2248462587594986,0.013205999999999999
935,48297.0,1305.0,49602.0,49602.0,0.9736905769928632,10.0,0.01,81.0,40197.0,39.0,42.0,4.0,6.0,24391.0,23906.0,664.0,760.7459774017334,136.0,39.2540225982666,40197.0,401.9700000000009,100.0,1000,0,1000,0.23013929091393948,919,0,0,0,0,0,0,0,0,0,0,1,0,0,0,0,38,0,0,0,0,0,0,0,0,0,0,1,0,0,0,6,35,0.2538679540157318,0.054576724767684937,0.4034789502620697,0.18564118444919586,0.013187999999999998
936,49069.0,650.0,49719.0,49719.0,0.986926527082202,8.0,0.008,78.0,41269.0,38.0,40.0,7.0,1.0,24906.0,24163.0,640.73828125,612.0,159.26171875,99.875,41269.0,412.69,100.0,1000,0,1000,0.22914579091593623,922,0,0,0,0,0,0,0,0,0,0,0,0,2,0,0,36,0,0,0,0,0,0,0,0,0,0,0,1,0,0,4,35,0.2758435308933258,0.042498454451560974,0.47282570600509644,0.23293539881706238,0.013170000000000001
937,49484.0,1134.0,50618.0,50618.0,0.9775969022877238,12.0,0.012,81.0,41384.0,41.0,40.0,5.0,7.0,26279.0,23205.0,667.0,656.7666931152344,133.0,143.23330688476562,41384.0,413.8399999999995,100.0,1000,0,1000,0.23393320897594094,919,0,0,0,0,0,0,0,0,0,0,0,2,0,0,0,39,0,0,1,0,0,0,0,1,0,0,0,0,0,0,4,34,0.31587570905685425,-0.07535061240196228,0.7871508598327637,0.17861147224903107,0.013152
938,50024.0,772.0,50796.0,50796.0,0.984801952909678,11.0,0.011,81.0,41924.0,41.0,40.0,4.0,7.0,25793.0,24231.0,653.5,651.9749755859375,146.5,148.0250244140625,41924.0,419.2399999999992,100.0,1000,0,1000,0.23042804095894098,919,1,0,0,0,0,0,0,0,0,0,0,1,0,0,0,39,0,0,1,0,0,0,0,1,0,0,0,0,0,0,2,36,0.30116593837738037,0.04762338474392891,0.5118576884269714,0.1816892921924591,0.013133999999999996
939,49641.0,283.0,49924.0,49924.0,0.9943313837032289,5.0,0.005,82.0,41441.0,39.0,43.0,4.0,1.0,24960.0,24681.0,415.0,704.06640625,385.0,45.6229248046875,41441.0,414.4100000000003,100.0,1000,0,1000,0.23289824998937547,918,0,0,0,0,0,0,0,1,0,0,0,0,0,0,0,38,0,0,1,0,0,0,0,1,0,0,0,0,0,0,4,37,0.1394951343536377,-0.03492141515016556,0.3544529676437378,0.21423770487308502,0.013116
940,48954.0,1539.0,50493.0,50493.0,0.9695205275978849,17.0,0.017,79.0,41054.0,37.0,42.0,5.0,12.0,23006.0,25948.0,460.0,707.6042356491089,340.0,92.39576435089111,41054.0,410.5400000000004,100.0,1000,1,999,0.23153304192237556,921,0,0,0,0,0,0,0,0,0,0,0,2,0,0,0,35,0,0,1,0,0,0,0,0,0,0,0,0,0,0,5,36,0.3192208707332611,-0.08320541679859161,0.8094291090965271,0.17470166087150574,0.013097999999999999
941,47264.0,1187.0,48451.0,48451.0,0.9755010216507399,15.0,0.015,75.0,39764.0,37.0,38.0,6.0,9.0,22958.0,24306.0,572.8125,586.1875,113.59375,213.8125,39764.0,397.6400000000005,100.0,1000,0,1000,0.2332751250360161,925,0,0,0,0,0,0,0,1,1,0,0,1,0,0,0,34,0,0,0,0,0,0,0,0,0,0,0,0,0,0,1,37,0.23287397623062134,-0.07131404429674149,0.6129526495933533,0.1749477982521057,0.013079999999999998
942,48690.0,329.0,49019.0,49019.0,0.993288316775128,5.0,0.005,84.0,40290.0,42.0,42.0,2.0,3.0,25308.0,23382.0,619.125,605.1000099182129,180.875,194.8999900817871,40290.0,402.8999999999996,100.0,1000,0,1000,0.22993833385407925,916,1,0,0,0,0,0,0,1,0,0,0,2,0,0,0,38,0,0,1,0,0,0,0,2,0,0,0,0,0,0,5,34,0.32500138878822327,0.09030294418334961,0.47425606846809387,0.18600329756736755,0.013062
943,49309.0,913.0,50222.0,50222.0,0.9818207160208674,9.0,0.009,83.0,41009.0,38.0,45.0,5.0,4.0,23822.0,25487.0,321.09375,754.34375,478.90625,45.65625,41009.0,410.09,100.0,1000,0,1000,0.2330254998523742,917,0,0,0,0,0,0,0,1,0,0,1,0,0,0,0,36,0,0,2,0,0,0,0,0,0,0,0,0,0,0,2,41,0.21255990862846375,-0.05171957612037659,0.5333709120750427,0.18445062637329102,0.013044
944,48911.0,371.0,49282.0,49282.0,0.9924718964327747,6.0,0.006,83.0,40611.0,42.0,41.0,3.0,3.0,25345.0,23566.0,691.0,582.236328125,109.0,217.763671875,40611.0,406.11000000000035,100.0,1000,0,1000,0.23002783302217722,917,0,0,0,0,0,0,0,0,0,0,0,2,0,0,0,40,0,0,3,0,0,0,0,0,0,0,0,0,0,0,4,34,0.18590648472309113,0.06620080769062042,0.24387672543525696,0.17140255868434906,0.013026
945,48840.0,542.0,49382.0,49382.0,0.9890243408529423,9.0,0.009,78.0,41040.0,38.0,40.0,5.0,4.0,23212.0,25628.0,376.28125,636.0,423.71875,10.25,41040.0,410.39999999999947,100.0,1000,0,1000,0.23135700006969273,922,0,0,0,0,0,0,0,1,0,0,1,0,1,0,0,35,0,0,0,0,0,0,0,0,0,0,0,0,0,0,1,39,0.150323748588562,-0.006119769066572189,0.3172844648361206,0.16902710497379303,0.013007999999999999
946,50013.0,798.0,50811.0,50811.0,0.9842947393280983,13.0,0.013,81.0,41913.0,42.0,39.0,5.0,8.0,25763.0,24250.0,680.0,800.0,120.0,0.0,41913.0,419.13000000000017,100.0,1000,0,1000,0.23286366695538163,919,1,0,0,0,0,0,0,0,0,0,0,0,0,0,0,41,1,0,1,0,0,0,0,0,0,0,0,0,0,0,1,36,0.3129522204399109,-0.06966450810432434,0.7699651122093201,0.18212634325027466,0.012989999999999998
947,49140.0,970.0,50110.0,50110.0,0.9806425863101177,14.0,0.014,76.0,41540.0,35.0,41.0,5.0,9.0,22625.0,26515.0,668.0,431.8125,132.0,368.1875,41540.0,415.4000000000003,100.0,1000,0,1000,0.23195908311754465,924,0,0,0,0,0,0,0,0,0,0,0,0,0,0,0,35,0,0,2,0,0,0,0,0,0,0,0,0,0,0,1,38,0.2443414330482483,0.03482833504676819,0.4236404299736023,0.177853524684906,0.012971999999999997
948,47725.0,1691.0,49416.0,49416.0,0.965780314068318,18.0,0.018,74.0,40325.0,38.0,36.0,11.0,7.0,23915.0,23810.0,699.0,395.0,101.0,405.0,40325.0,403.2499999999993,100.0,1000,0,1000,0.2339161669369787,926,0,0,0,0,0,0,0,0,0,0,0,1,0,0,0,37,0,0,0,0,0,0,0,0,0,0,0,0,0,0,0,36,0.20797230303287506,-0.02734753116965294,0.475204735994339,0.17620240151882172,0.012954
949,49084.0,945.0,50029.0,50029.0,0.9811109556457255,10.0,0.01,76.0,41484.0,37.0,39.0,7.0,3.0,23740.0,25344.0,589.0,762.58203125,211.0,37.41796875,41484.0,414.8400000000004,100.0,1000,0,1000,0.22976145893335342,924,0,0,0,0,0,0,0,0,0,0,0,0,1,0,0,36,0,0,0,0,0,0,0,0,0,0,0,0,0,0,3,36,0.26411476731300354,-0.011975131928920746,0.5567086935043335,0.17504942417144775,0.012936
950,47779.0,723.0,48502.0,48502.0,0.9850933982103831,10.0,0.01,74.0,40379.0,36.0,38.0,4.0,6.0,23608.0,24171.0,534.75,634.9375,265.25,165.0625,40379.0,403.7899999999999,100.0,1000,0,1000,0.23330774996429682,926,0,0,0,0,0,0,0,0,0,0,0,1,0,0,0,35,0,0,2,0,0,0,0,0,0,0,0,0,0,0,0,36,0.203669473528862,0.008826915174722672,0.3941381275653839,0.1723567694425583,0.012917999999999999
951,49750.0,898.0,50648.0,50648.0,0.9822697836044859,9.0,0.009,79.0,41850.0,40.0,39.0,4.0,5.0,24634.0,25116.0,605.25,584.0,194.75,216.0,41850.0,418.5000000000001,100.0,1000,0,1000,0.21718162507750094,921,1,0,0,0,0,0,0,0,0,0,0,1,0,0,0,38,0,0,0,0,0,0,0,0,0,0,0,0,0,0,0,39,0.24073202908039093,0.07603231072425842,0.33456772565841675,0.20032157003879547,0.012899999999999998
952,48476.0,630.0,49106.0,49106.0,0.9871706105160265,9.0,0.009,74.0,41076.0,39.0,35.0,4.0,5.0,25635.0,22841.0,367.5,391.0,432.5,409.0,41076.0,410.76000000000033,100.0,1000,0,1000,0.21949033392593265,926,0,0,0,0,0,0,0,0,0,0,0,0,1,0,0,38,0,0,0,0,0,0,0,0,0,0,0,0,0,0,0,35,0.1564783751964569,-0.034922853112220764,0.38708677887916565,0.16629110276699066,0.012881999999999998
953,49506.0,1627.0,51133.0,51133.0,0.9681810181291925,19.0,0.019,74.0,42106.0,38.0,36.0,9.0,10.0,25573.0,23933.0,624.0,433.0,176.0,367.0,42106.0,421.05999999999983,100.0,1000,0,1000,0.2173478330951184,926,0,0,0,0,0,0,0,0,0,0,0,0,0,0,0,38,0,0,0,0,0,0,0,0,0,0,0,0,0,0,0,36,0.3246048390865326,-0.014377337880432606,0.6827760934829712,0.1870248019695282,0.012863999999999997
954,48970.0,582.0,49552.0,49552.0,0.988254762673555,8.0,0.008,75.0,41470.0,35.0,40.0,4.0,4.0,23094.0,25876.0,440.0,734.0,360.0,66.0,41470.0,414.6999999999997,100.0,1000,0,1000,0.21544891688972712,925,0,0,0,0,0,0,0,0,0,0,0,1,0,0,0,34,0,0,0,0,0,0,0,1,0,0,0,0,0,0,0,39,0.09231893718242645,-0.14619411528110504,0.4822169244289398,0.20204050838947296,0.012846
955,48956.0,940.0,49896.0,49896.0,0.9811608144941478,14.0,0.014,76.0,41356.0,38.0,38.0,9.0,5.0,25394.0,23562.0,633.0,305.4375,167.0,326.488525390625,41356.0,413.55999999999966,100.0,1000,0,1000,0.2150580829475075,924,0,0,0,0,0,0,0,0,0,0,0,0,0,0,0,38,0,0,3,0,0,0,0,0,0,0,0,0,1,0,0,34,0.17471155524253845,-0.04628100246191025,0.4467105269432068,0.18418265879154205,0.012827999999999999
956,49995.0,967.0,50962.0,50962.0,0.981025077508732,15.0,0.015,84.0,41595.0,38.0,46.0,8.0,7.0,24737.0,25258.0,312.0,501.82421875,488.0,242.267822265625,41595.0,415.9499999999995,100.0,1000,0,1000,0.21656195796094835,916,1,0,0,0,0,0,0,0,0,0,0,0,0,0,0,37,0,0,8,0,0,0,0,0,0,0,0,0,0,0,0,38,0.3306829631328583,0.05042073130607605,0.565213143825531,0.18300947546958923,0.012809999999999998
957,49514.0,740.0,50254.0,50254.0,0.9852748039957019,12.0,0.012,77.0,41814.0,38.0,39.0,7.0,5.0,25605.0,23909.0,446.0,608.75,354.0,191.25,41814.0,418.14000000000004,100.0,1000,0,1000,0.2151258341036737,923,0,0,0,0,0,0,0,0,0,0,0,0,0,0,0,38,0,0,3,0,0,0,0,1,0,0,1,0,0,0,0,34,0.16574591398239136,0.015032805502414703,0.30672094225883484,0.206955224275589,0.012792000000000001
958,51122.0,556.0,51678.0,51678.0,0.9892410697008398,8.0,0.008,81.0,43022.0,39.0,42.0,4.0,4.0,26000.0,25122.0,537.0,693.0,263.0,107.0,43022.0,430.2200000000003,100.0,1000,0,1000,0.21669383300468326,919,0,0,0,0,0,0,0,1,0,0,0,0,0,0,0,38,0,0,4,0,0,0,0,0,0,0,0,0,0,0,1,37,0.2373080849647522,-0.07416556030511856,0.6288606524467468,0.23146113753318787,0.012773999999999997
959,48341.0,1629.0,49970.0,49970.0,0.9674004402641585,19.0,0.019,80.0,40341.0,39.0,41.0,8.0,11.0,23936.0,24405.0,395.5,429.3984375,404.5,6.17657470703125,40341.0,403.4099999999999,100.0,1000,0,1000,0.21889158291742206,920,0,0,0,0,0,0,0,1,0,0,0,2,0,0,0,36,0,0,1,0,0,0,0,0,0,0,0,0,0,1,2,37,0.34221428632736206,0.09842514991760254,0.4918087124824524,0.16582058370113373,0.012755999999999997
960,48389.0,849.0,49238.0,49238.0,0.9827572200333076,13.0,0.013,82.0,40189.0,40.0,42.0,4.0,9.0,24542.0,23847.0,449.0,665.6748962402344,351.0,88.67555677890778,40189.0,401.88999999999993,100.0,1000,0,1000,0.21522920788265765,918,1,0,0,0,1,0,0,0,0,0,0,0,0,0,0,38,0,0,5,0,0,0,0,1,0,0,0,0,0,0,1,35,0.22334854304790497,0.016157051548361778,0.41860231757164,0.16561932861804962,0.012738
961,48453.0,2983.0,51436.0,51436.0,0.942005599191228,23.0,0.023,77.0,40753.0,38.0,39.0,10.0,13.0,24392.0,24061.0,558.0,306.25,242.0,0.0,40753.0,407.5300000000004,100.0,1000,0,1000,0.2153657500166446,923,0,0,0,0,0,0,0,0,0,0,0,0,0,0,0,38,0,0,2,0,0,0,0,0,0,0,0,0,0,0,1,36,0.20760591328144073,0.03425905108451843,0.35211148858070374,0.212962344288826,0.012719999999999999
962,49749.0,556.0,50305.0,50305.0,0.9889474207335255,10.0,0.01,81.0,41649.0,41.0,40.0,3.0,7.0,25974.0,23775.0,245.0,718.3141250610352,0.0,4.1481108367443085,41649.0,416.48999999999995,100.0,1000,0,1000,0.2169563751667738,919,0,0,0,0,0,0,0,0,0,0,0,0,0,0,0,41,0,0,1,0,0,0,0,1,0,0,0,0,0,0,5,33,0.22411002218723297,0.08101215958595276,0.291374534368515,0.2038579136133194,0.012701999999999998
963,49263.0,594.0,49857.0,49857.0,0.9880859257476382,10.0,0.01,79.0,41363.0,43.0,36.0,2.0,8.0,26442.0,22821.0,334.625,625.30419921875,0.0,174.69580078125,41363.0,413.6300000000005,100.0,1000,0,1000,0.21649725013412535,921,0,0,0,0,0,0,0,0,0,0,0,0,1,0,0,42,1,0,0,0,0,0,0,0,0,0,0,0,1,0,2,32,0.13086426258087158,-0.07112748175859451,0.40864297747612,0.18367551267147064,0.012684
964,50238.0,433.0,50671.0,50671.0,0.9914546782183102,7.0,0.007,79.0,42338.0,40.0,39.0,5.0,2.0,24925.0,25313.0,484.8125,294.75,315.1875,194.5625,42338.0,423.3799999999992,100.0,1000,0,1000,0.21464662486687303,921,1,0,0,0,0,0,0,0,0,0,0,0,0,0,0,39,0,0,0,0,0,0,0,0,0,0,0,1,0,0,1,37,0.09530123323202133,0.0006380101549439132,0.19434964656829834,0.1982947438955307,0.012666
965,48883.0,548.0,49431.0,49431.0,0.9889138394934353,9.0,0.009,77.0,41183.0,41.0,36.0,3.0,6.0,25156.0,23727.0,437.0,431.0,340.3125,369.0,41183.0,411.83000000000015,100.0,1000,1,999,0.21666174987331033,923,1,0,0,0,0,0,0,0,0,0,0,0,0,0,0,40,0,0,0,0,0,0,0,0,0,0,0,0,0,0,0,36,0.2140887826681137,0.01739266701042652,0.3976859450340271,0.16973918676376343,0.012647999999999996
966,48670.0,535.0,49205.0,49205.0,0.9891271212275176,9.0,0.009,77.0,40970.0,38.0,39.0,4.0,5.0,24324.0,24346.0,639.0,628.81640625,161.0,171.18359375,40970.0,409.7,100.0,1000,0,1000,0.2169937079306692,923,0,0,0,0,0,0,0,0,0,0,0,0,0,0,0,38,0,0,0,0,0,0,0,0,0,0,0,0,0,0,2,37,0.46912065148353577,0.11928702890872955,0.7038441300392151,0.1653567999601364,0.012629999999999999
967,47332.0,1125.0,48457.0,48457.0,0.9767835400458138,13.0,0.013,74.0,39932.0,37.0,37.0,9.0,4.0,24784.0,22548.0,496.0,399.0,304.0,252.5,39932.0,399.32000000000124,100.0,1000,0,1000,0.21714404178783298,926,0,0,0,0,0,0,0,0,0,0,0,0,0,0,0,37,0,0,0,0,0,0,0,0,0,0,0,1,0,0,0,36,0.21608902513980865,0.0035394388251006603,0.4293089807033539,0.16689671576023102,0.012611999999999998
968,47901.0,931.0,48832.0,48832.0,0.9809346330275229,9.0,0.009,74.0,40501.0,34.0,40.0,8.0,1.0,23086.0,24815.0,364.0,487.0,436.0,313.0,40501.0,405.0100000000002,100.0,1000,0,1000,0.21688249986618757,926,0,0,0,0,0,0,0,0,0,0,0,0,0,0,0,34,0,0,0,0,0,0,0,0,0,0,0,0,0,0,1,39,0.3261340856552124,-0.011763906106352806,0.6803112626075745,0.17926378548145294,0.012593999999999998
969,48950.0,411.0,49361.0,49361.0,0.9916735884605256,8.0,0.008,76.0,41350.0,39.0,37.0,3.0,5.0,25250.0,23700.0,606.0,513.6875,194.0,286.3125,41350.0,413.49999999999983,100.0,1000,0,1000,0.21455212496221066,924,0,0,0,0,0,0,0,0,0,0,0,0,0,0,0,39,0,0,0,0,0,0,0,0,0,0,0,0,0,0,1,36,0.27109861373901367,0.10164869576692581,0.3429625928401947,0.1615297645330429,0.012576
970,48365.0,704.0,49069.0,49069.0,0.985652856182111,11.0,0.011,78.0,40565.0,37.0,41.0,7.0,4.0,24195.0,24170.0,609.0,280.0,191.0,0.0,40565.0,405.65000000000026,100.0,1000,0,1000,0.21494204201735556,922,1,0,0,0,0,0,0,0,0,0,0,0,0,0,0,36,0,0,3,0,0,0,0,0,0,0,0,0,0,0,0,38,0.2573680877685547,-0.026269730180501938,0.5718161463737488,0.180780291557312,0.012558
971,49020.0,822.0,49842.0,49842.0,0.9835078849163357,13.0,0.013,76.0,41420.0,37.0,39.0,8.0,5.0,24003.0,25017.0,449.0,467.0,351.0,333.0,41420.0,414.20000000000044,100.0,1000,0,1000,0.2169384581502527,924,1,0,0,0,0,0,0,0,0,0,0,0,0,0,0,36,0,0,0,0,0,0,0,0,0,0,0,0,0,0,0,39,0.15162882208824158,0.04794859141111374,0.2113521695137024,0.15915916860103607,0.012539999999999999
972,49634.0,287.0,49921.0,49921.0,0.9942509164479878,5.0,0.005,75.0,42134.0,34.0,41.0,4.0,1.0,23294.0,26340.0,242.0,656.0,558.0,144.0,42134.0,421.3400000000002,100.0,1000,0,1000,0.21565620810724795,925,0,0,0,0,0,0,0,0,0,0,0,0,0,0,0,34,0,0,0,0,0,0,0,0,0,0,0,0,0,0,0,41,0.07518959045410156,-0.06884212046861649,0.292297899723053,0.1690814197063446,0.012521999999999998
973,49298.0,578.0,49876.0,49876.0,0.9884112599246131,10.0,0.01,78.0,41498.0,38.0,40.0,5.0,5.0,24853.0,24445.0,324.0,529.0,446.25,271.0,41498.0,414.98000000000013,100.0,1000,0,1000,0.2168852500617504,922,1,0,0,0,0,0,0,1,0,0,0,0,0,0,0,36,0,0,1,0,0,0,0,2,0,0,0,0,0,0,0,37,0.16524499654769897,0.01441784668713808,0.3052422106266022,0.14347054064273834,0.012503999999999998
974,48533.0,420.0,48953.0,48953.0,0.9914203419606561,9.0,0.009,73.0,41233.0,36.0,37.0,2.0,7.0,24406.0,24127.0,483.0,587.0,317.0,213.0,41233.0,412.3299999999994,100.0,1000,0,1000,0.2144929999485612,927,0,0,0,0,0,0,0,0,0,0,0,0,0,0,0,36,0,0,0,0,0,0,0,0,0,0,0,0,0,0,0,37,0.25909820199012756,0.06563449651002884,0.3908180594444275,0.1557997316122055,0.012486
975,49934.0,640.0,50574.0,50574.0,0.9873452762288923,10.0,0.01,76.0,42334.0,39.0,37.0,6.0,4.0,25125.0,24809.0,653.0,526.0,147.0,274.0,42334.0,423.3400000000005,100.0,1000,0,1000,0.21676666685380042,924,0,0,0,0,0,0,0,0,0,0,0,0,0,0,0,39,0,0,0,0,0,0,0,0,0,0,0,0,0,0,0,37,0.2831882834434509,0.10546887665987015,0.35890236496925354,0.13889800012111664,0.012468
976,47061.0,2448.0,49509.0,49509.0,0.9505544446464279,23.0,0.023,70.0,40061.0,35.0,35.0,11.0,12.0,23731.0,23330.0,199.0,652.0,49.0,148.0,40061.0,400.6099999999994,100.0,1000,0,1000,0.2161672089714557,930,0,0,0,0,0,0,0,0,0,0,0,0,0,0,0,35,0,0,1,0,0,0,0,0,0,0,0,0,0,0,0,34,0.2456280142068863,-0.052396658807992935,0.600494921207428,0.17853772640228271,0.01245
977,47866.0,809.0,48675.0,48675.0,0.9833795582948125,14.0,0.014,71.0,40766.0,35.0,36.0,9.0,5.0,23683.0,24183.0,661.0,570.0,139.0,230.0,40766.0,407.65999999999957,100.0,1000,0,1000,0.21649704198352993,929,0,0,0,0,0,0,0,0,0,0,0,0,0,0,0,35,0,0,0,0,0,0,0,0,0,0,0,0,0,0,0,36,0.09666676819324493,0.0003314079949632287,0.19696985185146332,0.17290621995925903,0.012432000000000002
978,48510.0,919.0,49429.0,49429.0,0.9814076756559914,16.0,0.016,72.0,41310.0,35.0,37.0,8.0,8.0,23259.0,25251.0,296.0,299.0,504.0,90.375,41310.0,413.10000000000076,100.0,1000,0,1000,0.2142348331399262,928,0,0,0,0,0,0,0,0,0,0,0,0,0,0,0,35,0,0,0,0,0,0,0,0,0,0,0,0,0,0,1,36,0.052486274391412735,-0.047258105129003525,0.20385661721229553,0.1759246587753296,0.012413999999999998
979,49442.0,1025.0,50467.0,50467.0,0.9796896982186379,15.0,0.015,73.0,42142.0,36.0,37.0,8.0,7.0,25207.0,24235.0,385.0,650.0,415.0,150.0,42142.0,421.4199999999997,100.0,1000,0,1000,0.21709933294914663,927,0,0,0,0,0,0,0,0,0,0,0,0,0,0,0,36,0,0,1,0,0,0,0,0,0,0,0,0,0,0,0,36,0.19667869806289673,0.03452591225504875,0.3293152451515198,0.20206815004348755,0.012395999999999997
980,49090.0,813.0,49903.0,49903.0,0.9837083942849127,15.0,0.015,75.0,41590.0,35.0,40.0,5.0,10.0,23197.0,25893.0,543.0,144.625,257.0,40.0,41590.0,415.8999999999999,100.0,1000,0,1000,0.2164654170628637,925,0,0,0,0,0,0,0,0,0,0,0,0,0,0,0,35,0,0,1,0,0,0,0,0,0,0,0,0,0,0,1,38,0.28579506278038025,0.13955701887607574,0.2961482107639313,0.14833186566829681,0.012378
981,49367.0,1416.0,50783.0,50783.0,0.9721166532107202,21.0,0.021,74.0,41967.0,40.0,34.0,9.0,12.0,26240.0,23127.0,203.0,346.0,0.0,120.875,41967.0,419.6699999999999,100.0,1000,0,1000,0.21641433308832347,926,0,0,0,0,0,0,0,0,0,0,0,0,0,0,0,40,0,0,0,0,0,0,0,0,0,0,0,0,1,0,0,33,0.3144012689590454,0.08218923211097717,0.4683101177215576,0.15720245242118835,0.01236
982,47671.0,1844.0,49515.0,49515.0,0.9627587599717258,25.0,0.025,70.0,40671.0,34.0,36.0,9.0,16.0,23423.0,24248.0,529.0,554.0,271.0,246.0,40671.0,406.70999999999935,100.0,1000,0,1000,0.22398249991238117,930,0,0,0,0,0,0,0,0,0,0,0,0,0,0,0,34,0,0,0,0,0,0,0,1,0,0,0,0,0,0,0,35,0.18009668588638306,-0.007081715390086174,0.3777669072151184,0.13814985752105713,0.012341999999999999
983,49753.0,868.0,50621.0,50621.0,0.9828529661602892,13.0,0.013,78.0,41953.0,40.0,38.0,3.0,10.0,25239.0,24514.0,604.0,250.625,15.3125,549.375,41953.0,419.5299999999994,100.0,1000,0,1000,0.21518583386205137,922,0,0,0,0,0,0,0,0,0,0,1,1,0,0,0,38,0,0,1,0,0,0,0,1,0,0,0,0,0,0,0,36,0.28325462341308594,0.010880045592784882,0.548994779586792,0.17225180566310883,0.012324000000000002
984,49108.0,2119.0,51227.0,51227.0,0.9586350947742401,22.0,0.022,73.0,41808.0,37.0,36.0,8.0,14.0,24379.0,24729.0,491.0,136.0,309.0,233.5,41808.0,418.07999999999987,100.0,1000,0,1000,0.2145057909656316,927,0,0,0,0,0,0,0,1,0,0,0,0,0,0,0,36,0,0,0,0,0,0,0,0,0,0,0,1,0,0,0,35,0.3582424521446228,-0.022831447422504425,0.7660388350486755,0.15809492766857147,0.012306000000000001
985,48986.0,2208.0,51194.0,51194.0,0.9568699456967613,17.0,0.017,74.0,41586.0,37.0,37.0,9.0,8.0,25024.0,23962.0,772.0,200.0,28.0,0.0,41586.0,415.86000000000087,100.0,1000,0,1000,0.2138244160450995,926,0,0,0,0,0,0,0,0,0,0,0,0,0,0,0,37,0,0,0,0,0,0,0,1,0,0,0,0,0,0,0,36,0.26902633905410767,-0.027999600395560265,0.5987163186073303,0.18979647755622864,0.012287999999999997
986,49658.0,794.0,50452.0,50452.0,0.9842622690874494,13.0,0.013,76.0,42058.0,37.0,39.0,9.0,4.0,25392.0,24266.0,611.0,278.0,189.0,522.0,42058.0,420.58000000000055,100.0,1000,0,1000,0.21484891697764397,924,0,0,0,0,0,0,0,0,0,0,0,0,0,0,0,37,0,0,0,0,0,0,0,1,0,0,0,0,0,0,0,38,0.12863537669181824,-0.025648441165685654,0.31317514181137085,0.18775443732738495,0.01227
987,48361.0,1283.0,49644.0,49644.0,0.9741559906534526,17.0,0.017,73.0,41061.0,37.0,36.0,8.0,9.0,25565.0,22796.0,291.0,728.0,509.0,72.0,41061.0,410.6099999999995,100.0,1000,0,1000,0.21588387503288686,927,0,0,0,0,0,0,0,0,0,0,0,0,0,0,0,37,0,0,0,0,0,0,0,0,0,0,0,0,0,0,0,36,0.27161121368408203,0.044409893453121185,0.4594011604785919,0.2039882391691208,0.012251999999999999
988,48728.0,1402.0,50130.0,50130.0,0.972032714941153,17.0,0.017,72.0,41528.0,35.0,37.0,12.0,5.0,24340.0,24388.0,190.0,800.0,610.0,0.0,41528.0,415.2800000000005,100.0,1000,0,1000,0.21599041600711644,928,0,0,0,0,0,0,0,0,0,0,0,0,0,0,0,35,0,0,0,0,0,0,0,1,0,0,0,0,0,0,0,36,0.15839643776416779,-0.018450232222676277,0.3584870398044586,0.19591712951660156,0.012233999999999998
989,49378.0,1050.0,50428.0,50428.0,0.9791782343142699,15.0,0.015,76.0,41778.0,37.0,39.0,11.0,4.0,25319.0,24059.0,527.0,500.75,273.0,299.25,41778.0,417.7799999999993,100.0,1000,0,1000,0.21431270916946232,924,0,0,0,0,0,0,0,0,0,0,0,0,0,0,0,37,0,0,1,0,0,0,0,0,0,0,0,0,0,0,0,38,0.24506337940692902,0.03655734285712242,0.42143523693084717,0.18103989958763123,0.012216000000000001
990,48869.0,1464.0,50333.0,50333.0,0.970913714660362,19.0,0.019,76.0,41269.0,37.0,39.0,6.0,13.0,23970.0,24899.0,591.0,597.3125,209.0,202.6875,41269.0,412.69000000000005,100.0,1000,0,1000,0.21809370792470872,924,0,0,0,0,0,0,0,0,0,0,0,0,1,0,0,36,0,0,0,0,0,0,0,3,0,0,0,0,0,0,2,34,0.13749976456165314,-0.006359814666211605,0.2928757071495056,0.21136827766895294,0.012198
991,48379.0,735.0,49114.0,49114.0,0.9850348169564687,8.0,0.008,78.0,40579.0,38.0,40.0,3.0,5.0,25145.0,23234.0,393.0,645.4296875,407.0,154.5703125,40579.0,405.79000000000053,100.0,1000,0,1000,0.21485908306203783,922,0,0,0,0,0,0,0,0,0,0,0,0,0,0,0,38,0,0,1,0,0,0,0,4,0,0,0,0,0,0,0,35,0.3147726058959961,-0.024329958483576775,0.6824184656143188,0.17295990884304047,0.01218
992,48392.0,840.0,49232.0,49232.0,0.9829379265518362,15.0,0.015,75.0,40892.0,35.0,40.0,7.0,8.0,22802.0,25590.0,800.0,527.0,0.0,273.0,40892.0,408.9200000000007,100.0,1000,0,1000,0.2169770000036806,925,0,0,0,0,0,0,0,0,0,0,0,0,0,0,0,35,0,0,0,0,0,0,0,2,0,0,0,0,0,0,0,38,0.09540405124425888,-0.03567961975932121,0.26636824011802673,0.17270533740520477,0.012162
993,49621.0,555.0,50176.0,50176.0,0.9889389349489796,10.0,0.01,79.0,41721.0,37.0,42.0,4.0,6.0,24120.0,25501.0,473.25,707.0,326.75,93.0,41721.0,417.2099999999994,100.0,1000,0,1000,0.21662187506444752,921,0,0,0,0,1,0,0,0,0,0,0,0,0,0,0,36,0,0,0,0,0,0,0,5,0,0,0,0,0,0,0,37,0.170470729470253,-0.04583338275551796,0.43771129846572876,0.21010655164718628,0.012143999999999999
994,49944.0,686.0,50630.0,50630.0,0.9864507209164527,8.0,0.008,81.0,41844.0,37.0,44.0,6.0,2.0,24016.0,25928.0,624.0,253.125,176.0,273.4375,41844.0,418.4399999999995,100.0,1000,0,1000,0.21403404092416167,919,0,0,0,0,0,0,0,0,0,0,0,0,0,0,0,37,0,0,0,0,0,0,0,4,0,0,0,0,0,0,0,40,0.296168714761734,0.030443649739027023,0.5359416604042053,0.18520241975784302,0.012125999999999998
995,48470.0,1004.0,49474.0,49474.0,0.9797065125116222,11.0,0.011,74.0,41070.0,39.0,35.0,3.0,8.0,25665.0,22805.0,672.0,591.765625,128.0,208.234375,41070.0,410.70000000000033,100.0,1000,0,1000,0.2168793329037726,926,0,0,0,0,0,0,0,0,0,0,0,0,0,0,0,39,0,0,0,0,0,0,0,0,0,0,0,1,0,0,1,33,0.25741395354270935,-0.0174071304500103,0.5544059872627258,0.196722611784935,0.012108
996,48900.0,444.0,49344.0,49344.0,0.9910019455252919,6.0,0.006,85.0,40400.0,36.0,49.0,4.0,2.0,23564.0,25336.0,357.0,528.7646484375,443.0,135.61767578125,40400.0,403.9999999999995,100.0,1000,0,1000,0.2143582080025226,915,0,0,0,0,0,0,0,1,0,0,0,0,0,0,0,35,1,0,3,0,0,0,0,5,0,2,0,0,0,0,1,37,0.2615981698036194,0.04322581738233566,0.4409741759300232,0.17491771280765533,0.01209
997,48919.0,847.0,49766.0,49766.0,0.9829803480287747,7.0,0.007,86.0,40319.0,36.0,50.0,4.0,3.0,23695.0,25224.0,128.0,706.6190333366394,0.0,91.79465624690056,40319.0,403.1900000000005,100.0,1000,0,1000,0.21737508289515972,914,0,0,0,0,0,0,0,0,0,0,0,0,0,0,0,36,7,0,0,0,0,0,0,2,0,0,0,0,0,0,4,37,0.47252145409584045,0.03877278044819832,0.8713589310646057,0.15993987023830414,0.012072
998,50375.0,776.0,51151.0,51151.0,0.9848292311000763,10.0,0.01,80.0,42375.0,39.0,41.0,4.0,6.0,26212.0,24163.0,422.0,488.0,378.0,292.5,42375.0,423.74999999999943,100.0,1000,0,1000,0.2142623330000788,920,0,0,0,0,0,0,0,0,0,0,0,0,0,0,0,39,3,0,1,0,0,0,0,0,0,0,0,0,0,0,3,34,0.20952437818050385,-0.04485023021697998,0.5133787393569946,0.19203247129917145,0.012053999999999999
999,50743.0,1037.0,51780.0,51780.0,0.9799729625337968,14.0,0.014,83.0,42443.0,38.0,45.0,5.0,9.0,24725.0,26018.0,736.0,718.09375,64.0,81.90625,42443.0,424.43,100.0,1000,0,1000,0.21643187501467764,917,0,0,0,0,0,0,0,0,0,0,0,0,0,0,0,38,3,0,0,0,0,0,0,3,0,0,0,0,0,0,1,38,0.33479779958724976,0.07787932455539703,0.5179088711738586,0.16915692389011383,0.012035999999999998
1000,49144.0,732.0,49876.0,49876.0,0.9853236025342851,13.0,0.013,78.0,41344.0,35.0,43.0,8.0,5.0,23608.0,25536.0,315.0,705.1875,485.0,72.220458984375,41344.0,413.44000000000045,100.0,1000,0,1000,0.21455187490209937,922,0,0,0,0,0,0,0,0,0,0,0,0,0,0,0,35,2,0,1,0,0,0,0,1,0,0,0,0,0,0,1,38,0.21203525364398956,0.08443490415811539,0.25976085662841797,0.18972143530845642,0.012017999999999997
1001,49132.0,1119.0,50251.0,50251.0,0.9777317864321108,14.0,0.014,78.0,41332.0,38.0,40.0,6.0,8.0,24321.0,24811.0,677.0,530.3668212890625,123.0,269.6331787109375,41332.0,413.32,100.0,1000,0,1000,0.2168999589048326,922,1,0,0,0,0,0,0,0,0,1,0,0,0,0,0,36,2,0,0,0,0,0,0,1,0,0,0,0,0,0,1,36,0.35253846645355225,0.001722463290207088,0.7061442732810974,0.18801036477088928,0.012
1002,48512.0,2396.0,50908.0,50908.0,0.9529347057436945,16.0,0.016,85.0,40012.0,36.0,49.0,11.0,5.0,23653.0,24859.0,735.0,598.4237141609192,65.0,201.5762858390808,40012.0,400.11999999999966,100.0,1000,0,1000,0.21755870897322893,915,0,0,0,0,0,0,0,0,0,0,0,0,0,0,0,36,4,0,1,0,0,0,0,5,0,0,0,0,0,0,3,36,0.3767569363117218,-0.018155336380004883,0.7937874794006348,0.1653696745634079,0.011982
1003,49631.0,1162.0,50793.0,50793.0,0.9771228318862836,16.0,0.016,75.0,42131.0,38.0,37.0,8.0,8.0,24934.0,24697.0,673.0,635.0,127.0,165.0,42131.0,421.3099999999997,100.0,1000,0,1000,0.21564608300104737,925,0,0,0,0,0,0,0,0,0,0,0,0,0,0,0,38,0,0,0,0,0,0,0,0,0,0,0,0,0,0,1,36,0.25204282999038696,0.07526037842035294,0.35750719904899597,0.16475652158260345,0.011963999999999999
1004,48765.0,871.0,49636.0,49636.0,0.9824522523974535,16.0,0.016,77.0,41065.0,36.0,41.0,6.0,10.0,23665.0,25100.0,670.0,581.109375,130.0,218.890625,41065.0,410.6499999999999,100.0,1000,0,1000,0.2176607500296086,923,0,0,0,0,0,0,0,0,0,0,0,1,0,0,0,35,1,0,0,0,0,0,0,3,0,0,0,0,0,0,1,36,0.19342446327209473,0.002499582478776574,0.38615742325782776,0.1802970916032791,0.011946000000000002
1005,49023.0,1179.0,50202.0,50202.0,0.9765148798852635,20.0,0.02,74.0,41623.0,38.0,36.0,11.0,9.0,25653.0,23370.0,632.0,485.5,168.0,157.25,41623.0,416.2299999999997,100.0,1000,0,1000,0.21584808314219117,926,0,0,0,0,0,0,0,0,0,0,0,0,0,0,0,38,0,0,0,0,0,0,0,1,0,2,0,0,0,0,0,33,0.0797615498304367,-0.04443700984120369,0.2520872950553894,0.1546858698129654,0.011927999999999998
1006,49016.0,789.0,49805.0,49805.0,0.9841582170464813,12.0,0.012,73.0,41716.0,39.0,34.0,5.0,7.0,25226.0,23790.0,478.0,608.0,322.0,192.0,41716.0,417.1599999999996,100.0,1000,0,1000,0.21772062499076128,927,0,0,0,0,1,0,0,0,0,0,0,0,0,0,0,38,0,0,0,0,0,0,0,0,0,0,0,0,0,0,0,34,0.0926559790968895,-0.06216355040669441,0.313473105430603,0.16095954179763794,0.011909999999999997
1007,49002.0,906.0,49908.0,49908.0,0.9818465977398413,15.0,0.015,73.0,41702.0,36.0,37.0,4.0,11.0,23291.0,25711.0,265.0,175.0,158.5,0.0,41702.0,417.019999999999,100.0,1000,0,1000,0.21713600005023181,927,0,0,0,0,0,0,0,0,0,0,0,1,0,0,0,35,0,0,0,0,0,0,0,0,0,0,0,0,0,0,0,37,0.21477901935577393,0.06245914474129677,0.3090827465057373,0.18680526316165924,0.011892
1008,49290.0,915.0,50205.0,50205.0,0.9817747236331043,15.0,0.015,75.0,41790.0,38.0,37.0,4.0,11.0,25345.0,23945.0,444.0,460.078125,356.0,21.2451171875,41790.0,417.90000000000003,100.0,1000,0,1000,0.22912895819172263,925,0,0,0,0,0,0,0,0,0,0,0,0,0,0,0,38,1,0,0,0,0,0,0,2,0,0,0,0,0,0,1,33,0.0905502662062645,-0.0010294554522261024,0.1873907893896103,0.17817726731300354,0.011874
1009,49075.0,1020.0,50095.0,50095.0,0.9796386864956582,14.0,0.014,77.0,41375.0,41.0,36.0,5.0,9.0,25467.0,23608.0,569.0,352.0,231.0,47.6875,41375.0,413.7500000000001,100.0,1000,0,1000,0.21537162503227592,923,0,0,0,0,0,0,0,1,0,0,0,0,0,0,0,40,0,0,0,0,0,0,0,1,0,0,0,0,0,0,1,34,0.24573372304439545,0.020372925326228142,0.45424577593803406,0.14862488210201263,0.011855999999999998
1010,49756.0,932.0,50688.0,50688.0,0.9816130050505051,16.0,0.016,76.0,42156.0,37.0,39.0,7.0,9.0,23730.0,26026.0,195.0,719.8671875,64.0,80.1328125,42156.0,421.5599999999999,100.0,1000,0,1000,0.2180659999139607,924,1,0,0,0,0,0,0,0,0,0,0,0,0,0,0,36,0,0,0,0,0,0,0,0,0,0,0,0,0,0,2,37,0.15452134609222412,0.04296780750155449,0.227049320936203,0.1665087342262268,0.011838000000000001
1011,50437.0,472.0,50909.0,50909.0,0.9907285548724194,8.0,0.008,77.0,42737.0,38.0,39.0,3.0,5.0,25176.0,25261.0,370.0,637.0,430.0,163.0,42737.0,427.36999999999983,100.0,1000,0,1000,0.21598404203541577,923,0,0,0,0,0,0,0,0,0,0,0,0,0,0,0,38,0,0,0,0,0,0,0,0,0,0,0,0,0,0,0,39,0.15155649185180664,0.06708409637212753,0.17238812148571014,0.1456572562456131,0.01182
1012,48322.0,1925.0,50247.0,50247.0,0.9616892550799052,19.0,0.019,73.0,41022.0,36.0,37.0,5.0,14.0,23357.0,24965.0,703.0,467.0,97.0,333.0,41022.0,410.2200000000004,100.0,1000,0,1000,0.21803104202263057,927,0,0,0,0,0,0,0,0,0,0,0,0,0,0,0,36,0,0,0,0,0,0,0,0,0,0,0,0,0,0,0,37,0.21967919170856476,-0.0036376467905938625,0.44999346137046814,0.14234061539173126,0.011801999999999997
1013,49017.0,1757.0,50774.0,50774.0,0.9653956749517469,19.0,0.019,73.0,41717.0,35.0,38.0,10.0,9.0,23872.0,25145.0,436.0,620.0,364.0,180.0,41717.0,417.16999999999945,100.0,1000,0,1000,0.21899970807135105,927,0,0,0,0,0,0,0,0,0,0,0,0,0,0,0,35,0,0,0,0,0,0,0,0,0,0,0,0,0,0,1,37,0.36615535616874695,0.0916743129491806,0.5523219704627991,0.14256049692630768,0.011784
1014,50043.0,585.0,50628.0,50628.0,0.9884451291775302,10.0,0.01,76.0,42443.0,42.0,34.0,6.0,4.0,26983.0,23060.0,700.0,548.0,100.0,252.0,42443.0,424.4299999999994,100.0,1000,0,1000,0.2153469161130488,924,0,0,0,0,0,0,0,0,0,0,0,0,0,0,0,42,0,0,0,0,0,0,0,1,0,0,0,0,0,0,0,33,0.2805444896221161,0.09264650195837021,0.38025984168052673,0.18969355523586273,0.011765999999999999
1015,49360.0,771.0,50131.0,50131.0,0.9846202948275519,14.0,0.014,75.0,41860.0,39.0,36.0,5.0,9.0,24811.0,24549.0,220.0,462.8125,65.0,337.1875,41860.0,418.6000000000008,100.0,1000,0,1000,0.21805999986827374,925,0,0,0,0,0,0,0,0,0,0,0,0,0,0,0,39,0,0,0,0,0,0,0,1,0,0,0,0,0,0,2,33,0.24225498735904694,0.08699560165405273,0.3143247961997986,0.1619865596294403,0.011747999999999998
1016,49777.0,608.0,50385.0,50385.0,0.9879329165426218,10.0,0.01,75.0,42277.0,39.0,36.0,3.0,7.0,25104.0,24673.0,492.0,638.0,308.0,162.0,42277.0,422.77,100.0,1000,0,1000,0.2154738751705736,925,0,0,0,0,0,0,0,0,0,0,0,0,0,0,0,39,0,0,0,0,0,0,0,0,0,0,1,0,0,0,0,35,0.19635742902755737,0.04528197646141052,0.30611541867256165,0.16898994147777557,0.01173
1017,49541.0,1426.0,50967.0,50967.0,0.9720211116997273,22.0,0.022,73.0,42241.0,36.0,37.0,5.0,17.0,23486.0,26055.0,544.0,457.0,256.0,343.0,42241.0,422.4100000000001,100.0,1000,0,1000,0.21780516696162522,927,0,0,0,0,0,0,0,0,0,0,0,0,0,0,0,36,0,0,0,0,0,0,0,0,0,0,0,0,0,0,0,37,0.25587666034698486,0.01653195172548294,0.48255282640457153,0.16493363678455353,0.011712
1018,49274.0,444.0,49718.0,49718.0,0.9910696327285893,9.0,0.009,73.0,41974.0,38.0,35.0,3.0,6.0,25265.0,24009.0,446.0,724.8125,354.0,75.1875,41974.0,419.7399999999988,100.0,1000,0,1000,0.21757620782591403,927,0,0,0,0,0,0,0,0,0,0,0,0,0,0,0,38,0,0,0,0,0,0,0,0,0,0,0,0,0,0,1,34,0.12790510058403015,-0.03827476128935814,0.33656027913093567,0.1796022355556488,0.011694
1019,47633.0,2079.0,49712.0,49712.0,0.9581791116832958,14.0,0.014,75.0,40133.0,41.0,34.0,7.0,7.0,25466.0,22167.0,127.0,522.0,0.0,278.0,40133.0,401.32999999999913,100.0,1000,0,1000,0.2166684998665005,925,0,0,0,0,0,0,0,0,0,0,0,0,0,0,0,41,0,0,0,0,0,0,0,0,0,0,0,0,0,0,0,34,0.22901540994644165,-0.09721238911151886,0.6554870009422302,0.12981350719928741,0.011675999999999999
1020,50864.0,1100.0,51964.0,51964.0,0.97883149872989,15.0,0.015,77.0,43164.0,38.0,39.0,5.0,10.0,24961.0,25903.0,543.0,635.0,257.0,165.0,43164.0,431.63999999999965,100.0,1000,0,1000,0.21756645804271102,923,0,0,0,0,0,0,0,0,0,1,0,0,0,0,0,37,0,0,0,0,0,0,0,0,0,0,0,0,0,0,0,39,0.22717487812042236,0.0344417430460453,0.38895031809806824,0.1494273692369461,0.011657999999999998
1021,47683.0,1141.0,48824.0,48824.0,0.9766303457316075,17.0,0.017,72.0,40483.0,37.0,35.0,10.0,7.0,24235.0,23448.0,327.0,741.0,473.0,59.0,40483.0,404.83000000000044,100.0,1000,0,1000,0.21539029199630022,928,0,0,0,0,0,0,0,0,0,0,0,1,0,0,0,36,0,0,0,0,0,0,0,1,0,0,0,0,0,0,0,34,0.21051479876041412,-0.026861846446990967,0.4783051013946533,0.1525697559118271,0.011639999999999998
1022,47940.0,2089.0,50029.0,50029.0,0.958244218353355,20.0,0.02,70.0,40940.0,36.0,34.0,10.0,10.0,24700.0,23240.0,392.0,301.0,408.0,0.0,40940.0,409.40000000000003,100.0,1000,0,1000,0.21493504103273153,930,0,0,0,0,0,0,0,0,0,0,0,0,0,0,0,36,0,0,0,0,0,0,0,0,0,0,0,0,0,0,0,34,0.34107324481010437,0.05370357632637024,0.5784041285514832,0.15766550600528717,0.011622
1023,50055.0,895.0,50950.0,50950.0,0.9824337585868499,16.0,0.016,74.0,42655.0,38.0,36.0,4.0,12.0,25212.0,24843.0,416.0,607.0,384.0,193.0,42655.0,426.5500000000004,100.0,1000,0,1000,0.21571804117411375,926,0,0,0,0,0,0,0,0,0,0,0,0,0,0,0,38,0,0,0,0,0,0,0,0,0,0,0,0,0,0,0,36,0.24266362190246582,0.043316490948200226,0.4010598957538605,0.1019321158528328,0.011604
1024,49248.0,2532.0,51780.0,51780.0,0.9511008111239861,23.0,0.023,72.0,42048.0,38.0,34.0,12.0,11.0,25138.0,24110.0,57.0,381.0,56.0,419.0,42048.0,420.47999999999945,100.0,1000,0,1000,0.21543962508440018,928,0,0,0,0,0,0,0,0,0,0,0,0,0,0,0,38,0,0,0,0,0,0,0,0,0,0,0,0,0,0,0,34,0.3933466374874115,0.10781550407409668,0.5740399360656738,0.12850210070610046,0.011585999999999999
1025,47774.0,1771.0,49545.0,49545.0,0.9642547179331921,20.0,0.02,70.0,40774.0,33.0,37.0,7.0,13.0,22748.0,25026.0,256.0,556.0,544.0,244.0,40774.0,407.74000000000035,100.0,1000,0,1000,0.21740208403207362,930,0,0,0,0,0,0,0,0,0,0,0,0,0,0,0,33,0,0,0,0,0,0,0,0,0,0,0,0,0,0,0,37,0.14709706604480743,-0.08991248160600662,0.47745731472969055,0.14860838651657104,0.011567999999999998
1026,48617.0,1181.0,49798.0,49798.0,0.9762841881200048,18.0,0.018,70.0,41617.0,35.0,35.0,11.0,7.0,24242.0,24375.0,613.0,599.0,187.0,201.0,41617.0,416.1699999999994,100.0,1000,0,1000,0.21742474986240268,930,0,0,0,0,0,0,0,0,0,0,0,0,0,0,0,35,0,0,0,0,0,0,0,0,0,0,0,0,0,0,0,35,0.06597951799631119,-0.11653342097997665,0.36900025606155396,0.17205126583576202,0.011549999999999998
1027,49183.0,1626.0,50809.0,50809.0,0.9679977956661221,21.0,0.021,73.0,41883.0,35.0,38.0,9.0,12.0,23681.0,25502.0,97.0,463.0,0.0,337.0,41883.0,418.83000000000067,100.0,1000,0,1000,0.21760479221120477,927,0,0,0,0,0,0,0,0,0,0,0,0,0,0,0,35,1,0,0,0,0,0,0,0,0,0,0,0,0,0,0,37,0.30167356133461,0.019662009552121162,0.5673444867134094,0.14400824904441833,0.011531999999999997
1028,47544.0,1076.0,48620.0,48620.0,0.9778691896338955,17.0,0.017,69.0,40644.0,35.0,34.0,8.0,9.0,24216.0,23328.0,80.0,548.0,204.875,252.0,40644.0,406.43999999999994,100.0,1000,0,1000,0.21493991720490158,931,0,0,0,0,0,0,0,0,0,0,0,0,1,0,0,34,0,0,0,0,0,0,0,0,0,0,0,0,0,0,0,34,0.15316903591156006,0.05486840754747391,0.20035947859287262,0.1632024645805359,0.011514
1029,49571.0,862.0,50433.0,50433.0,0.982908016576448,14.0,0.014,71.0,42471.0,35.0,36.0,7.0,7.0,24332.0,25239.0,542.0,579.0,258.0,221.0,42471.0,424.7099999999997,100.0,1000,0,1000,0.2174694158602506,929,0,0,0,0,0,0,0,0,0,0,0,0,0,0,0,35,0,0,0,0,0,0,0,0,0,0,0,0,0,0,0,36,0.05693981423974037,-0.013934465125203133,0.1450326293706894,0.14283567667007446,0.011496
1030,50237.0,1584.0,51821.0,51821.0,0.9694332413500318,19.0,0.019,72.0,43037.0,37.0,35.0,8.0,11.0,25426.0,24811.0,710.0,408.0,90.0,392.0,43037.0,430.3699999999998,100.0,1000,1,999,0.21607512491755188,928,0,0,0,0,0,0,0,0,0,0,0,0,0,0,0,37,0,0,0,0,0,0,0,0,0,0,0,0,0,0,0,35,0.27646541595458984,0.02536100335419178,0.5050056576728821,0.1218336671590805,0.011477999999999999
1031,48781.0,1999.0,50780.0,50780.0,0.9606341079165026,17.0,0.017,70.0,41781.0,32.0,38.0,8.0,9.0,22756.0,26025.0,361.0,653.0,439.0,147.0,41781.0,417.8100000000001,100.0,1000,0,1000,0.21775920898653567,930,0,0,0,0,0,0,0,0,0,0,0,0,0,0,0,32,0,0,0,0,0,0,0,0,0,0,0,0,0,0,0,38,0.27999669313430786,0.026383686810731888,0.510458767414093,0.14104606211185455,0.011459999999999998
1032,49217.0,2035.0,51252.0,51252.0,0.9602942324201983,27.0,0.027,71.0,42117.0,35.0,36.0,14.0,13.0,25301.0,23916.0,190.0,175.0,610.0,104.0,42117.0,421.1699999999996,100.0,1000,1,999,0.21730149979703128,929,0,0,0,0,0,0,0,0,0,0,0,0,0,0,0,35,1,0,0,0,0,0,0,0,0,0,0,0,0,0,0,35,0.1662680208683014,-0.0274601299315691,0.39133498072624207,0.16949309408664703,0.011441999999999997
1033,47977.0,1975.0,49952.0,49952.0,0.9604620435618193,29.0,0.029,69.0,41077.0,36.0,33.0,18.0,11.0,25437.0,22540.0,554.0,549.0,246.0,251.0,41077.0,410.77000000000004,100.0,1000,0,1000,0.21831616712734103,931,1,0,0,0,0,0,0,0,0,0,0,0,0,0,0,35,0,0,0,0,0,0,0,0,0,0,0,0,0,0,0,33,0.24740657210350037,0.05735306069254875,0.3834524154663086,0.14642006158828735,0.011424
1034,49660.0,819.0,50479.0,50479.0,0.9837754313674993,14.0,0.014,72.0,42460.0,37.0,35.0,10.0,4.0,25923.0,23737.0,689.0,718.0,111.0,82.0,42460.0,424.60000000000105,100.0,1000,0,1000,0.21709574991837144,928,0,0,0,0,0,0,0,0,0,0,0,0,0,0,0,37,0,0,0,0,0,0,0,0,0,0,0,0,0,0,0,35,0.17775201797485352,-0.007084815762937069,0.3732127249240875,0.15513965487480164,0.011406
1035,49217.0,1550.0,50767.0,50767.0,0.9694683554277385,21.0,0.021,72.0,42017.0,35.0,37.0,10.0,11.0,24239.0,24978.0,450.0,124.0,350.0,0.0,42017.0,420.1699999999998,100.0,1000,0,1000,0.2161964161787182,928,0,0,0,0,0,0,0,0,0,0,0,0,0,0,0,35,0,0,0,0,0,0,0,0,0,0,0,0,0,0,0,37,0.255853533744812,0.004737050272524357,0.5057451128959656,0.1542026400566101,0.011387999999999999
1036,48868.0,2028.0,50896.0,50896.0,0.9601540396101855,28.0,0.028,70.0,41868.0,31.0,39.0,19.0,9.0,22674.0,26194.0,332.0,467.0,468.0,333.0,41868.0,418.6799999999995,100.0,1000,0,1000,0.2178522909525782,930,0,0,0,0,0,0,0,0,0,0,0,0,0,0,0,31,0,0,0,0,0,0,0,0,0,0,0,0,0,0,0,39,0.13685420155525208,-0.02160961925983429,0.32025426626205444,0.1462894082069397,0.011370000000000002
1037,48935.0,1281.0,50216.0,50216.0,0.9744902023259518,21.0,0.021,72.0,41735.0,37.0,35.0,16.0,5.0,26054.0,22881.0,443.0,578.0,357.0,222.0,41735.0,417.3500000000005,100.0,1000,0,1000,0.22617949987761676,928,0,0,0,0,0,0,0,0,0,0,0,0,0,0,0,37,0,0,1,0,0,0,0,0,0,0,0,0,0,0,0,34,0.2597105801105499,0.05088912323117256,0.42085000872612,0.14125655591487885,0.011352000000000001
1038,48975.0,850.0,49825.0,49825.0,0.982940291018565,15.0,0.015,72.0,41775.0,37.0,35.0,10.0,5.0,25383.0,23592.0,526.0,664.0,274.0,136.0,41775.0,417.7500000000005,100.0,1000,0,1000,0.21848754188977182,928,0,0,0,0,0,0,0,0,0,0,0,0,0,0,0,37,0,0,0,0,0,0,0,0,0,0,0,0,0,0,0,35,0.18254785239696503,0.06267016381025314,0.24354201555252075,0.16704823076725006,0.011333999999999997
1039,50142.0,858.0,51000.0,51000.0,0.9831764705882353,16.0,0.016,72.0,42942.0,37.0,35.0,12.0,4.0,26345.0,23797.0,355.0,106.0,445.0,0.0,42942.0,429.42000000000036,100.0,1000,0,1000,0.21612716605886817,928,0,0,0,0,0,0,0,0,0,0,0,0,0,0,0,37,0,0,0,0,0,0,0,0,0,0,0,0,0,0,0,35,0.07633966952562332,-0.023791439831256866,0.20434916019439697,0.18058215081691742,0.011316
1040,48717.0,1962.0,50679.0,50679.0,0.9612857396554786,19.0,0.019,73.0,41417.0,36.0,37.0,6.0,13.0,24053.0,24664.0,696.0,499.0,104.0,301.0,41417.0,414.1699999999995,100.0,1000,0,1000,0.21563216694630682,927,0,0,0,0,0,0,0,1,0,0,0,0,0,0,0,35,0,0,0,0,0,0,0,0,0,0,0,0,0,0,1,36,0.4567960202693939,0.02856893464922905,0.8595088720321655,0.1351875215768814,0.011297999999999999
1041,47532.0,1535.0,49067.0,49067.0,0.9687162451342043,15.0,0.015,71.0,40432.0,35.0,36.0,5.0,10.0,23341.0,24191.0,21.0,494.0,32.0,306.0,40432.0,404.3200000000002,100.0,1000,0,1000,0.21589512494392693,929,0,0,0,0,0,0,0,0,0,0,0,0,0,0,0,35,0,0,1,0,0,0,0,0,0,0,0,0,0,0,0,35,0.23672905564308167,0.018768545240163803,0.4390256106853485,0.13761554658412933,0.011279999999999998
1042,48654.0,1263.0,49917.0,49917.0,0.9746979986778052,19.0,0.019,70.0,41654.0,36.0,34.0,9.0,10.0,25044.0,23610.0,60.0,177.0,0.0,623.0,41654.0,416.53999999999945,100.0,1000,0,1000,0.2176527502015233,930,0,0,0,0,0,0,0,0,0,0,0,0,0,0,0,36,0,0,0,0,0,0,0,0,0,0,0,0,0,0,0,34,0.0929373949766159,-0.0784490555524826,0.34630298614501953,0.15672563016414642,0.011262000000000001
1043,50094.0,577.0,50671.0,50671.0,0.9886128160091571,10.0,0.01,73.0,42794.0,39.0,34.0,6.0,4.0,26238.0,23856.0,7.0,303.0,69.0,497.0,42794.0,427.93999999999943,100.0,1000,0,1000,0.2162715420126915,927,0,0,0,0,0,0,0,0,0,0,0,0,0,0,0,39,0,0,0,0,0,0,0,0,0,0,0,0,0,0,0,34,0.18971094489097595,-0.01997707225382328,0.4227031171321869,0.14794886112213135,0.011244
1044,49212.0,1116.0,50328.0,50328.0,0.9778254649499285,19.0,0.019,71.0,42112.0,38.0,33.0,10.0,9.0,26131.0,23081.0,572.0,497.0,228.0,303.0,42112.0,421.1199999999992,100.0,1000,0,1000,0.21526283281855285,929,0,0,0,0,0,0,0,0,0,0,0,0,0,0,0,38,0,0,0,0,0,0,0,0,0,0,0,0,0,0,0,33,0.17415650188922882,0.003249471541494131,0.3453236222267151,0.15631406009197235,0.011226
1045,47942.0,1592.0,49534.0,49534.0,0.9678604594823758,24.0,0.024,69.0,41042.0,33.0,36.0,14.0,10.0,23165.0,24777.0,680.0,56.0,120.0,36.0,41042.0,410.4199999999997,100.0,1000,0,1000,0.21640020911581814,931,0,0,0,0,0,0,0,0,0,0,0,0,0,0,0,33,0,0,0,0,0,0,0,0,0,0,0,0,0,0,1,35,0.28523674607276917,0.022483689710497856,0.5292674899101257,0.1677980124950409,0.011208
1046,48619.0,1054.0,49673.0,49673.0,0.9787812292392245,20.0,0.02,70.0,41619.0,34.0,36.0,9.0,11.0,24253.0,24366.0,279.0,454.0,521.0,346.0,41619.0,416.19000000000034,100.0,1000,0,1000,0.2151990830898285,930,0,0,0,0,0,0,0,0,0,0,0,0,0,0,0,34,0,0,0,0,0,0,0,0,0,0,0,0,0,0,0,36,0.054906461387872696,-0.07854992896318436,0.2702954411506653,0.1511465460062027,0.011189999999999999
1047,48698.0,1286.0,49984.0,49984.0,0.9742717669654289,22.0,0.022,71.0,41598.0,37.0,34.0,14.0,8.0,25150.0,23548.0,83.0,571.0,11.0,229.0,41598.0,415.98000000000013,100.0,1000,0,1000,0.21607158286496997,929,0,0,0,0,0,0,0,0,0,0,0,0,0,0,0,37,0,0,0,0,0,0,0,0,0,0,0,0,0,0,1,33,-0.03050691820681095,-0.08725068718194962,0.11709383130073547,0.1613987237215042,0.011171999999999998
1048,48881.0,1293.0,50174.0,50174.0,0.9742296807111253,16.0,0.016,73.0,41581.0,38.0,35.0,6.0,10.0,25277.0,23604.0,494.0,96.0,76.5,85.0,41581.0,415.80999999999995,100.0,1000,0,1000,0.21786412503570318,927,0,0,0,0,0,0,0,0,0,0,0,1,0,0,0,37,0,0,0,0,0,0,0,0,0,0,0,0,0,0,0,35,0.3591431975364685,0.03724728897213936,0.6471523642539978,0.15064503252506256,0.011154
1049,49034.0,1021.0,50055.0,50055.0,0.9796024373189491,15.0,0.015,72.0,41834.0,37.0,35.0,7.0,8.0,25635.0,23399.0,140.0,290.0,0.0,510.0,41834.0,418.3399999999992,100.0,1000,0,1000,0.21727062505669892,928,0,0,0,0,0,0,0,0,0,0,0,0,0,0,0,37,0,0,1,0,0,0,0,0,0,0,0,0,0,0,1,33,0.11569146066904068,-0.006667980458587408,0.24825821816921234,0.15891413390636444,0.011136
1050,48875.0,460.0,49335.0,49335.0,0.9906759906759907,8.0,0.008,73.0,41575.0,34.0,39.0,3.0,5.0,23077.0,25798.0,79.0,706.5625,56.0,93.4375,41575.0,415.74999999999926,100.0,1000,0,1000,0.2177935829386115,927,0,0,0,0,0,0,0,0,0,0,0,0,0,0,0,34,0,0,0,0,0,0,0,0,0,0,0,0,0,0,1,38,0.3261691629886627,0.09598614275455475,0.46349161863327026,0.14056622982025146,0.011118
1051,47391.0,1648.0,49039.0,49039.0,0.9663940944962173,18.0,0.018,71.0,40291.0,35.0,36.0,9.0,9.0,24079.0,23312.0,289.0,488.0,0.0,312.0,40291.0,402.9100000000002,100.0,1000,0,1000,0.21541229193098843,929,0,0,0,0,0,0,0,0,0,0,0,0,0,0,0,35,0,0,0,0,0,0,0,1,0,0,0,0,0,0,0,35,0.28449469804763794,-0.0011637745192274451,0.574775755405426,0.1558021605014801,0.011099999999999999
1052,49012.0,1006.0,50018.0,50018.0,0.9798872405933864,17.0,0.017,73.0,41712.0,37.0,36.0,9.0,8.0,25229.0,23783.0,686.0,526.5,114.0,273.5,41712.0,417.11999999999966,100.0,1000,0,1000,0.2177292921114713,927,0,0,0,0,0,0,0,0,0,0,0,0,0,0,0,37,0,0,0,0,0,0,0,1,0,0,0,0,0,0,0,35,0.1627923548221588,-0.023275254294276237,0.3757670223712921,0.16386021673679352,0.011081999999999998
1053,47783.0,1366.0,49149.0,49149.0,0.9722069625017803,19.0,0.019,72.0,40583.0,35.0,37.0,16.0,3.0,24072.0,23711.0,238.5,564.0,0.0,236.0,40583.0,405.82999999999987,100.0,1000,0,1000,0.2187029579654336,928,0,0,0,0,0,0,0,1,0,0,0,0,0,0,0,34,0,0,0,0,0,0,0,2,0,0,0,0,0,0,0,35,0.23287959396839142,-0.007481385953724384,0.48402640223503113,0.14933301508426666,0.011063999999999997
1054,49614.0,1311.0,50925.0,50925.0,0.9742562592047128,21.0,0.021,72.0,42414.0,36.0,36.0,8.0,13.0,25075.0,24539.0,551.0,389.0,249.0,411.0,42414.0,424.13999999999925,100.0,1000,0,1000,0.21732900012284517,928,0,0,0,0,0,0,0,0,0,0,0,0,0,0,0,36,0,0,0,0,0,0,0,1,0,0,0,0,0,0,0,35,0.10215174406766891,-0.06513728946447372,0.3380390703678131,0.15666310489177704,0.011046
1055,48982.0,1452.0,50434.0,50434.0,0.9712098980846254,23.0,0.023,72.0,41782.0,36.0,36.0,18.0,5.0,25165.0,23817.0,569.0,550.0,231.0,250.0,41782.0,417.81999999999977,100.0,1000,0,1000,0.21567133301869035,928,0,0,0,0,0,0,0,0,0,0,0,0,0,0,0,36,0,0,0,0,0,0,0,0,0,1,0,0,0,0,0,35,0.1883000135421753,0.08838517963886261,0.20292986929416656,0.14056091010570526,0.011028
1056,47912.0,1060.0,48972.0,48972.0,0.9783549783549783,15.0,0.015,71.0,40812.0,37.0,34.0,9.0,6.0,25634.0,22278.0,389.0,357.0,411.0,443.0,40812.0,408.1200000000006,100.0,1000,0,1000,0.21945166611112654,929,0,0,0,0,0,0,0,0,0,0,0,0,0,0,0,37,0,0,1,0,0,0,0,1,0,0,0,0,0,0,0,32,0.45830050110816956,0.13032308220863342,0.6593506932258606,0.15421752631664276,0.011009999999999999
1057,48541.0,522.0,49063.0,49063.0,0.9893606179809632,9.0,0.009,72.0,41341.0,35.0,37.0,5.0,4.0,24553.0,23988.0,388.0,800.0,412.0,0.0,41341.0,413.41000000000014,100.0,1000,0,1000,0.21761095803231,928,0,0,0,0,0,0,0,0,0,0,0,0,0,0,0,35,0,0,0,0,0,0,0,0,0,0,0,0,0,0,0,37,0.10661426186561584,0.00880621187388897,0.19879664480686188,0.1446758210659027,0.010992000000000002
1058,48276.0,1802.0,50078.0,50078.0,0.9640161348296657,24.0,0.024,69.0,41376.0,33.0,36.0,12.0,12.0,23198.0,25078.0,306.0,555.0,494.0,245.0,41376.0,413.75999999999937,100.0,1000,0,1000,0.21954362490214407,931,0,0,0,0,0,0,0,0,0,0,0,0,0,0,0,33,0,0,0,0,0,0,0,0,0,0,0,0,0,0,0,36,0.31499233841896057,0.020103244110941887,0.5937235355377197,0.17975829541683197,0.010973999999999998
1059,49151.0,1536.0,50687.0,50687.0,0.9696963718507704,19.0,0.019,72.0,41951.0,36.0,36.0,12.0,7.0,25481.0,23670.0,640.0,468.0,160.0,332.0,41951.0,419.5100000000001,100.0,1000,0,1000,0.21750362496823072,928,0,0,0,0,0,0,0,0,0,0,0,0,0,0,0,36,0,0,0,0,0,0,0,1,0,0,0,0,0,0,0,35,0.3478552997112274,0.00986999087035656,0.6792165637016296,0.1481366604566574,0.010955999999999997
1060,46978.0,1267.0,48245.0,48245.0,0.9737382112135973,19.0,0.019,69.0,40078.0,32.0,37.0,13.0,6.0,22310.0,24668.0,262.0,532.5,538.0,267.5,40078.0,400.78,100.0,1000,0,1000,0.217430624878034,931,0,0,0,0,0,0,0,0,0,0,0,0,0,0,0,32,0,0,0,0,0,0,0,0,0,0,0,0,0,0,1,36,0.10073539614677429,-0.0312288049608469,0.2664300799369812,0.11435707658529282,0.010938
1061,49771.0,1623.0,51394.0,51394.0,0.9684204381834456,22.0,0.022,73.0,42471.0,39.0,34.0,12.0,10.0,26300.0,23471.0,428.0,421.0,372.0,379.0,42471.0,424.7100000000003,100.0,1000,0,1000,0.2179099591448903,927,0,0,0,0,0,0,0,0,0,0,0,0,0,0,0,39,0,0,0,0,0,0,0,0,0,0,0,0,0,0,0,34,0.3784404397010803,0.03454215079545975,0.6908009648323059,0.13756348192691803,0.01092
1062,49563.0,1095.0,50658.0,50658.0,0.9783844604998223,17.0,0.017,72.0,42363.0,35.0,37.0,9.0,8.0,24360.0,25203.0,341.0,614.0,459.0,186.0,42363.0,423.6300000000004,100.0,1000,0,1000,0.2260033329948783,928,0,0,0,0,0,0,0,0,0,0,0,0,0,0,0,35,0,0,0,0,0,0,0,0,0,0,0,0,0,0,0,37,0.11385974287986755,-0.07250943779945374,0.3759040832519531,0.14518974721431732,0.010901999999999998
1063,48853.0,1147.0,50000.0,50000.0,0.97706,22.0,0.022,70.0,41853.0,35.0,35.0,14.0,8.0,24699.0,24154.0,180.0,439.0,620.0,361.0,41853.0,418.53000000000077,100.0,1000,0,1000,0.23018233408220112,930,0,0,0,0,0,0,0,0,0,0,0,0,0,0,0,35,0,0,0,0,0,0,0,0,0,0,0,0,0,0,0,35,0.08985022455453873,-0.08532514423131943,0.35327136516571045,0.1341707557439804,0.010884000000000001
1064,49238.0,959.0,50197.0,50197.0,0.9808952726258542,11.0,0.011,73.0,41938.0,34.0,39.0,5.0,6.0,23294.0,25944.0,346.0,407.0,454.0,393.0,41938.0,419.3799999999998,100.0,1000,0,1000,0.21735641709528863,927,0,0,0,0,0,0,0,0,0,0,0,0,0,0,0,34,0,0,0,0,0,0,0,0,0,0,0,0,0,0,0,39,0.19055809080600739,-0.0046973987482488155,0.39418312907218933,0.16897451877593994,0.010866
1065,49286.0,1053.0,50339.0,50339.0,0.9790818252249747,16.0,0.016,74.0,41886.0,38.0,36.0,9.0,7.0,25176.0,24110.0,364.0,418.0,436.0,382.0,41886.0,418.8600000000002,100.0,1000,0,1000,0.21542487479746342,926,0,0,0,0,0,0,0,0,0,0,0,0,0,0,0,38,0,0,0,0,0,0,0,0,0,0,0,0,0,0,0,36,0.48792004585266113,-0.03507149592041969,1.04929518699646,0.15265993773937225,0.010847999999999997
1066,50443.0,723.0,51166.0,51166.0,0.9858695227299379,10.0,0.01,77.0,42743.0,38.0,39.0,8.0,2.0,25081.0,25362.0,470.0,486.0,330.0,314.0,42743.0,427.4299999999995,100.0,1000,0,1000,0.21719808387570083,923,1,0,0,0,0,0,0,0,0,0,0,0,0,0,0,37,0,0,0,0,0,0,0,0,0,0,0,0,0,0,0,39,0.22839844226837158,0.030026182532310486,0.39966240525245667,0.13471367955207825,0.01083
1067,49532.0,913.0,50445.0,50445.0,0.9819010803845772,14.0,0.014,75.0,42032.0,36.0,39.0,8.0,6.0,24121.0,25411.0,713.0,478.0,87.0,322.0,42032.0,420.31999999999954,100.0,1000,0,1000,0.21737645799294114,925,0,0,0,0,0,0,0,0,0,0,0,1,0,0,0,35,0,0,0,0,0,0,0,1,0,0,0,0,0,0,0,38,0.2531088590621948,0.10180657356977463,0.30579501390457153,0.14754119515419006,0.010811999999999999
1068,49328.0,498.0,49826.0,49826.0,0.990005218159194,10.0,0.01,74.0,41928.0,36.0,38.0,4.0,6.0,23680.0,25648.0,525.0,174.0,275.0,0.0,41928.0,419.28000000000037,100.0,1000,0,1000,0.21988033293746412,926,0,0,0,0,0,0,0,0,0,0,0,0,0,0,0,36,0,0,0,0,0,0,0,0,0,0,0,0,0,0,0,38,0.09951023012399673,-0.03158498555421829,0.2656818926334381,0.16173160076141357,0.010793999999999998
1069,49399.0,642.0,50041.0,50041.0,0.9871705201734577,10.0,0.01,74.0,41999.0,34.0,40.0,7.0,3.0,23569.0,25830.0,541.0,158.0,259.0,0.0,41999.0,419.990000000001,100.0,1000,0,1000,0.21626966702751815,926,0,0,0,0,0,0,0,0,0,0,0,0,0,0,0,34,0,0,0,0,0,0,0,0,0,0,0,0,0,0,0,40,0.08021676540374756,-0.10509707033634186,0.37331560254096985,0.124718077480793,0.010776
1070,48624.0,933.0,49557.0,49557.0,0.9811731945032992,15.0,0.015,73.0,41324.0,34.0,39.0,11.0,4.0,23783.0,24841.0,148.0,679.0,652.0,121.0,41324.0,413.24,100.0,1000,0,1000,0.21470195800065994,927,0,0,0,0,0,0,0,0,0,0,0,0,0,0,0,34,0,0,0,0,0,0,0,1,0,0,0,0,0,0,1,37,0.23417599499225616,0.09425554424524307,0.28326308727264404,0.15905186533927917,0.010758
1071,47915.0,767.0,48682.0,48682.0,0.9842446900291689,13.0,0.013,73.0,40615.0,39.0,34.0,9.0,4.0,26471.0,21444.0,94.0,178.0,0.0,0.0,40615.0,406.1499999999995,100.0,1000,0,1000,0.21522420807741582,927,0,0,0,0,0,0,0,0,0,0,0,0,0,0,0,39,0,0,0,0,0,0,0,0,0,0,0,0,0,0,0,34,0.30415278673171997,0.08573886752128601,0.4406912326812744,0.17986105382442474,0.01074
1072,47533.0,681.0,48214.0,48214.0,0.9858754718546481,11.0,0.011,72.0,40333.0,35.0,37.0,6.0,5.0,23813.0,23720.0,593.0,483.0,207.0,317.0,40333.0,403.32999999999936,100.0,1000,0,1000,0.2166284159757197,928,0,0,0,0,0,0,0,0,0,0,0,0,0,0,0,35,0,0,0,0,0,0,0,0,0,0,0,0,0,0,0,37,0.3125532567501068,0.07989518344402313,0.46807727217674255,0.12876003980636597,0.010721999999999999
1073,50047.0,805.0,50852.0,50852.0,0.9841697475025565,6.0,0.006,75.0,42547.0,37.0,38.0,2.0,4.0,25333.0,24714.0,159.0,458.0,641.0,342.0,42547.0,425.46999999999946,100.0,1000,0,1000,0.21866433299146593,925,0,0,0,0,0,0,0,0,0,0,0,0,0,0,0,37,0,0,0,0,0,0,0,0,0,0,0,0,0,0,0,38,0.35475796461105347,-0.04785652831196785,0.8080977201461792,0.13400062918663025,0.010703999999999998
1074,48901.0,436.0,49337.0,49337.0,0.9911628189796704,8.0,0.008,74.0,41501.0,35.0,39.0,5.0,3.0,23565.0,25336.0,551.0,223.0,249.0,0.0,41501.0,415.0099999999998,100.0,1000,0,1000,0.21779300016351044,926,0,0,0,0,0,0,0,0,0,0,0,0,0,0,0,35,0,0,0,0,0,0,0,0,0,0,0,0,0,0,0,39,0.2559695541858673,0.0530690997838974,0.4091886281967163,0.158513605594635,0.010685999999999998
1075,49252.0,807.0,50059.0,50059.0,0.9838790227531513,14.0,0.014,72.0,42052.0,35.0,37.0,9.0,5.0,24073.0,25179.0,83.0,210.0,37.0,590.0,42052.0,420.52000000000004,100.0,1000,0,1000,0.2167220409028232,928,0,0,0,0,0,0,0,0,0,0,0,0,0,0,0,35,0,0,0,0,0,0,0,0,0,0,0,0,0,0,0,37,0.4164412319660187,0.12728524208068848,0.5815924406051636,0.1537512242794037,0.010668
1076,48359.0,820.0,49179.0,49179.0,0.9833262164745115,11.0,0.011,74.0,40959.0,35.0,39.0,7.0,4.0,23896.0,24463.0,177.0,231.0,623.0,284.5,40959.0,409.5899999999995,100.0,1000,0,1000,0.21536641707643867,926,1,0,0,0,0,0,0,0,0,0,0,0,0,0,0,34,1,0,0,0,0,0,0,1,0,0,0,0,0,0,0,37,0.1067143902182579,-0.09778528660535812,0.4120948910713196,0.1453305184841156,0.01065
1077,47117.0,2511.0,49628.0,49628.0,0.9494035625050374,24.0,0.024,70.0,40117.0,35.0,35.0,9.0,15.0,22988.0,24129.0,589.0,166.0,211.0,0.0,40117.0,401.17000000000075,100.0,1000,0,1000,0.2178876670077443,930,0,0,0,0,0,0,0,0,0,0,0,0,0,0,0,35,0,0,0,0,0,0,0,0,0,0,0,0,0,0,0,35,0.19423778355121613,-0.02616220898926258,0.4441078007221222,0.15555953979492188,0.010631999999999999
1078,49052.0,1485.0,50537.0,50537.0,0.9706155885786651,18.0,0.018,71.0,41952.0,37.0,34.0,12.0,6.0,25284.0,23768.0,363.0,124.0,437.0,676.0,41952.0,419.52000000000027,100.0,1000,0,1000,0.21627229102887213,929,0,0,0,0,0,0,0,0,0,0,0,0,0,0,0,37,0,0,0,0,0,0,0,0,0,0,0,0,0,0,0,34,0.2621300518512726,0.03819524869322777,0.450920969247818,0.14374244213104248,0.010613999999999998
1079,49207.0,953.0,50160.0,50160.0,0.9810007974481658,15.0,0.015,70.0,42207.0,34.0,36.0,12.0,3.0,24561.0,24646.0,319.0,479.0,481.0,321.0,42207.0,422.0699999999998,100.0,1000,0,1000,0.2190137088764459,930,0,0,0,0,0,0,0,0,0,0,0,0,0,0,0,34,0,0,0,0,0,0,0,0,0,0,0,0,0,0,0,36,0.17547404766082764,-0.006840545684099197,0.3686194121837616,0.18828918039798737,0.010595999999999998
1080,48278.0,797.0,49075.0,49075.0,0.9837595517065716,12.0,0.012,71.0,41178.0,35.0,36.0,5.0,7.0,23758.0,24520.0,639.0,578.0,161.0,222.0,41178.0,411.78000000000014,100.0,1000,0,1000,0.21489108400419354,929,0,0,0,0,0,0,0,0,0,0,0,0,0,0,0,35,0,0,0,0,0,0,0,0,0,0,0,0,0,0,0,36,0.26314419507980347,-0.027959289029240608,0.5854204297065735,0.15189328789710999,0.010577999999999997
1081,49275.0,1854.0,51129.0,51129.0,0.9637387783840873,21.0,0.021,73.0,41975.0,35.0,38.0,10.0,11.0,23959.0,25316.0,676.0,148.0,124.0,0.0,41975.0,419.7500000000006,100.0,1000,1,999,0.2169802081771195,927,0,0,0,0,0,0,0,0,0,0,0,0,0,0,0,35,0,0,0,0,0,0,0,0,0,0,0,0,0,0,0,38,0.19805535674095154,-0.11399102956056595,0.6270284056663513,0.13899821043014526,0.01056
1082,48300.0,1754.0,50054.0,50054.0,0.9649578455268311,21.0,0.021,71.0,41200.0,34.0,37.0,7.0,14.0,23557.0,24743.0,453.0,667.0,347.0,133.0,41200.0,412.00000000000057,100.0,1000,0,1000,0.21660774992778897,929,0,0,0,0,0,0,0,0,0,0,0,0,0,0,0,34,0,0,0,0,0,0,0,0,0,0,0,0,0,0,0,37,0.3492930233478546,-0.003096716245636344,0.7083507180213928,0.16937954723834991,0.010542
1083,48701.0,1617.0,50318.0,50318.0,0.9678643825271275,18.0,0.018,71.0,41601.0,35.0,36.0,5.0,13.0,23872.0,24829.0,489.0,290.0,311.0,510.0,41601.0,416.0099999999992,100.0,1000,0,1000,0.21688099997118115,929,0,0,0,0,0,0,0,0,0,0,0,0,0,0,0,35,0,0,0,0,0,0,0,0,0,0,0,0,0,0,0,36,0.32698774337768555,-0.022804412990808487,0.7028856873512268,0.15685132145881653,0.010523999999999999
1084,49319.0,683.0,50002.0,50002.0,0.9863405463781448,12.0,0.012,75.0,41819.0,36.0,39.0,6.0,6.0,24092.0,25227.0,43.0,525.0,0.0,275.0,41819.0,418.1899999999997,100.0,1000,0,1000,0.216304040979594,925,0,0,0,0,0,0,0,0,0,0,0,0,0,0,0,36,0,0,1,0,0,0,0,0,0,0,0,0,0,0,0,38,-0.03326141834259033,-0.0973098948597908,0.1309058964252472,0.1336827576160431,0.010506000000000001
1085,48697.0,1410.0,50107.0,50107.0,0.9718602191310596,18.0,0.018,72.0,41497.0,36.0,36.0,10.0,8.0,24737.0,23960.0,496.0,516.0,304.0,284.0,41497.0,414.96999999999997,100.0,1000,0,1000,0.2172523750923574,928,0,0,0,0,0,0,0,0,0,0,0,0,0,0,0,36,0,0,0,0,0,0,0,0,0,0,0,0,0,0,1,35,0.1753104329109192,-0.029531674459576607,0.4126216173171997,0.14003674685955048,0.010487999999999997
1086,48809.0,1814.0,50623.0,50623.0,0.9641664855895542,14.0,0.014,73.0,41509.0,36.0,37.0,11.0,3.0,24362.0,24447.0,412.0,545.0,388.0,255.0,41509.0,415.08999999999986,100.0,1000,0,1000,0.21522408304736018,927,0,0,0,0,0,0,0,0,0,0,0,0,0,0,0,36,0,0,0,0,0,0,0,0,0,0,0,0,0,0,0,37,0.31331655383110046,0.07352837920188904,0.4823646545410156,0.1331559121608734,0.010469999999999997
1087,49553.0,1063.0,50616.0,50616.0,0.9789987355776829,17.0,0.017,74.0,42153.0,35.0,39.0,12.0,5.0,23835.0,25718.0,641.0,705.0,159.0,95.0,42153.0,421.52999999999963,100.0,1000,0,1000,0.21700370800681412,926,0,0,0,0,0,0,0,0,0,0,0,0,0,0,0,35,0,0,0,0,0,0,0,0,0,0,0,0,0,0,1,38,0.08262444287538528,-0.07782025635242462,0.3237789273262024,0.13822853565216064,0.010452
1088,47929.0,1851.0,49780.0,49780.0,0.9628163921253515,25.0,0.025,71.0,40829.0,35.0,36.0,15.0,10.0,23755.0,24174.0,538.0,556.0,262.0,244.0,40829.0,408.28999999999945,100.0,1000,0,1000,0.2148278341628611,929,1,0,0,0,0,0,0,0,0,0,0,0,0,0,0,34,0,0,0,0,0,0,0,0,0,0,0,0,0,0,0,36,0.3865421712398529,0.12828810513019562,0.5193729996681213,0.1372869461774826,0.010433999999999999
1089,48421.0,1521.0,49942.0,49942.0,0.9695446718193104,19.0,0.019,71.0,41321.0,34.0,37.0,9.0,10.0,23881.0,24540.0,570.0,735.0,230.0,65.0,41321.0,413.2099999999993,100.0,1000,0,1000,0.21526750014163554,929,0,0,0,0,0,0,0,0,0,0,0,0,0,0,0,34,0,0,0,0,0,0,0,0,0,0,0,0,0,0,0,37,0.20116183161735535,-0.07623030990362167,0.5586907863616943,0.1875234842300415,0.010415999999999998
1090,48260.0,791.0,49051.0,49051.0,0.9838739271370615,10.0,0.01,73.0,40960.0,35.0,38.0,5.0,5.0,23947.0,24313.0,467.0,530.0,333.0,270.0,40960.0,409.5999999999998,100.0,1000,0,1000,0.2169901670422405,927,0,0,0,0,0,0,0,0,0,0,0,0,0,0,0,35,0,0,0,0,0,0,0,0,0,0,0,0,0,0,0,38,0.22945573925971985,-0.07732517272233963,0.6170418858528137,0.16734305024147034,0.010398000000000001
1091,47947.0,1288.0,49235.0,49235.0,0.9738397481466436,17.0,0.017,72.0,40747.0,34.0,38.0,13.0,4.0,23404.0,24543.0,467.0,800.0,333.0,0.0,40747.0,407.46999999999963,100.0,1000,0,1000,0.21485550003126264,928,1,0,0,0,0,0,0,0,0,0,0,0,0,0,0,33,0,0,0,0,0,0,0,0,0,0,0,0,0,0,0,38,0.4132368266582489,0.1013772264122963,0.627000093460083,0.15803782641887665,0.01038
1092,48028.0,1018.0,49046.0,49046.0,0.9792439750438364,10.0,0.01,74.0,40628.0,36.0,38.0,8.0,2.0,23442.0,24586.0,575.0,493.0,225.0,307.0,40628.0,406.2800000000001,100.0,1000,0,1000,0.21753549994900823,926,1,0,0,0,0,0,0,0,0,0,0,0,0,0,0,35,0,0,0,0,0,0,0,0,0,0,0,0,0,0,0,38,0.21019719541072845,-0.0651010274887085,0.5533764362335205,0.1341433972120285,0.010361999999999996
1093,48915.0,1135.0,50050.0,50050.0,0.9773226773226773,14.0,0.014,71.0,41815.0,35.0,36.0,10.0,4.0,24660.0,24255.0,226.0,218.0,574.0,582.0,41815.0,418.1499999999995,100.0,1000,0,1000,0.21817895793356,929,0,0,0,0,0,0,0,0,0,0,0,0,0,0,0,35,0,0,0,0,0,0,0,0,0,0,0,0,0,0,0,36,0.28715214133262634,0.03942660614848137,0.49894675612449646,0.16897203028202057,0.010343999999999999
1094,49256.0,236.0,49492.0,49492.0,0.9952315525741534,5.0,0.005,76.0,41656.0,35.0,41.0,3.0,2.0,23683.0,25573.0,464.0,444.0,336.0,356.0,41656.0,416.55999999999983,100.0,1000,0,1000,0.21666158293373883,924,0,0,0,0,0,0,0,0,0,0,0,0,0,0,0,35,0,0,0,0,0,0,0,0,0,0,0,0,0,0,0,41,0.15325692296028137,0.03201109543442726,0.24534636735916138,0.1382295936346054,0.010325999999999998
1095,50042.0,874.0,50916.0,50916.0,0.9828344724644512,12.0,0.012,74.0,42642.0,37.0,37.0,8.0,4.0,25665.0,24377.0,528.0,274.0,272.0,526.0,42642.0,426.4199999999996,100.0,1000,0,1000,0.21731620794162154,926,0,0,0,0,0,0,0,0,0,0,0,0,0,0,0,37,0,0,0,0,0,0,0,0,0,0,0,0,0,0,0,37,0.1476428210735321,-0.02824382111430168,0.3554050326347351,0.17616137862205505,0.010308000000000001
1096,49868.0,834.0,50702.0,50702.0,0.9835509447359079,13.0,0.013,77.0,42168.0,36.0,41.0,9.0,4.0,23462.0,26406.0,503.0,719.0,297.0,81.0,42168.0,421.67999999999995,100.0,1000,0,1000,0.2159993329551071,923,1,0,0,0,0,0,0,1,0,0,0,0,0,0,0,34,0,0,0,0,0,0,0,0,0,0,0,0,0,0,2,39,0.20008277893066406,-0.012006159871816635,0.4280770719051361,0.1894642412662506,0.01029
1097,47371.0,2335.0,49706.0,49706.0,0.9530237798253732,19.0,0.019,74.0,39971.0,35.0,39.0,15.0,4.0,22815.0,24556.0,407.0,400.0,393.0,400.0,39971.0,399.7099999999995,100.0,1000,0,1000,0.21731774997897446,926,1,0,0,0,0,0,0,0,0,0,0,0,0,0,0,34,0,0,0,0,0,0,0,0,0,0,0,0,0,0,0,39,0.3142417371273041,-0.0420529730618,0.7161434888839722,0.1729957014322281,0.010272
1098,49558.0,137.0,49695.0,49695.0,0.997243183418855,3.0,0.003,78.0,41758.0,35.0,43.0,2.0,1.0,22599.0,26959.0,350.0,747.0,450.0,53.0,41758.0,417.58000000000084,100.0,1000,0,1000,0.21748233307152987,922,1,0,0,0,0,0,0,0,0,0,0,0,0,0,0,34,0,0,0,0,0,0,0,0,0,0,0,0,0,0,0,43,0.09920277446508408,-0.06948533654212952,0.3410964608192444,0.18140394985675812,0.010254
1099,48716.0,718.0,49434.0,49434.0,0.9854755836064247,13.0,0.013,75.0,41216.0,36.0,39.0,10.0,3.0,23738.0,24978.0,303.0,581.0,497.0,219.0,41216.0,412.15999999999883,100.0,1000,0,1000,0.21629270794801414,925,1,0,0,0,0,0,0,0,0,0,0,1,0,0,0,34,0,0,0,0,0,0,0,0,0,0,0,0,0,0,1,38,0.17918772995471954,0.01790853962302208,0.32507410645484924,0.12288595736026764,0.010235999999999999
1100,48663.0,993.0,49656.0,49656.0,0.9800024166263895,16.0,0.016,74.0,41263.0,35.0,39.0,10.0,6.0,24557.0,24106.0,481.0,605.0,319.0,195.0,41263.0,412.62999999999954,100.0,1000,0,1000,0.2180357079487294,926,0,0,0,0,0,0,0,0,0,0,0,0,0,0,0,35,0,0,1,0,0,0,0,0,0,0,0,0,0,0,0,38,0.20765309035778046,0.011635483242571354,0.3953356444835663,0.16150054335594177,0.010217999999999998
1101,49655.0,771.0,50426.0,50426.0,0.9847102685122754,11.0,0.011,75.0,42155.0,37.0,38.0,8.0,3.0,24644.0,25011.0,264.0,393.0,536.0,407.0,42155.0,421.5499999999993,100.0,1000,0,1000,0.21969708404503763,925,0,0,0,0,0,0,0,0,0,0,0,0,0,0,0,37,0,0,0,0,0,0,0,0,0,0,0,0,0,0,0,38,0.052453089505434036,-0.12970688939094543,0.367061585187912,0.1343936175107956,0.0102
1102,50623.0,704.0,51327.0,51327.0,0.986284022054669,13.0,0.013,78.0,42823.0,37.0,41.0,6.0,7.0,24557.0,26066.0,40.0,137.0,54.0,0.0,42823.0,428.23000000000036,100.0,1000,0,1000,0.21573445899412036,922,1,0,0,0,0,0,0,0,0,0,0,0,0,0,0,36,0,0,0,0,0,0,0,0,0,0,0,0,0,0,0,41,0.18120315670967102,0.032851431518793106,0.2997618317604065,0.150185227394104,0.010182
1103,51778.0,1281.0,53059.0,53059.0,0.9758570647769464,14.0,0.014,78.0,43978.0,40.0,38.0,7.0,7.0,26919.0,24859.0,614.0,297.0,186.0,0.0,43978.0,439.7800000000006,100.0,1000,0,1000,0.21575395809486508,922,0,0,0,0,0,0,0,0,0,0,0,0,0,0,0,40,0,0,0,0,0,0,0,0,0,0,0,0,0,0,0,38,0.4193369448184967,0.07008897513151169,0.7011247277259827,0.12932071089744568,0.010164
1104,48893.0,651.0,49544.0,49544.0,0.986860164702083,8.0,0.008,74.0,41493.0,37.0,37.0,6.0,2.0,25009.0,23884.0,183.0,480.51953125,617.0,319.48046875,41493.0,414.92999999999955,100.0,1000,0,1000,0.21849500015377998,926,1,0,0,0,0,0,0,0,0,0,0,0,0,0,0,36,1,0,0,0,0,0,0,0,0,0,0,0,0,0,1,35,0.02155441977083683,-0.11994560807943344,0.2862926125526428,0.1622588336467743,0.010145999999999999
1105,50082.0,1826.0,51908.0,51908.0,0.9648223780534793,19.0,0.019,78.0,42282.0,42.0,36.0,13.0,6.0,26587.0,23495.0,647.0,618.0,153.0,182.0,42282.0,422.82000000000056,100.0,1000,0,1000,0.21905274991877377,922,3,0,0,0,0,0,0,0,0,0,0,0,0,0,0,39,0,0,0,0,0,0,0,0,0,0,0,0,0,0,0,36,0.31583598256111145,0.05768555775284767,0.5193662047386169,0.15132904052734375,0.010127999999999998
1106,49520.0,974.0,50494.0,50494.0,0.9807105794747891,11.0,0.011,75.0,42020.0,37.0,38.0,8.0,3.0,25655.0,23865.0,497.0,446.0,303.0,354.0,42020.0,420.1999999999998,100.0,1000,0,1000,0.22249320801347494,925,0,0,0,0,0,0,0,0,0,0,0,0,0,0,0,37,0,2,0,0,0,0,0,0,0,0,0,0,0,0,0,36,0.29774850606918335,-0.0005355168832466006,0.5992722511291504,0.13373947143554688,0.010109999999999997
1107,49046.0,1742.0,50788.0,50788.0,0.9657005591872095,18.0,0.018,74.0,41646.0,35.0,39.0,11.0,7.0,23839.0,25207.0,118.5,128.625,681.5,0.0,41646.0,416.46000000000146,100.0,1000,0,1000,0.21618679189123213,926,1,0,0,0,0,0,0,0,0,0,0,0,0,0,0,34,0,1,0,0,0,0,0,0,0,0,0,0,0,0,1,37,0.2810474932193756,-0.03701842948794365,0.6385724544525146,0.12091817706823349,0.010092
1108,48370.0,735.0,49105.0,49105.0,0.985032074126871,12.0,0.012,71.0,41270.0,35.0,36.0,9.0,3.0,24165.0,24205.0,742.0,374.5,58.0,425.5,41270.0,412.70000000000005,100.0,1000,0,1000,0.21814029105007648,929,0,0,0,0,0,0,0,0,0,0,0,0,0,0,0,35,0,0,0,0,0,0,0,1,0,0,0,0,0,0,0,35,0.2331317961215973,0.04145995154976845,0.38638317584991455,0.15085765719413757,0.010074
1109,48361.0,1021.0,49382.0,49382.0,0.979324450204528,17.0,0.017,72.0,41161.0,36.0,36.0,14.0,3.0,24965.0,23396.0,342.0,555.484375,458.0,244.515625,41161.0,411.6099999999996,100.0,1000,0,1000,0.21877145790494978,928,0,0,0,0,0,0,0,0,0,0,0,0,0,0,0,36,0,0,0,0,0,0,0,0,0,0,0,1,0,0,1,34,0.1661601960659027,0.03857659548521042,0.2588258683681488,0.18191400170326233,0.010055999999999999
1110,47822.0,939.0,48761.0,48761.0,0.9807428067512971,12.0,0.012,70.0,40822.0,34.0,36.0,4.0,8.0,23609.0,24213.0,66.0,744.3125,11.0,55.6875,40822.0,408.21999999999946,100.0,1000,0,1000,0.21995654213242233,930,0,0,0,0,0,0,0,0,0,0,0,0,0,0,0,34,0,0,0,0,0,0,0,0,0,0,0,0,0,0,1,35,0.22346742451190948,-0.0650760605931282,0.5809329748153687,0.1915731281042099,0.010038000000000002
1111,47769.0,1249.0,49018.0,49018.0,0.9745195642417072,16.0,0.016,76.0,40169.0,34.0,42.0,9.0,7.0,23643.0,24126.0,567.0,299.7122802734375,233.0,500.2877197265625,40169.0,401.68999999999943,100.0,1000,0,1000,0.21585295791737735,924,0,0,0,0,0,0,0,0,0,0,0,0,0,0,0,34,0,6,0,0,0,0,0,0,0,0,0,0,0,0,1,35,0.10543423146009445,-0.12713024020195007,0.46819475293159485,0.15298466384410858,0.010019999999999998
1112,48997.0,898.0,49895.0,49895.0,0.9820022046297224,8.0,0.008,74.0,41597.0,37.0,37.0,4.0,4.0,24955.0,24042.0,440.0,509.0,360.0,291.0,41597.0,415.97000000000025,100.0,1000,0,1000,0.21872929111123085,926,0,0,0,0,0,0,0,0,0,0,0,0,0,0,0,37,0,1,0,0,0,0,0,0,0,0,0,0,0,0,0,36,0.30743393301963806,-0.056655850261449814,0.7312102913856506,0.151504784822464,0.010001999999999997
1113,48216.0,1076.0,49292.0,49292.0,0.9781708999431956,16.0,0.016,77.0,40516.0,35.0,42.0,12.0,4.0,24125.0,24091.0,672.0,687.0,128.0,113.0,40516.0,405.1599999999992,100.0,1000,0,1000,0.21850504190661013,923,0,0,0,0,0,0,0,0,0,0,0,0,0,0,0,35,0,5,0,0,0,0,0,0,0,0,0,0,0,0,0,37,0.3300698697566986,-0.06792477518320084,0.7985371351242065,0.12759633362293243,0.009984
1114,49429.0,2304.0,51733.0,51733.0,0.9554636305646299,24.0,0.024,73.0,42129.0,35.0,38.0,13.0,11.0,23981.0,25448.0,180.5,326.0,619.5,474.0,42129.0,421.29000000000036,100.0,1000,0,1000,0.21619149995967746,927,0,0,0,0,0,0,0,0,0,0,0,1,0,0,0,34,0,0,0,0,0,0,0,0,0,0,0,0,0,0,0,38,0.30681008100509644,-0.01928059570491314,0.6554715633392334,0.1650719791650772,0.009966
1115,49779.0,762.0,50541.0,50541.0,0.9849231317148454,12.0,0.012,76.0,42179.0,36.0,40.0,11.0,1.0,24320.0,25459.0,712.0,482.0,88.0,318.0,42179.0,421.7900000000002,100.0,1000,0,1000,0.21751420805230737,924,0,0,0,0,0,0,0,0,0,0,0,0,0,0,0,36,0,0,0,0,0,0,0,0,0,0,0,0,0,0,0,40,0.2814512550830841,0.04236128553748131,0.4819422662258148,0.1890982687473297,0.009947999999999999
1116,46994.0,2692.0,49686.0,49686.0,0.9458197480175502,23.0,0.023,71.0,39894.0,35.0,36.0,12.0,11.0,23481.0,23513.0,731.0,474.0,69.0,326.0,39894.0,398.9400000000002,100.0,1000,0,1000,0.21586683299392462,929,0,0,0,0,0,0,0,0,0,0,0,0,0,0,0,35,0,0,0,0,0,0,0,0,0,0,0,0,0,0,0,36,0.30150115489959717,0.0004844182403758168,0.6050834059715271,0.1535699963569641,0.009930000000000001
1117,50251.0,428.0,50679.0,50679.0,0.9915546873458434,6.0,0.006,79.0,42351.0,40.0,39.0,2.0,4.0,25926.0,24325.0,266.0,527.0,534.0,273.0,42351.0,423.51000000000005,100.0,1000,0,1000,0.21772420802153647,921,0,0,0,0,0,0,0,0,0,0,0,0,0,0,0,40,1,0,0,0,0,0,0,0,0,0,0,0,0,0,0,38,0.15359148383140564,0.03577042371034622,0.2384682297706604,0.1425592601299286,0.009912
1118,48460.0,1162.0,49622.0,49622.0,0.976582967232276,10.0,0.01,74.0,41060.0,36.0,38.0,4.0,6.0,24316.0,24144.0,93.0,479.0,0.0,321.0,41060.0,410.6000000000002,100.0,1000,0,1000,0.2177154580131173,926,0,0,0,0,0,0,0,0,0,0,0,0,0,0,0,36,0,0,0,0,0,0,0,0,0,0,0,0,0,0,1,37,0.2676179111003876,-0.045522890985012054,0.628753125667572,0.12489993125200272,0.009893999999999997
1119,49596.0,567.0,50163.0,50163.0,0.9886968482746247,10.0,0.01,75.0,42096.0,36.0,39.0,6.0,4.0,24293.0,25303.0,652.0,581.0,148.0,219.0,42096.0,420.9600000000002,100.0,1000,0,1000,0.21515299985185266,925,0,0,0,0,0,0,0,0,0,0,0,0,0,0,0,36,0,0,0,0,0,0,0,0,0,0,0,0,0,0,0,39,0.09712058305740356,-0.01001232024282217,0.21823100745677948,0.20074933767318726,0.009876
1120,49498.0,420.0,49918.0,49918.0,0.9915862013702472,8.0,0.008,79.0,41598.0,32.0,47.0,4.0,4.0,20960.0,28538.0,694.0,736.0,106.0,64.0,41598.0,415.98000000000076,100.0,1000,0,1000,0.21829783404245973,921,0,0,0,0,0,0,0,0,0,0,0,0,0,0,0,32,0,2,0,0,0,0,0,0,0,0,0,0,0,0,0,45,0.25925213098526,-0.030939269810914993,0.58335942029953,0.15097326040267944,0.009857999999999999
1121,49839.0,960.0,50799.0,50799.0,0.9811019901966574,14.0,0.014,76.0,42239.0,37.0,39.0,9.0,5.0,24721.0,25118.0,337.0,323.0,201.125,477.0,42239.0,422.38999999999913,100.0,1000,0,1000,0.21825179108418524,924,0,0,0,0,0,0,0,0,0,1,0,0,0,0,0,36,0,0,0,0,0,0,0,1,0,0,0,1,0,0,0,37,0.2854499816894531,0.10234438627958298,0.3691834509372711,0.15102997422218323,0.009839999999999998
1122,48541.0,581.0,49122.0,49122.0,0.9881723056878792,6.0,0.006,74.0,41141.0,35.0,39.0,2.0,4.0,23747.0,24794.0,536.0,725.0,264.0,75.0,41141.0,411.41000000000014,100.0,1000,0,1000,0.2162721659988165,926,0,0,0,0,0,0,0,0,0,0,0,0,0,0,0,35,0,2,0,0,0,0,0,0,0,0,0,0,0,0,0,37,0.2557029724121094,-0.01790921576321125,0.550568163394928,0.17021821439266205,0.009822000000000001
1123,49255.0,1249.0,50504.0,50504.0,0.9752692856011405,17.0,0.017,75.0,41755.0,35.0,40.0,8.0,9.0,24199.0,25056.0,185.0,800.0,615.0,0.0,41755.0,417.54999999999933,100.0,1000,0,1000,0.2168663339689374,925,0,0,0,0,0,0,0,0,0,0,0,0,0,0,0,35,0,1,0,0,0,0,0,1,0,0,0,0,0,0,1,37,0.14523816108703613,-0.032142382115125656,0.3582524061203003,0.17805474996566772,0.009804
1124,49532.0,761.0,50293.0,50293.0,0.9848686695961665,13.0,0.013,74.0,42132.0,38.0,36.0,9.0,4.0,25767.0,23765.0,395.0,543.625,405.0,256.375,42132.0,421.3200000000007,100.0,1000,0,1000,0.2151112910360098,926,0,0,0,0,0,0,0,0,0,0,0,0,0,0,0,38,0,0,0,0,0,0,0,0,0,0,0,0,0,0,1,35,0.15448755025863647,-0.020250217989087105,0.35203883051872253,0.130967915058136,0.009786
1125,49655.0,475.0,50130.0,50130.0,0.990524635946539,9.0,0.009,75.0,42155.0,36.0,39.0,5.0,4.0,24778.0,24877.0,283.0,322.2734375,517.0,153.931640625,42155.0,421.54999999999956,100.0,1000,0,1000,0.21376600000075996,925,0,0,0,0,0,0,0,0,0,0,0,0,0,0,0,36,0,0,1,0,0,0,0,0,0,0,0,1,0,0,1,36,0.015041066333651543,-0.14567779004573822,0.3244994580745697,0.1567232459783554,0.009767999999999999
1126,48950.0,460.0,49410.0,49410.0,0.9906901436956081,7.0,0.007,77.0,41250.0,40.0,37.0,6.0,1.0,24991.0,23959.0,699.0,458.91796875,101.0,341.08203125,41250.0,412.5,100.0,1000,0,1000,0.2139397079590708,923,2,0,0,0,0,0,0,0,0,0,0,0,0,0,0,38,0,0,0,0,0,0,0,0,0,0,0,0,0,0,2,35,0.0918792113661766,-0.022049294784665108,0.2309546321630478,0.15885241329669952,0.009749999999999998
1127,49501.0,530.0,50031.0,50031.0,0.9894065679278847,7.0,0.007,77.0,41801.0,38.0,39.0,3.0,4.0,25003.0,24498.0,168.0,497.15234375,41.0,302.84765625,41801.0,418.0100000000001,100.0,1000,0,1000,0.21367441583424807,923,0,0,0,0,0,0,0,0,0,0,0,0,0,0,0,38,0,1,0,0,0,0,0,0,0,0,0,0,0,0,2,36,0.21615035831928253,-0.02369711734354496,0.4828163981437683,0.1603703647851944,0.009731999999999998
1128,49412.0,862.0,50274.0,50274.0,0.9828539602975693,14.0,0.014,74.0,42012.0,37.0,37.0,12.0,2.0,25351.0,24061.0,26.0,774.0,0.0,26.0,42012.0,420.1200000000004,100.0,1000,0,1000,0.21743974997662008,926,0,0,0,0,0,0,0,0,0,0,0,0,0,0,0,37,0,0,0,0,0,0,0,0,0,0,0,0,0,0,0,37,0.10368932783603668,0.04208998754620552,0.1261662393808365,0.152747243642807,0.009714
1129,49657.0,301.0,49958.0,49958.0,0.9939749389487169,6.0,0.006,76.0,42057.0,38.0,38.0,2.0,4.0,24723.0,24934.0,671.0,336.625,129.0,28.9609375,42057.0,420.5700000000005,100.0,1000,0,1000,0.21731804101727903,924,1,0,0,0,0,0,0,0,0,0,0,1,0,0,0,36,0,0,0,0,0,0,0,0,0,0,0,0,0,0,2,36,0.036294594407081604,-0.054112158715724945,0.1840803325176239,0.16846239566802979,0.009696
1130,47912.0,1263.0,49175.0,49175.0,0.9743162175902389,16.0,0.016,71.0,40812.0,34.0,37.0,4.0,12.0,23216.0,24696.0,219.0625,474.0,580.9375,326.0,40812.0,408.12000000000006,100.0,1000,0,1000,0.21726466598920524,929,1,0,0,0,0,0,0,0,0,0,0,0,0,0,0,33,0,0,0,0,0,0,0,0,0,0,0,0,0,0,0,37,0.2733726501464844,0.04964229092001915,0.45030251145362854,0.14681684970855713,0.009677999999999999
1131,46917.0,2108.0,49025.0,49025.0,0.9570015298317185,20.0,0.02,71.0,39817.0,35.0,36.0,10.0,10.0,23139.0,23778.0,33.0,772.875,29.0,27.125,39817.0,398.1699999999992,100.0,1000,0,1000,0.21755662490613759,929,0,0,0,0,0,0,0,0,0,0,0,0,0,0,0,35,0,0,0,0,0,0,0,0,0,0,0,0,0,0,1,35,0.25710898637771606,-0.03642939776182175,0.5899452567100525,0.14847227931022644,0.009659999999999998
1132,49079.0,587.0,49666.0,49666.0,0.9881810494100592,10.0,0.01,74.0,41679.0,34.0,40.0,3.0,7.0,23118.0,25961.0,154.0,622.0,646.0,178.0,41679.0,416.78999999999985,100.0,1000,0,1000,0.2158103329129517,926,0,0,0,0,0,0,0,0,0,0,0,0,0,0,0,34,0,2,0,0,0,0,0,0,0,0,0,0,0,0,0,38,0.16562913358211517,0.05820014700293541,0.21782000362873077,0.15360069274902344,0.009641999999999998
1133,48592.0,284.0,48876.0,48876.0,0.9941893771994434,5.0,0.005,72.0,41392.0,38.0,34.0,2.0,3.0,24916.0,23676.0,557.5,312.0,242.5,488.0,41392.0,413.92000000000013,100.0,1000,0,1000,0.21777208289131522,928,0,0,0,0,0,0,0,0,0,0,0,1,0,0,0,37,0,0,0,0,0,0,0,0,0,0,0,0,0,0,0,34,0.24321132898330688,0.038913656026124954,0.4118169844150543,0.16737467050552368,0.009623999999999997
1134,49755.0,441.0,50196.0,50196.0,0.9912144393975616,9.0,0.009,76.0,42155.0,36.0,40.0,5.0,4.0,23108.0,26647.0,200.830078125,603.0,599.169921875,197.0,42155.0,421.5500000000003,100.0,1000,0,1000,0.21562925004400313,924,2,0,0,0,0,0,0,0,0,0,0,2,0,0,0,32,0,0,0,0,0,0,0,0,0,0,0,0,0,0,0,40,0.015850570052862167,-0.05753277242183685,0.14958474040031433,0.14668214321136475,0.009606
1135,47862.0,870.0,48732.0,48732.0,0.9821472543708446,11.0,0.011,73.0,40562.0,36.0,37.0,9.0,2.0,23301.0,24561.0,541.0,261.25,259.0,538.75,40562.0,405.61999999999995,100.0,1000,0,1000,0.21567891701124609,927,2,0,0,0,0,0,0,0,0,0,0,0,0,0,0,34,0,1,0,0,0,0,0,0,0,0,0,0,0,0,0,36,0.23172539472579956,0.04874877259135246,0.36911261081695557,0.16475598514080048,0.009588
1136,49316.0,433.0,49749.0,49749.0,0.9912963074634666,7.0,0.007,74.0,41916.0,37.0,37.0,4.0,3.0,24440.0,24876.0,621.0,323.0,89.5,477.0,41916.0,419.1599999999993,100.0,1000,0,1000,0.21808083401992917,926,0,0,0,0,0,0,0,1,0,0,0,0,0,0,0,36,0,0,0,0,0,0,0,0,0,0,0,0,0,0,0,37,0.2542817294597626,0.07913322001695633,0.3525823652744293,0.11940334737300873,0.009569999999999999
1137,47478.0,1398.0,48876.0,48876.0,0.9713970046648662,17.0,0.017,70.0,40478.0,36.0,34.0,12.0,5.0,24898.0,22580.0,195.0,199.65625,567.1875,600.34375,40478.0,404.7800000000004,100.0,1000,0,1000,0.21810629102401435,930,1,0,0,0,0,0,0,0,0,0,0,0,0,0,0,35,0,0,0,0,0,0,0,1,0,0,0,0,0,0,1,32,0.4286271929740906,0.07400558143854141,0.7128588557243347,0.18925870954990387,0.009552000000000001
1138,48373.0,464.0,48837.0,48837.0,0.9904990069005057,7.0,0.007,72.0,41173.0,38.0,34.0,2.0,5.0,25299.0,23074.0,553.0,326.0,247.0,474.0,41173.0,411.73000000000053,100.0,1000,0,1000,0.21752562513574958,928,0,0,0,0,0,0,0,0,0,0,0,0,0,0,0,38,0,0,0,0,0,0,0,0,0,0,0,0,0,0,0,34,0.18228363990783691,0.032452475279569626,0.30168917775154114,0.10629628598690033,0.009533999999999997
1139,49170.0,1364.0,50534.0,50534.0,0.9730082716586852,21.0,0.021,73.0,41870.0,37.0,36.0,15.0,6.0,25080.0,24090.0,135.0,146.0,626.9375,0.0,41870.0,418.6999999999997,100.0,1000,0,1000,0.21570800011977553,927,2,0,0,0,0,0,0,0,0,0,0,0,0,0,0,35,0,0,0,0,0,0,0,0,0,0,0,0,0,0,0,36,0.2641346752643585,0.09870113432407379,0.3344592750072479,0.18874451518058777,0.009515999999999997
1140,49425.0,1515.0,50940.0,50940.0,0.9702591283863369,14.0,0.014,76.0,41825.0,37.0,39.0,8.0,6.0,25143.0,24282.0,800.0,682.7265625,0.0,117.2734375,41825.0,418.25000000000045,100.0,1000,0,1000,0.21579066710546613,924,0,0,0,0,0,0,0,0,0,0,0,0,0,0,0,37,0,2,0,0,0,0,0,1,0,0,0,0,0,0,1,35,0.6233102679252625,0.08110536634922028,1.0870336294174194,0.13812333345413208,0.009498
1141,47076.0,1395.0,48471.0,48471.0,0.9712199046852757,23.0,0.023,71.0,39976.0,36.0,35.0,6.0,17.0,22862.0,24214.0,515.0,446.0,285.0,354.0,39976.0,399.7599999999998,100.0,1000,0,1000,0.2177637501154095,929,2,0,0,0,0,0,0,0,0,0,0,0,0,0,0,34,0,0,0,0,0,0,0,0,0,0,0,0,0,0,0,35,0.18757076561450958,0.019583940505981445,0.33891740441322327,0.15526138246059418,0.009479999999999999
1142,49537.0,1164.0,50701.0,50701.0,0.9770418729413621,15.0,0.015,74.0,42137.0,35.0,39.0,8.0,7.0,24364.0,25173.0,529.0,141.625,271.0,87.0859375,42137.0,421.3700000000006,100.0,1000,0,1000,0.21764683397486806,926,0,0,0,0,0,0,0,0,0,0,0,0,0,0,0,35,1,0,0,0,0,0,0,0,0,0,0,0,0,0,1,37,0.22138847410678864,-0.02702903561294079,0.499777227640152,0.1554747223854065,0.009461999999999998
1143,48601.0,1033.0,49634.0,49634.0,0.9791876536245315,15.0,0.015,71.0,41501.0,34.0,37.0,8.0,7.0,23555.0,25046.0,538.0,420.0,262.0,380.0,41501.0,415.00999999999976,100.0,1000,0,1000,0.2163276660721749,929,0,0,0,0,0,0,0,0,0,0,0,1,0,0,0,33,0,0,0,0,0,0,0,0,0,0,0,0,0,0,1,36,0.21711905300617218,0.026716947555541992,0.38396579027175903,0.16738609969615936,0.009444000000000001
1144,48890.0,979.0,49869.0,49869.0,0.980368565641982,15.0,0.015,72.0,41690.0,34.0,38.0,8.0,7.0,23598.0,25292.0,454.0,327.0,346.0,473.0,41690.0,416.89999999999964,100.0,1000,0,1000,0.2176525411196053,928,0,0,0,0,0,0,0,0,0,0,0,0,0,0,0,34,0,0,0,0,0,0,0,0,0,0,0,0,0,1,1,36,0.15499842166900635,-0.028536207973957062,0.3701549470424652,0.16367895901203156,0.009426
1145,50049.0,586.0,50635.0,50635.0,0.9884269773871828,10.0,0.01,76.0,42449.0,37.0,39.0,4.0,6.0,25535.0,24514.0,491.0,600.0,309.0,200.0,42449.0,424.4900000000004,100.0,1000,0,1000,0.21802987484261394,924,0,0,0,0,0,0,0,0,0,0,0,0,0,0,0,37,0,2,0,0,0,0,0,0,0,0,0,0,0,0,0,37,0.09816533327102661,0.01113871019333601,0.17746658623218536,0.18140564858913422,0.009407999999999996
1146,49144.0,782.0,49926.0,49926.0,0.9843368184913672,14.0,0.014,74.0,41744.0,36.0,38.0,12.0,2.0,24861.0,24283.0,221.75,598.0,578.25,179.875,41744.0,417.43999999999943,100.0,1000,0,1000,0.21817349991761148,926,0,0,0,0,0,0,0,0,0,0,0,1,0,0,0,35,0,2,0,0,0,0,0,0,0,0,0,0,0,0,1,35,0.15283873677253723,0.050374653190374374,0.20742198824882507,0.13279210031032562,0.009389999999999999
1147,48368.0,858.0,49226.0,49226.0,0.9825701864868159,14.0,0.014,73.0,41068.0,36.0,37.0,7.0,7.0,25101.0,23267.0,381.5,281.875,418.5,485.7421875,41068.0,410.68000000000023,100.0,1000,0,1000,0.21844058390706778,927,0,0,0,0,0,0,0,1,0,0,0,0,0,0,0,35,1,1,0,0,0,0,0,1,0,0,0,0,0,0,0,34,0.17931941151618958,-0.007668464910238981,0.37658172845840454,0.13903023302555084,0.009371999999999998
1148,51111.0,1172.0,52283.0,52283.0,0.9775835357573207,9.0,0.009,80.0,43111.0,38.0,42.0,4.0,5.0,24793.0,26318.0,170.44921875,303.0625,0.0,434.8203125,43111.0,431.1100000000007,100.0,1000,0,1000,0.21556083299219608,920,2,0,0,0,0,0,0,0,0,0,0,0,0,0,0,36,0,1,1,0,0,0,0,0,0,0,0,0,0,0,0,40,0.36893120408058167,-0.04700386896729469,0.8346316814422607,0.14761318266391754,0.009353999999999998
1149,48537.0,1383.0,49920.0,49920.0,0.9722956730769231,12.0,0.012,73.0,41237.0,36.0,37.0,9.0,3.0,24444.0,24093.0,470.0,501.0,330.0,299.0,41237.0,412.3699999999998,100.0,1000,0,1000,0.2163377502001822,927,0,0,0,0,0,0,0,0,0,0,0,0,0,0,0,36,0,0,0,0,0,0,0,0,0,0,0,0,0,0,0,37,0.29654380679130554,-0.0060682338662445545,0.6080152988433838,0.14948785305023193,0.009336
1150,50854.0,1395.0,52249.0,52249.0,0.9733009244196061,18.0,0.018,76.0,43254.0,35.0,41.0,12.0,6.0,24546.0,26308.0,500.0,559.0,300.0,241.0,43254.0,432.53999999999996,100.0,1000,0,1000,0.21574437501840293,924,0,0,0,0,0,0,0,0,0,0,0,0,0,0,0,35,0,0,0,0,0,0,0,0,0,0,0,0,0,0,0,41,0.15573126077651978,-0.006518915761262178,0.32704663276672363,0.13663305342197418,0.009318
1151,49033.0,554.0,49587.0,49587.0,0.9888277169419404,8.0,0.008,73.0,41733.0,34.0,39.0,5.0,3.0,23743.0,25290.0,216.0,242.0,584.0,147.375,41733.0,417.3300000000003,100.0,1000,0,1000,0.21537154098041356,927,0,0,0,0,0,0,0,0,0,0,0,0,0,0,0,34,0,0,0,0,0,0,0,0,0,0,0,0,0,0,1,38,0.24853545427322388,0.0257021002471447,0.4484032690525055,0.14712682366371155,0.0093
1152,48702.0,535.0,49237.0,49237.0,0.9891341877043687,8.0,0.008,75.0,41202.0,35.0,40.0,7.0,1.0,24469.0,24233.0,277.0,447.6875,523.0,87.64453125,41202.0,412.0199999999999,100.0,1000,0,1000,0.21560700004920363,925,0,0,0,0,0,0,0,0,0,0,0,0,0,0,0,35,0,0,1,0,0,0,0,0,0,0,0,0,1,0,2,36,0.1964561492204666,0.0576404333114624,0.28066307306289673,0.16330718994140625,0.009281999999999999
1153,50103.0,911.0,51014.0,51014.0,0.9821421570549261,10.0,0.01,79.0,42203.0,35.0,44.0,9.0,1.0,24135.0,25968.0,301.0,186.625,499.0,251.890625,42203.0,422.02999999999963,100.0,1000,0,1000,0.2166514170821756,921,0,0,0,0,0,0,0,0,0,0,0,0,0,0,0,35,0,1,0,0,0,0,0,1,0,1,0,0,0,0,1,40,0.28276997804641724,0.06390795856714249,0.4404575824737549,0.14753590524196625,0.009263999999999998
1154,49412.0,517.0,49929.0,49929.0,0.9896452963207755,9.0,0.009,74.0,42012.0,37.0,37.0,8.0,1.0,25087.0,24325.0,285.0,225.0,515.0,575.0,42012.0,420.11999999999966,100.0,1000,0,1000,0.21846870798617601,926,0,0,0,0,0,0,0,0,0,0,0,0,0,0,0,37,0,0,0,0,0,0,0,0,0,1,0,0,0,0,0,36,0.10102054476737976,0.02244127355515957,0.160415381193161,0.17612196505069733,0.009245999999999997
1155,49003.0,1705.0,50708.0,50708.0,0.9663761142226078,15.0,0.015,75.0,41503.0,34.0,41.0,8.0,7.0,23265.0,25738.0,389.0,673.0,411.0,127.0,41503.0,415.03000000000065,100.0,1000,0,1000,0.21516483300365508,925,0,0,0,0,0,0,0,0,0,0,0,1,0,0,0,33,0,0,0,0,0,0,0,1,0,0,0,0,0,0,0,40,0.2674137353897095,-0.07812108099460602,0.693692147731781,0.1420927196741104,0.009228
1156,48437.0,1224.0,49661.0,49661.0,0.9753528926119087,18.0,0.018,72.0,41237.0,35.0,37.0,8.0,10.0,24554.0,23883.0,777.0,387.0,23.0,25.8125,41237.0,412.37000000000035,100.0,1000,0,1000,0.21765749994665384,928,0,0,0,0,0,0,0,0,0,0,0,0,0,0,0,35,0,0,0,0,0,0,0,0,0,0,0,0,0,0,1,36,0.36523815989494324,0.055220793932676315,0.6224390864372253,0.13052795827388763,0.00921
1157,49579.0,1295.0,50874.0,50874.0,0.974544954200574,18.0,0.018,76.0,41979.0,33.0,43.0,18.0,0.0,24170.0,25409.0,670.0,566.0,130.0,234.0,41979.0,419.7899999999993,100.0,1000,0,1000,0.21487845806404948,924,0,0,0,0,0,0,0,0,0,0,0,0,0,0,0,33,0,1,0,0,0,0,0,1,0,1,0,0,0,0,0,40,0.3141007125377655,0.11516398191452026,0.4007631540298462,0.15718546509742737,0.009191999999999999
1158,49261.0,2068.0,51329.0,51329.0,0.9597108846850708,23.0,0.023,73.0,41961.0,34.0,39.0,10.0,13.0,24155.0,25106.0,98.0,302.0,0.0,31.125,41961.0,419.6100000000006,100.0,1000,0,1000,0.2164832919370383,927,0,0,0,0,0,0,0,0,0,0,0,0,0,0,0,34,0,0,0,0,0,0,0,0,0,0,0,0,0,0,1,38,0.5322594046592712,0.11651922762393951,0.8347862958908081,0.18017858266830444,0.009173999999999998
1159,48046.0,1301.0,49347.0,49347.0,0.9736356820070116,13.0,0.013,71.0,40946.0,32.0,39.0,10.0,3.0,22498.0,25548.0,682.0,334.0625,118.0,465.9375,40946.0,409.46000000000026,100.0,1000,0,1000,0.21713895816355944,929,0,0,0,0,0,0,0,0,0,0,0,0,0,0,0,32,0,0,0,0,0,0,0,0,0,0,0,0,0,0,1,38,0.2925136983394623,0.02268175035715103,0.5426158905029297,0.16120311617851257,0.009155999999999997
1160,49571.0,799.0,50370.0,50370.0,0.984137383363113,13.0,0.013,74.0,42171.0,37.0,37.0,10.0,3.0,25315.0,24256.0,413.0,800.0,387.0,0.0,42171.0,421.70999999999987,100.0,1000,0,1000,0.21670975000597537,926,1,0,0,0,0,0,0,0,0,0,0,0,0,0,0,36,0,0,0,0,0,0,0,0,0,0,0,0,0,0,0,37,0.15910474956035614,0.03235016018152237,0.2561957538127899,0.1470007449388504,0.009138
1161,48884.0,1195.0,50079.0,50079.0,0.9761377024301603,18.0,0.018,73.0,41584.0,34.0,39.0,14.0,4.0,24273.0,24611.0,572.0,637.20703125,228.0,162.79296875,41584.0,415.8399999999989,100.0,1000,0,1000,0.2166214999742806,927,0,0,0,0,0,0,0,0,0,0,0,0,0,0,0,34,0,0,0,0,0,0,0,1,0,0,0,0,1,1,0,36,0.1260434240102768,-0.054834745824337006,0.36496299505233765,0.1758022904396057,0.00912
1162,49225.0,705.0,49930.0,49930.0,0.9858802323252553,11.0,0.011,76.0,41625.0,34.0,42.0,8.0,3.0,23710.0,25515.0,515.0,434.0,285.0,139.5,41625.0,416.2499999999999,100.0,1000,0,1000,0.2176170409657061,924,1,0,0,0,0,0,0,0,0,0,0,0,0,0,0,33,0,0,0,0,0,0,0,1,0,0,0,1,0,0,0,40,0.06516384333372116,-0.025413215160369873,0.18442052602767944,0.1794337034225464,0.009101999999999999
1163,49718.0,1196.0,50914.0,50914.0,0.9765094080213693,20.0,0.02,79.0,41818.0,36.0,43.0,13.0,7.0,24310.0,25408.0,596.125,255.671875,203.875,482.537109375,41818.0,418.1800000000001,100.0,1000,0,1000,0.21778354211710393,921,1,0,0,0,0,0,0,0,0,0,0,0,0,0,0,35,0,3,0,0,0,0,0,3,0,0,0,0,0,0,0,37,0.19857466220855713,-0.009228856302797794,0.41801050305366516,0.1322905719280243,0.009084000000000002
1164,49219.0,640.0,49859.0,49859.0,0.9871638019214184,12.0,0.012,75.0,41719.0,36.0,39.0,8.0,4.0,25856.0,23363.0,224.0,371.5,576.0,123.125,41719.0,417.1899999999997,100.0,1000,0,1000,0.2155704169999808,925,0,0,0,0,0,0,0,0,0,0,0,0,0,0,0,36,0,0,0,0,0,0,0,3,0,0,0,0,0,0,0,36,0.12232707440853119,0.03411642462015152,0.17895925045013428,0.13997119665145874,0.009066000000000001
1165,49885.0,2337.0,52222.0,52222.0,0.9552487457393436,22.0,0.022,76.0,42285.0,36.0,40.0,13.0,9.0,25528.0,24357.0,354.0,266.0,446.0,16.6875,42285.0,422.8499999999999,100.0,1000,0,1000,0.2149924160912633,924,0,0,0,0,0,0,0,0,0,0,0,1,0,0,0,35,0,1,0,0,0,0,0,2,0,0,0,0,0,0,1,36,0.40785250067710876,0.09909361600875854,0.6203567981719971,0.15688811242580414,0.009047999999999997
1166,47768.0,1196.0,48964.0,48964.0,0.9755738910219753,17.0,0.017,71.0,40668.0,34.0,37.0,13.0,4.0,23285.0,24483.0,528.0,431.0,272.0,369.0,40668.0,406.68000000000006,100.0,1000,0,1000,0.21759129199199378,929,1,0,0,0,0,0,0,0,0,0,0,0,0,0,0,33,0,0,0,0,0,0,0,0,0,0,0,0,0,0,0,37,0.04175596684217453,-0.05395059660077095,0.19413086771965027,0.15048381686210632,0.00903
1167,49885.0,634.0,50519.0,50519.0,0.9874502662364655,11.0,0.011,75.0,42385.0,37.0,38.0,8.0,3.0,25347.0,24538.0,451.0,408.0,349.0,392.0,42385.0,423.84999999999934,100.0,1000,0,1000,0.21760550001636147,925,0,0,0,0,0,0,0,0,0,0,0,0,0,0,0,37,0,1,0,0,0,0,0,1,0,0,0,0,0,0,0,36,0.08088169991970062,-0.010040291585028172,0.18431374430656433,0.1370263546705246,0.009012
1168,48997.0,1309.0,50306.0,50306.0,0.9739792470083092,18.0,0.018,73.0,41697.0,34.0,39.0,10.0,8.0,23712.0,25285.0,158.0,590.5,642.0,209.5,41697.0,416.9700000000001,100.0,1000,0,1000,0.21519579202868044,927,0,0,0,0,0,0,0,0,0,0,0,0,0,0,0,34,0,1,0,0,0,0,0,1,0,0,0,0,0,0,0,37,0.17708948254585266,0.026353340595960617,0.30441179871559143,0.16341620683670044,0.008993999999999999
1169,49014.0,1498.0,50512.0,50512.0,0.9703436807095344,19.0,0.019,73.0,41714.0,35.0,38.0,13.0,6.0,24227.0,24787.0,656.0,456.0,144.0,344.0,41714.0,417.1399999999999,100.0,1000,0,1000,0.21703516598790884,927,0,0,0,0,0,0,0,1,0,0,0,0,0,0,0,34,1,0,0,0,0,0,0,0,0,0,0,0,0,0,0,37,0.2147679179906845,-0.004276793450117111,0.4406208395957947,0.1410095989704132,0.008976000000000001
1170,48947.0,564.0,49511.0,49511.0,0.9886085920300539,9.0,0.009,76.0,41347.0,37.0,39.0,7.0,2.0,24657.0,24290.0,128.0,528.625,24.0,271.375,41347.0,413.46999999999997,100.0,1000,0,1000,0.21737658302299678,924,0,0,0,0,0,0,0,0,0,0,0,0,0,0,0,37,0,0,0,0,0,0,0,0,0,0,0,0,0,0,1,38,0.043393444269895554,-0.031170357018709183,0.15157094597816467,0.13637776672840118,0.008958
1171,49409.0,1525.0,50934.0,50934.0,0.9700592924176386,16.0,0.016,75.0,41909.0,35.0,40.0,12.0,4.0,24040.0,25369.0,257.0,360.0,0.0,440.0,41909.0,419.08999999999986,100.0,1000,0,1000,0.21732333302497864,925,0,0,0,0,0,0,0,0,0,0,0,0,0,0,0,35,0,0,0,0,0,0,0,1,0,0,0,0,0,0,0,39,0.24219493567943573,-0.058822695165872574,0.6046460866928101,0.14602035284042358,0.00894
1172,48869.0,753.0,49622.0,49622.0,0.9848252791100721,11.0,0.011,73.0,41569.0,36.0,37.0,6.0,5.0,24905.0,23964.0,537.0,394.0,263.0,406.0,41569.0,415.69000000000017,100.0,1000,0,1000,0.21502850018441677,927,0,0,0,0,0,0,0,0,0,0,0,1,0,0,0,35,1,0,0,0,0,0,0,0,0,0,0,0,0,0,0,36,0.09126527607440948,-0.10735921561717987,0.4002373516559601,0.16747163236141205,0.008922
1173,49162.0,571.0,49733.0,49733.0,0.988518689803551,10.0,0.01,78.0,41362.0,38.0,40.0,9.0,1.0,25080.0,24082.0,567.513671875,461.0,232.486328125,339.0,41362.0,413.6200000000003,100.0,1000,0,1000,0.21511233295314014,922,0,0,0,0,1,0,0,0,0,1,0,1,0,0,0,35,0,1,0,0,0,0,0,2,0,0,0,0,0,0,0,37,0.2144908905029297,0.09274502098560333,0.24649491906166077,0.1686420738697052,0.008903999999999999
1174,49441.0,395.0,49836.0,49836.0,0.992074002728951,7.0,0.007,77.0,41741.0,38.0,39.0,3.0,4.0,24891.0,24550.0,513.5,129.5,286.5,137.0,41741.0,417.41000000000025,100.0,1000,0,1000,0.21537200012244284,923,0,0,0,0,0,0,0,0,0,0,0,1,0,0,0,37,0,0,0,0,0,0,0,2,0,0,0,0,0,0,0,37,0.11068997532129288,0.038059916347265244,0.14776568114757538,0.1409831941127777,0.008885999999999998
1175,49477.0,405.0,49882.0,49882.0,0.9918808387795197,6.0,0.006,77.0,41777.0,38.0,39.0,4.0,2.0,25012.0,24465.0,563.0,256.0,237.0,316.0,41777.0,417.7700000000002,100.0,1000,0,1000,0.21741129085421562,923,0,0,0,0,0,0,0,0,0,0,0,0,0,0,0,38,0,0,0,0,0,0,0,1,0,0,0,0,0,0,0,38,0.19237172603607178,-0.054044198244810104,0.4956095814704895,0.15661469101905823,0.008868000000000001
1176,50234.0,552.0,50786.0,50786.0,0.9891308628362147,7.0,0.007,80.0,42234.0,41.0,39.0,5.0,2.0,26601.0,23633.0,565.0,213.0,235.0,0.0,42234.0,422.33999999999946,100.0,1000,0,1000,0.21514716604724526,920,0,0,0,0,0,0,0,0,0,0,0,1,0,0,0,40,0,1,0,0,0,0,0,0,0,0,0,0,0,0,0,38,0.3055211007595062,0.036826230585575104,0.5396313071250916,0.12664265930652618,0.00885
1177,49875.0,857.0,50732.0,50732.0,0.9831073089962943,14.0,0.014,78.0,42075.0,39.0,39.0,7.0,7.0,25235.0,24640.0,241.0,389.875,0.0,410.125,42075.0,420.7499999999996,100.0,1000,0,1000,0.2199209169484675,922,0,0,0,0,0,0,0,0,0,0,0,0,0,0,0,39,0,0,0,0,0,0,0,1,0,1,0,0,0,0,0,37,0.2113037109375,0.014939669519662857,0.3955612778663635,0.16039344668388367,0.008832
1178,47775.0,1323.0,49098.0,49098.0,0.9730538922155688,10.0,0.01,77.0,40075.0,38.0,39.0,2.0,8.0,24552.0,23223.0,478.0,406.75,80.5,147.46875,40075.0,400.75,100.0,1000,0,1000,0.21562979090958834,923,0,0,0,0,0,0,0,0,0,1,0,1,0,0,0,36,0,0,0,0,0,0,0,2,0,1,0,0,0,0,0,36,0.32073622941970825,0.011413541622459888,0.6207712292671204,0.12059662491083145,0.008813999999999999
1179,49935.0,528.0,50463.0,50463.0,0.9895368884132929,9.0,0.009,77.0,42235.0,36.0,41.0,6.0,3.0,24758.0,25177.0,445.0,252.0,355.0,548.0,42235.0,422.34999999999985,100.0,1000,0,1000,0.21740704192779958,923,0,0,0,0,0,0,0,0,0,0,0,0,0,0,0,36,0,0,0,0,0,0,0,1,0,0,0,0,0,0,0,40,0.11121869087219238,-0.040228214114904404,0.30494028329849243,0.1163293793797493,0.008795999999999998
1180,50140.0,463.0,50603.0,50603.0,0.9908503448412149,7.0,0.007,76.0,42540.0,37.0,39.0,4.0,3.0,24854.0,25286.0,680.25,227.0,119.75,573.0,42540.0,425.39999999999964,100.0,1000,0,1000,0.214757583104074,924,0,0,0,0,0,0,0,0,0,0,0,1,0,0,0,36,0,0,0,0,0,0,0,0,0,0,0,0,0,0,0,39,0.15760646760463715,-0.03393460810184479,0.38619494438171387,0.17730630934238434,0.008777999999999998
1181,48892.0,745.0,49637.0,49637.0,0.9849910349134718,13.0,0.013,74.0,41492.0,36.0,38.0,8.0,5.0,24584.0,24308.0,509.0,494.0625,291.0,305.9375,41492.0,414.9199999999996,100.0,1000,0,1000,0.2147589169908315,926,0,0,0,0,0,0,0,0,0,0,0,0,0,0,0,36,0,0,0,0,0,0,0,0,0,0,0,0,0,0,1,37,0.10171081870794296,-0.05746477097272873,0.3208700120449066,0.14376890659332275,0.00876
1182,49160.0,821.0,49981.0,49981.0,0.9835737580280507,11.0,0.011,74.0,41760.0,36.0,38.0,5.0,6.0,23836.0,25324.0,558.0,420.0,242.0,380.0,41760.0,417.59999999999997,100.0,1000,0,1000,0.21749591710977256,926,0,0,0,0,0,0,0,0,0,0,0,0,0,0,0,36,0,0,0,0,0,0,0,0,0,0,0,0,0,0,0,38,0.1710646152496338,-0.03403595834970474,0.41237521171569824,0.12434599548578262,0.008742
1183,50088.0,893.0,50981.0,50981.0,0.9824836703870069,10.0,0.01,74.0,42688.0,37.0,37.0,6.0,4.0,25428.0,24660.0,565.0,301.0,235.0,499.0,42688.0,426.88,100.0,1000,0,1000,0.217376499902457,926,0,0,0,0,0,0,0,0,0,0,0,0,0,0,0,37,0,0,0,0,0,0,0,0,0,0,0,0,0,0,0,37,0.3184773325920105,0.05631716549396515,0.5272496938705444,0.167889803647995,0.008723999999999999
1184,49196.0,413.0,49609.0,49609.0,0.9916748977000142,6.0,0.006,75.0,41696.0,38.0,37.0,3.0,3.0,25738.0,23458.0,653.0,753.0,147.0,47.0,41696.0,416.95999999999947,100.0,1000,0,1000,0.21524754189886153,925,0,0,0,0,0,0,0,0,0,0,0,0,0,0,0,38,0,0,0,0,0,0,0,0,0,1,0,0,0,0,0,36,0.16724181175231934,0.05427143722772598,0.22864577174186707,0.15535502135753632,0.008706000000000002
1185,50142.0,513.0,50655.0,50655.0,0.9898726680485638,5.0,0.005,77.0,42442.0,35.0,42.0,3.0,2.0,24022.0,26120.0,286.0,255.375,514.0,272.3125,42442.0,424.41999999999905,100.0,1000,0,1000,0.21729325014166534,923,0,0,0,0,0,0,0,0,0,0,0,0,0,0,0,35,0,0,0,0,0,0,0,1,0,0,0,0,0,0,2,39,0.21039186418056488,0.04508842155337334,0.3333664536476135,0.15881508588790894,0.008687999999999998
1186,48468.0,383.0,48851.0,48851.0,0.9921598329614543,6.0,0.006,75.0,40968.0,35.0,40.0,4.0,2.0,23581.0,24887.0,307.0,626.5,493.0,173.5,40968.0,409.6799999999997,100.0,1000,0,1000,0.21451650001108646,925,0,0,0,0,0,0,0,1,0,0,0,0,0,0,0,34,0,0,0,0,0,0,0,1,0,0,0,0,0,0,0,39,0.11110682785511017,-0.04014332592487335,0.3052006959915161,0.15573158860206604,0.008669999999999997
1187,49720.0,932.0,50652.0,50652.0,0.9815999368238174,14.0,0.014,76.0,42120.0,37.0,39.0,11.0,3.0,24985.0,24735.0,550.625,596.76953125,249.375,203.23046875,42120.0,421.20000000000033,100.0,1000,0,1000,0.21739670890383422,924,1,0,0,0,0,0,0,0,0,0,0,0,0,0,0,36,0,0,0,0,0,0,0,0,0,0,0,0,0,0,2,37,0.18996143341064453,0.021848691627383232,0.3387555181980133,0.14621073007583618,0.008652
1188,48537.0,1767.0,50304.0,50304.0,0.9648735687022901,16.0,0.016,74.0,41137.0,35.0,39.0,10.0,6.0,23576.0,24961.0,745.0,466.0,55.0,334.0,41137.0,411.36999999999944,100.0,1000,0,1000,0.21545616700313985,926,0,0,0,0,0,0,0,0,0,0,0,0,0,0,0,35,0,1,0,0,0,0,0,0,0,0,0,0,0,0,0,38,0.34855881333351135,0.025008883327245712,0.6495872139930725,0.1440432369709015,0.008634
1189,48982.0,1233.0,50215.0,50215.0,0.975445583988848,15.0,0.015,73.0,41682.0,33.0,40.0,6.0,9.0,22256.0,26726.0,475.0,188.0,325.0,612.0,41682.0,416.81999999999954,100.0,1000,0,1000,0.21755045792087913,927,0,0,0,0,0,0,0,0,0,0,0,0,0,0,0,33,0,1,0,0,0,0,0,0,0,0,0,0,0,0,0,39,0.10273939371109009,-0.02088921144604683,0.2502201199531555,0.17194238305091858,0.008615999999999999
1190,47045.0,1072.0,48117.0,48117.0,0.9777209717979093,11.0,0.011,75.0,39545.0,34.0,41.0,5.0,6.0,22318.0,24727.0,558.0,144.125,242.0,0.0,39545.0,395.44999999999976,100.0,1000,0,1000,0.21747837495058775,925,0,0,0,0,0,0,0,0,0,0,0,0,0,0,0,34,0,1,0,0,0,0,0,1,0,0,0,0,0,0,0,39,0.3343060314655304,-0.00587652949616313,0.6823927760124207,0.11791270226240158,0.008598000000000001
1191,49882.0,1256.0,51138.0,51138.0,0.9754390081739607,10.0,0.01,76.0,42282.0,38.0,38.0,5.0,5.0,25117.0,24765.0,500.0,520.0,300.0,280.0,42282.0,422.82000000000045,100.0,1000,0,1000,0.217085582902655,924,0,0,0,0,0,0,0,0,0,0,0,1,0,0,0,37,0,0,0,0,0,0,0,0,0,0,0,0,0,0,1,37,0.23665405809879303,-0.009421603754162788,0.49501606822013855,0.1669442057609558,0.00858
1192,47319.0,373.0,47692.0,47692.0,0.9921789817998826,6.0,0.006,72.0,40119.0,36.0,36.0,2.0,4.0,23760.0,23559.0,670.0,208.0,130.0,592.0,40119.0,401.1900000000002,100.0,1000,0,1000,0.21563912509009242,928,0,0,0,0,0,0,0,0,0,0,0,0,0,0,0,36,0,0,0,0,0,0,0,0,0,0,0,0,0,0,1,35,0.2446344792842865,0.11962614953517914,0.25272056460380554,0.15790237486362457,0.008561999999999997
1193,49549.0,472.0,50021.0,50021.0,0.9905639631354831,8.0,0.008,78.0,41749.0,39.0,39.0,5.0,3.0,25133.0,24416.0,634.0,198.0,166.0,60.0,41749.0,417.4899999999995,100.0,1000,0,1000,0.2168502090498805,922,0,0,0,0,0,0,0,0,0,0,0,0,0,0,0,39,0,0,0,0,0,0,0,0,0,0,0,0,0,0,0,39,-0.013841936364769936,-0.14163854718208313,0.2579497992992401,0.13790839910507202,0.008544
1194,48534.0,1612.0,50146.0,50146.0,0.9678538667092091,16.0,0.016,74.0,41134.0,35.0,39.0,9.0,7.0,23356.0,25178.0,800.0,601.44140625,0.0,198.55859375,41134.0,411.34000000000134,100.0,1000,0,1000,0.21494162501767278,926,0,0,0,0,0,0,0,0,0,0,0,0,0,0,0,35,0,0,0,0,0,0,0,0,0,0,0,0,0,0,3,36,0.3734145760536194,0.0767846405506134,0.5960204601287842,0.16189086437225342,0.008525999999999999
1195,49403.0,541.0,49944.0,49944.0,0.9891678680121736,10.0,0.01,74.0,42003.0,37.0,37.0,4.0,6.0,25112.0,24291.0,321.0,668.39453125,479.0,131.60546875,42003.0,420.0299999999998,100.0,1000,0,1000,0.21483233314938843,926,0,0,0,0,0,0,0,0,0,0,0,0,0,0,0,37,0,0,0,0,0,0,0,0,0,0,0,0,0,0,2,35,-0.06635500490665436,-0.1450461745262146,0.15984895825386047,0.14495839178562164,0.008507999999999998
1196,49841.0,507.0,50348.0,50348.0,0.9899300865972829,9.0,0.009,77.0,42141.0,37.0,40.0,8.0,1.0,24903.0,24938.0,333.0,429.0,467.0,68.1875,42141.0,421.4100000000002,100.0,1000,0,1000,0.21498083299957216,923,0,0,0,0,0,0,0,0,0,0,0,0,0,0,0,37,0,0,0,0,0,0,0,0,0,0,0,0,0,0,1,39,0.18702064454555511,0.08980593830347061,0.1969165802001953,0.14647483825683594,0.008490000000000001
1197,48751.0,717.0,49468.0,49468.0,0.9855057815153231,12.0,0.012,75.0,41251.0,34.0,41.0,6.0,6.0,22559.0,26192.0,666.0,612.16015625,134.0,187.83984375,41251.0,412.5100000000006,100.0,1000,0,1000,0.21761966589838266,925,0,0,0,0,0,0,0,1,0,0,0,0,0,0,0,33,0,0,0,0,0,0,0,0,0,0,0,0,0,0,2,39,0.20235203206539154,0.03473307192325592,0.3378475308418274,0.1540140062570572,0.008472
1198,47321.0,1521.0,48842.0,48842.0,0.9688587690921747,11.0,0.011,73.0,40021.0,33.0,40.0,6.0,5.0,22319.0,25002.0,269.0,557.1875,531.0,242.8125,40021.0,400.2099999999997,100.0,1000,0,1000,0.21782299992628396,927,0,0,0,0,0,0,0,1,0,0,0,0,0,0,0,32,0,0,0,0,0,0,0,0,0,0,0,0,0,0,1,39,0.2542499303817749,0.027879448607563972,0.45532387495040894,0.15276363492012024,0.008454
1199,49144.0,782.0,49926.0,49926.0,0.9843368184913672,9.0,0.009,76.0,41544.0,39.0,37.0,7.0,2.0,26021.0,23123.0,106.0,800.0,34.0,0.0,41544.0,415.4399999999995,100.0,1000,0,1000,0.21751199988648295,924,0,0,0,0,0,0,0,0,0,0,0,0,0,0,0,39,0,0,0,0,0,0,0,2,0,0,0,0,0,0,0,35,0.2179793268442154,0.02887248620390892,0.3812524974346161,0.18011032044887543,0.008435999999999999
1200,50474.0,347.0,50821.0,50821.0,0.9931721138899274,6.0,0.006,80.0,42474.0,37.0,43.0,2.0,4.0,25021.0,25453.0,238.0,493.90625,562.0,194.046875,42474.0,424.73999999999944,100.0,1000,0,1000,0.218898958992213,920,0,0,0,0,0,0,0,0,0,0,0,0,0,0,0,37,0,0,0,0,0,0,0,6,0,0,0,0,0,0,1,36,0.050481703132390976,-0.04722239822149277,0.1984342485666275,0.17973680794239044,0.008417999999999998
1201,48888.0,453.0,49341.0,49341.0,0.9908189943454734,7.0,0.007,76.0,41288.0,37.0,39.0,6.0,1.0,24797.0,24091.0,558.0,532.0,242.0,268.0,41288.0,412.8799999999998,100.0,1000,0,1000,0.21915820892900229,924,0,0,0,0,0,0,0,0,0,0,0,0,0,0,0,37,0,0,0,0,0,0,0,2,0,0,0,0,0,0,1,36,-0.024396348744630814,-0.10197650641202927,0.15778595209121704,0.15628789365291595,0.008399999999999998
1202,49119.0,765.0,49884.0,49884.0,0.9846644214577821,11.0,0.011,76.0,41519.0,34.0,42.0,8.0,3.0,23530.0,25589.0,466.0,680.46875,334.0,75.265625,41519.0,415.1900000000001,100.0,1000,1,999,0.2179156660567969,924,0,0,0,0,0,0,0,0,0,0,0,0,0,0,0,34,0,0,0,0,0,0,0,2,0,0,0,0,0,0,1,39,0.22227849066257477,0.013680871576070786,0.42015206813812256,0.1763801872730255,0.008382
1203,47090.0,1522.0,48612.0,48612.0,0.9686908582243068,21.0,0.021,71.0,39990.0,35.0,36.0,13.0,8.0,23227.0,23863.0,750.0,597.0,50.0,203.0,39990.0,399.9,100.0,1000,0,1000,0.21951187518425286,929,1,0,0,0,0,0,0,0,0,0,0,0,0,0,0,34,0,0,0,0,0,0,0,1,0,0,0,0,0,0,0,35,0.43150249123573303,0.07099774479866028,0.7245527505874634,0.21181510388851166,0.008364
1204,48201.0,1368.0,49569.0,49569.0,0.9724021061550566,16.0,0.016,76.0,40601.0,37.0,39.0,7.0,9.0,24192.0,24009.0,690.0,767.0,110.0,16.5,40601.0,406.01000000000016,100.0,1000,0,1000,0.21734729199670255,924,0,0,0,0,0,0,0,0,0,0,0,0,0,0,0,37,0,0,0,0,0,0,0,2,0,0,0,0,0,0,0,37,0.279676228761673,0.023365918546915054,0.5143688917160034,0.10473499447107315,0.008346
1205,49001.0,1197.0,50198.0,50198.0,0.9761544284632854,16.0,0.016,78.0,41201.0,40.0,38.0,11.0,5.0,25486.0,23515.0,218.703125,647.0,0.0,76.5,41201.0,412.00999999999954,100.0,1000,0,1000,0.21795208402909338,922,1,0,0,0,0,0,0,0,0,0,0,1,0,0,0,38,0,0,1,0,0,0,0,1,0,0,0,0,0,1,0,35,0.2795976996421814,0.014094509184360504,0.533581554889679,0.15461024641990662,0.008327999999999999
1206,50269.0,595.0,50864.0,50864.0,0.9883021390374331,7.0,0.007,77.0,42569.0,36.0,41.0,4.0,3.0,23222.0,27047.0,617.3125,119.0,182.6875,36.0,42569.0,425.68999999999954,100.0,1000,0,1000,0.2157956250011921,923,0,0,0,0,1,0,0,0,0,0,0,0,0,0,0,35,0,0,0,0,0,0,0,0,0,0,0,0,0,0,0,41,0.13641129434108734,-0.016670314595103264,0.30862781405448914,0.14829155802726746,0.008309999999999998
1207,49665.0,600.0,50265.0,50265.0,0.9880632646971054,10.0,0.01,75.0,42165.0,37.0,38.0,8.0,2.0,25372.0,24293.0,446.0,700.0,354.0,100.0,42165.0,421.6499999999999,100.0,1000,0,1000,0.2310847919434309,925,0,0,0,0,0,0,0,0,0,0,0,0,0,0,0,37,0,0,0,0,0,0,0,1,0,0,0,0,0,0,0,37,0.17132537066936493,0.07668021321296692,0.19188208878040314,0.15628114342689514,0.008291999999999997
1208,48733.0,925.0,49658.0,49658.0,0.9813725885053768,11.0,0.011,75.0,41233.0,37.0,38.0,6.0,5.0,24653.0,24080.0,730.0,608.125,70.0,191.875,41233.0,412.32999999999976,100.0,1000,0,1000,0.2159398749936372,925,0,0,0,0,0,0,0,0,0,0,0,0,0,0,0,37,0,0,0,0,0,0,0,0,0,1,0,0,0,0,0,37,0.23730851709842682,-0.05968649312853813,0.596859872341156,0.17342567443847656,0.008274
1209,50074.0,1428.0,51502.0,51502.0,0.972272921439944,12.0,0.012,79.0,42174.0,38.0,41.0,7.0,5.0,25658.0,24416.0,598.0,359.890625,202.0,165.041015625,42174.0,421.7399999999998,100.0,1000,0,1000,0.21820008289068937,921,0,0,0,0,0,0,0,0,0,0,0,0,0,0,0,38,0,0,0,0,0,0,0,1,0,3,0,0,0,0,0,37,0.3265793025493622,-0.0032684062607586384,0.6624037027359009,0.16401781141757965,0.008256
1210,49212.0,257.0,49469.0,49469.0,0.9948048272655603,4.0,0.004,80.0,41212.0,39.0,41.0,4.0,0.0,24911.0,24301.0,640.75,478.9375,159.25,160.53125,41212.0,412.12000000000046,100.0,1000,0,1000,0.21761158294975758,920,0,0,0,0,0,0,0,0,0,0,0,1,0,0,0,38,0,0,0,0,0,0,0,2,0,1,0,0,0,1,0,37,0.08160624653100967,0.0021385818254202604,0.16094554960727692,0.12200942635536194,0.008237999999999999
1211,49719.0,1212.0,50931.0,50931.0,0.9762030983094775,17.0,0.017,74.0,42319.0,35.0,39.0,8.0,9.0,23625.0,26094.0,602.0,384.0,99.0,416.0,42319.0,423.1899999999992,100.0,1000,0,1000,0.2159657091833651,926,0,0,0,0,0,0,0,1,0,0,0,0,0,0,0,34,0,0,0,0,0,0,0,0,0,0,0,0,0,1,0,38,0.22040657699108124,-0.010845759883522987,0.4651784598827362,0.16263753175735474,0.008219999999999998
1212,50795.0,625.0,51420.0,51420.0,0.9878451964216258,10.0,0.01,76.0,43195.0,36.0,40.0,8.0,2.0,24849.0,25946.0,699.0,496.0,101.0,304.0,43195.0,431.94999999999953,100.0,1000,0,1000,0.21536366711370647,924,0,0,0,0,0,0,0,0,0,0,0,0,0,0,0,36,0,0,0,0,0,0,0,1,0,0,0,0,0,0,0,39,0.24270372092723846,0.03378652408719063,0.4202360510826111,0.14640559256076813,0.008201999999999997
1213,49715.0,627.0,50342.0,50342.0,0.987545190894283,11.0,0.011,75.0,42215.0,37.0,38.0,10.0,1.0,25154.0,24561.0,615.0,486.5,185.0,313.5,42215.0,422.1500000000002,100.0,1000,0,1000,0.21600166708230972,925,0,0,0,0,0,0,0,0,0,0,0,1,0,0,0,36,0,0,0,0,0,0,0,0,0,0,0,0,0,0,1,37,0.12024005502462387,0.014432327821850777,0.21413840353488922,0.1541386991739273,0.008183999999999997
1214,49842.0,375.0,50217.0,50217.0,0.9925324093434494,7.0,0.007,76.0,42242.0,38.0,38.0,4.0,3.0,25770.0,24072.0,800.0,18.0,0.0,105.0,42242.0,422.42000000000036,100.0,1000,0,1000,0.21859974996186793,924,0,0,0,0,0,0,0,0,0,0,0,0,0,0,0,38,0,0,0,0,0,0,0,0,0,0,0,0,0,0,0,38,0.16559620201587677,-0.03884498029947281,0.41106873750686646,0.13387137651443481,0.008166
1215,49057.0,243.0,49300.0,49300.0,0.9950709939148074,5.0,0.005,76.0,41457.0,36.0,40.0,3.0,2.0,23958.0,25099.0,653.0,492.25,147.0,307.75,41457.0,414.56999999999925,100.0,1000,0,1000,0.21690462483093143,924,0,0,0,0,0,0,0,0,0,0,0,0,0,0,0,36,0,0,0,0,0,0,0,2,0,0,0,0,0,0,0,38,0.13106036186218262,-0.006047542206943035,0.2767849266529083,0.15765264630317688,0.008147999999999999
1216,48680.0,943.0,49623.0,49623.0,0.9809967152328557,14.0,0.014,74.0,41280.0,36.0,38.0,8.0,6.0,24904.0,23776.0,620.0,608.5625,180.0,191.4375,41280.0,412.79999999999967,100.0,1000,0,1000,0.21638224995695055,926,0,0,0,0,0,0,0,0,0,0,0,0,0,0,0,36,0,0,0,0,0,0,0,0,0,2,0,0,0,0,1,35,0.31681913137435913,-0.006009080912917852,0.6480461359024048,0.14696863293647766,0.008129999999999998
1217,50800.0,621.0,51421.0,51421.0,0.98792322202991,8.0,0.008,77.0,43100.0,39.0,38.0,5.0,3.0,25931.0,24869.0,435.0,727.0,365.0,73.0,43100.0,430.999999999999,100.0,1000,0,1000,0.21597679192200303,923,0,0,0,0,0,0,0,0,0,0,0,0,0,0,0,39,0,0,0,0,0,0,0,0,0,0,0,0,0,0,0,38,0.2770596742630005,-0.031681306660175323,0.6198551654815674,0.14627836644649506,0.008112000000000001
1218,49823.0,1123.0,50946.0,50946.0,0.9779570525654615,15.0,0.015,75.0,42323.0,35.0,40.0,7.0,8.0,23290.0,26533.0,610.0,492.0,190.0,308.0,42323.0,423.2299999999993,100.0,1000,0,1000,0.2182723330333829,925,0,0,0,0,0,0,0,0,0,0,0,0,0,0,0,35,0,0,0,0,0,0,0,0,0,0,0,0,0,0,0,40,0.05922149121761322,-0.11297507584095001,0.3471849262714386,0.1724606156349182,0.008093999999999997
1219,49105.0,1541.0,50646.0,50646.0,0.9695731153496822,13.0,0.013,73.0,41805.0,37.0,36.0,7.0,6.0,25364.0,23741.0,635.0,411.0,165.0,389.0,41805.0,418.0500000000001,100.0,1000,0,1000,0.21756733395159245,927,0,0,0,0,0,0,0,0,0,0,0,0,0,0,0,37,0,0,0,0,0,0,0,0,0,0,0,0,0,0,0,36,0.47920557856559753,0.06866706162691116,0.8236898183822632,0.16175994277000427,0.008075999999999996
1220,50282.0,813.0,51095.0,51095.0,0.98408846266758,15.0,0.015,77.0,42582.0,36.0,41.0,10.0,5.0,25124.0,25158.0,323.0,700.875,477.0,99.125,42582.0,425.8200000000001,100.0,1000,0,1000,0.21756291715428233,923,0,0,0,0,0,0,0,0,0,0,0,0,0,0,0,36,0,0,0,0,0,0,0,0,0,2,0,0,0,0,0,39,0.17786261439323425,-0.0017986904131248593,0.3615656793117523,0.13918209075927734,0.008058
1221,48142.0,678.0,48820.0,48820.0,0.9861122490782466,10.0,0.01,75.0,40642.0,38.0,37.0,8.0,2.0,24846.0,23296.0,667.0,167.875,133.0,0.0,40642.0,406.4199999999998,100.0,1000,0,1000,0.21641495800577104,925,1,0,0,0,0,0,0,0,0,0,0,0,0,0,0,37,0,0,0,0,0,0,0,0,0,1,0,0,0,0,0,36,0.12884484231472015,-0.03735567629337311,0.3346436023712158,0.13946309685707092,0.008039999999999999
1222,48726.0,893.0,49619.0,49619.0,0.982002861806969,13.0,0.013,74.0,41326.0,36.0,38.0,10.0,3.0,24597.0,24129.0,246.0,277.75,554.0,0.0,41326.0,413.26000000000056,100.0,1000,0,1000,0.21543812495656312,926,0,0,0,0,0,0,0,1,0,0,0,0,0,0,0,35,0,0,0,0,0,0,0,0,0,1,0,0,0,0,0,37,0.19978304207324982,-0.05349227041006088,0.5085460543632507,0.12437164038419724,0.008022000000000001
1223,49164.0,989.0,50153.0,50153.0,0.9802803421530117,12.0,0.012,75.0,41664.0,36.0,39.0,8.0,4.0,24912.0,24252.0,463.0,380.0,337.0,420.0,41664.0,416.6399999999998,100.0,1000,0,1000,0.218782541109249,925,0,0,0,0,0,0,0,0,0,0,0,0,0,0,0,36,0,0,0,0,0,0,0,0,0,0,0,0,0,0,0,39,0.2930838465690613,-0.014847397804260254,0.6174687147140503,0.10033930093050003,0.008004
1224,50084.0,894.0,50978.0,50978.0,0.9824630232649378,9.0,0.009,75.0,42584.0,37.0,38.0,6.0,3.0,25619.0,24465.0,166.0,335.0,0.0,29.0625,42584.0,425.8400000000005,100.0,1000,0,1000,0.21573595888912678,925,0,0,0,0,0,0,0,0,0,0,0,0,0,0,0,37,0,0,0,0,0,0,0,0,0,1,0,0,0,0,1,36,0.17701366543769836,-0.10488305240869522,0.5665886402130127,0.1750079244375229,0.007986
1225,49276.0,814.0,50090.0,50090.0,0.9837492513475744,14.0,0.014,73.0,41976.0,35.0,38.0,10.0,4.0,24575.0,24701.0,308.0,334.0,492.0,466.0,41976.0,419.75999999999976,100.0,1000,0,1000,0.21778433304280043,927,0,0,0,0,0,0,0,0,0,0,0,0,0,0,0,35,0,0,0,0,0,0,0,0,0,0,0,0,0,1,0,37,0.1711888164281845,-0.03558395802974701,0.41567474603652954,0.13360968232154846,0.007968
1226,47687.0,1008.0,48695.0,48695.0,0.9792997227641441,10.0,0.01,72.0,40487.0,35.0,37.0,7.0,3.0,23841.0,23846.0,324.0,559.0,476.0,241.0,40487.0,404.86999999999955,100.0,1000,0,1000,0.21589354099705815,928,0,0,0,0,0,0,0,0,0,0,0,0,0,0,0,35,0,0,0,0,0,0,0,0,0,0,0,0,0,0,0,37,0.1974903643131256,-0.0854339450597763,0.567812442779541,0.12351075559854507,0.007949999999999999
1227,48648.0,917.0,49565.0,49565.0,0.9814990416624634,13.0,0.013,73.0,41348.0,35.0,38.0,9.0,4.0,23712.0,24936.0,464.0,462.0,336.0,338.0,41348.0,413.4799999999998,100.0,1000,0,1000,0.21578416600823402,927,0,0,0,0,0,0,0,0,0,0,0,0,0,0,0,35,0,0,0,0,0,0,0,0,0,0,0,0,0,0,0,38,0.26482927799224854,-0.010963637381792068,0.5539872646331787,0.15137353539466858,0.007931999999999998
1228,49345.0,1060.0,50405.0,50405.0,0.9789703402440234,17.0,0.017,76.0,41745.0,38.0,38.0,9.0,8.0,25073.0,24272.0,185.0,621.0,68.0,156.625,41745.0,417.45,100.0,1000,0,1000,0.21730370819568634,924,0,0,0,0,0,0,0,1,0,0,0,0,0,0,0,37,0,1,0,0,0,0,0,1,0,0,0,0,0,1,0,35,0.07600751519203186,-0.0663372203707695,0.28710421919822693,0.15256184339523315,0.007914000000000001
1229,48764.0,1425.0,50189.0,50189.0,0.9716073243140927,18.0,0.018,72.0,41564.0,34.0,38.0,10.0,8.0,23500.0,25264.0,659.0,245.0,141.0,0.0,41564.0,415.64000000000067,100.0,1000,0,1000,0.21667020907625556,928,0,0,0,0,0,0,0,0,0,0,0,0,0,0,0,34,0,0,0,0,0,0,0,0,0,0,0,0,0,0,0,38,0.29604262113571167,-0.05332576110959053,0.701019823551178,0.14456909894943237,0.007896
1230,49602.0,842.0,50444.0,50444.0,0.9833082229799381,12.0,0.012,77.0,41902.0,36.0,41.0,10.0,2.0,24112.0,25490.0,728.0,293.0,72.0,0.0,41902.0,419.0199999999997,100.0,1000,0,1000,0.2171486250590533,923,0,0,0,0,0,0,0,0,0,0,0,0,0,0,0,36,0,0,0,0,0,0,0,1,0,0,0,0,0,0,1,39,0.21786431968212128,0.039424408227205276,0.3597358763217926,0.18126767873764038,0.007878
1231,50290.0,1172.0,51462.0,51462.0,0.9772259142668377,17.0,0.017,74.0,42890.0,35.0,39.0,14.0,3.0,25152.0,25138.0,228.0,242.0,572.0,240.5,42890.0,428.8999999999997,100.0,1000,0,1000,0.21784562501125038,926,0,0,0,0,0,0,0,0,0,0,0,0,0,0,0,35,0,0,0,0,0,0,0,0,0,1,0,0,0,0,0,38,0.15297549962997437,0.031724121421575546,0.24488605558872223,0.1516091525554657,0.007859999999999999
1232,48206.0,1007.0,49213.0,49213.0,0.9795379269705159,17.0,0.017,74.0,40806.0,34.0,40.0,14.0,3.0,23761.0,24445.0,800.0,620.0,0.0,180.0,40806.0,408.05999999999955,100.0,1000,0,1000,0.21724937506951392,926,0,0,0,0,0,0,0,2,0,0,0,0,0,0,0,32,0,0,0,0,0,0,0,0,0,0,0,0,0,0,0,40,0.20559142529964447,0.00059320597210899,0.4124358296394348,0.155533567070961,0.007841999999999998
1233,49664.0,789.0,50453.0,50453.0,0.9843616831506551,13.0,0.013,74.0,42264.0,34.0,40.0,11.0,2.0,24581.0,25083.0,439.0,539.0,361.0,261.0,42264.0,422.63999999999965,100.0,1000,0,1000,0.2166827500332147,926,0,0,0,0,0,0,0,0,0,0,0,0,0,0,0,34,0,0,0,0,0,0,0,0,0,0,0,0,0,0,0,40,0.1270279586315155,0.03286442160606384,0.19045284390449524,0.13584880530834198,0.007823999999999998
1234,48740.0,1238.0,49978.0,49978.0,0.9752291008043539,18.0,0.018,73.0,41440.0,36.0,37.0,14.0,4.0,25369.0,23371.0,446.125,419.0,353.875,381.0,41440.0,414.39999999999975,100.0,1000,0,1000,0.21561141614802182,927,1,0,0,0,0,0,0,0,0,0,0,0,0,0,0,35,0,0,0,0,0,0,0,0,0,0,0,0,0,0,0,37,0.050523124635219574,-0.12688162922859192,0.3570651412010193,0.14448092877864838,0.0078060000000000004
1235,50420.0,765.0,51185.0,51185.0,0.9850542151020807,11.0,0.011,75.0,42920.0,35.0,40.0,8.0,3.0,24954.0,25466.0,447.0,338.0,353.0,54.0,42920.0,429.20000000000005,100.0,1000,0,1000,0.21716912486590445,925,0,0,0,0,0,0,0,0,0,0,0,0,0,0,0,35,0,0,0,0,0,0,0,0,0,0,0,0,0,0,0,40,0.06468451768159866,-0.08458156138658524,0.3008100688457489,0.14624467492103577,0.007788
1236,48460.0,1918.0,50378.0,50378.0,0.9619278256381754,24.0,0.024,72.0,41260.0,34.0,38.0,22.0,2.0,24726.0,23734.0,581.0,493.0,219.0,307.0,41260.0,412.6000000000003,100.0,1000,0,1000,0.2174109579063952,928,0,0,0,0,0,0,0,0,0,0,0,0,0,0,0,34,0,0,0,0,0,0,0,0,0,0,0,0,0,1,0,37,0.2575456500053406,0.036720093339681625,0.44435057044029236,0.17370864748954773,0.007769999999999999
1237,47541.0,737.0,48278.0,48278.0,0.9847342474833257,9.0,0.009,71.0,40441.0,34.0,37.0,3.0,6.0,23223.0,24318.0,582.0,596.0,218.0,204.0,40441.0,404.40999999999985,100.0,1000,0,1000,0.21703095803968608,929,0,0,0,0,0,0,0,0,0,0,0,0,0,0,0,34,0,0,0,0,0,0,0,0,0,0,0,0,0,0,0,37,0.11112416535615921,-0.10107017308473587,0.4268108606338501,0.15622927248477936,0.007752000000000002
1238,49784.0,627.0,50411.0,50411.0,0.9875622384003492,9.0,0.009,74.0,42384.0,35.0,39.0,5.0,4.0,24985.0,24799.0,315.0,607.0,485.0,193.0,42384.0,423.84,100.0,1000,0,1000,0.21776362508535385,926,0,0,0,0,0,0,0,0,0,0,0,0,0,0,0,35,0,0,0,0,0,0,0,0,0,0,0,0,0,0,0,39,0.36676025390625,0.03172546997666359,0.6724342703819275,0.15287809073925018,0.007733999999999998
1239,48802.0,744.0,49546.0,49546.0,0.9849836515561297,9.0,0.009,75.0,41302.0,35.0,40.0,6.0,3.0,23756.0,25046.0,645.0,473.0,155.0,327.0,41302.0,413.01999999999924,100.0,1000,0,1000,0.21472154185175896,925,0,0,0,0,0,0,0,0,0,0,0,0,0,0,0,35,0,0,0,0,0,0,0,2,0,0,0,0,0,0,0,38,0.1392938643693924,-0.0679972767829895,0.4173421859741211,0.17884349822998047,0.007715999999999997
1240,49342.0,999.0,50341.0,50341.0,0.9801553405772631,12.0,0.012,78.0,41542.0,36.0,42.0,9.0,3.0,24031.0,25311.0,800.0,198.0,0.0,61.0,41542.0,415.41999999999905,100.0,1000,1,999,0.2154604159295559,922,0,0,0,0,0,0,0,0,0,0,0,0,0,0,0,36,0,0,0,0,0,0,0,2,0,0,0,0,0,0,0,40,0.283878356218338,0.07535947859287262,0.41897210478782654,0.1256389319896698,0.007698
1241,50726.0,1473.0,52199.0,52199.0,0.9717810686028467,17.0,0.017,77.0,43026.0,34.0,43.0,10.0,7.0,23514.0,27212.0,388.0,694.0,412.0,106.0,43026.0,430.25999999999993,100.0,1000,0,1000,0.21744962478987873,923,0,0,0,0,0,0,0,0,0,0,0,0,0,0,0,34,0,0,0,0,0,0,0,2,0,0,0,0,0,0,0,41,0.3423409163951874,-0.09792988002300262,0.8828480243682861,0.15015491843223572,0.007679999999999999
1242,50309.0,367.0,50676.0,50676.0,0.9927579130160233,6.0,0.006,76.0,42709.0,39.0,37.0,4.0,2.0,26886.0,23423.0,255.0,432.0,545.0,214.0,42709.0,427.0899999999997,100.0,1000,0,1000,0.21793341590091586,924,0,0,0,0,0,0,0,0,0,0,0,0,0,0,0,39,0,0,0,0,0,0,0,1,0,0,0,0,0,0,0,36,0.14774443209171295,0.03993403539061546,0.21806122362613678,0.15925469994544983,0.007661999999999999
1243,48800.0,536.0,49336.0,49336.0,0.9891357223933841,6.0,0.006,74.0,41400.0,34.0,40.0,6.0,0.0,23695.0,25105.0,384.0,330.0,416.0,381.875,41400.0,414.00000000000006,100.0,1000,0,1000,0.2155251658987254,926,0,0,0,0,0,0,0,0,0,0,0,0,0,0,0,34,0,0,1,0,0,0,0,0,0,0,0,0,0,0,0,39,0.16127261519432068,-0.016339700669050217,0.3577266335487366,0.16365757584571838,0.0076440000000000015
1244,48043.0,796.0,48839.0,48839.0,0.9837015499907861,14.0,0.014,74.0,40643.0,36.0,38.0,12.0,2.0,23953.0,24090.0,150.0,602.75,0.0,197.25,40643.0,406.42999999999955,100.0,1000,0,1000,0.21755633293651044,926,1,0,0,0,0,0,0,0,0,0,0,0,0,0,0,35,0,0,0,0,0,0,0,0,0,0,0,0,0,1,0,37,0.22259646654129028,0.023445094004273415,0.40037471055984497,0.1358485370874405,0.007626000000000001
1245,47830.0,998.0,48828.0,48828.0,0.9795609076759236,13.0,0.013,74.0,40430.0,35.0,39.0,7.0,6.0,23669.0,24161.0,760.0,529.0,40.0,271.0,40430.0,404.3,100.0,1000,0,1000,0.21574608306400478,926,0,0,0,0,0,0,0,0,0,0,0,0,0,0,0,35,0,0,0,0,0,0,0,1,0,0,0,0,0,0,0,38,0.3397248685359955,0.08444828540086746,0.512434720993042,0.12365588545799255,0.007607999999999997
1246,49064.0,219.0,49283.0,49283.0,0.9955562770123572,5.0,0.005,75.0,41564.0,37.0,38.0,4.0,1.0,24882.0,24182.0,444.0,333.0,356.0,467.0,41564.0,415.6399999999999,100.0,1000,0,1000,0.2160718331579119,925,0,0,0,0,0,0,0,0,0,0,0,0,0,0,0,37,0,0,0,0,0,0,0,0,0,0,0,0,0,0,0,38,0.14149482548236847,-0.014023303985595703,0.31325122714042664,0.14591364562511444,0.0075899999999999995
1247,48770.0,635.0,49405.0,49405.0,0.9871470498937355,10.0,0.01,74.0,41370.0,35.0,39.0,9.0,1.0,24245.0,24525.0,286.0,257.0,514.0,203.625,41370.0,413.6999999999997,100.0,1000,0,1000,0.2179910831619054,926,0,0,0,0,0,0,0,0,0,0,0,0,0,0,0,35,0,0,0,0,0,0,0,0,0,1,0,0,0,0,0,38,0.14250031113624573,0.0232496727257967,0.24020977318286896,0.11281827092170715,0.007571999999999999
1248,49949.0,428.0,50377.0,50377.0,0.9915040593921829,7.0,0.007,77.0,42249.0,39.0,38.0,6.0,1.0,25962.0,23987.0,462.0,492.0,338.0,308.0,42249.0,422.489999999999,100.0,1000,0,1000,0.21596079180017114,923,0,0,0,0,0,0,0,0,0,0,0,0,0,0,0,39,0,0,0,0,0,0,0,0,0,0,0,0,0,0,0,38,0.04234381020069122,-0.04128660261631012,0.16938477754592896,0.14058467745780945,0.007553999999999998
1249,48896.0,594.0,49490.0,49490.0,0.9879975752677309,10.0,0.01,73.0,41596.0,37.0,36.0,8.0,2.0,25773.0,23123.0,381.0,446.0,419.0,354.0,41596.0,415.96000000000026,100.0,1000,0,1000,0.21598762506619096,927,0,0,0,0,0,0,0,0,0,0,0,0,0,0,0,37,0,0,0,0,0,0,0,0,0,0,0,0,0,0,0,36,0.2665542662143707,0.15472650527954102,0.2258860319852829,0.14798986911773682,0.007536000000000001
1250,46433.0,1688.0,48121.0,48121.0,0.964921759730679,17.0,0.017,68.0,39633.0,32.0,36.0,10.0,7.0,22424.0,24009.0,777.0,529.0,23.0,271.0,39633.0,396.33000000000044,100.0,1000,0,1000,0.21782720903865993,932,0,0,0,0,0,0,0,0,0,0,0,0,0,0,0,32,0,0,0,0,0,0,0,0,0,0,0,0,0,0,0,36,0.32533296942710876,-0.002826048294082284,0.6584557890892029,0.14217817783355713,0.007518
1251,48912.0,336.0,49248.0,49248.0,0.99317738791423,5.0,0.005,75.0,41412.0,37.0,38.0,3.0,2.0,24969.0,23943.0,311.0,357.0,489.0,443.0,41412.0,414.1200000000007,100.0,1000,0,1000,0.2155686670448631,925,0,0,0,0,0,0,0,0,0,0,0,0,0,0,0,37,0,0,0,0,0,0,0,2,0,0,0,0,0,0,0,36,0.27529409527778625,0.09920655936002731,0.35445836186408997,0.1522197723388672,0.0075
1252,49398.0,637.0,50035.0,50035.0,0.9872689117617668,5.0,0.005,75.0,41898.0,35.0,40.0,4.0,1.0,23814.0,25584.0,709.0,714.0,91.0,86.0,41898.0,418.97999999999996,100.0,1000,0,1000,0.21531433309428394,925,0,0,0,0,0,0,0,0,0,0,0,0,0,0,0,35,0,0,0,0,0,0,0,0,0,0,0,0,0,0,0,40,0.286693811416626,0.03719322383403778,0.5009822845458984,0.13239437341690063,0.007481999999999999
1253,48704.0,513.0,49217.0,49217.0,0.9895767722534896,9.0,0.009,74.0,41304.0,36.0,38.0,6.0,3.0,23892.0,24812.0,737.0,282.0,63.0,518.0,41304.0,413.04,100.0,1000,0,1000,0.21572108403779566,926,0,0,0,0,0,0,0,1,0,0,0,0,0,0,0,35,0,0,0,0,0,0,0,0,0,0,0,0,0,0,0,38,0.205266535282135,0.09428192675113678,0.22377365827560425,0.12087614089250565,0.007463999999999998
1254,46689.0,1951.0,48640.0,48640.0,0.9598889802631579,16.0,0.016,70.0,39689.0,36.0,34.0,8.0,8.0,24537.0,22152.0,615.0,238.0,185.0,562.0,39689.0,396.89,100.0,1000,0,1000,0.21735870791599154,930,0,0,0,0,0,0,0,0,0,0,0,0,0,0,0,36,0,0,0,0,0,0,0,0,0,0,0,0,0,0,0,34,0.3572821021080017,-0.008340302854776382,0.7333401441574097,0.1407039612531662,0.007445999999999998
1255,49129.0,142.0,49271.0,49271.0,0.9971179801505957,2.0,0.002,74.0,41729.0,35.0,39.0,2.0,0.0,23214.0,25915.0,800.0,532.0,0.0,268.0,41729.0,417.2899999999996,100.0,1000,0,1000,0.2169075410347432,926,0,0,0,0,0,0,0,0,0,0,0,0,0,0,0,35,0,0,0,0,0,0,0,0,0,0,0,0,0,0,0,39,0.08020278811454773,-0.07257536053657532,0.30750375986099243,0.13108952343463898,0.007428000000000001
1256,49052.0,1590.0,50642.0,50642.0,0.9686031357371352,17.0,0.017,73.0,41752.0,39.0,34.0,12.0,5.0,26686.0,22366.0,394.0,703.0,406.0,97.0,41752.0,417.5200000000008,100.0,1000,0,1000,0.21776158385910094,927,0,0,0,0,0,0,0,0,0,0,0,0,0,0,0,39,0,0,0,0,0,0,0,0,0,0,0,0,0,0,0,34,0.39916935563087463,-0.014124526642262936,0.828545093536377,0.13207711279392242,0.00741
1257,48209.0,904.0,49113.0,49113.0,0.9815934681245292,13.0,0.013,72.0,41009.0,37.0,35.0,9.0,4.0,24812.0,23397.0,751.0,253.0,49.0,547.0,41009.0,410.0899999999997,100.0,1000,0,1000,0.215659209061414,928,0,0,0,0,0,0,0,0,0,0,0,0,0,0,0,37,0,0,0,0,0,0,0,0,0,0,0,0,0,0,0,35,0.16670501232147217,0.03656303510069847,0.2620280385017395,0.11797230690717697,0.007391999999999999
1258,49026.0,613.0,49639.0,49639.0,0.9876508390579988,10.0,0.01,72.0,41826.0,36.0,36.0,5.0,5.0,24289.0,24737.0,210.0,340.0,590.0,460.0,41826.0,418.2599999999995,100.0,1000,0,1000,0.21731400000862777,928,0,0,0,0,0,0,0,0,0,0,0,0,0,0,0,36,0,0,0,0,0,0,0,0,0,0,0,0,0,0,0,36,0.11799928545951843,0.025432948023080826,0.18697582185268402,0.12497703731060028,0.007373999999999999
1259,49096.0,975.0,50071.0,50071.0,0.9805276507359549,16.0,0.016,72.0,41896.0,35.0,37.0,7.0,9.0,24130.0,24966.0,373.0,638.0,427.0,162.0,41896.0,418.95999999999935,100.0,1000,0,1000,0.21534629189409316,928,0,0,0,0,0,0,0,0,0,0,0,0,0,0,0,35,0,0,0,0,0,0,0,0,0,1,0,0,0,0,0,36,0.08174779266119003,-0.0029404121451079845,0.17165952920913696,0.15518808364868164,0.007355999999999998
1260,49739.0,1086.0,50825.0,50825.0,0.9786325627151992,18.0,0.018,73.0,42439.0,35.0,38.0,7.0,11.0,23942.0,25797.0,313.0,517.0,487.0,283.0,42439.0,424.39,100.0,1000,0,1000,0.2172329998575151,927,0,0,0,0,0,0,0,1,0,0,0,0,0,0,0,34,0,0,0,0,0,0,0,0,0,1,0,0,0,0,0,37,0.2052314132452011,0.05993425101041794,0.2925436794757843,0.13282470405101776,0.007337999999999997
1261,49501.0,500.0,50001.0,50001.0,0.9900001999960001,9.0,0.009,72.0,42301.0,36.0,36.0,6.0,3.0,24774.0,24727.0,492.0,552.0,308.0,248.0,42301.0,423.0099999999994,100.0,1000,0,1000,0.21744137513451278,928,0,0,0,0,0,0,0,0,0,0,0,0,0,0,0,36,0,0,0,0,0,0,0,0,0,0,0,0,0,0,0,36,0.06320521235466003,-0.06271906942129135,0.2539573609828949,0.14404387772083282,0.00732
1262,50066.0,943.0,51009.0,51009.0,0.9815130663216295,17.0,0.017,73.0,42766.0,36.0,37.0,5.0,12.0,24450.0,25616.0,129.0,633.0,0.0,167.0,42766.0,427.65999999999957,100.0,1000,0,1000,0.21682674996554852,927,0,0,0,0,0,0,0,0,0,0,0,0,0,0,0,36,0,0,0,0,0,0,0,0,0,0,0,0,0,0,0,37,0.09639523923397064,0.023653384298086166,0.14769698679447174,0.1515524536371231,0.0073019999999999995
1263,49628.0,859.0,50487.0,50487.0,0.982985719096005,15.0,0.015,72.0,42428.0,34.0,38.0,3.0,12.0,23006.0,26622.0,145.0,285.5,45.0,514.5,42428.0,424.28000000000003,100.0,1000,0,1000,0.21755579090677202,928,0,0,0,0,0,0,0,0,0,0,0,0,0,0,0,34,0,0,0,0,0,0,0,2,0,0,0,0,0,0,0,36,0.055236730724573135,-0.023353267461061478,0.15953141450881958,0.16141003370285034,0.007283999999999999
1264,49073.0,1674.0,50747.0,50747.0,0.9670128283445327,15.0,0.015,72.0,41873.0,36.0,36.0,11.0,4.0,24852.0,24221.0,453.0,427.0,347.0,373.0,41873.0,418.7300000000005,100.0,1000,0,1000,0.21889679203741252,928,0,0,0,0,0,0,0,0,0,0,0,0,0,0,0,36,0,0,0,0,0,0,0,0,0,0,0,0,0,0,0,36,0.27900657057762146,-0.007460883352905512,0.5745461583137512,0.11087493598461151,0.007266000000000002
1265,50200.0,1115.0,51315.0,51315.0,0.9782714605865731,15.0,0.015,73.0,42900.0,37.0,36.0,7.0,8.0,25592.0,24608.0,591.0,253.0,209.0,0.0,42900.0,428.9999999999999,100.0,1000,0,1000,0.21533108386211097,927,0,0,0,0,0,0,0,0,0,0,0,0,0,0,0,37,0,0,0,0,0,0,0,0,0,1,0,0,0,0,0,35,0.16305166482925415,-0.046296242624521255,0.42058295011520386,0.13018456101417542,0.0072479999999999975
1266,48763.0,1085.0,49848.0,49848.0,0.9782338308457711,17.0,0.017,72.0,41563.0,35.0,37.0,9.0,8.0,24272.0,24491.0,279.5,65.75,520.5,205.53125,41563.0,415.6300000000001,100.0,1000,0,1000,0.2169829581398517,928,0,0,0,0,0,0,0,1,0,0,0,0,0,0,0,34,0,0,0,0,0,0,0,0,0,0,0,0,0,4,0,33,0.16017194092273712,0.012429913505911827,0.29751935601234436,0.1407536417245865,0.007229999999999997
1267,48466.0,1133.0,49599.0,49599.0,0.977156797516079,18.0,0.018,70.0,41466.0,35.0,35.0,11.0,7.0,25062.0,23404.0,550.0,474.0,250.0,326.0,41466.0,414.66000000000054,100.0,1000,0,1000,0.2171523328870535,930,0,0,0,0,0,0,0,0,0,0,0,0,0,0,0,35,0,0,0,0,0,0,0,1,0,1,0,0,0,0,0,33,0.1349671334028244,-0.018847815692424774,0.3099479675292969,0.16070836782455444,0.007212
1268,47311.0,1796.0,49107.0,49107.0,0.9634268026961533,22.0,0.022,73.0,40011.0,36.0,37.0,16.0,6.0,24602.0,22709.0,156.4375,669.875,0.0,130.125,40011.0,400.1099999999999,100.0,1000,0,1000,0.21716329199261963,927,1,0,0,0,0,0,0,0,0,0,0,0,0,0,0,35,0,0,0,0,0,0,0,1,0,3,0,0,0,0,0,33,0.27898937463760376,0.04735541343688965,0.4652080833911896,0.1348423808813095,0.007193999999999999
1269,47983.0,931.0,48914.0,48914.0,0.9809665944310423,9.0,0.009,72.0,40783.0,35.0,37.0,7.0,2.0,23397.0,24586.0,481.0,408.28125,159.5,391.71875,40783.0,407.8299999999999,100.0,1000,0,1000,0.2175056671258062,928,0,0,0,0,0,0,0,2,0,0,0,0,0,0,0,33,0,0,0,0,0,0,0,0,0,2,0,0,0,0,0,35,0.11488079279661179,-0.0831131786108017,0.39817798137664795,0.15259486436843872,0.007175999999999998
1270,48439.0,466.0,48905.0,48905.0,0.9904713219507207,8.0,0.008,73.0,41139.0,37.0,36.0,1.0,7.0,24438.0,24001.0,543.0,574.140625,257.0,225.859375,41139.0,411.3900000000006,100.0,1000,0,1000,0.21508829202502966,927,0,0,0,0,0,0,0,0,0,0,0,1,0,0,0,36,0,0,0,0,0,0,0,0,0,2,0,0,0,0,0,34,0.08202795684337616,-0.030429493635892868,0.22656677663326263,0.11538738757371902,0.007158000000000001
1271,49422.0,1513.0,50935.0,50935.0,0.9702954746245215,22.0,0.022,72.0,42222.0,36.0,36.0,9.0,13.0,24709.0,24713.0,200.0,530.0,245.25,270.0,42222.0,422.22,100.0,1000,0,1000,0.21625216701067984,928,0,0,0,0,0,0,0,0,0,0,0,1,0,0,0,35,0,0,0,0,0,0,0,0,0,0,0,0,0,0,0,36,0.11442366987466812,-0.018105467781424522,0.2668267488479614,0.12384209036827087,0.0071400000000000005
1272,49573.0,680.0,50253.0,50253.0,0.9864684695441068,12.0,0.012,74.0,42173.0,37.0,37.0,7.0,5.0,24657.0,24916.0,291.0,485.0,509.0,315.0,42173.0,421.72999999999956,100.0,1000,0,1000,0.21783245797269046,926,0,0,0,0,0,0,0,2,0,0,0,0,0,0,0,35,0,0,0,0,0,0,0,0,0,1,0,0,0,0,0,36,0.040002308785915375,-0.04319814220070839,0.1683223992586136,0.1348986178636551,0.007121999999999996
1273,49318.0,718.0,50036.0,50036.0,0.985650331761132,9.0,0.009,73.0,42018.0,36.0,37.0,3.0,6.0,24437.0,24881.0,379.0,465.0,421.0,335.0,42018.0,420.1799999999991,100.0,1000,0,1000,0.21722170803695917,927,0,0,0,0,0,0,0,0,0,0,0,0,0,0,0,36,0,0,0,0,0,0,0,2,0,0,0,0,0,0,0,35,0.13555705547332764,0.004419376142323017,0.26399046182632446,0.12071395665407181,0.007103999999999999
1274,49932.0,576.0,50508.0,50508.0,0.9885958660014256,11.0,0.011,75.0,42432.0,37.0,38.0,2.0,9.0,24398.0,25534.0,565.5,194.0,234.5,227.25,42432.0,424.3199999999998,100.0,1000,0,1000,0.21737629198469222,925,0,0,0,0,0,0,0,0,0,0,0,1,0,0,0,36,0,0,0,0,0,0,0,0,0,2,0,0,0,0,0,36,0.12428541481494904,0.06345812976360321,0.12353815883398056,0.13291016221046448,0.0070859999999999985
1275,49225.0,1125.0,50350.0,50350.0,0.977656405163853,20.0,0.02,71.0,42125.0,36.0,35.0,7.0,13.0,24643.0,24582.0,522.0,501.625,278.0,298.375,42125.0,421.2499999999997,100.0,1000,0,1000,0.21502212504856288,929,0,0,0,0,0,0,0,0,0,0,0,1,0,0,0,35,0,0,0,0,0,0,0,0,0,1,0,0,0,0,0,34,0.04910445585846901,-0.038329146802425385,0.1773441880941391,0.1752254068851471,0.007067999999999998
1276,48148.0,851.0,48999.0,48999.0,0.9826322986183391,13.0,0.013,71.0,41048.0,36.0,35.0,5.0,8.0,25007.0,23141.0,320.0,379.0,480.0,374.0,41048.0,410.4799999999995,100.0,1000,0,1000,0.21736537502147257,929,0,0,0,0,0,0,0,0,0,0,0,0,0,0,0,36,0,1,0,0,0,0,0,1,0,1,0,0,0,0,0,32,0.1521827131509781,0.024833640083670616,0.25722065567970276,0.1788996011018753,0.007050000000000001
1277,48960.0,728.0,49688.0,49688.0,0.9853485751086781,13.0,0.013,71.0,41860.0,36.0,35.0,6.0,7.0,24609.0,24351.0,293.0,456.0,507.0,344.0,41860.0,418.6000000000002,100.0,1000,0,1000,0.21569574996829033,929,0,0,0,0,0,0,0,0,0,0,0,0,0,0,0,36,0,0,0,0,0,0,0,0,0,0,0,0,0,0,0,35,0.2863629162311554,0.12721027433872223,0.3202177882194519,0.1359870880842209,0.007032
1278,48478.0,1393.0,49871.0,49871.0,0.9720679352730044,24.0,0.024,71.0,41378.0,35.0,36.0,4.0,20.0,23690.0,24788.0,555.0,170.5,245.0,0.0,41378.0,413.7799999999997,100.0,1000,0,1000,0.21707595908083022,929,0,0,0,0,0,0,0,1,0,0,0,0,0,0,0,34,0,0,0,0,0,0,0,0,0,1,0,0,0,0,0,35,0.21385233104228973,0.06406848877668381,0.3012888729572296,0.122696153819561,0.007013999999999999
1279,48686.0,2426.0,51112.0,51112.0,0.9525356080763813,23.0,0.023,69.0,41786.0,36.0,33.0,10.0,13.0,24711.0,23975.0,599.0,323.0,201.0,477.0,41786.0,417.86000000000075,100.0,1000,0,1000,0.22281354200094938,931,0,0,0,0,0,0,0,0,0,0,0,0,0,0,0,36,0,0,0,0,0,0,0,0,0,0,0,0,0,0,0,33,0.31147608160972595,-0.02328111231327057,0.6715950965881348,0.14870765805244446,0.006995999999999999
1280,49633.0,997.0,50630.0,50630.0,0.9803081177167687,15.0,0.015,74.0,42233.0,39.0,35.0,3.0,12.0,25063.0,24570.0,227.0,576.0,0.0,224.0,42233.0,422.32999999999976,100.0,1000,0,1000,0.2188299591653049,926,0,0,0,0,0,0,0,0,0,0,0,0,0,0,0,39,0,0,0,0,0,0,0,0,0,0,0,0,0,0,0,35,0.36146122217178345,0.11385975033044815,0.49674171209335327,0.11025892198085785,0.006977999999999998
1281,49523.0,1894.0,51417.0,51417.0,0.9631639341073964,16.0,0.016,73.0,42223.0,40.0,33.0,7.0,9.0,26851.0,22672.0,530.5,37.0,269.5,174.0,42223.0,422.2299999999998,100.0,1000,0,1000,0.21772083407267928,927,0,0,0,0,0,0,0,1,0,0,0,0,0,0,0,39,0,0,0,0,0,0,0,0,0,0,0,0,0,0,0,33,0.4044167101383209,0.07614932954311371,0.6582881808280945,0.12596161663532257,0.0069599999999999974
1282,47361.0,1072.0,48433.0,48433.0,0.9778663308075073,16.0,0.016,71.0,40261.0,36.0,35.0,4.0,12.0,22634.0,24727.0,665.0,664.0,135.0,136.0,40261.0,402.60999999999933,100.0,1000,0,1000,0.21636829082854092,929,0,0,0,0,0,0,0,2,0,0,0,0,0,0,0,34,0,0,0,0,0,0,0,0,0,0,0,0,0,0,0,35,0.14620152115821838,0.01887260191142559,0.2564300000667572,0.1276402473449707,0.006942
1283,47390.0,2291.0,49681.0,49681.0,0.9538857913488054,18.0,0.018,70.0,40390.0,34.0,36.0,10.0,8.0,22264.0,25126.0,415.0,312.0,360.9375,488.0,40390.0,403.90000000000066,100.0,1000,0,1000,0.21706550009548664,930,1,0,0,0,0,0,0,0,0,0,0,0,0,0,0,33,0,0,0,0,0,0,0,0,0,0,0,0,0,1,0,35,0.33562201261520386,0.05859396234154701,0.5556288957595825,0.11357586085796356,0.006924
1284,47904.0,2766.0,50670.0,50670.0,0.9454114860864417,29.0,0.029,68.0,41104.0,35.0,33.0,14.0,15.0,24354.0,23550.0,347.0,445.0,453.0,355.0,41104.0,411.04000000000013,100.0,1000,0,1000,0.2184724579565227,932,0,0,0,0,0,0,0,0,0,0,0,0,0,0,0,35,0,0,0,0,0,0,0,1,0,0,0,0,0,0,0,32,0.27356836199760437,-0.05596721172332764,0.6611658334732056,0.1516556441783905,0.006905999999999999
1285,47531.0,1684.0,49215.0,49215.0,0.9657827897998578,16.0,0.016,71.0,40431.0,38.0,33.0,7.0,9.0,24347.0,23184.0,613.0,560.0,187.0,240.0,40431.0,404.31000000000006,100.0,1000,0,1000,0.21523091685958207,929,0,0,0,0,0,0,0,1,0,0,0,0,0,0,0,37,0,0,0,0,0,0,0,0,0,0,0,0,0,0,0,33,0.4680008292198181,0.10315566509962082,0.7314376831054688,0.1268404871225357,0.006887999999999998
1286,49707.0,1247.0,50954.0,50954.0,0.975526945872748,20.0,0.02,75.0,42207.0,40.0,35.0,6.0,14.0,26094.0,23613.0,205.0,280.359375,305.0,519.640625,42207.0,422.06999999999994,100.0,1000,0,1000,0.2162162910681218,925,0,0,0,0,0,0,0,1,0,0,0,0,0,0,0,39,0,0,0,0,0,0,0,1,0,3,0,0,0,0,0,31,0.1515832096338272,-0.010649331845343113,0.32614874839782715,0.12253731489181519,0.006869999999999998
1287,48508.0,962.0,49470.0,49470.0,0.9805538710329492,13.0,0.013,72.0,41308.0,37.0,35.0,4.0,9.0,24512.0,23996.0,143.0,723.0,33.0,77.0,41308.0,413.0799999999997,100.0,1000,0,1000,0.21736441599205136,928,0,0,0,0,0,0,0,0,0,0,0,0,0,0,0,37,0,0,0,0,0,0,0,0,0,0,0,0,0,0,0,35,0.27811717987060547,0.022756218910217285,0.5124901533126831,0.12903162837028503,0.0068520000000000005
1288,46978.0,1800.0,48778.0,48778.0,0.9630981180040182,19.0,0.019,69.0,40078.0,36.0,33.0,6.0,13.0,24576.0,22402.0,679.0,632.0,121.0,168.0,40078.0,400.78000000000003,100.0,1000,0,1000,0.21555850002914667,931,0,0,0,0,0,0,0,0,0,0,0,0,0,0,0,36,0,1,0,0,0,0,0,0,0,0,0,0,0,0,0,32,0.3382321000099182,0.033282291144132614,0.6121547222137451,0.16498911380767822,0.006834
1289,48894.0,487.0,49381.0,49381.0,0.9901379072922784,8.0,0.008,73.0,41594.0,37.0,36.0,4.0,4.0,24830.0,24064.0,486.0,100.0,314.0,54.0,41594.0,415.9400000000002,100.0,1000,0,1000,0.21712895901873708,927,0,0,0,0,0,0,0,1,0,0,0,0,0,0,0,36,0,0,0,0,0,0,0,0,0,0,0,0,0,0,0,36,0.1218128651380539,-0.04528516158461571,0.3359924554824829,0.1317775845527649,0.006815999999999999
1290,49179.0,875.0,50054.0,50054.0,0.9825188796100212,15.0,0.015,72.0,41979.0,35.0,37.0,8.0,7.0,23980.0,25199.0,531.0,635.0,269.0,165.0,41979.0,419.79000000000013,100.0,1000,0,1000,0.2168358329217881,928,0,0,0,0,0,0,0,0,0,0,0,0,0,0,0,35,0,0,0,0,0,0,0,0,0,0,0,0,0,0,0,37,0.13848771154880524,0.03498927503824234,0.20872671902179718,0.12723252177238464,0.006798000000000002
1291,49831.0,838.0,50669.0,50669.0,0.9834612879670015,13.0,0.013,75.0,42331.0,38.0,37.0,8.0,5.0,25124.0,24707.0,554.0,628.0,246.0,172.0,42331.0,423.30999999999915,100.0,1000,0,1000,0.21576570812612772,925,0,0,0,0,0,0,0,2,0,0,0,0,0,0,0,36,0,0,0,0,0,0,0,0,0,0,0,0,0,0,0,37,0.1918831616640091,0.018481459468603134,0.3485850691795349,0.13139112293720245,0.006779999999999998
1292,49161.0,430.0,49591.0,49591.0,0.9913290718073844,7.0,0.007,73.0,41861.0,35.0,38.0,4.0,3.0,24490.0,24671.0,193.0,474.0,607.0,20.375,41861.0,418.6100000000001,100.0,1000,0,1000,0.21520574996247888,927,0,0,0,0,0,0,0,0,0,0,0,0,0,0,0,35,0,0,0,0,0,0,0,0,0,0,0,0,0,0,1,37,0.039674803614616394,-0.0855431854724884,0.251860648393631,0.1053437739610672,0.006761999999999997
1293,48895.0,1174.0,50069.0,50069.0,0.9765523577463101,18.0,0.018,72.0,41695.0,35.0,37.0,12.0,6.0,24610.0,24285.0,296.0,314.875,504.0,181.921875,41695.0,416.95000000000044,100.0,1000,0,1000,0.21704549994319677,928,0,0,0,0,0,0,0,0,0,0,0,0,0,0,0,35,0,0,0,0,0,0,0,0,0,2,0,0,0,0,0,35,0.14856192469596863,0.011316784657537937,0.2762565612792969,0.130951926112175,0.006744
1294,47186.0,1317.0,48503.0,48503.0,0.9728470403892543,17.0,0.017,72.0,39986.0,35.0,37.0,12.0,5.0,23975.0,23211.0,729.0,664.0,71.0,136.0,39986.0,399.86,100.0,1000,0,1000,0.2152496250346303,928,0,0,0,0,0,0,0,0,0,0,0,0,0,0,0,35,0,0,1,0,0,0,0,0,0,1,0,0,0,2,0,33,0.2754654586315155,0.03608913719654083,0.4801517128944397,0.1040055975317955,0.006725999999999999
1295,48553.0,1304.0,49857.0,49857.0,0.9738451972641755,19.0,0.019,72.0,41353.0,34.0,38.0,14.0,5.0,23736.0,24817.0,595.0,574.375,205.0,112.8125,41353.0,413.5300000000008,100.0,1000,0,1000,0.21661254204809666,928,0,0,0,0,0,0,0,0,0,0,0,0,0,0,0,34,0,0,0,0,0,0,0,1,0,1,0,0,0,0,0,36,0.24410609900951385,0.07406683266162872,0.342025488615036,0.14512300491333008,0.006707999999999999
1296,48563.0,1391.0,49954.0,49954.0,0.972154382031469,15.0,0.015,72.0,41363.0,36.0,36.0,9.0,6.0,24658.0,23905.0,249.0,630.0,275.5,170.0,41363.0,413.6300000000005,100.0,1000,0,1000,0.21708950004540384,928,0,0,0,0,0,0,0,1,0,0,0,0,0,0,0,35,0,0,0,0,0,0,0,1,0,0,0,0,0,0,0,35,0.3113885819911957,0.03294936567544937,0.5584550499916077,0.11783146113157272,0.0066900000000000015
1297,49181.0,2044.0,51225.0,51225.0,0.9600976085895558,20.0,0.02,71.0,42081.0,35.0,36.0,10.0,10.0,24234.0,24947.0,187.0,320.0,613.0,480.0,42081.0,420.8099999999999,100.0,1000,0,1000,0.21507512498646975,929,0,0,0,0,0,0,0,0,0,0,0,0,0,0,0,35,0,0,0,0,0,0,0,0,0,0,0,0,0,0,0,36,0.3902328908443451,0.00480231549590826,0.7725794315338135,0.12876898050308228,0.006672000000000001
1298,48109.0,827.0,48936.0,48936.0,0.9831003760013078,10.0,0.01,69.0,41209.0,35.0,34.0,8.0,2.0,24798.0,23311.0,648.0,481.0,152.0,319.0,41209.0,412.09000000000026,100.0,1000,0,1000,0.2170234580989927,931,0,0,0,0,0,0,0,0,0,0,0,0,0,0,0,35,0,0,0,0,0,0,0,0,0,0,0,0,0,0,0,34,0.23143942654132843,0.006221674848347902,0.4520186483860016,0.11896249651908875,0.006653999999999997
1299,45972.0,2033.0,48005.0,48005.0,0.9576502447661702,19.0,0.019,67.0,39272.0,35.0,32.0,12.0,7.0,24517.0,21455.0,545.0,677.0,255.0,123.0,39272.0,392.72000000000014,100.0,1000,0,1000,0.2176416669972241,933,0,0,0,0,0,0,0,0,0,0,0,0,0,0,0,35,0,0,0,0,0,0,0,0,0,0,0,0,0,0,0,32,0.19921818375587463,0.00014472418115474284,0.4002256393432617,0.15662430226802826,0.0066359999999999995
1300,49051.0,677.0,49728.0,49728.0,0.9863859395109396,11.0,0.011,72.0,41851.0,33.0,39.0,7.0,4.0,22826.0,26225.0,243.0,127.0,557.0,0.0,41851.0,418.50999999999976,100.0,1000,0,1000,0.21767358318902552,928,0,0,0,0,0,0,0,0,0,0,0,0,0,0,0,33,0,0,0,0,0,0,0,0,0,0,0,0,0,0,0,39,-0.014226388186216354,-0.10509682446718216,0.1834186315536499,0.12675732374191284,0.006617999999999999
1301,49406.0,563.0,49969.0,49969.0,0.9887330144689708,10.0,0.01,71.0,42306.0,35.0,36.0,4.0,6.0,23938.0,25468.0,511.0,285.0,289.0,515.0,42306.0,423.05999999999966,100.0,1000,0,1000,0.21465612505562603,929,0,0,0,0,0,0,0,0,0,0,0,0,0,0,0,35,0,0,0,0,0,0,0,0,0,0,0,0,0,0,0,36,0.1342691332101822,0.04556174576282501,0.1790870726108551,0.12669017910957336,0.006599999999999998
1302,48628.0,1781.0,50409.0,50409.0,0.9646690075184987,19.0,0.019,70.0,41628.0,34.0,36.0,5.0,14.0,23189.0,25439.0,276.0,281.0,524.0,519.0,41628.0,416.2800000000003,100.0,1000,0,1000,0.2141871249768883,930,0,0,0,0,0,0,0,0,0,0,0,0,0,0,0,34,0,0,0,0,0,0,0,0,0,0,0,0,0,0,0,36,0.41190433502197266,0.014769685454666615,0.7961322069168091,0.14151237905025482,0.006582000000000001
1303,50821.0,1151.0,51972.0,51972.0,0.9778534595551451,17.0,0.017,75.0,43321.0,35.0,40.0,10.0,7.0,24112.0,26709.0,616.0,187.875,184.0,329.5625,43321.0,433.20999999999947,100.0,1000,0,1000,0.21616275003179908,925,0,0,0,0,0,0,0,0,0,0,0,0,0,0,0,35,0,0,0,0,0,0,0,1,0,1,0,0,0,0,0,38,0.32356157898902893,0.03970758989453316,0.5698975324630737,0.1667855978012085,0.006564
1304,49071.0,792.0,49863.0,49863.0,0.9841164791528789,14.0,0.014,74.0,41671.0,36.0,38.0,5.0,9.0,23703.0,25368.0,192.0,599.734375,0.0,200.265625,41671.0,416.71000000000055,100.0,1000,0,1000,0.21331916586495936,926,0,0,0,0,0,0,0,0,0,0,0,0,0,0,0,36,0,0,0,0,0,0,0,0,0,2,0,0,0,0,0,36,0.1961682140827179,0.08618221431970596,0.22174322605133057,0.13528940081596375,0.006546
1305,47883.0,1365.0,49248.0,49248.0,0.9722831384015594,15.0,0.015,70.0,40883.0,35.0,35.0,7.0,8.0,24162.0,23721.0,400.0,519.0,400.0,281.0,40883.0,408.8299999999994,100.0,1000,0,1000,0.215680125169456,930,0,0,0,0,0,0,0,0,0,0,0,0,0,0,0,35,0,0,0,0,0,0,0,0,0,0,0,0,0,0,0,35,0.2200748175382614,-0.01353409793227911,0.46874716877937317,0.11713555455207825,0.006527999999999999
1306,49599.0,1382.0,50981.0,50981.0,0.9728918616739569,15.0,0.015,71.0,42499.0,37.0,34.0,7.0,8.0,25877.0,23722.0,130.0,417.0,670.0,383.0,42499.0,424.98999999999967,100.0,1000,0,1000,0.2139963749796152,929,0,0,0,0,0,0,0,0,0,0,0,0,0,0,0,37,0,0,0,0,0,0,0,0,0,0,0,0,0,0,0,34,0.13806354999542236,-0.12838900089263916,0.5351865887641907,0.17522935569286346,0.006509999999999998
1307,48228.0,468.0,48696.0,48696.0,0.9903893543617546,5.0,0.005,72.0,41028.0,33.0,39.0,1.0,4.0,22309.0,25919.0,445.0,422.5,355.0,377.5,41028.0,410.2800000000006,100.0,1000,0,1000,0.2158929998986423,928,0,0,0,0,0,0,0,0,0,0,0,0,0,0,0,33,0,0,0,0,0,0,0,1,0,0,0,0,0,0,0,38,0.2575583755970001,0.06374090909957886,0.3890661895275116,0.11023427546024323,0.006491999999999998
1308,48531.0,620.0,49151.0,49151.0,0.9873858110720026,11.0,0.011,73.0,41231.0,34.0,39.0,3.0,8.0,22262.0,26269.0,51.5,655.0,0.0,145.0,41231.0,412.30999999999955,100.0,1000,1,999,0.21426250017248094,927,0,0,0,0,0,0,0,1,0,0,0,0,0,0,0,33,0,0,0,0,0,0,0,0,0,0,0,0,0,0,0,39,0.03166922926902771,-0.04836590960621834,0.16164973378181458,0.12198441475629807,0.006474000000000001
1309,45619.0,1646.0,47265.0,47265.0,0.9651750766952291,20.0,0.02,67.0,38919.0,32.0,35.0,11.0,9.0,22087.0,23532.0,264.0,528.3359375,0.0,271.6640625,38919.0,389.1900000000005,100.0,1000,1,999,0.2137274171691388,933,0,0,0,0,0,0,0,0,0,0,0,0,0,0,0,32,0,0,0,0,0,0,0,0,0,1,0,0,1,0,0,33,0.3490158021450043,0.05180276557803154,0.5963897705078125,0.15208007395267487,0.006456
1310,49080.0,694.0,49774.0,49774.0,0.9860569775384739,12.0,0.012,72.0,41880.0,34.0,38.0,8.0,4.0,23936.0,25144.0,311.0,471.0,489.0,329.0,41880.0,418.79999999999944,100.0,1000,0,1000,0.21463558287359774,928,0,0,0,0,0,0,0,0,0,0,0,0,0,0,0,34,0,0,0,0,0,0,0,0,0,0,0,0,0,0,0,38,0.06760066747665405,-0.04588204249739647,0.22865121066570282,0.1309259980916977,0.006437999999999999
1311,48678.0,664.0,49342.0,49342.0,0.9865429046248632,12.0,0.012,71.0,41578.0,36.0,35.0,8.0,4.0,25095.0,23583.0,447.0,694.75,353.0,105.25,41578.0,415.7800000000001,100.0,1000,0,1000,0.21698225010186434,929,0,0,0,0,0,0,0,0,0,0,0,0,0,0,0,36,0,0,0,0,0,0,0,0,0,0,0,0,0,1,0,34,0.10097075253725052,-0.004379835445433855,0.21262870728969574,0.1501188725233078,0.006419999999999999
1312,49175.0,739.0,49914.0,49914.0,0.9851945345995111,13.0,0.013,74.0,41775.0,38.0,36.0,8.0,5.0,25413.0,23762.0,526.0,385.0,274.0,415.0,41775.0,417.7499999999996,100.0,1000,0,1000,0.21555679198354483,926,0,0,0,0,0,0,0,0,0,0,0,0,0,0,0,38,0,0,0,0,0,0,0,1,0,0,0,0,0,0,0,35,0.09953262656927109,0.0030702680815011263,0.19450631737709045,0.12352356314659119,0.006401999999999998
1313,48711.0,843.0,49554.0,49554.0,0.9829882552367115,11.0,0.011,72.0,41511.0,34.0,38.0,8.0,3.0,23492.0,25219.0,160.0,462.0,640.0,338.0,41511.0,415.10999999999956,100.0,1000,0,1000,0.21634008293040097,928,0,0,0,0,0,0,0,0,0,0,0,0,0,0,0,34,0,0,0,0,0,0,0,0,0,0,0,0,0,0,0,38,0.1349274218082428,0.004092590417712927,0.26346465945243835,0.14058540761470795,0.006383999999999997
1314,47457.0,1154.0,48611.0,48611.0,0.9762605171668964,11.0,0.011,71.0,40357.0,34.0,37.0,7.0,4.0,23037.0,24420.0,424.0,544.0,376.0,256.0,40357.0,403.5699999999997,100.0,1000,0,1000,0.2160566251259297,929,0,0,0,0,0,0,0,0,0,0,0,0,0,0,0,34,0,0,0,0,0,0,0,0,0,0,0,0,0,0,0,37,0.25353267788887024,0.06318671256303787,0.3819945752620697,0.10231218487024307,0.006366
1315,49333.0,1623.0,50956.0,50956.0,0.9681489912866003,12.0,0.012,74.0,41933.0,36.0,38.0,9.0,3.0,24174.0,25159.0,449.0,680.0,351.0,120.0,41933.0,419.3300000000006,100.0,1000,0,1000,0.21581829199567437,926,0,0,0,0,0,0,0,0,0,0,0,0,0,0,0,36,0,0,0,0,0,0,0,0,0,0,0,0,0,0,0,38,0.16836625337600708,-0.09385593980550766,0.5262275338172913,0.14044936001300812,0.0063479999999999995
1316,48705.0,1239.0,49944.0,49944.0,0.9751922152811149,14.0,0.014,73.0,41405.0,36.0,37.0,7.0,7.0,24512.0,24193.0,521.0,713.0,279.0,87.0,41405.0,414.0500000000003,100.0,1000,1,999,0.21451024990528822,927,0,0,0,0,0,0,0,0,0,0,0,0,0,0,0,36,0,0,0,0,0,0,0,0,0,1,0,0,0,0,0,36,0.36875975131988525,-5.0773909606505185e-05,0.739252507686615,0.1288679540157318,0.006329999999999999
1317,48184.0,1255.0,49439.0,49439.0,0.9746151823459213,15.0,0.015,74.0,40784.0,38.0,36.0,8.0,7.0,24604.0,23580.0,601.0,410.0,199.0,0.0,40784.0,407.84000000000043,100.0,1000,0,1000,0.21561866719275713,926,1,0,0,0,0,0,0,0,0,0,0,0,0,0,0,37,0,0,0,0,0,0,0,0,0,0,0,0,0,0,0,36,0.23709455132484436,0.03352263197302818,0.4087165296077728,0.12457950413227081,0.006312000000000002
1318,48782.0,1631.0,50413.0,50413.0,0.9676472338484121,13.0,0.013,75.0,41282.0,35.0,40.0,7.0,6.0,23288.0,25494.0,425.0,703.0,375.0,97.0,41282.0,412.8199999999998,100.0,1000,0,1000,0.21425712504424155,925,0,0,0,0,0,0,0,1,0,0,0,0,0,0,0,34,0,0,0,0,0,0,0,0,0,1,0,0,0,0,0,39,0.31802669167518616,-0.016399839892983437,0.6704480648040771,0.12670943140983582,0.0062939999999999975
1319,49527.0,282.0,49809.0,49809.0,0.9943383725832681,5.0,0.005,75.0,42027.0,34.0,41.0,1.0,4.0,22854.0,26673.0,472.0,682.0,328.0,118.0,42027.0,420.2699999999988,100.0,1000,0,1000,0.21604400011710823,925,0,0,0,0,0,0,0,0,0,0,0,0,0,0,0,34,0,0,0,0,0,0,0,0,0,0,0,0,0,0,0,41,0.24347320199012756,0.011642931029200554,0.4651201069355011,0.11628203839063644,0.006275999999999997
1320,48771.0,1572.0,50343.0,50343.0,0.9687742089267624,14.0,0.014,74.0,41371.0,35.0,39.0,9.0,5.0,23530.0,25241.0,668.0,361.0,132.0,439.0,41371.0,413.7099999999998,100.0,1000,0,1000,0.2140672500245273,926,0,0,0,0,0,0,0,0,0,0,0,0,0,0,0,35,0,0,0,0,0,0,0,0,0,0,0,0,0,0,0,39,0.28902509808540344,-0.048445314168930054,0.6770166754722595,0.16585813462734222,0.006258
1321,49409.0,1201.0,50610.0,50610.0,0.9762695119541592,11.0,0.011,76.0,41809.0,37.0,39.0,5.0,6.0,24289.0,25120.0,225.0,140.0,575.0,109.0,41809.0,418.08999999999935,100.0,1000,0,1000,0.21583295916207135,924,0,0,0,0,0,0,0,1,0,0,0,0,0,0,0,36,0,0,0,0,0,0,0,0,0,0,0,0,0,0,0,39,0.4626515209674835,0.1199897900223732,0.687152087688446,0.1465223878622055,0.006239999999999999
1322,48626.0,439.0,49065.0,49065.0,0.9910526852134923,8.0,0.008,73.0,41326.0,35.0,38.0,5.0,3.0,23914.0,24712.0,468.0,532.0,332.0,268.0,41326.0,413.25999999999976,100.0,1000,0,1000,0.2142741249408573,927,0,0,0,0,0,0,0,0,0,0,0,0,0,0,0,35,0,0,0,0,0,0,0,0,0,0,0,0,0,0,0,38,0.18523211777210236,0.12138927727937698,0.12954114377498627,0.14910434186458588,0.006221999999999998
1323,49021.0,1180.0,50201.0,50201.0,0.9764944921415908,11.0,0.011,74.0,41621.0,38.0,36.0,9.0,2.0,26304.0,22717.0,547.0,326.0,253.0,474.0,41621.0,416.21000000000004,100.0,1000,0,1000,0.21359908301383257,926,0,0,0,0,0,0,0,0,0,0,0,0,0,0,0,38,0,0,0,0,0,0,0,0,0,0,0,0,0,0,0,36,0.17387676239013672,-0.06270534545183182,0.4747300446033478,0.12619321048259735,0.006204000000000001
1324,46904.0,736.0,47640.0,47640.0,0.9845507976490344,7.0,0.007,71.0,39804.0,35.0,36.0,4.0,3.0,23329.0,23575.0,208.0,554.0,0.0,246.0,39804.0,398.03999999999957,100.0,1000,0,1000,0.2154852079693228,929,0,0,0,0,0,0,0,0,0,0,0,0,0,0,0,35,0,0,0,0,0,0,0,0,0,0,0,0,0,0,0,36,0.23074105381965637,-0.05082133784890175,0.5646429657936096,0.12271101772785187,0.0061860000000000005
1325,48064.0,1799.0,49863.0,49863.0,0.9639211439343802,20.0,0.02,72.0,40864.0,38.0,34.0,10.0,10.0,25437.0,22627.0,314.0,351.625,121.5,448.375,40864.0,408.64,100.0,1000,0,1000,0.21618541609495878,928,0,0,0,0,0,0,0,0,0,0,0,1,0,0,0,37,0,0,0,0,0,0,0,0,0,2,0,0,0,0,0,32,0.1787617802619934,-0.01383883971720934,0.38678285479545593,0.12820999324321747,0.006167999999999996
1326,50031.0,604.0,50635.0,50635.0,0.9880714920509529,9.0,0.009,75.0,42531.0,36.0,39.0,5.0,4.0,24415.0,25616.0,324.0,668.0,476.0,132.0,42531.0,425.3100000000001,100.0,1000,0,1000,0.21466333302669227,925,0,0,0,0,0,0,0,0,0,0,0,0,0,0,0,36,0,0,0,0,0,0,0,0,0,0,0,0,0,0,0,39,0.15157027542591095,0.07158738374710083,0.1614147275686264,0.1178027018904686,0.006149999999999999
1327,48367.0,1320.0,49687.0,49687.0,0.9734336949302634,11.0,0.011,73.0,41067.0,36.0,37.0,7.0,4.0,24516.0,23851.0,611.0,406.0,189.0,394.0,41067.0,410.66999999999945,100.0,1000,0,1000,0.21330874995328486,927,0,0,0,0,0,0,0,0,0,0,0,0,0,0,0,36,0,0,0,0,0,0,0,0,0,1,0,0,0,0,0,36,0.3862852454185486,-0.01600753888487816,0.8060116171836853,0.11628106236457825,0.0061319999999999986
1328,48144.0,889.0,49033.0,49033.0,0.9818693532926804,12.0,0.012,74.0,40744.0,35.0,39.0,7.0,5.0,23018.0,25126.0,800.0,479.25,0.0,320.75,40744.0,407.4400000000005,100.0,1000,0,1000,0.21736545814201236,926,0,0,0,0,0,0,0,0,0,0,0,0,0,0,0,35,0,0,0,0,0,0,0,0,0,1,0,0,0,0,0,38,0.3231942057609558,0.020349780097603798,0.6070895195007324,0.11454559117555618,0.006113999999999998
1329,49937.0,765.0,50702.0,50702.0,0.9849118377973255,12.0,0.012,74.0,42537.0,35.0,39.0,8.0,4.0,24756.0,25181.0,452.0,640.0,348.0,160.0,42537.0,425.36999999999955,100.0,1000,0,1000,0.21349170920439065,926,0,0,0,0,0,0,0,0,0,0,0,0,0,0,0,35,0,0,0,0,0,0,0,0,0,0,0,0,0,0,0,39,0.052778925746679306,-0.02846122533082962,0.16448017954826355,0.16403186321258545,0.006096000000000001
1330,47400.0,1191.0,48591.0,48591.0,0.975489288139779,10.0,0.01,70.0,40400.0,35.0,35.0,7.0,3.0,24251.0,23149.0,311.0,428.0,489.0,372.0,40400.0,404.0000000000003,100.0,1000,0,1000,0.2155524999834597,930,0,0,0,0,0,0,0,0,0,0,0,0,0,0,0,35,0,0,0,0,0,0,0,0,0,1,0,0,0,0,0,34,0.32281211018562317,0.07714127004146576,0.49303117394447327,0.13898612558841705,0.006078
1331,47551.0,1010.0,48561.0,48561.0,0.9792014167747781,9.0,0.009,72.0,40351.0,34.0,38.0,6.0,3.0,23498.0,24053.0,437.0,265.0,363.0,0.0,40351.0,403.51,100.0,1000,0,1000,0.2166526671499014,928,0,0,0,0,0,0,0,0,0,0,0,0,0,0,0,34,0,0,0,0,0,0,0,0,0,0,0,0,0,0,0,38,0.3148905038833618,-0.011119645088911057,0.6533573269844055,0.11031828075647354,0.006059999999999999
1332,49976.0,1067.0,51043.0,51043.0,0.9790960562662853,11.0,0.011,75.0,42476.0,37.0,38.0,9.0,2.0,25055.0,24921.0,179.0,548.0,65.0,252.0,42476.0,424.76000000000045,100.0,1000,0,1000,0.21560454089194536,925,0,0,0,0,0,0,0,0,0,0,0,0,0,0,0,37,0,0,0,0,0,0,0,0,0,0,0,0,0,0,0,38,0.25553661584854126,0.044277504086494446,0.42384469509124756,0.1097690761089325,0.006041999999999999
1333,48923.0,660.0,49583.0,49583.0,0.9866889861444447,12.0,0.012,72.0,41723.0,34.0,38.0,5.0,7.0,23611.0,25312.0,626.0,154.625,174.0,51.0,41723.0,417.23,100.0,1000,0,1000,0.2155359999742359,928,0,0,0,0,0,0,0,0,0,0,0,0,0,0,0,34,0,0,0,0,0,0,0,0,0,0,0,0,0,0,1,37,0.18146608769893646,0.051704250276088715,0.26119107007980347,0.13839735090732574,0.006023999999999998
1334,47107.0,1744.0,48851.0,48851.0,0.9642996049210866,19.0,0.019,71.0,40007.0,35.0,36.0,15.0,4.0,23742.0,23365.0,749.0,401.0,51.0,399.0,40007.0,400.06999999999994,100.0,1000,0,1000,0.2141188329551369,929,0,0,0,0,0,0,0,0,0,0,0,0,0,0,0,35,0,0,0,0,0,0,0,0,0,1,0,0,0,0,0,35,0.24038909375667572,-0.08726222068071365,0.657103419303894,0.14991824328899384,0.0060059999999999975
1335,49502.0,579.0,50081.0,50081.0,0.9884387292586011,7.0,0.007,75.0,42002.0,34.0,41.0,4.0,3.0,22922.0,26580.0,800.0,142.0,0.0,60.0,42002.0,420.0199999999998,100.0,1000,0,1000,0.2170811661053449,925,0,0,0,0,0,0,0,0,0,0,0,0,0,0,0,34,0,0,0,0,0,0,0,1,0,0,0,0,0,0,0,40,0.2044876515865326,-0.005488909315317869,0.42170247435569763,0.14607152342796326,0.005988
1336,49605.0,1312.0,50917.0,50917.0,0.9742325745821632,18.0,0.018,73.0,42305.0,34.0,39.0,12.0,6.0,24129.0,25476.0,489.0,130.0,311.0,35.390625,42305.0,423.0500000000001,100.0,1000,0,1000,0.22942608315497637,927,0,0,0,0,0,0,0,0,0,0,0,0,0,0,0,34,0,0,0,0,0,0,0,0,0,1,0,0,0,0,1,37,0.14413809776306152,0.007359027862548828,0.2756035625934601,0.1713080108165741,0.00597
1337,48552.0,698.0,49250.0,49250.0,0.9858274111675127,11.0,0.011,74.0,41152.0,36.0,38.0,6.0,5.0,23565.0,24987.0,746.0,453.0,54.0,347.0,41152.0,411.52,100.0,1000,0,1000,0.21535645914264023,926,0,0,0,0,0,0,0,0,3,0,0,0,0,0,0,33,0,0,0,0,0,0,0,0,0,0,0,0,0,0,0,38,0.2076270878314972,0.0674688071012497,0.28192993998527527,0.13553212583065033,0.005951999999999999
1338,51141.0,1584.0,52725.0,52725.0,0.9699573257467994,18.0,0.018,77.0,43441.0,35.0,42.0,12.0,6.0,23465.0,27676.0,661.0,554.75,139.0,245.25,43441.0,434.4099999999997,100.0,1000,0,1000,0.21580937504768372,923,0,0,0,0,0,0,0,0,2,0,0,0,0,0,0,33,0,0,0,0,0,0,0,0,0,1,0,0,0,0,0,41,0.27349281311035156,0.009675235487520695,0.5292474627494812,0.1358555406332016,0.005933999999999998
1339,48617.0,1172.0,49789.0,49789.0,0.9764606640020889,18.0,0.018,72.0,41417.0,34.0,38.0,8.0,10.0,23286.0,25331.0,379.0,553.0,421.0,247.0,41417.0,414.1700000000005,100.0,1000,0,1000,0.21660687495023012,928,0,0,0,0,0,0,0,0,0,0,1,0,0,0,0,33,0,0,0,0,0,0,0,0,0,0,0,1,0,0,1,36,0.16053706407546997,-0.009431769140064716,0.3416427671909332,0.14411109685897827,0.005915999999999998
1340,50079.0,1627.0,51706.0,51706.0,0.9685336324604494,19.0,0.019,73.0,42779.0,32.0,41.0,10.0,9.0,23200.0,26879.0,77.0,604.625,723.0,195.375,42779.0,427.79,100.0,1000,0,1000,0.21654162486083806,927,0,0,0,0,0,0,0,0,0,0,0,0,0,0,0,32,0,0,0,0,0,0,0,0,0,1,0,0,0,0,0,40,0.26718273758888245,0.03718063607811928,0.46157023310661316,0.13275955617427826,0.005897999999999997
1341,50741.0,1394.0,52135.0,52135.0,0.9732617243694255,18.0,0.018,77.0,43041.0,38.0,39.0,10.0,8.0,26181.0,24560.0,732.0,579.0,68.0,221.0,43041.0,430.4099999999997,100.0,1000,0,1000,0.2142481249757111,923,0,0,0,0,0,0,0,0,0,0,0,0,0,0,0,38,1,0,0,0,0,0,0,0,0,0,0,0,0,0,0,38,0.21887406706809998,-0.022820288315415382,0.48494455218315125,0.132299542427063,0.00588
1342,50479.0,1652.0,52131.0,52131.0,0.9683106021369243,16.0,0.016,76.0,42879.0,39.0,37.0,11.0,5.0,26838.0,23641.0,141.0,702.0,659.0,98.0,42879.0,428.78999999999985,100.0,1000,0,1000,0.21600962500087917,924,0,0,0,0,0,0,0,0,2,0,0,0,0,0,0,37,0,0,0,0,0,0,0,0,0,0,0,0,0,0,0,37,0.4155370593070984,0.045246731489896774,0.7423807382583618,0.1535387933254242,0.005861999999999999
1343,48948.0,855.0,49803.0,49803.0,0.9828323594964159,11.0,0.011,73.0,41648.0,35.0,38.0,8.0,3.0,23788.0,25160.0,674.0,400.0,126.0,400.0,41648.0,416.4799999999998,100.0,1000,0,1000,0.21456104097887874,927,0,0,0,0,0,0,0,0,1,0,0,0,0,0,0,34,0,0,0,0,0,0,0,0,0,0,0,0,0,0,0,38,0.5604028105735779,0.07953158020973206,0.9633961915969849,0.14149200916290283,0.0058439999999999985
1344,48400.0,1752.0,50152.0,50152.0,0.9650661987557824,17.0,0.017,74.0,41000.0,35.0,39.0,13.0,4.0,23703.0,24697.0,529.0,648.1875,271.0,151.8125,41000.0,410.0,100.0,1000,0,1000,0.21648033312521875,926,0,0,0,0,0,0,0,0,1,0,0,0,0,0,0,34,0,0,0,0,0,0,0,0,0,0,0,0,0,0,1,38,0.29042214155197144,-0.06901295483112335,0.7204210758209229,0.13310515880584717,0.005826000000000001
1345,49936.0,625.0,50561.0,50561.0,0.9876386938549475,12.0,0.012,77.0,42236.0,36.0,41.0,11.0,1.0,24778.0,25158.0,449.0,748.0,351.0,52.0,42236.0,422.3600000000001,100.0,1000,0,1000,0.2158291668165475,923,0,0,0,0,0,0,0,0,1,0,0,0,0,0,0,35,0,0,0,0,0,0,0,1,0,0,0,0,0,1,0,39,0.10604743659496307,0.02856663428246975,0.15629595518112183,0.11487171053886414,0.005807999999999997
1346,49760.0,400.0,50160.0,50160.0,0.9920255183413078,7.0,0.007,77.0,42060.0,39.0,38.0,5.0,2.0,25409.0,24351.0,637.0,268.0,92.6875,0.0,42060.0,420.59999999999974,100.0,1000,0,1000,0.21542533417232335,923,0,0,0,0,0,0,0,0,2,0,0,0,0,0,0,37,0,0,0,0,0,0,0,0,0,0,0,0,0,0,0,38,-0.011421126313507557,-0.09753917902708054,0.17360392212867737,0.11811884492635727,0.00579
1347,47319.0,338.0,47657.0,47657.0,0.9929076526008771,6.0,0.006,70.0,40319.0,32.0,38.0,3.0,3.0,21667.0,25652.0,497.0,295.0,303.0,505.0,40319.0,403.1899999999995,100.0,1000,0,1000,0.21600737515836954,930,0,0,0,0,0,0,0,0,0,0,0,0,0,0,0,32,0,0,0,0,0,0,0,0,0,0,0,0,0,0,0,38,0.21637538075447083,0.044452033936977386,0.34512174129486084,0.1104535460472107,0.005771999999999999
1348,49240.0,1946.0,51186.0,51186.0,0.9619817918962216,17.0,0.017,71.0,42140.0,35.0,36.0,10.0,7.0,24703.0,24537.0,249.0,590.0,551.0,210.0,42140.0,421.39999999999975,100.0,1000,0,1000,0.2144096251577139,929,0,0,0,0,0,0,0,0,0,0,0,0,0,0,0,35,0,0,0,0,0,0,0,0,0,0,0,0,0,0,0,36,0.25197774171829224,-0.0828915610909462,0.6711957454681396,0.12662146985530853,0.005753999999999999
1349,48812.0,1561.0,50373.0,50373.0,0.9690111766223969,17.0,0.017,71.0,41712.0,37.0,34.0,7.0,10.0,25382.0,23430.0,742.0,305.0,58.0,495.0,41712.0,417.1199999999999,100.0,1000,0,1000,0.21342091704718769,929,0,0,0,0,0,0,0,0,0,0,0,0,0,0,0,37,0,0,0,0,0,0,0,0,0,0,0,0,0,0,0,34,0.23707367479801178,-0.1017795279622078,0.6791889071464539,0.1292303055524826,0.0057360000000000015
1350,49349.0,804.0,50153.0,50153.0,0.9839690546926405,13.0,0.013,72.0,42149.0,36.0,36.0,7.0,6.0,25327.0,24022.0,382.0,71.0,418.0,94.0,42149.0,421.48999999999967,100.0,1000,0,1000,0.21564783295616508,928,0,0,0,0,0,0,0,0,0,0,0,0,0,0,0,36,0,0,0,0,0,0,0,0,0,0,0,0,0,0,0,36,0.1317991018295288,0.0033829170279204845,0.2584836184978485,0.14439156651496887,0.005718000000000001
1351,48597.0,2414.0,51011.0,51011.0,0.9526768736154947,21.0,0.021,72.0,41397.0,34.0,38.0,11.0,10.0,22862.0,25735.0,745.0,661.0,55.0,139.0,41397.0,413.97000000000014,100.0,1000,0,1000,0.21635579178109765,928,0,0,0,0,0,0,0,0,0,0,0,0,0,0,0,34,0,0,0,0,0,0,0,0,0,0,0,0,0,1,0,37,0.21183191239833832,-0.07281920313835144,0.5709934234619141,0.14834971725940704,0.0057
1352,49303.0,1592.0,50895.0,50895.0,0.9687199135474998,21.0,0.021,72.0,42103.0,36.0,36.0,10.0,11.0,24354.0,24949.0,759.0,545.0,41.0,255.0,42103.0,421.0299999999996,100.0,1000,0,1000,0.21373683400452137,928,0,0,0,0,0,0,0,0,0,0,0,0,0,0,0,36,0,0,0,0,0,0,0,0,0,0,0,0,0,0,0,36,0.16618919372558594,-0.007720971945673227,0.34934452176094055,0.13412262499332428,0.0056819999999999996
1353,49322.0,546.0,49868.0,49868.0,0.9890510948905109,7.0,0.007,73.0,42022.0,36.0,37.0,6.0,1.0,24562.0,24760.0,434.0,279.0,366.0,521.0,42022.0,420.2200000000002,100.0,1000,0,1000,0.21581220906227827,927,0,0,0,0,0,0,0,0,0,0,0,0,0,0,0,36,0,0,0,0,0,0,0,0,0,0,0,0,0,0,0,37,0.26614484190940857,0.0005067771999165416,0.5325003266334534,0.10807209461927414,0.005663999999999999
1354,49751.0,766.0,50517.0,50517.0,0.9848367876160501,13.0,0.013,73.0,42451.0,36.0,37.0,6.0,7.0,24455.0,25296.0,532.0,360.0,268.0,440.0,42451.0,424.5099999999998,100.0,1000,0,1000,0.21339929103851318,927,0,0,0,0,0,0,0,0,0,0,0,0,0,0,0,36,0,0,0,0,0,0,0,0,0,0,0,0,0,0,0,37,0.13790762424468994,0.005640690680593252,0.2660677134990692,0.13583257794380188,0.005645999999999998
1355,49830.0,337.0,50167.0,50167.0,0.9932824366615505,5.0,0.005,74.0,42430.0,38.0,36.0,1.0,4.0,25857.0,23973.0,334.0,96.0,466.0,84.3125,42430.0,424.2999999999998,100.0,1000,0,1000,0.21621787501499057,926,0,0,0,0,0,0,0,0,0,0,0,0,0,0,0,38,0,0,0,0,0,0,0,0,0,0,0,0,0,0,1,35,0.04889437183737755,-0.040437206625938416,0.18038016557693481,0.1525413542985916,0.005628000000000001
1356,46849.0,1854.0,48703.0,48703.0,0.9619325298236249,17.0,0.017,68.0,40049.0,35.0,33.0,10.0,7.0,23909.0,22940.0,436.0,270.0,364.0,530.0,40049.0,400.49000000000063,100.0,1000,0,1000,0.2145789999049157,932,0,0,0,0,0,0,0,0,0,0,0,0,0,0,0,35,0,0,0,0,0,0,0,0,0,0,0,0,0,0,0,33,0.16023637354373932,-0.019512511789798737,0.3608557879924774,0.12103497236967087,0.00561
1357,50204.0,1460.0,51664.0,51664.0,0.9717404769278415,11.0,0.011,73.0,42904.0,37.0,36.0,7.0,4.0,25322.0,24882.0,286.0,177.0,514.0,623.0,42904.0,429.0399999999999,100.0,1000,0,1000,0.21625908301211894,927,0,0,0,0,0,0,0,0,0,0,0,0,0,0,0,37,0,0,0,0,0,0,0,0,0,0,0,0,0,0,0,36,0.28876522183418274,0.013018797151744366,0.5530062913894653,0.13531839847564697,0.005592
1358,50008.0,662.0,50670.0,50670.0,0.9869350700611802,11.0,0.011,73.0,42708.0,39.0,34.0,4.0,7.0,26231.0,23777.0,276.0,245.0,524.0,555.0,42708.0,427.0799999999999,100.0,1000,0,1000,0.2158869169652462,927,0,0,0,0,0,0,0,0,1,0,0,0,0,0,0,38,0,0,0,0,0,0,0,0,0,0,0,0,0,0,0,34,0.07165876775979996,-0.01591162569820881,0.1767672896385193,0.14590170979499817,0.005573999999999999
1359,49374.0,782.0,50156.0,50156.0,0.9844086450275141,12.0,0.012,74.0,41974.0,39.0,35.0,8.0,4.0,26343.0,23031.0,753.0,597.375,47.0,202.625,41974.0,419.7400000000003,100.0,1000,0,1000,0.21614920813590288,926,0,0,0,0,0,0,0,0,0,0,0,0,0,0,0,39,0,0,0,0,0,0,0,0,0,0,0,0,0,2,0,33,0.05912754684686661,-0.05546201765537262,0.23067310452461243,0.1344471573829651,0.0055559999999999984
1360,48239.0,1557.0,49796.0,49796.0,0.9687324283074946,17.0,0.017,71.0,41139.0,35.0,36.0,7.0,10.0,24073.0,24166.0,205.0,800.0,595.0,0.0,41139.0,411.39000000000004,100.0,1000,0,1000,0.2156657089944929,929,0,0,0,0,0,0,0,0,0,0,0,0,0,0,0,35,0,0,0,0,0,0,0,0,0,0,0,0,0,0,0,36,0.22532789409160614,-0.011229835450649261,0.4749378561973572,0.1645352989435196,0.005537999999999998
1361,50750.0,744.0,51494.0,51494.0,0.985551714762885,11.0,0.011,75.0,43250.0,36.0,39.0,4.0,7.0,24368.0,26382.0,267.0,706.0,533.0,94.0,43250.0,432.4999999999992,100.0,1000,0,1000,0.21590804192237556,925,0,0,0,0,0,0,0,0,1,0,0,0,0,0,0,35,0,0,0,0,0,0,0,0,0,0,0,0,0,0,0,39,0.25565123558044434,0.10502331703901291,0.30275672674179077,0.13595373928546906,0.005520000000000001
1362,49684.0,480.0,50164.0,50164.0,0.990431385057013,7.0,0.007,75.0,42184.0,36.0,39.0,5.0,2.0,23954.0,25730.0,427.0,77.3125,373.0,42.0,42184.0,421.8400000000008,100.0,1000,0,1000,0.21391854202374816,925,0,0,0,0,0,0,0,0,0,0,0,0,0,0,0,36,0,0,0,0,0,0,0,0,0,0,0,0,1,0,0,38,0.054074328392744064,-0.03041871078312397,0.17043019831180573,0.1312360316514969,0.005502
1363,49263.0,743.0,50006.0,50006.0,0.9851417829860417,11.0,0.011,73.0,41963.0,37.0,36.0,7.0,4.0,25026.0,24237.0,178.0,286.0,53.0,514.0,41963.0,419.62999999999977,100.0,1000,0,1000,0.21284158318303525,927,0,0,0,0,0,0,0,0,0,0,0,0,0,0,0,37,0,0,0,0,0,0,0,0,0,0,0,0,0,0,0,36,0.11195733398199081,-0.012028360739350319,0.2497652918100357,0.1635580062866211,0.005483999999999999
1364,49320.0,711.0,50031.0,50031.0,0.9857888109372189,13.0,0.013,74.0,41920.0,37.0,37.0,4.0,9.0,24617.0,24703.0,568.0,705.0,232.0,95.0,41920.0,419.1999999999994,100.0,1000,0,1000,0.21392058301717043,926,0,0,0,0,0,0,0,0,0,0,0,0,0,0,0,37,0,0,0,0,0,0,0,0,0,0,0,0,0,0,0,37,0.09591624140739441,-0.0628175288438797,0.3188244700431824,0.1241251528263092,0.005465999999999999
1365,48887.0,1030.0,49917.0,49917.0,0.9793657471402528,13.0,0.013,73.0,41587.0,38.0,35.0,7.0,6.0,25337.0,23550.0,349.0,514.0,451.0,286.0,41587.0,415.8699999999995,100.0,1000,0,1000,0.21354704187251627,927,0,0,0,0,0,0,0,0,0,0,0,0,0,0,0,38,0,0,0,0,0,0,0,0,0,0,0,0,0,0,0,35,0.14446799457073212,-0.03647245094180107,0.3631359040737152,0.11517933011054993,0.005447999999999998
1366,47391.0,2020.0,49411.0,49411.0,0.9591184149278501,21.0,0.021,71.0,40291.0,35.0,36.0,12.0,9.0,23329.0,24062.0,409.0,310.0,391.0,490.0,40291.0,402.9100000000003,100.0,1000,0,1000,0.21598495892249048,929,0,0,0,0,0,0,0,1,0,0,0,0,0,0,0,34,0,0,0,0,0,0,0,0,0,0,0,0,0,0,0,36,0.2393094301223755,0.011382686905562878,0.4573173224925995,0.13479167222976685,0.005429999999999997
1367,49701.0,691.0,50392.0,50392.0,0.9862875059533259,8.0,0.008,74.0,42301.0,37.0,37.0,2.0,6.0,24689.0,25012.0,328.0,689.0,472.0,111.0,42301.0,423.00999999999976,100.0,1000,0,1000,0.21603091689758003,926,0,0,0,0,0,0,0,0,0,0,0,0,0,0,0,37,0,0,0,0,0,0,0,0,0,0,0,0,0,0,0,37,0.10565554350614548,-0.055831972509622574,0.3243978023529053,0.13144712150096893,0.005412
1368,49240.0,2296.0,51536.0,51536.0,0.9554486184414778,22.0,0.022,71.0,42140.0,37.0,34.0,9.0,13.0,25086.0,24154.0,428.0,507.0,372.0,293.0,42140.0,421.4000000000003,100.0,1000,0,1000,0.21429141680710018,929,0,0,0,0,0,0,0,0,0,0,0,0,0,0,0,37,0,0,0,0,0,0,0,0,0,0,0,0,0,0,0,34,0.40021976828575134,0.06910547614097595,0.6634725332260132,0.11530821770429611,0.0053939999999999995
1369,49622.0,749.0,50371.0,50371.0,0.9851303329296619,12.0,0.012,74.0,42222.0,40.0,34.0,5.0,7.0,25761.0,23861.0,581.0,530.0,219.0,270.0,42222.0,422.22000000000025,100.0,1000,0,1000,0.2138547501526773,926,1,0,0,0,0,0,0,0,0,0,0,0,0,0,0,39,0,0,0,0,0,0,0,0,0,0,0,0,0,0,0,34,0.140129953622818,0.057696886360645294,0.1663462221622467,0.1376582533121109,0.005375999999999999
1370,48757.0,785.0,49542.0,49542.0,0.9841548585038957,9.0,0.009,73.0,41457.0,36.0,37.0,3.0,6.0,23561.0,25196.0,699.0,491.0,101.0,309.0,41457.0,414.5699999999988,100.0,1000,0,1000,0.21635612496174872,927,0,0,0,0,0,0,0,0,0,0,0,0,0,0,0,36,1,0,0,0,0,0,0,0,0,0,0,0,0,0,0,36,0.15014256536960602,0.027687370777130127,0.2463589757680893,0.13518232107162476,0.005358000000000002
1371,48846.0,1103.0,49949.0,49949.0,0.9779174758253418,10.0,0.01,73.0,41546.0,37.0,36.0,6.0,4.0,24590.0,24256.0,559.0,419.0,241.0,381.0,41546.0,415.45999999999987,100.0,1000,0,1000,0.21429891604930162,927,0,0,0,0,0,0,0,0,0,0,0,0,0,0,0,37,0,0,0,0,0,0,0,0,0,1,0,0,0,0,0,35,0.22230523824691772,-0.04387836158275604,0.5336260199546814,0.11786708235740662,0.0053399999999999975
1372,48063.0,793.0,48856.0,48856.0,0.9837686261666939,12.0,0.012,72.0,40863.0,36.0,36.0,2.0,10.0,23457.0,24606.0,312.0,464.0,488.0,336.0,40863.0,408.6300000000001,100.0,1000,0,1000,0.21607383294031024,928,0,0,0,0,0,0,0,0,1,0,0,0,0,0,0,35,0,0,0,0,0,0,0,0,0,0,0,0,0,0,0,36,0.06484091281890869,-0.05732676759362221,0.24586273729801178,0.14349523186683655,0.005321999999999997
1373,49769.0,473.0,50242.0,50242.0,0.9905855658612316,9.0,0.009,75.0,42269.0,39.0,36.0,3.0,6.0,25917.0,23852.0,555.0,608.0,245.0,48.0,42269.0,422.6899999999997,100.0,1000,0,1000,0.21345224999822676,925,0,0,0,0,0,0,0,0,0,0,0,0,0,0,0,39,0,0,0,0,0,0,0,0,0,1,0,1,0,0,0,34,0.23067229986190796,0.051105573773384094,0.36069750785827637,0.14744214713573456,0.005304
1374,49915.0,800.0,50715.0,50715.0,0.9842255742876861,13.0,0.013,73.0,42615.0,36.0,37.0,2.0,11.0,23765.0,26150.0,167.0,136.0,0.0,664.0,42615.0,426.1499999999996,100.0,1000,0,1000,0.21563162514939904,927,0,0,0,0,0,0,0,0,0,0,0,0,0,0,0,36,0,0,0,0,0,0,0,0,0,0,0,0,0,0,0,37,0.04717477038502693,-0.0642121359705925,0.224334254860878,0.14760111272335052,0.005285999999999999
1375,50045.0,696.0,50741.0,50741.0,0.9862832817642537,12.0,0.012,76.0,42445.0,39.0,37.0,5.0,7.0,24939.0,25106.0,507.0,317.0,293.0,483.0,42445.0,424.4499999999999,100.0,1000,0,1000,0.2150902079883963,924,0,0,0,0,0,0,0,0,0,0,0,0,0,0,0,39,0,0,0,0,0,0,0,0,0,0,0,0,0,0,0,37,0.01582964137196541,-0.035725437104701996,0.10447273403406143,0.1293257623910904,0.005267999999999998
1376,49885.0,959.0,50844.0,50844.0,0.9811383840767839,15.0,0.015,74.0,42485.0,34.0,40.0,4.0,11.0,23007.0,26878.0,457.0,529.0,343.0,271.0,42485.0,424.8500000000008,100.0,1000,0,1000,0.21635141596198082,926,0,0,0,0,0,0,0,0,0,0,0,0,0,0,0,34,0,0,0,0,0,0,0,0,0,0,0,0,0,0,0,40,0.10470492392778397,-0.0013972376473248005,0.21345168352127075,0.11879671365022659,0.005250000000000001
1377,48603.0,1077.0,49680.0,49680.0,0.9783212560386474,11.0,0.011,73.0,41303.0,38.0,35.0,4.0,7.0,25108.0,23495.0,192.75,65.0,607.25,66.0,41303.0,413.03000000000026,100.0,1000,0,1000,0.21430974989198148,927,1,0,0,0,0,0,0,0,0,0,0,0,0,0,0,37,0,0,0,0,0,0,0,0,0,0,0,0,0,0,0,35,0.3490234315395355,0.01739736646413803,0.6645558476448059,0.12459354102611542,0.0052320000000000005
1378,49418.0,597.0,50015.0,50015.0,0.9880635809257223,10.0,0.01,74.0,42018.0,35.0,39.0,6.0,4.0,23601.0,25817.0,635.0,639.0,165.0,161.0,42018.0,420.1800000000001,100.0,1000,0,1000,0.21419741585850716,926,0,0,0,0,0,0,0,0,0,0,0,0,0,0,0,35,0,0,0,0,0,0,0,0,0,0,0,0,0,0,0,39,0.08339741826057434,-0.010219072923064232,0.18890801072120667,0.1606275588274002,0.005213999999999996
1379,49002.0,1960.0,50962.0,50962.0,0.9615399709587535,15.0,0.015,72.0,41802.0,37.0,35.0,6.0,9.0,25048.0,23954.0,515.0,421.0,285.0,379.0,41802.0,418.01999999999975,100.0,1000,0,1000,0.21373374992981553,928,0,0,0,0,0,0,0,0,0,0,0,0,0,0,0,37,0,0,0,0,0,0,0,0,0,0,0,0,0,0,0,35,0.27695828676223755,-0.00655414117500186,0.5684665441513062,0.1387346237897873,0.005195999999999999
1380,49716.0,249.0,49965.0,49965.0,0.9950165115580907,3.0,0.003,76.0,42116.0,39.0,37.0,1.0,2.0,26200.0,23516.0,359.0,800.0,441.0,0.0,42116.0,421.15999999999957,100.0,1000,0,1000,0.21634987508878112,924,0,0,0,0,0,0,0,0,0,0,0,0,0,0,0,39,0,0,0,0,0,0,0,0,0,2,0,0,0,0,0,35,0.09858579933643341,-0.014493275433778763,0.22751285135746002,0.13081207871437073,0.005177999999999999
1381,50010.0,576.0,50586.0,50586.0,0.9886134503617602,9.0,0.009,73.0,42710.0,39.0,34.0,5.0,4.0,26463.0,23547.0,352.0,447.0,448.0,353.0,42710.0,427.09999999999985,100.0,1000,0,1000,0.21550849988125265,927,0,0,0,0,0,0,0,0,0,0,0,0,0,0,0,39,0,0,0,0,0,0,0,0,0,0,0,0,0,0,0,34,0.2029513269662857,-0.008168942295014858,0.42371249198913574,0.14263343811035156,0.005159999999999998
1382,48542.0,945.0,49487.0,49487.0,0.9809040758178915,14.0,0.014,72.0,41342.0,35.0,37.0,8.0,6.0,23813.0,24729.0,409.0,544.0,391.0,256.0,41342.0,413.4199999999989,100.0,1000,0,1000,0.21489454107359052,928,0,0,0,0,0,0,0,0,0,0,0,0,0,0,0,35,0,0,0,0,0,0,0,0,0,0,0,0,0,0,0,37,0.13949507474899292,0.021555330604314804,0.23708100616931915,0.11683177202939987,0.005142000000000001
1383,49343.0,2169.0,51512.0,51512.0,0.9578933064140395,17.0,0.017,74.0,41943.0,37.0,37.0,10.0,7.0,24355.0,24988.0,666.0,410.0,134.0,390.0,41943.0,419.42999999999995,100.0,1000,0,1000,0.21572175016626716,926,0,0,0,0,0,0,0,0,0,0,0,0,0,0,0,37,0,0,0,0,0,0,0,0,0,0,0,0,0,0,0,37,0.221791610121727,-0.045783404260873795,0.536406397819519,0.12259744852781296,0.005124
1384,49973.0,1009.0,50982.0,50982.0,0.9802087011101958,12.0,0.012,74.0,42573.0,36.0,38.0,4.0,8.0,23953.0,26020.0,222.0,410.0,578.0,390.0,42573.0,425.72999999999934,100.0,1000,0,1000,0.2138559170998633,926,0,0,0,0,0,0,0,0,0,0,0,0,0,0,0,36,0,0,0,0,0,0,0,0,0,0,0,0,0,0,0,38,0.03910915553569794,-0.0756365954875946,0.23076073825359344,0.12428858876228333,0.005105999999999999
1385,48716.0,868.0,49584.0,49584.0,0.9824943530171023,14.0,0.014,72.0,41516.0,38.0,34.0,4.0,10.0,25242.0,23474.0,608.0,535.0,192.0,265.0,41516.0,415.15999999999985,100.0,1000,0,1000,0.21575199998915195,928,0,0,0,0,0,0,0,0,0,0,0,0,0,0,0,38,0,0,0,0,0,0,0,0,0,0,0,0,0,0,0,34,0.02368353120982647,-0.0430084690451622,0.13463689386844635,0.12312231212854385,0.005087999999999999
1386,46946.0,1373.0,48319.0,48319.0,0.9715846768351994,14.0,0.014,69.0,40046.0,34.0,35.0,10.0,4.0,23199.0,23747.0,320.0,421.0,480.0,379.0,40046.0,400.45999999999975,100.0,1000,0,1000,0.21541383396834135,931,0,0,0,0,0,0,0,0,0,0,0,0,0,0,0,34,0,0,0,0,0,0,0,0,0,0,0,0,0,0,0,35,0.2906187176704407,0.056734777987003326,0.46915507316589355,0.13680030405521393,0.005069999999999998
1387,49411.0,758.0,50169.0,50169.0,0.9848910681895194,11.0,0.011,74.0,42011.0,37.0,37.0,7.0,4.0,24788.0,24623.0,647.0,371.0,153.0,429.0,42011.0,420.1099999999995,100.0,1000,0,1000,0.21365466597490013,926,0,0,0,0,0,0,0,0,0,0,0,0,0,0,0,37,0,0,0,0,0,0,0,0,0,0,0,0,0,0,0,37,0.07503020018339157,-0.04396719112992287,0.23950445652008057,0.14941397309303284,0.0050519999999999975
1388,49639.0,127.0,49766.0,49766.0,0.9974480569063215,3.0,0.003,76.0,42039.0,38.0,38.0,0.0,3.0,23969.0,25670.0,800.0,13.0,0.0,38.0,42039.0,420.38999999999953,100.0,1000,0,1000,0.21565220807678998,924,0,0,0,0,0,0,0,0,0,0,0,0,0,0,0,38,0,0,0,0,0,0,0,0,0,0,0,0,0,0,0,38,0.1162472739815712,-0.011334053240716457,0.25693807005882263,0.1763421893119812,0.005034
1389,48982.0,1579.0,50561.0,50561.0,0.9687703961551394,15.0,0.015,72.0,41782.0,35.0,37.0,9.0,6.0,23291.0,25691.0,574.0,447.0,226.0,353.0,41782.0,417.82000000000085,100.0,1000,0,1000,0.21521645807661116,928,0,0,0,0,0,0,0,0,0,0,0,0,0,0,0,35,0,0,0,0,0,0,0,0,0,0,0,0,0,0,0,37,0.21384966373443604,-0.08261778950691223,0.5943771004676819,0.14375993609428406,0.005016
1390,46906.0,1230.0,48136.0,48136.0,0.9744473990360645,15.0,0.015,71.0,39806.0,37.0,34.0,10.0,5.0,24371.0,22535.0,580.0,431.0,220.0,369.0,39806.0,398.05999999999955,100.0,1000,0,1000,0.216099709039554,929,0,0,0,0,0,0,0,0,0,0,0,0,0,0,0,37,0,0,0,0,0,0,0,0,0,0,0,0,0,0,2,32,0.17646540701389313,-0.04909583926200867,0.45237618684768677,0.1254195272922516,0.004997999999999999
1391,50539.0,379.0,50918.0,50918.0,0.9925566597274048,5.0,0.005,78.0,42739.0,37.0,41.0,4.0,1.0,24342.0,26197.0,137.0,611.3125,55.0,188.6875,42739.0,427.3900000000001,100.0,1000,0,1000,0.21555241593159735,922,0,0,0,0,0,0,0,0,0,0,0,0,0,0,0,37,0,0,0,0,0,0,0,0,0,0,0,0,0,0,1,40,0.2051885575056076,0.039458535611629486,0.332878440618515,0.14240774512290955,0.004979999999999998
1392,50058.0,484.0,50542.0,50542.0,0.9904238059435717,7.0,0.007,75.0,42558.0,37.0,38.0,4.0,3.0,24652.0,25406.0,198.5,180.0,300.75,620.0,42558.0,425.58000000000044,100.0,1000,0,1000,0.21503095794469118,925,0,0,0,0,0,0,0,2,0,0,0,0,0,0,0,35,0,0,0,0,0,0,0,0,0,0,0,0,0,0,0,38,0.4462163746356964,0.016161683946847916,0.861694872379303,0.15976016223430634,0.004961999999999998
1393,48796.0,554.0,49350.0,49350.0,0.9887740628166161,8.0,0.008,73.0,41496.0,36.0,37.0,4.0,4.0,24981.0,23815.0,219.0,764.0,581.0,36.0,41496.0,414.96000000000015,100.0,1000,0,1000,0.2139675421640277,927,0,0,0,0,0,0,0,0,0,0,0,0,0,0,0,36,0,0,0,0,0,0,0,0,0,0,0,0,0,0,0,37,0.17550836503505707,0.05960207059979439,0.23327228426933289,0.14762215316295624,0.004943999999999997
1394,48582.0,1493.0,50075.0,50075.0,0.9701847229156265,12.0,0.012,75.0,41082.0,37.0,38.0,9.0,3.0,25339.0,23243.0,528.0,703.0,272.0,97.0,41082.0,410.82000000000085,100.0,1000,0,1000,0.21578158298507333,925,0,0,0,0,0,0,0,0,0,0,0,0,0,0,0,37,0,0,0,0,0,0,0,0,0,2,0,0,0,0,0,36,0.27387091517448425,0.06940963119268417,0.4104115664958954,0.1511334776878357,0.004926
1395,47256.0,856.0,48112.0,48112.0,0.9822081809112072,10.0,0.01,72.0,40056.0,35.0,37.0,4.0,6.0,23141.0,24115.0,410.0,623.0,390.0,177.0,40056.0,400.5600000000008,100.0,1000,0,1000,0.2158680830616504,928,0,0,0,0,0,0,0,1,0,0,0,0,0,0,0,34,0,0,0,0,0,0,0,0,0,0,0,0,0,0,0,37,0.34352272748947144,0.05574139207601547,0.576737642288208,0.11970116943120956,0.004907999999999999
1396,48475.0,585.0,49060.0,49060.0,0.9880758255197717,9.0,0.009,73.0,41175.0,37.0,36.0,4.0,5.0,24749.0,23726.0,456.0,428.0,344.0,372.0,41175.0,411.7499999999996,100.0,1000,0,1000,0.2151561661157757,927,0,0,0,0,0,0,0,0,0,0,0,0,0,0,0,37,0,0,0,0,0,0,0,0,0,1,0,0,0,0,0,35,0.19672688841819763,0.02643546089529991,0.3417912423610687,0.1235576644539833,0.0048899999999999985
1397,50167.0,1005.0,51172.0,51172.0,0.9803603533182209,11.0,0.011,78.0,42367.0,41.0,37.0,4.0,7.0,26371.0,23796.0,266.0,800.0,0.0,0.0,42367.0,423.6700000000003,100.0,1000,0,1000,0.2158790419343859,922,0,0,0,0,0,0,0,0,0,0,1,0,0,0,0,40,0,0,0,0,0,0,0,0,0,0,0,0,0,0,0,37,0.4191768765449524,0.09781945496797562,0.6440500617027283,0.13703033328056335,0.004872000000000001
1398,49477.0,362.0,49839.0,49839.0,0.9927366118902867,4.0,0.004,77.0,41777.0,37.0,40.0,3.0,1.0,24596.0,24881.0,98.0,493.875,702.0,306.125,41777.0,417.769999999999,100.0,1000,0,1000,0.21604062500409782,923,0,0,0,0,0,0,0,0,0,0,0,0,0,0,0,37,0,0,0,0,0,0,0,0,0,3,0,0,0,0,0,37,0.22488971054553986,0.06726842373609543,0.31655433773994446,0.13512136042118073,0.004853999999999997
1399,49143.0,624.0,49767.0,49767.0,0.9874615709204895,10.0,0.01,75.0,41643.0,38.0,37.0,7.0,3.0,24576.0,24567.0,166.125,508.0,0.0,292.0,41643.0,416.42999999999984,100.0,1000,0,1000,0.21431437507271767,925,0,0,0,0,0,0,0,0,1,0,0,0,0,0,0,37,0,0,0,0,0,0,0,0,0,1,0,0,0,0,0,36,0.13965483009815216,0.03284237161278725,0.21496723592281342,0.13878436386585236,0.0048359999999999966
1400,48346.0,402.0,48748.0,48748.0,0.991753507836219,7.0,0.007,73.0,41046.0,37.0,36.0,1.0,6.0,24346.0,24000.0,351.0,193.0,449.0,607.0,41046.0,410.46,100.0,1000,0,1000,0.21621733298525214,927,0,0,0,0,0,0,0,0,0,0,0,0,0,0,0,37,0,0,0,0,0,0,0,0,0,0,0,0,0,0,0,36,-0.11013742536306381,-0.15977591276168823,0.10081011801958084,0.1591046005487442,0.004817999999999999
1401,50620.0,320.0,50940.0,50940.0,0.9937180997251669,6.0,0.006,77.0,42920.0,40.0,37.0,2.0,4.0,26366.0,24254.0,625.0,510.0,175.0,290.0,42920.0,429.1999999999998,100.0,1000,0,1000,0.2147815409116447,923,0,0,0,0,0,0,0,0,0,0,0,0,0,0,0,40,0,0,0,0,0,0,0,0,0,0,0,0,0,0,1,36,0.0886077806353569,-0.002212567487731576,0.18316026031970978,0.15828746557235718,0.004799999999999999
1402,49228.0,156.0,49384.0,49384.0,0.9968410821318646,4.0,0.004,75.0,41728.0,39.0,36.0,0.0,4.0,24814.0,24414.0,476.0,412.0,324.0,388.0,41728.0,417.27999999999946,100.0,1000,0,1000,0.2197797920089215,925,0,0,0,0,0,0,0,0,0,0,0,0,0,0,0,39,0,0,0,0,0,0,0,0,0,0,0,0,0,0,0,36,-0.010787607170641422,-0.10366299003362656,0.18751274049282074,0.18422985076904297,0.004781999999999998
1403,49077.0,637.0,49714.0,49714.0,0.9871867079695861,10.0,0.01,75.0,41577.0,38.0,37.0,3.0,7.0,24476.0,24601.0,91.0,400.0,0.0,400.0,41577.0,415.76999999999964,100.0,1000,0,1000,0.21569454204291105,925,0,0,0,0,0,0,0,0,0,0,0,0,0,0,0,38,0,0,0,0,0,0,0,0,0,0,0,0,0,0,0,37,0.04204019159078598,-0.12797603011131287,0.3412247598171234,0.1251378357410431,0.004764000000000001
1404,48988.0,429.0,49417.0,49417.0,0.99131877693911,5.0,0.005,74.0,41588.0,38.0,36.0,2.0,3.0,25537.0,23451.0,303.0,431.0,497.0,369.0,41588.0,415.8799999999998,100.0,1000,0,1000,0.21513324999250472,926,0,0,0,0,0,0,0,0,0,0,0,0,0,0,0,38,0,0,0,0,0,0,0,0,0,0,0,0,0,0,0,36,0.31551894545555115,-0.03229043260216713,0.6968507170677185,0.12979115545749664,0.004746
1405,49331.0,523.0,49854.0,49854.0,0.9895093673526698,7.0,0.007,74.0,41931.0,36.0,38.0,2.0,5.0,24200.0,25131.0,355.0,176.0,445.0,0.0,41931.0,419.3099999999997,100.0,1000,0,1000,0.21411183313466609,926,0,0,0,0,0,0,0,0,0,0,0,0,0,0,0,36,0,0,0,0,0,0,0,0,0,0,0,0,0,0,1,37,0.20373156666755676,0.018688395619392395,0.37136024236679077,0.13471752405166626,0.004727999999999996
1406,50962.0,754.0,51716.0,51716.0,0.9854203728053214,11.0,0.011,77.0,43262.0,39.0,38.0,6.0,5.0,25757.0,25205.0,259.0,439.0,0.0,361.0,43262.0,432.61999999999955,100.0,1000,0,1000,0.21370245795696974,923,0,0,0,0,0,0,0,0,0,0,0,0,0,0,0,39,0,0,0,0,0,0,0,0,0,1,0,0,0,0,0,37,0.16552942991256714,-0.04135497286915779,0.4150964021682739,0.14093390107154846,0.004709999999999999
1407,49795.0,58.0,49853.0,49853.0,0.998836579543859,1.0,0.001,76.0,42195.0,39.0,37.0,0.0,1.0,25764.0,24031.0,509.0,681.0,291.0,119.0,42195.0,421.9499999999996,100.0,1000,0,1000,0.2152556658256799,924,0,0,0,0,0,0,0,0,0,0,0,0,0,0,0,39,0,0,0,0,0,0,0,0,0,0,0,0,0,0,0,37,0.05510157346725464,-0.026193460449576378,0.16392137110233307,0.14186887443065643,0.004691999999999998
1408,50373.0,120.0,50493.0,50493.0,0.9976234329511021,2.0,0.002,76.0,42773.0,36.0,40.0,2.0,0.0,24246.0,26127.0,194.0,646.0,606.0,154.0,42773.0,427.7300000000003,100.0,1000,0,1000,0.2135984159540385,924,0,0,0,0,0,0,0,0,0,0,0,0,0,0,0,36,0,0,0,0,0,0,0,0,0,0,0,0,0,0,1,39,0.18339301645755768,0.10111800581216812,0.16564175486564636,0.11678925901651382,0.004674000000000001
1409,48671.0,481.0,49152.0,49152.0,0.9902140299479166,6.0,0.006,76.0,41071.0,34.0,42.0,5.0,1.0,22603.0,26068.0,303.0,544.0,497.0,256.0,41071.0,410.70999999999896,100.0,1000,0,1000,0.21440041693858802,924,0,0,0,0,0,0,0,0,0,0,0,0,0,0,0,34,0,0,0,0,0,0,0,0,0,0,0,0,0,0,0,42,0.23082251846790314,0.03717811405658722,0.3883826732635498,0.11746842414140701,0.004656
1410,47279.0,1387.0,48666.0,48666.0,0.971499609583693,9.0,0.009,77.0,39579.0,36.0,41.0,5.0,4.0,22774.0,24505.0,648.0,264.0,152.0,33.5,39579.0,395.78999999999945,100.0,1000,0,1000,0.21593837486580014,923,0,0,0,0,0,0,0,0,0,0,0,0,0,0,0,36,0,0,0,0,0,0,0,0,0,1,0,0,0,0,2,38,0.3547144830226898,0.028754714876413345,0.6530399918556213,0.1207892969250679,0.004638
1411,49806.0,866.0,50672.0,50672.0,0.9829096937164509,6.0,0.006,77.0,42106.0,39.0,38.0,4.0,2.0,25667.0,24139.0,629.0,462.0,171.0,338.0,42106.0,421.06000000000057,100.0,1000,0,1000,0.21449404186569154,923,0,0,0,0,0,0,0,0,0,0,0,0,0,0,0,39,0,0,0,0,0,0,0,0,0,0,0,0,0,0,0,38,0.2907342314720154,-0.009097298607230186,0.6009061336517334,0.1345268189907074,0.004619999999999999
1412,48868.0,166.0,49034.0,49034.0,0.9966145939552148,4.0,0.004,75.0,41368.0,38.0,37.0,4.0,0.0,24970.0,23898.0,565.0,170.0,235.0,0.0,41368.0,413.6800000000004,100.0,1000,0,1000,0.21615474997088313,925,0,0,0,0,0,0,0,0,0,0,0,0,0,0,0,38,0,0,0,0,0,0,0,0,0,0,0,0,0,0,0,37,0.16491732001304626,0.04373600706458092,0.24365954101085663,0.14090552926063538,0.0046019999999999985
1413,48663.0,416.0,49079.0,49079.0,0.9915238696794964,7.0,0.007,76.0,41063.0,37.0,39.0,6.0,1.0,24090.0,24573.0,714.0,264.0,86.0,536.0,41063.0,410.63000000000017,100.0,1000,0,1000,0.21607462503015995,924,0,0,0,0,0,0,0,0,0,0,0,0,0,0,0,37,0,0,0,0,0,0,0,0,0,0,0,0,0,0,0,39,0.03520834445953369,-0.08120056986808777,0.23402993381023407,0.13221026957035065,0.004583999999999998
1414,48797.0,445.0,49242.0,49242.0,0.9909629990658381,6.0,0.006,76.0,41197.0,37.0,39.0,3.0,3.0,24686.0,24111.0,479.0,451.62109375,321.0,348.37890625,41197.0,411.96999999999935,100.0,1000,0,1000,0.2141276658512652,924,0,0,0,0,0,0,0,0,0,0,0,0,0,0,0,37,0,0,0,0,0,0,0,1,0,1,0,0,0,0,1,36,0.12856656312942505,0.004139275290071964,0.2501941919326782,0.14669540524482727,0.004566000000000001
1415,50114.0,237.0,50351.0,50351.0,0.9952930428392683,3.0,0.003,76.0,42514.0,38.0,38.0,1.0,2.0,25662.0,24452.0,230.0,755.0625,570.0,44.9375,42514.0,425.13999999999936,100.0,1000,0,1000,0.21630533318966627,924,0,0,0,0,0,0,0,1,0,0,0,0,0,0,0,37,0,0,0,0,0,0,0,0,0,0,1,0,0,0,1,36,0.2155274599790573,0.001178110484033823,0.43019840121269226,0.16487440466880798,0.004548
1416,49827.0,51.0,49878.0,49878.0,0.9989775051124744,1.0,0.001,78.0,42027.0,37.0,41.0,1.0,0.0,24706.0,25121.0,405.0,361.0,395.0,27.4375,42027.0,420.2699999999997,100.0,1000,0,1000,0.21554833301343024,922,0,0,0,0,0,0,0,0,0,0,0,0,0,0,0,37,0,0,0,0,0,0,0,0,0,0,0,0,0,0,1,40,0.21672293543815613,0.08679284900426865,0.2612132430076599,0.14934639632701874,0.004529999999999999
1417,49478.0,1073.0,50551.0,50551.0,0.9787739114953216,9.0,0.009,81.0,41378.0,41.0,40.0,5.0,4.0,25160.0,24318.0,574.5,275.25,225.5,32.796875,41378.0,413.77999999999975,100.0,1000,0,1000,0.21359408390708268,919,0,0,0,0,0,0,0,3,0,0,0,0,0,0,0,38,0,0,0,0,0,0,0,0,0,1,0,0,0,0,2,37,0.18865549564361572,-0.08929389715194702,0.5571457147598267,0.138180211186409,0.004512000000000002
1418,49650.0,257.0,49907.0,49907.0,0.9948504217845192,5.0,0.005,81.0,41550.0,43.0,38.0,2.0,3.0,25537.0,24113.0,550.625,373.29296875,148.76953125,426.70703125,41550.0,415.50000000000057,100.0,1000,0,1000,0.216068834066391,919,1,0,0,0,0,0,0,3,0,0,0,1,0,0,0,38,0,0,0,0,0,0,0,0,0,0,0,0,0,0,2,36,0.20663565397262573,0.04324202984571457,0.3283027708530426,0.16861304640769958,0.004493999999999998
1419,50735.0,607.0,51342.0,51342.0,0.9881773207120875,8.0,0.008,83.0,42435.0,37.0,46.0,4.0,4.0,24825.0,25910.0,610.0,687.5052966475487,190.0,112.49470335245132,42435.0,424.3500000000003,100.0,1000,0,1000,0.2141233328729868,917,0,0,0,0,0,0,0,0,0,0,0,0,0,0,0,37,0,0,0,0,0,0,0,0,0,0,8,0,0,0,1,37,0.3187065124511719,-0.028593752533197403,0.6962367296218872,0.18277834355831146,0.004475999999999997
1420,49316.0,473.0,49789.0,49789.0,0.9904999096185905,6.0,0.006,85.0,40816.0,38.0,47.0,3.0,3.0,24718.0,24598.0,372.375,679.1606488600373,427.625,30.74993663476198,40816.0,408.1599999999994,100.0,1000,0,1000,0.2138322910759598,915,0,0,0,0,0,0,0,0,0,0,0,0,1,0,0,37,0,0,0,0,0,0,0,0,0,1,9,0,0,0,0,37,0.1912405788898468,-0.03014315851032734,0.44421347975730896,0.16218271851539612,0.004458
1421,49536.0,386.0,49922.0,49922.0,0.9922679379832539,5.0,0.005,89.0,40636.0,44.0,45.0,2.0,3.0,24166.0,25370.0,716.1640625,409.11457356158644,49.41796875,122.15169576200424,40636.0,406.3599999999998,100.0,1000,0,1000,0.21626270795240998,911,0,0,0,0,0,0,0,7,0,0,0,3,0,0,0,34,0,0,2,0,0,0,0,0,0,0,6,0,0,1,0,36,0.35710445046424866,0.0016059649642556906,0.7125439643859863,0.1742064505815506,0.0044399999999999995
1422,48295.0,830.0,49125.0,49125.0,0.9831043256997456,13.0,0.013,81.0,40195.0,41.0,40.0,8.0,5.0,24430.0,23865.0,494.6484375,649.97314453125,107.087890625,46.883392333984375,40195.0,401.9500000000001,100.0,1000,0,1000,0.216129332780838,919,0,0,0,0,0,0,0,4,0,0,0,3,0,0,0,34,0,0,0,0,0,0,0,0,0,3,1,0,0,0,1,35,0.40384364128112793,0.06283071637153625,0.6831938624382019,0.13207150995731354,0.004421999999999999
1423,49204.0,489.0,49693.0,49693.0,0.9901595798200954,8.0,0.008,86.0,40604.0,45.0,41.0,5.0,3.0,24421.0,24783.0,500.248046875,649.2891235351562,30.3594970703125,150.71087646484375,40604.0,406.03999999999985,100.0,1000,0,1000,0.21394554199650884,914,0,0,0,0,0,0,0,9,0,0,0,2,0,0,0,34,0,0,1,0,0,0,0,0,0,2,1,0,0,0,1,36,0.09324589371681213,-0.007550527341663837,0.20334115624427795,0.19849097728729248,0.004404000000000002
1424,49804.0,811.0,50615.0,50615.0,0.9839770818927196,10.0,0.01,84.0,41404.0,46.0,38.0,7.0,3.0,26789.0,23015.0,397.78125,762.0,225.109375,38.0,41404.0,414.0399999999997,100.0,1000,0,1000,0.215604041935876,916,0,0,0,0,0,0,0,7,0,0,0,2,0,0,0,37,0,0,0,0,0,0,0,0,0,0,2,0,0,0,1,35,0.18338166177272797,-0.007627930957823992,0.3837657570838928,0.1991083025932312,0.004386000000000001
1425,50425.0,241.0,50666.0,50666.0,0.9952433584652429,4.0,0.004,89.0,41525.0,47.0,42.0,0.0,4.0,25468.0,24957.0,443.5576171875,465.17742919921875,44.5552978515625,334.82257080078125,41525.0,415.2499999999995,100.0,1000,0,1000,0.2146460828371346,911,1,0,0,0,0,0,1,6,0,0,0,4,0,0,0,35,0,0,1,0,0,0,0,0,0,4,1,0,0,0,0,36,0.06895769387483597,-0.12143691629171371,0.3824097216129303,0.18549750745296478,0.004367999999999997
1426,48417.0,980.0,49397.0,49397.0,0.9801607385063871,11.0,0.011,80.0,40417.0,41.0,39.0,9.0,2.0,23920.0,24497.0,480.59375,532.5,159.703125,83.59375,40417.0,404.1699999999996,100.0,1000,0,1000,0.21612100000493228,920,0,0,0,0,0,0,0,6,0,0,0,0,0,0,0,35,0,0,0,0,0,0,0,0,0,0,1,0,0,0,1,37,0.27785947918891907,-0.05526462569832802,0.6676228642463684,0.1580072045326233,0.00435
1427,48103.0,1126.0,49229.0,49229.0,0.977127303012452,11.0,0.011,74.0,40703.0,34.0,40.0,4.0,7.0,22379.0,25724.0,341.0,628.0,459.0,172.0,40703.0,407.03,100.0,1000,0,1000,0.21516120806336403,926,0,0,0,0,0,0,0,1,0,0,0,0,0,0,0,33,0,0,0,0,0,0,0,0,0,0,1,0,0,0,1,38,0.3539571464061737,0.10960422456264496,0.4900142550468445,0.15101391077041626,0.004331999999999999
1428,49545.0,240.0,49785.0,49785.0,0.9951792708647182,2.0,0.002,81.0,41445.0,40.0,41.0,2.0,0.0,25371.0,24174.0,546.0,500.41162109375,254.0,299.58837890625,41445.0,414.4499999999994,100.0,1000,0,1000,0.21442920807749033,919,0,0,0,0,0,0,0,2,0,0,0,0,0,0,0,38,0,1,0,0,0,0,0,0,0,0,2,0,0,0,0,38,0.13793763518333435,0.027720611542463303,0.22198040783405304,0.17922554910182953,0.004313999999999998
1429,49184.0,643.0,49827.0,49827.0,0.987095349910691,7.0,0.007,81.0,41084.0,40.0,41.0,2.0,5.0,23499.0,25685.0,604.1015625,467.0,97.94921875,333.0,41084.0,410.8400000000005,100.0,1000,0,1000,0.2154146251268685,919,0,0,0,0,0,0,0,4,1,0,0,0,0,0,0,35,0,0,0,0,0,0,0,0,0,1,0,0,0,0,0,40,0.23183630406856537,0.013064083643257618,0.43907082080841064,0.17765091359615326,0.004296000000000001
1430,49923.0,177.0,50100.0,50100.0,0.9964670658682635,3.0,0.003,80.0,41923.0,40.0,40.0,2.0,1.0,25149.0,24774.0,496.0,717.0,304.0,83.0,41923.0,419.23,100.0,1000,0,1000,0.21548762498423457,920,0,0,0,0,0,0,0,2,0,0,0,0,0,0,0,38,0,0,0,0,0,0,0,0,0,0,2,0,0,0,0,38,0.04527028650045395,-0.020955706015229225,0.1335531771183014,0.12870493531227112,0.0042780000000000006
1431,48630.0,404.0,49034.0,49034.0,0.9917608190235347,5.0,0.005,77.0,40930.0,40.0,37.0,4.0,1.0,24980.0,23650.0,655.1875,431.0546875,144.8125,368.9453125,40930.0,409.29999999999984,100.0,1000,0,1000,0.2155981669202447,923,0,0,0,0,0,0,0,1,0,0,0,3,0,0,0,36,0,0,0,0,0,0,0,0,0,0,1,0,0,0,1,35,0.22611644864082336,0.04472903162240982,0.36414724588394165,0.1610792577266693,0.00426
1432,49442.0,67.0,49509.0,49509.0,0.9986467106990649,2.0,0.002,78.0,41642.0,38.0,40.0,2.0,0.0,24666.0,24776.0,723.0,263.75,77.0,76.0,41642.0,416.42,100.0,1000,0,1000,0.21397541696205735,922,0,0,0,0,0,0,0,0,0,0,0,0,0,0,0,38,0,0,0,0,0,0,0,0,0,0,1,0,0,0,0,39,-0.017956040799617767,-0.09028118848800659,0.14571581780910492,0.12559181451797485,0.004241999999999999
1433,47994.0,1372.0,49366.0,49366.0,0.9722075922699834,7.0,0.007,73.0,40694.0,36.0,37.0,2.0,5.0,24200.0,23794.0,470.0,441.34375,330.0,358.65625,40694.0,406.94000000000034,100.0,1000,0,1000,0.21345375012606382,927,0,0,0,0,0,0,0,0,0,0,0,0,0,0,0,36,0,0,0,0,0,0,0,0,0,0,0,0,0,0,2,35,0.1509471833705902,-0.004161892458796501,0.3115029036998749,0.15207666158676147,0.004223999999999999
1434,47349.0,1355.0,48704.0,48704.0,0.972178876478318,12.0,0.012,73.0,40049.0,34.0,39.0,8.0,4.0,22433.0,24916.0,736.0,434.5625,64.0,365.4375,40049.0,400.4900000000011,100.0,1000,1,999,0.21590729197487235,927,0,0,0,0,0,0,0,0,0,0,0,0,0,0,0,34,0,0,0,0,0,0,0,0,0,0,0,0,0,0,1,38,0.20020519196987152,-0.06350165605545044,0.5284550189971924,0.12378977239131927,0.004205999999999998
1435,49433.0,731.0,50164.0,50164.0,0.9854277968264094,10.0,0.01,76.0,41833.0,39.0,37.0,7.0,3.0,25986.0,23447.0,540.0,446.125,260.0,353.875,41833.0,418.33000000000027,100.0,1000,1,999,0.21472099982202053,924,0,0,0,0,0,0,0,1,0,0,0,0,0,0,0,38,0,0,0,0,0,0,0,0,0,0,1,0,0,0,0,36,0.3390014171600342,0.07068007439374924,0.5377559661865234,0.132917121052742,0.004188000000000001
1436,49333.0,478.0,49811.0,49811.0,0.9904037260845998,7.0,0.007,74.0,41933.0,38.0,36.0,6.0,1.0,25317.0,24016.0,415.0,340.4375,385.0,459.5625,41933.0,419.3300000000003,100.0,1000,1,999,0.21546837501227856,926,0,0,0,0,0,0,0,0,0,0,0,0,0,0,0,38,0,0,0,0,0,0,0,0,0,0,1,0,0,0,0,35,0.15273955464363098,0.06774204969406128,0.17143717408180237,0.17292098701000214,0.00417
1437,49539.0,339.0,49878.0,49878.0,0.9932034163358595,5.0,0.005,76.0,41939.0,37.0,39.0,4.0,1.0,24502.0,25037.0,247.0,658.0,553.0,142.0,41939.0,419.38999999999993,100.0,1000,0,1000,0.21337512484751642,924,0,0,0,0,0,0,0,0,0,0,0,0,0,0,0,37,0,0,0,0,0,0,0,0,0,0,0,0,0,0,0,39,0.07862119376659393,-0.008698545396327972,0.1757022589445114,0.12798361480236053,0.0041519999999999994
1438,49109.0,1292.0,50401.0,50401.0,0.9743655879843653,14.0,0.014,75.0,41609.0,37.0,38.0,11.0,3.0,25035.0,24074.0,719.0,488.0,81.0,312.0,41609.0,416.0900000000004,100.0,1000,0,1000,0.21526254201307893,925,0,0,0,0,0,0,0,0,0,0,0,0,0,0,0,37,0,0,0,0,0,0,0,0,0,0,1,0,0,0,0,37,0.26400303840637207,0.005363400559872389,0.5183438658714294,0.12876351177692413,0.004133999999999999
1439,47427.0,788.0,48215.0,48215.0,0.983656538421653,9.0,0.009,73.0,40127.0,37.0,36.0,6.0,3.0,24947.0,22480.0,607.0,638.1875,193.0,161.8125,40127.0,401.2699999999993,100.0,1000,0,1000,0.21589908306486905,927,0,0,0,0,0,0,0,0,0,0,0,0,0,0,0,37,0,0,0,0,0,0,0,0,0,0,1,0,0,0,0,35,0.29288449883461,-0.02229541726410389,0.6315233111381531,0.14133767783641815,0.004115999999999998
1440,49346.0,211.0,49557.0,49557.0,0.9957422765704139,3.0,0.003,78.0,41546.0,35.0,43.0,1.0,2.0,23340.0,26006.0,255.5,506.2890625,544.5,163.8916015625,41546.0,415.45999999999987,100.0,1000,1,999,0.21536716585978866,922,0,0,0,0,0,0,0,1,0,0,0,0,0,0,0,34,0,0,0,0,0,0,0,0,0,2,0,0,0,0,1,40,0.08979973942041397,-0.02746151201426983,0.23554839193820953,0.1251690685749054,0.0040979999999999975
1441,50435.0,448.0,50883.0,50883.0,0.9911954876874398,8.0,0.008,76.0,42835.0,37.0,39.0,2.0,6.0,24785.0,25650.0,419.0,449.859375,381.0,350.140625,42835.0,428.35000000000076,100.0,1000,0,1000,0.21383820893242955,924,0,0,0,0,0,0,0,0,0,0,0,0,0,0,0,37,0,0,0,0,0,0,0,0,0,1,0,0,0,0,2,36,0.11365165561437607,-0.01493967417627573,0.2584446668624878,0.15465842187404633,0.00408
1442,49177.0,414.0,49591.0,49591.0,0.9916517109959468,5.0,0.005,76.0,41577.0,38.0,38.0,3.0,2.0,24983.0,24194.0,468.25,625.25,331.75,174.75,41577.0,415.77000000000004,100.0,1000,0,1000,0.21616158285178244,924,0,0,0,0,0,0,0,0,0,0,0,2,0,0,0,36,0,0,0,0,0,0,0,0,0,0,0,0,0,0,1,37,0.28314489126205444,0.1375371813774109,0.29250368475914,0.15857966244220734,0.004062
1443,50694.0,326.0,51020.0,51020.0,0.9936103488827911,5.0,0.005,79.0,42794.0,39.0,40.0,3.0,2.0,25399.0,25295.0,726.0,606.0,74.0,194.0,42794.0,427.9399999999997,100.0,1000,1,999,0.21346095902845263,921,0,0,0,0,0,0,0,0,0,0,0,0,0,0,0,39,0,0,0,0,0,0,0,0,0,0,2,0,0,0,0,38,0.2210412174463272,0.04962914437055588,0.3440048098564148,0.14597922563552856,0.004043999999999999
1444,50734.0,650.0,51384.0,51384.0,0.987350147905963,8.0,0.008,79.0,42834.0,41.0,38.0,6.0,2.0,27214.0,23520.0,800.0,597.07421875,0.0,202.92578125,42834.0,428.33999999999924,100.0,1000,0,1000,0.21563799981959164,921,0,0,0,0,0,0,0,0,0,0,0,1,0,0,0,40,0,0,0,0,0,0,0,0,0,0,3,0,0,0,0,35,0.15517586469650269,0.03364340960979462,0.24423816800117493,0.14570993185043335,0.004026000000000002
1445,49817.0,1407.0,51224.0,51224.0,0.9725324066843667,15.0,0.015,76.0,42217.0,36.0,40.0,8.0,7.0,23485.0,26332.0,280.1875,613.9375,169.703125,186.0625,42217.0,422.1699999999998,100.0,1000,0,1000,0.21602654200978577,924,0,0,0,0,0,0,0,1,0,0,0,3,0,0,0,32,0,0,0,0,0,0,0,0,0,0,2,0,0,0,0,38,0.21712544560432434,0.04564511030912399,0.34416383504867554,0.15009640157222748,0.004007999999999998
1446,49636.0,813.0,50449.0,50449.0,0.9838847152569922,11.0,0.011,77.0,41936.0,40.0,37.0,6.0,5.0,26110.0,23526.0,569.03125,573.25390625,230.96875,226.74609375,41936.0,419.3599999999995,100.0,1000,0,1000,0.2142199168447405,923,0,0,0,0,0,0,0,0,0,0,0,4,0,0,0,36,0,0,0,0,0,0,0,0,0,0,2,0,0,0,0,35,0.08325603604316711,-0.040932174772024155,0.2497565597295761,0.1729511022567749,0.003989999999999997
1447,49025.0,825.0,49850.0,49850.0,0.9834503510531595,9.0,0.009,77.0,41325.0,37.0,40.0,3.0,6.0,23846.0,25179.0,642.9375,241.77734375,157.0625,113.0,41325.0,413.24999999999983,100.0,1000,0,1000,0.2160447919741273,923,0,0,0,0,0,0,0,1,0,0,0,2,0,0,0,34,0,0,0,0,0,0,0,0,0,0,3,0,0,0,0,37,0.08090700954198837,-0.059303656220436096,0.2812820076942444,0.10834281146526337,0.003972
1448,48089.0,1665.0,49754.0,49754.0,0.9665353539413917,13.0,0.013,72.0,40889.0,35.0,37.0,10.0,3.0,23652.0,24437.0,492.0,761.0,308.0,39.0,40889.0,408.89000000000016,100.0,1000,0,1000,0.21399616613052785,928,0,0,0,0,0,0,0,0,0,0,0,1,0,0,0,34,0,0,0,0,0,0,0,0,0,0,0,0,0,0,0,37,0.36356720328330994,-0.031672872602939606,0.7915085554122925,0.13004957139492035,0.003953999999999999
1449,47053.0,1271.0,48324.0,48324.0,0.9736983693402864,14.0,0.014,71.0,39953.0,37.0,34.0,8.0,6.0,24671.0,22382.0,199.0,614.0,23.0,186.0,39953.0,399.53000000000003,100.0,1000,0,1000,0.21360320900566876,929,0,0,0,0,0,0,0,0,0,0,0,0,0,0,0,37,0,0,0,0,0,0,0,0,0,0,1,0,0,0,0,33,0.4736868143081665,0.06364002078771591,0.8212573528289795,0.1478358805179596,0.0039359999999999985
1450,50684.0,1016.0,51700.0,51700.0,0.980348162475822,16.0,0.016,76.0,43084.0,37.0,39.0,7.0,9.0,24257.0,26427.0,489.46875,446.75,310.53125,353.25,43084.0,430.8400000000007,100.0,1000,1,999,0.21315616695210338,924,0,0,0,0,0,0,0,0,1,0,0,2,0,0,0,34,0,0,0,0,0,0,0,0,0,0,1,0,0,0,0,38,0.34791550040245056,0.09321051836013794,0.5107129216194153,0.1662769317626953,0.003918000000000001
1451,47555.0,483.0,48038.0,48038.0,0.9899454598442899,7.0,0.007,74.0,40155.0,39.0,35.0,5.0,2.0,25490.0,22065.0,280.0,618.3125,130.0,181.6875,40155.0,401.55,100.0,1000,0,1000,0.2151313330978155,926,0,0,0,0,0,0,0,0,0,0,0,1,0,0,0,38,0,0,0,0,0,0,0,0,0,1,1,0,0,0,0,33,0.2732551097869873,-0.0028054756112396717,0.5530604124069214,0.12041463702917099,0.0039000000000000007
1452,49054.0,881.0,49935.0,49935.0,0.9823570641834385,8.0,0.008,76.0,41454.0,38.0,38.0,5.0,3.0,24645.0,24409.0,625.0,496.5625,175.0,94.82421875,41454.0,414.5399999999994,100.0,1000,0,1000,0.21374733303673565,924,0,0,0,0,0,0,0,0,0,0,0,2,0,0,0,36,0,0,0,0,0,0,0,0,0,0,2,0,0,0,0,36,0.3261788487434387,-0.014272193424403667,0.6818686723709106,0.12449570000171661,0.0038819999999999966
1453,46826.0,1367.0,48193.0,48193.0,0.9716348847342975,10.0,0.01,70.0,39826.0,36.0,34.0,4.0,6.0,23594.0,23232.0,472.5,239.0,327.5,561.0,39826.0,398.2599999999998,100.0,1000,0,1000,0.21891975007019937,930,0,0,0,0,0,0,0,0,0,0,0,1,0,0,0,35,0,0,0,0,0,0,0,0,0,0,0,0,0,0,1,33,0.2177969217300415,-0.03342864662408829,0.5035799145698547,0.14606446027755737,0.0038639999999999994
1454,48555.0,473.0,49028.0,49028.0,0.9903524516602757,7.0,0.007,75.0,41055.0,39.0,36.0,3.0,4.0,24826.0,23729.0,72.5,503.0,25.0,297.0,41055.0,410.55000000000047,100.0,1000,0,1000,0.21430616709403694,925,0,0,0,0,0,0,0,0,0,0,0,2,0,0,0,37,0,0,0,0,0,0,0,0,0,0,0,0,0,0,0,36,0.2934988737106323,0.02223479188978672,0.5435529351234436,0.13322392106056213,0.0038459999999999987
1455,49074.0,981.0,50055.0,50055.0,0.9804015582858855,13.0,0.013,74.0,41674.0,37.0,37.0,5.0,8.0,23706.0,25368.0,446.75,552.0,88.3125,248.0,41674.0,416.7399999999995,100.0,1000,0,1000,0.2159503330476582,926,0,0,0,0,0,0,0,0,0,0,0,2,0,0,0,35,0,0,0,0,0,0,0,0,0,0,0,0,0,0,0,37,0.15937596559524536,-0.006056329235434532,0.33184540271759033,0.12811002135276794,0.003827999999999998
1456,49574.0,718.0,50292.0,50292.0,0.985723375487155,10.0,0.01,74.0,42174.0,38.0,36.0,2.0,8.0,25515.0,24059.0,431.0,576.0,369.0,224.0,42174.0,421.7399999999999,100.0,1000,0,1000,0.21423112484626472,926,0,0,0,0,0,0,0,0,0,0,0,0,0,0,0,38,0,0,0,0,0,0,0,0,0,0,0,0,0,0,0,36,0.18292441964149475,0.029981965199112892,0.3068535327911377,0.12711872160434723,0.003810000000000001
1457,50518.0,634.0,51152.0,51152.0,0.9876055677197373,9.0,0.009,76.0,42918.0,39.0,37.0,2.0,7.0,24965.0,25553.0,279.25,451.0,0.0,349.0,42918.0,429.1799999999995,100.0,1000,0,1000,0.215969166951254,924,0,0,0,0,0,0,0,0,0,0,0,1,0,0,0,38,0,0,0,0,0,0,0,0,0,0,0,0,0,0,0,37,0.2589069902896881,0.07340845465660095,0.37197935581207275,0.12951964139938354,0.0037920000000000002
1458,49574.0,1081.0,50655.0,50655.0,0.9786595597670517,12.0,0.012,72.0,42374.0,37.0,35.0,4.0,8.0,25619.0,23955.0,518.0,604.0,282.0,196.0,42374.0,423.7400000000001,100.0,1000,0,1000,0.2146168751642108,928,0,0,0,0,0,0,0,0,0,0,0,0,0,0,0,37,0,0,0,0,0,0,0,0,0,0,0,0,0,0,0,35,0.2540493607521057,-0.03447327762842178,0.5778443813323975,0.10587193816900253,0.0037739999999999996
1459,50204.0,1076.0,51280.0,51280.0,0.9790171606864274,15.0,0.015,74.0,42804.0,39.0,35.0,8.0,7.0,26243.0,23961.0,494.0,356.0,306.0,444.0,42804.0,428.0399999999997,100.0,1000,0,1000,0.2132248328998685,926,0,0,0,0,0,0,0,0,0,0,0,0,0,0,0,39,0,0,0,0,0,0,0,0,0,0,0,0,0,0,0,35,0.23367518186569214,0.06327539682388306,0.34168821573257446,0.11829520016908646,0.003755999999999999
1460,49716.0,1083.0,50799.0,50799.0,0.9786806826906042,12.0,0.012,74.0,42316.0,38.0,36.0,4.0,8.0,24947.0,24769.0,725.0,651.0,75.0,149.0,42316.0,423.1600000000008,100.0,1000,1,999,0.2161380408797413,926,0,0,0,0,0,0,0,0,0,0,0,0,0,0,0,38,0,0,0,0,0,0,0,0,0,0,0,0,0,0,0,36,0.3100888431072235,0.05403938889503479,0.5131481289863586,0.140343576669693,0.0037379999999999983
1461,49283.0,700.0,49983.0,49983.0,0.9859952383810495,12.0,0.012,73.0,41983.0,34.0,39.0,5.0,7.0,22851.0,26432.0,529.0,455.0,271.0,345.0,41983.0,419.8299999999996,100.0,1000,0,1000,0.21317054098472,927,0,0,0,0,0,0,0,0,0,0,0,0,0,0,0,34,0,0,0,0,0,0,0,0,0,0,1,0,0,0,0,38,0.09760718047618866,0.022617673501372337,0.15095412731170654,0.1310649812221527,0.0037199999999999976
1462,49278.0,1519.0,50797.0,50797.0,0.9700966592515307,13.0,0.013,74.0,41878.0,38.0,36.0,3.0,10.0,24722.0,24556.0,489.0,563.0,311.0,237.0,41878.0,418.7799999999996,100.0,1000,0,1000,0.21404995815828443,926,0,0,0,0,0,0,0,0,0,0,0,0,0,0,0,38,0,0,0,0,0,0,0,0,0,0,1,0,0,0,0,35,0.27682092785835266,0.0006038135616108775,0.553180456161499,0.10079362988471985,0.0037020000000000004
1463,49442.0,567.0,50009.0,50009.0,0.9886620408326501,11.0,0.011,72.0,42242.0,39.0,33.0,4.0,7.0,26312.0,23130.0,464.0,528.0,336.0,272.0,42242.0,422.4199999999999,100.0,1000,0,1000,0.2138150001410395,928,0,0,0,0,0,0,0,0,0,0,0,0,0,0,0,39,0,0,0,0,0,0,0,0,0,0,0,0,0,0,0,33,0.004797808360308409,-0.04848139360547066,0.1075066402554512,0.12869662046432495,0.0036839999999999998
1464,49055.0,897.0,49952.0,49952.0,0.9820427610506086,14.0,0.014,71.0,41955.0,35.0,36.0,2.0,12.0,23769.0,25286.0,115.0,237.0,685.0,0.0,41955.0,419.5499999999997,100.0,1000,0,1000,0.21601824997924268,929,0,0,0,0,0,0,0,0,0,0,0,0,0,0,0,35,0,0,0,0,0,0,0,0,0,0,0,0,0,0,0,36,0.18260391056537628,0.04385799914598465,0.2784556746482849,0.13145574927330017,0.003665999999999999
1465,50234.0,694.0,50928.0,50928.0,0.986372918630223,12.0,0.012,73.0,42934.0,35.0,38.0,4.0,8.0,24207.0,26027.0,583.0,611.0,217.0,189.0,42934.0,429.3399999999999,100.0,1000,0,1000,0.21406912500970066,927,0,0,0,0,0,0,0,0,0,0,0,0,0,0,0,35,0,0,0,0,0,0,0,0,0,0,0,0,0,0,0,38,0.22138887643814087,0.13417738676071167,0.17529697716236115,0.11978914588689804,0.0036479999999999985
1466,49723.0,550.0,50273.0,50273.0,0.9890597338531617,7.0,0.007,73.0,42423.0,39.0,34.0,4.0,3.0,26391.0,23332.0,626.25,86.0,173.75,0.0,42423.0,424.2300000000001,100.0,1000,0,1000,0.21580812521278858,927,0,0,0,0,0,0,0,0,0,0,0,1,0,0,0,38,0,0,0,0,0,0,0,0,0,0,0,0,0,0,0,34,0.18407003581523895,-0.018886610865592957,0.40676796436309814,0.11772386729717255,0.003629999999999998
1467,48670.0,1855.0,50525.0,50525.0,0.9632855022266205,21.0,0.021,69.0,41770.0,33.0,36.0,10.0,11.0,23695.0,24975.0,146.0,547.0,654.0,253.0,41770.0,417.7000000000002,100.0,1000,0,1000,0.21601162501610816,931,0,0,0,0,0,0,0,0,0,0,0,0,0,0,0,33,0,0,0,0,0,0,0,0,0,0,0,0,0,0,0,36,0.2624189555644989,0.007820040918886662,0.5101832747459412,0.136413112282753,0.003611999999999997
1468,49420.0,2030.0,51450.0,51450.0,0.9605442176870749,19.0,0.019,72.0,42220.0,37.0,35.0,8.0,11.0,25314.0,24106.0,379.0,632.0,421.0,168.0,42220.0,422.2,100.0,1000,0,1000,0.2160348747856915,928,0,0,0,0,0,0,0,0,0,0,0,0,0,0,0,37,0,0,0,0,0,0,0,0,0,0,0,0,0,0,0,35,0.2965359687805176,-0.006303692702203989,0.6065983772277832,0.12785722315311432,0.003594
1469,49993.0,1158.0,51151.0,51151.0,0.9773611464096499,14.0,0.014,72.0,42793.0,38.0,34.0,5.0,9.0,25621.0,24372.0,602.0,450.0,198.0,350.0,42793.0,427.9299999999994,100.0,1000,0,1000,0.2141172499395907,928,0,0,0,0,0,0,0,0,0,0,0,0,0,0,0,38,0,0,0,0,0,0,0,0,0,0,0,0,0,0,0,34,0.2334153652191162,0.046759769320487976,0.37426769733428955,0.13374027609825134,0.0035759999999999993
1470,48862.0,1610.0,50472.0,50472.0,0.9681011253764463,20.0,0.02,70.0,41862.0,34.0,36.0,9.0,11.0,23727.0,25135.0,621.0,496.0,179.0,304.0,41862.0,418.61999999999995,100.0,1000,0,1000,0.2158316250424832,930,0,0,0,0,0,0,0,0,0,0,0,0,0,0,0,34,0,0,0,0,0,0,0,0,0,0,0,0,0,0,0,36,0.24521197378635406,0.026542387902736664,0.43824654817581177,0.12751489877700806,0.003558000000000002
1471,48972.0,2177.0,51149.0,51149.0,0.9574380730806077,16.0,0.016,72.0,41772.0,37.0,35.0,9.0,7.0,25106.0,23866.0,623.0,698.0,177.0,102.0,41772.0,417.7200000000007,100.0,1000,0,1000,0.21455908403731883,928,0,0,0,0,0,0,0,1,0,0,0,0,0,0,0,36,0,0,0,0,0,0,0,0,0,0,0,0,0,0,0,35,0.3554946780204773,0.009763933718204498,0.6923094391822815,0.11976100504398346,0.003539999999999998
1472,49623.0,1700.0,51323.0,51323.0,0.9668764491553494,18.0,0.018,72.0,42423.0,37.0,35.0,10.0,8.0,25070.0,24553.0,692.0,180.0,108.0,620.0,42423.0,424.2300000000011,100.0,1000,0,1000,0.2136582499369979,928,0,0,0,0,0,0,0,0,0,0,0,1,0,0,0,36,0,0,0,0,0,0,0,0,0,0,0,0,0,0,0,35,0.23115701973438263,-0.04318303242325783,0.5495666861534119,0.1258629560470581,0.0035219999999999974
1473,48228.0,771.0,48999.0,48999.0,0.9842649849996938,13.0,0.013,72.0,41028.0,38.0,34.0,4.0,9.0,24878.0,23350.0,322.0,475.0,119.5,325.0,41028.0,410.2800000000003,100.0,1000,0,1000,0.21415174985304475,928,0,0,0,0,0,0,0,0,0,0,0,1,0,0,0,37,0,0,0,0,0,0,0,0,0,0,1,0,0,0,0,33,0.17405270040035248,0.0037382172886282206,0.34137216210365295,0.10605233162641525,0.003504
1474,49617.0,1040.0,50657.0,50657.0,0.9794697672582269,13.0,0.013,72.0,42417.0,36.0,36.0,5.0,8.0,24284.0,25333.0,574.0,423.0,226.0,377.0,42417.0,424.16999999999985,100.0,1000,1,999,0.216732291970402,928,0,0,0,0,0,0,0,0,0,0,0,0,0,0,0,36,0,0,0,0,0,0,0,0,0,0,0,0,0,0,0,36,0.13573485612869263,-0.012311025522649288,0.29705268144607544,0.1378251165151596,0.0034859999999999995
1475,48960.0,1288.0,50248.0,50248.0,0.9743671389906066,13.0,0.013,73.0,41660.0,38.0,35.0,7.0,6.0,24908.0,24052.0,599.0,233.625,201.0,566.375,41660.0,416.6000000000003,100.0,1000,0,1000,0.21404074993915856,927,0,0,0,0,0,0,0,0,0,0,0,0,0,0,0,38,0,0,0,0,0,0,0,0,0,0,0,0,0,0,1,34,0.47954025864601135,0.06110379844903946,0.8375611305236816,0.09922226518392563,0.003467999999999999
1476,48531.0,511.0,49042.0,49042.0,0.9895803596916929,9.0,0.009,71.0,41431.0,37.0,34.0,3.0,6.0,24834.0,23697.0,307.0,274.0,493.0,526.0,41431.0,414.3099999999995,100.0,1000,0,1000,0.2158656669780612,929,0,0,0,0,0,0,0,0,0,0,0,0,0,0,0,37,0,0,0,0,0,0,0,0,0,0,2,0,0,0,1,31,0.22145214676856995,0.04775708168745041,0.3482125401496887,0.11919356882572174,0.0034500000000000017
1477,50385.0,1040.0,51425.0,51425.0,0.979776373359261,14.0,0.014,73.0,43085.0,36.0,37.0,6.0,8.0,24901.0,25484.0,434.0,299.0,366.0,501.0,43085.0,430.85000000000036,100.0,1000,0,1000,0.21565474988892674,927,0,0,0,0,0,0,0,0,0,0,0,0,0,0,0,36,0,0,0,0,0,0,0,0,0,0,1,0,0,0,0,36,0.12347261607646942,-0.10107186436653137,0.4497094750404358,0.09040172398090363,0.003432000000000001
1478,49961.0,1473.0,51434.0,51434.0,0.9713613563012793,16.0,0.016,74.0,42561.0,37.0,37.0,7.0,9.0,24248.0,25713.0,215.0,284.0,58.0,32.25,42561.0,425.60999999999893,100.0,1000,0,1000,0.21405845787376165,926,0,0,0,0,0,0,0,0,0,0,0,0,0,0,0,37,0,0,0,0,0,0,0,0,0,0,0,0,0,0,1,36,0.2941605746746063,-0.10461705923080444,0.798362672328949,0.11824542284011841,0.003413999999999997
1479,48930.0,916.0,49846.0,49846.0,0.9816234000722225,12.0,0.012,71.0,41830.0,37.0,34.0,3.0,9.0,24518.0,24412.0,611.0,335.0,189.0,465.0,41830.0,418.29999999999984,100.0,1000,0,1000,0.21563208405859768,929,0,0,0,0,0,0,0,0,0,0,0,0,0,0,0,37,0,0,0,0,0,0,0,0,0,0,0,0,0,0,0,34,0.16835802793502808,-0.02602488361299038,0.3895891308784485,0.1212175190448761,0.0033959999999999997
1480,49173.0,515.0,49688.0,49688.0,0.9896353244244083,9.0,0.009,72.0,41973.0,37.0,35.0,2.0,7.0,24506.0,24667.0,590.0,242.125,210.0,557.875,41973.0,419.7300000000002,100.0,1000,0,1000,0.21542304195463657,928,0,0,0,0,0,0,0,0,0,0,0,0,0,0,0,37,0,0,0,0,0,0,0,0,0,1,0,0,0,1,0,33,0.13553830981254578,0.01548413559794426,0.24114899337291718,0.1540326178073883,0.003377999999999999
1481,48863.0,523.0,49386.0,49386.0,0.9894099542380431,9.0,0.009,72.0,41663.0,36.0,36.0,2.0,7.0,24400.0,24463.0,464.0,162.0,336.0,346.5,41663.0,416.63,100.0,1000,1,999,0.2158295412082225,928,0,0,0,0,0,0,0,0,0,0,0,0,0,0,0,36,0,0,0,0,0,0,0,1,0,0,0,0,0,0,0,35,0.10038737207651138,0.008940565399825573,0.18377649784088135,0.1313805729150772,0.0033599999999999984
1482,49641.0,787.0,50428.0,50428.0,0.9843935908622194,13.0,0.013,74.0,42241.0,42.0,32.0,6.0,7.0,27678.0,21963.0,239.0,582.0,561.0,218.0,42241.0,422.4099999999994,100.0,1000,0,1000,0.22429125010967255,926,0,0,0,0,0,0,0,0,0,0,0,0,0,0,0,42,0,0,0,0,0,0,0,0,0,0,0,0,0,0,0,32,0.20480896532535553,0.041470643132925034,0.3275638222694397,0.1327313333749771,0.0033420000000000012
1483,48006.0,545.0,48551.0,48551.0,0.9887746905316059,8.0,0.008,72.0,40806.0,37.0,35.0,2.0,6.0,24055.0,23951.0,388.0,728.0,412.0,72.0,40806.0,408.0599999999998,100.0,1000,0,1000,0.2159587498754263,928,0,0,0,0,0,0,0,0,0,0,0,0,0,0,0,37,0,0,0,0,0,0,0,0,0,0,0,0,0,0,0,35,0.2953591048717499,0.10280077904462814,0.3860263228416443,0.1368325799703598,0.0033240000000000006
1484,49411.0,866.0,50277.0,50277.0,0.9827754241502078,12.0,0.012,72.0,42211.0,39.0,33.0,7.0,5.0,26531.0,22880.0,800.0,492.0,0.0,308.0,42211.0,422.1100000000003,100.0,1000,0,1000,0.21614508284255862,928,0,0,0,0,0,0,0,0,0,0,0,0,0,0,0,39,0,0,0,0,0,0,0,0,0,0,0,0,0,0,0,33,0.232853502035141,0.04582734778523445,0.37505391240119934,0.15147988498210907,0.003306
1485,50217.0,1823.0,52040.0,52040.0,0.9649692544196772,17.0,0.017,74.0,42817.0,37.0,37.0,11.0,6.0,24334.0,25883.0,101.0,636.0,59.0,164.0,42817.0,428.170000000001,100.0,1000,0,1000,0.2159642910119146,926,0,0,0,0,0,0,0,0,0,0,0,0,0,0,0,37,0,0,0,0,0,0,0,0,0,0,0,0,0,1,0,36,0.3214634656906128,-0.005851285066455603,0.6555688977241516,0.14285051822662354,0.0032879999999999993
1486,49308.0,1214.0,50522.0,50522.0,0.9759708641779818,17.0,0.017,73.0,42008.0,38.0,35.0,8.0,9.0,25067.0,24241.0,714.0,419.0,86.0,381.0,42008.0,420.0799999999992,100.0,1000,0,1000,0.21544033288955688,927,0,0,0,0,0,0,0,0,0,0,0,0,0,0,0,38,0,0,0,0,0,0,0,0,0,0,0,0,0,0,0,35,0.011640054173767567,-0.1695004552602768,0.36324819922447205,0.14788703620433807,0.0032699999999999986
1487,46646.0,1040.0,47686.0,47686.0,0.9781906639265193,10.0,0.01,71.0,39546.0,34.0,37.0,5.0,5.0,21960.0,24686.0,210.0,438.0,590.0,362.0,39546.0,395.45999999999935,100.0,1000,0,1000,0.21638254215940833,929,0,0,0,0,0,0,0,0,0,0,0,0,0,0,0,34,0,0,0,0,0,0,0,0,0,0,0,0,0,0,0,37,0.2415563315153122,0.06222435459494591,0.35945889353752136,0.12222447991371155,0.003251999999999998
1488,49571.0,848.0,50419.0,50419.0,0.9831809436918622,10.0,0.01,75.0,42071.0,38.0,37.0,4.0,6.0,24720.0,24851.0,699.0,710.0,101.0,90.0,42071.0,420.71000000000015,100.0,1000,0,1000,0.2155483749229461,925,0,0,0,0,0,0,0,1,0,0,0,0,0,0,0,37,0,0,0,0,0,0,0,0,0,0,0,0,0,0,0,37,0.16873827576637268,-0.04413146525621414,0.4265412390232086,0.12395630031824112,0.0032340000000000008
1489,49204.0,1041.0,50245.0,50245.0,0.9792815205493084,16.0,0.016,73.0,41904.0,37.0,36.0,7.0,9.0,24450.0,24754.0,117.0,636.0,41.0,164.0,41904.0,419.0400000000002,100.0,1000,0,1000,0.214083458064124,927,0,0,0,0,0,0,0,0,0,0,0,0,0,0,0,37,0,0,0,0,0,0,0,0,0,0,0,0,0,0,0,36,0.1329859495162964,0.004527398385107517,0.2578077018260956,0.13846513628959656,0.003216
1490,48716.0,655.0,49371.0,49371.0,0.9867331024285512,11.0,0.011,73.0,41416.0,39.0,34.0,5.0,6.0,25407.0,23309.0,721.0,476.0,79.0,324.0,41416.0,414.1600000000005,100.0,1000,0,1000,0.21589804184623063,927,0,0,0,0,0,0,0,0,0,0,0,0,0,0,0,39,0,0,0,0,0,0,0,0,0,0,0,0,0,0,0,34,-0.024510547518730164,-0.10150673240423203,0.154679074883461,0.10736476629972458,0.0031979999999999995
1491,49028.0,1416.0,50444.0,50444.0,0.9719292680992784,17.0,0.017,73.0,41728.0,39.0,34.0,6.0,11.0,25846.0,23182.0,110.0,569.0,19.0,231.0,41728.0,417.28000000000026,100.0,1000,0,1000,0.216410709079355,927,0,0,0,0,0,0,0,0,0,0,0,0,0,0,0,39,0,0,0,0,0,0,0,0,0,0,0,0,0,0,0,34,0.1066073626279831,-0.07255721837282181,0.359039306640625,0.11165684461593628,0.003179999999999999
1492,50781.0,640.0,51421.0,51421.0,0.9875537231870247,10.0,0.01,76.0,43181.0,36.0,40.0,6.0,4.0,23735.0,27046.0,402.0,426.0,398.0,374.0,43181.0,431.80999999999995,100.0,1000,0,1000,0.21393112489022315,924,0,0,0,0,0,0,0,0,1,0,0,0,0,0,0,35,0,0,0,0,0,0,0,0,0,0,0,0,0,0,0,40,0.10809164494276047,-0.05034538730978966,0.31783217191696167,0.15150271356105804,0.003161999999999998
1493,49789.0,469.0,50258.0,50258.0,0.9906681523339568,9.0,0.009,74.0,42389.0,39.0,35.0,1.0,8.0,25549.0,24240.0,17.0,800.0,75.0,0.0,42389.0,423.89000000000027,100.0,1000,0,1000,0.21579516702331603,926,0,0,0,0,0,0,0,0,0,0,0,0,0,0,0,39,0,0,0,0,0,0,0,0,0,0,0,0,0,0,0,35,0.11761946231126785,-0.0030559126753360033,0.2423265427350998,0.15518251061439514,0.0031439999999999975
1494,47755.0,926.0,48681.0,48681.0,0.9809782050491979,11.0,0.011,71.0,40655.0,36.0,35.0,4.0,7.0,23959.0,23796.0,286.0,529.0,514.0,271.0,40655.0,406.5499999999992,100.0,1000,0,1000,0.21578679187223315,929,0,0,0,0,0,0,0,0,0,0,0,0,0,0,0,36,0,0,0,0,0,0,0,0,0,0,0,0,0,0,0,35,0.30730995535850525,0.007659735158085823,0.6001464128494263,0.13530714809894562,0.0031260000000000003
1495,50103.0,855.0,50958.0,50958.0,0.9832214765100671,11.0,0.011,75.0,42603.0,38.0,37.0,6.0,5.0,25667.0,24436.0,435.0,186.0,365.0,614.0,42603.0,426.03000000000026,100.0,1000,0,1000,0.21577216708101332,925,0,0,0,0,0,0,0,0,0,0,0,0,0,0,0,38,0,0,0,0,0,0,0,0,0,0,0,0,0,0,0,37,0.3196653425693512,0.04657893255352974,0.5468882322311401,0.11509983241558075,0.0031079999999999997
1496,50356.0,307.0,50663.0,50663.0,0.9939403509464501,3.0,0.003,77.0,42656.0,39.0,38.0,2.0,1.0,25301.0,25055.0,550.0,766.0,250.0,34.0,42656.0,426.5599999999992,100.0,1000,0,1000,0.21583441691473126,923,0,0,0,0,0,0,0,0,0,0,0,0,0,0,0,39,0,0,0,0,0,0,0,0,0,0,0,0,0,0,0,38,0.3401097059249878,0.13733884692192078,0.40641191601753235,0.14081813395023346,0.003089999999999999
1497,48068.0,424.0,48492.0,48492.0,0.9912562896972696,5.0,0.005,74.0,40668.0,41.0,33.0,3.0,2.0,26505.0,21563.0,374.0,336.0,426.0,464.0,40668.0,406.6799999999998,100.0,1000,0,1000,0.21562958299182355,926,0,0,0,0,0,0,0,0,0,0,0,0,0,0,0,41,0,0,0,0,0,0,0,0,0,0,0,0,0,0,0,33,0.33733904361724854,0.046536244451999664,0.5822142362594604,0.09906046837568283,0.003072000000000002
1498,49571.0,504.0,50075.0,50075.0,0.989935097353969,8.0,0.008,76.0,41971.0,39.0,37.0,4.0,4.0,25157.0,24414.0,250.0,273.375,550.0,526.625,41971.0,419.7099999999995,100.0,1000,0,1000,0.21620829193852842,924,0,0,0,0,0,0,0,0,0,0,0,0,0,0,0,39,0,0,0,0,0,0,0,0,0,1,0,0,0,0,0,36,0.13508448004722595,0.07421977072954178,0.12237115204334259,0.10506529361009598,0.0030539999999999977
1499,49904.0,403.0,50307.0,50307.0,0.9919891863955315,6.0,0.006,76.0,42304.0,38.0,38.0,1.0,5.0,24542.0,25362.0,504.0,636.375,296.0,163.625,42304.0,423.0400000000002,100.0,1000,0,1000,0.21360883302986622,924,0,0,0,0,0,0,0,0,0,0,0,0,0,0,0,38,0,0,0,0,0,0,0,0,0,0,0,0,0,0,1,37,0.12137572467327118,0.013443507254123688,0.21659517288208008,0.12034585326910019,0.003035999999999997
1500,48486.0,967.0,49453.0,49453.0,0.9804460801164743,11.0,0.011,72.0,41286.0,37.0,35.0,4.0,7.0,24795.0,23691.0,508.0,229.3125,292.0,570.6875,41286.0,412.8600000000004,100.0,1000,0,1000,0.21605899999849498,928,0,0,0,0,0,0,0,0,0,0,0,0,0,0,0,37,0,0,0,0,0,0,0,0,0,0,1,0,0,0,0,34,0.3246365785598755,0.05082830786705017,0.5482820868492126,0.11025967448949814,0.003018
