artifact_id,artifact_type,method,C,k,F,T,training_seed,condition_mode,original_source_path,transfer_relative_path,size,sha256,historical_run_timestamp,source_provenance,pool_name,regime,episode_count,historical_fingerprint
A0001,best_checkpoint,JA-PPO,800,24,3,1000,123,not_applicable,/Users/zhouzhou/Downloads/KWallet_Organized/02_完整研究资料/04_ActorCritic与SCFAC研究/ac/results/basic_ppo/checkpoints/basic_ppo_trainMIX12_EQ_C800_k24_T1000_F3_seed123/20260508_222529_095916/best_model.pth,checkpoints/basic_ppo/basic_ppo_trainMIX12_EQ_C800_k24_T1000_F3_seed123/20260508_222529_095916/best_model.pth,430967,bb00559d921e41f589618148e2b8c208faa4ccfbb92d8825b2b41fd3a65ca6d1,20260508_222529_095916,Original idea4 lineage; exact indexed run selection; canonical Downloads bytes match recovered archive SHA-256,,,,
A0002,run_info,JA-PPO,800,24,3,1000,123,not_applicable,/Users/zhouzhou/Downloads/KWallet_Organized/02_完整研究资料/04_ActorCritic与SCFAC研究/ac/results/basic_ppo/runs/basic_ppo_trainMIX12_EQ_C800_k24_T1000_F3_seed123/20260508_222529_095916/run_info.json,metadata/runs/basic_ppo/basic_ppo_trainMIX12_EQ_C800_k24_T1000_F3_seed123/20260508_222529_095916/run_info.json,10457,55e0ee7782cbf5dc7653ec96f899b2125ccec39e4c720f72486083b2b3427740,20260508_222529_095916,Original idea4 lineage; exact indexed run selection; original file copied unchanged,,,,
A0003,run_config,JA-PPO,800,24,3,1000,123,not_applicable,/Users/zhouzhou/Downloads/KWallet_Organized/02_完整研究资料/04_ActorCritic与SCFAC研究/ac/results/basic_ppo/runs/basic_ppo_trainMIX12_EQ_C800_k24_T1000_F3_seed123/20260508_222529_095916/run_config.json,metadata/runs/basic_ppo/basic_ppo_trainMIX12_EQ_C800_k24_T1000_F3_seed123/20260508_222529_095916/run_config.json,2368,ed7193e0215b54b4a92df5882b7b55f204d28af23eccb74e8d74fac9adef92fd,20260508_222529_095916,Original idea4 lineage; exact indexed run selection; original file copied unchanged,,,,
A0004,result_metadata,JA-PPO,800,24,3,1000,123,not_applicable,/Users/zhouzhou/Downloads/KWallet_Organized/02_完整研究资料/04_ActorCritic与SCFAC研究/ac/results/basic_ppo/runs/basic_ppo_trainMIX12_EQ_C800_k24_T1000_F3_seed123/20260508_222529_095916/cross_regime_results.json,metadata/runs/basic_ppo/basic_ppo_trainMIX12_EQ_C800_k24_T1000_F3_seed123/20260508_222529_095916/cross_regime_results.json,42586,0666aa725a2ddd18426c40030f079a8c022c045308561c179efe2d3a3ba9cd28,20260508_222529_095916,Original idea4 lineage; exact indexed run selection; original file copied unchanged,,,,
A0005,training_history,JA-PPO,800,24,3,1000,123,not_applicable,/Users/zhouzhou/Downloads/KWallet_Organized/02_完整研究资料/04_ActorCritic与SCFAC研究/ac/results/basic_ppo/runs/basic_ppo_trainMIX12_EQ_C800_k24_T1000_F3_seed123/20260508_222529_095916/training_history.json,metadata/runs/basic_ppo/basic_ppo_trainMIX12_EQ_C800_k24_T1000_F3_seed123/20260508_222529_095916/training_history.json,1251396,850d45956807b3b3c76258c87051cc7f96bc58ee8815931f8055e72c09fa7593,20260508_222529_095916,Original idea4 lineage; exact indexed run selection; original file copied unchanged,,,,
A0006,validation_history,JA-PPO,800,24,3,1000,123,not_applicable,/Users/zhouzhou/Downloads/KWallet_Organized/02_完整研究资料/04_ActorCritic与SCFAC研究/ac/results/basic_ppo/runs/basic_ppo_trainMIX12_EQ_C800_k24_T1000_F3_seed123/20260508_222529_095916/validation_history.json,metadata/runs/basic_ppo/basic_ppo_trainMIX12_EQ_C800_k24_T1000_F3_seed123/20260508_222529_095916/validation_history.json,7052,09a5cf85f6bd7e3931561bcc664afcffb06aa86257b6630578eb3accd53a94c0,20260508_222529_095916,Original idea4 lineage; exact indexed run selection; original file copied unchanged,,,,
A0007,best_checkpoint,JA-PPO,800,24,3,1000,323,not_applicable,/Users/zhouzhou/Downloads/KWallet_Organized/02_完整研究资料/04_ActorCritic与SCFAC研究/ac/results/basic_ppo/checkpoints/basic_ppo_trainMIX12_EQ_C800_k24_T1000_F3_seed323/20260518_221753_427685/best_model.pth,checkpoints/basic_ppo/basic_ppo_trainMIX12_EQ_C800_k24_T1000_F3_seed323/20260518_221753_427685/best_model.pth,430967,c625537a7a0fca183aa7f9f3e69c54e754a9a4a34014cdc881892c9fd53bb210,20260518_221753_427685,Original idea4 lineage; exact indexed run selection; canonical Downloads bytes match recovered archive SHA-256,,,,
A0008,run_info,JA-PPO,800,24,3,1000,323,not_applicable,/Users/zhouzhou/Downloads/KWallet_Organized/02_完整研究资料/04_ActorCritic与SCFAC研究/ac/results/basic_ppo/runs/basic_ppo_trainMIX12_EQ_C800_k24_T1000_F3_seed323/20260518_221753_427685/run_info.json,metadata/runs/basic_ppo/basic_ppo_trainMIX12_EQ_C800_k24_T1000_F3_seed323/20260518_221753_427685/run_info.json,10457,e5f08f71e60ff7a3b70ceae8fd14bf99ad5239ab918cef10e3cc57f9f8cc29b9,20260518_221753_427685,Original idea4 lineage; exact indexed run selection; original file copied unchanged,,,,
A0009,run_config,JA-PPO,800,24,3,1000,323,not_applicable,/Users/zhouzhou/Downloads/KWallet_Organized/02_完整研究资料/04_ActorCritic与SCFAC研究/ac/results/basic_ppo/runs/basic_ppo_trainMIX12_EQ_C800_k24_T1000_F3_seed323/20260518_221753_427685/run_config.json,metadata/runs/basic_ppo/basic_ppo_trainMIX12_EQ_C800_k24_T1000_F3_seed323/20260518_221753_427685/run_config.json,2368,838d1cba22e80172659d5974c9b8c1ed21c05001144039a6e97b80eecfab64c2,20260518_221753_427685,Original idea4 lineage; exact indexed run selection; original file copied unchanged,,,,
A0010,result_metadata,JA-PPO,800,24,3,1000,323,not_applicable,/Users/zhouzhou/Downloads/KWallet_Organized/02_完整研究资料/04_ActorCritic与SCFAC研究/ac/results/basic_ppo/runs/basic_ppo_trainMIX12_EQ_C800_k24_T1000_F3_seed323/20260518_221753_427685/cross_regime_results.json,metadata/runs/basic_ppo/basic_ppo_trainMIX12_EQ_C800_k24_T1000_F3_seed323/20260518_221753_427685/cross_regime_results.json,42666,94288dbd5408efb88e3f5616c603ed318d7c87b652e9d8bdc468a8d8d253d498,20260518_221753_427685,Original idea4 lineage; exact indexed run selection; original file copied unchanged,,,,
A0011,training_history,JA-PPO,800,24,3,1000,323,not_applicable,/Users/zhouzhou/Downloads/KWallet_Organized/02_完整研究资料/04_ActorCritic与SCFAC研究/ac/results/basic_ppo/runs/basic_ppo_trainMIX12_EQ_C800_k24_T1000_F3_seed323/20260518_221753_427685/training_history.json,metadata/runs/basic_ppo/basic_ppo_trainMIX12_EQ_C800_k24_T1000_F3_seed323/20260518_221753_427685/training_history.json,1251195,a2149f2afe5fc8e2c85d3068f9fd31d957a9200bcdb8599d30484ad89557a2c6,20260518_221753_427685,Original idea4 lineage; exact indexed run selection; original file copied unchanged,,,,
A0012,validation_history,JA-PPO,800,24,3,1000,323,not_applicable,/Users/zhouzhou/Downloads/KWallet_Organized/02_完整研究资料/04_ActorCritic与SCFAC研究/ac/results/basic_ppo/runs/basic_ppo_trainMIX12_EQ_C800_k24_T1000_F3_seed323/20260518_221753_427685/validation_history.json,metadata/runs/basic_ppo/basic_ppo_trainMIX12_EQ_C800_k24_T1000_F3_seed323/20260518_221753_427685/validation_history.json,7039,60270c7a73966e9dd7c5f8f9d9be17c94a841b3dda1621703de1fa76800db122,20260518_221753_427685,Original idea4 lineage; exact indexed run selection; original file copied unchanged,,,,
A0013,best_checkpoint,JA-PPO,800,24,3,1000,532,not_applicable,/Users/zhouzhou/Downloads/KWallet_Organized/02_完整研究资料/04_ActorCritic与SCFAC研究/ac/results/basic_ppo/checkpoints/basic_ppo_trainMIX12_EQ_C800_k24_T1000_F3_seed532/20260518_224719_801722/best_model.pth,checkpoints/basic_ppo/basic_ppo_trainMIX12_EQ_C800_k24_T1000_F3_seed532/20260518_224719_801722/best_model.pth,430967,ea2c6d1a4d7c6049069effb5d3d7a5dad09b282cffaa01fb5b3a6767963d2a49,20260518_224719_801722,Original idea4 lineage; exact indexed run selection; canonical Downloads bytes match recovered archive SHA-256,,,,
A0014,run_info,JA-PPO,800,24,3,1000,532,not_applicable,/Users/zhouzhou/Downloads/KWallet_Organized/02_完整研究资料/04_ActorCritic与SCFAC研究/ac/results/basic_ppo/runs/basic_ppo_trainMIX12_EQ_C800_k24_T1000_F3_seed532/20260518_224719_801722/run_info.json,metadata/runs/basic_ppo/basic_ppo_trainMIX12_EQ_C800_k24_T1000_F3_seed532/20260518_224719_801722/run_info.json,10457,ee4d7f4b7000c77d549006ac02723578a8159ba7cdaf882113df2f16233372dc,20260518_224719_801722,Original idea4 lineage; exact indexed run selection; original file copied unchanged,,,,
A0015,run_config,JA-PPO,800,24,3,1000,532,not_applicable,/Users/zhouzhou/Downloads/KWallet_Organized/02_完整研究资料/04_ActorCritic与SCFAC研究/ac/results/basic_ppo/runs/basic_ppo_trainMIX12_EQ_C800_k24_T1000_F3_seed532/20260518_224719_801722/run_config.json,metadata/runs/basic_ppo/basic_ppo_trainMIX12_EQ_C800_k24_T1000_F3_seed532/20260518_224719_801722/run_config.json,2368,5494e6b14fcb45d56cf8124b66df3b5287ea26d1316e0ce677a9e2098fa7f51b,20260518_224719_801722,Original idea4 lineage; exact indexed run selection; original file copied unchanged,,,,
A0016,result_metadata,JA-PPO,800,24,3,1000,532,not_applicable,/Users/zhouzhou/Downloads/KWallet_Organized/02_完整研究资料/04_ActorCritic与SCFAC研究/ac/results/basic_ppo/runs/basic_ppo_trainMIX12_EQ_C800_k24_T1000_F3_seed532/20260518_224719_801722/cross_regime_results.json,metadata/runs/basic_ppo/basic_ppo_trainMIX12_EQ_C800_k24_T1000_F3_seed532/20260518_224719_801722/cross_regime_results.json,42672,fba0c948163a6302f2b3e5a94bf3a8f97290f5329ab5b43a51c07f471bb687dc,20260518_224719_801722,Original idea4 lineage; exact indexed run selection; original file copied unchanged,,,,
A0017,training_history,JA-PPO,800,24,3,1000,532,not_applicable,/Users/zhouzhou/Downloads/KWallet_Organized/02_完整研究资料/04_ActorCritic与SCFAC研究/ac/results/basic_ppo/runs/basic_ppo_trainMIX12_EQ_C800_k24_T1000_F3_seed532/20260518_224719_801722/training_history.json,metadata/runs/basic_ppo/basic_ppo_trainMIX12_EQ_C800_k24_T1000_F3_seed532/20260518_224719_801722/training_history.json,1253367,17adc8c4c18ef8108ab2ae4219f9b9dd4e07674c388f8a2ac70d88323ef2aca6,20260518_224719_801722,Original idea4 lineage; exact indexed run selection; original file copied unchanged,,,,
A0018,validation_history,JA-PPO,800,24,3,1000,532,not_applicable,/Users/zhouzhou/Downloads/KWallet_Organized/02_完整研究资料/04_ActorCritic与SCFAC研究/ac/results/basic_ppo/runs/basic_ppo_trainMIX12_EQ_C800_k24_T1000_F3_seed532/20260518_224719_801722/validation_history.json,metadata/runs/basic_ppo/basic_ppo_trainMIX12_EQ_C800_k24_T1000_F3_seed532/20260518_224719_801722/validation_history.json,7068,cdab818341a5a771a00b5716f9a6dbbb01b355b40b9122d82b1530a25c07ce14,20260518_224719_801722,Original idea4 lineage; exact indexed run selection; original file copied unchanged,,,,
A0019,best_checkpoint,JA-PPO,800,24,3,1000,777,not_applicable,/Users/zhouzhou/Downloads/KWallet_Organized/02_完整研究资料/04_ActorCritic与SCFAC研究/ac/results/basic_ppo/checkpoints/basic_ppo_trainMIX12_EQ_C800_k24_T1000_F3_seed777/20260518_231658_207297/best_model.pth,checkpoints/basic_ppo/basic_ppo_trainMIX12_EQ_C800_k24_T1000_F3_seed777/20260518_231658_207297/best_model.pth,430967,c1e39cf015bdcd1ca8ec6fa64c703bfff1921a6cf258fa862bf94c97b0cdc662,20260518_231658_207297,Original idea4 lineage; exact indexed run selection; canonical Downloads bytes match recovered archive SHA-256,,,,
A0020,run_info,JA-PPO,800,24,3,1000,777,not_applicable,/Users/zhouzhou/Downloads/KWallet_Organized/02_完整研究资料/04_ActorCritic与SCFAC研究/ac/results/basic_ppo/runs/basic_ppo_trainMIX12_EQ_C800_k24_T1000_F3_seed777/20260518_231658_207297/run_info.json,metadata/runs/basic_ppo/basic_ppo_trainMIX12_EQ_C800_k24_T1000_F3_seed777/20260518_231658_207297/run_info.json,10457,c8a04353bda1cc065c002ffa66e92255510227ad5d7553f5ac2730dfc57bce77,20260518_231658_207297,Original idea4 lineage; exact indexed run selection; original file copied unchanged,,,,
A0021,run_config,JA-PPO,800,24,3,1000,777,not_applicable,/Users/zhouzhou/Downloads/KWallet_Organized/02_完整研究资料/04_ActorCritic与SCFAC研究/ac/results/basic_ppo/runs/basic_ppo_trainMIX12_EQ_C800_k24_T1000_F3_seed777/20260518_231658_207297/run_config.json,metadata/runs/basic_ppo/basic_ppo_trainMIX12_EQ_C800_k24_T1000_F3_seed777/20260518_231658_207297/run_config.json,2368,f2dd308953cefb1be785666c70da5eed3812b5962575b9147eba14d65fda7f8f,20260518_231658_207297,Original idea4 lineage; exact indexed run selection; original file copied unchanged,,,,
A0022,result_metadata,JA-PPO,800,24,3,1000,777,not_applicable,/Users/zhouzhou/Downloads/KWallet_Organized/02_完整研究资料/04_ActorCritic与SCFAC研究/ac/results/basic_ppo/runs/basic_ppo_trainMIX12_EQ_C800_k24_T1000_F3_seed777/20260518_231658_207297/cross_regime_results.json,metadata/runs/basic_ppo/basic_ppo_trainMIX12_EQ_C800_k24_T1000_F3_seed777/20260518_231658_207297/cross_regime_results.json,42549,f46883ee8a50aa3c10491a31b68e1fc3e86424721fe4b5f401b97c28a0ab461f,20260518_231658_207297,Original idea4 lineage; exact indexed run selection; original file copied unchanged,,,,
A0023,training_history,JA-PPO,800,24,3,1000,777,not_applicable,/Users/zhouzhou/Downloads/KWallet_Organized/02_完整研究资料/04_ActorCritic与SCFAC研究/ac/results/basic_ppo/runs/basic_ppo_trainMIX12_EQ_C800_k24_T1000_F3_seed777/20260518_231658_207297/training_history.json,metadata/runs/basic_ppo/basic_ppo_trainMIX12_EQ_C800_k24_T1000_F3_seed777/20260518_231658_207297/training_history.json,1252698,4888dad550e2a91a788b913223e4936cc945c19f8f767bf4048b4430fdf51245,20260518_231658_207297,Original idea4 lineage; exact indexed run selection; original file copied unchanged,,,,
A0024,validation_history,JA-PPO,800,24,3,1000,777,not_applicable,/Users/zhouzhou/Downloads/KWallet_Organized/02_完整研究资料/04_ActorCritic与SCFAC研究/ac/results/basic_ppo/runs/basic_ppo_trainMIX12_EQ_C800_k24_T1000_F3_seed777/20260518_231658_207297/validation_history.json,metadata/runs/basic_ppo/basic_ppo_trainMIX12_EQ_C800_k24_T1000_F3_seed777/20260518_231658_207297/validation_history.json,7108,a79336a0200bbb165230a5e1f161016691f4d4d47368bd6da8054e740f899bd2,20260518_231658_207297,Original idea4 lineage; exact indexed run selection; original file copied unchanged,,,,
A0025,best_checkpoint,JA-PPO,800,24,3,1000,999,not_applicable,/Users/zhouzhou/Downloads/KWallet_Organized/02_完整研究资料/04_ActorCritic与SCFAC研究/ac/results/basic_ppo/checkpoints/basic_ppo_trainMIX12_EQ_C800_k24_T1000_F3_seed999/20260518_234622_339334/best_model.pth,checkpoints/basic_ppo/basic_ppo_trainMIX12_EQ_C800_k24_T1000_F3_seed999/20260518_234622_339334/best_model.pth,430967,bf9bfa40054ca03e6ded8c0a61b495016cdaf55c10c3e76f3521df23256438f1,20260518_234622_339334,Original idea4 lineage; exact indexed run selection; canonical Downloads bytes match recovered archive SHA-256,,,,
A0026,run_info,JA-PPO,800,24,3,1000,999,not_applicable,/Users/zhouzhou/Downloads/KWallet_Organized/02_完整研究资料/04_ActorCritic与SCFAC研究/ac/results/basic_ppo/runs/basic_ppo_trainMIX12_EQ_C800_k24_T1000_F3_seed999/20260518_234622_339334/run_info.json,metadata/runs/basic_ppo/basic_ppo_trainMIX12_EQ_C800_k24_T1000_F3_seed999/20260518_234622_339334/run_info.json,10457,2c08c88c5495e506bd3cbd937c40e69c64d2e4604bdc54510b04dddd6bdc5ec5,20260518_234622_339334,Original idea4 lineage; exact indexed run selection; original file copied unchanged,,,,
A0027,run_config,JA-PPO,800,24,3,1000,999,not_applicable,/Users/zhouzhou/Downloads/KWallet_Organized/02_完整研究资料/04_ActorCritic与SCFAC研究/ac/results/basic_ppo/runs/basic_ppo_trainMIX12_EQ_C800_k24_T1000_F3_seed999/20260518_234622_339334/run_config.json,metadata/runs/basic_ppo/basic_ppo_trainMIX12_EQ_C800_k24_T1000_F3_seed999/20260518_234622_339334/run_config.json,2368,259307e21ef4e3f4db09f7c53688e1924e6b8bc39dd5fd637d83f56618ed25ca,20260518_234622_339334,Original idea4 lineage; exact indexed run selection; original file copied unchanged,,,,
A0028,result_metadata,JA-PPO,800,24,3,1000,999,not_applicable,/Users/zhouzhou/Downloads/KWallet_Organized/02_完整研究资料/04_ActorCritic与SCFAC研究/ac/results/basic_ppo/runs/basic_ppo_trainMIX12_EQ_C800_k24_T1000_F3_seed999/20260518_234622_339334/cross_regime_results.json,metadata/runs/basic_ppo/basic_ppo_trainMIX12_EQ_C800_k24_T1000_F3_seed999/20260518_234622_339334/cross_regime_results.json,42613,9dc65ecaf7ff0e3a829ac31ffc8a8d4a0d2625d677884c90549983bcc41bd0d2,20260518_234622_339334,Original idea4 lineage; exact indexed run selection; original file copied unchanged,,,,
A0029,training_history,JA-PPO,800,24,3,1000,999,not_applicable,/Users/zhouzhou/Downloads/KWallet_Organized/02_完整研究资料/04_ActorCritic与SCFAC研究/ac/results/basic_ppo/runs/basic_ppo_trainMIX12_EQ_C800_k24_T1000_F3_seed999/20260518_234622_339334/training_history.json,metadata/runs/basic_ppo/basic_ppo_trainMIX12_EQ_C800_k24_T1000_F3_seed999/20260518_234622_339334/training_history.json,1251002,4c85e96b7922df1751796a42280d2bfdd65346dc6bcab57ae5832c427dda73e5,20260518_234622_339334,Original idea4 lineage; exact indexed run selection; original file copied unchanged,,,,
A0030,validation_history,JA-PPO,800,24,3,1000,999,not_applicable,/Users/zhouzhou/Downloads/KWallet_Organized/02_完整研究资料/04_ActorCritic与SCFAC研究/ac/results/basic_ppo/runs/basic_ppo_trainMIX12_EQ_C800_k24_T1000_F3_seed999/20260518_234622_339334/validation_history.json,metadata/runs/basic_ppo/basic_ppo_trainMIX12_EQ_C800_k24_T1000_F3_seed999/20260518_234622_339334/validation_history.json,7039,b0c08994edf60b20b1a6e707b2859c33445780c75e73e24a4a6f2d4270e1fb58,20260518_234622_339334,Original idea4 lineage; exact indexed run selection; original file copied unchanged,,,,
A0031,best_checkpoint,IFAC,800,24,3,1000,123,not_applicable,/Users/zhouzhou/Downloads/KWallet_Organized/02_完整研究资料/04_ActorCritic与SCFAC研究/ac/results/factorized_ac/checkpoints/factorized_ac_trainMIX12_EQ_C800_k24_T1000_F3_seed123/20260508_224206_743115/best_model.pth,checkpoints/factorized_ac/factorized_ac_trainMIX12_EQ_C800_k24_T1000_F3_seed123/20260508_224206_743115/best_model.pth,134709,811d2759fb7112fa086380f3b7c49560402ff34fd0829af788b37192b44fdba7,20260508_224206_743115,Original idea4 lineage; exact indexed run selection; canonical Downloads bytes match recovered archive SHA-256,,,,
A0032,run_info,IFAC,800,24,3,1000,123,not_applicable,/Users/zhouzhou/Downloads/KWallet_Organized/02_完整研究资料/04_ActorCritic与SCFAC研究/ac/results/factorized_ac/runs/factorized_ac_trainMIX12_EQ_C800_k24_T1000_F3_seed123/20260508_224206_743115/run_info.json,metadata/runs/factorized_ac/factorized_ac_trainMIX12_EQ_C800_k24_T1000_F3_seed123/20260508_224206_743115/run_info.json,10491,b3478b3e780c6e0fa40a2f42aa0e877109b6ca15764f54f99ac28b7a44f18716,20260508_224206_743115,Original idea4 lineage; exact indexed run selection; original file copied unchanged,,,,
A0033,result_metadata,IFAC,800,24,3,1000,123,not_applicable,/Users/zhouzhou/Downloads/KWallet_Organized/02_完整研究资料/04_ActorCritic与SCFAC研究/ac/results/factorized_ac/runs/factorized_ac_trainMIX12_EQ_C800_k24_T1000_F3_seed123/20260508_224206_743115/cross_regime_results.json,metadata/runs/factorized_ac/factorized_ac_trainMIX12_EQ_C800_k24_T1000_F3_seed123/20260508_224206_743115/cross_regime_results.json,42594,cf9e3071fcd668da4e8c026ac82a7800c3259ff446ce966a9cbbfa03b40251a6,20260508_224206_743115,Original idea4 lineage; exact indexed run selection; original file copied unchanged,,,,
A0034,training_history,IFAC,800,24,3,1000,123,not_applicable,/Users/zhouzhou/Downloads/KWallet_Organized/02_完整研究资料/04_ActorCritic与SCFAC研究/ac/results/factorized_ac/runs/factorized_ac_trainMIX12_EQ_C800_k24_T1000_F3_seed123/20260508_224206_743115/training_history.json,metadata/runs/factorized_ac/factorized_ac_trainMIX12_EQ_C800_k24_T1000_F3_seed123/20260508_224206_743115/training_history.json,1243273,1c9ddf46fee2393247069008c4ce7bf2b01dff0a2612c0b29c3614e245a19a69,20260508_224206_743115,Original idea4 lineage; exact indexed run selection; original file copied unchanged,,,,
A0035,validation_history,IFAC,800,24,3,1000,123,not_applicable,/Users/zhouzhou/Downloads/KWallet_Organized/02_完整研究资料/04_ActorCritic与SCFAC研究/ac/results/factorized_ac/runs/factorized_ac_trainMIX12_EQ_C800_k24_T1000_F3_seed123/20260508_224206_743115/validation_history.json,metadata/runs/factorized_ac/factorized_ac_trainMIX12_EQ_C800_k24_T1000_F3_seed123/20260508_224206_743115/validation_history.json,7034,2c5ea0daf30dcdb35a287135225693cbe301ae22c056000a982c5a10c9097414,20260508_224206_743115,Original idea4 lineage; exact indexed run selection; original file copied unchanged,,,,
A0036,best_checkpoint,IFAC,800,24,3,1000,323,not_applicable,/Users/zhouzhou/Downloads/KWallet_Organized/02_完整研究资料/04_ActorCritic与SCFAC研究/ac/results/factorized_ac/checkpoints/factorized_ac_trainMIX12_EQ_C800_k24_T1000_F3_seed323/20260518_223023_020401/best_model.pth,checkpoints/factorized_ac/factorized_ac_trainMIX12_EQ_C800_k24_T1000_F3_seed323/20260518_223023_020401/best_model.pth,134709,9aea46c05faf40e17669bf404a00302086e39c8c9eec6701922e5d19fbafb6df,20260518_223023_020401,Original idea4 lineage; exact indexed run selection; canonical Downloads bytes match recovered archive SHA-256,,,,
A0037,run_info,IFAC,800,24,3,1000,323,not_applicable,/Users/zhouzhou/Downloads/KWallet_Organized/02_完整研究资料/04_ActorCritic与SCFAC研究/ac/results/factorized_ac/runs/factorized_ac_trainMIX12_EQ_C800_k24_T1000_F3_seed323/20260518_223023_020401/run_info.json,metadata/runs/factorized_ac/factorized_ac_trainMIX12_EQ_C800_k24_T1000_F3_seed323/20260518_223023_020401/run_info.json,10491,13b677266f0e504c750cf281925afc355075113c795312df051fc9f8cc235467,20260518_223023_020401,Original idea4 lineage; exact indexed run selection; original file copied unchanged,,,,
A0038,result_metadata,IFAC,800,24,3,1000,323,not_applicable,/Users/zhouzhou/Downloads/KWallet_Organized/02_完整研究资料/04_ActorCritic与SCFAC研究/ac/results/factorized_ac/runs/factorized_ac_trainMIX12_EQ_C800_k24_T1000_F3_seed323/20260518_223023_020401/cross_regime_results.json,metadata/runs/factorized_ac/factorized_ac_trainMIX12_EQ_C800_k24_T1000_F3_seed323/20260518_223023_020401/cross_regime_results.json,42659,66151082ab8f11310287bfb4aa0802f7915ed3187cd0ab497942a9e5b88767ec,20260518_223023_020401,Original idea4 lineage; exact indexed run selection; original file copied unchanged,,,,
A0039,training_history,IFAC,800,24,3,1000,323,not_applicable,/Users/zhouzhou/Downloads/KWallet_Organized/02_完整研究资料/04_ActorCritic与SCFAC研究/ac/results/factorized_ac/runs/factorized_ac_trainMIX12_EQ_C800_k24_T1000_F3_seed323/20260518_223023_020401/training_history.json,metadata/runs/factorized_ac/factorized_ac_trainMIX12_EQ_C800_k24_T1000_F3_seed323/20260518_223023_020401/training_history.json,1245415,e1c0ccba39be6cd5e989b420a7fece666004aab30feb6b2a8dac9b36f7b518ab,20260518_223023_020401,Original idea4 lineage; exact indexed run selection; original file copied unchanged,,,,
A0040,validation_history,IFAC,800,24,3,1000,323,not_applicable,/Users/zhouzhou/Downloads/KWallet_Organized/02_完整研究资料/04_ActorCritic与SCFAC研究/ac/results/factorized_ac/runs/factorized_ac_trainMIX12_EQ_C800_k24_T1000_F3_seed323/20260518_223023_020401/validation_history.json,metadata/runs/factorized_ac/factorized_ac_trainMIX12_EQ_C800_k24_T1000_F3_seed323/20260518_223023_020401/validation_history.json,7088,d76f42d3c2750ea87bc17fc8e601818a709a90e69e84ca9dfd0bb06cb09a35ce,20260518_223023_020401,Original idea4 lineage; exact indexed run selection; original file copied unchanged,,,,
A0041,best_checkpoint,IFAC,800,24,3,1000,532,not_applicable,/Users/zhouzhou/Downloads/KWallet_Organized/02_完整研究资料/04_ActorCritic与SCFAC研究/ac/results/factorized_ac/checkpoints/factorized_ac_trainMIX12_EQ_C800_k24_T1000_F3_seed532/20260518_225934_742365/best_model.pth,checkpoints/factorized_ac/factorized_ac_trainMIX12_EQ_C800_k24_T1000_F3_seed532/20260518_225934_742365/best_model.pth,134709,442ef7cd7177d9f759d3b74833d0113fa3af9a1cb1a06f89267300f3ca6a868e,20260518_225934_742365,Original idea4 lineage; exact indexed run selection; canonical Downloads bytes match recovered archive SHA-256,,,,
A0042,run_info,IFAC,800,24,3,1000,532,not_applicable,/Users/zhouzhou/Downloads/KWallet_Organized/02_完整研究资料/04_ActorCritic与SCFAC研究/ac/results/factorized_ac/runs/factorized_ac_trainMIX12_EQ_C800_k24_T1000_F3_seed532/20260518_225934_742365/run_info.json,metadata/runs/factorized_ac/factorized_ac_trainMIX12_EQ_C800_k24_T1000_F3_seed532/20260518_225934_742365/run_info.json,10491,0a293c033dd02485be275d5395f917de336add2a5c8c1e94fcc58762fbed8f57,20260518_225934_742365,Original idea4 lineage; exact indexed run selection; original file copied unchanged,,,,
A0043,result_metadata,IFAC,800,24,3,1000,532,not_applicable,/Users/zhouzhou/Downloads/KWallet_Organized/02_完整研究资料/04_ActorCritic与SCFAC研究/ac/results/factorized_ac/runs/factorized_ac_trainMIX12_EQ_C800_k24_T1000_F3_seed532/20260518_225934_742365/cross_regime_results.json,metadata/runs/factorized_ac/factorized_ac_trainMIX12_EQ_C800_k24_T1000_F3_seed532/20260518_225934_742365/cross_regime_results.json,42577,c52ed5c5f884c3313cdbd515e4b73f7af00efb776fd9a7dbc411ed486fe062e0,20260518_225934_742365,Original idea4 lineage; exact indexed run selection; original file copied unchanged,,,,
A0044,training_history,IFAC,800,24,3,1000,532,not_applicable,/Users/zhouzhou/Downloads/KWallet_Organized/02_完整研究资料/04_ActorCritic与SCFAC研究/ac/results/factorized_ac/runs/factorized_ac_trainMIX12_EQ_C800_k24_T1000_F3_seed532/20260518_225934_742365/training_history.json,metadata/runs/factorized_ac/factorized_ac_trainMIX12_EQ_C800_k24_T1000_F3_seed532/20260518_225934_742365/training_history.json,1245997,a308d8414154775a25d2f65cdee58383aa6990695dc3433e2ec50c3a184f7bf1,20260518_225934_742365,Original idea4 lineage; exact indexed run selection; original file copied unchanged,,,,
A0045,validation_history,IFAC,800,24,3,1000,532,not_applicable,/Users/zhouzhou/Downloads/KWallet_Organized/02_完整研究资料/04_ActorCritic与SCFAC研究/ac/results/factorized_ac/runs/factorized_ac_trainMIX12_EQ_C800_k24_T1000_F3_seed532/20260518_225934_742365/validation_history.json,metadata/runs/factorized_ac/factorized_ac_trainMIX12_EQ_C800_k24_T1000_F3_seed532/20260518_225934_742365/validation_history.json,7103,0311423e4930de156a7aaab7715c73566ff68027d69157631e6793b6369c2b99,20260518_225934_742365,Original idea4 lineage; exact indexed run selection; original file copied unchanged,,,,
A0046,best_checkpoint,IFAC,800,24,3,1000,777,not_applicable,/Users/zhouzhou/Downloads/KWallet_Organized/02_完整研究资料/04_ActorCritic与SCFAC研究/ac/results/factorized_ac/checkpoints/factorized_ac_trainMIX12_EQ_C800_k24_T1000_F3_seed777/20260518_232915_556325/best_model.pth,checkpoints/factorized_ac/factorized_ac_trainMIX12_EQ_C800_k24_T1000_F3_seed777/20260518_232915_556325/best_model.pth,134709,7cd327b95f064872aa7f3db883e9f2b3169cc013d2388133c0973df542d6ab69,20260518_232915_556325,Original idea4 lineage; exact indexed run selection; canonical Downloads bytes match recovered archive SHA-256,,,,
A0047,run_info,IFAC,800,24,3,1000,777,not_applicable,/Users/zhouzhou/Downloads/KWallet_Organized/02_完整研究资料/04_ActorCritic与SCFAC研究/ac/results/factorized_ac/runs/factorized_ac_trainMIX12_EQ_C800_k24_T1000_F3_seed777/20260518_232915_556325/run_info.json,metadata/runs/factorized_ac/factorized_ac_trainMIX12_EQ_C800_k24_T1000_F3_seed777/20260518_232915_556325/run_info.json,10491,ceb7ef7d380c8089dba5f133ac52ba4ce39822dc4a18e3976a1fa7900e943567,20260518_232915_556325,Original idea4 lineage; exact indexed run selection; original file copied unchanged,,,,
A0048,result_metadata,IFAC,800,24,3,1000,777,not_applicable,/Users/zhouzhou/Downloads/KWallet_Organized/02_完整研究资料/04_ActorCritic与SCFAC研究/ac/results/factorized_ac/runs/factorized_ac_trainMIX12_EQ_C800_k24_T1000_F3_seed777/20260518_232915_556325/cross_regime_results.json,metadata/runs/factorized_ac/factorized_ac_trainMIX12_EQ_C800_k24_T1000_F3_seed777/20260518_232915_556325/cross_regime_results.json,42665,2a526de32d8b2bd60c0e6d08d6ff8d93d77cb8057ec011331e4b58dfdbee9505,20260518_232915_556325,Original idea4 lineage; exact indexed run selection; original file copied unchanged,,,,
A0049,training_history,IFAC,800,24,3,1000,777,not_applicable,/Users/zhouzhou/Downloads/KWallet_Organized/02_完整研究资料/04_ActorCritic与SCFAC研究/ac/results/factorized_ac/runs/factorized_ac_trainMIX12_EQ_C800_k24_T1000_F3_seed777/20260518_232915_556325/training_history.json,metadata/runs/factorized_ac/factorized_ac_trainMIX12_EQ_C800_k24_T1000_F3_seed777/20260518_232915_556325/training_history.json,1246083,4dcca6e87bfd1ba06af7277439b9a592cf3fdd35823215f41f394a5e5780fe44,20260518_232915_556325,Original idea4 lineage; exact indexed run selection; original file copied unchanged,,,,
A0050,validation_history,IFAC,800,24,3,1000,777,not_applicable,/Users/zhouzhou/Downloads/KWallet_Organized/02_完整研究资料/04_ActorCritic与SCFAC研究/ac/results/factorized_ac/runs/factorized_ac_trainMIX12_EQ_C800_k24_T1000_F3_seed777/20260518_232915_556325/validation_history.json,metadata/runs/factorized_ac/factorized_ac_trainMIX12_EQ_C800_k24_T1000_F3_seed777/20260518_232915_556325/validation_history.json,7060,870cfa3d753818e4c484ddc7549c5037892ebb35e405d707e7cf0aabd4e3e0ab,20260518_232915_556325,Original idea4 lineage; exact indexed run selection; original file copied unchanged,,,,
A0051,best_checkpoint,IFAC,800,24,3,1000,999,not_applicable,/Users/zhouzhou/Downloads/KWallet_Organized/02_完整研究资料/04_ActorCritic与SCFAC研究/ac/results/factorized_ac/checkpoints/factorized_ac_trainMIX12_EQ_C800_k24_T1000_F3_seed999/20260518_235842_316631/best_model.pth,checkpoints/factorized_ac/factorized_ac_trainMIX12_EQ_C800_k24_T1000_F3_seed999/20260518_235842_316631/best_model.pth,134709,1aa0695126eeebb8a058a42c73c7c0d665be6579023c4630438334cae69f9ccc,20260518_235842_316631,Original idea4 lineage; exact indexed run selection; canonical Downloads bytes match recovered archive SHA-256,,,,
A0052,run_info,IFAC,800,24,3,1000,999,not_applicable,/Users/zhouzhou/Downloads/KWallet_Organized/02_完整研究资料/04_ActorCritic与SCFAC研究/ac/results/factorized_ac/runs/factorized_ac_trainMIX12_EQ_C800_k24_T1000_F3_seed999/20260518_235842_316631/run_info.json,metadata/runs/factorized_ac/factorized_ac_trainMIX12_EQ_C800_k24_T1000_F3_seed999/20260518_235842_316631/run_info.json,10491,c6cc0d76caf7f40be204a59521f556683fbac09d67075b2f35a885a7beacafeb,20260518_235842_316631,Original idea4 lineage; exact indexed run selection; original file copied unchanged,,,,
A0053,result_metadata,IFAC,800,24,3,1000,999,not_applicable,/Users/zhouzhou/Downloads/KWallet_Organized/02_完整研究资料/04_ActorCritic与SCFAC研究/ac/results/factorized_ac/runs/factorized_ac_trainMIX12_EQ_C800_k24_T1000_F3_seed999/20260518_235842_316631/cross_regime_results.json,metadata/runs/factorized_ac/factorized_ac_trainMIX12_EQ_C800_k24_T1000_F3_seed999/20260518_235842_316631/cross_regime_results.json,42684,1719dd9b274211999ff3be54872df6ed4656477b196460516582923a0b33b021,20260518_235842_316631,Original idea4 lineage; exact indexed run selection; original file copied unchanged,,,,
A0054,training_history,IFAC,800,24,3,1000,999,not_applicable,/Users/zhouzhou/Downloads/KWallet_Organized/02_完整研究资料/04_ActorCritic与SCFAC研究/ac/results/factorized_ac/runs/factorized_ac_trainMIX12_EQ_C800_k24_T1000_F3_seed999/20260518_235842_316631/training_history.json,metadata/runs/factorized_ac/factorized_ac_trainMIX12_EQ_C800_k24_T1000_F3_seed999/20260518_235842_316631/training_history.json,1245135,d5a3072620a6cc6cb122883f66bfe6e29d4a1e4a0fe4a3bc7f8dd2ffbbef6522,20260518_235842_316631,Original idea4 lineage; exact indexed run selection; original file copied unchanged,,,,
A0055,validation_history,IFAC,800,24,3,1000,999,not_applicable,/Users/zhouzhou/Downloads/KWallet_Organized/02_完整研究资料/04_ActorCritic与SCFAC研究/ac/results/factorized_ac/runs/factorized_ac_trainMIX12_EQ_C800_k24_T1000_F3_seed999/20260518_235842_316631/validation_history.json,metadata/runs/factorized_ac/factorized_ac_trainMIX12_EQ_C800_k24_T1000_F3_seed999/20260518_235842_316631/validation_history.json,7101,a0296dd6654f28920d6e46deecd629d581f3b65e8a5b50376e6bd1a11062e3ad,20260518_235842_316631,Original idea4 lineage; exact indexed run selection; original file copied unchanged,,,,
A0056,best_checkpoint,SC-FAC,800,24,3,1000,123,full,/Users/zhouzhou/Downloads/KWallet_Organized/02_完整研究资料/04_ActorCritic与SCFAC研究/ac/results/conditional_factorized_ac/checkpoints/conditional_factorized_ac_trainMIX12_EQ_C800_k24_T1000_F3_seed123_condE32_condH256/20260519_180310_098181/best_model.pth,checkpoints/conditional_factorized_ac/conditional_factorized_ac_trainMIX12_EQ_C800_k24_T1000_F3_seed123_condE32_condH256/20260519_180310_098181/best_model.pth,316469,ab0f7102a41b31c97621722ad2906d677c85a0d8e1a3804191680eae5257cfb2,20260519_180310_098181,Original idea4 lineage; exact indexed run selection; canonical Downloads bytes match recovered archive SHA-256,,,,
A0057,run_info,SC-FAC,800,24,3,1000,123,full,/Users/zhouzhou/Downloads/KWallet_Organized/02_完整研究资料/04_ActorCritic与SCFAC研究/ac/results/conditional_factorized_ac/runs/conditional_factorized_ac_trainMIX12_EQ_C800_k24_T1000_F3_seed123_condE32_condH256/20260519_180310_098181/run_info.json,metadata/runs/conditional_factorized_ac/conditional_factorized_ac_trainMIX12_EQ_C800_k24_T1000_F3_seed123_condE32_condH256/20260519_180310_098181/run_info.json,11697,dda7a526ea1d6a83fdd0d8908430759c40092f51ed9a206d2e2d35db6dc873e5,20260519_180310_098181,Original idea4 lineage; exact indexed run selection; original file copied unchanged,,,,
A0058,run_config,SC-FAC,800,24,3,1000,123,full,/Users/zhouzhou/Downloads/KWallet_Organized/02_完整研究资料/04_ActorCritic与SCFAC研究/ac/results/conditional_factorized_ac/runs/conditional_factorized_ac_trainMIX12_EQ_C800_k24_T1000_F3_seed123_condE32_condH256/20260519_180310_098181/run_config.json,metadata/runs/conditional_factorized_ac/conditional_factorized_ac_trainMIX12_EQ_C800_k24_T1000_F3_seed123_condE32_condH256/20260519_180310_098181/run_config.json,2848,b5b53d604c165d7f07a6b40fe32bf31c2c9517b900933a48effc2ffd86600c62,20260519_180310_098181,Original idea4 lineage; exact indexed run selection; original file copied unchanged,,,,
A0059,result_metadata,SC-FAC,800,24,3,1000,123,full,/Users/zhouzhou/Downloads/KWallet_Organized/02_完整研究资料/04_ActorCritic与SCFAC研究/ac/results/conditional_factorized_ac/runs/conditional_factorized_ac_trainMIX12_EQ_C800_k24_T1000_F3_seed123_condE32_condH256/20260519_180310_098181/cross_regime_results.json,metadata/runs/conditional_factorized_ac/conditional_factorized_ac_trainMIX12_EQ_C800_k24_T1000_F3_seed123_condE32_condH256/20260519_180310_098181/cross_regime_results.json,50084,b0ddd4adf39a7b8d0858b6b808f7c911935088220e4bdd639210f37122a4767c,20260519_180310_098181,Original idea4 lineage; exact indexed run selection; original file copied unchanged,,,,
A0060,training_history,SC-FAC,800,24,3,1000,123,full,/Users/zhouzhou/Downloads/KWallet_Organized/02_完整研究资料/04_ActorCritic与SCFAC研究/ac/results/conditional_factorized_ac/runs/conditional_factorized_ac_trainMIX12_EQ_C800_k24_T1000_F3_seed123_condE32_condH256/20260519_180310_098181/training_history.json,metadata/runs/conditional_factorized_ac/conditional_factorized_ac_trainMIX12_EQ_C800_k24_T1000_F3_seed123_condE32_condH256/20260519_180310_098181/training_history.json,1553722,469a63cad83aa4342fc9da39d07275d888b8305552d26e3f559ffc5f993bacef,20260519_180310_098181,Original idea4 lineage; exact indexed run selection; original file copied unchanged,,,,
A0061,validation_history,SC-FAC,800,24,3,1000,123,full,/Users/zhouzhou/Downloads/KWallet_Organized/02_完整研究资料/04_ActorCritic与SCFAC研究/ac/results/conditional_factorized_ac/runs/conditional_factorized_ac_trainMIX12_EQ_C800_k24_T1000_F3_seed123_condE32_condH256/20260519_180310_098181/validation_history.json,metadata/runs/conditional_factorized_ac/conditional_factorized_ac_trainMIX12_EQ_C800_k24_T1000_F3_seed123_condE32_condH256/20260519_180310_098181/validation_history.json,7538,1141b2d6e84966dad029b724f3f9581c78457119af7dcb4c3ae463f2d816afd4,20260519_180310_098181,Original idea4 lineage; exact indexed run selection; original file copied unchanged,,,,
A0062,best_checkpoint,SC-FAC,800,24,3,1000,323,full,/Users/zhouzhou/Downloads/KWallet_Organized/02_完整研究资料/04_ActorCritic与SCFAC研究/ac/results/conditional_factorized_ac/checkpoints/conditional_factorized_ac_trainMIX12_EQ_C800_k24_T1000_F3_seed323_condE32_condH256/20260520_022720_005236/best_model.pth,checkpoints/conditional_factorized_ac/conditional_factorized_ac_trainMIX12_EQ_C800_k24_T1000_F3_seed323_condE32_condH256/20260520_022720_005236/best_model.pth,316469,2ae29e0ccb832c63289ae74b8998c25670d9a4fe4f797b5f6b22b4721698b2b1,20260520_022720_005236,Original idea4 lineage; exact indexed run selection; canonical Downloads bytes match recovered archive SHA-256,,,,
A0063,run_info,SC-FAC,800,24,3,1000,323,full,/Users/zhouzhou/Downloads/KWallet_Organized/02_完整研究资料/04_ActorCritic与SCFAC研究/ac/results/conditional_factorized_ac/runs/conditional_factorized_ac_trainMIX12_EQ_C800_k24_T1000_F3_seed323_condE32_condH256/20260520_022720_005236/run_info.json,metadata/runs/conditional_factorized_ac/conditional_factorized_ac_trainMIX12_EQ_C800_k24_T1000_F3_seed323_condE32_condH256/20260520_022720_005236/run_info.json,11697,0e98d1bf08a41de6f52cad2c44b5447ab68ac2089c6d8ad4ca6c510de39a588d,20260520_022720_005236,Original idea4 lineage; exact indexed run selection; original file copied unchanged,,,,
A0064,run_config,SC-FAC,800,24,3,1000,323,full,/Users/zhouzhou/Downloads/KWallet_Organized/02_完整研究资料/04_ActorCritic与SCFAC研究/ac/results/conditional_factorized_ac/runs/conditional_factorized_ac_trainMIX12_EQ_C800_k24_T1000_F3_seed323_condE32_condH256/20260520_022720_005236/run_config.json,metadata/runs/conditional_factorized_ac/conditional_factorized_ac_trainMIX12_EQ_C800_k24_T1000_F3_seed323_condE32_condH256/20260520_022720_005236/run_config.json,2848,4017ef5a93f61668fffb8e4978a13ecb8dc843dcec96f92e0054505e07b27ed3,20260520_022720_005236,Original idea4 lineage; exact indexed run selection; original file copied unchanged,,,,
A0065,result_metadata,SC-FAC,800,24,3,1000,323,full,/Users/zhouzhou/Downloads/KWallet_Organized/02_完整研究资料/04_ActorCritic与SCFAC研究/ac/results/conditional_factorized_ac/runs/conditional_factorized_ac_trainMIX12_EQ_C800_k24_T1000_F3_seed323_condE32_condH256/20260520_022720_005236/cross_regime_results.json,metadata/runs/conditional_factorized_ac/conditional_factorized_ac_trainMIX12_EQ_C800_k24_T1000_F3_seed323_condE32_condH256/20260520_022720_005236/cross_regime_results.json,50103,ec00d2736e1c9e4dd314ce9739217a1188f0cfc49d100c3fa835cb146e05ab1a,20260520_022720_005236,Original idea4 lineage; exact indexed run selection; original file copied unchanged,,,,
A0066,training_history,SC-FAC,800,24,3,1000,323,full,/Users/zhouzhou/Downloads/KWallet_Organized/02_完整研究资料/04_ActorCritic与SCFAC研究/ac/results/conditional_factorized_ac/runs/conditional_factorized_ac_trainMIX12_EQ_C800_k24_T1000_F3_seed323_condE32_condH256/20260520_022720_005236/training_history.json,metadata/runs/conditional_factorized_ac/conditional_factorized_ac_trainMIX12_EQ_C800_k24_T1000_F3_seed323_condE32_condH256/20260520_022720_005236/training_history.json,1554346,7748c43ee83b30a36a93d8d14c5aee88b541364acc39b9e09c84222c0732e070,20260520_022720_005236,Original idea4 lineage; exact indexed run selection; original file copied unchanged,,,,
A0067,validation_history,SC-FAC,800,24,3,1000,323,full,/Users/zhouzhou/Downloads/KWallet_Organized/02_完整研究资料/04_ActorCritic与SCFAC研究/ac/results/conditional_factorized_ac/runs/conditional_factorized_ac_trainMIX12_EQ_C800_k24_T1000_F3_seed323_condE32_condH256/20260520_022720_005236/validation_history.json,metadata/runs/conditional_factorized_ac/conditional_factorized_ac_trainMIX12_EQ_C800_k24_T1000_F3_seed323_condE32_condH256/20260520_022720_005236/validation_history.json,7537,19a0f69c1c605cf23515250169291c36881ce5f12e086c551d8c3bd775c1bd4b,20260520_022720_005236,Original idea4 lineage; exact indexed run selection; original file copied unchanged,,,,
A0068,best_checkpoint,SC-FAC,800,24,3,1000,532,full,/Users/zhouzhou/Downloads/KWallet_Organized/02_完整研究资料/04_ActorCritic与SCFAC研究/ac/results/conditional_factorized_ac/checkpoints/conditional_factorized_ac_trainMIX12_EQ_C800_k24_T1000_F3_seed532_condE32_condH256/20260520_024910_030504/best_model.pth,checkpoints/conditional_factorized_ac/conditional_factorized_ac_trainMIX12_EQ_C800_k24_T1000_F3_seed532_condE32_condH256/20260520_024910_030504/best_model.pth,316469,f07b24081fa01442a8547437b27835ff101be6bc269e6d99312914b2d7095b92,20260520_024910_030504,Original idea4 lineage; exact indexed run selection; canonical Downloads bytes match recovered archive SHA-256,,,,
A0069,run_info,SC-FAC,800,24,3,1000,532,full,/Users/zhouzhou/Downloads/KWallet_Organized/02_完整研究资料/04_ActorCritic与SCFAC研究/ac/results/conditional_factorized_ac/runs/conditional_factorized_ac_trainMIX12_EQ_C800_k24_T1000_F3_seed532_condE32_condH256/20260520_024910_030504/run_info.json,metadata/runs/conditional_factorized_ac/conditional_factorized_ac_trainMIX12_EQ_C800_k24_T1000_F3_seed532_condE32_condH256/20260520_024910_030504/run_info.json,11697,2b95f20fd23077b3c8059ccfe377fb58f485a0c903d6f81a67d5da50232cd707,20260520_024910_030504,Original idea4 lineage; exact indexed run selection; original file copied unchanged,,,,
A0070,run_config,SC-FAC,800,24,3,1000,532,full,/Users/zhouzhou/Downloads/KWallet_Organized/02_完整研究资料/04_ActorCritic与SCFAC研究/ac/results/conditional_factorized_ac/runs/conditional_factorized_ac_trainMIX12_EQ_C800_k24_T1000_F3_seed532_condE32_condH256/20260520_024910_030504/run_config.json,metadata/runs/conditional_factorized_ac/conditional_factorized_ac_trainMIX12_EQ_C800_k24_T1000_F3_seed532_condE32_condH256/20260520_024910_030504/run_config.json,2848,7731053e2d2a59595ca661c6b684075768cf6edf7b82cddc09ea2690964d92f6,20260520_024910_030504,Original idea4 lineage; exact indexed run selection; original file copied unchanged,,,,
A0071,result_metadata,SC-FAC,800,24,3,1000,532,full,/Users/zhouzhou/Downloads/KWallet_Organized/02_完整研究资料/04_ActorCritic与SCFAC研究/ac/results/conditional_factorized_ac/runs/conditional_factorized_ac_trainMIX12_EQ_C800_k24_T1000_F3_seed532_condE32_condH256/20260520_024910_030504/cross_regime_results.json,metadata/runs/conditional_factorized_ac/conditional_factorized_ac_trainMIX12_EQ_C800_k24_T1000_F3_seed532_condE32_condH256/20260520_024910_030504/cross_regime_results.json,50096,62f3aa9b4a312fef9b1d497b9e35d8a8e5f3d29affef575164cb80c667056a9e,20260520_024910_030504,Original idea4 lineage; exact indexed run selection; original file copied unchanged,,,,
A0072,training_history,SC-FAC,800,24,3,1000,532,full,/Users/zhouzhou/Downloads/KWallet_Organized/02_完整研究资料/04_ActorCritic与SCFAC研究/ac/results/conditional_factorized_ac/runs/conditional_factorized_ac_trainMIX12_EQ_C800_k24_T1000_F3_seed532_condE32_condH256/20260520_024910_030504/training_history.json,metadata/runs/conditional_factorized_ac/conditional_factorized_ac_trainMIX12_EQ_C800_k24_T1000_F3_seed532_condE32_condH256/20260520_024910_030504/training_history.json,1555079,0a7b6e14b8b667e15cb1801e70a7ea24412d6acf73fc18b2dbfb685383652a31,20260520_024910_030504,Original idea4 lineage; exact indexed run selection; original file copied unchanged,,,,
A0073,validation_history,SC-FAC,800,24,3,1000,532,full,/Users/zhouzhou/Downloads/KWallet_Organized/02_完整研究资料/04_ActorCritic与SCFAC研究/ac/results/conditional_factorized_ac/runs/conditional_factorized_ac_trainMIX12_EQ_C800_k24_T1000_F3_seed532_condE32_condH256/20260520_024910_030504/validation_history.json,metadata/runs/conditional_factorized_ac/conditional_factorized_ac_trainMIX12_EQ_C800_k24_T1000_F3_seed532_condE32_condH256/20260520_024910_030504/validation_history.json,7579,8cbcedf0f974535497e2cf7e9de8ae38178f76dd2490e8763af40ac6d8ca3892,20260520_024910_030504,Original idea4 lineage; exact indexed run selection; original file copied unchanged,,,,
A0074,best_checkpoint,SC-FAC,800,24,3,1000,777,full,/Users/zhouzhou/Downloads/KWallet_Organized/02_完整研究资料/04_ActorCritic与SCFAC研究/ac/results/conditional_factorized_ac/checkpoints/conditional_factorized_ac_trainMIX12_EQ_C800_k24_T1000_F3_seed777_condE32_condH256/20260520_031048_321526/best_model.pth,checkpoints/conditional_factorized_ac/conditional_factorized_ac_trainMIX12_EQ_C800_k24_T1000_F3_seed777_condE32_condH256/20260520_031048_321526/best_model.pth,316469,377b4a6ad94ef2ec2f5ffd44c1a83845271d9e0a1ffa7fb29766825f6bc5a8d8,20260520_031048_321526,Original idea4 lineage; exact indexed run selection; canonical Downloads bytes match recovered archive SHA-256,,,,
A0075,run_info,SC-FAC,800,24,3,1000,777,full,/Users/zhouzhou/Downloads/KWallet_Organized/02_完整研究资料/04_ActorCritic与SCFAC研究/ac/results/conditional_factorized_ac/runs/conditional_factorized_ac_trainMIX12_EQ_C800_k24_T1000_F3_seed777_condE32_condH256/20260520_031048_321526/run_info.json,metadata/runs/conditional_factorized_ac/conditional_factorized_ac_trainMIX12_EQ_C800_k24_T1000_F3_seed777_condE32_condH256/20260520_031048_321526/run_info.json,11697,4ed298bb735288df598fa9792da308079c76554a6302cee7dabf7a7567fe0e6b,20260520_031048_321526,Original idea4 lineage; exact indexed run selection; original file copied unchanged,,,,
A0076,run_config,SC-FAC,800,24,3,1000,777,full,/Users/zhouzhou/Downloads/KWallet_Organized/02_完整研究资料/04_ActorCritic与SCFAC研究/ac/results/conditional_factorized_ac/runs/conditional_factorized_ac_trainMIX12_EQ_C800_k24_T1000_F3_seed777_condE32_condH256/20260520_031048_321526/run_config.json,metadata/runs/conditional_factorized_ac/conditional_factorized_ac_trainMIX12_EQ_C800_k24_T1000_F3_seed777_condE32_condH256/20260520_031048_321526/run_config.json,2848,fd8b983086040bee6780e5ccebb8d3490cdf6b2f5c33e9aed4550ebab8f3d5e4,20260520_031048_321526,Original idea4 lineage; exact indexed run selection; original file copied unchanged,,,,
A0077,result_metadata,SC-FAC,800,24,3,1000,777,full,/Users/zhouzhou/Downloads/KWallet_Organized/02_完整研究资料/04_ActorCritic与SCFAC研究/ac/results/conditional_factorized_ac/runs/conditional_factorized_ac_trainMIX12_EQ_C800_k24_T1000_F3_seed777_condE32_condH256/20260520_031048_321526/cross_regime_results.json,metadata/runs/conditional_factorized_ac/conditional_factorized_ac_trainMIX12_EQ_C800_k24_T1000_F3_seed777_condE32_condH256/20260520_031048_321526/cross_regime_results.json,50083,4a6661779842ae287ecdb394abb154c0c338fe67ddbfb0b81ddccd7e6a2f5183,20260520_031048_321526,Original idea4 lineage; exact indexed run selection; original file copied unchanged,,,,
A0078,training_history,SC-FAC,800,24,3,1000,777,full,/Users/zhouzhou/Downloads/KWallet_Organized/02_完整研究资料/04_ActorCritic与SCFAC研究/ac/results/conditional_factorized_ac/runs/conditional_factorized_ac_trainMIX12_EQ_C800_k24_T1000_F3_seed777_condE32_condH256/20260520_031048_321526/training_history.json,metadata/runs/conditional_factorized_ac/conditional_factorized_ac_trainMIX12_EQ_C800_k24_T1000_F3_seed777_condE32_condH256/20260520_031048_321526/training_history.json,1557013,c4ea83e56a64c96679001834ed9b70bec43fe8d018f232d7efdc0af7d82a5388,20260520_031048_321526,Original idea4 lineage; exact indexed run selection; original file copied unchanged,,,,
A0079,validation_history,SC-FAC,800,24,3,1000,777,full,/Users/zhouzhou/Downloads/KWallet_Organized/02_完整研究资料/04_ActorCritic与SCFAC研究/ac/results/conditional_factorized_ac/runs/conditional_factorized_ac_trainMIX12_EQ_C800_k24_T1000_F3_seed777_condE32_condH256/20260520_031048_321526/validation_history.json,metadata/runs/conditional_factorized_ac/conditional_factorized_ac_trainMIX12_EQ_C800_k24_T1000_F3_seed777_condE32_condH256/20260520_031048_321526/validation_history.json,7503,a4c2871c30085ab9054ddebc9b57257afeaecedf95c32d63af7198a1807ca0fa,20260520_031048_321526,Original idea4 lineage; exact indexed run selection; original file copied unchanged,,,,
A0080,best_checkpoint,SC-FAC,800,24,3,1000,999,full,/Users/zhouzhou/Downloads/KWallet_Organized/02_完整研究资料/04_ActorCritic与SCFAC研究/ac/results/conditional_factorized_ac/checkpoints/conditional_factorized_ac_trainMIX12_EQ_C800_k24_T1000_F3_seed999_condE32_condH256/20260520_033226_542926/best_model.pth,checkpoints/conditional_factorized_ac/conditional_factorized_ac_trainMIX12_EQ_C800_k24_T1000_F3_seed999_condE32_condH256/20260520_033226_542926/best_model.pth,316469,5fa2cc934a0ae928ccd3f8d95602b939e398b282f86c981ce7f1eb3535e2998a,20260520_033226_542926,Original idea4 lineage; exact indexed run selection; canonical Downloads bytes match recovered archive SHA-256,,,,
A0081,run_info,SC-FAC,800,24,3,1000,999,full,/Users/zhouzhou/Downloads/KWallet_Organized/02_完整研究资料/04_ActorCritic与SCFAC研究/ac/results/conditional_factorized_ac/runs/conditional_factorized_ac_trainMIX12_EQ_C800_k24_T1000_F3_seed999_condE32_condH256/20260520_033226_542926/run_info.json,metadata/runs/conditional_factorized_ac/conditional_factorized_ac_trainMIX12_EQ_C800_k24_T1000_F3_seed999_condE32_condH256/20260520_033226_542926/run_info.json,11697,db8432852dfe9cbd9bf39ae68abcadc81ce1efc154f0216fbafa1e5143ea4e4d,20260520_033226_542926,Original idea4 lineage; exact indexed run selection; original file copied unchanged,,,,
A0082,run_config,SC-FAC,800,24,3,1000,999,full,/Users/zhouzhou/Downloads/KWallet_Organized/02_完整研究资料/04_ActorCritic与SCFAC研究/ac/results/conditional_factorized_ac/runs/conditional_factorized_ac_trainMIX12_EQ_C800_k24_T1000_F3_seed999_condE32_condH256/20260520_033226_542926/run_config.json,metadata/runs/conditional_factorized_ac/conditional_factorized_ac_trainMIX12_EQ_C800_k24_T1000_F3_seed999_condE32_condH256/20260520_033226_542926/run_config.json,2848,6864c70452884e374d99426c28c319fa581ad55f21bd9f2ec6dfe9742c043950,20260520_033226_542926,Original idea4 lineage; exact indexed run selection; original file copied unchanged,,,,
A0083,result_metadata,SC-FAC,800,24,3,1000,999,full,/Users/zhouzhou/Downloads/KWallet_Organized/02_完整研究资料/04_ActorCritic与SCFAC研究/ac/results/conditional_factorized_ac/runs/conditional_factorized_ac_trainMIX12_EQ_C800_k24_T1000_F3_seed999_condE32_condH256/20260520_033226_542926/cross_regime_results.json,metadata/runs/conditional_factorized_ac/conditional_factorized_ac_trainMIX12_EQ_C800_k24_T1000_F3_seed999_condE32_condH256/20260520_033226_542926/cross_regime_results.json,50129,2e02735889f6210d907ca375f49949186052c961b6560b93cb3b20e4fd204ecb,20260520_033226_542926,Original idea4 lineage; exact indexed run selection; original file copied unchanged,,,,
A0084,training_history,SC-FAC,800,24,3,1000,999,full,/Users/zhouzhou/Downloads/KWallet_Organized/02_完整研究资料/04_ActorCritic与SCFAC研究/ac/results/conditional_factorized_ac/runs/conditional_factorized_ac_trainMIX12_EQ_C800_k24_T1000_F3_seed999_condE32_condH256/20260520_033226_542926/training_history.json,metadata/runs/conditional_factorized_ac/conditional_factorized_ac_trainMIX12_EQ_C800_k24_T1000_F3_seed999_condE32_condH256/20260520_033226_542926/training_history.json,1555996,30631589f97f3063b182fe1d2127ccdd4f761bd3f16106214610c7bcf3a51e7f,20260520_033226_542926,Original idea4 lineage; exact indexed run selection; original file copied unchanged,,,,
A0085,validation_history,SC-FAC,800,24,3,1000,999,full,/Users/zhouzhou/Downloads/KWallet_Organized/02_完整研究资料/04_ActorCritic与SCFAC研究/ac/results/conditional_factorized_ac/runs/conditional_factorized_ac_trainMIX12_EQ_C800_k24_T1000_F3_seed999_condE32_condH256/20260520_033226_542926/validation_history.json,metadata/runs/conditional_factorized_ac/conditional_factorized_ac_trainMIX12_EQ_C800_k24_T1000_F3_seed999_condE32_condH256/20260520_033226_542926/validation_history.json,7545,1ecbf99b574351e02a82ff16dc09093de7428521bdd5a74cd71970b70970aabf,20260520_033226_542926,Original idea4 lineage; exact indexed run selection; original file copied unchanged,,,,
A0086,best_checkpoint,JA-PPO,1200,24,3,1000,123,not_applicable,/Users/zhouzhou/Downloads/KWallet_Organized/02_完整研究资料/04_ActorCritic与SCFAC研究/ac/results/basic_ppo/checkpoints/basic_ppo_trainMIX12_EQ_C1200_k24_T1000_F3_seed123/20260519_024159_789634/best_model.pth,checkpoints/basic_ppo/basic_ppo_trainMIX12_EQ_C1200_k24_T1000_F3_seed123/20260519_024159_789634/best_model.pth,430967,ccce13c42a33b68f55d05a3bfe17c0751d736c1f9df81d810f9bf019eeff6ce2,20260519_024159_789634,Original idea4 lineage; exact indexed run selection; canonical Downloads bytes match recovered archive SHA-256,,,,
A0087,run_info,JA-PPO,1200,24,3,1000,123,not_applicable,/Users/zhouzhou/Downloads/KWallet_Organized/02_完整研究资料/04_ActorCritic与SCFAC研究/ac/results/basic_ppo/runs/basic_ppo_trainMIX12_EQ_C1200_k24_T1000_F3_seed123/20260519_024159_789634/run_info.json,metadata/runs/basic_ppo/basic_ppo_trainMIX12_EQ_C1200_k24_T1000_F3_seed123/20260519_024159_789634/run_info.json,10473,4fbb544cedc5970871a42845e442317c81ea5e34f89088bcd6280b0e8266f874,20260519_024159_789634,Original idea4 lineage; exact indexed run selection; original file copied unchanged,,,,
A0088,run_config,JA-PPO,1200,24,3,1000,123,not_applicable,/Users/zhouzhou/Downloads/KWallet_Organized/02_完整研究资料/04_ActorCritic与SCFAC研究/ac/results/basic_ppo/runs/basic_ppo_trainMIX12_EQ_C1200_k24_T1000_F3_seed123/20260519_024159_789634/run_config.json,metadata/runs/basic_ppo/basic_ppo_trainMIX12_EQ_C1200_k24_T1000_F3_seed123/20260519_024159_789634/run_config.json,2369,38257f4100788606f68a229797dc6bec6239ef9e4e5c2146a1ff776a5ef120cc,20260519_024159_789634,Original idea4 lineage; exact indexed run selection; original file copied unchanged,,,,
A0089,result_metadata,JA-PPO,1200,24,3,1000,123,not_applicable,/Users/zhouzhou/Downloads/KWallet_Organized/02_完整研究资料/04_ActorCritic与SCFAC研究/ac/results/basic_ppo/runs/basic_ppo_trainMIX12_EQ_C1200_k24_T1000_F3_seed123/20260519_024159_789634/cross_regime_results.json,metadata/runs/basic_ppo/basic_ppo_trainMIX12_EQ_C1200_k24_T1000_F3_seed123/20260519_024159_789634/cross_regime_results.json,42821,e1499fd1e69fc836729cffabd38fa1e5aefb40c170fddcd55d5da906cf81fb37,20260519_024159_789634,Original idea4 lineage; exact indexed run selection; original file copied unchanged,,,,
A0090,training_history,JA-PPO,1200,24,3,1000,123,not_applicable,/Users/zhouzhou/Downloads/KWallet_Organized/02_完整研究资料/04_ActorCritic与SCFAC研究/ac/results/basic_ppo/runs/basic_ppo_trainMIX12_EQ_C1200_k24_T1000_F3_seed123/20260519_024159_789634/training_history.json,metadata/runs/basic_ppo/basic_ppo_trainMIX12_EQ_C1200_k24_T1000_F3_seed123/20260519_024159_789634/training_history.json,1250545,0fd0c8d12653241c4670334689636698287338c6563c6a825fd31ce31838a85d,20260519_024159_789634,Original idea4 lineage; exact indexed run selection; original file copied unchanged,,,,
A0091,validation_history,JA-PPO,1200,24,3,1000,123,not_applicable,/Users/zhouzhou/Downloads/KWallet_Organized/02_完整研究资料/04_ActorCritic与SCFAC研究/ac/results/basic_ppo/runs/basic_ppo_trainMIX12_EQ_C1200_k24_T1000_F3_seed123/20260519_024159_789634/validation_history.json,metadata/runs/basic_ppo/basic_ppo_trainMIX12_EQ_C1200_k24_T1000_F3_seed123/20260519_024159_789634/validation_history.json,7105,d32bb3071e17ef75b6c5015538cfde58115a85f8f804a2fd6d20cc99459654f1,20260519_024159_789634,Original idea4 lineage; exact indexed run selection; original file copied unchanged,,,,
A0092,best_checkpoint,JA-PPO,1200,24,3,1000,323,not_applicable,/Users/zhouzhou/Downloads/KWallet_Organized/02_完整研究资料/04_ActorCritic与SCFAC研究/ac/results/basic_ppo/checkpoints/basic_ppo_trainMIX12_EQ_C1200_k24_T1000_F3_seed323/20260519_031121_041920/best_model.pth,checkpoints/basic_ppo/basic_ppo_trainMIX12_EQ_C1200_k24_T1000_F3_seed323/20260519_031121_041920/best_model.pth,430967,6eb850d8a02012e4b67baf3352b9ba0f055b253e27b816e0d3f13b9720a44f43,20260519_031121_041920,Original idea4 lineage; exact indexed run selection; canonical Downloads bytes match recovered archive SHA-256,,,,
A0093,run_info,JA-PPO,1200,24,3,1000,323,not_applicable,/Users/zhouzhou/Downloads/KWallet_Organized/02_完整研究资料/04_ActorCritic与SCFAC研究/ac/results/basic_ppo/runs/basic_ppo_trainMIX12_EQ_C1200_k24_T1000_F3_seed323/20260519_031121_041920/run_info.json,metadata/runs/basic_ppo/basic_ppo_trainMIX12_EQ_C1200_k24_T1000_F3_seed323/20260519_031121_041920/run_info.json,10473,9718ea30a988094479f9fca02f5bc06c5324ccbca0bce491ec3740b7ec2540a1,20260519_031121_041920,Original idea4 lineage; exact indexed run selection; original file copied unchanged,,,,
A0094,run_config,JA-PPO,1200,24,3,1000,323,not_applicable,/Users/zhouzhou/Downloads/KWallet_Organized/02_完整研究资料/04_ActorCritic与SCFAC研究/ac/results/basic_ppo/runs/basic_ppo_trainMIX12_EQ_C1200_k24_T1000_F3_seed323/20260519_031121_041920/run_config.json,metadata/runs/basic_ppo/basic_ppo_trainMIX12_EQ_C1200_k24_T1000_F3_seed323/20260519_031121_041920/run_config.json,2369,1622dfa0f467ae394fec656b4abf8e165fb5ce5e38ea60b71da6d05cf24f8a21,20260519_031121_041920,Original idea4 lineage; exact indexed run selection; original file copied unchanged,,,,
A0095,result_metadata,JA-PPO,1200,24,3,1000,323,not_applicable,/Users/zhouzhou/Downloads/KWallet_Organized/02_完整研究资料/04_ActorCritic与SCFAC研究/ac/results/basic_ppo/runs/basic_ppo_trainMIX12_EQ_C1200_k24_T1000_F3_seed323/20260519_031121_041920/cross_regime_results.json,metadata/runs/basic_ppo/basic_ppo_trainMIX12_EQ_C1200_k24_T1000_F3_seed323/20260519_031121_041920/cross_regime_results.json,42895,1e1a56c8e25f91fec6914419b09e09a6389d4fd007759f85057e1ce0cf68eafb,20260519_031121_041920,Original idea4 lineage; exact indexed run selection; original file copied unchanged,,,,
A0096,training_history,JA-PPO,1200,24,3,1000,323,not_applicable,/Users/zhouzhou/Downloads/KWallet_Organized/02_完整研究资料/04_ActorCritic与SCFAC研究/ac/results/basic_ppo/runs/basic_ppo_trainMIX12_EQ_C1200_k24_T1000_F3_seed323/20260519_031121_041920/training_history.json,metadata/runs/basic_ppo/basic_ppo_trainMIX12_EQ_C1200_k24_T1000_F3_seed323/20260519_031121_041920/training_history.json,1250916,6611869305760b9aa05668575f60ea2682fda1af157a21c427ad2307954d10ec,20260519_031121_041920,Original idea4 lineage; exact indexed run selection; original file copied unchanged,,,,
A0097,validation_history,JA-PPO,1200,24,3,1000,323,not_applicable,/Users/zhouzhou/Downloads/KWallet_Organized/02_完整研究资料/04_ActorCritic与SCFAC研究/ac/results/basic_ppo/runs/basic_ppo_trainMIX12_EQ_C1200_k24_T1000_F3_seed323/20260519_031121_041920/validation_history.json,metadata/runs/basic_ppo/basic_ppo_trainMIX12_EQ_C1200_k24_T1000_F3_seed323/20260519_031121_041920/validation_history.json,7105,605352cfdbe4188d6aff020937cf8aa01702ddd18119f50f539ea96da4b07e9b,20260519_031121_041920,Original idea4 lineage; exact indexed run selection; original file copied unchanged,,,,
A0098,best_checkpoint,JA-PPO,1200,24,3,1000,532,not_applicable,/Users/zhouzhou/Downloads/KWallet_Organized/02_完整研究资料/04_ActorCritic与SCFAC研究/ac/results/basic_ppo/checkpoints/basic_ppo_trainMIX12_EQ_C1200_k24_T1000_F3_seed532/20260519_034047_345279/best_model.pth,checkpoints/basic_ppo/basic_ppo_trainMIX12_EQ_C1200_k24_T1000_F3_seed532/20260519_034047_345279/best_model.pth,430967,c415f1b5e3437abf9bcf96987a527c9891480a977008422e56f50ae065204aca,20260519_034047_345279,Original idea4 lineage; exact indexed run selection; canonical Downloads bytes match recovered archive SHA-256,,,,
A0099,run_info,JA-PPO,1200,24,3,1000,532,not_applicable,/Users/zhouzhou/Downloads/KWallet_Organized/02_完整研究资料/04_ActorCritic与SCFAC研究/ac/results/basic_ppo/runs/basic_ppo_trainMIX12_EQ_C1200_k24_T1000_F3_seed532/20260519_034047_345279/run_info.json,metadata/runs/basic_ppo/basic_ppo_trainMIX12_EQ_C1200_k24_T1000_F3_seed532/20260519_034047_345279/run_info.json,10473,092183654d0e199b6bd8a2ce251a9085e503d928a5448b14088cef3224eda64d,20260519_034047_345279,Original idea4 lineage; exact indexed run selection; original file copied unchanged,,,,
A0100,run_config,JA-PPO,1200,24,3,1000,532,not_applicable,/Users/zhouzhou/Downloads/KWallet_Organized/02_完整研究资料/04_ActorCritic与SCFAC研究/ac/results/basic_ppo/runs/basic_ppo_trainMIX12_EQ_C1200_k24_T1000_F3_seed532/20260519_034047_345279/run_config.json,metadata/runs/basic_ppo/basic_ppo_trainMIX12_EQ_C1200_k24_T1000_F3_seed532/20260519_034047_345279/run_config.json,2369,f4d1e4888f52665395df6299adf6c5b9d4358e2cc1e6c76579c2a69eaae21eb3,20260519_034047_345279,Original idea4 lineage; exact indexed run selection; original file copied unchanged,,,,
A0101,result_metadata,JA-PPO,1200,24,3,1000,532,not_applicable,/Users/zhouzhou/Downloads/KWallet_Organized/02_完整研究资料/04_ActorCritic与SCFAC研究/ac/results/basic_ppo/runs/basic_ppo_trainMIX12_EQ_C1200_k24_T1000_F3_seed532/20260519_034047_345279/cross_regime_results.json,metadata/runs/basic_ppo/basic_ppo_trainMIX12_EQ_C1200_k24_T1000_F3_seed532/20260519_034047_345279/cross_regime_results.json,42780,ad81a2a9c4b3b693b5dd729beea1515c7f286ad92ee6b375beb788a705b505f9,20260519_034047_345279,Original idea4 lineage; exact indexed run selection; original file copied unchanged,,,,
A0102,training_history,JA-PPO,1200,24,3,1000,532,not_applicable,/Users/zhouzhou/Downloads/KWallet_Organized/02_完整研究资料/04_ActorCritic与SCFAC研究/ac/results/basic_ppo/runs/basic_ppo_trainMIX12_EQ_C1200_k24_T1000_F3_seed532/20260519_034047_345279/training_history.json,metadata/runs/basic_ppo/basic_ppo_trainMIX12_EQ_C1200_k24_T1000_F3_seed532/20260519_034047_345279/training_history.json,1251877,ae902eb6aa177042424496dde33ae0d8784bdaa90fb61d116e56a68d7527bc48,20260519_034047_345279,Original idea4 lineage; exact indexed run selection; original file copied unchanged,,,,
A0103,validation_history,JA-PPO,1200,24,3,1000,532,not_applicable,/Users/zhouzhou/Downloads/KWallet_Organized/02_完整研究资料/04_ActorCritic与SCFAC研究/ac/results/basic_ppo/runs/basic_ppo_trainMIX12_EQ_C1200_k24_T1000_F3_seed532/20260519_034047_345279/validation_history.json,metadata/runs/basic_ppo/basic_ppo_trainMIX12_EQ_C1200_k24_T1000_F3_seed532/20260519_034047_345279/validation_history.json,7092,1519cb738b109b7527f7893b7acea5efb4214dea69f435283faa2389a6cf75aa,20260519_034047_345279,Original idea4 lineage; exact indexed run selection; original file copied unchanged,,,,
A0104,best_checkpoint,JA-PPO,1200,24,3,1000,777,not_applicable,/Users/zhouzhou/Downloads/KWallet_Organized/02_完整研究资料/04_ActorCritic与SCFAC研究/ac/results/basic_ppo/checkpoints/basic_ppo_trainMIX12_EQ_C1200_k24_T1000_F3_seed777/20260519_041041_286454/best_model.pth,checkpoints/basic_ppo/basic_ppo_trainMIX12_EQ_C1200_k24_T1000_F3_seed777/20260519_041041_286454/best_model.pth,430967,ba91e2e556afdcd4d9cb197db8d20bec4487bd6c0c6bf14072cfecf4b94559e1,20260519_041041_286454,Original idea4 lineage; exact indexed run selection; canonical Downloads bytes match recovered archive SHA-256,,,,
A0105,run_info,JA-PPO,1200,24,3,1000,777,not_applicable,/Users/zhouzhou/Downloads/KWallet_Organized/02_完整研究资料/04_ActorCritic与SCFAC研究/ac/results/basic_ppo/runs/basic_ppo_trainMIX12_EQ_C1200_k24_T1000_F3_seed777/20260519_041041_286454/run_info.json,metadata/runs/basic_ppo/basic_ppo_trainMIX12_EQ_C1200_k24_T1000_F3_seed777/20260519_041041_286454/run_info.json,10473,e6e6e41a66cec5080796df99b67534b848249cf3560efb43165a1bd067c0d067,20260519_041041_286454,Original idea4 lineage; exact indexed run selection; original file copied unchanged,,,,
A0106,run_config,JA-PPO,1200,24,3,1000,777,not_applicable,/Users/zhouzhou/Downloads/KWallet_Organized/02_完整研究资料/04_ActorCritic与SCFAC研究/ac/results/basic_ppo/runs/basic_ppo_trainMIX12_EQ_C1200_k24_T1000_F3_seed777/20260519_041041_286454/run_config.json,metadata/runs/basic_ppo/basic_ppo_trainMIX12_EQ_C1200_k24_T1000_F3_seed777/20260519_041041_286454/run_config.json,2369,c5ce26549bbd025fdb104c55dfe5959ac53692042f7f7e95510a3ff64153134e,20260519_041041_286454,Original idea4 lineage; exact indexed run selection; original file copied unchanged,,,,
A0107,result_metadata,JA-PPO,1200,24,3,1000,777,not_applicable,/Users/zhouzhou/Downloads/KWallet_Organized/02_完整研究资料/04_ActorCritic与SCFAC研究/ac/results/basic_ppo/runs/basic_ppo_trainMIX12_EQ_C1200_k24_T1000_F3_seed777/20260519_041041_286454/cross_regime_results.json,metadata/runs/basic_ppo/basic_ppo_trainMIX12_EQ_C1200_k24_T1000_F3_seed777/20260519_041041_286454/cross_regime_results.json,42914,e55e9ba32f74e17161f09e3cdaf1649fe7b1302bd901cb64fefb5282d9c4afd4,20260519_041041_286454,Original idea4 lineage; exact indexed run selection; original file copied unchanged,,,,
A0108,training_history,JA-PPO,1200,24,3,1000,777,not_applicable,/Users/zhouzhou/Downloads/KWallet_Organized/02_完整研究资料/04_ActorCritic与SCFAC研究/ac/results/basic_ppo/runs/basic_ppo_trainMIX12_EQ_C1200_k24_T1000_F3_seed777/20260519_041041_286454/training_history.json,metadata/runs/basic_ppo/basic_ppo_trainMIX12_EQ_C1200_k24_T1000_F3_seed777/20260519_041041_286454/training_history.json,1250833,efad6d733f715ebbb106d9504a2d91792b4e7b5c4732afd86d70b813d0366e45,20260519_041041_286454,Original idea4 lineage; exact indexed run selection; original file copied unchanged,,,,
A0109,validation_history,JA-PPO,1200,24,3,1000,777,not_applicable,/Users/zhouzhou/Downloads/KWallet_Organized/02_完整研究资料/04_ActorCritic与SCFAC研究/ac/results/basic_ppo/runs/basic_ppo_trainMIX12_EQ_C1200_k24_T1000_F3_seed777/20260519_041041_286454/validation_history.json,metadata/runs/basic_ppo/basic_ppo_trainMIX12_EQ_C1200_k24_T1000_F3_seed777/20260519_041041_286454/validation_history.json,7121,c1a88cbf0368743184b8273413154a91d946182d94cfb210a90914cc70eac3c8,20260519_041041_286454,Original idea4 lineage; exact indexed run selection; original file copied unchanged,,,,
A0110,best_checkpoint,JA-PPO,1200,24,3,1000,999,not_applicable,/Users/zhouzhou/Downloads/KWallet_Organized/02_完整研究资料/04_ActorCritic与SCFAC研究/ac/results/basic_ppo/checkpoints/basic_ppo_trainMIX12_EQ_C1200_k24_T1000_F3_seed999/20260519_044006_987162/best_model.pth,checkpoints/basic_ppo/basic_ppo_trainMIX12_EQ_C1200_k24_T1000_F3_seed999/20260519_044006_987162/best_model.pth,430967,e6dbaa4acbb1f81e7febe88431be11613b3154d72dc92b88f54f1fb3e6b5f524,20260519_044006_987162,Original idea4 lineage; exact indexed run selection; canonical Downloads bytes match recovered archive SHA-256,,,,
A0111,run_info,JA-PPO,1200,24,3,1000,999,not_applicable,/Users/zhouzhou/Downloads/KWallet_Organized/02_完整研究资料/04_ActorCritic与SCFAC研究/ac/results/basic_ppo/runs/basic_ppo_trainMIX12_EQ_C1200_k24_T1000_F3_seed999/20260519_044006_987162/run_info.json,metadata/runs/basic_ppo/basic_ppo_trainMIX12_EQ_C1200_k24_T1000_F3_seed999/20260519_044006_987162/run_info.json,10473,47d79e87d1cca69196e0251bd749fb57cd19848e2819a1b1294d9c073fd505c6,20260519_044006_987162,Original idea4 lineage; exact indexed run selection; original file copied unchanged,,,,
A0112,run_config,JA-PPO,1200,24,3,1000,999,not_applicable,/Users/zhouzhou/Downloads/KWallet_Organized/02_完整研究资料/04_ActorCritic与SCFAC研究/ac/results/basic_ppo/runs/basic_ppo_trainMIX12_EQ_C1200_k24_T1000_F3_seed999/20260519_044006_987162/run_config.json,metadata/runs/basic_ppo/basic_ppo_trainMIX12_EQ_C1200_k24_T1000_F3_seed999/20260519_044006_987162/run_config.json,2369,a00f55074a6020d4613e2c7211d9ec0bad3b8271114ac841b28155634c6549f2,20260519_044006_987162,Original idea4 lineage; exact indexed run selection; original file copied unchanged,,,,
A0113,result_metadata,JA-PPO,1200,24,3,1000,999,not_applicable,/Users/zhouzhou/Downloads/KWallet_Organized/02_完整研究资料/04_ActorCritic与SCFAC研究/ac/results/basic_ppo/runs/basic_ppo_trainMIX12_EQ_C1200_k24_T1000_F3_seed999/20260519_044006_987162/cross_regime_results.json,metadata/runs/basic_ppo/basic_ppo_trainMIX12_EQ_C1200_k24_T1000_F3_seed999/20260519_044006_987162/cross_regime_results.json,42886,df811850a08ab30b494a8bdbfc84f6e027ba0d087dd4c029c127f5a948aacef7,20260519_044006_987162,Original idea4 lineage; exact indexed run selection; original file copied unchanged,,,,
A0114,training_history,JA-PPO,1200,24,3,1000,999,not_applicable,/Users/zhouzhou/Downloads/KWallet_Organized/02_完整研究资料/04_ActorCritic与SCFAC研究/ac/results/basic_ppo/runs/basic_ppo_trainMIX12_EQ_C1200_k24_T1000_F3_seed999/20260519_044006_987162/training_history.json,metadata/runs/basic_ppo/basic_ppo_trainMIX12_EQ_C1200_k24_T1000_F3_seed999/20260519_044006_987162/training_history.json,1248322,6f00211dade3137dbfbd33246613fea2f7fa950f25088968f757cd11111db21e,20260519_044006_987162,Original idea4 lineage; exact indexed run selection; original file copied unchanged,,,,
A0115,validation_history,JA-PPO,1200,24,3,1000,999,not_applicable,/Users/zhouzhou/Downloads/KWallet_Organized/02_完整研究资料/04_ActorCritic与SCFAC研究/ac/results/basic_ppo/runs/basic_ppo_trainMIX12_EQ_C1200_k24_T1000_F3_seed999/20260519_044006_987162/validation_history.json,metadata/runs/basic_ppo/basic_ppo_trainMIX12_EQ_C1200_k24_T1000_F3_seed999/20260519_044006_987162/validation_history.json,7022,bde4d477c555b7a73f79407508659543068f484458ef4a9585351a372ee96cba,20260519_044006_987162,Original idea4 lineage; exact indexed run selection; original file copied unchanged,,,,
A0116,best_checkpoint,IFAC,1200,24,3,1000,123,not_applicable,/Users/zhouzhou/Downloads/KWallet_Organized/02_完整研究资料/04_ActorCritic与SCFAC研究/ac/results/factorized_ac/checkpoints/factorized_ac_trainMIX12_EQ_C1200_k24_T1000_F3_seed123/20260519_025420_675991/best_model.pth,checkpoints/factorized_ac/factorized_ac_trainMIX12_EQ_C1200_k24_T1000_F3_seed123/20260519_025420_675991/best_model.pth,134709,8d2536f3f4d956062800fb4ca6ce96fd9d1ff1f395403b0ed4d4ad5ba47211c6,20260519_025420_675991,Original idea4 lineage; exact indexed run selection; canonical Downloads bytes match recovered archive SHA-256,,,,
A0117,run_info,IFAC,1200,24,3,1000,123,not_applicable,/Users/zhouzhou/Downloads/KWallet_Organized/02_完整研究资料/04_ActorCritic与SCFAC研究/ac/results/factorized_ac/runs/factorized_ac_trainMIX12_EQ_C1200_k24_T1000_F3_seed123/20260519_025420_675991/run_info.json,metadata/runs/factorized_ac/factorized_ac_trainMIX12_EQ_C1200_k24_T1000_F3_seed123/20260519_025420_675991/run_info.json,10506,90678e390e944587ec9c0a4b9a1530c23d84934f1efbdec6554bdd525ed247c0,20260519_025420_675991,Original idea4 lineage; exact indexed run selection; original file copied unchanged,,,,
A0118,result_metadata,IFAC,1200,24,3,1000,123,not_applicable,/Users/zhouzhou/Downloads/KWallet_Organized/02_完整研究资料/04_ActorCritic与SCFAC研究/ac/results/factorized_ac/runs/factorized_ac_trainMIX12_EQ_C1200_k24_T1000_F3_seed123/20260519_025420_675991/cross_regime_results.json,metadata/runs/factorized_ac/factorized_ac_trainMIX12_EQ_C1200_k24_T1000_F3_seed123/20260519_025420_675991/cross_regime_results.json,42944,7b65585a337a2b6c51da7de886787ccd2d6654c2adb5fd37bf59fb75873f0f45,20260519_025420_675991,Original idea4 lineage; exact indexed run selection; original file copied unchanged,,,,
A0119,training_history,IFAC,1200,24,3,1000,123,not_applicable,/Users/zhouzhou/Downloads/KWallet_Organized/02_完整研究资料/04_ActorCritic与SCFAC研究/ac/results/factorized_ac/runs/factorized_ac_trainMIX12_EQ_C1200_k24_T1000_F3_seed123/20260519_025420_675991/training_history.json,metadata/runs/factorized_ac/factorized_ac_trainMIX12_EQ_C1200_k24_T1000_F3_seed123/20260519_025420_675991/training_history.json,1249772,d0ac4f4db8ae5c4acb0b8e2a0810d4d16ae1a0cccbab97eeaee7ebd5380a055a,20260519_025420_675991,Original idea4 lineage; exact indexed run selection; original file copied unchanged,,,,
A0120,validation_history,IFAC,1200,24,3,1000,123,not_applicable,/Users/zhouzhou/Downloads/KWallet_Organized/02_完整研究资料/04_ActorCritic与SCFAC研究/ac/results/factorized_ac/runs/factorized_ac_trainMIX12_EQ_C1200_k24_T1000_F3_seed123/20260519_025420_675991/validation_history.json,metadata/runs/factorized_ac/factorized_ac_trainMIX12_EQ_C1200_k24_T1000_F3_seed123/20260519_025420_675991/validation_history.json,7025,c8b719beeb7b504fb2aa7af14c3ad68f2410cc9c84f54b846d0b747593d6fd14,20260519_025420_675991,Original idea4 lineage; exact indexed run selection; original file copied unchanged,,,,
A0121,best_checkpoint,IFAC,1200,24,3,1000,323,not_applicable,/Users/zhouzhou/Downloads/KWallet_Organized/02_完整研究资料/04_ActorCritic与SCFAC研究/ac/results/factorized_ac/checkpoints/factorized_ac_trainMIX12_EQ_C1200_k24_T1000_F3_seed323/20260519_032345_740594/best_model.pth,checkpoints/factorized_ac/factorized_ac_trainMIX12_EQ_C1200_k24_T1000_F3_seed323/20260519_032345_740594/best_model.pth,134709,da8581dab8c4e34f2890e53acf55a7a40ed1b089836c1df693fb72a2a4ea46a9,20260519_032345_740594,Original idea4 lineage; exact indexed run selection; canonical Downloads bytes match recovered archive SHA-256,,,,
A0122,run_info,IFAC,1200,24,3,1000,323,not_applicable,/Users/zhouzhou/Downloads/KWallet_Organized/02_完整研究资料/04_ActorCritic与SCFAC研究/ac/results/factorized_ac/runs/factorized_ac_trainMIX12_EQ_C1200_k24_T1000_F3_seed323/20260519_032345_740594/run_info.json,metadata/runs/factorized_ac/factorized_ac_trainMIX12_EQ_C1200_k24_T1000_F3_seed323/20260519_032345_740594/run_info.json,10506,3a6e4635cf41693dfabe4dc0a02ba2c2bdd7ea98afa3a8f28c9328928988a9a9,20260519_032345_740594,Original idea4 lineage; exact indexed run selection; original file copied unchanged,,,,
A0123,result_metadata,IFAC,1200,24,3,1000,323,not_applicable,/Users/zhouzhou/Downloads/KWallet_Organized/02_完整研究资料/04_ActorCritic与SCFAC研究/ac/results/factorized_ac/runs/factorized_ac_trainMIX12_EQ_C1200_k24_T1000_F3_seed323/20260519_032345_740594/cross_regime_results.json,metadata/runs/factorized_ac/factorized_ac_trainMIX12_EQ_C1200_k24_T1000_F3_seed323/20260519_032345_740594/cross_regime_results.json,42915,01fdbbc40b00fc818cbb46dd6f2497adf96e1efdb716da929ef3c9b3ab2b8db7,20260519_032345_740594,Original idea4 lineage; exact indexed run selection; original file copied unchanged,,,,
A0124,training_history,IFAC,1200,24,3,1000,323,not_applicable,/Users/zhouzhou/Downloads/KWallet_Organized/02_完整研究资料/04_ActorCritic与SCFAC研究/ac/results/factorized_ac/runs/factorized_ac_trainMIX12_EQ_C1200_k24_T1000_F3_seed323/20260519_032345_740594/training_history.json,metadata/runs/factorized_ac/factorized_ac_trainMIX12_EQ_C1200_k24_T1000_F3_seed323/20260519_032345_740594/training_history.json,1251078,da9f70f97037aa57cce770546f78cae621de6c2c6725a29e5a0ff6774bdeecfc,20260519_032345_740594,Original idea4 lineage; exact indexed run selection; original file copied unchanged,,,,
A0125,validation_history,IFAC,1200,24,3,1000,323,not_applicable,/Users/zhouzhou/Downloads/KWallet_Organized/02_完整研究资料/04_ActorCritic与SCFAC研究/ac/results/factorized_ac/runs/factorized_ac_trainMIX12_EQ_C1200_k24_T1000_F3_seed323/20260519_032345_740594/validation_history.json,metadata/runs/factorized_ac/factorized_ac_trainMIX12_EQ_C1200_k24_T1000_F3_seed323/20260519_032345_740594/validation_history.json,6977,6613882c2599aac4df3ea54037ae74ba307d70001a0f29653efdfcaadd22720a,20260519_032345_740594,Original idea4 lineage; exact indexed run selection; original file copied unchanged,,,,
A0126,best_checkpoint,IFAC,1200,24,3,1000,532,not_applicable,/Users/zhouzhou/Downloads/KWallet_Organized/02_完整研究资料/04_ActorCritic与SCFAC研究/ac/results/factorized_ac/checkpoints/factorized_ac_trainMIX12_EQ_C1200_k24_T1000_F3_seed532/20260519_035315_785947/best_model.pth,checkpoints/factorized_ac/factorized_ac_trainMIX12_EQ_C1200_k24_T1000_F3_seed532/20260519_035315_785947/best_model.pth,134709,05337b6e91fa78df218c5816bc6aecc3ef0d0f9f9868e924892821e9f9f35488,20260519_035315_785947,Original idea4 lineage; exact indexed run selection; canonical Downloads bytes match recovered archive SHA-256,,,,
A0127,run_info,IFAC,1200,24,3,1000,532,not_applicable,/Users/zhouzhou/Downloads/KWallet_Organized/02_完整研究资料/04_ActorCritic与SCFAC研究/ac/results/factorized_ac/runs/factorized_ac_trainMIX12_EQ_C1200_k24_T1000_F3_seed532/20260519_035315_785947/run_info.json,metadata/runs/factorized_ac/factorized_ac_trainMIX12_EQ_C1200_k24_T1000_F3_seed532/20260519_035315_785947/run_info.json,10506,4cf65883a806d5265bc2fcc4c181849a231980a37b9441d996286e72cf3ef538,20260519_035315_785947,Original idea4 lineage; exact indexed run selection; original file copied unchanged,,,,
A0128,result_metadata,IFAC,1200,24,3,1000,532,not_applicable,/Users/zhouzhou/Downloads/KWallet_Organized/02_完整研究资料/04_ActorCritic与SCFAC研究/ac/results/factorized_ac/runs/factorized_ac_trainMIX12_EQ_C1200_k24_T1000_F3_seed532/20260519_035315_785947/cross_regime_results.json,metadata/runs/factorized_ac/factorized_ac_trainMIX12_EQ_C1200_k24_T1000_F3_seed532/20260519_035315_785947/cross_regime_results.json,42863,19f8ac7908e55c1e991eb7938ca6d86cdaa623b503cc35eada161a3a0fc56d2f,20260519_035315_785947,Original idea4 lineage; exact indexed run selection; original file copied unchanged,,,,
A0129,training_history,IFAC,1200,24,3,1000,532,not_applicable,/Users/zhouzhou/Downloads/KWallet_Organized/02_完整研究资料/04_ActorCritic与SCFAC研究/ac/results/factorized_ac/runs/factorized_ac_trainMIX12_EQ_C1200_k24_T1000_F3_seed532/20260519_035315_785947/training_history.json,metadata/runs/factorized_ac/factorized_ac_trainMIX12_EQ_C1200_k24_T1000_F3_seed532/20260519_035315_785947/training_history.json,1251831,b350ebf8196753d75444c0960b543595c0aeddfe2b6d0bef3c7e9cd22c55ab63,20260519_035315_785947,Original idea4 lineage; exact indexed run selection; original file copied unchanged,,,,
A0130,validation_history,IFAC,1200,24,3,1000,532,not_applicable,/Users/zhouzhou/Downloads/KWallet_Organized/02_完整研究资料/04_ActorCritic与SCFAC研究/ac/results/factorized_ac/runs/factorized_ac_trainMIX12_EQ_C1200_k24_T1000_F3_seed532/20260519_035315_785947/validation_history.json,metadata/runs/factorized_ac/factorized_ac_trainMIX12_EQ_C1200_k24_T1000_F3_seed532/20260519_035315_785947/validation_history.json,7091,2b6e6a10bdf14e7b8828acdfeb370e393e1424042b25be9e1326200260ac402b,20260519_035315_785947,Original idea4 lineage; exact indexed run selection; original file copied unchanged,,,,
A0131,best_checkpoint,IFAC,1200,24,3,1000,777,not_applicable,/Users/zhouzhou/Downloads/KWallet_Organized/02_完整研究资料/04_ActorCritic与SCFAC研究/ac/results/factorized_ac/checkpoints/factorized_ac_trainMIX12_EQ_C1200_k24_T1000_F3_seed777/20260519_042305_814867/best_model.pth,checkpoints/factorized_ac/factorized_ac_trainMIX12_EQ_C1200_k24_T1000_F3_seed777/20260519_042305_814867/best_model.pth,134709,0d9e9ad311b4788d019338ed55bc580c189ce49c2f047dc67838424bbead62a8,20260519_042305_814867,Original idea4 lineage; exact indexed run selection; canonical Downloads bytes match recovered archive SHA-256,,,,
A0132,run_info,IFAC,1200,24,3,1000,777,not_applicable,/Users/zhouzhou/Downloads/KWallet_Organized/02_完整研究资料/04_ActorCritic与SCFAC研究/ac/results/factorized_ac/runs/factorized_ac_trainMIX12_EQ_C1200_k24_T1000_F3_seed777/20260519_042305_814867/run_info.json,metadata/runs/factorized_ac/factorized_ac_trainMIX12_EQ_C1200_k24_T1000_F3_seed777/20260519_042305_814867/run_info.json,10506,0513d9c3d36ec46c0d0678d5904f07128ca8245bbaa47bc742da6bab267bbba9,20260519_042305_814867,Original idea4 lineage; exact indexed run selection; original file copied unchanged,,,,
A0133,result_metadata,IFAC,1200,24,3,1000,777,not_applicable,/Users/zhouzhou/Downloads/KWallet_Organized/02_完整研究资料/04_ActorCritic与SCFAC研究/ac/results/factorized_ac/runs/factorized_ac_trainMIX12_EQ_C1200_k24_T1000_F3_seed777/20260519_042305_814867/cross_regime_results.json,metadata/runs/factorized_ac/factorized_ac_trainMIX12_EQ_C1200_k24_T1000_F3_seed777/20260519_042305_814867/cross_regime_results.json,42946,d3d3a95a7343c0947dbcdc7247b84041f9e1bdf5f9360ac509708821ec152290,20260519_042305_814867,Original idea4 lineage; exact indexed run selection; original file copied unchanged,,,,
A0134,training_history,IFAC,1200,24,3,1000,777,not_applicable,/Users/zhouzhou/Downloads/KWallet_Organized/02_完整研究资料/04_ActorCritic与SCFAC研究/ac/results/factorized_ac/runs/factorized_ac_trainMIX12_EQ_C1200_k24_T1000_F3_seed777/20260519_042305_814867/training_history.json,metadata/runs/factorized_ac/factorized_ac_trainMIX12_EQ_C1200_k24_T1000_F3_seed777/20260519_042305_814867/training_history.json,1252094,5696c9b750638e6d20ba8d2e4104f4bd93846596dc5121aecf148ee468e3c986,20260519_042305_814867,Original idea4 lineage; exact indexed run selection; original file copied unchanged,,,,
A0135,validation_history,IFAC,1200,24,3,1000,777,not_applicable,/Users/zhouzhou/Downloads/KWallet_Organized/02_完整研究资料/04_ActorCritic与SCFAC研究/ac/results/factorized_ac/runs/factorized_ac_trainMIX12_EQ_C1200_k24_T1000_F3_seed777/20260519_042305_814867/validation_history.json,metadata/runs/factorized_ac/factorized_ac_trainMIX12_EQ_C1200_k24_T1000_F3_seed777/20260519_042305_814867/validation_history.json,7001,791c6511c7c75ad444be63bf7ff20eb3f270b93d38e1e00eff36ffc4b7d561f5,20260519_042305_814867,Original idea4 lineage; exact indexed run selection; original file copied unchanged,,,,
A0136,best_checkpoint,IFAC,1200,24,3,1000,999,not_applicable,/Users/zhouzhou/Downloads/KWallet_Organized/02_完整研究资料/04_ActorCritic与SCFAC研究/ac/results/factorized_ac/checkpoints/factorized_ac_trainMIX12_EQ_C1200_k24_T1000_F3_seed999/20260519_045231_365773/best_model.pth,checkpoints/factorized_ac/factorized_ac_trainMIX12_EQ_C1200_k24_T1000_F3_seed999/20260519_045231_365773/best_model.pth,134709,5903e275ec7f85e214cef8ccb5747b152e5f40aa4aecba7d0f9d1ffdb292835b,20260519_045231_365773,Original idea4 lineage; exact indexed run selection; canonical Downloads bytes match recovered archive SHA-256,,,,
A0137,run_info,IFAC,1200,24,3,1000,999,not_applicable,/Users/zhouzhou/Downloads/KWallet_Organized/02_完整研究资料/04_ActorCritic与SCFAC研究/ac/results/factorized_ac/runs/factorized_ac_trainMIX12_EQ_C1200_k24_T1000_F3_seed999/20260519_045231_365773/run_info.json,metadata/runs/factorized_ac/factorized_ac_trainMIX12_EQ_C1200_k24_T1000_F3_seed999/20260519_045231_365773/run_info.json,10506,c3bebb260c200f52996c8022e8c5832945892af7e67504118ab405f382e815ef,20260519_045231_365773,Original idea4 lineage; exact indexed run selection; original file copied unchanged,,,,
A0138,result_metadata,IFAC,1200,24,3,1000,999,not_applicable,/Users/zhouzhou/Downloads/KWallet_Organized/02_完整研究资料/04_ActorCritic与SCFAC研究/ac/results/factorized_ac/runs/factorized_ac_trainMIX12_EQ_C1200_k24_T1000_F3_seed999/20260519_045231_365773/cross_regime_results.json,metadata/runs/factorized_ac/factorized_ac_trainMIX12_EQ_C1200_k24_T1000_F3_seed999/20260519_045231_365773/cross_regime_results.json,43022,b3ec842ea2f6406270841f1916d8bfcfc44be2bf6575b689fbabd6059df05fae,20260519_045231_365773,Original idea4 lineage; exact indexed run selection; original file copied unchanged,,,,
A0139,training_history,IFAC,1200,24,3,1000,999,not_applicable,/Users/zhouzhou/Downloads/KWallet_Organized/02_完整研究资料/04_ActorCritic与SCFAC研究/ac/results/factorized_ac/runs/factorized_ac_trainMIX12_EQ_C1200_k24_T1000_F3_seed999/20260519_045231_365773/training_history.json,metadata/runs/factorized_ac/factorized_ac_trainMIX12_EQ_C1200_k24_T1000_F3_seed999/20260519_045231_365773/training_history.json,1252434,e9e07f1788cd86f9ff00573808eae4de443b7a130945b78f2df58f9aaf7138f9,20260519_045231_365773,Original idea4 lineage; exact indexed run selection; original file copied unchanged,,,,
A0140,validation_history,IFAC,1200,24,3,1000,999,not_applicable,/Users/zhouzhou/Downloads/KWallet_Organized/02_完整研究资料/04_ActorCritic与SCFAC研究/ac/results/factorized_ac/runs/factorized_ac_trainMIX12_EQ_C1200_k24_T1000_F3_seed999/20260519_045231_365773/validation_history.json,metadata/runs/factorized_ac/factorized_ac_trainMIX12_EQ_C1200_k24_T1000_F3_seed999/20260519_045231_365773/validation_history.json,7017,99c99ed35c14d5892ccf65976739fc3688d69d2e0a4a324dfbcde1db9ab3ede9,20260519_045231_365773,Original idea4 lineage; exact indexed run selection; original file copied unchanged,,,,
A0141,best_checkpoint,SC-FAC,1200,24,3,1000,123,full,/Users/zhouzhou/Downloads/KWallet_Organized/02_完整研究资料/04_ActorCritic与SCFAC研究/ac/results/conditional_factorized_ac/checkpoints/conditional_factorized_ac_trainMIX12_EQ_C1200_k24_T1000_F3_seed123_condE32_condH256/20260519_205531_968350/best_model.pth,checkpoints/conditional_factorized_ac/conditional_factorized_ac_trainMIX12_EQ_C1200_k24_T1000_F3_seed123_condE32_condH256/20260519_205531_968350/best_model.pth,316469,1cddad0e7db59a464e106e626eabc138c1b314b845d340d3f27cfafcdf1147de,20260519_205531_968350,Original idea4 lineage; exact indexed run selection; canonical Downloads bytes match recovered archive SHA-256,,,,
A0142,run_info,SC-FAC,1200,24,3,1000,123,full,/Users/zhouzhou/Downloads/KWallet_Organized/02_完整研究资料/04_ActorCritic与SCFAC研究/ac/results/conditional_factorized_ac/runs/conditional_factorized_ac_trainMIX12_EQ_C1200_k24_T1000_F3_seed123_condE32_condH256/20260519_205531_968350/run_info.json,metadata/runs/conditional_factorized_ac/conditional_factorized_ac_trainMIX12_EQ_C1200_k24_T1000_F3_seed123_condE32_condH256/20260519_205531_968350/run_info.json,11713,30605c127c2318a352d59e518d0090a2d14cc02097bd1ba08e026273585726f7,20260519_205531_968350,Original idea4 lineage; exact indexed run selection; original file copied unchanged,,,,
A0143,run_config,SC-FAC,1200,24,3,1000,123,full,/Users/zhouzhou/Downloads/KWallet_Organized/02_完整研究资料/04_ActorCritic与SCFAC研究/ac/results/conditional_factorized_ac/runs/conditional_factorized_ac_trainMIX12_EQ_C1200_k24_T1000_F3_seed123_condE32_condH256/20260519_205531_968350/run_config.json,metadata/runs/conditional_factorized_ac/conditional_factorized_ac_trainMIX12_EQ_C1200_k24_T1000_F3_seed123_condE32_condH256/20260519_205531_968350/run_config.json,2849,cee93ec10cc53f14b1aff5528b22d29e4c406c9d40977d916ffb8c1af71c7a10,20260519_205531_968350,Original idea4 lineage; exact indexed run selection; original file copied unchanged,,,,
A0144,result_metadata,SC-FAC,1200,24,3,1000,123,full,/Users/zhouzhou/Downloads/KWallet_Organized/02_完整研究资料/04_ActorCritic与SCFAC研究/ac/results/conditional_factorized_ac/runs/conditional_factorized_ac_trainMIX12_EQ_C1200_k24_T1000_F3_seed123_condE32_condH256/20260519_205531_968350/cross_regime_results.json,metadata/runs/conditional_factorized_ac/conditional_factorized_ac_trainMIX12_EQ_C1200_k24_T1000_F3_seed123_condE32_condH256/20260519_205531_968350/cross_regime_results.json,50443,426a8875366419dabb164fdd8516e33b3c72776afc3486fee74c66e59d329fff,20260519_205531_968350,Original idea4 lineage; exact indexed run selection; original file copied unchanged,,,,
A0145,training_history,SC-FAC,1200,24,3,1000,123,full,/Users/zhouzhou/Downloads/KWallet_Organized/02_完整研究资料/04_ActorCritic与SCFAC研究/ac/results/conditional_factorized_ac/runs/conditional_factorized_ac_trainMIX12_EQ_C1200_k24_T1000_F3_seed123_condE32_condH256/20260519_205531_968350/training_history.json,metadata/runs/conditional_factorized_ac/conditional_factorized_ac_trainMIX12_EQ_C1200_k24_T1000_F3_seed123_condE32_condH256/20260519_205531_968350/training_history.json,1559889,f882bb92f2cbd22d0537199e529cef6da54dc952c48d22e72edbf6b1a12f2582,20260519_205531_968350,Original idea4 lineage; exact indexed run selection; original file copied unchanged,,,,
A0146,validation_history,SC-FAC,1200,24,3,1000,123,full,/Users/zhouzhou/Downloads/KWallet_Organized/02_完整研究资料/04_ActorCritic与SCFAC研究/ac/results/conditional_factorized_ac/runs/conditional_factorized_ac_trainMIX12_EQ_C1200_k24_T1000_F3_seed123_condE32_condH256/20260519_205531_968350/validation_history.json,metadata/runs/conditional_factorized_ac/conditional_factorized_ac_trainMIX12_EQ_C1200_k24_T1000_F3_seed123_condE32_condH256/20260519_205531_968350/validation_history.json,7552,5b2dd4061ab7dd5458319613d6b14f789d8399001fa4503170384e87ab105fa1,20260519_205531_968350,Original idea4 lineage; exact indexed run selection; original file copied unchanged,,,,
A0147,best_checkpoint,SC-FAC,1200,24,3,1000,323,full,/Users/zhouzhou/Downloads/KWallet_Organized/02_完整研究资料/04_ActorCritic与SCFAC研究/ac/results/conditional_factorized_ac/checkpoints/conditional_factorized_ac_trainMIX12_EQ_C1200_k24_T1000_F3_seed323_condE32_condH256/20260520_081059_886585/best_model.pth,checkpoints/conditional_factorized_ac/conditional_factorized_ac_trainMIX12_EQ_C1200_k24_T1000_F3_seed323_condE32_condH256/20260520_081059_886585/best_model.pth,316469,043d81a604db9f17d0803798a32f23313f98719a185f08303d6a25b44931c004,20260520_081059_886585,Original idea4 lineage; exact indexed run selection; canonical Downloads bytes match recovered archive SHA-256,,,,
A0148,run_info,SC-FAC,1200,24,3,1000,323,full,/Users/zhouzhou/Downloads/KWallet_Organized/02_完整研究资料/04_ActorCritic与SCFAC研究/ac/results/conditional_factorized_ac/runs/conditional_factorized_ac_trainMIX12_EQ_C1200_k24_T1000_F3_seed323_condE32_condH256/20260520_081059_886585/run_info.json,metadata/runs/conditional_factorized_ac/conditional_factorized_ac_trainMIX12_EQ_C1200_k24_T1000_F3_seed323_condE32_condH256/20260520_081059_886585/run_info.json,11713,64bdafd5dfb21ff34be475fab43715236ab6e217102781383d69f4072f3247fd,20260520_081059_886585,Original idea4 lineage; exact indexed run selection; original file copied unchanged,,,,
A0149,run_config,SC-FAC,1200,24,3,1000,323,full,/Users/zhouzhou/Downloads/KWallet_Organized/02_完整研究资料/04_ActorCritic与SCFAC研究/ac/results/conditional_factorized_ac/runs/conditional_factorized_ac_trainMIX12_EQ_C1200_k24_T1000_F3_seed323_condE32_condH256/20260520_081059_886585/run_config.json,metadata/runs/conditional_factorized_ac/conditional_factorized_ac_trainMIX12_EQ_C1200_k24_T1000_F3_seed323_condE32_condH256/20260520_081059_886585/run_config.json,2849,81d4af46a3eb2fd6575e181eaff9fd3373e5e1c2f62035a1dbb795e07ab342c6,20260520_081059_886585,Original idea4 lineage; exact indexed run selection; original file copied unchanged,,,,
A0150,result_metadata,SC-FAC,1200,24,3,1000,323,full,/Users/zhouzhou/Downloads/KWallet_Organized/02_完整研究资料/04_ActorCritic与SCFAC研究/ac/results/conditional_factorized_ac/runs/conditional_factorized_ac_trainMIX12_EQ_C1200_k24_T1000_F3_seed323_condE32_condH256/20260520_081059_886585/cross_regime_results.json,metadata/runs/conditional_factorized_ac/conditional_factorized_ac_trainMIX12_EQ_C1200_k24_T1000_F3_seed323_condE32_condH256/20260520_081059_886585/cross_regime_results.json,50381,c156ca02d205f79aff82f65dbcb3d504cd1696a88c6c6204b43be8514f1cfce2,20260520_081059_886585,Original idea4 lineage; exact indexed run selection; original file copied unchanged,,,,
A0151,training_history,SC-FAC,1200,24,3,1000,323,full,/Users/zhouzhou/Downloads/KWallet_Organized/02_完整研究资料/04_ActorCritic与SCFAC研究/ac/results/conditional_factorized_ac/runs/conditional_factorized_ac_trainMIX12_EQ_C1200_k24_T1000_F3_seed323_condE32_condH256/20260520_081059_886585/training_history.json,metadata/runs/conditional_factorized_ac/conditional_factorized_ac_trainMIX12_EQ_C1200_k24_T1000_F3_seed323_condE32_condH256/20260520_081059_886585/training_history.json,1559677,0576b84b5b62d7b8d9a1db0e5a14778e583c171b035bb77bbf4b5f766b0f36ca,20260520_081059_886585,Original idea4 lineage; exact indexed run selection; original file copied unchanged,,,,
A0152,validation_history,SC-FAC,1200,24,3,1000,323,full,/Users/zhouzhou/Downloads/KWallet_Organized/02_完整研究资料/04_ActorCritic与SCFAC研究/ac/results/conditional_factorized_ac/runs/conditional_factorized_ac_trainMIX12_EQ_C1200_k24_T1000_F3_seed323_condE32_condH256/20260520_081059_886585/validation_history.json,metadata/runs/conditional_factorized_ac/conditional_factorized_ac_trainMIX12_EQ_C1200_k24_T1000_F3_seed323_condE32_condH256/20260520_081059_886585/validation_history.json,7493,0a6d96a2062f5f0209bd917cdbfa786d8518d39f43818819c37df82eb7ba1e0f,20260520_081059_886585,Original idea4 lineage; exact indexed run selection; original file copied unchanged,,,,
A0153,best_checkpoint,SC-FAC,1200,24,3,1000,532,full,/Users/zhouzhou/Downloads/KWallet_Organized/02_完整研究资料/04_ActorCritic与SCFAC研究/ac/results/conditional_factorized_ac/checkpoints/conditional_factorized_ac_trainMIX12_EQ_C1200_k24_T1000_F3_seed532_condE32_condH256/20260520_083306_953556/best_model.pth,checkpoints/conditional_factorized_ac/conditional_factorized_ac_trainMIX12_EQ_C1200_k24_T1000_F3_seed532_condE32_condH256/20260520_083306_953556/best_model.pth,316469,80f83cbdd1cb7070d84ce3d100d37c4d5386f21f47546118cf1352a75d5a6736,20260520_083306_953556,Original idea4 lineage; exact indexed run selection; canonical Downloads bytes match recovered archive SHA-256,,,,
A0154,run_info,SC-FAC,1200,24,3,1000,532,full,/Users/zhouzhou/Downloads/KWallet_Organized/02_完整研究资料/04_ActorCritic与SCFAC研究/ac/results/conditional_factorized_ac/runs/conditional_factorized_ac_trainMIX12_EQ_C1200_k24_T1000_F3_seed532_condE32_condH256/20260520_083306_953556/run_info.json,metadata/runs/conditional_factorized_ac/conditional_factorized_ac_trainMIX12_EQ_C1200_k24_T1000_F3_seed532_condE32_condH256/20260520_083306_953556/run_info.json,11713,91d19838968024de1b16a69374f9d3f3ae385c77d093994a9af95a69f2f0792f,20260520_083306_953556,Original idea4 lineage; exact indexed run selection; original file copied unchanged,,,,
A0155,run_config,SC-FAC,1200,24,3,1000,532,full,/Users/zhouzhou/Downloads/KWallet_Organized/02_完整研究资料/04_ActorCritic与SCFAC研究/ac/results/conditional_factorized_ac/runs/conditional_factorized_ac_trainMIX12_EQ_C1200_k24_T1000_F3_seed532_condE32_condH256/20260520_083306_953556/run_config.json,metadata/runs/conditional_factorized_ac/conditional_factorized_ac_trainMIX12_EQ_C1200_k24_T1000_F3_seed532_condE32_condH256/20260520_083306_953556/run_config.json,2849,699149355956e7c866f20fa871381742b3719026c4eb2827162092e3d1cdcb72,20260520_083306_953556,Original idea4 lineage; exact indexed run selection; original file copied unchanged,,,,
A0156,result_metadata,SC-FAC,1200,24,3,1000,532,full,/Users/zhouzhou/Downloads/KWallet_Organized/02_完整研究资料/04_ActorCritic与SCFAC研究/ac/results/conditional_factorized_ac/runs/conditional_factorized_ac_trainMIX12_EQ_C1200_k24_T1000_F3_seed532_condE32_condH256/20260520_083306_953556/cross_regime_results.json,metadata/runs/conditional_factorized_ac/conditional_factorized_ac_trainMIX12_EQ_C1200_k24_T1000_F3_seed532_condE32_condH256/20260520_083306_953556/cross_regime_results.json,50471,ae9f3b57c100c2eb2e9231b6fca79c3539457b85b7885c8add3893ea55796a02,20260520_083306_953556,Original idea4 lineage; exact indexed run selection; original file copied unchanged,,,,
A0157,training_history,SC-FAC,1200,24,3,1000,532,full,/Users/zhouzhou/Downloads/KWallet_Organized/02_完整研究资料/04_ActorCritic与SCFAC研究/ac/results/conditional_factorized_ac/runs/conditional_factorized_ac_trainMIX12_EQ_C1200_k24_T1000_F3_seed532_condE32_condH256/20260520_083306_953556/training_history.json,metadata/runs/conditional_factorized_ac/conditional_factorized_ac_trainMIX12_EQ_C1200_k24_T1000_F3_seed532_condE32_condH256/20260520_083306_953556/training_history.json,1557901,5e530ced12b2dc48c9ad9b5727c2e46e4477cc68091593fd97226dcdac4a42b7,20260520_083306_953556,Original idea4 lineage; exact indexed run selection; original file copied unchanged,,,,
A0158,validation_history,SC-FAC,1200,24,3,1000,532,full,/Users/zhouzhou/Downloads/KWallet_Organized/02_完整研究资料/04_ActorCritic与SCFAC研究/ac/results/conditional_factorized_ac/runs/conditional_factorized_ac_trainMIX12_EQ_C1200_k24_T1000_F3_seed532_condE32_condH256/20260520_083306_953556/validation_history.json,metadata/runs/conditional_factorized_ac/conditional_factorized_ac_trainMIX12_EQ_C1200_k24_T1000_F3_seed532_condE32_condH256/20260520_083306_953556/validation_history.json,7472,c6f2156cf2df374f4e42abea3b46f1fe1351e95224203ed82ab58c9c5cfcc912,20260520_083306_953556,Original idea4 lineage; exact indexed run selection; original file copied unchanged,,,,
A0159,best_checkpoint,SC-FAC,1200,24,3,1000,777,full,/Users/zhouzhou/Downloads/KWallet_Organized/02_完整研究资料/04_ActorCritic与SCFAC研究/ac/results/conditional_factorized_ac/checkpoints/conditional_factorized_ac_trainMIX12_EQ_C1200_k24_T1000_F3_seed777_condE32_condH256/20260520_085518_721730/best_model.pth,checkpoints/conditional_factorized_ac/conditional_factorized_ac_trainMIX12_EQ_C1200_k24_T1000_F3_seed777_condE32_condH256/20260520_085518_721730/best_model.pth,316469,54cc2f0d15938aa26a7b7f92fb133d8f2b0065bb4c366a896b30b63f9a425e5a,20260520_085518_721730,Original idea4 lineage; exact indexed run selection; canonical Downloads bytes match recovered archive SHA-256,,,,
A0160,run_info,SC-FAC,1200,24,3,1000,777,full,/Users/zhouzhou/Downloads/KWallet_Organized/02_完整研究资料/04_ActorCritic与SCFAC研究/ac/results/conditional_factorized_ac/runs/conditional_factorized_ac_trainMIX12_EQ_C1200_k24_T1000_F3_seed777_condE32_condH256/20260520_085518_721730/run_info.json,metadata/runs/conditional_factorized_ac/conditional_factorized_ac_trainMIX12_EQ_C1200_k24_T1000_F3_seed777_condE32_condH256/20260520_085518_721730/run_info.json,11713,9185b9c26a2669b3a98a0e481e70f8c6e1f5eebffdfeda994b6fb8032432c321,20260520_085518_721730,Original idea4 lineage; exact indexed run selection; original file copied unchanged,,,,
A0161,run_config,SC-FAC,1200,24,3,1000,777,full,/Users/zhouzhou/Downloads/KWallet_Organized/02_完整研究资料/04_ActorCritic与SCFAC研究/ac/results/conditional_factorized_ac/runs/conditional_factorized_ac_trainMIX12_EQ_C1200_k24_T1000_F3_seed777_condE32_condH256/20260520_085518_721730/run_config.json,metadata/runs/conditional_factorized_ac/conditional_factorized_ac_trainMIX12_EQ_C1200_k24_T1000_F3_seed777_condE32_condH256/20260520_085518_721730/run_config.json,2849,d6f840f04a6b3719023e68df4b9ea78965a9e1f450f31f31956cff32430430c8,20260520_085518_721730,Original idea4 lineage; exact indexed run selection; original file copied unchanged,,,,
A0162,result_metadata,SC-FAC,1200,24,3,1000,777,full,/Users/zhouzhou/Downloads/KWallet_Organized/02_完整研究资料/04_ActorCritic与SCFAC研究/ac/results/conditional_factorized_ac/runs/conditional_factorized_ac_trainMIX12_EQ_C1200_k24_T1000_F3_seed777_condE32_condH256/20260520_085518_721730/cross_regime_results.json,metadata/runs/conditional_factorized_ac/conditional_factorized_ac_trainMIX12_EQ_C1200_k24_T1000_F3_seed777_condE32_condH256/20260520_085518_721730/cross_regime_results.json,50413,4eeb04627e22c498968ec16fbcf428b2b25fce233d895b5ebc4935f5aef64946,20260520_085518_721730,Original idea4 lineage; exact indexed run selection; original file copied unchanged,,,,
A0163,training_history,SC-FAC,1200,24,3,1000,777,full,/Users/zhouzhou/Downloads/KWallet_Organized/02_完整研究资料/04_ActorCritic与SCFAC研究/ac/results/conditional_factorized_ac/runs/conditional_factorized_ac_trainMIX12_EQ_C1200_k24_T1000_F3_seed777_condE32_condH256/20260520_085518_721730/training_history.json,metadata/runs/conditional_factorized_ac/conditional_factorized_ac_trainMIX12_EQ_C1200_k24_T1000_F3_seed777_condE32_condH256/20260520_085518_721730/training_history.json,1557339,5ce472a4ea64bc8eb09e15cac5d663a6ef544855ced4cf88e9b267b7e32de866,20260520_085518_721730,Original idea4 lineage; exact indexed run selection; original file copied unchanged,,,,
A0164,validation_history,SC-FAC,1200,24,3,1000,777,full,/Users/zhouzhou/Downloads/KWallet_Organized/02_完整研究资料/04_ActorCritic与SCFAC研究/ac/results/conditional_factorized_ac/runs/conditional_factorized_ac_trainMIX12_EQ_C1200_k24_T1000_F3_seed777_condE32_condH256/20260520_085518_721730/validation_history.json,metadata/runs/conditional_factorized_ac/conditional_factorized_ac_trainMIX12_EQ_C1200_k24_T1000_F3_seed777_condE32_condH256/20260520_085518_721730/validation_history.json,7570,5aac0f2bc57c862ef4473638476c30d79e9802b4685e69b66b1e11ee34b0656d,20260520_085518_721730,Original idea4 lineage; exact indexed run selection; original file copied unchanged,,,,
A0165,best_checkpoint,SC-FAC,1200,24,3,1000,999,full,/Users/zhouzhou/Downloads/KWallet_Organized/02_完整研究资料/04_ActorCritic与SCFAC研究/ac/results/conditional_factorized_ac/checkpoints/conditional_factorized_ac_trainMIX12_EQ_C1200_k24_T1000_F3_seed999_condE32_condH256/20260520_091731_850008/best_model.pth,checkpoints/conditional_factorized_ac/conditional_factorized_ac_trainMIX12_EQ_C1200_k24_T1000_F3_seed999_condE32_condH256/20260520_091731_850008/best_model.pth,316469,4142bb0b92d5e8962c164cf44ca8278e4f3e447208347eabeeb0b49ba21aacdb,20260520_091731_850008,Original idea4 lineage; exact indexed run selection; canonical Downloads bytes match recovered archive SHA-256,,,,
A0166,run_info,SC-FAC,1200,24,3,1000,999,full,/Users/zhouzhou/Downloads/KWallet_Organized/02_完整研究资料/04_ActorCritic与SCFAC研究/ac/results/conditional_factorized_ac/runs/conditional_factorized_ac_trainMIX12_EQ_C1200_k24_T1000_F3_seed999_condE32_condH256/20260520_091731_850008/run_info.json,metadata/runs/conditional_factorized_ac/conditional_factorized_ac_trainMIX12_EQ_C1200_k24_T1000_F3_seed999_condE32_condH256/20260520_091731_850008/run_info.json,11713,9b49b6dacd30532ee76b12b2a8c269ee12c2cd978764d063cfe98534e984440c,20260520_091731_850008,Original idea4 lineage; exact indexed run selection; original file copied unchanged,,,,
A0167,run_config,SC-FAC,1200,24,3,1000,999,full,/Users/zhouzhou/Downloads/KWallet_Organized/02_完整研究资料/04_ActorCritic与SCFAC研究/ac/results/conditional_factorized_ac/runs/conditional_factorized_ac_trainMIX12_EQ_C1200_k24_T1000_F3_seed999_condE32_condH256/20260520_091731_850008/run_config.json,metadata/runs/conditional_factorized_ac/conditional_factorized_ac_trainMIX12_EQ_C1200_k24_T1000_F3_seed999_condE32_condH256/20260520_091731_850008/run_config.json,2849,ac48e2fbc4965ae93de2fa35acfea417b828ad5792a0baa7132b84d63edba7b5,20260520_091731_850008,Original idea4 lineage; exact indexed run selection; original file copied unchanged,,,,
A0168,result_metadata,SC-FAC,1200,24,3,1000,999,full,/Users/zhouzhou/Downloads/KWallet_Organized/02_完整研究资料/04_ActorCritic与SCFAC研究/ac/results/conditional_factorized_ac/runs/conditional_factorized_ac_trainMIX12_EQ_C1200_k24_T1000_F3_seed999_condE32_condH256/20260520_091731_850008/cross_regime_results.json,metadata/runs/conditional_factorized_ac/conditional_factorized_ac_trainMIX12_EQ_C1200_k24_T1000_F3_seed999_condE32_condH256/20260520_091731_850008/cross_regime_results.json,50419,a79ad245cf9b0f8c2cd7534911ccec8a87100f377f6aa548e17e2e14cf7c8942,20260520_091731_850008,Original idea4 lineage; exact indexed run selection; original file copied unchanged,,,,
A0169,training_history,SC-FAC,1200,24,3,1000,999,full,/Users/zhouzhou/Downloads/KWallet_Organized/02_完整研究资料/04_ActorCritic与SCFAC研究/ac/results/conditional_factorized_ac/runs/conditional_factorized_ac_trainMIX12_EQ_C1200_k24_T1000_F3_seed999_condE32_condH256/20260520_091731_850008/training_history.json,metadata/runs/conditional_factorized_ac/conditional_factorized_ac_trainMIX12_EQ_C1200_k24_T1000_F3_seed999_condE32_condH256/20260520_091731_850008/training_history.json,1559550,2edb9aa2e051f021d9d672f7316a95b9992072ebb20d960c47936e46794cb7b6,20260520_091731_850008,Original idea4 lineage; exact indexed run selection; original file copied unchanged,,,,
A0170,validation_history,SC-FAC,1200,24,3,1000,999,full,/Users/zhouzhou/Downloads/KWallet_Organized/02_完整研究资料/04_ActorCritic与SCFAC研究/ac/results/conditional_factorized_ac/runs/conditional_factorized_ac_trainMIX12_EQ_C1200_k24_T1000_F3_seed999_condE32_condH256/20260520_091731_850008/validation_history.json,metadata/runs/conditional_factorized_ac/conditional_factorized_ac_trainMIX12_EQ_C1200_k24_T1000_F3_seed999_condE32_condH256/20260520_091731_850008/validation_history.json,7561,82fd97f89354a9c3e08d67fb7e7793be7c71d48b1142716fbe72aa6b04b1df3f,20260520_091731_850008,Original idea4 lineage; exact indexed run selection; original file copied unchanged,,,,
A0171,best_checkpoint,SC-FAC-zero,800,24,3,1000,123,zero_settle_embedding,/Users/zhouzhou/Downloads/KWallet_Organized/02_完整研究资料/04_ActorCritic与SCFAC研究/ac/results/conditional_factorized_ac/checkpoints/conditional_factorized_ac_trainMIX12_EQ_C800_k24_T1000_F3_seed123_condE32_condH256_conditionzero_settle_embedding/20260605_021448_926613/best_model.pth,checkpoints/conditional_factorized_ac/conditional_factorized_ac_trainMIX12_EQ_C800_k24_T1000_F3_seed123_condE32_condH256_conditionzero_settle_embedding/20260605_021448_926613/best_model.pth,316469,543880353dbd6bbde5a684f182b364ea9367ad6f8e964124fd85b8905ad4f2a7,20260605_021448_926613,Original idea4 zero-conditioning; selected June 5 completed all-capacity log timestamp; canonical Downloads bytes match recovered archive SHA-256,,,,
A0172,run_info,SC-FAC-zero,800,24,3,1000,123,zero_settle_embedding,/Users/zhouzhou/Downloads/KWallet_Organized/02_完整研究资料/04_ActorCritic与SCFAC研究/ac/results/conditional_factorized_ac/runs/conditional_factorized_ac_trainMIX12_EQ_C800_k24_T1000_F3_seed123_condE32_condH256_conditionzero_settle_embedding/20260605_021448_926613/run_info.json,metadata/runs/conditional_factorized_ac/conditional_factorized_ac_trainMIX12_EQ_C800_k24_T1000_F3_seed123_condE32_condH256_conditionzero_settle_embedding/20260605_021448_926613/run_info.json,12272,b40a92eb7e9105f43a7db61e541789c489ab49d4be7f5eb3f3a924d31afbf3f0,20260605_021448_926613,Original idea4 zero-conditioning; selected June 5 completed all-capacity log timestamp; original file copied unchanged,,,,
A0173,run_config,SC-FAC-zero,800,24,3,1000,123,zero_settle_embedding,/Users/zhouzhou/Downloads/KWallet_Organized/02_完整研究资料/04_ActorCritic与SCFAC研究/ac/results/conditional_factorized_ac/runs/conditional_factorized_ac_trainMIX12_EQ_C800_k24_T1000_F3_seed123_condE32_condH256_conditionzero_settle_embedding/20260605_021448_926613/run_config.json,metadata/runs/conditional_factorized_ac/conditional_factorized_ac_trainMIX12_EQ_C800_k24_T1000_F3_seed123_condE32_condH256_conditionzero_settle_embedding/20260605_021448_926613/run_config.json,2940,4ef8fd476de5a8da7ddf3e914d111f83c37c027e96a183b9fa31846cdf393de9,20260605_021448_926613,Original idea4 zero-conditioning; selected June 5 completed all-capacity log timestamp; original file copied unchanged,,,,
A0174,result_metadata,SC-FAC-zero,800,24,3,1000,123,zero_settle_embedding,/Users/zhouzhou/Downloads/KWallet_Organized/02_完整研究资料/04_ActorCritic与SCFAC研究/ac/results/conditional_factorized_ac/runs/conditional_factorized_ac_trainMIX12_EQ_C800_k24_T1000_F3_seed123_condE32_condH256_conditionzero_settle_embedding/20260605_021448_926613/cross_regime_results.json,metadata/runs/conditional_factorized_ac/conditional_factorized_ac_trainMIX12_EQ_C800_k24_T1000_F3_seed123_condE32_condH256_conditionzero_settle_embedding/20260605_021448_926613/cross_regime_results.json,50382,04b7c5211159f6075a493a37e5daa74b1b2385753805e8041069185bd64fea13,20260605_021448_926613,Original idea4 zero-conditioning; selected June 5 completed all-capacity log timestamp; original file copied unchanged,,,,
A0175,training_history,SC-FAC-zero,800,24,3,1000,123,zero_settle_embedding,/Users/zhouzhou/Downloads/KWallet_Organized/02_完整研究资料/04_ActorCritic与SCFAC研究/ac/results/conditional_factorized_ac/runs/conditional_factorized_ac_trainMIX12_EQ_C800_k24_T1000_F3_seed123_condE32_condH256_conditionzero_settle_embedding/20260605_021448_926613/training_history.json,metadata/runs/conditional_factorized_ac/conditional_factorized_ac_trainMIX12_EQ_C800_k24_T1000_F3_seed123_condE32_condH256_conditionzero_settle_embedding/20260605_021448_926613/training_history.json,1554688,2c9b76dee9823ecb68a8a9857eca4f8f9cc82dbd3edc7fa571b88a37cc06e1c7,20260605_021448_926613,Original idea4 zero-conditioning; selected June 5 completed all-capacity log timestamp; original file copied unchanged,,,,
A0176,validation_history,SC-FAC-zero,800,24,3,1000,123,zero_settle_embedding,/Users/zhouzhou/Downloads/KWallet_Organized/02_完整研究资料/04_ActorCritic与SCFAC研究/ac/results/conditional_factorized_ac/runs/conditional_factorized_ac_trainMIX12_EQ_C800_k24_T1000_F3_seed123_condE32_condH256_conditionzero_settle_embedding/20260605_021448_926613/validation_history.json,metadata/runs/conditional_factorized_ac/conditional_factorized_ac_trainMIX12_EQ_C800_k24_T1000_F3_seed123_condE32_condH256_conditionzero_settle_embedding/20260605_021448_926613/validation_history.json,7550,9d8d2eb26659609f73930b93d1e30696483ab8df9e29c560e98ba9f4ad579502,20260605_021448_926613,Original idea4 zero-conditioning; selected June 5 completed all-capacity log timestamp; original file copied unchanged,,,,
A0177,best_checkpoint,SC-FAC-zero,800,24,3,1000,323,zero_settle_embedding,/Users/zhouzhou/Downloads/KWallet_Organized/02_完整研究资料/04_ActorCritic与SCFAC研究/ac/results/conditional_factorized_ac/checkpoints/conditional_factorized_ac_trainMIX12_EQ_C800_k24_T1000_F3_seed323_condE32_condH256_conditionzero_settle_embedding/20260605_023723_903461/best_model.pth,checkpoints/conditional_factorized_ac/conditional_factorized_ac_trainMIX12_EQ_C800_k24_T1000_F3_seed323_condE32_condH256_conditionzero_settle_embedding/20260605_023723_903461/best_model.pth,316469,db65c331367459e550e4862697c0ffbf018f1bd83389c05f85c2842ab1396f0e,20260605_023723_903461,Original idea4 zero-conditioning; selected June 5 completed all-capacity log timestamp; canonical Downloads bytes match recovered archive SHA-256,,,,
A0178,run_info,SC-FAC-zero,800,24,3,1000,323,zero_settle_embedding,/Users/zhouzhou/Downloads/KWallet_Organized/02_完整研究资料/04_ActorCritic与SCFAC研究/ac/results/conditional_factorized_ac/runs/conditional_factorized_ac_trainMIX12_EQ_C800_k24_T1000_F3_seed323_condE32_condH256_conditionzero_settle_embedding/20260605_023723_903461/run_info.json,metadata/runs/conditional_factorized_ac/conditional_factorized_ac_trainMIX12_EQ_C800_k24_T1000_F3_seed323_condE32_condH256_conditionzero_settle_embedding/20260605_023723_903461/run_info.json,12272,6cb8140e07f38c6a85c8ffaf284d638dafa581d1a10d4c79ff119556e4943a6e,20260605_023723_903461,Original idea4 zero-conditioning; selected June 5 completed all-capacity log timestamp; original file copied unchanged,,,,
A0179,run_config,SC-FAC-zero,800,24,3,1000,323,zero_settle_embedding,/Users/zhouzhou/Downloads/KWallet_Organized/02_完整研究资料/04_ActorCritic与SCFAC研究/ac/results/conditional_factorized_ac/runs/conditional_factorized_ac_trainMIX12_EQ_C800_k24_T1000_F3_seed323_condE32_condH256_conditionzero_settle_embedding/20260605_023723_903461/run_config.json,metadata/runs/conditional_factorized_ac/conditional_factorized_ac_trainMIX12_EQ_C800_k24_T1000_F3_seed323_condE32_condH256_conditionzero_settle_embedding/20260605_023723_903461/run_config.json,2940,81ee4a8ac6385e15598c80cd7d46e1f16c72036e465db6e30c27a8b02fd2d27a,20260605_023723_903461,Original idea4 zero-conditioning; selected June 5 completed all-capacity log timestamp; original file copied unchanged,,,,
A0180,result_metadata,SC-FAC-zero,800,24,3,1000,323,zero_settle_embedding,/Users/zhouzhou/Downloads/KWallet_Organized/02_完整研究资料/04_ActorCritic与SCFAC研究/ac/results/conditional_factorized_ac/runs/conditional_factorized_ac_trainMIX12_EQ_C800_k24_T1000_F3_seed323_condE32_condH256_conditionzero_settle_embedding/20260605_023723_903461/cross_regime_results.json,metadata/runs/conditional_factorized_ac/conditional_factorized_ac_trainMIX12_EQ_C800_k24_T1000_F3_seed323_condE32_condH256_conditionzero_settle_embedding/20260605_023723_903461/cross_regime_results.json,50298,3a1dfae5298607f882449ee5d7d2db7a8efdd390a76bd84b07030e3fc3d16ace,20260605_023723_903461,Original idea4 zero-conditioning; selected June 5 completed all-capacity log timestamp; original file copied unchanged,,,,
A0181,training_history,SC-FAC-zero,800,24,3,1000,323,zero_settle_embedding,/Users/zhouzhou/Downloads/KWallet_Organized/02_完整研究资料/04_ActorCritic与SCFAC研究/ac/results/conditional_factorized_ac/runs/conditional_factorized_ac_trainMIX12_EQ_C800_k24_T1000_F3_seed323_condE32_condH256_conditionzero_settle_embedding/20260605_023723_903461/training_history.json,metadata/runs/conditional_factorized_ac/conditional_factorized_ac_trainMIX12_EQ_C800_k24_T1000_F3_seed323_condE32_condH256_conditionzero_settle_embedding/20260605_023723_903461/training_history.json,1554403,463dede199c243b4571f43289c679da34f32c97662fc6ea401d24dbe1be6a97d,20260605_023723_903461,Original idea4 zero-conditioning; selected June 5 completed all-capacity log timestamp; original file copied unchanged,,,,
A0182,validation_history,SC-FAC-zero,800,24,3,1000,323,zero_settle_embedding,/Users/zhouzhou/Downloads/KWallet_Organized/02_完整研究资料/04_ActorCritic与SCFAC研究/ac/results/conditional_factorized_ac/runs/conditional_factorized_ac_trainMIX12_EQ_C800_k24_T1000_F3_seed323_condE32_condH256_conditionzero_settle_embedding/20260605_023723_903461/validation_history.json,metadata/runs/conditional_factorized_ac/conditional_factorized_ac_trainMIX12_EQ_C800_k24_T1000_F3_seed323_condE32_condH256_conditionzero_settle_embedding/20260605_023723_903461/validation_history.json,7558,701e83a15f1c4d921205d8707790647aeeb32a63ced01a3790aee23e92a20e11,20260605_023723_903461,Original idea4 zero-conditioning; selected June 5 completed all-capacity log timestamp; original file copied unchanged,,,,
A0183,best_checkpoint,SC-FAC-zero,800,24,3,1000,532,zero_settle_embedding,/Users/zhouzhou/Downloads/KWallet_Organized/02_完整研究资料/04_ActorCritic与SCFAC研究/ac/results/conditional_factorized_ac/checkpoints/conditional_factorized_ac_trainMIX12_EQ_C800_k24_T1000_F3_seed532_condE32_condH256_conditionzero_settle_embedding/20260605_025933_252988/best_model.pth,checkpoints/conditional_factorized_ac/conditional_factorized_ac_trainMIX12_EQ_C800_k24_T1000_F3_seed532_condE32_condH256_conditionzero_settle_embedding/20260605_025933_252988/best_model.pth,316469,c3481ab853b35ab5541724fddf68c7e4166009116d5230039cc388ca52e44cd6,20260605_025933_252988,Original idea4 zero-conditioning; selected June 5 completed all-capacity log timestamp; canonical Downloads bytes match recovered archive SHA-256,,,,
A0184,run_info,SC-FAC-zero,800,24,3,1000,532,zero_settle_embedding,/Users/zhouzhou/Downloads/KWallet_Organized/02_完整研究资料/04_ActorCritic与SCFAC研究/ac/results/conditional_factorized_ac/runs/conditional_factorized_ac_trainMIX12_EQ_C800_k24_T1000_F3_seed532_condE32_condH256_conditionzero_settle_embedding/20260605_025933_252988/run_info.json,metadata/runs/conditional_factorized_ac/conditional_factorized_ac_trainMIX12_EQ_C800_k24_T1000_F3_seed532_condE32_condH256_conditionzero_settle_embedding/20260605_025933_252988/run_info.json,12272,bf1a47cd6068d4eb93aa5551f54ce3d426de40a2d396c3fd28eab54cb301dac6,20260605_025933_252988,Original idea4 zero-conditioning; selected June 5 completed all-capacity log timestamp; original file copied unchanged,,,,
A0185,run_config,SC-FAC-zero,800,24,3,1000,532,zero_settle_embedding,/Users/zhouzhou/Downloads/KWallet_Organized/02_完整研究资料/04_ActorCritic与SCFAC研究/ac/results/conditional_factorized_ac/runs/conditional_factorized_ac_trainMIX12_EQ_C800_k24_T1000_F3_seed532_condE32_condH256_conditionzero_settle_embedding/20260605_025933_252988/run_config.json,metadata/runs/conditional_factorized_ac/conditional_factorized_ac_trainMIX12_EQ_C800_k24_T1000_F3_seed532_condE32_condH256_conditionzero_settle_embedding/20260605_025933_252988/run_config.json,2940,a6600fad3ebdc3c9b24c8d35c8d913b2283dbc16144d9610e2dfb3ab178a3ea0,20260605_025933_252988,Original idea4 zero-conditioning; selected June 5 completed all-capacity log timestamp; original file copied unchanged,,,,
A0186,result_metadata,SC-FAC-zero,800,24,3,1000,532,zero_settle_embedding,/Users/zhouzhou/Downloads/KWallet_Organized/02_完整研究资料/04_ActorCritic与SCFAC研究/ac/results/conditional_factorized_ac/runs/conditional_factorized_ac_trainMIX12_EQ_C800_k24_T1000_F3_seed532_condE32_condH256_conditionzero_settle_embedding/20260605_025933_252988/cross_regime_results.json,metadata/runs/conditional_factorized_ac/conditional_factorized_ac_trainMIX12_EQ_C800_k24_T1000_F3_seed532_condE32_condH256_conditionzero_settle_embedding/20260605_025933_252988/cross_regime_results.json,50276,63892cb75bcf40d5f35b6eefcfb59f8809210d62c7a2a9604e720b03ee2f3faa,20260605_025933_252988,Original idea4 zero-conditioning; selected June 5 completed all-capacity log timestamp; original file copied unchanged,,,,
A0187,training_history,SC-FAC-zero,800,24,3,1000,532,zero_settle_embedding,/Users/zhouzhou/Downloads/KWallet_Organized/02_完整研究资料/04_ActorCritic与SCFAC研究/ac/results/conditional_factorized_ac/runs/conditional_factorized_ac_trainMIX12_EQ_C800_k24_T1000_F3_seed532_condE32_condH256_conditionzero_settle_embedding/20260605_025933_252988/training_history.json,metadata/runs/conditional_factorized_ac/conditional_factorized_ac_trainMIX12_EQ_C800_k24_T1000_F3_seed532_condE32_condH256_conditionzero_settle_embedding/20260605_025933_252988/training_history.json,1554607,ef6995f11e0cfac2dbea58d53cea0cb2887cfd958c3d226be5626c2218a19575,20260605_025933_252988,Original idea4 zero-conditioning; selected June 5 completed all-capacity log timestamp; original file copied unchanged,,,,
A0188,validation_history,SC-FAC-zero,800,24,3,1000,532,zero_settle_embedding,/Users/zhouzhou/Downloads/KWallet_Organized/02_完整研究资料/04_ActorCritic与SCFAC研究/ac/results/conditional_factorized_ac/runs/conditional_factorized_ac_trainMIX12_EQ_C800_k24_T1000_F3_seed532_condE32_condH256_conditionzero_settle_embedding/20260605_025933_252988/validation_history.json,metadata/runs/conditional_factorized_ac/conditional_factorized_ac_trainMIX12_EQ_C800_k24_T1000_F3_seed532_condE32_condH256_conditionzero_settle_embedding/20260605_025933_252988/validation_history.json,7539,53f100bd3f315c798e1eaeefaaf7babaad70f245c809fce07343c5fb92fd7ce5,20260605_025933_252988,Original idea4 zero-conditioning; selected June 5 completed all-capacity log timestamp; original file copied unchanged,,,,
A0189,best_checkpoint,SC-FAC-zero,1200,24,3,1000,123,zero_settle_embedding,/Users/zhouzhou/Downloads/KWallet_Organized/02_完整研究资料/04_ActorCritic与SCFAC研究/ac/results/conditional_factorized_ac/checkpoints/conditional_factorized_ac_trainMIX12_EQ_C1200_k24_T1000_F3_seed123_condE32_condH256_conditionzero_settle_embedding/20260605_053713_707635/best_model.pth,checkpoints/conditional_factorized_ac/conditional_factorized_ac_trainMIX12_EQ_C1200_k24_T1000_F3_seed123_condE32_condH256_conditionzero_settle_embedding/20260605_053713_707635/best_model.pth,316469,0bb31d4704e085a27017b9b3e116197e9dd399a36002408be3601d8f90ccffa3,20260605_053713_707635,Original idea4 zero-conditioning; selected June 5 completed all-capacity log timestamp; canonical Downloads bytes match recovered archive SHA-256,,,,
A0190,run_info,SC-FAC-zero,1200,24,3,1000,123,zero_settle_embedding,/Users/zhouzhou/Downloads/KWallet_Organized/02_完整研究资料/04_ActorCritic与SCFAC研究/ac/results/conditional_factorized_ac/runs/conditional_factorized_ac_trainMIX12_EQ_C1200_k24_T1000_F3_seed123_condE32_condH256_conditionzero_settle_embedding/20260605_053713_707635/run_info.json,metadata/runs/conditional_factorized_ac/conditional_factorized_ac_trainMIX12_EQ_C1200_k24_T1000_F3_seed123_condE32_condH256_conditionzero_settle_embedding/20260605_053713_707635/run_info.json,12288,f3c08935197718fd59a82a7dbb0292c8f8359b945d4de0ab191e49dc7b86ffde,20260605_053713_707635,Original idea4 zero-conditioning; selected June 5 completed all-capacity log timestamp; original file copied unchanged,,,,
A0191,run_config,SC-FAC-zero,1200,24,3,1000,123,zero_settle_embedding,/Users/zhouzhou/Downloads/KWallet_Organized/02_完整研究资料/04_ActorCritic与SCFAC研究/ac/results/conditional_factorized_ac/runs/conditional_factorized_ac_trainMIX12_EQ_C1200_k24_T1000_F3_seed123_condE32_condH256_conditionzero_settle_embedding/20260605_053713_707635/run_config.json,metadata/runs/conditional_factorized_ac/conditional_factorized_ac_trainMIX12_EQ_C1200_k24_T1000_F3_seed123_condE32_condH256_conditionzero_settle_embedding/20260605_053713_707635/run_config.json,2941,06cb08cebb2cc6151e8d273dad393d1da1ff14ec1be5937557706c4a5615ae62,20260605_053713_707635,Original idea4 zero-conditioning; selected June 5 completed all-capacity log timestamp; original file copied unchanged,,,,
A0192,result_metadata,SC-FAC-zero,1200,24,3,1000,123,zero_settle_embedding,/Users/zhouzhou/Downloads/KWallet_Organized/02_完整研究资料/04_ActorCritic与SCFAC研究/ac/results/conditional_factorized_ac/runs/conditional_factorized_ac_trainMIX12_EQ_C1200_k24_T1000_F3_seed123_condE32_condH256_conditionzero_settle_embedding/20260605_053713_707635/cross_regime_results.json,metadata/runs/conditional_factorized_ac/conditional_factorized_ac_trainMIX12_EQ_C1200_k24_T1000_F3_seed123_condE32_condH256_conditionzero_settle_embedding/20260605_053713_707635/cross_regime_results.json,50661,9066c142cbe97d10d5f411cb3e4975b74ebb57087c88fca83e3c3ba07bf87f81,20260605_053713_707635,Original idea4 zero-conditioning; selected June 5 completed all-capacity log timestamp; original file copied unchanged,,,,
A0193,training_history,SC-FAC-zero,1200,24,3,1000,123,zero_settle_embedding,/Users/zhouzhou/Downloads/KWallet_Organized/02_完整研究资料/04_ActorCritic与SCFAC研究/ac/results/conditional_factorized_ac/runs/conditional_factorized_ac_trainMIX12_EQ_C1200_k24_T1000_F3_seed123_condE32_condH256_conditionzero_settle_embedding/20260605_053713_707635/training_history.json,metadata/runs/conditional_factorized_ac/conditional_factorized_ac_trainMIX12_EQ_C1200_k24_T1000_F3_seed123_condE32_condH256_conditionzero_settle_embedding/20260605_053713_707635/training_history.json,1561247,0b014292517fe818c3a82e0f2be39121cc160722a5c05cd2c3416b7e4d670e2a,20260605_053713_707635,Original idea4 zero-conditioning; selected June 5 completed all-capacity log timestamp; original file copied unchanged,,,,
A0194,validation_history,SC-FAC-zero,1200,24,3,1000,123,zero_settle_embedding,/Users/zhouzhou/Downloads/KWallet_Organized/02_完整研究资料/04_ActorCritic与SCFAC研究/ac/results/conditional_factorized_ac/runs/conditional_factorized_ac_trainMIX12_EQ_C1200_k24_T1000_F3_seed123_condE32_condH256_conditionzero_settle_embedding/20260605_053713_707635/validation_history.json,metadata/runs/conditional_factorized_ac/conditional_factorized_ac_trainMIX12_EQ_C1200_k24_T1000_F3_seed123_condE32_condH256_conditionzero_settle_embedding/20260605_053713_707635/validation_history.json,7516,8abc261dab57fa68bbc73465e2bf11dcbec3e6c2b57521d348b97179ac276ac7,20260605_053713_707635,Original idea4 zero-conditioning; selected June 5 completed all-capacity log timestamp; original file copied unchanged,,,,
A0195,best_checkpoint,SC-FAC-zero,1200,24,3,1000,323,zero_settle_embedding,/Users/zhouzhou/Downloads/KWallet_Organized/02_完整研究资料/04_ActorCritic与SCFAC研究/ac/results/conditional_factorized_ac/checkpoints/conditional_factorized_ac_trainMIX12_EQ_C1200_k24_T1000_F3_seed323_condE32_condH256_conditionzero_settle_embedding/20260605_055946_134106/best_model.pth,checkpoints/conditional_factorized_ac/conditional_factorized_ac_trainMIX12_EQ_C1200_k24_T1000_F3_seed323_condE32_condH256_conditionzero_settle_embedding/20260605_055946_134106/best_model.pth,316469,69db13f4e49fc0777841917f7cd99eec30e85e7acd49f3c241ba9739743cf8c0,20260605_055946_134106,Original idea4 zero-conditioning; selected June 5 completed all-capacity log timestamp; canonical Downloads bytes match recovered archive SHA-256,,,,
A0196,run_info,SC-FAC-zero,1200,24,3,1000,323,zero_settle_embedding,/Users/zhouzhou/Downloads/KWallet_Organized/02_完整研究资料/04_ActorCritic与SCFAC研究/ac/results/conditional_factorized_ac/runs/conditional_factorized_ac_trainMIX12_EQ_C1200_k24_T1000_F3_seed323_condE32_condH256_conditionzero_settle_embedding/20260605_055946_134106/run_info.json,metadata/runs/conditional_factorized_ac/conditional_factorized_ac_trainMIX12_EQ_C1200_k24_T1000_F3_seed323_condE32_condH256_conditionzero_settle_embedding/20260605_055946_134106/run_info.json,12288,d474c68042d898b2ee3f98f8d2581a79c0d3d59ce84fdb0f2875f335a0c894a5,20260605_055946_134106,Original idea4 zero-conditioning; selected June 5 completed all-capacity log timestamp; original file copied unchanged,,,,
A0197,run_config,SC-FAC-zero,1200,24,3,1000,323,zero_settle_embedding,/Users/zhouzhou/Downloads/KWallet_Organized/02_完整研究资料/04_ActorCritic与SCFAC研究/ac/results/conditional_factorized_ac/runs/conditional_factorized_ac_trainMIX12_EQ_C1200_k24_T1000_F3_seed323_condE32_condH256_conditionzero_settle_embedding/20260605_055946_134106/run_config.json,metadata/runs/conditional_factorized_ac/conditional_factorized_ac_trainMIX12_EQ_C1200_k24_T1000_F3_seed323_condE32_condH256_conditionzero_settle_embedding/20260605_055946_134106/run_config.json,2941,cf5767d1fcf87e1769a88b2e2631214a63b6711b43d5009bcd525bc492ec652b,20260605_055946_134106,Original idea4 zero-conditioning; selected June 5 completed all-capacity log timestamp; original file copied unchanged,,,,
A0198,result_metadata,SC-FAC-zero,1200,24,3,1000,323,zero_settle_embedding,/Users/zhouzhou/Downloads/KWallet_Organized/02_完整研究资料/04_ActorCritic与SCFAC研究/ac/results/conditional_factorized_ac/runs/conditional_factorized_ac_trainMIX12_EQ_C1200_k24_T1000_F3_seed323_condE32_condH256_conditionzero_settle_embedding/20260605_055946_134106/cross_regime_results.json,metadata/runs/conditional_factorized_ac/conditional_factorized_ac_trainMIX12_EQ_C1200_k24_T1000_F3_seed323_condE32_condH256_conditionzero_settle_embedding/20260605_055946_134106/cross_regime_results.json,50552,b7b8ccfb09f5bf70c7addee52d95cb24d7d167cbe20ec4580ece08fc32550e09,20260605_055946_134106,Original idea4 zero-conditioning; selected June 5 completed all-capacity log timestamp; original file copied unchanged,,,,
A0199,training_history,SC-FAC-zero,1200,24,3,1000,323,zero_settle_embedding,/Users/zhouzhou/Downloads/KWallet_Organized/02_完整研究资料/04_ActorCritic与SCFAC研究/ac/results/conditional_factorized_ac/runs/conditional_factorized_ac_trainMIX12_EQ_C1200_k24_T1000_F3_seed323_condE32_condH256_conditionzero_settle_embedding/20260605_055946_134106/training_history.json,metadata/runs/conditional_factorized_ac/conditional_factorized_ac_trainMIX12_EQ_C1200_k24_T1000_F3_seed323_condE32_condH256_conditionzero_settle_embedding/20260605_055946_134106/training_history.json,1560599,b7c4c57ded2958aa5c1ee9704b07e54847fe5b08d212993dd6819a8d802d6c10,20260605_055946_134106,Original idea4 zero-conditioning; selected June 5 completed all-capacity log timestamp; original file copied unchanged,,,,
A0200,validation_history,SC-FAC-zero,1200,24,3,1000,323,zero_settle_embedding,/Users/zhouzhou/Downloads/KWallet_Organized/02_完整研究资料/04_ActorCritic与SCFAC研究/ac/results/conditional_factorized_ac/runs/conditional_factorized_ac_trainMIX12_EQ_C1200_k24_T1000_F3_seed323_condE32_condH256_conditionzero_settle_embedding/20260605_055946_134106/validation_history.json,metadata/runs/conditional_factorized_ac/conditional_factorized_ac_trainMIX12_EQ_C1200_k24_T1000_F3_seed323_condE32_condH256_conditionzero_settle_embedding/20260605_055946_134106/validation_history.json,7462,7e51bb0934c4ae44d50348ace1225353e52e818de0c9aedee6c570236c7c2295,20260605_055946_134106,Original idea4 zero-conditioning; selected June 5 completed all-capacity log timestamp; original file copied unchanged,,,,
A0201,best_checkpoint,SC-FAC-zero,1200,24,3,1000,532,zero_settle_embedding,/Users/zhouzhou/Downloads/KWallet_Organized/02_完整研究资料/04_ActorCritic与SCFAC研究/ac/results/conditional_factorized_ac/checkpoints/conditional_factorized_ac_trainMIX12_EQ_C1200_k24_T1000_F3_seed532_condE32_condH256_conditionzero_settle_embedding/20260605_062222_028865/best_model.pth,checkpoints/conditional_factorized_ac/conditional_factorized_ac_trainMIX12_EQ_C1200_k24_T1000_F3_seed532_condE32_condH256_conditionzero_settle_embedding/20260605_062222_028865/best_model.pth,316469,9d9199646afc1a23a2a088151bf1c89e5d408b907fb102c9a8b3c2de45983902,20260605_062222_028865,Original idea4 zero-conditioning; selected June 5 completed all-capacity log timestamp; canonical Downloads bytes match recovered archive SHA-256,,,,
A0202,run_info,SC-FAC-zero,1200,24,3,1000,532,zero_settle_embedding,/Users/zhouzhou/Downloads/KWallet_Organized/02_完整研究资料/04_ActorCritic与SCFAC研究/ac/results/conditional_factorized_ac/runs/conditional_factorized_ac_trainMIX12_EQ_C1200_k24_T1000_F3_seed532_condE32_condH256_conditionzero_settle_embedding/20260605_062222_028865/run_info.json,metadata/runs/conditional_factorized_ac/conditional_factorized_ac_trainMIX12_EQ_C1200_k24_T1000_F3_seed532_condE32_condH256_conditionzero_settle_embedding/20260605_062222_028865/run_info.json,12288,dd6d105e41534bcf8f5723e318516e2f279157bf97f3c6c243f562d43811b00e,20260605_062222_028865,Original idea4 zero-conditioning; selected June 5 completed all-capacity log timestamp; original file copied unchanged,,,,
A0203,run_config,SC-FAC-zero,1200,24,3,1000,532,zero_settle_embedding,/Users/zhouzhou/Downloads/KWallet_Organized/02_完整研究资料/04_ActorCritic与SCFAC研究/ac/results/conditional_factorized_ac/runs/conditional_factorized_ac_trainMIX12_EQ_C1200_k24_T1000_F3_seed532_condE32_condH256_conditionzero_settle_embedding/20260605_062222_028865/run_config.json,metadata/runs/conditional_factorized_ac/conditional_factorized_ac_trainMIX12_EQ_C1200_k24_T1000_F3_seed532_condE32_condH256_conditionzero_settle_embedding/20260605_062222_028865/run_config.json,2941,c0c94f0121c4ff506e5923917dc6da4c69a98b037b5b48073467ec9ccc007ba2,20260605_062222_028865,Original idea4 zero-conditioning; selected June 5 completed all-capacity log timestamp; original file copied unchanged,,,,
A0204,result_metadata,SC-FAC-zero,1200,24,3,1000,532,zero_settle_embedding,/Users/zhouzhou/Downloads/KWallet_Organized/02_完整研究资料/04_ActorCritic与SCFAC研究/ac/results/conditional_factorized_ac/runs/conditional_factorized_ac_trainMIX12_EQ_C1200_k24_T1000_F3_seed532_condE32_condH256_conditionzero_settle_embedding/20260605_062222_028865/cross_regime_results.json,metadata/runs/conditional_factorized_ac/conditional_factorized_ac_trainMIX12_EQ_C1200_k24_T1000_F3_seed532_condE32_condH256_conditionzero_settle_embedding/20260605_062222_028865/cross_regime_results.json,50500,f803336afafea17368c31b0e03e1868958032501be8e4c9a7037de87be663cae,20260605_062222_028865,Original idea4 zero-conditioning; selected June 5 completed all-capacity log timestamp; original file copied unchanged,,,,
A0205,training_history,SC-FAC-zero,1200,24,3,1000,532,zero_settle_embedding,/Users/zhouzhou/Downloads/KWallet_Organized/02_完整研究资料/04_ActorCritic与SCFAC研究/ac/results/conditional_factorized_ac/runs/conditional_factorized_ac_trainMIX12_EQ_C1200_k24_T1000_F3_seed532_condE32_condH256_conditionzero_settle_embedding/20260605_062222_028865/training_history.json,metadata/runs/conditional_factorized_ac/conditional_factorized_ac_trainMIX12_EQ_C1200_k24_T1000_F3_seed532_condE32_condH256_conditionzero_settle_embedding/20260605_062222_028865/training_history.json,1559938,4c83aa5f30bf9a513b7c4e96380e2e2d04a45a480ec60878a3c9a1643f967013,20260605_062222_028865,Original idea4 zero-conditioning; selected June 5 completed all-capacity log timestamp; original file copied unchanged,,,,
A0206,validation_history,SC-FAC-zero,1200,24,3,1000,532,zero_settle_embedding,/Users/zhouzhou/Downloads/KWallet_Organized/02_完整研究资料/04_ActorCritic与SCFAC研究/ac/results/conditional_factorized_ac/runs/conditional_factorized_ac_trainMIX12_EQ_C1200_k24_T1000_F3_seed532_condE32_condH256_conditionzero_settle_embedding/20260605_062222_028865/validation_history.json,metadata/runs/conditional_factorized_ac/conditional_factorized_ac_trainMIX12_EQ_C1200_k24_T1000_F3_seed532_condE32_condH256_conditionzero_settle_embedding/20260605_062222_028865/validation_history.json,7540,b5d75d75f6f126e958efd1c0ee79de6deeb7501295c6686610b961f75273a6cd,20260605_062222_028865,Original idea4 zero-conditioning; selected June 5 completed all-capacity log timestamp; original file copied unchanged,,,,
A0207,pool,,,,,1000,,,/Users/zhouzhou/Downloads/KWallet_Organized/01_日常研究/data/transaction_pools/MIX12_EQ_US_TLS_LNS_TLNS_TPLS_PLS_UB_TLB_LNB_TLNB_TPLB_PLB_master_T1000.npy,pools/MIX12_EQ_US_TLS_LNS_TLNS_TPLS_PLS_UB_TLB_LNB_TLNB_TPLB_PLB_master_T1000.npy,20000128,47f283231334cd65605947e3b046100e095a2410013e10792bd5521c85e9bf18,,Original historical pool; file SHA-256 and original array-MD5 fingerprint verified; canonical Downloads copy,MIX12_EQ_US_TLS_LNS_TLNS_TPLS_PLS_UB_TLB_LNB_TLNB_TPLB_PLB_master_T1000.npy,MIX12_EQ,5000,md5_array_payload:0424eb251cfbc0e9225c6bd0a1c582d9
A0208,pool_summary,,,,,1000,,,/Users/zhouzhou/Downloads/KWallet_Organized/01_日常研究/data/transaction_pools/MIX12_EQ_US_TLS_LNS_TLNS_TPLS_PLS_UB_TLB_LNB_TLNB_TPLB_PLB_master_T1000_summary.json,metadata/pools/MIX12_EQ_US_TLS_LNS_TLNS_TPLS_PLS_UB_TLB_LNB_TLNB_TPLB_PLB_master_T1000_summary.json,1943,a66f7d7416d317ed6bb72f6c8502c6a10e3ab655ad6c2685de6c090ea400820e,,"Original pool generation summary, unchanged",MIX12_EQ_US_TLS_LNS_TLNS_TPLS_PLS_UB_TLB_LNB_TLNB_TPLB_PLB_master_T1000.npy,MIX12_EQ,5000,md5_array_payload:0424eb251cfbc0e9225c6bd0a1c582d9
A0209,pool,,,,,1000,,,/Users/zhouzhou/Downloads/KWallet_Organized/01_日常研究/data/transaction_pools/MIX12_EQ_US_TLS_LNS_TLNS_TPLS_PLS_UB_TLB_LNB_TLNB_TPLB_PLB_val_T1000.npy,pools/MIX12_EQ_US_TLS_LNS_TLNS_TPLS_PLS_UB_TLB_LNB_TLNB_TPLB_PLB_val_T1000.npy,1200128,9f86d389b1c745717049c28fa984e83005d363c402d15dfcd9051809c01c64bb,,Original historical pool; file SHA-256 and original array-MD5 fingerprint verified; canonical Downloads copy,MIX12_EQ_US_TLS_LNS_TLNS_TPLS_PLS_UB_TLB_LNB_TLNB_TPLB_PLB_val_T1000.npy,MIX12_EQ,300,md5_array_payload:af87df4b642e42f992a9b792a23c72ae
A0210,pool_summary,,,,,1000,,,/Users/zhouzhou/Downloads/KWallet_Organized/01_日常研究/data/transaction_pools/MIX12_EQ_US_TLS_LNS_TLNS_TPLS_PLS_UB_TLB_LNB_TLNB_TPLB_PLB_val_T1000_summary.json,metadata/pools/MIX12_EQ_US_TLS_LNS_TLNS_TPLS_PLS_UB_TLB_LNB_TLNB_TPLB_PLB_val_T1000_summary.json,1928,a80470e489be0c685bf92aca009116d9da9b5d1e1af31db4ccb684ade717279d,,"Original pool generation summary, unchanged",MIX12_EQ_US_TLS_LNS_TLNS_TPLS_PLS_UB_TLB_LNB_TLNB_TPLB_PLB_val_T1000.npy,MIX12_EQ,300,md5_array_payload:af87df4b642e42f992a9b792a23c72ae
A0211,pool,,,,,1000,,,/Users/zhouzhou/Downloads/KWallet_Organized/01_日常研究/data/transaction_pools/US_static_eval_T1000.npy,pools/US_static_eval_T1000.npy,800128,3f9fc877a2a251f29ec2f9a18cc2b363dc1584d4cc8593df0eb4fe9142655455,,Original historical pool; file SHA-256 and original array-MD5 fingerprint verified; canonical Downloads copy,US_static_eval_T1000.npy,US,200,md5_array_payload:b15a94b5a2ac36da2485a2307d3fba25
A0212,pool_summary,,,,,1000,,,/Users/zhouzhou/Downloads/KWallet_Organized/01_日常研究/data/transaction_pools/US_static_eval_T1000_summary.json,metadata/pools/US_static_eval_T1000_summary.json,2226,a953f693edc249d67a4070ebf73e9e9488d620d90426f8398684cae156837f17,,"Original pool generation summary, unchanged",US_static_eval_T1000.npy,US,200,md5_array_payload:b15a94b5a2ac36da2485a2307d3fba25
A0213,pool,,,,,1000,,,/Users/zhouzhou/Downloads/KWallet_Organized/01_日常研究/data/transaction_pools/TLS_static_eval_T1000.npy,pools/TLS_static_eval_T1000.npy,800128,40e4a6d8404ab538d3e58d64614641bfb8ae98c1cbfba128792f00982a8346b4,,Original historical pool; file SHA-256 and original array-MD5 fingerprint verified; canonical Downloads copy,TLS_static_eval_T1000.npy,TLS,200,md5_array_payload:fa8aa5aa53991e96e5dc7aad156b3535
A0214,pool_summary,,,,,1000,,,/Users/zhouzhou/Downloads/KWallet_Organized/01_日常研究/data/transaction_pools/TLS_static_eval_T1000_summary.json,metadata/pools/TLS_static_eval_T1000_summary.json,2268,47319beb522d63bc0b8cb8b39ecefa29c1a989b7980f36615e84a48f48ed77f7,,"Original pool generation summary, unchanged",TLS_static_eval_T1000.npy,TLS,200,md5_array_payload:fa8aa5aa53991e96e5dc7aad156b3535
A0215,pool,,,,,1000,,,/Users/zhouzhou/Downloads/KWallet_Organized/01_日常研究/data/transaction_pools/LNS_static_eval_T1000.npy,pools/LNS_static_eval_T1000.npy,800128,4f6ca995a456200e8264486f7de1d8f1952a563e2a555a954f66b14429325937,,Original historical pool; file SHA-256 and original array-MD5 fingerprint verified; canonical Downloads copy,LNS_static_eval_T1000.npy,LNS,200,md5_array_payload:13617353043e445e0c711e22214b7194
A0216,pool_summary,,,,,1000,,,/Users/zhouzhou/Downloads/KWallet_Organized/01_日常研究/data/transaction_pools/LNS_static_eval_T1000_summary.json,metadata/pools/LNS_static_eval_T1000_summary.json,2242,0b5e52ba487236aeba6cbd250983c11d0c9ab05f5a1c10a1c26b396003e6995c,,"Original pool generation summary, unchanged",LNS_static_eval_T1000.npy,LNS,200,md5_array_payload:13617353043e445e0c711e22214b7194
A0217,pool,,,,,1000,,,/Users/zhouzhou/Downloads/KWallet_Organized/01_日常研究/data/transaction_pools/TLNS_static_eval_T1000.npy,pools/TLNS_static_eval_T1000.npy,800128,96cd1b6faba1e210e4f213d216f5bc7524e2ba4fb491b8e4fe04de5f087b652a,,Original historical pool; file SHA-256 and original array-MD5 fingerprint verified; canonical Downloads copy,TLNS_static_eval_T1000.npy,TLNS,200,md5_array_payload:ce6794ed09e158bc7996910f8ba59fb2
A0218,pool_summary,,,,,1000,,,/Users/zhouzhou/Downloads/KWallet_Organized/01_日常研究/data/transaction_pools/TLNS_static_eval_T1000_summary.json,metadata/pools/TLNS_static_eval_T1000_summary.json,2264,45649839d4a6d06a946e83ca96651f4c9cfe84124bd72dcac0492724f4e98e54,,"Original pool generation summary, unchanged",TLNS_static_eval_T1000.npy,TLNS,200,md5_array_payload:ce6794ed09e158bc7996910f8ba59fb2
A0219,pool,,,,,1000,,,/Users/zhouzhou/Downloads/KWallet_Organized/01_日常研究/data/transaction_pools/TPLS_static_eval_T1000.npy,pools/TPLS_static_eval_T1000.npy,800128,76b7922eb7e8587c02bc583d06db201d801d6b141ff9b54f5fa26340a402ef05,,Original historical pool; file SHA-256 and original array-MD5 fingerprint verified; canonical Downloads copy,TPLS_static_eval_T1000.npy,TPLS,200,md5_array_payload:624adaab064b5d4739184ffc1d8133a6
A0220,pool_summary,,,,,1000,,,/Users/zhouzhou/Downloads/KWallet_Organized/01_日常研究/data/transaction_pools/TPLS_static_eval_T1000_summary.json,metadata/pools/TPLS_static_eval_T1000_summary.json,2257,6b75007fb3396b576eb76d6b7272632b57dffee42c37df2cda0d7a64975c147f,,"Original pool generation summary, unchanged",TPLS_static_eval_T1000.npy,TPLS,200,md5_array_payload:624adaab064b5d4739184ffc1d8133a6
A0221,pool,,,,,1000,,,/Users/zhouzhou/Downloads/KWallet_Organized/01_日常研究/data/transaction_pools/PLS_static_eval_T1000.npy,pools/PLS_static_eval_T1000.npy,800128,4e3aa54546a2ef55aa882332b130bf4b77565fa46665d6b803b6094cf41ddd9f,,Original historical pool; file SHA-256 and original array-MD5 fingerprint verified; canonical Downloads copy,PLS_static_eval_T1000.npy,PLS,200,md5_array_payload:0bf80c4e9a1f210a06befd3509adb0ce
A0222,pool_summary,,,,,1000,,,/Users/zhouzhou/Downloads/KWallet_Organized/01_日常研究/data/transaction_pools/PLS_static_eval_T1000_summary.json,metadata/pools/PLS_static_eval_T1000_summary.json,2240,2ea4913af1a84d14ee0731aa24659e772d3e8560db8a2d779c5d3b88960d3cb0,,"Original pool generation summary, unchanged",PLS_static_eval_T1000.npy,PLS,200,md5_array_payload:0bf80c4e9a1f210a06befd3509adb0ce
A0223,pool,,,,,1000,,,/Users/zhouzhou/Downloads/KWallet_Organized/01_日常研究/data/transaction_pools/UB_static_eval_T1000.npy,pools/UB_static_eval_T1000.npy,800128,9d38be603ebed0700cd6c4af2c8acbd9fc79c04ac05be66cbcba20a16a7b2701,,Original historical pool; file SHA-256 and original array-MD5 fingerprint verified; canonical Downloads copy,UB_static_eval_T1000.npy,UB,200,md5_array_payload:f1dd3a79ed48b1e459ce44fc969d3f75
A0224,pool_summary,,,,,1000,,,/Users/zhouzhou/Downloads/KWallet_Organized/01_日常研究/data/transaction_pools/UB_static_eval_T1000_summary.json,metadata/pools/UB_static_eval_T1000_summary.json,2317,d8089397ea463cb8b270d8562725b2e07e900fd62d607e4fff338ffa721920ea,,"Original pool generation summary, unchanged",UB_static_eval_T1000.npy,UB,200,md5_array_payload:f1dd3a79ed48b1e459ce44fc969d3f75
A0225,pool,,,,,1000,,,/Users/zhouzhou/Downloads/KWallet_Organized/01_日常研究/data/transaction_pools/TLB_static_eval_T1000.npy,pools/TLB_static_eval_T1000.npy,800128,31644c51e88e708cf8614870300ac3a1e6eeaee59314c4ab22c5f5c8f01f89ba,,Original historical pool; file SHA-256 and original array-MD5 fingerprint verified; canonical Downloads copy,TLB_static_eval_T1000.npy,TLB,200,md5_array_payload:fece0ecf493c8478473792278fc2ca76
A0226,pool_summary,,,,,1000,,,/Users/zhouzhou/Downloads/KWallet_Organized/01_日常研究/data/transaction_pools/TLB_static_eval_T1000_summary.json,metadata/pools/TLB_static_eval_T1000_summary.json,2322,df8fed3b711490028f15f98477033e40394db56e6e21931067d57447bd753a10,,"Original pool generation summary, unchanged",TLB_static_eval_T1000.npy,TLB,200,md5_array_payload:fece0ecf493c8478473792278fc2ca76
A0227,pool,,,,,1000,,,/Users/zhouzhou/Downloads/KWallet_Organized/01_日常研究/data/transaction_pools/LNB_static_eval_T1000.npy,pools/LNB_static_eval_T1000.npy,800128,7f9bd7ece2a0efbd4a5db135df52de8d2c5b251535e8929865756ae0fc1eeb36,,Original historical pool; file SHA-256 and original array-MD5 fingerprint verified; canonical Downloads copy,LNB_static_eval_T1000.npy,LNB,200,md5_array_payload:cf602043d10be8617e92d8164d075e21
A0228,pool_summary,,,,,1000,,,/Users/zhouzhou/Downloads/KWallet_Organized/01_日常研究/data/transaction_pools/LNB_static_eval_T1000_summary.json,metadata/pools/LNB_static_eval_T1000_summary.json,2320,951751569b9302f123f8a892582f9e36c8dc06bd1d7b83b73063c53466304498,,"Original pool generation summary, unchanged",LNB_static_eval_T1000.npy,LNB,200,md5_array_payload:cf602043d10be8617e92d8164d075e21
A0229,pool,,,,,1000,,,/Users/zhouzhou/Downloads/KWallet_Organized/01_日常研究/data/transaction_pools/TLNB_static_eval_T1000.npy,pools/TLNB_static_eval_T1000.npy,800128,891dbe4add63aa0f81f1a1396661a4c7b7a27f270468bb79ac1c990c0ec00811,,Original historical pool; file SHA-256 and original array-MD5 fingerprint verified; canonical Downloads copy,TLNB_static_eval_T1000.npy,TLNB,200,md5_array_payload:e91fe5660c67834bb677fbde5cf2935b
A0230,pool_summary,,,,,1000,,,/Users/zhouzhou/Downloads/KWallet_Organized/01_日常研究/data/transaction_pools/TLNB_static_eval_T1000_summary.json,metadata/pools/TLNB_static_eval_T1000_summary.json,2352,400075fe6f8efc50b6ebfd3575b8742e4537a77f91db2a317ea5d71b89fdd347,,"Original pool generation summary, unchanged",TLNB_static_eval_T1000.npy,TLNB,200,md5_array_payload:e91fe5660c67834bb677fbde5cf2935b
A0231,pool,,,,,1000,,,/Users/zhouzhou/Downloads/KWallet_Organized/01_日常研究/data/transaction_pools/TPLB_static_eval_T1000.npy,pools/TPLB_static_eval_T1000.npy,800128,69fa1007390719a17266dc014f199756c0ff55c36d788b122cc824010c375ae4,,Original historical pool; file SHA-256 and original array-MD5 fingerprint verified; canonical Downloads copy,TPLB_static_eval_T1000.npy,TPLB,200,md5_array_payload:26c76c6047f67b4f4b360a84ab440a1f
A0232,pool_summary,,,,,1000,,,/Users/zhouzhou/Downloads/KWallet_Organized/01_日常研究/data/transaction_pools/TPLB_static_eval_T1000_summary.json,metadata/pools/TPLB_static_eval_T1000_summary.json,2338,d5290aa124e77efe9db7ced1ecadd0d06ba9c3a9c9d83cb7b66fb61f21c9960a,,"Original pool generation summary, unchanged",TPLB_static_eval_T1000.npy,TPLB,200,md5_array_payload:26c76c6047f67b4f4b360a84ab440a1f
A0233,pool,,,,,1000,,,/Users/zhouzhou/Downloads/KWallet_Organized/01_日常研究/data/transaction_pools/PLB_static_eval_T1000.npy,pools/PLB_static_eval_T1000.npy,800128,684fc74167a56128fe48be5e70ee0fc0faeb7a329220449ac380326ca3762418,,Original historical pool; file SHA-256 and original array-MD5 fingerprint verified; canonical Downloads copy,PLB_static_eval_T1000.npy,PLB,200,md5_array_payload:384a3c3783308bc29c02737999e7a481
A0234,pool_summary,,,,,1000,,,/Users/zhouzhou/Downloads/KWallet_Organized/01_日常研究/data/transaction_pools/PLB_static_eval_T1000_summary.json,metadata/pools/PLB_static_eval_T1000_summary.json,2292,44f5c11c24ae15ee2e811511ef017e0e82201f1046dc6fd5e76a416e7ca450af,,"Original pool generation summary, unchanged",PLB_static_eval_T1000.npy,PLB,200,md5_array_payload:384a3c3783308bc29c02737999e7a481
A0235,pool_manifest,,,,,,,,/Users/zhouzhou/Downloads/KWallet_Organized/01_日常研究/reproduce_figures/seeds/transaction_pool_fingerprints.csv,metadata/pools/transaction_pool_fingerprints.csv,1323,ddbaed0f3b1536c3d8be4394792bc7e44f21e6c17b28929006f5c42015768bb6,,"Original submission/reproduction pool manifest; fingerprint MD5 refers to array payload, not .npy bytes",,,,
A0236,pool_manifest,,,,,,,,/Users/zhouzhou/Downloads/KWallet_Organized/01_日常研究/reproduce_figures/seeds/transaction_pool_seed_manifest.csv,metadata/pools/transaction_pool_seed_manifest.csv,612,e0b82a4fc0712b742f410a146b502fa209fe6552637c3ca425d00b6bd16b1354,,"Original submission/reproduction pool manifest; fingerprint MD5 refers to array payload, not .npy bytes",,,,
