episode,settled_value,dropped_value,total_value,total_transaction_value,value_accept_ratio,drops,drop_rate,flushes,money,flush_A_count,flush_B_count,drop_A_count,drop_B_count,settled_A_value,settled_B_value,available_A,available_B,committed_A,committed_B,episode_return,training_reward_return,reward_scale,steps,settle_action_0,settle_action_1,elapsed_sec,flush_action_0,flush_action_1,flush_action_2,flush_action_3,flush_action_4,flush_action_5,flush_action_6,flush_action_7,flush_action_8,flush_action_9,flush_action_10,flush_action_11,flush_action_12,flush_action_13,flush_action_14,flush_action_15,flush_action_16,flush_action_17,flush_action_18,flush_action_19,flush_action_20,flush_action_21,flush_action_22,flush_action_23,flush_action_24,flush_action_25,flush_action_26,flush_action_27,flush_action_28,flush_action_29,flush_action_30,flush_action_31,flush_action_32,loss,policy_loss,value_loss,entropy,entropy_coef
1,25627.0,24677.0,50304.0,50304.0,0.5094425890585241,486.0,0.486,902.0,-64573.0,462.0,440.0,231.0,255.0,13493.0,12134.0,973.6983587499898,953.903373864517,3.082223583985545,46.09662613548291,-64573.0,-645.7300000000002,100.0,1000,486,514,0.11559095792472363,33,27,23,42,28,36,33,29,24,29,30,28,36,41,31,23,27,29,39,26,30,29,27,31,34,30,31,22,26,32,28,37,29,42.888187408447266,0.003268003463745117,86.02099609375,4.186018943786621,0.03
2,24192.0,24803.0,48995.0,48995.0,0.49376466986427187,502.0,0.502,888.0,-64608.0,483.0,405.0,255.0,247.0,12687.0,11505.0,951.8827336743395,930.5,47.34914572676891,36.650390625,-64608.0,-646.0800000000003,100.0,1000,502,498,0.10944645898416638,36,34,46,26,28,36,46,30,23,36,28,26,32,30,36,37,30,28,31,19,25,22,26,35,26,29,30,27,22,21,26,41,32,42.9386100769043,0.030503449961543083,86.0671157836914,4.185430526733398,0.029973
3,24263.0,26516.0,50779.0,50779.0,0.4778156324464838,527.0,0.527,894.0,-65137.0,463.0,431.0,265.0,262.0,12675.0,11588.0,892.4164933916421,950.999999999999,107.58350660835785,3.0625,-65137.0,-651.3699999999994,100.0,1000,527,473,0.11045362497679889,30,37,22,28,42,33,35,29,29,31,32,34,30,34,35,19,31,28,27,21,31,34,35,37,28,31,34,25,25,20,25,36,32,41.512454986572266,-0.08971160650253296,83.45492553710938,4.184084892272949,0.029946
4,26200.0,24060.0,50260.0,50260.0,0.5212892956625547,486.0,0.486,898.0,-63600.0,451.0,447.0,245.0,241.0,12915.0,13285.0,933.8751902803814,929.4509580994331,12.555697503284492,70.5490419005668,-63600.0,-635.9999999999999,100.0,1000,486,514,0.10979654092807323,33,29,29,32,30,31,44,37,26,32,21,32,24,35,31,29,23,46,41,33,31,25,27,24,23,31,34,32,30,24,21,29,31,40.5484733581543,0.0480799674987793,81.25104522705078,4.182242393493652,0.029918999999999998
5,26525.0,24275.0,50800.0,50800.0,0.5221456692913385,474.0,0.474,849.0,-58375.0,426.0,423.0,236.0,238.0,12941.0,13584.0,929.4044220106845,898.7499999999999,48.61833543649833,56.953125,-58375.0,-583.7499999999998,100.0,1000,474,526,0.11057816701941192,54,23,37,38,30,29,36,21,31,32,28,29,23,25,29,35,35,28,37,26,27,29,25,27,23,26,28,24,40,28,30,32,35,33.92487335205078,0.012826081365346909,68.07395935058594,4.179461479187012,0.029892
6,22947.0,26721.0,49668.0,49668.0,0.46200773133607154,531.0,0.531,845.0,-61553.0,419.0,426.0,270.0,261.0,11571.0,11376.0,873.3500639796256,968.0926711056377,62.412484005093575,3.4898640978208277,-61553.0,-615.5300000000007,100.0,1000,531,469,0.10887349990662187,40,30,33,33,34,27,24,23,28,34,29,36,32,25,21,26,30,40,28,30,36,17,29,32,22,28,31,28,28,28,36,34,48,35.36089324951172,-0.11164798587560654,71.19447326660156,4.175238609313965,0.029865
7,25943.0,25725.0,51668.0,51668.0,0.5021096229774715,499.0,0.499,833.0,-57357.0,433.0,400.0,256.0,243.0,13515.0,12428.0,999.9990022182463,659.621704101562,0.0007483363151550293,27.9216570854187,-57357.0,-573.5699999999999,100.0,1000,499,501,0.10989149997476488,42,27,29,23,34,24,34,28,22,44,35,20,28,25,35,29,30,35,26,28,24,25,35,33,24,28,29,28,27,27,35,37,50,30.079225540161133,-0.08195220679044724,60.571136474609375,4.168852806091309,0.029838
8,25839.0,23999.0,49838.0,49838.0,0.5184598097836992,490.0,0.49,845.0,-58661.0,403.0,442.0,247.0,243.0,12619.0,13220.0,940.4414336681364,946.9999999999997,0.0,23.1875,-58661.0,-586.6099999999999,100.0,1000,490,510,0.10903275001328439,45,33,32,34,36,23,23,24,28,30,27,31,25,22,36,19,29,39,41,28,19,20,29,31,25,34,31,39,19,33,35,30,50,32.283660888671875,0.009611867368221283,64.79611206054688,4.15986442565918,0.029810999999999997
9,25376.0,24257.0,49633.0,49633.0,0.5112727419257349,484.0,0.484,821.0,-56724.0,419.0,402.0,245.0,239.0,12695.0,12681.0,967.9653530120847,843.3149490356445,22.02381980419159,10.60777622461319,-56724.0,-567.2400000000004,100.0,1000,484,516,0.10963633295614272,44,35,24,23,32,18,32,23,34,40,33,36,21,14,37,27,35,28,28,21,27,25,38,22,26,29,22,30,23,29,39,37,68,29.618181228637695,-0.003094603307545185,59.489585876464844,4.147119522094727,0.029783999999999998
10,26429.0,24165.0,50594.0,50594.0,0.522374194568526,473.0,0.473,825.0,-56071.0,360.0,465.0,259.0,214.0,12257.0,14172.0,918.2897213873706,951.9507921890464,81.7102786126294,0.0,-56071.0,-560.7100000000002,100.0,1000,473,527,0.10925191594287753,37,21,26,14,24,35,27,15,29,33,39,26,18,15,35,23,42,33,26,20,28,27,44,34,24,39,27,22,37,25,38,53,64,29.261789321899414,0.08112947642803192,58.607154846191406,4.1306891441345215,0.029757
11,27901.0,24058.0,51959.0,51959.0,0.5369810812371293,455.0,0.455,827.0,-54799.0,371.0,456.0,233.0,222.0,14057.0,13844.0,931.9999999999994,996.2499999999997,25.5,0.0,-54799.0,-547.9900000000002,100.0,1000,455,545,0.10875999997369945,50,28,21,19,35,19,28,27,35,43,32,23,20,21,22,20,37,33,29,30,25,35,35,27,28,39,28,25,32,25,25,34,70,27.58394432067871,0.11812306940555573,55.17601776123047,4.1099138259887695,0.02973
12,26347.0,24409.0,50756.0,50756.0,0.5190913389550004,474.0,0.474,814.0,-55053.0,402.0,412.0,227.0,247.0,12482.0,13865.0,999.9492311477659,869.171875,0.01903831958770752,93.2373046875,-55053.0,-550.53,100.0,1000,474,526,0.110641208011657,60,15,21,22,34,32,18,30,26,29,23,23,20,18,38,31,45,40,25,24,25,23,34,27,27,36,23,29,24,26,37,33,82,25.152267456054688,-0.047090496867895126,50.64118957519531,4.081636428833008,0.029703
13,24719.0,25658.0,50377.0,50377.0,0.49068027075848103,480.0,0.48,787.0,-53981.0,358.0,429.0,245.0,235.0,12033.0,12686.0,999.9999999999997,893.9999999999999,0.0,0.0,-53981.0,-539.8100000000005,100.0,1000,480,520,0.10829849995207042,61,32,24,21,30,33,22,12,24,36,26,25,25,13,26,25,51,39,25,22,25,17,31,22,32,31,23,35,25,25,35,36,91,22.819948196411133,-0.10144676268100739,46.082908630371094,4.0456953048706055,0.029675999999999998
14,29693.0,20617.0,50310.0,50310.0,0.5902007553170344,417.0,0.417,770.0,-47307.0,334.0,436.0,226.0,191.0,14083.0,15610.0,867.2578125,999.9999999999998,132.7421875,0.0,-47307.0,-473.06999999999977,100.0,1000,417,583,0.1088089580880478,88,29,16,22,23,24,16,21,24,29,25,17,17,16,16,23,47,28,28,18,27,28,35,28,35,34,24,31,26,23,26,54,102,17.14212989807129,-0.06074211373925209,34.64322280883789,4.004871368408203,0.029649
15,28777.0,22557.0,51334.0,51334.0,0.5605836287840418,442.0,0.442,754.0,-46623.0,322.0,432.0,220.0,222.0,14398.0,14379.0,996.5625,845.96826171875,3.4375,43.99832367897034,-46623.0,-466.2299999999994,100.0,1000,442,558,0.10913704195991158,79,12,29,21,27,23,16,13,20,37,26,24,16,9,33,20,56,32,35,30,11,26,36,34,32,36,16,31,33,21,28,37,101,16.604814529418945,0.030622897669672966,33.38278579711914,3.9565553665161133,0.029622
16,27860.0,23076.0,50936.0,50936.0,0.5469608920998901,447.0,0.447,703.0,-42440.0,314.0,389.0,213.0,234.0,14125.0,13735.0,835.075041890144,987.203125,17.026607646374032,12.796875,-42440.0,-424.4000000000006,100.0,1000,447,553,0.11042758298572153,96,16,24,15,28,19,15,17,20,34,29,22,12,8,19,29,63,39,26,24,22,15,38,28,20,47,15,30,21,18,24,26,141,13.526909828186035,0.057712022215127945,27.168725967407227,3.8913543224334717,0.029595
17,28059.0,21885.0,49944.0,49944.0,0.5618092263334935,450.0,0.45,703.0,-42241.0,321.0,382.0,214.0,236.0,15381.0,12678.0,724.1224776078933,1000.0,0.0,0.0,-42241.0,-422.4100000000003,100.0,1000,450,550,0.10859466600231826,113,24,21,15,27,22,24,9,13,34,30,20,14,10,18,27,58,26,26,19,19,20,35,33,27,42,10,34,22,20,23,31,134,11.640067100524902,-0.007230413146317005,23.52004623413086,3.812408208847046,0.029568
18,27142.0,22747.0,49889.0,49889.0,0.544047786085109,451.0,0.451,663.0,-39158.0,290.0,373.0,222.0,229.0,13599.0,13543.0,922.9999999999997,996.66015625,4.8125,0.0,-39158.0,-391.58,100.0,1000,451,549,0.10973066696897149,112,16,21,19,16,18,25,12,18,27,22,21,14,8,18,29,72,25,31,18,27,10,23,31,24,41,14,22,16,15,27,36,172,8.582181930541992,-0.037325065582990646,17.458791732788086,3.719882011413574,0.029540999999999998
19,28724.0,21365.0,50089.0,50089.0,0.5734592425482641,422.0,0.422,647.0,-35976.0,277.0,370.0,227.0,195.0,14748.0,13976.0,999.9999999999999,948.0,0.0,52.0,-35976.0,-359.7599999999998,100.0,1000,422,578,0.10978000005707145,135,15,18,7,15,9,23,10,14,27,31,21,4,8,13,20,96,25,27,20,23,13,31,19,21,43,19,22,26,21,14,37,173,7.145503044128418,-0.019323287531733513,14.54202651977539,3.5978548526763916,0.029514
20,27650.0,22386.0,50036.0,50036.0,0.5526021264689424,436.0,0.436,613.0,-33650.0,240.0,373.0,204.0,232.0,13617.0,14033.0,928.9375,967.66015625,0.0,0.0,-33650.0,-336.49999999999955,100.0,1000,436,564,0.10856558301020414,136,15,18,10,15,15,13,6,9,20,23,8,9,10,14,15,108,42,25,22,17,11,28,22,24,48,12,19,18,23,19,26,200,4.4149885177612305,-0.09384365379810333,9.22270679473877,3.4768354892730713,0.029487
21,29638.0,20730.0,50368.0,50368.0,0.5884291613722998,437.0,0.437,576.0,-27962.0,242.0,334.0,239.0,198.0,13937.0,15701.0,915.5186264514922,922.0,79.20128770172596,10.6640625,-27962.0,-279.6199999999998,100.0,1000,437,563,0.11018012498971075,180,17,21,3,10,7,9,8,12,21,10,16,11,14,23,18,103,21,24,17,14,8,19,19,16,38,12,20,19,16,20,20,234,2.7786483764648438,-0.0649903193116188,5.885529518127441,3.3647685050964355,0.02946
22,29187.0,23139.0,52326.0,52326.0,0.5577915376676986,438.0,0.438,526.0,-23413.0,220.0,306.0,228.0,210.0,15014.0,14173.0,755.25,1000.0,244.75,0.0,-23413.0,-234.12999999999977,100.0,1000,438,562,0.10864141606725752,206,10,14,9,18,13,9,9,7,13,12,13,10,7,7,10,104,20,31,16,9,14,23,19,20,40,5,13,14,17,19,15,254,2.0718207359313965,-0.01938130147755146,4.371912479400635,3.2193174362182617,0.029432999999999997
23,25858.0,21257.0,47115.0,47115.0,0.5488273373660193,449.0,0.449,510.0,-25142.0,212.0,298.0,249.0,200.0,13908.0,11950.0,927.0,1000.0,73.0,0.0,-25142.0,-251.4199999999998,100.0,1000,449,551,0.11308966693468392,203,14,15,7,9,8,11,6,8,17,8,9,6,3,12,12,103,20,16,14,10,10,18,17,9,33,9,18,9,8,24,20,314,2.063664674758911,0.002959350124001503,4.30469274520874,3.1164066791534424,0.029405999999999998
24,29239.0,21393.0,50632.0,50632.0,0.5774806446516038,419.0,0.419,481.0,-18861.0,177.0,304.0,210.0,209.0,13778.0,15461.0,937.0,1000.0,63.0,0.0,-18861.0,-188.61000000000016,100.0,1000,419,581,0.10853204200975597,224,14,14,11,9,20,13,4,4,11,11,4,3,3,7,9,106,20,25,18,11,9,24,19,9,23,4,16,11,6,19,22,297,1.2789541482925415,0.01553868968039751,2.7095911502838135,3.110388994216919,0.029379
25,28666.0,20408.0,49074.0,49074.0,0.5841382402086644,429.0,0.429,491.0,-20434.0,189.0,302.0,202.0,227.0,15186.0,13480.0,760.0,927.0,0.0,31.9375,-20434.0,-204.33999999999975,100.0,1000,429,571,0.10994945792481303,247,6,17,3,9,14,9,5,3,12,12,5,5,9,6,3,120,12,17,10,14,6,32,22,24,23,14,11,10,10,11,22,277,1.589717984199524,-0.025147046893835068,3.4063243865966797,3.008214235305786,0.029352
26,28274.0,20730.0,49004.0,49004.0,0.5769733083013632,423.0,0.423,488.0,-20526.0,169.0,319.0,210.0,213.0,14071.0,14203.0,929.0,941.0,0.0,25.8125,-20526.0,-205.26000000000005,100.0,1000,423,577,0.10966820805333555,232,7,14,4,6,17,8,3,3,6,12,9,11,4,5,4,96,20,17,17,13,5,28,10,15,33,8,10,6,13,24,14,326,1.0732429027557373,0.0506543330848217,2.215355157852173,2.901582956314087,0.029325
27,31542.0,19445.0,50987.0,50987.0,0.618628277796301,377.0,0.377,471.0,-15558.0,180.0,291.0,170.0,207.0,16271.0,15271.0,726.0,984.875,0.0,0.0,-15558.0,-155.57999999999984,100.0,1000,377,623,0.10842920793220401,291,11,7,2,2,17,10,6,6,12,8,7,3,5,7,5,108,20,17,10,17,5,17,4,9,22,4,18,14,8,15,11,302,1.176529884338379,-0.018706532195210457,2.5638506412506104,2.95886492729187,0.029297999999999998
28,28653.0,19833.0,48486.0,48486.0,0.5909540898403662,411.0,0.411,454.0,-16747.0,172.0,282.0,199.0,212.0,15389.0,13264.0,938.0,867.8208770751953,0.0,84.0,-16747.0,-167.4699999999998,100.0,1000,411,589,0.10974500002339482,293,8,10,4,7,7,14,3,2,13,15,5,6,4,3,7,95,20,10,9,21,6,24,12,18,26,2,11,9,17,15,22,282,1.3801698684692383,-0.00978245958685875,2.9524896144866943,2.9480559825897217,0.029271
29,33633.0,18787.0,52420.0,52420.0,0.6416062571537581,354.0,0.354,475.0,-13867.0,159.0,316.0,159.0,195.0,17329.0,16304.0,870.0,933.0,31.0,7.328125,-13867.0,-138.66999999999985,100.0,1000,354,646,0.10903712501749396,278,14,10,7,12,4,5,4,3,6,6,12,2,2,4,10,96,8,15,12,20,11,30,16,22,28,1,8,11,7,22,13,301,2.189476728439331,-0.0849173292517662,4.722886562347412,2.976649522781372,0.029244
30,31490.0,18690.0,50180.0,50180.0,0.6275408529294539,372.0,0.372,493.0,-17810.0,173.0,320.0,174.0,198.0,15305.0,16185.0,781.0,922.0,219.0,39.0,-17810.0,-178.10000000000002,100.0,1000,372,628,0.10941312497016042,283,5,13,7,7,10,5,6,5,5,15,9,5,4,8,10,84,24,17,14,29,6,22,7,17,20,4,19,13,13,16,11,287,1.1065171957015991,-0.01476261205971241,2.411482810974121,2.890838146209717,0.029217
31,32851.0,16966.0,49817.0,49817.0,0.6594335267077504,349.0,0.349,482.0,-15349.0,145.0,337.0,180.0,169.0,15770.0,17081.0,1000.0,941.0,0.0,0.0,-15349.0,-153.49000000000007,100.0,1000,349,651,0.10897416598163545,306,7,10,5,7,10,5,5,1,5,2,7,7,3,7,7,88,11,11,7,17,13,28,10,26,19,3,23,10,12,9,10,309,1.334158182144165,-0.026304347440600395,2.8844962120056152,2.80183482170105,0.02919
32,30171.0,19277.0,49448.0,49448.0,0.6101561236045947,385.0,0.385,424.0,-12229.0,123.0,301.0,199.0,186.0,15419.0,14752.0,556.0,1000.0,0.0,0.0,-12229.0,-122.28999999999988,100.0,1000,385,615,0.10904254205524921,336,8,14,6,5,8,5,7,3,3,3,3,6,1,3,10,64,22,16,15,17,9,19,3,18,17,4,14,11,11,15,10,314,1.6046100854873657,0.04023078456521034,3.2944412231445312,2.840629816055298,0.029162999999999998
33,31668.0,17997.0,49665.0,49665.0,0.6376321353065539,361.0,0.361,451.0,-13432.0,143.0,308.0,196.0,165.0,15692.0,15976.0,855.0,956.0,145.0,0.0,-13432.0,-134.32000000000008,100.0,1000,361,639,0.11057616595644504,337,6,6,3,10,7,5,3,4,11,6,8,4,2,9,12,63,7,16,12,16,9,25,3,22,22,9,18,16,14,4,14,297,1.2533812522888184,-0.12561509013175964,2.9200057983398438,2.780291795730591,0.029136
34,34325.0,15529.0,49854.0,49854.0,0.6885104505155053,327.0,0.327,426.0,-8275.0,132.0,294.0,179.0,148.0,17299.0,17026.0,630.5996704101562,964.25,369.40032958984375,0.0,-8275.0,-82.74999999999993,100.0,1000,327,673,0.10944029199890792,358,6,7,5,3,12,9,5,6,4,7,8,5,1,7,6,51,11,18,11,15,7,20,12,15,20,7,14,14,12,16,10,298,1.226762056350708,-0.017768029123544693,2.650728702545166,2.7769532203674316,0.029109
35,33885.0,15230.0,49115.0,49115.0,0.6899114323526417,318.0,0.318,429.0,-9015.0,112.0,317.0,156.0,162.0,16471.0,17414.0,597.78662109375,899.0,0.0,36.0,-9015.0,-90.14999999999984,100.0,1000,318,682,0.10888170904945582,346,6,6,5,4,6,5,4,2,7,7,2,5,0,6,7,48,10,20,9,23,5,19,18,15,21,7,16,10,14,4,9,334,1.149389386177063,-0.052634745836257935,2.5677878856658936,2.8151373863220215,0.029082
36,34400.0,16065.0,50465.0,50465.0,0.6816605568215595,329.0,0.329,434.0,-9000.0,136.0,298.0,167.0,162.0,16031.0,18369.0,960.4132750244171,787.0,39.58672497558291,24.75,-9000.0,-89.99999999999997,100.0,1000,329,671,0.10916708398144692,350,9,6,4,9,8,9,6,9,9,8,5,4,2,3,5,62,11,13,7,20,15,22,4,13,14,7,10,9,12,18,10,307,1.2214733362197876,0.015014434233307838,2.5788683891296387,2.8558011054992676,0.029054999999999997
37,32649.0,16776.0,49425.0,49425.0,0.6605766312594841,330.0,0.33,427.0,-10051.0,145.0,282.0,161.0,169.0,17734.0,14915.0,663.9989624023438,1000.0,0.0,0.0,-10051.0,-100.5100000000001,100.0,1000,330,670,0.10964437492657453,364,9,9,4,6,7,13,7,3,10,6,6,6,5,8,7,52,9,19,11,18,7,24,7,12,20,9,16,11,7,6,15,287,1.0953747034072876,-0.03032761812210083,2.4127914905548096,2.779845952987671,0.029027999999999998
38,34384.0,15322.0,49706.0,49706.0,0.691747475153905,325.0,0.325,439.0,-9516.0,142.0,297.0,171.0,154.0,17477.0,16907.0,822.5517578125,885.0,177.4482421875,0.0,-9516.0,-95.16000000000001,100.0,1000,325,675,0.10828499996569008,373,12,6,3,8,7,10,8,6,7,9,6,7,6,9,9,46,11,11,10,20,4,17,12,12,22,5,12,14,15,8,10,285,1.3237451314926147,-0.1229645162820816,3.0471978187561035,2.651261329650879,0.029001
39,35019.0,14344.0,49363.0,49363.0,0.7094179851305634,290.0,0.29,409.0,-5881.0,119.0,290.0,144.0,146.0,16797.0,18222.0,1000.0,896.25,0.0,103.75,-5881.0,-58.81000000000008,100.0,1000,290,710,0.10931970796082169,403,5,7,4,3,9,6,10,4,6,7,6,8,5,5,6,39,8,20,11,11,4,11,13,12,19,5,15,14,4,13,11,296,0.9506898522377014,-0.021267488598823547,2.0960283279418945,2.625000476837158,0.028974
40,35902.0,13116.0,49018.0,49018.0,0.7324248235342119,267.0,0.267,428.0,-6898.0,118.0,310.0,129.0,138.0,16615.0,19287.0,865.0,719.3125,59.0625,0.0,-6898.0,-68.97999999999989,100.0,1000,267,733,0.10846787504851818,430,4,10,5,4,7,2,6,4,11,7,7,4,3,10,5,42,12,23,12,12,6,14,9,9,15,9,9,14,13,15,14,253,0.7808424234390259,0.021812304854393005,1.667841911315918,2.5871708393096924,0.028947
41,37116.0,12117.0,49233.0,49233.0,0.7538845896045335,246.0,0.246,408.0,-3684.0,119.0,289.0,126.0,120.0,18012.0,19104.0,701.0,1000.0,299.0,0.0,-3684.0,-36.84,100.0,1000,245,755,0.10865587496664375,471,5,6,6,5,6,8,2,5,12,7,6,5,4,5,9,36,8,22,9,10,9,12,9,9,14,10,10,4,7,12,6,251,1.0534210205078125,0.08497799932956696,2.082490921020508,2.5173728466033936,0.028919999999999998
42,39146.0,12042.0,51188.0,51188.0,0.7647495506759396,250.0,0.25,398.0,-654.0,117.0,281.0,116.0,134.0,18770.0,20376.0,764.8515625,817.0,235.1484375,91.5,-654.0,-6.540000000000012,100.0,1000,250,750,0.10927304194774479,459,8,9,5,4,5,4,8,3,8,7,5,5,5,11,8,28,3,17,12,12,7,14,18,11,19,15,13,10,8,13,14,232,1.2630670070648193,-0.021700719371438026,2.7169620990753174,2.551253318786621,0.028893
43,37160.0,11741.0,48901.0,48901.0,0.7599026604772908,237.0,0.237,421.0,-4940.0,131.0,290.0,128.0,109.0,17686.0,19474.0,293.44921875,1000.0,706.55078125,0.0,-4940.0,-49.400000000000006,100.0,1000,237,763,0.10791391704697162,483,7,9,7,4,8,9,4,4,16,6,8,4,5,10,4,29,8,17,15,18,13,22,6,7,14,6,11,18,3,9,13,203,1.0057533979415894,-0.1264006644487381,2.4058027267456055,2.4508872032165527,0.028866
44,39375.0,11075.0,50450.0,50450.0,0.7804757185332012,226.0,0.226,389.0,475.0,116.0,273.0,114.0,112.0,20568.0,18807.0,381.875,944.0,405.15478515625,56.0,475.0,4.750000000000005,100.0,1000,226,774,0.10943466599565,519,6,7,2,9,8,8,7,4,7,6,8,3,4,5,6,28,13,19,3,17,7,13,10,6,13,8,13,8,7,6,12,208,1.1851035356521606,0.009578057564795017,2.4881606101989746,2.377156972885132,0.028839
45,37441.0,12278.0,49719.0,49719.0,0.7530521531004244,246.0,0.246,374.0,41.0,120.0,254.0,135.0,111.0,18889.0,18552.0,151.14224243164062,724.0,848.8577575683594,86.25,41.0,0.40999999999999925,100.0,1000,237,763,0.1082584171090275,534,6,8,7,8,9,8,5,7,7,13,7,5,1,5,5,26,12,10,13,13,8,15,8,13,14,4,17,11,8,12,6,175,1.2370260953903198,-0.11565392464399338,2.841737747192383,2.366683006286621,0.028811999999999997
46,39979.0,9881.0,49860.0,49860.0,0.8018251103088648,192.0,0.192,356.0,4379.0,117.0,239.0,100.0,92.0,21569.0,18410.0,26.929687499999886,1000.0,243.267578125,0.0,4379.0,43.78999999999999,100.0,1000,191,809,0.11036275001242757,568,5,9,7,4,5,6,9,5,4,7,3,10,2,11,13,18,8,17,12,13,7,11,11,11,11,8,11,13,11,9,6,155,1.2254585027694702,-0.0427195206284523,2.674262285232544,2.3954548835754395,0.028784999999999998
47,41948.0,8591.0,50539.0,50539.0,0.8300124656206098,180.0,0.18,355.0,6448.0,106.0,249.0,79.0,101.0,19403.0,22545.0,812.671875,1000.0,187.328125,0.0,6448.0,64.48000000000003,100.0,1000,175,825,0.10838779108598828,584,9,4,5,6,5,8,8,6,6,3,2,5,4,9,9,20,7,15,6,12,9,14,6,11,16,8,20,5,13,9,9,147,1.6499062776565552,-0.07880794256925583,3.5950801372528076,2.393275260925293,0.028758
48,41479.0,8787.0,50266.0,50266.0,0.8251899892571519,177.0,0.177,369.0,4579.0,133.0,236.0,87.0,90.0,20313.0,21166.0,172.6328125,879.0,827.3671875,90.75,4579.0,45.789999999999985,100.0,1000,177,823,0.10983912495430559,570,5,11,8,4,6,11,4,7,11,2,4,2,8,8,11,35,9,17,8,14,13,7,10,10,14,6,12,10,8,16,6,133,1.1201198101043701,0.09772668778896332,2.1799192428588867,2.3516921997070312,0.028731
49,41229.0,9072.0,50301.0,50301.0,0.8196457326892109,186.0,0.186,367.0,4529.0,121.0,246.0,99.0,87.0,20625.0,20604.0,596.958149909973,1000.0,176.33080941438675,0.0,4529.0,45.29000000000005,100.0,1000,178,822,0.10863129096105695,592,4,7,4,6,9,9,4,6,11,10,3,4,4,8,10,26,12,21,7,14,4,14,13,9,19,11,17,8,7,8,10,109,1.5973730087280273,0.0930023118853569,3.138831377029419,2.266061782836914,0.028704
50,38997.0,8522.0,47519.0,47519.0,0.8206612092005303,184.0,0.184,361.0,2897.0,122.0,239.0,95.0,89.0,19795.0,19202.0,598.0007019042969,864.0,0.0,136.0,2897.0,28.970000000000006,100.0,1000,183,817,0.11616387497633696,595,9,4,4,6,8,15,6,9,9,4,5,6,4,4,4,30,12,23,11,19,5,11,10,11,18,7,14,8,9,8,11,101,1.433782935142517,0.06064417585730553,2.865715265274048,2.0824646949768066,0.028676999999999998
51,42510.0,7383.0,49893.0,49893.0,0.8520233299260417,153.0,0.153,334.0,9110.0,130.0,204.0,78.0,75.0,21986.0,20524.0,647.4470423380845,407.5234375,352.55295766191557,0.0,9110.0,91.10000000000001,100.0,1000,147,853,0.10905641596764326,642,8,7,8,3,12,10,12,4,8,6,8,7,9,7,6,19,10,13,9,11,8,12,11,7,9,7,19,8,4,9,7,80,1.4520835876464844,-0.0037715835496783257,3.0244719982147217,1.96791672706604,0.02865
52,41129.0,7357.0,48486.0,48486.0,0.848265478694881,156.0,0.156,297.0,11429.0,114.0,183.0,86.0,70.0,22298.0,18831.0,352.32534290065314,1000.0,647.6746570993467,0.0,11429.0,114.29000000000005,100.0,1000,152,848,0.10789562505669892,671,4,1,6,4,7,6,11,11,13,8,5,4,6,6,7,17,10,7,8,14,4,9,3,9,10,6,11,5,6,8,13,90,1.513883352279663,0.12851671874523163,2.8778297901153564,1.8708122968673706,0.028623
53,43567.0,7452.0,51019.0,51019.0,0.8539367686548148,147.0,0.147,298.0,13767.0,117.0,181.0,78.0,69.0,21296.0,22271.0,813.6727403327823,856.0,11.645453729201108,72.0,13767.0,137.6699999999999,100.0,1000,139,861,0.10970245802309364,674,10,3,5,5,7,8,6,10,10,9,2,3,5,6,13,18,5,16,12,12,6,13,8,10,5,7,7,8,7,8,6,76,2.005960464477539,-0.1398209184408188,4.393981456756592,1.7907904386520386,0.028596
54,44932.0,6718.0,51650.0,51650.0,0.8699322362052275,124.0,0.124,266.0,18332.0,116.0,150.0,68.0,56.0,20654.0,24278.0,743.0,685.61962890625,257.0,137.54141235351562,18332.0,183.31999999999977,100.0,1000,113,887,0.10858579108025879,710,8,4,11,1,13,7,5,3,6,13,2,5,4,11,12,16,6,13,5,6,6,6,4,10,9,6,8,5,2,4,8,71,2.470745086669922,-0.018409473821520805,5.074694633483887,1.6868876218795776,0.028568999999999997
55,44107.0,6664.0,50771.0,50771.0,0.868743968013236,149.0,0.149,256.0,18507.0,95.0,161.0,98.0,51.0,21456.0,22651.0,631.2383422851562,900.0,322.6664505004883,0.0,18507.0,185.07000000000022,100.0,1000,110,890,0.10955437505617738,727,10,1,10,9,8,8,12,8,4,3,4,6,0,5,1,8,4,15,7,9,8,10,9,9,9,9,5,7,4,8,5,58,2.8331942558288574,0.05614083632826805,5.643834590911865,1.5718587636947632,0.028541999999999998
56,43177.0,6360.0,49537.0,49537.0,0.8716111189615843,137.0,0.137,197.0,23477.0,83.0,114.0,98.0,39.0,20447.0,22730.0,6.531250000000114,689.0,993.46875,311.0,23477.0,234.7700000000002,100.0,1000,77,923,0.10912612499669194,798,6,3,2,5,4,10,1,6,7,4,7,5,4,5,8,6,5,10,2,9,6,2,1,6,9,2,4,5,3,6,4,45,3.362290382385254,-0.1065702959895134,7.019328594207764,1.4309576749801636,0.028515
57,43942.0,5595.0,49537.0,49537.0,0.8870541211619597,114.0,0.114,209.0,23042.0,90.0,119.0,76.0,38.0,21475.0,22467.0,681.3892195299268,76.7451171875,318.6107804700732,923.2548828125,23042.0,230.42000000000004,100.0,1000,82,918,0.10853254108224064,783,6,4,5,12,10,5,1,2,7,3,3,2,6,4,11,9,7,10,3,8,2,3,2,2,11,4,9,4,2,3,1,56,2.155137062072754,-0.00161657459102571,4.384078025817871,1.2386070489883423,0.028488
58,41326.0,9235.0,50561.0,50561.0,0.8173493404007041,185.0,0.185,164.0,24926.0,60.0,104.0,129.0,56.0,18822.0,22504.0,225.95284833764867,728.54296875,774.0471516623511,271.45703125,24926.0,249.25999999999993,100.0,1000,80,920,0.10959616699256003,826,2,6,5,4,3,8,4,3,2,6,3,3,3,2,5,3,5,4,9,5,4,7,5,4,2,3,12,6,7,5,4,30,3.1492459774017334,-0.015026623383164406,6.391578197479248,1.1073592901229858,0.028461
59,42668.0,7734.0,50402.0,50402.0,0.8465537081861831,148.0,0.148,156.0,27068.0,64.0,92.0,98.0,50.0,18810.0,23858.0,5.658096870572308,945.0,994.3419031294271,55.0,27068.0,270.6800000000002,100.0,1000,60,940,0.10821879201103002,836,4,4,2,4,5,5,6,4,4,8,1,2,4,2,7,2,3,8,3,3,4,3,1,15,5,2,4,4,2,1,4,38,2.5696256160736084,-0.11155517399311066,5.416394233703613,0.9501401782035828,0.028433999999999997
60,39767.0,10075.0,49842.0,49842.0,0.7978612415232134,203.0,0.203,122.0,27567.0,54.0,68.0,121.0,82.0,17113.0,22654.0,5.850588262081146,2.2734375,994.1494117379189,0.0,27567.0,275.67,100.0,1000,44,956,0.10928650002460927,875,7,1,1,2,2,4,4,2,3,3,1,1,6,8,6,4,1,8,5,1,4,3,3,2,8,1,5,2,2,0,3,22,2.9256768226623535,-0.028643503785133362,5.954962253570557,0.8153160214424133,0.028406999999999998
61,32438.0,17090.0,49528.0,49528.0,0.6549426586981102,334.0,0.334,91.0,23338.0,30.0,61.0,257.0,77.0,11222.0,21216.0,617.3805717126378,795.0,382.6194282873622,205.0,23338.0,233.3799999999999,100.0,1000,46,954,0.1083257079590112,907,4,0,1,0,3,5,4,2,1,2,0,1,3,1,2,2,2,7,1,3,2,1,1,2,5,0,4,2,3,2,3,24,2.0107173919677734,-0.03627218306064606,4.133366584777832,0.693923830986023,0.02838
62,32152.0,18068.0,50220.0,50220.0,0.6402230187176424,347.0,0.347,92.0,22952.0,48.0,44.0,151.0,196.0,16581.0,15571.0,342.0,3.926480770111084,658.0,996.0735192298889,22952.0,229.51999999999987,100.0,1000,40,960,0.10838045796845108,905,6,0,2,1,4,5,2,2,1,1,2,3,6,2,5,7,1,6,3,4,4,2,0,2,5,4,1,0,2,0,2,10,2.1239686012268066,0.09853703528642654,4.092534065246582,0.7348546385765076,0.028353
63,34721.0,13623.0,48344.0,48344.0,0.7182070163825914,291.0,0.291,98.0,24921.0,50.0,48.0,158.0,133.0,15841.0,18880.0,7.0059926321262935,211.75,992.9940073678738,315.59375,24921.0,249.2099999999999,100.0,1000,53,947,0.10853670805227011,895,2,3,7,4,6,4,1,1,1,2,4,3,1,4,5,5,4,4,2,1,0,2,1,0,4,3,3,0,2,1,3,22,1.8132836818695068,-0.08266233652830124,3.8313944339752197,0.6972826719284058,0.028326
64,32290.0,17216.0,49506.0,49506.0,0.6522441724235446,341.0,0.341,101.0,22190.0,50.0,51.0,169.0,172.0,16391.0,15899.0,582.2853094417354,618.7534536661464,417.71469055826446,381.2465463338534,22190.0,221.89999999999984,100.0,1000,37,963,0.10835158301051706,898,4,3,3,1,7,1,5,2,1,2,5,2,1,2,7,4,3,7,3,2,4,1,1,3,1,7,3,1,4,2,4,6,1.691709041595459,-0.027245566248893738,3.4771997928619385,0.6942038536071777,0.028298999999999998
65,36824.0,15011.0,51835.0,51835.0,0.7104080254654191,270.0,0.27,92.0,27624.0,43.0,49.0,171.0,99.0,15441.0,21383.0,17.78710120677863,170.0,982.2128987932216,830.0,27624.0,276.23999999999995,100.0,1000,29,971,0.10924387502018362,906,2,0,3,2,5,4,1,7,2,1,3,1,2,4,4,2,1,5,2,2,2,0,0,0,1,2,3,1,2,1,5,24,2.1239969730377197,0.016188116744160652,4.254590034484863,0.6892396211624146,0.028272
66,36481.0,13806.0,50287.0,50287.0,0.7254558832302583,266.0,0.266,102.0,26281.0,51.0,51.0,162.0,104.0,16473.0,20008.0,9.73036742514762,403.9375,990.2696325748523,596.0625,26281.0,262.81000000000006,100.0,1000,35,965,0.13494554196950048,898,3,3,4,3,7,6,2,5,1,0,3,0,5,5,2,2,1,2,4,1,2,2,1,0,2,1,2,1,1,3,4,24,1.0005552768707275,-0.11524663865566254,2.2691783905029297,0.6651515364646912,0.028245
67,36083.0,14005.0,50088.0,50088.0,0.7203921098865996,262.0,0.262,89.0,27183.0,44.0,45.0,147.0,115.0,17315.0,18768.0,2.5151966592781037,681.0,997.4848033407219,319.0,27183.0,271.8300000000001,100.0,1000,28,972,0.10940108296927065,910,3,1,2,2,1,4,4,4,1,0,5,2,6,1,5,3,2,3,2,2,2,0,0,4,5,2,4,0,0,2,0,18,1.595615029335022,-0.02899358794093132,3.2854199409484863,0.6414833068847656,0.028218
68,37019.0,13156.0,50175.0,50175.0,0.7377977080219232,234.0,0.234,79.0,29119.0,43.0,36.0,129.0,105.0,18043.0,18976.0,481.486886681982,723.0,324.07069582376124,277.0,29119.0,291.19000000000017,100.0,1000,34,966,0.10889254102949053,914,0,3,4,1,2,6,1,2,3,1,0,0,5,4,9,3,2,0,1,1,5,1,1,0,1,2,1,0,1,0,0,26,2.1740989685058594,-0.11607423424720764,4.617344379425049,0.6562027335166931,0.028190999999999997
69,32955.0,16795.0,49750.0,49750.0,0.6624120603015076,332.0,0.332,81.0,24855.0,34.0,47.0,206.0,126.0,13953.0,19002.0,702.6624080895593,961.0,297.3375919104407,39.0,24855.0,248.55000000000004,100.0,1000,35,965,0.10861179104540497,914,4,2,4,2,0,2,0,4,0,2,4,2,0,3,5,1,2,6,3,7,2,2,0,1,4,0,2,1,1,0,4,16,1.9397883415222168,-0.0033871387131512165,3.9312796592712402,0.79762864112854,0.028163999999999998
70,40162.0,9499.0,49661.0,49661.0,0.8087231429089224,170.0,0.17,106.0,29562.0,52.0,54.0,57.0,113.0,19044.0,21118.0,5.164062499999886,4.25,994.8359375,995.75,29562.0,295.6199999999998,100.0,1000,26,974,0.108130875043571,892,1,3,3,1,2,2,4,4,5,0,2,3,8,5,4,6,1,4,2,0,2,2,2,1,2,3,4,2,1,1,3,25,1.6384499073028564,-0.009404153563082218,3.332350730895996,0.6511452794075012,0.028137
71,37515.0,12434.0,49949.0,49949.0,0.7510660874091574,205.0,0.205,86.0,28915.0,49.0,37.0,74.0,131.0,19933.0,17582.0,24.73795618634199,194.0,975.262043813658,806.0,28915.0,289.1499999999999,100.0,1000,30,970,0.10891308297868818,914,3,1,4,0,1,1,1,4,2,4,1,0,6,2,16,3,0,5,0,1,4,0,1,3,2,0,1,1,0,2,1,16,1.6235793828964233,0.0512186735868454,3.1866517066955566,0.7458245754241943,0.02811
72,39188.0,13854.0,53042.0,53042.0,0.7388107537423174,250.0,0.25,85.0,30688.0,36.0,49.0,168.0,82.0,17378.0,21810.0,10.280502319335938,655.0,989.7194976806641,345.0,30688.0,306.8799999999994,100.0,1000,29,971,0.10848087503109127,913,1,0,1,0,4,2,0,4,0,1,5,2,10,0,4,3,3,5,0,1,2,1,0,1,0,0,2,2,1,3,7,22,2.298556089401245,0.053689319640398026,4.533008575439453,0.7704779505729675,0.028083
73,40124.0,9644.0,49768.0,49768.0,0.806220864812731,186.0,0.186,100.0,30124.0,42.0,58.0,129.0,57.0,18384.0,21740.0,1.092529296875,578.466796875,998.907470703125,421.533203125,30124.0,301.2399999999999,100.0,1000,39,961,0.10898595792241395,892,1,0,1,1,3,1,1,4,1,3,2,1,9,3,8,3,0,4,2,1,8,0,2,3,4,0,7,1,1,2,1,30,1.3252915143966675,0.04760005697607994,2.5982024669647217,0.7631069421768188,0.028055999999999998
74,43200.0,7676.0,50876.0,50876.0,0.8491233587546191,150.0,0.15,112.0,32000.0,49.0,63.0,95.0,55.0,21370.0,21830.0,439.4999999999999,872.0,560.5,128.0,32000.0,319.9999999999995,100.0,1000,40,960,0.10760258394293487,884,2,1,1,0,1,2,1,5,0,9,0,2,6,4,14,3,0,5,0,2,4,3,0,2,2,4,5,1,2,0,8,27,1.0230510234832764,-0.05133739486336708,2.1894819736480713,0.7261280417442322,0.028029
75,44915.0,5586.0,50501.0,50501.0,0.8893883289439813,101.0,0.101,115.0,33415.0,49.0,66.0,77.0,24.0,20557.0,24358.0,419.24149440633596,517.42578125,580.758505593664,482.57421875,33415.0,334.15000000000003,100.0,1000,28,972,0.1072965000057593,880,1,1,2,1,0,0,0,1,3,2,1,2,9,3,20,3,0,3,2,3,3,1,1,3,1,0,4,0,1,1,7,41,1.6710745096206665,0.04879384860396385,3.285590410232544,0.7326083779335022,0.028002
76,42492.0,8170.0,50662.0,50662.0,0.8387351466582449,161.0,0.161,104.0,32092.0,48.0,56.0,100.0,61.0,21359.0,21133.0,793.9026999389753,702.0,206.09730006102473,298.0,32092.0,320.9199999999997,100.0,1000,32,968,0.10788858297746629,895,0,1,3,0,4,1,0,2,3,2,5,1,9,4,11,2,1,0,2,0,2,2,0,2,1,2,2,1,2,2,4,34,1.468380331993103,0.020220570266246796,2.940995931625366,0.7985029816627502,0.027975
77,44219.0,6149.0,50368.0,50368.0,0.8779185196950444,117.0,0.117,117.0,32519.0,64.0,53.0,53.0,64.0,22934.0,21285.0,434.2114290258128,4.625,565.788570974187,995.375,32519.0,325.19000000000017,100.0,1000,32,968,0.108940584002994,878,5,0,1,3,3,1,2,3,3,3,7,1,4,7,18,5,3,2,0,6,1,0,1,2,4,1,1,1,0,1,11,22,1.3725169897079468,-0.0598335824906826,2.909562826156616,0.8025954961776733,0.027948
78,41955.0,8839.0,50794.0,50794.0,0.825983383864236,170.0,0.17,112.0,30755.0,63.0,49.0,64.0,106.0,22028.0,19927.0,716.6895478681679,508.0,283.31045213183216,0.0,30755.0,307.5500000000001,100.0,1000,30,970,0.1089177910471335,886,0,0,3,0,3,1,1,6,3,1,5,1,4,11,20,4,1,2,0,4,1,1,1,2,2,2,1,2,0,1,3,28,1.1469700336456299,-0.023412082344293594,2.3831727504730225,0.7594364881515503,0.027920999999999998
79,40498.0,7936.0,48434.0,48434.0,0.8361481603832018,139.0,0.139,121.0,28398.0,70.0,51.0,84.0,55.0,20731.0,19767.0,152.05126762390137,5.11328125,847.9487323760986,994.88671875,28398.0,283.9800000000004,100.0,1000,24,976,0.10917537496425211,878,0,1,0,1,1,4,3,1,3,3,9,3,9,5,20,7,2,2,1,3,6,0,1,2,2,0,4,0,1,0,1,27,1.0952149629592896,0.05536233261227608,2.121063470840454,0.741347074508667,0.027894
80,42218.0,8719.0,50937.0,50937.0,0.8288277676345289,167.0,0.167,105.0,31718.0,48.0,57.0,113.0,54.0,19792.0,22426.0,20.35693359375,9.0,61.227691650390625,991.0,31718.0,317.17999999999995,100.0,1000,30,970,0.10858849994838238,890,0,0,0,1,3,6,1,2,4,1,3,2,2,5,11,8,1,1,1,1,2,1,3,4,0,1,4,0,0,1,4,37,1.4785770177841187,0.07699990272521973,2.8473241329193115,0.7925118207931519,0.027867
81,44592.0,6113.0,50705.0,50705.0,0.8794398974460113,111.0,0.111,109.0,33692.0,47.0,62.0,72.0,39.0,21268.0,23324.0,895.0,488.0,32.8125,512.0,33692.0,336.9199999999996,100.0,1000,39,961,0.10890020907390863,888,0,0,0,3,1,1,3,3,2,1,3,3,4,4,13,6,1,1,0,3,2,0,2,1,5,2,5,2,0,1,3,37,1.871849775314331,0.053776711225509644,3.6762900352478027,0.7209755182266235,0.02784
82,44422.0,5408.0,49830.0,49830.0,0.8914710014047762,105.0,0.105,118.0,32622.0,58.0,60.0,43.0,62.0,22865.0,21557.0,281.7409769185323,295.0,718.2590230814682,705.0,32622.0,326.2200000000007,100.0,1000,26,974,0.1084666249807924,880,1,0,1,0,5,1,1,6,2,1,3,2,6,9,20,0,1,4,1,2,2,4,1,1,2,1,2,0,2,0,3,36,0.594109058380127,-0.05217529088258743,1.336466908454895,0.7891680002212524,0.027812999999999997
83,43470.0,5681.0,49151.0,49151.0,0.8844174075807206,112.0,0.112,123.0,31170.0,57.0,66.0,79.0,33.0,19779.0,23691.0,740.1972634694562,535.0,259.8027365305438,465.0,31170.0,311.6999999999997,100.0,1000,29,971,0.10937687498517334,872,0,0,1,0,3,4,0,7,7,0,2,3,7,6,13,5,0,5,0,2,2,0,2,2,4,3,1,1,0,0,4,44,2.5305166244506836,0.08606238663196564,4.9326677322387695,0.7874323129653931,0.027785999999999998
84,44400.0,5342.0,49742.0,49742.0,0.8926058461662176,106.0,0.106,116.0,32800.0,58.0,58.0,49.0,57.0,22080.0,22320.0,606.4975191354752,649.0,393.50248086452484,226.3125,32800.0,327.99999999999983,100.0,1000,30,970,0.10884954198263586,877,0,0,3,0,0,4,1,2,4,1,5,0,4,10,19,6,0,1,1,2,1,0,2,5,2,1,2,1,0,4,5,37,0.5452960729598999,-0.12543706595897675,1.3831560611724854,0.7509236931800842,0.027759
85,43410.0,6058.0,49468.0,49468.0,0.877536993612032,118.0,0.118,105.0,32910.0,54.0,51.0,56.0,62.0,20542.0,22868.0,759.1996206436579,3.0,240.80037935634192,997.0,32910.0,329.09999999999997,100.0,1000,34,966,0.10899895802140236,894,0,0,4,0,2,1,2,1,2,1,8,3,6,3,18,3,1,1,0,2,1,1,2,2,1,0,1,3,1,1,3,32,1.6612308025360107,0.06207213178277016,3.2450687885284424,0.8429161310195923,0.027732
86,41342.0,7969.0,49311.0,49311.0,0.838393056316035,158.0,0.158,97.0,31642.0,45.0,52.0,84.0,74.0,20935.0,20407.0,651.2681816704779,502.75,348.73181832952207,497.25,31642.0,316.41999999999996,100.0,1000,19,981,0.11439091700594872,900,0,0,1,2,4,0,0,2,1,1,2,4,2,7,16,4,0,1,2,4,0,1,1,1,4,0,1,3,1,1,4,30,1.4361484050750732,0.041090838611125946,2.8381052017211914,0.8660915493965149,0.027705
87,44412.0,5752.0,50164.0,50164.0,0.8853360975998724,100.0,0.1,123.0,32112.0,63.0,60.0,70.0,30.0,21828.0,22584.0,459.89712735963985,266.0,540.1028726403601,734.0,32112.0,321.12,100.0,1000,32,968,0.1333510410040617,874,0,0,1,1,1,4,2,2,6,0,1,3,4,8,23,7,2,3,2,0,1,0,0,1,0,2,1,2,4,0,9,36,1.0902858972549438,0.025100259110331535,2.1757755279541016,0.8202230334281921,0.027677999999999998
88,43930.0,5614.0,49544.0,49544.0,0.8866865816244147,107.0,0.107,137.0,30230.0,71.0,66.0,63.0,44.0,20711.0,23219.0,939.0,366.25,61.0,77.0,30230.0,302.29999999999944,100.0,1000,32,968,0.10911225003656,862,1,1,4,0,2,2,1,1,6,0,3,4,8,11,22,5,0,1,1,4,1,1,0,4,2,0,3,0,1,0,6,43,0.8978016972541809,-0.058642175048589706,1.9577800035476685,0.8117661476135254,0.027651
89,46218.0,3370.0,49588.0,49588.0,0.9320400096797612,70.0,0.07,149.0,31318.0,67.0,82.0,50.0,20.0,21892.0,24326.0,697.2425231933594,19.0,18.92234230041504,367.875,31318.0,313.17999999999984,100.0,1000,31,969,0.10850887501146644,846,0,2,3,0,1,3,1,2,7,0,7,0,2,5,29,6,0,2,3,0,1,1,1,0,4,3,3,2,3,0,9,54,1.804520845413208,0.07429590821266174,3.500689744949341,0.72834712266922,0.027624
90,45138.0,5767.0,50905.0,50905.0,0.8867105392397603,110.0,0.11,125.0,32638.0,65.0,60.0,52.0,58.0,22474.0,22664.0,791.0,920.0,209.0,80.0,32638.0,326.3800000000002,100.0,1000,32,968,0.10950591694563627,866,1,0,0,1,0,2,2,1,7,2,4,2,3,12,20,10,1,2,0,2,2,1,0,1,2,0,0,3,2,0,5,46,2.164034128189087,-0.0012248312123119831,4.375095367431641,0.8076536059379578,0.027597
91,41646.0,8001.0,49647.0,49647.0,0.8388422261163817,161.0,0.161,135.0,28146.0,49.0,86.0,126.0,35.0,17429.0,24217.0,563.0,4.375,5.12109375,311.1328125,28146.0,281.4599999999999,100.0,1000,31,969,0.1080859589856118,857,1,1,0,0,5,2,3,2,2,1,4,0,4,4,14,7,1,2,0,0,2,0,1,0,5,5,2,2,2,2,7,62,1.8432812690734863,-0.06398116052150726,3.8609700202941895,0.8423107266426086,0.027569999999999997
92,42108.0,8143.0,50251.0,50251.0,0.8379534735627152,158.0,0.158,128.0,29308.0,65.0,63.0,82.0,76.0,20141.0,21967.0,3.5381011962890625,375.0,996.4618988037109,0.0,29308.0,293.0799999999999,100.0,1000,32,968,0.10926054196897894,865,3,3,0,1,4,3,2,1,4,0,5,2,3,8,18,8,1,1,1,0,0,1,0,3,3,3,1,0,2,0,10,44,1.5612016916275024,-0.08481691777706146,3.339160680770874,0.855450451374054,0.027542999999999998
93,44265.0,4854.0,49119.0,49119.0,0.9011787699260978,85.0,0.085,127.0,31565.0,65.0,62.0,45.0,40.0,22367.0,21898.0,608.74560546875,0.0,391.25439453125,1000.0,31565.0,315.6500000000001,100.0,1000,23,977,0.10896537499502301,866,2,1,1,1,1,3,2,3,7,3,5,0,4,2,24,12,0,2,0,4,1,0,0,1,4,1,3,0,1,0,4,42,1.3551136255264282,0.012591592036187649,2.7257235050201416,0.7391974329948425,0.027516
94,43802.0,6234.0,50036.0,50036.0,0.8754097050123911,118.0,0.118,134.0,30402.0,59.0,75.0,80.0,38.0,20389.0,23413.0,629.6185236209499,855.0,370.3814763790501,145.0,30402.0,304.02,100.0,1000,18,982,0.10862800001632422,862,1,0,2,1,2,1,1,2,6,1,3,3,3,7,23,3,1,1,1,0,0,1,0,0,0,2,1,2,2,1,8,59,0.6082204580307007,-0.09145353734493256,1.4405661821365356,0.7497199773788452,0.027489
95,45852.0,4713.0,50565.0,50565.0,0.9067932364283595,92.0,0.092,116.0,34252.0,54.0,62.0,65.0,27.0,21946.0,23906.0,817.44140625,707.0,182.55859375,293.0,34252.0,342.51999999999975,100.0,1000,13,987,0.1092856249306351,881,0,1,2,0,1,0,1,1,1,0,1,1,6,5,23,11,0,0,0,2,0,1,0,0,3,2,2,1,2,1,3,48,0.7051003575325012,-0.08318285644054413,1.6204931735992432,0.799771785736084,0.027462
96,45926.0,4048.0,49974.0,49974.0,0.9189978788970264,75.0,0.075,121.0,33826.0,58.0,63.0,55.0,20.0,21379.0,24547.0,495.22073501348495,948.0,504.77926498651505,52.0,33826.0,338.2599999999996,100.0,1000,21,979,0.10836870910134166,872,0,0,1,0,2,4,1,0,4,1,3,3,4,6,19,10,0,2,2,2,2,0,0,1,3,1,1,1,1,0,5,49,1.358396053314209,-0.005724736489355564,2.7675070762634277,0.7156057953834534,0.027434999999999998
97,43326.0,6455.0,49781.0,49781.0,0.8703320543982644,126.0,0.126,114.0,31926.0,62.0,52.0,40.0,86.0,21666.0,21660.0,638.7905883789062,436.0,361.20941162109375,0.0,31926.0,319.2599999999998,100.0,1000,10,990,0.10854916600510478,883,0,0,0,0,1,1,1,2,6,0,6,2,3,14,21,6,1,3,0,0,0,0,0,1,0,1,2,0,2,2,5,37,1.8962868452072144,-0.04266933351755142,3.920212745666504,0.771681010723114,0.027408
98,46639.0,3212.0,49851.0,49851.0,0.9355679926180016,58.0,0.058,119.0,34739.0,64.0,55.0,33.0,25.0,23768.0,22871.0,448.4375,350.75,551.5625,284.046875,34739.0,347.39000000000016,100.0,1000,25,975,0.1076458339812234,877,2,0,1,0,1,2,2,3,5,1,7,4,3,5,21,7,0,1,1,2,1,0,2,2,3,1,0,2,2,2,3,37,0.9064410328865051,0.00023953257186803967,1.8498917818069458,0.6845765709877014,0.027381
99,43664.0,6245.0,49909.0,49909.0,0.874872267526899,128.0,0.128,113.0,32364.0,55.0,58.0,89.0,39.0,21196.0,22468.0,690.6249999999998,472.8125,309.375,527.1875,32364.0,323.64000000000004,100.0,1000,26,974,0.10750275000464171,880,0,1,0,1,4,3,1,2,1,1,4,3,2,10,17,6,1,1,1,3,0,0,0,0,0,1,1,2,2,0,8,44,1.1888588666915894,0.0932641550898552,2.2327136993408203,0.7590159773826599,0.027354
100,46886.0,3034.0,49920.0,49920.0,0.9392227564102564,57.0,0.057,123.0,34586.0,55.0,68.0,49.0,8.0,23198.0,23688.0,197.7890625,968.0,802.2109375,32.0,34586.0,345.86000000000024,100.0,1000,14,986,0.10910204204265028,872,0,1,1,1,0,2,2,1,5,1,4,2,5,10,17,4,0,2,0,0,1,0,2,0,2,0,1,2,2,1,8,51,1.3175082206726074,0.02003851905465126,2.6343047618865967,0.7202644348144531,0.027326999999999997
101,48953.0,1349.0,50302.0,50302.0,0.973181980835752,27.0,0.027,129.0,36053.0,74.0,55.0,14.0,13.0,25749.0,23204.0,558.078125,871.0,71.0,129.0,36053.0,360.5300000000004,100.0,1000,14,986,0.10808641603216529,864,0,0,0,0,0,3,2,0,2,2,2,3,6,10,33,12,0,2,0,0,0,0,0,1,1,0,1,0,0,1,9,46,0.504342257976532,-0.06293163448572159,1.172010064125061,0.6861209273338318,0.027299999999999998
102,44784.0,6925.0,51709.0,51709.0,0.8660774720068073,124.0,0.124,120.0,32784.0,72.0,48.0,49.0,75.0,23462.0,21322.0,644.5944824218749,133.0,355.405517578125,867.0,32784.0,327.8399999999998,100.0,1000,22,978,0.10753537493292242,876,0,2,1,0,0,1,0,2,7,1,4,1,6,11,28,9,0,1,1,0,2,3,1,0,3,0,0,0,0,0,10,30,1.3201138973236084,-0.023710092529654503,2.730916976928711,0.7932556867599487,0.027273
103,44619.0,5496.0,50115.0,50115.0,0.8903322358575276,93.0,0.093,124.0,32219.0,65.0,59.0,37.0,56.0,22082.0,22537.0,187.4375,947.267578125,152.35546875,52.732421875,32219.0,322.1900000000001,100.0,1000,24,976,0.10868404200300574,873,0,0,1,0,1,1,1,1,7,0,1,4,14,6,23,5,0,2,1,3,2,1,0,0,2,1,1,1,1,3,7,37,1.2088481187820435,-0.03839043527841568,2.536336898803711,0.7681834697723389,0.027246
104,45781.0,3183.0,48964.0,48964.0,0.9349930561228658,63.0,0.063,124.0,33381.0,60.0,64.0,52.0,11.0,22664.0,23117.0,876.7403286264415,780.0,123.25967137355852,220.0,33381.0,333.8099999999996,100.0,1000,20,980,0.10877362499013543,871,0,0,0,1,1,2,1,1,4,1,0,1,4,9,28,8,0,2,0,0,0,0,0,1,1,0,2,1,1,1,8,51,2.252655029296875,0.14000746607780457,4.265110969543457,0.7313975691795349,0.027219
105,45583.0,5463.0,51046.0,51046.0,0.8929788817928926,88.0,0.088,117.0,33883.0,69.0,48.0,48.0,40.0,23600.0,21983.0,680.0,340.0,320.0,660.0,33883.0,338.83000000000015,100.0,1000,19,981,0.10793754109181464,877,0,0,2,0,1,1,1,1,10,1,2,0,3,10,23,15,0,0,0,0,0,1,0,2,0,0,3,1,2,1,4,39,1.4110679626464844,0.049857575446367264,2.761397361755371,0.7166938781738281,0.027192
106,43147.0,6422.0,49569.0,49569.0,0.8704432205612379,125.0,0.125,110.0,32147.0,69.0,41.0,21.0,104.0,22275.0,20872.0,710.0208995979056,559.70654296875,289.97910040209445,440.29345703125,32147.0,321.46999999999997,100.0,1000,28,972,0.10857895796652883,888,0,0,1,0,0,3,3,2,3,2,1,3,6,20,12,13,0,1,0,0,1,0,0,1,1,1,1,1,0,1,6,29,2.1863136291503906,0.07971031963825226,4.259308338165283,0.8485437631607056,0.027164999999999998
107,44851.0,4702.0,49553.0,49553.0,0.905111698585353,94.0,0.094,126.0,32251.0,60.0,66.0,57.0,37.0,21710.0,23141.0,11.1328125,847.0,988.8671875,153.0,32251.0,322.5100000000002,100.0,1000,21,979,0.10805895901285112,865,1,0,2,0,0,1,4,0,3,1,0,0,6,7,26,10,0,4,2,0,3,2,0,0,0,2,2,2,0,0,5,52,0.9261243939399719,-0.10177569836378098,2.0960066318511963,0.740777850151062,0.027138
108,46725.0,3518.0,50243.0,50243.0,0.9299802957625938,67.0,0.067,121.0,34625.0,66.0,55.0,22.0,45.0,24407.0,22318.0,672.5190715789795,555.0,327.4809284210205,0.0,34625.0,346.2500000000001,100.0,1000,21,979,0.10899412503931671,878,1,0,0,2,1,1,1,3,1,3,2,1,5,8,19,18,1,0,0,3,3,0,1,0,1,0,0,2,0,0,10,35,1.7385128736495972,-0.005582758225500584,3.524536609649658,0.6703051328659058,0.027111
109,47019.0,5191.0,52210.0,52210.0,0.9005746025665581,74.0,0.074,124.0,34619.0,65.0,59.0,48.0,26.0,23617.0,23402.0,561.0,163.5,27.4375,836.5,34619.0,346.1900000000003,100.0,1000,17,983,0.10818295809440315,875,0,0,0,2,0,1,5,4,2,1,2,0,5,8,18,17,0,3,0,1,0,0,1,1,2,0,3,0,0,0,1,48,1.8512028455734253,0.041706632822752,3.654686212539673,0.6589493751525879,0.027084
110,41978.0,8086.0,50064.0,50064.0,0.8384867369766699,158.0,0.158,106.0,31378.0,59.0,47.0,38.0,120.0,20320.0,21658.0,399.4595947265624,884.0,600.5404052734375,116.0,31378.0,313.7800000000005,100.0,1000,27,973,0.1079777079867199,886,0,0,1,2,1,1,3,2,2,2,2,0,5,7,18,14,0,0,1,1,2,0,0,0,0,1,1,1,5,0,1,41,1.3680198192596436,0.08495961874723434,2.6091277599334717,0.794756293296814,0.027056999999999998
111,44756.0,5140.0,49896.0,49896.0,0.8969857303190637,93.0,0.093,116.0,33156.0,54.0,62.0,66.0,27.0,21606.0,23150.0,20.08819580078125,770.27734375,979.9118041992188,191.712158203125,33156.0,331.5599999999998,100.0,1000,15,985,0.10801845788955688,883,0,1,0,0,2,2,3,2,2,1,1,3,3,10,10,15,0,2,2,1,0,0,3,1,0,2,1,2,0,1,5,42,0.6678985953330994,-0.02648397535085678,1.430267572402954,0.7677107453346252,0.02703
112,42279.0,5992.0,48271.0,48271.0,0.8758674980837355,108.0,0.108,114.0,30879.0,67.0,47.0,40.0,68.0,21428.0,20851.0,907.7836303710938,709.0625,92.21636962890625,290.9375,30879.0,308.7900000000001,100.0,1000,13,987,0.10866354196332395,880,0,0,0,0,1,2,1,0,0,2,2,3,4,11,26,16,1,1,1,0,1,0,0,1,0,0,4,0,0,0,7,36,1.5618906021118164,0.016326401382684708,3.133251428604126,0.7799720764160156,0.027003
113,46219.0,4678.0,50897.0,50897.0,0.9080888853959959,88.0,0.088,134.0,32819.0,79.0,55.0,42.0,46.0,23640.0,22579.0,894.3196813315153,897.0,105.68031866848469,103.0,32819.0,328.19,100.0,1000,16,984,0.10818933392874897,861,0,1,0,2,0,4,4,3,6,2,3,2,2,11,20,19,0,1,0,1,0,0,1,0,0,0,3,1,0,1,8,44,1.7953212261199951,0.06318935006856918,3.5051207542419434,0.7572875618934631,0.026976
114,46701.0,2961.0,49662.0,49662.0,0.9403769481696267,53.0,0.053,128.0,33901.0,63.0,65.0,30.0,23.0,22799.0,23902.0,693.75,748.0,306.25,252.0,33901.0,339.0099999999998,100.0,1000,14,986,0.10791604209225625,867,0,0,1,1,3,2,0,1,4,1,3,1,0,8,17,21,0,1,2,1,0,0,2,0,2,0,1,1,0,2,12,46,1.410649061203003,-0.03452426940202713,2.9280197620391846,0.6989673972129822,0.026949
115,46142.0,4045.0,50187.0,50187.0,0.9194014386195628,72.0,0.072,126.0,33542.0,53.0,73.0,60.0,12.0,21883.0,24259.0,848.2950209453702,800.0,151.7049790546298,200.0,33542.0,335.4199999999998,100.0,1000,12,988,0.10836391698103398,868,0,0,0,0,1,1,1,3,3,1,0,0,3,8,15,18,1,1,2,0,0,1,1,1,0,0,3,0,1,0,7,60,1.1491144895553589,-0.10141226649284363,2.5357000827789307,0.6434587836265564,0.026921999999999998
116,45888.0,4670.0,50558.0,50558.0,0.9076308398275248,93.0,0.093,120.0,33888.0,67.0,53.0,38.0,55.0,23060.0,22828.0,771.9999999999999,23.0,228.0,977.0,33888.0,338.88000000000017,100.0,1000,23,977,0.10764616704545915,878,0,0,2,1,0,1,0,1,4,0,0,2,3,10,20,24,0,2,0,2,0,1,0,1,3,1,2,0,0,1,6,35,1.5084102153778076,0.03826697915792465,2.9740805625915527,0.6282604336738586,0.026895
117,45851.0,5541.0,51392.0,51392.0,0.8921816625155666,95.0,0.095,120.0,33851.0,65.0,55.0,39.0,56.0,23940.0,21911.0,45.125,783.0,591.8046875,217.0,33851.0,338.50999999999897,100.0,1000,15,985,0.10891633399296552,874,0,1,1,1,0,1,2,1,6,1,2,4,1,9,12,27,0,2,0,1,1,0,0,0,1,1,2,0,1,0,6,42,1.2682393789291382,-0.022114146500825882,2.614016056060791,0.6198626756668091,0.026868
118,46565.0,3877.0,50442.0,50442.0,0.9231394472859918,73.0,0.073,110.0,35565.0,51.0,59.0,55.0,18.0,23355.0,23210.0,153.765625,805.0,846.234375,195.0,35565.0,355.6499999999998,100.0,1000,20,980,0.10778037493582815,884,1,0,1,0,0,1,3,0,1,0,3,0,5,7,14,17,1,1,0,0,0,2,1,0,0,0,2,1,1,0,10,44,0.6921124458312988,0.00818380806595087,1.400626301765442,0.6104289293289185,0.026840999999999997
119,45980.0,4224.0,50204.0,50204.0,0.915863277826468,82.0,0.082,101.0,35880.0,49.0,52.0,57.0,25.0,22260.0,23720.0,698.8135681152344,895.0,301.1864318847656,105.0,35880.0,358.7999999999997,100.0,1000,15,985,0.10804612503852695,892,1,1,0,1,3,3,0,1,2,0,2,0,3,6,10,18,0,1,0,0,2,0,0,0,0,0,0,1,2,1,0,50,0.758060872554779,-0.023128151893615723,1.5970911979675293,0.6472945213317871,0.026813999999999998
120,44863.0,6049.0,50912.0,50912.0,0.8811871464487744,118.0,0.118,111.0,33763.0,55.0,56.0,57.0,61.0,21546.0,23317.0,157.25,970.0,842.75,30.0,33763.0,337.6300000000003,100.0,1000,16,984,0.10897891595959663,885,0,1,1,0,0,0,0,1,1,1,5,3,1,12,10,22,0,0,0,3,1,0,0,0,1,0,1,2,0,0,4,45,1.0952337980270386,0.0057177492417395115,2.216231346130371,0.6943520903587341,0.026787
121,45757.0,6230.0,51987.0,51987.0,0.8801623482793776,106.0,0.106,108.0,34957.0,55.0,53.0,57.0,49.0,22425.0,23332.0,25.199567794799805,539.25,974.8004322052002,85.0,34957.0,349.5700000000002,100.0,1000,20,980,0.10848883399739861,885,1,0,2,0,1,1,0,1,5,2,2,0,2,12,7,25,1,3,0,3,0,2,0,1,0,0,1,0,0,1,6,36,1.3224718570709229,0.027196263894438744,2.6300466060638428,0.7379558086395264,0.02676
122,46421.0,4063.0,50484.0,50484.0,0.91951905554235,80.0,0.08,126.0,33821.0,72.0,54.0,30.0,50.0,24283.0,22138.0,634.0,834.4375,366.0,165.5625,33821.0,338.2099999999999,100.0,1000,20,980,0.10920920909848064,865,0,1,2,1,0,0,0,2,7,2,1,1,5,17,16,22,0,2,0,0,0,0,1,1,1,0,0,1,1,0,3,48,1.1445494890213013,-0.007759875152260065,2.343885660171509,0.7344266772270203,0.026733
123,47074.0,2966.0,50040.0,50040.0,0.9407274180655476,56.0,0.056,115.0,35574.0,63.0,52.0,26.0,30.0,22756.0,24318.0,1000.0,233.0,0.0,767.0,35574.0,355.74000000000063,100.0,1000,20,980,0.10848833294585347,880,1,1,0,0,0,0,2,0,4,2,2,2,2,13,14,23,0,1,1,0,0,0,1,0,2,0,0,0,1,2,2,44,1.3262146711349487,0.0290182214230299,2.6300015449523926,0.6666772365570068,0.026706
124,48418.0,3090.0,51508.0,51508.0,0.940009318940747,49.0,0.049,121.0,36318.0,57.0,64.0,36.0,13.0,24922.0,23496.0,849.0,789.0,28.3125,211.0,36318.0,363.17999999999995,100.0,1000,9,991,0.10911904100794345,876,0,1,0,0,1,3,0,0,4,0,3,2,5,7,12,19,1,2,0,0,0,0,0,0,2,0,0,2,0,0,3,57,1.7159931659698486,0.04520951956510544,3.3766486644744873,0.6574705839157104,0.026678999999999998
125,45810.0,3553.0,49363.0,49363.0,0.9280230131880153,61.0,0.061,130.0,32810.0,60.0,70.0,44.0,17.0,22870.0,22940.0,876.0,390.0,124.0,610.0,32810.0,328.0999999999997,100.0,1000,16,984,0.10845199995674193,867,1,0,0,0,1,2,0,1,4,0,2,2,5,7,16,19,0,1,1,0,0,0,0,0,3,1,1,0,0,4,4,58,1.045622706413269,-0.0006399401463568211,2.1246564388275146,0.6027919054031372,0.026652
126,45098.0,4685.0,49783.0,49783.0,0.9058915694112448,94.0,0.094,103.0,34798.0,50.0,53.0,70.0,24.0,21941.0,23157.0,749.0625,112.0,15.68359375,888.0,34798.0,347.97999999999973,100.0,1000,16,984,0.10880962491501123,892,0,1,0,0,0,1,1,0,4,0,5,1,4,5,18,13,0,0,0,0,0,0,2,0,0,0,1,1,0,0,2,49,1.0042346715927124,0.0142850736156106,2.0166966915130615,0.6910326480865479,0.026625
127,45064.0,3514.0,48578.0,48578.0,0.927662727983861,60.0,0.06,106.0,34464.0,58.0,48.0,19.0,41.0,22769.0,22295.0,766.0625,201.0,233.9375,799.0,34464.0,344.6400000000001,100.0,1000,21,979,0.10899841599166393,889,1,0,1,0,0,1,2,1,2,1,1,0,5,9,12,23,0,1,0,2,0,0,0,0,0,1,1,0,0,0,4,43,1.412032961845398,0.06861922144889832,2.7204880714416504,0.6327654719352722,0.026598
128,43535.0,5957.0,49492.0,49492.0,0.8796371130687788,106.0,0.106,111.0,32435.0,51.0,60.0,79.0,27.0,19702.0,23833.0,578.949951171875,942.1875,421.050048828125,57.8125,32435.0,324.3499999999998,100.0,1000,12,988,0.10796204092912376,887,0,0,0,0,1,0,1,3,4,0,3,2,1,7,12,18,0,0,0,1,0,0,1,0,1,3,0,0,1,0,4,50,0.9931067228317261,0.006345919333398342,2.007932662963867,0.6475274562835693,0.026570999999999997
129,44695.0,4903.0,49598.0,49598.0,0.901145207468043,91.0,0.091,112.0,33495.0,58.0,54.0,42.0,49.0,21572.0,23123.0,307.4375,859.75,692.5625,74.40625,33495.0,334.95000000000056,100.0,1000,22,978,0.10884904197882861,884,1,1,0,1,1,1,2,3,4,0,4,4,1,10,8,18,0,1,0,1,0,1,0,0,2,1,0,1,0,4,1,45,1.6879518032073975,0.10873915255069733,3.1932730674743652,0.6564136147499084,0.026543999999999998
130,43991.0,5419.0,49410.0,49410.0,0.8903258449706537,94.0,0.094,109.0,33091.0,50.0,59.0,59.0,35.0,20922.0,23069.0,736.0,606.0,264.0,15.0,33091.0,330.90999999999985,100.0,1000,14,986,0.10782791604287922,888,0,0,2,0,1,1,3,2,2,0,1,1,1,6,7,23,0,0,1,0,0,0,0,2,1,1,0,0,1,0,2,54,1.4841961860656738,0.05841007083654404,2.8848061561584473,0.6266515254974365,0.026517
131,45501.0,3525.0,49026.0,49026.0,0.9280993758413902,58.0,0.058,112.0,34301.0,46.0,66.0,49.0,9.0,22885.0,22616.0,858.474609375,739.0,141.525390625,261.0,34301.0,343.01,100.0,1000,10,990,0.10943583399057388,884,0,0,0,0,1,1,0,0,5,2,4,1,0,12,7,14,1,0,1,0,1,0,3,0,1,0,0,1,0,1,3,57,0.7806560397148132,-0.058768607676029205,1.7086598873138428,0.5626750588417053,0.02649
132,43370.0,5890.0,49260.0,49260.0,0.8804303694681282,94.0,0.094,99.0,33470.0,57.0,42.0,23.0,71.0,21859.0,21511.0,776.0,386.0,0.0,614.0,33470.0,334.7,100.0,1000,12,988,0.10807445901446044,900,1,0,1,0,1,1,1,1,4,1,3,0,3,9,9,22,0,1,0,0,1,0,0,0,3,0,1,0,1,0,1,35,1.5925381183624268,0.0783887654542923,3.0591068267822266,0.5820980668067932,0.026463
133,43653.0,4762.0,48415.0,48415.0,0.9016420530827223,98.0,0.098,110.0,32653.0,62.0,48.0,39.0,59.0,22381.0,21272.0,814.04345703125,20.0,185.95654296875,980.0,32653.0,326.53,100.0,1000,15,985,0.1090567500796169,888,0,1,0,1,3,0,1,1,2,0,3,3,1,11,15,20,0,2,0,0,0,0,0,2,0,0,0,1,1,0,1,43,0.6813911199569702,-0.03958187252283096,1.47360360622406,0.5987595915794373,0.026435999999999998
134,45188.0,4035.0,49223.0,49223.0,0.918026125998009,79.0,0.079,108.0,34388.0,50.0,58.0,31.0,48.0,20777.0,24411.0,56.0,647.0,944.0,353.0,34388.0,343.8800000000004,100.0,1000,14,986,0.10913495800923556,887,0,0,0,0,0,0,0,0,4,0,3,2,3,4,12,23,0,0,2,1,0,0,1,0,1,2,0,0,1,1,2,51,0.4814898371696472,-0.07290255278348923,1.1408635377883911,0.6073446869850159,0.026409
135,47061.0,4060.0,51121.0,51121.0,0.9205805833219225,78.0,0.078,110.0,36061.0,56.0,54.0,40.0,38.0,23292.0,23769.0,921.4375,610.0,78.5625,166.25,36061.0,360.60999999999973,100.0,1000,17,983,0.10873300000093877,884,0,0,1,1,1,1,1,2,2,0,4,0,3,7,11,24,0,2,2,0,0,0,0,0,0,1,0,1,0,0,0,52,1.0388046503067017,-0.00888039916753769,2.124835729598999,0.5584422945976257,0.026382
136,44179.0,4994.0,49173.0,49173.0,0.8984402009232709,103.0,0.103,102.0,33979.0,47.0,55.0,74.0,29.0,21162.0,23017.0,715.0,585.0,285.0,415.0,33979.0,339.7899999999993,100.0,1000,9,991,0.10869354195892811,890,0,0,0,0,0,0,1,1,1,1,0,0,2,5,10,27,0,1,0,0,0,0,0,0,1,0,0,1,0,1,3,55,2.131150722503662,0.03775632008910179,4.218550205230713,0.602566659450531,0.026355
137,46956.0,5456.0,52412.0,52412.0,0.8959017019003281,93.0,0.093,105.0,36456.0,51.0,54.0,33.0,60.0,23669.0,23287.0,367.5779068991542,694.0,0.0,306.0,36456.0,364.5600000000006,100.0,1000,13,987,0.10973991604987532,894,1,0,0,0,1,0,2,0,3,1,0,0,0,4,16,23,0,2,0,1,0,1,0,1,0,1,0,0,0,0,3,46,0.9922450184822083,-0.037538740783929825,2.091858386993408,0.6132419109344482,0.026327999999999997
138,45621.0,4418.0,50039.0,50039.0,0.9117088670836747,89.0,0.089,107.0,34921.0,40.0,67.0,62.0,27.0,21695.0,23926.0,742.0,843.0,258.0,157.0,34921.0,349.21,100.0,1000,13,987,0.10795070801395923,882,0,0,0,0,0,0,0,0,2,2,4,1,1,3,10,18,0,1,0,0,0,1,1,1,1,0,1,1,2,0,2,66,1.1692373752593994,0.022333022207021713,2.3237268924713135,0.568764865398407,0.026300999999999998
139,42675.0,5922.0,48597.0,48597.0,0.8781406259645658,108.0,0.108,103.0,32375.0,37.0,66.0,89.0,19.0,19540.0,23135.0,750.0,917.0,250.0,83.0,32375.0,323.74999999999966,100.0,1000,19,981,0.10903191706165671,894,0,0,0,1,2,1,0,0,0,0,1,0,2,9,11,10,1,0,1,1,1,0,1,0,2,0,1,0,0,1,4,56,0.8011952042579651,-0.12221863120794296,1.8769590854644775,0.5734080672264099,0.026274
140,43771.0,6382.0,50153.0,50153.0,0.872749386876159,122.0,0.122,99.0,33871.0,44.0,55.0,50.0,72.0,21593.0,22178.0,496.6220703125,509.0,503.3779296875,491.0,33871.0,338.7099999999998,100.0,1000,15,985,0.10828354198019952,899,0,1,0,0,0,0,0,0,2,0,3,0,2,8,7,22,0,0,1,1,2,0,0,0,0,0,1,0,0,0,6,45,0.883044421672821,-0.006976020522415638,1.813029170036316,0.6284213066101074,0.026247
141,44505.0,5300.0,49805.0,49805.0,0.8935849814275675,91.0,0.091,104.0,34105.0,53.0,51.0,32.0,59.0,22773.0,21732.0,792.04931640625,863.0,207.95068359375,39.0,34105.0,341.0500000000001,100.0,1000,19,981,0.10885291604790837,889,0,0,0,0,0,1,1,1,2,0,2,1,1,5,17,26,0,0,0,0,0,0,1,0,2,1,1,0,0,0,4,45,0.650916576385498,-0.09404142946004868,1.5206087827682495,0.5852932929992676,0.02622
142,42779.0,6129.0,48908.0,48908.0,0.8746830784329762,114.0,0.114,101.0,32679.0,50.0,51.0,46.0,68.0,22094.0,20685.0,700.0,626.0,300.0,0.0,32679.0,326.78999999999996,100.0,1000,16,984,0.10806779202539474,896,0,0,0,0,0,2,0,0,2,1,1,1,2,8,12,21,1,3,0,0,1,0,0,1,0,1,0,0,1,0,1,45,0.5808044672012329,-0.061640411615371704,1.3146774768829346,0.568621039390564,0.026193
143,43121.0,6307.0,49428.0,49428.0,0.8724002589625314,122.0,0.122,98.0,33321.0,51.0,47.0,59.0,63.0,21651.0,21470.0,349.4375,748.0,650.5625,252.0,33321.0,333.2099999999999,100.0,1000,11,989,0.10872675001155585,896,0,1,0,0,4,4,1,1,3,0,1,1,2,2,11,25,0,2,1,0,0,0,0,0,0,0,0,0,1,0,4,40,1.1855231523513794,0.05344874784350395,2.2964928150177,0.6180551648139954,0.026166
144,43843.0,6491.0,50334.0,50334.0,0.8710414431596932,105.0,0.105,100.0,33843.0,45.0,55.0,73.0,32.0,20593.0,23250.0,828.85205078125,971.0,171.14794921875,29.0,33843.0,338.4299999999997,100.0,1000,14,986,0.10899099998641759,896,0,0,0,0,3,0,0,0,2,2,1,0,2,2,8,27,0,0,0,0,0,0,1,0,1,1,1,2,2,0,4,45,1.5151270627975464,0.029414262622594833,3.004396915435791,0.6306951642036438,0.026139
145,47401.0,3510.0,50911.0,50911.0,0.9310561568226906,59.0,0.059,111.0,36301.0,57.0,54.0,27.0,32.0,21811.0,25590.0,764.8961708545685,147.8046875,235.10382914543152,852.1953125,36301.0,363.0099999999998,100.0,1000,12,988,0.10839179100003093,884,2,0,0,0,0,0,0,0,2,2,2,0,2,7,14,27,0,2,0,0,0,0,0,0,0,1,0,2,1,2,4,46,0.655876874923706,-0.06380883604288101,1.4689722061157227,0.5668034553527832,0.026112
146,44648.0,5096.0,49744.0,49744.0,0.8975554840784818,95.0,0.095,102.0,34448.0,60.0,42.0,35.0,60.0,21919.0,22729.0,802.0,873.40234375,0.0,126.59765625,34448.0,344.48000000000013,100.0,1000,12,988,0.10890049999579787,896,0,0,0,1,1,2,0,3,2,1,0,0,2,6,9,34,0,2,0,0,0,0,2,0,3,1,0,1,0,0,5,29,1.356342077255249,0.02487303875386715,2.6951515674591064,0.6174691915512085,0.026084999999999997
147,45071.0,5104.0,50175.0,50175.0,0.8982760338814151,96.0,0.096,97.0,35371.0,45.0,52.0,44.0,52.0,21325.0,23746.0,71.41250228881836,776.0,928.5874977111816,70.0,35371.0,353.70999999999975,100.0,1000,9,991,0.10913412505760789,899,0,0,0,0,0,1,1,0,1,0,2,0,0,8,6,29,0,1,0,0,1,0,0,0,1,1,2,0,2,0,1,44,0.9022853374481201,0.058212004601955414,1.7202277183532715,0.6155690550804138,0.026057999999999998
148,44704.0,4023.0,48727.0,48727.0,0.9174379707349108,81.0,0.081,100.0,34704.0,51.0,49.0,15.0,66.0,22610.0,22094.0,643.66357421875,792.0,356.33642578125,208.0,34704.0,347.0399999999999,100.0,1000,7,993,0.10824087494984269,897,2,0,0,0,1,0,0,0,1,1,3,0,4,4,11,25,1,0,1,0,0,0,0,0,1,0,1,2,1,0,1,43,1.3144869804382324,0.12639543414115906,2.4073967933654785,0.5995519757270813,0.026031
149,45477.0,4749.0,50226.0,50226.0,0.9054473778521085,83.0,0.083,108.0,34677.0,58.0,50.0,41.0,42.0,22529.0,22948.0,956.0,105.625,44.0,96.0,34677.0,346.7699999999999,100.0,1000,11,989,0.1093330830335617,889,0,0,1,0,0,1,1,0,4,0,0,1,2,5,8,36,0,0,2,1,0,0,2,0,0,0,1,0,0,2,1,43,1.5489262342453003,0.08037380874156952,2.9712653160095215,0.6568294167518616,0.026004
150,46723.0,2933.0,49656.0,49656.0,0.9409336233285001,57.0,0.057,108.0,35923.0,58.0,50.0,15.0,42.0,23441.0,23282.0,141.0732421875,763.0,57.0,237.0,35923.0,359.23,100.0,1000,8,992,0.10791341599542648,887,1,0,0,0,0,1,1,0,5,1,0,1,0,6,7,37,0,0,1,0,0,0,2,0,0,0,0,0,1,1,4,44,1.9837162494659424,0.09716346114873886,3.8056740760803223,0.6268693804740906,0.025977
151,48528.0,2420.0,50948.0,50948.0,0.9525005888356756,44.0,0.044,126.0,35928.0,61.0,65.0,20.0,24.0,23307.0,25221.0,925.1875,716.0,74.8125,284.0,35928.0,359.2799999999998,100.0,1000,13,987,0.10862475004978478,864,0,0,0,0,0,0,0,0,3,2,0,1,3,6,11,39,1,1,0,0,0,1,0,0,1,0,0,0,2,0,4,61,1.1944093704223633,-0.0334618017077446,2.4837393760681152,0.539440929889679,0.02595
152,49011.0,4077.0,53088.0,53088.0,0.9232029837251357,79.0,0.079,103.0,38711.0,55.0,48.0,36.0,43.0,24674.0,24337.0,791.25,562.0,208.75,0.0,38711.0,387.1100000000003,100.0,1000,9,991,0.10813191707711667,896,0,0,0,0,0,1,0,0,1,0,1,0,1,7,12,33,0,0,0,0,0,0,1,0,0,1,0,1,3,0,2,40,1.7127145528793335,0.03577835112810135,3.3811168670654297,0.525490939617157,0.025922999999999998
153,45896.0,4280.0,50176.0,50176.0,0.9147002551020408,83.0,0.083,96.0,36296.0,47.0,49.0,42.0,41.0,21073.0,24823.0,912.0,16.0,88.0,0.0,36296.0,362.9600000000002,100.0,1000,8,992,0.10901537502650172,899,0,0,0,0,1,0,0,1,2,0,1,0,2,5,13,25,1,2,0,0,0,1,0,0,0,0,2,0,0,0,1,44,1.7848131656646729,0.07722175866365433,3.4470155239105225,0.6146273016929626,0.025896
154,44179.0,5706.0,49885.0,49885.0,0.885616918913501,95.0,0.095,107.0,33479.0,48.0,59.0,53.0,42.0,21775.0,22404.0,628.8498010635376,756.5625,371.1501989364624,213.0078125,33479.0,334.7900000000006,100.0,1000,14,986,0.10835095797665417,886,0,0,0,0,0,1,2,0,1,0,1,1,4,4,12,23,0,3,1,0,0,0,0,0,1,0,1,0,0,0,3,56,1.162601113319397,-0.0827079713344574,2.520864963531494,0.5846151113510132,0.025869
155,48915.0,4077.0,52992.0,52992.0,0.9230638586956522,64.0,0.064,116.0,37315.0,50.0,66.0,44.0,20.0,24187.0,24728.0,0.0,836.8125,1000.0,163.1875,37315.0,373.1499999999994,100.0,1000,11,989,0.10877129202708602,877,0,0,0,0,0,0,1,0,1,1,2,2,3,6,13,25,0,0,1,0,0,0,0,0,1,0,0,0,0,1,5,61,1.307664394378662,0.025198841467499733,2.5907998085021973,0.5005159974098206,0.025841999999999997
156,46374.0,4582.0,50956.0,50956.0,0.910079284088233,79.0,0.079,103.0,36074.0,45.0,58.0,63.0,16.0,22724.0,23650.0,449.0,773.0,0.0,0.0,36074.0,360.73999999999995,100.0,1000,9,991,0.1078336249338463,893,0,0,0,0,1,1,1,0,0,0,1,2,1,0,14,26,1,0,0,0,0,1,1,1,1,0,1,1,2,1,5,45,1.2988835573196411,0.002922539133578539,2.6183085441589355,0.5110677480697632,0.025814999999999998
157,45494.0,4545.0,50039.0,50039.0,0.9091708467395432,89.0,0.089,101.0,35394.0,47.0,54.0,61.0,28.0,22881.0,22613.0,614.0,47.6875,386.0,952.3125,35394.0,353.939999999999,100.0,1000,17,983,0.10880037501920015,894,0,1,0,0,0,1,1,1,2,0,1,0,4,3,11,22,1,1,0,0,0,0,1,0,0,0,2,2,2,0,2,48,0.9828758239746094,0.021026277914643288,1.9545427560806274,0.598022997379303,0.025788
158,47037.0,4177.0,51214.0,51214.0,0.9184402702386066,76.0,0.076,100.0,37037.0,50.0,50.0,43.0,33.0,24340.0,22697.0,547.125,1000.0,452.875,0.0,37037.0,370.36999999999995,100.0,1000,10,990,0.10889091703575104,896,0,1,0,0,0,1,0,0,1,0,1,0,1,3,13,29,0,0,0,0,0,0,3,0,0,0,0,0,3,0,3,45,0.654866635799408,-0.026732677593827248,1.3922110795974731,0.5631067752838135,0.025761
159,44252.0,4402.0,48654.0,48654.0,0.9095243967608008,92.0,0.092,108.0,33452.0,52.0,56.0,54.0,38.0,21669.0,22583.0,988.0,888.0,12.0,112.0,33452.0,334.51999999999987,100.0,1000,15,985,0.10854349995497614,891,0,0,2,0,3,0,0,0,0,0,0,0,2,5,18,23,0,2,0,0,0,0,0,0,2,0,1,2,1,0,3,45,1.4365159273147583,-0.07758043706417084,3.0593841075897217,0.6060327887535095,0.025734
160,44764.0,4674.0,49438.0,49438.0,0.9054573405073021,88.0,0.088,103.0,34464.0,57.0,46.0,31.0,57.0,24131.0,20633.0,912.0,783.0,88.0,217.0,34464.0,344.64000000000004,100.0,1000,9,991,0.10901879204902798,893,0,0,0,0,1,0,0,1,1,0,0,1,0,2,15,38,0,0,0,0,0,1,1,0,0,0,1,1,2,0,1,41,1.2717479467391968,0.06557430326938629,2.442523717880249,0.5869295597076416,0.025707
161,44401.0,6121.0,50522.0,50522.0,0.8788448596650964,101.0,0.101,95.0,34901.0,50.0,45.0,39.0,62.0,22562.0,21839.0,690.0,887.0,69.0,113.0,34901.0,349.0099999999996,100.0,1000,11,989,0.10765262506902218,899,0,0,0,0,0,1,1,0,1,1,0,0,3,5,10,32,0,0,2,0,1,0,0,1,0,0,1,0,1,0,1,40,1.358181118965149,0.009882472455501556,2.7266087532043457,0.5843349099159241,0.025679999999999998
162,44295.0,4148.0,48443.0,48443.0,0.9143735937080693,81.0,0.081,106.0,33695.0,56.0,50.0,35.0,46.0,23230.0,21065.0,908.796875,897.0,91.203125,103.0,33695.0,336.95000000000033,100.0,1000,10,990,0.10775424994062632,887,0,0,1,2,0,0,0,1,2,1,0,1,1,2,16,32,0,0,0,1,0,0,1,0,1,0,0,0,1,0,3,47,0.8859623074531555,0.006324946880340576,1.7873867750167847,0.5479299426078796,0.025653
163,45733.0,3738.0,49471.0,49471.0,0.9244405813506903,73.0,0.073,102.0,35533.0,49.0,53.0,45.0,28.0,23415.0,22318.0,745.6605978012085,195.625,254.3394021987915,804.375,35533.0,355.3300000000003,100.0,1000,15,985,0.10884404205717146,898,0,0,0,0,1,0,0,2,1,2,1,1,3,3,11,24,0,1,1,0,0,0,1,0,2,0,0,0,2,1,3,42,0.9777517914772034,0.038421180099248886,1.9082133769989014,0.5766035318374634,0.025626
164,44391.0,5069.0,49460.0,49460.0,0.897513141932875,95.0,0.095,100.0,34391.0,64.0,36.0,11.0,84.0,23998.0,20393.0,291.46875,394.0,708.53125,606.0,34391.0,343.9100000000005,100.0,1000,10,990,0.10871329205110669,899,0,1,0,0,0,0,0,1,3,0,2,1,2,5,13,37,0,0,0,0,0,0,0,0,1,0,0,0,2,1,0,32,0.5088489651679993,-0.05270741134881973,1.155001163482666,0.6228444576263428,0.025598999999999997
165,49455.0,1973.0,51428.0,51428.0,0.9616356848409426,45.0,0.045,122.0,37255.0,62.0,60.0,12.0,33.0,24267.0,25188.0,803.0,854.0,197.0,146.0,37255.0,372.55000000000024,100.0,1000,8,992,0.10830279090441763,867,0,0,0,0,0,1,2,0,4,0,1,1,0,3,13,42,0,0,0,1,1,0,1,1,1,0,1,0,1,0,1,58,1.1072947978973389,-0.028811898082494736,2.3013899326324463,0.570478081703186,0.025571999999999998
166,46353.0,4116.0,50469.0,50469.0,0.918444986031029,77.0,0.077,103.0,36053.0,55.0,48.0,42.0,35.0,25002.0,21351.0,302.7217254638672,796.0,697.2782745361328,204.0,36053.0,360.5300000000002,100.0,1000,8,992,0.1089285829802975,894,0,0,0,0,0,2,0,1,0,3,0,0,2,6,16,27,0,0,0,1,0,0,1,0,0,0,0,0,1,1,2,43,0.9266331195831299,-0.03688551113009453,1.9609895944595337,0.6645606756210327,0.025544999999999998
167,46653.0,2939.0,49592.0,49592.0,0.9407364090982416,52.0,0.052,122.0,34453.0,63.0,59.0,22.0,30.0,23563.0,23090.0,784.0,666.0,216.0,169.1875,34453.0,344.5299999999999,100.0,1000,8,992,0.10818774998188019,867,0,0,0,0,1,1,0,1,2,0,2,0,1,4,19,34,0,0,1,1,0,0,1,0,2,0,0,1,0,0,2,60,1.69394850730896,0.009007137268781662,3.4006454944610596,0.6027620434761047,0.025518
168,49035.0,3070.0,52105.0,52105.0,0.9410805105076289,54.0,0.054,119.0,37135.0,50.0,69.0,44.0,10.0,22685.0,26350.0,657.0,758.0,0.0,242.0,37135.0,371.34999999999934,100.0,1000,5,995,0.10794254206120968,874,0,0,0,0,0,0,0,1,2,0,0,1,2,5,13,27,0,0,3,0,0,1,0,0,0,1,1,1,0,0,3,65,1.493556261062622,0.042866721749305725,2.9293763637542725,0.5491617918014526,0.025491
169,47003.0,3127.0,50130.0,50130.0,0.9376221823259525,59.0,0.059,110.0,36003.0,51.0,59.0,34.0,25.0,23385.0,23618.0,724.0,969.0,120.0,31.0,36003.0,360.0299999999996,100.0,1000,9,991,0.10767570789903402,885,0,0,0,0,1,0,1,2,1,0,0,0,2,6,13,27,0,3,0,0,0,0,1,0,1,0,0,1,0,0,2,54,1.4124023914337158,-0.007517627440392971,2.8678619861602783,0.5502275228500366,0.025464
170,43687.0,5254.0,48941.0,48941.0,0.8926462475225271,106.0,0.106,105.0,33187.0,49.0,56.0,60.0,46.0,21155.0,22532.0,682.0,308.0,318.0,692.0,33187.0,331.86999999999915,100.0,1000,7,993,0.10815045796334743,892,0,0,0,1,0,0,0,0,0,3,1,0,4,5,18,19,0,3,0,0,0,0,0,0,4,0,0,2,1,0,3,44,2.0529890060424805,0.11850696057081223,3.9008851051330566,0.6274495124816895,0.025436999999999998
171,46951.0,3463.0,50414.0,50414.0,0.9313087634387274,62.0,0.062,110.0,35951.0,50.0,60.0,45.0,17.0,22724.0,24227.0,570.118049621582,801.0,429.88195037841797,199.0,35951.0,359.51,100.0,1000,7,993,0.10815512493718415,883,0,0,0,0,0,1,1,0,1,2,0,0,1,8,13,23,0,2,0,1,0,0,0,0,0,0,0,2,1,0,4,57,0.7897423505783081,-0.04898206889629364,1.7098307609558105,0.6371868252754211,0.02541
172,47104.0,3570.0,50674.0,50674.0,0.929549670442436,70.0,0.07,118.0,35304.0,50.0,68.0,48.0,22.0,23881.0,23223.0,904.0,151.4375,96.0,742.4921875,35304.0,353.0399999999988,100.0,1000,9,991,0.1086492909817025,877,1,0,0,1,0,0,0,0,2,0,2,1,0,1,13,29,0,2,1,0,0,0,0,0,1,0,0,3,2,1,2,61,1.1635289192199707,0.061005380004644394,2.235269546508789,0.5953261852264404,0.025383
173,47499.0,2416.0,49915.0,49915.0,0.9515977161173996,41.0,0.041,114.0,36099.0,55.0,59.0,29.0,12.0,22845.0,24654.0,32.25,836.0,60.484375,164.0,36099.0,360.9900000000002,100.0,1000,8,992,0.1080153330694884,881,0,0,0,0,0,0,0,0,3,0,1,4,2,3,14,29,0,0,0,0,0,0,0,0,0,1,0,1,0,0,3,58,0.9838260412216187,0.01212320663034916,1.9711202383041382,0.546509861946106,0.025356
174,47775.0,2578.0,50353.0,50353.0,0.9488014616805355,50.0,0.05,103.0,37475.0,48.0,55.0,35.0,15.0,22232.0,25543.0,672.4180278778076,718.0,327.5819721221924,282.0,37475.0,374.7500000000001,100.0,1000,6,994,0.10910820798017085,887,0,0,0,0,0,0,0,0,2,2,0,1,3,4,21,17,0,0,1,0,0,0,0,0,1,0,0,1,4,0,2,54,1.1373258829116821,0.008927686139941216,2.2852623462677,0.5619256496429443,0.025328999999999997
175,49305.0,2472.0,51777.0,51777.0,0.9522567935569848,44.0,0.044,119.0,37405.0,62.0,57.0,23.0,21.0,25032.0,24273.0,567.25,641.0,432.75,359.0,37405.0,374.05000000000064,100.0,1000,7,993,0.10894895798992366,878,1,0,0,0,0,0,1,1,2,1,3,2,3,5,24,22,0,0,0,0,0,0,1,1,1,0,0,0,2,1,1,50,1.2858271598815918,0.018584704026579857,2.560525894165039,0.5146034955978394,0.025301999999999998
176,44904.0,6255.0,51159.0,51159.0,0.8777341230282062,91.0,0.091,95.0,35404.0,58.0,37.0,16.0,75.0,23142.0,21762.0,667.40625,792.0,332.59375,208.0,35404.0,354.0399999999997,100.0,1000,9,991,0.10774825001135468,896,0,0,1,0,1,0,0,0,1,0,0,2,3,5,16,34,0,0,0,0,0,0,2,0,0,0,0,0,0,1,0,38,2.3257298469543457,0.09933828562498093,4.481481075286865,0.5677124261856079,0.025275
177,43600.0,5336.0,48936.0,48936.0,0.8909596207291156,104.0,0.104,98.0,33800.0,56.0,42.0,37.0,67.0,21741.0,21859.0,468.0,717.0,532.0,283.0,33800.0,338.00000000000034,100.0,1000,12,988,0.10820100002456456,898,0,0,0,0,0,0,0,1,3,0,0,1,3,5,17,26,0,0,1,1,0,0,0,0,0,3,1,0,1,1,1,37,1.573591709136963,0.04167165607213974,3.0916810035705566,0.5513498783111572,0.025248
178,46965.0,3733.0,50698.0,50698.0,0.9263679040593318,50.0,0.05,99.0,37065.0,45.0,54.0,21.0,29.0,22641.0,24324.0,900.0,10.0,100.0,990.0,37065.0,370.65000000000083,100.0,1000,6,994,0.10833820898551494,896,0,0,0,0,0,1,0,0,3,0,2,0,0,4,20,18,0,0,0,0,0,0,2,0,2,0,0,1,1,0,1,49,0.8127652406692505,-0.0477709136903286,1.7479757070541382,0.5333541631698608,0.025221
179,42600.0,6607.0,49207.0,49207.0,0.8657304855000305,122.0,0.122,96.0,33000.0,41.0,55.0,93.0,29.0,19168.0,23432.0,905.0,350.0,95.0,0.0,33000.0,330.0000000000003,100.0,1000,4,996,0.10832066694274545,894,0,1,0,0,0,1,1,0,3,0,0,0,1,3,14,17,0,0,0,0,0,0,0,1,0,0,1,0,1,0,4,58,1.048425555229187,0.007299297954887152,2.1112611293792725,0.5757062435150146,0.025194
180,46638.0,2470.0,49108.0,49108.0,0.9497026960983954,40.0,0.04,107.0,35938.0,61.0,46.0,12.0,28.0,24166.0,22472.0,400.0,635.0,82.0,365.0,35938.0,359.38000000000034,100.0,1000,6,994,0.10792120906990021,886,0,1,1,0,1,0,0,0,4,0,4,2,1,6,14,33,0,0,1,2,0,1,0,0,0,0,2,0,0,0,0,41,1.3006227016448975,-0.07900401949882507,2.7856462001800537,0.5243496298789978,0.025167
181,45919.0,2431.0,48350.0,48350.0,0.9497207859358842,45.0,0.045,106.0,35319.0,51.0,55.0,28.0,17.0,23199.0,22720.0,752.08203125,951.0,247.91796875,49.0,35319.0,353.1899999999997,100.0,1000,0,1000,0.10888370894826949,889,0,0,0,0,1,0,0,1,0,1,0,0,0,1,18,31,0,0,0,0,0,0,0,0,1,0,0,0,1,0,1,55,1.118564486503601,-0.02785470150411129,2.3168416023254395,0.4773935079574585,0.02514
182,44387.0,4848.0,49235.0,49235.0,0.9015334619681121,85.0,0.085,79.0,36487.0,40.0,39.0,32.0,53.0,23217.0,21170.0,543.0,611.0,457.0,389.0,36487.0,364.8700000000002,100.0,1000,4,996,0.10803204192779958,917,0,0,0,0,0,0,0,0,2,2,1,0,2,5,8,21,1,0,2,0,1,0,0,0,0,0,1,2,0,0,1,34,0.8783050775527954,0.004375469870865345,1.7770485877990723,0.5811601877212524,0.025113
183,45072.0,4825.0,49897.0,49897.0,0.9033007996472734,91.0,0.091,91.0,35972.0,48.0,43.0,34.0,57.0,23550.0,21522.0,650.05078125,0.0,349.94921875,1000.0,35972.0,359.71999999999883,100.0,1000,8,992,0.10844883299432695,895,0,0,1,0,0,0,0,0,1,0,0,1,3,2,14,30,0,1,2,0,0,0,2,0,0,1,0,0,0,1,4,42,0.9245409369468689,-0.04743887111544609,1.9776768684387207,0.6720343232154846,0.025085999999999997
184,47761.0,2576.0,50337.0,50337.0,0.9488249200389376,47.0,0.047,128.0,34961.0,59.0,69.0,34.0,13.0,23693.0,24068.0,671.375,838.9375,328.625,161.0625,34961.0,349.6100000000001,100.0,1000,11,989,0.10883891594130546,863,0,0,0,0,1,1,0,1,0,1,1,1,0,4,25,27,0,0,0,0,0,0,0,0,0,0,1,0,3,0,4,67,0.670384407043457,-0.06061987951397896,1.4909511804580688,0.5774888396263123,0.025058999999999998
185,46090.0,3702.0,49792.0,49792.0,0.925650706940874,63.0,0.063,112.0,34890.0,49.0,63.0,56.0,7.0,23694.0,22396.0,926.0,725.0,74.0,275.0,34890.0,348.89999999999964,100.0,1000,7,993,0.10814016603399068,880,1,0,0,0,1,0,0,0,4,1,0,0,1,7,11,24,0,0,0,1,0,0,1,1,0,0,0,0,3,1,2,61,0.9500366449356079,-0.09598978608846664,2.1191649436950684,0.541548490524292,0.025032
186,48004.0,1516.0,49520.0,49520.0,0.9693861066235864,32.0,0.032,110.0,37004.0,52.0,58.0,14.0,18.0,24446.0,23558.0,833.625,596.0,166.375,404.0,37004.0,370.0399999999998,100.0,1000,5,995,0.10882100008893758,886,0,0,0,0,0,1,0,2,1,0,1,1,1,4,12,29,0,0,0,2,0,0,0,0,0,0,0,0,2,0,3,55,1.2813395261764526,0.05917545035481453,2.469011068344116,0.4935629665851593,0.025005
187,46473.0,2809.0,49282.0,49282.0,0.9430015015624366,55.0,0.055,100.0,36473.0,44.0,56.0,42.0,13.0,21723.0,24750.0,867.578125,390.0,132.421875,610.0,36473.0,364.73,100.0,1000,4,996,0.10841995803639293,896,1,0,1,0,1,1,0,0,0,0,0,0,3,1,10,27,0,0,0,0,0,0,1,0,1,1,0,1,1,0,3,51,0.8592589497566223,-0.024914249777793884,1.7947356700897217,0.528249204158783,0.024978
188,46333.0,4360.0,50693.0,50693.0,0.9139920699110331,77.0,0.077,103.0,36033.0,44.0,59.0,67.0,10.0,22126.0,24207.0,299.00390625,918.0,700.99609375,82.0,36033.0,360.3300000000003,100.0,1000,3,997,0.10864449990913272,889,1,0,0,1,0,0,0,1,0,0,0,1,1,4,9,27,1,0,0,1,1,1,0,0,0,0,1,0,2,0,3,56,0.9266915321350098,-0.07894784957170486,2.0375757217407227,0.5269719362258911,0.024951
189,46619.0,2632.0,49251.0,49251.0,0.9465594607216097,53.0,0.053,103.0,36319.0,52.0,51.0,24.0,29.0,22830.0,23789.0,922.0,946.0,78.0,0.0,36319.0,363.19,100.0,1000,7,993,0.10802225000225008,890,0,0,0,0,0,0,1,0,1,2,0,1,0,2,18,29,0,1,0,0,0,0,0,0,0,0,0,1,3,0,3,48,1.1160775423049927,-0.014849447645246983,2.286369562149048,0.49180689454078674,0.024923999999999998
190,44908.0,5317.0,50225.0,50225.0,0.8941363862618218,101.0,0.101,97.0,35208.0,50.0,47.0,31.0,70.0,23852.0,21056.0,446.7557373046875,879.4375,553.2442626953125,120.5625,35208.0,352.0799999999997,100.0,1000,4,996,0.10898058291058987,897,0,0,0,0,0,0,1,1,1,0,0,1,0,5,11,31,0,0,0,0,0,1,0,0,1,0,1,0,3,2,4,40,0.9892773628234863,-0.0607716329395771,2.125149965286255,0.5031141042709351,0.024897
191,44525.0,5921.0,50446.0,50446.0,0.882626967450343,112.0,0.112,90.0,35525.0,47.0,43.0,62.0,50.0,22555.0,21970.0,660.724853515625,935.0,339.275146484375,65.0,35525.0,355.2499999999996,100.0,1000,8,992,0.10910837503615767,903,1,0,0,0,1,0,0,1,1,1,1,1,4,2,11,26,0,0,0,1,0,0,0,0,0,1,2,0,1,0,3,39,1.596129298210144,0.06683266907930374,3.085416555404663,0.5392692685127258,0.02487
192,44891.0,4967.0,49858.0,49858.0,0.9003770708813029,83.0,0.083,98.0,35091.0,44.0,54.0,64.0,19.0,21005.0,23886.0,935.0,23.0,65.0,69.0,35091.0,350.9099999999998,100.0,1000,6,994,0.10820050002075732,901,0,0,0,0,0,0,0,0,1,1,2,1,1,5,5,28,1,0,0,0,0,1,0,0,0,1,0,1,1,0,3,47,1.3835043907165527,0.04856554791331291,2.6945302486419678,0.49616721272468567,0.024842999999999997
193,45598.0,3820.0,49418.0,49418.0,0.9227002306851755,73.0,0.073,97.0,35898.0,44.0,53.0,61.0,12.0,22152.0,23446.0,528.0,467.0,472.0,533.0,35898.0,358.9800000000001,100.0,1000,8,992,0.10858037509024143,900,0,0,0,0,0,1,0,0,2,0,1,3,1,3,9,25,0,1,0,0,0,0,1,0,1,0,1,1,6,0,3,41,1.341046690940857,0.056797947734594345,2.594223976135254,0.5183447003364563,0.024815999999999998
194,48035.0,2888.0,50923.0,50923.0,0.9432869233941441,46.0,0.046,96.0,38435.0,53.0,43.0,7.0,39.0,23882.0,24153.0,179.8125,714.75,820.1875,285.25,38435.0,384.3499999999995,100.0,1000,5,995,0.108232417027466,901,0,0,0,0,1,0,0,0,0,0,0,2,0,3,13,35,0,0,1,0,0,0,0,1,0,1,1,0,0,0,2,39,1.1422348022460938,-0.0033827824518084526,2.3156046867370605,0.49153950810432434,0.024789
195,43883.0,4772.0,48655.0,48655.0,0.9019216935566745,89.0,0.089,101.0,33783.0,52.0,49.0,45.0,44.0,22193.0,21690.0,326.0,901.0,674.0,99.0,33783.0,337.8300000000004,100.0,1000,4,996,0.10857241705525666,895,0,0,0,0,0,2,0,0,2,0,0,3,2,5,10,32,0,1,1,0,0,0,1,0,2,0,0,0,1,0,2,41,1.6730347871780396,0.03213966265320778,3.3067450523376465,0.5038947463035583,0.024762
196,46512.0,2787.0,49299.0,49299.0,0.9434674131321122,51.0,0.051,94.0,37112.0,55.0,39.0,10.0,41.0,23743.0,22769.0,403.75,875.0,596.25,125.0,37112.0,371.1199999999997,100.0,1000,0,1000,0.10792716697324067,898,0,0,0,0,1,0,0,0,1,1,0,2,0,9,12,32,0,1,0,0,0,0,0,0,0,1,1,1,0,0,3,37,1.12971031665802,0.0540013462305069,2.1790339946746826,0.5582370162010193,0.024735
197,45083.0,4517.0,49600.0,49600.0,0.9089314516129032,87.0,0.087,101.0,34983.0,62.0,39.0,16.0,71.0,24053.0,21030.0,181.0,686.625,0.0,313.375,34983.0,349.83000000000004,100.0,1000,10,990,0.10864566697273403,895,0,0,0,0,1,0,0,1,1,0,1,1,1,6,15,36,1,0,0,0,0,1,1,0,0,0,0,0,1,0,3,35,0.8455085158348083,-0.049419671297073364,1.81991708278656,0.6083180904388428,0.024708
198,46522.0,2254.0,48776.0,48776.0,0.953788748564868,46.0,0.046,108.0,35722.0,59.0,49.0,5.0,41.0,23156.0,23366.0,890.0,575.0,110.0,425.0,35722.0,357.2200000000007,100.0,1000,3,997,0.10804870794527233,888,0,0,1,0,1,0,0,1,1,1,0,0,0,8,12,35,0,0,0,0,0,0,1,0,0,0,0,1,2,0,1,47,0.8811466097831726,-0.028147105127573013,1.843989610671997,0.5146096348762512,0.024680999999999998
199,46056.0,3315.0,49371.0,49371.0,0.9328553199246521,64.0,0.064,104.0,35656.0,61.0,43.0,5.0,59.0,22685.0,23371.0,983.0,648.0,17.0,352.0,35656.0,356.56000000000046,100.0,1000,8,992,0.10933762497734278,892,0,0,0,0,0,1,0,0,1,1,0,2,2,6,14,35,0,0,1,0,0,0,0,2,0,0,2,0,0,0,1,40,1.9789419174194336,0.08456078916788101,3.8181662559509277,0.5963297486305237,0.024654
200,46183.0,2699.0,48882.0,48882.0,0.9447854015793135,47.0,0.047,105.0,35683.0,55.0,50.0,19.0,28.0,23877.0,22306.0,891.0,915.0,109.0,85.0,35683.0,356.8299999999997,100.0,1000,6,994,0.10880379204172641,894,0,0,0,0,0,1,0,1,2,0,3,2,0,3,8,35,0,0,0,0,0,0,0,0,1,0,0,1,0,0,6,43,1.5029939413070679,0.01124816108494997,3.0096018314361572,0.5301118493080139,0.024627
201,47919.0,1880.0,49799.0,49799.0,0.962248237916424,37.0,0.037,106.0,37319.0,55.0,51.0,15.0,22.0,24175.0,23744.0,611.0,705.0,389.0,295.0,37319.0,373.18999999999994,100.0,1000,8,992,0.10820462496485561,891,0,1,0,0,0,0,0,0,0,0,1,2,3,4,13,34,0,0,0,0,0,0,1,1,0,0,1,0,1,0,2,45,0.9340353012084961,0.03935746103525162,1.8116798400878906,0.4537447690963745,0.024599999999999997
202,43216.0,5612.0,48828.0,48828.0,0.8850659457688211,112.0,0.112,88.0,34416.0,37.0,51.0,69.0,43.0,21201.0,22015.0,944.0,797.0,56.0,203.0,34416.0,344.1599999999997,100.0,1000,5,995,0.10904254205524921,909,0,0,0,0,0,0,0,0,1,0,1,0,1,4,7,23,0,2,0,0,0,1,1,0,0,0,0,0,0,0,2,48,1.2708443403244019,0.0003271246678195894,2.569357395172119,0.5763020515441895,0.024572999999999998
203,46227.0,4874.0,51101.0,51101.0,0.9046202618344064,85.0,0.085,97.0,36527.0,51.0,46.0,39.0,46.0,22770.0,23457.0,624.0,833.0,376.0,167.0,36527.0,365.26999999999987,100.0,1000,4,996,0.109723582980223,900,0,0,0,0,0,0,1,0,2,0,0,2,3,4,10,31,0,1,0,0,0,0,0,0,2,0,1,0,1,0,1,41,1.2253928184509277,-0.007037730421870947,2.494584798812866,0.6054676175117493,0.024546
204,44588.0,4905.0,49493.0,49493.0,0.9008950760713637,97.0,0.097,93.0,35288.0,56.0,37.0,44.0,53.0,23472.0,21116.0,826.0,637.0,174.0,363.0,35288.0,352.87999999999954,100.0,1000,7,993,0.10923729196656495,901,0,1,0,0,0,0,2,0,2,2,1,2,0,6,10,35,0,0,0,0,0,0,0,0,0,0,1,0,0,0,4,33,1.1121286153793335,-0.022282149642705917,2.2979423999786377,0.5938428640365601,0.024519
205,47874.0,2030.0,49904.0,49904.0,0.959321898044245,40.0,0.04,105.0,37374.0,56.0,49.0,21.0,19.0,24558.0,23316.0,616.0,942.0,384.0,58.0,37374.0,373.74000000000007,100.0,1000,7,993,0.10941966599784791,892,0,0,0,0,1,1,0,0,2,0,0,2,1,6,14,30,0,1,0,0,0,0,2,0,0,0,0,0,2,0,5,41,0.8576644062995911,0.029635783284902573,1.680841088294983,0.5059584379196167,0.024492
206,46565.0,2988.0,49553.0,49553.0,0.9397009262809517,59.0,0.059,95.0,37065.0,47.0,48.0,21.0,38.0,24082.0,22483.0,574.0,697.0,426.0,60.0,37065.0,370.6500000000005,100.0,1000,6,994,0.10805941605940461,901,0,0,0,0,0,0,0,1,1,1,2,5,0,3,12,24,0,1,0,0,0,0,0,0,0,0,2,1,0,0,2,44,1.7258037328720093,0.05771502107381821,3.363159418106079,0.5514408349990845,0.024465
207,46677.0,3985.0,50662.0,50662.0,0.9213414393430974,63.0,0.063,100.0,36677.0,50.0,50.0,23.0,40.0,23116.0,23561.0,832.0,880.0,168.0,120.0,36677.0,366.7699999999996,100.0,1000,7,993,0.1087654170114547,899,0,0,0,0,0,0,0,3,1,2,2,1,2,7,10,23,0,1,0,0,0,0,0,0,1,0,0,3,1,0,3,41,1.0142793655395508,-0.030186038464307785,2.1128852367401123,0.49010545015335083,0.024438
208,47542.0,3268.0,50810.0,50810.0,0.9356819523715804,53.0,0.053,96.0,37942.0,42.0,54.0,36.0,17.0,21614.0,25928.0,371.553466796875,891.0,628.446533203125,109.0,37942.0,379.4200000000001,100.0,1000,8,992,0.10877512500155717,898,0,0,0,0,0,0,1,1,0,0,0,2,1,5,12,23,0,0,0,0,0,0,0,0,2,0,2,0,0,0,3,50,0.6102154850959778,-0.06374268978834152,1.370254635810852,0.4575458765029907,0.024411
209,45054.0,5163.0,50217.0,50217.0,0.8971862118406118,103.0,0.103,87.0,36354.0,49.0,38.0,10.0,93.0,24634.0,20420.0,360.0,447.0,640.0,553.0,36354.0,363.5400000000001,100.0,1000,3,997,0.10883033298887312,908,0,0,0,0,1,0,0,0,1,0,0,2,1,3,11,32,0,1,0,1,0,0,0,0,1,0,0,0,0,0,1,37,1.224420428276062,-0.005593577399849892,2.4868693351745605,0.5503916144371033,0.024384
210,45514.0,4268.0,49782.0,49782.0,0.9142662006347676,82.0,0.082,93.0,36214.0,49.0,44.0,31.0,51.0,23676.0,21838.0,591.0,505.0,409.0,12.0,36214.0,362.1399999999996,100.0,1000,7,993,0.10936687502544373,904,0,0,0,1,0,3,0,1,1,0,1,2,1,4,12,23,0,2,0,0,0,0,0,0,0,0,1,0,1,0,3,40,1.8048526048660278,0.10629884898662567,3.4253005981445312,0.5787461996078491,0.024357
211,44866.0,3969.0,48835.0,48835.0,0.9187263233336747,78.0,0.078,96.0,35266.0,54.0,42.0,34.0,44.0,21951.0,22915.0,908.0,477.0,92.0,523.0,35266.0,352.65999999999985,100.0,1000,6,994,0.10866354196332395,902,0,0,1,0,0,0,1,0,0,0,1,4,2,9,8,28,0,0,0,0,0,0,0,0,2,0,0,0,0,1,3,38,0.8374952673912048,-0.04330071061849594,1.7891697883605957,0.5667474865913391,0.024329999999999997
212,46784.0,3580.0,50364.0,50364.0,0.9289174807402113,70.0,0.07,95.0,37284.0,48.0,47.0,27.0,43.0,24552.0,22232.0,952.0,948.0,48.0,52.0,37284.0,372.8399999999999,100.0,1000,5,995,0.10897529206704348,903,0,0,0,0,0,0,0,0,0,1,0,3,1,4,9,30,0,0,0,0,0,0,1,0,1,0,0,0,2,0,3,42,1.5545192956924438,0.05938156321644783,3.016036033630371,0.5299874544143677,0.024302999999999998
213,45229.0,5514.0,50743.0,50743.0,0.8913347653863587,103.0,0.103,88.0,36429.0,51.0,37.0,20.0,83.0,23518.0,21711.0,694.25,813.0,305.75,187.0,36429.0,364.2899999999994,100.0,1000,2,998,0.10861695802304894,911,0,0,0,0,1,0,0,1,0,0,1,2,2,8,11,25,0,0,0,0,0,0,0,1,1,0,1,0,0,0,3,32,1.0099467039108276,-0.04865732789039612,2.143893241882324,0.5496194362640381,0.024276
214,46711.0,3292.0,50003.0,50003.0,0.9341639501629903,64.0,0.064,101.0,36611.0,50.0,51.0,23.0,41.0,22300.0,24411.0,758.0,567.0,242.0,433.0,36611.0,366.11000000000075,100.0,1000,3,997,0.10803799994755536,896,0,0,0,0,0,0,0,0,1,1,2,1,1,11,5,29,0,0,0,0,0,0,0,0,1,0,2,1,1,0,5,43,0.7637267112731934,-0.02147720567882061,1.5968756675720215,0.5457496643066406,0.024249
215,44753.0,3628.0,48381.0,48381.0,0.925011884830822,67.0,0.067,92.0,35553.0,42.0,50.0,44.0,23.0,22779.0,21974.0,463.5,650.8125,536.5,0.0,35553.0,355.52999999999975,100.0,1000,3,997,0.10884529200848192,904,0,0,1,0,0,0,0,1,1,0,1,0,3,3,9,23,0,0,1,0,0,0,0,0,0,0,2,0,1,0,6,44,1.3015000820159912,-0.025893820449709892,2.6800363063812256,0.521191418170929,0.024222
216,44522.0,5329.0,49851.0,49851.0,0.8931014422980482,88.0,0.088,102.0,34322.0,53.0,49.0,48.0,40.0,23295.0,21227.0,894.0,871.0,106.0,129.0,34322.0,343.21999999999997,100.0,1000,8,992,0.10798704100307077,895,0,1,0,0,2,0,0,1,2,0,1,1,3,11,8,24,0,1,1,0,1,0,0,0,1,0,0,0,1,1,1,44,0.48721522092819214,-0.14516040682792664,1.2929049730300903,0.5818101763725281,0.024194999999999998
217,46498.0,3023.0,49521.0,49521.0,0.9389551907271663,57.0,0.057,102.0,36298.0,42.0,60.0,36.0,21.0,22900.0,23598.0,503.0,340.125,497.0,659.875,36298.0,362.9799999999995,100.0,1000,7,993,0.10926129203289747,890,0,0,0,0,1,0,0,0,2,0,1,1,0,4,11,23,0,1,0,1,0,0,1,0,1,1,0,1,0,0,2,59,0.6202779412269592,0.04849826171994209,1.1712086200714111,0.572021484375,0.024168
218,49440.0,3378.0,52818.0,52818.0,0.9360445302737703,60.0,0.06,113.0,38140.0,61.0,52.0,30.0,30.0,25297.0,24143.0,275.75,795.0,724.25,205.0,38140.0,381.4000000000007,100.0,1000,7,993,0.10925604193471372,884,0,0,0,0,1,0,0,1,1,0,0,1,2,7,16,32,0,0,0,0,0,0,1,0,1,0,1,0,1,0,5,46,1.6284857988357544,0.0423630066215992,3.200378894805908,0.5826905369758606,0.024141
219,48004.0,2053.0,50057.0,50057.0,0.958986755099187,41.0,0.041,112.0,36804.0,61.0,51.0,13.0,28.0,22378.0,25626.0,533.0,809.0,142.0,191.0,36804.0,368.04,100.0,1000,5,995,0.10802858299575746,884,0,0,0,0,1,0,0,0,0,1,1,3,2,4,21,29,0,0,0,0,0,0,0,0,0,1,1,0,1,1,2,48,0.8562672138214111,-0.01613309048116207,1.7694107294082642,0.5102889537811279,0.024114
220,45991.0,3429.0,49420.0,49420.0,0.9306151355726426,64.0,0.064,102.0,35791.0,61.0,41.0,24.0,40.0,24865.0,21126.0,362.25,753.0,637.75,247.0,35791.0,357.9099999999991,100.0,1000,3,997,0.10881595802493393,890,0,1,0,0,0,0,0,0,3,1,0,3,0,8,19,31,0,1,0,0,1,0,0,0,0,0,0,0,1,0,2,39,1.0968505144119263,-0.03555789217352867,2.2919139862060547,0.5624874830245972,0.024086999999999997
221,48496.0,743.0,49239.0,49239.0,0.9849103353033165,17.0,0.017,103.0,38196.0,49.0,54.0,13.0,4.0,23334.0,25162.0,728.4375,748.0,271.5625,252.0,38196.0,381.9600000000005,100.0,1000,6,994,0.10849274997599423,894,0,0,0,0,0,0,0,0,0,0,0,0,0,4,11,36,0,0,1,1,0,0,0,0,0,0,2,0,2,0,0,49,1.5338420867919922,0.01514034066349268,3.062478542327881,0.5210908651351929,0.024059999999999998
222,46081.0,3380.0,49461.0,49461.0,0.9316633307049998,63.0,0.063,110.0,35081.0,59.0,51.0,29.0,34.0,23637.0,22444.0,654.875,827.0,345.125,46.0,35081.0,350.8099999999995,100.0,1000,1,999,0.10782312497030944,885,0,0,0,0,0,1,1,0,0,2,0,4,1,12,13,28,0,0,0,0,0,0,0,0,1,0,1,0,0,0,2,49,1.151016354560852,0.04903129115700722,2.230194330215454,0.5455835461616516,0.024033
223,46389.0,1728.0,48117.0,48117.0,0.9640875366294657,26.0,0.026,111.0,35289.0,59.0,52.0,10.0,16.0,22071.0,24318.0,370.125,893.0,629.875,107.0,35289.0,352.89000000000055,100.0,1000,5,995,0.10903454094659537,887,0,0,0,0,0,0,0,0,1,0,0,3,1,7,11,36,0,1,0,0,0,0,1,0,0,0,0,0,2,1,2,47,1.7018730640411377,0.04648301377892494,3.335472345352173,0.5142947435379028,0.024006
224,46564.0,2580.0,49144.0,49144.0,0.9475012209018395,35.0,0.035,102.0,36364.0,54.0,48.0,7.0,28.0,23323.0,23241.0,195.0,785.0,0.0,215.0,36364.0,363.64000000000027,100.0,1000,6,994,0.1084826251026243,893,0,0,0,0,0,0,0,0,0,0,1,4,1,4,8,38,0,0,0,0,0,0,2,0,0,2,1,0,1,0,4,41,1.3376855850219727,0.020618414506316185,2.6588258743286133,0.5148609280586243,0.023979
225,45524.0,2984.0,48508.0,48508.0,0.9384843737115527,60.0,0.06,112.0,34324.0,64.0,48.0,18.0,42.0,23615.0,21909.0,772.0,83.0,228.0,0.0,34324.0,343.2400000000001,100.0,1000,3,997,0.10876862495206296,883,0,0,0,0,0,1,1,0,1,0,1,1,1,7,12,42,0,0,0,0,0,0,0,0,1,0,1,0,0,0,3,45,1.2474861145019531,0.00018168934911955148,2.519139051437378,0.5120716691017151,0.023951999999999998
226,48167.0,2367.0,50534.0,50534.0,0.9531602485455337,46.0,0.046,97.0,38467.0,48.0,49.0,38.0,8.0,25317.0,22850.0,837.0,286.0,163.0,714.0,38467.0,384.6699999999999,100.0,1000,7,993,0.10901733301579952,899,0,0,0,0,0,0,0,0,0,2,2,0,0,8,8,29,0,0,1,0,0,0,0,0,1,1,0,0,2,1,2,44,0.7613534331321716,0.011048730462789536,1.525606632232666,0.5224080085754395,0.023925
227,49699.0,2460.0,52159.0,52159.0,0.9528365191050442,42.0,0.042,99.0,39799.0,58.0,41.0,15.0,27.0,26667.0,23032.0,593.0,21.875,0.0,978.125,39799.0,397.98999999999927,100.0,1000,2,998,0.10875545802991837,895,0,0,0,0,0,0,0,0,0,0,1,5,0,7,10,39,0,0,0,0,0,0,1,0,1,0,1,0,1,0,4,35,1.7428606748580933,0.07672851532697678,3.3583853244781494,0.5465073585510254,0.023898
228,47886.0,2348.0,50234.0,50234.0,0.9532587490544253,44.0,0.044,102.0,37686.0,53.0,49.0,31.0,13.0,23601.0,24285.0,576.0,510.75,424.0,489.25,37686.0,376.8599999999996,100.0,1000,3,997,0.10889975004829466,893,0,0,0,0,0,0,1,1,0,3,0,0,1,6,10,32,0,1,0,0,0,0,0,1,0,1,0,1,2,0,2,45,0.691609799861908,0.03460279852151871,1.337958812713623,0.5015479326248169,0.023871
229,48177.0,1166.0,49343.0,49343.0,0.9763694951664876,21.0,0.021,116.0,36577.0,58.0,58.0,12.0,9.0,24321.0,23856.0,133.0,570.0,596.0625,430.0,36577.0,365.76999999999987,100.0,1000,1,999,0.10873537498991936,876,0,0,0,0,1,0,0,0,0,1,0,1,1,8,11,39,0,0,0,0,1,0,0,0,0,0,2,0,1,0,2,56,1.1383942365646362,0.0014659063890576363,2.2988226413726807,0.5235302448272705,0.023843999999999997
230,49026.0,1661.0,50687.0,50687.0,0.9672302562787303,32.0,0.032,117.0,37326.0,57.0,60.0,19.0,13.0,24322.0,24704.0,189.0,328.0,811.0,588.0,37326.0,373.26,100.0,1000,2,998,0.10833104106131941,881,0,0,1,0,0,0,0,0,0,0,1,3,0,3,9,40,0,2,1,0,0,1,0,0,1,1,0,0,0,0,1,55,1.2798547744750977,-0.009081272408366203,2.6040804386138916,0.5502053499221802,0.023816999999999998
231,46652.0,2247.0,48899.0,48899.0,0.9540481400437637,35.0,0.035,111.0,35552.0,55.0,56.0,22.0,13.0,22636.0,24016.0,611.0,716.0,22.0,284.0,35552.0,355.51999999999936,100.0,1000,6,994,0.10923358390573412,883,0,0,0,0,0,0,0,0,0,0,0,1,0,3,16,37,0,1,0,0,0,0,1,0,2,1,0,0,1,0,1,53,0.6044347882270813,-0.08150395005941391,1.3968980312347412,0.525863766670227,0.02379
232,47450.0,2317.0,49767.0,49767.0,0.9534430445877791,47.0,0.047,102.0,37250.0,54.0,48.0,22.0,25.0,24171.0,23279.0,167.0,726.375,833.0,273.625,37250.0,372.5000000000006,100.0,1000,1,999,0.10791712498757988,891,0,0,0,0,0,0,0,0,0,0,0,0,2,7,15,32,0,0,0,0,0,0,0,0,0,0,0,0,2,0,1,50,1.059285283088684,0.0070321569219231606,2.131356716156006,0.5649651288986206,0.023763
233,48716.0,840.0,49556.0,49556.0,0.9830494793768666,15.0,0.015,103.0,38416.0,55.0,48.0,12.0,3.0,24258.0,24458.0,798.0,313.0,202.0,687.0,38416.0,384.15999999999957,100.0,1000,2,998,0.10890754195861518,890,0,0,0,0,0,0,1,1,1,1,1,1,1,5,15,31,0,0,0,0,0,0,0,0,0,0,2,0,0,0,3,47,1.107748031616211,0.07019321620464325,2.1013994216918945,0.5537921190261841,0.023736
234,49216.0,1085.0,50301.0,50301.0,0.9784298522892189,20.0,0.02,116.0,37616.0,57.0,59.0,17.0,3.0,26003.0,23213.0,996.0,579.4375,4.0,420.5625,37616.0,376.1600000000004,100.0,1000,5,995,0.1087970839580521,881,0,0,0,0,0,1,0,1,0,0,1,1,2,6,20,27,0,0,0,0,0,0,0,0,2,0,1,2,0,0,2,53,1.3836654424667358,0.03601577877998352,2.7192866802215576,0.5058695673942566,0.023708999999999997
235,47866.0,2054.0,49920.0,49920.0,0.9588541666666667,40.0,0.04,102.0,37666.0,52.0,50.0,21.0,19.0,23574.0,24292.0,566.0,768.0,434.0,232.0,37666.0,376.65999999999934,100.0,1000,6,994,0.10778145806398243,895,0,0,0,0,0,1,0,0,2,0,0,0,2,6,12,30,0,0,1,0,0,0,0,0,0,0,1,0,1,0,1,48,1.6101716756820679,0.07373236119747162,3.098830223083496,0.5479199886322021,0.023681999999999998
236,48090.0,1693.0,49783.0,49783.0,0.9659924070465822,35.0,0.035,109.0,37190.0,64.0,45.0,4.0,31.0,25163.0,22927.0,563.9375,72.0,436.0625,928.0,37190.0,371.8999999999993,100.0,1000,1,999,0.10893912496976554,888,0,0,0,0,0,1,1,0,1,0,2,2,2,5,14,38,0,0,0,0,0,0,0,0,0,0,1,0,0,0,2,43,0.5540311932563782,-0.031999848783016205,1.1988407373428345,0.5660266280174255,0.023655
237,48702.0,1500.0,50202.0,50202.0,0.9701207123222182,24.0,0.024,113.0,37402.0,55.0,58.0,15.0,9.0,23402.0,25300.0,700.0,1000.0,300.0,0.0,37402.0,374.0199999999991,100.0,1000,5,995,0.10843625001143664,881,0,0,0,0,1,0,0,0,0,0,0,2,0,7,24,24,0,0,0,0,0,0,0,0,0,0,0,0,0,0,2,59,1.5761568546295166,0.08132164925336838,3.0134921073913574,0.5040960907936096,0.023628
238,50278.0,1278.0,51556.0,51556.0,0.9752114205912018,18.0,0.018,106.0,39678.0,55.0,51.0,4.0,14.0,24434.0,25844.0,450.7421875,780.0,549.2578125,220.0,39678.0,396.7800000000001,100.0,1000,4,996,0.10790520801674575,890,0,0,0,0,0,0,0,0,0,0,0,3,5,5,14,30,0,0,0,1,0,0,0,0,0,0,1,0,0,1,3,47,1.425808310508728,0.039786189794540405,2.793941020965576,0.46389493346214294,0.023601
239,47295.0,2323.0,49618.0,49618.0,0.9531823128703293,31.0,0.031,102.0,37095.0,54.0,48.0,14.0,17.0,23739.0,23556.0,783.8125,19.0,57.0,306.5625,37095.0,370.95000000000016,100.0,1000,4,996,0.10896974999923259,893,0,0,0,0,0,0,0,0,2,1,0,4,1,5,12,32,0,1,0,0,0,1,0,0,0,0,1,1,1,0,2,43,1.6392608880996704,0.11127468943595886,3.0800435543060303,0.5105482935905457,0.023573999999999998
240,48182.0,1053.0,49235.0,49235.0,0.9786127754646086,19.0,0.019,106.0,37582.0,53.0,53.0,16.0,3.0,23604.0,24578.0,724.0,500.0,276.0,500.0,37582.0,375.8199999999997,100.0,1000,2,998,0.1080877089407295,886,0,0,0,0,0,0,1,0,1,0,0,2,3,8,16,26,0,0,0,0,0,0,0,0,0,0,1,0,0,0,1,55,1.5490927696228027,0.0758940726518631,2.9693872928619385,0.4881729781627655,0.023547
241,46141.0,3182.0,49323.0,49323.0,0.9354864870344464,58.0,0.058,101.0,36041.0,40.0,61.0,55.0,3.0,20605.0,25536.0,123.0,794.0,877.0,206.0,36041.0,360.41000000000025,100.0,1000,2,998,0.10931237495969981,890,0,0,0,0,0,1,0,0,1,0,1,1,1,5,9,22,0,0,0,0,0,0,0,0,0,0,1,0,0,0,1,67,0.6741231083869934,-0.05730792507529259,1.4898875951766968,0.5745245218276978,0.02352
242,48457.0,1196.0,49653.0,49653.0,0.9759128350754235,24.0,0.024,111.0,37357.0,46.0,65.0,9.0,15.0,22628.0,25829.0,681.6045828983188,808.0,318.39541710168123,192.0,37357.0,373.5700000000001,100.0,1000,3,997,0.10810924996621907,886,0,0,0,0,0,0,1,1,2,2,1,3,1,6,9,21,0,0,0,0,0,0,0,0,0,1,0,0,1,0,2,63,1.1594202518463135,-0.0454317182302475,2.4334285259246826,0.5049290060997009,0.023493
243,48490.0,2167.0,50657.0,50657.0,0.9572221015851708,49.0,0.049,101.0,38390.0,43.0,58.0,42.0,7.0,22526.0,25964.0,774.0,667.0,226.0,333.0,38390.0,383.8999999999992,100.0,1000,4,996,0.10802662500645965,896,0,0,0,1,0,0,1,0,0,1,3,0,1,1,6,29,0,0,0,0,0,0,1,0,1,1,2,1,0,0,2,53,0.8775903582572937,-0.04504102095961571,1.870303988456726,0.5335650444030762,0.023466
244,44408.0,2324.0,46732.0,46732.0,0.9502696225284601,34.0,0.034,88.0,35608.0,41.0,47.0,28.0,6.0,22240.0,22168.0,904.296875,396.0,95.703125,604.0,35608.0,356.0800000000005,100.0,1000,3,997,0.10912579100113362,906,0,0,0,0,0,1,0,0,1,0,0,1,2,3,13,20,0,0,1,0,0,0,0,0,1,0,0,0,0,0,0,51,1.028455376625061,0.056853797286748886,1.9663678407669067,0.49414947628974915,0.023438999999999998
245,48606.0,1246.0,49852.0,49852.0,0.9750060178127257,24.0,0.024,98.0,38806.0,40.0,58.0,23.0,1.0,22632.0,25974.0,459.3125,834.75,540.6875,0.0,38806.0,388.06000000000046,100.0,1000,1,999,0.10760374995879829,901,0,0,0,0,0,0,0,0,1,0,1,0,1,4,14,19,0,0,0,0,0,0,0,0,0,0,3,1,0,0,1,54,1.699617624282837,0.06943570822477341,3.281907796859741,0.46010756492614746,0.023412
246,45381.0,3094.0,48475.0,48475.0,0.9361732851985559,65.0,0.065,104.0,34981.0,58.0,46.0,36.0,29.0,22424.0,22957.0,444.548828125,732.0,555.451171875,268.0,34981.0,349.8100000000001,100.0,1000,6,994,0.10811045800801367,893,0,0,1,1,0,0,2,0,0,1,0,2,3,7,12,30,0,0,0,0,0,0,0,0,0,0,0,0,0,0,1,47,0.38290920853614807,-0.08479008078575134,0.9593813419342041,0.5127807855606079,0.023385
247,49533.0,2694.0,52227.0,52227.0,0.9484174852088001,33.0,0.033,106.0,38933.0,49.0,57.0,26.0,7.0,24762.0,24771.0,720.5,563.875,279.5,41.0,38933.0,389.3300000000002,100.0,1000,4,996,0.10821212490554899,886,1,0,0,0,0,0,0,0,0,0,1,2,1,4,12,29,0,0,1,0,0,0,2,0,0,0,0,2,1,0,1,57,1.035792350769043,-0.08929823338985443,2.2727653980255127,0.48343443870544434,0.023358
248,47592.0,1742.0,49334.0,49334.0,0.9646896663558601,33.0,0.033,99.0,37692.0,50.0,49.0,21.0,12.0,23821.0,23771.0,346.3125,544.25,0.0,455.75,37692.0,376.9199999999998,100.0,1000,3,997,0.10888904193416238,898,0,0,0,0,0,0,0,0,3,1,0,5,2,5,14,21,0,0,0,0,0,0,1,0,0,1,0,0,1,0,1,47,0.4215853214263916,-0.06919055432081223,1.0033259391784668,0.46663621068000793,0.023330999999999998
249,48549.0,2145.0,50694.0,50694.0,0.9576873002722216,42.0,0.042,98.0,38749.0,47.0,51.0,23.0,19.0,24521.0,24028.0,276.0,712.0,724.0,288.0,38749.0,387.4899999999996,100.0,1000,2,998,0.10825566702987999,901,0,1,0,0,0,0,0,0,1,0,0,1,3,1,7,33,0,1,0,0,0,0,1,0,0,0,0,1,0,0,1,48,0.979697048664093,-0.05655082315206528,2.094756841659546,0.4776245653629303,0.023304
250,49539.0,3472.0,53011.0,53011.0,0.9345041595140631,56.0,0.056,85.0,41039.0,48.0,37.0,19.0,37.0,24998.0,24541.0,906.984375,842.0,93.015625,158.0,41039.0,410.38999999999965,100.0,1000,4,996,0.10945737501606345,912,0,0,0,0,1,0,0,0,1,0,0,1,1,2,16,29,0,0,0,0,0,0,0,0,0,0,0,0,1,0,0,36,0.9482847452163696,-0.016018258407711983,1.9529072046279907,0.522000789642334,0.023277
251,46175.0,3547.0,49722.0,49722.0,0.9286633683279032,70.0,0.07,96.0,36575.0,51.0,45.0,48.0,22.0,23855.0,22320.0,562.625,964.0,437.375,36.0,36575.0,365.7499999999997,100.0,1000,1,999,0.10816491697914898,903,0,0,0,0,0,1,1,0,1,1,0,1,2,1,5,38,0,0,0,0,0,0,0,0,1,0,0,0,0,0,0,45,1.1380350589752197,-0.026139743626117706,2.3508100509643555,0.48301810026168823,0.02325
252,45953.0,3831.0,49784.0,49784.0,0.923047565482886,74.0,0.074,95.0,36453.0,50.0,45.0,46.0,28.0,23368.0,22585.0,706.0,605.0,294.0,395.0,36453.0,364.53000000000014,100.0,1000,3,997,0.10861983301583678,899,0,0,0,0,0,0,0,0,0,2,1,1,2,3,10,34,1,0,0,0,0,0,1,0,0,0,1,0,0,0,2,43,1.3829940557479858,0.06301652640104294,2.663865804672241,0.5148054361343384,0.023223
253,45908.0,2954.0,48862.0,48862.0,0.9395440219393394,40.0,0.04,99.0,36008.0,56.0,43.0,18.0,22.0,24724.0,21184.0,887.0,368.0,113.0,632.0,36008.0,360.07999999999953,100.0,1000,2,998,0.10877070901915431,895,0,0,0,0,0,1,0,0,2,0,0,2,3,2,11,38,0,0,0,0,0,0,0,0,0,0,2,0,0,0,1,43,0.4086296558380127,-0.10690631717443466,1.053213357925415,0.4772680997848511,0.023195999999999998
254,48794.0,1581.0,50375.0,50375.0,0.9686153846153847,31.0,0.031,99.0,38894.0,58.0,41.0,14.0,17.0,25667.0,23127.0,40.125,931.0,0.0,69.0,38894.0,388.9399999999998,100.0,1000,2,998,0.10829662496689707,897,0,0,0,0,0,1,0,0,2,0,0,2,2,5,7,41,0,0,0,0,0,0,0,0,0,0,0,0,2,1,0,40,0.7510149478912354,-0.11043161898851395,1.7447330951690674,0.4713183045387268,0.023169
255,48567.0,1783.0,50350.0,50350.0,0.9645878848063555,28.0,0.028,101.0,38467.0,52.0,49.0,14.0,14.0,23062.0,25505.0,549.1591796875,318.0,450.8408203125,682.0,38467.0,384.6700000000011,100.0,1000,2,998,0.10747387504670769,898,0,0,0,0,0,0,0,0,0,0,1,0,1,4,15,31,0,0,0,0,0,0,0,0,0,0,0,0,0,0,2,48,1.1633763313293457,0.027337748557329178,2.293513059616089,0.46313947439193726,0.023142
256,48642.0,1121.0,49763.0,49763.0,0.9774732230773868,23.0,0.023,100.0,38642.0,48.0,52.0,22.0,1.0,23582.0,25060.0,302.0,794.0,43.625,206.0,38642.0,386.4199999999998,100.0,1000,0,1000,0.10841729200910777,897,0,0,0,0,0,0,0,0,2,1,0,4,0,5,8,28,0,0,0,0,0,0,0,0,0,0,0,0,0,0,1,54,0.8036752343177795,0.00808007176965475,1.6116259098052979,0.4420418441295624,0.023115
257,48308.0,1559.0,49867.0,49867.0,0.9687368399943851,30.0,0.03,101.0,38208.0,49.0,52.0,10.0,20.0,24473.0,23835.0,1000.0,450.0,0.0,550.0,38208.0,382.08,100.0,1000,2,998,0.10774858295917511,897,0,0,0,0,0,1,0,0,0,0,0,0,1,4,7,38,0,0,0,0,2,0,0,0,0,0,0,0,1,0,1,48,1.33956778049469,-0.01307669561356306,2.7255096435546875,0.4379076063632965,0.023087999999999997
258,45460.0,4476.0,49936.0,49936.0,0.9103652675424544,83.0,0.083,92.0,36260.0,40.0,52.0,55.0,28.0,22642.0,22818.0,950.0,541.0,50.0,459.0,36260.0,362.60000000000025,100.0,1000,6,994,0.10840475000441074,904,0,0,0,0,0,0,0,0,1,0,0,1,4,1,9,26,0,1,0,0,1,0,0,0,0,0,0,0,0,0,2,50,1.6922975778579712,0.003142642555758357,3.4021551609039307,0.517001748085022,0.023060999999999998
259,47988.0,2316.0,50304.0,50304.0,0.9539599236641222,45.0,0.045,100.0,37988.0,46.0,54.0,29.0,16.0,23441.0,24547.0,476.0,718.0,524.0,0.0,37988.0,379.8800000000001,100.0,1000,5,995,0.10874383291229606,898,0,0,0,0,0,0,0,0,1,1,0,2,3,6,4,30,1,0,0,0,0,0,0,0,0,0,0,0,0,0,1,53,1.8714176416397095,0.011851193383336067,3.7415196895599365,0.4859498143196106,0.023034
260,49487.0,1216.0,50703.0,50703.0,0.9760171981934008,23.0,0.023,106.0,38887.0,53.0,53.0,14.0,9.0,25563.0,23924.0,517.75,551.0,482.25,30.0,38887.0,388.8700000000002,100.0,1000,4,996,0.10843883303459734,892,0,0,0,0,1,0,0,0,0,0,0,3,1,7,8,35,0,0,0,1,0,0,0,0,0,0,1,0,0,0,1,50,0.4034213125705719,-0.07368459552526474,0.9734523296356201,0.4181445837020874,0.023007
261,48231.0,1540.0,49771.0,49771.0,0.9690582869542504,24.0,0.024,103.0,37931.0,54.0,49.0,1.0,23.0,24629.0,23602.0,464.25,693.0,535.75,307.0,37931.0,379.3099999999995,100.0,1000,2,998,0.1073364169569686,895,0,0,0,0,0,0,0,0,0,0,1,0,2,5,7,41,0,1,2,0,0,0,0,1,0,0,1,0,0,1,2,41,1.3588361740112305,0.007946453988552094,2.7195801734924316,0.3873085677623749,0.02298
262,45786.0,3833.0,49619.0,49619.0,0.9227513654043814,72.0,0.072,93.0,36486.0,53.0,40.0,21.0,51.0,24200.0,21586.0,752.0,809.0,248.0,191.0,36486.0,364.8599999999999,100.0,1000,4,996,0.1082298329565674,904,0,0,0,0,0,0,0,0,2,0,0,0,3,9,5,35,0,0,1,0,0,0,0,0,0,0,0,0,0,0,1,40,0.6252390742301941,-0.06650636345148087,1.405218243598938,0.47329965233802795,0.022952999999999998
263,48065.0,2120.0,50185.0,50185.0,0.95775630168377,41.0,0.041,104.0,37665.0,62.0,42.0,10.0,31.0,23984.0,24081.0,429.64453125,833.0,570.35546875,167.0,37665.0,376.65000000000026,100.0,1000,1,999,0.108193791937083,890,0,0,0,0,0,0,0,0,2,0,1,2,1,6,4,48,0,0,0,0,0,0,1,0,0,1,1,0,2,0,0,41,0.9058533310890198,-0.00030353563488461077,1.8310941457748413,0.4095885455608368,0.022926
264,46954.0,2705.0,49659.0,49659.0,0.945528504400008,50.0,0.05,95.0,37454.0,44.0,51.0,30.0,20.0,23189.0,23765.0,692.0,175.0,308.0,825.0,37454.0,374.5400000000002,100.0,1000,1,999,0.10898770799394697,902,0,0,0,0,0,0,0,0,0,1,0,0,0,7,9,27,0,0,0,0,0,0,0,0,1,0,0,1,1,0,0,51,0.6429125070571899,-0.040414415299892426,1.3881983757019043,0.4704268276691437,0.022899
265,48001.0,1728.0,49729.0,49729.0,0.9652516640189829,33.0,0.033,95.0,38501.0,48.0,47.0,22.0,11.0,24071.0,23930.0,852.0,1000.0,148.0,0.0,38501.0,385.0099999999999,100.0,1000,3,997,0.10745029198005795,901,0,0,0,0,0,2,0,0,1,0,0,1,2,4,8,30,0,0,0,0,0,0,0,0,0,0,1,1,0,1,0,48,1.302937626838684,0.05010649561882019,2.524738073348999,0.4170110523700714,0.022871999999999997
266,48316.0,1686.0,50002.0,50002.0,0.9662813487460502,35.0,0.035,86.0,39716.0,42.0,44.0,23.0,12.0,24112.0,24204.0,1000.0,24.0,0.0,976.0,39716.0,397.15999999999946,100.0,1000,4,996,0.10811858298256993,913,0,0,0,0,0,0,0,0,0,0,0,2,2,3,4,32,0,0,1,0,0,0,0,0,0,0,0,0,0,1,1,41,1.3473438024520874,0.01429232768714428,2.6855647563934326,0.4259548783302307,0.022844999999999997
267,49195.0,2716.0,51911.0,51911.0,0.947679682533567,52.0,0.052,96.0,39595.0,43.0,53.0,41.0,11.0,23140.0,26055.0,860.0,1000.0,140.0,0.0,39595.0,395.9500000000001,100.0,1000,4,996,0.10803866700734943,900,0,0,0,0,0,0,0,0,0,0,0,2,2,8,9,22,0,0,0,0,0,2,0,0,0,0,2,0,0,1,0,52,1.5357285737991333,-0.01418449729681015,3.11950945854187,0.4313104450702667,0.022817999999999998
268,45013.0,4545.0,49558.0,49558.0,0.9082892772105412,71.0,0.071,88.0,36213.0,40.0,48.0,47.0,24.0,22391.0,22622.0,681.890625,871.0,318.109375,129.0,36213.0,362.12999999999994,100.0,1000,2,998,0.10875704104546458,911,0,0,0,0,0,0,0,0,0,0,0,1,1,4,15,19,0,0,1,0,0,0,0,0,0,0,1,0,0,0,1,46,1.854272484779358,-0.023972727358341217,3.77666974067688,0.4427039921283722,0.022791
269,46114.0,4077.0,50191.0,50191.0,0.9187702974636887,68.0,0.068,88.0,37314.0,41.0,47.0,60.0,8.0,20926.0,25188.0,374.0,736.0,626.0,264.0,37314.0,373.1400000000002,100.0,1000,4,996,0.1089010420255363,908,0,0,0,0,0,0,0,0,0,0,0,0,4,3,10,25,0,0,0,0,0,0,2,0,3,1,0,0,2,0,1,41,1.5281269550323486,0.08215252310037613,2.913116216659546,0.4649290442466736,0.022764
270,46869.0,2995.0,49864.0,49864.0,0.9399366276271458,60.0,0.06,86.0,38269.0,41.0,45.0,13.0,47.0,23096.0,23773.0,335.0,753.0,665.0,247.0,38269.0,382.69,100.0,1000,4,996,0.10807066608686,912,0,0,0,1,0,1,0,0,0,0,0,0,1,8,10,22,0,0,0,1,0,0,0,0,0,0,0,0,1,0,2,41,1.413557767868042,0.05172421783208847,2.746083974838257,0.4929613769054413,0.022737
271,46848.0,2952.0,49800.0,49800.0,0.9407228915662651,54.0,0.054,91.0,37748.0,41.0,50.0,33.0,21.0,22841.0,24007.0,950.0,439.0,50.0,91.3125,37748.0,377.48,100.0,1000,3,997,0.10884916700888425,907,0,0,0,0,0,0,0,0,1,0,1,1,2,7,4,25,0,0,0,0,0,0,0,0,0,0,0,0,1,1,2,48,1.3026478290557861,-0.03669939190149307,2.7007029056549072,0.48455506563186646,0.022709999999999998
272,47822.0,2269.0,50091.0,50091.0,0.9547024415563674,42.0,0.042,95.0,38322.0,48.0,47.0,27.0,15.0,23926.0,23896.0,470.625,784.0,529.375,216.0,38322.0,383.2200000000002,100.0,1000,2,998,0.10926137503702193,903,0,0,0,0,0,1,0,0,0,0,1,1,2,6,9,28,0,0,0,0,0,0,0,0,0,1,0,0,1,0,0,47,1.536947250366211,-0.003639636794105172,3.101093053817749,0.4390806257724762,0.022683
273,49002.0,2082.0,51084.0,51084.0,0.9592435987784825,26.0,0.026,98.0,39202.0,55.0,43.0,8.0,18.0,25037.0,23965.0,197.0,562.0,0.0,438.0,39202.0,392.019999999999,100.0,1000,1,999,0.10836479207500815,899,0,0,0,0,0,0,0,1,0,0,0,1,4,8,9,33,0,0,0,0,0,0,0,0,1,0,0,0,0,0,1,43,1.1996365785598755,-0.013397269882261753,2.446385383605957,0.44839996099472046,0.022656
274,47522.0,2944.0,50466.0,50466.0,0.9416636943684857,47.0,0.047,95.0,38022.0,51.0,44.0,17.0,30.0,24305.0,23217.0,685.0,499.0,315.0,501.0,38022.0,380.21999999999923,100.0,1000,4,996,0.10790495795663446,900,0,0,0,0,0,0,0,0,2,0,0,1,1,6,13,29,0,0,0,0,0,0,0,0,1,0,0,1,1,0,3,42,1.2023369073867798,-0.07653427124023438,2.5791544914245605,0.47311148047447205,0.022628999999999996
275,48651.0,2573.0,51224.0,51224.0,0.9497696392316102,42.0,0.042,100.0,38651.0,45.0,55.0,30.0,12.0,22427.0,26224.0,934.0,586.0,66.0,414.0,38651.0,386.51000000000056,100.0,1000,5,995,0.10786037496291101,897,0,0,0,0,0,0,0,0,1,1,0,0,3,7,9,26,0,0,0,0,0,1,2,0,0,0,0,0,0,0,2,51,1.369798183441162,0.01467807125300169,2.7299978733062744,0.4370783567428589,0.022601999999999997
276,49168.0,1768.0,50936.0,50936.0,0.9652897754044291,36.0,0.036,97.0,39468.0,55.0,42.0,3.0,33.0,24656.0,24512.0,943.25,561.0,56.75,439.0,39468.0,394.6800000000004,100.0,1000,2,998,0.10747662500943989,898,0,0,0,0,0,0,1,0,0,0,0,0,2,10,15,28,0,0,0,1,0,0,0,0,1,0,0,1,0,0,0,43,0.8178350925445557,-0.007359909825026989,1.670533537864685,0.44614771008491516,0.022574999999999998
277,46423.0,4103.0,50526.0,50526.0,0.9187942841309424,80.0,0.08,88.0,37623.0,52.0,36.0,33.0,47.0,25221.0,21202.0,654.0,159.0,346.0,32.0,37623.0,376.2299999999999,100.0,1000,2,998,0.1076759590068832,908,0,0,0,0,1,0,0,1,0,0,0,1,1,4,18,26,0,0,0,0,0,1,0,0,1,0,0,0,0,0,1,37,0.6542666554450989,-0.06001250445842743,1.4502906799316406,0.4819120764732361,0.022548
278,46704.0,2578.0,49282.0,49282.0,0.947688811330709,46.0,0.046,101.0,36604.0,57.0,44.0,16.0,30.0,24777.0,21927.0,621.0,592.0,379.0,0.0,36604.0,366.03999999999996,100.0,1000,4,996,0.10943112499080598,897,0,0,0,0,0,0,1,0,1,1,0,0,0,6,14,35,0,0,0,0,0,0,0,0,2,0,0,0,1,0,1,41,1.0702089071273804,0.013178926892578602,2.134347438812256,0.45041361451148987,0.022521
279,47941.0,1020.0,48961.0,48961.0,0.9791670921754049,21.0,0.021,97.0,38241.0,55.0,42.0,2.0,19.0,23855.0,24086.0,901.0,116.0,99.0,884.0,38241.0,382.4099999999999,100.0,1000,1,999,0.10802583408076316,900,0,0,0,0,0,0,0,0,0,0,0,0,2,6,14,34,0,0,0,0,0,0,0,0,0,0,0,0,0,0,0,44,0.9085448980331421,0.03673190250992775,1.7625333070755005,0.42027318477630615,0.022494
280,48045.0,2908.0,50953.0,50953.0,0.9429277962043452,41.0,0.041,94.0,38645.0,47.0,47.0,19.0,22.0,23221.0,24824.0,889.0,730.0,111.0,270.0,38645.0,386.45000000000044,100.0,1000,3,997,0.10880745796021074,905,0,0,0,0,1,0,0,0,1,1,0,1,1,4,14,25,0,0,0,0,0,0,0,0,0,0,0,0,0,0,2,45,1.4914700984954834,-0.0005578275304287672,3.0059924125671387,0.48819592595100403,0.022466999999999997
281,48555.0,1720.0,50275.0,50275.0,0.965788165091994,32.0,0.032,104.0,38155.0,55.0,49.0,23.0,9.0,24778.0,23777.0,827.0,500.9375,10.8125,499.0625,38155.0,381.55,100.0,1000,4,996,0.10807158297393471,893,0,0,0,0,0,1,0,1,0,1,0,1,3,6,18,25,0,0,0,0,0,0,0,0,0,0,2,0,2,1,0,46,1.5308071374893188,-0.027336277067661285,3.1379964351654053,0.4837275743484497,0.022439999999999998
282,48829.0,1629.0,50458.0,50458.0,0.967715723968449,28.0,0.028,102.0,38629.0,58.0,44.0,18.0,10.0,26451.0,22378.0,846.0,203.0,154.0,59.0,38629.0,386.29000000000025,100.0,1000,3,997,0.10900354199111462,895,0,0,0,0,0,1,0,0,0,0,0,2,1,9,12,34,0,0,0,0,0,0,0,0,0,0,0,0,0,0,1,45,1.2505167722702026,0.04954679310321808,2.4220268726348877,0.4481130838394165,0.022413
283,48950.0,2497.0,51447.0,51447.0,0.9514646140688475,46.0,0.046,98.0,39150.0,51.0,47.0,18.0,28.0,24067.0,24883.0,797.0,949.0,203.0,51.0,39150.0,391.5000000000003,100.0,1000,6,994,0.10862216597888619,899,0,0,0,0,2,0,0,1,2,0,0,0,4,3,10,30,0,1,0,1,0,0,0,0,0,0,0,1,0,1,3,42,1.9549949169158936,0.08616232126951218,3.7586309909820557,0.4682781398296356,0.022386
284,47166.0,3383.0,50549.0,50549.0,0.9330748382757325,66.0,0.066,81.0,39066.0,45.0,36.0,24.0,42.0,24154.0,23012.0,382.16015625,430.0,617.83984375,570.0,39066.0,390.66000000000025,100.0,1000,1,999,0.10887029196601361,917,0,0,0,0,0,1,0,0,2,0,0,0,2,2,13,26,0,0,0,0,0,0,0,0,0,0,0,0,0,1,2,34,0.21879591047763824,-0.08961787819862366,0.6404857039451599,0.5290513038635254,0.022359
285,48044.0,1649.0,49693.0,49693.0,0.9668162517859659,22.0,0.022,100.0,38044.0,54.0,46.0,14.0,8.0,24558.0,23486.0,394.3115234375,859.0,605.6884765625,141.0,38044.0,380.4400000000009,100.0,1000,2,998,0.10796483303420246,894,0,0,0,0,0,0,0,1,1,1,0,1,2,3,18,29,0,0,1,0,0,0,0,0,0,0,1,0,0,0,1,47,1.4213148355484009,0.01031701359897852,2.8418073654174805,0.44357022643089294,0.022331999999999998
286,47552.0,2360.0,49912.0,49912.0,0.9527167815355024,45.0,0.045,89.0,38652.0,49.0,40.0,23.0,22.0,23106.0,24446.0,843.0,463.0,157.0,537.0,38652.0,386.5199999999995,100.0,1000,4,996,0.10909437492955476,909,1,0,0,0,0,0,0,0,0,0,1,0,0,4,15,30,0,0,0,0,0,0,0,0,1,0,0,0,0,0,0,39,1.3939968347549438,-0.0012988654198125005,2.811074733734131,0.4591626226902008,0.022305
287,49148.0,1314.0,50462.0,50462.0,0.9739606040188656,24.0,0.024,96.0,39548.0,50.0,46.0,19.0,5.0,25522.0,23626.0,519.0,853.0,481.0,21.0,39548.0,395.48000000000053,100.0,1000,5,995,0.10830429207999259,901,0,1,0,0,0,0,1,0,0,0,0,0,4,6,11,30,0,0,0,0,0,0,1,0,2,0,0,0,0,1,0,42,1.1520878076553345,0.012354464270174503,2.3009238243103027,0.4815758764743805,0.022278
288,48750.0,1149.0,49899.0,49899.0,0.9769734864426141,19.0,0.019,99.0,38850.0,57.0,42.0,8.0,11.0,26423.0,22327.0,827.341552734375,967.0,172.658447265625,33.0,38850.0,388.5000000000001,100.0,1000,4,996,0.10869058303069323,896,0,0,0,0,0,0,0,0,0,0,1,0,2,4,17,34,0,0,0,0,0,0,1,0,0,0,0,0,0,2,2,41,0.4710944592952728,-0.08389371633529663,1.1290684938430786,0.42901718616485596,0.022251
289,47557.0,1994.0,49551.0,49551.0,0.9597586325200299,32.0,0.032,91.0,38457.0,44.0,47.0,28.0,4.0,24679.0,22878.0,704.0,253.0,82.25,747.0,38457.0,384.56999999999954,100.0,1000,4,996,0.10852312506176531,904,0,0,0,0,0,0,1,0,0,0,0,3,3,2,11,24,0,0,0,0,0,0,0,0,0,0,1,0,1,0,3,47,1.1001921892166138,0.0276260394603014,2.1658148765563965,0.46531859040260315,0.022224
290,47432.0,2537.0,49969.0,49969.0,0.9492285216834437,51.0,0.051,93.0,38132.0,56.0,37.0,17.0,34.0,23653.0,23779.0,647.0,736.0,353.0,264.0,38132.0,381.32000000000005,100.0,1000,5,995,0.10861066600773484,903,0,0,1,0,0,0,0,0,0,0,0,2,0,8,21,26,0,0,0,0,0,0,0,0,0,0,1,0,0,0,2,36,1.2824040651321411,0.11620929837226868,2.3536581993103027,0.479086309671402,0.022197
291,46904.0,3550.0,50454.0,50454.0,0.9296388789788719,65.0,0.065,91.0,37804.0,50.0,41.0,41.0,24.0,23486.0,23418.0,657.0,63.0,343.0,937.0,37804.0,378.04000000000036,100.0,1000,6,994,0.10826883395202458,909,0,0,0,0,0,1,1,0,0,0,0,0,0,7,15,26,0,0,0,0,0,1,1,0,0,1,0,0,0,0,0,38,0.4991139769554138,-0.034576769918203354,1.0890588760375977,0.4888904094696045,0.02217
292,48188.0,903.0,49091.0,49091.0,0.9816055896192785,17.0,0.017,101.0,38088.0,47.0,54.0,7.0,10.0,23350.0,24838.0,964.0,334.0,36.0,666.0,38088.0,380.88,100.0,1000,2,998,0.10801299999002367,895,0,0,0,0,1,0,0,0,0,0,0,0,0,5,16,28,0,0,0,0,0,0,0,0,0,0,0,0,0,1,0,54,0.8146981000900269,-0.08741600066423416,1.8234374523162842,0.43375569581985474,0.022143
293,48648.0,2322.0,50970.0,50970.0,0.9544437904649794,32.0,0.032,102.0,38448.0,48.0,54.0,23.0,9.0,24037.0,24611.0,583.875,840.0,416.125,160.0,38448.0,384.47999999999985,100.0,1000,4,996,0.10836291592568159,895,0,1,0,0,1,0,1,0,0,0,0,2,2,3,11,28,0,0,1,0,0,0,0,0,0,0,2,0,0,0,1,52,0.6216332912445068,-0.019099561497569084,1.2998522520065308,0.41568514704704285,0.022116
294,47887.0,2243.0,50130.0,50130.0,0.9552563335328147,35.0,0.035,94.0,38487.0,47.0,47.0,25.0,10.0,23264.0,24623.0,493.0,920.0,507.0,80.0,38487.0,384.87000000000023,100.0,1000,5,995,0.10912491695489734,905,0,0,0,0,0,0,1,0,0,0,0,1,6,8,10,22,0,0,0,0,0,0,1,0,1,0,1,0,0,0,0,44,1.70475435256958,0.02395174838602543,3.3826582431793213,0.4765506684780121,0.022088999999999998
295,49176.0,1097.0,50273.0,50273.0,0.9781791418853062,18.0,0.018,94.0,39776.0,45.0,49.0,11.0,7.0,24707.0,24469.0,304.0,861.0,696.0,139.0,39776.0,397.76,100.0,1000,3,997,0.10871529101859778,903,0,0,1,0,0,0,0,0,0,0,1,1,2,4,6,31,0,0,0,0,0,0,0,0,0,0,1,0,1,0,2,47,0.8942016959190369,-0.00259661884047091,1.814509630203247,0.4739600121974945,0.022062
296,48217.0,1627.0,49844.0,49844.0,0.9673581574512479,32.0,0.032,90.0,39217.0,46.0,44.0,17.0,15.0,23835.0,24382.0,938.0,609.0,62.0,0.0,39217.0,392.1699999999998,100.0,1000,6,994,0.1092161670094356,907,0,0,0,0,0,0,0,0,1,1,1,1,3,5,12,22,0,0,0,0,0,0,0,0,0,0,1,1,2,0,0,43,0.633084237575531,-0.06535086780786514,1.4161896705627441,0.4383792579174042,0.022035
297,46816.0,3097.0,49913.0,49913.0,0.9379520365435858,61.0,0.061,90.0,37816.0,50.0,40.0,15.0,46.0,24588.0,22228.0,734.67578125,310.0,265.32421875,0.0,37816.0,378.1600000000002,100.0,1000,5,995,0.10866991605143994,904,0,0,0,0,1,0,0,0,1,0,1,1,0,4,13,32,0,1,1,1,0,0,0,0,0,0,0,0,1,0,2,37,0.5143686532974243,-0.046685852110385895,1.1428477764129639,0.4711637496948242,0.022008
298,48895.0,714.0,49609.0,49609.0,0.9856074502610414,12.0,0.012,97.0,39195.0,51.0,46.0,5.0,7.0,23126.0,25769.0,876.0,913.0,124.0,87.0,39195.0,391.94999999999914,100.0,1000,4,996,0.10946566704660654,902,0,0,0,0,1,0,0,0,0,0,1,2,3,4,17,23,0,0,0,0,0,0,0,0,0,0,0,0,0,2,3,42,0.635238528251648,-0.07919551432132721,1.4445639848709106,0.3570338487625122,0.021981
299,46772.0,2857.0,49629.0,49629.0,0.9424328517600596,57.0,0.057,82.0,38572.0,47.0,35.0,26.0,31.0,23256.0,23516.0,385.0,447.0,615.0,0.0,38572.0,385.71999999999946,100.0,1000,3,997,0.10859362501651049,910,0,0,0,0,0,0,0,0,0,1,0,0,4,8,9,30,0,0,0,0,0,0,0,0,1,0,0,0,0,0,0,37,1.2469137907028198,0.02337745577096939,2.4664435386657715,0.44116634130477905,0.021954
300,46005.0,2888.0,48893.0,48893.0,0.9409322397889268,60.0,0.06,79.0,38105.0,45.0,34.0,26.0,34.0,23363.0,22642.0,514.75,550.0,259.125,450.0,38105.0,381.0499999999999,100.0,1000,2,998,0.10804295807611197,917,0,0,0,1,0,0,0,1,0,0,1,2,1,3,12,26,0,0,0,0,0,0,0,0,0,0,0,0,2,0,0,34,1.066606044769287,0.0543953999876976,2.0488884449005127,0.5579265356063843,0.021927
301,45734.0,2659.0,48393.0,48393.0,0.945054036740851,46.0,0.046,95.0,36234.0,49.0,46.0,24.0,22.0,21456.0,24278.0,968.0,434.0,32.0,566.0,36234.0,362.34000000000043,100.0,1000,2,998,0.10841204097960144,905,0,0,0,0,0,0,0,0,1,0,0,0,3,4,16,25,0,0,1,0,0,0,0,0,0,0,1,0,0,0,1,43,1.7241554260253906,0.0169265978038311,3.434962272644043,0.46814537048339844,0.0219
302,47469.0,2226.0,49695.0,49695.0,0.9552067612435858,37.0,0.037,97.0,37769.0,51.0,46.0,12.0,25.0,23279.0,24190.0,627.0,691.0,46.0,309.0,37769.0,377.69000000000057,100.0,1000,4,996,0.10863604198675603,894,0,0,0,0,1,0,0,0,0,0,0,0,3,1,9,42,0,1,0,0,0,0,1,0,1,0,1,0,0,1,1,44,1.060807466506958,-0.04474934935569763,2.2293906211853027,0.4177953004837036,0.021873
303,48012.0,1342.0,49354.0,49354.0,0.9728086882522187,24.0,0.024,87.0,39312.0,43.0,44.0,7.0,17.0,23382.0,24630.0,892.875,575.0,107.125,66.0,39312.0,393.11999999999966,100.0,1000,0,1000,0.10868750000372529,908,0,0,0,0,0,1,0,0,1,0,1,1,0,2,8,30,0,0,0,0,0,0,0,1,0,0,0,0,0,0,1,46,0.6562994718551636,-0.048339974135160446,1.4255388975143433,0.37215134501457214,0.021845999999999997
304,50503.0,2077.0,52580.0,52580.0,0.9604982883225561,33.0,0.033,92.0,41303.0,49.0,43.0,21.0,12.0,24574.0,25929.0,579.125,711.0,77.984375,289.0,41303.0,413.0300000000007,100.0,1000,4,996,0.10821779200341552,904,0,0,0,0,0,0,0,0,0,0,3,1,1,10,10,25,0,0,1,0,0,0,0,0,0,0,1,1,2,0,0,41,1.7521319389343262,0.011901045218110085,3.498196840286255,0.4064110815525055,0.021818999999999998
305,46032.0,3631.0,49663.0,49663.0,0.926887219861869,67.0,0.067,84.0,37632.0,46.0,38.0,44.0,23.0,22918.0,23114.0,836.3125,729.962890625,63.66796875,270.037109375,37632.0,376.3199999999999,100.0,1000,2,998,0.10891199996694922,911,0,0,0,0,0,0,0,0,0,0,2,0,5,2,19,21,0,0,1,0,0,0,0,0,0,1,0,0,0,2,1,35,1.0458730459213257,-0.05656499043107033,2.225769519805908,0.47938308119773865,0.021792
306,48102.0,3615.0,51717.0,51717.0,0.9301003538488312,64.0,0.064,84.0,39702.0,41.0,43.0,47.0,17.0,24754.0,23348.0,476.8125,565.0,523.1875,435.0,39702.0,397.0199999999993,100.0,1000,4,996,0.1078637921018526,912,0,0,0,0,0,0,0,0,1,0,0,0,1,2,9,28,0,0,0,0,0,0,0,0,0,0,0,2,1,0,3,41,1.3927578926086426,0.07696140557527542,2.6514694690704346,0.45661675930023193,0.021765
307,47049.0,3212.0,50261.0,50261.0,0.9360935914526174,52.0,0.052,86.0,38449.0,46.0,40.0,22.0,30.0,23517.0,23532.0,849.0,1000.0,151.0,0.0,38449.0,384.4899999999997,100.0,1000,4,996,0.10755758301820606,912,0,0,0,0,2,0,0,0,1,0,0,0,2,4,8,31,0,0,0,0,0,0,0,0,0,0,0,0,0,1,1,38,1.8170181512832642,-0.021830115467309952,3.697078227996826,0.4458015561103821,0.021738
308,46171.0,2171.0,48342.0,48342.0,0.9550908113028008,33.0,0.033,78.0,38371.0,42.0,36.0,17.0,16.0,22563.0,23608.0,556.0,279.0,444.0,721.0,38371.0,383.7099999999993,100.0,1000,5,995,0.10833154106512666,920,0,0,0,0,0,0,1,0,0,0,1,2,3,3,9,24,0,0,0,0,0,0,1,0,0,0,0,1,0,1,2,32,1.290745735168457,0.01182731706649065,2.5782930850982666,0.4711037874221802,0.021711
309,47284.0,2986.0,50270.0,50270.0,0.9406007559180426,55.0,0.055,92.0,38084.0,53.0,39.0,18.0,37.0,25157.0,22127.0,685.69970703125,791.0,314.30029296875,209.0,38084.0,380.8399999999993,100.0,1000,6,994,0.10807858395855874,902,0,0,0,0,0,0,0,0,0,1,2,0,2,4,10,37,0,0,0,0,0,0,0,0,1,0,0,0,0,2,2,37,1.0464650392532349,-0.023510953411459923,2.1599748134613037,0.4616982936859131,0.021684
310,47525.0,3304.0,50829.0,50829.0,0.9349977375120502,54.0,0.054,86.0,38925.0,44.0,42.0,32.0,22.0,24463.0,23062.0,345.0,949.0,655.0,51.0,38925.0,389.2499999999995,100.0,1000,2,998,0.10755362501367927,912,0,0,0,0,0,0,0,0,0,0,1,1,1,6,4,32,0,0,0,0,0,0,0,0,0,0,1,0,0,0,1,41,1.6269526481628418,0.09959946572780609,3.074049949645996,0.4465910792350769,0.021657
311,46897.0,1799.0,48696.0,48696.0,0.9630565138820437,32.0,0.032,89.0,37997.0,43.0,46.0,18.0,14.0,24025.0,22872.0,714.0,327.0,0.0,673.0,37997.0,379.97,100.0,1000,4,996,0.10903433302883059,908,0,0,0,0,0,0,0,0,2,0,0,0,0,5,5,34,0,0,0,0,0,0,0,0,0,0,0,0,1,0,0,45,1.3810070753097534,0.041694510728120804,2.6960506439208984,0.40280988812446594,0.021629999999999996
312,47728.0,2132.0,49860.0,49860.0,0.9572402727637385,38.0,0.038,89.0,38828.0,47.0,42.0,17.0,21.0,23569.0,24159.0,604.0,211.0,396.0,43.0,38828.0,388.2800000000002,100.0,1000,3,997,0.10838904196862131,911,0,0,0,0,0,1,0,0,0,0,1,0,1,5,8,31,0,0,0,0,0,0,0,0,1,0,1,0,1,0,3,36,0.7597842216491699,-0.036020468920469284,1.6090649366378784,0.4040078818798065,0.021602999999999997
313,47575.0,3092.0,50667.0,50667.0,0.9389740856968046,61.0,0.061,87.0,38875.0,41.0,46.0,36.0,25.0,24356.0,23219.0,766.0,690.0,234.0,310.0,38875.0,388.7500000000001,100.0,1000,2,998,0.10877275001257658,909,0,0,0,0,0,0,0,0,0,0,2,0,1,10,5,26,0,1,0,0,0,0,0,0,2,0,1,0,0,0,0,43,1.125205159187317,0.018248382955789566,2.231940269470215,0.4177529513835907,0.021575999999999998
314,49163.0,2016.0,51179.0,51179.0,0.9606088434709549,36.0,0.036,85.0,40663.0,42.0,43.0,22.0,14.0,24185.0,24978.0,615.0,893.0,20.0,107.0,40663.0,406.62999999999937,100.0,1000,2,998,0.10820899996906519,912,0,0,0,0,0,1,0,0,0,0,1,2,3,4,2,30,0,0,0,0,0,1,0,0,0,0,0,0,0,0,0,44,0.9612354636192322,-0.029097147285938263,1.996423363685608,0.36563464999198914,0.021549
315,43847.0,5171.0,49018.0,49018.0,0.8945081398669876,98.0,0.098,74.0,36447.0,38.0,36.0,28.0,70.0,21299.0,22548.0,825.0,132.0,175.0,868.0,36447.0,364.4699999999996,100.0,1000,0,1000,0.10842950001824647,922,0,0,0,0,0,0,0,0,0,0,0,0,1,5,6,26,0,0,0,0,0,0,0,0,0,0,0,0,0,0,3,37,0.5609389543533325,0.01670844480395317,1.1079779863357544,0.45341822504997253,0.021522
316,46351.0,3224.0,49575.0,49575.0,0.9349672213817448,64.0,0.064,82.0,38151.0,43.0,39.0,27.0,37.0,23673.0,22678.0,436.0,68.0,0.0,932.0,38151.0,381.50999999999914,100.0,1000,2,998,0.10907391703221947,915,0,0,0,0,0,1,0,1,0,1,0,2,0,2,10,27,0,1,0,0,0,0,0,1,0,0,0,0,1,0,1,37,2.0922296047210693,0.1712392270565033,3.862191677093506,0.4701264500617981,0.021495
317,47448.0,2416.0,49864.0,49864.0,0.9515482111342852,41.0,0.041,81.0,39348.0,42.0,39.0,20.0,21.0,23969.0,23479.0,312.8125,774.0,687.1875,226.0,39348.0,393.48000000000013,100.0,1000,8,992,0.10863341600634158,918,0,0,0,0,0,0,0,0,0,0,0,0,0,6,10,26,0,0,0,0,0,0,0,0,2,0,0,0,1,0,2,35,1.691163420677185,0.049775805324316025,3.3005197048187256,0.4132806062698364,0.021468
318,48138.0,2211.0,50349.0,50349.0,0.9560865161174998,41.0,0.041,89.0,39238.0,45.0,44.0,21.0,20.0,24495.0,23643.0,781.0,464.75,219.0,535.25,39238.0,392.38000000000017,100.0,1000,3,997,0.10882045794278383,907,0,0,0,0,1,0,0,0,0,0,0,0,3,5,8,28,0,0,0,0,0,0,0,0,0,0,0,1,1,0,2,44,1.1300078630447388,0.019704727455973625,2.2414677143096924,0.4864836633205414,0.021440999999999998
319,47115.0,1566.0,48681.0,48681.0,0.9678313921242374,23.0,0.023,95.0,37615.0,46.0,49.0,11.0,12.0,24312.0,22803.0,930.0,151.0,39.125,849.0,37615.0,376.15000000000015,100.0,1000,5,995,0.10805116593837738,903,0,0,0,0,0,0,0,0,1,0,0,0,3,6,8,28,0,0,0,0,1,0,0,0,1,0,1,0,0,0,2,46,1.474237322807312,0.03978346288204193,2.886455774307251,0.40973472595214844,0.021414
320,50249.0,1622.0,51871.0,51871.0,0.968730118948931,25.0,0.025,94.0,40849.0,46.0,48.0,14.0,11.0,24181.0,26068.0,738.0,972.0,262.0,28.0,40849.0,408.49000000000007,100.0,1000,1,999,0.10762487503234297,904,0,0,0,0,0,0,0,0,0,0,0,0,3,8,4,31,0,0,0,0,1,0,0,0,0,0,1,0,0,0,2,46,1.4936408996582031,-0.00047050672583281994,3.0049245357513428,0.39046362042427063,0.021386999999999996
321,47505.0,2848.0,50353.0,50353.0,0.9434393184120112,56.0,0.056,87.0,38805.0,45.0,42.0,21.0,35.0,24701.0,22804.0,477.28125,929.0,522.71875,71.0,38805.0,388.04999999999984,100.0,1000,4,996,0.10833204200025648,909,0,0,0,0,0,1,0,0,0,0,0,0,2,11,7,26,0,0,0,0,0,0,0,0,0,0,0,0,1,0,4,39,0.8198128938674927,-0.03882052004337311,1.7374420166015625,0.4722655713558197,0.021359999999999997
322,49634.0,1445.0,51079.0,51079.0,0.9717104876759529,21.0,0.021,86.0,41034.0,44.0,42.0,11.0,10.0,24857.0,24777.0,315.375,730.0,684.625,270.0,41034.0,410.33999999999975,100.0,1000,3,997,0.10896391596179456,910,0,0,0,0,0,0,0,0,0,0,1,0,1,8,11,26,0,0,0,0,0,0,0,0,0,0,0,1,0,0,2,40,0.46108588576316833,-0.12002844363451004,1.181048035621643,0.4410858452320099,0.021332999999999998
323,50008.0,1033.0,51041.0,51041.0,0.9797613683117494,13.0,0.013,82.0,41808.0,44.0,38.0,3.0,10.0,24390.0,25618.0,865.0,1000.0,135.0,0.0,41808.0,418.07999999999976,100.0,1000,2,998,0.10862858290784061,914,0,0,0,0,1,0,1,0,1,0,0,1,2,6,8,26,0,0,0,0,0,0,0,0,1,0,0,0,0,0,2,37,2.4453248977661133,0.036711547523736954,4.834219455718994,0.39877498149871826,0.021306
324,46085.0,2221.0,48306.0,48306.0,0.954022274665673,34.0,0.034,79.0,38185.0,39.0,40.0,27.0,7.0,22120.0,23965.0,484.9375,603.0,32.19140625,397.0,38185.0,381.85,100.0,1000,1,999,0.10789920901879668,920,0,0,0,0,0,0,0,0,0,0,0,1,0,4,6,28,0,0,0,0,0,0,0,0,0,0,1,0,0,0,2,38,1.442530870437622,0.03801772743463516,2.8257532119750977,0.39303717017173767,0.021279
325,48691.0,1480.0,50171.0,50171.0,0.9705008869665743,32.0,0.032,88.0,39891.0,46.0,42.0,25.0,7.0,24919.0,23772.0,762.0,703.0,238.0,297.0,39891.0,398.9099999999997,100.0,1000,3,997,0.10910079092718661,908,0,0,0,0,0,0,1,1,0,0,0,0,3,2,3,37,0,1,0,0,0,0,0,0,0,0,0,0,0,0,2,42,1.0773791074752808,-0.02984442003071308,2.2303154468536377,0.37333807349205017,0.021252
326,47758.0,1737.0,49495.0,49495.0,0.964905546014749,31.0,0.031,82.0,39558.0,47.0,35.0,10.0,21.0,25320.0,22438.0,918.0,842.0,82.0,158.0,39558.0,395.57999999999987,100.0,1000,3,997,0.10834050003904849,917,0,0,0,0,0,0,0,0,1,0,0,0,1,3,8,34,0,0,0,0,0,0,0,0,1,0,0,0,0,0,1,34,2.1784117221832275,0.08717525750398636,4.195616245269775,0.3096204400062561,0.021225
327,46145.0,3466.0,49611.0,49611.0,0.9301364616718066,65.0,0.065,78.0,38345.0,37.0,41.0,30.0,35.0,22831.0,23314.0,890.8125,124.0,109.1875,876.0,38345.0,383.44999999999953,100.0,1000,3,997,0.1086594999069348,920,0,0,0,0,0,0,0,0,1,0,0,0,2,5,10,20,0,0,1,0,1,0,0,0,0,0,0,0,0,0,0,40,1.7310762405395508,-0.008339517749845982,3.4956605434417725,0.3969506025314331,0.021197999999999998
328,47995.0,2180.0,50175.0,50175.0,0.9565520677628301,44.0,0.044,81.0,39895.0,38.0,43.0,25.0,19.0,24166.0,23829.0,853.0,528.0,147.0,472.0,39895.0,398.9499999999998,100.0,1000,5,995,0.10868441604543477,916,0,0,0,0,0,0,0,0,0,0,1,1,2,4,6,26,0,0,0,0,0,0,0,0,0,0,0,0,0,0,4,40,1.7780702114105225,0.03332560881972313,3.5073599815368652,0.4220525920391083,0.021171
329,48285.0,2266.0,50551.0,50551.0,0.95517398271053,42.0,0.042,88.0,39485.0,45.0,43.0,20.0,22.0,23687.0,24598.0,434.0,785.0,566.0,215.0,39485.0,394.84999999999957,100.0,1000,1,999,0.1087255000602454,910,0,0,1,0,1,0,0,0,0,0,1,2,0,7,4,30,0,0,0,0,0,0,0,0,0,0,0,0,0,0,4,40,0.877385139465332,0.03316875547170639,1.7062374353408813,0.4210335314273834,0.021143999999999996
330,47337.0,2403.0,49740.0,49740.0,0.9516887816646562,38.0,0.038,96.0,37737.0,50.0,46.0,19.0,19.0,23477.0,23860.0,449.0,286.0,551.0,714.0,37737.0,377.36999999999983,100.0,1000,1,999,0.10852466593496501,901,0,0,0,0,1,0,0,0,0,0,1,1,3,4,7,34,0,0,0,0,0,0,0,0,0,0,0,0,0,0,4,44,0.9057759642601013,-0.019740687683224678,1.8699055910110474,0.44684910774230957,0.021116999999999997
331,48397.0,702.0,49099.0,49099.0,0.9857023564634717,13.0,0.013,92.0,39197.0,41.0,51.0,9.0,4.0,24483.0,23914.0,442.0,792.0,558.0,208.0,39197.0,391.97000000000065,100.0,1000,4,996,0.10863199993036687,907,0,0,0,0,0,0,1,0,0,0,0,1,2,4,8,25,0,0,0,0,0,0,0,0,0,0,0,0,0,2,4,46,1.232208490371704,-0.023129159584641457,2.527639627456665,0.4021918773651123,0.021089999999999998
332,48206.0,1598.0,49804.0,49804.0,0.967914223757128,29.0,0.029,94.0,38806.0,52.0,42.0,13.0,16.0,24766.0,23440.0,806.0,27.9375,0.0,972.0625,38806.0,388.06,100.0,1000,6,994,0.10774870892055333,906,0,0,0,0,0,0,0,0,0,1,1,0,1,9,7,33,0,0,0,0,0,0,1,0,0,0,1,0,1,0,3,36,0.5489568710327148,-0.04449921101331711,1.2053080797195435,0.43668705224990845,0.021063
333,47744.0,1682.0,49426.0,49426.0,0.9659693278841096,29.0,0.029,91.0,38644.0,44.0,47.0,19.0,10.0,22391.0,25353.0,568.0,675.0,432.0,325.0,38644.0,386.4399999999997,100.0,1000,4,996,0.10880054207518697,906,0,0,0,0,0,0,1,1,0,0,0,0,1,7,5,29,0,0,2,0,0,0,0,0,0,0,0,1,0,0,2,45,1.340661883354187,0.032983534038066864,2.6339216232299805,0.4412647783756256,0.021036
334,49477.0,857.0,50334.0,50334.0,0.9829737354472127,17.0,0.017,95.0,39977.0,42.0,53.0,12.0,5.0,23696.0,25781.0,296.66015625,424.0,703.33984375,576.0,39977.0,399.77,100.0,1000,2,998,0.10907829098869115,901,0,0,0,0,0,0,0,0,1,0,1,0,2,7,6,26,0,0,0,1,0,0,0,0,0,0,0,0,0,1,2,52,1.3033679723739624,0.036230191588401794,2.5515079498291016,0.4101196229457855,0.021009
335,50555.0,2972.0,53527.0,53527.0,0.9444766192762531,49.0,0.049,100.0,40555.0,55.0,45.0,5.0,44.0,23871.0,26684.0,513.0,672.0,487.0,328.0,40555.0,405.5499999999994,100.0,1000,4,996,0.10829004098195583,898,0,0,0,0,0,1,0,0,0,0,0,0,4,10,11,29,0,0,0,0,0,0,0,0,0,0,0,0,1,1,0,45,1.3625776767730713,0.02081497386097908,2.699866771697998,0.38941627740859985,0.020982
336,48106.0,1678.0,49784.0,49784.0,0.966294391772457,30.0,0.03,89.0,39206.0,51.0,38.0,16.0,14.0,25117.0,22989.0,218.0,841.0,97.75,119.0,39206.0,392.05999999999955,100.0,1000,5,995,0.10880683292634785,910,0,0,0,0,1,0,0,0,0,0,2,2,0,7,11,28,0,0,1,1,0,0,0,0,0,0,0,0,0,1,0,36,1.0862761735916138,0.0230646301060915,2.143256902694702,0.4016638696193695,0.020954999999999998
337,46944.0,3410.0,50354.0,50354.0,0.9322794614131946,61.0,0.061,90.0,37944.0,48.0,42.0,40.0,21.0,23292.0,23652.0,770.0,1000.0,230.0,0.0,37944.0,379.44000000000045,100.0,1000,2,998,0.10781075002159923,909,0,0,0,0,0,0,0,0,0,0,3,0,2,7,8,28,0,0,0,0,0,0,0,0,1,0,0,1,0,0,0,41,1.2366228103637695,0.010670382529497147,2.468609571456909,0.39910271763801575,0.020928
338,48294.0,2065.0,50359.0,50359.0,0.9589944200639409,34.0,0.034,92.0,39094.0,40.0,52.0,30.0,4.0,24039.0,24255.0,801.0,915.0,199.0,85.0,39094.0,390.93999999999954,100.0,1000,1,999,0.10952175001148134,904,0,0,0,0,0,0,0,1,1,0,2,1,1,7,7,21,0,0,1,0,0,0,0,0,0,1,0,0,0,0,2,51,0.3774566650390625,-0.07971411198377609,0.9322278499603271,0.4278815686702728,0.020900999999999996
339,48020.0,1902.0,49922.0,49922.0,0.9619005648812147,35.0,0.035,82.0,39820.0,45.0,37.0,19.0,16.0,24382.0,23638.0,519.125,497.0,480.875,503.0,39820.0,398.2,100.0,1000,1,999,0.10896504099946469,917,0,0,0,0,0,0,0,0,2,0,0,0,0,9,5,29,0,0,0,0,0,0,0,1,0,0,0,0,0,1,2,34,0.3760046660900116,-0.05321826785802841,0.874558687210083,0.38595351576805115,0.020873999999999997
340,49946.0,2362.0,52308.0,52308.0,0.9548443832683338,40.0,0.04,87.0,41246.0,44.0,43.0,16.0,24.0,24367.0,25579.0,554.4375,563.0,445.5625,437.0,41246.0,412.4599999999998,100.0,1000,0,1000,0.11049983301199973,912,0,0,0,0,1,0,0,0,0,0,2,0,1,5,6,29,0,0,0,0,0,0,0,0,0,0,2,0,0,0,3,39,1.1804394721984863,-0.037405144423246384,2.4547526836395264,0.4572224020957947,0.020846999999999997
341,48111.0,2541.0,50652.0,50652.0,0.9498341625207297,49.0,0.049,82.0,39911.0,47.0,35.0,2.0,47.0,24349.0,23762.0,578.625,148.0,421.375,852.0,39911.0,399.11000000000007,100.0,1000,3,997,0.10836129204835743,916,0,0,0,0,0,0,0,0,0,0,1,0,4,5,8,31,0,0,0,0,0,0,0,0,1,0,0,0,1,0,5,28,1.1937170028686523,-0.005366426892578602,2.417323589324951,0.4600568413734436,0.020819999999999998
342,47423.0,1498.0,48921.0,48921.0,0.9693792032051675,24.0,0.024,82.0,39223.0,41.0,41.0,8.0,16.0,22301.0,25122.0,681.0,161.0,319.0,180.0,39223.0,392.2300000000007,100.0,1000,3,997,0.10783445800188929,915,1,0,0,0,0,0,0,1,0,0,3,0,1,6,7,24,0,0,0,0,0,0,0,0,0,0,0,0,0,0,4,38,0.37055766582489014,-0.12395168840885162,1.0062841176986694,0.41517502069473267,0.020793
343,48314.0,1474.0,49788.0,49788.0,0.97039447256367,30.0,0.03,86.0,39714.0,43.0,43.0,11.0,19.0,24356.0,23958.0,324.75,806.0,675.25,194.0,39714.0,397.1399999999992,100.0,1000,2,998,0.10783324996009469,908,0,0,0,0,0,0,0,0,0,0,4,1,1,5,7,28,0,0,0,0,0,0,0,1,0,0,0,0,0,0,0,45,0.9471657276153564,0.014137538149952888,1.8819334506988525,0.38228535652160645,0.020766
344,47444.0,2681.0,50125.0,50125.0,0.9465137157107232,49.0,0.049,81.0,39344.0,37.0,44.0,23.0,26.0,22123.0,25321.0,719.0642681121826,628.0,280.9357318878174,372.0,39344.0,393.4399999999996,100.0,1000,4,996,0.10722712497226894,916,0,0,0,1,0,0,0,0,1,0,2,0,2,1,9,23,0,1,0,0,0,0,1,0,1,0,0,0,0,0,2,40,0.9011558890342712,0.010511914268136024,1.798901915550232,0.4246580898761749,0.020739
345,48983.0,1104.0,50087.0,50087.0,0.9779583524667079,22.0,0.022,95.0,39483.0,51.0,44.0,7.0,15.0,24766.0,24217.0,784.0,378.0,216.0,0.0,39483.0,394.8299999999998,100.0,1000,2,998,0.10776599997188896,903,0,0,0,0,0,1,1,0,0,0,1,2,0,8,6,33,0,1,1,0,0,0,0,0,0,0,0,0,0,0,0,43,1.4985082149505615,0.06513648480176926,2.880683183670044,0.33650970458984375,0.020712
346,48347.0,1241.0,49588.0,49588.0,0.9749737839799951,24.0,0.024,84.0,39947.0,45.0,39.0,13.0,11.0,24722.0,23625.0,967.0,324.0,33.0,676.0,39947.0,399.4699999999998,100.0,1000,1,999,0.1088325409218669,912,0,0,0,0,0,0,0,0,0,0,3,1,1,7,5,29,0,0,0,0,0,1,0,0,0,0,1,0,0,0,1,39,0.6236268281936646,0.00678805960342288,1.247962474822998,0.34529799222946167,0.020685000000000002
347,47145.0,2514.0,49659.0,49659.0,0.9493747356974567,45.0,0.045,75.0,39645.0,37.0,38.0,20.0,25.0,21471.0,25674.0,371.0,740.0,629.0,260.0,39645.0,396.45000000000033,100.0,1000,1,999,0.10875499993562698,924,0,0,0,0,0,0,0,0,0,0,0,1,0,4,11,21,0,0,0,0,0,0,0,0,0,0,0,0,0,0,4,35,0.5679347515106201,-0.11708647757768631,1.3894708156585693,0.47023776173591614,0.020658
348,49507.0,668.0,50175.0,50175.0,0.9866865969108122,13.0,0.013,80.0,41507.0,42.0,38.0,6.0,7.0,25547.0,23960.0,373.125,794.0,626.875,206.0,41507.0,415.07000000000005,100.0,1000,1,999,0.10930124996230006,916,0,0,0,0,0,0,0,0,0,0,1,0,3,10,3,29,0,0,0,0,0,0,0,0,0,0,1,0,1,0,0,36,0.6228883266448975,-0.001799057237803936,1.2667994499206543,0.4222946763038635,0.020631
349,49926.0,1004.0,50930.0,50930.0,0.9802866679756529,18.0,0.018,93.0,40626.0,49.0,44.0,10.0,8.0,25150.0,24776.0,944.0,716.75,56.0,283.25,40626.0,406.2600000000001,100.0,1000,1,999,0.10766508302185684,903,0,0,0,0,0,0,0,0,2,0,2,0,5,5,6,29,0,1,0,1,0,0,0,0,0,0,0,0,0,0,0,46,1.449635624885559,0.005632339045405388,2.904130697250366,0.3912811577320099,0.020603999999999997
350,48640.0,2386.0,51026.0,51026.0,0.9532395249480657,41.0,0.041,83.0,40340.0,43.0,40.0,35.0,6.0,26398.0,22242.0,613.0,823.0,387.0,177.0,40340.0,403.39999999999975,100.0,1000,2,998,0.11086695804260671,917,0,0,0,0,1,0,0,0,0,0,1,0,1,3,8,29,0,0,0,0,0,0,0,0,0,0,1,0,1,0,1,37,0.5231938362121582,-0.057973712682724,1.17746102809906,0.3675459921360016,0.020576999999999998
351,47368.0,2039.0,49407.0,49407.0,0.9587305442548627,33.0,0.033,85.0,38868.0,48.0,37.0,6.0,27.0,23541.0,23827.0,695.0390625,375.3125,304.9609375,624.6875,38868.0,388.6800000000001,100.0,1000,2,998,0.10841520805843174,912,0,0,0,0,0,0,0,0,0,0,3,1,2,2,8,32,0,0,0,0,0,0,0,0,0,0,1,0,0,1,1,37,1.336004376411438,0.002549884608015418,2.682476758956909,0.37877950072288513,0.02055
352,48602.0,1823.0,50425.0,50425.0,0.9638472979672781,28.0,0.028,88.0,39802.0,47.0,41.0,13.0,15.0,25230.0,23372.0,405.875,700.0,594.125,0.0,39802.0,398.0200000000003,100.0,1000,2,998,0.10863091691862792,910,0,0,0,0,1,0,0,0,1,0,5,0,2,3,6,31,0,0,0,0,0,0,0,0,0,0,0,1,0,0,1,39,1.7505874633789062,0.02060583606362343,3.476459264755249,0.4018864035606384,0.020523
353,48095.0,1542.0,49637.0,49637.0,0.9689344642101658,30.0,0.03,85.0,39595.0,51.0,34.0,11.0,19.0,25125.0,22970.0,811.94140625,245.0,62.0,755.0,39595.0,395.95000000000044,100.0,1000,3,997,0.10755079204682261,913,0,0,0,0,0,0,0,0,0,0,4,0,1,8,10,29,0,0,0,0,0,0,1,1,0,0,0,0,1,0,1,31,1.0737298727035522,-0.005039532668888569,2.173520565032959,0.38987383246421814,0.020496
354,47655.0,2319.0,49974.0,49974.0,0.9535958698523233,42.0,0.042,78.0,39855.0,41.0,37.0,22.0,20.0,23749.0,23906.0,787.97607421875,610.0,212.02392578125,390.0,39855.0,398.5499999999997,100.0,1000,2,998,0.10887554206419736,917,0,0,0,0,0,0,0,0,0,0,2,0,0,9,7,25,0,0,0,0,0,0,0,0,0,0,0,0,0,0,0,40,0.5342962145805359,-0.08106932789087296,1.2469980716705322,0.39735567569732666,0.020469
355,45925.0,2074.0,47999.0,47999.0,0.9567907664743015,30.0,0.03,79.0,38025.0,41.0,38.0,18.0,12.0,22828.0,23097.0,574.0,436.0,145.5,564.0,38025.0,380.2500000000002,100.0,1000,4,996,0.10706212499644607,917,0,0,0,0,0,0,0,0,1,0,3,0,1,9,4,27,0,0,1,0,0,0,0,1,0,0,1,0,0,0,1,34,1.5259408950805664,-0.014763281680643559,3.0952508449554443,0.33858194947242737,0.020442000000000002
356,49884.0,1747.0,51631.0,51631.0,0.9661637388390696,34.0,0.034,86.0,41284.0,49.0,37.0,13.0,21.0,26955.0,22929.0,867.0,777.0,133.0,223.0,41284.0,412.8399999999997,100.0,1000,0,1000,0.10824379196856171,913,0,0,0,0,0,0,0,0,0,0,3,0,1,3,4,38,0,0,0,0,0,0,0,0,0,0,0,0,0,0,3,35,0.7727088928222656,-0.062428753823041916,1.6855708360671997,0.3746137320995331,0.020415
357,46471.0,2571.0,49042.0,49042.0,0.9475755474899066,47.0,0.047,78.0,38671.0,39.0,39.0,7.0,40.0,22477.0,23994.0,252.0,506.0,0.0,494.0,38671.0,386.7099999999998,100.0,1000,0,1000,0.10753854201175272,920,0,0,0,0,0,0,0,0,0,0,0,0,3,5,2,29,0,0,0,0,0,0,0,0,0,0,1,0,1,0,1,38,0.708188533782959,-0.044823162257671356,1.521728277206421,0.3851507008075714,0.020388
358,48603.0,1630.0,50233.0,50233.0,0.9675512113550853,31.0,0.031,83.0,40303.0,43.0,40.0,20.0,11.0,23833.0,24770.0,683.0,881.0,317.0,119.0,40303.0,403.0300000000001,100.0,1000,3,997,0.10851187503430992,916,0,0,0,0,0,1,0,0,1,0,2,0,0,7,3,30,0,0,0,0,0,0,0,0,0,0,0,1,0,0,3,36,1.3540897369384766,0.083436518907547,2.556727647781372,0.37869107723236084,0.020360999999999997
359,47436.0,1823.0,49259.0,49259.0,0.9629915345419111,34.0,0.034,75.0,39936.0,35.0,40.0,23.0,11.0,24460.0,22976.0,758.4375,267.0,241.5625,733.0,39936.0,399.35999999999916,100.0,1000,0,1000,0.10906591592356563,922,0,0,0,0,0,0,0,0,0,0,1,0,1,2,3,28,0,0,0,0,0,0,0,0,0,0,0,0,0,0,0,43,1.2171906232833862,0.027786998078227043,2.3927972316741943,0.3440024256706238,0.020333999999999998
360,48656.0,1535.0,50191.0,50191.0,0.9694168277181168,30.0,0.03,83.0,40356.0,41.0,42.0,15.0,15.0,23872.0,24784.0,355.671875,690.0,644.328125,310.0,40356.0,403.5600000000003,100.0,1000,2,998,0.10997166601009667,912,0,0,0,1,0,0,1,0,0,0,1,0,2,7,4,26,0,0,0,0,0,0,0,0,0,0,0,0,0,0,6,40,0.6581529974937439,0.037538040429353714,1.2567102909088135,0.3811585605144501,0.020307
361,48375.0,2066.0,50441.0,50441.0,0.9590412561210127,40.0,0.04,91.0,39275.0,47.0,44.0,26.0,14.0,24391.0,23984.0,570.0,1000.0,430.0,0.0,39275.0,392.74999999999903,100.0,1000,2,998,0.10782174998894334,907,0,0,0,0,0,0,0,0,1,0,3,0,0,8,2,33,0,0,0,0,1,0,0,0,0,1,0,0,1,0,2,41,1.1501274108886719,0.020750809460878372,2.2724931240081787,0.3387555778026581,0.02028
362,49141.0,1687.0,50828.0,50828.0,0.9668096324860314,34.0,0.034,87.0,40441.0,48.0,39.0,7.0,27.0,24789.0,24352.0,326.0,591.0,168.5,409.0,40441.0,404.4099999999998,100.0,1000,0,1000,0.10925558395683765,910,0,0,0,0,0,0,0,0,0,1,2,2,0,4,5,36,0,0,0,0,0,0,0,0,0,0,0,0,0,0,1,39,0.46711885929107666,-0.04801194369792938,1.0450241565704346,0.36445289850234985,0.020253
363,48771.0,1165.0,49936.0,49936.0,0.9766701377763537,20.0,0.02,87.0,40071.0,43.0,44.0,12.0,8.0,24851.0,23920.0,324.0,649.0,676.0,351.0,40071.0,400.71,100.0,1000,2,998,0.10786441690288484,909,0,0,0,0,0,0,1,0,1,0,2,0,1,4,3,33,0,0,1,0,0,0,0,0,0,0,0,0,0,0,1,44,1.2742276191711426,0.04837040230631828,2.4651687145233154,0.3325974941253662,0.020226
364,45207.0,3235.0,48442.0,48442.0,0.9332191073861525,64.0,0.064,74.0,37807.0,34.0,40.0,40.0,24.0,22906.0,22301.0,613.0,546.0,387.0,454.0,37807.0,378.07000000000005,100.0,1000,4,996,0.10884983406867832,925,0,0,0,0,0,0,0,0,0,0,0,0,0,3,1,30,0,0,0,0,0,0,0,0,0,0,0,0,1,1,3,36,0.9095686674118042,-0.06243402510881424,1.96103036403656,0.42143240571022034,0.020199
365,48836.0,1050.0,49886.0,49886.0,0.9789520105841318,17.0,0.017,79.0,40936.0,39.0,40.0,8.0,9.0,23908.0,24928.0,704.0,566.0,296.0,434.0,40936.0,409.3600000000006,100.0,1000,2,998,0.10842008295003325,917,0,0,0,0,0,0,0,0,0,0,1,1,1,4,6,27,0,0,1,0,0,0,0,0,0,0,0,2,1,0,0,39,0.36822542548179626,-0.11762095987796783,0.9863142967224121,0.3624219596385956,0.020172
366,48509.0,1389.0,49898.0,49898.0,0.972163212954427,25.0,0.025,83.0,40209.0,45.0,38.0,6.0,19.0,25619.0,22890.0,432.0,367.0,568.0,31.0,40209.0,402.0899999999996,100.0,1000,2,998,0.1078423330327496,916,0,0,0,0,0,2,0,0,0,0,1,2,0,2,7,31,0,0,0,0,0,0,0,0,0,0,0,0,0,0,0,39,0.7260884642601013,-0.06379368901252747,1.5946886539459229,0.3704245388507843,0.020145
367,49891.0,1176.0,51067.0,51067.0,0.9769714296904067,21.0,0.021,88.0,41091.0,48.0,40.0,13.0,8.0,25685.0,24206.0,585.0,14.54296875,77.8125,91.0,41091.0,410.9099999999998,100.0,1000,0,1000,0.10837720800191164,910,0,0,0,0,0,0,0,0,1,1,0,0,1,5,3,37,0,0,0,0,0,0,1,0,0,0,0,0,0,0,6,35,1.3872570991516113,0.02419377490878105,2.742044687271118,0.39561718702316284,0.020117999999999997
368,47403.0,1089.0,48492.0,48492.0,0.9775426874536006,19.0,0.019,76.0,39803.0,36.0,40.0,15.0,4.0,23204.0,24199.0,761.0,961.0,239.0,39.0,39803.0,398.03000000000026,100.0,1000,0,1000,0.10717766697052866,921,0,0,0,0,0,0,0,0,1,0,3,0,3,2,1,27,0,0,0,0,0,0,0,0,0,0,0,0,0,0,1,41,1.7554364204406738,0.03650771081447601,3.4509353637695312,0.32547053694725037,0.020090999999999998
369,47830.0,2273.0,50103.0,50103.0,0.95463345508253,42.0,0.042,82.0,39630.0,42.0,40.0,20.0,22.0,23944.0,23886.0,528.0,202.0,472.0,798.0,39630.0,396.30000000000007,100.0,1000,1,999,0.10721320798620582,917,0,0,0,0,0,0,0,0,0,0,0,0,1,2,3,36,0,1,0,0,0,0,0,0,1,0,0,0,0,0,1,38,1.5608508586883545,0.1245834231376648,2.8888301849365234,0.40608540177345276,0.020064
370,48216.0,2494.0,50710.0,50710.0,0.9508183790179452,42.0,0.042,80.0,40216.0,36.0,44.0,26.0,16.0,22747.0,25469.0,350.1875,760.0,649.8125,240.0,40216.0,402.15999999999906,100.0,1000,2,998,0.10826274997089058,919,0,0,0,0,0,0,0,0,0,0,2,0,0,2,5,28,0,0,0,0,0,0,0,0,0,0,0,0,0,0,2,42,1.70725417137146,-0.003922367934137583,3.439047336578369,0.41658976674079895,0.020037
371,47937.0,1722.0,49659.0,49659.0,0.9653235063130551,30.0,0.03,83.0,39637.0,52.0,31.0,6.0,24.0,25130.0,22807.0,817.9375,23.0,182.0625,977.0,39637.0,396.3699999999999,100.0,1000,1,999,0.10778841597493738,914,0,1,0,0,0,0,0,0,0,0,0,1,1,2,3,45,0,0,0,0,0,0,0,0,0,0,0,0,0,0,3,30,0.9676684141159058,-0.014548548497259617,1.979555368423462,0.3778485655784607,0.02001
372,49062.0,1220.0,50282.0,50282.0,0.9757368441987192,23.0,0.023,85.0,40562.0,49.0,36.0,6.0,17.0,26603.0,22459.0,447.0,746.0,553.0,254.0,40562.0,405.61999999999944,100.0,1000,1,999,0.10871754202526063,910,0,0,0,0,1,0,0,0,0,0,0,0,1,0,2,47,0,0,0,0,0,0,0,0,0,0,0,0,0,0,1,38,0.8567456603050232,0.05854550749063492,1.6089736223220825,0.3146001696586609,0.019983
373,48364.0,1586.0,49950.0,49950.0,0.9682482482482483,32.0,0.032,78.0,40564.0,43.0,35.0,6.0,26.0,24326.0,24038.0,748.125,862.5,251.875,137.5,40564.0,405.64000000000004,100.0,1000,0,1000,0.10913674999028444,918,0,0,0,0,0,0,0,0,0,0,1,0,0,4,5,34,0,0,0,0,0,0,0,0,0,0,0,0,0,1,1,36,1.6490669250488281,0.08405573666095734,3.14526104927063,0.38180986046791077,0.019956
374,48632.0,1093.0,49725.0,49725.0,0.9780191050779286,21.0,0.021,83.0,40332.0,42.0,41.0,4.0,17.0,24929.0,23703.0,461.0,959.0,539.0,41.0,40332.0,403.32000000000033,100.0,1000,0,1000,0.10810287506319582,916,0,0,0,0,0,0,0,0,0,0,0,0,1,2,4,35,0,0,0,0,0,0,0,0,0,0,0,0,0,1,1,40,1.4466372728347778,0.0028949188999831676,2.903291702270508,0.3965793251991272,0.019929
375,46434.0,1545.0,47979.0,47979.0,0.9677984118051648,29.0,0.029,85.0,37934.0,45.0,40.0,16.0,13.0,24054.0,22380.0,35.0,532.0,0.0,468.0,37934.0,379.34000000000066,100.0,1000,1,999,0.10928737500216812,912,0,0,0,0,0,0,0,0,0,0,1,0,0,1,3,42,0,0,0,0,0,1,0,0,0,0,0,0,0,0,2,38,0.5486724376678467,-0.046571798622608185,1.205689787864685,0.38190582394599915,0.019902
376,48493.0,1838.0,50331.0,50331.0,0.9634817508096402,26.0,0.026,91.0,39393.0,54.0,37.0,8.0,18.0,24781.0,23712.0,685.0,7.0,315.0,0.0,39393.0,393.9299999999994,100.0,1000,0,1000,0.10775916592683643,901,0,0,0,0,0,0,0,0,0,0,2,1,0,4,2,50,0,0,0,0,0,0,0,0,0,0,0,0,0,0,1,39,1.1075329780578613,-0.0033548742067068815,2.236720085144043,0.37595853209495544,0.019874999999999997
377,49347.0,1108.0,50455.0,50455.0,0.9780398374789416,15.0,0.015,88.0,40547.0,45.0,43.0,5.0,10.0,24468.0,24879.0,469.0,669.0,531.0,331.0,40547.0,405.4700000000004,100.0,1000,2,998,0.1076320419088006,910,0,0,0,0,0,0,0,0,1,0,1,1,0,1,3,38,0,0,0,0,0,0,0,0,0,0,0,0,0,0,2,43,1.2500550746917725,0.04388998821377754,2.427091360092163,0.3718554675579071,0.019847999999999998
378,48448.0,1455.0,49903.0,49903.0,0.9708434362663567,26.0,0.026,91.0,39348.0,39.0,52.0,19.0,7.0,24007.0,24441.0,741.0,1000.0,259.0,0.0,39348.0,393.47999999999985,100.0,1000,2,998,0.10809008404612541,907,0,0,0,0,0,0,0,0,0,0,0,0,0,2,5,33,0,0,0,0,0,1,0,0,0,0,0,0,0,0,2,50,0.7468947768211365,-0.016811715438961983,1.5419834852218628,0.36755016446113586,0.019821
379,48525.0,1190.0,49715.0,49715.0,0.9760635623051392,22.0,0.022,87.0,39825.0,45.0,42.0,21.0,1.0,24239.0,24286.0,785.0,693.0,215.0,307.0,39825.0,398.24999999999915,100.0,1000,0,1000,0.10728091700002551,909,0,0,0,0,0,0,0,0,0,0,0,1,0,4,2,41,0,0,0,0,0,0,0,1,0,0,0,0,0,0,3,39,0.7131117582321167,-0.02615017257630825,1.4932985305786133,0.373210608959198,0.019794
380,50240.0,1632.0,51872.0,51872.0,0.9685379395434917,22.0,0.022,83.0,41940.0,45.0,38.0,11.0,11.0,26873.0,23367.0,639.0,917.0,361.0,83.0,41940.0,419.4000000000001,100.0,1000,0,1000,0.10797708306927234,913,0,0,0,0,0,0,0,0,0,0,0,0,1,4,4,38,0,0,0,0,0,0,0,0,0,0,0,0,0,0,0,40,1.8127434253692627,-0.041881147772073746,3.7228615283966064,0.34432029724121094,0.019767
381,47553.0,2063.0,49616.0,49616.0,0.9584206707513705,40.0,0.04,72.0,40353.0,40.0,32.0,8.0,32.0,23931.0,23622.0,402.0,608.0,598.0,392.0,40353.0,403.5299999999991,100.0,1000,1,999,0.10868804203346372,927,0,0,0,0,0,0,0,0,0,0,1,1,0,3,3,32,0,0,0,0,0,0,0,0,1,0,0,0,0,0,0,32,0.3053528070449829,-0.11902870982885361,0.8632850646972656,0.367832750082016,0.01974
382,47966.0,1982.0,49948.0,49948.0,0.96031873148074,30.0,0.03,79.0,40066.0,44.0,35.0,4.0,26.0,24031.0,23935.0,70.625,812.0,929.375,188.0,40066.0,400.65999999999985,100.0,1000,1,999,0.1087270409334451,919,0,0,0,0,0,0,0,0,0,0,1,0,0,8,4,32,0,0,1,0,0,0,0,0,0,0,0,1,0,0,0,34,1.1703740358352661,0.04061272367835045,2.2752432823181152,0.39873528480529785,0.019713
383,48528.0,1240.0,49768.0,49768.0,0.9750843915769168,23.0,0.023,80.0,40528.0,46.0,34.0,8.0,15.0,26582.0,21946.0,863.0,852.0,137.0,148.0,40528.0,405.2799999999995,100.0,1000,1,999,0.10814545804169029,914,0,0,1,0,1,0,0,0,0,0,0,0,1,2,4,39,0,0,0,0,0,0,0,0,0,0,0,0,0,0,0,38,0.7286306619644165,-0.015440256334841251,1.504513144493103,0.4158105254173279,0.019686
384,48662.0,731.0,49393.0,49393.0,0.9852003320308546,14.0,0.014,89.0,39762.0,41.0,48.0,3.0,11.0,24144.0,24518.0,398.9375,599.0,601.0625,401.0,39762.0,397.61999999999983,100.0,1000,1,999,0.10816237505059689,910,0,0,1,0,0,0,0,0,1,0,2,0,0,1,3,33,0,0,0,0,0,0,0,0,0,0,0,0,1,0,2,46,0.937824547290802,-0.0011002483079209924,1.8922325372695923,0.36580994725227356,0.019659
385,50311.0,377.0,50688.0,50688.0,0.9925623421717171,6.0,0.006,99.0,40411.0,46.0,53.0,3.0,3.0,24525.0,25786.0,197.0,322.0,50.0,678.0,40411.0,404.11000000000024,100.0,1000,1,999,0.10871783294714987,901,0,0,0,0,0,0,0,1,0,0,0,0,0,1,3,41,0,0,0,0,0,0,0,0,0,0,0,1,0,0,1,51,1.1961416006088257,0.014971024356782436,2.375511884689331,0.3354397416114807,0.019631999999999997
386,48584.0,1357.0,49941.0,49941.0,0.9728279369656194,25.0,0.025,86.0,39984.0,40.0,46.0,16.0,9.0,24116.0,24468.0,775.0,526.0,225.0,474.0,39984.0,399.8399999999997,100.0,1000,1,999,0.10775887500494719,913,0,0,0,0,0,0,1,0,0,0,0,0,0,1,2,36,0,0,0,0,0,0,0,0,0,0,0,1,0,0,1,45,1.614992380142212,0.11045315116643906,3.0228590965270996,0.3514571487903595,0.019604999999999997
387,49157.0,831.0,49988.0,49988.0,0.9833760102424582,15.0,0.015,83.0,40857.0,42.0,41.0,11.0,4.0,25164.0,23993.0,629.6875,810.0,370.3125,190.0,40857.0,408.5699999999994,100.0,1000,2,998,0.10883287503384054,914,0,0,0,0,0,0,0,0,0,0,0,0,0,7,4,32,0,0,1,0,0,0,0,0,0,0,0,0,0,0,2,40,0.21549758315086365,-0.04647330939769745,0.5375730991363525,0.3481282591819763,0.019577999999999998
388,50752.0,1879.0,52631.0,52631.0,0.9642986072846801,26.0,0.026,83.0,42452.0,44.0,39.0,13.0,13.0,25831.0,24921.0,246.0,409.0,754.0,591.0,42452.0,424.5200000000001,100.0,1000,0,1000,0.10856379196047783,913,0,0,0,0,0,0,0,0,0,0,1,0,0,3,0,42,0,0,0,1,0,0,0,0,0,0,0,0,0,0,0,40,1.0573859214782715,0.03654234856367111,2.0545802116394043,0.32972559332847595,0.019551
389,49397.0,2262.0,51659.0,51659.0,0.956212857391742,32.0,0.032,83.0,41097.0,41.0,42.0,20.0,12.0,24975.0,24422.0,486.0,390.0,514.0,610.0,41097.0,410.97000000000105,100.0,1000,0,1000,0.10877679206896573,913,0,0,0,0,0,0,0,0,1,0,1,0,0,7,1,32,0,0,0,1,0,0,0,0,0,0,0,0,0,0,3,41,0.8577440977096558,0.030466020107269287,1.668799877166748,0.3647749722003937,0.019524
390,48046.0,1259.0,49305.0,49305.0,0.9744650643950917,24.0,0.024,80.0,40046.0,42.0,38.0,7.0,17.0,25638.0,22408.0,614.0,797.0,386.0,203.0,40046.0,400.4600000000001,100.0,1000,0,1000,0.1079495829762891,916,0,0,0,0,0,0,0,0,0,1,0,0,0,3,2,36,0,0,0,0,0,0,0,0,0,0,0,1,0,0,0,41,0.9330177307128906,0.012297301553189754,1.8552464246749878,0.35404112935066223,0.019497
391,48170.0,1720.0,49890.0,49890.0,0.9655241531369012,23.0,0.023,81.0,40070.0,38.0,43.0,21.0,2.0,24470.0,23700.0,554.0,279.0,446.0,0.0,40070.0,400.69999999999976,100.0,1000,1,999,0.10801412502769381,918,0,0,0,0,0,0,0,0,0,0,0,0,1,3,1,34,1,0,0,0,0,0,0,0,0,0,0,1,0,1,2,38,0.4644676446914673,-0.014740693382918835,0.9709056615829468,0.32072362303733826,0.01947
392,49826.0,2474.0,52300.0,52300.0,0.9526959847036329,31.0,0.031,78.0,42026.0,34.0,44.0,19.0,12.0,24241.0,25585.0,705.0,186.0,295.0,58.0,42026.0,420.25999999999925,100.0,1000,1,999,0.10801570897456259,921,0,0,0,0,0,0,1,0,0,0,0,0,0,4,2,27,0,0,0,0,0,0,0,0,0,0,0,1,0,0,0,44,0.8749182820320129,-0.07909197360277176,1.9211955070495605,0.33881258964538574,0.019443
393,48689.0,1208.0,49897.0,49897.0,0.9757901276629858,19.0,0.019,79.0,40789.0,44.0,35.0,11.0,8.0,24806.0,23883.0,502.0,586.0,78.0,414.0,40789.0,407.8899999999998,100.0,1000,1,999,0.10895195906050503,918,0,0,0,0,0,0,0,0,1,0,3,0,0,3,2,35,0,0,0,0,0,0,0,0,0,0,0,0,0,0,0,38,0.9238513708114624,-0.02952379547059536,1.9183166027069092,0.297853022813797,0.019416
394,47739.0,1634.0,49373.0,49373.0,0.9669049885564985,26.0,0.026,79.0,39839.0,44.0,35.0,13.0,13.0,24892.0,22847.0,837.0,518.75,163.0,481.25,39839.0,398.39,100.0,1000,0,1000,0.10810791701078415,917,0,0,0,0,0,0,0,0,0,0,0,1,0,2,3,40,0,0,0,0,0,0,0,0,0,0,1,1,1,0,0,34,1.3717215061187744,0.12195856124162674,2.511906147003174,0.31926384568214417,0.019388999999999997
395,48209.0,1917.0,50126.0,50126.0,0.9617563739376771,35.0,0.035,78.0,40409.0,41.0,37.0,13.0,22.0,23720.0,24489.0,876.0,484.0,124.0,516.0,40409.0,404.08999999999895,100.0,1000,1,999,0.10826341703068465,917,0,0,0,0,0,0,0,0,0,0,0,0,0,5,3,36,0,0,0,0,0,0,0,0,0,0,0,0,0,0,1,38,0.6796784400939941,-0.03512212261557579,1.4412418603897095,0.3006105124950409,0.019361999999999997
396,48567.0,1624.0,50191.0,50191.0,0.9676436014424897,31.0,0.031,74.0,41167.0,38.0,36.0,10.0,21.0,24740.0,23827.0,561.75,325.0,438.25,675.0,41167.0,411.6699999999999,100.0,1000,1,999,0.10756799997761846,922,0,0,1,0,0,0,0,0,0,0,0,0,0,4,3,34,0,0,0,0,0,0,1,0,0,0,0,0,0,0,1,34,0.23064740002155304,-0.11275908350944519,0.7005125880241394,0.3542702794075012,0.019334999999999998
397,48324.0,1755.0,50079.0,50079.0,0.9649553705145869,33.0,0.033,77.0,40624.0,45.0,32.0,9.0,24.0,25444.0,22880.0,801.0,311.0,199.0,689.0,40624.0,406.2400000000002,100.0,1000,1,999,0.10859904205426574,923,0,0,0,0,0,0,0,0,0,0,0,0,0,6,4,35,0,0,0,0,0,1,0,0,0,0,1,0,0,0,1,29,0.8123970627784729,0.02397940494120121,1.591248631477356,0.37324801087379456,0.019308
398,49963.0,1479.0,51442.0,51442.0,0.9712491738268341,27.0,0.027,80.0,41963.0,44.0,36.0,16.0,11.0,27374.0,22589.0,737.0,919.0,263.0,81.0,41963.0,419.62999999999937,100.0,1000,2,998,0.10922529199160635,918,1,0,0,0,0,0,0,0,0,0,0,0,0,3,1,39,0,0,0,0,0,0,0,0,0,0,0,0,0,0,1,37,0.7801063656806946,-0.0788157507777214,1.7324129343032837,0.37779852747917175,0.019281
399,48904.0,999.0,49903.0,49903.0,0.9799811634571068,17.0,0.017,88.0,40104.0,37.0,51.0,12.0,5.0,24909.0,23995.0,113.0,918.0,887.0,82.0,40104.0,401.0399999999994,100.0,1000,3,997,0.10824016598053277,908,0,0,0,0,0,0,0,1,0,0,0,0,0,5,1,31,0,0,2,0,0,0,0,0,0,0,0,1,0,0,1,50,1.046746015548706,0.056231819093227386,1.9952600002288818,0.36957859992980957,0.019254
400,51544.0,1421.0,52965.0,52965.0,0.9731709619560087,15.0,0.015,92.0,42344.0,44.0,48.0,4.0,11.0,24020.0,27524.0,608.0,809.0,392.0,191.0,42344.0,423.44000000000074,100.0,1000,0,1000,0.1079785421025008,906,0,0,0,0,0,0,0,0,0,0,1,0,0,3,1,41,0,0,0,0,0,0,0,0,0,0,0,0,1,0,2,45,0.8192031979560852,-0.015681423246860504,1.6840059757232666,0.37022578716278076,0.019227
401,49798.0,1005.0,50803.0,50803.0,0.9802177036789166,15.0,0.015,85.0,41298.0,44.0,41.0,7.0,8.0,25061.0,24737.0,188.0,899.3125,101.5,100.6875,41298.0,412.98000000000013,100.0,1000,1,999,0.10846091597341001,914,0,0,0,0,0,0,0,0,0,0,1,0,1,5,1,37,0,0,0,0,0,0,0,0,0,0,0,0,0,0,3,38,0.8119746446609497,-0.006755759008228779,1.649783968925476,0.32091620564460754,0.0192
402,50654.0,657.0,51311.0,51311.0,0.9871957280115374,12.0,0.012,91.0,41554.0,49.0,42.0,6.0,6.0,27336.0,23318.0,194.16015625,739.8125,805.83984375,260.1875,41554.0,415.53999999999985,100.0,1000,2,998,0.10828575002960861,907,0,0,0,0,0,0,0,0,0,0,1,0,0,3,3,44,0,0,0,0,0,0,0,0,1,0,1,0,0,1,1,38,1.2826238870620728,0.06883952766656876,2.4416093826293945,0.36615779995918274,0.019173
403,49652.0,882.0,50534.0,50534.0,0.9825464044009974,17.0,0.017,88.0,40852.0,49.0,39.0,11.0,6.0,25978.0,23674.0,445.0,305.0,555.0,61.0,40852.0,408.5200000000001,100.0,1000,1,999,0.10866975004319102,909,0,0,0,0,0,0,0,0,0,0,0,0,2,3,0,45,0,0,0,0,0,0,0,0,0,0,0,0,0,0,2,39,0.6286943554878235,0.005577733740210533,1.2595254182815552,0.34712663292884827,0.019145999999999996
404,49629.0,719.0,50348.0,50348.0,0.9857193930245491,14.0,0.014,84.0,41229.0,46.0,38.0,3.0,11.0,25707.0,23922.0,459.0,777.0,541.0,223.0,41229.0,412.28999999999985,100.0,1000,1,999,0.10829849995207042,914,0,0,0,0,0,0,0,0,0,0,1,0,0,3,4,39,0,0,0,0,0,0,0,0,0,0,1,0,1,0,2,35,1.2221523523330688,0.025963839143514633,2.40478515625,0.3244922459125519,0.019118999999999997
405,49126.0,628.0,49754.0,49754.0,0.9873778992643808,11.0,0.011,78.0,41326.0,44.0,34.0,5.0,6.0,25523.0,23603.0,497.0,452.0,503.0,548.0,41326.0,413.25999999999976,100.0,1000,0,1000,0.10780979099217802,920,0,0,0,0,0,0,0,0,0,0,0,0,0,0,1,44,0,0,0,0,0,0,0,0,0,0,0,0,0,0,0,35,0.5403594374656677,-0.04803979769349098,1.1894251108169556,0.3306780755519867,0.019091999999999998
406,47656.0,1597.0,49253.0,49253.0,0.9675755791525389,33.0,0.033,76.0,40056.0,36.0,40.0,17.0,16.0,23413.0,24243.0,692.0,479.0,0.0,521.0,40056.0,400.55999999999966,100.0,1000,1,999,0.10897875006776303,922,0,0,0,0,0,0,0,0,0,0,1,1,0,3,0,33,0,0,0,0,0,0,0,0,0,0,0,0,0,0,1,39,1.1775169372558594,0.029659537598490715,2.310034990310669,0.37555935978889465,0.019065
407,48803.0,1247.0,50050.0,50050.0,0.9750849150849151,22.0,0.022,82.0,40603.0,38.0,44.0,18.0,4.0,23850.0,24953.0,792.0,715.8125,208.0,284.1875,40603.0,406.0300000000001,100.0,1000,1,999,0.10834300005808473,914,0,0,0,0,0,0,0,0,0,0,1,0,1,2,2,34,0,0,0,0,0,0,0,0,0,0,0,0,1,0,1,44,1.4864418506622314,0.07421901077032089,2.836693048477173,0.3216574788093567,0.019038
408,48413.0,1073.0,49486.0,49486.0,0.978317099785798,20.0,0.02,79.0,40513.0,37.0,42.0,17.0,3.0,23685.0,24728.0,965.0,92.0,35.0,0.0,40513.0,405.1300000000002,100.0,1000,0,1000,0.10813687497284263,920,0,0,0,0,0,0,0,0,0,0,0,0,1,0,0,36,0,0,0,0,0,0,0,0,0,0,0,0,0,0,0,43,1.0973314046859741,0.038739100098609924,2.1278607845306396,0.2807883620262146,0.019011
409,47679.0,1847.0,49526.0,49526.0,0.9627064572143924,32.0,0.032,72.0,40479.0,38.0,34.0,12.0,20.0,24689.0,22990.0,549.0,27.0,28.1875,973.0,40479.0,404.78999999999996,100.0,1000,1,999,0.1084483329905197,926,0,0,0,0,0,0,0,0,0,0,0,0,0,1,3,34,0,0,0,0,0,0,0,0,0,0,0,0,0,1,1,34,1.1007113456726074,0.018629344180226326,2.177541732788086,0.3523428738117218,0.018984
410,49603.0,1739.0,51342.0,51342.0,0.9661290950878423,26.0,0.026,75.0,42103.0,36.0,39.0,18.0,8.0,23396.0,26207.0,937.0,587.0,63.0,413.0,42103.0,421.03000000000037,100.0,1000,2,998,0.1090274170273915,923,0,0,0,0,0,1,0,0,0,0,0,0,0,3,2,31,0,0,0,0,0,0,0,0,0,0,0,0,0,0,0,40,0.9271002411842346,0.031222982332110405,1.8052273988723755,0.3553547263145447,0.018957
411,49307.0,252.0,49559.0,49559.0,0.9949151516374423,5.0,0.005,87.0,40607.0,42.0,45.0,1.0,4.0,25122.0,24185.0,277.0,647.0,723.0,353.0,40607.0,406.0700000000002,100.0,1000,1,999,0.10842224990483373,912,0,0,0,0,1,0,0,0,0,0,3,0,1,3,1,33,0,0,0,0,0,0,0,0,0,0,0,0,0,0,1,45,1.5068973302841187,0.08839400112628937,2.8495986461639404,0.3325928747653961,0.01893
412,47190.0,1683.0,48873.0,48873.0,0.9655638082376773,26.0,0.026,87.0,38490.0,37.0,50.0,25.0,1.0,21960.0,25230.0,697.0,980.0,303.0,20.0,38490.0,384.8999999999999,100.0,1000,1,999,0.10862533398903906,910,0,0,0,0,0,0,0,1,0,0,0,0,0,0,1,38,0,0,0,0,0,0,0,0,0,0,0,0,0,0,1,49,0.6208894848823547,-0.032626673579216,1.3193628787994385,0.326153427362442,0.018903
413,49465.0,621.0,50086.0,50086.0,0.987601325719762,12.0,0.012,82.0,41265.0,42.0,40.0,7.0,5.0,25032.0,24433.0,309.0,881.0,691.0,119.0,41265.0,412.6500000000003,100.0,1000,0,1000,0.10849612497258931,915,0,0,0,0,0,0,0,0,0,0,0,1,0,0,2,39,0,0,0,1,0,0,0,0,0,0,0,0,1,0,1,40,0.24070169031620026,-0.08614084124565125,0.6667963266372681,0.3472995162010193,0.018876
414,49963.0,693.0,50656.0,50656.0,0.9863194883133292,13.0,0.013,84.0,41563.0,41.0,43.0,11.0,2.0,24267.0,25696.0,838.0,275.0,162.0,725.0,41563.0,415.63,100.0,1000,0,1000,0.10883633303456008,914,0,0,0,0,0,0,0,0,0,0,0,0,1,1,0,40,0,0,0,0,0,0,0,0,0,0,0,0,0,0,1,43,0.7219173312187195,0.0042238542810082436,1.4480284452438354,0.3353373110294342,0.018848999999999998
415,48829.0,941.0,49770.0,49770.0,0.981093027928471,17.0,0.017,82.0,40629.0,38.0,44.0,5.0,12.0,24428.0,24401.0,826.0,761.0,174.0,239.0,40629.0,406.28999999999996,100.0,1000,0,1000,0.10767808405216783,915,0,0,0,0,0,0,0,0,0,0,0,0,1,2,2,36,0,0,0,0,0,0,0,0,0,0,0,0,0,0,1,43,0.6235222220420837,-0.08069691061973572,1.4205988645553589,0.3230448365211487,0.018822
416,49263.0,967.0,50230.0,50230.0,0.9807485566394585,18.0,0.018,80.0,41263.0,40.0,40.0,5.0,13.0,24495.0,24768.0,412.0,962.0,588.0,38.0,41263.0,412.62999999999977,100.0,1000,1,999,0.10815454204566777,918,0,0,0,0,0,0,0,0,0,0,0,1,1,2,2,34,0,0,1,0,0,0,0,0,0,0,2,0,1,0,0,38,0.944696307182312,0.028449099510908127,1.8432148694992065,0.28519371151924133,0.018795
417,48691.0,1237.0,49928.0,49928.0,0.9752243230251563,21.0,0.021,76.0,41091.0,39.0,37.0,14.0,7.0,24646.0,24045.0,816.0,605.0,184.0,395.0,41091.0,410.90999999999985,100.0,1000,0,1000,0.10866270796395838,921,0,0,0,0,0,0,0,0,0,0,0,0,1,4,0,36,0,0,0,0,0,0,0,0,0,0,0,0,0,0,0,38,1.2957849502563477,0.08525466918945312,2.433004379272461,0.3181987702846527,0.018768
418,47963.0,1573.0,49536.0,49536.0,0.9682453165374677,29.0,0.029,72.0,40763.0,38.0,34.0,2.0,27.0,22025.0,25938.0,596.0,592.0,404.0,408.0,40763.0,407.63000000000017,100.0,1000,1,999,0.10838254098780453,928,0,0,0,0,0,0,0,0,0,0,0,0,0,1,1,36,0,0,0,0,0,0,0,0,0,0,0,0,0,0,0,34,2.139448404312134,0.15163376927375793,3.987602472305298,0.31944119930267334,0.018741
419,48002.0,2700.0,50702.0,50702.0,0.9467476628140902,42.0,0.042,69.0,41102.0,35.0,34.0,12.0,30.0,23293.0,24709.0,386.0,665.0,614.0,335.0,41102.0,411.0200000000008,100.0,1000,1,999,0.10821487498469651,930,0,0,1,0,0,0,0,0,0,0,0,0,2,2,0,31,0,0,0,0,0,0,0,0,0,0,0,0,0,0,0,34,0.61070716381073,-0.04637766629457474,1.3283907175064087,0.3799571394920349,0.018714
420,49706.0,1766.0,51472.0,51472.0,0.9656900839291265,31.0,0.031,75.0,42206.0,40.0,35.0,12.0,19.0,24940.0,24766.0,970.0,782.0,30.0,218.0,42206.0,422.0600000000007,100.0,1000,0,1000,0.10768825002014637,922,0,0,0,0,0,0,0,0,1,0,0,0,0,2,3,36,0,0,0,0,0,0,0,0,0,0,0,0,0,0,3,33,0.7183409929275513,-0.021819524466991425,1.4936578273773193,0.3568473160266876,0.018687
421,48338.0,713.0,49051.0,49051.0,0.9854641087847342,11.0,0.011,78.0,40538.0,40.0,38.0,10.0,1.0,24291.0,24047.0,772.0,674.0,228.0,326.0,40538.0,405.3799999999998,100.0,1000,0,1000,0.10848900000564754,921,0,0,0,0,0,0,0,0,0,0,1,0,0,1,1,37,0,0,0,0,0,0,0,0,0,0,0,0,0,0,1,38,0.6518241763114929,-0.056127969175577164,1.4287822246551514,0.34506723284721375,0.01866
422,47713.0,1573.0,49286.0,49286.0,0.9680842429898957,28.0,0.028,80.0,39713.0,41.0,39.0,12.0,16.0,24443.0,23270.0,658.0,677.0,342.0,0.0,39713.0,397.1299999999999,100.0,1000,1,999,0.1078281250083819,917,0,0,0,0,0,0,0,0,0,0,1,0,0,2,2,39,0,0,0,0,0,0,0,0,0,0,0,0,0,0,0,39,1.1152637004852295,-0.02347710356116295,2.28889536857605,0.3062801659107208,0.018633
423,48026.0,1845.0,49871.0,49871.0,0.9630045517434982,34.0,0.034,77.0,40326.0,36.0,41.0,10.0,24.0,23144.0,24882.0,709.5,827.0,290.5,173.0,40326.0,403.25999999999993,100.0,1000,2,998,0.10769670899026096,922,0,0,0,0,0,0,0,0,0,0,0,0,1,2,3,30,0,0,0,0,0,0,0,0,0,1,0,1,0,0,3,37,0.9266316294670105,0.0009488154901191592,1.8619554042816162,0.28457963466644287,0.018605999999999998
424,48081.0,1420.0,49501.0,49501.0,0.9713137108341245,30.0,0.03,80.0,40081.0,37.0,43.0,19.0,11.0,23185.0,24896.0,10.0,775.0,0.0,225.0,40081.0,400.8099999999996,100.0,1000,1,999,0.10772108298260719,918,0,0,0,0,0,0,0,0,0,0,0,0,1,0,0,38,0,0,0,0,0,0,0,0,0,0,1,0,0,0,1,41,2.031346321105957,0.021370625123381615,4.0304131507873535,0.28155380487442017,0.018579
425,47307.0,2606.0,49913.0,49913.0,0.94778915312644,43.0,0.043,70.0,40307.0,31.0,39.0,29.0,14.0,22694.0,24613.0,872.0,539.625,128.0,460.375,40307.0,403.0699999999992,100.0,1000,1,999,0.10876183304935694,926,0,0,0,0,0,1,0,0,0,0,0,0,0,0,0,30,0,0,0,0,0,0,0,0,0,0,0,0,0,1,1,41,0.7403013110160828,-0.013066550716757774,1.5193331241607666,0.3395169973373413,0.018552
426,50339.0,1696.0,52035.0,52035.0,0.9674065532814452,31.0,0.031,77.0,42639.0,40.0,37.0,15.0,16.0,24434.0,25905.0,640.0,748.0,360.0,252.0,42639.0,426.38999999999953,100.0,1000,0,1000,0.10846670903265476,919,0,0,0,0,0,0,0,0,0,0,0,1,0,1,1,37,0,0,0,0,0,0,0,0,0,0,0,0,0,0,0,41,1.206579566001892,0.04055008292198181,2.345702648162842,0.36825117468833923,0.018525
427,49430.0,364.0,49794.0,49794.0,0.9926898823151383,8.0,0.008,80.0,41430.0,44.0,36.0,7.0,1.0,26357.0,23073.0,233.0,247.0,184.4375,753.0,41430.0,414.2999999999999,100.0,1000,0,1000,0.1076632090844214,917,0,0,0,0,0,0,0,0,0,1,0,0,1,2,1,41,0,0,0,0,0,0,0,0,1,0,0,0,0,0,0,36,0.9519560933113098,-0.0011886871652677655,1.9170658588409424,0.2912837862968445,0.018498
428,49078.0,559.0,49637.0,49637.0,0.9887382396196386,11.0,0.011,79.0,41178.0,38.0,41.0,3.0,8.0,24297.0,24781.0,683.0,394.0,317.0,606.0,41178.0,411.77999999999986,100.0,1000,0,1000,0.10767479205969721,921,0,0,0,0,0,0,0,0,0,1,0,0,0,0,3,34,0,0,0,0,0,0,0,0,0,0,0,0,0,0,1,40,1.3271169662475586,0.10048860311508179,2.463663101196289,0.2817007303237915,0.018471
429,48805.0,1036.0,49841.0,49841.0,0.9792139002026444,21.0,0.021,78.0,41005.0,42.0,36.0,4.0,17.0,24388.0,24417.0,481.0,963.0,519.0,37.0,41005.0,410.0499999999992,100.0,1000,0,1000,0.1074444999685511,920,0,0,0,0,0,0,1,0,0,0,0,0,0,1,3,37,0,0,0,0,0,0,0,0,0,0,0,0,0,0,2,36,1.0881645679473877,0.07165394723415375,2.044449806213379,0.30981892347335815,0.018444
430,49004.0,1074.0,50078.0,50078.0,0.978553456607692,18.0,0.018,79.0,41104.0,38.0,41.0,9.0,9.0,24089.0,24915.0,550.0,878.0,450.0,122.0,41104.0,411.0400000000003,100.0,1000,0,1000,0.10829608398489654,917,0,0,0,0,0,0,0,0,1,0,1,0,0,3,3,33,0,0,0,0,0,0,0,0,0,0,0,0,0,0,0,42,0.5147532820701599,-0.03240568935871124,1.1037236452102661,0.2553560733795166,0.018417
431,48691.0,1220.0,49911.0,49911.0,0.9755564905531847,23.0,0.023,77.0,40991.0,38.0,39.0,16.0,7.0,24279.0,24412.0,631.0,775.0,369.0,225.0,40991.0,409.9099999999998,100.0,1000,0,1000,0.10772775008808821,921,0,0,0,0,0,0,0,0,0,0,0,0,0,0,3,36,0,0,0,1,0,0,0,0,0,0,0,0,0,0,1,38,0.8606760501861572,-0.0035848442930728197,1.738764762878418,0.27849292755126953,0.018389999999999997
432,47521.0,1715.0,49236.0,49236.0,0.9651677634251361,25.0,0.025,72.0,40321.0,35.0,37.0,10.0,15.0,24394.0,23127.0,903.0,867.875,97.0,132.125,40321.0,403.2100000000002,100.0,1000,1,999,0.10873308300506324,928,0,0,0,0,0,0,0,1,0,0,0,0,0,2,0,32,0,0,0,1,0,0,0,0,0,0,0,0,0,0,2,34,1.3319453001022339,0.07103122025728226,2.5324292182922363,0.2886511981487274,0.018362999999999997
433,47354.0,2386.0,49740.0,49740.0,0.9520305589063128,40.0,0.04,69.0,40454.0,34.0,35.0,22.0,18.0,22635.0,24719.0,739.0,390.0,261.0,610.0,40454.0,404.54000000000036,100.0,1000,1,999,0.10792916698846966,928,0,0,0,0,0,1,0,0,0,1,1,0,0,1,1,32,0,0,0,0,0,0,0,0,0,0,0,0,0,0,0,35,1.1862976551055908,0.039151694625616074,2.306424856185913,0.33084893226623535,0.018335999999999998
434,48930.0,1700.0,50630.0,50630.0,0.9664230693264863,34.0,0.034,76.0,41330.0,39.0,37.0,10.0,24.0,23717.0,25213.0,616.0,233.0,384.0,767.0,41330.0,413.2999999999996,100.0,1000,0,1000,0.10858708305750042,924,0,0,0,0,0,0,0,0,0,0,0,0,0,2,1,36,0,0,0,0,0,0,0,0,0,0,0,0,0,0,1,36,1.2850178480148315,0.08034704625606537,2.420151710510254,0.2952118217945099,0.018309
435,49527.0,1084.0,50611.0,50611.0,0.9785817312441959,22.0,0.022,78.0,41727.0,36.0,42.0,15.0,7.0,23673.0,25854.0,1000.0,669.0,0.0,331.0,41727.0,417.2699999999999,100.0,1000,1,999,0.10748041700571775,920,0,0,0,0,0,0,0,0,0,0,0,0,1,1,2,32,0,0,1,0,0,0,0,0,0,0,0,0,0,0,0,43,0.8643780946731567,-0.041767287999391556,1.823103427886963,0.29571717977523804,0.018282
436,47518.0,2284.0,49802.0,49802.0,0.9541383880165455,44.0,0.044,69.0,40618.0,32.0,37.0,42.0,2.0,23121.0,24397.0,624.3125,776.0,375.6875,224.0,40618.0,406.18000000000035,100.0,1000,0,1000,0.10924916702788323,927,0,0,0,0,0,0,0,0,0,0,0,0,0,1,1,32,0,0,0,0,0,0,0,0,0,0,0,0,0,0,0,39,1.0048370361328125,0.03650305047631264,1.948986530303955,0.3374060392379761,0.018255
437,48622.0,2186.0,50808.0,50808.0,0.9569752794835459,39.0,0.039,73.0,41322.0,39.0,34.0,20.0,19.0,24342.0,24280.0,829.0,203.0,171.0,797.0,41322.0,413.2199999999991,100.0,1000,1,999,0.10823604092001915,926,0,0,0,0,0,0,0,0,0,0,0,0,0,2,2,36,0,0,0,0,0,0,0,0,0,0,0,0,0,0,0,34,0.41350114345550537,-0.10248079150915146,1.0434156656265259,0.3141258955001831,0.018228
438,47994.0,2462.0,50456.0,50456.0,0.9512050103060092,46.0,0.046,69.0,41094.0,34.0,35.0,18.0,28.0,22488.0,25506.0,495.0,46.0,505.0,954.0,41094.0,410.9399999999992,100.0,1000,1,999,0.10882654204033315,930,0,0,0,0,1,0,0,0,0,0,0,0,0,4,0,29,0,0,0,0,0,0,0,0,0,0,0,0,0,0,0,36,0.47789251804351807,-0.04213438183069229,1.0531268119812012,0.3591286838054657,0.018201
439,47966.0,1707.0,49673.0,49673.0,0.9656352545648541,25.0,0.025,74.0,40566.0,35.0,39.0,16.0,9.0,22908.0,25058.0,213.75,742.0,786.25,258.0,40566.0,405.66000000000037,100.0,1000,3,997,0.10779529204592109,921,0,0,0,0,0,0,0,0,0,0,0,0,0,1,3,33,0,0,0,0,0,0,0,0,0,0,1,0,0,0,0,41,1.0764063596725464,0.021716773509979248,2.1217610836029053,0.3406461179256439,0.018174
440,48053.0,1131.0,49184.0,49184.0,0.9770047169811321,18.0,0.018,76.0,40453.0,36.0,40.0,14.0,4.0,24554.0,23499.0,584.0,392.0,416.0,608.0,40453.0,404.52999999999906,100.0,1000,1,999,0.10813275002874434,922,0,0,0,0,0,0,0,0,0,1,0,0,0,2,0,35,0,0,1,0,0,0,0,0,0,0,0,0,0,0,1,38,0.8673980832099915,0.006451467052102089,1.7339098453521729,0.33109280467033386,0.018146999999999996
441,50367.0,782.0,51149.0,51149.0,0.9847113335549083,13.0,0.013,81.0,42267.0,38.0,43.0,6.0,7.0,25040.0,25327.0,718.0,855.0,282.0,145.0,42267.0,422.66999999999973,100.0,1000,1,999,0.1085536670871079,915,0,0,0,0,0,0,0,0,0,0,1,0,0,0,0,37,0,0,0,0,0,0,0,0,0,0,1,0,0,0,1,45,0.7948898077011108,0.03425129875540733,1.5321731567382812,0.3006661534309387,0.018119999999999997
442,47956.0,586.0,48542.0,48542.0,0.9879279798937003,12.0,0.012,78.0,40156.0,36.0,42.0,10.0,2.0,24199.0,23757.0,134.0,813.0,866.0,187.0,40156.0,401.56000000000006,100.0,1000,0,1000,0.10836058401037008,917,0,0,0,0,0,0,0,0,0,0,0,1,0,1,3,33,0,0,0,0,0,0,0,0,0,0,0,0,0,0,1,44,0.870521068572998,0.012074293568730354,1.728118658065796,0.3102059066295624,0.018092999999999998
443,48654.0,2148.0,50802.0,50802.0,0.9577182000708634,33.0,0.033,78.0,40854.0,41.0,37.0,11.0,22.0,24278.0,24376.0,771.125,607.0,228.875,393.0,40854.0,408.5399999999998,100.0,1000,1,999,0.10771029198076576,918,0,0,0,0,0,0,0,0,0,0,0,0,1,4,1,37,0,0,0,0,0,0,0,0,0,1,0,0,0,0,0,38,0.9030213952064514,-0.006191045045852661,1.831628441810608,0.3654228746891022,0.018066
444,48565.0,1116.0,49681.0,49681.0,0.977536684044202,22.0,0.022,80.0,40565.0,45.0,35.0,0.0,22.0,23687.0,24878.0,73.25,396.0,0.0,604.0,40565.0,405.64999999999986,100.0,1000,0,1000,0.10873991600237787,917,0,0,0,0,0,0,0,1,0,0,0,0,0,3,1,40,0,0,0,0,0,0,0,1,0,0,0,0,1,1,0,35,0.7677401900291443,0.04420684278011322,1.4593231678009033,0.33972346782684326,0.018039
445,46736.0,1011.0,47747.0,47747.0,0.978825894820617,18.0,0.018,75.0,39236.0,37.0,38.0,5.0,13.0,22600.0,24136.0,380.0,889.0,620.0,111.0,39236.0,392.3600000000004,100.0,1000,0,1000,0.11606745806057006,925,0,0,0,0,0,1,0,0,0,0,0,0,0,2,0,34,0,0,0,0,0,0,0,0,0,0,0,0,0,0,0,38,0.9223893880844116,0.019263548776507378,1.8174296617507935,0.31029418110847473,0.018012
446,48654.0,1057.0,49711.0,49711.0,0.9787371004405464,19.0,0.019,79.0,40754.0,37.0,42.0,13.0,6.0,22935.0,25719.0,599.0,915.0,401.0,85.0,40754.0,407.5400000000005,100.0,1000,0,1000,0.11709166597574949,919,0,0,0,0,0,0,0,0,0,0,0,0,0,1,1,35,0,0,0,0,0,0,0,0,0,0,0,0,0,0,0,44,0.27163219451904297,-0.03563820943236351,0.6248599290847778,0.2868810296058655,0.017985
447,48033.0,999.0,49032.0,49032.0,0.9796255506607929,12.0,0.012,71.0,40933.0,34.0,37.0,6.0,6.0,23527.0,24506.0,215.0,751.0,785.0,249.0,40933.0,409.3300000000001,100.0,1000,1,999,0.11695225001312792,927,0,0,0,0,0,0,0,0,0,0,0,1,0,1,0,33,0,0,0,0,0,0,0,0,0,0,0,0,0,0,1,37,1.0851526260375977,-0.005759268067777157,2.193889617919922,0.33594873547554016,0.017958
448,49405.0,937.0,50342.0,50342.0,0.9813873107941679,15.0,0.015,80.0,41405.0,42.0,38.0,8.0,7.0,25322.0,24083.0,595.0,786.0,405.0,214.0,41405.0,414.05000000000024,100.0,1000,0,1000,0.11471175006590784,918,0,0,0,0,0,0,0,0,0,0,0,1,0,4,2,36,0,0,0,0,0,0,0,0,0,0,0,0,0,0,2,37,0.7058857679367065,-0.0707508996129036,1.563246488571167,0.278097540140152,0.017931
449,48206.0,1466.0,49672.0,49672.0,0.9704863907231438,19.0,0.019,72.0,41006.0,40.0,32.0,11.0,8.0,25571.0,22635.0,323.0,896.0,677.0,104.0,41006.0,410.05999999999966,100.0,1000,2,998,0.11021491698920727,927,0,0,0,0,0,1,0,0,0,0,0,0,0,1,2,36,0,0,0,0,0,0,0,0,0,0,0,0,0,0,0,33,0.4808599054813385,-0.017319921404123306,1.0057704448699951,0.2628120481967926,0.017903999999999996
450,48337.0,2578.0,50915.0,50915.0,0.9493665913777866,37.0,0.037,74.0,40937.0,39.0,35.0,15.0,22.0,24093.0,24244.0,442.0,502.0,558.0,498.0,40937.0,409.3699999999994,100.0,1000,2,998,0.10765645909123123,924,0,0,0,0,0,0,0,0,0,0,0,1,0,1,2,36,0,0,0,0,0,0,0,0,0,0,1,0,0,0,1,34,1.0988601446151733,0.08260826766490936,2.0418143272399902,0.260407030582428,0.017876999999999997
451,47489.0,2073.0,49562.0,49562.0,0.9581736007425043,33.0,0.033,70.0,40489.0,33.0,37.0,3.0,30.0,21450.0,26039.0,757.0,317.0,243.0,70.0,40489.0,404.89000000000016,100.0,1000,0,1000,0.10831012495327741,927,0,0,0,0,0,0,0,0,0,0,0,0,0,2,4,28,1,0,0,0,0,0,0,0,1,0,0,0,0,0,0,37,1.4995933771133423,0.0725461021065712,2.8650612831115723,0.3071916401386261,0.017849999999999998
452,47891.0,1054.0,48945.0,48945.0,0.9784656246807641,18.0,0.018,70.0,40891.0,36.0,34.0,12.0,6.0,25154.0,22737.0,570.0,873.0,430.0,127.0,40891.0,408.9099999999998,100.0,1000,0,1000,0.10798404098022729,928,0,0,0,0,0,0,0,0,0,0,0,0,0,1,2,35,0,0,0,0,0,0,0,1,0,0,0,0,0,0,0,33,0.5021212100982666,-0.027242593467235565,1.0684279203414917,0.2721274197101593,0.017823
453,49061.0,2421.0,51482.0,51482.0,0.9529738549395905,43.0,0.043,72.0,41861.0,38.0,34.0,21.0,22.0,25757.0,23304.0,747.0,1000.0,253.0,0.0,41861.0,418.6100000000007,100.0,1000,0,1000,0.10917116701602936,928,0,0,0,0,0,0,0,0,0,0,0,0,0,2,2,34,0,0,0,0,0,0,0,0,0,0,0,0,0,0,0,34,1.1437374353408813,-0.00126155954785645,2.299361228942871,0.2630666196346283,0.017796
454,47830.0,2355.0,50185.0,50185.0,0.9530736275779615,42.0,0.042,66.0,41230.0,34.0,32.0,27.0,15.0,23548.0,24282.0,9.0,809.0,991.0,191.0,41230.0,412.3000000000003,100.0,1000,0,1000,0.10845891700591892,934,0,0,0,0,0,0,0,0,0,0,1,0,0,2,3,28,0,0,0,0,0,0,0,0,0,0,0,0,0,0,0,32,1.5715739727020264,0.06795302033424377,3.0204105377197266,0.3705492913722992,0.017769
455,49612.0,1268.0,50880.0,50880.0,0.9750786163522013,25.0,0.025,80.0,41612.0,44.0,36.0,8.0,17.0,25729.0,23883.0,371.0,781.0,629.0,219.0,41612.0,416.12000000000006,100.0,1000,1,999,0.10906191600952297,917,0,0,0,0,1,0,0,1,0,0,0,1,1,2,1,39,0,0,0,0,0,0,0,1,0,0,0,0,0,0,1,35,1.4736216068267822,0.07676083594560623,2.8051979541778564,0.323425829410553,0.017742
456,49172.0,1290.0,50462.0,50462.0,0.9744362094249138,20.0,0.02,75.0,41672.0,38.0,37.0,10.0,10.0,25064.0,24108.0,87.5,910.0,0.0,90.0,41672.0,416.71999999999974,100.0,1000,1,999,0.10858624998945743,923,0,0,0,0,0,0,0,0,0,0,0,0,0,1,3,34,0,0,0,0,0,0,0,0,0,0,0,0,0,0,2,37,1.3018004894256592,-0.03771910071372986,2.6890265941619873,0.28188902139663696,0.017714999999999998
457,48238.0,2010.0,50248.0,50248.0,0.9599984078968317,34.0,0.034,73.0,40938.0,42.0,31.0,2.0,32.0,24623.0,23615.0,35.0,813.0,0.0,187.0,40938.0,409.3799999999989,100.0,1000,2,998,0.10874420800246298,927,0,0,0,0,0,0,0,0,0,0,0,0,0,0,0,42,0,0,0,0,0,0,0,0,0,0,0,1,0,0,0,30,0.5261421203613281,-0.059788718819618225,1.1847559213638306,0.36449170112609863,0.017688
458,47835.0,1105.0,48940.0,48940.0,0.9774213322435635,20.0,0.02,69.0,40935.0,35.0,34.0,11.0,9.0,24490.0,23345.0,635.0,249.0,365.0,751.0,40935.0,409.35000000000053,100.0,1000,0,1000,0.10810279101133347,929,0,0,0,0,0,0,1,0,0,0,0,0,0,2,1,32,0,0,0,0,0,0,0,0,0,0,0,0,0,0,0,35,0.34719908237457275,-0.06021765619516373,0.8256539702415466,0.30633828043937683,0.017660999999999996
459,49640.0,855.0,50495.0,50495.0,0.9830676304584612,11.0,0.011,79.0,41740.0,38.0,41.0,4.0,7.0,24970.0,24670.0,592.0,933.0,408.0,67.0,41740.0,417.3999999999996,100.0,1000,0,1000,0.10754875000566244,920,0,0,0,0,0,0,0,0,0,0,0,0,0,2,1,35,0,0,0,0,0,0,0,0,0,0,0,0,0,0,0,42,0.9087096452713013,0.016216926276683807,1.794916033744812,0.28157684206962585,0.017633999999999997
460,46328.0,1534.0,47862.0,47862.0,0.9679495215410974,34.0,0.034,75.0,38828.0,39.0,36.0,7.0,27.0,22881.0,23447.0,372.0,703.0,628.0,297.0,38828.0,388.28,100.0,1000,1,999,0.10791450005490333,925,0,0,0,0,0,0,0,0,0,0,0,0,1,0,3,35,0,0,0,0,0,0,0,0,0,0,0,0,0,0,1,35,1.073893427848816,0.13757561147212982,1.882773518562317,0.2878890633583069,0.017606999999999998
461,48613.0,1596.0,50209.0,50209.0,0.9682128702025533,28.0,0.028,70.0,41613.0,34.0,36.0,16.0,12.0,24416.0,24197.0,775.0,667.0,225.0,333.0,41613.0,416.1299999999996,100.0,1000,1,999,0.10886308294720948,928,0,0,0,0,0,0,0,0,0,0,1,0,0,2,2,31,0,0,0,0,0,0,0,0,0,0,0,0,0,0,0,36,0.9598844051361084,-0.016039051115512848,1.964113712310791,0.34888333082199097,0.01758
462,48922.0,1376.0,50298.0,50298.0,0.9726430474372738,19.0,0.019,75.0,41422.0,38.0,37.0,14.0,5.0,25025.0,23897.0,814.0,185.0,186.0,815.0,41422.0,414.2199999999998,100.0,1000,0,1000,0.10859345796052366,922,0,0,0,0,0,0,0,0,0,0,0,0,0,0,2,37,0,0,0,1,0,0,0,0,0,0,0,0,0,0,0,38,0.5392231941223145,0.022848209366202354,1.0442523956298828,0.3276473879814148,0.017553
463,50217.0,1568.0,51785.0,51785.0,0.9697209616684368,17.0,0.017,83.0,41917.0,41.0,42.0,14.0,3.0,25512.0,24705.0,800.0,459.0,200.0,541.0,41917.0,419.1700000000003,100.0,1000,1,999,0.10790912504307926,914,0,0,1,0,0,0,0,0,0,0,0,0,0,3,1,36,0,0,0,0,0,0,0,0,0,0,0,0,0,0,0,45,0.7287857532501221,-0.023536106571555138,1.513810634613037,0.26152554154396057,0.017526
464,47510.0,2398.0,49908.0,49908.0,0.9519515909273062,34.0,0.034,73.0,40210.0,35.0,38.0,8.0,26.0,22629.0,24881.0,881.0,814.0,119.0,186.0,40210.0,402.0999999999995,100.0,1000,1,999,0.10834483301732689,924,0,0,0,0,0,1,0,0,0,0,1,0,1,2,0,31,0,0,0,0,0,0,0,0,0,0,0,0,1,0,0,39,0.572378933429718,-0.04824143275618553,1.251539707183838,0.29427456855773926,0.017499
465,48688.0,1669.0,50357.0,50357.0,0.9668566435649463,28.0,0.028,71.0,41588.0,38.0,33.0,9.0,19.0,24026.0,24662.0,638.0,826.0,362.0,174.0,41588.0,415.88000000000005,100.0,1000,0,1000,0.10789541597478092,928,0,0,0,0,0,0,0,0,0,0,1,0,0,1,1,36,0,0,0,0,0,0,0,0,0,0,0,0,0,0,0,33,0.6793295741081238,-0.009036215953528881,1.3878463506698608,0.31807345151901245,0.017471999999999998
466,49119.0,799.0,49918.0,49918.0,0.9839937497495893,15.0,0.015,81.0,41019.0,41.0,40.0,11.0,4.0,24902.0,24217.0,645.0,816.0,355.0,184.0,41019.0,410.1899999999998,100.0,1000,0,1000,0.10954691597726196,915,0,0,0,0,0,0,0,0,0,0,0,0,0,3,2,36,0,0,0,0,0,0,0,0,0,0,0,0,0,0,1,43,0.8405553102493286,0.05492918938398361,1.5802134275436401,0.2568422853946686,0.017445
467,50108.0,1293.0,51401.0,51401.0,0.9748448473765102,25.0,0.025,75.0,42608.0,39.0,36.0,20.0,5.0,25848.0,24260.0,817.0,517.0,183.0,483.0,42608.0,426.0800000000001,100.0,1000,0,1000,0.1081322500249371,925,0,0,0,0,0,0,0,0,0,0,0,0,1,2,0,36,0,0,0,0,0,0,0,0,0,0,0,1,1,0,3,31,1.2403885126113892,0.0392773263156414,2.4118292331695557,0.27577367424964905,0.017417999999999996
468,48296.0,1807.0,50103.0,50103.0,0.9639342953515757,26.0,0.026,70.0,41296.0,38.0,32.0,18.0,8.0,25157.0,23139.0,726.0,645.0,274.0,355.0,41296.0,412.95999999999947,100.0,1000,0,1000,0.10842245793901384,929,0,0,0,0,0,0,0,0,0,1,0,0,0,3,2,33,0,0,0,0,0,0,0,0,0,0,0,0,0,0,0,32,1.361439824104309,0.07751303166151047,2.5790882110595703,0.3229999542236328,0.017390999999999997
469,48130.0,2019.0,50149.0,50149.0,0.9597399748748728,36.0,0.036,74.0,40730.0,36.0,38.0,18.0,18.0,22907.0,25223.0,1.0,929.0,0.0,71.0,40730.0,407.29999999999995,100.0,1000,1,999,0.10762716608587652,925,0,0,0,0,0,0,0,0,1,0,1,1,0,5,0,29,0,0,0,0,0,0,0,0,0,0,0,0,0,0,0,38,0.8766902685165405,-0.04855399578809738,1.861223578453064,0.30911675095558167,0.017363999999999997
470,50563.0,579.0,51142.0,51142.0,0.9886785812052716,9.0,0.009,77.0,42863.0,40.0,37.0,4.0,5.0,25196.0,25367.0,742.0615234375,850.0,257.9384765625,150.0,42863.0,428.6300000000003,100.0,1000,1,999,0.10890633298549801,920,0,0,0,0,0,0,0,0,0,0,0,1,1,5,3,30,0,0,0,0,0,0,0,0,0,0,0,0,0,0,2,38,1.0783207416534424,-0.006034509744495153,2.1802220344543457,0.3319954574108124,0.017336999999999998
471,49575.0,1432.0,51007.0,51007.0,0.9719254220009018,23.0,0.023,80.0,41575.0,39.0,41.0,10.0,13.0,23219.0,26356.0,516.0,611.0,484.0,389.0,41575.0,415.7500000000007,100.0,1000,1,999,0.10815766698215157,917,0,0,0,0,0,0,0,0,0,0,0,0,0,2,1,37,0,0,0,0,0,0,0,1,0,0,0,0,0,0,0,42,1.0619440078735352,0.08217237144708633,1.9695508480072021,0.28907275199890137,0.01731
472,47985.0,1270.0,49255.0,49255.0,0.9742158156532331,21.0,0.021,75.0,40485.0,37.0,38.0,8.0,13.0,23725.0,24260.0,310.0,617.0,690.0,383.0,40485.0,404.8500000000006,100.0,1000,0,1000,0.10891658300533891,923,0,0,0,0,0,0,0,0,0,0,0,0,0,3,2,32,0,0,0,0,0,0,0,0,0,0,0,0,0,0,0,40,0.7411584854125977,0.031240250915288925,1.429540991783142,0.2807523012161255,0.017283
473,47695.0,840.0,48535.0,48535.0,0.9826929020294632,12.0,0.012,73.0,40395.0,39.0,34.0,3.0,9.0,23795.0,23900.0,867.0,195.0,133.0,805.0,40395.0,403.9500000000003,100.0,1000,0,1000,0.10835120803676546,924,0,0,0,0,0,0,0,0,0,0,0,0,0,3,2,34,0,0,0,0,0,0,0,0,0,0,0,1,1,0,2,33,0.7827354669570923,-0.047209542244672775,1.6700537204742432,0.294498085975647,0.017256
474,49451.0,1592.0,51043.0,51043.0,0.968810610661599,30.0,0.03,76.0,41851.0,38.0,38.0,11.0,19.0,25828.0,23623.0,619.0,977.0,381.0,23.0,41851.0,418.5099999999999,100.0,1000,1,999,0.10797025007195771,921,0,0,0,0,0,0,0,0,0,0,0,0,0,1,1,37,0,0,0,1,0,0,0,1,0,0,0,0,1,0,0,37,1.0552866458892822,-0.0027269036509096622,2.127286195755005,0.3267456293106079,0.017229
475,45332.0,2346.0,47678.0,47678.0,0.9507949158941231,31.0,0.031,70.0,38332.0,34.0,36.0,20.0,11.0,22367.0,22965.0,933.0,760.0,67.0,179.0,38332.0,383.31999999999937,100.0,1000,2,998,0.10896887502167374,927,0,0,0,0,0,0,0,0,0,1,0,0,0,6,2,27,0,0,0,0,0,0,0,0,0,0,0,0,0,0,0,37,0.834492564201355,-0.00659947469830513,1.6922284364700317,0.2919515371322632,0.017202000000000002
476,48652.0,1614.0,50266.0,50266.0,0.9678908208331676,22.0,0.022,69.0,41752.0,33.0,36.0,14.0,8.0,24967.0,23685.0,781.0,589.0,219.0,411.0,41752.0,417.52000000000083,100.0,1000,1,999,0.1078808750025928,926,0,0,0,0,0,0,0,0,0,0,0,0,1,4,2,27,0,0,0,0,0,0,0,0,0,0,0,0,0,0,2,38,1.010470986366272,-0.03886187821626663,2.10982346534729,0.3248250186443329,0.017175
477,48393.0,746.0,49139.0,49139.0,0.9848185758765949,13.0,0.013,75.0,40893.0,40.0,35.0,7.0,6.0,25190.0,23203.0,687.0,562.0,313.0,438.0,40893.0,408.92999999999984,100.0,1000,2,998,0.10785366699565202,924,0,0,0,0,0,0,0,0,0,0,1,0,1,2,2,34,0,0,0,0,0,0,0,0,0,0,0,0,0,0,0,36,0.9898561835289001,-0.027333363890647888,2.042931318283081,0.24936582148075104,0.017148
478,49655.0,1244.0,50899.0,50899.0,0.9755594412463899,22.0,0.022,74.0,42255.0,36.0,38.0,15.0,7.0,23620.0,26035.0,936.0,260.0,64.0,740.0,42255.0,422.54999999999995,100.0,1000,2,998,0.10849870811216533,925,0,0,0,0,0,0,0,0,0,0,0,0,1,1,3,32,0,0,0,0,0,0,0,0,0,0,1,0,0,1,1,35,0.9454305768013,0.07922941446304321,1.7412270307540894,0.2577163875102997,0.017120999999999997
479,46039.0,3603.0,49642.0,49642.0,0.927420329559647,62.0,0.062,65.0,39539.0,32.0,33.0,25.0,37.0,22431.0,23608.0,2.0,966.0,998.0,34.0,39539.0,395.3899999999995,100.0,1000,0,1000,0.10887245903722942,933,0,0,0,0,0,1,0,0,0,0,0,0,0,4,2,26,0,0,0,0,0,0,0,0,0,0,0,0,0,0,2,32,0.46843624114990234,-0.06597249209880829,1.080098271369934,0.3299631178379059,0.017093999999999998
480,49893.0,575.0,50468.0,50468.0,0.9886066418324483,12.0,0.012,73.0,42593.0,36.0,37.0,4.0,8.0,24543.0,25350.0,495.0,701.0,505.0,299.0,42593.0,425.9299999999995,100.0,1000,0,1000,0.1080182499717921,926,0,0,0,0,0,0,0,0,0,0,0,0,0,3,0,33,0,0,0,0,0,0,0,0,0,0,0,0,1,0,0,37,0.6864370703697205,0.041486937552690506,1.2998859882354736,0.2925422191619873,0.017067
481,47122.0,673.0,47795.0,47795.0,0.9859190291871535,8.0,0.008,77.0,39422.0,40.0,37.0,2.0,6.0,23883.0,23239.0,332.0,779.0,668.0,221.0,39422.0,394.2199999999992,100.0,1000,1,999,0.10790129203815013,922,0,0,0,0,0,0,0,0,0,0,0,0,0,2,1,37,0,0,0,0,0,0,0,0,0,0,0,0,0,0,2,36,0.6869961619377136,-0.06276625394821167,1.5080530643463135,0.25024092197418213,0.01704
482,46354.0,1783.0,48137.0,48137.0,0.962959885327295,31.0,0.031,72.0,39154.0,39.0,33.0,3.0,28.0,21667.0,24687.0,468.0,391.0,532.0,609.0,39154.0,391.53999999999945,100.0,1000,0,1000,0.10892420797608793,927,1,0,0,0,0,0,0,0,0,0,0,1,0,6,3,28,0,0,0,0,0,0,0,0,0,0,0,0,0,0,1,33,0.9911165237426758,0.03187597170472145,1.9280877113342285,0.28232961893081665,0.017013
483,50104.0,2020.0,52124.0,52124.0,0.9612462589210344,30.0,0.03,71.0,43004.0,33.0,38.0,13.0,17.0,24007.0,26097.0,644.0,251.0,356.0,749.0,43004.0,430.03999999999934,100.0,1000,0,1000,0.10758874996099621,929,0,0,0,0,0,0,0,0,0,0,0,0,1,5,0,27,0,0,0,0,0,0,0,0,0,0,0,0,0,0,1,37,0.31633156538009644,-0.046458180993795395,0.7363336682319641,0.3165605366230011,0.016986
484,48485.0,1462.0,49947.0,49947.0,0.9707289727110737,25.0,0.025,74.0,41085.0,38.0,36.0,12.0,13.0,25136.0,23349.0,952.0,349.0,48.0,651.0,41085.0,410.8500000000006,100.0,1000,0,1000,0.1080946660367772,923,0,0,0,0,0,0,0,0,0,0,0,0,0,7,2,30,0,0,0,0,0,0,0,0,0,0,0,0,0,0,2,36,0.591141402721405,-0.04875033348798752,1.2903634309768677,0.31192782521247864,0.016959000000000002
485,48931.0,885.0,49816.0,49816.0,0.9822346234141641,16.0,0.016,71.0,41831.0,32.0,39.0,10.0,6.0,23654.0,25277.0,201.0,415.0,799.0,585.0,41831.0,418.31000000000023,100.0,1000,1,999,0.10811616701539606,927,0,0,0,0,0,0,0,0,0,0,0,0,0,3,2,27,0,0,0,0,0,0,0,0,0,0,0,0,0,0,1,40,1.7434492111206055,0.18907217681407928,3.120079278945923,0.33442872762680054,0.016932
486,49551.0,987.0,50538.0,50538.0,0.980470141279829,17.0,0.017,75.0,42051.0,37.0,38.0,2.0,15.0,24177.0,25374.0,683.0,747.0,317.0,253.0,42051.0,420.51000000000033,100.0,1000,0,1000,0.10884362505748868,922,0,0,0,0,0,0,0,0,0,0,0,0,0,7,4,28,0,0,0,0,0,0,0,1,0,0,0,0,0,0,0,38,0.8417873382568359,0.00933991651982069,1.674659252166748,0.28880196809768677,0.016905
487,47025.0,2836.0,49861.0,49861.0,0.9431218788231283,35.0,0.035,69.0,40125.0,35.0,34.0,14.0,21.0,23976.0,23049.0,935.0,767.0,65.0,233.0,40125.0,401.2499999999992,100.0,1000,2,998,0.10837637505028397,929,0,0,0,0,0,1,0,0,0,0,1,0,0,5,1,28,0,0,0,0,0,0,0,0,0,0,0,0,1,0,0,34,1.5705605745315552,0.09233948588371277,2.9667298793792725,0.3047694265842438,0.016877999999999997
488,47693.0,1880.0,49573.0,49573.0,0.9620761301514937,35.0,0.035,71.0,40593.0,36.0,35.0,8.0,27.0,22849.0,24844.0,573.375,725.0,426.625,275.0,40593.0,405.93000000000023,100.0,1000,0,1000,0.10916937503498048,927,0,0,0,0,0,0,0,0,0,0,0,0,0,8,4,26,0,0,0,0,0,0,0,0,0,0,0,0,0,0,1,34,0.5814149975776672,0.005743532441556454,1.162445068359375,0.3294203281402588,0.016850999999999998
489,49910.0,780.0,50690.0,50690.0,0.9846123495758532,15.0,0.015,76.0,42310.0,36.0,40.0,6.0,9.0,25345.0,24565.0,501.0,847.0,499.0,153.0,42310.0,423.10000000000093,100.0,1000,0,1000,0.10773154103662819,924,0,0,0,0,0,0,0,0,0,0,0,0,0,7,0,29,0,0,0,0,0,1,0,0,0,0,0,0,0,1,0,38,0.8313643336296082,0.017700113356113434,1.6383731365203857,0.32824480533599854,0.016824
490,51884.0,743.0,52627.0,52627.0,0.9858817717141392,10.0,0.01,75.0,44384.0,36.0,39.0,6.0,4.0,25911.0,25973.0,862.0,604.0,138.0,396.0,44384.0,443.83999999999946,100.0,1000,0,1000,0.10773479205090553,925,0,0,0,0,0,0,0,0,0,0,0,0,0,4,0,32,0,0,0,0,0,0,0,1,0,0,0,0,0,0,0,38,0.5695866942405701,-0.08840960264205933,1.3267267942428589,0.31952717900276184,0.016797
491,49355.0,567.0,49922.0,49922.0,0.9886422819598574,11.0,0.011,75.0,41855.0,36.0,39.0,8.0,3.0,24469.0,24886.0,880.0,459.0,120.0,0.0,41855.0,418.5499999999999,100.0,1000,0,1000,0.10864070907700807,924,0,0,0,0,0,0,0,0,0,0,0,0,0,10,0,27,0,0,0,0,0,0,0,0,0,0,0,0,0,0,2,37,0.9610547423362732,0.011255819350481033,1.9105101823806763,0.32535266876220703,0.01677
492,48652.0,720.0,49372.0,49372.0,0.9854168354532934,15.0,0.015,75.0,41152.0,38.0,37.0,12.0,3.0,24680.0,23972.0,959.0,695.0,41.0,305.0,41152.0,411.51999999999987,100.0,1000,0,1000,0.10777845804113895,922,0,0,0,0,0,0,0,0,0,0,1,0,0,7,2,29,0,0,0,0,0,0,0,0,0,0,0,0,0,0,2,37,0.7938238978385925,0.03577766567468643,1.5263800621032715,0.30722329020500183,0.016743
493,48396.0,1564.0,49960.0,49960.0,0.9686949559647718,30.0,0.03,70.0,41396.0,35.0,35.0,19.0,11.0,24629.0,23767.0,675.125,599.0,324.875,401.0,41396.0,413.9600000000003,100.0,1000,1,999,0.10794329200871289,927,0,0,0,0,0,0,0,0,0,0,0,0,1,7,0,29,0,0,0,0,0,0,0,0,0,0,0,1,0,0,0,35,0.565162718296051,0.0073311589658260345,1.125768780708313,0.30227354168891907,0.016716
494,48622.0,695.0,49317.0,49317.0,0.9859074964008354,13.0,0.013,73.0,41322.0,37.0,36.0,7.0,6.0,24049.0,24573.0,346.0,516.0,654.0,484.0,41322.0,413.2199999999995,100.0,1000,0,1000,0.10799654200673103,925,0,0,0,0,0,0,0,0,0,0,0,0,0,12,1,24,0,0,1,0,0,0,0,0,0,0,0,0,0,0,0,37,0.3831057548522949,-0.03556017577648163,0.847486674785614,0.3042382299900055,0.016689
495,49331.0,924.0,50255.0,50255.0,0.9816137697741518,17.0,0.017,81.0,41231.0,44.0,37.0,5.0,12.0,25349.0,23982.0,691.0,542.0,309.0,458.0,41231.0,412.30999999999915,100.0,1000,0,1000,0.10782429203391075,917,0,0,0,0,0,0,0,0,0,1,0,0,0,9,1,34,0,0,0,0,0,0,0,0,0,0,0,0,0,0,0,38,0.7859002947807312,-0.06294231861829758,1.7067912817001343,0.27325791120529175,0.016662
496,49088.0,846.0,49934.0,49934.0,0.9830576360796252,16.0,0.016,77.0,41388.0,37.0,40.0,7.0,9.0,24334.0,24754.0,611.0,915.0,389.0,85.0,41388.0,413.8799999999997,100.0,1000,1,999,0.10909058304969221,919,0,0,0,0,0,0,0,0,0,0,0,0,0,6,2,31,0,0,0,0,0,0,0,0,0,0,0,0,0,0,1,41,0.7524374127388,-0.011081399396061897,1.5358353853225708,0.264436811208725,0.016634999999999997
497,48538.0,1037.0,49575.0,49575.0,0.9790821986888553,16.0,0.016,74.0,41138.0,37.0,37.0,10.0,6.0,24668.0,23870.0,842.0,388.0,158.0,612.0,41138.0,411.3800000000001,100.0,1000,1,999,0.10835833300370723,925,0,0,0,0,0,0,0,0,0,0,0,0,0,5,1,32,0,0,0,0,0,0,0,0,0,0,1,0,1,0,0,35,0.7916548848152161,0.09080629050731659,1.410634160041809,0.2690557539463043,0.016607999999999998
498,49034.0,839.0,49873.0,49873.0,0.9831772702664768,13.0,0.013,73.0,41734.0,35.0,38.0,4.0,9.0,23545.0,25489.0,327.625,226.0,672.375,774.0,41734.0,417.34000000000066,100.0,1000,1,999,0.10759237501770258,925,0,0,0,0,0,0,0,0,0,0,0,0,0,1,2,32,0,0,0,0,0,0,0,1,0,0,0,0,0,0,1,38,0.45955008268356323,-0.07364600896835327,1.0759608745574951,0.28854361176490784,0.016581
499,49541.0,791.0,50332.0,50332.0,0.9842843519033617,15.0,0.015,80.0,41541.0,36.0,44.0,8.0,7.0,23225.0,26316.0,702.0,455.0,298.0,545.0,41541.0,415.4100000000006,100.0,1000,0,1000,0.10794829193037003,918,0,0,0,0,0,0,0,0,0,0,0,0,0,4,2,31,0,0,0,0,0,0,0,0,0,0,0,0,0,0,0,45,0.5598986148834229,0.012417546473443508,1.1043967008590698,0.28496453166007996,0.016554
500,49084.0,1068.0,50152.0,50152.0,0.9787047375977029,17.0,0.017,76.0,41484.0,34.0,42.0,8.0,9.0,23899.0,25185.0,845.0,439.0,155.0,561.0,41484.0,414.84000000000043,100.0,1000,0,1000,0.10796933295205235,924,0,0,0,0,0,0,0,0,0,0,0,0,1,4,3,26,0,0,0,0,0,0,0,0,0,0,1,0,0,0,1,40,0.6507478356361389,-0.023634031414985657,1.3581942319869995,0.2853058874607086,0.016527
501,49469.0,1931.0,51400.0,51400.0,0.962431906614786,26.0,0.026,76.0,41869.0,32.0,44.0,21.0,5.0,24066.0,25403.0,586.0,778.0,414.0,222.0,41869.0,418.68999999999966,100.0,1000,1,999,0.10829566698521376,923,0,0,0,0,0,0,0,0,0,0,0,0,0,2,1,30,0,0,0,0,0,0,0,0,1,0,1,0,0,0,2,40,0.6229391694068909,-0.055232517421245575,1.3670594692230225,0.3247303068637848,0.0165
502,50238.0,257.0,50495.0,50495.0,0.9949103871670463,5.0,0.005,77.0,42538.0,36.0,41.0,4.0,1.0,24071.0,26167.0,70.0625,841.0,929.9375,159.0,42538.0,425.38,100.0,1000,0,1000,0.10889045801013708,922,0,0,0,0,0,0,0,0,0,0,1,0,1,4,0,30,0,0,0,0,0,0,0,0,0,0,0,0,0,0,0,42,0.668335497379303,0.04679718241095543,1.2534546852111816,0.31499966979026794,0.016473
503,49590.0,477.0,50067.0,50067.0,0.9904727664928995,10.0,0.01,80.0,41590.0,36.0,44.0,10.0,0.0,24782.0,24808.0,929.0,165.0,71.0,835.0,41590.0,415.9000000000002,100.0,1000,0,1000,0.10823145811446011,920,0,0,0,0,0,0,0,0,0,0,1,0,0,4,1,30,0,0,0,0,0,0,0,0,0,0,0,0,0,0,1,43,0.2353673130273819,-0.08830291032791138,0.6575198173522949,0.30947887897491455,0.016446
504,47791.0,811.0,48602.0,48602.0,0.9833134438911979,10.0,0.01,72.0,40591.0,34.0,38.0,7.0,3.0,23256.0,24535.0,331.375,761.0,668.625,239.0,40591.0,405.90999999999923,100.0,1000,0,1000,0.10900679102633148,927,0,0,0,0,0,0,0,0,0,0,0,1,1,1,2,29,0,0,0,0,0,0,0,1,0,0,0,0,0,0,1,37,1.093343734741211,0.06908448040485382,2.058593273162842,0.306804895401001,0.016419
505,48189.0,1067.0,49256.0,49256.0,0.9783376644469709,17.0,0.017,76.0,40589.0,34.0,42.0,8.0,9.0,21991.0,26198.0,479.0,852.0,521.0,148.0,40589.0,405.8899999999996,100.0,1000,1,999,0.10819529206492007,924,0,0,0,0,0,0,0,0,0,0,0,0,0,7,1,26,0,0,0,0,0,0,0,0,0,0,0,0,0,0,1,41,0.7561143636703491,-0.0022996272891759872,1.525935411453247,0.2778034806251526,0.016391999999999997
506,49758.0,417.0,50175.0,50175.0,0.9916890881913304,7.0,0.007,77.0,42058.0,36.0,41.0,6.0,1.0,24516.0,25242.0,802.0,469.0,198.0,531.0,42058.0,420.58,100.0,1000,0,1000,0.10892429202795029,918,0,0,0,0,0,0,0,0,0,0,0,0,0,3,0,35,0,0,0,0,0,0,0,0,0,0,0,0,0,0,0,44,0.17800942063331604,-0.06423484534025192,0.4934339225292206,0.2733086347579956,0.016364999999999998
507,50535.0,1269.0,51804.0,51804.0,0.9755038220986796,15.0,0.015,76.0,42935.0,36.0,40.0,4.0,11.0,25479.0,25056.0,202.0,923.0,798.0,0.0,42935.0,429.34999999999974,100.0,1000,1,999,0.10836829198524356,923,0,0,0,0,0,0,0,0,0,0,0,0,0,5,3,28,0,0,0,0,0,0,0,1,0,0,0,0,1,1,1,37,0.6638941168785095,-0.08574707061052322,1.5092178583145142,0.3040604293346405,0.016338
508,50445.0,1351.0,51796.0,51796.0,0.9739169047802919,16.0,0.016,78.0,42645.0,36.0,42.0,8.0,8.0,24264.0,26181.0,916.0,288.0,84.0,712.0,42645.0,426.44999999999936,100.0,1000,1,999,0.1073687500320375,920,0,0,0,0,0,0,0,0,0,0,0,0,0,3,2,31,0,0,0,0,0,0,0,0,0,0,0,0,0,1,1,42,0.8544378280639648,-0.020315054804086685,1.7570860385894775,0.2323663979768753,0.016311
509,48482.0,980.0,49462.0,49462.0,0.9801868100764223,19.0,0.019,72.0,41282.0,38.0,34.0,6.0,13.0,24072.0,24410.0,801.0,671.0,199.0,329.0,41282.0,412.8199999999996,100.0,1000,0,1000,0.10838229197543114,928,0,0,0,0,0,0,0,0,0,0,0,1,0,6,1,30,0,0,0,0,0,0,0,0,0,0,0,0,0,0,0,34,1.514729380607605,0.1811194270849228,2.675446033477783,0.252580851316452,0.016284
510,48828.0,2357.0,51185.0,51185.0,0.9539513529354303,39.0,0.039,74.0,41428.0,36.0,38.0,24.0,15.0,25397.0,23431.0,381.0,756.0,619.0,244.0,41428.0,414.2799999999998,100.0,1000,1,999,0.1085193749750033,926,0,0,0,0,0,0,0,0,0,1,0,1,0,5,5,24,0,0,0,0,0,0,0,1,0,0,0,0,0,0,1,36,1.2636750936508179,0.04828225076198578,2.4396700859069824,0.2732483744621277,0.016257
511,48417.0,2269.0,50686.0,50686.0,0.9552341869549777,40.0,0.04,66.0,41817.0,35.0,31.0,9.0,31.0,24385.0,24032.0,596.1015625,825.0,403.8984375,175.0,41817.0,418.1699999999999,100.0,1000,0,1000,0.10858762508723885,932,0,0,0,0,0,0,0,0,0,1,0,0,0,4,1,30,0,0,0,0,0,0,0,0,0,0,0,0,0,0,0,32,1.156283974647522,-0.013672234490513802,2.34969162940979,0.30126649141311646,0.01623
512,48244.0,1559.0,49803.0,49803.0,0.9686966648595466,24.0,0.024,68.0,41444.0,34.0,34.0,11.0,13.0,23514.0,24730.0,151.0,825.0,0.0,175.0,41444.0,414.4399999999998,100.0,1000,0,1000,0.10853166703600436,932,0,0,0,0,0,0,0,0,0,0,0,0,0,2,0,32,0,0,0,0,0,0,0,0,0,0,0,0,0,0,1,33,0.84070885181427,0.06827931851148605,1.5533589124679565,0.26229313015937805,0.016203
513,47949.0,1333.0,49282.0,49282.0,0.9729515847571121,20.0,0.02,70.0,40949.0,36.0,34.0,12.0,8.0,24835.0,23114.0,602.0,758.0,398.0,242.0,40949.0,409.4899999999998,100.0,1000,1,999,0.10881041700486094,930,0,0,0,0,0,0,0,0,1,0,0,1,0,3,1,30,0,0,0,0,0,0,0,0,0,0,0,0,1,0,0,33,0.842920184135437,-0.03337082266807556,1.7606717348098755,0.25005343556404114,0.016176
514,48161.0,2360.0,50521.0,50521.0,0.9532867520437046,38.0,0.038,69.0,41261.0,36.0,33.0,18.0,20.0,24934.0,23227.0,779.0,424.0,221.0,576.0,41261.0,412.6100000000003,100.0,1000,0,1000,0.10843537503387779,927,0,0,0,0,0,0,0,0,0,0,1,0,0,2,1,35,0,0,0,0,0,0,0,0,0,0,1,0,0,0,0,33,0.42193567752838135,-0.04317108914256096,0.9390398263931274,0.27327761054039,0.016148999999999997
515,48054.0,1950.0,50004.0,50004.0,0.96100311975042,39.0,0.039,66.0,41454.0,34.0,32.0,28.0,11.0,23565.0,24489.0,258.0,652.0,742.0,348.0,41454.0,414.54000000000013,100.0,1000,3,997,0.10863837506622076,933,0,0,0,0,2,0,0,0,0,0,0,0,0,2,2,29,0,0,0,0,0,0,0,0,0,0,0,0,0,0,0,32,0.2914985418319702,-0.0813976302742958,0.7554107308387756,0.29830044507980347,0.016121999999999997
516,47141.0,2543.0,49684.0,49684.0,0.9488165204089848,43.0,0.043,64.0,40741.0,35.0,29.0,21.0,22.0,24369.0,22772.0,648.25,318.0,351.75,682.0,40741.0,407.40999999999923,100.0,1000,1,999,0.10800812509842217,936,0,0,0,0,0,0,1,0,0,0,0,1,0,3,4,26,0,0,0,0,0,1,0,0,0,0,0,1,0,0,0,27,0.8250505328178406,-0.04826060310006142,1.757079005241394,0.32484087347984314,0.016094999999999998
517,50689.0,855.0,51544.0,51544.0,0.9834122303274871,18.0,0.018,73.0,43389.0,39.0,34.0,9.0,9.0,25679.0,25010.0,774.125,888.0,225.875,112.0,43389.0,433.8900000000004,100.0,1000,1,999,0.10805379098746926,926,0,0,0,0,0,0,0,0,0,0,0,0,0,4,0,36,0,0,0,0,0,0,0,0,0,0,0,1,0,0,0,33,1.508133888244629,0.1190744936466217,2.78621506690979,0.25193965435028076,0.016068
518,49262.0,1243.0,50505.0,50505.0,0.9753885753885754,20.0,0.02,70.0,42262.0,35.0,35.0,13.0,7.0,25533.0,23729.0,440.125,594.0,559.875,406.0,42262.0,422.6199999999998,100.0,1000,0,1000,0.10866975004319102,929,0,0,0,0,0,0,0,0,0,0,0,0,0,3,0,33,0,0,0,1,0,0,0,0,0,0,0,0,0,0,0,34,0.9376183152198792,-0.004800116177648306,1.8936781883239746,0.27558255195617676,0.016041
519,48693.0,1075.0,49768.0,49768.0,0.9783997749557949,19.0,0.019,71.0,41593.0,38.0,33.0,3.0,16.0,25054.0,23639.0,828.0,657.0,172.0,343.0,41593.0,415.92999999999995,100.0,1000,0,1000,0.10799499996937811,929,0,0,0,0,0,0,0,0,0,0,1,0,0,0,3,34,0,0,0,0,0,0,0,0,0,0,0,0,1,0,0,32,0.18212392926216125,-0.11999432742595673,0.6133609414100647,0.2848886251449585,0.016014
520,48929.0,1476.0,50405.0,50405.0,0.9707171907548854,21.0,0.021,71.0,41829.0,38.0,33.0,10.0,11.0,24029.0,24900.0,656.0,751.0,344.0,249.0,41829.0,418.2899999999997,100.0,1000,0,1000,0.10873599990736693,924,0,0,0,0,0,0,0,0,0,0,0,2,0,3,3,33,0,0,0,0,0,0,0,0,0,0,0,0,0,0,0,35,1.3734774589538574,0.014836333692073822,2.7268176078796387,0.29822081327438354,0.015986999999999998
521,48310.0,1584.0,49894.0,49894.0,0.9682526957149156,30.0,0.03,68.0,41510.0,35.0,33.0,15.0,15.0,24968.0,23342.0,405.0,448.0,595.0,552.0,41510.0,415.0999999999996,100.0,1000,1,999,0.10825804201886058,927,0,0,0,0,0,0,0,0,0,0,0,0,0,2,1,33,0,0,0,0,0,0,0,0,0,0,0,0,0,0,1,36,0.7762596011161804,0.016098326072096825,1.5298768281936646,0.2993179261684418,0.01596
522,48839.0,1619.0,50458.0,50458.0,0.9679139085972492,20.0,0.02,69.0,41939.0,36.0,33.0,13.0,7.0,24335.0,24504.0,386.0,123.0,614.0,877.0,41939.0,419.3899999999998,100.0,1000,1,999,0.10893400001805276,929,0,0,0,0,0,0,0,0,0,0,0,0,0,5,3,29,0,0,0,0,0,0,0,0,0,0,0,0,0,0,0,34,0.4177718758583069,-0.08013889193534851,1.006286859512329,0.32841673493385315,0.015933
523,48802.0,948.0,49750.0,49750.0,0.9809447236180905,13.0,0.013,75.0,41302.0,35.0,40.0,8.0,5.0,24053.0,24749.0,726.0,890.0,274.0,110.0,41302.0,413.01999999999987,100.0,1000,1,999,0.10816966695711017,920,0,0,0,1,0,0,0,0,0,0,0,0,0,4,1,32,0,0,0,0,0,0,0,1,0,0,0,0,0,0,0,41,1.1058429479599,0.02130643092095852,2.1789751052856445,0.3112628161907196,0.015905999999999997
524,48989.0,1217.0,50206.0,50206.0,0.9757598693383261,12.0,0.012,73.0,41689.0,37.0,36.0,6.0,6.0,24152.0,24837.0,364.0,860.0,39.75,140.0,41689.0,416.88999999999936,100.0,1000,0,1000,0.10883545794058591,923,0,0,0,0,0,0,0,0,0,0,0,0,0,2,7,30,0,0,0,0,0,0,0,0,0,0,0,0,0,0,0,38,0.5996530055999756,-0.10619980841875076,1.4213331937789917,0.30315423011779785,0.015878999999999997
525,49713.0,869.0,50582.0,50582.0,0.9828199754853505,17.0,0.017,70.0,42713.0,35.0,35.0,11.0,6.0,24239.0,25474.0,448.6875,610.0,551.3125,390.0,42713.0,427.13000000000034,100.0,1000,1,999,0.10788408305961639,927,0,0,0,0,0,0,0,0,0,0,0,0,0,2,1,34,0,0,0,0,0,0,0,0,0,0,0,0,0,0,0,36,0.2612587809562683,-0.07132906466722488,0.6753455400466919,0.3207748532295227,0.015851999999999998
526,50063.0,429.0,50492.0,50492.0,0.991503604531411,8.0,0.008,79.0,42163.0,41.0,38.0,1.0,7.0,24602.0,25461.0,585.0,285.0,415.0,715.0,42163.0,421.6299999999999,100.0,1000,0,1000,0.10843975003808737,919,0,0,0,0,0,0,0,0,0,0,0,0,0,2,0,39,0,0,0,0,0,0,1,0,0,0,0,0,0,0,0,39,0.8647544980049133,0.0031302396673709154,1.731551170349121,0.2623283267021179,0.015825
527,47374.0,816.0,48190.0,48190.0,0.9830670263540153,13.0,0.013,74.0,39974.0,38.0,36.0,5.0,8.0,22667.0,24707.0,917.0,594.0,83.0,406.0,39974.0,399.73999999999927,100.0,1000,0,1000,0.10819545795675367,924,0,0,0,0,0,0,0,0,0,0,0,0,0,1,1,37,0,0,0,0,0,0,0,0,0,0,0,0,0,0,0,37,1.1731711626052856,-0.005877474322915077,2.36637806892395,0.26207953691482544,0.015798
528,49094.0,449.0,49543.0,49543.0,0.9909371656944472,9.0,0.009,75.0,41594.0,38.0,37.0,3.0,6.0,24728.0,24366.0,795.0,693.0,205.0,307.0,41594.0,415.9400000000004,100.0,1000,1,999,0.1083710000384599,923,0,0,0,0,0,0,0,0,0,0,0,0,0,2,1,36,0,0,0,0,0,0,0,0,0,0,0,0,0,0,1,37,1.4546382427215576,0.08340604603290558,2.7507407665252686,0.26239529252052307,0.015771
529,48794.0,1220.0,50014.0,50014.0,0.9756068300875754,26.0,0.026,71.0,41694.0,32.0,39.0,16.0,10.0,24200.0,24594.0,721.0,824.0,279.0,176.0,41694.0,416.94000000000045,100.0,1000,0,1000,0.10828595806378871,926,0,0,0,0,0,0,0,0,0,0,0,0,0,1,2,30,0,0,0,0,0,0,0,0,0,0,0,0,0,0,0,41,0.4587608277797699,-0.04374902695417404,1.0144445896148682,0.29931631684303284,0.015743999999999998
530,48630.0,1375.0,50005.0,50005.0,0.9725027497250275,22.0,0.022,71.0,41530.0,35.0,36.0,11.0,11.0,23827.0,24803.0,394.0,670.0,606.0,330.0,41530.0,415.3000000000001,100.0,1000,0,1000,0.10806091700214893,929,0,0,0,0,0,0,0,0,0,0,0,0,0,1,3,31,0,0,0,0,0,0,1,0,0,0,0,0,0,0,0,35,0.449636846780777,-0.0710248053073883,1.0496094226837158,0.2636043131351471,0.015717
531,47915.0,1451.0,49366.0,49366.0,0.9706073005712433,25.0,0.025,66.0,41315.0,30.0,36.0,21.0,4.0,22685.0,25230.0,435.0,946.0,565.0,54.0,41315.0,413.1499999999992,100.0,1000,0,1000,0.10884449991863221,931,0,0,0,0,0,0,0,0,0,0,0,0,0,1,2,28,0,0,0,0,0,0,0,0,0,0,0,0,0,0,0,38,0.7558361887931824,0.04019815847277641,1.4419032335281372,0.3386610746383667,0.01569
532,49605.0,1155.0,50760.0,50760.0,0.9772458628841607,21.0,0.021,75.0,42105.0,35.0,40.0,7.0,14.0,23956.0,25649.0,276.0,526.0,62.0,474.0,42105.0,421.0499999999998,100.0,1000,3,997,0.10811599995940924,923,0,0,0,0,0,0,0,0,0,0,0,0,0,1,2,33,0,0,0,0,0,0,0,0,0,0,0,0,1,0,1,39,0.4228366017341614,-0.018289802595973015,0.8920058012008667,0.3113388419151306,0.015662999999999996
533,47476.0,2214.0,49690.0,49690.0,0.9554437512577983,34.0,0.034,69.0,40576.0,31.0,38.0,29.0,5.0,22830.0,24646.0,771.0,409.0,229.0,591.0,40576.0,405.7599999999993,100.0,1000,0,1000,0.10868241707794368,931,0,0,0,0,0,0,0,0,0,0,0,0,0,3,2,26,0,0,0,0,0,1,0,0,0,0,0,0,0,0,0,37,0.6527159214019775,-0.03397522121667862,1.3829576969146729,0.3061968982219696,0.015635999999999997
534,48101.0,1234.0,49335.0,49335.0,0.9749873315090707,22.0,0.022,65.0,41601.0,31.0,34.0,8.0,14.0,23691.0,24410.0,606.0,713.0,394.0,287.0,41601.0,416.01000000000096,100.0,1000,1,999,0.10780829202849418,934,0,0,0,0,0,0,0,0,0,0,0,0,0,1,2,29,0,0,0,0,0,0,1,0,0,0,0,0,0,0,0,33,0.710054874420166,0.023457420989871025,1.3813341856002808,0.2607230246067047,0.015608999999999998
535,48346.0,1160.0,49506.0,49506.0,0.9765684967478689,19.0,0.019,66.0,41746.0,31.0,35.0,10.0,9.0,23851.0,24495.0,561.25,857.0,438.75,143.0,41746.0,417.46000000000043,100.0,1000,0,1000,0.10764266701880842,933,0,0,0,0,0,0,0,0,0,0,0,0,0,3,0,29,0,0,0,0,0,0,0,0,0,0,0,0,0,0,0,35,0.7549835443496704,-0.002127906307578087,1.5220026969909668,0.24964073300361633,0.015581999999999999
536,47823.0,1775.0,49598.0,49598.0,0.9642122666236542,32.0,0.032,67.0,41123.0,36.0,31.0,13.0,19.0,24872.0,22951.0,554.0,541.125,446.0,458.875,41123.0,411.22999999999973,100.0,1000,1,999,0.10795833298470825,932,0,0,0,0,0,0,0,0,0,0,0,0,0,3,2,32,0,0,0,0,0,1,0,0,0,0,0,0,0,0,0,30,0.6402337551116943,-0.04014507681131363,1.3704938888549805,0.31295889616012573,0.015554999999999998
537,50168.0,442.0,50610.0,50610.0,0.9912665481130212,9.0,0.009,73.0,42868.0,35.0,38.0,3.0,6.0,25551.0,24617.0,544.6875,799.0,455.3125,201.0,42868.0,428.6800000000002,100.0,1000,2,998,0.10783225006889552,926,0,0,0,0,0,0,0,0,0,0,1,0,0,1,3,30,0,0,0,0,0,0,0,0,0,0,1,0,1,0,0,37,0.6499732732772827,-0.03658772632479668,1.3819801807403564,0.285232812166214,0.015527999999999998
538,49284.0,736.0,50020.0,50020.0,0.9852858856457417,13.0,0.013,71.0,42184.0,36.0,35.0,4.0,9.0,26348.0,22936.0,672.0,884.0,328.0,116.0,42184.0,421.84000000000015,100.0,1000,0,1000,0.10851129202637821,928,0,0,0,0,0,0,0,0,0,0,0,0,0,1,0,35,0,0,0,0,0,0,0,0,0,0,0,0,0,1,0,35,0.7744611501693726,-0.01738385483622551,1.5920318365097046,0.2690728008747101,0.015500999999999997
539,47994.0,1328.0,49322.0,49322.0,0.9730748955841206,19.0,0.019,71.0,40894.0,40.0,31.0,4.0,15.0,25501.0,22493.0,357.0,672.0,643.0,328.0,40894.0,408.9400000000002,100.0,1000,1,999,0.1088372920639813,929,0,1,0,0,0,0,0,0,0,0,0,0,0,4,1,34,0,0,0,0,0,0,0,0,0,0,0,0,0,0,0,31,0.8944299817085266,0.04177441447973251,1.7154911756515503,0.328940212726593,0.015473999999999998
540,49369.0,742.0,50111.0,50111.0,0.9851928718245495,9.0,0.009,80.0,41369.0,36.0,44.0,2.0,7.0,24153.0,25216.0,719.0,476.0,281.0,0.0,41369.0,413.6900000000003,100.0,1000,2,998,0.1082926670787856,918,0,0,0,0,0,0,0,0,0,0,0,0,0,1,1,34,0,0,0,0,0,0,0,0,0,0,0,0,0,0,0,46,1.1816636323928833,0.06077999621629715,2.249326229095459,0.24467389285564423,0.015446999999999999
541,49379.0,776.0,50155.0,50155.0,0.9845279633137275,13.0,0.013,69.0,42479.0,37.0,32.0,3.0,10.0,25057.0,24322.0,922.0,465.0,78.0,535.0,42479.0,424.7899999999996,100.0,1000,0,1000,0.10815312503837049,930,0,0,0,0,0,0,0,0,0,0,0,0,0,0,2,35,0,0,0,0,0,0,0,0,0,0,0,0,0,0,2,31,0.9687674045562744,0.052810266613960266,1.841914176940918,0.3242519199848175,0.015419999999999998
542,49423.0,608.0,50031.0,50031.0,0.9878475345285923,8.0,0.008,71.0,42323.0,39.0,32.0,4.0,4.0,25222.0,24201.0,909.0,227.0,91.0,44.0,42323.0,423.2299999999993,100.0,1000,0,1000,0.10909045801963657,925,0,0,0,0,0,0,0,0,0,0,1,0,0,1,0,38,0,0,0,0,0,0,0,0,0,0,0,0,0,0,0,35,0.9187477827072144,0.002862304449081421,1.83932363986969,0.24532587826251984,0.015392999999999999
543,48809.0,1144.0,49953.0,49953.0,0.9770984725642103,23.0,0.023,71.0,41709.0,35.0,36.0,2.0,21.0,22973.0,25836.0,618.0,800.0,382.0,200.0,41709.0,417.09000000000003,100.0,1000,3,997,0.10771916597150266,927,0,0,0,0,1,0,0,0,0,0,1,0,0,2,2,29,0,0,0,0,0,0,0,0,0,0,1,0,0,0,0,37,0.956183910369873,0.08743907511234283,1.7455557584762573,0.2624664008617401,0.015365999999999998
544,49511.0,2169.0,51680.0,51680.0,0.958030185758514,27.0,0.027,71.0,42411.0,34.0,37.0,10.0,17.0,24046.0,25465.0,805.5,614.0,194.5,386.0,42411.0,424.10999999999956,100.0,1000,1,999,0.10847170802298933,929,0,0,0,0,0,0,0,0,0,0,0,0,0,2,2,30,0,0,0,0,0,0,0,0,0,0,0,0,1,0,0,36,0.668910026550293,-0.01294477004557848,1.3718823194503784,0.26640596985816956,0.015338999999999998
545,50372.0,757.0,51129.0,51129.0,0.9851943124254338,10.0,0.01,77.0,42672.0,38.0,39.0,7.0,3.0,26305.0,24067.0,889.0,658.0,111.0,342.0,42672.0,426.71999999999963,100.0,1000,1,999,0.10895804199390113,918,0,0,0,0,0,0,0,0,0,1,1,0,0,1,4,33,0,0,0,0,0,1,0,0,0,0,0,0,0,0,2,39,0.18058709800243378,-0.10488472878932953,0.578522801399231,0.24749043583869934,0.015311999999999997
546,48452.0,1397.0,49849.0,49849.0,0.9719753656041245,27.0,0.027,75.0,40952.0,36.0,39.0,15.0,12.0,24719.0,23733.0,398.0,698.0,602.0,302.0,40952.0,409.5200000000005,100.0,1000,1,999,0.10865487507544458,925,0,0,0,0,0,0,0,0,0,0,0,0,0,2,7,27,0,0,0,0,0,0,0,1,0,0,0,0,0,0,1,37,0.40084341168403625,-0.07005840539932251,0.9495311379432678,0.2527797222137451,0.015284999999999998
547,49254.0,1717.0,50971.0,50971.0,0.9663141786506052,31.0,0.031,69.0,42354.0,33.0,36.0,18.0,13.0,24429.0,24825.0,851.25,477.0,148.75,523.0,42354.0,423.5399999999996,100.0,1000,0,1000,0.1086609170306474,930,0,0,0,0,0,0,0,0,0,0,0,0,1,1,2,30,0,0,0,0,0,0,0,0,0,0,0,0,0,0,2,34,0.4726221263408661,-0.0888083204627037,1.131649374961853,0.28799575567245483,0.015257999999999997
548,49280.0,731.0,50011.0,50011.0,0.9853832156925476,12.0,0.012,74.0,41880.0,41.0,33.0,5.0,7.0,23716.0,25564.0,965.0,585.0,4.375,415.0,41880.0,418.7999999999999,100.0,1000,0,1000,0.10836808301974088,926,0,0,0,0,0,0,0,0,0,0,0,0,0,3,3,35,0,0,0,0,0,0,0,0,0,0,0,0,0,1,0,32,0.11030729860067368,-0.12679435312747955,0.48099368810653687,0.22291341423988342,0.015230999999999998
549,48418.0,624.0,49042.0,49042.0,0.9872762122262551,9.0,0.009,73.0,41118.0,37.0,36.0,4.0,5.0,24267.0,24151.0,444.0,1000.0,556.0,0.0,41118.0,411.17999999999967,100.0,1000,0,1000,0.1080123339779675,926,0,0,0,0,0,0,0,0,0,0,0,0,0,0,0,38,0,0,0,0,0,0,0,0,0,0,1,0,1,0,0,34,0.8186933994293213,0.03757861629128456,1.5700757503509521,0.2580311596393585,0.015203999999999999
550,50989.0,1287.0,52276.0,52276.0,0.9753806718188078,18.0,0.018,74.0,43589.0,34.0,40.0,7.0,11.0,23774.0,27215.0,771.0,434.25,229.0,565.75,43589.0,435.89,100.0,1000,1,999,0.1090372079052031,923,0,0,0,0,0,0,0,1,0,0,0,0,0,0,1,32,0,0,0,0,0,0,0,1,0,0,0,0,0,1,0,41,1.3833898305892944,0.05673254653811455,2.6610405445098877,0.2545284330844879,0.015176999999999998
551,50909.0,1729.0,52638.0,52638.0,0.9671530073331054,20.0,0.02,69.0,44009.0,34.0,35.0,12.0,8.0,26037.0,24872.0,872.0,460.0,128.0,540.0,44009.0,440.09000000000066,100.0,1000,0,1000,0.10840529191773385,930,0,0,0,0,0,0,0,0,0,0,0,0,1,1,2,31,0,0,0,0,0,0,0,0,0,0,0,0,0,1,0,34,1.1263703107833862,0.05561567097902298,2.1496078968048096,0.267282634973526,0.015149999999999999
552,49371.0,718.0,50089.0,50089.0,0.9856655153826189,8.0,0.008,69.0,42471.0,37.0,32.0,2.0,6.0,26273.0,23098.0,530.0,811.0,470.0,189.0,42471.0,424.70999999999924,100.0,1000,0,1000,0.10878329200204462,929,0,0,0,0,0,0,0,0,0,0,0,0,0,0,2,35,0,0,0,0,0,0,0,0,0,0,0,0,0,0,0,34,1.0022637844085693,0.08012328296899796,1.8518928289413452,0.2516612708568573,0.015122999999999998
553,47403.0,2008.0,49411.0,49411.0,0.9593612758292688,27.0,0.027,66.0,40803.0,31.0,35.0,8.0,19.0,22103.0,25300.0,646.0,85.0,354.0,0.0,40803.0,408.0299999999999,100.0,1000,0,1000,0.10860716598108411,933,0,0,0,0,0,0,0,0,0,0,0,0,0,1,3,28,0,0,0,0,0,0,0,0,0,0,0,0,0,0,0,35,0.8701092600822449,-0.009135687723755836,1.767002820968628,0.2819630205631256,0.015095999999999998
554,48995.0,545.0,49540.0,49540.0,0.9889987888574889,9.0,0.009,71.0,41895.0,36.0,35.0,4.0,5.0,23798.0,25197.0,1000.0,808.0,0.0,192.0,41895.0,418.9499999999998,100.0,1000,0,1000,0.10911083302926272,926,0,0,0,0,0,0,0,0,0,0,0,0,0,1,2,35,0,0,0,0,0,0,0,0,0,0,0,0,0,0,0,36,0.5227926969528198,-0.07060118019580841,1.1938353776931763,0.23384614288806915,0.015068999999999997
555,48790.0,1176.0,49966.0,49966.0,0.9764639955169515,13.0,0.013,74.0,41390.0,36.0,38.0,4.0,9.0,22779.0,26011.0,428.0,509.0,572.0,491.0,41390.0,413.90000000000043,100.0,1000,2,998,0.10844320803880692,925,0,1,0,0,0,0,0,0,0,0,0,0,1,3,2,30,0,1,0,0,0,0,0,0,0,1,0,0,0,0,0,36,1.0097134113311768,0.0892004743218422,1.8481316566467285,0.23619724810123444,0.015041999999999998
556,49403.0,1374.0,50777.0,50777.0,0.9729405045591508,23.0,0.023,69.0,42503.0,33.0,36.0,16.0,7.0,24820.0,24583.0,497.0,3.0625,503.0,0.0,42503.0,425.0299999999997,100.0,1000,0,1000,0.10755187494214624,927,0,0,0,0,0,0,0,0,0,0,0,0,0,0,0,35,0,0,0,0,0,0,0,0,0,0,0,0,0,0,1,37,0.5438448190689087,-0.1294211447238922,1.3549121618270874,0.2790602445602417,0.015014999999999997
557,48784.0,960.0,49744.0,49744.0,0.9807011900932776,19.0,0.019,70.0,41784.0,34.0,36.0,13.0,6.0,24407.0,24377.0,201.0,221.0,799.0,0.0,41784.0,417.83999999999946,100.0,1000,0,1000,0.10878933290950954,930,0,0,0,0,0,0,0,0,0,1,0,0,0,3,0,30,0,0,0,0,0,0,0,0,0,0,0,0,0,0,0,36,0.33780452609062195,-0.024908501654863358,0.7343838214874268,0.29882997274398804,0.014987999999999998
558,49210.0,894.0,50104.0,50104.0,0.9821571132045346,14.0,0.014,79.0,41310.0,35.0,44.0,11.0,3.0,23470.0,25740.0,764.0,309.0,236.0,691.0,41310.0,413.10000000000053,100.0,1000,0,1000,0.10771254100836813,921,0,0,0,0,0,0,0,0,0,0,0,0,0,2,0,33,0,0,0,0,0,0,0,0,1,0,0,0,0,0,0,43,0.5962321162223816,-0.012308355420827866,1.2239990234375,0.23120486736297607,0.014960999999999997
559,50647.0,759.0,51406.0,51406.0,0.9852351865540987,15.0,0.015,72.0,43447.0,35.0,37.0,4.0,11.0,23676.0,26971.0,625.0,636.0,375.0,364.0,43447.0,434.46999999999986,100.0,1000,0,1000,0.10768920904956758,925,0,0,0,0,0,0,1,0,0,0,0,0,0,0,2,32,0,0,0,0,0,0,0,0,0,0,0,0,0,0,0,40,0.42559221386909485,-0.056596510112285614,0.9720710515975952,0.2575864791870117,0.014933999999999998
560,49912.0,1468.0,51380.0,51380.0,0.9714285714285714,27.0,0.027,68.0,43112.0,35.0,33.0,15.0,12.0,24631.0,25281.0,419.0,498.0,581.0,502.0,43112.0,431.11999999999955,100.0,1000,1,999,0.10893866699188948,930,0,0,0,0,0,0,0,0,0,1,0,0,0,0,0,34,0,0,0,0,0,0,0,0,0,0,0,0,0,0,3,32,0.2501816749572754,-0.07050292938947678,0.6495314836502075,0.2737724781036377,0.014906999999999998
561,48597.0,1430.0,50027.0,50027.0,0.9714154356647411,21.0,0.021,66.0,41997.0,33.0,33.0,16.0,5.0,24534.0,24063.0,698.0,202.0,302.0,798.0,41997.0,419.97000000000014,100.0,1000,1,999,0.10810533293988556,934,0,0,0,0,0,1,0,0,0,0,0,0,0,0,0,32,0,0,0,0,0,0,0,0,0,0,0,0,0,0,0,33,0.45975175499916077,-0.06071917712688446,1.0505974292755127,0.3244475722312927,0.014879999999999997
562,47946.0,1490.0,49436.0,49436.0,0.9698600210373007,20.0,0.02,69.0,41046.0,32.0,37.0,16.0,4.0,24303.0,23643.0,198.375,317.0,801.625,683.0,41046.0,410.4600000000001,100.0,1000,2,998,0.10881775000598282,931,0,0,0,0,0,0,0,0,0,0,0,0,0,3,1,28,0,0,0,0,0,0,0,0,0,0,0,0,0,2,0,35,0.7532215714454651,0.014781299978494644,1.4859753847122192,0.3061615526676178,0.014852999999999998
563,49986.0,2450.0,52436.0,52436.0,0.9532763750095354,21.0,0.021,76.0,42386.0,41.0,35.0,7.0,14.0,24447.0,25539.0,425.0,520.0,575.0,480.0,42386.0,423.8599999999993,100.0,1000,0,1000,0.10852608399000019,924,0,0,0,0,0,0,0,0,0,0,0,0,0,2,2,37,0,0,0,0,0,0,0,0,0,0,0,0,0,0,0,35,1.0948666334152222,0.09937243163585663,1.999244213104248,0.2784166932106018,0.014825999999999997
564,47980.0,676.0,48656.0,48656.0,0.9861065439000329,13.0,0.013,75.0,40480.0,34.0,41.0,3.0,10.0,24525.0,23455.0,601.0,458.0,399.0,0.0,40480.0,404.79999999999967,100.0,1000,1,999,0.10869566700421274,922,0,0,0,0,0,0,0,0,0,0,0,0,0,2,1,33,1,0,0,0,0,0,0,0,0,0,0,0,0,1,0,40,0.4470014274120331,-0.06801466643810272,1.0373578071594238,0.24750280380249023,0.014799000000000001
565,48762.0,822.0,49584.0,49584.0,0.9834220716360116,15.0,0.015,71.0,41662.0,36.0,35.0,5.0,10.0,24754.0,24008.0,759.0,136.0,241.0,864.0,41662.0,416.62000000000035,100.0,1000,1,999,0.10808816703502089,928,0,0,0,0,0,0,0,0,0,0,0,0,0,1,1,35,0,0,0,0,0,0,0,0,0,0,1,0,0,0,0,34,0.5565108060836792,0.017457563430070877,1.0858676433563232,0.2626990079879761,0.014772
566,48654.0,435.0,49089.0,49089.0,0.9911385442767219,7.0,0.007,72.0,41454.0,41.0,31.0,3.0,4.0,26557.0,22097.0,848.0,353.0,152.0,647.0,41454.0,414.5400000000004,100.0,1000,1,999,0.10878791601862758,928,0,0,0,0,0,0,0,0,0,0,0,0,0,7,0,34,0,0,0,0,0,0,0,0,0,0,0,0,0,0,0,31,0.3996948301792145,-0.038227763026952744,0.8833692669868469,0.25513988733291626,0.014745000000000001
567,48410.0,607.0,49017.0,49017.0,0.9876165411999919,12.0,0.012,72.0,41210.0,37.0,35.0,6.0,6.0,25151.0,23259.0,560.0,233.0625,440.0,43.0,41210.0,412.10000000000014,100.0,1000,2,998,0.10766641702502966,925,0,0,0,0,1,0,0,0,0,0,0,1,0,2,1,33,0,0,0,0,0,0,0,0,1,0,0,0,0,0,0,36,0.5482375025749207,0.030588779598474503,1.042006015777588,0.22790475189685822,0.014718
568,49960.0,2270.0,52230.0,52230.0,0.9565383878996745,29.0,0.029,70.0,42960.0,35.0,35.0,7.0,22.0,25324.0,24636.0,883.0,381.0,117.0,619.0,42960.0,429.59999999999974,100.0,1000,0,1000,0.10864854196552187,930,0,0,0,0,0,0,0,0,1,0,0,0,0,2,1,31,0,0,1,0,0,0,0,0,0,0,0,0,0,0,0,34,0.5709467530250549,-0.016316954046487808,1.182309865951538,0.2648731470108032,0.014691000000000001
569,49582.0,848.0,50430.0,50430.0,0.9831846123339282,15.0,0.015,68.0,42782.0,37.0,31.0,6.0,9.0,26276.0,23306.0,745.0,297.0,255.0,703.0,42782.0,427.81999999999977,100.0,1000,0,1000,0.10756324999965727,932,0,0,0,0,0,0,0,0,0,0,0,0,0,0,3,34,0,0,0,0,0,0,0,0,0,0,0,0,0,0,0,31,0.6134111285209656,0.040828779339790344,1.1514655351638794,0.21483932435512543,0.014664
570,48622.0,725.0,49347.0,49347.0,0.9853081241007559,13.0,0.013,69.0,41722.0,38.0,31.0,3.0,10.0,24198.0,24424.0,540.0,379.0,460.0,621.0,41722.0,417.21999999999946,100.0,1000,0,1000,0.10885045898612589,931,0,0,0,0,0,0,0,0,0,0,0,0,0,2,1,35,0,0,0,0,0,0,0,0,0,0,0,0,0,0,0,31,0.41134822368621826,-0.09597094357013702,1.022217869758606,0.2589174807071686,0.014637
571,49248.0,1628.0,50876.0,50876.0,0.9680006289802657,22.0,0.022,70.0,42248.0,34.0,36.0,9.0,13.0,24001.0,25247.0,360.0,776.0,640.0,224.0,42248.0,422.4799999999998,100.0,1000,0,1000,0.10847295902203768,929,0,0,0,0,0,0,0,0,0,0,0,0,0,1,1,32,0,0,0,0,0,0,0,1,0,0,0,0,0,0,0,36,0.8864700794219971,-0.014005500823259354,1.8077285289764404,0.23194584250450134,0.01461
572,48336.0,1445.0,49781.0,49781.0,0.9709728611317571,28.0,0.028,72.0,41136.0,38.0,34.0,11.0,17.0,24097.0,24239.0,944.0,605.0,56.0,395.0,41136.0,411.3600000000002,100.0,1000,1,999,0.10938983294181526,926,0,0,0,0,0,0,0,0,0,0,0,0,1,0,0,38,0,0,0,0,0,0,1,0,0,0,0,0,0,0,0,34,0.7922748327255249,0.02275179512798786,1.546515703201294,0.2561102509498596,0.014583
573,49525.0,1687.0,51212.0,51212.0,0.967058501913614,30.0,0.03,67.0,42825.0,32.0,35.0,23.0,7.0,23722.0,25803.0,964.0,533.0,36.0,467.0,42825.0,428.2500000000001,100.0,1000,1,999,0.10902908293064684,931,0,0,0,0,0,1,0,0,0,0,0,0,0,4,1,27,0,0,0,0,0,0,0,0,0,0,0,0,0,0,1,35,0.5693913102149963,0.011942080222070217,1.1238468885421753,0.3073813319206238,0.014556
574,49698.0,645.0,50343.0,50343.0,0.9871878910672784,12.0,0.012,73.0,42398.0,36.0,37.0,8.0,4.0,26057.0,23641.0,788.0,814.0,212.0,186.0,42398.0,423.98000000000064,100.0,1000,1,999,0.10872612497769296,923,0,0,0,0,0,0,0,0,0,0,0,0,0,2,2,33,0,0,0,0,0,0,0,0,0,0,0,0,1,0,0,39,0.3280017375946045,-0.060351546853780746,0.7834519743919373,0.23213590681552887,0.014529
575,49289.0,865.0,50154.0,50154.0,0.9827531203892013,14.0,0.014,72.0,42089.0,34.0,38.0,8.0,6.0,24695.0,24594.0,851.0,1000.0,149.0,0.0,42089.0,420.8899999999995,100.0,1000,0,1000,0.10829837492201477,928,0,0,0,0,0,0,0,0,0,0,0,0,0,1,1,32,0,0,0,0,0,0,0,0,0,0,0,0,0,0,0,38,1.6236395835876465,0.08761663734912872,3.078908920288086,0.23662300407886505,0.014502000000000001
576,50014.0,1196.0,51210.0,51210.0,0.9766451864870143,17.0,0.017,72.0,42814.0,36.0,36.0,9.0,8.0,25321.0,24693.0,370.0,401.0,630.0,599.0,42814.0,428.13999999999993,100.0,1000,1,999,0.1085947920801118,928,0,0,0,0,0,0,0,0,0,0,0,0,0,1,2,33,0,0,0,0,0,0,0,0,0,0,0,0,0,0,0,36,0.40022754669189453,-0.044574473053216934,0.8965025544166565,0.23829028010368347,0.014475
577,50061.0,759.0,50820.0,50820.0,0.9850649350649351,11.0,0.011,69.0,43161.0,33.0,36.0,6.0,5.0,23445.0,26616.0,668.0,342.0,332.0,658.0,43161.0,431.60999999999984,100.0,1000,0,1000,0.10851083404850215,930,0,0,0,0,0,0,0,0,0,0,0,0,0,1,1,32,0,0,0,0,0,0,0,0,0,0,0,0,0,0,0,36,0.6851513385772705,0.02539571188390255,1.3268311023712158,0.2533150017261505,0.014448
578,47985.0,1372.0,49357.0,49357.0,0.972202524464615,22.0,0.022,68.0,41185.0,33.0,35.0,10.0,12.0,23589.0,24396.0,747.6875,492.0,252.3125,508.0,41185.0,411.84999999999974,100.0,1000,0,1000,0.10760275006759912,931,0,0,0,0,0,0,0,0,0,0,0,0,0,0,2,31,0,0,0,0,0,0,0,0,0,0,0,0,0,0,0,36,0.6201493144035339,-0.007375945337116718,1.261888027191162,0.2370661497116089,0.014421
579,47546.0,1442.0,48988.0,48988.0,0.9705642198089328,29.0,0.029,66.0,40946.0,32.0,34.0,10.0,19.0,23486.0,24060.0,659.0,283.0,341.0,717.0,40946.0,409.46000000000043,100.0,1000,0,1000,0.10888512502424419,932,0,0,0,0,0,0,0,0,0,0,0,0,0,1,0,32,0,0,0,1,0,0,0,0,0,0,0,0,0,0,1,33,0.3639887273311615,-0.07547451555728912,0.8863755464553833,0.25875747203826904,0.014394
580,47367.0,1291.0,48658.0,48658.0,0.9734678778412594,24.0,0.024,66.0,40767.0,32.0,34.0,18.0,6.0,24027.0,23340.0,380.0,750.0,620.0,250.0,40767.0,407.6699999999997,100.0,1000,0,1000,0.10881433309987187,931,0,0,0,0,0,0,0,0,0,0,0,0,0,0,1,34,0,0,0,0,0,0,0,0,1,0,0,0,0,0,0,33,0.6586243510246277,-0.0015557942679151893,1.3287497758865356,0.29197052121162415,0.014367000000000001
581,49802.0,1569.0,51371.0,51371.0,0.9694574760078644,29.0,0.029,68.0,43002.0,30.0,38.0,24.0,5.0,23870.0,25932.0,592.0,883.0,408.0,117.0,43002.0,430.01999999999975,100.0,1000,0,1000,0.10788329201750457,930,0,0,0,0,0,0,0,0,0,0,0,0,0,1,0,29,0,0,0,0,0,0,0,0,0,0,0,0,0,0,0,40,0.6191712021827698,-0.003745263908058405,1.2543361186981201,0.29648423194885254,0.014339999999999999
582,47790.0,1658.0,49448.0,49448.0,0.966469826888853,25.0,0.025,67.0,41090.0,33.0,34.0,23.0,2.0,23433.0,24357.0,861.0,598.0,139.0,402.0,41090.0,410.8999999999999,100.0,1000,1,999,0.10845670802518725,932,0,0,0,0,0,0,0,0,0,0,0,0,0,2,2,30,0,0,0,0,0,0,0,0,0,0,0,0,0,0,0,34,1.1363282203674316,0.05373748391866684,2.173377513885498,0.28631681203842163,0.014313
583,49277.0,526.0,49803.0,49803.0,0.9894383872457483,11.0,0.011,78.0,41477.0,38.0,40.0,4.0,7.0,24524.0,24753.0,59.0,720.0,0.0,280.0,41477.0,414.7700000000001,100.0,1000,1,999,0.10924183402676135,920,0,0,0,0,0,0,0,0,0,0,1,0,0,0,2,36,0,0,0,0,0,0,0,0,0,0,0,0,1,0,0,40,0.43254604935646057,-0.01150214858353138,0.8954110741615295,0.25600922107696533,0.014286
584,49018.0,835.0,49853.0,49853.0,0.9832507572262451,14.0,0.014,69.0,42118.0,37.0,32.0,3.0,11.0,25516.0,23502.0,719.0,707.0,281.0,293.0,42118.0,421.17999999999984,100.0,1000,1,999,0.10765562497545034,931,0,0,0,0,0,0,0,0,0,0,0,0,0,0,2,35,0,0,0,0,0,0,0,0,0,0,0,0,0,0,1,31,0.726312518119812,0.02594665065407753,1.407842993736267,0.24936026334762573,0.014259
585,50776.0,1202.0,51978.0,51978.0,0.9768748316595482,16.0,0.016,69.0,43876.0,34.0,35.0,6.0,10.0,24831.0,25945.0,383.0,781.0,617.0,219.0,43876.0,438.76000000000045,100.0,1000,0,1000,0.10889174998737872,931,0,0,0,0,0,0,0,0,1,0,0,0,0,3,1,29,0,0,0,0,0,0,0,0,0,0,0,0,0,0,0,35,0.6238546967506409,0.02275400049984455,1.2096351385116577,0.26116445660591125,0.014232000000000002
586,47609.0,2340.0,49949.0,49949.0,0.9531522152595647,37.0,0.037,67.0,40909.0,37.0,30.0,4.0,33.0,23879.0,23730.0,525.0,941.0,475.0,59.0,40909.0,409.0900000000003,100.0,1000,0,1000,0.10757312504574656,931,0,0,0,0,0,0,0,0,0,0,0,1,0,1,1,34,0,0,0,0,0,0,0,0,0,0,0,0,0,1,0,31,0.5457411408424377,0.0016759901773184538,1.0950957536697388,0.24517324566841125,0.014204999999999999
587,49052.0,967.0,50019.0,50019.0,0.9806673464083648,17.0,0.017,68.0,42252.0,34.0,34.0,4.0,13.0,24436.0,24616.0,399.0,403.0,601.0,597.0,42252.0,422.5200000000001,100.0,1000,1,999,0.10872979089617729,930,0,0,0,0,0,0,0,0,0,0,0,0,0,4,1,30,0,0,0,0,0,0,0,1,0,0,0,0,0,0,0,34,0.15841057896614075,-0.07181856036186218,0.46778446435928345,0.2583644390106201,0.014178
588,48300.0,701.0,49001.0,49001.0,0.9856941695067447,15.0,0.015,71.0,41200.0,38.0,33.0,0.0,15.0,23705.0,24595.0,311.0,841.0,689.0,159.0,41200.0,411.99999999999994,100.0,1000,0,1000,0.10778616706375033,928,0,0,0,0,0,0,0,0,0,0,0,0,0,2,2,34,0,0,0,0,0,0,0,0,0,0,0,0,0,1,0,33,0.14487214386463165,-0.07366415858268738,0.44307681918144226,0.21214833855628967,0.014151
589,48295.0,1364.0,49659.0,49659.0,0.9725326728286917,24.0,0.024,68.0,41495.0,33.0,35.0,21.0,3.0,24530.0,23765.0,306.0,861.0,694.0,139.0,41495.0,414.95000000000005,100.0,1000,0,1000,0.10896083293482661,932,0,0,0,0,0,0,0,0,0,0,0,0,0,0,3,30,0,0,1,0,0,0,0,0,0,0,0,0,0,0,0,34,0.7091981172561646,-0.005208080168813467,1.4361132383346558,0.25845375657081604,0.014124000000000001
590,48704.0,1557.0,50261.0,50261.0,0.9690217066910726,23.0,0.023,62.0,42504.0,33.0,29.0,8.0,15.0,23963.0,24741.0,713.0,0.0,287.0,0.0,42504.0,425.0399999999994,100.0,1000,0,1000,0.10778258310165256,938,0,0,0,0,0,0,0,0,1,0,0,0,0,1,1,30,0,0,0,0,0,0,0,0,0,0,0,0,0,0,0,29,1.4757205247879028,0.14972935616970062,2.6605892181396484,0.3052787184715271,0.014096999999999998
591,49001.0,1579.0,50580.0,50580.0,0.9687821273230526,30.0,0.03,66.0,42401.0,34.0,32.0,14.0,16.0,24387.0,24614.0,237.25,629.0,762.75,371.0,42401.0,424.01,100.0,1000,0,1000,0.10778662492521107,933,0,0,0,0,0,0,0,0,0,0,0,1,0,1,3,29,0,0,0,0,0,0,0,0,0,0,0,0,0,0,0,33,0.6438548564910889,0.04079641029238701,1.2147692441940308,0.30747413635253906,0.01407
592,49130.0,849.0,49979.0,49979.0,0.9830128654034694,12.0,0.012,65.0,42630.0,35.0,30.0,6.0,6.0,26904.0,22226.0,143.0,331.0,857.0,43.0,42630.0,426.2999999999998,100.0,1000,0,1000,0.1087865000590682,935,0,0,0,0,0,0,0,0,0,0,0,0,0,2,1,32,0,0,0,0,0,0,0,0,0,0,0,0,0,0,0,30,0.40440261363983154,-0.01853472739458084,0.8538167476654053,0.28277787566185,0.014043
593,49356.0,2065.0,51421.0,51421.0,0.9598413099706345,25.0,0.025,68.0,42556.0,35.0,33.0,7.0,18.0,24480.0,24876.0,390.5,713.0,609.5,287.0,42556.0,425.56,100.0,1000,0,1000,0.10751845897175372,931,0,0,0,0,0,0,0,1,0,0,0,0,0,2,1,31,0,0,0,0,0,0,0,0,0,0,0,0,0,0,0,34,0.6605930328369141,-0.01766127161681652,1.3640992641448975,0.27078449726104736,0.014016
594,49193.0,1138.0,50331.0,50331.0,0.977389680316306,21.0,0.021,68.0,42393.0,35.0,33.0,10.0,11.0,23528.0,25665.0,882.625,64.0,117.375,936.0,42393.0,423.9300000000007,100.0,1000,3,997,0.10884583299048245,931,0,0,0,0,0,0,0,0,0,0,0,0,0,3,0,33,0,0,0,1,0,0,0,0,0,0,0,0,0,0,0,32,0.7744998335838318,0.0005467657465487719,1.5550178289413452,0.2541886270046234,0.013989000000000001
595,48461.0,1362.0,49823.0,49823.0,0.9726632278265058,27.0,0.027,68.0,41661.0,35.0,33.0,17.0,10.0,25221.0,23240.0,402.0,955.0,598.0,45.0,41661.0,416.6100000000007,100.0,1000,2,998,0.10875187499914318,931,0,0,0,1,0,0,0,0,0,0,0,0,0,3,1,30,0,0,0,0,0,0,0,0,0,0,0,0,0,0,0,34,0.40894678235054016,-0.051953695714473724,0.9297396540641785,0.28429698944091797,0.013961999999999999
596,48552.0,1510.0,50062.0,50062.0,0.9698374016219887,21.0,0.021,72.0,41352.0,38.0,34.0,5.0,16.0,24554.0,23998.0,353.0,817.0,647.0,183.0,41352.0,413.52000000000095,100.0,1000,0,1000,0.10783008299767971,926,0,0,0,0,0,0,1,0,0,0,0,0,0,2,0,37,0,0,0,0,0,0,0,1,0,0,0,0,0,0,0,33,0.8558019995689392,-0.04115060344338417,1.8003919124603271,0.23274505138397217,0.013935
597,50604.0,1504.0,52108.0,52108.0,0.9711368695785676,19.0,0.019,72.0,43404.0,36.0,36.0,6.0,13.0,25099.0,25505.0,447.0,75.0,553.0,37.0,43404.0,434.03999999999996,100.0,1000,0,1000,0.10793204209767282,925,0,0,0,0,0,0,0,0,0,0,0,0,0,1,0,35,0,0,0,0,0,0,0,0,0,0,0,0,0,0,1,38,0.8201780915260315,0.029301555827260017,1.5883588790893555,0.23748397827148438,0.013908
598,49021.0,868.0,49889.0,49889.0,0.9826013750526168,16.0,0.016,70.0,42021.0,38.0,32.0,6.0,10.0,25013.0,24008.0,282.0,900.0,0.0,100.0,42021.0,420.21000000000083,100.0,1000,0,1000,0.1086736669531092,929,0,0,0,0,0,0,0,0,0,0,0,0,0,1,1,37,0,0,0,0,0,0,0,0,0,0,0,0,0,0,0,32,0.5172826647758484,-0.07100819051265717,1.1826972961425781,0.2202867865562439,0.013881000000000001
599,48649.0,2108.0,50757.0,50757.0,0.9584687826309671,37.0,0.037,64.0,42249.0,32.0,32.0,6.0,31.0,22900.0,25749.0,126.0,680.0,0.0,320.0,42249.0,422.48999999999904,100.0,1000,1,999,0.1081166670192033,934,0,0,0,0,0,0,0,0,0,0,0,1,0,2,0,29,0,0,0,0,0,0,0,0,0,0,0,0,0,0,1,33,0.24139656126499176,-0.053809430450201035,0.5988996028900146,0.30632367730140686,0.013853999999999998
600,48229.0,1399.0,49628.0,49628.0,0.9718102683968727,20.0,0.02,70.0,41229.0,36.0,34.0,8.0,12.0,24463.0,23766.0,756.0,631.0,244.0,369.0,41229.0,412.29000000000013,100.0,1000,0,1000,0.10874687496107072,930,0,0,0,0,0,0,0,0,0,0,0,0,0,2,2,32,0,0,0,0,0,0,0,0,0,0,0,0,0,0,0,34,0.7560756206512451,0.07558991014957428,1.368145227432251,0.25941023230552673,0.013826999999999999
601,49891.0,1222.0,51113.0,51113.0,0.9760921878974038,19.0,0.019,73.0,42591.0,35.0,38.0,8.0,11.0,24198.0,25693.0,686.0,924.0,314.0,76.0,42591.0,425.90999999999974,100.0,1000,2,998,0.10855125007219613,924,0,0,0,0,0,0,0,0,0,0,1,1,0,1,0,34,1,0,0,0,0,0,0,0,1,0,0,0,0,0,1,36,0.9363162517547607,0.00928034819662571,1.8616923093795776,0.27610281109809875,0.0138
602,49477.0,983.0,50460.0,50460.0,0.9805192231470472,18.0,0.018,68.0,42677.0,35.0,33.0,11.0,7.0,24888.0,24589.0,296.0,896.0,704.0,104.0,42677.0,426.77000000000066,100.0,1000,0,1000,0.1088554160669446,931,0,0,0,0,0,0,0,0,1,1,0,0,0,3,0,31,0,0,0,0,0,0,0,0,0,0,0,0,0,0,0,33,1.01443350315094,-0.02674560621380806,2.090242385864258,0.28622275590896606,0.013773
603,48686.0,1386.0,50072.0,50072.0,0.9723198594024605,24.0,0.024,69.0,41786.0,33.0,36.0,15.0,9.0,24754.0,23932.0,628.0,771.0,372.0,229.0,41786.0,417.8599999999999,100.0,1000,1,999,0.10750037501566112,930,0,0,0,0,0,0,0,0,0,0,0,0,0,0,2,31,0,0,0,0,0,0,0,0,0,0,0,0,0,0,0,37,0.5298718810081482,0.0016285068122670054,1.0635219812393188,0.2559025287628174,0.013746000000000001
604,48654.0,1020.0,49674.0,49674.0,0.9794661190965093,12.0,0.012,68.0,41854.0,30.0,38.0,4.0,8.0,22730.0,25924.0,318.0,533.0,83.0,34.0,41854.0,418.53999999999974,100.0,1000,2,998,0.10865191696211696,931,0,0,0,0,0,0,0,0,0,0,0,0,0,0,0,30,0,0,0,0,0,0,0,0,0,0,0,0,1,0,0,38,0.7572745084762573,-0.029149528592824936,1.5794261693954468,0.2397429645061493,0.013718999999999999
605,49964.0,1251.0,51215.0,51215.0,0.975573562432881,22.0,0.022,69.0,43064.0,34.0,35.0,13.0,9.0,25632.0,24332.0,656.5,884.0,343.5,116.0,43064.0,430.6399999999993,100.0,1000,0,1000,0.10796825005672872,929,0,0,0,0,0,0,0,0,0,0,0,0,0,1,1,32,0,0,0,0,0,0,0,0,0,0,1,0,0,1,0,35,0.9369298815727234,0.06979051977396011,1.741025447845459,0.24637570977210999,0.013692
606,48166.0,1060.0,49226.0,49226.0,0.9784666639580709,20.0,0.02,67.0,41466.0,29.0,38.0,11.0,9.0,22591.0,25575.0,614.0,511.0,386.0,0.0,41466.0,414.6599999999995,100.0,1000,0,1000,0.10917133290786296,933,0,0,0,0,0,0,0,0,0,0,0,0,0,2,1,26,0,0,0,0,0,0,0,0,0,0,0,0,0,0,1,37,1.1151037216186523,0.05918309837579727,2.1185004711151123,0.243663027882576,0.013665
607,48031.0,2267.0,50298.0,50298.0,0.9549286253926598,36.0,0.036,64.0,41631.0,29.0,35.0,29.0,7.0,23372.0,24659.0,325.0,892.0,675.0,108.0,41631.0,416.3099999999996,100.0,1000,0,1000,0.1088407919742167,935,0,0,0,0,0,0,0,0,0,0,0,0,0,3,1,25,0,0,0,0,0,0,0,0,0,0,0,0,0,1,0,35,0.642082929611206,0.0039095282554626465,1.2832504510879517,0.2531017065048218,0.013638
608,49571.0,1768.0,51339.0,51339.0,0.9655622431290053,26.0,0.026,64.0,43171.0,33.0,31.0,9.0,17.0,25354.0,24217.0,373.0,561.0,627.0,439.0,43171.0,431.7099999999997,100.0,1000,2,998,0.10891037504188716,936,0,0,0,0,0,0,0,0,0,0,0,0,0,0,0,33,0,0,0,0,0,0,0,0,0,0,0,0,0,1,0,30,0.27976688742637634,-0.038079556077718735,0.643593430519104,0.2902263402938843,0.013610999999999998
609,48197.0,2026.0,50223.0,50223.0,0.9596599167712004,30.0,0.03,68.0,41397.0,33.0,35.0,15.0,15.0,23780.0,24417.0,548.0,29.0,452.0,0.0,41397.0,413.9699999999996,100.0,1000,0,1000,0.1085266669979319,929,0,0,0,0,0,0,0,0,0,0,0,0,0,0,1,33,0,0,0,0,0,2,0,0,0,0,0,0,0,1,0,34,0.4262489676475525,-0.019105341285467148,0.8981837630271912,0.2751440405845642,0.013583999999999999
610,48880.0,687.0,49567.0,49567.0,0.986139972158896,10.0,0.01,69.0,41980.0,33.0,36.0,6.0,4.0,24751.0,24129.0,464.0,114.0,0.0,137.0,41980.0,419.79999999999956,100.0,1000,0,1000,0.10865854099392891,929,0,0,0,0,0,0,0,0,0,0,0,0,0,3,1,30,0,0,0,0,0,0,0,0,0,0,1,0,0,0,0,36,0.7907207012176514,0.03295307233929634,1.5218197107315063,0.23178189992904663,0.013557
611,49294.0,1686.0,50980.0,50980.0,0.9669282071400549,21.0,0.021,63.0,42994.0,30.0,33.0,5.0,16.0,24054.0,25240.0,597.0,845.0,403.0,155.0,42994.0,429.93999999999977,100.0,1000,0,1000,0.10789737501181662,934,0,0,0,0,0,0,0,0,0,0,0,0,0,0,0,30,0,0,0,0,0,0,0,0,0,0,0,0,0,0,1,35,0.6281697750091553,-0.009607543237507343,1.2826017141342163,0.26042547821998596,0.01353
612,49043.0,1132.0,50175.0,50175.0,0.9774389636273044,20.0,0.02,67.0,42343.0,32.0,35.0,6.0,14.0,24630.0,24413.0,715.0,499.0,285.0,501.0,42343.0,423.4300000000007,100.0,1000,1,999,0.10882054199464619,933,0,0,0,0,0,0,0,0,0,0,0,0,0,1,3,28,0,0,0,0,0,0,0,0,0,0,0,0,0,1,1,33,0.7150332927703857,0.06895799934864044,1.2995020151138306,0.2722119688987732,0.013503000000000001
613,49812.0,711.0,50523.0,50523.0,0.9859272014725966,14.0,0.014,68.0,43012.0,33.0,35.0,12.0,2.0,25198.0,24614.0,523.0,688.0,477.0,312.0,43012.0,430.11999999999983,100.0,1000,2,998,0.10837095801252872,932,0,0,0,0,0,0,0,0,0,0,0,0,0,1,0,32,0,0,0,0,0,0,0,0,0,0,0,0,0,0,1,34,0.8142548203468323,0.10642074793577194,1.422871470451355,0.2672640085220337,0.013475999999999998
614,49874.0,852.0,50726.0,50726.0,0.9832038796672318,16.0,0.016,72.0,42674.0,38.0,34.0,7.0,9.0,25594.0,24280.0,940.0,680.0,60.0,320.0,42674.0,426.74,100.0,1000,1,999,0.10922766698058695,927,0,0,0,0,0,0,0,0,0,0,0,0,0,1,1,37,0,0,0,0,0,0,0,0,0,0,0,0,0,0,1,33,0.5568602681159973,-0.00856837909668684,1.1374061107635498,0.24346736073493958,0.013449
615,49540.0,912.0,50452.0,50452.0,0.9819234123523349,16.0,0.016,65.0,43040.0,33.0,32.0,4.0,12.0,24682.0,24858.0,436.0,547.0,564.0,453.0,43040.0,430.40000000000066,100.0,1000,0,1000,0.10847312503028661,934,0,0,0,0,0,0,1,0,0,0,1,0,0,1,1,30,0,0,0,0,0,0,0,0,0,0,0,0,0,0,0,32,0.385354220867157,-0.005133938044309616,0.7884170413017273,0.27718570828437805,0.013422
616,48538.0,1127.0,49665.0,49665.0,0.977307963354475,17.0,0.017,72.0,41338.0,39.0,33.0,3.0,14.0,24596.0,23942.0,430.0,693.0,570.0,307.0,41338.0,413.3800000000011,100.0,1000,1,999,0.10888112499378622,927,0,0,0,0,0,0,0,0,0,0,0,0,0,2,1,37,0,0,0,0,0,0,0,0,0,0,0,0,0,0,0,33,1.2388882637023926,0.13527175784111023,2.2148585319519043,0.2846442461013794,0.013395
617,49152.0,638.0,49790.0,49790.0,0.9871861819642499,9.0,0.009,72.0,41952.0,40.0,32.0,0.0,9.0,25815.0,23337.0,831.0,342.0,169.0,658.0,41952.0,419.5199999999999,100.0,1000,0,1000,0.10844008298590779,928,0,0,0,0,0,0,0,0,0,0,0,0,0,2,0,38,0,0,0,0,0,0,0,0,0,0,0,0,0,0,0,32,0.1945502907037735,-0.10819950699806213,0.6122081875801086,0.2509194314479828,0.013367999999999998
618,49187.0,369.0,49556.0,49556.0,0.9925538784405521,8.0,0.008,71.0,42087.0,37.0,34.0,4.0,4.0,24838.0,24349.0,671.0,560.0,329.0,440.0,42087.0,420.8699999999995,100.0,1000,0,1000,0.10869916691444814,929,0,0,0,0,0,0,0,0,0,0,0,0,0,2,0,35,0,0,0,0,0,0,0,0,0,0,0,0,0,0,1,33,0.22715264558792114,-0.09509271383285522,0.6508479714393616,0.2382596731185913,0.013340999999999999
619,50314.0,644.0,50958.0,50958.0,0.9873621413713254,9.0,0.009,72.0,43114.0,37.0,35.0,5.0,4.0,25791.0,24523.0,950.0,491.0,50.0,509.0,43114.0,431.13999999999936,100.0,1000,0,1000,0.10797866701614112,928,0,0,0,0,0,0,0,0,0,0,1,0,0,2,0,34,0,0,0,0,0,0,0,0,0,0,0,0,0,0,0,35,0.47415000200271606,-0.018422670662403107,0.9913480877876282,0.23294034600257874,0.013314
620,48196.0,953.0,49149.0,49149.0,0.9806099818917984,18.0,0.018,69.0,41296.0,37.0,32.0,2.0,16.0,24950.0,23246.0,516.0,914.0,96.375,86.0,41296.0,412.9600000000004,100.0,1000,0,1000,0.1089313339907676,930,0,0,0,0,0,0,0,0,0,0,0,0,0,2,2,34,0,0,0,0,0,0,0,0,0,0,0,0,0,0,0,32,0.4218907058238983,0.006166733335703611,0.8370765447616577,0.2118087112903595,0.013287
621,48459.0,1284.0,49743.0,49743.0,0.9741873228393945,23.0,0.023,69.0,41559.0,37.0,32.0,6.0,17.0,24649.0,23810.0,610.0,9.0,390.0,991.0,41559.0,415.59,100.0,1000,1,999,0.10839858290273696,929,0,0,0,0,0,0,0,0,1,0,0,0,0,0,1,36,0,0,0,0,0,0,0,0,0,0,0,0,0,0,1,32,0.336301326751709,-0.027895700186491013,0.7348626255989075,0.2439134269952774,0.013259999999999997
622,48607.0,1089.0,49696.0,49696.0,0.9780867675466839,21.0,0.021,67.0,41907.0,37.0,30.0,9.0,12.0,25287.0,23320.0,685.0,459.0,315.0,541.0,41907.0,419.0699999999998,100.0,1000,0,1000,0.1086906660348177,933,0,0,0,0,0,0,0,0,0,0,0,0,0,2,1,34,0,0,0,0,0,0,0,0,0,0,0,0,1,0,0,29,0.29847994446754456,-0.021646656095981598,0.6467551589012146,0.2456716150045395,0.013232999999999998
623,49663.0,1100.0,50763.0,50763.0,0.9783306739160412,10.0,0.01,71.0,42563.0,35.0,36.0,5.0,5.0,25649.0,24014.0,557.125,756.0,442.875,244.0,42563.0,425.6300000000003,100.0,1000,0,1000,0.10796995798591524,929,0,0,0,0,0,0,0,0,0,0,0,0,0,1,1,33,0,0,0,0,0,0,1,0,0,0,0,0,0,0,2,33,0.45770397782325745,-0.10141462832689285,1.1246124505996704,0.24137701094150543,0.013205999999999999
624,49232.0,837.0,50069.0,50069.0,0.9832830693642773,10.0,0.01,69.0,42332.0,33.0,36.0,3.0,7.0,25353.0,23879.0,784.0,1000.0,216.0,0.0,42332.0,423.32000000000016,100.0,1000,2,998,0.1080529160099104,930,0,0,0,0,0,0,0,0,0,0,0,0,0,0,0,34,0,0,0,0,0,0,0,0,0,0,0,0,0,0,1,35,0.33849266171455383,-0.042220354080200195,0.7689334154129028,0.28482431173324585,0.013179
625,49379.0,702.0,50081.0,50081.0,0.9859827080130189,10.0,0.01,71.0,42279.0,34.0,37.0,7.0,3.0,24606.0,24773.0,711.0,328.0,289.0,672.0,42279.0,422.79000000000025,100.0,1000,0,1000,0.10858695791102946,929,0,0,0,0,0,0,0,0,0,0,0,0,0,0,1,33,0,0,0,0,0,0,0,1,0,0,0,0,0,0,0,36,0.41237032413482666,-0.02072528749704361,0.873632550239563,0.28289833664894104,0.013152
626,49014.0,542.0,49556.0,49556.0,0.9890628783598353,9.0,0.009,75.0,41514.0,37.0,38.0,4.0,5.0,24006.0,25008.0,398.5625,833.0,601.4375,167.0,41514.0,415.14000000000067,100.0,1000,0,1000,0.10876004199963063,924,0,0,0,0,0,0,0,0,0,0,0,0,1,1,1,34,0,0,0,0,0,0,0,0,0,0,0,0,0,0,0,39,0.5572879910469055,0.012809643521904945,1.0961110591888428,0.27254563570022583,0.013124999999999998
627,48952.0,594.0,49546.0,49546.0,0.9880111411617487,9.0,0.009,71.0,41852.0,35.0,36.0,6.0,3.0,25854.0,23098.0,685.0,810.0,315.0,190.0,41852.0,418.52000000000066,100.0,1000,0,1000,0.10813079099170864,928,0,0,0,0,0,0,0,0,0,0,0,0,0,2,1,32,0,0,0,0,0,0,0,0,0,0,0,0,0,0,1,36,0.668374240398407,-0.04122327268123627,1.4256149530410767,0.24506983160972595,0.013097999999999999
628,49742.0,956.0,50698.0,50698.0,0.9811432403645114,15.0,0.015,69.0,42842.0,33.0,36.0,5.0,10.0,24654.0,25088.0,708.0,392.0,292.0,0.0,42842.0,428.4200000000002,100.0,1000,1,999,0.10870945907663554,929,0,0,0,0,0,0,0,0,0,1,0,0,0,2,0,31,0,0,0,0,0,0,0,0,0,0,0,0,0,0,0,37,0.7644107937812805,0.06802425533533096,1.3984814882278442,0.21836373209953308,0.013071
629,47895.0,1507.0,49402.0,49402.0,0.9694951621391846,20.0,0.02,67.0,41195.0,33.0,34.0,9.0,11.0,24170.0,23725.0,519.0,181.0,481.0,819.0,41195.0,411.94999999999976,100.0,1000,0,1000,0.10828245896846056,931,0,0,0,0,0,0,0,0,0,0,0,0,0,0,2,31,0,0,0,0,0,0,0,0,0,0,0,0,0,0,0,36,0.23752126097679138,-0.06703151017427444,0.6154345273971558,0.2426023632287979,0.013044
630,49539.0,538.0,50077.0,50077.0,0.9892565449208219,9.0,0.009,64.0,43139.0,33.0,31.0,2.0,7.0,24833.0,24706.0,615.375,715.0,384.625,285.0,43139.0,431.3899999999999,100.0,1000,1,999,0.10856912494637072,934,0,0,0,0,0,0,0,0,0,0,0,0,0,0,1,32,0,0,0,0,0,0,0,0,0,0,0,0,0,0,0,33,0.4430283010005951,-0.125192329287529,1.142534852027893,0.2340606451034546,0.013016999999999997
631,48761.0,2372.0,51133.0,51133.0,0.9536111708681282,28.0,0.028,64.0,42361.0,32.0,32.0,13.0,15.0,24024.0,24737.0,572.0,299.0,428.0,701.0,42361.0,423.6099999999997,100.0,1000,2,998,0.10818791599012911,935,0,0,0,0,0,0,0,0,0,0,0,0,0,2,0,30,0,0,0,0,0,0,0,0,0,0,1,0,0,0,2,30,0.7691527009010315,-0.03051295503973961,1.605214238166809,0.22644446790218353,0.012989999999999998
632,48786.0,1622.0,50408.0,50408.0,0.9678225678463735,31.0,0.031,63.0,42486.0,31.0,32.0,15.0,16.0,24939.0,23847.0,330.0,552.0,670.0,448.0,42486.0,424.8600000000006,100.0,1000,1,999,0.10815466695930809,933,0,0,0,0,0,0,0,0,0,0,0,0,0,3,0,30,0,0,0,0,1,0,0,0,0,0,0,0,0,0,0,33,0.40406301617622375,0.018458928912878036,0.7796626687049866,0.32610023021698,0.012962999999999999
633,47856.0,701.0,48557.0,48557.0,0.9855633585270919,13.0,0.013,69.0,40956.0,34.0,35.0,7.0,6.0,23913.0,23943.0,168.0,696.0,832.0,304.0,40956.0,409.56000000000023,100.0,1000,0,1000,0.10905541607644409,929,0,0,0,0,0,0,0,0,0,0,0,0,1,1,1,31,0,0,0,0,0,0,0,0,0,0,0,0,0,0,0,37,0.32555264234542847,-0.0658026710152626,0.7884867191314697,0.22325660288333893,0.012936
634,49402.0,475.0,49877.0,49877.0,0.9904765723680253,7.0,0.007,71.0,42302.0,36.0,35.0,3.0,4.0,24841.0,24561.0,141.0,652.0,99.0,348.0,42302.0,423.0200000000004,100.0,1000,0,1000,0.10823829204309732,929,0,0,0,0,0,0,0,0,0,0,0,0,0,1,1,34,0,0,0,0,0,0,0,0,0,0,0,0,0,0,0,35,0.6511960029602051,0.059346724301576614,1.1896684169769287,0.23122934997081757,0.012909
635,49621.0,1255.0,50876.0,50876.0,0.9753321802028462,12.0,0.012,66.0,43021.0,31.0,35.0,6.0,6.0,24946.0,24675.0,345.0,981.0,655.0,19.0,43021.0,430.2100000000002,100.0,1000,0,1000,0.1087286249967292,933,0,0,0,0,0,0,0,1,0,0,0,0,0,1,0,30,0,0,0,0,0,0,0,0,0,0,0,0,0,0,0,35,1.1210225820541382,0.012105786241590977,2.2241532802581787,0.24529863893985748,0.012881999999999998
636,50501.0,307.0,50808.0,50808.0,0.9939576444654386,4.0,0.004,78.0,42701.0,36.0,42.0,3.0,1.0,24632.0,25869.0,158.0,1000.0,842.0,0.0,42701.0,427.0099999999998,100.0,1000,1,999,0.10834020795300603,921,0,0,0,0,1,0,0,0,0,0,0,0,0,0,1,34,0,0,0,0,0,0,0,0,0,0,0,0,0,0,1,42,0.3023625314235687,-0.028580008074641228,0.6674962043762207,0.21824651956558228,0.012854999999999998
637,48975.0,727.0,49702.0,49702.0,0.9853728220192346,14.0,0.014,73.0,41675.0,35.0,38.0,5.0,9.0,24293.0,24682.0,604.0,543.0,396.0,457.0,41675.0,416.7499999999997,100.0,1000,2,998,0.10788095905445516,926,0,0,0,0,0,0,0,0,0,0,0,0,0,2,2,32,0,0,0,0,0,0,0,0,0,0,0,0,0,0,0,38,0.2208842635154724,-0.0627959668636322,0.5746775269508362,0.28519925475120544,0.012827999999999999
638,49258.0,725.0,49983.0,49983.0,0.9854950683232299,9.0,0.009,69.0,42358.0,33.0,36.0,2.0,7.0,23733.0,25525.0,409.0,740.0,591.0,260.0,42358.0,423.5799999999992,100.0,1000,1,999,0.10735974996350706,931,0,0,0,0,0,0,0,0,0,0,0,0,0,1,1,31,0,0,0,0,0,0,0,0,0,0,0,0,0,0,1,35,0.3668999969959259,-0.11652543395757675,0.9732080698013306,0.24830834567546844,0.012801
639,48954.0,866.0,49820.0,49820.0,0.9826174227217985,15.0,0.015,68.0,42154.0,34.0,34.0,7.0,8.0,24676.0,24278.0,435.0,183.0,565.0,0.0,42154.0,421.54000000000053,100.0,1000,1,999,0.10892970801796764,932,0,0,0,0,0,0,0,0,1,0,0,0,0,1,0,32,0,0,0,0,0,0,0,1,0,0,0,0,0,0,0,33,1.0572720766067505,0.13095957040786743,1.8598605394363403,0.2832108736038208,0.012773999999999997
640,48808.0,842.0,49650.0,49650.0,0.9830412890231621,10.0,0.01,71.0,41708.0,37.0,34.0,3.0,7.0,24284.0,24524.0,203.0,886.0,797.0,114.0,41708.0,417.07999999999936,100.0,1000,0,1000,0.10864191700238734,926,0,0,0,0,0,0,0,0,0,0,0,0,0,1,2,35,0,0,0,0,0,0,0,0,0,0,0,0,0,0,0,36,0.7584194540977478,-0.040503352880477905,1.604159951210022,0.24768316745758057,0.012746999999999998
641,49557.0,442.0,49999.0,49999.0,0.9911598231964639,7.0,0.007,75.0,42057.0,38.0,37.0,3.0,4.0,24563.0,24994.0,563.0,486.0,437.0,514.0,42057.0,420.5699999999992,100.0,1000,0,1000,0.1088254579808563,924,0,0,0,0,0,0,0,0,0,0,0,0,0,1,1,36,0,0,0,0,0,0,0,0,0,0,0,0,0,0,0,38,0.6517075896263123,0.011123250238597393,1.2867788076400757,0.22052370011806488,0.012719999999999999
642,48708.0,429.0,49137.0,49137.0,0.9912693082605776,8.0,0.008,70.0,41708.0,34.0,36.0,2.0,6.0,23833.0,24875.0,331.0,902.3125,669.0,97.6875,41708.0,417.0800000000003,100.0,1000,1,999,0.10815737501252443,930,0,0,0,0,0,0,0,0,0,0,0,0,0,2,0,32,0,0,0,0,0,0,0,0,0,0,0,0,0,1,1,34,0.7132937908172607,0.06922784447669983,1.2948861122131348,0.26605886220932007,0.012693
643,49223.0,741.0,49964.0,49964.0,0.9851693219117765,10.0,0.01,72.0,42023.0,38.0,34.0,5.0,5.0,25792.0,23431.0,96.0,641.0,84.0,359.0,42023.0,420.2299999999994,100.0,1000,3,997,0.10869633301626891,928,0,0,0,0,0,0,0,0,0,0,0,0,0,1,0,37,0,0,0,0,0,0,0,0,0,0,0,0,0,0,0,34,0.2818519175052643,-0.05271506682038307,0.6753205060958862,0.24421902000904083,0.012666
644,48456.0,455.0,48911.0,48911.0,0.9906973891353683,8.0,0.008,71.0,41356.0,37.0,34.0,4.0,4.0,24505.0,23951.0,589.0,943.0,411.0,57.0,41356.0,413.56000000000034,100.0,1000,1,999,0.1086321659386158,928,0,0,0,0,1,0,0,0,0,0,0,0,0,0,0,37,0,0,0,0,0,0,0,0,0,0,0,0,0,0,0,34,0.3443300724029541,-0.00737685477361083,0.7092610597610474,0.2313171625137329,0.012638999999999997
645,49625.0,734.0,50359.0,50359.0,0.9854246510057785,15.0,0.015,71.0,42525.0,35.0,36.0,5.0,10.0,24242.0,25383.0,525.0,395.0,475.0,605.0,42525.0,425.2500000000004,100.0,1000,2,998,0.10844004200771451,926,0,0,0,0,0,0,0,0,0,0,0,0,0,1,0,35,0,0,0,0,0,0,0,0,0,0,0,0,0,0,0,38,0.27660131454467773,-0.009647325612604618,0.5792087912559509,0.26607462763786316,0.012611999999999998
646,49638.0,1093.0,50731.0,50731.0,0.9784549880743529,15.0,0.015,70.0,42638.0,38.0,32.0,9.0,6.0,25036.0,24602.0,240.4375,663.0,759.5625,337.0,42638.0,426.3799999999997,100.0,1000,2,998,0.10843283403664827,929,0,0,0,0,1,0,0,0,0,0,0,0,0,0,0,38,0,0,0,0,0,0,0,0,0,0,0,0,0,0,0,32,0.6112316846847534,-0.0032212056685239077,1.2356010675430298,0.2660025954246521,0.012584999999999999
647,50694.0,529.0,51223.0,51223.0,0.9896726080081214,9.0,0.009,75.0,43194.0,39.0,36.0,5.0,4.0,25107.0,25587.0,858.0,418.0,142.0,582.0,43194.0,431.93999999999954,100.0,1000,1,999,0.10752837499603629,924,0,0,0,0,0,0,0,0,0,0,0,0,1,1,2,36,0,0,0,0,0,0,0,0,0,0,0,0,0,1,0,35,0.6866357326507568,0.05720246955752373,1.265466332435608,0.26277387142181396,0.012558
648,49155.0,346.0,49501.0,49501.0,0.9930102422173289,7.0,0.007,76.0,41555.0,42.0,34.0,3.0,4.0,25689.0,23466.0,275.0,887.0,725.0,113.0,41555.0,415.5500000000003,100.0,1000,0,1000,0.1090339160291478,924,0,0,0,0,0,0,0,0,0,0,0,0,0,6,1,35,0,0,0,0,0,0,0,0,0,0,0,0,0,0,1,33,0.40404367446899414,0.02532384730875492,0.7630937695503235,0.22560426592826843,0.012530999999999997
649,51117.0,808.0,51925.0,51925.0,0.9844390948483389,12.0,0.012,75.0,43617.0,37.0,38.0,2.0,10.0,25478.0,25639.0,456.0,674.0,544.0,326.0,43617.0,436.1699999999995,100.0,1000,0,1000,0.10781674995087087,924,0,0,0,0,0,0,0,0,0,0,0,0,0,0,1,37,0,0,0,0,0,0,0,0,0,0,0,0,1,0,0,37,0.263735830783844,-0.05269591137766838,0.6392717957496643,0.2562522888183594,0.012503999999999998
650,50722.0,1259.0,51981.0,51981.0,0.9757796117812277,16.0,0.016,76.0,43122.0,39.0,37.0,3.0,13.0,24813.0,25909.0,59.75,895.0,70.0,105.0,43122.0,431.2199999999999,100.0,1000,0,1000,0.10885708394926041,924,0,0,0,0,0,0,0,0,0,0,0,0,0,1,1,37,0,0,0,0,0,0,0,0,0,0,0,0,0,0,0,37,1.0524762868881226,0.14035524427890778,1.8305741548538208,0.2537540793418884,0.012476999999999999
651,48525.0,905.0,49430.0,49430.0,0.9816912805988266,19.0,0.019,70.0,41525.0,36.0,34.0,5.0,14.0,24436.0,24089.0,841.0,976.0,159.0,24.0,41525.0,415.2499999999997,100.0,1000,0,1000,0.10872999997809529,930,0,0,0,0,0,0,0,0,0,0,0,0,0,1,0,35,0,0,0,0,0,0,0,0,0,0,0,0,0,0,1,33,0.625886857509613,0.04093264043331146,1.1760483980178833,0.24658627808094025,0.01245
652,48010.0,810.0,48820.0,48820.0,0.9834084391642769,12.0,0.012,67.0,41310.0,33.0,34.0,1.0,11.0,23646.0,24364.0,620.0,504.0,380.0,496.0,41310.0,413.09999999999997,100.0,1000,0,1000,0.10854825004935265,932,0,0,0,0,0,0,0,0,0,0,0,0,0,1,1,31,0,0,0,0,0,0,0,0,0,0,0,0,0,0,0,35,0.817410409450531,0.12293495237827301,1.3960105180740356,0.28413352370262146,0.012423
653,48109.0,452.0,48561.0,48561.0,0.9906921191902968,7.0,0.007,70.0,41109.0,36.0,34.0,1.0,6.0,24473.0,23636.0,672.0,658.0,328.0,342.0,41109.0,411.0900000000006,100.0,1000,0,1000,0.10843020805623382,929,0,0,0,0,0,0,0,0,0,0,0,0,0,1,1,34,0,0,0,0,0,0,0,0,0,0,0,0,0,0,0,35,0.6397225856781006,0.03810098022222519,1.2087180614471436,0.22083024680614471,0.012395999999999997
654,48548.0,811.0,49359.0,49359.0,0.9835693591847485,8.0,0.008,71.0,41448.0,40.0,31.0,5.0,3.0,24989.0,23559.0,308.0,287.0,0.0,713.0,41448.0,414.47999999999996,100.0,1000,0,1000,0.10707829101011157,929,0,0,0,0,0,0,0,0,0,0,0,0,0,3,0,37,0,0,0,0,0,0,0,0,0,0,0,0,0,0,0,31,0.7750512957572937,0.10291998088359833,1.3499187231063843,0.2286396473646164,0.012368999999999998
655,48794.0,613.0,49407.0,49407.0,0.9875928512154148,10.0,0.01,71.0,41694.0,35.0,36.0,8.0,2.0,24194.0,24600.0,778.0,572.0,222.0,428.0,41694.0,416.93999999999977,100.0,1000,1,999,0.11027054104488343,928,0,0,0,0,0,0,0,0,0,0,0,0,0,1,0,35,0,0,0,0,0,0,0,0,0,0,0,0,0,1,0,35,0.37661170959472656,-0.06122398376464844,0.8812483549118042,0.2259340137243271,0.012341999999999999
656,49322.0,241.0,49563.0,49563.0,0.9951375017654298,4.0,0.004,70.0,42322.0,34.0,36.0,1.0,3.0,24857.0,24465.0,757.0,867.25,243.0,132.75,42322.0,423.2199999999998,100.0,1000,0,1000,0.10956324997823685,930,0,0,0,0,0,0,0,0,0,0,0,0,0,0,0,34,0,0,0,0,0,0,0,0,0,0,0,1,0,0,2,33,0.477622926235199,0.07228270918130875,0.8160630464553833,0.21853722631931305,0.012315
657,47954.0,762.0,48716.0,48716.0,0.9843583217012891,8.0,0.008,68.0,41154.0,35.0,33.0,3.0,5.0,24419.0,23535.0,530.0,111.0,470.0,889.0,41154.0,411.53999999999985,100.0,1000,0,1000,0.1079367910278961,931,0,0,0,0,0,0,0,0,0,0,0,0,0,0,1,35,0,0,0,0,0,0,0,0,0,0,0,0,0,0,0,33,0.962212324142456,0.029111022129654884,1.8717420101165771,0.22540174424648285,0.012287999999999997
658,49815.0,859.0,50674.0,50674.0,0.9830485061372696,17.0,0.017,69.0,42915.0,38.0,31.0,3.0,14.0,24775.0,25040.0,569.0,497.0,431.0,503.0,42915.0,429.14999999999964,100.0,1000,0,1000,0.10957166610751301,928,0,0,0,0,0,0,0,0,0,0,0,0,0,1,0,38,0,0,0,0,0,0,0,0,0,0,0,0,0,0,0,33,0.43848320841789246,-0.06511978805065155,1.0129923820495605,0.23596592247486115,0.012260999999999998
659,49121.0,726.0,49847.0,49847.0,0.9854354324232151,12.0,0.012,71.0,42021.0,37.0,34.0,9.0,3.0,25850.0,23271.0,646.0,894.0,354.0,106.0,42021.0,420.2099999999996,100.0,1000,1,999,0.10853870899882168,928,0,0,0,0,0,0,0,0,0,0,0,0,0,0,0,37,1,0,0,0,0,0,0,0,0,0,0,0,0,0,0,34,0.8010435700416565,-0.04190334305167198,1.6911324262619019,0.21410119533538818,0.012233999999999998
660,50798.0,873.0,51671.0,51671.0,0.9831046428364073,12.0,0.012,67.0,44098.0,32.0,35.0,3.0,9.0,24237.0,26561.0,317.0,453.0,683.0,547.0,44098.0,440.9799999999996,100.0,1000,0,1000,0.10751545906532556,932,0,0,0,0,0,0,0,0,0,0,0,0,0,0,0,32,0,0,0,0,0,0,0,0,0,0,0,0,0,0,0,36,0.764129102230072,-0.04369775950908661,1.6220698356628418,0.26280444860458374,0.012206999999999999
661,49422.0,830.0,50252.0,50252.0,0.9834832444479822,13.0,0.013,71.0,42322.0,35.0,36.0,4.0,9.0,24406.0,25016.0,792.0,472.0,208.0,528.0,42322.0,423.2200000000004,100.0,1000,0,1000,0.10756733303423971,929,0,0,0,0,0,0,0,0,0,0,0,0,0,0,2,33,0,0,0,0,0,0,0,0,0,0,0,0,0,1,1,34,0.28301170468330383,-0.09917425364255905,0.7702805995941162,0.24255630373954773,0.01218
662,50673.0,432.0,51105.0,51105.0,0.9915468153800998,8.0,0.008,72.0,43473.0,38.0,34.0,5.0,3.0,26064.0,24609.0,857.0,358.0,143.0,642.0,43473.0,434.7299999999999,100.0,1000,1,999,0.10816562501713634,928,0,0,0,0,0,0,0,0,0,0,0,0,0,0,0,38,0,0,0,1,0,0,0,0,0,0,0,0,0,0,0,33,0.35187795758247375,-0.06211850419640541,0.8335751891136169,0.22966624796390533,0.012152999999999997
663,49659.0,1078.0,50737.0,50737.0,0.9787531781540099,18.0,0.018,67.0,42959.0,36.0,31.0,6.0,12.0,26829.0,22830.0,1000.0,630.0,0.0,370.0,42959.0,429.5900000000005,100.0,1000,1,999,0.10890312504488975,932,0,0,0,0,0,0,0,0,0,0,0,0,0,0,0,36,0,0,0,0,0,0,0,0,0,0,0,0,0,0,1,31,1.7646211385726929,0.13903988897800446,3.256989002227783,0.24024517834186554,0.012125999999999998
664,48525.0,1207.0,49732.0,49732.0,0.9757299123300893,23.0,0.023,64.0,42125.0,32.0,32.0,10.0,13.0,24757.0,23768.0,800.0,150.0,200.0,850.0,42125.0,421.2500000000002,100.0,1000,0,1000,0.1078570419922471,936,0,0,0,0,0,0,0,0,0,0,0,0,0,1,1,30,0,0,0,0,0,0,0,0,0,0,0,0,0,0,0,32,0.1930195689201355,-0.057750996202230453,0.5080282688140869,0.26808589696884155,0.012098999999999999
665,48224.0,1012.0,49236.0,49236.0,0.9794459338695264,15.0,0.015,66.0,41624.0,32.0,34.0,8.0,7.0,23862.0,24362.0,935.0,413.0,65.0,587.0,41624.0,416.24000000000035,100.0,1000,1,999,0.10911762504838407,933,0,0,0,0,0,0,0,0,0,0,0,0,0,2,0,30,0,0,0,0,0,0,0,0,0,0,0,0,0,0,0,35,0.24307996034622192,-0.08044399321079254,0.6519418954849243,0.2026997059583664,0.012072
666,47010.0,1821.0,48831.0,48831.0,0.9627081157461449,21.0,0.021,65.0,40510.0,30.0,35.0,10.0,11.0,23139.0,23871.0,971.0,405.0,29.0,595.0,40510.0,405.09999999999974,100.0,1000,1,999,0.10849408293142915,934,0,0,0,0,0,0,0,0,0,0,0,0,0,0,0,30,0,0,0,0,1,0,0,0,0,0,0,0,0,1,0,34,0.9965651035308838,0.05007527768611908,1.8986859321594238,0.23687487840652466,0.012044999999999997
667,49627.0,1251.0,50878.0,50878.0,0.9754117693305554,16.0,0.016,66.0,43027.0,32.0,34.0,10.0,6.0,24325.0,25302.0,428.0,729.0,572.0,271.0,43027.0,430.2700000000003,100.0,1000,1,999,0.10709220904391259,933,0,0,0,0,0,0,0,0,0,0,0,0,0,2,0,31,0,0,0,0,0,0,0,0,0,0,0,0,0,0,1,33,0.9237911701202393,-0.010759394615888596,1.8748886585235596,0.24078206717967987,0.012017999999999997
668,49974.0,689.0,50663.0,50663.0,0.9864003316029449,12.0,0.012,68.0,43174.0,34.0,34.0,6.0,6.0,25647.0,24327.0,402.0,256.0,598.0,744.0,43174.0,431.73999999999984,100.0,1000,0,1000,0.1088933750288561,932,0,0,0,0,0,0,0,0,0,1,0,0,0,0,1,32,0,0,0,0,0,0,0,0,0,0,0,0,0,0,0,34,0.53406822681427,0.03808644786477089,0.9979925751686096,0.251396119594574,0.011990999999999998
669,49054.0,726.0,49780.0,49780.0,0.985415829650462,14.0,0.014,68.0,42254.0,33.0,35.0,4.0,10.0,23193.0,25861.0,711.0,17.0,289.0,0.0,42254.0,422.54000000000076,100.0,1000,2,998,0.10826408304274082,931,1,0,0,0,0,0,0,0,0,0,0,0,0,0,0,32,0,0,0,0,0,0,0,0,0,0,0,0,0,0,0,36,0.661253035068512,0.04296329244971275,1.2428478002548218,0.2619611918926239,0.011963999999999999
670,48007.0,1163.0,49170.0,49170.0,0.9763473662802522,15.0,0.015,67.0,41307.0,33.0,34.0,4.0,11.0,23768.0,24239.0,752.0,531.0,248.0,469.0,41307.0,413.0699999999999,100.0,1000,0,1000,0.10882974998094141,933,0,0,0,0,0,0,0,0,0,0,0,0,0,1,3,29,0,0,0,0,0,0,0,0,0,0,0,0,0,0,0,34,0.844886839389801,-0.06018981337547302,1.816692590713501,0.27390462160110474,0.011937
671,49483.0,1174.0,50657.0,50657.0,0.976824525731883,12.0,0.012,71.0,42383.0,30.0,41.0,11.0,1.0,24186.0,25297.0,684.0,645.0,316.0,355.0,42383.0,423.8299999999999,100.0,1000,0,1000,0.1082463749917224,929,0,0,0,0,0,0,0,0,0,0,0,0,0,0,0,30,0,0,0,0,0,0,0,0,0,0,0,0,0,0,0,41,1.0238046646118164,0.027791224420070648,1.9983147382736206,0.2639769911766052,0.011909999999999997
672,50154.0,774.0,50928.0,50928.0,0.9848020735155514,16.0,0.016,75.0,42654.0,37.0,38.0,11.0,5.0,25125.0,25029.0,305.0,815.0,695.0,185.0,42654.0,426.5400000000004,100.0,1000,1,999,0.108103874954395,922,0,0,0,0,0,0,0,0,0,0,0,0,1,1,2,33,0,0,0,0,0,1,0,0,0,0,0,0,0,0,0,40,0.43259331583976746,-0.061595503240823746,0.9950976967811584,0.28275859355926514,0.011882999999999998
673,48999.0,570.0,49569.0,49569.0,0.9885008775646069,9.0,0.009,69.0,42099.0,35.0,34.0,5.0,4.0,24385.0,24614.0,546.0,427.0,454.0,573.0,42099.0,420.9900000000001,100.0,1000,1,999,0.10714758397080004,930,0,0,0,0,0,0,0,0,0,0,0,0,0,1,1,34,0,0,0,0,0,0,0,0,0,0,0,0,0,0,0,34,0.5117304921150208,-0.0068261767737567425,1.043242335319519,0.25847962498664856,0.011855999999999998
674,49693.0,788.0,50481.0,50481.0,0.9843901665973337,16.0,0.016,70.0,42693.0,33.0,37.0,14.0,2.0,25180.0,24513.0,676.0,969.0,324.0,31.0,42693.0,426.92999999999995,100.0,1000,3,997,0.1093466670718044,928,0,0,0,0,0,0,0,0,0,0,0,0,0,0,3,31,0,0,0,0,0,0,0,0,0,0,0,0,0,0,0,38,0.6313347220420837,-0.002781214425340295,1.2737282514572144,0.23232503235340118,0.011829
675,49187.0,1064.0,50251.0,50251.0,0.9788262920140892,20.0,0.02,72.0,41987.0,35.0,37.0,11.0,9.0,24711.0,24476.0,975.0,235.0,25.0,0.0,41987.0,419.8699999999998,100.0,1000,1,999,0.10706166701857,927,0,0,0,0,0,0,0,0,0,0,0,0,0,1,0,35,0,0,0,0,0,0,0,0,0,1,0,0,0,1,0,35,0.3920744061470032,-0.024966184049844742,0.8401424288749695,0.2567887604236603,0.011801999999999997
676,48919.0,1194.0,50113.0,50113.0,0.9761738471055414,22.0,0.022,66.0,42319.0,32.0,34.0,16.0,6.0,25021.0,23898.0,594.0,545.0,406.0,455.0,42319.0,423.18999999999915,100.0,1000,1,999,0.10801729199010879,933,0,0,0,0,0,0,0,0,0,0,0,0,0,0,1,32,0,0,0,0,0,0,0,0,0,0,0,0,0,0,1,33,0.37188613414764404,0.02762887254357338,0.6946629285812378,0.2610781192779541,0.011774999999999997
677,47805.0,934.0,48739.0,48739.0,0.9808367016147234,12.0,0.012,68.0,41005.0,35.0,33.0,8.0,4.0,24204.0,23601.0,505.0,748.0,0.0,252.0,41005.0,410.05000000000075,100.0,1000,1,999,0.10925108299124986,930,0,0,0,0,0,0,0,0,0,0,0,0,0,2,0,34,0,0,0,0,0,0,0,0,0,0,0,0,0,0,0,34,0.8065927624702454,0.06446927040815353,1.4896034002304077,0.22797377407550812,0.011747999999999998
678,48043.0,694.0,48737.0,48737.0,0.9857603053121858,12.0,0.012,69.0,41143.0,35.0,34.0,4.0,8.0,24419.0,23624.0,951.0,717.0,49.0,283.0,41143.0,411.4300000000002,100.0,1000,0,1000,0.10836466692853719,931,0,0,0,0,0,0,0,0,0,0,0,0,0,1,0,34,0,0,0,0,0,0,0,0,0,0,0,0,0,1,0,33,0.42449772357940674,-0.08622341603040695,1.027095079421997,0.2411380261182785,0.011720999999999999
679,50592.0,1110.0,51702.0,51702.0,0.9785308111871881,15.0,0.015,71.0,43492.0,37.0,34.0,2.0,13.0,24906.0,25686.0,486.0,409.0,514.0,36.9375,43492.0,434.9200000000007,100.0,1000,0,1000,0.10892304207663983,929,0,0,0,0,0,0,0,0,0,0,0,0,0,0,0,37,0,0,0,0,0,0,0,0,0,0,0,0,0,0,1,33,1.1120784282684326,0.15833397209644318,1.9126896858215332,0.2223769575357437,0.011694
680,49138.0,1317.0,50455.0,50455.0,0.9738975324546626,23.0,0.023,65.0,42638.0,30.0,35.0,11.0,12.0,22662.0,26476.0,692.0,843.0,308.0,157.0,42638.0,426.3799999999992,100.0,1000,1,999,0.10842637508176267,933,0,0,0,0,0,0,0,0,0,0,0,0,0,0,0,30,0,0,0,0,0,0,0,0,0,0,0,0,0,0,0,37,0.8186526298522949,0.09671053290367126,1.4499152898788452,0.2584678530693054,0.011666999999999997
681,50678.0,868.0,51546.0,51546.0,0.9831606720211074,8.0,0.008,71.0,43578.0,36.0,35.0,3.0,5.0,25630.0,25048.0,234.0,592.0,32.0,408.0,43578.0,435.7800000000001,100.0,1000,0,1000,0.10720600001513958,928,0,0,0,0,0,0,0,0,0,0,0,0,0,1,0,35,0,0,0,0,0,0,0,2,0,0,0,0,0,0,0,34,0.7889910340309143,0.05099437013268471,1.4824860095977783,0.2788991928100586,0.011639999999999998
682,49335.0,864.0,50199.0,50199.0,0.9827885017629834,15.0,0.015,71.0,42235.0,34.0,37.0,8.0,7.0,24101.0,25234.0,924.0,602.0,76.0,398.0,42235.0,422.3500000000003,100.0,1000,2,998,0.10866920801345259,929,0,0,0,0,0,0,0,0,0,0,0,0,0,1,0,33,0,0,0,0,0,0,0,0,0,0,0,0,0,0,1,36,0.9023372530937195,0.0681203082203865,1.674598217010498,0.2654063403606415,0.011612999999999998
683,48961.0,614.0,49575.0,49575.0,0.987614725163893,12.0,0.012,73.0,41661.0,41.0,32.0,4.0,8.0,26022.0,22939.0,758.0,828.8125,242.0,171.1875,41661.0,416.6100000000002,100.0,1000,3,997,0.10709149995818734,926,0,0,0,0,0,0,0,1,0,0,0,0,0,1,3,36,0,0,0,0,0,0,0,0,0,0,0,0,0,0,1,32,0.34195476770401,-0.02560925856232643,0.7402102947235107,0.21932697296142578,0.011585999999999999
684,48827.0,1272.0,50099.0,50099.0,0.974610271662109,22.0,0.022,69.0,41927.0,32.0,37.0,11.0,11.0,24819.0,24008.0,543.0,722.0,0.0,278.0,41927.0,419.2699999999997,100.0,1000,2,998,0.10782074998132885,931,0,0,0,0,0,0,0,0,0,0,0,0,1,0,2,29,0,0,0,0,0,0,0,0,0,0,0,0,0,0,0,37,0.7372127175331116,0.05143102630972862,1.3772404193878174,0.24556630849838257,0.011558999999999996
685,48921.0,463.0,49384.0,49384.0,0.9906244937631622,9.0,0.009,64.0,42521.0,32.0,32.0,2.0,7.0,23464.0,25457.0,882.0,583.0,118.0,417.0,42521.0,425.2099999999997,100.0,1000,0,1000,0.10817570891231298,935,0,0,0,0,0,0,0,0,0,0,1,0,0,3,1,27,0,0,0,0,0,0,0,0,0,0,0,0,0,0,0,33,0.48579147458076477,-0.013744223862886429,1.004472255706787,0.23416657745838165,0.011531999999999997
686,48402.0,1334.0,49736.0,49736.0,0.9731783818562008,23.0,0.023,64.0,42002.0,31.0,33.0,11.0,12.0,23936.0,24466.0,722.0,766.0,278.0,234.0,42002.0,420.02,100.0,1000,1,999,0.10906062496360391,936,0,0,0,0,0,0,0,0,0,0,0,0,0,1,2,28,0,0,0,0,0,0,0,0,0,0,0,0,0,0,0,33,0.5507256984710693,0.0749078243970871,0.9570543766021729,0.23549051582813263,0.011504999999999998
687,48429.0,1579.0,50008.0,50008.0,0.9684250519916814,26.0,0.026,63.0,42129.0,31.0,32.0,11.0,15.0,23765.0,24664.0,717.0,227.0,283.0,773.0,42129.0,421.2899999999999,100.0,1000,1,999,0.10803200001828372,936,0,0,0,0,0,0,0,0,0,0,0,0,0,0,0,31,0,0,0,0,0,0,0,0,0,0,0,0,0,0,0,33,0.3973861336708069,0.0017587029142305255,0.7969635128974915,0.2486778199672699,0.011477999999999999
688,48722.0,892.0,49614.0,49614.0,0.9820212036925061,16.0,0.016,65.0,42222.0,29.0,36.0,10.0,6.0,22498.0,26224.0,431.0,868.0,569.0,132.0,42222.0,422.2200000000002,100.0,1000,0,1000,0.10882620804477483,933,0,0,0,0,0,0,0,0,1,0,0,0,0,0,3,26,0,0,0,0,0,0,0,0,0,0,0,0,0,0,0,37,0.2899623513221741,-0.015177554450929165,0.6158228516578674,0.2420330047607422,0.011450999999999996
689,47973.0,1763.0,49736.0,49736.0,0.9645528389898665,19.0,0.019,68.0,41173.0,30.0,38.0,13.0,6.0,22136.0,25837.0,213.0,652.0,28.0,348.0,41173.0,411.72999999999917,100.0,1000,0,1000,0.10934875009115785,931,0,0,0,0,0,0,0,0,0,0,0,0,0,0,2,29,0,0,0,0,0,0,0,0,0,0,0,0,0,0,0,38,0.7790712714195251,0.037411533296108246,1.490007996559143,0.29274019598960876,0.011424
690,49800.0,938.0,50738.0,50738.0,0.9815128700382356,14.0,0.014,68.0,43000.0,33.0,35.0,8.0,6.0,24438.0,25362.0,917.0,788.0,83.0,212.0,43000.0,430.0000000000003,100.0,1000,0,1000,0.10733016696758568,931,0,0,0,0,0,0,0,0,0,0,0,0,0,0,1,32,0,0,0,0,0,0,0,0,0,0,0,0,0,0,0,36,0.7239513397216797,0.004917321726679802,1.4428902864456177,0.21155945956707,0.011397000000000001
691,48044.0,1305.0,49349.0,49349.0,0.9735556951508643,21.0,0.021,67.0,41344.0,30.0,37.0,18.0,3.0,23232.0,24812.0,441.6875,698.0,558.3125,302.0,41344.0,413.44000000000017,100.0,1000,0,1000,0.10750933410599828,930,0,0,0,0,0,0,0,0,0,0,0,0,1,0,3,26,0,0,0,0,0,1,0,0,0,0,0,0,1,0,0,38,0.5109471082687378,-0.07122168689966202,1.1687740087509155,0.19509077072143555,0.011370000000000002
692,48453.0,1451.0,49904.0,49904.0,0.9709241744148766,24.0,0.024,61.0,42353.0,27.0,34.0,18.0,6.0,22205.0,26248.0,454.75,400.0,545.25,600.0,42353.0,423.52999999999986,100.0,1000,1,999,0.10864220897201449,939,0,0,0,0,0,0,0,0,0,0,0,1,1,0,1,24,0,0,0,0,0,0,0,0,0,0,0,0,0,0,0,34,0.5337722301483154,-0.04204944521188736,1.157143473625183,0.2424461394548416,0.011342999999999999
693,49370.0,1089.0,50459.0,50459.0,0.9784181216433143,21.0,0.021,71.0,42270.0,32.0,39.0,20.0,1.0,25449.0,23921.0,234.0,449.0,0.0,551.0,42270.0,422.69999999999993,100.0,1000,1,999,0.10894075001124293,928,0,0,0,0,0,0,0,0,1,0,0,0,0,0,2,29,0,0,0,0,0,0,0,0,0,0,0,0,0,1,0,39,0.16706310212612152,-0.05779806151986122,0.45481377840042114,0.2249671369791031,0.011316
694,48572.0,1098.0,49670.0,49670.0,0.9778941010670424,19.0,0.019,67.0,41872.0,30.0,37.0,16.0,3.0,23804.0,24768.0,684.0,661.0,316.0,339.0,41872.0,418.720000000001,100.0,1000,0,1000,0.10812774999067187,930,0,0,0,0,0,0,0,0,0,0,0,0,0,1,1,29,0,0,0,0,0,0,0,0,0,0,0,1,0,0,0,38,0.5000709295272827,-2.78908628388308e-05,1.0054064989089966,0.23070234060287476,0.011289
695,49559.0,737.0,50296.0,50296.0,0.985346747256243,14.0,0.014,67.0,42859.0,29.0,38.0,8.0,6.0,23221.0,26338.0,723.0,727.0,277.0,273.0,42859.0,428.5900000000003,100.0,1000,0,1000,0.10782245791051537,932,0,0,0,0,0,0,0,0,0,0,0,0,0,1,0,28,0,0,0,0,0,0,0,0,0,0,0,0,0,0,0,39,0.3332363963127136,-0.10397297143936157,0.8798940181732178,0.24308596551418304,0.011262000000000001
696,49355.0,953.0,50308.0,50308.0,0.9810566907847659,17.0,0.017,65.0,42855.0,31.0,34.0,14.0,3.0,24352.0,25003.0,903.0,637.0,97.0,363.0,42855.0,428.54999999999984,100.0,1000,0,1000,0.10844841599464417,935,0,0,0,0,0,0,0,0,0,0,0,0,0,2,2,27,0,0,0,0,0,0,0,0,0,0,0,0,0,0,0,34,0.2923581898212433,0.0015214784070849419,0.585999608039856,0.19253093004226685,0.011235000000000002
697,49090.0,1659.0,50749.0,50749.0,0.9673097006837573,35.0,0.035,65.0,42590.0,30.0,35.0,27.0,8.0,24030.0,25060.0,261.0,464.0,0.0,536.0,42590.0,425.9000000000001,100.0,1000,1,999,0.10787579196039587,933,0,0,0,0,0,0,0,0,0,0,0,0,0,1,3,28,0,0,0,0,0,0,0,0,0,0,0,0,0,0,0,35,0.8320494294166565,0.08103132992982864,1.5070617198944092,0.22419536113739014,0.011208
698,49098.0,638.0,49736.0,49736.0,0.9871722695834003,14.0,0.014,62.0,42898.0,30.0,32.0,9.0,5.0,24394.0,24704.0,338.0,336.0,662.0,664.0,42898.0,428.97999999999996,100.0,1000,0,1000,0.1072355411015451,937,0,0,0,0,0,0,0,0,0,0,0,0,0,0,3,28,0,0,0,0,0,0,0,0,0,0,0,0,0,0,0,32,0.29418089985847473,-0.06573505699634552,0.7249027490615845,0.2267620861530304,0.011181
699,47915.0,1043.0,48958.0,48958.0,0.9786960251644267,17.0,0.017,61.0,41815.0,30.0,31.0,7.0,10.0,24522.0,23393.0,525.0,930.0,475.0,70.0,41815.0,418.15000000000055,100.0,1000,0,1000,0.10776154103223234,938,0,0,0,0,0,0,0,0,0,0,0,0,0,0,1,29,0,0,0,0,0,0,0,0,0,0,0,0,0,0,0,32,0.6245531439781189,0.002868280280381441,1.2484461069107056,0.22756080329418182,0.011154
700,47682.0,829.0,48511.0,48511.0,0.9829110923295747,11.0,0.011,65.0,41182.0,32.0,33.0,10.0,1.0,24889.0,22793.0,380.0,556.0,620.0,0.0,41182.0,411.8200000000004,100.0,1000,0,1000,0.10903749999124557,934,0,0,0,0,0,0,0,0,0,0,0,0,0,0,0,32,0,0,0,0,0,0,0,0,0,0,0,0,0,0,0,34,0.6561171412467957,-0.015189576894044876,1.3476420640945435,0.22596196830272675,0.011127000000000001
701,49030.0,549.0,49579.0,49579.0,0.9889267633473849,9.0,0.009,69.0,42130.0,35.0,34.0,6.0,3.0,25740.0,23290.0,273.0,869.0,727.0,131.0,42130.0,421.29999999999933,100.0,1000,1,999,0.10726595902815461,931,0,0,0,0,0,0,0,0,0,0,0,0,0,0,0,35,0,0,0,0,0,0,0,0,0,0,0,0,0,0,1,33,0.7317009568214417,0.08584701269865036,1.2966279983520508,0.22162817418575287,0.011099999999999999
702,50371.0,664.0,51035.0,51035.0,0.9869893210541785,12.0,0.012,65.0,43871.0,29.0,36.0,4.0,8.0,23074.0,27297.0,448.0,880.0,552.0,120.0,43871.0,438.7100000000001,100.0,1000,1,999,0.10820020805113018,934,0,0,0,0,0,0,0,0,0,0,0,0,0,0,2,27,0,0,0,0,0,0,0,0,1,0,0,0,0,0,0,36,0.6611237525939941,0.05879620462656021,1.209336757659912,0.21140262484550476,0.011073
703,49699.0,1445.0,51144.0,51144.0,0.9717464414203034,24.0,0.024,67.0,42999.0,34.0,33.0,8.0,16.0,24705.0,24994.0,420.0,932.0,580.0,68.0,42999.0,429.9899999999997,100.0,1000,1,999,0.10735641699284315,932,0,0,0,0,0,0,0,0,0,0,0,0,0,1,2,31,0,0,0,0,0,0,0,0,0,0,0,0,0,0,0,34,0.4925956130027771,-0.0010293364757671952,0.9917685985565186,0.2045394331216812,0.011046
704,50045.0,1321.0,51366.0,51366.0,0.9742825993848071,22.0,0.022,66.0,43445.0,34.0,32.0,8.0,14.0,26224.0,23821.0,585.0,618.0,415.0,382.0,43445.0,434.4499999999994,100.0,1000,2,998,0.10929195897188038,934,0,0,0,0,0,0,0,0,0,0,0,0,0,0,1,33,0,0,0,0,0,0,0,0,0,0,0,0,1,0,0,31,0.8209776282310486,0.04046602174639702,1.565471887588501,0.20186462998390198,0.011019000000000001
705,48488.0,1384.0,49872.0,49872.0,0.9722489573307668,17.0,0.017,62.0,42288.0,31.0,31.0,8.0,9.0,24447.0,24041.0,346.0,545.0,654.0,455.0,42288.0,422.8800000000006,100.0,1000,0,1000,0.1078155420254916,937,0,0,0,0,0,0,0,0,0,0,0,0,0,0,1,31,0,0,0,0,0,0,0,0,0,0,0,0,0,0,0,31,0.4470084607601166,-0.01391415111720562,0.9266915917396545,0.22045230865478516,0.010992000000000002
706,49862.0,697.0,50559.0,50559.0,0.9862141260705315,14.0,0.014,68.0,43062.0,31.0,37.0,12.0,2.0,24566.0,25296.0,762.0,964.0,238.0,36.0,43062.0,430.61999999999955,100.0,1000,1,999,0.10767291695810854,932,0,0,0,0,0,0,0,0,0,0,0,0,0,0,0,31,0,0,0,0,0,0,0,0,0,0,0,0,0,0,0,37,0.43844226002693176,0.047401972115039825,0.786440908908844,0.1988295465707779,0.010964999999999999
707,47966.0,1774.0,49740.0,49740.0,0.964334539605951,30.0,0.03,60.0,41966.0,30.0,30.0,6.0,24.0,22741.0,25225.0,318.0,883.0,682.0,117.0,41966.0,419.65999999999985,100.0,1000,0,1000,0.10782279202248901,940,0,0,0,0,0,0,0,0,0,0,0,0,0,1,1,28,0,0,0,0,0,1,0,0,0,0,0,0,0,0,0,29,0.5668045282363892,0.006412859540432692,1.1262142658233643,0.24826140701770782,0.010938
708,48449.0,1123.0,49572.0,49572.0,0.9773460824659082,18.0,0.018,65.0,41949.0,34.0,31.0,5.0,13.0,24865.0,23584.0,222.0,649.0,0.0,351.0,41949.0,419.4899999999996,100.0,1000,0,1000,0.10923145804554224,934,0,0,0,0,0,0,0,0,0,0,0,0,0,0,2,32,0,0,0,0,0,0,0,0,0,0,0,0,0,0,0,32,0.49292129278182983,-0.06014502793550491,1.1108349561691284,0.21548695862293243,0.010911
709,49791.0,882.0,50673.0,50673.0,0.9825942809780357,15.0,0.015,67.0,43091.0,33.0,34.0,2.0,13.0,24473.0,25318.0,505.0,928.0,495.0,72.0,43091.0,430.9100000000006,100.0,1000,2,998,0.10852387500926852,933,0,0,0,0,0,0,0,0,0,0,0,0,0,0,2,31,0,0,0,0,0,0,0,0,0,0,0,0,0,1,0,33,0.471736341714859,-0.0856722965836525,1.119909644126892,0.23393838107585907,0.010884000000000001
710,49558.0,680.0,50238.0,50238.0,0.9864644293164537,13.0,0.013,64.0,43158.0,31.0,33.0,10.0,3.0,25155.0,24403.0,581.0,752.0,419.0,248.0,43158.0,431.5799999999996,100.0,1000,0,1000,0.10905470792204142,935,0,0,0,0,0,0,0,0,0,0,0,0,0,0,2,29,0,0,0,0,0,0,0,0,0,0,0,1,0,0,0,33,0.4037153720855713,-0.03288763761520386,0.8779294490814209,0.21752901375293732,0.010856999999999999
711,46780.0,1455.0,48235.0,48235.0,0.969835181921841,19.0,0.019,58.0,40980.0,30.0,28.0,5.0,14.0,24002.0,22778.0,313.0,732.0,687.0,268.0,40980.0,409.7999999999999,100.0,1000,1,999,0.10791899997275323,937,0,0,0,0,0,0,0,0,0,0,0,0,0,0,1,29,0,0,0,0,0,0,0,0,0,0,1,0,0,0,0,32,0.3634267747402191,-0.08146587759256363,0.8941724300384521,0.2025444060564041,0.01083
712,50392.0,568.0,50960.0,50960.0,0.9888540031397174,8.0,0.008,69.0,43492.0,35.0,34.0,6.0,2.0,26379.0,24013.0,197.0,506.0,803.0,494.0,43492.0,434.919999999999,100.0,1000,0,1000,0.10941308306064457,931,0,0,0,0,0,0,0,0,0,0,0,0,0,0,1,34,0,0,0,0,0,0,0,0,0,0,0,0,0,0,0,34,0.18021222949028015,-0.06591325253248215,0.4967992603778839,0.21051087975502014,0.010803
713,47658.0,904.0,48562.0,48562.0,0.981384621720687,16.0,0.016,63.0,41358.0,30.0,33.0,11.0,5.0,23445.0,24213.0,725.0,849.0,275.0,151.0,41358.0,413.5799999999998,100.0,1000,0,1000,0.10875837504863739,937,0,0,0,0,0,0,0,0,0,0,0,0,0,0,1,29,0,0,0,0,0,0,0,0,0,0,0,0,0,0,0,33,0.3968258798122406,-0.025114675983786583,0.8484741449356079,0.21311208605766296,0.010776
714,48926.0,782.0,49708.0,49708.0,0.9842681258549931,14.0,0.014,60.0,42926.0,31.0,29.0,6.0,8.0,26018.0,22908.0,155.0,347.0,845.0,653.0,42926.0,429.2600000000001,100.0,1000,0,1000,0.10891916695982218,940,0,0,0,0,0,0,0,0,0,0,0,0,0,0,0,31,0,0,0,0,0,0,0,0,0,0,0,0,0,0,0,29,0.45862725377082825,0.03637094795703888,0.8497627973556519,0.24421565234661102,0.010749000000000002
715,47958.0,2520.0,50478.0,50478.0,0.9500772613811957,31.0,0.031,65.0,41458.0,32.0,33.0,19.0,12.0,24693.0,23265.0,984.0,497.0,16.0,503.0,41458.0,414.58000000000044,100.0,1000,1,999,0.10837695898953825,935,0,0,0,0,0,0,0,0,0,0,0,0,0,0,0,32,0,0,0,0,0,0,0,0,0,0,0,0,0,0,0,33,0.6303728222846985,0.04248126596212387,1.1813507080078125,0.2596331238746643,0.010721999999999999
716,49195.0,522.0,49717.0,49717.0,0.9895005732445642,7.0,0.007,65.0,42695.0,33.0,32.0,5.0,2.0,24862.0,24333.0,228.0,930.0,772.0,70.0,42695.0,426.95000000000005,100.0,1000,0,1000,0.10965674999170005,935,0,0,0,0,0,0,0,0,0,0,0,0,0,0,1,32,0,0,0,0,0,0,0,0,0,0,0,0,0,0,0,32,0.6254482269287109,0.027137333527207375,1.201509952545166,0.22852745652198792,0.010695
717,49091.0,806.0,49897.0,49897.0,0.9838467242519591,10.0,0.01,64.0,42691.0,34.0,30.0,4.0,6.0,24952.0,24139.0,310.0,878.0,690.0,122.0,42691.0,426.90999999999974,100.0,1000,1,999,0.1081826250301674,936,0,0,0,0,0,0,0,0,0,0,0,0,0,1,3,30,0,0,0,0,0,0,0,0,0,0,0,0,0,0,0,30,0.8199663758277893,0.04283682256937027,1.5580331087112427,0.17688576877117157,0.010668
718,46147.0,1743.0,47890.0,47890.0,0.963604092712466,24.0,0.024,61.0,40047.0,32.0,29.0,12.0,12.0,24249.0,21898.0,537.0,659.0,463.0,341.0,40047.0,400.4699999999998,100.0,1000,0,1000,0.10841749992687255,937,0,0,0,0,0,0,0,0,0,0,0,0,0,1,1,30,0,0,0,0,0,0,0,0,0,0,0,0,0,0,0,31,0.6667791604995728,0.025539619848132133,1.286801815032959,0.20311768352985382,0.010641000000000001
719,47487.0,1019.0,48506.0,48506.0,0.978992289613656,14.0,0.014,65.0,40987.0,30.0,35.0,12.0,2.0,24105.0,23382.0,580.0,867.0,420.0,133.0,40987.0,409.8699999999993,100.0,1000,1,999,0.10723183304071426,935,0,0,0,0,0,0,0,0,0,0,0,0,0,1,1,28,0,0,0,2,1,0,0,0,0,0,0,0,0,0,0,32,0.8155524134635925,-0.026184482499957085,1.6879210472106934,0.20949822664260864,0.010613999999999998
720,49467.0,559.0,50026.0,50026.0,0.9888258105784992,11.0,0.011,63.0,43167.0,32.0,31.0,6.0,5.0,25445.0,24022.0,942.0,825.0,58.0,175.0,43167.0,431.66999999999973,100.0,1000,1,999,0.10920258401893079,936,0,0,0,0,0,0,0,0,0,0,0,1,0,0,0,31,0,0,0,0,0,0,0,0,0,0,0,0,0,0,0,32,0.17625276744365692,-0.011694973334670067,0.3800051510334015,0.19409020245075226,0.010587
721,48327.0,1418.0,49745.0,49745.0,0.9714946225751332,25.0,0.025,63.0,42027.0,31.0,32.0,9.0,16.0,24238.0,24089.0,805.0,489.0,195.0,511.0,42027.0,420.27,100.0,1000,0,1000,0.10815354099031538,937,0,0,0,0,0,0,1,0,0,0,0,0,0,0,0,30,0,0,0,0,0,0,0,0,0,0,0,0,0,0,0,32,0.7217257618904114,-0.019604919478297234,1.486718773841858,0.19211038947105408,0.01056
722,48761.0,1875.0,50636.0,50636.0,0.9629710087684651,28.0,0.028,61.0,42661.0,31.0,30.0,14.0,14.0,25619.0,23142.0,95.0,708.0,905.0,292.0,42661.0,426.6100000000006,100.0,1000,1,999,0.11018191697075963,938,0,0,0,0,1,0,0,0,0,0,0,0,0,1,1,28,0,0,0,0,0,0,0,0,0,0,0,0,0,0,0,31,0.4156675636768341,-0.1378588080406189,1.1121495962142944,0.24194808304309845,0.010533
723,49178.0,1288.0,50466.0,50466.0,0.9744778662862125,22.0,0.022,67.0,42478.0,31.0,36.0,10.0,12.0,24738.0,24440.0,307.0,969.0,693.0,31.0,42478.0,424.77999999999906,100.0,1000,1,999,0.10812579200137407,933,0,0,0,0,0,0,0,0,0,0,0,0,0,0,1,30,0,0,0,0,1,0,0,0,1,0,0,0,0,0,0,34,0.5610957145690918,-0.03842620179057121,1.2035458087921143,0.21425817906856537,0.010506000000000001
724,48967.0,1170.0,50137.0,50137.0,0.976663940802202,15.0,0.015,66.0,42367.0,33.0,33.0,8.0,7.0,24577.0,24390.0,906.0,952.0,94.0,48.0,42367.0,423.66999999999956,100.0,1000,1,999,0.10728087497409433,934,0,0,0,0,0,0,0,0,0,0,0,0,0,0,1,32,0,0,0,0,0,0,0,0,0,0,0,0,0,0,0,33,0.21788403391838074,-0.11215315014123917,0.6650411486625671,0.23698821663856506,0.010478999999999999
725,49672.0,899.0,50571.0,50571.0,0.9822230131893773,12.0,0.012,70.0,42672.0,37.0,33.0,3.0,9.0,25509.0,24163.0,894.0,397.0,106.0,603.0,42672.0,426.72000000000025,100.0,1000,0,1000,0.1096076249377802,930,0,0,0,0,0,0,0,0,0,0,0,0,0,1,0,36,0,0,0,0,0,0,0,0,0,0,0,0,0,0,0,33,0.988677442073822,0.0667753517627716,1.848302960395813,0.21521711349487305,0.010452
726,48554.0,660.0,49214.0,49214.0,0.9865891819400984,12.0,0.012,67.0,41854.0,34.0,33.0,6.0,6.0,25084.0,23470.0,870.0,965.0,130.0,35.0,41854.0,418.54000000000076,100.0,1000,1,999,0.10820216697175056,933,0,0,0,0,0,0,0,0,0,0,0,0,0,1,1,32,0,0,0,0,0,0,0,0,0,0,0,0,0,0,1,32,0.22098051011562347,-0.06994415819644928,0.5863415002822876,0.215452179312706,0.010425
727,50337.0,1136.0,51473.0,51473.0,0.9779301769859926,20.0,0.02,67.0,43637.0,34.0,33.0,2.0,18.0,24033.0,26304.0,610.0,549.0,390.0,68.0,43637.0,436.3700000000001,100.0,1000,0,1000,0.10742041689809412,932,0,0,0,0,0,0,0,0,0,0,1,0,0,0,1,32,0,0,0,0,0,0,0,0,0,0,0,0,0,0,0,34,1.1305642127990723,0.02408835105597973,2.2177488803863525,0.23067490756511688,0.010398000000000001
728,47876.0,594.0,48470.0,48470.0,0.9877449969053023,12.0,0.012,63.0,41576.0,33.0,30.0,5.0,7.0,25233.0,22643.0,803.375,836.0,196.625,164.0,41576.0,415.75999999999976,100.0,1000,0,1000,0.1070160410599783,937,0,0,0,0,0,0,0,0,0,0,1,0,0,1,1,30,0,0,0,0,0,0,0,0,0,0,0,0,0,0,0,30,0.7030967473983765,0.028275785967707634,1.353461503982544,0.18414969742298126,0.010370999999999998
729,49808.0,637.0,50445.0,50445.0,0.9873723857666766,13.0,0.013,63.0,43508.0,34.0,29.0,2.0,11.0,26147.0,23661.0,422.0,265.0,578.0,735.0,43508.0,435.0799999999998,100.0,1000,0,1000,0.10960158391389996,937,0,0,0,0,0,0,0,0,0,0,0,0,0,0,0,34,0,0,0,0,0,0,0,0,0,0,0,0,0,0,0,29,0.10971914231777191,-0.08333814889192581,0.3911052644252777,0.24123574793338776,0.010343999999999999
730,49463.0,1177.0,50640.0,50640.0,0.976757503949447,14.0,0.014,65.0,42963.0,34.0,31.0,2.0,12.0,25645.0,23818.0,749.0,792.0,251.0,208.0,42963.0,429.62999999999937,100.0,1000,0,1000,0.10805575002450496,934,0,0,0,0,0,0,0,0,0,0,0,0,0,0,0,35,0,0,0,0,0,0,0,0,0,0,0,0,0,0,0,31,0.8656222224235535,0.003077276749536395,1.7293637990951538,0.20712630450725555,0.010317
731,50575.0,1138.0,51713.0,51713.0,0.9779939280258348,22.0,0.022,64.0,44175.0,33.0,31.0,4.0,18.0,25518.0,25057.0,682.0,633.0,318.0,367.0,44175.0,441.7500000000001,100.0,1000,0,1000,0.10925112501718104,935,0,0,0,0,0,0,0,0,0,0,0,0,0,1,1,31,0,0,0,0,0,0,0,0,0,0,0,0,1,0,0,31,0.6762247085571289,-0.030063509941101074,1.4171078205108643,0.22018326818943024,0.01029
732,47975.0,1368.0,49343.0,49343.0,0.9722757027339237,26.0,0.026,62.0,41775.0,33.0,29.0,4.0,22.0,24245.0,23730.0,516.0,755.0,484.0,245.0,41775.0,417.7500000000007,100.0,1000,0,1000,0.10810375004075468,936,0,0,0,0,0,0,0,0,1,0,0,0,0,0,1,32,0,0,0,0,0,0,0,0,1,0,0,0,0,0,0,29,0.808619499206543,0.016372885555028915,1.5887984037399292,0.20974013209342957,0.010263000000000001
733,48528.0,1871.0,50399.0,50399.0,0.9628762475445941,21.0,0.021,65.0,42028.0,32.0,33.0,4.0,17.0,23225.0,25303.0,804.0,632.0,196.0,368.0,42028.0,420.2800000000007,100.0,1000,0,1000,0.10733495792374015,933,0,0,0,0,0,0,0,0,0,0,0,0,1,0,0,32,0,0,0,0,0,0,0,0,0,0,0,0,0,0,0,34,0.6050300598144531,0.05101504176855087,1.1119003295898438,0.18905310332775116,0.010235999999999999
734,48624.0,2473.0,51097.0,51097.0,0.9516018552948314,30.0,0.03,62.0,42424.0,36.0,26.0,11.0,19.0,25895.0,22729.0,838.0,238.0,162.0,762.0,42424.0,424.2399999999994,100.0,1000,1,999,0.1082898749737069,937,0,0,0,0,0,0,0,0,1,0,1,0,0,0,1,33,0,0,0,0,0,0,0,0,0,0,0,0,0,0,0,27,0.6586607098579407,-0.07505310326814651,1.471041202545166,0.17697790265083313,0.010209
735,47616.0,2040.0,49656.0,49656.0,0.958917351377477,33.0,0.033,59.0,41716.0,32.0,27.0,3.0,30.0,24966.0,22650.0,100.0,487.0,900.0,513.0,41716.0,417.15999999999946,100.0,1000,1,999,0.10727687506005168,941,0,0,0,0,0,0,0,0,0,0,0,0,0,1,2,29,0,0,0,0,0,0,0,0,0,0,0,0,0,0,0,27,0.5362464189529419,0.0054435692727565765,1.0662425756454468,0.2277015596628189,0.010182
736,48659.0,1597.0,50256.0,50256.0,0.968222699777141,30.0,0.03,61.0,42559.0,31.0,30.0,12.0,18.0,23485.0,25174.0,205.9375,567.0,0.0,433.0,42559.0,425.5900000000001,100.0,1000,1,999,0.1117343750083819,938,0,0,0,0,0,0,0,0,0,0,0,0,0,1,1,30,0,0,0,0,0,0,0,0,0,0,0,0,0,0,0,30,0.22226472198963165,-0.04489908367395401,0.5384016633033752,0.20059405267238617,0.010155
737,48778.0,2422.0,51200.0,51200.0,0.9526953125,35.0,0.035,64.0,42378.0,34.0,30.0,10.0,25.0,24719.0,24059.0,1000.0,837.0,0.0,163.0,42378.0,423.7800000000002,100.0,1000,0,1000,0.10759124998003244,936,0,0,0,0,0,0,0,0,0,0,0,0,0,0,1,33,0,0,0,0,0,0,0,0,0,0,0,0,0,0,0,30,0.37901973724365234,0.025515524670481682,0.7106126546859741,0.17793405055999756,0.010127999999999998
738,49578.0,2069.0,51647.0,51647.0,0.9599395899084168,30.0,0.03,60.0,43578.0,30.0,30.0,13.0,17.0,23465.0,26113.0,981.0,226.0,19.0,0.0,43578.0,435.7800000000002,100.0,1000,0,1000,0.10726129100658,939,0,0,0,0,0,0,0,0,0,0,0,0,0,0,1,30,0,0,0,0,0,0,0,0,0,0,0,0,0,0,0,30,0.5378268957138062,-0.03765257075428963,1.1555730104446411,0.2284012734889984,0.010100999999999999
739,48957.0,1779.0,50736.0,50736.0,0.9649361400189215,22.0,0.022,61.0,42857.0,30.0,31.0,9.0,13.0,24096.0,24861.0,404.0,641.0,596.0,359.0,42857.0,428.57000000000073,100.0,1000,0,1000,0.10816966707352549,939,0,0,0,0,0,0,0,0,0,0,0,0,0,0,0,30,0,0,0,0,0,0,0,0,0,0,0,0,0,0,0,31,0.5098099708557129,0.015594227239489555,0.9921781420707703,0.18595793843269348,0.010074
740,48616.0,1471.0,50087.0,50087.0,0.9706311018827241,29.0,0.029,60.0,42616.0,28.0,32.0,17.0,12.0,23543.0,25073.0,357.0,461.0,643.0,539.0,42616.0,426.1600000000005,100.0,1000,2,998,0.10972583293914795,940,0,0,0,0,0,0,0,0,0,0,0,0,0,0,0,28,0,0,0,0,0,0,0,0,0,1,0,0,0,0,0,31,0.3647741973400116,-0.012267913669347763,0.7588525414466858,0.23729906976222992,0.010047
741,47394.0,1154.0,48548.0,48548.0,0.9762297108016809,18.0,0.018,63.0,41094.0,30.0,33.0,4.0,14.0,24102.0,23292.0,24.0,1000.0,0.0,0.0,41094.0,410.94000000000005,100.0,1000,1,999,0.10813141707330942,936,0,0,0,0,0,0,0,0,0,0,0,0,0,1,2,28,0,0,0,0,0,0,0,0,0,0,0,0,0,0,1,32,0.45501232147216797,-0.013454277068376541,0.9410175085067749,0.20380710065364838,0.010019999999999998
742,49137.0,1408.0,50545.0,50545.0,0.9721436343852013,23.0,0.023,63.0,42837.0,31.0,32.0,13.0,10.0,24642.0,24495.0,522.0,596.0,478.0,404.0,42837.0,428.37000000000046,100.0,1000,0,1000,0.10724662500433624,935,0,0,0,0,0,0,0,0,0,0,0,0,0,0,1,31,0,0,0,0,0,0,0,0,0,0,0,0,0,0,0,33,0.40608686208724976,-0.03806963190436363,0.8929476141929626,0.23189301788806915,0.009992999999999998
743,48787.0,849.0,49636.0,49636.0,0.9828954790877589,11.0,0.011,65.0,42287.0,34.0,31.0,7.0,4.0,26075.0,22712.0,450.0,883.0,550.0,117.0,42287.0,422.8700000000007,100.0,1000,1,999,0.10719974990934134,934,0,0,0,0,0,0,0,0,0,0,0,0,0,0,0,34,0,0,0,0,0,0,0,0,0,0,0,0,0,0,0,32,0.7829946279525757,0.07737478613853455,1.4150642156600952,0.19187581539154053,0.009966
744,48549.0,1537.0,50086.0,50086.0,0.9693127820149343,18.0,0.018,66.0,41949.0,32.0,34.0,6.0,12.0,23551.0,24998.0,607.0,634.0,393.0,366.0,41949.0,419.4900000000001,100.0,1000,0,1000,0.10932591604068875,934,0,0,0,0,0,0,0,0,0,0,0,0,0,0,0,32,0,1,0,0,0,0,0,0,0,0,0,0,0,0,0,33,0.5962905287742615,0.06526519358158112,1.0661545991897583,0.20645444095134735,0.009939
745,49714.0,1204.0,50918.0,50918.0,0.9763541380258455,23.0,0.023,65.0,43214.0,34.0,31.0,11.0,12.0,26580.0,23134.0,777.25,544.0,222.75,456.0,43214.0,432.13999999999965,100.0,1000,2,998,0.10797058301977813,934,0,0,0,0,0,0,0,0,0,0,0,0,0,1,2,31,0,0,0,0,1,0,0,0,0,0,0,0,0,0,0,31,0.29093125462532043,-0.06264997273683548,0.7109523415565491,0.19117608666419983,0.009912
746,47916.0,1791.0,49707.0,49707.0,0.9639688575049792,25.0,0.025,63.0,41616.0,31.0,32.0,10.0,15.0,22905.0,25011.0,835.375,665.0,164.625,335.0,41616.0,416.15999999999997,100.0,1000,0,1000,0.10939870798029006,937,1,0,0,0,0,0,0,0,0,0,0,0,0,1,3,26,0,0,0,0,0,0,0,0,0,0,0,0,0,0,0,32,0.6291953921318054,0.0171933826059103,1.2270137071609497,0.15223358571529388,0.009884999999999998
747,48052.0,1915.0,49967.0,49967.0,0.9616747053055016,30.0,0.03,59.0,42152.0,30.0,29.0,13.0,17.0,23588.0,24464.0,501.0,452.0,499.0,548.0,42152.0,421.51999999999947,100.0,1000,0,1000,0.1080527079757303,941,0,0,0,0,0,0,0,0,0,0,0,0,0,1,0,29,0,0,0,0,0,0,0,0,0,0,0,0,0,0,0,29,0.33033037185668945,-0.03852863609790802,0.7419664859771729,0.21548552811145782,0.009857999999999999
748,48749.0,1136.0,49885.0,49885.0,0.9772276235341285,20.0,0.02,63.0,42449.0,34.0,29.0,3.0,17.0,25600.0,23149.0,703.0,808.0,297.0,192.0,42449.0,424.49000000000063,100.0,1000,0,1000,0.10891820793040097,935,0,0,0,0,0,0,0,0,0,0,0,0,0,0,0,34,0,0,0,0,0,0,0,0,0,0,0,0,0,0,0,31,0.22201651334762573,-0.08313178271055222,0.6143572330474854,0.20652136206626892,0.009831
749,48454.0,1254.0,49708.0,49708.0,0.9747726724068561,21.0,0.021,61.0,42354.0,30.0,31.0,14.0,7.0,24071.0,24383.0,466.0,752.0,534.0,248.0,42354.0,423.5400000000002,100.0,1000,0,1000,0.10745104192756116,937,0,0,0,0,0,0,0,0,0,0,0,0,0,0,0,31,0,0,0,0,0,0,0,0,0,0,0,0,0,0,0,32,0.4504565894603729,-0.0029000290669500828,0.9109843969345093,0.2178279608488083,0.009804
750,48354.0,1197.0,49551.0,49551.0,0.9758430707755645,14.0,0.014,60.0,42354.0,28.0,32.0,8.0,6.0,23693.0,24661.0,1.0,185.0,999.0,30.0,42354.0,423.54000000000036,100.0,1000,0,1000,0.10769824997987598,939,0,0,0,0,0,0,0,0,0,0,0,0,0,0,0,29,0,0,0,0,0,0,0,0,0,0,0,0,0,0,0,32,0.24471791088581085,-0.05025346577167511,0.5949095487594604,0.25400441884994507,0.009776999999999997
751,50147.0,851.0,50998.0,50998.0,0.9833130711008274,13.0,0.013,66.0,43547.0,35.0,31.0,3.0,10.0,26544.0,23603.0,787.0,390.0,213.0,610.0,43547.0,435.47000000000014,100.0,1000,0,1000,0.10922004200983793,934,0,0,0,0,0,0,0,0,0,0,0,0,0,1,2,32,0,0,0,0,0,0,0,0,0,0,0,0,0,0,0,31,0.48189452290534973,0.018690872937440872,0.9302087426185608,0.19494563341140747,0.009749999999999998
752,49040.0,1552.0,50592.0,50592.0,0.9693232131562303,23.0,0.023,62.0,42840.0,33.0,29.0,6.0,17.0,24429.0,24611.0,825.0,252.0,175.0,748.0,42840.0,428.39999999999947,100.0,1000,0,1000,0.10693958296906203,937,0,0,0,0,0,0,0,0,0,0,0,0,0,0,0,33,0,0,0,0,0,0,0,0,0,0,0,0,0,0,0,30,0.312417209148407,-0.0482947900891304,0.726006269454956,0.2356415092945099,0.009722999999999999
753,48797.0,887.0,49684.0,49684.0,0.9821471701151276,17.0,0.017,66.0,42197.0,32.0,34.0,9.0,8.0,24118.0,24679.0,131.0,593.0,0.0,407.0,42197.0,421.9700000000007,100.0,1000,1,999,0.10728504101280123,934,0,0,0,0,0,0,0,0,0,0,0,0,0,0,1,31,0,0,0,0,0,0,0,1,0,0,0,0,0,0,0,33,0.783402681350708,0.11512023210525513,1.341246247291565,0.24140878021717072,0.009696
754,47041.0,862.0,47903.0,47903.0,0.9820053023818968,12.0,0.012,65.0,40541.0,31.0,34.0,5.0,7.0,23572.0,23469.0,414.0,773.0,586.0,227.0,40541.0,405.41000000000105,100.0,1000,1,999,0.10811966599430889,934,0,0,0,0,0,1,0,0,0,0,0,0,0,0,1,29,0,0,0,0,0,0,0,0,0,0,0,0,0,0,0,35,0.38299646973609924,-0.049421295523643494,0.8687646985054016,0.20318451523780823,0.009669
755,49099.0,1058.0,50157.0,50157.0,0.9789062344239089,11.0,0.011,63.0,42799.0,32.0,31.0,4.0,7.0,24916.0,24183.0,225.0,819.0,775.0,181.0,42799.0,427.9900000000011,100.0,1000,0,1000,0.10737900005187839,936,0,0,0,0,0,0,0,0,0,0,0,0,0,0,1,32,0,0,0,0,0,0,0,0,0,0,0,0,0,0,0,31,0.5186978578567505,-0.0021885880269110203,1.04542875289917,0.18958474695682526,0.009641999999999998
756,47942.0,972.0,48914.0,48914.0,0.9801283886004007,11.0,0.011,62.0,41742.0,30.0,32.0,2.0,9.0,23573.0,24369.0,217.0,796.0,783.0,204.0,41742.0,417.42000000000047,100.0,1000,0,1000,0.10798429197166115,938,0,0,0,0,0,0,0,0,0,0,0,0,0,1,1,28,0,0,0,0,0,0,0,0,0,0,0,0,0,0,0,32,0.49651244282722473,0.009216264821588993,0.978447675704956,0.20048710703849792,0.009614999999999999
757,49426.0,647.0,50073.0,50073.0,0.9870788648573083,12.0,0.012,65.0,42926.0,34.0,31.0,3.0,9.0,24527.0,24899.0,251.0,677.0,70.0,323.0,42926.0,429.2599999999999,100.0,1000,1,999,0.10975262499414384,934,0,0,0,0,0,0,0,0,0,0,0,0,0,0,0,34,0,0,0,0,0,0,0,0,0,0,0,0,0,0,0,32,0.24400299787521362,7.093774911481887e-05,0.49174466729164124,0.20236483216285706,0.009588
758,48975.0,528.0,49503.0,49503.0,0.9893339797588026,9.0,0.009,64.0,42575.0,31.0,33.0,4.0,5.0,24681.0,24294.0,559.0,294.0,441.0,0.0,42575.0,425.7499999999998,100.0,1000,0,1000,0.10738800000399351,936,0,0,0,0,0,0,0,0,0,0,0,0,0,0,1,30,0,0,0,0,0,0,0,0,0,0,0,0,0,0,1,32,0.6021802425384521,0.028318757191300392,1.1511359214782715,0.17848041653633118,0.009561
759,48203.0,1178.0,49381.0,49381.0,0.9761446710273182,19.0,0.019,66.0,41603.0,33.0,33.0,11.0,8.0,25155.0,23048.0,37.0,940.0,27.0,60.0,41603.0,416.02999999999975,100.0,1000,1,999,0.10957616602536291,931,0,0,0,0,0,0,0,0,0,0,1,0,0,0,0,33,0,0,0,0,0,0,0,0,0,0,1,0,0,0,0,34,0.34204915165901184,-0.02223130688071251,0.7317239046096802,0.16587941348552704,0.009533999999999997
760,48147.0,1359.0,49506.0,49506.0,0.9725487819658223,16.0,0.016,63.0,41847.0,33.0,30.0,8.0,8.0,24347.0,23800.0,764.0,476.0,236.0,524.0,41847.0,418.4700000000003,100.0,1000,0,1000,0.1077935000648722,937,0,0,0,0,0,0,0,0,0,0,0,0,0,0,2,31,0,0,0,0,0,0,0,0,0,0,0,0,0,0,0,30,0.720508873462677,-0.08985298126935959,1.624362587928772,0.19137823581695557,0.009506999999999998
761,48434.0,1854.0,50288.0,50288.0,0.9631323576201082,27.0,0.027,62.0,42234.0,30.0,32.0,6.0,21.0,24535.0,23899.0,352.75,926.0,647.25,74.0,42234.0,422.3400000000001,100.0,1000,0,1000,0.10879266692791134,938,0,0,0,0,0,0,0,0,0,0,0,0,0,1,2,27,0,0,0,0,0,0,0,0,0,0,0,0,0,0,0,32,0.33570924401283264,-0.07679557055234909,0.8290639519691467,0.21383479237556458,0.009479999999999999
762,48636.0,1138.0,49774.0,49774.0,0.9771366576927714,21.0,0.021,62.0,42436.0,29.0,33.0,16.0,5.0,23815.0,24821.0,228.0,577.0,70.0,423.0,42436.0,424.36000000000064,100.0,1000,1,999,0.10771324997767806,935,0,0,0,1,0,0,0,0,0,0,0,0,0,1,1,27,0,0,0,0,0,0,0,0,0,0,0,0,0,0,0,35,0.3258749842643738,-0.017780844122171402,0.6911129355430603,0.2010621428489685,0.009453
763,49980.0,1175.0,51155.0,51155.0,0.9770305932948881,19.0,0.019,64.0,43580.0,30.0,34.0,13.0,6.0,24988.0,24992.0,819.0,483.0,181.0,517.0,43580.0,435.79999999999984,100.0,1000,1,999,0.10925950005184859,936,0,0,0,0,0,0,0,0,0,0,0,0,0,0,0,30,0,0,0,1,0,0,0,0,1,0,0,0,0,0,0,32,0.410066157579422,-0.053489964455366135,0.9305656552314758,0.18318580090999603,0.009426
764,46096.0,1681.0,47777.0,47777.0,0.9648157063021956,20.0,0.02,60.0,40096.0,28.0,32.0,1.0,19.0,21822.0,24274.0,465.0,648.0,535.0,352.0,40096.0,400.9599999999992,100.0,1000,0,1000,0.10806070908438414,939,0,0,0,0,0,0,0,0,0,0,0,0,0,0,1,27,0,0,0,0,0,1,0,0,0,0,0,0,0,0,0,32,0.3761068880558014,-0.017420081421732903,0.7910471558570862,0.21242763102054596,0.009398999999999998
765,49006.0,1516.0,50522.0,50522.0,0.9699932702585012,21.0,0.021,62.0,42806.0,29.0,33.0,17.0,4.0,24505.0,24501.0,181.0,715.0,819.0,285.0,42806.0,428.05999999999943,100.0,1000,0,1000,0.1080950420582667,936,0,0,0,0,0,0,0,0,0,0,1,0,0,0,2,26,0,0,0,0,0,0,0,0,0,0,0,0,1,0,0,34,0.27198556065559387,-0.021333802491426468,0.5903134346008301,0.19604693353176117,0.009371999999999998
766,47716.0,2264.0,49980.0,49980.0,0.9547018807523009,31.0,0.031,60.0,41716.0,30.0,30.0,22.0,9.0,23351.0,24365.0,967.0,678.0,33.0,322.0,41716.0,417.15999999999894,100.0,1000,2,998,0.10897658299654722,940,0,0,0,0,0,0,0,0,0,0,0,1,0,0,2,27,0,0,0,0,0,0,0,0,0,0,0,0,0,0,0,30,0.31176790595054626,-0.003385677933692932,0.6340445280075073,0.19996614754199982,0.009345
767,48397.0,1057.0,49454.0,49454.0,0.9786266024992922,19.0,0.019,63.0,42097.0,31.0,32.0,8.0,11.0,24166.0,24231.0,528.0,420.0,472.0,47.0,42097.0,420.9700000000006,100.0,1000,0,1000,0.10720645904075354,937,0,0,0,0,0,0,0,0,1,0,0,0,0,0,1,29,0,0,0,0,0,0,0,1,0,0,0,0,0,0,0,31,0.13154181838035583,-0.08044061809778214,0.42673105001449585,0.14843310415744781,0.009318
768,48020.0,1592.0,49612.0,49612.0,0.9679109892767879,30.0,0.03,58.0,42220.0,29.0,29.0,17.0,13.0,24390.0,23630.0,72.6875,944.0,927.3125,56.0,42220.0,422.19999999999936,100.0,1000,0,1000,0.10863499995321035,940,0,0,0,0,0,0,0,0,0,0,0,0,0,0,1,28,0,0,0,0,0,0,0,0,0,0,0,0,0,0,0,31,0.46513649821281433,-0.004672848153859377,0.9432355165481567,0.19463972747325897,0.009290999999999997
769,49462.0,1670.0,51132.0,51132.0,0.9673394351873582,19.0,0.019,63.0,43162.0,31.0,32.0,5.0,14.0,25072.0,24390.0,206.5625,802.0,10.0,198.0,43162.0,431.61999999999983,100.0,1000,0,1000,0.10692383302375674,936,0,0,0,0,0,0,0,0,0,0,1,0,0,0,0,31,0,0,0,0,0,0,0,0,0,0,0,0,0,0,0,32,0.5709083676338196,0.028802793473005295,1.0876914262771606,0.18784049153327942,0.009263999999999998
770,48092.0,1326.0,49418.0,49418.0,0.9731676716985713,20.0,0.02,58.0,42292.0,28.0,30.0,10.0,10.0,23762.0,24330.0,41.0,763.0,0.0,237.0,42292.0,422.92000000000047,100.0,1000,1,999,0.10905970796011388,941,0,0,0,0,0,0,0,1,0,0,0,0,0,0,0,28,0,0,0,0,0,0,0,0,0,0,0,0,0,0,0,30,0.52628493309021,0.04368496686220169,0.9686254262924194,0.18542076647281647,0.009236999999999999
771,47789.0,2423.0,50212.0,50212.0,0.9517446028837728,39.0,0.039,57.0,42089.0,30.0,27.0,25.0,14.0,24768.0,23021.0,159.0,202.0,0.0,798.0,42089.0,420.88999999999993,100.0,1000,0,1000,0.10702500003390014,943,0,0,0,0,0,0,0,0,0,0,0,0,0,0,0,30,0,0,0,0,0,0,0,0,0,0,0,0,0,0,0,27,0.32794472575187683,-0.005197104532271624,0.6709780097007751,0.25484907627105713,0.00921
772,48352.0,1727.0,50079.0,50079.0,0.9655144871103656,27.0,0.027,61.0,42252.0,29.0,32.0,7.0,20.0,23824.0,24528.0,412.0625,651.0,587.9375,349.0,42252.0,422.5199999999997,100.0,1000,1,999,0.10934158402960747,938,0,0,0,0,0,0,0,0,0,0,0,0,0,0,1,28,0,0,0,0,0,0,0,0,0,0,0,0,0,0,0,33,0.4127236604690552,0.013246745802462101,0.802433431148529,0.1894572377204895,0.009183
773,47685.0,1035.0,48720.0,48720.0,0.978756157635468,17.0,0.017,59.0,41785.0,30.0,29.0,10.0,7.0,24428.0,23257.0,596.0,820.0,404.0,180.0,41785.0,417.8500000000003,100.0,1000,0,1000,0.10723254201002419,941,0,0,0,0,0,0,0,0,0,0,0,0,0,0,0,30,0,0,0,0,0,0,0,0,0,0,0,0,0,0,0,29,0.1678072214126587,-0.07091342657804489,0.48068293929100037,0.17702306807041168,0.009155999999999997
774,47736.0,1386.0,49122.0,49122.0,0.9717845364602419,21.0,0.021,61.0,41636.0,32.0,29.0,5.0,16.0,24679.0,23057.0,646.0,464.0,354.0,536.0,41636.0,416.3599999999994,100.0,1000,1,999,0.10927962500136346,938,0,0,0,0,0,0,0,0,0,0,0,0,0,1,1,31,0,0,0,0,0,0,0,0,0,0,0,0,0,0,0,29,0.5241868495941162,0.03748709708452225,0.9767976403236389,0.18612095713615417,0.009128999999999998
775,49098.0,460.0,49558.0,49558.0,0.9907179466483717,9.0,0.009,63.0,42798.0,31.0,32.0,6.0,3.0,24098.0,25000.0,566.0,823.0,434.0,177.0,42798.0,427.97999999999985,100.0,1000,1,999,0.10809450002852827,937,0,0,0,0,0,0,0,0,0,0,0,0,0,1,1,29,0,0,0,0,0,0,0,0,0,0,0,0,0,0,0,32,0.4400750398635864,0.06455622613430023,0.7544108629226685,0.1853019744157791,0.009101999999999999
776,49387.0,1126.0,50513.0,50513.0,0.9777087086492586,19.0,0.019,62.0,43187.0,30.0,32.0,5.0,14.0,24178.0,25209.0,702.0,450.0,298.0,550.0,43187.0,431.8700000000007,100.0,1000,0,1000,0.10935170797165483,936,0,0,0,0,0,0,0,0,0,0,0,0,0,0,2,29,0,0,0,0,0,0,0,0,0,0,0,0,1,0,1,31,0.2634710967540741,-0.07486995309591293,0.6802977323532104,0.19920621812343597,0.009075
777,47334.0,1068.0,48402.0,48402.0,0.9779347960828065,16.0,0.016,61.0,41234.0,31.0,30.0,6.0,10.0,24446.0,22888.0,785.0,961.0,215.0,39.0,41234.0,412.34000000000043,100.0,1000,1,999,0.10822883294895291,939,0,0,0,0,0,0,0,0,0,0,0,0,0,0,0,31,0,0,0,0,0,0,0,0,0,0,0,0,0,0,0,30,0.4497007727622986,-0.02460010163486004,0.9519476890563965,0.1849009096622467,0.009047999999999997
778,46891.0,1198.0,48089.0,48089.0,0.975087857930088,20.0,0.02,60.0,40891.0,32.0,28.0,4.0,16.0,23201.0,23690.0,529.0,72.0,471.0,928.0,40891.0,408.9100000000002,100.0,1000,1,999,0.10802124999463558,939,0,0,0,0,0,0,0,0,0,0,0,0,0,0,2,30,0,0,0,0,1,0,0,0,0,0,0,0,0,0,0,28,0.49735304713249207,0.09891579300165176,0.8004242181777954,0.19674569368362427,0.009020999999999998
779,48234.0,1297.0,49531.0,49531.0,0.9738143788738366,22.0,0.022,64.0,41834.0,31.0,33.0,17.0,5.0,23592.0,24642.0,507.0,983.0,23.0,17.0,41834.0,418.3399999999995,100.0,1000,0,1000,0.10721162497065961,936,0,0,0,0,0,0,0,0,0,0,0,0,0,0,0,31,0,0,0,0,0,0,0,0,0,0,0,0,0,0,0,33,1.0741750001907349,0.04769979417324066,2.056509256362915,0.19784723222255707,0.008993999999999999
780,48881.0,1021.0,49902.0,49902.0,0.9795398982004729,13.0,0.013,63.0,42581.0,33.0,30.0,2.0,11.0,25020.0,23861.0,366.0,864.0,634.0,136.0,42581.0,425.80999999999983,100.0,1000,0,1000,0.10954508290160447,936,0,0,0,0,0,0,0,0,0,0,0,0,0,0,0,33,0,0,0,0,0,0,0,0,0,0,0,0,0,0,0,31,0.41091933846473694,0.014417220838367939,0.7965769171714783,0.19921532273292542,0.008967
781,48538.0,1410.0,49948.0,49948.0,0.9717706414671258,25.0,0.025,64.0,42138.0,34.0,30.0,5.0,20.0,23718.0,24820.0,221.0,849.0,779.0,151.0,42138.0,421.37999999999926,100.0,1000,0,1000,0.10682300000917166,935,0,0,0,0,0,0,0,0,0,0,0,0,0,0,3,31,0,0,0,0,0,0,0,0,0,0,0,0,0,0,0,31,0.21356143057346344,0.009420538321137428,0.4125214219093323,0.2371174395084381,0.00894
782,48691.0,1007.0,49698.0,49698.0,0.9797376151957825,22.0,0.022,67.0,41991.0,37.0,30.0,1.0,21.0,24401.0,24290.0,488.0,456.0,512.0,544.0,41991.0,419.91000000000037,100.0,1000,0,1000,0.10900799999944866,933,0,0,0,1,0,0,0,0,0,0,0,0,0,0,0,36,0,0,0,0,0,0,0,0,0,0,0,0,0,0,0,30,0.37122344970703125,0.007328954059630632,0.731865644454956,0.22869156301021576,0.008912999999999997
783,46984.0,646.0,47630.0,47630.0,0.9864371194625237,13.0,0.013,62.0,40784.0,32.0,30.0,6.0,7.0,24601.0,22383.0,570.0,969.0,430.0,31.0,40784.0,407.8400000000007,100.0,1000,0,1000,0.10788825002964586,938,0,0,0,0,0,0,0,0,0,0,0,0,0,0,2,30,0,0,0,0,0,0,0,0,0,0,0,0,0,0,0,30,0.3848010301589966,-0.027275746688246727,0.827836275100708,0.20722037553787231,0.008885999999999998
784,49038.0,1134.0,50172.0,50172.0,0.9773977517340349,15.0,0.015,65.0,42538.0,36.0,29.0,12.0,3.0,27104.0,21934.0,893.0,411.0,107.0,589.0,42538.0,425.3799999999996,100.0,1000,0,1000,0.10720479197334498,935,0,0,0,0,0,0,0,0,0,0,0,0,0,0,0,36,0,0,0,0,0,0,0,0,0,0,0,0,0,0,0,29,0.34333422780036926,-0.09251485019922256,0.8752657175064087,0.2013535350561142,0.008858999999999999
785,49393.0,929.0,50322.0,50322.0,0.9815388895512897,17.0,0.017,63.0,43093.0,31.0,32.0,10.0,7.0,24620.0,24773.0,705.0,441.0,295.0,559.0,43093.0,430.9299999999998,100.0,1000,1,999,0.10768245800863951,937,0,0,0,0,0,0,0,0,0,0,0,0,0,0,0,31,0,0,0,0,0,0,0,0,0,0,0,0,0,0,0,32,0.1879420280456543,-0.039064615964889526,0.45788833498954773,0.21937544643878937,0.008832
786,48173.0,1101.0,49274.0,49274.0,0.9776555587125055,12.0,0.012,61.0,42073.0,32.0,29.0,4.0,8.0,24880.0,23293.0,327.0,876.0,673.0,124.0,42073.0,420.73000000000025,100.0,1000,0,1000,0.10902845801319927,939,0,0,0,0,0,0,0,0,0,0,0,0,0,0,0,32,0,0,0,0,0,0,0,0,0,0,0,0,0,0,0,29,0.6953784823417664,0.03763802722096443,1.3191783428192139,0.20996136963367462,0.008804999999999997
787,50101.0,476.0,50577.0,50577.0,0.9905886074697985,9.0,0.009,66.0,43501.0,32.0,34.0,2.0,7.0,24605.0,25496.0,531.0,774.0,469.0,226.0,43501.0,435.01,100.0,1000,0,1000,0.108484375057742,934,0,0,0,0,0,0,0,0,0,0,0,0,0,0,1,31,0,0,0,0,0,0,0,0,0,0,0,0,0,0,0,34,0.7966164946556091,0.13621725142002106,1.3243054151535034,0.19975553452968597,0.008777999999999998
788,48510.0,957.0,49467.0,49467.0,0.980653769179453,17.0,0.017,62.0,42310.0,32.0,30.0,6.0,11.0,24694.0,23816.0,854.0,562.0,146.0,438.0,42310.0,423.09999999999974,100.0,1000,0,1000,0.10687100002542138,936,0,0,0,0,0,0,0,0,0,0,0,0,0,0,1,32,0,0,0,0,0,0,0,0,0,0,0,0,0,0,0,31,0.7826338410377502,0.11428409069776535,1.3399438858032227,0.18537570536136627,0.008750999999999998
789,48731.0,1298.0,50029.0,50029.0,0.9740550480721182,15.0,0.015,65.0,42231.0,31.0,34.0,7.0,8.0,24255.0,24476.0,546.25,677.0,453.75,323.0,42231.0,422.31000000000034,100.0,1000,0,1000,0.10698995797429234,935,0,0,0,0,0,0,0,0,0,0,0,0,0,0,3,28,0,0,0,0,0,1,0,0,0,0,0,0,0,0,0,33,0.49633896350860596,-0.10373447835445404,1.2032798528671265,0.17955869436264038,0.008723999999999999
790,48923.0,838.0,49761.0,49761.0,0.9831595024215751,13.0,0.013,63.0,42623.0,33.0,30.0,9.0,4.0,26392.0,22531.0,416.0,652.0,584.0,348.0,42623.0,426.22999999999996,100.0,1000,0,1000,0.10814704198855907,937,0,0,0,0,0,0,0,0,0,0,0,0,0,0,0,33,0,0,0,0,0,0,0,0,0,0,0,0,0,0,0,30,0.3283422291278839,-0.04276779666543007,0.745919406414032,0.2126789093017578,0.008697
791,49432.0,1360.0,50792.0,50792.0,0.973224129784218,22.0,0.022,61.0,43332.0,30.0,31.0,5.0,17.0,23634.0,25798.0,876.0,486.0,124.0,514.0,43332.0,433.32,100.0,1000,1,999,0.10800770903006196,937,0,0,0,0,0,0,0,0,1,0,0,0,0,0,0,31,0,0,0,0,0,0,0,0,0,0,0,0,0,0,0,31,0.5779687166213989,-0.08659753948450089,1.3326860666275024,0.20493066310882568,0.008669999999999997
792,48638.0,919.0,49557.0,49557.0,0.9814556974796699,13.0,0.013,64.0,42238.0,33.0,31.0,5.0,8.0,24670.0,23968.0,384.0,762.0,616.0,238.0,42238.0,422.37999999999965,100.0,1000,0,1000,0.10749354097060859,936,0,0,0,0,0,0,0,0,0,0,0,0,0,0,0,33,0,0,0,0,0,0,0,0,0,0,0,0,0,0,0,31,0.352514386177063,-0.03922881931066513,0.7859902381896973,0.1448470652103424,0.008642999999999998
793,50368.0,944.0,51312.0,51312.0,0.9816027439975055,15.0,0.015,63.0,44068.0,30.0,33.0,8.0,7.0,24896.0,25472.0,310.0,740.0,690.0,260.0,44068.0,440.67999999999967,100.0,1000,0,1000,0.10807583294808865,937,0,0,0,0,0,0,0,0,0,0,0,0,0,0,0,30,0,0,0,0,0,0,0,0,0,0,0,0,0,0,0,33,0.4921133816242218,0.021277714520692825,0.9442981481552124,0.15244033932685852,0.008615999999999999
794,47859.0,1661.0,49520.0,49520.0,0.9664579967689823,17.0,0.017,60.0,41859.0,29.0,31.0,9.0,8.0,23393.0,24466.0,934.0,770.0,66.0,230.0,41859.0,418.59000000000054,100.0,1000,0,1000,0.10728374996688217,939,0,0,0,0,0,0,0,0,0,0,0,0,0,0,1,28,0,0,0,0,0,0,0,0,0,0,0,0,0,0,0,32,0.6316991448402405,0.031670257449150085,1.2031095027923584,0.17765448987483978,0.008589
795,49376.0,1032.0,50408.0,50408.0,0.9795270591969528,17.0,0.017,61.0,43276.0,31.0,30.0,8.0,9.0,25080.0,24296.0,96.0,429.0,904.0,571.0,43276.0,432.7600000000002,100.0,1000,0,1000,0.10876991599798203,938,0,0,0,0,0,0,0,0,0,0,1,0,0,0,0,31,0,0,0,0,0,0,0,0,0,0,0,0,0,0,0,30,0.28404244780540466,-0.0037869431544095278,0.5789557099342346,0.19253335893154144,0.008561999999999997
796,48878.0,665.0,49543.0,49543.0,0.9865773166744041,11.0,0.011,61.0,42778.0,29.0,32.0,5.0,6.0,23311.0,25567.0,916.0,901.0,84.0,99.0,42778.0,427.7799999999992,100.0,1000,0,1000,0.10698554199188948,938,0,0,0,0,0,0,0,0,0,0,0,0,0,0,1,28,0,0,0,0,0,0,0,0,0,0,0,0,0,0,0,33,0.1475074589252472,-0.10456207394599915,0.5083022713661194,0.24389013648033142,0.008534999999999997
797,49415.0,1522.0,50937.0,50937.0,0.9701199520976893,18.0,0.018,62.0,43215.0,33.0,29.0,8.0,10.0,24928.0,24487.0,611.0,838.0,389.0,162.0,43215.0,432.14999999999975,100.0,1000,1,999,0.1072649589041248,937,0,0,0,0,0,0,0,0,0,0,0,0,0,1,0,32,0,0,0,0,0,0,0,0,0,0,0,0,0,0,0,30,0.6423916220664978,0.0067902905866503716,1.2749898433685303,0.22256320714950562,0.008507999999999998
798,49644.0,980.0,50624.0,50624.0,0.980641592920354,13.0,0.013,63.0,43344.0,29.0,34.0,6.0,7.0,23465.0,26179.0,729.0,525.0,271.0,475.0,43344.0,433.44000000000045,100.0,1000,1,999,0.10706412501167506,937,0,0,0,0,0,0,0,0,0,0,0,0,0,0,1,28,0,0,0,0,0,0,0,0,0,0,0,0,0,0,0,34,0.9322605133056641,0.04008997976779938,1.7873035669326782,0.17465311288833618,0.008480999999999999
799,49374.0,794.0,50168.0,50168.0,0.9841731781215117,10.0,0.01,64.0,42974.0,33.0,31.0,6.0,4.0,24830.0,24544.0,680.0,352.0,320.0,648.0,42974.0,429.74000000000007,100.0,1000,0,1000,0.10837687505409122,936,0,0,0,0,0,0,0,0,0,0,0,0,0,0,1,32,0,0,0,0,0,0,0,0,0,0,0,0,0,0,0,31,0.5255874991416931,-0.08665507286787033,1.2275360822677612,0.18043996393680573,0.008454
800,48160.0,634.0,48794.0,48794.0,0.9870065991720294,9.0,0.009,62.0,41960.0,30.0,32.0,4.0,5.0,23587.0,24573.0,894.0,728.0,106.0,272.0,41960.0,419.60000000000014,100.0,1000,0,1000,0.10741295909974724,937,0,0,0,0,0,0,0,0,0,0,0,0,0,0,1,29,0,0,0,0,0,0,0,0,0,0,0,0,0,0,0,33,0.39278438687324524,-0.09105867892503738,0.9705877900123596,0.17216700315475464,0.008426999999999997
801,49321.0,1860.0,51181.0,51181.0,0.9636583888552392,16.0,0.016,63.0,43021.0,31.0,32.0,10.0,6.0,24500.0,24821.0,313.0,485.0,687.0,515.0,43021.0,430.2100000000002,100.0,1000,1,999,0.10971683298703283,937,0,0,0,0,0,0,0,0,0,0,0,0,0,0,1,30,0,0,0,0,0,0,0,0,0,0,0,1,0,0,0,31,0.6260901689529419,0.03590801730751991,1.1843290328979492,0.2360020875930786,0.008399999999999998
802,49241.0,605.0,49846.0,49846.0,0.9878626168599286,10.0,0.01,65.0,42741.0,31.0,34.0,4.0,6.0,25404.0,23837.0,750.0,640.0,250.0,360.0,42741.0,427.4099999999998,100.0,1000,2,998,0.10782329202629626,935,0,0,0,0,0,0,0,0,0,0,0,0,0,0,0,31,0,0,0,0,0,0,0,0,0,1,0,0,0,0,0,33,0.5135829448699951,0.05653439834713936,0.9176692366600037,0.2133103907108307,0.008372999999999998
803,48546.0,614.0,49160.0,49160.0,0.9875101708706265,13.0,0.013,63.0,42246.0,30.0,33.0,7.0,6.0,23612.0,24934.0,557.0,739.0,443.0,261.0,42246.0,422.46000000000026,100.0,1000,0,1000,0.10929770802613348,937,0,0,0,0,0,0,0,0,0,0,0,0,0,1,2,27,0,0,0,0,0,0,0,0,0,0,0,0,0,0,1,32,0.2375393956899643,0.02906811237335205,0.4200914204120636,0.1886441558599472,0.008346
804,48140.0,874.0,49014.0,49014.0,0.9821683600603909,13.0,0.013,62.0,41940.0,31.0,31.0,7.0,6.0,24991.0,23149.0,367.0,694.0,633.0,306.0,41940.0,419.40000000000003,100.0,1000,1,999,0.10869875003118068,938,0,0,0,0,0,0,0,0,0,0,0,0,0,0,1,30,0,0,0,0,0,0,0,0,1,0,0,0,0,0,0,30,0.31885069608688354,0.009193065576255322,0.6222401261329651,0.17579522728919983,0.008318999999999997
805,48903.0,555.0,49458.0,49458.0,0.9887783573941527,12.0,0.012,63.0,42603.0,32.0,31.0,4.0,8.0,24083.0,24820.0,725.0,349.0,275.0,651.0,42603.0,426.0300000000005,100.0,1000,0,1000,0.10797079105395824,937,0,0,0,0,0,0,0,0,0,0,0,0,0,0,1,31,0,0,0,0,0,0,0,0,0,0,0,0,0,0,0,31,0.20156708359718323,-0.03886168450117111,0.4843725562095642,0.2119511067867279,0.008291999999999997
806,49599.0,1380.0,50979.0,50979.0,0.972930030012358,14.0,0.014,62.0,43399.0,29.0,33.0,7.0,7.0,24236.0,25363.0,402.0,161.0,598.0,839.0,43399.0,433.99000000000046,100.0,1000,0,1000,0.10744425002485514,938,0,0,0,0,0,0,0,0,0,0,0,0,0,0,2,27,0,0,0,0,0,1,0,0,0,0,1,0,0,0,0,31,0.7337697148323059,0.05547812581062317,1.3596957921981812,0.18830177187919617,0.008264999999999998
807,47959.0,980.0,48939.0,48939.0,0.9799750710067635,16.0,0.016,60.0,41959.0,30.0,30.0,3.0,13.0,24144.0,23815.0,430.0,873.0,570.0,127.0,41959.0,419.5900000000002,100.0,1000,0,1000,0.10910450003575534,940,0,0,0,0,0,0,0,0,0,0,0,0,0,0,0,30,0,0,0,0,0,0,0,0,0,0,0,0,0,0,0,30,0.43527141213417053,0.018362998962402344,0.8371115922927856,0.19997262954711914,0.008237999999999999
808,47372.0,1224.0,48596.0,48596.0,0.9748127417894477,15.0,0.015,63.0,41072.0,30.0,33.0,4.0,11.0,23518.0,23854.0,141.0,737.0,859.0,263.0,41072.0,410.72000000000014,100.0,1000,0,1000,0.10833837499376386,937,0,0,0,0,0,0,0,0,0,0,0,0,0,0,1,29,0,0,0,0,0,1,0,0,0,0,0,0,0,0,0,32,0.3251681327819824,-0.02174908109009266,0.6970571875572205,0.19624565541744232,0.008210999999999996
809,48706.0,455.0,49161.0,49161.0,0.9907446959988608,10.0,0.01,62.0,42506.0,29.0,33.0,7.0,3.0,23249.0,25457.0,408.0,735.0,592.0,265.0,42506.0,425.0600000000005,100.0,1000,0,1000,0.10735370800830424,937,0,0,0,0,0,0,0,0,0,0,0,0,0,0,1,28,0,0,0,0,0,0,0,0,0,0,0,0,0,0,0,34,0.47723719477653503,0.02640545926988125,0.9051302075386047,0.21179939806461334,0.008183999999999997
810,48971.0,1461.0,50432.0,50432.0,0.9710302982233503,23.0,0.023,60.0,42971.0,29.0,31.0,6.0,17.0,23352.0,25619.0,882.0,816.0,118.0,184.0,42971.0,429.7099999999998,100.0,1000,0,1000,0.10818274994380772,939,0,0,0,0,0,0,0,0,0,0,0,0,0,0,0,30,0,0,0,0,0,0,0,0,0,0,0,0,0,0,0,31,0.34696143865585327,-0.003630842547863722,0.7052819728851318,0.25115999579429626,0.008156999999999998
811,50319.0,1162.0,51481.0,51481.0,0.9774285658786737,18.0,0.018,66.0,43719.0,34.0,32.0,8.0,10.0,25359.0,24960.0,469.0,633.0,531.0,367.0,43719.0,437.1899999999996,100.0,1000,1,999,0.10806041699834168,934,0,0,0,0,0,0,0,0,0,0,0,0,1,0,0,33,0,0,0,0,0,0,0,0,0,0,0,0,0,0,0,32,0.4963489770889282,0.08098823577165604,0.8343125581741333,0.22085273265838623,0.008129999999999998
812,49185.0,372.0,49557.0,49557.0,0.9924934923421515,8.0,0.008,66.0,42585.0,34.0,32.0,0.0,8.0,25236.0,23949.0,806.0,626.0,194.0,374.0,42585.0,425.8500000000001,100.0,1000,0,1000,0.10816416598390788,934,0,0,0,0,0,0,0,0,0,0,0,0,0,0,0,34,0,0,0,0,0,0,0,0,0,0,0,0,0,0,0,32,0.30730071663856506,-0.046423450112342834,0.7103651762008667,0.17998656630516052,0.008102999999999999
813,50749.0,733.0,51482.0,51482.0,0.9857620139077736,12.0,0.012,69.0,43849.0,36.0,33.0,6.0,6.0,26718.0,24031.0,666.0,967.0,334.0,33.0,43849.0,438.48999999999955,100.0,1000,0,1000,0.10732637508772314,931,0,0,0,0,0,0,0,0,0,0,0,0,0,1,1,34,0,0,0,0,0,0,0,0,0,0,0,0,0,0,0,33,0.1746792048215866,-0.051938772201538086,0.4564553499221802,0.19931890070438385,0.008075999999999996
814,49729.0,647.0,50376.0,50376.0,0.987156582499603,12.0,0.012,61.0,43629.0,30.0,31.0,2.0,10.0,24062.0,25667.0,915.0,203.0,85.0,797.0,43629.0,436.2900000000005,100.0,1000,1,999,0.1087058330886066,938,0,0,0,0,0,0,0,0,0,0,0,0,0,0,0,30,0,0,0,0,0,0,0,0,0,0,0,0,0,0,0,32,0.2813248634338379,0.004298251122236252,0.557417631149292,0.2089923918247223,0.008049
815,48889.0,871.0,49760.0,49760.0,0.9824959807073955,15.0,0.015,63.0,42589.0,31.0,32.0,8.0,7.0,23823.0,25066.0,464.0,379.0,536.0,621.0,42589.0,425.8900000000003,100.0,1000,0,1000,0.10756924992892891,935,0,0,0,0,0,0,0,0,0,0,0,0,0,1,0,31,0,0,0,0,0,0,0,0,0,0,0,0,0,0,0,33,0.31703633069992065,0.011349230073392391,0.6145457029342651,0.1976746916770935,0.008022000000000001
816,49769.0,1079.0,50848.0,50848.0,0.9787798930144745,18.0,0.018,64.0,43369.0,34.0,30.0,9.0,9.0,25933.0,23836.0,473.0,937.0,527.0,39.375,43369.0,433.6899999999992,100.0,1000,0,1000,0.10738829104229808,936,0,0,0,0,0,0,0,0,0,0,0,0,0,0,1,33,0,0,0,0,0,1,0,0,0,0,0,0,0,0,0,29,0.49004945158958435,-0.0007284119492396712,0.9850111603736877,0.2160995453596115,0.007995000000000002
817,48734.0,2216.0,50950.0,50950.0,0.9565063788027478,29.0,0.029,60.0,42734.0,32.0,28.0,14.0,15.0,25604.0,23130.0,932.0,591.0,68.0,409.0,42734.0,427.34000000000077,100.0,1000,0,1000,0.10776270902715623,940,0,0,0,0,0,0,0,0,0,0,0,0,0,0,0,32,0,0,0,0,0,0,0,0,0,0,0,0,0,0,0,28,0.5516371726989746,-0.0017464139964431524,1.1100680828094482,0.20713476836681366,0.007968
818,48674.0,818.0,49492.0,49492.0,0.9834720762951588,14.0,0.014,60.0,42674.0,33.0,27.0,3.0,11.0,25294.0,23380.0,777.0,87.0,223.0,913.0,42674.0,426.7399999999992,100.0,1000,0,1000,0.10949737497139722,940,0,0,0,0,0,0,0,0,0,0,0,0,0,0,0,33,0,0,0,0,0,0,0,0,0,0,0,0,0,0,0,27,0.20821848511695862,0.03683900460600853,0.3463445007801056,0.22576190531253815,0.007941
819,48858.0,1188.0,50046.0,50046.0,0.9762618391080207,21.0,0.021,60.0,42858.0,32.0,28.0,8.0,13.0,25337.0,23521.0,651.875,496.0,348.125,504.0,42858.0,428.57999999999987,100.0,1000,0,1000,0.10740916698705405,940,0,0,0,0,0,0,0,0,0,0,0,0,0,1,1,30,0,0,0,0,0,0,0,0,0,0,0,0,0,0,0,28,0.30506235361099243,-0.011020495556294918,0.6358077526092529,0.23010236024856567,0.007914000000000001
820,49299.0,197.0,49496.0,49496.0,0.9960198803943753,4.0,0.004,65.0,42799.0,34.0,31.0,1.0,3.0,25747.0,23552.0,905.0,591.0,95.0,409.0,42799.0,427.9900000000004,100.0,1000,0,1000,0.1077794999582693,935,0,0,0,0,0,0,0,0,0,0,0,0,0,0,1,33,0,0,1,0,0,0,0,0,0,0,0,0,0,0,0,30,0.1994655281305313,-0.013959364965558052,0.429715096950531,0.18164795637130737,0.007887000000000002
821,48363.0,1126.0,49489.0,49489.0,0.9772474691345552,16.0,0.016,62.0,42163.0,33.0,29.0,7.0,9.0,23866.0,24497.0,596.25,827.0,403.75,173.0,42163.0,421.63000000000073,100.0,1000,0,1000,0.10886941698845476,938,0,0,0,0,0,0,0,0,0,0,0,0,0,0,2,31,0,0,0,0,0,0,0,0,0,0,0,0,0,0,0,29,0.37097591161727905,-0.03411379083991051,0.8133943676948547,0.204513281583786,0.007859999999999999
822,49242.0,1110.0,50352.0,50352.0,0.9779551954242135,19.0,0.019,65.0,42742.0,34.0,31.0,8.0,11.0,25520.0,23722.0,217.0,404.0,783.0,596.0,42742.0,427.41999999999996,100.0,1000,2,998,0.10705124994274229,935,0,0,0,0,0,0,1,0,0,0,0,0,0,0,1,32,0,1,0,0,0,0,0,0,0,0,0,0,0,0,0,30,0.28108328580856323,0.019772322848439217,0.5255855917930603,0.18917717039585114,0.007833
823,49046.0,1216.0,50262.0,50262.0,0.975806772512037,20.0,0.02,62.0,42846.0,34.0,28.0,11.0,9.0,26280.0,22766.0,339.0,846.0,661.0,154.0,42846.0,428.4599999999995,100.0,1000,0,1000,0.10926470893900841,937,0,0,0,0,0,0,0,0,1,0,0,0,0,0,1,33,0,0,0,0,0,0,0,0,0,0,0,0,0,0,0,28,0.7043753266334534,0.03450184315443039,1.3436074256896973,0.24727295339107513,0.0078060000000000004
824,49048.0,410.0,49458.0,49458.0,0.9917101378947794,9.0,0.009,66.0,42448.0,33.0,33.0,2.0,7.0,23708.0,25340.0,375.0,761.0,625.0,239.0,42448.0,424.4799999999996,100.0,1000,0,1000,0.10831708402838558,934,0,0,0,0,0,0,0,0,0,0,0,0,0,0,1,32,0,0,0,0,0,0,0,0,0,0,0,0,0,0,0,33,0.18068256974220276,-0.03104090504348278,0.4257371723651886,0.14720545709133148,0.007779000000000001
825,49471.0,1388.0,50859.0,50859.0,0.9727088617550482,18.0,0.018,61.0,43371.0,31.0,30.0,10.0,8.0,24873.0,24598.0,495.0,544.0,505.0,456.0,43371.0,433.7099999999998,100.0,1000,0,1000,0.10772270907182246,939,0,0,0,0,0,0,0,0,0,0,0,0,0,0,2,29,0,0,0,0,0,0,0,0,0,0,0,0,0,0,0,30,0.5955836772918701,0.03632492944598198,1.1218562126159668,0.21534420549869537,0.007752000000000002
826,49606.0,500.0,50106.0,50106.0,0.9900211551510797,8.0,0.008,63.0,43306.0,31.0,32.0,6.0,2.0,25456.0,24150.0,508.0,391.0,492.0,609.0,43306.0,433.0599999999996,100.0,1000,0,1000,0.10755487496498972,937,0,0,0,0,0,0,0,0,0,0,1,0,0,0,1,29,0,0,0,0,0,0,0,0,0,0,0,0,0,0,0,32,0.26723939180374146,0.029081638902425766,0.4794355034828186,0.201942577958107,0.007724999999999999
827,49295.0,700.0,49995.0,49995.0,0.985998599859986,12.0,0.012,62.0,43095.0,31.0,31.0,2.0,10.0,23968.0,25327.0,97.0,699.0,0.0,301.0,43095.0,430.9500000000006,100.0,1000,0,1000,0.11525508295744658,936,0,0,0,0,0,0,0,0,0,0,0,0,0,0,0,31,0,0,0,0,0,0,0,0,0,0,0,0,0,0,0,33,0.2380751073360443,-0.062480855733156204,0.6041362285614014,0.19643494486808777,0.007698
828,50369.0,1637.0,52006.0,52006.0,0.9685228627466062,24.0,0.024,65.0,43869.0,30.0,35.0,14.0,10.0,24144.0,26225.0,607.0,946.0,393.0,54.0,43869.0,438.6899999999991,100.0,1000,0,1000,0.10843812499660999,933,0,0,0,0,0,0,0,0,0,0,0,0,0,0,1,29,0,0,0,0,0,0,0,0,0,0,0,0,0,0,0,37,0.6516691446304321,0.034109652042388916,1.2384181022644043,0.2150360643863678,0.007671000000000001
829,49234.0,833.0,50067.0,50067.0,0.9833622945253361,11.0,0.011,64.0,42834.0,33.0,31.0,3.0,8.0,24506.0,24728.0,688.8125,984.0,311.1875,16.0,42834.0,428.34000000000015,100.0,1000,0,1000,0.10814183298498392,935,0,0,0,0,0,1,0,0,0,0,0,0,0,0,1,32,0,0,0,0,0,0,0,0,0,0,0,0,0,0,0,31,0.29480546712875366,-0.05992056056857109,0.7123490571975708,0.1894965022802353,0.0076440000000000015
830,48888.0,513.0,49401.0,49401.0,0.9896155948260157,8.0,0.008,63.0,42588.0,31.0,32.0,2.0,6.0,23314.0,25574.0,357.5,686.0,642.5,314.0,42588.0,425.87999999999937,100.0,1000,0,1000,0.10818949993699789,937,0,0,0,0,0,0,0,0,0,0,0,0,0,0,1,30,0,0,0,0,0,0,0,0,0,0,0,0,0,0,0,32,0.36351656913757324,0.08111738413572311,0.5675399899482727,0.1799691915512085,0.007616999999999999
831,49346.0,1268.0,50614.0,50614.0,0.9749476429446399,20.0,0.02,62.0,43146.0,33.0,29.0,14.0,6.0,25444.0,23902.0,924.0,332.0,76.0,668.0,43146.0,431.4599999999992,100.0,1000,0,1000,0.10817245894577354,938,0,0,0,0,0,0,0,0,0,0,0,0,0,0,0,33,0,0,0,0,0,0,0,0,0,0,0,0,0,0,0,29,0.33767637610435486,0.04278228059411049,0.593245804309845,0.22777478396892548,0.0075899999999999995
832,48908.0,1279.0,50187.0,50187.0,0.9745153127303884,18.0,0.018,62.0,42708.0,31.0,31.0,10.0,8.0,24785.0,24123.0,295.0,845.0,705.0,155.0,42708.0,427.0799999999998,100.0,1000,0,1000,0.10923645796719939,936,0,0,0,0,0,0,0,0,0,0,0,0,0,0,0,32,0,0,0,0,0,0,0,0,0,0,0,0,0,0,0,32,0.6172370314598083,0.12767764925956726,0.9823170900344849,0.211443230509758,0.007563
833,48806.0,758.0,49564.0,49564.0,0.9847066419175208,12.0,0.012,65.0,42306.0,33.0,32.0,1.0,11.0,24713.0,24093.0,93.0,918.0,907.0,82.0,42306.0,423.0599999999992,100.0,1000,0,1000,0.10804654192179441,935,0,0,0,0,0,0,0,0,0,0,0,0,0,0,0,33,0,0,0,0,0,0,0,0,0,0,0,0,0,0,0,32,0.6064241528511047,0.08095423132181168,1.0552605390548706,0.28667423129081726,0.007536000000000001
834,47042.0,723.0,47765.0,47765.0,0.9848633936983147,11.0,0.011,63.0,40742.0,32.0,31.0,1.0,10.0,23932.0,23110.0,328.0,357.0,672.0,643.0,40742.0,407.42000000000036,100.0,1000,1,999,0.10692395793739706,934,0,0,0,0,0,0,0,0,0,0,0,0,0,0,0,32,0,0,0,0,0,0,0,0,0,0,0,0,0,0,1,33,0.2693968713283539,-0.033337611705064774,0.608545184135437,0.20483411848545074,0.007509000000000002
835,50128.0,1015.0,51143.0,51143.0,0.9801536867215455,11.0,0.011,66.0,43528.0,34.0,32.0,5.0,6.0,26123.0,24005.0,887.0,397.0,113.0,603.0,43528.0,435.2800000000002,100.0,1000,0,1000,0.10844450001604855,934,0,0,0,0,0,0,0,0,0,0,0,0,0,0,0,34,0,0,0,0,0,0,0,0,0,0,0,0,0,0,0,32,0.5729655623435974,0.05860558897256851,1.0313671827316284,0.1769128441810608,0.007481999999999999
836,48802.0,348.0,49150.0,49150.0,0.9929196337741607,5.0,0.005,67.0,42102.0,32.0,35.0,3.0,2.0,24113.0,24689.0,702.0,971.0,298.0,29.0,42102.0,421.01999999999975,100.0,1000,0,1000,0.10702412505634129,933,0,0,0,0,0,0,0,1,0,0,0,0,0,0,1,30,0,0,0,0,0,0,0,0,0,0,0,0,0,0,0,35,0.37579938769340515,-0.001371881109662354,0.75694340467453,0.17443455755710602,0.007455
837,49487.0,307.0,49794.0,49794.0,0.9938345985460095,7.0,0.007,63.0,43187.0,31.0,32.0,1.0,6.0,24095.0,25392.0,493.0,445.0,507.0,555.0,43187.0,431.8700000000003,100.0,1000,0,1000,0.10745699994731694,936,0,0,0,0,0,0,0,0,0,0,0,0,0,1,0,31,0,0,0,0,0,0,0,0,0,0,0,0,0,0,0,32,0.09600761532783508,-0.03155988082289696,0.257710337638855,0.17335361242294312,0.007428000000000001
838,48381.0,1051.0,49432.0,49432.0,0.97873846900793,11.0,0.011,61.0,42281.0,31.0,30.0,8.0,3.0,24483.0,23898.0,576.0,812.0,424.0,188.0,42281.0,422.8100000000003,100.0,1000,0,1000,0.10900550009682775,937,0,0,0,0,0,0,0,0,0,0,0,0,0,0,0,31,0,0,0,0,0,0,0,0,0,0,0,0,0,0,0,32,0.5995845794677734,0.033395227044820786,1.1350910663604736,0.1832430064678192,0.007401000000000001
839,48624.0,1456.0,50080.0,50080.0,0.970926517571885,19.0,0.019,64.0,42224.0,31.0,33.0,15.0,4.0,25209.0,23415.0,810.0,29.0,190.0,0.0,42224.0,422.24,100.0,1000,0,1000,0.10717337497044355,936,0,0,0,0,0,0,0,0,0,0,0,0,0,0,1,30,0,0,0,0,0,0,0,0,0,0,0,0,0,0,0,33,0.4397965669631958,0.034904371947050095,0.8127487897872925,0.2010004073381424,0.007373999999999999
840,48995.0,220.0,49215.0,49215.0,0.9955298181448745,4.0,0.004,63.0,42695.0,31.0,32.0,4.0,0.0,24625.0,24370.0,448.0,355.0,552.0,645.0,42695.0,426.95000000000016,100.0,1000,0,1000,0.1090836669318378,936,0,0,0,0,0,0,0,0,0,0,0,0,0,0,0,31,0,0,0,0,0,0,0,0,0,0,0,0,0,0,0,33,0.5977882742881775,0.06315504014492035,1.0717321634292603,0.16780291497707367,0.007346999999999999
841,50222.0,1186.0,51408.0,51408.0,0.9769296607531902,18.0,0.018,63.0,43922.0,30.0,33.0,4.0,14.0,24127.0,26095.0,842.0,406.0,158.0,594.0,43922.0,439.219999999999,100.0,1000,0,1000,0.10714562505017966,937,0,0,0,0,0,0,0,0,0,0,0,0,0,0,0,30,0,0,0,0,0,0,0,0,0,0,0,0,0,0,0,33,0.5789166688919067,0.06702963262796402,1.0266650915145874,0.19747428596019745,0.00732
842,49535.0,844.0,50379.0,50379.0,0.9832469878322316,17.0,0.017,64.0,43135.0,34.0,30.0,8.0,9.0,26367.0,23168.0,646.0,489.0,354.0,511.0,43135.0,431.34999999999974,100.0,1000,1,999,0.10842166701331735,935,0,0,0,0,0,0,0,0,0,0,0,0,0,0,0,34,0,0,0,0,0,0,0,0,0,0,0,0,0,0,0,31,0.42437678575515747,0.06560657173395157,0.720025897026062,0.17040130496025085,0.007293000000000001
843,47966.0,1528.0,49494.0,49494.0,0.9691275710187094,19.0,0.019,58.0,42166.0,27.0,31.0,7.0,12.0,22489.0,25477.0,153.0,684.0,847.0,316.0,42166.0,421.6599999999993,100.0,1000,0,1000,0.10949608404189348,941,0,0,0,0,0,0,0,0,0,0,0,1,0,0,0,26,0,0,0,0,0,0,0,0,0,0,0,0,0,0,0,32,0.681281566619873,0.10247556120157242,1.160744071006775,0.21552976965904236,0.007266000000000002
844,49940.0,889.0,50829.0,50829.0,0.9825099844576914,11.0,0.011,64.0,43540.0,31.0,33.0,4.0,7.0,25302.0,24638.0,291.0,328.0,709.0,33.0,43540.0,435.39999999999856,100.0,1000,0,1000,0.10718745901249349,936,0,0,0,0,0,0,0,0,0,0,0,0,0,0,2,29,0,0,0,0,0,0,0,0,0,0,0,0,0,0,0,33,0.6962877511978149,0.0048869880847632885,1.385079264640808,0.15732190012931824,0.007238999999999999
845,50075.0,1088.0,51163.0,51163.0,0.9787346324492309,19.0,0.019,64.0,43675.0,34.0,30.0,7.0,12.0,26286.0,23789.0,303.0,219.0,697.0,0.0,43675.0,436.7500000000001,100.0,1000,0,1000,0.10758679104037583,935,0,0,0,0,0,0,0,0,0,0,0,0,0,0,1,33,0,0,0,0,0,0,0,0,0,0,0,0,0,0,0,31,0.48453396558761597,-0.025494182482361794,1.022455096244812,0.16630469262599945,0.007212
846,49310.0,1040.0,50350.0,50350.0,0.9793445878848064,18.0,0.018,61.0,43210.0,31.0,30.0,6.0,12.0,25277.0,24033.0,723.0,435.0,277.0,565.0,43210.0,432.1000000000004,100.0,1000,0,1000,0.10915341705549508,939,0,0,0,0,0,0,0,0,0,0,0,0,0,0,0,31,0,0,0,0,1,0,0,0,0,0,0,0,0,0,0,29,0.16255131363868713,-0.03525776416063309,0.39827287197113037,0.18474219739437103,0.007185
847,48270.0,1315.0,49585.0,49585.0,0.9734798830291419,19.0,0.019,58.0,42470.0,30.0,28.0,11.0,8.0,25771.0,22499.0,453.0,359.0,547.0,0.0,42470.0,424.69999999999936,100.0,1000,0,1000,0.10708645905833691,942,0,0,0,0,0,0,0,0,0,0,0,0,0,0,0,30,0,0,0,0,0,0,0,0,0,0,0,0,0,0,1,27,0.3969729542732239,0.06026265770196915,0.6759101748466492,0.1739012598991394,0.007158000000000001
848,48813.0,1036.0,49849.0,49849.0,0.9792172360528797,19.0,0.019,60.0,42813.0,29.0,31.0,6.0,13.0,23168.0,25645.0,171.0,655.0,829.0,345.0,42813.0,428.13000000000005,100.0,1000,1,999,0.10939058300573379,940,0,0,0,0,0,0,0,0,0,0,0,0,0,0,0,29,0,0,0,0,0,0,0,0,0,0,0,0,0,0,0,31,0.2722412049770355,-0.029178760945796967,0.6054410338401794,0.18237707018852234,0.0071309999999999985
849,49440.0,1026.0,50466.0,50466.0,0.979669480442278,14.0,0.014,63.0,43140.0,33.0,30.0,5.0,9.0,25479.0,23961.0,962.0,627.0,38.0,373.0,43140.0,431.40000000000106,100.0,1000,0,1000,0.10822937497869134,937,0,0,0,0,0,0,0,0,0,0,0,0,1,0,1,31,0,0,0,0,0,0,0,0,0,0,0,0,0,0,0,30,0.4196178615093231,-0.08080161362886429,1.0032974481582642,0.1730388104915619,0.007103999999999999
850,48123.0,1428.0,49551.0,49551.0,0.9711812072410244,21.0,0.021,62.0,41923.0,30.0,32.0,11.0,10.0,25066.0,23057.0,655.0,29.0,345.0,0.0,41923.0,419.23000000000025,100.0,1000,0,1000,0.10900487494654953,937,0,0,0,0,0,0,0,0,0,0,0,0,0,0,0,31,0,0,0,0,0,0,0,0,0,0,0,0,0,0,0,32,0.23858016729354858,-0.024134324863553047,0.5277997851371765,0.16750170290470123,0.007077
851,50100.0,1313.0,51413.0,51413.0,0.9744617120183611,14.0,0.014,60.0,44100.0,30.0,30.0,9.0,5.0,25118.0,24982.0,646.0,100.0,354.0,900.0,44100.0,441.0000000000001,100.0,1000,0,1000,0.10855899995658547,940,0,0,0,0,0,0,0,0,0,0,0,0,0,0,1,29,0,0,0,0,0,0,0,0,0,0,0,0,0,0,0,30,0.5041471719741821,0.03632521629333496,0.9382668733596802,0.18602970242500305,0.007050000000000001
852,48106.0,1652.0,49758.0,49758.0,0.9667993086538847,32.0,0.032,58.0,42306.0,30.0,28.0,17.0,15.0,24677.0,23429.0,27.0,423.0,0.0,577.0,42306.0,423.0600000000005,100.0,1000,0,1000,0.10829295800067484,941,0,0,0,0,0,0,0,0,0,0,0,0,0,0,1,30,0,0,0,0,0,0,0,0,0,0,0,0,0,0,0,28,0.3293534815311432,-0.009946289472281933,0.6813849210739136,0.19830644130706787,0.007022999999999998
853,49907.0,1431.0,51338.0,51338.0,0.972125910631501,20.0,0.02,62.0,43707.0,29.0,33.0,8.0,12.0,24630.0,25277.0,261.0,927.0,739.0,73.0,43707.0,437.07,100.0,1000,0,1000,0.10887320898473263,937,0,0,0,0,0,0,0,0,0,0,0,0,0,0,0,29,0,0,0,0,0,0,0,0,0,0,0,0,0,0,0,34,0.2372528612613678,-0.035677600651979446,0.5483134984970093,0.17528481781482697,0.006995999999999999
854,49061.0,1248.0,50309.0,50309.0,0.9751933053727961,23.0,0.023,56.0,43461.0,27.0,29.0,15.0,8.0,23971.0,25090.0,350.0,115.0,650.0,885.0,43461.0,434.60999999999984,100.0,1000,0,1000,0.10815533401910216,942,0,0,0,0,0,0,0,0,0,0,0,0,0,0,0,27,0,0,0,0,0,0,0,0,0,0,0,0,0,0,0,31,0.18259307742118835,-0.04891343042254448,0.4658656716346741,0.20466619729995728,0.0069689999999999995
855,48999.0,1148.0,50147.0,50147.0,0.9771073045246974,18.0,0.018,60.0,42999.0,29.0,31.0,9.0,9.0,23719.0,25280.0,827.0,651.0,173.0,349.0,42999.0,429.9899999999996,100.0,1000,0,1000,0.10806229209993035,940,0,0,0,0,0,0,0,0,0,0,0,0,0,1,2,26,0,0,0,0,1,0,0,0,0,0,0,0,0,0,0,30,0.5083339214324951,0.10909631103277206,0.8009742498397827,0.17999400198459625,0.006942
856,45362.0,983.0,46345.0,46345.0,0.9787895134318697,13.0,0.013,56.0,39762.0,28.0,28.0,6.0,7.0,23159.0,22203.0,477.0,145.0,523.0,0.0,39762.0,397.6199999999991,100.0,1000,0,1000,0.10787937499117106,944,0,0,0,0,0,0,0,0,0,0,0,0,0,0,0,28,0,0,0,0,0,0,0,0,0,0,0,0,0,0,0,28,0.3343409299850464,-0.13502147793769836,0.9410521388053894,0.16827912628650665,0.006915000000000001
857,47775.0,1283.0,49058.0,49058.0,0.9738472828081047,20.0,0.02,60.0,41775.0,29.0,31.0,12.0,8.0,23028.0,24747.0,355.0,239.0,40.3125,761.0,41775.0,417.75000000000045,100.0,1000,0,1000,0.10779624991118908,939,0,0,0,0,0,0,0,0,0,0,0,0,0,0,1,29,0,0,0,0,0,0,0,0,0,0,0,0,0,0,0,31,0.4143015742301941,0.04712643474340439,0.7371483445167542,0.20311249792575836,0.006887999999999998
858,46623.0,477.0,47100.0,47100.0,0.9898726114649682,8.0,0.008,58.0,40823.0,28.0,30.0,2.0,6.0,22949.0,23674.0,242.0,533.0,0.0,467.0,40823.0,408.22999999999996,100.0,1000,0,1000,0.1073900000192225,941,0,0,0,0,0,0,0,0,0,0,0,0,0,0,1,28,0,0,0,0,0,0,0,0,0,0,0,0,0,0,0,30,0.33298513293266296,0.005468930583447218,0.6573200225830078,0.16671019792556763,0.006860999999999999
859,48245.0,1859.0,50104.0,50104.0,0.9628971738783331,23.0,0.023,62.0,42045.0,28.0,34.0,12.0,11.0,23014.0,25231.0,405.0,719.0,595.0,281.0,42045.0,420.45000000000033,100.0,1000,0,1000,0.10895754105877131,938,0,0,0,0,0,0,0,0,0,0,0,0,0,1,0,27,0,0,0,0,0,0,0,0,0,0,0,0,0,0,0,34,0.36802470684051514,-0.1002858355641365,0.9393342137336731,0.19850537180900574,0.006834
860,48236.0,1178.0,49414.0,49414.0,0.9761606022584692,22.0,0.022,57.0,42536.0,26.0,31.0,15.0,7.0,23115.0,25121.0,400.0,461.0,600.0,539.0,42536.0,425.35999999999996,100.0,1000,0,1000,0.10728120803833008,943,0,0,0,0,0,0,0,0,0,0,0,0,0,0,0,26,0,0,0,0,0,0,0,0,0,0,0,0,0,0,0,31,0.2339620739221573,0.047352880239486694,0.37538865208625793,0.1594151258468628,0.0068070000000000006
861,48282.0,1665.0,49947.0,49947.0,0.9666646645444171,24.0,0.024,58.0,42482.0,29.0,29.0,10.0,14.0,24384.0,23898.0,311.0,516.0,689.0,484.0,42482.0,424.81999999999937,100.0,1000,0,1000,0.10915087501052767,942,0,0,0,0,0,0,0,0,0,0,0,0,0,0,0,29,0,0,0,0,0,0,0,0,1,0,0,0,0,0,0,28,0.28853359818458557,-0.01602751761674881,0.6120145320892334,0.21329885721206665,0.006779999999999998
862,49553.0,908.0,50461.0,50461.0,0.9820059055508215,16.0,0.016,61.0,43453.0,29.0,32.0,5.0,11.0,24118.0,25435.0,811.0,397.0,189.0,603.0,43453.0,434.53000000000003,100.0,1000,0,1000,0.10823504102881998,939,0,0,0,0,0,0,0,0,0,0,0,0,0,0,1,28,0,0,0,0,0,0,0,0,0,0,0,0,0,0,0,32,0.4347507953643799,0.11875267326831818,0.6345024108886719,0.18555578589439392,0.006752999999999999
863,50174.0,781.0,50955.0,50955.0,0.9846727504660976,12.0,0.012,65.0,43674.0,31.0,34.0,8.0,4.0,25062.0,25112.0,834.0,327.0,166.0,673.0,43674.0,436.73999999999927,100.0,1000,1,999,0.10715191694907844,935,0,0,0,0,0,0,0,0,0,0,0,0,0,0,1,30,0,0,1,0,0,0,0,0,0,0,0,0,0,0,0,33,0.4503079056739807,0.027775494381785393,0.8473615050315857,0.17073267698287964,0.006725999999999999
864,49042.0,1587.0,50629.0,50629.0,0.9686543285468803,21.0,0.021,61.0,42942.0,27.0,34.0,16.0,5.0,22873.0,26169.0,186.0,442.0,0.0,558.0,42942.0,429.42,100.0,1000,0,1000,0.1088772079674527,939,0,0,0,0,0,0,0,0,0,0,0,0,0,0,0,27,0,0,0,0,0,0,0,0,0,0,0,0,0,0,0,34,0.27237001061439514,-0.06808531284332275,0.6837732195854187,0.21365892887115479,0.006699
865,49533.0,1823.0,51356.0,51356.0,0.9645026871251655,25.0,0.025,65.0,43033.0,31.0,34.0,14.0,11.0,24985.0,24548.0,835.0,289.0,165.0,711.0,43033.0,430.32999999999987,100.0,1000,1,999,0.10917141707614064,935,0,0,0,0,0,0,0,0,0,0,0,0,0,0,0,31,0,0,0,0,0,0,0,0,0,0,0,1,0,0,0,33,0.4955470860004425,-0.04196488857269287,1.0776423215866089,0.1962231695652008,0.006672000000000001
866,50016.0,549.0,50565.0,50565.0,0.9891426876297834,12.0,0.012,64.0,43616.0,31.0,33.0,7.0,5.0,24251.0,25765.0,640.0,947.0,360.0,53.0,43616.0,436.15999999999894,100.0,1000,1,999,0.10924800008069724,936,0,0,0,0,0,0,1,0,0,0,0,0,0,0,0,30,0,0,0,0,0,0,0,0,0,0,0,0,0,0,0,33,0.7277562618255615,0.14876466989517212,1.1604527235031128,0.18581536412239075,0.006644999999999998
867,48582.0,1104.0,49686.0,49686.0,0.9777804612969448,16.0,0.016,61.0,42482.0,29.0,32.0,6.0,10.0,22897.0,25685.0,440.0,201.0,560.0,35.0,42482.0,424.81999999999937,100.0,1000,0,1000,0.1081777079962194,939,0,0,0,0,0,0,0,0,0,0,0,0,0,0,0,29,0,0,0,0,0,0,0,0,0,0,0,0,0,0,0,32,0.29579490423202515,-0.011863868683576584,0.6174812912940979,0.1634739190340042,0.006617999999999999
868,48424.0,1398.0,49822.0,49822.0,0.9719401067801373,20.0,0.02,61.0,42324.0,28.0,33.0,7.0,13.0,23883.0,24541.0,688.0,804.0,312.0,196.0,42324.0,423.2400000000003,100.0,1000,0,1000,0.11166795808821917,939,0,0,0,0,0,0,0,0,0,0,0,0,0,0,0,28,0,0,0,0,0,0,0,0,0,0,0,0,0,0,0,33,0.3165058493614197,-0.055696964263916016,0.7471151947975159,0.20554950833320618,0.006591
869,49208.0,640.0,49848.0,49848.0,0.9871609693468143,10.0,0.01,61.0,43108.0,31.0,30.0,3.0,7.0,24974.0,24234.0,949.0,114.0,51.0,886.0,43108.0,431.08000000000027,100.0,1000,0,1000,0.10827804205473512,938,0,0,0,0,0,0,0,0,0,0,0,0,0,0,0,31,0,0,0,0,0,0,0,0,0,0,0,0,0,0,0,31,0.30489668250083923,0.020009174942970276,0.5725079774856567,0.2081766575574875,0.006564
870,49426.0,1219.0,50645.0,50645.0,0.9759304965939382,19.0,0.019,60.0,43426.0,29.0,31.0,12.0,7.0,24209.0,25217.0,919.0,772.0625,81.0,227.9375,43426.0,434.2600000000003,100.0,1000,0,1000,0.10914179205428809,940,0,0,0,0,0,0,0,0,0,0,0,0,0,0,0,29,0,0,0,0,0,0,0,0,0,0,0,0,1,0,0,30,0.4188341200351715,0.02486896514892578,0.7908339500427246,0.22209087014198303,0.006536999999999998
871,48702.0,1092.0,49794.0,49794.0,0.9780696469454151,16.0,0.016,60.0,42702.0,27.0,33.0,11.0,5.0,23393.0,25309.0,630.0,729.0,370.0,271.0,42702.0,427.01999999999975,100.0,1000,1,999,0.10889995901379734,939,0,0,0,0,0,0,0,0,0,0,0,0,0,1,1,26,0,0,0,0,0,0,0,0,0,0,0,0,0,0,0,33,0.42797645926475525,0.02839578688144684,0.8015507459640503,0.18351416289806366,0.006509999999999998
872,49312.0,555.0,49867.0,49867.0,0.9888703952513687,10.0,0.01,62.0,43112.0,29.0,33.0,2.0,8.0,23959.0,25353.0,379.0,680.0,621.0,320.0,43112.0,431.12000000000023,100.0,1000,0,1000,0.10686970804817975,938,0,0,0,0,0,0,0,0,0,0,0,0,0,0,0,29,0,0,0,0,0,0,0,0,0,0,0,0,0,0,0,33,0.1939939707517624,0.03578193858265877,0.3190734088420868,0.20432892441749573,0.006482999999999999
873,50206.0,2045.0,52251.0,52251.0,0.9608619930719029,23.0,0.023,61.0,44106.0,29.0,32.0,17.0,6.0,25469.0,24737.0,359.0,400.0,641.0,600.0,44106.0,441.0599999999999,100.0,1000,0,1000,0.10860429191961884,939,0,0,0,0,0,0,0,0,0,0,0,0,0,0,0,29,0,0,0,0,0,0,0,0,0,0,0,0,0,0,0,32,0.22066573798656464,-0.12955139577388763,0.702720046043396,0.17702645063400269,0.006456
874,48664.0,1070.0,49734.0,49734.0,0.9784855430892347,19.0,0.019,60.0,42664.0,27.0,33.0,13.0,6.0,23335.0,25329.0,324.0,674.0,676.0,326.0,42664.0,426.63999999999936,100.0,1000,1,999,0.10791870800312608,940,0,0,0,0,0,0,0,0,0,0,0,0,0,0,2,25,0,0,0,0,0,0,0,0,0,0,0,0,0,0,0,33,0.18183578550815582,-0.04610341414809227,0.45824700593948364,0.18421229720115662,0.006429000000000001
875,49881.0,1304.0,51185.0,51185.0,0.9745237862655075,17.0,0.017,62.0,43681.0,28.0,34.0,8.0,9.0,23131.0,26750.0,648.0625,296.0,351.9375,704.0,43681.0,436.8100000000001,100.0,1000,0,1000,0.1069703339599073,938,0,0,0,0,0,0,0,0,0,0,0,0,0,0,3,25,0,0,0,0,0,0,0,0,0,0,0,0,0,0,0,34,0.36662885546684265,0.043984755873680115,0.6474066972732544,0.16545836627483368,0.006401999999999998
876,48929.0,587.0,49516.0,49516.0,0.988145245981097,10.0,0.01,60.0,42929.0,30.0,30.0,2.0,8.0,24097.0,24832.0,888.0,611.0,112.0,389.0,42929.0,429.2899999999997,100.0,1000,0,1000,0.10734045796561986,938,0,0,0,0,0,0,1,0,0,0,0,0,0,0,0,30,0,0,0,0,0,0,0,0,0,0,0,0,0,0,0,31,0.583501398563385,0.045493390411138535,1.078401803970337,0.18711553514003754,0.006374999999999999
877,49614.0,446.0,50060.0,50060.0,0.9910906911705953,6.0,0.006,64.0,43214.0,30.0,34.0,5.0,1.0,25760.0,23854.0,397.0,907.0,603.0,93.0,43214.0,432.13999999999976,100.0,1000,0,1000,0.10869087500032037,935,0,0,0,0,0,0,0,0,0,0,0,0,0,0,0,30,0,0,0,0,0,0,0,0,0,0,0,0,0,0,0,35,0.3523816764354706,0.05687884986400604,0.5930055975914001,0.15752190351486206,0.0063479999999999995
878,47084.0,1650.0,48734.0,48734.0,0.9661427340255263,22.0,0.022,56.0,41484.0,28.0,28.0,12.0,10.0,23538.0,23546.0,562.0,778.0,438.0,222.0,41484.0,414.84000000000043,100.0,1000,0,1000,0.10682170803193003,944,0,0,0,0,0,0,0,0,0,0,0,0,0,0,0,28,0,0,0,0,0,0,0,0,0,0,0,0,0,0,0,28,0.503473699092865,0.08619502186775208,0.8367124199867249,0.17046423256397247,0.006321
879,47026.0,2062.0,49088.0,49088.0,0.9579938070404173,27.0,0.027,56.0,41426.0,25.0,31.0,21.0,6.0,22447.0,24579.0,516.0,719.0,484.0,281.0,41426.0,414.2600000000005,100.0,1000,0,1000,0.10775312501937151,943,0,0,0,0,0,0,0,0,0,0,0,0,0,2,0,23,0,0,0,0,0,0,0,0,0,0,0,0,0,0,0,32,0.34260526299476624,-0.017445281147956848,0.722557008266449,0.1951000839471817,0.0062939999999999975
880,50557.0,2459.0,53016.0,53016.0,0.9536177757658065,31.0,0.031,59.0,44657.0,30.0,29.0,11.0,20.0,25786.0,24771.0,491.875,895.0,508.125,105.0,44657.0,446.57000000000085,100.0,1000,0,1000,0.1090366248972714,941,0,0,0,0,0,0,0,0,0,0,0,0,1,1,0,28,0,0,0,0,0,0,0,0,0,0,0,0,0,0,0,29,0.4763292372226715,-0.022785989567637444,1.0005775690078735,0.187258780002594,0.006266999999999998
881,48828.0,2501.0,51329.0,51329.0,0.9512751076389565,26.0,0.026,57.0,43128.0,27.0,30.0,17.0,9.0,23891.0,24937.0,637.0,940.0,363.0,60.0,43128.0,431.2799999999991,100.0,1000,0,1000,0.1081074170069769,942,0,0,0,0,0,0,0,0,0,0,0,0,0,0,0,27,0,0,0,0,0,0,0,0,0,0,0,0,0,0,0,31,0.6945033073425293,0.02823333814740181,1.33470618724823,0.17358139157295227,0.006239999999999999
882,48071.0,1266.0,49337.0,49337.0,0.9743397450189513,22.0,0.022,58.0,42271.0,29.0,29.0,15.0,7.0,24148.0,23923.0,901.0,330.0,99.0,42.0,42271.0,422.7100000000001,100.0,1000,0,1000,0.107191790943034,942,0,0,0,0,0,0,0,0,0,0,0,0,0,1,0,28,0,0,0,0,0,0,0,0,0,0,0,0,0,0,0,29,0.40132609009742737,0.006619889289140701,0.7919508814811707,0.2042902559041977,0.006213
883,48879.0,1299.0,50178.0,50178.0,0.97411216070788,17.0,0.017,58.0,43079.0,28.0,30.0,9.0,8.0,23837.0,25042.0,356.0,366.0,644.0,634.0,43079.0,430.7899999999994,100.0,1000,1,999,0.10899212502408773,942,0,0,0,0,0,0,0,0,0,0,0,0,0,0,1,27,0,0,0,0,0,0,0,0,0,0,0,0,0,0,0,30,0.562312126159668,0.09417926520109177,0.9385064840316772,0.1811155378818512,0.0061860000000000005
884,50279.0,625.0,50904.0,50904.0,0.9877219864843627,11.0,0.011,63.0,43979.0,30.0,33.0,8.0,3.0,25002.0,25277.0,953.0,398.0,47.0,602.0,43979.0,439.79000000000053,100.0,1000,0,1000,0.10823016695212573,937,0,0,0,0,0,0,0,0,0,0,0,0,0,0,1,29,0,0,0,0,0,0,0,0,0,0,0,0,0,0,0,33,0.42880818247795105,0.013978363014757633,0.8316494226455688,0.16153372824192047,0.006158999999999998
885,48401.0,744.0,49145.0,49145.0,0.9848611252416319,14.0,0.014,59.0,42501.0,29.0,30.0,10.0,4.0,24527.0,23874.0,260.0,302.0,740.0,698.0,42501.0,425.00999999999954,100.0,1000,2,998,0.10821554192807525,941,0,0,0,0,0,0,0,0,0,0,0,0,0,1,1,27,0,0,0,0,0,0,0,0,0,0,0,0,0,0,0,30,0.25436049699783325,0.011182887479662895,0.4886157512664795,0.18431852757930756,0.0061319999999999986
886,47972.0,968.0,48940.0,48940.0,0.9802206783816919,15.0,0.015,61.0,41872.0,29.0,32.0,8.0,7.0,23569.0,24403.0,311.0,540.0,689.0,460.0,41872.0,418.720000000001,100.0,1000,1,999,0.10763529106043279,939,0,0,0,0,0,0,0,0,0,0,0,0,0,0,1,28,0,0,0,0,0,0,0,0,1,0,0,0,0,0,0,31,0.33306607604026794,0.018674612045288086,0.6304789781570435,0.13890789449214935,0.006104999999999999
887,49575.0,1335.0,50910.0,50910.0,0.9737772539776075,18.0,0.018,61.0,43475.0,28.0,33.0,9.0,9.0,23823.0,25752.0,290.0,967.0,710.0,33.0,43475.0,434.7499999999994,100.0,1000,1,999,0.1093044999288395,938,0,0,0,0,0,0,0,0,0,0,1,0,0,0,0,27,1,0,0,0,0,0,0,0,0,0,0,0,0,0,0,33,0.44278785586357117,0.004481203388422728,0.8790094256401062,0.1971139907836914,0.006078
888,48457.0,1516.0,49973.0,49973.0,0.9696636183539111,15.0,0.015,61.0,42357.0,32.0,29.0,5.0,10.0,24593.0,23864.0,290.0,551.0,710.0,449.0,42357.0,423.5700000000004,100.0,1000,0,1000,0.10997849993873388,937,0,0,0,0,0,0,0,0,0,0,0,0,0,0,0,32,0,0,0,0,0,0,0,0,0,0,0,0,0,0,0,31,0.5357507467269897,-0.012795560993254185,1.0993268489837646,0.18461646139621735,0.006050999999999997
889,48648.0,288.0,48936.0,48936.0,0.9941147621383031,6.0,0.006,60.0,42648.0,31.0,29.0,4.0,2.0,24891.0,23757.0,349.0,616.0,651.0,384.0,42648.0,426.47999999999996,100.0,1000,0,1000,0.10969375004060566,940,0,0,0,0,0,0,0,0,0,0,0,0,0,0,1,30,0,0,0,0,0,0,0,0,0,0,0,0,0,0,0,29,0.14333805441856384,-0.07280055433511734,0.4340928792953491,0.15070338547229767,0.006023999999999998
890,48759.0,1703.0,50462.0,50462.0,0.9662518330625025,15.0,0.015,61.0,42659.0,29.0,32.0,8.0,7.0,23152.0,25607.0,869.0,427.0,131.0,573.0,42659.0,426.58999999999907,100.0,1000,1,999,0.10689166700467467,939,0,0,0,0,0,0,0,1,0,0,0,0,0,0,1,27,0,0,0,0,0,1,0,0,0,0,0,0,0,0,0,31,0.3648812770843506,-0.0724581703543663,0.8768497109413147,0.1809885948896408,0.005996999999999999
891,48620.0,1562.0,50182.0,50182.0,0.9688733011836914,22.0,0.022,58.0,42820.0,29.0,29.0,14.0,8.0,25057.0,23563.0,838.0,284.0,162.0,716.0,42820.0,428.20000000000044,100.0,1000,0,1000,0.10846079199109226,941,0,0,0,0,0,0,0,0,0,0,0,0,0,0,0,30,0,0,0,0,0,0,0,1,0,0,0,0,0,0,0,28,0.3828456699848175,0.008408143185079098,0.7514839172363281,0.21849538385868073,0.00597
892,49530.0,950.0,50480.0,50480.0,0.9811806656101426,10.0,0.01,61.0,43430.0,29.0,32.0,4.0,6.0,24032.0,25498.0,267.0,920.0,733.0,80.0,43430.0,434.3000000000002,100.0,1000,1,999,0.1090931249782443,938,0,0,0,0,0,0,0,0,0,0,0,0,0,0,0,29,0,0,0,0,0,0,0,0,0,0,0,0,0,0,0,33,0.35507217049598694,0.027234261855483055,0.6577480435371399,0.17434227466583252,0.005943
893,48576.0,494.0,49070.0,49070.0,0.9899327491338904,9.0,0.009,65.0,42076.0,32.0,33.0,7.0,2.0,24698.0,23878.0,220.0,888.0,780.0,112.0,42076.0,420.76000000000056,100.0,1000,0,1000,0.10730333300307393,934,0,0,0,0,0,0,0,0,0,0,0,0,0,0,0,32,0,0,0,0,0,0,0,0,0,0,0,0,0,0,0,34,0.28065985441207886,0.04466878995299339,0.47381940484046936,0.15527833998203278,0.005915999999999998
894,48893.0,1063.0,49956.0,49956.0,0.9787212747217552,18.0,0.018,58.0,43093.0,28.0,30.0,18.0,0.0,25426.0,23467.0,127.0,751.0,873.0,249.0,43093.0,430.9300000000003,100.0,1000,0,1000,0.10814804094843566,941,0,0,0,0,0,0,0,0,0,0,0,0,0,0,0,29,0,1,0,0,0,0,0,0,0,0,0,0,0,0,0,29,0.2819340229034424,0.02272600308060646,0.521052896976471,0.22388072311878204,0.005888999999999998
895,48999.0,1146.0,50145.0,50145.0,0.9771462758001794,13.0,0.013,62.0,42799.0,32.0,30.0,3.0,10.0,24328.0,24671.0,9.0,391.0,28.0,609.0,42799.0,427.9899999999994,100.0,1000,0,1000,0.10907095798756927,938,0,0,0,0,0,0,0,0,0,0,0,0,1,0,0,31,0,0,0,0,0,0,0,0,0,0,0,0,0,0,0,30,0.43935221433639526,-0.029693175107240677,0.9406867623329163,0.22142504155635834,0.005861999999999999
896,50696.0,1171.0,51867.0,51867.0,0.9774230242736229,19.0,0.019,63.0,44396.0,30.0,33.0,4.0,15.0,24448.0,26248.0,317.0,160.0,683.0,54.0,44396.0,443.96000000000066,100.0,1000,0,1000,0.10736737493425608,937,0,0,0,0,0,0,0,0,0,0,0,0,0,0,0,30,0,0,0,0,0,0,0,0,0,0,0,0,0,0,0,33,0.2898789048194885,-0.0382278710603714,0.6585535407066345,0.20051079988479614,0.005835
897,50525.0,975.0,51500.0,51500.0,0.9810679611650486,14.0,0.014,63.0,44225.0,30.0,33.0,2.0,12.0,22984.0,27541.0,763.0,327.0,237.0,673.0,44225.0,442.2499999999998,100.0,1000,0,1000,0.10746895894408226,937,0,0,0,0,0,0,0,0,0,0,0,0,0,0,0,30,0,0,0,0,0,0,0,0,0,0,0,0,0,0,0,33,0.6475667357444763,0.12436367571353912,1.0483875274658203,0.17056922614574432,0.005807999999999997
898,49424.0,479.0,49903.0,49903.0,0.9904013786746287,8.0,0.008,62.0,43224.0,31.0,31.0,4.0,4.0,25325.0,24099.0,60.0,791.5625,940.0,208.4375,43224.0,432.24000000000024,100.0,1000,0,1000,0.10775545798242092,938,0,0,0,0,0,0,0,0,0,0,0,0,0,0,0,31,0,0,0,0,0,0,0,0,1,0,0,0,0,0,0,30,0.34576520323753357,-0.004852373152971268,0.7036207914352417,0.20633086562156677,0.005780999999999998
899,48021.0,699.0,48720.0,48720.0,0.9856527093596059,10.0,0.01,62.0,41821.0,33.0,29.0,5.0,5.0,25057.0,22964.0,510.0,141.0,490.0,859.0,41821.0,418.2099999999999,100.0,1000,0,1000,0.10923637496307492,938,0,0,0,0,0,0,0,0,1,0,0,0,0,0,0,32,0,0,0,0,0,0,0,0,0,0,0,0,0,0,0,29,0.4023605287075043,0.06496836990118027,0.67727130651474,0.21611227095127106,0.005753999999999999
900,47658.0,796.0,48454.0,48454.0,0.9835720477153589,10.0,0.01,59.0,41758.0,28.0,31.0,4.0,6.0,22582.0,25076.0,968.0,970.0,32.0,30.0,41758.0,417.5799999999997,100.0,1000,0,1000,0.10702925000805408,939,0,0,0,0,0,0,0,0,0,0,0,0,0,0,0,30,0,0,0,0,0,0,0,0,0,0,0,0,0,0,0,31,0.24860616028308868,0.013972998596727848,0.4717117249965668,0.21349722146987915,0.0057269999999999995
901,50586.0,72.0,50658.0,50658.0,0.9985787042520431,1.0,0.001,67.0,43886.0,32.0,35.0,1.0,0.0,23542.0,27044.0,391.0,664.0,51.0,336.0,43886.0,438.8600000000003,100.0,1000,0,1000,0.1085473750717938,932,0,0,0,0,0,0,0,0,0,0,0,0,0,0,0,32,0,0,0,0,0,0,0,0,0,0,0,0,0,0,0,36,0.5733307003974915,0.042591165751218796,1.0633081197738647,0.16044312715530396,0.0057
902,48478.0,495.0,48973.0,48973.0,0.9898923896841116,11.0,0.011,61.0,42378.0,31.0,30.0,3.0,8.0,24933.0,23545.0,530.0,590.0,470.0,410.0,42378.0,423.7799999999998,100.0,1000,1,999,0.10737183294259012,937,0,0,0,0,0,0,0,0,0,0,0,0,0,0,1,30,0,0,0,0,0,0,0,0,0,0,0,0,0,1,0,31,0.2515309453010559,-0.08298224955797195,0.6708652973175049,0.16207832098007202,0.0056729999999999975
903,49969.0,827.0,50796.0,50796.0,0.9837191904874399,13.0,0.013,63.0,43669.0,32.0,31.0,11.0,2.0,25568.0,24401.0,643.0,627.0,357.0,373.0,43669.0,436.6899999999986,100.0,1000,1,999,0.10950062493793666,935,0,0,0,0,0,0,0,0,0,0,0,0,0,0,0,34,0,0,0,0,0,0,0,0,0,0,0,0,0,0,0,31,0.24879442155361176,-0.04868430271744728,0.5971512794494629,0.1942826360464096,0.005645999999999998
904,50399.0,563.0,50962.0,50962.0,0.9889525528825399,9.0,0.009,64.0,43999.0,31.0,33.0,3.0,6.0,24925.0,25474.0,634.0,743.0,366.0,257.0,43999.0,439.98999999999995,100.0,1000,0,1000,0.10838462493848056,935,0,0,0,0,0,0,0,0,0,0,0,0,0,0,0,31,0,0,0,0,0,0,0,0,0,0,0,0,0,0,0,34,0.18238109350204468,-0.06685934960842133,0.5003919005393982,0.1700492948293686,0.005618999999999999
905,49570.0,1800.0,51370.0,51370.0,0.9649600934397509,20.0,0.02,63.0,43270.0,30.0,33.0,10.0,10.0,24720.0,24850.0,47.0,510.0,101.0,490.0,43270.0,432.70000000000033,100.0,1000,0,1000,0.10780758399050683,937,0,0,0,0,0,0,0,0,0,0,0,0,0,0,0,30,0,0,0,0,0,0,0,0,0,0,0,0,0,0,0,33,0.6949583888053894,0.015153486281633377,1.3619191646575928,0.20648685097694397,0.005592
906,49556.0,479.0,50035.0,50035.0,0.9904267013090836,8.0,0.008,66.0,42956.0,34.0,32.0,6.0,2.0,25332.0,24224.0,264.0,811.0,736.0,189.0,42956.0,429.5599999999995,100.0,1000,0,1000,0.10733212495688349,934,0,0,0,0,0,0,0,0,0,0,0,0,0,0,1,33,0,0,0,0,1,0,0,0,0,0,0,0,0,0,0,31,0.42007818818092346,0.09978633373975754,0.6424566507339478,0.16827823221683502,0.005564999999999997
907,49980.0,356.0,50336.0,50336.0,0.9929275270184361,6.0,0.006,65.0,43480.0,36.0,29.0,3.0,3.0,26180.0,23800.0,834.0,353.0,166.0,647.0,43480.0,434.80000000000047,100.0,1000,0,1000,0.10730775003321469,935,0,0,0,0,0,0,0,0,0,0,0,0,0,0,1,35,0,0,0,0,0,0,0,0,0,0,0,0,0,0,0,29,0.5573760271072388,0.13195514678955078,0.8524137139320374,0.14191550016403198,0.005537999999999998
908,49217.0,648.0,49865.0,49865.0,0.9870049132658177,11.0,0.011,59.0,43317.0,30.0,29.0,8.0,3.0,25308.0,23909.0,860.0,458.0,140.0,542.0,43317.0,433.17000000000024,100.0,1000,0,1000,0.10737945896107703,940,0,0,0,0,0,0,0,0,0,0,0,0,0,0,1,30,0,0,0,0,0,0,0,0,0,0,0,0,0,0,0,29,0.30183449387550354,0.022643936797976494,0.5603687167167664,0.18032872676849365,0.0055109999999999985
909,49478.0,1735.0,51213.0,51213.0,0.9661218831156152,22.0,0.022,60.0,43478.0,30.0,30.0,11.0,11.0,25013.0,24465.0,303.0,449.0,697.0,551.0,43478.0,434.78000000000026,100.0,1000,1,999,0.10944237501826137,939,0,0,0,0,0,0,0,0,0,0,0,0,0,1,0,29,0,0,0,0,0,0,0,0,0,0,0,0,0,0,0,31,0.36974266171455383,-0.03132888674736023,0.8044986128807068,0.21476002037525177,0.005483999999999999
910,49486.0,1028.0,50514.0,50514.0,0.9796492061606683,16.0,0.016,59.0,43586.0,30.0,29.0,4.0,12.0,24447.0,25039.0,674.0,609.0,326.0,391.0,43586.0,435.8599999999995,100.0,1000,0,1000,0.10948674997780472,941,0,0,0,0,0,0,0,0,0,0,0,0,0,0,0,30,0,0,0,0,0,0,0,0,0,0,0,0,0,0,0,29,0.33974337577819824,0.030156133696436882,0.6209865808486938,0.16603682935237885,0.005457
911,48254.0,746.0,49000.0,49000.0,0.9847755102040816,15.0,0.015,59.0,42354.0,29.0,30.0,8.0,7.0,24618.0,23636.0,316.0,65.0,684.0,114.0,42354.0,423.53999999999974,100.0,1000,0,1000,0.10938691592309624,941,0,0,0,0,0,0,0,0,0,0,0,0,0,0,0,29,0,0,0,0,0,0,0,0,0,0,0,0,0,0,0,30,0.22796504199504852,-0.0616888552904129,0.5811477303504944,0.16942369937896729,0.005429999999999997
912,47886.0,1518.0,49404.0,49404.0,0.9692737430167597,28.0,0.028,55.0,42386.0,27.0,28.0,3.0,25.0,22626.0,25260.0,624.0,421.0,376.0,579.0,42386.0,423.86000000000024,100.0,1000,0,1000,0.10693629190791398,944,0,0,0,0,0,0,0,0,0,0,0,0,0,0,0,27,0,0,0,0,0,0,0,0,0,0,0,0,0,0,0,29,0.20630620419979095,-0.08621298521757126,0.5870755910873413,0.18852388858795166,0.005402999999999998
913,47391.0,1752.0,49143.0,49143.0,0.9643489408461022,26.0,0.026,58.0,41591.0,27.0,31.0,22.0,4.0,23279.0,24112.0,324.0,813.0,676.0,187.0,41591.0,415.90999999999894,100.0,1000,0,1000,0.10920208296738565,942,0,0,0,0,0,0,0,0,0,0,0,0,0,0,1,26,0,0,0,0,0,0,0,0,0,0,0,0,0,0,0,31,0.5068863034248352,-0.0009313143673352897,1.0175474882125854,0.1778479963541031,0.005375999999999999
914,49684.0,440.0,50124.0,50124.0,0.9912217700103743,9.0,0.009,61.0,43584.0,30.0,31.0,9.0,0.0,24904.0,24780.0,721.0,137.0,279.0,863.0,43584.0,435.8399999999995,100.0,1000,0,1000,0.1090675420127809,939,0,0,0,0,0,0,0,0,0,0,0,0,0,0,0,30,0,0,0,0,0,0,0,0,0,0,0,0,0,0,0,31,0.16544298827648163,0.03039272129535675,0.27183112502098083,0.16176877915859222,0.005349
915,49202.0,1058.0,50260.0,50260.0,0.978949462793474,16.0,0.016,59.0,43302.0,30.0,29.0,9.0,7.0,25157.0,24045.0,920.0,348.0,80.0,652.0,43302.0,433.02000000000004,100.0,1000,1,999,0.1070036250166595,941,0,0,0,0,0,0,0,0,0,0,0,0,0,0,0,30,0,0,0,0,0,0,0,0,0,0,0,0,0,0,0,29,0.24232101440429688,-0.04074262082576752,0.5680738687515259,0.18288113176822662,0.005321999999999997
916,47429.0,1649.0,49078.0,49078.0,0.9664004238151513,16.0,0.016,58.0,41629.0,28.0,30.0,4.0,12.0,22664.0,24765.0,329.0,789.0,671.0,211.0,41629.0,416.2899999999991,100.0,1000,0,1000,0.10912312497384846,941,0,0,0,0,0,0,0,0,0,0,0,0,0,0,0,28,0,0,0,0,0,0,0,0,0,0,0,0,0,0,0,31,0.3031112849712372,-0.023334059864282608,0.6547971367835999,0.18002638220787048,0.005294999999999998
917,49160.0,1216.0,50376.0,50376.0,0.9758615213593774,19.0,0.019,57.0,43460.0,28.0,29.0,11.0,8.0,24027.0,25133.0,824.0,244.0,176.0,756.0,43460.0,434.6000000000002,100.0,1000,0,1000,0.10907412506639957,943,0,0,0,0,0,0,0,0,0,0,0,0,0,0,0,28,0,0,0,0,0,0,0,0,0,0,0,0,0,0,0,29,0.4085941016674042,0.06703656166791916,0.6854590773582458,0.22247909009456635,0.005267999999999998
918,49346.0,1313.0,50659.0,50659.0,0.9740816044533054,23.0,0.023,59.0,43446.0,28.0,31.0,18.0,5.0,24360.0,24986.0,1000.0,326.0,0.0,674.0,43446.0,434.459999999999,100.0,1000,0,1000,0.10840162495151162,941,0,0,0,0,0,0,0,0,0,0,0,0,0,0,0,28,0,0,0,0,0,0,0,0,0,0,0,0,0,0,0,31,0.6807304620742798,0.053710050880908966,1.255956768989563,0.1827848106622696,0.005240999999999999
919,48798.0,904.0,49702.0,49702.0,0.9818115971188283,11.0,0.011,61.0,42698.0,28.0,33.0,4.0,7.0,23300.0,25498.0,628.0,136.0,372.0,864.0,42698.0,426.98000000000053,100.0,1000,0,1000,0.10954020801000297,939,0,0,0,0,0,0,0,0,0,0,0,0,0,0,0,28,0,0,0,0,0,0,0,0,0,0,0,0,0,0,0,33,0.43311700224876404,-0.01346509251743555,0.8950936794281006,0.1850249469280243,0.005213999999999996
920,48702.0,1460.0,50162.0,50162.0,0.9708943024600295,17.0,0.017,65.0,42202.0,31.0,34.0,10.0,7.0,24557.0,24145.0,466.0,690.0,534.0,310.0,42202.0,422.0199999999997,100.0,1000,1,999,0.109149832976982,934,0,0,0,0,0,0,0,0,0,0,0,0,0,0,0,32,0,0,0,0,0,0,0,0,0,0,0,0,1,0,1,32,0.25208985805511475,-0.015142182819545269,0.536168098449707,0.16426119208335876,0.005186999999999997
921,48999.0,837.0,49836.0,49836.0,0.9832049121117264,12.0,0.012,64.0,42599.0,31.0,33.0,8.0,4.0,24159.0,24840.0,699.0,179.0,301.0,821.0,42599.0,425.9899999999996,100.0,1000,1,999,0.10901241702958941,936,0,0,0,0,1,0,0,0,0,0,0,0,0,0,0,30,0,0,0,0,0,0,0,0,0,0,0,0,0,0,0,33,0.11946689337491989,-0.08475275337696075,0.41027015447616577,0.17740871012210846,0.005159999999999998
922,48329.0,185.0,48514.0,48514.0,0.9961866677660057,4.0,0.004,61.0,42229.0,30.0,31.0,2.0,2.0,24693.0,23636.0,489.5,571.0,510.5,429.0,42229.0,422.2900000000004,100.0,1000,0,1000,0.10715345793869346,939,0,0,0,0,0,0,0,0,0,0,0,0,1,0,2,27,0,0,0,0,0,0,0,0,0,0,0,0,0,0,0,31,0.25045016407966614,0.05915180593729019,0.3842545449733734,0.16148653626441956,0.005132999999999999
923,49484.0,786.0,50270.0,50270.0,0.9843644320668391,13.0,0.013,63.0,43184.0,29.0,34.0,6.0,7.0,24070.0,25414.0,286.0,744.0,714.0,256.0,43184.0,431.84000000000015,100.0,1000,0,1000,0.10825420799665153,937,0,0,0,0,0,0,0,0,0,0,0,0,0,0,2,27,0,0,0,0,0,0,0,0,0,0,0,0,0,0,0,34,0.3004884123802185,-0.04763832688331604,0.6981105208396912,0.1818493902683258,0.005105999999999999
924,51273.0,970.0,52243.0,52243.0,0.9814329192427693,11.0,0.011,62.0,45073.0,30.0,32.0,7.0,4.0,24819.0,26454.0,739.0,256.0,261.0,744.0,45073.0,450.73000000000036,100.0,1000,1,999,0.10796791699249297,938,0,0,0,0,0,0,0,0,0,0,0,0,0,0,1,29,0,0,0,0,0,0,0,0,0,0,1,0,0,0,0,31,0.7210237383842468,0.018070679157972336,1.407820463180542,0.18845593929290771,0.005078999999999997
925,48683.0,1062.0,49745.0,49745.0,0.9786511207156499,15.0,0.015,58.0,42883.0,31.0,27.0,10.0,5.0,26256.0,22427.0,320.0,837.0,680.0,163.0,42883.0,428.8299999999995,100.0,1000,0,1000,0.10701962502207607,941,0,0,0,0,0,0,0,0,0,0,0,0,0,0,2,29,0,0,0,0,0,0,0,0,0,0,0,0,0,0,0,28,0.503150999546051,0.0693204253911972,0.8696075677871704,0.19263559579849243,0.0050519999999999975
926,47966.0,1223.0,49189.0,49189.0,0.9751367175588038,22.0,0.022,62.0,41766.0,29.0,33.0,7.0,15.0,23032.0,24934.0,1000.0,754.0,0.0,246.0,41766.0,417.66000000000014,100.0,1000,0,1000,0.10883729194756597,937,0,0,0,0,0,0,0,0,0,0,0,0,0,0,1,28,0,0,0,0,0,0,0,0,0,0,0,0,0,0,0,34,0.32548990845680237,0.026518648490309715,0.5994711518287659,0.15210019052028656,0.005024999999999998
927,47233.0,1958.0,49191.0,49191.0,0.960195970807668,24.0,0.024,56.0,41633.0,26.0,30.0,7.0,17.0,22880.0,24353.0,395.0,872.0,605.0,128.0,41633.0,416.3299999999998,100.0,1000,0,1000,0.10762808308936656,944,0,0,0,0,0,0,0,0,0,0,0,0,0,0,0,26,0,0,0,0,0,0,0,0,0,0,0,0,0,0,0,30,0.5030876994132996,0.12568077445030212,0.7566637992858887,0.18507719039916992,0.004997999999999999
928,49287.0,923.0,50210.0,50210.0,0.9816172077275443,15.0,0.015,62.0,43087.0,30.0,32.0,10.0,5.0,24301.0,24986.0,471.0,800.0,529.0,200.0,43087.0,430.8700000000005,100.0,1000,2,998,0.10946166596841067,938,0,0,0,0,0,1,0,0,0,0,0,0,0,0,2,27,0,1,0,0,0,0,0,0,0,0,0,0,0,0,0,31,0.4895539879798889,0.08887782692909241,0.8028805255889893,0.1537146121263504,0.004970999999999996
929,49348.0,876.0,50224.0,50224.0,0.9825581395348837,13.0,0.013,60.0,43348.0,31.0,29.0,9.0,4.0,26316.0,23032.0,840.0,426.0,160.0,574.0,43348.0,433.4799999999997,100.0,1000,1,999,0.10853008297272027,939,0,0,0,0,0,0,0,0,0,0,0,0,0,0,0,31,0,0,0,0,0,0,0,0,0,0,0,0,0,0,0,30,0.35658732056617737,-0.040541213005781174,0.7958456873893738,0.16066549718379974,0.004943999999999997
930,47862.0,1495.0,49357.0,49357.0,0.9697104767307575,31.0,0.031,59.0,41962.0,28.0,31.0,25.0,6.0,24366.0,23496.0,267.0,834.0,733.0,166.0,41962.0,419.6199999999997,100.0,1000,0,1000,0.10731174994725734,941,0,0,0,0,0,0,0,0,0,0,0,0,0,0,0,28,0,0,0,0,0,0,0,0,0,0,0,0,0,0,0,31,0.3283498287200928,0.01676984131336212,0.6249301433563232,0.1800011247396469,0.004916999999999998
931,49640.0,608.0,50248.0,50248.0,0.9879000159210317,11.0,0.011,59.0,43740.0,30.0,29.0,8.0,3.0,25429.0,24211.0,681.0,485.0,319.0,515.0,43740.0,437.4000000000002,100.0,1000,0,1000,0.10899420792702585,941,0,0,0,0,0,0,0,0,0,0,0,0,0,0,2,28,0,0,0,0,0,0,0,0,0,0,0,0,0,0,0,29,0.3478862941265106,0.039549026638269424,0.6184136867523193,0.1778247058391571,0.0048899999999999985
932,50160.0,1543.0,51703.0,51703.0,0.9701564706109896,21.0,0.021,60.0,44160.0,29.0,31.0,7.0,14.0,23778.0,26382.0,554.0,894.0,446.0,106.0,44160.0,441.5999999999998,100.0,1000,0,1000,0.1071695419959724,940,0,0,0,0,0,0,0,0,0,0,0,0,0,1,0,28,0,0,0,0,0,0,0,0,0,0,0,0,0,0,0,31,0.3507579565048218,0.0017907342407852411,0.699452817440033,0.15611733496189117,0.004862999999999999
933,48534.0,1476.0,50010.0,50010.0,0.9704859028194361,29.0,0.029,56.0,42934.0,29.0,27.0,16.0,13.0,25350.0,23184.0,535.0,629.0,465.0,371.0,42934.0,429.33999999999816,100.0,1000,0,1000,0.10799420799594373,944,0,0,0,0,0,0,0,0,0,0,0,0,0,0,0,29,0,0,0,0,0,0,0,0,0,0,0,0,0,0,0,27,0.34071898460388184,0.030397219583392143,0.6225364804267883,0.19571305811405182,0.0048359999999999966
934,49235.0,1292.0,50527.0,50527.0,0.9744295129336791,24.0,0.024,60.0,43235.0,30.0,30.0,6.0,18.0,24353.0,24882.0,35.0,810.0,0.0,190.0,43235.0,432.35,100.0,1000,0,1000,0.1089563750429079,940,0,0,0,0,0,0,0,0,0,0,0,0,0,0,0,30,0,0,0,0,0,0,0,0,0,0,0,0,0,0,0,30,0.1348043829202652,-0.054896872490644455,0.38127925992012024,0.19512926042079926,0.004808999999999997
935,47633.0,1969.0,49602.0,49602.0,0.9603040199991936,20.0,0.02,58.0,41833.0,30.0,28.0,7.0,13.0,24188.0,23445.0,735.0,844.0,265.0,156.0,41833.0,418.3300000000009,100.0,1000,0,1000,0.11018687509931624,942,0,0,0,0,0,0,0,0,0,0,0,0,0,0,0,30,0,0,0,0,0,0,0,0,0,0,0,0,0,0,0,28,0.3114634156227112,-0.02971554547548294,0.6841907501220703,0.19163884222507477,0.004781999999999998
936,48600.0,1119.0,49719.0,49719.0,0.9774935135461292,14.0,0.014,63.0,42300.0,34.0,29.0,6.0,8.0,24966.0,23634.0,469.0,847.0,531.0,153.0,42300.0,423.00000000000006,100.0,1000,0,1000,0.10735470801591873,937,0,0,0,0,0,0,0,0,0,0,0,0,0,0,0,34,0,0,0,0,0,0,0,0,0,0,0,0,0,0,0,29,0.20409509539604187,-0.051697880029678345,0.5129889249801636,0.1475275307893753,0.004754999999999999
937,49040.0,1578.0,50618.0,50618.0,0.9688253190564621,15.0,0.015,62.0,42840.0,33.0,29.0,11.0,4.0,25651.0,23389.0,43.0,626.0,0.0,374.0,42840.0,428.3999999999995,100.0,1000,0,1000,0.10857487504836172,937,0,0,0,0,0,0,0,0,0,0,0,0,0,0,1,32,0,0,0,0,0,0,0,0,0,0,0,0,0,0,0,30,0.35394567251205444,-0.07157079130411148,0.8526433706283569,0.17030826210975647,0.004727999999999996
938,49885.0,911.0,50796.0,50796.0,0.9820655169698401,11.0,0.011,62.0,43685.0,31.0,31.0,7.0,4.0,25396.0,24489.0,932.0,405.0,68.0,595.0,43685.0,436.84999999999917,100.0,1000,0,1000,0.10767462500371039,938,0,0,0,0,0,0,0,0,0,0,0,0,0,0,0,31,0,0,0,0,0,0,0,0,0,0,0,0,0,0,0,31,0.7185560464859009,0.037539418786764145,1.3637232780456543,0.17974910140037537,0.004700999999999997
939,49072.0,852.0,49924.0,49924.0,0.9829340597708517,16.0,0.016,60.0,43072.0,31.0,29.0,4.0,12.0,24987.0,24085.0,792.0,296.0,208.0,704.0,43072.0,430.7200000000001,100.0,1000,0,1000,0.1088357080006972,940,0,0,0,0,0,0,0,0,0,0,0,0,0,0,0,31,0,0,0,0,0,0,0,0,0,0,0,0,0,0,0,29,0.44926539063453674,0.10538818687200546,0.6891822814941406,0.15274666249752045,0.004674000000000001
940,49343.0,1150.0,50493.0,50493.0,0.9772245657813955,15.0,0.015,65.0,42843.0,33.0,32.0,4.0,11.0,23372.0,25971.0,68.9375,635.0,0.0,365.0,42843.0,428.43000000000046,100.0,1000,1,999,0.10759425000287592,934,0,0,0,0,0,0,0,0,0,0,0,0,0,0,1,33,0,0,0,0,0,0,0,0,0,0,1,0,0,0,0,31,0.3931383788585663,-0.08755956590175629,0.9629958868026733,0.1721479296684265,0.004647000000000002
941,47643.0,808.0,48451.0,48451.0,0.9833233576190378,9.0,0.009,58.0,41843.0,29.0,29.0,4.0,5.0,23135.0,24508.0,644.0,338.0,356.0,662.0,41843.0,418.4300000000005,100.0,1000,0,1000,0.10790116700809449,942,0,0,0,0,0,0,0,0,0,1,0,0,0,0,1,27,0,0,0,0,0,0,0,0,0,0,0,0,0,0,0,29,0.25883030891418457,-0.006283620372414589,0.5322250723838806,0.21615058183670044,0.004619999999999999
942,48471.0,548.0,49019.0,49019.0,0.9888206613762011,10.0,0.01,58.0,42671.0,32.0,26.0,1.0,9.0,25324.0,23147.0,754.0,596.0,246.0,404.0,42671.0,426.7099999999997,100.0,1000,0,1000,0.10887558409012854,942,0,0,0,0,0,0,0,0,0,0,0,0,0,0,0,32,0,0,0,0,0,0,0,0,0,0,0,0,0,0,0,26,0.3821040391921997,0.05971837788820267,0.6467603445053101,0.2165275514125824,0.004593
943,49733.0,489.0,50222.0,50222.0,0.9902632312532357,8.0,0.008,65.0,43233.0,33.0,32.0,3.0,5.0,24154.0,25579.0,851.0,773.0,149.0,227.0,43233.0,432.33000000000004,100.0,1000,2,998,0.10797854198608547,935,0,0,0,0,0,0,0,1,0,0,0,0,0,0,1,31,0,0,0,0,0,0,0,0,0,0,0,0,0,0,0,32,0.46958136558532715,-1.2562192750920076e-05,0.9408234357833862,0.17910419404506683,0.004566000000000001
944,48757.0,525.0,49282.0,49282.0,0.9893470232539264,9.0,0.009,64.0,42357.0,34.0,30.0,3.0,6.0,25316.0,23441.0,461.0,814.0,539.0,186.0,42357.0,423.5700000000004,100.0,1000,1,999,0.10918287502136081,936,0,0,0,0,0,0,0,0,0,0,0,1,0,0,0,33,0,0,0,0,0,0,0,0,0,0,0,0,0,0,0,30,0.0318407267332077,-0.08599307388067245,0.2374146431684494,0.19244824349880219,0.004539000000000001
945,48530.0,852.0,49382.0,49382.0,0.9827467498278725,13.0,0.013,64.0,42130.0,32.0,32.0,6.0,7.0,22988.0,25542.0,856.0,768.0,144.0,232.0,42130.0,421.29999999999933,100.0,1000,1,999,0.10944933397695422,936,0,0,0,0,0,0,0,0,0,0,0,0,1,0,3,28,0,0,0,0,0,0,0,0,0,0,0,0,0,0,0,32,0.26431646943092346,0.003269331296905875,0.5239235162734985,0.20271266996860504,0.004512000000000002
946,49916.0,895.0,50811.0,50811.0,0.9823857038830175,11.0,0.011,65.0,43416.0,33.0,32.0,7.0,4.0,25302.0,24614.0,880.0,450.0,120.0,550.0,43416.0,434.16000000000014,100.0,1000,0,1000,0.1082569999853149,935,0,0,0,0,0,0,0,0,0,0,0,0,0,0,2,31,0,0,0,0,0,0,0,0,0,0,0,0,0,0,0,32,0.3857233226299286,0.027997678145766258,0.7172040343284607,0.19539906084537506,0.004484999999999999
947,49636.0,474.0,50110.0,50110.0,0.9905408102175215,8.0,0.008,61.0,43536.0,28.0,33.0,3.0,5.0,22694.0,26942.0,424.0,510.0,576.0,490.0,43536.0,435.3600000000004,100.0,1000,1,999,0.10962608305271715,939,0,0,0,0,0,0,0,0,0,0,0,0,0,0,2,26,0,0,0,0,0,0,0,0,0,0,0,0,0,0,0,33,0.3839475214481354,0.010033919475972652,0.7494505643844604,0.1820710003376007,0.004458
948,48605.0,811.0,49416.0,49416.0,0.9835883114780638,10.0,0.01,60.0,42605.0,29.0,31.0,8.0,2.0,24540.0,24065.0,272.0,501.0,728.0,499.0,42605.0,426.04999999999933,100.0,1000,0,1000,0.10868233302608132,939,0,0,0,0,0,0,0,0,0,0,0,0,0,1,1,27,0,0,0,0,0,0,0,0,0,0,1,0,0,0,0,31,0.434307724237442,-0.014081268571317196,0.8985925912857056,0.20476378500461578,0.004431000000000001
949,49370.0,659.0,50029.0,50029.0,0.9868276399688181,8.0,0.008,64.0,42970.0,31.0,33.0,4.0,4.0,24133.0,25237.0,26.0,792.0,36.0,208.0,42970.0,429.70000000000044,100.0,1000,0,1000,0.10724233300425112,934,0,0,0,0,0,0,0,0,0,0,0,0,0,0,0,32,0,0,0,0,0,0,0,0,0,0,0,0,0,0,0,34,0.290132075548172,-0.08540921658277512,0.7525936365127563,0.17154961824417114,0.004404000000000002
950,47870.0,632.0,48502.0,48502.0,0.9869696095006392,9.0,0.009,63.0,41570.0,33.0,30.0,2.0,7.0,23715.0,24155.0,783.0,556.0,217.0,444.0,41570.0,415.6999999999999,100.0,1000,0,1000,0.10748183308169246,937,0,0,0,0,0,0,0,0,0,0,0,0,0,0,1,32,0,0,0,0,0,0,0,0,0,0,0,0,0,0,0,30,0.146145761013031,-0.11431549489498138,0.5226338505744934,0.19549383223056793,0.004376999999999999
951,49641.0,1007.0,50648.0,50648.0,0.98011767493287,13.0,0.013,62.0,43441.0,31.0,31.0,5.0,8.0,24707.0,24934.0,330.0,549.0,670.0,451.0,43441.0,434.40999999999997,100.0,1000,0,1000,0.10911383398342878,938,0,0,0,0,0,0,0,0,0,0,0,0,0,0,0,31,0,0,0,0,0,0,0,0,0,0,0,0,0,0,0,31,0.133268341422081,-0.09128737449645996,0.4508898854255676,0.20442023873329163,0.00435
952,48539.0,567.0,49106.0,49106.0,0.9884535494644239,7.0,0.007,62.0,42339.0,33.0,29.0,3.0,4.0,25616.0,22923.0,729.0,371.5625,271.0,628.4375,42339.0,423.39000000000027,100.0,1000,0,1000,0.10959158302284777,938,0,0,0,0,0,0,0,0,0,0,0,0,0,0,0,33,1,0,0,0,0,0,0,0,0,0,0,0,0,0,0,28,0.12022444605827332,-0.0387423001229763,0.31957608461380005,0.18998242914676666,0.0043230000000000005
953,50035.0,1098.0,51133.0,51133.0,0.9785265875266462,14.0,0.014,63.0,43735.0,32.0,31.0,9.0,5.0,25672.0,24363.0,677.0,555.0,323.0,445.0,43735.0,437.35,100.0,1000,0,1000,0.11005458293948323,937,0,0,0,0,0,0,0,0,0,0,1,0,0,0,1,30,0,0,0,0,0,0,0,0,0,0,0,0,0,0,0,31,0.2878551483154297,0.005961958784610033,0.5654887557029724,0.19813129305839539,0.004296000000000001
954,48948.0,604.0,49552.0,49552.0,0.9878107846302874,11.0,0.011,61.0,42848.0,28.0,33.0,8.0,3.0,22850.0,26098.0,52.0,721.0,0.0,279.0,42848.0,428.4799999999997,100.0,1000,0,1000,0.10961483302526176,939,0,0,0,0,0,0,0,0,0,0,0,0,0,0,0,28,0,0,0,0,0,0,0,0,0,0,0,0,0,0,0,33,0.3824467360973358,0.02170540764927864,0.7231418490409851,0.19433343410491943,0.004269000000000002
955,49552.0,344.0,49896.0,49896.0,0.9931056597723265,6.0,0.006,63.0,43252.0,31.0,32.0,6.0,0.0,25631.0,23921.0,481.0,587.0,519.0,413.0,43252.0,432.51999999999947,100.0,1000,0,1000,0.10830529197119176,936,0,0,0,0,0,0,0,0,0,0,0,0,0,0,2,29,0,0,0,0,0,0,0,0,0,0,0,0,0,0,0,33,0.27414923906326294,0.025036737322807312,0.4999455213546753,0.2028021365404129,0.004241999999999999
956,50616.0,346.0,50962.0,50962.0,0.9932106275263922,5.0,0.005,66.0,44016.0,32.0,34.0,3.0,2.0,24963.0,25653.0,543.0,322.0,457.0,678.0,44016.0,440.1599999999997,100.0,1000,0,1000,0.10847291594836861,934,0,0,0,0,0,1,0,0,0,0,0,0,0,0,0,31,0,0,0,0,0,0,0,0,0,0,0,0,0,0,0,34,0.17491517961025238,-0.09298060834407806,0.5373767614364624,0.1880398690700531,0.004215
957,49859.0,395.0,50254.0,50254.0,0.9921399291598678,8.0,0.008,64.0,43459.0,33.0,31.0,7.0,1.0,25702.0,24157.0,646.0,706.0,354.0,294.0,43459.0,434.59000000000015,100.0,1000,1,999,0.10754766594618559,936,0,0,0,0,0,0,0,0,0,0,0,0,0,1,0,32,0,0,0,0,0,0,0,0,0,0,0,0,0,0,0,31,0.21047425270080566,-0.10093118250370026,0.6241867542266846,0.16426341235637665,0.004188000000000001
958,49827.0,1851.0,51678.0,51678.0,0.9641820503889469,16.0,0.016,65.0,43327.0,33.0,32.0,7.0,9.0,25261.0,24566.0,910.0,619.0,90.0,381.0,43327.0,433.2700000000004,100.0,1000,1,999,0.10899041697848588,934,0,0,0,0,0,0,0,0,0,0,0,0,0,0,0,33,0,1,0,0,0,0,0,0,1,0,0,0,0,0,0,31,0.45552927255630493,-0.05085469037294388,1.0141584873199463,0.16709314286708832,0.0041610000000000015
959,49336.0,634.0,49970.0,49970.0,0.9873123874324595,12.0,0.012,62.0,43136.0,30.0,32.0,5.0,7.0,24425.0,24911.0,283.875,608.0,716.125,269.5,43136.0,431.36,100.0,1000,0,1000,0.10860112495720387,938,0,0,0,0,0,0,0,0,0,0,0,0,0,0,2,28,0,0,0,0,1,0,0,0,0,0,0,0,1,0,0,30,0.43304041028022766,0.04507071152329445,0.777459442615509,0.18384946882724762,0.004133999999999999
960,48666.0,572.0,49238.0,49238.0,0.9883829562533003,11.0,0.011,64.0,42266.0,32.0,32.0,4.0,7.0,24571.0,24095.0,600.0,637.5,400.0,362.5,42266.0,422.6599999999999,100.0,1000,1,999,0.10798404202796519,936,0,0,0,0,0,0,0,0,0,0,0,0,0,0,0,32,0,0,0,0,0,0,0,0,0,0,0,0,0,1,0,31,0.3729102611541748,0.044478096067905426,0.6582704782485962,0.1711871474981308,0.0041069999999999995
961,50608.0,828.0,51436.0,51436.0,0.9839023252196905,11.0,0.011,63.0,44308.0,33.0,30.0,3.0,8.0,25541.0,25067.0,309.0,468.0,49.0,532.0,44308.0,443.08000000000044,100.0,1000,0,1000,0.10846983396913856,937,0,0,0,0,0,0,0,0,0,0,0,0,0,0,1,32,0,0,0,0,0,0,0,0,0,0,0,0,0,0,0,30,0.3315863311290741,-0.05082117021083832,0.7663434743881226,0.1873077154159546,0.00408
962,49775.0,530.0,50305.0,50305.0,0.989464267965411,10.0,0.01,63.0,43475.0,32.0,31.0,5.0,5.0,25872.0,23903.0,394.0,655.0,606.0,345.0,43475.0,434.7500000000001,100.0,1000,1,999,0.10748508293181658,937,0,0,0,0,1,0,0,0,0,0,0,0,0,0,0,31,0,0,0,0,0,0,0,0,0,0,0,0,0,0,0,31,0.19279536604881287,-0.02489285357296467,0.4368537962436676,0.1822545975446701,0.004053000000000001
963,49255.0,602.0,49857.0,49857.0,0.9879254668351485,11.0,0.011,62.0,43055.0,33.0,29.0,4.0,7.0,26355.0,22900.0,520.0,1000.0,480.0,0.0,43055.0,430.5500000000005,100.0,1000,0,1000,0.10810941702220589,938,0,0,0,0,0,0,0,0,0,0,0,0,0,0,0,33,0,0,0,0,0,0,0,0,0,0,0,0,0,0,0,29,0.2692338526248932,0.02798733487725258,0.48382294178009033,0.16516099870204926,0.004026000000000002
964,50194.0,477.0,50671.0,50671.0,0.9905863314321801,8.0,0.008,63.0,43894.0,31.0,32.0,4.0,4.0,25017.0,25177.0,726.0,474.0,274.0,526.0,43894.0,438.9399999999994,100.0,1000,0,1000,0.10883975005708635,935,0,0,0,0,0,0,0,0,0,0,0,0,0,0,1,31,0,0,0,0,0,0,0,0,0,0,0,0,0,0,0,33,0.2543872892856598,0.03069244511425495,0.4490531086921692,0.2079862654209137,0.003998999999999999
965,49248.0,183.0,49431.0,49431.0,0.9962978697578443,3.0,0.003,66.0,42648.0,36.0,30.0,0.0,3.0,25333.0,23915.0,807.0,213.0,193.0,787.0,42648.0,426.4800000000001,100.0,1000,0,1000,0.10777995793614537,933,0,0,0,0,0,0,0,0,0,0,0,0,0,0,0,36,0,0,0,0,0,0,0,0,0,0,0,0,0,0,0,31,0.09682440757751465,-0.09053308516740799,0.3758409023284912,0.1417323648929596,0.003972
966,48897.0,308.0,49205.0,49205.0,0.9937404735291129,5.0,0.005,63.0,42597.0,33.0,30.0,2.0,3.0,24538.0,24359.0,446.0,355.0,554.0,645.0,42597.0,425.9699999999998,100.0,1000,0,1000,0.10906775004696101,936,0,0,0,0,0,0,0,0,0,0,0,0,0,0,0,34,0,0,0,0,0,0,0,0,0,0,0,0,0,1,0,29,0.4091007709503174,0.10753779858350754,0.604511022567749,0.17555075883865356,0.003945000000000001
967,48280.0,177.0,48457.0,48457.0,0.996347276967208,3.0,0.003,61.0,42180.0,32.0,29.0,3.0,0.0,25348.0,22932.0,893.0,667.0,107.0,333.0,42180.0,421.8000000000013,100.0,1000,0,1000,0.10894712503068149,937,0,0,0,0,0,0,0,0,1,0,0,0,0,0,3,30,0,0,0,0,0,0,0,0,0,0,0,0,0,0,0,29,0.5058131814002991,0.06918700039386749,0.8745123744010925,0.1608070731163025,0.003918000000000001
968,47964.0,868.0,48832.0,48832.0,0.9822247706422018,11.0,0.011,62.0,41764.0,31.0,31.0,8.0,3.0,23377.0,24587.0,38.0,728.0,0.0,272.0,41764.0,417.64000000000027,100.0,1000,0,1000,0.10954354191198945,938,0,0,0,0,0,0,0,0,0,0,0,0,0,0,1,30,0,0,0,0,0,0,0,0,0,0,0,0,0,0,0,31,0.31325727701187134,-0.08571125566959381,0.7994736433029175,0.19745291769504547,0.0038909999999999986
969,48991.0,370.0,49361.0,49361.0,0.9925042037235875,7.0,0.007,65.0,42491.0,34.0,31.0,2.0,5.0,25324.0,23667.0,670.0,604.0,330.0,396.0,42491.0,424.90999999999997,100.0,1000,0,1000,0.10928145900834352,935,0,0,0,0,0,1,0,0,0,0,0,0,0,0,1,32,0,0,0,0,0,0,0,0,1,0,0,0,0,1,0,29,0.18302762508392334,0.017003055661916733,0.33348923921585083,0.18634773790836334,0.0038639999999999994
970,47984.0,1085.0,49069.0,49069.0,0.9778882797693045,15.0,0.015,59.0,42084.0,30.0,29.0,2.0,13.0,24418.0,23566.0,611.0,953.0,389.0,47.0,42084.0,420.8400000000001,100.0,1000,0,1000,0.10774879192467779,940,0,0,0,0,0,0,0,0,0,0,0,0,0,0,0,30,0,0,0,0,0,0,0,0,0,0,0,0,0,0,0,30,0.55861896276474,0.09082131832838058,0.9367915391921997,0.1558837592601776,0.003837
971,49457.0,385.0,49842.0,49842.0,0.9922755908671401,6.0,0.006,62.0,43257.0,31.0,31.0,2.0,4.0,24400.0,25057.0,333.0,667.0,667.0,333.0,43257.0,432.5700000000005,100.0,1000,0,1000,0.10885508393403143,937,0,0,0,0,0,0,0,0,0,0,0,0,0,0,0,31,0,0,0,0,0,0,0,0,0,0,0,0,0,0,0,32,0.12395884096622467,-0.05527723953127861,0.35976701974868774,0.16992798447608948,0.003810000000000001
972,48925.0,996.0,49921.0,49921.0,0.980048476593017,16.0,0.016,61.0,42825.0,28.0,33.0,9.0,7.0,22924.0,26001.0,469.5,354.0,530.5,646.0,42825.0,428.2500000000003,100.0,1000,0,1000,0.1097511249827221,937,0,0,0,0,0,0,0,0,0,0,1,0,0,0,1,27,0,0,0,0,0,0,0,0,0,0,0,0,0,1,0,33,0.2823827266693115,0.027260558679699898,0.5116864442825317,0.1906093955039978,0.003782999999999998
973,49303.0,573.0,49876.0,49876.0,0.9885115085411821,10.0,0.01,61.0,43203.0,30.0,31.0,7.0,3.0,24731.0,24572.0,846.0,600.0,154.0,400.0,43203.0,432.03000000000014,100.0,1000,0,1000,0.10713191702961922,938,0,0,0,0,0,0,0,0,0,0,0,0,0,0,0,31,0,0,0,0,0,0,0,0,0,0,0,0,0,0,0,31,0.15737372636795044,-0.060064785182476044,0.4363761246204376,0.1995616853237152,0.003755999999999999
974,48496.0,457.0,48953.0,48953.0,0.9906645149429044,7.0,0.007,63.0,42196.0,31.0,32.0,5.0,2.0,24204.0,24292.0,755.0,362.0,245.0,638.0,42196.0,421.95999999999935,100.0,1000,0,1000,0.10743220802396536,936,0,0,0,0,0,0,0,0,0,0,0,0,0,0,1,30,0,0,0,0,0,0,0,0,0,0,0,0,0,0,0,33,0.2519761025905609,0.04052818566560745,0.4240526556968689,0.15511195361614227,0.0037289999999999997
975,50287.0,287.0,50574.0,50574.0,0.9943251473088939,5.0,0.005,64.0,43887.0,33.0,31.0,3.0,2.0,25354.0,24933.0,625.0,582.0,375.0,418.0,43887.0,438.8700000000004,100.0,1000,0,1000,0.10825320903677493,934,0,0,0,0,0,0,0,0,0,0,0,0,0,0,1,32,0,0,0,0,0,0,0,0,0,0,0,0,0,0,0,33,0.22335761785507202,-0.02222486212849617,0.49241015315055847,0.16817806661128998,0.0037020000000000004
976,48640.0,869.0,49509.0,49509.0,0.9824476357833929,9.0,0.009,62.0,42440.0,30.0,32.0,5.0,4.0,24341.0,24299.0,286.0,879.0,714.0,121.0,42440.0,424.39999999999935,100.0,1000,0,1000,0.10974795802030712,938,0,0,0,0,0,0,0,0,0,0,0,0,0,0,0,30,0,0,0,0,0,0,0,0,0,0,0,0,0,0,0,32,0.3471115827560425,0.06150241196155548,0.5723704099655151,0.1567385047674179,0.003675000000000001
977,48127.0,548.0,48675.0,48675.0,0.9887416538263996,11.0,0.011,61.0,42027.0,30.0,31.0,3.0,8.0,24127.0,24000.0,861.0,695.0,139.0,305.0,42027.0,420.2699999999997,100.0,1000,0,1000,0.10795579198747873,938,0,0,0,0,0,0,0,0,0,0,0,0,0,0,1,30,0,0,0,0,0,0,0,0,0,0,0,0,0,0,0,31,0.1624874621629715,-0.04654126986861229,0.4197342097759247,0.22981707751750946,0.0036479999999999985
978,48901.0,528.0,49429.0,49429.0,0.9893180116935403,10.0,0.01,61.0,42801.0,28.0,33.0,6.0,4.0,23386.0,25515.0,423.0,625.0,577.0,375.0,42801.0,428.0100000000007,100.0,1000,0,1000,0.10944954107981175,938,0,0,0,0,0,0,0,0,0,0,0,0,0,0,2,27,0,0,0,0,0,0,0,0,0,0,0,0,0,0,0,33,0.11460813879966736,-0.06311525404453278,0.3565693795681,0.15501143038272858,0.0036209999999999992
979,49907.0,560.0,50467.0,50467.0,0.9889036400023777,11.0,0.011,65.0,43407.0,33.0,32.0,4.0,7.0,25525.0,24382.0,757.0,428.0,243.0,572.0,43407.0,434.06999999999977,100.0,1000,0,1000,0.10712212498765439,935,0,0,0,0,0,0,0,0,0,0,0,0,0,0,1,32,0,0,0,0,0,0,0,0,0,0,0,0,0,0,0,32,0.33237719535827637,0.04856595769524574,0.568863570690155,0.17266131937503815,0.003594
980,49637.0,266.0,49903.0,49903.0,0.9946696591387292,5.0,0.005,64.0,43237.0,30.0,34.0,4.0,1.0,23236.0,26401.0,449.0,258.0,551.0,96.0,43237.0,432.36999999999983,100.0,1000,0,1000,0.10774308408144861,936,0,0,0,0,0,0,0,0,0,0,0,0,0,1,0,29,0,0,0,0,0,0,0,0,0,0,0,0,0,0,0,34,0.21688754856586456,0.032579898834228516,0.3696931302547455,0.15108336508274078,0.0035670000000000007
981,50320.0,463.0,50783.0,50783.0,0.9908827757320363,7.0,0.007,64.0,43920.0,34.0,30.0,2.0,5.0,26765.0,23555.0,65.0,640.0,0.0,360.0,43920.0,439.1999999999999,100.0,1000,0,1000,0.10866587504278868,936,0,0,0,0,0,0,0,0,0,0,0,1,0,0,0,33,0,0,0,0,0,0,0,0,0,0,0,0,0,0,0,30,0.22458955645561218,-0.01986907422542572,0.49029743671417236,0.1949383020401001,0.003539999999999998
982,49251.0,264.0,49515.0,49515.0,0.9946682823386852,5.0,0.005,63.0,42951.0,30.0,33.0,2.0,3.0,24182.0,25069.0,166.0,836.0,834.0,164.0,42951.0,429.5099999999993,100.0,1000,0,1000,0.10942079196684062,937,0,0,0,0,0,0,0,0,0,0,0,0,0,0,1,29,0,0,0,0,0,0,0,0,0,0,0,0,0,0,0,33,0.4390021562576294,0.06830368936061859,0.7425029277801514,0.1574184000492096,0.0035129999999999988
983,49943.0,678.0,50621.0,50621.0,0.986606349143636,10.0,0.01,61.0,43843.0,30.0,31.0,4.0,6.0,25096.0,24847.0,961.0,663.0,39.0,337.0,43843.0,438.4299999999993,100.0,1000,0,1000,0.10858391702640802,938,0,0,0,0,0,0,0,0,0,0,0,0,0,0,2,29,0,0,0,0,0,0,0,0,0,0,0,0,0,0,0,31,0.24619296193122864,-0.009134960360825062,0.5120837688446045,0.2048085480928421,0.0034859999999999995
984,50446.0,781.0,51227.0,51227.0,0.9847541335623792,9.0,0.009,63.0,44146.0,30.0,33.0,5.0,4.0,24976.0,25470.0,360.0,816.0,640.0,184.0,44146.0,441.46,100.0,1000,0,1000,0.10784175002481788,937,0,0,0,0,0,0,0,0,0,0,0,0,0,0,0,30,0,0,0,0,0,0,0,0,0,0,0,0,0,0,0,33,0.4651721715927124,-0.014551148749887943,0.9607287645339966,0.18533170223236084,0.0034590000000000003
985,49708.0,1486.0,51194.0,51194.0,0.970973160917295,12.0,0.012,66.0,43108.0,33.0,33.0,6.0,6.0,25252.0,24456.0,290.0,565.5,0.0,434.5,43108.0,431.08000000000084,100.0,1000,1,999,0.10920904204249382,933,0,0,0,0,0,0,0,0,0,0,1,0,0,0,0,32,0,0,0,0,0,0,0,1,0,0,0,0,0,0,0,33,0.25173497200012207,-0.0734812393784523,0.6518258452415466,0.20300999283790588,0.003432000000000001
986,50097.0,355.0,50452.0,50452.0,0.9929636089748672,6.0,0.006,64.0,43697.0,34.0,30.0,1.0,5.0,25872.0,24225.0,283.0,525.0,717.0,475.0,43697.0,436.97000000000054,100.0,1000,0,1000,0.10888949991203845,936,0,0,0,1,0,0,0,0,0,0,0,0,0,1,0,32,0,0,0,0,0,0,0,0,0,0,0,0,0,0,0,30,0.19856923818588257,0.03327415883541107,0.3316557705402374,0.1564786285161972,0.0034049999999999983
987,49268.0,376.0,49644.0,49644.0,0.9924260736443478,7.0,0.007,63.0,42968.0,34.0,29.0,2.0,5.0,26077.0,23191.0,899.0,459.5625,101.0,540.4375,42968.0,429.6799999999995,100.0,1000,1,999,0.10740249999798834,937,0,0,0,0,0,0,0,0,0,0,0,0,0,0,2,32,0,0,0,0,0,0,1,0,0,0,0,0,0,0,0,28,0.4915759563446045,0.09565149247646332,0.7931987643241882,0.19979602098464966,0.003377999999999999
988,49517.0,613.0,50130.0,50130.0,0.987771793337323,9.0,0.009,64.0,43117.0,33.0,31.0,6.0,3.0,24980.0,24537.0,856.0,744.0,144.0,256.0,43117.0,431.1700000000005,100.0,1000,1,999,0.10765400005038828,935,0,0,0,0,0,0,0,0,0,0,0,0,0,0,0,33,0,0,0,0,0,0,0,0,0,0,0,0,0,0,0,32,0.3341960310935974,0.02486872673034668,0.6199008822441101,0.18595167994499207,0.003351
989,49666.0,762.0,50428.0,50428.0,0.9848893471880701,11.0,0.011,63.0,43366.0,34.0,29.0,1.0,10.0,26094.0,23572.0,77.0,750.0,89.0,250.0,43366.0,433.65999999999957,100.0,1000,0,1000,0.1094547500833869,937,0,0,0,0,0,0,0,0,0,0,0,0,0,0,1,33,0,0,0,0,0,0,0,0,0,0,0,0,0,0,0,29,0.29389670491218567,-0.016889041289687157,0.6227033138275146,0.1702544093132019,0.0033240000000000006
990,49769.0,564.0,50333.0,50333.0,0.988794627778992,11.0,0.011,62.0,43569.0,31.0,31.0,1.0,10.0,24356.0,25413.0,335.0,363.0,665.0,637.0,43569.0,435.69000000000017,100.0,1000,0,1000,0.10874645900912583,938,0,0,0,0,0,0,0,0,0,0,0,0,0,0,1,30,0,0,0,0,0,0,0,0,0,0,0,0,0,0,0,31,0.2917099893093109,0.03867955505847931,0.507638156414032,0.2392071634531021,0.003296999999999998
991,48330.0,784.0,49114.0,49114.0,0.9840371380868999,8.0,0.008,63.0,42030.0,33.0,30.0,5.0,3.0,24850.0,23480.0,853.0,737.0,147.0,263.0,42030.0,420.3000000000006,100.0,1000,0,1000,0.10824445902835578,936,0,0,0,0,0,0,0,0,0,0,1,0,0,0,0,32,0,0,0,0,0,0,0,0,0,0,0,0,0,0,0,31,0.37784168124198914,0.003435796592384577,0.7499843835830688,0.1792977750301361,0.0032699999999999986
992,48738.0,494.0,49232.0,49232.0,0.9899658758531037,8.0,0.008,64.0,42338.0,30.0,34.0,5.0,3.0,22905.0,25833.0,684.0,316.0,316.0,684.0,42338.0,423.3800000000007,100.0,1000,0,1000,0.1090086669428274,936,0,0,0,0,0,0,0,0,0,0,0,0,0,0,0,30,0,0,0,0,0,0,0,0,0,0,0,0,0,0,0,34,0.19497117400169373,-0.043991051614284515,0.4790228605270386,0.16934804618358612,0.0032429999999999994
993,49220.0,956.0,50176.0,50176.0,0.9809470663265306,13.0,0.013,64.0,42820.0,31.0,33.0,7.0,6.0,23885.0,25335.0,291.0,844.0,709.0,156.0,42820.0,428.19999999999936,100.0,1000,0,1000,0.1091258330270648,936,0,0,0,0,0,0,0,0,0,0,0,0,0,0,0,31,0,0,0,0,0,0,0,0,0,0,0,0,0,0,0,33,0.37233084440231323,0.09578307718038559,0.5543413758277893,0.1936950385570526,0.003216
994,49817.0,813.0,50630.0,50630.0,0.9839423266837843,13.0,0.013,62.0,43617.0,30.0,32.0,7.0,6.0,24158.0,25659.0,502.0,808.0,498.0,192.0,43617.0,436.1699999999995,100.0,1000,0,1000,0.1079179160296917,937,0,0,0,0,0,0,0,0,0,0,0,0,0,0,1,29,0,0,0,0,0,0,0,0,0,0,0,0,0,1,0,32,0.4641967713832855,0.03967197984457016,0.8503546714782715,0.20462150871753693,0.003189000000000001
995,48776.0,698.0,49474.0,49474.0,0.9858915794154506,7.0,0.007,62.0,42576.0,32.0,30.0,5.0,2.0,25543.0,23233.0,323.0,844.0,677.0,156.0,42576.0,425.76000000000056,100.0,1000,0,1000,0.10914366703946143,938,0,0,0,0,0,0,0,0,0,0,0,0,0,0,0,32,0,0,0,0,0,0,0,0,0,0,0,0,0,0,0,30,0.3655593991279602,-0.02875456027686596,0.7896474599838257,0.16121643781661987,0.003161999999999998
996,49040.0,304.0,49344.0,49344.0,0.9938391699092088,6.0,0.006,65.0,42540.0,30.0,35.0,5.0,1.0,23607.0,25433.0,433.984375,435.0,566.015625,565.0,42540.0,425.3999999999994,100.0,1000,0,1000,0.107841124990955,935,0,0,0,0,0,0,0,0,0,0,0,0,0,1,1,28,0,0,0,0,0,0,1,0,0,1,0,0,0,0,0,33,0.22556623816490173,-0.026995914056897163,0.5062603950500488,0.18119387328624725,0.003134999999999999
997,49344.0,422.0,49766.0,49766.0,0.9915203150745489,6.0,0.006,63.0,43044.0,31.0,32.0,1.0,5.0,24185.0,25159.0,351.0,424.0,649.0,576.0,43044.0,430.4400000000006,100.0,1000,0,1000,0.10756312508601695,937,0,0,0,0,0,0,0,0,0,0,0,0,0,0,0,31,0,0,0,0,0,0,0,0,0,0,0,0,0,0,0,32,0.46061480045318604,-0.004039723426103592,0.930491030216217,0.1901445835828781,0.0031079999999999997
998,50710.0,441.0,51151.0,51151.0,0.9913784676741413,5.0,0.005,68.0,43910.0,35.0,33.0,3.0,2.0,26284.0,24426.0,720.0,978.0,280.0,22.0,43910.0,439.0999999999994,100.0,1000,0,1000,0.10925545799545944,932,0,0,0,0,0,0,0,0,0,0,0,0,0,0,1,34,0,0,0,0,0,0,0,0,0,0,0,0,0,0,0,33,0.17097100615501404,-0.08184295147657394,0.5065991878509521,0.15762175619602203,0.0030810000000000004
999,50503.0,1277.0,51780.0,51780.0,0.9753379683275396,11.0,0.011,64.0,44103.0,32.0,32.0,9.0,2.0,24231.0,26272.0,794.0,531.0,206.0,469.0,44103.0,441.03000000000014,100.0,1000,0,1000,0.10837591602467,936,1,0,0,0,0,0,0,0,0,0,0,0,0,0,0,31,0,0,0,0,0,0,0,0,0,0,0,0,0,0,0,32,0.33039039373397827,-0.0020399033091962337,0.6659977436065674,0.18617287278175354,0.0030539999999999977
1000,49596.0,280.0,49876.0,49876.0,0.9943860774721309,6.0,0.006,64.0,43196.0,30.0,34.0,4.0,2.0,23830.0,25766.0,774.0,149.0,226.0,0.0,43196.0,431.9600000000003,100.0,1000,0,1000,0.10969437495805323,936,0,0,0,0,0,0,0,0,0,0,0,0,0,0,0,30,0,0,0,0,0,0,0,0,0,0,0,0,0,0,0,34,0.2593954801559448,0.028136076405644417,0.463754266500473,0.2040770798921585,0.0030269999999999984
