episode,settled_value,dropped_value,total_value,total_transaction_value,value_accept_ratio,drops,drop_rate,flushes,money,flush_A_count,flush_B_count,drop_A_count,drop_B_count,settled_A_value,settled_B_value,available_A,available_B,committed_A,committed_B,episode_return,training_reward_return,reward_scale,steps,settle_action_0,settle_action_1,elapsed_sec,flush_action_0,flush_action_1,flush_action_2,flush_action_3,flush_action_4,flush_action_5,flush_action_6,flush_action_7,flush_action_8,flush_action_9,flush_action_10,flush_action_11,flush_action_12,flush_action_13,flush_action_14,flush_action_15,flush_action_16,flush_action_17,flush_action_18,flush_action_19,flush_action_20,flush_action_21,flush_action_22,flush_action_23,flush_action_24,flush_action_25,flush_action_26,flush_action_27,flush_action_28,flush_action_29,flush_action_30,flush_action_31,flush_action_32,loss,policy_loss,value_loss,entropy,entropy_coef
1,47457.0,2847.0,50304.0,50304.0,0.9434041030534351,52.0,0.052,83.0,39157.0,38.0,45.0,37.0,15.0,23246.0,24211.0,313.0,662.0,487.0,138.0,39157.0,391.56999999999897,100.0,1000,4,996,0.21793191600590944,917,0,0,0,0,0,0,0,0,0,0,0,0,0,0,0,38,0,0,0,0,0,0,0,0,0,0,0,0,0,0,0,45,14.66930866241455,-0.007588454522192478,29.36919403076172,0.2566700875759125,0.03
2,44943.0,4052.0,48995.0,48995.0,0.9172976834370854,72.0,0.072,76.0,37343.0,37.0,39.0,54.0,18.0,22154.0,22789.0,31.0,660.0,769.0,140.0,37343.0,373.4299999999997,100.0,1000,3,997,0.2134612922091037,924,0,0,0,0,0,0,0,0,0,0,0,0,0,0,0,37,0,0,0,0,0,0,0,0,0,0,0,0,0,0,0,39,12.97592830657959,-0.012640323489904404,25.994199752807617,0.28454774618148804,0.029981999999999998
3,47648.0,3131.0,50779.0,50779.0,0.9383406526319935,59.0,0.059,81.0,39548.0,37.0,44.0,46.0,13.0,23335.0,24313.0,218.0,751.0,582.0,49.0,39548.0,395.4800000000003,100.0,1000,3,997,0.2139831248205155,919,0,0,0,0,0,0,0,0,0,0,0,0,0,0,0,37,0,0,0,0,0,0,0,0,0,0,0,0,0,0,0,44,14.20539379119873,-0.05343982204794884,28.53368377685547,0.26725950837135315,0.029963999999999998
4,47028.0,3232.0,50260.0,50260.0,0.9356943891762833,60.0,0.06,85.0,38528.0,44.0,41.0,35.0,25.0,22937.0,24091.0,538.0,1.0,262.0,68.0,38528.0,385.27999999999975,100.0,1000,4,996,0.21298966696485877,915,0,0,0,0,0,0,0,0,0,0,0,0,0,0,0,44,0,0,0,0,0,0,0,0,0,0,0,0,0,0,0,41,12.787821769714355,-0.04614567011594772,25.68467140197754,0.2794482409954071,0.029946
5,46065.0,4735.0,50800.0,50800.0,0.9067913385826771,87.0,0.087,79.0,38165.0,40.0,39.0,55.0,32.0,22348.0,23717.0,526.0,621.0,274.0,179.0,38165.0,381.6500000000001,100.0,1000,2,998,0.21426516701467335,921,0,0,0,0,0,0,0,0,0,0,0,0,0,0,0,40,0,0,0,1,0,0,0,0,0,0,0,0,0,0,0,38,12.130453109741211,-0.04210337996482849,24.36172866821289,0.277596652507782,0.029928
6,44690.0,4978.0,49668.0,49668.0,0.8997745026979141,91.0,0.091,76.0,37090.0,35.0,41.0,72.0,19.0,21223.0,23467.0,395.0,771.0,405.0,29.0,37090.0,370.90000000000015,100.0,1000,2,998,0.21363804186694324,924,0,0,0,0,0,0,0,0,0,0,0,0,0,0,0,35,0,0,0,0,0,0,0,0,0,0,0,0,0,0,0,41,10.58483600616455,0.021112218499183655,21.142911911010742,0.25852563977241516,0.02991
7,44994.0,6674.0,51668.0,51668.0,0.870829139893164,112.0,0.112,77.0,37294.0,41.0,36.0,83.0,29.0,22095.0,22899.0,769.0,203.0,31.0,597.0,37294.0,372.9400000000007,100.0,1000,3,997,0.2156885419972241,923,0,0,0,0,0,0,0,0,0,0,0,0,0,0,0,41,0,0,0,0,0,0,0,0,0,0,0,0,0,0,0,36,10.416678428649902,-0.03745182231068611,20.925874710083008,0.29463326930999756,0.029892
8,46848.0,2990.0,49838.0,49838.0,0.9400056182029777,53.0,0.053,82.0,38648.0,42.0,40.0,31.0,22.0,23077.0,23771.0,393.0,569.0,407.0,231.0,38648.0,386.4799999999994,100.0,1000,1,999,0.21328470902517438,918,0,0,0,0,0,0,0,0,0,0,0,0,0,0,0,42,0,0,0,0,1,0,0,0,0,0,0,0,0,0,0,39,10.206978797912598,0.030467966571450233,20.369522094726562,0.27618059515953064,0.029873999999999998
9,44116.0,5517.0,49633.0,49633.0,0.8888441158100457,103.0,0.103,75.0,36616.0,36.0,39.0,77.0,26.0,21020.0,23096.0,145.0,472.0,655.0,328.0,36616.0,366.16000000000054,100.0,1000,1,999,0.2225767499767244,925,0,0,1,0,0,0,0,0,0,0,0,0,0,0,0,35,0,0,0,0,0,0,0,0,0,0,0,0,0,0,0,39,8.697863578796387,-0.0745188444852829,17.567977905273438,0.3887465298175812,0.029856
10,47747.0,2847.0,50594.0,50594.0,0.9437285053563663,46.0,0.046,93.0,38447.0,58.0,35.0,13.0,33.0,24506.0,23241.0,413.0,708.0,387.0,92.0,38447.0,384.46999999999963,100.0,1000,0,1000,0.22545141610316932,907,0,0,0,0,0,0,0,0,0,0,0,0,0,0,0,58,0,0,0,0,0,0,0,0,0,0,0,0,0,0,0,35,8.885897636413574,0.039072491228580475,17.71439552307129,0.3476283550262451,0.029838
11,48178.0,3781.0,51959.0,51959.0,0.9272310860486153,50.0,0.05,93.0,38878.0,54.0,39.0,29.0,21.0,24819.0,23359.0,472.0,564.0,328.0,236.0,38878.0,388.77999999999986,100.0,1000,0,1000,0.3071826668456197,907,0,0,0,0,0,0,0,0,0,0,0,0,0,0,0,54,0,0,0,0,0,0,0,0,0,0,0,0,0,0,0,39,8.566747665405273,-0.02104928530752659,17.196672439575195,0.3534242510795593,0.02982
12,48797.0,1959.0,50756.0,50756.0,0.9614035779021199,35.0,0.035,104.0,38397.0,65.0,39.0,7.0,28.0,23837.0,24960.0,654.0,623.0,146.0,177.0,38397.0,383.9700000000002,100.0,1000,1,999,0.4294294170103967,896,0,0,0,0,0,0,0,0,0,0,0,0,0,0,0,65,0,0,0,0,0,0,0,0,0,0,0,0,0,0,0,39,7.437530994415283,-0.04216185212135315,14.979434967041016,0.3363713026046753,0.029802
13,49089.0,1288.0,50377.0,50377.0,0.9744327768624571,18.0,0.018,97.0,39389.0,51.0,46.0,13.0,5.0,24641.0,24448.0,409.0,53.0,391.0,747.0,39389.0,393.8899999999998,100.0,1000,0,1000,0.309835041873157,903,0,0,0,0,0,0,0,0,0,0,0,0,0,0,0,51,0,0,0,0,0,0,0,0,0,0,0,0,1,0,0,45,7.172205448150635,-0.012807338498532772,14.390278816223145,0.3400060832500458,0.029783999999999998
14,48652.0,1658.0,50310.0,50310.0,0.9670443251838601,31.0,0.031,100.0,38652.0,48.0,52.0,25.0,6.0,24366.0,24286.0,53.0,726.0,0.0,0.0,38652.0,386.5200000000002,100.0,1000,0,1000,0.2390183750540018,900,0,0,0,0,0,0,0,0,0,0,0,0,0,0,0,48,0,0,0,0,0,0,0,0,0,0,0,0,0,0,0,52,6.125514507293701,0.08113265782594681,12.105979919433594,0.289197713136673,0.029765999999999997
15,49685.0,1649.0,51334.0,51334.0,0.9678770405579148,23.0,0.023,103.0,39385.0,55.0,48.0,15.0,8.0,24238.0,25447.0,286.0,605.0,514.0,195.0,39385.0,393.8500000000002,100.0,1000,0,1000,0.2429256250616163,897,0,0,0,0,0,0,0,0,0,0,0,0,0,0,0,55,0,0,0,0,0,0,0,0,0,0,0,0,0,0,0,48,6.269827842712402,-0.07322798669338226,12.705907821655273,0.3327407240867615,0.029748
16,49380.0,1556.0,50936.0,50936.0,0.9694518611591016,25.0,0.025,98.0,39580.0,47.0,51.0,13.0,12.0,24421.0,24959.0,628.0,407.0,172.0,393.0,39580.0,395.7999999999989,100.0,1000,0,1000,0.24488495802506804,902,0,0,0,0,0,0,0,0,0,0,0,0,0,0,0,47,0,1,0,0,0,0,0,0,0,0,0,0,0,0,0,50,5.872464179992676,-0.051812879741191864,11.864620208740234,0.2702130675315857,0.02973
17,47796.0,2148.0,49944.0,49944.0,0.9569918308505526,37.0,0.037,97.0,38096.0,46.0,51.0,22.0,15.0,24521.0,23275.0,23.0,557.0,777.0,243.0,38096.0,380.9599999999994,100.0,1000,0,1000,0.22933495813049376,903,0,0,0,0,0,0,0,0,0,0,0,0,0,0,0,46,0,0,0,0,0,0,0,0,0,0,0,0,0,0,0,51,4.000635623931885,-0.08860449492931366,8.196310043334961,0.30004605650901794,0.029712
18,47806.0,2083.0,49889.0,49889.0,0.9582473090260378,33.0,0.033,90.0,38806.0,50.0,40.0,17.0,16.0,23512.0,24294.0,574.0,401.0,226.0,399.0,38806.0,388.0600000000004,100.0,1000,0,1000,0.2261830000206828,910,0,0,0,0,0,0,0,0,0,0,0,0,0,0,0,50,0,0,0,0,0,0,0,0,0,0,0,0,0,0,0,40,3.907273769378662,0.021745238453149796,7.786839008331299,0.2657437026500702,0.029693999999999998
19,46946.0,3143.0,50089.0,50089.0,0.9372516919882609,57.0,0.057,90.0,37946.0,41.0,49.0,42.0,15.0,23696.0,23250.0,537.0,445.0,263.0,355.0,37946.0,379.46000000000004,100.0,1000,0,1000,0.22346495906822383,910,0,0,0,0,0,0,0,0,0,0,0,0,0,0,0,41,0,0,0,0,0,0,0,0,0,0,0,0,0,0,0,49,2.8801770210266113,-0.025363432243466377,5.827091693878174,0.2697623670101166,0.029675999999999998
20,46542.0,3494.0,50036.0,50036.0,0.9301702774002718,61.0,0.061,88.0,37742.0,44.0,44.0,40.0,21.0,22055.0,24487.0,514.0,580.0,286.0,220.0,37742.0,377.42000000000064,100.0,1000,0,1000,0.22433524997904897,912,0,0,0,0,0,0,0,0,0,0,0,0,0,0,0,44,0,0,0,0,0,0,0,0,0,0,0,0,0,0,0,44,2.69978404045105,-0.01819424331188202,5.452855587005615,0.2849005460739136,0.029658
21,46081.0,4287.0,50368.0,50368.0,0.9148864358322745,65.0,0.065,83.0,37781.0,41.0,42.0,34.0,31.0,23006.0,23075.0,622.0,314.0,178.0,486.0,37781.0,377.8099999999997,100.0,1000,0,1000,0.21958337514661252,917,0,0,0,0,0,0,0,0,0,0,0,0,0,0,0,41,0,0,0,0,0,0,0,0,0,0,0,0,0,0,0,42,3.0669424533843994,-0.031304918229579926,6.213693141937256,0.2901204824447632,0.02964
22,48342.0,3984.0,52326.0,52326.0,0.9238619424377938,55.0,0.055,92.0,39142.0,43.0,49.0,48.0,7.0,23762.0,24580.0,461.0,481.0,339.0,319.0,39142.0,391.42000000000075,100.0,1000,0,1000,0.21697070798836648,908,0,0,0,0,0,0,0,0,0,0,0,0,0,0,0,43,0,0,0,0,0,0,0,0,0,0,0,0,0,0,0,49,2.710606813430786,-0.0825139582157135,5.602593898773193,0.2760172486305237,0.029622
23,42789.0,4326.0,47115.0,47115.0,0.9081821076090417,60.0,0.06,81.0,34689.0,43.0,38.0,49.0,11.0,21951.0,20838.0,193.0,518.0,73.0,282.0,34689.0,346.89000000000004,100.0,1000,0,1000,0.21342958393506706,919,0,0,0,0,0,0,0,0,0,0,0,0,0,0,0,43,0,0,0,0,0,0,0,0,0,0,0,0,0,0,0,38,2.3239898681640625,-0.03560897707939148,4.736023426055908,0.2841823101043701,0.029604
24,47627.0,3005.0,50632.0,50632.0,0.9406501817032706,56.0,0.056,94.0,38227.0,49.0,45.0,29.0,27.0,23010.0,24617.0,537.0,638.0,263.0,162.0,38227.0,382.27,100.0,1000,0,1000,0.21603345801122487,906,0,0,0,0,0,0,0,0,0,0,0,0,0,0,0,49,0,0,0,0,0,0,0,0,0,0,0,0,0,0,2,43,2.771898031234741,0.03620893880724907,5.491517543792725,0.3403517007827759,0.029585999999999998
25,45888.0,3186.0,49074.0,49074.0,0.9350776378530383,53.0,0.053,86.0,37288.0,43.0,43.0,40.0,13.0,21740.0,24148.0,388.0,377.0,412.0,423.0,37288.0,372.88000000000085,100.0,1000,0,1000,0.21388029190711677,914,0,0,0,0,0,0,0,0,0,0,0,0,0,0,0,43,0,0,0,0,0,0,0,0,0,0,0,0,0,0,0,43,2.0390477180480957,-0.095860056579113,4.291833877563477,0.3723316192626953,0.029568
26,48159.0,845.0,49004.0,49004.0,0.9827565096726798,13.0,0.013,104.0,37759.0,56.0,48.0,11.0,2.0,23506.0,24653.0,643.0,568.0,157.0,232.0,37759.0,377.58999999999975,100.0,1000,0,1000,0.2134578339755535,896,0,0,0,0,0,0,0,0,0,0,0,0,0,0,0,56,0,0,0,0,0,0,0,0,0,0,0,0,0,0,0,48,2.693538188934326,-0.010878121480345726,5.428105354309082,0.3261058032512665,0.02955
27,48053.0,2934.0,50987.0,50987.0,0.9424559201365054,55.0,0.055,99.0,38153.0,45.0,54.0,44.0,11.0,23021.0,25032.0,745.0,800.0,55.0,0.0,38153.0,381.53000000000026,100.0,1000,0,1000,0.21300991694442928,901,0,0,0,0,0,0,0,0,0,0,0,0,0,0,0,45,0,0,0,0,0,0,0,0,0,0,0,0,0,0,0,54,1.91376531124115,-0.02603740617632866,3.8986761569976807,0.32287999987602234,0.029532
28,45768.0,2718.0,48486.0,48486.0,0.9439425813636926,35.0,0.035,91.0,36668.0,48.0,43.0,24.0,11.0,22918.0,22850.0,800.0,270.0,0.0,530.0,36668.0,366.6799999999997,100.0,1000,0,1000,0.21350062498822808,909,0,0,0,0,0,0,0,0,0,0,0,0,0,0,0,48,0,0,0,0,0,0,0,0,0,0,0,0,0,0,0,43,2.863786220550537,-0.04764639213681221,5.844448566436768,0.3656489849090576,0.029514
29,50538.0,1882.0,52420.0,52420.0,0.964097672644029,25.0,0.025,108.0,39738.0,53.0,55.0,19.0,6.0,24621.0,25917.0,609.0,231.0,191.0,569.0,39738.0,397.3799999999998,100.0,1000,0,1000,0.2131709170062095,892,0,0,0,0,0,0,0,0,0,0,0,0,0,0,0,53,0,0,0,0,0,0,0,0,0,0,0,0,0,0,1,54,2.4732775688171387,0.008469514548778534,4.952027320861816,0.37990885972976685,0.029495999999999998
30,48343.0,1837.0,50180.0,50180.0,0.9633917895575926,33.0,0.033,105.0,37843.0,49.0,56.0,23.0,10.0,23417.0,24926.0,443.0,627.0,357.0,173.0,37843.0,378.42999999999995,100.0,1000,0,1000,0.2132364590652287,895,0,0,0,0,0,0,0,0,0,0,0,0,0,0,0,49,0,0,0,0,0,0,0,0,0,0,0,0,0,0,0,56,4.938406944274902,0.1861918568611145,9.523240089416504,0.3190572261810303,0.029477999999999997
31,48928.0,889.0,49817.0,49817.0,0.9821546861513138,18.0,0.018,111.0,37828.0,53.0,58.0,14.0,4.0,24000.0,24928.0,680.0,702.0,120.0,98.0,37828.0,378.2800000000002,100.0,1000,0,1000,0.21208712505176663,889,0,0,0,0,0,0,0,0,0,0,0,0,0,0,0,53,0,0,0,0,0,0,0,0,0,0,0,0,0,0,0,58,3.4096388816833496,0.03882761299610138,6.76139497756958,0.3355824053287506,0.02946
32,47454.0,1994.0,49448.0,49448.0,0.9596748099013105,25.0,0.025,103.0,37154.0,51.0,52.0,17.0,8.0,24250.0,23204.0,575.0,675.0,225.0,125.0,37154.0,371.54,100.0,1000,0,1000,0.21370470919646323,897,0,0,0,0,0,0,0,0,0,0,0,0,0,0,0,51,0,0,0,0,0,0,0,0,0,0,0,0,0,0,0,52,2.6815185546875,0.032386984676122665,5.315258979797363,0.28863197565078735,0.029442
33,48171.0,1494.0,49665.0,49665.0,0.9699184536393839,28.0,0.028,100.0,38171.0,52.0,48.0,26.0,2.0,23930.0,24241.0,655.0,351.0,43.0,449.0,38171.0,381.71000000000015,100.0,1000,0,1000,0.21631020889617503,900,0,0,0,0,0,0,0,0,0,0,0,0,0,0,0,52,0,0,0,0,0,0,0,0,0,0,0,0,0,0,0,48,2.8409440517425537,0.010573800653219223,5.679043769836426,0.3110317289829254,0.029424
34,46909.0,2945.0,49854.0,49854.0,0.9409275083243069,50.0,0.05,90.0,37909.0,45.0,45.0,38.0,12.0,23429.0,23480.0,302.0,533.0,498.0,267.0,37909.0,379.0899999999996,100.0,1000,0,1000,0.2123389160260558,910,0,0,0,0,0,0,0,0,0,0,0,0,0,0,0,45,0,0,0,0,0,0,0,0,0,0,0,0,0,0,0,45,2.7366604804992676,0.022558439522981644,5.447808742523193,0.3333471417427063,0.029405999999999998
35,46645.0,2470.0,49115.0,49115.0,0.9497098646034816,44.0,0.044,98.0,36845.0,55.0,43.0,21.0,23.0,22528.0,24117.0,717.0,699.0,83.0,101.0,36845.0,368.4500000000004,100.0,1000,0,1000,0.21262629213742912,902,0,0,0,0,0,0,0,0,0,0,0,0,0,0,0,55,0,0,0,0,0,0,0,0,0,0,0,0,0,0,0,43,2.4521026611328125,-0.14353987574577332,5.205080032348633,0.2347007691860199,0.029387999999999997
36,44678.0,5787.0,50465.0,50465.0,0.8853264638858614,78.0,0.078,77.0,36978.0,39.0,38.0,52.0,26.0,21062.0,23616.0,457.0,144.0,343.0,656.0,36978.0,369.78000000000014,100.0,1000,0,1000,0.2118565000128001,923,0,0,0,0,0,0,0,0,0,0,0,0,0,0,0,39,0,0,0,0,0,0,0,0,0,0,0,0,0,0,0,38,2.6492631435394287,-0.0191251952201128,5.356213569641113,0.3308965861797333,0.02937
37,46926.0,2499.0,49425.0,49425.0,0.9494385432473444,47.0,0.047,88.0,38126.0,49.0,39.0,35.0,12.0,24066.0,22860.0,685.0,566.0,115.0,234.0,38126.0,381.25999999999976,100.0,1000,0,1000,0.2124964171089232,912,0,0,0,0,0,0,0,0,0,0,0,0,0,0,0,49,0,0,0,0,0,0,0,0,0,0,0,0,0,0,0,39,2.309771776199341,-0.03925953805446625,4.713283538818359,0.25928622484207153,0.029352
38,44600.0,5106.0,49706.0,49706.0,0.897275982778739,79.0,0.079,83.0,36300.0,38.0,45.0,65.0,14.0,21968.0,22632.0,759.0,650.0,41.0,150.0,36300.0,363.0000000000006,100.0,1000,0,1000,0.2117149168625474,917,0,0,0,0,0,0,0,0,0,0,0,0,0,0,0,38,0,0,0,0,0,0,0,0,0,0,0,0,0,0,0,45,2.2111282348632812,-0.02979273721575737,4.500067710876465,0.31065577268600464,0.029334
39,46142.0,3221.0,49363.0,49363.0,0.9347486984178434,61.0,0.061,85.0,37642.0,42.0,43.0,35.0,26.0,22089.0,24053.0,324.0,754.0,476.0,46.0,37642.0,376.4200000000001,100.0,1000,0,1000,0.21318991715088487,915,0,0,0,0,0,0,0,0,0,0,0,0,0,0,0,42,0,0,0,0,0,0,0,0,0,0,0,0,0,0,0,43,2.0330162048339844,-0.10441605001688004,4.292470932006836,0.3002834916114807,0.029316
40,46545.0,2473.0,49018.0,49018.0,0.949549145211963,49.0,0.049,86.0,37945.0,43.0,43.0,35.0,14.0,21362.0,25183.0,769.0,63.0,31.0,737.0,37945.0,379.45000000000044,100.0,1000,0,1000,0.21233712485991418,914,0,0,0,0,0,0,0,0,0,0,0,0,0,0,0,43,0,0,0,0,0,0,0,0,0,0,0,0,0,0,0,43,1.7815526723861694,-0.00281643052585423,3.5859248638153076,0.2933078408241272,0.029297999999999998
41,46323.0,2910.0,49233.0,49233.0,0.9408933032721954,57.0,0.057,83.0,38023.0,43.0,40.0,39.0,18.0,22165.0,24158.0,599.0,570.0,201.0,230.0,38023.0,380.2300000000003,100.0,1000,0,1000,0.21331483288668096,917,0,0,0,0,0,0,0,0,0,0,0,0,0,0,0,43,0,0,0,0,0,0,0,0,0,0,0,0,0,0,0,40,3.566051959991455,0.06280753016471863,7.027795791625977,0.3638487756252289,0.02928
42,48927.0,2261.0,51188.0,51188.0,0.9558294912870204,39.0,0.039,93.0,39627.0,41.0,52.0,26.0,13.0,22592.0,26335.0,671.0,98.0,129.0,0.0,39627.0,396.26999999999924,100.0,1000,0,1000,0.2164461670909077,907,0,0,0,0,0,0,0,0,0,0,0,0,0,0,0,41,0,0,0,0,0,0,0,0,0,0,0,0,0,0,0,52,2.12021803855896,0.07401654124259949,4.112837791442871,0.34916889667510986,0.029262
43,47655.0,1246.0,48901.0,48901.0,0.9745199484673115,22.0,0.022,89.0,38755.0,45.0,44.0,17.0,5.0,23238.0,24417.0,705.0,597.0,95.0,203.0,38755.0,387.5500000000002,100.0,1000,0,1000,0.21405708300881088,911,0,0,0,0,0,0,0,0,0,0,0,0,0,0,0,45,0,0,0,0,0,0,0,0,0,0,0,0,0,0,0,44,2.7205820083618164,0.010118762031197548,5.438442230224609,0.29947054386138916,0.029244
44,48541.0,1909.0,50450.0,50450.0,0.9621605550049555,33.0,0.033,96.0,38941.0,52.0,44.0,27.0,6.0,24441.0,24100.0,781.0,246.0,19.0,554.0,38941.0,389.4100000000005,100.0,1000,0,1000,0.2252924160566181,904,0,0,0,0,0,0,0,0,0,0,0,0,0,0,0,52,0,0,0,0,0,0,0,0,0,0,0,0,0,0,0,44,2.3090755939483643,-0.0015458515845239162,4.638854503631592,0.301301509141922,0.029226
45,47687.0,2032.0,49719.0,49719.0,0.9591303123554376,38.0,0.038,90.0,38687.0,47.0,43.0,29.0,9.0,24126.0,23561.0,661.0,329.0,139.0,471.0,38687.0,386.87000000000063,100.0,1000,0,1000,0.22109699994325638,910,0,0,0,0,0,0,0,0,0,0,0,0,0,0,0,47,0,0,0,0,0,0,0,0,0,0,0,0,0,0,0,43,2.2755448818206787,-0.041082870215177536,4.652022838592529,0.3212685286998749,0.029207999999999998
46,49168.0,692.0,49860.0,49860.0,0.9861211391897312,13.0,0.013,100.0,39168.0,53.0,47.0,11.0,2.0,26438.0,22730.0,153.0,179.0,0.0,24.0,39168.0,391.6800000000001,100.0,1000,0,1000,0.21339512499980628,900,0,0,0,0,0,0,0,0,0,0,0,0,0,0,0,53,0,0,0,0,0,0,0,0,0,0,0,0,0,0,0,47,2.0091917514801025,-0.015838511288166046,4.069812774658203,0.33833351731300354,0.02919
47,49329.0,1210.0,50539.0,50539.0,0.9760580937493817,14.0,0.014,104.0,38929.0,53.0,51.0,7.0,7.0,22430.0,26899.0,487.0,482.0,313.0,318.0,38929.0,389.2899999999999,100.0,1000,0,1000,0.21342100016772747,896,0,0,0,0,0,0,0,0,0,0,0,0,0,0,0,53,0,0,0,0,0,0,0,0,0,0,0,0,0,0,0,51,2.977281332015991,0.03417443856596947,5.905632972717285,0.3328362703323364,0.029172
48,49116.0,1150.0,50266.0,50266.0,0.9771217124895556,22.0,0.022,106.0,38516.0,43.0,63.0,19.0,3.0,23830.0,25286.0,642.0,544.0,158.0,256.0,38516.0,385.1600000000004,100.0,1000,0,1000,0.2153292081784457,894,0,0,0,0,0,0,0,0,0,0,0,0,0,0,0,43,0,0,0,0,0,0,0,0,0,0,0,0,0,0,1,62,2.171394109725952,0.02548801340162754,4.31298303604126,0.3630828857421875,0.029154
49,48646.0,1655.0,50301.0,50301.0,0.9670980696208823,24.0,0.024,106.0,38046.0,63.0,43.0,16.0,8.0,24606.0,24040.0,561.0,764.0,239.0,36.0,38046.0,380.4599999999997,100.0,1000,0,1000,0.21378575009293854,894,0,0,0,0,0,0,0,0,0,0,0,0,0,0,0,63,0,0,0,0,0,0,0,0,0,0,0,0,0,0,0,43,2.568260669708252,0.08358460664749146,4.989949703216553,0.3534669876098633,0.029136
50,46259.0,1260.0,47519.0,47519.0,0.9734842904943286,23.0,0.023,96.0,36659.0,45.0,51.0,18.0,5.0,23302.0,22957.0,189.0,553.0,611.0,247.0,36659.0,366.5899999999993,100.0,1000,0,1000,0.21263437485322356,904,0,0,0,0,0,0,0,0,0,0,0,0,0,0,0,45,0,0,0,0,0,0,0,0,0,0,0,0,0,0,0,51,1.9962546825408936,-0.016652937978506088,4.048827648162842,0.3951626718044281,0.029117999999999998
51,48960.0,933.0,49893.0,49893.0,0.9812999819613973,14.0,0.014,115.0,37460.0,69.0,46.0,6.0,8.0,25649.0,23311.0,456.0,705.0,344.0,95.0,37460.0,374.6000000000004,100.0,1000,0,1000,0.21337574999779463,885,0,0,0,0,0,0,0,0,0,0,0,0,0,0,0,69,0,0,0,0,0,0,0,0,0,0,0,0,0,0,0,46,1.0885483026504517,-0.04880586266517639,2.295947313308716,0.36493101716041565,0.029099999999999997
52,47551.0,935.0,48486.0,48486.0,0.9807160829930289,9.0,0.009,119.0,35651.0,73.0,46.0,3.0,6.0,25894.0,21657.0,397.0,770.0,0.0,30.0,35651.0,356.5099999999992,100.0,1000,0,1000,0.21233525010757148,881,0,0,0,0,0,0,0,0,0,0,0,0,0,0,0,73,0,0,0,0,0,0,0,0,0,0,0,0,0,0,0,46,0.9416503310203552,-0.1197468638420105,2.142892599105835,0.34554290771484375,0.029082
53,49854.0,1165.0,51019.0,51019.0,0.9771653697642055,16.0,0.016,120.0,37854.0,77.0,43.0,1.0,15.0,25127.0,24727.0,536.0,144.0,264.0,66.0,37854.0,378.5400000000003,100.0,1000,0,1000,0.21258937497623265,880,0,0,0,0,0,0,0,0,0,0,0,0,0,0,0,77,0,0,0,0,0,0,0,0,0,0,0,0,0,0,0,43,1.2188475131988525,-0.026587003841996193,2.5117316246032715,0.3589058518409729,0.029064
54,50809.0,841.0,51650.0,51650.0,0.9837173281703775,13.0,0.013,117.0,39109.0,69.0,48.0,5.0,8.0,24236.0,26573.0,543.0,335.0,257.0,0.0,39109.0,391.08999999999963,100.0,1000,0,1000,0.21228508395142853,883,0,0,0,0,0,0,0,0,0,0,0,0,0,0,0,69,0,0,0,0,0,0,0,0,0,0,0,0,0,0,0,48,1.8481156826019287,-0.016378898173570633,3.747958183288574,0.3265361785888672,0.029046
55,48309.0,2462.0,50771.0,50771.0,0.951507750487483,29.0,0.029,110.0,37309.0,72.0,38.0,11.0,18.0,24798.0,23511.0,505.0,617.0,295.0,36.0,37309.0,373.0899999999995,100.0,1000,0,1000,0.21548037487082183,890,0,0,0,0,0,0,0,0,0,0,0,0,0,0,0,72,0,0,0,0,0,0,0,0,0,0,0,0,0,0,1,37,1.990587592124939,-0.01181310135871172,4.026464939117432,0.373145192861557,0.029027999999999998
56,48730.0,807.0,49537.0,49537.0,0.9837091466984275,17.0,0.017,110.0,37730.0,71.0,39.0,1.0,16.0,24961.0,23769.0,689.0,519.0,111.0,281.0,37730.0,377.3000000000004,100.0,1000,0,1000,0.21616137493401766,890,0,0,0,0,0,0,0,0,0,0,0,0,0,0,0,71,0,0,0,0,0,0,0,0,0,0,0,0,0,0,0,39,1.139268398284912,0.029962269589304924,2.2413315773010254,0.3915783166885376,0.029009999999999998
57,48655.0,882.0,49537.0,49537.0,0.9821951268748612,15.0,0.015,108.0,37855.0,66.0,42.0,2.0,13.0,25367.0,23288.0,404.0,427.0,0.0,373.0,37855.0,378.54999999999956,100.0,1000,0,1000,0.21261112485080957,892,0,0,0,0,0,0,0,0,0,0,0,0,0,0,0,66,0,0,0,0,0,0,0,0,0,0,0,0,0,0,1,41,1.8655840158462524,0.024278566241264343,3.700493812561035,0.3084091246128082,0.028992
58,49139.0,1422.0,50561.0,50561.0,0.9718755562587765,16.0,0.016,110.0,38139.0,66.0,44.0,6.0,10.0,24928.0,24211.0,65.0,753.0,0.0,47.0,38139.0,381.3900000000008,100.0,1000,0,1000,0.21418245788663626,890,0,0,0,0,0,0,0,0,0,0,0,0,0,0,0,66,0,0,0,0,0,0,0,0,0,0,0,0,0,0,0,44,1.252334475517273,0.013772567734122276,2.4984734058380127,0.3684295415878296,0.028974
59,49179.0,1223.0,50402.0,50402.0,0.9757350898773858,22.0,0.022,106.0,38579.0,61.0,45.0,7.0,15.0,23554.0,25625.0,328.0,661.0,472.0,139.0,38579.0,385.7899999999998,100.0,1000,0,1000,0.21282841707579792,894,0,0,0,0,0,0,0,0,0,0,0,0,0,0,0,61,0,0,0,0,0,0,0,0,0,0,0,0,0,0,3,42,1.8513423204421997,-0.04315391927957535,3.8216216564178467,0.5634261965751648,0.028956
60,49403.0,439.0,49842.0,49842.0,0.9911921672485052,9.0,0.009,146.0,34803.0,59.0,87.0,6.0,3.0,22870.0,26533.0,174.0,727.9375,626.0,0.281494140625,34803.0,348.02999999999975,100.0,1000,0,1000,0.21403337502852082,854,0,0,0,0,0,0,0,0,0,0,0,0,0,0,0,59,0,0,0,0,0,0,0,0,0,0,0,0,0,0,67,20,2.562849283218384,0.027112964540719986,5.097682476043701,0.45286568999290466,0.028938
61,47786.0,1742.0,49528.0,49528.0,0.9648279760943305,31.0,0.031,142.0,33586.0,53.0,89.0,30.0,1.0,22656.0,25130.0,384.0,675.625,416.0,124.375,33586.0,335.8600000000003,100.0,1000,0,1000,0.21372866700403392,858,0,0,0,0,0,0,0,0,0,0,0,0,0,0,0,53,0,0,0,0,0,0,0,0,0,0,0,0,0,0,76,13,2.274545669555664,0.034673064947128296,4.511420726776123,0.5476357936859131,0.028919999999999998
62,49740.0,480.0,50220.0,50220.0,0.9904420549581839,6.0,0.006,158.0,33940.0,61.0,97.0,4.0,2.0,24408.0,25332.0,638.0,454.86703448829303,0.0,345.13296551170697,33940.0,339.4,100.0,1000,0,1000,0.21232075011357665,842,0,0,0,0,0,0,0,0,0,0,0,0,0,0,0,61,0,0,0,0,0,0,0,0,0,0,0,0,0,0,86,11,1.7212214469909668,0.031132414937019348,3.4057412147521973,0.4422386884689331,0.028902
63,47908.0,436.0,48344.0,48344.0,0.990981300678471,8.0,0.008,138.0,34108.0,54.0,84.0,4.0,4.0,23468.0,24440.0,385.0,210.3743257522583,18.0,32.0,34108.0,341.07999999999987,100.0,1000,0,1000,0.21257199998944998,862,0,0,0,0,0,0,0,0,0,0,0,0,0,0,0,54,0,0,0,0,0,0,0,0,0,0,0,0,0,0,66,18,1.0092335939407349,0.008081631734967232,2.0242416858673096,0.3797561824321747,0.028884
64,49140.0,366.0,49506.0,49506.0,0.9926069567325173,8.0,0.008,137.0,35440.0,60.0,77.0,8.0,0.0,24503.0,24637.0,416.0,186.9999999999999,57.0,89.875,35440.0,354.40000000000015,100.0,1000,0,1000,0.21257837512530386,863,0,0,0,0,0,0,0,0,0,0,0,0,0,0,0,60,0,0,0,0,0,0,0,0,0,0,0,0,0,0,67,10,1.1809929609298706,0.034711550921201706,2.318498134613037,0.4492378532886505,0.028866
65,51537.0,298.0,51835.0,51835.0,0.9942509887141893,5.0,0.005,146.0,36937.0,72.0,74.0,0.0,5.0,25110.0,26427.0,288.0,367.63446140666974,512.0,27.02284616208317,36937.0,369.37000000000006,100.0,1000,0,1000,0.2128143748268485,854,0,0,0,0,0,0,0,0,0,0,0,0,0,0,0,72,0,0,0,0,0,0,0,0,0,0,0,0,0,0,52,22,0.6866040229797363,-0.06956130266189575,1.5366284847259521,0.4211355447769165,0.028848
66,49553.0,734.0,50287.0,50287.0,0.9854037822896574,11.0,0.011,139.0,35653.0,73.0,66.0,4.0,7.0,24620.0,24933.0,523.0,593.2695637812635,277.0,206.7304362187366,35653.0,356.5300000000001,100.0,1000,0,1000,0.21299812500365078,861,0,0,0,0,0,0,0,0,0,0,0,0,0,0,0,73,0,0,0,0,0,0,0,0,0,0,0,0,0,0,53,13,1.5897444486618042,0.09557324647903442,3.0139079093933105,0.44338294863700867,0.028829999999999998
67,49678.0,410.0,50088.0,50088.0,0.991814406644306,9.0,0.009,127.0,36978.0,58.0,69.0,6.0,3.0,24646.0,25032.0,569.0,648.0,0.0,152.0,36978.0,369.77999999999986,100.0,1000,0,1000,0.21262599993497133,873,0,0,0,0,0,0,0,0,0,0,0,0,0,0,0,58,0,0,0,0,0,0,0,0,0,0,0,0,0,0,43,26,1.2141344547271729,-0.026751387864351273,2.5086214542388916,0.465949147939682,0.028811999999999997
68,49350.0,825.0,50175.0,50175.0,0.9835575485799701,13.0,0.013,128.0,36550.0,68.0,60.0,7.0,6.0,24977.0,24373.0,686.0,201.0,114.0,57.125,36550.0,365.5000000000001,100.0,1000,0,1000,0.2150915830861777,872,0,0,0,0,0,0,0,0,0,0,0,0,0,0,0,68,0,0,0,0,0,0,0,0,0,0,0,0,0,0,37,23,1.0268895626068115,-0.03298572078347206,2.1476173400878906,0.4838995337486267,0.028794
69,49099.0,651.0,49750.0,49750.0,0.9869145728643216,7.0,0.007,130.0,36099.0,67.0,63.0,1.0,6.0,24323.0,24776.0,528.0,595.0,272.0,205.0,36099.0,360.9899999999994,100.0,1000,0,1000,0.21335558383725584,870,0,0,0,0,0,0,0,0,0,0,0,0,0,0,0,67,0,0,0,0,0,0,0,0,0,0,0,0,0,0,40,23,1.1759686470031738,-0.01096907164901495,2.397099494934082,0.4035324156284332,0.028776
70,48382.0,1279.0,49661.0,49661.0,0.9742453837014962,18.0,0.018,120.0,36382.0,65.0,55.0,5.0,13.0,21698.0,26684.0,304.0,337.0,496.0,463.0,36382.0,363.82000000000005,100.0,1000,0,1000,0.21399824996478856,880,0,0,0,0,0,0,0,0,0,0,0,0,0,0,0,65,0,0,0,0,0,0,0,0,0,0,0,0,0,0,31,24,0.7496979832649231,-0.013222020119428635,1.555423617362976,0.5143529772758484,0.028758
71,48568.0,1381.0,49949.0,49949.0,0.9723517988348115,15.0,0.015,126.0,35968.0,71.0,55.0,7.0,8.0,23782.0,24786.0,681.0,262.8186169131659,119.0,537.1813830868341,35968.0,359.67999999999984,100.0,1000,0,1000,0.21325766597874463,874,0,0,0,0,0,0,0,0,0,0,0,0,0,0,0,71,0,0,0,0,0,0,0,0,0,0,0,0,0,0,33,22,1.0719537734985352,-0.05679607018828392,2.284884452819824,0.47642043232917786,0.028739999999999998
72,51533.0,1509.0,53042.0,53042.0,0.9715508464990008,18.0,0.018,141.0,37433.0,72.0,69.0,5.0,13.0,25919.0,25614.0,363.0,464.1376709640026,437.0,0.0,37433.0,374.3299999999991,100.0,1000,0,1000,0.21302929101511836,859,0,0,0,0,0,0,0,0,0,0,0,0,0,0,0,72,0,0,0,0,0,0,0,0,0,0,0,0,0,0,38,31,0.9754068851470947,-0.08279503881931305,2.140547752380371,0.42030373215675354,0.028721999999999998
73,49468.0,300.0,49768.0,49768.0,0.9939720302202218,4.0,0.004,132.0,36268.0,75.0,57.0,1.0,3.0,24897.0,24571.0,666.0,290.0,0.0,510.0,36268.0,362.67999999999955,100.0,1000,0,1000,0.21327491709962487,868,0,0,0,0,0,0,0,0,0,0,0,0,0,0,0,75,0,0,0,0,0,0,0,0,0,0,0,0,0,0,26,31,2.740546941757202,0.06943052262067795,5.364904880523682,0.3949308693408966,0.028704
74,50245.0,631.0,50876.0,50876.0,0.9875972953848573,11.0,0.011,122.0,38045.0,74.0,48.0,1.0,10.0,26044.0,24201.0,613.0,453.5,187.0,346.5,38045.0,380.4499999999997,100.0,1000,0,1000,0.21188208390958607,878,0,0,0,0,0,0,0,0,0,0,0,0,0,0,0,74,0,0,0,0,0,0,0,0,0,0,0,1,0,0,15,32,0.5636037588119507,-0.12516117095947266,1.4087237119674683,0.5437122583389282,0.028686
75,50354.0,147.0,50501.0,50501.0,0.9970891665511574,2.0,0.002,134.0,36954.0,67.0,67.0,0.0,2.0,24921.0,25433.0,625.0,490.8515625,175.0,309.1484375,36954.0,369.53999999999985,100.0,1000,0,1000,0.21370579209178686,866,0,0,0,0,0,0,0,0,0,0,0,0,0,0,0,67,0,0,2,0,0,0,0,0,0,0,0,8,0,0,19,38,0.9735131859779358,-0.027100441977381706,2.0269577503204346,0.4487663805484772,0.028668
76,50169.0,493.0,50662.0,50662.0,0.9902688405511034,8.0,0.008,134.0,36769.0,63.0,71.0,8.0,0.0,25987.0,24182.0,741.0,217.5,59.0,582.5,36769.0,367.6899999999994,100.0,1000,0,1000,0.21294583287090063,866,0,0,0,0,0,0,0,0,0,0,0,0,0,0,0,63,0,0,3,0,0,0,0,0,0,0,0,8,0,0,25,35,1.9505615234375,-0.0012454390525817871,3.9291787147521973,0.44615501165390015,0.02865
77,49769.0,599.0,50368.0,50368.0,0.9881075285895807,11.0,0.011,133.0,36469.0,65.0,68.0,11.0,0.0,25252.0,24517.0,464.0,389.0,336.0,411.0,36469.0,364.6900000000002,100.0,1000,0,1000,0.21319245896302164,867,0,0,0,0,0,0,0,0,0,1,0,0,0,2,0,62,0,0,5,0,0,0,0,0,0,0,0,3,0,0,22,38,1.0829027891159058,-0.004048323258757591,2.2049601078033447,0.5423638820648193,0.028631999999999998
78,50794.0,0.0,50794.0,50794.0,1.0,0.0,0.0,140.0,36794.0,74.0,66.0,0.0,0.0,25574.0,25220.0,24.0,652.0,0.0,148.0,36794.0,367.9400000000003,100.0,1000,0,1000,0.21314187510870397,860,0,0,0,0,0,0,0,0,0,0,0,0,0,10,0,64,0,0,0,0,0,2,0,0,0,1,0,4,0,0,14,45,1.800076961517334,0.07879724353551865,3.473238229751587,0.5360797643661499,0.028614
79,47822.0,612.0,48434.0,48434.0,0.9873642482553578,14.0,0.014,148.0,33022.0,71.0,77.0,14.0,0.0,24245.0,23577.0,646.375,652.0,153.625,148.0,33022.0,330.22000000000077,100.0,1000,0,1000,0.2126036670524627,852,0,0,0,0,0,0,5,0,0,1,0,0,0,3,0,62,0,0,1,0,0,7,0,0,0,11,0,4,0,0,22,32,0.847467303276062,-0.0388917438685894,1.8096212148666382,0.645250141620636,0.028596
80,50433.0,504.0,50937.0,50937.0,0.9901054243477236,5.0,0.005,155.0,34933.0,66.0,89.0,4.0,1.0,25160.0,25273.0,680.0,200.0,120.0,143.0,34933.0,349.32999999999953,100.0,1000,0,1000,0.21357866702601314,845,0,0,0,0,0,0,4,0,0,1,0,0,0,6,0,55,0,0,2,0,0,7,0,0,0,17,0,2,0,0,21,40,0.8550489544868469,-0.013545282185077667,1.7721009254455566,0.6108278036117554,0.028578
81,50541.0,164.0,50705.0,50705.0,0.9967656049699241,3.0,0.003,149.0,35641.0,68.0,81.0,3.0,0.0,25010.0,25531.0,424.0,433.875,0.0,366.125,35641.0,356.4099999999996,100.0,1000,0,1000,0.21209437493234873,851,0,0,0,0,0,0,6,0,0,1,0,0,0,8,0,53,0,0,3,0,0,6,0,3,0,10,0,0,0,0,23,36,1.8210465908050537,0.014562724158167839,3.6540684700012207,0.7195519804954529,0.02856
82,49426.0,404.0,49830.0,49830.0,0.9918924342765403,7.0,0.007,202.0,29226.0,69.0,133.0,7.0,0.0,24728.0,24698.0,491.625,534.5,308.375,60.65625,29226.0,292.26000000000056,100.0,1000,0,1000,0.2120484581682831,798,0,0,0,0,0,0,8,0,0,0,0,0,0,7,0,54,0,0,2,0,0,10,0,67,0,4,0,3,0,0,15,32,1.404155969619751,0.004786085337400436,2.8388619422912598,0.7028616070747375,0.028541999999999998
83,48669.0,482.0,49151.0,49151.0,0.9901934853817826,8.0,0.008,179.0,30769.0,53.0,126.0,8.0,0.0,23238.0,25431.0,680.0,638.0,0.0,162.0,30769.0,307.68999999999977,100.0,1000,0,1000,0.21308474987745285,821,0,0,0,0,0,0,3,0,0,0,0,0,0,4,0,46,0,0,2,0,0,11,0,49,0,11,5,0,0,0,15,33,1.217352032661438,0.008468247950077057,2.456723690032959,0.6828678250312805,0.028523999999999997
84,48805.0,937.0,49742.0,49742.0,0.981162800048249,17.0,0.017,183.0,30505.0,58.0,125.0,17.0,0.0,23605.0,25200.0,706.0,499.78302001953125,94.0,300.21697998046875,30505.0,305.04999999999995,100.0,1000,0,1000,0.21319124987348914,817,0,0,0,0,0,0,3,8,0,0,0,0,0,4,0,43,0,0,0,0,0,6,0,54,0,5,3,2,0,0,26,29,0.703498125076294,-0.05049819126725197,1.552991509437561,0.7892870306968689,0.028506
85,49310.0,158.0,49468.0,49468.0,0.9968060160103501,4.0,0.004,176.0,31710.0,80.0,96.0,2.0,2.0,23393.0,25917.0,420.0,730.0,380.0,70.0,31710.0,317.09999999999997,100.0,1000,0,1000,0.21288820798508823,824,0,0,0,0,0,0,11,8,0,1,0,0,0,4,0,56,0,0,0,0,0,1,0,35,0,4,1,2,0,0,21,32,1.0007673501968384,0.011262910440564156,2.0164942741394043,0.6579152941703796,0.028488
86,49004.0,307.0,49311.0,49311.0,0.9937742085944312,5.0,0.005,156.0,33404.0,63.0,93.0,5.0,0.0,24757.0,24247.0,512.0,653.75,288.0,146.25,33404.0,334.0400000000006,100.0,1000,0,1000,0.2116734590381384,844,0,0,0,0,0,0,3,4,0,0,0,0,0,2,0,54,0,0,1,0,0,7,0,18,0,1,5,4,0,0,21,36,0.568091630935669,-0.031136218458414078,1.2431449890136719,0.7848487496376038,0.02847
87,49677.0,487.0,50164.0,50164.0,0.9902918427557611,7.0,0.007,172.0,32477.0,65.0,107.0,7.0,0.0,25297.0,24380.0,735.0,510.0,65.0,63.375,32477.0,324.77000000000004,100.0,1000,0,1000,0.2127373751718551,828,0,0,0,0,0,0,4,1,1,0,0,0,0,2,0,57,0,0,0,0,0,3,10,13,0,3,2,1,0,26,17,32,1.3605800867080688,0.023540014401078224,2.711193561553955,0.6522103548049927,0.028451999999999998
88,49278.0,266.0,49544.0,49544.0,0.9946310350395607,3.0,0.003,179.0,31378.0,82.0,97.0,2.0,1.0,23763.0,25515.0,486.5,684.5390625,58.78125,115.4609375,31378.0,313.7799999999995,100.0,1000,0,1000,0.21210516593419015,821,0,0,0,0,0,0,5,7,1,2,0,0,9,3,0,55,0,0,1,0,0,2,9,16,0,4,5,0,0,17,12,31,0.7051138877868652,-0.06143459305167198,1.5725679397583008,0.6940823197364807,0.028433999999999997
89,49556.0,32.0,49588.0,49588.0,0.9993546825844962,1.0,0.001,162.0,33356.0,66.0,96.0,1.0,0.0,24258.0,25298.0,435.0,724.0,365.0,76.0,33356.0,333.55999999999983,100.0,1000,0,1000,0.2130810001399368,838,0,0,0,0,0,0,4,1,1,0,0,0,2,2,0,56,0,0,0,0,0,2,9,8,0,5,2,3,0,23,7,37,0.5356915593147278,-0.016514291986823082,1.1394109725952148,0.6158365607261658,0.028416
90,50818.0,87.0,50905.0,50905.0,0.9982909340929181,2.0,0.002,152.0,35618.0,68.0,84.0,2.0,0.0,25011.0,25807.0,357.0,683.0,165.9375,117.0,35618.0,356.18000000000006,100.0,1000,0,1000,0.21567200007848442,848,0,0,0,0,0,0,5,5,1,0,0,0,4,2,0,51,0,0,0,0,0,3,6,11,0,2,2,1,0,14,5,40,0.6843674182891846,-0.004785634111613035,1.4119681119918823,0.5926816463470459,0.028398
91,48629.0,1018.0,49647.0,49647.0,0.9794952363687635,15.0,0.015,143.0,34329.0,56.0,87.0,14.0,1.0,22891.0,25738.0,800.0,124.0,0.0,115.0,34329.0,343.29000000000013,100.0,1000,0,1000,0.21408741711638868,857,0,0,0,0,0,0,1,1,0,1,0,0,1,0,0,52,0,0,0,0,0,3,5,8,0,3,0,2,0,16,5,45,0.5652292966842651,-0.10492163896560669,1.376955270767212,0.6457619071006775,0.02838
92,50114.0,137.0,50251.0,50251.0,0.9972736860957991,3.0,0.003,152.0,34914.0,76.0,76.0,1.0,2.0,24170.0,25944.0,628.375,253.0,171.625,111.0,34914.0,349.13999999999953,100.0,1000,0,1000,0.21263512503355742,848,0,0,0,0,0,10,0,2,0,0,0,0,0,6,0,58,0,0,0,0,0,5,1,6,0,2,2,0,0,13,7,40,1.2406312227249146,0.009736329317092896,2.4958903789520264,0.6011657118797302,0.028362
93,48556.0,563.0,49119.0,49119.0,0.9885380402695495,7.0,0.007,138.0,34756.0,69.0,69.0,6.0,1.0,24790.0,23766.0,409.0,585.125,391.0,0.0,34756.0,347.5600000000001,100.0,1000,0,1000,0.2133295419625938,862,0,0,0,0,0,2,2,0,0,3,0,0,1,0,0,61,0,0,0,0,0,1,3,0,0,5,1,1,0,11,11,36,1.3462101221084595,0.033604349941015244,2.6617255210876465,0.6441247463226318,0.028343999999999998
94,49930.0,106.0,50036.0,50036.0,0.9978815253017828,2.0,0.002,141.0,35830.0,70.0,71.0,1.0,1.0,24765.0,25165.0,677.0,510.984375,123.0,289.015625,35830.0,358.2999999999999,100.0,1000,0,1000,0.21292700013145804,859,0,0,0,0,0,2,0,2,1,0,0,0,1,1,0,63,0,0,0,0,0,2,2,5,0,2,2,0,0,4,16,38,0.9480026960372925,-0.01936926133930683,1.9700886011123657,0.6238917708396912,0.028326
95,50360.0,205.0,50565.0,50565.0,0.9959458123207753,4.0,0.004,148.0,35560.0,78.0,70.0,1.0,3.0,25132.0,25228.0,624.0,387.063720703125,176.0,412.936279296875,35560.0,355.6000000000001,100.0,1000,0,1000,0.21289070905186236,852,0,0,0,0,0,3,5,1,1,1,0,0,1,0,0,66,1,0,0,0,0,1,3,4,1,3,6,3,0,9,4,35,0.23158122599124908,-0.07069959491491318,0.6395338773727417,0.6177089810371399,0.028308
96,49522.0,452.0,49974.0,49974.0,0.9909552967543123,7.0,0.007,144.0,35122.0,71.0,73.0,4.0,3.0,23917.0,25605.0,717.0,307.0,83.0,61.625,35122.0,351.21999999999997,100.0,1000,0,1000,0.21328283310867846,856,0,0,0,0,0,5,2,1,1,0,0,0,2,1,0,59,0,0,0,0,0,2,2,2,0,1,10,0,0,10,9,37,1.7420825958251953,0.05723830312490463,3.4087531566619873,0.6904303431510925,0.02829
97,49582.0,199.0,49781.0,49781.0,0.9960024909101867,4.0,0.004,156.0,33982.0,77.0,79.0,3.0,1.0,23624.0,25958.0,514.6356372833252,676.0,285.3643627166748,124.0,33982.0,339.82,100.0,1000,0,1000,0.21296829101629555,844,0,0,0,0,8,3,1,2,0,1,0,0,2,0,21,39,0,0,1,0,0,1,1,4,0,4,6,1,0,5,8,48,1.5299886465072632,-0.029591381549835205,3.158008337020874,0.6870443820953369,0.028272
98,49256.0,595.0,49851.0,49851.0,0.988064432007382,9.0,0.009,162.0,33056.0,91.0,71.0,9.0,0.0,25020.0,24236.0,704.0,183.0,96.0,0.0,33056.0,330.56000000000034,100.0,1000,0,1000,0.2169818328693509,838,0,0,0,0,4,1,1,2,0,0,0,0,5,0,23,55,1,0,0,0,0,1,4,1,0,3,7,1,0,0,7,46,0.8849775195121765,-0.06695911288261414,1.94485342502594,0.7252119183540344,0.028253999999999998
99,49770.0,139.0,49909.0,49909.0,0.997214931174738,2.0,0.002,172.0,32570.0,89.0,83.0,2.0,0.0,25411.0,24359.0,760.0,576.0,40.0,224.0,32570.0,325.6999999999999,100.0,1000,0,1000,0.2133308749180287,828,0,0,0,0,3,2,1,1,0,3,0,0,5,0,20,54,9,0,1,0,0,1,0,1,0,2,7,1,0,8,8,45,1.0224988460540771,0.01867033913731575,2.043470621109009,0.634181559085846,0.028236
100,49126.0,794.0,49920.0,49920.0,0.9840945512820513,18.0,0.018,154.0,33726.0,75.0,79.0,16.0,2.0,25083.0,24043.0,601.0,642.0625,199.0,32.0,33726.0,337.26000000000045,100.0,1000,0,1000,0.21276904200203717,846,0,0,0,0,5,1,0,2,0,0,0,0,0,3,15,49,4,0,1,0,0,0,0,1,0,1,8,0,5,12,5,42,0.393808513879776,-0.001272627036087215,0.8314869999885559,0.7322407364845276,0.028218
101,50302.0,0.0,50302.0,50302.0,1.0,0.0,0.0,171.0,33202.0,88.0,83.0,0.0,0.0,26419.0,23883.0,597.0,658.875,203.0,141.125,33202.0,332.02000000000066,100.0,1000,0,1000,0.21266833296976984,829,0,0,0,0,1,1,4,0,0,2,0,0,0,2,29,49,5,0,0,0,0,2,1,4,0,1,12,0,4,11,4,39,1.352699875831604,0.07617989927530289,2.591540575027466,0.6826326847076416,0.0282
102,51428.0,281.0,51709.0,51709.0,0.9945657429074243,3.0,0.003,162.0,35228.0,77.0,85.0,2.0,1.0,25830.0,25598.0,707.0,658.0,5.8125,142.0,35228.0,352.27999999999963,100.0,1000,0,1000,0.21258095814846456,838,0,0,0,0,2,1,2,0,0,1,0,0,2,1,19,49,5,0,0,0,0,2,2,4,0,2,5,0,6,11,4,44,1.8160240650177002,0.06329873949289322,3.5407960414886475,0.6270923018455505,0.028182
103,49978.0,137.0,50115.0,50115.0,0.9972662875386611,2.0,0.002,153.0,34678.0,73.0,80.0,2.0,0.0,23895.0,26083.0,577.234375,800.0,222.765625,0.0,34678.0,346.78,100.0,1000,0,1000,0.21344866696745157,847,0,0,0,0,1,1,1,2,0,0,0,0,2,0,13,53,3,0,0,0,0,0,2,3,0,0,2,1,2,5,8,54,1.0452170372009277,-0.025075288489460945,2.1766510009765625,0.6402921080589294,0.028163999999999998
104,48549.0,415.0,48964.0,48964.0,0.991524385262642,7.0,0.007,160.0,32549.0,80.0,80.0,7.0,0.0,24940.0,23609.0,734.0,564.875,66.0,235.125,32549.0,325.4899999999995,100.0,1000,0,1000,0.21213191701099277,840,0,0,0,0,0,3,1,0,1,1,0,0,2,0,15,57,6,0,0,0,0,0,2,2,0,0,1,1,3,9,5,51,0.5254351496696472,-0.11512517929077148,1.3136446475982666,0.577772319316864,0.028145999999999997
105,50482.0,564.0,51046.0,51046.0,0.9889511421071191,5.0,0.005,155.0,34982.0,79.0,76.0,3.0,2.0,26152.0,24330.0,514.9375,632.0,0.0,158.875,34982.0,349.8200000000004,100.0,1000,0,1000,0.21294504101388156,845,0,0,0,0,2,1,2,0,0,1,0,0,1,1,16,55,3,0,0,0,0,0,0,5,0,1,7,0,3,3,1,53,1.082035779953003,-0.04022658243775368,2.278986692428589,0.6125900745391846,0.028128
106,49324.0,245.0,49569.0,49569.0,0.995057394742682,4.0,0.004,149.0,34424.0,73.0,76.0,3.0,1.0,23129.0,26195.0,655.0,699.0,145.0,101.0,34424.0,344.24000000000035,100.0,1000,0,1000,0.2122936670202762,851,0,0,0,0,1,0,0,0,0,1,0,0,0,0,15,56,2,0,0,0,0,0,0,3,0,0,5,0,2,3,5,56,0.9964922070503235,0.021895447745919228,1.9823988676071167,0.5906326174736023,0.02811
107,49224.0,329.0,49553.0,49553.0,0.9933606441587794,6.0,0.006,151.0,34124.0,75.0,76.0,6.0,0.0,24049.0,25175.0,598.0,554.0,202.0,246.0,34124.0,341.24,100.0,1000,0,1000,0.2128402078524232,849,0,0,0,0,1,0,0,1,0,1,0,0,3,0,19,50,1,0,0,0,0,0,1,2,0,1,1,0,5,6,3,56,0.8061460256576538,0.012206317856907845,1.6206802129745483,0.5838095545768738,0.028092
108,49885.0,358.0,50243.0,50243.0,0.9928746293015942,6.0,0.006,142.0,35685.0,78.0,64.0,5.0,1.0,25167.0,24718.0,401.0,657.0,56.0,143.0,35685.0,356.8500000000002,100.0,1000,0,1000,0.21326741692610085,858,0,0,0,0,1,0,3,0,0,1,0,0,0,4,9,60,1,0,0,0,0,0,1,2,1,0,3,0,1,1,3,51,1.376807451248169,0.05886760354042053,2.6770575046539307,0.7333801984786987,0.028073999999999998
109,51589.0,621.0,52210.0,52210.0,0.9881057268722467,5.0,0.005,173.0,34289.0,80.0,93.0,1.0,4.0,26750.0,24839.0,416.0,648.0,0.0,59.0,34289.0,342.8900000000005,100.0,1000,0,1000,0.2130039578769356,827,3,0,0,0,1,0,1,0,0,0,0,0,3,0,15,57,2,18,0,0,0,0,2,2,1,2,5,0,2,2,6,51,1.2794185876846313,0.036303117871284485,2.5199432373046875,0.6008041501045227,0.028055999999999998
110,49648.0,416.0,50064.0,50064.0,0.991690635985938,4.0,0.004,169.0,32748.0,73.0,96.0,4.0,0.0,21968.0,27680.0,649.0,650.0,151.0,46.875,32748.0,327.4800000000003,100.0,1000,0,1000,0.21180654200725257,831,4,0,0,0,0,2,1,0,0,1,0,0,2,1,17,45,3,15,0,0,0,0,0,6,0,3,6,1,0,5,6,51,0.6846798062324524,-0.05285632982850075,1.5140550136566162,0.6951769590377808,0.028038
111,49896.0,0.0,49896.0,49896.0,1.0,0.0,0.0,171.0,32796.0,85.0,86.0,0.0,0.0,25094.0,24802.0,760.0,306.0,40.0,444.0,32796.0,327.96,100.0,1000,0,1000,0.21597270807251334,829,0,0,0,0,1,0,1,2,0,2,0,0,0,2,13,64,0,21,1,0,0,1,0,1,0,1,2,0,0,1,5,53,0.16723455488681793,-0.10374188423156738,0.5742949843406677,0.5771251916885376,0.02802
112,47610.0,661.0,48271.0,48271.0,0.9863064780095709,8.0,0.008,144.0,33210.0,65.0,79.0,7.0,1.0,23346.0,24264.0,739.0,375.0,61.0,21.0,33210.0,332.10000000000014,100.0,1000,0,1000,0.21551133412867785,856,1,0,0,0,2,0,0,1,0,1,0,0,2,3,4,51,1,7,2,0,0,0,2,1,0,0,3,0,1,7,3,52,0.39524394273757935,-0.03795384615659714,0.9015425443649292,0.627579391002655,0.028002
113,49989.0,908.0,50897.0,50897.0,0.9821600487258582,13.0,0.013,149.0,35089.0,74.0,75.0,9.0,4.0,25307.0,24682.0,582.0,542.0,13.625,258.0,35089.0,350.89000000000004,100.0,1000,0,1000,0.2134543750435114,851,0,0,0,0,1,0,2,0,0,0,0,0,2,0,12,57,0,5,0,0,0,0,1,2,0,4,3,1,1,3,10,45,0.45857906341552734,-0.10575622320175171,1.1673407554626465,0.6909341216087341,0.027984
114,49444.0,218.0,49662.0,49662.0,0.9956103258024244,2.0,0.002,175.0,31944.0,88.0,87.0,2.0,0.0,24010.0,25434.0,534.0,772.0,266.0,28.0,31944.0,319.4399999999997,100.0,1000,0,1000,0.21262829191982746,825,1,0,0,0,0,0,1,0,0,2,0,18,2,1,7,56,1,10,0,0,0,1,0,1,0,4,1,1,4,2,5,57,0.588100016117096,-0.06632883101701736,1.3445481061935425,0.6381043791770935,0.027965999999999998
115,49512.0,675.0,50187.0,50187.0,0.9865503018710025,10.0,0.01,179.0,31612.0,86.0,93.0,8.0,2.0,24584.0,24928.0,621.0,535.0,179.0,265.0,31612.0,316.1199999999998,100.0,1000,0,1000,0.21351104183122516,821,5,0,0,0,1,3,3,1,0,0,0,15,0,2,9,47,5,10,0,0,0,1,0,2,0,5,3,0,2,6,13,46,0.6988195776939392,0.046450112015008926,1.3436784744262695,0.6966442465782166,0.027948
116,50006.0,552.0,50558.0,50558.0,0.9890818465920329,8.0,0.008,163.0,33706.0,83.0,80.0,3.0,5.0,24733.0,25273.0,450.0,605.5390625,350.0,46.858154296875,33706.0,337.0600000000002,100.0,1000,0,1000,0.2146699579898268,837,6,0,0,0,2,3,0,1,0,0,0,14,1,0,13,43,1,8,0,0,0,0,0,4,0,2,3,1,2,5,4,50,1.7486209869384766,0.0928092673420906,3.3527932167053223,0.7370178699493408,0.02793
117,50508.0,884.0,51392.0,51392.0,0.9827988792029888,12.0,0.012,163.0,34208.0,87.0,76.0,10.0,2.0,25779.0,24729.0,366.0,626.5909423828125,434.0,0.0,34208.0,342.0799999999991,100.0,1000,0,1000,0.2136056658346206,837,3,0,0,0,0,0,1,1,0,1,0,20,1,1,12,47,5,2,0,0,0,0,1,1,0,2,1,2,1,3,8,50,0.7903110980987549,-0.05283411219716072,1.7224602699279785,0.6479268670082092,0.027912
118,49971.0,471.0,50442.0,50442.0,0.9906625431188295,7.0,0.007,160.0,33971.0,93.0,67.0,4.0,3.0,25998.0,23973.0,561.6875,362.064453125,238.3125,0.0,33971.0,339.70999999999987,100.0,1000,0,1000,0.2135391249321401,840,7,0,0,0,0,0,4,1,0,0,0,16,1,1,12,51,0,2,3,0,0,0,0,0,0,5,1,0,3,2,8,43,0.4518316090106964,-0.015155130065977573,0.9720349311828613,0.6822518706321716,0.027894
119,49355.0,849.0,50204.0,50204.0,0.9830889968926779,14.0,0.014,154.0,33955.0,83.0,71.0,14.0,0.0,24382.0,24973.0,761.0,695.0,39.0,105.0,33955.0,339.5499999999997,100.0,1000,0,1000,0.2137342921923846,846,4,0,0,0,2,1,3,1,0,0,0,20,1,1,11,39,1,1,1,0,0,0,1,2,0,4,3,0,0,5,5,48,0.9475812911987305,0.06558547914028168,1.8035874366760254,0.7102136015892029,0.027875999999999998
120,50127.0,785.0,50912.0,50912.0,0.9845812382149591,13.0,0.013,160.0,34127.0,82.0,78.0,3.0,10.0,24289.0,25838.0,572.0,473.0,228.0,67.125,34127.0,341.2700000000002,100.0,1000,0,1000,0.21303583309054375,840,1,0,0,0,4,1,0,2,0,0,0,16,0,7,11,40,1,7,1,0,0,0,0,1,0,2,3,1,6,6,8,42,1.043933391571045,-0.04907209798693657,2.2235918045043945,0.6745054125785828,0.027857999999999997
121,51169.0,818.0,51987.0,51987.0,0.9842652970935042,14.0,0.014,151.0,36069.0,81.0,70.0,5.0,9.0,25177.0,25992.0,518.59375,446.5,281.40625,0.0,36069.0,360.6900000000003,100.0,1000,0,1000,0.21344883320853114,849,0,0,0,0,2,1,7,2,0,0,0,11,2,4,14,38,2,4,0,0,0,1,0,0,0,0,6,0,2,4,4,47,0.7937714457511902,-0.005250893067568541,1.6364476680755615,0.6897101998329163,0.02784
122,49843.0,641.0,50484.0,50484.0,0.9873029078519927,9.0,0.009,165.0,33343.0,86.0,79.0,7.0,2.0,25365.0,24478.0,640.125,581.0,79.9375,219.0,33343.0,333.43000000000006,100.0,1000,0,1000,0.213179332902655,835,1,0,0,0,1,4,3,1,0,0,0,11,0,8,9,48,0,5,1,0,0,2,0,1,0,3,2,1,6,3,10,45,0.34337809681892395,-0.05020677670836449,0.8210225701332092,0.6083817481994629,0.027822
123,49198.0,842.0,50040.0,50040.0,0.9831734612310152,13.0,0.013,153.0,33898.0,73.0,80.0,12.0,1.0,23212.0,25986.0,657.5,553.4375,0.0,246.5625,33898.0,338.9800000000007,100.0,1000,0,1000,0.21239049988798797,847,4,0,0,0,0,0,1,1,0,1,0,5,2,3,7,49,2,10,0,0,0,1,2,0,0,0,3,0,2,6,9,45,0.8474259376525879,0.054375410079956055,1.6207736730575562,0.6235175132751465,0.027804
124,50507.0,1001.0,51508.0,51508.0,0.9805661256503844,13.0,0.013,156.0,34907.0,72.0,84.0,13.0,0.0,26240.0,24267.0,548.1875,529.6171875,251.8125,270.3828125,34907.0,349.07,100.0,1000,0,1000,0.2138217908795923,844,5,0,0,0,0,1,2,0,0,0,1,3,0,10,9,41,1,5,1,0,0,4,1,2,0,1,4,0,2,2,6,55,0.8320972919464111,-0.03861168399453163,1.7743420600891113,0.5924574136734009,0.027785999999999998
125,48992.0,371.0,49363.0,49363.0,0.9924842493365477,4.0,0.004,147.0,34292.0,85.0,62.0,4.0,0.0,25287.0,23705.0,784.0,420.0,16.0,380.0,34292.0,342.91999999999985,100.0,1000,0,1000,0.21186958416365087,853,4,0,0,0,1,1,5,1,0,0,1,9,0,8,4,51,0,1,1,0,0,2,1,0,0,0,3,0,1,5,3,45,0.6248876452445984,-0.056313417851924896,1.3939694166183472,0.5684126019477844,0.027767999999999998
126,49120.0,663.0,49783.0,49783.0,0.9866822007512605,13.0,0.013,157.0,33420.0,76.0,81.0,13.0,0.0,24958.0,24162.0,660.0,600.0,0.0,53.875,33420.0,334.1999999999997,100.0,1000,0,1000,0.21268799994140863,843,2,0,0,0,1,2,1,0,0,0,3,4,0,7,3,53,0,3,1,0,0,0,0,0,0,2,3,0,1,6,12,53,0.8061239719390869,-0.039928700774908066,1.7230024337768555,0.5567046999931335,0.02775
127,48206.0,372.0,48578.0,48578.0,0.9923422125241879,8.0,0.008,152.0,33006.0,81.0,71.0,8.0,0.0,23406.0,24800.0,659.0,447.3359375,141.0,117.77001953125,33006.0,330.0600000000002,100.0,1000,0,1000,0.2124325840268284,848,1,0,0,0,0,2,1,0,0,3,3,5,0,10,6,50,0,2,0,0,0,0,1,2,0,0,6,0,0,3,5,52,0.88625168800354,-0.019139138981699944,1.8411555290222168,0.5476341247558594,0.027732
128,47944.0,1548.0,49492.0,49492.0,0.9687222177321587,23.0,0.023,130.0,34944.0,63.0,67.0,20.0,3.0,22878.0,25066.0,510.0,414.0,39.0,56.0,34944.0,349.4399999999996,100.0,1000,0,1000,0.21334558282978833,870,1,0,0,0,0,1,1,0,0,0,2,4,0,3,3,48,0,1,1,0,0,0,1,1,0,2,3,0,1,2,5,50,1.004669189453125,-0.014662950299680233,2.068618059158325,0.5404098033905029,0.027714
129,48823.0,775.0,49598.0,49598.0,0.9843743699342715,17.0,0.017,133.0,35523.0,55.0,78.0,17.0,0.0,22835.0,25988.0,404.0,719.25,396.0,80.75,35523.0,355.23000000000053,100.0,1000,0,1000,0.21247599995695055,867,0,0,0,0,0,0,2,0,0,1,0,2,0,9,3,38,0,3,0,0,0,0,0,1,0,0,9,1,1,6,7,50,0.9562498331069946,0.06682759523391724,1.8156557083129883,0.6645593047142029,0.027696
130,48332.0,1078.0,49410.0,49410.0,0.9781825541388383,16.0,0.016,142.0,34132.0,68.0,74.0,15.0,1.0,23004.0,25328.0,704.0,785.0,96.0,15.0,34132.0,341.32000000000033,100.0,1000,0,1000,0.212523290887475,858,1,0,0,0,0,1,3,0,1,0,1,1,1,6,5,48,0,9,0,0,0,0,0,0,0,1,1,0,2,4,3,54,1.0072203874588013,-0.03236256167292595,2.1151764392852783,0.6505253314971924,0.027677999999999998
131,47670.0,1356.0,49026.0,49026.0,0.9723412067066455,18.0,0.018,154.0,32270.0,75.0,79.0,16.0,2.0,24831.0,22839.0,743.0,145.0,57.0,18.4375,32270.0,322.7,100.0,1000,0,1000,0.21207920811139047,846,1,0,0,0,1,2,2,1,0,0,0,4,1,14,4,45,1,2,1,0,0,0,0,1,0,0,12,0,1,4,3,54,0.5698865652084351,0.03697605058550835,1.096726655960083,0.5586696267127991,0.027659999999999997
132,48603.0,657.0,49260.0,49260.0,0.9866626065773447,12.0,0.012,143.0,34303.0,68.0,75.0,11.0,1.0,23095.0,25508.0,758.0,605.0,42.0,195.0,34303.0,343.0299999999996,100.0,1000,0,1000,0.2134662081953138,857,1,0,0,0,0,1,2,0,0,0,0,3,1,13,4,43,0,2,0,0,0,0,0,0,1,0,6,0,0,5,5,56,0.8007141947746277,-0.035751160234212875,1.7038605213165283,0.5594702959060669,0.027642
133,47863.0,552.0,48415.0,48415.0,0.9885985748218528,5.0,0.005,143.0,33563.0,67.0,76.0,4.0,1.0,23664.0,24199.0,644.0,613.1875,156.0,55.0,33563.0,335.6299999999994,100.0,1000,0,1000,0.212008791975677,857,0,0,0,0,0,0,1,0,0,0,1,4,0,11,4,46,0,4,0,0,0,1,0,0,1,1,11,0,3,4,3,48,0.9915117621421814,-0.023650432005524635,2.0633208751678467,0.5972429513931274,0.027624
134,47595.0,1628.0,49223.0,49223.0,0.9669260305141906,33.0,0.033,133.0,34295.0,56.0,77.0,23.0,10.0,21241.0,26354.0,700.0,512.125,100.0,0.0,34295.0,342.9500000000003,100.0,1000,7,993,0.2125937498640269,867,1,0,0,0,0,1,0,0,0,1,0,4,1,7,1,40,0,3,0,0,0,0,0,1,0,1,7,0,1,8,7,49,1.0778666734695435,-0.019667407497763634,2.229957342147827,0.6319116353988647,0.027606
135,49593.0,1528.0,51121.0,51121.0,0.9701101308659846,28.0,0.028,149.0,34693.0,69.0,80.0,24.0,4.0,24042.0,25551.0,749.0,370.0,51.0,380.25,34693.0,346.9299999999996,100.0,1000,4,996,0.21278699999675155,851,1,0,0,1,0,0,1,2,0,0,2,5,0,5,3,49,1,3,1,0,0,0,1,0,0,1,14,0,0,0,12,47,0.6775875687599182,-0.011050021275877953,1.4116746187210083,0.6234486103057861,0.027587999999999998
136,47712.0,1461.0,49173.0,49173.0,0.9702885729973766,21.0,0.021,132.0,34512.0,61.0,71.0,13.0,8.0,23701.0,24011.0,474.125,566.5,325.875,233.5,34512.0,345.1199999999992,100.0,1000,8,992,0.21321695786900818,868,2,0,0,1,0,1,1,1,0,0,0,3,0,4,1,47,1,2,0,0,0,0,0,0,0,2,10,0,1,3,7,45,0.6442778706550598,-0.032491836696863174,1.3920636177062988,0.698661744594574,0.027569999999999997
137,51174.0,1238.0,52412.0,52412.0,0.9763794550866214,20.0,0.02,148.0,36374.0,67.0,81.0,18.0,2.0,24587.0,26587.0,345.0,667.0,0.0,133.0,36374.0,363.7400000000005,100.0,1000,6,994,0.21395358303561807,852,1,0,0,0,0,1,1,0,0,0,0,4,0,6,6,48,0,1,0,0,0,0,1,1,0,0,9,0,0,6,8,55,0.5145559906959534,-0.035046979784965515,1.1332753896713257,0.6182751059532166,0.027552
138,48674.0,1365.0,50039.0,50039.0,0.9727212774036251,26.0,0.026,145.0,34174.0,63.0,82.0,21.0,5.0,23625.0,25049.0,679.0,643.0,74.125,157.0,34174.0,341.73999999999984,100.0,1000,5,995,0.21270770812407136,855,0,0,0,0,0,0,1,1,0,0,0,2,1,3,7,48,1,2,0,0,0,0,0,2,0,0,8,0,2,7,6,54,1.355361819267273,0.09746432304382324,2.548877477645874,0.600757360458374,0.027534
139,47347.0,1250.0,48597.0,48597.0,0.9742782476284544,21.0,0.021,141.0,33247.0,68.0,73.0,17.0,4.0,23317.0,24030.0,550.0,634.875,250.0,51.6015625,33247.0,332.46999999999946,100.0,1000,5,995,0.21339991688728333,859,1,0,0,2,0,0,1,1,0,0,0,6,0,8,4,45,0,1,0,0,0,0,1,0,0,1,10,0,2,2,2,54,1.4059865474700928,0.051177915185689926,2.739755630493164,0.5476489663124084,0.027516
140,49131.0,1022.0,50153.0,50153.0,0.9796223555918888,19.0,0.019,132.0,35931.0,64.0,68.0,15.0,4.0,23444.0,25687.0,308.0,712.0,0.0,88.0,35931.0,359.3099999999996,100.0,1000,6,994,0.21269183396361768,868,0,0,0,0,1,1,0,0,0,0,0,5,0,4,1,52,0,1,1,0,0,0,0,0,0,0,3,1,0,5,4,53,0.6014350056648254,0.0038525236304849386,1.228861689567566,0.6127127408981323,0.027497999999999998
141,48660.0,1145.0,49805.0,49805.0,0.9770103403272764,20.0,0.02,149.0,33760.0,80.0,69.0,18.0,2.0,23857.0,24803.0,644.0,663.0,156.0,137.0,33760.0,337.6000000000003,100.0,1000,7,993,0.2130561249796301,851,0,16,0,1,1,1,0,0,0,0,2,5,1,3,4,46,0,1,0,0,0,1,0,1,0,0,2,0,3,5,9,47,1.0341542959213257,0.002704021753743291,2.0932698249816895,0.5525718927383423,0.027479999999999997
142,48148.0,760.0,48908.0,48908.0,0.9844606199394782,13.0,0.013,143.0,33848.0,70.0,73.0,9.0,4.0,24153.0,23995.0,563.0,743.2677154541016,237.0,56.73228454589844,33848.0,338.47999999999973,100.0,1000,1,999,0.21396566578187048,857,0,9,0,0,1,1,1,0,0,0,0,2,0,5,0,51,0,0,0,0,0,0,2,2,0,2,8,0,0,5,7,47,0.9323068261146545,0.041905391961336136,1.8128232955932617,0.5829958319664001,0.027462
143,48840.0,588.0,49428.0,49428.0,0.9881039087157077,10.0,0.01,133.0,35540.0,67.0,66.0,7.0,3.0,24230.0,24610.0,584.625,569.75,215.375,230.25,35540.0,355.4000000000002,100.0,1000,4,996,0.21282966691069305,867,0,3,0,1,0,0,0,0,0,0,0,5,1,3,5,49,1,3,0,0,0,0,0,0,0,1,3,0,1,3,6,48,0.5469201803207397,-0.0024429436307400465,1.131994366645813,0.6061090230941772,0.027444
144,48699.0,1635.0,50334.0,50334.0,0.9675169865299798,25.0,0.025,142.0,34499.0,74.0,68.0,21.0,4.0,24177.0,24522.0,411.875,655.2874145507812,388.125,144.71258544921875,34499.0,344.9899999999999,100.0,1000,2,998,0.21354908403009176,858,0,6,0,1,0,4,0,0,0,0,0,4,0,7,7,45,0,0,0,0,0,0,3,0,0,0,1,1,1,7,7,48,1.4139214754104614,0.08561329543590546,2.6867990493774414,0.5502540469169617,0.027426
145,48871.0,2040.0,50911.0,50911.0,0.9599300740507946,21.0,0.021,135.0,35371.0,65.0,70.0,7.0,14.0,22655.0,26216.0,698.0,505.1875,102.0,149.0,35371.0,353.71,100.0,1000,4,996,0.21337279095314443,865,0,3,0,0,1,2,2,1,0,0,0,2,0,5,1,48,2,1,1,0,0,0,0,0,0,0,2,0,2,3,4,55,0.6370932459831238,0.026464082300662994,1.2513748407363892,0.5494122505187988,0.027408
146,48798.0,946.0,49744.0,49744.0,0.980982631071084,14.0,0.014,136.0,35198.0,76.0,60.0,5.0,9.0,23670.0,25128.0,373.0,756.0,30.0,44.0,35198.0,351.97999999999985,100.0,1000,1,999,0.2131431249435991,864,0,1,0,0,1,2,1,0,0,0,1,6,0,8,2,54,0,0,0,0,0,0,0,0,0,0,1,1,0,2,2,54,0.445011168718338,-0.03809810429811478,0.9971944689750671,0.5654602646827698,0.027389999999999998
147,49727.0,448.0,50175.0,50175.0,0.9910712506228201,7.0,0.007,145.0,35227.0,74.0,71.0,4.0,3.0,23635.0,26092.0,686.0,494.4375,99.75,0.0,35227.0,352.26999999999964,100.0,1000,3,997,0.21354091702960432,855,1,6,0,0,0,1,0,0,0,0,0,3,0,3,4,56,0,2,0,0,0,0,0,0,1,3,4,0,0,3,4,54,0.42938029766082764,-0.058242008090019226,1.00400972366333,0.5254466533660889,0.027372
148,48287.0,440.0,48727.0,48727.0,0.990970098713239,8.0,0.008,135.0,34787.0,70.0,65.0,7.0,1.0,22844.0,25443.0,738.0,698.0,62.0,102.0,34787.0,347.86999999999983,100.0,1000,1,999,0.21492579206824303,865,0,1,0,0,0,1,0,0,0,1,0,2,0,3,2,60,0,1,1,0,0,1,0,0,0,0,1,0,0,2,4,55,0.507845401763916,-0.033047355711460114,1.1062594652175903,0.44735413789749146,0.027354
149,49344.0,882.0,50226.0,50226.0,0.9824393740293872,11.0,0.011,133.0,36044.0,66.0,67.0,7.0,4.0,24214.0,25130.0,657.0,540.0,143.0,260.0,36044.0,360.4400000000001,100.0,1000,3,997,0.21261862479150295,867,0,2,0,1,1,0,0,0,0,0,0,3,0,3,2,54,0,0,0,0,0,0,0,0,0,1,3,1,0,6,1,55,1.1382147073745728,-0.03411318361759186,2.3692290782928467,0.4494670629501343,0.027336
150,48489.0,1167.0,49656.0,49656.0,0.9764983083615273,21.0,0.021,126.0,35889.0,64.0,62.0,17.0,4.0,23182.0,25307.0,578.0,761.0,222.0,39.0,35889.0,358.88999999999993,100.0,1000,6,994,0.21274366695433855,874,0,0,0,5,0,0,1,0,0,1,0,1,0,2,0,54,1,0,0,0,0,0,0,0,1,1,1,1,1,2,1,53,0.2610279619693756,-0.11228285729885101,0.7737678289413452,0.49685510993003845,0.027318
151,49089.0,1859.0,50948.0,50948.0,0.9635118159692235,26.0,0.026,132.0,35889.0,67.0,65.0,17.0,9.0,23039.0,26050.0,406.0,695.0,64.0,105.0,35889.0,358.89,100.0,1000,5,995,0.21274033398367465,868,0,0,0,2,0,0,0,0,0,1,0,1,1,0,2,60,1,1,0,0,0,0,1,0,0,1,1,0,1,6,1,52,0.8246749639511108,0.004024941474199295,1.6700208187103271,0.5260211825370789,0.027299999999999998
152,52333.0,755.0,53088.0,53088.0,0.9857783303194696,10.0,0.01,136.0,38733.0,66.0,70.0,9.0,1.0,26075.0,26258.0,584.0,728.3125,216.0,71.6875,38733.0,387.33000000000027,100.0,1000,1,999,0.21336979093030095,864,0,0,0,0,1,1,0,0,0,1,0,6,0,2,1,54,0,1,0,0,0,1,0,1,0,0,2,0,1,3,2,59,1.0964436531066895,-0.006451791618019342,2.2322824001312256,0.48550936579704285,0.027282
153,49182.0,994.0,50176.0,50176.0,0.9801897321428571,17.0,0.017,130.0,36182.0,65.0,65.0,13.0,4.0,22653.0,26529.0,712.0,561.0,88.0,239.0,36182.0,361.82000000000016,100.0,1000,3,997,0.21335662505589426,870,1,0,0,2,0,0,1,0,0,2,0,9,0,2,2,46,1,1,0,0,0,1,0,1,0,0,1,0,0,0,2,58,0.7087035179138184,-0.009496373124420643,1.4678560495376587,0.57688307762146,0.027264
154,48941.0,944.0,49885.0,49885.0,0.9810764758945575,9.0,0.009,137.0,35241.0,72.0,65.0,7.0,2.0,24694.0,24247.0,675.0,539.0,49.0,16.3125,35241.0,352.4100000000004,100.0,1000,1,999,0.21292112488299608,863,0,0,0,0,0,0,1,1,0,2,0,4,1,6,1,56,0,1,0,0,0,1,0,0,0,1,2,0,0,3,9,48,1.217848300933838,-0.024524863809347153,2.513859748840332,0.534271776676178,0.027246
155,52332.0,660.0,52992.0,52992.0,0.9875452898550725,8.0,0.008,151.0,37232.0,77.0,74.0,6.0,2.0,26524.0,25808.0,661.0,450.0,139.0,0.0,37232.0,372.31999999999897,100.0,1000,3,997,0.2131240840535611,849,1,2,0,0,1,0,0,0,0,0,0,2,1,4,3,63,1,0,0,0,0,1,0,1,0,3,1,2,0,5,6,54,1.1277276277542114,0.001374996965751052,2.2806732654571533,0.5135897994041443,0.027228
156,49931.0,1025.0,50956.0,50956.0,0.9798846063270272,17.0,0.017,137.0,36231.0,69.0,68.0,15.0,2.0,25490.0,24441.0,681.0,728.0,119.0,72.0,36231.0,362.3099999999999,100.0,1000,2,998,0.21163074998185039,863,0,1,0,1,0,0,0,0,0,0,0,6,0,2,3,56,0,0,1,0,0,1,2,0,0,3,1,1,0,6,3,50,1.0162004232406616,0.06748537719249725,1.9279612302780151,0.5610267519950867,0.027209999999999998
157,49552.0,487.0,50039.0,50039.0,0.9902675912788025,10.0,0.01,131.0,36452.0,70.0,61.0,6.0,4.0,25597.0,23955.0,711.0,473.0,89.0,327.0,36452.0,364.5199999999988,100.0,1000,0,1000,0.21257412480190396,869,0,0,0,2,0,0,0,0,0,0,0,2,1,2,1,62,1,0,0,0,0,1,0,0,0,0,1,1,0,6,4,47,1.1174962520599365,0.06889979541301727,2.1264543533325195,0.538050651550293,0.027192
158,50249.0,965.0,51214.0,51214.0,0.9811574959971883,16.0,0.016,140.0,36249.0,77.0,63.0,7.0,9.0,26313.0,23936.0,300.0,720.0,62.5,20.0,36249.0,362.4899999999999,100.0,1000,3,997,0.21362750022672117,860,0,1,0,5,0,0,0,1,0,1,0,3,0,6,3,57,2,1,0,0,0,0,1,0,0,0,2,2,0,2,2,51,1.0858322381973267,0.04788747429847717,2.104968309402466,0.5350457429885864,0.027174
159,47651.0,1003.0,48654.0,48654.0,0.9793850454227813,14.0,0.014,133.0,34351.0,72.0,61.0,9.0,5.0,23611.0,24040.0,748.0,663.0,14.5,137.0,34351.0,343.5099999999997,100.0,1000,3,997,0.2130801249295473,867,1,0,0,3,0,4,0,0,0,0,1,3,0,4,9,47,0,1,0,0,0,1,0,1,0,0,0,0,0,1,5,52,0.8385367393493652,-0.012374169193208218,1.7262530326843262,0.4498319923877716,0.027156
160,48300.0,1138.0,49438.0,49438.0,0.9769812694688297,20.0,0.02,131.0,35200.0,80.0,51.0,11.0,9.0,25209.0,23091.0,712.0,535.0,88.0,265.0,35200.0,352.0000000000003,100.0,1000,4,996,0.21322400006465614,869,0,2,0,3,0,0,1,0,0,0,0,6,0,7,4,57,1,0,0,0,0,0,0,1,0,2,1,1,0,2,2,41,0.42652738094329834,-0.06541642546653748,1.011915683746338,0.5163987278938293,0.027138
161,48472.0,2050.0,50522.0,50522.0,0.9594236174339892,28.0,0.028,123.0,36172.0,65.0,58.0,21.0,7.0,23049.0,25423.0,641.373046875,698.0,158.626953125,0.0,36172.0,361.71999999999974,100.0,1000,8,992,0.21370170800946653,877,0,2,0,2,1,1,0,1,0,1,0,4,0,4,4,45,1,0,0,0,0,0,0,0,0,1,1,0,0,0,3,52,0.8523712754249573,-0.06422010064125061,1.863964557647705,0.5675126314163208,0.02712
162,47452.0,991.0,48443.0,48443.0,0.979542968024276,16.0,0.016,134.0,34052.0,77.0,57.0,11.0,5.0,24166.0,23286.0,715.0,624.0,10.75,176.0,34052.0,340.5200000000004,100.0,1000,3,997,0.21411866694688797,866,0,0,0,2,1,0,1,0,0,0,0,5,0,4,7,57,0,0,0,0,0,1,0,0,0,1,0,0,0,3,5,47,1.1596354246139526,0.03173566609621048,2.280313014984131,0.4522458016872406,0.027101999999999998
163,48152.0,1319.0,49471.0,49471.0,0.9733379151422045,26.0,0.026,123.0,35852.0,68.0,55.0,17.0,9.0,24705.0,23447.0,690.0,171.625,110.0,59.0,35852.0,358.5200000000001,100.0,1000,5,995,0.21317595895379782,877,0,1,0,3,1,1,0,0,1,0,0,4,0,3,4,50,0,0,0,0,0,1,0,0,0,0,2,0,0,1,1,50,0.6387016177177429,-0.04612734168767929,1.3985215425491333,0.5328553915023804,0.027084
164,48866.0,594.0,49460.0,49460.0,0.9879902951880307,13.0,0.013,132.0,35666.0,72.0,60.0,9.0,4.0,23994.0,24872.0,547.0,574.0,253.0,226.0,35666.0,356.6600000000008,100.0,1000,5,995,0.21292733284644783,868,1,4,0,0,0,2,0,1,0,0,1,6,2,4,1,50,2,0,0,0,0,0,0,0,0,3,2,1,1,1,2,48,0.8160303235054016,0.03878311812877655,1.57830810546875,0.4399195611476898,0.027066
165,50272.0,1156.0,51428.0,51428.0,0.9775219724663607,19.0,0.019,135.0,36772.0,63.0,72.0,14.0,5.0,24028.0,26244.0,603.0,505.0,0.0,295.0,36772.0,367.72000000000014,100.0,1000,6,994,0.21305699995718896,865,0,1,0,1,0,1,2,1,0,0,0,2,0,6,1,48,0,1,0,0,0,0,0,0,0,2,0,0,3,3,2,61,1.2527430057525635,0.07930105179548264,2.3709793090820312,0.445418119430542,0.027048
166,49325.0,1144.0,50469.0,50469.0,0.9773326200241732,21.0,0.021,124.0,36925.0,62.0,62.0,19.0,2.0,26226.0,23099.0,405.0,744.3828125,65.0,55.6171875,36925.0,369.2500000000001,100.0,1000,5,995,0.21266850014217198,876,1,0,0,1,1,3,2,1,0,1,0,1,0,1,1,49,0,0,0,0,0,0,0,0,0,3,0,0,1,1,2,55,1.5682933330535889,0.11355488747358322,2.9341375827789307,0.4561723470687866,0.02703
167,48313.0,1279.0,49592.0,49592.0,0.9742095499274076,27.0,0.027,123.0,36013.0,59.0,64.0,21.0,6.0,23971.0,24342.0,474.0,616.0,326.0,184.0,36013.0,360.12999999999965,100.0,1000,6,994,0.21307549998164177,877,0,1,0,3,1,0,0,0,0,2,0,1,0,4,3,44,0,1,0,0,0,0,0,0,0,1,0,0,0,1,3,58,0.6539356708526611,0.013399415649473667,1.3021327257156372,0.3898302912712097,0.027011999999999998
168,50388.0,1717.0,52105.0,52105.0,0.967047308319739,28.0,0.028,125.0,37888.0,61.0,64.0,24.0,4.0,23639.0,26749.0,523.0,542.3125,0.0,257.6875,37888.0,378.8799999999995,100.0,1000,6,994,0.2131117908284068,875,1,1,0,2,0,1,0,1,0,0,0,2,1,5,1,46,0,0,0,0,0,0,0,0,0,2,0,0,0,0,3,59,1.26820707321167,0.11289223283529282,2.3373522758483887,0.49497249722480774,0.026993999999999997
169,48170.0,1960.0,50130.0,50130.0,0.9609016556951925,39.0,0.039,125.0,35670.0,62.0,63.0,34.0,5.0,23457.0,24713.0,562.0,769.0,238.0,31.0,35670.0,356.6999999999993,100.0,1000,6,994,0.21301858290098608,875,0,0,0,5,0,3,0,1,1,1,0,0,0,2,2,47,0,0,1,0,0,0,0,0,0,0,2,0,0,0,2,58,1.3022139072418213,0.07661568373441696,2.4797327518463135,0.5289197564125061,0.026976
170,48506.0,435.0,48941.0,48941.0,0.991111746797164,9.0,0.009,124.0,36106.0,60.0,64.0,8.0,1.0,23780.0,24726.0,800.0,367.0,0.0,0.0,36106.0,361.05999999999875,100.0,1000,4,996,0.21359654096886516,876,0,1,0,1,0,4,0,0,0,0,0,2,0,5,3,44,0,0,0,0,0,0,0,0,0,1,1,0,0,0,0,62,0.7893982529640198,-0.008759637363255024,1.6244877576828003,0.5225162506103516,0.026958
171,49824.0,590.0,50414.0,50414.0,0.9882969016543024,11.0,0.011,125.0,37324.0,60.0,65.0,6.0,5.0,24961.0,24863.0,585.5,624.0,0.0,176.0,37324.0,373.2400000000001,100.0,1000,5,995,0.21362870908342302,875,0,0,0,0,1,1,1,0,0,1,0,0,0,4,1,51,0,0,0,0,0,0,0,1,0,1,1,0,1,0,0,61,1.52927565574646,0.08289175480604172,2.9220173358917236,0.5428617596626282,0.02694
172,49344.0,1330.0,50674.0,50674.0,0.9737537987922801,22.0,0.022,131.0,36244.0,67.0,64.0,16.0,6.0,25185.0,24159.0,539.0,394.0,0.0,406.0,36244.0,362.43999999999875,100.0,1000,4,996,0.21311450004577637,869,0,0,0,4,0,2,1,0,0,0,0,5,1,3,4,47,0,0,0,0,0,0,0,0,0,1,1,0,1,3,0,58,0.8607105612754822,-0.021843377500772476,1.7947688102722168,0.5508672595024109,0.026921999999999998
173,49341.0,574.0,49915.0,49915.0,0.9885004507663027,11.0,0.011,130.0,36341.0,72.0,58.0,3.0,8.0,24340.0,25001.0,708.0,597.0,92.0,203.0,36341.0,363.40999999999997,100.0,1000,8,992,0.21485429187305272,870,1,0,0,1,0,3,1,0,0,0,0,1,0,6,4,55,0,0,0,0,0,0,0,0,0,2,0,0,1,0,1,54,0.48629653453826904,-0.05770157277584076,1.1106493473052979,0.42099839448928833,0.026903999999999997
174,48737.0,1616.0,50353.0,50353.0,0.9679065795483883,27.0,0.027,127.0,36037.0,57.0,70.0,12.0,15.0,23260.0,25477.0,560.0,527.0,63.0,0.0,36037.0,360.3700000000002,100.0,1000,7,993,0.21314166695810854,873,0,0,0,0,0,0,1,0,0,1,0,0,0,4,0,51,1,1,0,0,0,0,0,0,0,3,0,0,2,1,0,62,0.7879969477653503,0.06758438795804977,1.467189908027649,0.49030718207359314,0.026886
175,50404.0,1373.0,51777.0,51777.0,0.9734824342854935,23.0,0.023,130.0,37404.0,61.0,69.0,16.0,7.0,25467.0,24937.0,639.0,635.0,161.0,165.0,37404.0,374.0400000000007,100.0,1000,6,994,0.21318516717292368,870,0,0,0,2,0,1,1,0,0,0,1,0,0,4,2,50,0,0,0,0,0,1,0,1,0,1,0,1,2,1,0,62,1.3846787214279175,0.10651462525129318,2.5859858989715576,0.551912784576416,0.026868
176,49915.0,1244.0,51159.0,51159.0,0.975683652925194,17.0,0.017,133.0,36615.0,66.0,67.0,11.0,6.0,23019.0,26896.0,500.0,762.0,300.0,38.0,36615.0,366.1499999999997,100.0,1000,1,999,0.21254020812921226,867,0,1,0,2,0,1,0,0,0,1,0,2,0,4,3,52,0,1,0,0,0,1,0,0,0,2,1,0,0,0,2,60,1.490666151046753,0.0922347754240036,2.822171211242676,0.4712936282157898,0.02685
177,48450.0,486.0,48936.0,48936.0,0.9900686611083864,10.0,0.01,128.0,35650.0,63.0,65.0,6.0,4.0,23343.0,25107.0,325.75,605.0,0.0,195.0,35650.0,356.5000000000002,100.0,1000,3,997,0.2143827499821782,872,0,1,0,0,0,4,0,0,0,0,0,1,1,8,1,47,0,0,1,0,0,0,0,0,0,1,0,0,0,1,0,62,0.17664334177970886,-0.11278010159730911,0.6049872636795044,0.48711225390434265,0.026831999999999998
178,49747.0,951.0,50698.0,50698.0,0.9812418635843623,13.0,0.013,130.0,36747.0,71.0,59.0,9.0,4.0,23490.0,26257.0,771.0,683.0,29.0,117.0,36747.0,367.470000000001,100.0,1000,5,995,0.21280891704373062,870,0,0,0,1,0,2,1,0,0,0,0,2,0,13,3,49,0,0,0,0,0,0,0,0,0,2,1,0,0,1,2,53,0.7729176878929138,0.03737747669219971,1.4976028203964233,0.49456334114074707,0.026813999999999998
179,48167.0,1040.0,49207.0,49207.0,0.9788647956591542,17.0,0.017,125.0,35667.0,67.0,58.0,7.0,10.0,23574.0,24593.0,705.0,577.4375,95.0,222.5625,35667.0,356.67000000000013,100.0,1000,2,998,0.21382170915603638,875,0,0,0,2,0,2,0,1,0,0,0,1,0,6,1,54,1,0,0,0,0,0,0,1,0,3,1,1,0,1,0,50,0.8560833930969238,0.0008170686778612435,1.7387659549713135,0.5268191695213318,0.026796
180,48612.0,496.0,49108.0,49108.0,0.9898998126578155,13.0,0.013,121.0,36512.0,62.0,59.0,8.0,5.0,24492.0,24120.0,342.5,768.0,82.0,32.0,36512.0,365.12000000000023,100.0,1000,7,993,0.21305750007741153,879,0,0,0,3,2,3,0,0,0,0,0,0,0,5,1,48,0,0,0,0,0,0,0,0,0,0,1,0,0,1,0,57,0.6400436162948608,-0.11283008009195328,1.5303723812103271,0.4597972333431244,0.026778
181,47984.0,366.0,48350.0,48350.0,0.992430196483971,7.0,0.007,117.0,36284.0,61.0,56.0,4.0,3.0,24425.0,23559.0,274.0,636.0,80.625,164.0,36284.0,362.83999999999975,100.0,1000,4,996,0.2126334172207862,883,1,0,0,0,0,0,0,0,0,0,0,1,1,13,2,43,0,0,0,0,0,1,2,0,0,3,0,0,0,0,0,50,1.0427299737930298,0.03275119140744209,2.049375295639038,0.5496612191200256,0.02676
182,48600.0,635.0,49235.0,49235.0,0.9871026708642227,8.0,0.008,121.0,36500.0,63.0,58.0,5.0,3.0,24756.0,23844.0,343.0,597.0,45.0,203.0,36500.0,364.99999999999983,100.0,1000,2,998,0.21267216699197888,879,0,0,0,1,0,0,0,0,0,0,0,2,0,4,4,52,0,0,0,0,0,0,0,0,0,1,1,1,0,1,1,53,0.7269132733345032,0.031198911368846893,1.4173405170440674,0.48447683453559875,0.026742
183,49254.0,643.0,49897.0,49897.0,0.9871134537146522,10.0,0.01,126.0,36654.0,65.0,61.0,6.0,4.0,25113.0,24141.0,514.0,554.0,286.0,0.0,36654.0,366.53999999999877,100.0,1000,3,997,0.2152709171641618,874,0,0,0,1,0,1,0,0,0,0,0,1,1,12,2,47,1,1,0,0,0,0,0,1,0,4,0,0,0,0,3,51,0.5806897878646851,0.04162627086043358,1.1079379320144653,0.5577558875083923,0.026723999999999998
184,49498.0,839.0,50337.0,50337.0,0.9833323400282099,14.0,0.014,138.0,35698.0,78.0,60.0,5.0,9.0,25093.0,24405.0,372.0,653.0,428.0,0.0,35698.0,356.98000000000025,100.0,1000,4,996,0.21312587498687208,862,0,0,0,3,0,2,0,0,0,1,0,2,0,18,2,50,2,0,0,0,0,0,0,1,0,5,0,0,0,0,2,50,0.5636032819747925,-0.01946481689810753,1.1971261501312256,0.5802077054977417,0.026706
185,48865.0,927.0,49792.0,49792.0,0.9813825514138818,15.0,0.015,137.0,35165.0,83.0,54.0,9.0,6.0,26365.0,22500.0,674.0,717.6875,126.0,82.3125,35165.0,351.6499999999998,100.0,1000,8,992,0.2121670409105718,863,0,1,0,4,1,1,0,0,0,2,0,1,0,16,1,56,0,0,0,0,0,1,0,1,1,2,0,0,2,0,3,44,0.7540793418884277,-0.026748521253466606,1.5955629348754883,0.6352513432502747,0.026688
186,49202.0,318.0,49520.0,49520.0,0.993578352180937,7.0,0.007,135.0,35702.0,78.0,57.0,5.0,2.0,24838.0,24364.0,706.0,337.0,49.375,0.0,35702.0,357.01999999999964,100.0,1000,2,998,0.21313300007022917,865,0,1,0,0,0,3,0,0,0,1,0,0,0,15,0,58,0,0,0,0,0,0,0,1,0,0,1,1,0,1,1,52,0.5165776610374451,-0.07810912281274796,1.21833074092865,0.5428785681724548,0.02667
187,47914.0,1368.0,49282.0,49282.0,0.9722413863073739,24.0,0.024,140.0,33914.0,81.0,59.0,15.0,9.0,23124.0,24790.0,705.0,403.4609375,95.0,0.0,33914.0,339.13999999999993,100.0,1000,7,993,0.21255987510085106,860,1,1,0,2,0,1,2,1,0,2,1,2,0,14,0,54,0,0,1,0,0,0,0,1,0,4,0,0,2,0,0,51,0.812978982925415,0.020694974809885025,1.6139352321624756,0.5509371161460876,0.026652
188,50082.0,611.0,50693.0,50693.0,0.9879470538338626,12.0,0.012,143.0,35782.0,83.0,60.0,10.0,2.0,25367.0,24715.0,644.0625,524.0,155.9375,0.0,35782.0,357.8200000000004,100.0,1000,8,992,0.21230779099278152,857,0,0,0,1,0,0,0,0,0,1,0,1,1,18,4,57,0,0,0,0,0,0,0,1,0,7,0,1,3,0,3,45,0.5069379806518555,-0.03538886085152626,1.114235281944275,0.5553334355354309,0.026633999999999998
189,48498.0,753.0,49251.0,49251.0,0.9847109703356277,13.0,0.013,134.0,35098.0,73.0,61.0,6.0,7.0,23639.0,24859.0,729.0,520.0,71.0,280.0,35098.0,350.97999999999996,100.0,1000,3,997,0.2125827909912914,866,0,0,0,2,0,2,0,0,0,2,0,2,1,12,5,47,0,1,0,0,0,0,0,0,0,4,1,0,2,1,5,47,0.4156154990196228,-0.00942163448780775,0.8777576684951782,0.5200517177581787,0.026616
190,49734.0,491.0,50225.0,50225.0,0.9902239920358388,10.0,0.01,139.0,35834.0,79.0,60.0,8.0,2.0,25135.0,24599.0,703.0,581.0,22.0,219.0,35834.0,358.33999999999986,100.0,1000,5,995,0.21255454095080495,861,0,1,0,1,1,2,3,0,0,0,0,3,1,9,4,54,0,0,0,0,0,0,0,0,0,4,1,0,2,0,1,52,0.9473276734352112,0.052539363503456116,1.8198449611663818,0.5689968466758728,0.026598
191,49654.0,792.0,50446.0,50446.0,0.98430004361099,15.0,0.015,140.0,35654.0,71.0,69.0,8.0,7.0,25515.0,24139.0,333.0,686.25,0.0,113.75,35654.0,356.5399999999994,100.0,1000,6,994,0.21283062500879169,860,0,1,0,2,0,3,1,0,0,3,0,0,0,12,4,45,0,1,0,0,0,0,0,0,1,7,0,0,3,0,4,53,1.036008596420288,0.02578074112534523,2.0493617057800293,0.5437578558921814,0.02658
192,48732.0,1126.0,49858.0,49858.0,0.9774158610453688,13.0,0.013,128.0,35932.0,61.0,67.0,12.0,1.0,23659.0,25073.0,691.0,183.0,109.0,171.75,35932.0,359.31999999999965,100.0,1000,3,997,0.21273287502117455,872,0,1,0,1,0,3,0,0,0,0,0,3,0,7,1,45,1,0,0,0,0,0,0,1,0,6,0,0,4,1,1,53,0.47328945994377136,-0.11422664672136307,1.2058249711990356,0.5796394348144531,0.026562
193,48340.0,1078.0,49418.0,49418.0,0.9781860860415234,21.0,0.021,132.0,35140.0,67.0,65.0,17.0,4.0,24550.0,23790.0,555.0,590.0,245.0,210.0,35140.0,351.40000000000003,100.0,1000,5,995,0.21169670787639916,868,0,1,0,1,0,2,1,0,0,0,0,2,2,6,3,49,0,0,1,0,0,0,0,1,2,5,0,2,2,0,1,51,0.7336123585700989,0.08276362717151642,1.3299171924591064,0.5315638184547424,0.026543999999999998
194,50068.0,855.0,50923.0,50923.0,0.9832099444258979,16.0,0.016,124.0,37668.0,62.0,62.0,9.0,7.0,23951.0,26117.0,623.0,407.1875,177.0,392.8125,37668.0,376.6799999999995,100.0,1000,6,994,0.21303204097785056,876,1,0,0,0,1,0,0,0,0,1,0,1,1,3,2,52,0,0,0,0,0,0,0,0,0,2,0,0,1,2,2,55,0.40006396174430847,-0.04955113306641579,0.9285138845443726,0.5519807934761047,0.026525999999999997
195,47612.0,1043.0,48655.0,48655.0,0.9785633542287535,14.0,0.014,136.0,34012.0,73.0,63.0,11.0,3.0,23906.0,23706.0,656.0,629.5,144.0,170.5,34012.0,340.12000000000006,100.0,1000,4,996,0.21367370802909136,864,1,0,0,1,1,2,2,0,0,1,0,1,2,4,1,57,0,1,0,0,0,0,0,0,0,4,1,2,0,0,7,48,0.5302587747573853,-0.034415099769830704,1.157058596611023,0.5226866006851196,0.026508
196,48449.0,850.0,49299.0,49299.0,0.9827582709588429,15.0,0.015,132.0,35249.0,72.0,60.0,7.0,8.0,23909.0,24540.0,542.0,675.0,258.0,125.0,35249.0,352.48999999999984,100.0,1000,8,992,0.21219649980776012,868,0,1,0,2,0,2,0,1,0,2,0,0,0,8,1,55,0,0,0,0,0,1,0,1,0,4,0,0,2,1,4,47,0.843772292137146,0.028913386166095734,1.658064603805542,0.5350466370582581,0.02649
197,47599.0,2001.0,49600.0,49600.0,0.9596572580645162,36.0,0.036,127.0,34899.0,69.0,58.0,25.0,11.0,23365.0,24234.0,545.0,732.0,11.953125,68.0,34899.0,348.9900000000002,100.0,1000,10,990,0.21225162502378225,873,2,0,0,3,1,2,0,0,0,2,0,2,1,7,0,49,0,0,0,0,0,0,0,1,1,6,0,1,1,1,1,46,0.9362188577651978,-0.010671363212168217,1.9248270988464355,0.5864051580429077,0.026472
198,47787.0,989.0,48776.0,48776.0,0.9797236345743808,18.0,0.018,130.0,34787.0,66.0,64.0,8.0,10.0,23018.0,24769.0,619.0,587.0,181.0,66.5625,34787.0,347.8700000000008,100.0,1000,13,987,0.21278191707096994,870,2,0,0,1,0,1,2,0,0,3,0,2,0,5,5,45,0,1,0,0,0,0,1,1,0,1,1,1,2,0,4,52,0.5410657525062561,0.010485299862921238,1.0916320085525513,0.5759254097938538,0.026454
199,48662.0,709.0,49371.0,49371.0,0.9856393429341112,15.0,0.015,137.0,34962.0,75.0,62.0,7.0,8.0,22815.0,25847.0,639.0,477.0,161.0,323.0,34962.0,349.6200000000003,100.0,1000,10,990,0.21301570907235146,863,2,1,0,0,2,6,0,0,0,1,0,2,0,11,5,45,1,0,0,0,0,1,0,1,0,4,0,1,6,0,8,40,0.8936160802841187,0.017744973301887512,1.781505823135376,0.5629363059997559,0.026435999999999998
200,48212.0,670.0,48882.0,48882.0,0.986293523178266,11.0,0.011,129.0,35312.0,68.0,61.0,10.0,1.0,24401.0,23811.0,691.0,588.625,109.0,211.375,35312.0,353.1199999999995,100.0,1000,5,995,0.2129201248753816,871,0,0,0,2,0,3,0,1,0,1,1,1,1,6,3,49,0,0,0,0,0,0,0,0,0,9,3,1,0,0,6,42,0.7959015965461731,0.024726949632167816,1.569573998451233,0.5152666568756104,0.026418
201,49090.0,709.0,49799.0,49799.0,0.9857627663206089,14.0,0.014,136.0,35490.0,71.0,65.0,11.0,3.0,24405.0,24685.0,715.0,472.375,85.0,49.0,35490.0,354.90000000000003,100.0,1000,2,998,0.21285766689106822,864,1,0,0,1,1,1,2,0,1,3,0,1,0,7,1,52,0,0,0,0,0,0,0,0,0,7,0,0,2,2,5,49,0.495337575674057,-0.014146053232252598,1.0464482307434082,0.5204740166664124,0.0264
202,48387.0,441.0,48828.0,48828.0,0.99096829687884,7.0,0.007,130.0,35387.0,73.0,57.0,4.0,3.0,24540.0,23847.0,474.0,704.0,4.0,96.0,35387.0,353.86999999999955,100.0,1000,4,996,0.2131768751423806,870,1,0,0,0,0,1,1,2,0,1,0,2,2,9,2,52,0,0,0,0,0,0,0,0,0,4,0,1,1,1,2,48,0.6401106715202332,-0.00856698490679264,1.3231604099273682,0.48906663060188293,0.026382
203,49744.0,1357.0,51101.0,51101.0,0.9734447466781472,18.0,0.018,123.0,37444.0,68.0,55.0,6.0,12.0,24824.0,24920.0,525.0,585.125,158.8125,214.875,37444.0,374.44,100.0,1000,7,993,0.21290837484411895,877,3,0,0,0,0,0,1,1,0,0,0,0,3,8,2,50,0,0,0,0,0,0,0,0,0,2,0,0,4,0,1,48,0.5255312919616699,-0.082414910197258,1.2466965913772583,0.5842094421386719,0.026364
204,49048.0,445.0,49493.0,49493.0,0.9910088295314489,6.0,0.006,128.0,36248.0,71.0,57.0,3.0,3.0,25775.0,23273.0,800.0,473.25,0.0,326.75,36248.0,362.47999999999985,100.0,1000,3,997,0.21307891700416803,872,1,0,0,1,0,1,0,0,0,2,0,1,2,5,5,53,0,0,0,0,0,0,0,0,0,8,1,0,2,2,0,44,0.7444546222686768,0.05710654333233833,1.404590368270874,0.5673384666442871,0.026345999999999998
205,49303.0,601.0,49904.0,49904.0,0.9879568772042321,12.0,0.012,139.0,35403.0,80.0,59.0,5.0,7.0,25361.0,23942.0,741.0,632.0,59.0,168.0,35403.0,354.03000000000003,100.0,1000,4,996,0.21217287494800985,861,1,1,0,4,0,1,0,1,1,1,0,1,0,8,9,52,1,0,0,0,0,0,0,0,0,2,1,0,5,0,1,49,0.41212227940559387,-0.01026828121393919,0.8754817247390747,0.583041250705719,0.026327999999999997
206,48841.0,712.0,49553.0,49553.0,0.9856315460214315,11.0,0.011,135.0,35341.0,75.0,60.0,8.0,3.0,24827.0,24014.0,399.625,616.0,50.046875,184.0,35341.0,353.4100000000004,100.0,1000,4,996,0.21279324986971915,865,1,1,0,0,0,3,1,0,0,1,0,0,0,8,6,54,0,0,0,0,0,0,0,0,0,5,1,0,1,0,3,50,0.7127944231033325,0.042592428624629974,1.3685132265090942,0.5341910719871521,0.02631
207,50107.0,555.0,50662.0,50662.0,0.989045043622439,10.0,0.01,140.0,36107.0,69.0,71.0,8.0,2.0,24217.0,25890.0,640.0,680.0,160.0,0.0,36107.0,361.06999999999965,100.0,1000,3,997,0.21166058303788304,860,2,2,0,0,1,2,0,0,1,1,0,0,0,3,3,54,0,0,0,0,0,0,0,1,0,5,0,1,8,0,2,54,0.6647462844848633,-0.03009273111820221,1.4131290912628174,0.44597288966178894,0.026292
208,50093.0,717.0,50810.0,50810.0,0.9858886046053926,7.0,0.007,127.0,37393.0,62.0,65.0,4.0,3.0,23434.0,26659.0,521.0,691.0,104.625,104.4375,37393.0,373.9300000000002,100.0,1000,1,999,0.21305441693402827,873,1,0,0,0,2,1,2,0,0,1,0,0,0,3,5,47,1,2,0,0,0,0,0,0,0,1,0,1,4,0,4,52,0.670025646686554,-0.0028848452493548393,1.3710143566131592,0.4794342815876007,0.026274
209,49682.0,535.0,50217.0,50217.0,0.9893462373299878,12.0,0.012,130.0,36682.0,71.0,59.0,5.0,7.0,24922.0,24760.0,733.421875,377.625,66.578125,0.0,36682.0,366.81999999999994,100.0,1000,8,992,0.2129402079153806,870,0,1,0,1,0,2,1,0,0,0,0,0,2,3,3,58,0,0,0,0,0,0,0,0,0,2,1,0,6,0,5,45,1.1910275220870972,-0.019799871370196342,2.447763204574585,0.4971901476383209,0.026255999999999998
210,49226.0,556.0,49782.0,49782.0,0.9888313044875657,13.0,0.013,139.0,35326.0,76.0,63.0,10.0,3.0,24932.0,24294.0,578.0203590393066,746.0,0.0,54.0,35326.0,353.2599999999996,100.0,1000,3,997,0.21202875021845102,861,0,2,0,1,1,3,1,0,0,0,1,0,1,2,4,60,0,0,1,0,0,1,0,0,0,0,1,2,3,2,4,49,0.7971161603927612,0.01718711107969284,1.587906002998352,0.5344915390014648,0.026237999999999997
211,48154.0,681.0,48835.0,48835.0,0.9860550834442511,11.0,0.011,129.0,35254.0,66.0,63.0,3.0,8.0,23587.0,24567.0,412.0,720.0,242.5,80.0,35254.0,352.5399999999999,100.0,1000,2,998,0.21256124996580184,871,0,0,0,0,0,2,0,0,2,2,0,0,1,3,3,53,0,0,2,0,0,0,0,0,1,0,0,1,6,1,5,47,0.6547103524208069,-0.008056217804551125,1.3522944450378418,0.5103216767311096,0.02622
212,49619.0,745.0,50364.0,50364.0,0.9852076880311333,12.0,0.012,133.0,36319.0,77.0,56.0,7.0,5.0,25627.0,23992.0,752.0,704.0,48.0,96.0,36319.0,363.1899999999999,100.0,1000,5,995,0.21281116595491767,867,0,0,0,3,0,2,1,0,2,0,0,0,1,3,3,62,0,0,1,0,0,0,1,0,0,0,1,0,5,0,5,43,1.1545523405075073,0.09991669654846191,2.1354401111602783,0.4993663728237152,0.026202
213,50129.0,614.0,50743.0,50743.0,0.9878998088406282,11.0,0.011,132.0,36929.0,66.0,66.0,4.0,7.0,24550.0,25579.0,616.9595947265625,401.0,183.0404052734375,224.625,36929.0,369.2899999999994,100.0,1000,3,997,0.21325054112821817,868,0,0,0,0,0,0,0,0,0,0,0,0,0,6,4,56,1,0,0,0,0,0,0,0,0,2,0,0,9,2,9,43,1.1156527996063232,0.09768339991569519,2.0608742237091064,0.4761568307876587,0.026184
214,49251.0,752.0,50003.0,50003.0,0.9849609023458592,13.0,0.013,129.0,36351.0,63.0,66.0,11.0,2.0,22917.0,26334.0,558.0,685.5,0.0,114.5,36351.0,363.5100000000006,100.0,1000,5,995,0.2125309999100864,871,0,0,0,0,1,1,0,1,1,0,0,0,0,5,1,53,2,0,0,0,0,0,0,0,0,2,0,0,6,1,4,51,1.0829594135284424,0.09185056388378143,2.014354944229126,0.6141020655632019,0.026166
215,48055.0,326.0,48381.0,48381.0,0.9932618176556913,8.0,0.008,132.0,34855.0,69.0,63.0,1.0,7.0,25071.0,22984.0,559.25,620.5625,240.75,33.64453125,34855.0,348.5499999999996,100.0,1000,5,995,0.21213200013153255,868,1,0,0,1,0,1,1,0,1,3,0,0,1,3,4,53,2,0,0,0,0,0,0,0,1,3,1,0,10,0,3,43,0.397726446390152,-0.0703962966799736,0.9645394086837769,0.541033923625946,0.026147999999999998
216,49371.0,480.0,49851.0,49851.0,0.9903713064933501,5.0,0.005,125.0,36871.0,66.0,59.0,1.0,4.0,25803.0,23568.0,521.0,721.75,34.875,78.25,36871.0,368.7100000000003,100.0,1000,0,1000,0.21318337507545948,875,1,1,0,0,1,1,2,0,1,2,0,1,0,2,1,53,0,0,0,0,0,0,0,0,0,2,0,0,2,3,7,45,0.8035502433776855,0.03667851537466049,1.5619572401046753,0.5398713946342468,0.02613
217,49150.0,371.0,49521.0,49521.0,0.9925082288322126,7.0,0.007,143.0,34850.0,75.0,68.0,3.0,4.0,24700.0,24450.0,582.2421875,402.0,32.0,398.0,34850.0,348.49999999999943,100.0,1000,6,994,0.21345874993130565,857,1,0,0,2,0,0,0,0,4,3,0,1,4,3,0,57,2,0,0,0,0,0,0,0,0,1,0,0,16,0,6,43,0.7525646090507507,0.09429742395877838,1.3463935852050781,0.5717514157295227,0.026112
218,51676.0,1142.0,52818.0,52818.0,0.9783785830588058,13.0,0.013,135.0,38176.0,70.0,65.0,4.0,9.0,26702.0,24974.0,538.0,746.1015625,262.0,53.8984375,38176.0,381.76000000000084,100.0,1000,3,997,0.21321891620755196,865,0,0,0,2,0,1,0,0,0,1,0,0,0,1,1,64,0,0,0,0,0,0,0,0,0,2,0,0,5,1,8,49,0.6015852093696594,-0.0885215476155281,1.4053330421447754,0.48132798075675964,0.026094
219,49724.0,333.0,50057.0,50057.0,0.9933475837545198,6.0,0.006,133.0,36424.0,69.0,64.0,4.0,2.0,22799.0,26925.0,471.0,667.0,329.0,58.1875,36424.0,364.24,100.0,1000,1,999,0.2124678329564631,867,0,1,0,1,0,3,1,0,1,5,0,1,1,1,1,53,0,0,0,0,0,0,0,0,1,2,0,1,2,0,9,49,0.43893963098526,-0.05823192745447159,1.0237553119659424,0.5639712810516357,0.026076
220,48786.0,634.0,49420.0,49420.0,0.9871711857547552,11.0,0.011,139.0,34886.0,75.0,64.0,4.0,7.0,25949.0,22837.0,653.0,419.0,147.0,47.625,34886.0,348.85999999999905,100.0,1000,4,996,0.21279387501999736,861,0,0,0,2,2,4,0,0,1,2,1,2,0,1,3,57,0,0,0,0,0,0,1,0,0,1,0,1,10,2,7,42,0.7162829041481018,0.08903761208057404,1.279523491859436,0.48032939434051514,0.026057999999999998
221,48114.0,1125.0,49239.0,49239.0,0.9771522573569731,18.0,0.018,143.0,33814.0,71.0,72.0,10.0,8.0,23334.0,24780.0,683.0,752.75,117.0,2.953125,33814.0,338.1400000000006,100.0,1000,7,993,0.21271750004962087,857,2,1,0,0,0,3,0,1,0,2,0,1,0,3,5,53,0,0,0,0,0,0,0,0,0,2,1,0,14,1,12,42,0.8904642462730408,0.0037748583126813173,1.7989680767059326,0.491347074508667,0.02604
222,48815.0,646.0,49461.0,49461.0,0.9869392046258668,10.0,0.01,137.0,35115.0,81.0,56.0,4.0,6.0,25155.0,23660.0,691.359375,543.1875,108.640625,48.15234375,35115.0,351.1499999999996,100.0,1000,4,996,0.2115777910221368,863,0,1,0,0,0,1,2,0,1,5,1,3,0,3,4,60,0,0,0,0,0,0,1,0,0,0,0,0,4,3,3,45,0.5612815022468567,-0.04010291025042534,1.2308661937713623,0.5398777723312378,0.026021999999999997
223,47135.0,982.0,48117.0,48117.0,0.979591412598458,11.0,0.011,135.0,33635.0,65.0,70.0,6.0,5.0,22277.0,24858.0,438.173828125,636.9140625,0.0,163.0859375,33635.0,336.3500000000006,100.0,1000,6,994,0.21551762497983873,865,0,0,0,0,1,6,1,0,0,0,0,1,0,2,2,52,0,0,0,0,0,0,0,1,1,3,0,0,8,2,8,47,0.8077322840690613,0.05592143163084984,1.5287476778030396,0.4831187129020691,0.026004
224,48445.0,699.0,49144.0,49144.0,0.985776493569917,11.0,0.011,130.0,35445.0,60.0,70.0,3.0,8.0,23716.0,24729.0,613.0,635.632080078125,68.5,164.367919921875,35445.0,354.45000000000044,100.0,1000,5,995,0.21359745902009308,870,1,1,0,1,0,1,0,0,0,1,0,1,0,2,2,50,0,0,0,0,0,0,0,0,0,1,1,0,10,0,8,50,0.945792019367218,0.04184278845787048,1.8324620723724365,0.4726327359676361,0.025986
225,47629.0,879.0,48508.0,48508.0,0.9818792776449246,17.0,0.017,121.0,35529.0,61.0,60.0,5.0,12.0,24363.0,23266.0,572.0,800.0,228.0,0.0,35529.0,355.2900000000001,100.0,1000,4,996,0.21261137491092086,879,0,0,0,0,0,1,0,0,0,1,0,0,1,1,1,56,1,0,0,0,0,0,0,1,0,0,0,1,4,0,7,46,0.3287975490093231,-0.05947735905647278,0.8037387132644653,0.5235082507133484,0.025967999999999998
226,49885.0,649.0,50534.0,50534.0,0.9871571615150196,12.0,0.012,132.0,36685.0,70.0,62.0,8.0,4.0,26828.0,23057.0,558.0,467.0,63.0,69.0,36685.0,366.84999999999997,100.0,1000,2,998,0.214232083177194,868,1,2,0,0,0,2,0,0,1,0,0,1,0,4,3,56,0,0,0,0,0,0,1,0,0,1,0,0,13,0,5,42,0.6813496351242065,0.017912892624735832,1.352496862411499,0.49370601773262024,0.02595
227,50476.0,1683.0,52159.0,52159.0,0.9677332770950363,22.0,0.022,132.0,37276.0,69.0,63.0,7.0,15.0,27006.0,23470.0,682.0,560.0,4.31640625,240.0,37276.0,372.75999999999925,100.0,1000,3,997,0.21264020795933902,868,0,0,0,1,0,0,0,0,2,1,0,1,1,0,7,56,1,0,0,0,0,0,0,0,0,1,1,0,8,0,7,45,1.2088000774383545,0.06202081963419914,2.320122480392456,0.5121830701828003,0.025931999999999997
228,49468.0,766.0,50234.0,50234.0,0.9847513636182665,16.0,0.016,129.0,36568.0,60.0,69.0,11.0,5.0,24782.0,24686.0,713.0,511.0,87.0,0.0,36568.0,365.67999999999967,100.0,1000,5,995,0.21248112502507865,871,0,0,0,0,0,1,0,0,0,0,0,0,0,1,5,53,0,1,0,0,0,0,0,0,0,1,0,2,6,0,8,51,0.4789331257343292,-0.026852907612919807,1.0376139879226685,0.5024684071540833,0.025914
229,48876.0,467.0,49343.0,49343.0,0.9905356382870923,11.0,0.011,124.0,36476.0,61.0,63.0,9.0,2.0,24686.0,24190.0,671.0,542.0,129.0,18.140625,36476.0,364.76,100.0,1000,1,999,0.21280783298425376,876,0,0,0,1,0,1,0,1,0,3,0,0,0,0,4,51,0,0,0,0,0,0,0,0,2,1,0,0,10,0,7,43,0.5992258191108704,-0.012372364290058613,1.2492880821228027,0.5037778615951538,0.025896
230,50296.0,391.0,50687.0,50687.0,0.9922859904906584,8.0,0.008,133.0,36996.0,66.0,67.0,3.0,5.0,25084.0,25212.0,613.0,714.98486328125,187.0,0.0,36996.0,369.9599999999999,100.0,1000,2,998,0.2123463328462094,867,1,0,0,2,0,0,0,0,1,3,0,0,0,0,4,55,0,1,0,0,0,1,0,0,2,1,1,1,6,0,8,46,0.5087950825691223,-0.047816548496484756,1.142848253250122,0.5723971128463745,0.025877999999999998
231,48447.0,452.0,48899.0,48899.0,0.9907564571872636,5.0,0.005,131.0,35347.0,66.0,65.0,2.0,3.0,23888.0,24559.0,435.0,539.125,22.0,260.875,35347.0,353.4699999999995,100.0,1000,0,1000,0.2125840000808239,869,0,1,0,1,0,0,0,2,0,2,0,0,0,2,4,54,1,2,0,0,0,0,0,0,0,0,0,1,4,0,7,50,0.3338793218135834,-0.04909268021583557,0.7898343205451965,0.46191608905792236,0.02586
232,49331.0,436.0,49767.0,49767.0,0.9912391745534189,7.0,0.007,140.0,35331.0,68.0,72.0,6.0,1.0,24863.0,24468.0,531.0,532.0,0.0,268.0,35331.0,353.3100000000007,100.0,1000,1,999,0.21304600010626018,860,0,1,0,2,0,2,0,1,1,1,0,0,0,0,4,56,0,1,0,0,0,0,0,0,0,1,0,2,13,2,9,44,0.3979913592338562,-0.019433511421084404,0.8611429333686829,0.5087299942970276,0.025841999999999997
233,48925.0,631.0,49556.0,49556.0,0.9872669303414319,12.0,0.012,135.0,35425.0,60.0,75.0,4.0,8.0,24682.0,24243.0,514.0,742.2281494140625,286.0,57.7718505859375,35425.0,354.24999999999955,100.0,1000,2,998,0.2130697499960661,865,0,0,0,0,0,2,0,0,1,2,0,0,0,1,1,53,0,0,0,0,0,0,0,0,1,0,1,1,12,1,11,48,1.1220316886901855,0.085006944835186,2.0995044708251953,0.4928566515445709,0.025824
234,49723.0,578.0,50301.0,50301.0,0.9885091747678972,11.0,0.011,131.0,36623.0,68.0,63.0,5.0,6.0,26665.0,23058.0,703.0,434.734375,97.0,75.0,36623.0,366.2300000000003,100.0,1000,1,999,0.2124039160553366,869,2,0,0,1,0,1,1,0,1,1,0,0,0,1,5,55,1,1,0,0,0,0,1,0,2,0,0,0,5,0,8,45,1.1661301851272583,0.08806068450212479,2.1831746101379395,0.523826003074646,0.025806
235,49132.0,788.0,49920.0,49920.0,0.9842147435897436,14.0,0.014,131.0,36032.0,62.0,69.0,7.0,7.0,24268.0,24864.0,479.0,624.0,321.0,33.0,36032.0,360.31999999999925,100.0,1000,2,998,0.21266708406619728,869,0,0,0,0,0,0,0,0,2,1,0,1,0,0,4,54,2,0,0,0,0,0,1,1,1,1,1,0,8,1,5,48,0.7171072959899902,-0.027049873024225235,1.511138916015625,0.4425414502620697,0.025788
236,48830.0,953.0,49783.0,49783.0,0.9808569190285841,16.0,0.016,119.0,36930.0,57.0,62.0,12.0,4.0,24707.0,24123.0,546.0,800.0,254.0,0.0,36930.0,369.2999999999992,100.0,1000,2,998,0.21216512494720519,881,0,0,0,0,0,0,0,0,1,1,0,0,0,1,4,50,0,0,0,0,0,0,0,0,0,0,2,2,7,2,5,44,0.36902716755867004,-0.054510001093149185,0.8709059357643127,0.46239063143730164,0.025769999999999998
237,49046.0,1156.0,50202.0,50202.0,0.9769730289629895,19.0,0.019,115.0,37546.0,55.0,60.0,12.0,7.0,23551.0,25495.0,431.0,741.0,369.0,59.0,37546.0,375.459999999999,100.0,1000,1,999,0.21204983303323388,885,0,0,0,0,0,1,0,0,2,1,0,1,0,0,5,45,0,0,0,0,0,0,0,0,1,0,0,1,8,0,3,47,0.5930779576301575,-0.022822339087724686,1.255892276763916,0.46776488423347473,0.025751999999999997
238,50981.0,575.0,51556.0,51556.0,0.9888470789044922,5.0,0.005,114.0,39581.0,53.0,61.0,3.0,2.0,24364.0,26617.0,303.0,580.0,0.0,75.0,39581.0,395.81000000000023,100.0,1000,0,1000,0.21259354194626212,886,0,0,0,1,0,2,0,0,1,1,0,0,1,0,4,43,0,0,0,0,0,0,0,0,0,0,0,0,3,1,7,50,1.0396180152893066,0.029597217217087746,2.042409896850586,0.4346045255661011,0.025734
239,47188.0,2430.0,49618.0,49618.0,0.9510258373977186,22.0,0.022,115.0,35688.0,55.0,60.0,18.0,4.0,23405.0,23783.0,620.0,700.0,180.0,100.0,35688.0,356.88000000000017,100.0,1000,3,997,0.21261920919641852,885,1,1,0,1,0,2,0,0,0,1,0,0,0,0,3,46,0,0,0,0,0,1,0,0,0,2,1,0,5,2,5,44,0.618272066116333,0.0008762594661675394,1.2590216398239136,0.4711064398288727,0.025716
240,48589.0,646.0,49235.0,49235.0,0.9868792525642328,9.0,0.009,114.0,37189.0,57.0,57.0,5.0,4.0,24090.0,24499.0,617.0,626.625,183.0,10.8359375,37189.0,371.88999999999976,100.0,1000,1,999,0.21225266600959003,886,0,1,0,1,0,0,0,0,1,0,0,1,0,1,5,47,0,0,0,0,0,0,1,0,0,1,2,0,3,0,5,45,0.9476050734519958,-0.023753579705953598,1.9670870304107666,0.4741554856300354,0.025698
241,48491.0,832.0,49323.0,49323.0,0.9831316018895849,17.0,0.017,116.0,36891.0,55.0,61.0,8.0,9.0,23267.0,25224.0,446.0,594.0,354.0,206.0,36891.0,368.91,100.0,1000,6,994,0.21331624989397824,884,0,0,0,0,0,1,0,0,3,0,0,4,0,1,1,45,0,0,0,0,0,0,0,0,0,0,0,0,11,0,6,44,0.938059389591217,-0.012422441504895687,1.921909213066101,0.40781787037849426,0.025679999999999998
242,48391.0,1262.0,49653.0,49653.0,0.9745836102551709,18.0,0.018,111.0,37291.0,48.0,63.0,10.0,8.0,22509.0,25882.0,565.0,746.0,235.0,54.0,37291.0,372.9100000000004,100.0,1000,5,995,0.21260687499307096,889,0,1,0,2,0,0,0,0,1,1,0,0,0,0,6,37,0,0,0,0,0,0,0,0,0,1,1,3,4,0,8,46,0.894616425037384,0.017853420227766037,1.7764729261398315,0.447100430727005,0.025661999999999997
243,49820.0,837.0,50657.0,50657.0,0.9834771107645538,15.0,0.015,113.0,38520.0,58.0,55.0,6.0,9.0,24083.0,25737.0,649.0,467.0,151.0,0.0,38520.0,385.19999999999925,100.0,1000,4,996,0.2126711248420179,887,0,1,0,0,0,1,0,1,1,1,0,0,0,0,5,48,0,0,0,0,0,0,0,0,0,0,0,0,2,2,5,46,0.8422919511795044,0.0063067409209907055,1.6958385705947876,0.4653758108615875,0.025644
244,46408.0,324.0,46732.0,46732.0,0.9930668492681675,8.0,0.008,104.0,36008.0,52.0,52.0,1.0,7.0,24038.0,22370.0,658.0,530.2030792236328,8.875,16.86230754852295,36008.0,360.08000000000067,100.0,1000,3,997,0.21143520809710026,896,0,0,0,0,0,0,0,0,2,0,0,0,0,0,3,47,0,0,0,0,0,0,1,0,0,0,0,0,5,1,7,38,0.949478268623352,-0.007389709819108248,1.9369139671325684,0.4522344768047333,0.025626
245,49235.0,617.0,49852.0,49852.0,0.9876233651608762,12.0,0.012,112.0,38035.0,52.0,60.0,6.0,6.0,23486.0,25749.0,723.0,669.0,77.0,131.0,38035.0,380.3500000000004,100.0,1000,3,997,0.21258283290080726,888,1,0,0,0,0,0,0,0,2,1,0,0,0,0,5,43,0,0,0,0,0,0,0,0,0,0,1,0,2,0,9,48,0.7920532822608948,0.028089597821235657,1.5493311882019043,0.4179113507270813,0.025608
246,47152.0,1323.0,48475.0,48475.0,0.9727075812274368,26.0,0.026,110.0,36152.0,49.0,61.0,17.0,9.0,23186.0,23966.0,605.0,591.0,195.0,209.0,36152.0,361.5200000000002,100.0,1000,12,988,0.21140145906247199,890,0,0,0,0,1,0,0,0,2,1,0,0,1,0,0,44,1,0,0,0,0,0,0,0,0,0,0,1,2,2,3,52,0.9705612659454346,0.006250250153243542,1.9504071474075317,0.4256565272808075,0.025589999999999998
247,51096.0,1131.0,52227.0,52227.0,0.9783445344362112,11.0,0.011,111.0,39996.0,56.0,55.0,7.0,4.0,26194.0,24902.0,626.0,661.0,0.0,139.0,39996.0,399.96000000000015,100.0,1000,1,999,0.21226574992761016,889,1,0,0,0,0,0,0,0,0,0,0,0,0,0,3,52,0,0,0,0,0,0,0,0,0,1,0,1,4,0,4,45,1.6253511905670166,0.07363782078027725,3.1223297119140625,0.36960214376449585,0.025571999999999998
248,48978.0,356.0,49334.0,49334.0,0.9927838812989014,9.0,0.009,112.0,37778.0,55.0,57.0,7.0,2.0,24599.0,24379.0,562.0,752.0,238.0,48.0,37778.0,377.7799999999998,100.0,1000,5,995,0.21289283293299377,888,1,0,0,1,0,1,0,0,1,1,0,0,0,1,2,47,0,0,0,0,0,0,0,0,1,0,0,0,1,1,5,49,0.5544044375419617,0.029422588646411896,1.0700063705444336,0.3921639025211334,0.025554
249,49760.0,934.0,50694.0,50694.0,0.9815757288831025,16.0,0.016,110.0,38760.0,54.0,56.0,12.0,4.0,25083.0,24677.0,652.0,512.0,148.0,288.0,38760.0,387.5999999999996,100.0,1000,3,997,0.21275362488813698,890,0,0,0,1,0,2,0,0,3,1,0,0,0,0,2,45,0,0,0,0,0,0,0,0,0,0,1,1,2,0,4,48,0.5421565175056458,-0.030441034585237503,1.166082739830017,0.4089834988117218,0.025536
250,52332.0,679.0,53011.0,53011.0,0.9871913376469035,9.0,0.009,119.0,40432.0,57.0,62.0,2.0,7.0,25731.0,26601.0,668.0,670.0,132.0,130.0,40432.0,404.31999999999954,100.0,1000,1,999,0.2121611249167472,881,1,0,0,0,0,0,0,0,0,1,0,0,0,0,5,50,0,0,0,0,0,0,0,0,0,0,0,1,7,0,8,46,0.5488425493240356,0.02014336735010147,1.0763781070709229,0.3718910217285156,0.025518
251,48365.0,1357.0,49722.0,49722.0,0.9727082579140018,14.0,0.014,103.0,38065.0,53.0,50.0,9.0,5.0,25099.0,23266.0,714.0,764.0,86.0,36.0,38065.0,380.64999999999924,100.0,1000,3,997,0.368283708114177,897,1,0,0,0,0,1,1,0,3,0,0,0,0,0,2,45,0,0,0,0,0,0,1,0,0,0,1,1,2,0,7,38,1.0485836267471313,0.03760368376970291,2.0428318977355957,0.40925610065460205,0.0255
252,48961.0,823.0,49784.0,49784.0,0.9834685842841073,17.0,0.017,101.0,38861.0,53.0,48.0,9.0,8.0,25206.0,23755.0,410.4375,441.0,0.0,0.0,38861.0,388.6100000000001,100.0,1000,1,999,0.25505166687071323,899,0,0,0,0,0,0,1,1,1,2,0,0,1,0,3,44,0,0,0,0,0,0,0,0,0,0,0,1,2,1,2,42,0.8466370701789856,-0.039743486791849136,1.793768286705017,0.41219615936279297,0.025481999999999998
253,48067.0,795.0,48862.0,48862.0,0.9837296876918669,11.0,0.011,101.0,37967.0,51.0,50.0,9.0,2.0,25605.0,22462.0,687.0,637.0,113.0,30.5625,37967.0,379.66999999999933,100.0,1000,5,995,0.37293162499554455,899,0,0,0,1,0,0,0,0,1,0,0,0,0,0,4,45,0,0,0,0,0,1,0,0,0,0,1,0,5,1,9,33,1.6315498352050781,0.11330071836709976,3.056739091873169,0.39744117856025696,0.025464
254,49855.0,520.0,50375.0,50375.0,0.9896774193548387,9.0,0.009,111.0,38755.0,54.0,57.0,7.0,2.0,25945.0,23910.0,196.87890625,772.39794921875,44.0,27.60205078125,38755.0,387.5499999999997,100.0,1000,1,999,0.2561656248290092,889,1,0,0,0,0,0,0,0,1,0,0,0,0,1,4,47,0,1,1,0,0,0,0,0,0,0,0,1,9,0,9,36,0.7048112154006958,-0.021854734048247337,1.473626971244812,0.3987853229045868,0.025446
255,48843.0,1507.0,50350.0,50350.0,0.9700695134061569,19.0,0.019,100.0,38843.0,44.0,56.0,10.0,9.0,22746.0,26097.0,173.0,525.0,230.0,275.0,38843.0,388.43000000000114,100.0,1000,1,999,0.24207816692069173,900,0,0,0,0,0,0,0,0,1,0,0,0,0,1,2,40,0,0,0,0,0,0,0,0,0,1,0,2,2,0,9,42,1.1081644296646118,0.03008241578936577,2.177760362625122,0.4246598184108734,0.025428
256,49065.0,698.0,49763.0,49763.0,0.9859735144585334,14.0,0.014,105.0,38565.0,50.0,55.0,8.0,6.0,24254.0,24811.0,263.0625,695.0,0.0,105.0,38565.0,385.64999999999986,100.0,1000,1,999,0.2660640829708427,895,0,0,0,0,0,0,0,1,0,0,0,1,0,0,3,45,0,0,0,0,0,0,1,0,1,0,0,1,3,0,9,40,0.7240425944328308,-0.045122917741537094,1.5589921474456787,0.406554251909256,0.02541
257,48574.0,1293.0,49867.0,49867.0,0.9740710289369724,22.0,0.022,103.0,38274.0,51.0,52.0,8.0,14.0,24565.0,24009.0,750.0,595.0,50.0,205.0,38274.0,382.74000000000007,100.0,1000,3,997,0.2351192079950124,897,0,0,0,0,0,0,0,0,1,1,0,0,0,0,3,46,0,0,0,0,0,0,0,0,0,0,0,2,2,0,9,39,1.348464012145996,0.10033637285232544,2.516261339187622,0.3939448595046997,0.025391999999999998
258,48753.0,1183.0,49936.0,49936.0,0.9763096763857738,17.0,0.017,101.0,38653.0,53.0,48.0,10.0,7.0,24876.0,23877.0,713.0,435.0,87.0,118.25,38653.0,386.53000000000014,100.0,1000,0,1000,0.2343651670962572,899,0,0,0,0,1,0,0,1,1,0,0,0,0,0,0,50,0,0,0,0,0,0,0,0,0,0,0,4,1,0,4,39,0.9210600256919861,-0.01915411464869976,1.899273157119751,0.37134242057800293,0.025374
259,49462.0,842.0,50304.0,50304.0,0.9832617684478372,15.0,0.015,106.0,38862.0,48.0,58.0,12.0,3.0,24329.0,25133.0,734.0,722.125,66.0,77.875,38862.0,388.62000000000023,100.0,1000,0,1000,0.2308273750822991,894,0,0,0,0,0,0,0,0,1,1,0,0,0,0,3,43,0,0,0,0,0,0,1,1,0,0,1,2,3,2,7,41,1.0001169443130493,0.05342457443475723,1.9131088256835938,0.38894450664520264,0.025356
260,49632.0,1071.0,50703.0,50703.0,0.9788769895272469,18.0,0.018,101.0,39532.0,47.0,54.0,15.0,3.0,25445.0,24187.0,480.0,729.0,320.0,71.0,39532.0,395.32000000000016,100.0,1000,1,999,0.24496583291329443,899,0,1,0,0,0,0,0,0,0,0,0,1,0,0,2,43,0,0,1,0,0,0,0,0,0,0,1,4,1,2,6,39,1.3401806354522705,0.08120249211788177,2.5393576622009277,0.4223177134990692,0.025338
261,48627.0,1144.0,49771.0,49771.0,0.9770147274517289,19.0,0.019,99.0,38727.0,53.0,46.0,6.0,13.0,24455.0,24172.0,653.0,723.0,147.0,77.0,38727.0,387.26999999999947,100.0,1000,3,997,0.24081375007517636,901,0,0,0,0,0,1,0,1,3,0,0,1,0,1,0,46,0,0,0,0,0,0,0,0,0,1,0,1,0,0,5,39,1.625053882598877,0.05804824456572533,3.1577117443084717,0.4680187404155731,0.02532
262,49020.0,599.0,49619.0,49619.0,0.9879280114472279,12.0,0.012,107.0,38320.0,54.0,53.0,9.0,3.0,24931.0,24089.0,349.04296875,675.0,0.0,125.0,38320.0,383.1999999999999,100.0,1000,2,998,0.251402375055477,893,0,0,0,0,0,0,0,0,3,0,0,0,1,0,4,46,0,0,0,0,0,0,0,0,0,0,0,4,5,1,11,32,0.6826851963996887,0.026573102921247482,1.3356633186340332,0.46318796277046204,0.025301999999999998
263,49495.0,690.0,50185.0,50185.0,0.9862508717744346,14.0,0.014,104.0,39095.0,45.0,59.0,13.0,1.0,23919.0,25576.0,626.0,410.15625,174.0,389.84375,39095.0,390.9500000000001,100.0,1000,1,999,0.25247458298690617,896,1,0,0,0,0,0,0,0,2,1,0,0,0,0,0,41,0,0,1,0,0,0,0,1,1,0,0,3,4,0,8,41,0.5104678273200989,-0.038831789046525955,1.1220725774765015,0.4641943573951721,0.025284
264,49218.0,441.0,49659.0,49659.0,0.9911194345435873,8.0,0.008,114.0,37818.0,57.0,57.0,3.0,5.0,24800.0,24418.0,614.0,532.24609375,186.0,267.75390625,37818.0,378.1800000000003,100.0,1000,1,999,0.24604954104870558,886,0,0,0,0,0,0,0,1,2,1,0,0,0,1,5,47,0,0,0,0,0,0,0,0,0,0,0,2,7,0,11,37,0.7198402881622314,-0.01745813526213169,1.4961192607879639,0.42591673135757446,0.025265999999999997
265,48944.0,785.0,49729.0,49729.0,0.9842144422771422,15.0,0.015,111.0,37844.0,59.0,52.0,1.0,14.0,25040.0,23904.0,602.0,482.875,198.0,0.0,37844.0,378.43999999999994,100.0,1000,0,1000,0.23406329192221165,889,0,0,0,2,0,1,0,0,0,2,0,0,0,0,4,50,0,0,0,0,0,0,0,0,0,0,0,5,4,0,5,38,0.8465203642845154,-0.010335995815694332,1.7387009859085083,0.49485650658607483,0.025248
266,49919.0,83.0,50002.0,50002.0,0.9983400663973441,2.0,0.002,126.0,37319.0,65.0,61.0,1.0,1.0,25150.0,24769.0,534.0,547.46875,266.0,154.6328125,37319.0,373.1899999999995,100.0,1000,1,999,0.23556791711598635,874,0,0,3,0,0,0,0,0,6,2,0,1,0,2,2,49,0,0,0,0,0,0,0,0,1,0,1,14,5,1,4,35,0.7755696177482605,0.044353049248456955,1.4870811700820923,0.48846685886383057,0.02523
267,50778.0,1133.0,51911.0,51911.0,0.9781741827358363,19.0,0.019,126.0,38178.0,64.0,62.0,5.0,14.0,24999.0,25779.0,660.0,649.727294921875,140.0,150.272705078125,38178.0,381.78000000000014,100.0,1000,2,998,0.22883008304052055,874,0,2,3,0,0,0,0,0,1,0,0,1,0,4,3,50,0,0,0,0,0,0,0,0,0,0,2,9,6,0,5,40,0.44899246096611023,-0.1309165507555008,1.183699369430542,0.4736115038394928,0.025212
268,48765.0,793.0,49558.0,49558.0,0.9839985471568667,10.0,0.01,115.0,37265.0,56.0,59.0,8.0,2.0,24644.0,24121.0,586.0,723.9003972411156,214.0,76.09960275888443,37265.0,372.64999999999975,100.0,1000,1,999,0.24087654193863273,885,0,0,4,0,1,0,0,0,0,0,0,0,2,0,3,46,0,0,0,0,0,0,0,0,0,0,0,4,0,2,12,41,0.868079423904419,-0.06452600657939911,1.8889645338058472,0.47141391038894653,0.025194
269,48841.0,1350.0,50191.0,50191.0,0.9731027475045327,16.0,0.016,122.0,36641.0,57.0,65.0,12.0,4.0,23467.0,25374.0,637.0,622.5654296875,163.0,177.4345703125,36641.0,366.4100000000003,100.0,1000,2,998,0.23901766701601446,878,0,0,1,0,0,1,0,0,8,0,0,0,0,3,1,43,0,0,0,0,0,0,0,0,0,0,0,6,7,0,8,44,1.2646048069000244,-0.024907289072871208,2.602757692337036,0.4713546633720398,0.025175999999999997
270,49422.0,442.0,49864.0,49864.0,0.9911358896197657,8.0,0.008,124.0,37022.0,62.0,62.0,4.0,4.0,23489.0,25933.0,608.1336669921875,742.0,191.8663330078125,3.625,37022.0,370.21999999999997,100.0,1000,1,999,0.24008266697637737,876,0,0,3,0,0,0,0,0,9,0,0,1,0,3,3,43,0,0,0,0,0,0,0,0,0,1,0,5,3,0,5,48,0.6597431302070618,-0.023079006001353264,1.3911808729171753,0.5075250267982483,0.025158
271,49017.0,783.0,49800.0,49800.0,0.984277108433735,15.0,0.015,120.0,37017.0,56.0,64.0,10.0,5.0,24072.0,24945.0,588.0,635.0,0.0,66.5625,37017.0,370.17,100.0,1000,1,999,0.23863408318720758,880,2,0,2,0,0,0,0,0,1,2,0,2,1,0,1,45,0,0,0,0,0,0,0,0,0,1,0,7,7,0,6,43,0.4535149335861206,-0.03074958361685276,0.9957287311553955,0.5409644246101379,0.02514
272,49351.0,740.0,50091.0,50091.0,0.9852268870655407,12.0,0.012,128.0,36551.0,60.0,68.0,6.0,6.0,24942.0,24409.0,510.0,693.0,290.0,6.6875,36551.0,365.5100000000001,100.0,1000,2,998,0.22804770804941654,872,0,1,2,0,0,0,0,1,5,0,0,2,0,4,2,43,0,0,1,0,0,0,0,0,0,0,0,5,11,0,11,40,0.726375937461853,-0.029574887827038765,1.541395902633667,0.58702152967453,0.025122
273,49708.0,1376.0,51084.0,51084.0,0.9730639730639731,10.0,0.01,127.0,37008.0,65.0,62.0,5.0,5.0,24913.0,24795.0,444.0,526.0,89.0,274.0,37008.0,370.0799999999991,100.0,1000,3,997,0.22977112489752471,873,4,0,2,0,1,1,0,2,8,0,0,1,1,0,3,42,0,0,0,0,0,0,0,0,0,0,2,3,11,1,1,44,1.2803934812545776,0.05307512357831001,2.483690023422241,0.5786578059196472,0.025103999999999998
274,49258.0,1208.0,50466.0,50466.0,0.976063091982721,10.0,0.01,139.0,35358.0,70.0,69.0,9.0,1.0,24553.0,24705.0,485.0,503.0625,51.5625,111.3515625,35358.0,353.5799999999993,100.0,1000,1,999,0.22948041697964072,861,0,0,0,0,0,0,0,0,14,3,0,0,3,6,2,42,0,0,0,0,0,0,0,0,0,1,2,4,9,1,4,48,1.2040067911148071,0.04256618767976761,2.3446826934814453,0.43453267216682434,0.025085999999999997
275,49644.0,1580.0,51224.0,51224.0,0.9691550835545838,15.0,0.015,140.0,35644.0,67.0,73.0,7.0,8.0,23167.0,26477.0,734.0,380.3515625,66.0,78.68408203125,35644.0,356.4400000000006,100.0,1000,1,999,0.23166416585445404,860,0,0,1,0,0,0,1,3,15,0,0,1,2,1,3,40,0,0,0,0,0,0,0,0,0,1,2,4,14,3,7,42,0.8367663621902466,-0.08628001064062119,1.8710724115371704,0.4982399642467499,0.025068
276,50436.0,500.0,50936.0,50936.0,0.9901837600125648,8.0,0.008,137.0,36736.0,70.0,67.0,5.0,3.0,24515.0,25921.0,610.8701171875,695.5158248143271,189.1298828125,104.48417518567294,36736.0,367.36000000000035,100.0,1000,1,999,0.2423062091693282,863,2,0,1,2,0,1,0,0,8,2,0,0,5,4,2,43,0,0,0,0,0,0,1,0,0,0,1,6,15,2,7,35,0.5207381248474121,-0.07636095583438873,1.2233757972717285,0.5823882818222046,0.02505
277,49951.0,575.0,50526.0,50526.0,0.9886197205399201,12.0,0.012,131.0,36851.0,73.0,58.0,7.0,5.0,26654.0,23297.0,732.0,723.0,68.0,28.875,36851.0,368.5099999999997,100.0,1000,3,997,0.2561887081246823,869,1,0,0,0,0,0,1,1,9,5,0,0,8,3,2,43,0,0,0,0,0,0,0,0,0,2,0,2,7,2,4,41,0.6315453052520752,-0.09615836292505264,1.4816415309906006,0.5240114331245422,0.025032
278,48185.0,1097.0,49282.0,49282.0,0.9777403514467757,17.0,0.017,127.0,35485.0,69.0,58.0,11.0,6.0,25018.0,23167.0,713.0,392.0,7.359375,55.5,35485.0,354.84999999999997,100.0,1000,2,998,0.2447045419830829,873,1,0,2,2,0,0,0,2,7,2,0,0,5,4,4,40,0,0,0,0,0,0,2,0,0,0,0,1,13,1,3,38,0.7731900215148926,-0.02881322242319584,1.6326909065246582,0.5733655095100403,0.025013999999999998
279,48484.0,477.0,48961.0,48961.0,0.9902575519290864,8.0,0.008,128.0,35684.0,61.0,67.0,1.0,7.0,23877.0,24607.0,515.748046875,630.75,284.251953125,120.296875,35684.0,356.8400000000001,100.0,1000,2,998,0.25440479116514325,872,0,0,0,2,0,0,0,0,3,3,0,0,6,2,4,41,0,0,0,0,0,0,0,0,1,0,0,0,19,2,8,37,0.42804157733917236,-0.1038183718919754,1.094599962234497,0.6177010536193848,0.024995999999999997
280,49746.0,1207.0,50953.0,50953.0,0.9763115027574432,14.0,0.014,151.0,34646.0,88.0,63.0,5.0,9.0,24407.0,25339.0,625.8145751953125,729.0,21.773178100585938,71.0,34646.0,346.46000000000055,100.0,1000,1,999,0.29206579201854765,849,1,0,1,20,0,1,1,0,6,2,0,0,7,6,4,39,0,0,0,0,0,0,1,0,0,0,1,2,13,2,3,41,0.9837630987167358,0.025550274178385735,1.9468176364898682,0.6083743572235107,0.024978
281,48624.0,1651.0,50275.0,50275.0,0.9671606166086524,20.0,0.02,151.0,33524.0,84.0,67.0,12.0,8.0,24964.0,23660.0,700.9696570336819,704.375,49.515171483159065,95.625,33524.0,335.23999999999984,100.0,1000,2,998,0.24194499989971519,849,1,0,8,13,0,0,0,2,5,2,0,0,5,8,2,38,0,0,2,0,0,0,1,1,0,0,0,2,11,2,4,44,1.638026237487793,0.0394405871629715,3.2298386096954346,0.6543965339660645,0.02496
282,49214.0,1244.0,50458.0,50458.0,0.9753458321772563,24.0,0.024,148.0,34414.0,81.0,67.0,17.0,7.0,26459.0,22755.0,646.0,618.328125,115.5,181.671875,34414.0,344.14000000000044,100.0,1000,0,1000,0.28281687502749264,852,0,1,2,8,0,4,0,2,8,0,0,1,6,7,4,38,0,0,0,0,0,1,0,0,0,0,4,5,15,0,4,38,0.5454268455505371,-0.04433668032288551,1.2104626893997192,0.620151937007904,0.024942
283,49936.0,1511.0,51447.0,51447.0,0.9706299687056582,28.0,0.028,162.0,33736.0,85.0,77.0,2.0,26.0,24764.0,25172.0,620.3875804921129,648.53515625,179.61241950788713,54.53196716308594,33736.0,337.36000000000047,100.0,1000,2,998,0.24932262510992587,838,1,1,2,11,0,1,0,1,9,7,0,1,3,4,3,41,0,0,0,0,0,5,0,0,0,1,2,11,13,1,4,40,1.0361289978027344,0.023486757650971413,2.056523084640503,0.626674234867096,0.024923999999999998
284,48894.0,1655.0,50549.0,50549.0,0.9672594907911136,26.0,0.026,163.0,32594.0,85.0,78.0,11.0,15.0,24751.0,24143.0,731.7776876396965,720.0,51.16673427022761,80.0,32594.0,325.9400000000003,100.0,1000,2,998,0.23951270803809166,837,0,0,3,14,1,4,0,0,2,8,0,1,2,4,3,43,0,0,1,0,0,6,0,2,0,0,1,6,14,1,3,44,0.9916893839836121,-0.004186138976365328,2.017122268676758,0.5093401670455933,0.024905999999999998
285,48355.0,1338.0,49693.0,49693.0,0.9730746785261506,19.0,0.019,143.0,34055.0,78.0,65.0,10.0,9.0,25100.0,23255.0,760.625,520.20703125,14.0,79.0,34055.0,340.55000000000075,100.0,1000,2,998,0.3629895830526948,857,0,1,4,12,1,2,0,0,4,6,0,0,0,2,0,46,0,1,0,0,0,3,0,0,0,0,1,2,10,1,1,46,1.019129753112793,-0.017374427989125252,2.102846384048462,0.5994479656219482,0.024888
286,49288.0,624.0,49912.0,49912.0,0.9874979964737939,11.0,0.011,154.0,33888.0,78.0,76.0,6.0,5.0,23980.0,25308.0,727.5574976295122,576.0,72.44250237048797,224.0,33888.0,338.87999999999965,100.0,1000,2,998,0.25171087495982647,846,1,0,3,10,0,1,1,0,9,2,0,0,4,6,4,37,1,2,0,0,0,4,0,2,0,0,1,9,13,0,2,42,0.8662547469139099,-0.05172142758965492,1.867432713508606,0.6328978538513184,0.02487
287,49525.0,937.0,50462.0,50462.0,0.9814315722722048,18.0,0.018,165.0,33025.0,79.0,86.0,13.0,5.0,25801.0,23724.0,540.6473314197501,768.6167206286918,0.0,21.64895496070676,33025.0,330.2500000000006,100.0,1000,4,996,0.22399595892056823,835,0,2,5,15,1,2,1,1,7,2,0,0,1,1,3,38,0,0,1,0,0,6,0,0,0,0,4,11,21,2,6,35,1.1993520259857178,0.07256744801998138,2.287263870239258,0.6779081225395203,0.024852
288,47778.0,2121.0,49899.0,49899.0,0.9574941381590814,34.0,0.034,166.0,31178.0,93.0,73.0,24.0,10.0,25544.0,22234.0,656.0,741.04296875,46.046875,11.054443359375,31178.0,311.78000000000014,100.0,1000,2,998,0.24751554196700454,834,0,0,4,8,1,1,0,1,11,13,0,0,5,3,8,38,0,0,5,0,0,6,1,0,0,0,4,2,14,2,4,35,1.425248622894287,-0.016705002635717392,2.914895534515381,0.6239076852798462,0.024834
289,47280.0,2271.0,49551.0,49551.0,0.9541684325240661,38.0,0.038,156.0,31680.0,91.0,65.0,17.0,21.0,25406.0,21874.0,609.0043905509339,769.970703125,89.12335354339977,30.029296875,31680.0,316.7999999999995,100.0,1000,2,998,0.22815404110588133,844,0,0,2,13,1,1,0,0,7,17,0,0,4,6,5,35,1,0,2,0,0,2,0,0,0,0,1,7,11,1,5,35,1.0204756259918213,-0.10627418756484985,2.2790470123291016,0.5147374272346497,0.024815999999999998
290,47943.0,2026.0,49969.0,49969.0,0.959454862014449,34.0,0.034,150.0,32943.0,77.0,73.0,12.0,22.0,23865.0,24078.0,642.4546768665314,598.8688373565674,157.54532313346863,92.06224922090769,32943.0,329.43,100.0,1000,3,997,0.22174720792099833,850,0,1,4,5,0,0,0,0,4,14,1,0,3,0,3,42,0,0,3,0,0,6,1,0,1,0,5,3,13,0,5,36,0.8792106509208679,0.034847840666770935,1.7195054292678833,0.6206106543540955,0.024798
291,49010.0,1444.0,50454.0,50454.0,0.9713798707733777,27.0,0.027,151.0,33910.0,78.0,73.0,8.0,19.0,25149.0,23861.0,689.2626953125,506.68497985194495,41.5264892578125,293.315020148055,33910.0,339.10000000000025,100.0,1000,3,997,0.21981562487781048,849,0,0,3,2,0,0,0,0,3,17,0,1,4,2,1,45,0,0,1,0,0,6,1,0,0,0,4,7,15,0,1,38,0.925919771194458,-0.018975572660565376,1.9191261529922485,0.5919196605682373,0.02478
292,47710.0,1381.0,49091.0,49091.0,0.9718685706137581,21.0,0.021,148.0,32910.0,67.0,81.0,6.0,15.0,23389.0,24321.0,617.4123566001654,758.0,50.36978878706577,42.0,32910.0,329.1,100.0,1000,1,999,0.28889166680164635,852,1,0,1,4,0,0,0,0,4,12,0,0,1,3,3,38,1,0,1,0,0,12,0,0,0,0,0,10,15,2,9,31,1.3349847793579102,0.006045645568519831,2.682997226715088,0.507210373878479,0.024762
293,48026.0,2944.0,50970.0,50970.0,0.9422405336472435,36.0,0.036,136.0,34426.0,80.0,56.0,23.0,13.0,23860.0,24166.0,614.1403231553207,776.0,69.69737881675469,4.5,34426.0,344.25999999999993,100.0,1000,3,997,0.25231658294796944,864,1,0,0,1,2,1,0,0,9,29,0,0,2,5,1,29,1,0,1,0,0,5,0,0,0,0,1,3,2,0,3,40,1.6831462383270264,0.0766560509800911,3.244616985321045,0.6392804980278015,0.024744
294,47792.0,2338.0,50130.0,50130.0,0.9533612607221225,31.0,0.031,149.0,32892.0,75.0,74.0,9.0,22.0,23910.0,23882.0,702.6346820503381,565.9355597656634,59.01199423112314,0.0,32892.0,328.9200000000003,100.0,1000,2,998,0.23232995881699026,851,0,0,0,4,1,0,0,1,5,16,2,0,2,7,4,33,1,0,1,0,0,6,0,0,0,0,4,4,22,3,4,29,1.622941493988037,-0.001504921237938106,3.2804319858551025,0.6377736926078796,0.024725999999999998
295,48244.0,2029.0,50273.0,50273.0,0.959640363614664,37.0,0.037,144.0,33844.0,75.0,69.0,23.0,14.0,24078.0,24166.0,621.808349609375,672.5346579810976,178.191650390625,4.481203430352039,33844.0,338.44,100.0,1000,2,998,0.22370479092933238,856,0,0,1,6,0,0,0,1,3,18,2,0,0,8,0,36,0,0,0,0,0,8,0,0,0,0,3,4,15,0,2,37,1.0109221935272217,-0.05994212627410889,2.17104172706604,0.5931904911994934,0.024708
296,49274.0,570.0,49844.0,49844.0,0.9885643206805232,10.0,0.01,149.0,34374.0,70.0,79.0,8.0,2.0,24251.0,25023.0,664.4609985351562,656.009765625,59.29831314086914,143.990234375,34374.0,343.7399999999999,100.0,1000,3,997,0.21838937513530254,851,0,0,2,4,0,1,0,0,4,16,0,0,1,3,3,36,0,1,0,0,0,4,1,0,0,0,2,6,19,0,4,42,1.112513780593872,0.015493661165237427,2.2212769985198975,0.551575779914856,0.02469
297,48182.0,1731.0,49913.0,49913.0,0.9653196562017912,31.0,0.031,142.0,33982.0,71.0,71.0,19.0,12.0,24329.0,23853.0,708.0,705.0,92.0,17.8125,33982.0,339.82000000000005,100.0,1000,2,998,0.29718999983742833,858,0,0,0,6,0,2,2,1,3,15,0,0,1,1,2,38,0,1,3,0,0,5,0,0,0,1,3,8,11,2,2,35,1.0438988208770752,-0.11129067838191986,2.3403868675231934,0.6081370711326599,0.024672
298,48465.0,1144.0,49609.0,49609.0,0.9769396682053659,19.0,0.019,147.0,33765.0,78.0,69.0,7.0,12.0,22884.0,25581.0,699.4222223041024,713.0,92.09166663596162,87.0,33765.0,337.64999999999907,100.0,1000,2,998,0.22726591699756682,853,0,0,4,5,0,1,0,0,6,18,0,1,1,7,1,34,2,0,1,0,0,4,0,0,0,0,6,5,10,2,2,37,0.9536855220794678,-0.049397509545087814,2.029961347579956,0.4825843274593353,0.024654
299,47953.0,1676.0,49629.0,49629.0,0.9662294223135667,28.0,0.028,129.0,35053.0,71.0,58.0,13.0,15.0,23693.0,24260.0,684.5625,738.0,37.341796875,38.4375,35053.0,350.5299999999995,100.0,1000,1,999,0.21864174981601536,871,2,0,0,4,0,0,0,0,4,18,0,1,0,1,3,38,0,0,1,0,0,2,0,0,0,0,1,4,9,0,2,39,1.0048919916152954,-0.05653790757060051,2.149627208709717,0.5432615876197815,0.024635999999999998
300,48247.0,646.0,48893.0,48893.0,0.9867874746896284,11.0,0.011,137.0,34547.0,68.0,69.0,4.0,7.0,24367.0,23880.0,440.625,799.9468009471893,33.0,0.053199052810668945,34547.0,345.46999999999997,100.0,1000,0,1000,0.21750091621652246,863,0,0,3,5,0,0,0,0,1,13,1,2,0,0,1,42,1,0,2,0,0,4,0,0,0,0,2,10,10,3,5,32,0.862928032875061,-0.009560969658195972,1.7755205631256104,0.620331883430481,0.024618
301,47358.0,1035.0,48393.0,48393.0,0.97861260926167,13.0,0.013,134.0,33958.0,74.0,60.0,4.0,9.0,22554.0,24804.0,670.0,721.0,101.5,79.0,33958.0,339.58000000000015,100.0,1000,1,999,0.23456312506459653,866,1,0,1,1,0,0,0,0,2,23,0,1,0,4,5,36,0,0,2,0,0,5,0,0,0,0,0,8,5,2,0,38,1.2348964214324951,0.06378640979528427,2.369040012359619,0.5451195240020752,0.024599999999999997
302,48437.0,1258.0,49695.0,49695.0,0.9746855820505081,21.0,0.021,146.0,33837.0,83.0,63.0,10.0,11.0,23479.0,24958.0,754.0,602.1719072684646,46.0,11.615810181579945,33837.0,338.37000000000063,100.0,1000,4,996,0.22852429212071002,854,0,0,1,2,1,0,0,1,6,23,0,1,3,4,5,36,0,0,0,0,0,3,1,0,0,0,1,4,8,3,0,43,1.1968754529953003,-0.0040115187875926495,2.4248781204223633,0.4699409008026123,0.024582
303,48521.0,833.0,49354.0,49354.0,0.9831219354054382,15.0,0.015,142.0,34321.0,81.0,61.0,7.0,8.0,23345.0,25176.0,667.5133604705334,723.8480778746307,31.30640179780312,76.15192212536931,34321.0,343.20999999999975,100.0,1000,3,997,0.22760245809331536,858,1,0,3,3,1,0,1,0,8,17,0,1,1,2,6,37,3,0,0,0,0,1,0,0,0,0,0,4,9,3,2,39,0.7534047961235046,0.004915903322398663,1.5254426002502441,0.5793997049331665,0.024564
304,51153.0,1427.0,52580.0,52580.0,0.9728604031951312,19.0,0.019,153.0,35853.0,83.0,70.0,7.0,12.0,25369.0,25784.0,751.5120297893882,653.0,27.27448324346915,15.421875,35853.0,358.53000000000065,100.0,1000,2,998,0.23799995798617601,847,0,0,5,5,1,0,2,1,1,26,2,0,0,1,4,35,2,1,0,0,0,2,0,0,0,0,7,6,5,3,3,41,1.2984707355499268,0.033821649849414825,2.561070442199707,0.6472015976905823,0.024546
305,48517.0,1146.0,49663.0,49663.0,0.9769244709340958,19.0,0.019,152.0,33317.0,93.0,59.0,9.0,10.0,24698.0,23819.0,666.6935784995394,576.9375,5.350931753917038,223.0625,33317.0,333.1699999999999,100.0,1000,4,996,0.24612679099664092,848,1,1,4,0,0,0,0,0,8,29,3,0,2,2,8,35,0,0,2,0,0,2,0,0,0,0,2,12,2,1,5,33,0.7338721752166748,-0.033696167171001434,1.5609889030456543,0.5269936919212341,0.024528
306,50289.0,1428.0,51717.0,51717.0,0.9723881895701607,22.0,0.022,146.0,35689.0,89.0,57.0,11.0,11.0,26634.0,23655.0,632.3851397528998,464.0043430328369,60.67778629633126,62.99918568134308,35689.0,356.88999999999925,100.0,1000,4,996,0.23410387500189245,854,2,0,2,2,0,1,3,0,0,29,1,0,1,1,5,42,2,0,3,0,0,1,1,0,0,0,4,2,6,0,1,37,1.4691253900527954,0.0966998040676117,2.772564172744751,0.5653403997421265,0.024509999999999997
307,48961.0,1300.0,50261.0,50261.0,0.9741350152205487,15.0,0.015,137.0,35261.0,74.0,63.0,8.0,7.0,24330.0,24631.0,394.85972386598587,800.0,37.0,0.0,35261.0,352.6099999999998,100.0,1000,2,998,0.2576168749947101,863,0,0,1,2,0,1,0,1,3,22,0,1,0,3,1,39,1,0,0,0,0,2,0,0,0,0,1,10,7,0,4,38,0.9470751285552979,0.0029523547273129225,1.9150803089141846,0.5478261709213257,0.024492
308,47190.0,1152.0,48342.0,48342.0,0.9761697902445079,16.0,0.016,140.0,33190.0,80.0,60.0,8.0,8.0,23234.0,23956.0,607.0209885675204,740.7910583913326,123.6503469653849,51.80782390758395,33190.0,331.89999999999935,100.0,1000,2,998,0.23332320898771286,860,0,0,6,5,1,1,0,0,1,21,2,0,0,3,3,37,0,1,0,0,0,0,0,1,0,0,1,17,5,1,1,33,1.148325800895691,-0.01008541602641344,2.341608762741089,0.5063768625259399,0.024474
309,49668.0,602.0,50270.0,50270.0,0.9880246667992839,8.0,0.008,142.0,35468.0,83.0,59.0,3.0,5.0,25867.0,23801.0,667.6223287582397,522.515625,23.91144584864378,277.484375,35468.0,354.6799999999993,100.0,1000,1,999,0.23244241694919765,858,1,0,4,1,1,2,0,0,3,22,4,0,1,0,1,43,0,0,2,0,0,3,1,0,0,0,1,9,3,0,2,38,0.7890955209732056,0.025037765502929688,1.5507783889770508,0.4633408188819885,0.024456
310,49635.0,1194.0,50829.0,50829.0,0.9765094729386767,17.0,0.017,119.0,37735.0,65.0,54.0,11.0,6.0,25640.0,23995.0,499.0,608.6325254440308,120.0625,191.36747455596924,37735.0,377.34999999999945,100.0,1000,4,996,0.23241162509657443,881,0,0,4,3,0,0,0,0,1,11,0,0,0,2,4,40,1,0,2,0,0,1,0,0,0,0,1,6,5,0,0,38,0.6597415804862976,0.0035865800455212593,1.3335797786712646,0.43517884612083435,0.024438
311,48332.0,364.0,48696.0,48696.0,0.9925250533924758,7.0,0.007,130.0,35332.0,66.0,64.0,6.0,1.0,24602.0,23730.0,552.5,568.49169921875,201.09375,231.50830078125,35332.0,353.31999999999994,100.0,1000,1,999,0.23003841703757644,870,1,0,5,0,0,0,0,0,0,10,0,0,1,2,1,46,3,0,2,0,0,1,0,0,0,0,0,8,5,2,1,42,0.650347888469696,-0.020560666918754578,1.3632370233535767,0.4385716915130615,0.024419999999999997
312,49344.0,516.0,49860.0,49860.0,0.9896510228640193,10.0,0.01,111.0,38244.0,53.0,58.0,10.0,0.0,24029.0,25315.0,633.7308235168457,644.0,166.2691764831543,156.0,38244.0,382.4400000000002,100.0,1000,2,998,0.2293661250732839,889,0,0,1,0,0,0,1,0,0,7,0,0,1,2,1,40,0,1,1,0,0,1,0,0,0,0,0,2,3,1,0,49,0.9082898497581482,0.021527837961912155,1.795001745223999,0.44008010625839233,0.024402
313,50165.0,502.0,50667.0,50667.0,0.9900921704462471,10.0,0.01,121.0,38065.0,67.0,54.0,8.0,2.0,25582.0,24583.0,800.0,465.0,0.0,335.0,38065.0,380.65,100.0,1000,5,995,0.22876141709275544,879,2,0,2,0,0,0,0,1,3,6,0,0,1,2,3,47,0,0,1,0,0,0,0,0,1,0,2,6,1,0,1,42,0.8872776031494141,0.010236462578177452,1.7755205631256104,0.439596951007843,0.024384
314,50383.0,796.0,51179.0,51179.0,0.9844467457355556,12.0,0.012,108.0,39583.0,54.0,54.0,9.0,3.0,24907.0,25476.0,377.7802734375,604.0,422.2197265625,196.0,39583.0,395.8299999999995,100.0,1000,2,998,0.22788420808501542,892,0,0,1,0,3,0,0,0,0,0,0,0,1,3,1,45,1,0,0,0,0,0,0,0,0,0,0,7,1,0,0,45,0.8282457590103149,0.01207975298166275,1.6533434391021729,0.43116357922554016,0.024366
315,48207.0,811.0,49018.0,49018.0,0.9834550573258803,13.0,0.013,113.0,36907.0,53.0,60.0,12.0,1.0,22128.0,26079.0,269.0,563.0,0.0,237.0,36907.0,369.06999999999977,100.0,1000,2,998,0.2913713750895113,887,1,0,2,1,0,0,0,0,2,3,1,0,1,0,1,41,0,1,0,0,0,1,0,1,1,0,2,6,3,1,1,43,0.6686094403266907,-0.0751810148358345,1.508017659187317,0.41967982053756714,0.024347999999999998
316,49007.0,568.0,49575.0,49575.0,0.9885426122037317,11.0,0.011,119.0,37107.0,57.0,62.0,7.0,4.0,24617.0,24390.0,750.0,623.0,50.0,177.0,37107.0,371.06999999999914,100.0,1000,5,995,0.24537208303809166,881,2,0,3,0,0,0,0,0,2,5,1,0,2,1,1,40,0,0,0,0,0,0,0,0,0,0,0,9,3,0,1,49,0.6307826638221741,-0.03158612921833992,1.3445528745651245,0.4072204530239105,0.024329999999999997
317,48812.0,1052.0,49864.0,49864.0,0.9789026151131076,8.0,0.008,114.0,37412.0,57.0,57.0,3.0,5.0,24924.0,23888.0,284.75,743.5,32.203125,7.0625,37412.0,374.12000000000023,100.0,1000,0,1000,0.2297839999664575,886,1,0,2,1,0,1,0,0,3,3,3,0,0,2,2,39,1,0,2,0,0,0,0,0,0,0,0,6,2,1,0,45,1.6115362644195557,0.0963030681014061,3.053184747695923,0.4672270715236664,0.024312
318,49674.0,675.0,50349.0,50349.0,0.9865935768337007,9.0,0.009,113.0,38374.0,60.0,53.0,5.0,4.0,25186.0,24488.0,436.625,639.2835693359375,363.375,160.7164306640625,38374.0,383.7400000000002,100.0,1000,3,997,0.23371654096990824,887,0,0,1,4,0,0,0,0,1,8,1,0,1,1,1,42,0,0,0,0,0,1,0,0,0,0,0,6,1,0,0,45,0.5952255725860596,0.008873047307133675,1.1933395862579346,0.42468395829200745,0.024294
319,47780.0,901.0,48681.0,48681.0,0.9814917524290792,15.0,0.015,106.0,37180.0,57.0,49.0,6.0,9.0,24663.0,23117.0,393.0,517.25,0.0,282.75,37180.0,371.80000000000007,100.0,1000,4,996,0.24048208398744464,894,0,0,0,0,1,0,0,0,1,4,0,0,0,0,0,51,0,0,1,0,0,0,0,1,0,0,0,8,1,1,1,36,0.6839723587036133,0.010456963442265987,1.3691284656524658,0.45513513684272766,0.024276
320,51500.0,371.0,51871.0,51871.0,0.9928476412639047,4.0,0.004,120.0,39500.0,60.0,60.0,3.0,1.0,24714.0,26786.0,469.9662094116211,709.0,330.0337905883789,22.75,39500.0,395.0000000000001,100.0,1000,1,999,0.23719591577537358,880,0,0,2,0,0,0,0,0,4,5,2,1,0,0,1,45,0,0,0,0,0,0,0,0,0,0,1,8,0,0,2,49,1.0332878828048706,-0.025040991604328156,2.1366262435913086,0.411587119102478,0.024258
321,49776.0,577.0,50353.0,50353.0,0.9885409012372649,11.0,0.011,110.0,38776.0,58.0,52.0,6.0,5.0,25528.0,24248.0,87.5,525.0,36.0,275.0,38776.0,387.75999999999993,100.0,1000,3,997,0.3706246248912066,890,0,0,3,2,0,0,0,1,1,2,2,0,2,0,0,45,0,0,0,0,0,1,0,0,0,0,0,4,2,0,1,44,0.4752594232559204,-0.0024191851262003183,0.976706326007843,0.44037047028541565,0.024239999999999998
322,50489.0,590.0,51079.0,51079.0,0.9884492648642299,8.0,0.008,122.0,38289.0,63.0,59.0,6.0,2.0,25019.0,25470.0,597.0,530.0,76.125,270.0,38289.0,382.8899999999996,100.0,1000,1,999,0.2602215411607176,878,1,0,1,0,1,1,0,0,1,10,1,0,0,2,0,45,0,0,1,0,0,1,0,1,0,0,1,5,1,0,1,48,1.059073567390442,0.019427092745900154,2.1022286415100098,0.47344452142715454,0.024222
323,50798.0,243.0,51041.0,51041.0,0.9952391214905664,4.0,0.004,120.0,38798.0,60.0,60.0,0.0,4.0,24559.0,26239.0,469.0,674.90625,331.0,125.09375,38798.0,387.9799999999999,100.0,1000,0,1000,0.25677983392961323,880,1,0,2,1,0,0,0,0,2,6,0,0,0,0,1,47,0,0,0,0,0,0,0,0,0,0,3,9,2,0,2,44,0.6093500256538391,-0.030678942799568176,1.3000266551971436,0.4125085473060608,0.024204
324,48026.0,280.0,48306.0,48306.0,0.9942036185981038,5.0,0.005,105.0,37526.0,52.0,53.0,2.0,3.0,23577.0,24449.0,420.23828125,683.83203125,379.76171875,116.16796875,37526.0,375.26000000000016,100.0,1000,2,998,0.23849154100753367,895,0,0,3,0,0,0,1,0,1,3,1,0,0,0,0,43,1,0,1,0,0,1,0,2,0,0,1,7,2,0,0,38,0.6586223840713501,-0.03660440817475319,1.4103577136993408,0.41148120164871216,0.024186
325,49926.0,245.0,50171.0,50171.0,0.9951167008829802,5.0,0.005,110.0,38926.0,62.0,48.0,3.0,2.0,25973.0,23953.0,538.5,638.80859375,261.5,161.19140625,38926.0,389.2599999999997,100.0,1000,2,998,0.23619375005364418,890,0,0,2,0,0,0,1,0,1,4,0,0,0,1,1,52,0,0,1,0,0,0,0,1,0,0,3,1,3,0,0,39,1.2213521003723145,0.0779607966542244,2.3093998432159424,0.4679171144962311,0.024168
326,48701.0,794.0,49495.0,49495.0,0.9839579755530862,14.0,0.014,111.0,37601.0,58.0,53.0,9.0,5.0,25191.0,23510.0,680.96875,547.296875,119.03125,41.0,37601.0,376.0099999999999,100.0,1000,2,998,0.2374944998882711,889,2,0,2,0,0,0,2,0,0,2,1,0,0,1,1,47,0,0,0,0,0,0,0,0,0,0,1,6,6,0,0,40,0.8984408378601074,0.03165457397699356,1.7542016506195068,0.4271048903465271,0.024149999999999998
327,48613.0,998.0,49611.0,49611.0,0.9798834935800528,8.0,0.008,113.0,37313.0,61.0,52.0,5.0,3.0,23690.0,24923.0,568.0,704.875,87.0,52.28125,37313.0,373.12999999999965,100.0,1000,0,1000,0.2498131669126451,887,1,0,1,0,0,0,1,0,0,5,1,0,1,2,1,48,1,0,0,0,0,0,0,0,0,0,1,8,3,1,1,37,0.5336769819259644,-0.12449128925800323,1.3355724811553955,0.39855778217315674,0.024132
328,49822.0,353.0,50175.0,50175.0,0.9929646238166417,5.0,0.005,121.0,37722.0,60.0,61.0,1.0,4.0,25337.0,24485.0,767.0,571.3641769020006,33.0,228.63582309799938,37722.0,377.21999999999974,100.0,1000,0,1000,0.24036754108965397,879,1,1,0,0,0,1,0,0,2,4,0,0,0,3,0,48,0,0,0,0,0,1,0,2,0,0,2,6,11,0,1,38,0.4183638095855713,-0.01995103433728218,0.8966514468193054,0.4151478707790375,0.024114
329,49863.0,688.0,50551.0,50551.0,0.9863899823940179,11.0,0.011,125.0,37363.0,64.0,61.0,2.0,9.0,24761.0,25102.0,594.9129114191691,640.5876941680908,205.08708858083094,93.26480734348297,37363.0,373.6299999999996,100.0,1000,1,999,0.2693334170617163,875,0,0,3,0,1,1,0,0,4,6,1,0,0,5,1,42,0,0,1,0,0,1,0,1,0,0,1,6,10,1,2,38,1.347731590270996,0.16442781686782837,2.3900840282440186,0.48714905977249146,0.024096
330,49062.0,678.0,49740.0,49740.0,0.9863691194209891,8.0,0.008,112.0,37862.0,60.0,52.0,2.0,6.0,24466.0,24596.0,562.1953125,709.0,237.8046875,91.0,37862.0,378.61999999999995,100.0,1000,0,1000,0.24187129200436175,888,0,0,0,1,0,1,0,1,1,3,0,0,0,3,2,48,0,0,1,0,0,0,0,0,0,0,0,8,6,0,0,37,1.0335276126861572,0.039216864854097366,2.0094645023345947,0.43282368779182434,0.024078
331,48150.0,949.0,49099.0,49099.0,0.9806717041080266,13.0,0.013,109.0,37250.0,58.0,51.0,5.0,8.0,24622.0,23528.0,743.15234375,559.3125,56.84765625,240.6875,37250.0,372.5000000000005,100.0,1000,1,999,0.2820676250848919,891,0,0,2,0,0,0,0,0,2,2,0,0,2,1,1,48,0,0,1,0,0,0,0,1,0,0,1,7,4,0,0,37,1.105762004852295,0.030552584677934647,2.1721086502075195,0.45074817538261414,0.024059999999999998
332,49173.0,631.0,49804.0,49804.0,0.9873303349128584,10.0,0.01,119.0,37273.0,63.0,56.0,3.0,7.0,25256.0,23917.0,643.53564453125,557.1091467887163,48.895111083984375,83.97271330282092,37273.0,372.72999999999996,100.0,1000,2,998,0.27099495800212026,881,0,0,0,3,0,1,1,0,0,1,7,0,0,4,0,46,1,0,0,0,0,0,0,0,0,0,1,12,4,0,0,38,0.5709511041641235,-0.09281430393457413,1.3495190143585205,0.45728591084480286,0.024041999999999997
333,48680.0,746.0,49426.0,49426.0,0.9849067292518108,12.0,0.012,119.0,36780.0,60.0,59.0,6.0,6.0,23241.0,25439.0,626.5795653158691,582.25,173.4204346841309,204.140625,36780.0,367.7999999999998,100.0,1000,0,1000,0.35383191681466997,881,1,0,1,0,1,0,0,1,5,7,5,0,1,3,1,34,3,0,1,0,0,1,0,0,0,0,2,8,3,1,1,39,1.109649896621704,0.09400103986263275,2.052506923675537,0.44141584634780884,0.024024
334,49394.0,940.0,50334.0,50334.0,0.9813247506655541,13.0,0.013,115.0,37894.0,59.0,56.0,5.0,8.0,23891.0,25503.0,602.9527376729529,475.65281677246094,197.04726232704706,0.0,37894.0,378.94,100.0,1000,1,999,0.3498990840744227,885,0,0,1,0,0,0,0,0,4,2,3,0,4,4,0,41,0,1,0,0,0,0,0,0,0,0,3,9,4,0,0,39,0.40030980110168457,-0.09923124313354492,1.0215156078338623,0.4672483801841736,0.024006
335,51394.0,2133.0,53527.0,53527.0,0.9601509518560727,30.0,0.03,119.0,39494.0,53.0,66.0,10.0,20.0,23474.0,27920.0,518.875,617.3706657702714,77.140625,18.726833389358035,39494.0,394.9399999999992,100.0,1000,2,998,0.34343679202720523,881,0,0,0,0,0,0,0,0,1,3,1,0,1,6,0,41,2,1,0,0,0,0,0,0,0,0,5,11,5,0,0,42,0.8862157464027405,-0.01880767196416855,1.8328185081481934,0.47464823722839355,0.023988
336,48457.0,1327.0,49784.0,49784.0,0.973344849750924,26.0,0.026,133.0,35157.0,63.0,70.0,18.0,8.0,25186.0,23271.0,604.03906228174,598.9206948503852,195.96093771826006,34.879956571850926,35157.0,351.5699999999994,100.0,1000,1,999,0.24844804080203176,867,1,0,1,1,0,0,3,0,3,4,3,1,1,5,3,37,2,0,0,0,0,1,0,1,0,0,3,23,4,2,0,34,0.7836641073226929,-0.04377757012844086,1.6773786544799805,0.469237357378006,0.023969999999999998
337,49337.0,1017.0,50354.0,50354.0,0.9798029947968384,17.0,0.017,119.0,37437.0,62.0,57.0,10.0,7.0,25020.0,24317.0,666.5399932861328,520.6875,123.0762529373169,52.37109375,37437.0,374.3700000000003,100.0,1000,3,997,0.24716912489384413,881,3,0,0,2,0,0,0,0,3,4,0,1,0,6,0,43,1,0,0,0,0,0,0,0,0,0,1,10,7,0,0,38,0.9337253570556641,-0.011701970361173153,1.9137177467346191,0.47727081179618835,0.023951999999999998
338,49712.0,647.0,50359.0,50359.0,0.9871522468674914,12.0,0.012,129.0,36812.0,69.0,60.0,4.0,8.0,25564.0,24148.0,601.59375,746.328125,43.0,13.41796875,36812.0,368.1199999999997,100.0,1000,1,999,0.24230729206465185,871,2,0,0,1,0,0,0,1,1,7,3,0,3,1,3,47,1,1,0,0,0,0,0,1,0,0,2,10,3,0,1,41,0.5460852980613708,-0.031892962753772736,1.1805319786071777,0.5134018659591675,0.023934
339,48882.0,1040.0,49922.0,49922.0,0.9791675013020311,20.0,0.02,135.0,35382.0,78.0,57.0,7.0,13.0,25056.0,23826.0,755.4244062528014,671.4688339233398,5.571949218399823,128.53116607666016,35382.0,353.81999999999994,100.0,1000,0,1000,0.24350441596470773,865,1,1,0,3,0,1,0,0,2,1,2,0,6,11,4,46,0,0,3,0,0,1,0,0,0,0,0,9,4,0,1,39,1.1871521472930908,0.09737271815538406,2.2045302391052246,0.522066593170166,0.023916
340,51077.0,1231.0,52308.0,52308.0,0.97646631490403,16.0,0.016,135.0,37577.0,72.0,63.0,6.0,10.0,24912.0,26165.0,667.7533693090081,648.8407173156738,132.24663069099188,3.0370228439569473,37577.0,375.7699999999999,100.0,1000,1,999,0.24369079200550914,865,1,0,1,2,1,0,1,1,3,1,1,0,7,8,2,43,1,0,0,0,0,0,0,0,0,0,2,19,2,0,1,38,0.9833129048347473,0.000810047669801861,1.9886319637298584,0.49431294202804565,0.023898
341,49869.0,783.0,50652.0,50652.0,0.9845415778251599,9.0,0.009,128.0,37069.0,68.0,60.0,5.0,4.0,24132.0,25737.0,738.0057845115662,724.2735443115234,23.24783080816269,29.43161392211914,37069.0,370.69000000000017,100.0,1000,0,1000,0.2420236668549478,872,4,0,0,0,1,1,1,0,2,2,3,0,3,7,4,40,1,0,0,0,0,0,0,1,0,0,6,10,1,0,1,40,0.8470190763473511,-0.0677579939365387,1.854159951210022,0.5151950716972351,0.02388
342,48082.0,839.0,48921.0,48921.0,0.9828499008605711,13.0,0.013,138.0,34282.0,74.0,64.0,0.0,13.0,22844.0,25238.0,690.0,535.6652328670025,110.0,37.70319220935926,34282.0,342.8200000000008,100.0,1000,1,999,0.23752249986864626,862,2,0,0,0,0,0,0,0,1,0,1,1,11,5,4,49,1,0,1,0,0,0,0,0,0,0,5,12,3,0,2,40,0.9154425859451294,0.0027562915347516537,1.8487498760223389,0.48984450101852417,0.023861999999999998
343,49509.0,279.0,49788.0,49788.0,0.9943962400578452,7.0,0.007,143.0,35209.0,70.0,73.0,4.0,3.0,24724.0,24785.0,632.013671875,583.563429456543,73.4940185546875,94.44892829483032,35209.0,352.0899999999992,100.0,1000,1,999,0.2438153331167996,857,1,0,0,0,1,1,1,0,1,1,0,0,11,3,3,47,1,0,4,0,0,0,0,1,0,0,8,12,4,0,4,39,0.7913362979888916,-0.10388430207967758,1.8122358322143555,0.4570261240005493,0.023843999999999997
344,49233.0,892.0,50125.0,50125.0,0.9822044887780549,18.0,0.018,137.0,35533.0,77.0,60.0,9.0,9.0,22916.0,26317.0,634.25,743.4683380126953,165.75,14.132915496826172,35533.0,355.32999999999964,100.0,1000,1,999,0.23808808298781514,863,4,0,0,0,0,1,3,0,1,5,1,0,6,4,4,48,0,0,0,0,0,0,0,0,1,0,3,10,2,0,3,41,0.5071315765380859,-0.02440698817372322,1.087424874305725,0.5109493732452393,0.023826
345,49461.0,626.0,50087.0,50087.0,0.9875017469602891,10.0,0.01,134.0,36061.0,67.0,67.0,5.0,5.0,24740.0,24721.0,607.3621086643908,423.6804580539465,5.804013078178343,117.59985685814172,36061.0,360.60999999999996,100.0,1000,1,999,0.23679533298127353,866,0,0,0,1,2,0,2,0,1,7,0,0,9,3,3,39,0,1,4,0,0,0,0,0,0,0,7,9,2,2,4,38,1.0760935544967651,0.045200616121292114,2.0889763832092285,0.5710344910621643,0.023808
346,49235.0,353.0,49588.0,49588.0,0.9928813422602243,6.0,0.006,141.0,35135.0,81.0,60.0,1.0,5.0,25258.0,23977.0,757.8583984375,506.9596464531496,1.9753875732421875,293.0403535468504,35135.0,351.34999999999985,100.0,1000,0,1000,0.24766954104416072,859,8,0,1,7,0,0,1,0,0,1,3,0,3,0,7,50,2,0,2,0,0,0,0,0,0,1,5,10,1,0,2,37,0.5911624431610107,-0.026220373809337616,1.2580245733261108,0.4888387620449066,0.02379
347,48371.0,1288.0,49659.0,49659.0,0.9740631104130167,22.0,0.022,142.0,34171.0,76.0,66.0,7.0,15.0,22192.0,26179.0,701.7428522109985,544.9246158655733,98.25714778900146,63.76884603360668,34171.0,341.7100000000005,100.0,1000,1,999,0.24465716700069606,858,5,0,1,1,0,0,2,1,1,3,2,0,12,5,2,41,4,0,0,0,0,0,0,0,0,0,5,12,3,0,2,40,0.8244531154632568,-0.12273780256509781,1.9162929058074951,0.4608587622642517,0.023771999999999998
348,48593.0,1582.0,50175.0,50175.0,0.9684703537618335,27.0,0.027,138.0,34793.0,84.0,54.0,9.0,18.0,25337.0,23256.0,751.7063621198758,676.0,0.0,12.5859375,34793.0,347.9300000000002,100.0,1000,1,999,0.2425073750782758,862,1,0,1,4,0,1,4,0,0,4,0,0,10,2,5,52,4,0,1,0,0,0,0,0,0,0,0,5,4,3,2,35,0.9221152067184448,-0.10880602896213531,2.0883431434631348,0.5578150153160095,0.023753999999999997
349,49452.0,1478.0,50930.0,50930.0,0.9709797761633615,22.0,0.022,144.0,35052.0,79.0,65.0,13.0,9.0,24788.0,24664.0,678.125,674.6787109375,27.17578125,31.330322265625,35052.0,350.5200000000001,100.0,1000,4,996,0.25472279195673764,856,7,0,0,3,0,1,1,0,0,10,1,1,6,2,4,43,1,0,3,0,0,0,0,3,1,0,4,8,2,0,0,43,1.1817433834075928,0.016595371067523956,2.3572194576263428,0.5671452283859253,0.023736
350,48769.0,2257.0,51026.0,51026.0,0.9557676478657939,26.0,0.026,156.0,33169.0,98.0,58.0,18.0,8.0,26727.0,22042.0,562.1545556006745,733.6982421875,106.8518261599784,66.3017578125,33169.0,331.6899999999997,100.0,1000,1,999,0.2411199170164764,844,9,0,1,2,4,6,9,0,1,5,0,0,8,2,5,46,2,0,4,0,0,2,0,1,0,0,3,5,3,3,1,34,1.230261206626892,-0.07096360623836517,2.6263792514801025,0.5044594407081604,0.023718
351,48410.0,997.0,49407.0,49407.0,0.9798206731839618,16.0,0.016,157.0,32710.0,95.0,62.0,8.0,8.0,23419.0,24991.0,726.891357421875,447.9375,21.8451064825058,352.0625,32710.0,327.1000000000001,100.0,1000,2,998,0.2177149159833789,843,5,0,1,5,11,3,5,0,0,10,1,0,1,4,5,44,0,1,7,0,0,2,0,0,0,0,1,7,4,1,0,39,1.4629775285720825,0.023592961952090263,2.9070239067077637,0.5960916876792908,0.0237
352,47927.0,2498.0,50425.0,50425.0,0.9504610808130888,33.0,0.033,152.0,32727.0,96.0,56.0,20.0,13.0,24632.0,23295.0,798.307091832161,407.8240966796875,0.10580676048994064,120.13599395751953,32727.0,327.27000000000027,100.0,1000,0,1000,0.21539200004190207,848,4,0,1,3,19,1,4,0,1,6,1,1,6,4,3,42,0,0,2,0,0,5,0,0,0,0,1,4,1,1,7,35,1.221262812614441,-0.06417570263147354,2.5956554412841797,0.52314692735672,0.023681999999999998
353,48346.0,1291.0,49637.0,49637.0,0.9739911759373049,26.0,0.026,139.0,34446.0,89.0,50.0,11.0,15.0,25081.0,23265.0,546.618233965076,684.6450119018555,31.672720754365514,6.981737583875656,34446.0,344.4600000000003,100.0,1000,2,998,0.22363774990662932,861,6,0,2,3,13,5,4,0,1,3,2,0,1,3,2,44,1,0,1,0,0,2,0,0,0,0,0,4,0,0,6,36,0.9538877606391907,-0.05096428468823433,2.0372068881988525,0.5811101794242859,0.023663999999999998
354,49125.0,849.0,49974.0,49974.0,0.9830111658062193,14.0,0.014,159.0,33225.0,93.0,66.0,11.0,3.0,24286.0,24839.0,524.3431215347953,722.1188257347435,275.6568784652045,15.819613522630227,33225.0,332.2499999999998,100.0,1000,0,1000,0.21531745791435242,841,2,0,1,0,26,4,2,2,3,4,2,1,1,2,2,41,2,0,7,0,0,2,0,0,0,0,5,2,1,2,7,38,1.3801655769348145,0.0750025138258934,2.6348938941955566,0.5194938778877258,0.023646
355,45549.0,2450.0,47999.0,47999.0,0.9489572699431238,31.0,0.031,145.0,31049.0,86.0,59.0,16.0,15.0,22976.0,22573.0,616.9546269322673,745.5625,125.84369398406625,10.20703125,31049.0,310.4900000000002,100.0,1000,0,1000,0.2167763328179717,855,5,0,1,4,17,4,8,0,1,5,1,0,1,4,1,34,1,0,6,0,0,4,0,0,0,0,3,4,2,1,3,35,1.336296558380127,0.06430990993976593,2.570302724838257,0.557167649269104,0.023628
356,48865.0,2766.0,51631.0,51631.0,0.9464275338459452,45.0,0.045,149.0,33965.0,93.0,56.0,25.0,20.0,26222.0,22643.0,721.4453125000001,591.5595703125,0.0,208.4404296875,33965.0,339.6499999999997,100.0,1000,1,999,0.21523533295840025,851,2,0,2,5,14,5,7,3,2,8,1,0,2,2,1,39,0,0,7,0,0,0,0,0,0,0,2,8,1,1,1,36,1.3822686672210693,-0.02350470796227455,2.841820478439331,0.6411193609237671,0.02361
357,47229.0,1813.0,49042.0,49042.0,0.9630316871253212,31.0,0.031,146.0,32629.0,87.0,59.0,7.0,24.0,22422.0,24807.0,584.5840997668447,598.0506511163915,18.029762702143216,201.94934888360842,32629.0,326.28999999999974,100.0,1000,2,998,0.21581854112446308,854,2,0,1,2,11,1,13,1,0,8,5,0,3,2,3,35,0,0,8,0,0,0,0,0,0,1,3,5,1,0,5,36,0.958787739276886,0.05399250611662865,1.839442491531372,0.6326723694801331,0.023592
358,49068.0,1165.0,50233.0,50233.0,0.9768080743734199,23.0,0.023,153.0,33768.0,94.0,59.0,14.0,9.0,24207.0,24861.0,691.48046875,665.7248840332031,0.7906923294067383,134.27511596679688,33768.0,337.68000000000006,100.0,1000,1,999,0.2149910421576351,847,3,0,0,4,9,4,5,0,0,5,2,0,12,5,3,42,3,0,8,0,0,2,0,2,0,0,2,2,0,1,1,38,1.4627639055252075,0.05527057498693466,2.8421225547790527,0.5755473375320435,0.023573999999999998
359,47873.0,1386.0,49259.0,49259.0,0.9718630098053148,28.0,0.028,144.0,33473.0,84.0,60.0,22.0,6.0,24393.0,23480.0,680.125,713.6050109863281,37.76934814453125,86.39498901367188,33473.0,334.72999999999905,100.0,1000,2,998,0.21585883293300867,856,7,0,1,4,3,4,5,0,1,7,1,0,4,4,3,40,0,0,7,0,0,2,1,2,0,0,0,2,3,1,8,34,1.3430712223052979,-0.08272037655115128,2.880750894546509,0.6191139221191406,0.023556
360,48961.0,1230.0,50191.0,50191.0,0.9754936143930186,24.0,0.024,149.0,34061.0,94.0,55.0,10.0,14.0,24109.0,24852.0,698.8762944638729,621.5821040868759,29.78007049026928,178.41789591312408,34061.0,340.61000000000024,100.0,1000,1,999,0.21546541596762836,851,18,0,1,2,5,0,7,1,1,4,7,0,5,1,2,40,2,0,2,0,0,3,0,0,0,0,0,1,0,1,5,41,1.0463576316833496,-0.023789800703525543,2.1705853939056396,0.6434393525123596,0.023538
361,49011.0,1430.0,50441.0,50441.0,0.9716500465890843,27.0,0.027,167.0,32311.0,105.0,62.0,12.0,15.0,25119.0,23892.0,617.20556640625,754.9489133657789,117.25835525989532,45.05108663422121,32311.0,323.109999999999,100.0,1000,1,999,0.21494512492790818,833,21,0,2,9,8,2,5,1,2,3,0,0,1,4,3,44,1,0,5,0,0,2,0,0,0,0,5,4,2,2,6,35,2.132505416870117,0.11801078170537949,4.058071613311768,0.6182498335838318,0.02352
362,48100.0,2728.0,50828.0,50828.0,0.9463287951522783,50.0,0.05,161.0,32000.0,99.0,62.0,13.0,37.0,24530.0,23570.0,522.9564746252339,647.2312767733174,140.1746122674796,32.04804520166766,32000.0,320.0000000000001,100.0,1000,2,998,0.21452916599810123,839,10,0,1,5,9,8,8,0,1,1,10,0,3,8,0,35,0,0,15,0,0,3,0,2,0,0,4,4,0,1,2,31,1.7323319911956787,0.040422454476356506,3.4134883880615234,0.6312072277069092,0.023502
363,47618.0,2318.0,49936.0,49936.0,0.9535805831464275,44.0,0.044,153.0,32318.0,92.0,61.0,10.0,34.0,25041.0,22577.0,721.7733574754423,507.8401100654387,26.5644260459771,292.1598899345614,32318.0,323.17999999999995,100.0,1000,2,998,0.21429445780813694,847,11,0,1,5,5,8,8,0,2,3,4,0,1,0,2,42,0,0,11,0,0,3,0,6,0,0,3,4,0,1,4,29,1.2341480255126953,0.013052564114332199,2.4712038040161133,0.6177154779434204,0.023483999999999998
364,47045.0,1397.0,48442.0,48442.0,0.9711613888774204,25.0,0.025,154.0,31645.0,88.0,66.0,22.0,3.0,23709.0,23336.0,657.9710033596737,686.2359253501984,41.18716319633414,99.54356531857638,31645.0,316.4500000000002,100.0,1000,0,1000,0.2136767089832574,846,6,0,2,7,11,1,8,0,1,2,8,0,2,2,1,37,1,3,8,0,0,3,0,5,0,0,0,5,0,1,4,36,1.4050344228744507,-0.016089364886283875,2.8706436157226562,0.6050505638122559,0.023466
365,47779.0,2107.0,49886.0,49886.0,0.9577637012388245,36.0,0.036,141.0,33679.0,81.0,60.0,17.0,19.0,23410.0,24369.0,714.203710543379,740.6058065876158,16.395873798008754,59.3941934123842,33679.0,336.7900000000006,100.0,1000,0,1000,0.21545229200273752,859,4,0,3,1,6,5,6,1,0,4,6,0,5,1,1,38,0,0,7,0,0,1,0,5,0,0,0,3,4,3,2,35,1.4460787773132324,0.042289044708013535,2.835897922515869,0.6038544178009033,0.023448
366,49266.0,632.0,49898.0,49898.0,0.9873341616898473,13.0,0.013,142.0,35066.0,80.0,62.0,9.0,4.0,25517.0,23749.0,655.8292249441147,720.0,13.582320121116936,61.625,35066.0,350.6599999999995,100.0,1000,1,999,0.21394962491467595,858,5,0,3,2,2,5,5,0,0,1,3,0,4,2,0,48,0,2,10,0,0,1,1,4,0,1,1,0,1,1,2,38,0.768007218837738,0.08126669377088547,1.4024490118026733,0.6181806325912476,0.02343
367,49988.0,1079.0,51067.0,51067.0,0.9788708950985959,18.0,0.018,148.0,35188.0,89.0,59.0,11.0,7.0,25900.0,24088.0,677.2349998823191,665.4800643920898,93.51240243338968,33.62998390197754,35188.0,351.8799999999998,100.0,1000,0,1000,0.2163077499717474,852,11,0,3,6,4,3,6,0,0,3,1,0,7,2,1,42,0,0,6,0,0,1,1,4,0,0,2,2,0,1,4,38,1.2639861106872559,0.019826523959636688,2.5154013633728027,0.5783849954605103,0.023412
368,46570.0,1922.0,48492.0,48492.0,0.9603645962220573,24.0,0.024,146.0,31970.0,87.0,59.0,10.0,14.0,22879.0,23691.0,728.3169451897697,499.30099438608374,55.93233139790209,150.3495028069581,31970.0,319.70000000000033,100.0,1000,2,998,0.2137065001297742,854,10,1,2,3,12,2,4,1,0,4,4,0,4,3,1,36,2,0,10,0,0,1,0,3,0,0,2,1,1,3,1,35,1.1110272407531738,-0.017303304746747017,2.281667709350586,0.5344628691673279,0.023393999999999998
369,48638.0,1465.0,50103.0,50103.0,0.9707602339181286,29.0,0.029,149.0,33738.0,90.0,59.0,16.0,13.0,24229.0,24409.0,636.4229474978637,620.5422239303589,130.94959203245162,33.64833301305771,33738.0,337.38000000000017,100.0,1000,5,995,0.21458012494258583,851,18,0,1,8,2,1,4,0,0,6,3,0,3,2,4,38,0,0,6,0,0,1,1,4,0,0,3,3,1,0,1,39,1.3081296682357788,0.13288596272468567,2.3786563873291016,0.6025168895721436,0.023376
370,49362.0,1348.0,50710.0,50710.0,0.9734174718990337,21.0,0.021,153.0,34062.0,91.0,62.0,5.0,16.0,23725.0,25637.0,705.1326165199279,319.54991258999405,61.14499325864017,480.45008741000584,34062.0,340.619999999999,100.0,1000,2,998,0.21372645790688694,847,13,0,5,6,5,3,3,0,0,5,2,1,2,2,1,43,0,1,8,0,0,1,0,5,0,0,3,5,0,1,3,35,1.070068359375,0.013327809982001781,2.136413335800171,0.49088478088378906,0.023358
371,48157.0,1502.0,49659.0,49659.0,0.9697537203729435,30.0,0.03,139.0,34257.0,86.0,53.0,13.0,17.0,24874.0,23283.0,689.6176815669729,351.6213709115982,54.60474161314235,448.3786290884018,34257.0,342.56999999999994,100.0,1000,5,995,0.21336074988357723,861,7,0,1,5,7,4,0,0,2,4,0,1,9,0,3,43,1,0,2,0,0,0,0,5,0,0,0,1,1,1,2,40,0.9622567892074585,-0.011872542090713978,1.974945306777954,0.5716937780380249,0.02334
372,49654.0,628.0,50282.0,50282.0,0.9875104411121276,12.0,0.012,149.0,34754.0,87.0,62.0,6.0,6.0,26650.0,23004.0,688.7093401344537,553.0120544433594,66.45116813903302,246.98794555664062,34754.0,347.53999999999957,100.0,1000,1,999,0.21421712497249246,851,9,0,1,4,6,6,1,0,0,4,1,0,5,5,1,44,1,1,7,0,0,0,0,8,0,0,0,1,1,1,4,38,0.8564952611923218,-0.044460728764534,1.827446460723877,0.5474331378936768,0.023322
373,49281.0,669.0,49950.0,49950.0,0.9866066066066066,12.0,0.012,141.0,35181.0,81.0,60.0,11.0,1.0,24031.0,25250.0,697.4941058307886,327.5526572242379,46.12431516210199,472.4473427757621,35181.0,351.81000000000006,100.0,1000,1,999,0.2139059999026358,859,8,0,4,6,6,2,3,0,0,2,4,0,1,1,1,43,1,1,7,0,0,1,0,1,0,0,0,5,0,1,0,43,0.8270249962806702,0.01678389497101307,1.6429107189178467,0.4812155067920685,0.023304
374,49425.0,300.0,49725.0,49725.0,0.9939668174962293,6.0,0.006,139.0,35525.0,81.0,58.0,5.0,1.0,24911.0,24514.0,651.9285311967833,276.0,25.038633164592596,524.0,35525.0,355.25000000000017,100.0,1000,1,999,0.21414629206992686,861,7,0,2,3,3,2,3,1,1,2,3,0,2,0,4,48,0,0,4,0,0,2,0,0,0,0,0,3,0,3,1,45,0.5972896218299866,-0.029905861243605614,1.2747896909713745,0.4380039870738983,0.023285999999999998
375,47420.0,559.0,47979.0,47979.0,0.9883490693845224,9.0,0.009,138.0,33620.0,81.0,57.0,3.0,6.0,24832.0,22588.0,687.2309444698537,584.0,112.76905553014606,160.0,33620.0,336.2000000000006,100.0,1000,0,1000,0.21395258302800357,862,6,0,1,3,1,2,6,0,0,0,3,1,7,0,1,50,1,0,3,0,0,1,1,4,0,0,3,2,0,1,0,41,0.5340510606765747,-0.0769810751080513,1.243656039237976,0.4639798402786255,0.023268
376,49593.0,738.0,50331.0,50331.0,0.9853370686058294,10.0,0.01,121.0,37493.0,68.0,53.0,1.0,9.0,25040.0,24553.0,655.14453125,548.0,144.85546875,212.625,37493.0,374.92999999999944,100.0,1000,1,999,0.21722624986432493,879,3,0,0,5,1,1,0,0,0,2,0,0,3,0,1,52,0,0,5,0,0,0,0,1,0,0,0,0,0,1,2,44,0.5305728912353516,-0.02254745550453663,1.1240241527557373,0.38243985176086426,0.02325
377,49297.0,1158.0,50455.0,50455.0,0.977048855415717,17.0,0.017,117.0,37597.0,65.0,52.0,7.0,10.0,24062.0,25235.0,600.0625,523.9375,106.8515625,97.515625,37597.0,375.9700000000005,100.0,1000,2,998,0.21498679206706583,883,6,0,0,2,0,1,3,1,0,0,0,0,1,2,0,49,0,0,3,0,0,0,0,2,0,0,0,1,0,0,0,46,1.0334831476211548,-0.0060547469183802605,2.097071647644043,0.38730818033218384,0.023232
378,48980.0,923.0,49903.0,49903.0,0.9815041179888985,14.0,0.014,114.0,37580.0,62.0,52.0,8.0,6.0,24457.0,24523.0,597.0,445.1788787841797,76.125,354.8211212158203,37580.0,375.79999999999995,100.0,1000,2,998,0.22221591603010893,886,3,0,0,1,1,1,1,1,0,1,0,0,0,1,1,51,0,1,3,0,0,0,0,2,0,0,0,0,0,1,0,45,0.5672793984413147,0.08325033634901047,0.9842426180839539,0.34859296679496765,0.023214
379,49154.0,561.0,49715.0,49715.0,0.9887156793724228,11.0,0.011,102.0,38954.0,53.0,49.0,5.0,6.0,25129.0,24025.0,585.0,590.0083312988281,161.25,209.99166870117188,38954.0,389.5399999999992,100.0,1000,1,999,0.2150216659065336,898,0,0,0,1,0,0,0,0,0,1,0,0,1,1,0,49,0,0,2,0,0,0,0,1,0,0,0,0,0,1,1,44,0.4722142219543457,-0.024495650082826614,1.008763074874878,0.33073195815086365,0.023195999999999998
380,51059.0,813.0,51872.0,51872.0,0.9843268044417026,11.0,0.011,112.0,39859.0,55.0,57.0,8.0,3.0,26699.0,24360.0,718.0,547.84375,82.0,252.15625,39859.0,398.59000000000026,100.0,1000,4,996,0.21489383303560317,888,0,0,0,1,1,0,0,0,0,0,2,0,0,2,0,49,0,0,2,0,0,0,0,2,0,0,2,0,0,1,1,49,0.761410117149353,-0.0376351997256279,1.6128160953521729,0.3176593780517578,0.023178
381,48748.0,868.0,49616.0,49616.0,0.9825056433408578,15.0,0.015,99.0,38848.0,52.0,47.0,7.0,8.0,24066.0,24682.0,474.8125,564.0,325.1875,236.0,38848.0,388.4799999999994,100.0,1000,4,996,0.21553899999707937,901,0,0,0,1,1,0,0,1,0,0,0,0,0,0,0,49,0,1,1,0,0,0,0,0,0,0,0,0,0,0,0,45,0.34266480803489685,-0.14503513276576996,0.9909418225288391,0.3355346620082855,0.02316
382,48499.0,1449.0,49948.0,49948.0,0.9709898294225995,21.0,0.021,100.0,38499.0,54.0,46.0,4.0,17.0,24062.0,24437.0,640.0,180.0,160.0,620.0,38499.0,384.99,100.0,1000,0,1000,0.2148562918882817,900,2,0,0,0,1,1,1,0,0,0,0,0,0,0,0,49,0,0,0,0,0,0,0,1,0,0,0,0,0,0,0,45,0.6307412385940552,0.03130767494440079,1.2145012617111206,0.3377879559993744,0.023142
383,49294.0,474.0,49768.0,49768.0,0.9904758077479505,9.0,0.009,100.0,39294.0,55.0,45.0,7.0,2.0,26647.0,22647.0,397.125,291.0,0.0,509.0,39294.0,392.9399999999997,100.0,1000,1,999,0.21451287507079542,900,0,0,0,0,0,1,0,0,0,0,0,0,0,0,0,54,0,0,0,0,0,0,0,1,0,0,0,0,0,0,0,44,0.8052645325660706,0.059225376695394516,1.509983777999878,0.387161523103714,0.023124
384,48251.0,1142.0,49393.0,49393.0,0.9768793148826757,15.0,0.015,103.0,37951.0,50.0,53.0,5.0,10.0,23831.0,24420.0,453.0,584.0,347.0,216.0,37951.0,379.5099999999998,100.0,1000,2,998,0.21394829102791846,897,2,0,0,0,0,0,0,0,0,0,0,0,0,0,0,48,0,0,0,0,0,0,0,2,0,0,0,0,0,0,0,51,0.49737927317619324,-0.02882583625614643,1.0676888227462769,0.330620139837265,0.023105999999999998
385,49643.0,1045.0,50688.0,50688.0,0.9793836805555556,18.0,0.018,109.0,38743.0,57.0,52.0,8.0,10.0,24299.0,25344.0,405.5537109375,745.0,0.0,55.0,38743.0,387.4300000000001,100.0,1000,1,999,0.21394570893608034,891,0,0,1,1,0,0,1,0,0,0,0,0,0,0,0,54,0,0,2,0,0,0,0,2,0,0,0,0,0,1,0,47,0.7899042963981628,0.008261619135737419,1.5787062644958496,0.333960622549057,0.023087999999999997
386,49315.0,626.0,49941.0,49941.0,0.987465208946557,12.0,0.012,102.0,39115.0,50.0,52.0,8.0,4.0,24566.0,24749.0,575.0,566.0,225.0,234.0,39115.0,391.1499999999996,100.0,1000,1,999,0.2144069999922067,898,0,0,0,0,1,0,0,0,0,0,0,0,0,0,0,49,0,0,0,0,0,0,0,2,0,0,0,0,0,1,0,49,0.6181777119636536,0.033008091151714325,1.1871200799942017,0.3636951148509979,0.02307
387,48922.0,1066.0,49988.0,49988.0,0.9786748819716732,17.0,0.017,103.0,38622.0,52.0,51.0,14.0,3.0,24879.0,24043.0,552.0,404.75,234.875,395.25,38622.0,386.21999999999946,100.0,1000,2,998,0.2139382918830961,897,2,0,0,0,0,0,0,0,0,0,1,0,0,1,0,48,0,0,1,0,0,0,0,0,0,0,0,0,0,0,0,50,0.6221342086791992,-0.015850592404603958,1.294223427772522,0.3959270715713501,0.023052
388,51144.0,1487.0,52631.0,52631.0,0.9717466892135813,23.0,0.023,114.0,39744.0,63.0,51.0,11.0,12.0,26107.0,25037.0,418.0,742.296875,382.0,57.703125,39744.0,397.44000000000005,100.0,1000,1,999,0.2161704997997731,886,1,0,0,1,0,0,0,0,0,0,0,0,1,0,0,60,0,0,1,0,0,0,0,1,0,0,0,0,0,3,0,46,0.9748256206512451,-0.031451787799596786,2.0301015377044678,0.3808874785900116,0.023034
389,49850.0,1809.0,51659.0,51659.0,0.9649819005400802,23.0,0.023,111.0,38750.0,56.0,55.0,17.0,6.0,25003.0,24847.0,380.0,403.0,420.0,397.0,38750.0,387.50000000000074,100.0,1000,4,996,0.21439866605214775,889,1,0,0,1,0,0,1,0,0,1,1,0,0,0,0,51,0,0,0,0,0,0,0,0,0,0,0,0,0,1,0,54,0.666765570640564,0.0107781533151865,1.3280401229858398,0.3490022122859955,0.023016
390,48364.0,941.0,49305.0,49305.0,0.9809147145319947,15.0,0.015,117.0,36664.0,64.0,53.0,10.0,5.0,25433.0,22931.0,496.875,495.0,0.0,305.0,36664.0,366.64000000000004,100.0,1000,1,999,0.2181734589394182,883,3,0,0,1,0,5,0,0,0,0,0,0,2,0,1,52,0,0,2,0,0,0,0,3,0,0,0,0,0,1,0,47,0.30685803294181824,-0.05095430836081505,0.7296932339668274,0.30586498975753784,0.022997999999999998
391,48278.0,1612.0,49890.0,49890.0,0.9676889156143516,21.0,0.021,104.0,37878.0,59.0,45.0,11.0,10.0,24976.0,23302.0,409.6875,577.0,0.0,223.0,37878.0,378.77999999999963,100.0,1000,0,1000,0.21405633399263024,896,0,0,0,0,0,1,0,1,0,0,0,0,2,1,1,53,0,0,1,0,0,0,0,1,0,0,1,0,0,0,0,42,0.6172947287559509,-0.021388337016105652,1.2936787605285645,0.3549296259880066,0.02298
392,50547.0,1753.0,52300.0,52300.0,0.9664818355640535,26.0,0.026,111.0,39447.0,58.0,53.0,17.0,9.0,24787.0,25760.0,678.8125,602.0,90.890625,198.0,39447.0,394.4699999999992,100.0,1000,0,1000,0.21514820819720626,889,1,0,0,1,1,1,1,1,0,2,4,0,1,0,1,44,0,0,0,0,0,0,0,4,0,0,0,0,0,0,0,49,0.708732008934021,-0.01945645920932293,1.4735560417175293,0.3740784227848053,0.022962
393,48396.0,1501.0,49897.0,49897.0,0.969918031144157,28.0,0.028,105.0,37896.0,58.0,47.0,14.0,14.0,24819.0,23577.0,613.0,656.1875,152.9375,143.8125,37896.0,378.9599999999997,100.0,1000,2,998,0.21472058398649096,895,1,0,1,0,4,0,1,0,0,1,1,0,0,2,1,46,0,0,0,0,0,0,0,4,0,0,0,1,0,0,1,41,0.8549890518188477,0.03185289725661278,1.6649197340011597,0.40636780858039856,0.022944
394,48118.0,1255.0,49373.0,49373.0,0.9745812488607134,20.0,0.02,107.0,37418.0,60.0,47.0,10.0,10.0,25077.0,23041.0,533.688720703125,655.0,124.0,145.0,37418.0,374.18000000000006,100.0,1000,1,999,0.21586504206061363,893,1,0,1,0,0,0,0,0,1,0,0,0,1,0,1,55,0,0,2,0,0,0,0,3,0,0,0,0,0,3,0,39,0.2636756896972656,-0.12557324767112732,0.797059178352356,0.40480858087539673,0.022926
395,48609.0,1517.0,50126.0,50126.0,0.9697362646131747,32.0,0.032,112.0,37409.0,67.0,45.0,7.0,25.0,24257.0,24352.0,714.5,574.0,58.78125,226.0,37409.0,374.08999999999907,100.0,1000,3,997,0.21623695897869766,888,5,0,0,1,7,2,1,0,0,2,0,0,2,1,0,46,0,0,0,0,0,0,0,2,0,0,0,0,0,2,1,40,0.5380538702011108,-0.0073294928297400475,1.110962986946106,0.44081351161003113,0.022907999999999998
396,48728.0,1463.0,50191.0,50191.0,0.9708513478512084,24.0,0.024,112.0,37528.0,59.0,53.0,9.0,15.0,24878.0,23850.0,535.625,765.0,0.0,2.1875,37528.0,375.2799999999998,100.0,1000,2,998,0.21591666713356972,888,3,0,0,0,3,0,0,0,0,3,2,0,0,0,0,48,0,2,1,0,0,0,0,1,0,0,0,1,0,1,3,44,0.5527375936508179,-0.0286000557243824,1.1825642585754395,0.43444639444351196,0.02289
397,48539.0,1540.0,50079.0,50079.0,0.9692485872321732,30.0,0.03,119.0,36639.0,56.0,63.0,20.0,10.0,24786.0,23753.0,672.2491035461426,646.9686073998736,71.8598792552948,153.03139260012648,36639.0,366.39000000000016,100.0,1000,3,997,0.2148266660515219,881,0,0,0,1,3,2,1,1,0,1,0,0,0,3,0,44,2,0,0,0,0,3,0,2,0,0,0,2,0,13,2,39,0.48657166957855225,-0.054831940680742264,1.1045277118682861,0.4748263955116272,0.022871999999999997
398,49834.0,1608.0,51442.0,51442.0,0.9687414952762334,28.0,0.028,106.0,39234.0,54.0,52.0,17.0,11.0,27274.0,22560.0,565.0,706.125,44.0625,54.4375,39234.0,392.33999999999946,100.0,1000,1,999,0.21399266691878438,894,1,0,0,0,0,0,0,0,0,0,0,0,1,1,1,50,0,0,0,0,0,0,1,2,1,0,0,0,0,7,2,39,0.4823409914970398,0.01367177627980709,0.956101655960083,0.4105027914047241,0.022854
399,48799.0,1104.0,49903.0,49903.0,0.9778770815381841,18.0,0.018,125.0,36299.0,71.0,54.0,9.0,9.0,24994.0,23805.0,398.9514465332031,797.05078125,60.0,0.921630859375,36299.0,362.9899999999999,100.0,1000,2,998,0.21476041711866856,875,0,0,0,1,3,3,0,1,0,1,6,0,1,2,0,53,0,0,0,0,0,0,0,1,0,0,2,0,0,12,0,39,0.5703611373901367,-0.04000270739197731,1.2393920421600342,0.40866100788116455,0.022836
400,51696.0,1269.0,52965.0,52965.0,0.9760407816482582,18.0,0.018,126.0,39096.0,70.0,56.0,4.0,14.0,24028.0,27668.0,515.103515625,461.74072265625,17.8060302734375,86.90740966796875,39096.0,390.96000000000066,100.0,1000,2,998,0.21584920794703066,874,3,0,0,2,3,2,1,1,0,0,1,0,0,2,1,54,0,0,0,0,0,2,0,1,0,0,0,1,0,5,0,47,0.604171872138977,-0.0005100677954033017,1.2275224924087524,0.3978990316390991,0.022817999999999998
401,50113.0,690.0,50803.0,50803.0,0.986418124913883,11.0,0.011,125.0,37613.0,64.0,61.0,4.0,7.0,25200.0,24913.0,468.0,760.34375,0.0,0.61962890625,37613.0,376.12999999999994,100.0,1000,2,998,0.21576662501320243,875,1,0,0,1,1,2,0,0,0,0,1,0,0,5,1,52,0,0,1,0,0,1,0,0,0,0,0,1,0,7,3,48,0.39534977078437805,-0.11810673028230667,1.0444998741149902,0.38567692041397095,0.0228
402,49812.0,1499.0,51311.0,51311.0,0.9707859913079067,21.0,0.021,112.0,38612.0,56.0,56.0,10.0,11.0,26932.0,22880.0,655.0,587.0,145.0,55.5,38612.0,386.11999999999966,100.0,1000,3,997,0.21603566617704928,888,0,0,0,0,1,0,0,0,0,0,2,0,0,0,0,53,0,0,3,0,0,0,0,0,0,0,1,0,1,7,0,44,0.7087582349777222,0.0273621566593647,1.381962537765503,0.42073652148246765,0.022782
403,49734.0,800.0,50534.0,50534.0,0.9841690742866189,14.0,0.014,120.0,37734.0,63.0,57.0,7.0,7.0,26197.0,23537.0,577.326171875,684.9291687011719,222.673828125,107.87890434265137,37734.0,377.34,100.0,1000,1,999,0.21474129101261497,880,1,0,0,0,3,3,1,0,0,1,1,0,1,5,0,47,1,0,1,0,0,2,0,0,0,0,0,1,1,7,1,43,0.44182509183883667,-0.03210056573152542,0.9692234396934509,0.4694286286830902,0.022764
404,49891.0,457.0,50348.0,50348.0,0.9909231747040598,8.0,0.008,121.0,37791.0,63.0,58.0,2.0,6.0,25676.0,24215.0,650.0067768096924,626.554443359375,149.99322319030762,173.445556640625,37791.0,377.91,100.0,1000,1,999,0.21500054211355746,879,2,0,0,1,2,1,0,0,0,3,1,0,0,2,1,50,0,0,1,0,0,0,0,1,0,0,1,0,0,11,0,44,0.3903118968009949,-0.015212648548185825,0.8315482139587402,0.4506094753742218,0.022746
405,48568.0,1186.0,49754.0,49754.0,0.9761627205852795,15.0,0.015,126.0,35968.0,72.0,54.0,8.0,7.0,24862.0,23706.0,677.0,277.3282890319824,123.0,0.0,35968.0,359.6799999999996,100.0,1000,0,1000,0.21419433411210775,874,1,0,2,0,1,1,1,0,0,1,3,0,1,2,1,58,0,0,1,0,0,2,0,1,1,0,0,2,0,4,4,39,0.8547191619873047,0.018476486206054688,1.692051887512207,0.4304497539997101,0.022727999999999998
406,48305.0,948.0,49253.0,49253.0,0.9807524414756461,16.0,0.016,121.0,36205.0,63.0,58.0,7.0,9.0,23802.0,24503.0,608.3336181640625,684.1835671719164,59.89574432373047,115.81643282808363,36205.0,362.04999999999984,100.0,1000,0,1000,0.21373329195193946,879,3,0,0,0,1,6,0,0,1,3,1,0,1,0,1,46,0,0,1,0,0,2,0,0,0,0,0,0,1,10,3,41,0.42877328395843506,-0.14270812273025513,1.1613930463790894,0.40577349066734314,0.022709999999999998
407,49580.0,470.0,50050.0,50050.0,0.9906093906093906,8.0,0.008,126.0,36980.0,67.0,59.0,4.0,4.0,24527.0,25053.0,619.17578125,709.8507337623923,180.82421875,8.009329139850479,36980.0,369.8000000000002,100.0,1000,0,1000,0.21458979090675712,874,1,0,0,0,1,8,1,0,0,1,0,1,0,2,1,51,0,0,0,0,0,1,0,2,0,0,2,0,0,14,1,39,0.48939719796180725,-0.04016825556755066,1.0780030488967896,0.41583192348480225,0.022691999999999997
408,48551.0,935.0,49486.0,49486.0,0.9811057672877177,14.0,0.014,133.0,35251.0,70.0,63.0,6.0,8.0,24278.0,24273.0,731.0,596.349142536521,36.796875,85.6408929573372,35251.0,352.51000000000016,100.0,1000,2,998,0.21476104203611612,867,2,0,1,0,2,0,0,0,0,0,3,0,0,11,0,51,1,1,0,0,0,1,0,3,0,0,3,1,0,7,1,45,0.6887129545211792,0.05320024490356445,1.2898067235946655,0.41416049003601074,0.022674
409,48566.0,960.0,49526.0,49526.0,0.9806162419739127,18.0,0.018,126.0,35966.0,76.0,50.0,4.0,14.0,25155.0,23411.0,683.0,576.9008720517159,13.3125,223.09912794828415,35966.0,359.65999999999997,100.0,1000,1,999,0.21657558297738433,874,1,0,1,1,3,1,0,2,0,1,0,1,0,14,1,50,0,0,1,0,0,2,0,0,0,0,0,1,0,7,1,38,0.47464868426322937,0.042146313935518265,0.8832411766052246,0.4024638235569,0.022656
410,49303.0,2039.0,51342.0,51342.0,0.960285925752795,27.0,0.027,126.0,36703.0,75.0,51.0,13.0,14.0,23401.0,25902.0,737.9161453733615,416.507568359375,0.4850301142706144,354.9308776855469,36703.0,367.0300000000003,100.0,1000,0,1000,0.21683379099704325,874,6,0,0,0,0,5,0,0,1,0,1,0,0,17,3,42,0,1,0,0,0,1,0,0,0,0,0,1,0,5,1,42,0.7728734612464905,-0.030164606869220734,1.6267952919006348,0.4576200246810913,0.022638
411,49063.0,496.0,49559.0,49559.0,0.989991727032426,9.0,0.009,126.0,36463.0,71.0,55.0,3.0,6.0,25005.0,24058.0,478.875,585.6799121481308,47.0,26.790010981483647,36463.0,364.6300000000003,100.0,1000,2,998,0.21518920897506177,874,4,0,2,0,0,4,0,0,0,0,0,0,0,3,2,56,0,0,2,0,0,0,0,0,0,0,0,3,0,11,0,39,0.5359412431716919,0.012349017895758152,1.0662205219268799,0.4207801818847656,0.02262
412,47396.0,1477.0,48873.0,48873.0,0.9697788144783418,20.0,0.02,116.0,35796.0,59.0,57.0,11.0,9.0,22775.0,24621.0,674.125,779.3720445632935,88.421875,20.627955436706543,35796.0,357.96000000000015,100.0,1000,2,998,0.21516370819881558,884,1,0,0,0,0,3,0,0,0,1,1,0,0,9,1,43,0,0,0,0,0,0,1,2,0,0,1,1,0,8,1,43,0.8463627099990845,0.04543129727244377,1.6203944683074951,0.409957617521286,0.022601999999999997
413,49176.0,910.0,50086.0,50086.0,0.9818312502495707,17.0,0.017,130.0,36176.0,70.0,60.0,9.0,8.0,24983.0,24193.0,549.6820866149918,647.9270074600608,250.3179133850081,0.445526345331853,36176.0,361.7600000000003,100.0,1000,0,1000,0.21712020807899535,870,3,0,0,0,0,5,1,0,0,1,1,0,0,14,2,43,0,0,1,0,0,0,0,0,0,0,0,0,1,18,2,38,0.3119235932826996,-0.06810718774795532,0.7786004543304443,0.41044262051582336,0.022584
414,49209.0,1447.0,50656.0,50656.0,0.9714347757422616,27.0,0.027,118.0,37409.0,56.0,62.0,15.0,12.0,24009.0,25200.0,682.0,412.93003145765397,0.0,90.81359325847416,37409.0,374.08999999999975,100.0,1000,2,998,0.2144920420832932,882,0,0,0,2,2,2,1,0,0,1,0,0,0,3,0,45,0,1,0,0,0,0,0,1,0,0,0,0,0,18,2,40,0.5998519659042358,-0.011485646478831768,1.2414710521697998,0.4164643883705139,0.022566
415,48852.0,918.0,49770.0,49770.0,0.9815551537070525,16.0,0.016,131.0,35752.0,66.0,65.0,8.0,8.0,24277.0,24575.0,665.0,738.104341827333,135.0,61.89565817266703,35752.0,357.52000000000004,100.0,1000,0,1000,0.21570541709661484,869,2,0,0,0,2,1,0,0,0,0,0,0,0,13,0,48,0,0,1,0,0,0,0,0,0,0,0,2,0,19,0,43,0.4412509799003601,-0.013809798285365105,0.927340030670166,0.3818179965019226,0.022548
416,49505.0,725.0,50230.0,50230.0,0.9855663945849095,13.0,0.013,114.0,38105.0,56.0,58.0,5.0,8.0,24489.0,25016.0,496.0,752.1827089471481,131.0,5.977161381606493,38105.0,381.04999999999967,100.0,1000,0,1000,0.2157270829193294,886,0,0,0,0,0,1,0,0,0,0,1,0,0,12,1,41,0,0,1,0,0,0,0,0,0,0,0,0,0,15,0,42,0.5361446738243103,-0.011694949120283127,1.1142104864120483,0.41125577688217163,0.022529999999999998
417,48034.0,1894.0,49928.0,49928.0,0.9620653741387598,40.0,0.04,116.0,36434.0,57.0,59.0,33.0,7.0,23924.0,24110.0,665.6210671663284,718.3125,8.202302063815296,81.6875,36434.0,364.3399999999998,100.0,1000,2,998,0.21567712491378188,884,1,0,0,0,1,1,0,0,0,1,0,0,3,9,4,37,0,0,0,0,0,1,0,3,0,0,0,0,0,11,1,43,0.7357792258262634,0.12755317986011505,1.2383791208267212,0.48700717091560364,0.022511999999999997
418,48153.0,1383.0,49536.0,49536.0,0.9720809108527132,22.0,0.022,117.0,36453.0,60.0,57.0,4.0,18.0,21949.0,26204.0,605.4483136606932,691.375,48.0,13.578125,36453.0,364.5300000000003,100.0,1000,3,997,0.21641733311116695,883,3,0,0,1,1,3,0,1,0,0,1,0,1,8,3,38,0,0,0,0,0,0,0,1,0,0,0,1,0,8,0,47,0.5176398158073425,-0.0638725757598877,1.179245114326477,0.36054742336273193,0.022494
419,49355.0,1347.0,50702.0,50702.0,0.973433000670585,15.0,0.015,122.0,37155.0,62.0,60.0,6.0,9.0,23702.0,25653.0,502.9096145629883,478.24366019666195,37.136298179626465,110.48635618854314,37155.0,371.55000000000075,100.0,1000,0,1000,0.21470945794135332,878,0,0,0,0,2,1,4,0,1,2,0,0,0,9,2,41,0,0,1,0,0,1,0,6,0,0,0,0,0,10,0,42,0.6764854192733765,0.08307849615812302,1.2078782320022583,0.46859675645828247,0.022476
420,50494.0,978.0,51472.0,51472.0,0.9809993783027665,14.0,0.014,128.0,37694.0,64.0,64.0,9.0,5.0,25067.0,25427.0,766.4488985762,678.125,4.193887677974999,105.0234375,37694.0,376.9400000000007,100.0,1000,1,999,0.21500270906835794,872,3,0,0,0,0,3,2,0,0,1,0,0,1,8,4,42,0,1,1,0,0,1,0,4,0,0,2,0,0,10,0,45,0.8816283941268921,0.0688302293419838,1.644944667816162,0.43076688051223755,0.022458
421,48223.0,828.0,49051.0,49051.0,0.9831196102016269,14.0,0.014,128.0,35423.0,66.0,62.0,10.0,4.0,24316.0,23907.0,766.876953125,651.7818742922973,29.326904296875,7.81931642836571,35423.0,354.22999999999973,100.0,1000,0,1000,0.21442141686566174,872,0,0,0,0,0,4,2,0,0,0,0,0,1,7,3,49,2,0,0,0,0,0,0,4,0,0,0,1,0,14,0,41,0.7070262432098389,0.0708002820611,1.2937039136886597,0.47353121638298035,0.022439999999999998
422,47673.0,1613.0,49286.0,49286.0,0.9672726534918639,29.0,0.029,121.0,35573.0,57.0,64.0,22.0,7.0,23764.0,23909.0,623.2295780610832,730.540771484375,176.77042193891685,3.798551559448242,35573.0,355.72999999999985,100.0,1000,0,1000,0.21627654205076396,879,0,0,0,0,2,2,0,1,0,1,1,0,3,7,0,40,0,0,0,0,0,1,0,5,6,0,0,0,0,15,0,37,0.7712882161140442,-0.028440648689866066,1.6196891069412231,0.4511491060256958,0.022421999999999997
423,48064.0,1807.0,49871.0,49871.0,0.9637665176154478,37.0,0.037,120.0,36064.0,51.0,69.0,22.0,15.0,22622.0,25442.0,561.0625,727.4944692850113,238.9375,7.091685061051976,36064.0,360.6399999999999,100.0,1000,2,998,0.21443879208527505,880,0,0,0,0,0,0,0,0,1,2,2,0,1,4,1,40,0,0,0,0,0,0,0,0,13,0,0,1,0,12,1,42,0.46891844272613525,0.015528765507042408,0.9284726977348328,0.48413944244384766,0.022404
424,47886.0,1615.0,49501.0,49501.0,0.9673743964768389,23.0,0.023,129.0,34986.0,61.0,68.0,11.0,12.0,23144.0,24742.0,734.0,611.7267443411777,66.0,82.36954935073473,34986.0,349.85999999999956,100.0,1000,0,1000,0.2146569169126451,871,2,0,1,0,3,1,0,2,0,1,1,0,1,3,2,44,0,0,1,0,0,0,1,2,8,0,0,2,1,12,1,40,0.7688531875610352,0.041567351669073105,1.4765446186065674,0.49077293276786804,0.022386
425,48804.0,1109.0,49913.0,49913.0,0.9777813395307836,14.0,0.014,126.0,36204.0,58.0,68.0,4.0,10.0,24103.0,24701.0,729.9042205810547,622.3395522474874,32.386972427368164,12.29127798453203,36204.0,362.0399999999993,100.0,1000,1,999,0.2143111249897629,874,2,0,0,0,1,0,0,0,0,2,3,1,0,3,1,45,1,1,1,0,0,1,0,5,9,0,0,1,0,12,0,37,0.7799547910690308,0.04389301314949989,1.4921073913574219,0.4467061161994934,0.022368
426,49660.0,2375.0,52035.0,52035.0,0.9543576438935332,34.0,0.034,132.0,36460.0,63.0,69.0,11.0,23.0,24613.0,25047.0,591.2340354919434,692.9483317537662,115.78723669052124,29.271940536079537,36460.0,364.5999999999998,100.0,1000,0,1000,0.2145725830923766,868,1,0,0,0,0,1,0,5,0,3,0,0,0,8,0,45,0,0,0,0,0,2,0,5,15,0,1,0,1,6,0,39,1.1240692138671875,0.07513824105262756,2.115813732147217,0.401602178812027,0.02235
427,49225.0,569.0,49794.0,49794.0,0.9885729204321806,10.0,0.01,132.0,36025.0,70.0,62.0,3.0,7.0,26494.0,22731.0,715.4140625,665.1153915939121,84.5859375,42.15144012690253,36025.0,360.2499999999997,100.0,1000,0,1000,0.21397566702216864,868,1,0,0,0,0,0,3,1,0,1,0,0,3,5,0,56,0,0,2,0,0,1,0,5,5,0,0,0,0,10,1,38,0.6388009786605835,0.051574308425188065,1.193361759185791,0.4233481287956238,0.022331999999999998
428,48879.0,758.0,49637.0,49637.0,0.9847291335092774,16.0,0.016,126.0,36279.0,62.0,64.0,3.0,13.0,24330.0,24549.0,708.75,638.6991505026817,0.0,161.30084949731827,36279.0,362.78999999999945,100.0,1000,0,1000,0.21427683299407363,874,0,0,0,0,0,1,2,1,0,0,2,0,2,1,0,53,0,0,1,0,0,0,0,4,17,1,1,0,0,4,0,36,0.34176626801490784,-0.12382857501506805,0.9495824575424194,0.41213494539260864,0.022314
429,48640.0,1201.0,49841.0,49841.0,0.9759033727252664,23.0,0.023,131.0,35540.0,64.0,67.0,5.0,18.0,24356.0,24284.0,599.8082885742188,698.6072664484382,115.59585571289062,44.3593209288083,35540.0,355.39999999999935,100.0,1000,2,998,0.2140187919139862,869,1,0,1,0,0,1,2,5,0,0,0,0,1,1,1,51,1,0,0,0,0,0,0,2,16,0,1,0,1,6,1,39,0.49574604630470276,-0.06192589923739433,1.1341842412948608,0.4225054681301117,0.022296
430,48786.0,1292.0,50078.0,50078.0,0.9742002476137226,21.0,0.021,130.0,35786.0,69.0,61.0,10.0,11.0,24097.0,24689.0,727.0,723.0,25.9375,9.625,35786.0,357.86000000000024,100.0,1000,0,1000,0.21476508304476738,870,3,0,0,1,0,2,1,3,1,0,1,0,1,8,2,46,0,0,0,0,0,3,0,3,6,0,0,1,0,5,2,41,0.6300131678581238,0.01988503895699978,1.241296648979187,0.47222447395324707,0.022278
431,49172.0,739.0,49911.0,49911.0,0.9851936446875438,13.0,0.013,138.0,35372.0,81.0,57.0,7.0,6.0,24756.0,24416.0,689.0919549991959,482.0000000000001,67.23850562510052,74.40234375,35372.0,353.71999999999986,100.0,1000,0,1000,0.21463991701602936,862,4,0,0,0,4,0,3,4,0,4,1,0,1,11,1,48,0,1,0,0,0,1,1,2,12,0,1,1,0,3,0,35,0.4019359052181244,-0.0027464567683637142,0.8285183906555176,0.4302258789539337,0.02226
432,47622.0,1614.0,49236.0,49236.0,0.9672191079697782,24.0,0.024,129.0,34722.0,69.0,60.0,11.0,13.0,24505.0,23117.0,576.8087463378906,770.3508241354489,0.0,24.08995538994776,34722.0,347.2200000000001,100.0,1000,0,1000,0.21422874997369945,871,3,0,1,1,2,0,4,1,0,3,1,0,1,6,2,44,0,1,3,0,0,0,0,3,11,0,1,0,1,2,0,38,0.7826802134513855,-0.027173936367034912,1.639930248260498,0.45458900928497314,0.022241999999999998
433,47982.0,1758.0,49740.0,49740.0,0.9646562123039807,25.0,0.025,128.0,35182.0,61.0,67.0,17.0,8.0,22869.0,25113.0,597.6299924412815,665.171875,0.0,68.2587890625,35182.0,351.8200000000002,100.0,1000,1,999,0.21499737491831183,872,3,0,0,0,2,1,2,1,0,4,0,0,1,7,1,39,1,1,2,0,0,1,0,3,8,0,5,0,0,0,0,46,0.975672721862793,0.02088976465165615,1.9292514324188232,0.44288772344589233,0.022224
434,49135.0,1495.0,50630.0,50630.0,0.9704720521429983,23.0,0.023,131.0,36035.0,63.0,68.0,14.0,9.0,23359.0,25776.0,621.6753136427724,772.0,24.765219672995045,28.0,36035.0,360.34999999999985,100.0,1000,0,1000,0.21671133302152157,869,1,0,0,1,4,0,2,3,0,1,0,0,1,7,0,43,0,1,4,0,0,0,0,1,5,0,10,1,0,3,1,42,0.6778894662857056,-0.017261167988181114,1.410280704498291,0.4498676359653473,0.022205999999999997
435,49962.0,649.0,50611.0,50611.0,0.9871767007172354,12.0,0.012,144.0,35562.0,64.0,80.0,6.0,6.0,24156.0,25806.0,787.2213840484619,589.7155573738758,12.778615951538086,10.344292512525925,35562.0,355.6200000000001,100.0,1000,0,1000,0.21387474983930588,856,4,0,0,0,0,1,3,0,0,2,1,0,0,4,1,48,0,0,3,0,0,2,0,3,6,0,17,2,0,2,1,44,0.8613098859786987,-0.004809475038200617,1.752326250076294,0.4526657462120056,0.022188
436,49179.0,623.0,49802.0,49802.0,0.9874904622304325,12.0,0.012,123.0,36879.0,64.0,59.0,7.0,5.0,24918.0,24261.0,754.6328125,550.2171630859375,43.8876953125,124.89141845703125,36879.0,368.79000000000025,100.0,1000,0,1000,0.21478054206818342,877,3,0,0,0,2,1,0,4,0,4,0,0,0,3,1,46,0,0,1,0,0,1,0,3,3,0,7,2,0,3,0,39,0.37598735094070435,-0.04405466467142105,0.8641912341117859,0.5436903834342957,0.02217
437,49817.0,991.0,50808.0,50808.0,0.9804951976066761,16.0,0.016,143.0,35517.0,72.0,71.0,9.0,7.0,24737.0,25080.0,597.890625,571.5696180738742,101.0546875,174.21519096306292,35517.0,355.16999999999905,100.0,1000,4,996,0.21452058292925358,857,1,0,0,0,5,1,1,10,0,1,0,0,0,3,2,48,0,2,1,0,0,1,0,2,4,0,11,0,0,4,0,46,0.7173386216163635,-0.032120779156684875,1.516404390335083,0.39467447996139526,0.022151999999999998
438,49075.0,1381.0,50456.0,50456.0,0.9726296178848898,25.0,0.025,132.0,35875.0,66.0,66.0,17.0,8.0,22366.0,26709.0,709.1337890625,649.8338057734072,11.3582763671875,84.73943569581024,35875.0,358.7499999999992,100.0,1000,3,997,0.21421220805495977,868,1,0,0,0,5,0,2,1,0,0,0,0,0,8,0,49,0,0,0,0,0,0,0,4,2,0,9,1,0,1,2,47,0.7172393202781677,-0.033177491277456284,1.5194623470306396,0.4208178222179413,0.022134
439,48160.0,1513.0,49673.0,49673.0,0.9695407968111449,16.0,0.016,139.0,34260.0,74.0,65.0,8.0,8.0,23281.0,24879.0,663.8579711914062,678.7578125,92.26775360107422,53.04345703125,34260.0,342.60000000000025,100.0,1000,4,996,0.21351291704922915,861,4,0,0,0,2,2,2,2,1,2,0,0,2,11,1,45,0,0,0,0,0,0,0,3,6,0,5,1,0,3,3,44,0.6519795656204224,0.024647247046232224,1.2752879858016968,0.4662533402442932,0.022116
440,46687.0,2497.0,49184.0,49184.0,0.9492314573845153,34.0,0.034,132.0,33487.0,70.0,62.0,21.0,13.0,23856.0,22831.0,708.5,618.927460463522,20.015625,106.77266860514935,33487.0,334.8699999999992,100.0,1000,2,998,0.21371625014580786,868,3,0,1,0,1,0,2,8,2,1,0,0,0,5,0,47,0,0,2,0,0,0,0,0,5,0,11,1,1,2,1,39,0.7723140120506287,-0.004443501587957144,1.5725386142730713,0.4304351210594177,0.022098
441,50762.0,387.0,51149.0,51149.0,0.9924338696748715,7.0,0.007,125.0,38262.0,68.0,57.0,3.0,4.0,25263.0,25499.0,500.7624702453613,580.9990063845325,27.456057012081146,177.9383073125673,38262.0,382.61999999999966,100.0,1000,0,1000,0.21427175006829202,875,7,0,0,0,0,1,0,7,0,2,0,1,0,2,0,48,2,0,2,0,0,0,0,2,1,0,5,0,0,1,0,44,0.6688439249992371,0.06703191250562668,1.2255724668502808,0.49702221155166626,0.02208
442,47623.0,919.0,48542.0,48542.0,0.9810679411643525,11.0,0.011,134.0,34223.0,75.0,59.0,8.0,3.0,23878.0,23745.0,593.4742660522461,708.0,90.08857941627502,28.75,34223.0,342.23000000000013,100.0,1000,0,1000,0.21426141681149602,866,3,0,1,1,0,0,2,16,0,1,0,1,0,1,1,48,0,0,1,0,0,1,0,1,3,0,6,1,0,0,0,46,0.7595129013061523,-0.0012911023804917932,1.5417543649673462,0.4565865695476532,0.022062
443,49842.0,960.0,50802.0,50802.0,0.9811031061769222,14.0,0.014,142.0,35642.0,76.0,66.0,6.0,8.0,24567.0,25275.0,622.5625,524.6898132562637,111.02783203125,275.31018674373627,35642.0,356.4199999999997,100.0,1000,0,1000,0.2140928751323372,858,6,0,0,1,1,1,1,5,0,2,0,0,0,4,0,55,1,0,2,0,0,0,0,2,3,0,6,1,0,2,0,49,0.8807680606842041,0.03515856713056564,1.7096565961837769,0.4182007312774658,0.022043999999999998
444,48649.0,1032.0,49681.0,49681.0,0.9792274712666814,18.0,0.018,128.0,35849.0,70.0,58.0,12.0,6.0,23004.0,25645.0,632.0,681.4939880371094,68.25,51.84638023376465,35849.0,358.48999999999967,100.0,1000,2,998,0.2147017081733793,872,3,0,0,0,0,2,1,10,1,2,0,0,1,4,1,45,0,1,1,0,0,1,0,0,1,0,6,0,0,2,0,46,0.7484877109527588,0.06981250643730164,1.378462314605713,0.47925153374671936,0.022025999999999997
445,46686.0,1061.0,47747.0,47747.0,0.9777787086099651,16.0,0.016,122.0,34486.0,68.0,54.0,5.0,11.0,22621.0,24065.0,686.0,714.9748609550297,64.0,37.198498332174495,34486.0,344.8600000000004,100.0,1000,0,1000,0.21421995805576444,878,5,0,0,0,0,1,0,8,4,1,0,0,0,2,1,46,2,1,0,0,0,0,0,1,4,0,2,2,0,3,0,39,0.7043275833129883,-0.08194082975387573,1.5936102867126465,0.4787692129611969,0.022008
446,49155.0,556.0,49711.0,49711.0,0.9888153527388305,11.0,0.011,133.0,35855.0,68.0,65.0,6.0,5.0,23343.0,25812.0,613.0,540.3435097748832,48.2109375,139.58015319534897,35855.0,358.55000000000047,100.0,1000,3,997,0.21388729196041822,867,0,0,0,0,5,0,0,5,0,2,1,0,1,2,0,52,4,0,3,0,0,0,0,0,8,0,3,2,1,2,0,42,0.611783504486084,0.03690345957875252,1.171613097190857,0.4968836009502411,0.02199
447,47740.0,1292.0,49032.0,49032.0,0.9736498613150596,16.0,0.016,137.0,34040.0,63.0,74.0,3.0,13.0,23654.0,24086.0,457.5797710418701,550.2273554987754,0.0,168.93461253193882,34040.0,340.3999999999999,100.0,1000,2,998,0.21473699994385242,863,3,0,0,2,1,1,2,1,0,0,0,0,0,3,1,49,1,2,4,0,0,0,2,1,7,0,4,5,0,4,0,44,0.8641029000282288,-0.014400485903024673,1.7787424325942993,0.49462226033210754,0.021972
448,48331.0,2011.0,50342.0,50342.0,0.960053235866672,22.0,0.022,141.0,34231.0,74.0,67.0,6.0,16.0,25003.0,23328.0,529.7589015960693,727.3240812309396,173.010617852211,9.93616076920747,34231.0,342.3100000000003,100.0,1000,0,1000,0.21539454208686948,859,3,0,0,1,0,0,2,5,1,2,0,2,0,5,1,52,0,0,4,0,0,0,2,1,15,0,8,0,0,0,0,37,0.778129518032074,-0.09174636006355286,1.7607663869857788,0.47860434651374817,0.021954
449,48886.0,786.0,49672.0,49672.0,0.9841761958447415,13.0,0.013,133.0,35586.0,72.0,61.0,9.0,4.0,25940.0,22946.0,692.78515625,545.6666466016007,107.21484375,44.70703477706236,35586.0,355.8599999999998,100.0,1000,0,1000,0.21424270793795586,867,2,0,0,0,2,0,0,5,2,1,0,2,2,0,4,52,1,0,3,0,0,0,1,0,4,0,5,1,0,1,2,43,0.4451492130756378,0.017011074349284172,0.8758787512779236,0.44681012630462646,0.021935999999999997
450,49840.0,1075.0,50915.0,50915.0,0.9788863792595502,18.0,0.018,126.0,37240.0,66.0,60.0,5.0,13.0,24597.0,25243.0,600.0104370117188,527.75,137.49282455444336,204.015625,37240.0,372.3999999999997,100.0,1000,0,1000,0.21378416614606977,874,3,0,0,1,2,0,0,3,0,1,0,2,1,2,1,50,0,1,2,0,0,0,1,0,8,0,1,0,0,1,0,46,0.6875007748603821,0.036113329231739044,1.3226736783981323,0.4539358913898468,0.021918
451,48685.0,877.0,49562.0,49562.0,0.9823049917275332,13.0,0.013,121.0,36585.0,55.0,66.0,8.0,5.0,21052.0,27633.0,623.7265625,693.2260131835938,22.0341796875,106.77398681640625,36585.0,365.84999999999974,100.0,1000,3,997,0.21832174994051456,879,2,0,0,0,2,0,0,4,0,0,0,3,0,1,2,41,1,2,2,0,0,0,2,0,5,0,3,2,0,0,1,48,0.6281508207321167,0.08177179843187332,1.1122549772262573,0.4451347589492798,0.0219
452,48083.0,862.0,48945.0,48945.0,0.9823883951373992,17.0,0.017,132.0,34883.0,70.0,62.0,13.0,4.0,25161.0,22922.0,665.5869555666577,670.5,0.0,40.46875,34883.0,348.8300000000001,100.0,1000,3,997,0.21837399993091822,868,2,0,0,2,1,1,0,6,1,1,1,1,1,1,0,52,0,1,0,0,0,0,1,0,5,0,4,0,0,1,0,50,0.5083252191543579,0.12298424541950226,0.7894693613052368,0.42928841710090637,0.021882
453,50609.0,873.0,51482.0,51482.0,0.9830426168369527,14.0,0.014,131.0,37509.0,70.0,61.0,11.0,3.0,26156.0,24453.0,611.0,800.0,99.625,0.0,37509.0,375.0900000000006,100.0,1000,1,999,0.21593912481330335,869,2,0,1,0,1,0,1,5,0,1,0,2,1,1,0,55,1,0,1,0,0,0,3,0,5,0,0,0,0,1,0,50,0.5376052260398865,-0.016373014077544212,1.126305341720581,0.41961267590522766,0.021863999999999998
454,48426.0,1759.0,50185.0,50185.0,0.9649496861612036,16.0,0.016,122.0,36226.0,62.0,60.0,10.0,6.0,24362.0,24064.0,568.72314453125,696.0333098769188,14.454803466796875,103.96669012308121,36226.0,362.26000000000033,100.0,1000,0,1000,0.21465366706252098,878,1,0,0,1,0,0,1,5,0,0,0,0,0,2,1,51,1,0,1,0,0,0,0,0,4,0,4,0,0,1,1,48,0.6666259765625,-0.01597253791987896,1.3830872774124146,0.4094632863998413,0.021845999999999997
455,49717.0,1163.0,50880.0,50880.0,0.9771422955974842,13.0,0.013,133.0,36417.0,70.0,63.0,5.0,8.0,25695.0,24022.0,588.98828125,612.4732055664062,47.37646484375,187.52679443359375,36417.0,364.17,100.0,1000,2,998,0.21500929188914597,867,0,0,0,1,3,0,0,2,0,1,0,0,1,2,1,59,1,0,0,0,0,0,2,0,6,0,4,0,0,0,3,47,0.4842047691345215,-0.020848220214247704,1.0285958051681519,0.4235353469848633,0.021828
456,49943.0,519.0,50462.0,50462.0,0.9897150330942095,9.0,0.009,126.0,37343.0,64.0,62.0,5.0,4.0,25385.0,24558.0,577.5,704.5432582196181,222.5,90.27464905783415,37343.0,373.42999999999955,100.0,1000,0,1000,0.2146530421450734,874,0,0,0,0,0,0,1,4,0,2,0,3,1,0,0,53,2,1,0,0,0,1,3,1,2,0,3,1,0,3,1,44,0.3461805582046509,-0.06015554070472717,0.8283292651176453,0.3589423596858978,0.02181
457,49971.0,277.0,50248.0,50248.0,0.9944873427798121,6.0,0.006,122.0,37771.0,57.0,65.0,2.0,4.0,24704.0,25267.0,591.1826171875,470.2306823730469,208.8173828125,267.9375705718994,37771.0,377.709999999999,100.0,1000,1,999,0.21495691617019475,878,0,0,0,0,0,0,1,4,1,0,0,0,2,0,1,48,1,2,1,0,0,0,0,1,5,0,2,1,0,1,2,49,0.3914225697517395,-0.015332989394664764,0.8305349946022034,0.390598863363266,0.021792
458,47956.0,984.0,48940.0,48940.0,0.9798937474458521,19.0,0.019,125.0,35456.0,63.0,62.0,12.0,7.0,24455.0,23501.0,697.25,576.1455078125,70.640625,68.36590576171875,35456.0,354.56000000000034,100.0,1000,1,999,0.21608008304610848,875,0,0,0,2,1,0,0,3,0,0,0,0,1,1,0,55,1,3,2,0,0,0,3,1,0,0,0,0,0,1,2,49,0.4205113351345062,-0.005422801710665226,0.8692716360092163,0.39963698387145996,0.021774
459,49713.0,782.0,50495.0,50495.0,0.984513318150312,15.0,0.015,126.0,37113.0,61.0,65.0,10.0,5.0,24687.0,25026.0,618.0,729.130859375,95.0625,39.8638916015625,37113.0,371.12999999999965,100.0,1000,0,1000,0.21409216709434986,874,4,0,0,0,1,1,0,2,0,1,0,0,2,0,0,50,0,0,1,0,0,0,2,0,2,0,3,1,0,1,0,55,0.6865845918655396,0.07181135565042496,1.249091625213623,0.44919121265411377,0.021755999999999998
460,47548.0,314.0,47862.0,47862.0,0.9934394718148009,6.0,0.006,114.0,36148.0,57.0,57.0,5.0,1.0,22900.0,24648.0,621.0897483825684,575.6200561523438,178.91025161743164,151.93123245239258,36148.0,361.4800000000002,100.0,1000,0,1000,0.2150857080705464,886,1,0,0,0,2,0,0,1,0,0,0,0,1,0,1,51,0,0,0,0,0,1,3,0,1,0,1,2,0,0,1,48,0.4773321747779846,-0.03298418968915939,1.0361078977584839,0.35594642162323,0.021738
461,49284.0,925.0,50209.0,50209.0,0.9815770081061165,16.0,0.016,123.0,36984.0,69.0,54.0,5.0,11.0,25028.0,24256.0,548.5,680.0703125,183.4375,97.44287109375,36984.0,369.83999999999946,100.0,1000,1,999,0.2154712500050664,877,1,0,0,0,0,1,1,3,0,0,0,2,2,1,1,57,0,1,1,0,0,0,5,0,2,0,0,0,0,0,0,45,0.4671231806278229,0.006133124697953463,0.9394752383232117,0.4027426838874817,0.02172
462,48718.0,1580.0,50298.0,50298.0,0.9685872201678,18.0,0.018,121.0,36618.0,60.0,61.0,10.0,8.0,25019.0,23699.0,584.0,714.6478650246357,216.0,38.0,36618.0,366.17999999999984,100.0,1000,0,1000,0.21495562489144504,879,1,0,0,0,0,0,0,1,0,0,0,1,0,3,1,53,1,3,0,0,0,0,5,0,3,0,1,0,0,4,1,43,0.5995792746543884,0.04071010276675224,1.131533145904541,0.31782394647598267,0.021702
463,49977.0,1808.0,51785.0,51785.0,0.9650864149850342,23.0,0.023,121.0,37877.0,64.0,57.0,9.0,14.0,25834.0,24143.0,539.0,587.8183555603027,261.0,96.97364218533039,37877.0,378.7700000000004,100.0,1000,0,1000,0.214930540882051,879,1,0,0,0,3,0,0,2,1,0,0,0,1,0,0,56,1,2,1,0,0,0,6,0,1,0,2,0,0,0,0,44,0.593760073184967,0.02527627907693386,1.1523441076278687,0.35456013679504395,0.021684
464,48161.0,1747.0,49908.0,49908.0,0.9649955918890759,27.0,0.027,100.0,38161.0,54.0,46.0,4.0,23.0,23265.0,24896.0,678.59375,800.0,121.40625,0.0,38161.0,381.60999999999956,100.0,1000,1,999,0.2232818331103772,900,0,0,0,1,0,0,0,1,1,1,0,0,0,0,0,50,0,0,0,0,0,0,1,0,0,0,0,0,0,0,0,45,0.3798966407775879,-0.04858570173382759,0.8713950514793396,0.33301806449890137,0.021665999999999998
465,49183.0,1174.0,50357.0,50357.0,0.9766864586849892,23.0,0.023,111.0,38083.0,57.0,54.0,15.0,8.0,23781.0,25402.0,668.75,377.07080078125,0.0,0.0,38083.0,380.83000000000027,100.0,1000,0,1000,0.2144858748652041,889,0,0,0,0,0,0,0,2,0,0,0,0,1,1,0,53,0,1,1,0,0,0,3,0,2,0,0,0,0,1,0,46,0.6320355534553528,0.08862455189228058,1.100296974182129,0.31122854351997375,0.021648
466,48956.0,962.0,49918.0,49918.0,0.98072839456709,20.0,0.02,103.0,38656.0,56.0,47.0,6.0,14.0,25189.0,23767.0,720.0,536.8984375,80.0,263.1015625,38656.0,386.56,100.0,1000,1,999,0.21444212505593896,897,1,0,0,0,0,0,0,1,0,2,0,0,1,1,0,50,0,1,0,0,0,0,2,0,0,0,0,0,0,0,0,44,0.35972172021865845,0.057483039796352386,0.6197811365127563,0.35376352071762085,0.021629999999999996
467,50125.0,1276.0,51401.0,51401.0,0.9751755802416295,21.0,0.021,104.0,39725.0,59.0,45.0,10.0,11.0,26308.0,23817.0,679.0,476.3984375,121.0,219.21337890625,39725.0,397.2500000000004,100.0,1000,1,999,0.21523537510074675,896,0,0,0,1,0,1,0,2,0,2,0,0,0,1,3,49,0,0,0,0,0,0,2,0,1,0,0,0,0,1,0,41,0.2921774685382843,0.016321882605552673,0.5688223838806152,0.3958739638328552,0.021612
468,47931.0,2172.0,50103.0,50103.0,0.9566493024369799,30.0,0.03,113.0,36631.0,63.0,50.0,15.0,15.0,25355.0,22576.0,695.705322265625,445.0,30.82366943359375,230.5,36631.0,366.3099999999997,100.0,1000,3,997,0.2141589999664575,887,0,0,0,1,1,0,0,4,0,0,0,1,0,1,1,54,0,3,1,0,0,1,2,0,0,0,0,0,0,0,0,43,0.4110793471336365,-0.015054597519338131,0.8656884431838989,0.3107481300830841,0.021594
469,48628.0,1521.0,50149.0,50149.0,0.9696703822608627,29.0,0.029,107.0,37928.0,58.0,49.0,4.0,25.0,23614.0,25014.0,657.0,772.0,143.0,28.0,37928.0,379.2799999999999,100.0,1000,0,1000,0.21406024997122586,893,0,0,0,0,2,0,0,0,0,0,1,0,0,0,0,55,0,3,0,0,0,0,1,0,1,0,0,0,0,1,1,42,0.3634043335914612,0.016329195350408554,0.7089794278144836,0.34365004301071167,0.021575999999999998
470,49624.0,1518.0,51142.0,51142.0,0.9703179382894686,24.0,0.024,102.0,39424.0,56.0,46.0,7.0,17.0,24985.0,24639.0,588.0,530.0,131.5,270.0,39424.0,394.2400000000001,100.0,1000,0,1000,0.21525174984708428,898,0,0,0,0,0,0,0,4,0,0,0,0,0,1,0,51,0,0,0,0,0,0,0,0,2,0,0,0,0,0,0,44,0.40839284658432007,-0.07508682459592819,0.9819687008857727,0.3481156527996063,0.021558
471,49815.0,1192.0,51007.0,51007.0,0.9766306585370635,18.0,0.018,105.0,39315.0,52.0,53.0,3.0,15.0,23432.0,26383.0,427.859375,696.8125,372.140625,103.1875,39315.0,393.1500000000005,100.0,1000,1,999,0.2145116669125855,895,0,0,0,0,0,0,0,5,0,0,1,0,0,2,0,44,0,1,0,0,0,0,2,0,2,0,1,0,0,0,0,47,0.4479472041130066,-0.029560986906290054,0.9677326679229736,0.2951790690422058,0.021539999999999997
472,47610.0,1645.0,49255.0,49255.0,0.9666023753933611,23.0,0.023,103.0,37310.0,56.0,47.0,7.0,16.0,23614.0,23996.0,540.6875,216.0,48.62109375,48.0,37310.0,373.10000000000053,100.0,1000,0,1000,0.21395595814101398,897,0,0,0,0,1,0,1,0,0,0,0,0,1,1,0,52,0,1,0,0,0,0,3,1,1,0,0,0,0,0,0,41,0.500771164894104,0.014789609238505363,0.9876112937927246,0.36353781819343567,0.021522
473,47459.0,1076.0,48535.0,48535.0,0.9778304316472649,17.0,0.017,106.0,36859.0,48.0,58.0,8.0,9.0,23469.0,23990.0,696.0,487.9670152887702,104.0,175.51855390006676,36859.0,368.5900000000004,100.0,1000,2,998,0.21457108296453953,894,0,0,0,0,0,0,0,0,0,0,0,0,0,0,0,48,0,0,0,0,0,0,15,0,0,0,0,0,0,0,0,43,0.2885792553424835,-0.014736301265656948,0.6208577752113342,0.3307916522026062,0.021504
474,50125.0,918.0,51043.0,51043.0,0.98201516368552,14.0,0.014,114.0,38725.0,56.0,58.0,5.0,9.0,26111.0,24014.0,648.0,695.9612755633552,152.0,104.03872443664471,38725.0,387.24999999999983,100.0,1000,0,1000,0.21529937512241304,886,0,0,0,0,0,0,1,3,0,0,0,0,0,3,0,49,0,4,0,0,0,0,11,0,1,0,1,0,0,1,0,40,0.2584554851055145,-0.04016835242509842,0.6110363602638245,0.32087594270706177,0.021485999999999998
475,46261.0,1417.0,47678.0,47678.0,0.970279793615504,24.0,0.024,105.0,35761.0,46.0,59.0,15.0,9.0,23273.0,22988.0,329.632568359375,613.3834993915516,0.0,186.6165006084484,35761.0,357.60999999999945,100.0,1000,0,1000,0.21395941590890288,895,0,0,0,0,2,0,0,4,0,0,1,0,0,0,0,39,0,2,1,0,0,0,5,0,8,0,0,1,0,2,0,40,0.5778719782829285,0.039756156504154205,1.091747522354126,0.3613741993904114,0.021468
476,48452.0,1814.0,50266.0,50266.0,0.9639119882226554,25.0,0.025,94.0,39052.0,47.0,47.0,18.0,7.0,24680.0,23772.0,470.0,489.0,330.0,311.0,39052.0,390.5200000000009,100.0,1000,0,1000,0.2145334999077022,906,1,0,0,1,0,0,0,1,0,0,0,0,0,0,0,44,1,3,0,0,0,0,1,1,1,0,0,0,0,0,0,40,0.21716244518756866,-0.06083096191287041,0.5714181661605835,0.35970473289489746,0.021449999999999997
477,48019.0,1120.0,49139.0,49139.0,0.9772075133804107,20.0,0.02,108.0,37219.0,54.0,54.0,9.0,11.0,25004.0,23015.0,642.0,614.8844604492188,114.5,185.11553955078125,37219.0,372.18999999999977,100.0,1000,3,997,0.21404037508182228,892,0,0,0,0,1,0,0,3,0,0,0,0,0,1,0,49,1,0,0,0,0,0,3,1,3,0,1,0,0,1,0,44,0.2147952765226364,-0.11647936701774597,0.6775779724121094,0.3506135046482086,0.021432
478,50007.0,892.0,50899.0,50899.0,0.9824750977425882,16.0,0.016,113.0,38707.0,52.0,61.0,8.0,8.0,24106.0,25901.0,679.59375,475.953125,120.40625,288.541015625,38707.0,387.0699999999999,100.0,1000,0,1000,0.21441383310593665,887,0,0,0,0,0,0,1,4,1,0,0,0,0,0,0,46,0,8,0,0,0,0,3,0,0,0,0,1,0,0,0,49,0.5912678837776184,0.03823211416602135,1.1207935810089111,0.3437481224536896,0.021414
479,48335.0,1307.0,49642.0,49642.0,0.9736714878530277,19.0,0.019,110.0,37335.0,49.0,61.0,6.0,13.0,23378.0,24957.0,496.0625,602.20703125,151.96875,173.06884765625,37335.0,373.3499999999993,100.0,1000,1,999,0.21441658306866884,890,0,0,0,0,0,0,0,4,0,2,0,0,0,0,0,43,0,8,2,0,0,0,4,1,2,0,0,0,0,0,0,44,0.2513854503631592,-0.09236021339893341,0.7009710073471069,0.31500494480133057,0.021396
480,49547.0,921.0,50468.0,50468.0,0.9817508123959737,17.0,0.017,108.0,38747.0,49.0,59.0,8.0,9.0,24344.0,25203.0,724.0,653.0,76.0,147.0,38747.0,387.4699999999996,100.0,1000,2,998,0.21419608313590288,892,1,0,0,0,0,0,0,0,0,0,0,0,0,0,0,48,1,2,1,0,0,0,4,0,2,0,1,1,0,0,0,47,0.2561262845993042,-0.10510628670454025,0.7353349328041077,0.3010048270225525,0.021377999999999998
481,46738.0,1057.0,47795.0,47795.0,0.9778847159744744,14.0,0.014,114.0,35338.0,49.0,65.0,11.0,3.0,23232.0,23506.0,330.0,761.0,470.0,9.59765625,35338.0,353.3799999999991,100.0,1000,0,1000,0.21437466703355312,886,2,0,0,0,1,0,0,1,0,1,0,0,0,3,1,40,4,4,1,0,0,0,3,0,4,0,1,1,0,1,0,46,0.4922114908695221,-0.04701129347085953,1.0933855772018433,0.3497191071510315,0.021359999999999997
482,46036.0,2101.0,48137.0,48137.0,0.9563537403660386,27.0,0.027,107.0,35336.0,40.0,67.0,12.0,15.0,21024.0,25012.0,723.0,606.3338718339801,77.0,0.0,35336.0,353.35999999999933,100.0,1000,1,999,0.2139597909990698,893,0,0,0,0,0,0,0,0,0,0,0,0,0,1,0,39,1,14,3,0,0,0,1,0,2,0,1,1,0,0,0,44,0.782909631729126,-0.0008048744057305157,1.5833932161331177,0.37400662899017334,0.021342
483,50498.0,1626.0,52124.0,52124.0,0.9688051569334664,24.0,0.024,108.0,39698.0,51.0,57.0,5.0,19.0,24525.0,25973.0,518.0,492.12017822265625,152.5,250.1523551940918,39698.0,396.97999999999934,100.0,1000,0,1000,0.21415362507104874,892,1,0,0,0,0,0,0,2,1,0,0,3,0,0,0,44,2,4,2,0,0,0,2,0,2,0,1,0,0,0,0,44,0.47920089960098267,0.07491450011730194,0.822839081287384,0.33451205492019653,0.021323999999999996
484,48701.0,1246.0,49947.0,49947.0,0.9750535567701764,22.0,0.022,105.0,38201.0,58.0,47.0,10.0,12.0,25189.0,23512.0,711.7833452224731,553.946044921875,14.513540923595428,246.053955078125,38201.0,382.0100000000006,100.0,1000,3,997,0.213768791873008,895,0,0,1,0,0,0,0,0,0,0,0,14,1,0,1,41,2,2,0,0,0,0,1,0,0,0,0,0,0,0,1,41,0.49065524339675903,-0.00863575004041195,1.0143498182296753,0.3700326383113861,0.021306
485,48568.0,1248.0,49816.0,49816.0,0.9749478079331941,24.0,0.024,108.0,37768.0,56.0,52.0,9.0,15.0,23797.0,24771.0,721.7315555028617,386.7242965698242,78.26844449713826,369.6162405014038,37768.0,377.68000000000006,100.0,1000,0,1000,0.21475529088638723,892,0,0,0,0,3,0,0,0,0,0,0,13,1,0,2,37,1,7,1,0,0,0,1,0,0,0,0,0,0,0,2,40,0.2264307588338852,-0.11163869500160217,0.6939718127250671,0.41884899139404297,0.021288
486,49557.0,981.0,50538.0,50538.0,0.9805888638252405,18.0,0.018,123.0,37257.0,68.0,55.0,1.0,17.0,24273.0,25284.0,772.7733638472855,258.7698811540613,18.718312354991212,413.10891261703455,37257.0,372.5700000000004,100.0,1000,0,1000,0.2135940829757601,877,1,0,0,0,3,0,0,0,0,0,0,14,1,1,0,48,1,6,1,0,0,0,2,1,4,0,0,0,0,1,0,39,0.35450488328933716,-0.04281090572476387,0.8110846281051636,0.3867667019367218,0.021269999999999997
487,48097.0,1764.0,49861.0,49861.0,0.9646216481819458,14.0,0.014,114.0,36697.0,63.0,51.0,6.0,8.0,24609.0,23488.0,725.1470336914062,582.0,74.85296630859375,218.0,36697.0,366.96999999999923,100.0,1000,1,999,0.21413900004699826,886,2,0,0,0,1,0,0,0,0,0,0,10,0,6,3,41,4,5,0,0,0,1,0,0,1,0,0,0,0,0,0,40,0.19686661660671234,-0.08973348885774612,0.5871332287788391,0.32780516147613525,0.021252
488,48814.0,759.0,49573.0,49573.0,0.9846892461622254,15.0,0.015,118.0,37014.0,56.0,62.0,9.0,6.0,22886.0,25928.0,633.6564567104215,498.6713047027588,10.396471455598657,237.0485323369503,37014.0,370.14000000000044,100.0,1000,2,998,0.21656016702763736,882,1,0,0,0,0,0,0,0,0,0,0,10,1,3,1,40,2,8,2,0,0,0,2,0,1,0,0,1,0,1,0,45,0.34384310245513916,0.03570134565234184,0.6306472420692444,0.3382236659526825,0.021234
489,49308.0,1382.0,50690.0,50690.0,0.9727362398895245,16.0,0.016,110.0,38308.0,57.0,53.0,6.0,10.0,25216.0,24092.0,644.640380859375,769.0,155.359619140625,31.0,38308.0,383.08000000000067,100.0,1000,0,1000,0.21351362485438585,890,1,0,0,0,1,0,0,0,0,1,0,6,0,1,0,47,2,3,1,0,0,0,2,0,0,0,0,0,0,0,0,45,0.4261622130870819,0.061213962733745575,0.7445657849311829,0.3457128405570984,0.021216
490,51157.0,1470.0,52627.0,52627.0,0.9720675698785795,16.0,0.016,109.0,40257.0,57.0,52.0,5.0,11.0,25856.0,25301.0,518.5,800.0,37.46875,0.0,40257.0,402.56999999999965,100.0,1000,1,999,0.2143829590640962,891,0,0,0,0,1,0,0,1,0,0,0,4,0,1,0,50,2,1,2,0,0,0,1,0,2,0,1,0,0,0,1,42,0.39281120896339417,-0.010832490399479866,0.8187345266342163,0.2700043022632599,0.021197999999999998
491,48873.0,1049.0,49922.0,49922.0,0.9789872200632987,19.0,0.019,109.0,37973.0,52.0,57.0,10.0,9.0,24355.0,24518.0,653.0,596.7766658165492,36.75,192.7718757969851,37973.0,379.7299999999999,100.0,1000,0,1000,0.2145063749048859,891,0,0,1,0,0,0,0,0,0,0,0,3,0,0,0,48,3,4,0,0,0,0,1,0,0,0,2,0,0,2,1,44,0.23504862189292908,0.011074312962591648,0.4595343768596649,0.2735072374343872,0.021179999999999997
492,48443.0,929.0,49372.0,49372.0,0.9811836668557077,16.0,0.016,101.0,38343.0,54.0,47.0,4.0,12.0,24934.0,23509.0,752.1845331192017,755.0,47.81546688079834,39.375,38343.0,383.4299999999997,100.0,1000,0,1000,0.2138487498741597,899,1,0,0,0,0,0,0,1,0,0,0,6,0,1,1,44,1,1,0,0,0,0,0,0,0,0,0,0,0,0,0,45,0.606306791305542,0.020963601768016815,1.1831705570220947,0.2949684262275696,0.021162
493,49369.0,591.0,49960.0,49960.0,0.9881705364291433,9.0,0.009,99.0,39469.0,52.0,47.0,8.0,1.0,25119.0,24250.0,577.42724609375,712.4453125,222.57275390625,87.5546875,39469.0,394.69000000000017,100.0,1000,0,1000,0.21432883408851922,901,0,0,0,0,0,0,0,0,0,1,0,3,0,0,3,45,0,1,0,0,0,0,1,0,1,0,1,1,0,0,0,42,0.36957451701164246,0.05183258652687073,0.6482564806938171,0.30203887820243835,0.021143999999999996
494,48717.0,600.0,49317.0,49317.0,0.9878338098424478,9.0,0.009,94.0,39317.0,46.0,48.0,4.0,5.0,24117.0,24600.0,547.125,558.0,252.875,242.0,39317.0,393.1699999999993,100.0,1000,0,1000,0.22350366692990065,906,1,0,0,0,1,0,0,1,0,0,0,2,0,1,0,40,0,1,1,0,0,0,0,0,1,0,0,0,0,0,0,45,0.1586720049381256,-0.053472597151994705,0.43707743287086487,0.3026655316352844,0.021126
495,49520.0,735.0,50255.0,50255.0,0.9853745895930753,14.0,0.014,101.0,39420.0,51.0,50.0,13.0,1.0,24937.0,24583.0,626.609375,709.0,68.84765625,91.0,39420.0,394.19999999999914,100.0,1000,1,999,0.21412804094143212,899,1,0,0,0,1,1,0,1,0,0,0,3,0,0,1,43,0,0,1,0,0,0,0,0,0,0,0,0,0,0,0,49,0.456176221370697,-0.043392978608608246,1.0115803480148315,0.2947213053703308,0.021108000000000002
496,49079.0,855.0,49934.0,49934.0,0.9828773981655785,15.0,0.015,95.0,39579.0,46.0,49.0,8.0,7.0,24335.0,24744.0,541.8671875,631.109375,57.6416015625,168.890625,39579.0,395.78999999999974,100.0,1000,0,1000,0.21664733299985528,905,0,0,1,0,0,0,0,3,0,1,0,0,0,1,0,40,0,0,0,0,0,0,0,0,4,0,0,0,0,0,1,44,0.5665115118026733,0.026822730898857117,1.0923935174942017,0.30858170986175537,0.021089999999999998
497,48630.0,945.0,49575.0,49575.0,0.9809379727685326,14.0,0.014,96.0,39030.0,47.0,49.0,10.0,4.0,24526.0,24104.0,385.0,704.0,415.0,96.0,39030.0,390.29999999999995,100.0,1000,1,999,0.21412616595625877,904,0,0,0,0,1,0,0,1,0,0,0,0,0,1,1,43,1,2,0,0,0,0,0,0,0,0,0,0,0,0,0,46,0.29708337783813477,-0.006498369853943586,0.6235527396202087,0.3888874053955078,0.021072
498,49036.0,837.0,49873.0,49873.0,0.983217372125198,11.0,0.011,99.0,39136.0,49.0,50.0,5.0,6.0,23639.0,25397.0,591.15625,605.0,74.7109375,195.0,39136.0,391.3600000000004,100.0,1000,0,1000,0.21396816708147526,901,0,0,0,0,0,0,0,1,0,0,0,1,0,0,1,46,1,2,0,0,0,0,1,0,1,0,0,0,0,0,0,45,0.46777522563934326,0.038252439349889755,0.8716838359832764,0.30013906955718994,0.021054
499,49544.0,788.0,50332.0,50332.0,0.9843439561312882,13.0,0.013,108.0,38744.0,53.0,55.0,3.0,10.0,23459.0,26085.0,745.0,558.0,55.0,242.0,38744.0,387.4400000000007,100.0,1000,0,1000,0.21389954187907279,892,0,0,0,0,2,0,0,1,0,0,0,1,0,1,0,48,2,3,1,0,0,0,0,0,2,0,1,0,0,0,0,46,0.19029279053211212,-0.016391657292842865,0.42634326219558716,0.3083845376968384,0.021036
500,48935.0,1217.0,50152.0,50152.0,0.9757337693412027,13.0,0.013,107.0,38235.0,52.0,55.0,5.0,8.0,23744.0,25191.0,668.6875,213.671875,131.3125,40.0,38235.0,382.3500000000005,100.0,1000,0,1000,0.2140457909554243,893,1,0,0,0,2,0,0,0,0,0,0,4,0,2,0,43,2,6,1,0,0,0,1,0,1,0,0,0,0,0,0,44,0.3759250342845917,-0.08587786555290222,0.9358762502670288,0.29190367460250854,0.021018
501,49374.0,2026.0,51400.0,51400.0,0.9605836575875486,20.0,0.02,100.0,39374.0,49.0,51.0,10.0,10.0,24663.0,24711.0,711.0,651.0,89.0,121.0625,39374.0,393.73999999999955,100.0,1000,0,1000,0.2122429588343948,900,0,0,0,0,4,0,0,0,0,0,0,2,0,1,1,41,1,3,2,0,0,0,2,2,0,0,0,0,0,0,0,41,0.5436681509017944,-0.005915489513427019,1.1110353469848633,0.2825734615325928,0.020999999999999998
502,48651.0,1844.0,50495.0,50495.0,0.9634815328250321,32.0,0.032,101.0,38551.0,45.0,56.0,23.0,9.0,22933.0,25718.0,430.88330078125,607.7577514648438,0.0,101.90528106689453,38551.0,385.51000000000005,100.0,1000,1,999,0.2124839168973267,899,0,0,1,0,2,0,0,1,0,0,0,3,0,0,0,38,1,3,2,0,0,0,1,1,0,0,3,1,0,1,0,43,0.46793851256370544,0.06732015311717987,0.815264105796814,0.33427295088768005,0.020982
503,48826.0,1241.0,50067.0,50067.0,0.9752132142928476,19.0,0.019,98.0,39026.0,47.0,51.0,14.0,5.0,24355.0,24471.0,523.1548604518175,673.0,232.24917588289827,111.125,39026.0,390.26000000000033,100.0,1000,0,1000,0.21268616593442857,902,1,0,1,1,3,0,0,0,0,2,0,1,0,0,0,38,2,1,0,0,0,1,1,1,0,0,0,0,0,1,0,44,0.3091980516910553,-0.01809474267065525,0.6674988269805908,0.3079860210418701,0.020963999999999997
504,47229.0,1373.0,48602.0,48602.0,0.9717501337393523,16.0,0.016,95.0,37729.0,45.0,50.0,12.0,4.0,22726.0,24503.0,672.0,572.6796875,128.0,227.3203125,37729.0,377.2899999999994,100.0,1000,0,1000,0.21286258404143155,905,3,1,0,0,1,0,1,0,1,0,0,0,0,0,0,38,0,1,0,0,0,0,1,0,1,0,3,0,0,0,0,44,0.35407543182373047,0.02724200300872326,0.6656341552734375,0.28566962480545044,0.020946
505,48166.0,1090.0,49256.0,49256.0,0.9778707162579178,17.0,0.017,97.0,38466.0,44.0,53.0,7.0,10.0,22055.0,26111.0,688.25,626.875,76.828125,79.390625,38466.0,384.65999999999974,100.0,1000,0,1000,0.21278233313933015,903,1,0,0,0,2,0,0,2,1,1,1,0,0,2,0,34,0,2,0,0,0,0,1,1,0,0,2,0,0,2,0,45,0.33520984649658203,-0.0525035485625267,0.7876218557357788,0.2913575768470764,0.020928
506,49008.0,1167.0,50175.0,50175.0,0.9767414050822123,21.0,0.021,93.0,39708.0,47.0,46.0,17.0,4.0,23928.0,25080.0,602.0,472.59765625,166.5,0.0,39708.0,397.07999999999987,100.0,1000,0,1000,0.21351324999704957,907,0,0,1,0,2,0,0,0,0,0,0,2,0,0,1,41,2,0,0,0,0,0,1,0,0,0,0,0,0,0,0,43,0.46683844923973083,0.05694000795483589,0.8347111344337463,0.35663020610809326,0.020909999999999998
507,50927.0,877.0,51804.0,51804.0,0.9830708053432168,9.0,0.009,102.0,40727.0,57.0,45.0,2.0,7.0,25588.0,25339.0,488.3125,579.03125,173.84375,220.96875,40727.0,407.2699999999998,100.0,1000,0,1000,0.2125351671129465,898,3,0,0,0,2,0,0,2,0,0,0,2,1,0,1,46,0,0,0,0,0,0,0,0,1,0,1,0,0,0,0,43,0.36310964822769165,0.004831470083445311,0.7292183637619019,0.3030339479446411,0.020892
508,50886.0,910.0,51796.0,51796.0,0.9824310757587459,14.0,0.014,108.0,40086.0,50.0,58.0,6.0,8.0,24511.0,26375.0,716.0,654.9375,84.0,0.0,40086.0,400.85999999999945,100.0,1000,0,1000,0.2135378341190517,892,0,0,0,0,0,0,0,0,1,0,0,1,0,5,0,43,1,5,1,0,0,0,1,0,1,0,1,1,0,0,1,46,0.5017247200012207,0.04130086675286293,0.9344042539596558,0.3247237503528595,0.020873999999999997
509,49024.0,438.0,49462.0,49462.0,0.991144717156605,7.0,0.007,110.0,38024.0,53.0,57.0,3.0,4.0,24229.0,24795.0,707.0,638.0,93.0,3.1640625,38024.0,380.23999999999967,100.0,1000,0,1000,0.2139765419997275,890,1,0,1,0,3,1,0,0,0,0,0,0,0,4,0,43,0,1,2,0,0,0,5,0,0,0,3,0,0,0,1,45,0.25858813524246216,-0.0777079239487648,0.6836562156677246,0.2652505040168762,0.020856
510,50595.0,590.0,51185.0,51185.0,0.9884731855035654,9.0,0.009,103.0,40295.0,51.0,52.0,7.0,2.0,26308.0,24287.0,699.30078125,627.0,100.69921875,173.0,40295.0,402.94999999999993,100.0,1000,0,1000,0.2152399169281125,897,0,0,0,1,0,0,1,0,0,0,0,2,1,2,0,44,0,2,1,0,0,0,1,0,1,0,1,0,0,0,0,46,0.2503034174442291,-0.0420553982257843,0.5972208380699158,0.300009548664093,0.020838
511,50162.0,524.0,50686.0,50686.0,0.9896618395612201,8.0,0.008,110.0,39162.0,52.0,58.0,1.0,7.0,24759.0,25403.0,503.0,698.3779296875,0.0,101.6220703125,39162.0,391.61999999999995,100.0,1000,0,1000,0.21427991706877947,890,0,0,0,0,0,0,0,1,1,0,0,2,1,2,1,44,0,10,1,0,0,0,1,0,0,0,1,1,0,0,0,44,0.5268871188163757,0.0711357370018959,0.9229167699813843,0.2741134762763977,0.020819999999999998
512,48500.0,1303.0,49803.0,49803.0,0.9738369174547719,17.0,0.017,95.0,39000.0,46.0,49.0,8.0,9.0,23532.0,24968.0,401.5,737.7733459472656,53.0,59.07332229614258,39000.0,389.9999999999998,100.0,1000,0,1000,0.2127104999963194,905,1,0,0,0,0,0,0,1,0,0,0,0,0,2,1,41,0,4,0,0,0,0,1,0,0,0,0,0,0,2,0,42,0.5374128818511963,0.025871310383081436,1.0368316173553467,0.3304618299007416,0.020802
513,47944.0,1338.0,49282.0,49282.0,0.972850127835721,21.0,0.021,101.0,37844.0,50.0,51.0,15.0,6.0,24644.0,23300.0,539.154296875,368.27751207351685,130.4228515625,101.0,37844.0,378.4399999999996,100.0,1000,2,998,0.21303937514312565,899,2,0,0,0,0,0,0,2,0,2,0,2,0,3,0,39,2,5,0,0,0,0,3,0,1,0,0,0,0,0,0,40,0.49479058384895325,0.048499856144189835,0.9067526459693909,0.3409154713153839,0.020783999999999997
514,49017.0,1504.0,50521.0,50521.0,0.9702302013024287,20.0,0.02,94.0,39617.0,50.0,44.0,11.0,9.0,25314.0,23703.0,579.0,411.76171875,0.0,388.23828125,39617.0,396.17000000000036,100.0,1000,0,1000,0.21293220785446465,906,0,0,0,0,0,0,0,1,0,1,1,1,0,0,1,45,0,2,0,0,0,0,2,1,0,0,1,0,0,0,0,38,0.2792257070541382,-0.041420675814151764,0.6545196771621704,0.3184761106967926,0.020766
515,49145.0,859.0,50004.0,50004.0,0.9828213742900568,16.0,0.016,103.0,38845.0,52.0,51.0,8.0,8.0,24500.0,24645.0,575.2421875,800.0,83.189453125,0.0,38845.0,388.45000000000005,100.0,1000,0,1000,0.21349083306267858,897,1,0,0,0,1,0,0,1,1,1,0,2,0,2,1,42,1,3,2,0,0,0,1,0,0,0,2,0,0,0,0,42,0.39549094438552856,0.0649074837565422,0.6758242249488831,0.35322287678718567,0.020748
516,48969.0,715.0,49684.0,49684.0,0.9856090491908864,7.0,0.007,107.0,38269.0,51.0,56.0,5.0,2.0,25091.0,23878.0,592.965576171875,622.125,37.0,177.875,38269.0,382.68999999999943,100.0,1000,0,1000,0.21231712494045496,893,0,0,0,1,0,0,0,0,0,2,0,1,1,1,0,45,0,6,0,0,0,1,0,2,0,0,4,0,0,0,0,43,0.5086277723312378,0.002390047535300255,1.024949073791504,0.3008568286895752,0.02073
517,50627.0,917.0,51544.0,51544.0,0.9822093745149775,15.0,0.015,102.0,40427.0,52.0,50.0,8.0,7.0,25635.0,24992.0,539.453125,613.9047088623047,94.0966796875,186.0952911376953,40427.0,404.2700000000003,100.0,1000,0,1000,0.2154615840408951,898,0,0,0,0,2,0,1,0,0,0,0,1,0,3,1,44,0,4,0,0,0,0,2,0,0,0,0,1,0,0,0,43,0.3933737874031067,-0.057906392961740494,0.9175301790237427,0.36138013005256653,0.020712
518,49915.0,590.0,50505.0,50505.0,0.9883179883179883,9.0,0.009,115.0,38415.0,70.0,45.0,5.0,4.0,26116.0,23799.0,720.3231882385264,676.0,49.79800735092094,124.0,38415.0,384.14999999999975,100.0,1000,0,1000,0.21331187500618398,885,1,0,0,1,6,1,0,1,0,0,0,0,1,11,2,46,0,3,0,0,0,0,1,0,0,0,0,0,0,0,0,41,0.6661329865455627,0.06002938374876976,1.2248245477676392,0.3048558533191681,0.020693999999999997
519,48765.0,1003.0,49768.0,49768.0,0.9798464877029417,20.0,0.02,109.0,37865.0,53.0,56.0,3.0,17.0,25043.0,23722.0,535.4912109375,621.0938515663147,0.0,10.033929992467165,37865.0,378.6499999999998,100.0,1000,0,1000,0.21224949997849762,891,1,0,1,0,3,0,0,0,0,0,0,2,0,3,0,43,4,6,1,0,0,0,1,2,0,0,1,1,0,0,3,37,0.3557046055793762,0.0034679051022976637,0.7170847654342651,0.3049759268760681,0.020676
520,48745.0,1660.0,50405.0,50405.0,0.9670667592500743,18.0,0.018,104.0,38345.0,51.0,53.0,12.0,6.0,23583.0,25162.0,748.9314422607422,746.8203125,11.629284858703613,53.1796875,38345.0,383.44999999999976,100.0,1000,1,999,0.21897570905275643,896,0,0,0,0,4,0,0,0,0,0,0,0,1,4,2,40,0,4,3,0,0,0,3,0,0,0,0,0,0,0,1,42,0.7463918328285217,0.11193187534809113,1.282240867614746,0.32241564989089966,0.020658
521,48812.0,1082.0,49894.0,49894.0,0.9783140257345573,18.0,0.018,104.0,38412.0,58.0,46.0,6.0,12.0,25352.0,23460.0,719.672119140625,662.0,6.577869415283203,138.0,38412.0,384.1199999999997,100.0,1000,0,1000,0.21321645798161626,896,0,0,0,0,1,0,0,1,0,1,0,2,1,4,4,44,1,1,1,0,0,0,4,0,0,0,1,0,0,0,1,37,0.1689176857471466,-0.10628676414489746,0.5629014372825623,0.30262893438339233,0.02064
522,48615.0,1843.0,50458.0,50458.0,0.9634745729121249,18.0,0.018,94.0,39215.0,52.0,42.0,8.0,10.0,24652.0,23963.0,508.1875,547.365234375,200.62109375,252.634765625,39215.0,392.14999999999975,100.0,1000,0,1000,0.21274208300746977,906,0,0,0,0,3,0,0,0,0,0,0,0,0,1,2,46,0,1,2,0,0,0,0,0,0,0,1,0,0,0,0,38,0.333499938249588,-0.09147784858942032,0.8636156916618347,0.33120307326316833,0.020622
523,48527.0,1223.0,49750.0,49750.0,0.9754170854271357,15.0,0.015,99.0,38627.0,55.0,44.0,5.0,10.0,23971.0,24556.0,681.0,564.0,7.4375,236.0,38627.0,386.2699999999997,100.0,1000,0,1000,0.2134646251797676,901,0,0,0,0,3,1,0,1,0,0,0,1,0,2,2,45,0,3,0,0,0,0,2,0,0,0,0,0,0,0,0,39,0.40767690539360046,-0.04549185931682587,0.919969916343689,0.3308177888393402,0.020603999999999997
524,49257.0,949.0,50206.0,50206.0,0.981097876747799,13.0,0.013,104.0,38857.0,55.0,49.0,2.0,11.0,24232.0,25025.0,774.5625,514.0,25.4375,258.25,38857.0,388.56999999999937,100.0,1000,0,1000,0.21316758380271494,896,0,0,0,0,5,0,1,0,0,0,0,0,0,1,1,47,1,3,2,0,0,0,1,0,0,0,0,1,0,1,0,40,0.8541337251663208,0.02380984276533127,1.6765979528427124,0.38740289211273193,0.020586
525,50128.0,454.0,50582.0,50582.0,0.9910244751097228,7.0,0.007,100.0,40128.0,55.0,45.0,4.0,3.0,24478.0,25650.0,675.0,554.0,125.0,246.0,40128.0,401.28000000000054,100.0,1000,1,999,0.21430075005628169,900,0,0,0,0,1,0,2,0,0,0,0,1,0,5,1,45,0,1,0,0,0,0,0,0,1,0,0,0,0,0,0,43,0.18359649181365967,-0.018587810918688774,0.41848477721214294,0.34315818548202515,0.020568
526,49705.0,787.0,50492.0,50492.0,0.9844133724154321,9.0,0.009,107.0,39005.0,59.0,48.0,3.0,6.0,24474.0,25231.0,694.3055180637166,755.0,48.92362048407085,45.0,39005.0,390.0499999999998,100.0,1000,1,999,0.2151423329487443,893,0,0,0,0,4,0,0,0,1,0,0,3,1,3,3,44,1,0,1,0,0,0,0,0,0,0,1,0,0,0,0,45,0.4719752073287964,-0.02538432739675045,1.0057001113891602,0.2671775817871094,0.02055
527,46981.0,1209.0,48190.0,48190.0,0.9749118074289271,11.0,0.011,108.0,36181.0,54.0,54.0,5.0,6.0,22411.0,24570.0,717.0,553.6020192770229,83.0,138.47713113709028,36181.0,361.80999999999943,100.0,1000,0,1000,0.21280100010335445,892,0,0,0,0,3,0,2,1,1,0,0,0,0,4,4,39,0,3,3,0,0,0,2,0,1,0,2,2,0,1,2,38,0.7583119869232178,0.016631323844194412,1.4932461977005005,0.24071666598320007,0.020531999999999998
528,48768.0,775.0,49543.0,49543.0,0.9843570231919746,14.0,0.014,102.0,38568.0,49.0,53.0,10.0,4.0,24404.0,24364.0,715.0,672.0,5.3125,112.0,38568.0,385.6800000000002,100.0,1000,0,1000,0.2125332502182573,898,0,0,0,1,3,0,0,1,1,0,0,0,1,0,1,41,0,4,2,0,0,0,0,1,0,0,2,0,0,0,0,44,0.3049054741859436,-0.07923860847949982,0.7800855040550232,0.28754356503486633,0.020513999999999998
529,49016.0,998.0,50014.0,50014.0,0.980045587235574,18.0,0.018,100.0,39016.0,50.0,50.0,7.0,11.0,24665.0,24351.0,581.082763671875,644.1298828125,140.49932384490967,77.93505859375,39016.0,390.1600000000004,100.0,1000,1,999,0.21324225002899766,900,1,0,0,0,3,0,3,0,2,0,0,1,0,2,0,38,0,6,0,0,0,0,0,1,1,0,2,0,0,0,0,40,0.28974971175193787,-0.0864986702799797,0.7643047571182251,0.28805533051490784,0.020496
530,49406.0,599.0,50005.0,50005.0,0.988021197880212,10.0,0.01,98.0,39606.0,49.0,49.0,7.0,3.0,24148.0,25258.0,684.607421875,543.769157409668,115.392578125,0.0,39606.0,396.06000000000006,100.0,1000,0,1000,0.2122808750718832,902,0,0,0,0,0,0,0,1,1,0,0,0,1,4,1,41,0,3,0,0,0,0,0,0,1,0,2,1,1,0,1,40,0.41401728987693787,-0.056180089712142944,0.9558789730072021,0.37806981801986694,0.020477999999999996
531,48552.0,814.0,49366.0,49366.0,0.9835109184458939,14.0,0.014,104.0,38152.0,53.0,51.0,6.0,8.0,23554.0,24998.0,768.0,635.8061425685883,32.0,60.887116089463234,38152.0,381.51999999999924,100.0,1000,0,1000,0.21324108308181167,896,0,0,0,0,2,0,1,0,4,0,0,0,0,0,4,42,0,4,1,0,0,0,2,0,1,0,1,1,0,0,2,39,0.5183058977127075,-0.022170498967170715,1.091001033782959,0.2455594390630722,0.02046
532,49828.0,932.0,50760.0,50760.0,0.9816390858944051,15.0,0.015,108.0,39028.0,56.0,52.0,4.0,11.0,24036.0,25792.0,601.5562433468294,585.851790074435,17.356434733679137,214.14820992556503,39028.0,390.2799999999999,100.0,1000,0,1000,0.2122127499897033,892,0,0,0,0,0,0,2,1,4,1,1,0,1,1,3,42,1,3,3,0,0,0,3,0,0,0,1,1,0,1,0,39,0.4603883624076843,0.05469823256134987,0.8258545398712158,0.35403209924697876,0.020442000000000002
533,48524.0,1166.0,49690.0,49690.0,0.9765345139867176,18.0,0.018,103.0,38224.0,55.0,48.0,8.0,10.0,24215.0,24309.0,645.9836822013276,577.903076171875,154.0163177986724,150.79271531105042,38224.0,382.2399999999995,100.0,1000,0,1000,0.2141863750293851,897,0,0,0,0,5,2,0,1,2,0,0,1,0,2,4,38,0,4,1,0,0,0,3,0,0,0,1,0,0,0,2,37,0.2909109890460968,-0.07231715321540833,0.7394058704376221,0.3170192837715149,0.020423999999999998
534,48452.0,883.0,49335.0,49335.0,0.9821019560149995,15.0,0.015,105.0,37952.0,53.0,52.0,8.0,7.0,23714.0,24738.0,655.123046875,693.0,37.359619140625,70.63671875,37952.0,379.5200000000008,100.0,1000,1,999,0.21291391691192985,895,0,0,0,0,2,3,1,0,1,0,0,4,1,1,0,40,0,2,4,0,0,1,1,0,1,0,1,0,0,0,1,41,0.35795316100120544,0.023807130753993988,0.6812048554420471,0.3163977265357971,0.020406
535,48031.0,1475.0,49506.0,49506.0,0.9702056316406092,23.0,0.023,103.0,37731.0,60.0,43.0,12.0,11.0,23545.0,24486.0,670.2250576019287,651.3961486816406,19.954783581197262,130.02836990356445,37731.0,377.3100000000003,100.0,1000,0,1000,0.21276008384302258,897,2,0,0,0,3,3,0,0,11,0,1,0,0,1,1,38,0,2,0,0,0,0,3,0,1,0,0,0,0,0,1,36,0.6460455060005188,-0.07201538980007172,1.44949209690094,0.32789450883865356,0.020388
536,48521.0,1077.0,49598.0,49598.0,0.9782854147344651,18.0,0.018,105.0,38021.0,56.0,49.0,8.0,10.0,25146.0,23375.0,704.0,564.4744004011154,42.0,235.52559959888458,38021.0,380.20999999999964,100.0,1000,0,1000,0.21293995901942253,895,0,0,0,0,2,0,1,0,5,0,0,2,0,1,3,42,0,4,4,0,0,0,2,1,0,0,1,0,0,0,1,36,0.2512698769569397,-0.03392649069428444,0.5844156742095947,0.34420540928840637,0.02037
537,49720.0,890.0,50610.0,50610.0,0.9824145425805176,12.0,0.012,109.0,38820.0,58.0,51.0,4.0,8.0,25421.0,24299.0,739.0,544.7580947875977,33.875,223.33666706085205,38820.0,388.2000000000002,100.0,1000,0,1000,0.21324141696095467,891,0,0,0,0,1,1,4,0,2,0,0,1,0,2,1,46,0,6,2,0,0,0,1,1,1,0,0,0,0,1,1,38,0.3385928273200989,-0.06636444479227066,0.822701096534729,0.31413546204566956,0.020352
538,48466.0,1554.0,50020.0,50020.0,0.9689324270291884,13.0,0.013,109.0,37566.0,65.0,44.0,5.0,8.0,25983.0,22483.0,709.0045062506694,587.5538151040673,15.639850488166218,117.26443277997896,37566.0,375.66000000000025,100.0,1000,0,1000,0.2128098749089986,891,0,0,0,0,3,1,2,0,9,0,0,2,0,0,2,46,0,4,0,0,0,0,1,0,0,0,1,2,0,1,1,34,0.5505017042160034,-0.061470258980989456,1.2351163625717163,0.27472394704818726,0.020333999999999998
539,48030.0,1292.0,49322.0,49322.0,0.9738047929929848,15.0,0.015,95.0,38530.0,56.0,39.0,4.0,11.0,25384.0,22646.0,758.0532989501953,453.0,0.0,347.0,38530.0,385.30000000000007,100.0,1000,1,999,0.2126910830847919,905,0,0,0,0,3,0,1,0,4,0,0,0,0,1,1,46,0,0,1,0,0,0,1,0,0,0,1,0,0,0,0,36,0.495706707239151,0.07242009043693542,0.8591649532318115,0.3098986744880676,0.020316
540,49477.0,634.0,50111.0,50111.0,0.9873480872463132,12.0,0.012,98.0,39677.0,53.0,45.0,5.0,7.0,23885.0,25592.0,505.6418527960777,596.0,54.10843155067414,204.0,39677.0,396.77000000000027,100.0,1000,0,1000,0.21321262489072978,902,0,0,0,0,2,0,1,1,5,0,0,1,0,1,0,42,0,3,0,0,0,0,0,0,0,0,0,0,0,0,0,42,0.30448392033576965,-0.053739406168460846,0.7273752689361572,0.2692050039768219,0.020297999999999997
541,49719.0,436.0,50155.0,50155.0,0.9913069484597747,8.0,0.008,98.0,39919.0,54.0,44.0,5.0,3.0,24973.0,24746.0,661.4196455892625,718.0,95.27399365738205,82.0,39919.0,399.1899999999999,100.0,1000,0,1000,0.21301858290098608,902,0,0,0,0,2,0,2,0,6,0,0,1,0,2,1,40,0,0,3,0,0,0,1,0,0,0,0,0,0,0,0,40,0.2652440071105957,0.016586918383836746,0.5104676485061646,0.3242977261543274,0.02028
542,49435.0,596.0,50031.0,50031.0,0.9880873858207911,8.0,0.008,100.0,39435.0,53.0,47.0,1.0,7.0,25321.0,24114.0,636.921875,604.7279186248779,23.375,195.27208137512207,39435.0,394.3499999999995,100.0,1000,0,1000,0.21388658392243087,900,0,0,0,0,4,0,1,0,0,1,0,1,0,0,1,45,0,1,1,0,0,0,2,1,0,0,1,0,0,1,0,40,0.47758352756500244,0.029750294983386993,0.908828616142273,0.32479798793792725,0.020262
543,49491.0,462.0,49953.0,49953.0,0.9907513062278542,7.0,0.007,93.0,40191.0,46.0,47.0,3.0,4.0,22883.0,26608.0,708.752291738987,511.0,91.24770826101303,289.0,40191.0,401.91,100.0,1000,0,1000,0.21281837509013712,907,0,0,0,0,0,0,2,0,3,0,0,1,0,4,2,34,1,0,0,0,0,0,0,0,0,0,0,0,0,0,0,46,0.30016326904296875,0.022793464362621307,0.568324625492096,0.33553194999694824,0.020243999999999998
544,50356.0,1324.0,51680.0,51680.0,0.9743808049535604,15.0,0.015,95.0,40856.0,50.0,45.0,6.0,9.0,24635.0,25721.0,786.5625,519.0,13.4375,281.0,40856.0,408.55999999999943,100.0,1000,0,1000,0.2120717919897288,905,1,0,0,0,1,0,0,0,2,0,0,6,0,1,1,38,0,1,0,0,0,0,2,0,0,0,0,0,0,0,1,41,0.32863783836364746,-0.08475932478904724,0.8394902944564819,0.3138525187969208,0.020226
545,50099.0,1030.0,51129.0,51129.0,0.9798548768800485,15.0,0.015,100.0,40099.0,59.0,41.0,5.0,10.0,26598.0,23501.0,742.1021128185675,212.125,57.89788718143245,587.875,40099.0,400.98999999999955,100.0,1000,0,1000,0.21287408377975225,900,0,0,0,0,2,0,5,0,2,0,0,1,1,1,1,46,0,0,1,0,0,0,2,0,0,0,0,0,0,0,0,38,0.6087549328804016,0.07704097032546997,1.076119303703308,0.31401991844177246,0.020207999999999997
546,49164.0,685.0,49849.0,49849.0,0.9862585006720296,12.0,0.012,91.0,40064.0,47.0,44.0,5.0,7.0,25144.0,24020.0,527.703125,672.0,272.296875,128.0,40064.0,400.6400000000006,100.0,1000,0,1000,0.21387387486174703,909,0,0,0,0,0,0,2,0,2,0,0,1,0,0,0,42,0,2,0,0,0,0,0,0,0,0,0,1,0,0,0,41,0.17130781710147858,-0.028548764064908028,0.41140246391296387,0.28948256373405457,0.02019
547,50077.0,894.0,50971.0,50971.0,0.9824606148594299,11.0,0.011,93.0,40777.0,47.0,46.0,7.0,4.0,24845.0,25232.0,696.1875,497.578125,45.41796875,302.421875,40777.0,407.76999999999975,100.0,1000,0,1000,0.21212779195047915,907,1,0,0,0,0,1,0,0,3,0,1,0,0,2,0,39,0,1,0,0,0,0,3,0,1,0,0,1,0,0,0,40,0.21107064187526703,-0.06952004134654999,0.5741549730300903,0.32157477736473083,0.020172
548,49615.0,396.0,50011.0,50011.0,0.9920817420167564,8.0,0.008,95.0,40115.0,50.0,45.0,4.0,4.0,23782.0,25833.0,718.02978515625,200.25,81.97021484375,154.671875,40115.0,401.1499999999999,100.0,1000,0,1000,0.2127922500949353,905,0,0,0,0,2,0,1,1,1,2,0,0,0,0,2,41,0,0,0,0,0,0,1,0,0,0,1,1,0,0,2,40,0.07416129857301712,-0.07051395624876022,0.30047735571861267,0.27604570984840393,0.020154
549,47933.0,1109.0,49042.0,49042.0,0.9773867297418539,17.0,0.017,99.0,38033.0,52.0,47.0,13.0,4.0,23555.0,24378.0,608.7069549872873,296.65625,191.2930450127127,0.0,38033.0,380.32999999999964,100.0,1000,0,1000,0.2126327499281615,901,0,0,0,0,1,3,6,0,0,0,0,2,0,1,1,38,0,4,0,0,0,0,1,0,0,0,0,0,0,0,0,42,0.3802924156188965,-0.053060613572597504,0.876675546169281,0.2475535273551941,0.020136
550,50927.0,1349.0,52276.0,52276.0,0.9741946591169944,15.0,0.015,101.0,40827.0,50.0,51.0,10.0,5.0,23399.0,27528.0,611.90625,775.0,35.267578125,25.0,40827.0,408.2699999999998,100.0,1000,0,1000,0.21274229185655713,899,1,0,0,0,1,1,5,0,0,0,0,0,1,1,1,39,0,1,0,0,0,0,1,1,0,0,1,1,0,0,0,46,0.44767093658447266,-0.03649043291807175,0.9791426062583923,0.26891040802001953,0.020117999999999997
551,50766.0,1872.0,52638.0,52638.0,0.9644363387666705,21.0,0.021,95.0,41266.0,52.0,43.0,12.0,9.0,25795.0,24971.0,764.1148071289062,404.0,35.88519287109375,58.5,41266.0,412.6600000000008,100.0,1000,0,1000,0.2145120829809457,905,0,0,0,0,1,2,3,0,0,0,0,2,0,2,1,41,0,0,0,0,0,0,0,0,0,0,0,0,0,0,1,42,0.4529595673084259,-0.05460919439792633,1.025410532951355,0.2555485963821411,0.0201
552,49333.0,756.0,50089.0,50089.0,0.9849068657789135,13.0,0.013,87.0,40633.0,44.0,43.0,7.0,6.0,26048.0,23285.0,452.75,742.0,347.25,47.125,40633.0,406.32999999999936,100.0,1000,0,1000,0.21349304215982556,913,0,0,0,0,0,2,0,0,0,0,0,1,0,0,1,40,0,1,1,0,0,0,0,0,0,0,0,0,0,0,0,41,0.3401656150817871,-0.04056032374501228,0.7703632712364197,0.22187459468841553,0.020082
553,47917.0,1494.0,49411.0,49411.0,0.9697638177733703,17.0,0.017,88.0,39117.0,42.0,46.0,11.0,6.0,21972.0,25945.0,755.0,583.25,38.4375,216.75,39117.0,391.1699999999999,100.0,1000,0,1000,0.2138513328973204,912,0,0,0,0,2,1,2,0,1,0,0,1,0,0,0,35,0,0,0,0,0,0,0,0,0,0,0,1,0,0,0,45,0.44438040256500244,0.01593407616019249,0.8664599061012268,0.23841820657253265,0.020064
554,48616.0,924.0,49540.0,49540.0,0.981348405329027,19.0,0.019,95.0,39116.0,43.0,52.0,13.0,6.0,23297.0,25319.0,617.8929454395548,483.42340087890625,57.61981023201588,316.57659912109375,39116.0,391.15999999999974,100.0,1000,0,1000,0.2156068328768015,905,0,0,0,0,0,1,8,0,0,0,0,0,0,3,1,30,0,2,1,0,0,0,0,0,0,0,2,0,0,0,0,47,0.28171655535697937,0.02338264323771,0.5265997648239136,0.24772848188877106,0.020046
555,48995.0,971.0,49966.0,49966.0,0.9805667854140816,14.0,0.014,87.0,40295.0,40.0,47.0,11.0,3.0,22481.0,26514.0,674.0,681.0,0.0,104.125,40295.0,402.95000000000033,100.0,1000,0,1000,0.21272337506525218,913,0,0,0,0,1,1,2,0,0,0,0,0,0,0,0,36,0,1,1,0,0,0,0,0,0,0,0,0,0,0,0,45,0.3873934745788574,0.024617508053779602,0.7354214191436768,0.24639125168323517,0.020027999999999997
556,49546.0,1231.0,50777.0,50777.0,0.9757567402564153,16.0,0.016,89.0,40646.0,46.0,43.0,12.0,4.0,24900.0,24646.0,788.1052597761154,380.6875,11.894740223884583,419.3125,40646.0,406.45999999999964,100.0,1000,0,1000,0.21325874980539083,911,0,0,0,0,1,0,2,0,1,0,0,4,0,1,1,36,0,1,1,0,0,0,1,0,0,0,0,0,0,0,0,40,0.3304002583026886,0.0006690518348477781,0.6700331568717957,0.2641369104385376,0.02001
557,48995.0,749.0,49744.0,49744.0,0.9849429076873593,12.0,0.012,86.0,40395.0,43.0,43.0,9.0,3.0,24449.0,24546.0,335.6875,415.0,0.0,312.8125,40395.0,403.9499999999995,100.0,1000,0,1000,0.215110374847427,914,0,0,0,0,0,1,1,0,1,0,0,1,0,0,1,38,0,1,1,0,0,0,0,0,0,0,0,0,0,0,0,41,0.1281234472990036,-0.056748997420072556,0.3795965909957886,0.2463906705379486,0.019992
558,49173.0,931.0,50104.0,50104.0,0.981418649209644,17.0,0.017,96.0,39573.0,47.0,49.0,11.0,6.0,23530.0,25643.0,541.7716026306152,570.5,109.55709934234619,143.4375,39573.0,395.7300000000006,100.0,1000,0,1000,0.21262266603298485,904,0,0,0,0,3,2,1,0,4,0,0,2,0,0,0,35,0,0,1,0,0,1,2,0,0,0,0,0,0,0,2,43,0.22938157618045807,-0.004305320791900158,0.478286474943161,0.2731720209121704,0.019974
559,50790.0,616.0,51406.0,51406.0,0.988016963000428,12.0,0.012,92.0,41590.0,43.0,49.0,5.0,7.0,23692.0,27098.0,727.3798599243164,486.48388671875,72.6201400756836,63.657257080078125,41590.0,415.8999999999999,100.0,1000,0,1000,0.21363729215227067,908,0,0,0,0,0,0,1,0,0,0,0,1,0,3,1,37,0,2,1,0,0,0,0,0,0,0,1,0,0,0,2,43,0.22323653101921082,-0.02428470365703106,0.5063798427581787,0.28405916690826416,0.019956
560,50274.0,1106.0,51380.0,51380.0,0.9784741144414169,14.0,0.014,89.0,41374.0,45.0,44.0,5.0,9.0,25084.0,25190.0,740.0,381.0,60.0,26.1875,41374.0,413.73999999999944,100.0,1000,0,1000,0.2146440411452204,911,1,0,0,0,0,0,0,0,0,0,0,1,0,1,1,41,0,0,1,0,0,0,0,0,0,0,0,0,0,0,1,42,0.32890039682388306,-0.07531540840864182,0.8182099461555481,0.24521778523921967,0.019937999999999997
561,49034.0,993.0,50027.0,50027.0,0.9801507186119496,9.0,0.009,87.0,40334.0,45.0,42.0,6.0,3.0,24924.0,24110.0,407.0,677.0,393.0,123.0,40334.0,403.3399999999999,100.0,1000,0,1000,0.2141739169601351,913,0,0,0,1,1,1,0,0,0,0,0,0,0,0,0,42,0,1,1,0,0,0,0,0,0,0,0,0,0,0,0,40,0.5676809549331665,-0.06842689216136932,1.2816274166107178,0.23623842000961304,0.01992
562,48107.0,1329.0,49436.0,49436.0,0.9731167570191763,17.0,0.017,85.0,39607.0,43.0,42.0,6.0,11.0,24819.0,23288.0,422.0,557.625,378.0,242.375,39607.0,396.07000000000016,100.0,1000,0,1000,0.2124840000178665,915,0,0,0,0,0,0,0,0,0,0,1,0,0,2,0,40,0,0,4,0,0,0,0,0,0,0,0,0,0,1,1,36,0.44532299041748047,-0.024291710928082466,0.9493294954299927,0.2537449896335602,0.019902
563,49549.0,2887.0,52436.0,52436.0,0.944942405980624,26.0,0.026,88.0,40749.0,43.0,45.0,7.0,19.0,24454.0,25095.0,225.0,609.0,323.4375,86.78125,40749.0,407.4899999999993,100.0,1000,1,999,0.21251891599968076,912,0,0,0,0,0,0,2,0,0,0,0,0,0,0,1,40,0,0,2,0,0,0,1,1,0,0,0,0,0,0,0,41,0.643622636795044,0.04801429435610771,1.2010420560836792,0.24706590175628662,0.019884
564,47791.0,865.0,48656.0,48656.0,0.9822221308780007,15.0,0.015,83.0,39491.0,43.0,40.0,4.0,11.0,24396.0,23395.0,597.0,730.0,203.0,70.0,39491.0,394.90999999999974,100.0,1000,0,1000,0.21322324988432229,917,0,0,0,0,0,0,1,0,0,0,0,0,0,0,0,42,0,2,0,0,0,0,0,0,0,0,0,0,0,0,0,38,0.09256809204816818,-0.0628862977027893,0.32154718041419983,0.26775383949279785,0.019865999999999998
565,48534.0,1050.0,49584.0,49584.0,0.9788238141335914,14.0,0.014,84.0,40134.0,43.0,41.0,8.0,6.0,24428.0,24106.0,540.0484619140625,738.0,0.0,62.0,40134.0,401.34000000000043,100.0,1000,0,1000,0.21260512480512261,916,0,0,0,0,2,1,0,0,0,0,0,0,0,0,1,39,0,0,0,0,0,0,0,0,0,0,1,0,0,0,0,40,0.13150255382061005,-0.07937997579574585,0.43217670917510986,0.26228445768356323,0.019847999999999998
566,48301.0,788.0,49089.0,49089.0,0.9839475238851881,10.0,0.01,83.0,40001.0,44.0,39.0,6.0,4.0,26267.0,22034.0,538.578125,619.0,261.421875,147.0625,40001.0,400.01000000000045,100.0,1000,0,1000,0.21240537497214973,917,0,0,0,0,0,0,0,0,0,0,0,1,0,1,1,41,0,0,3,0,0,0,0,0,0,0,0,0,0,0,0,36,0.4668869972229004,0.03338330611586571,0.87800133228302,0.2772059142589569,0.01983
567,48050.0,967.0,49017.0,49017.0,0.9802721504784054,18.0,0.018,85.0,39550.0,45.0,40.0,10.0,8.0,24920.0,23130.0,372.484375,635.0,53.439453125,165.0,39550.0,395.50000000000006,100.0,1000,0,1000,0.2125195839907974,915,0,0,0,0,3,0,0,0,0,0,0,0,0,1,1,40,0,2,0,0,0,0,1,0,0,0,0,0,0,0,0,37,0.33464425802230835,0.04372305050492287,0.5928486585617065,0.2777670621871948,0.019811999999999996
568,50286.0,1944.0,52230.0,52230.0,0.9627800114876508,19.0,0.019,89.0,41386.0,46.0,43.0,8.0,11.0,25301.0,24985.0,683.0,620.0,117.0,180.0,41386.0,413.85999999999973,100.0,1000,0,1000,0.2123824160080403,911,0,0,0,0,1,0,2,0,0,0,0,0,0,3,0,40,0,0,0,0,0,0,0,0,0,0,0,0,0,0,1,42,0.4645869731903076,-0.05592320114374161,1.0522911548614502,0.28470349311828613,0.019794
569,48683.0,1747.0,50430.0,50430.0,0.9653579218719016,17.0,0.017,84.0,40283.0,45.0,39.0,9.0,8.0,25544.0,23139.0,576.6171875,383.5,223.3828125,416.5,40283.0,402.8299999999999,100.0,1000,0,1000,0.21190312504768372,916,0,0,0,0,2,0,0,0,1,1,0,0,0,0,0,41,0,1,0,0,0,0,0,0,0,0,0,0,0,0,0,38,0.3230874240398407,0.050435394048690796,0.5553278923034668,0.2534346580505371,0.019776000000000002
570,48612.0,735.0,49347.0,49347.0,0.9851054775366284,14.0,0.014,87.0,39912.0,48.0,39.0,2.0,12.0,24291.0,24321.0,702.0,460.140625,98.0,339.859375,39912.0,399.11999999999944,100.0,1000,0,1000,0.21801333292387426,913,0,0,0,0,1,0,1,0,1,0,0,1,0,1,1,42,0,0,0,0,0,0,0,0,0,0,2,0,0,1,0,36,0.15345945954322815,-0.06498750299215317,0.4480877220630646,0.28327304124832153,0.019757999999999998
571,49994.0,882.0,50876.0,50876.0,0.9826637314254265,10.0,0.01,93.0,40694.0,49.0,44.0,1.0,9.0,24515.0,25479.0,736.3033981323242,339.0,63.69660186767578,51.0,40694.0,406.9399999999999,100.0,1000,2,998,0.21306125004775822,907,0,0,0,0,1,2,1,0,0,0,0,0,0,1,2,42,0,1,0,0,0,0,0,0,0,0,0,0,0,0,0,43,0.45482930541038513,0.028452038764953613,0.8613454103469849,0.21760138869285583,0.01974
572,49086.0,695.0,49781.0,49781.0,0.9860388501637171,10.0,0.01,84.0,40686.0,45.0,39.0,2.0,8.0,24437.0,24649.0,694.0,492.625,71.625,307.375,40686.0,406.8600000000002,100.0,1000,0,1000,0.21259075007401407,916,0,0,0,0,0,0,0,0,1,0,1,0,0,0,1,42,0,0,0,0,0,0,1,0,0,0,1,0,0,0,0,37,0.3378300070762634,-0.008273828774690628,0.7035948038101196,0.2886910140514374,0.019722
573,50186.0,1026.0,51212.0,51212.0,0.9799656330547528,12.0,0.012,84.0,41786.0,43.0,41.0,3.0,9.0,24820.0,25366.0,527.734375,566.056884765625,272.265625,233.943115234375,41786.0,417.86000000000007,100.0,1000,0,1000,0.2128872089087963,916,0,0,0,0,0,0,0,0,0,0,0,0,0,2,0,41,0,0,1,0,0,0,0,0,0,0,0,0,0,0,2,38,0.22270004451274872,-0.018869146704673767,0.4934626519680023,0.2619844079017639,0.019704
574,49767.0,576.0,50343.0,50343.0,0.988558488767058,11.0,0.011,97.0,40067.0,52.0,45.0,6.0,5.0,26222.0,23545.0,612.1875,356.195220079273,187.8125,0.0,40067.0,400.67000000000047,100.0,1000,1,999,0.21253587491810322,903,0,0,0,0,3,0,2,0,0,0,0,0,0,0,1,46,2,0,1,0,0,0,0,0,0,0,0,0,0,0,6,36,0.11518082767724991,-0.08453364670276642,0.4101305305957794,0.2718069851398468,0.019686
575,48723.0,1431.0,50154.0,50154.0,0.9714678789328867,15.0,0.015,88.0,39923.0,44.0,44.0,6.0,9.0,24927.0,23796.0,530.4375,649.3487548828125,269.5625,9.415702819824219,39923.0,399.2299999999996,100.0,1000,2,998,0.21305229188874364,912,0,0,0,0,0,0,1,0,0,0,0,1,0,0,0,42,1,1,0,0,0,0,0,0,1,0,0,0,0,0,4,37,0.5189815759658813,0.051572732627391815,0.9440001249313354,0.2334366738796234,0.019667999999999998
576,50234.0,976.0,51210.0,51210.0,0.9809412224174966,12.0,0.012,90.0,41234.0,50.0,40.0,4.0,8.0,25582.0,24652.0,679.0,564.0,121.0,236.0,41234.0,412.34000000000003,100.0,1000,0,1000,0.21253175009042025,910,0,0,0,0,2,0,1,0,0,0,0,1,0,0,0,46,0,1,0,0,0,0,0,0,0,0,0,0,0,0,1,38,0.463798850774765,0.07050038874149323,0.7965061664581299,0.25214287638664246,0.01965
577,49125.0,1695.0,50820.0,50820.0,0.9666469893742621,24.0,0.024,90.0,40125.0,45.0,45.0,11.0,13.0,23228.0,25897.0,520.400390625,309.19403076171875,150.4498291015625,26.840951442718506,40125.0,401.2499999999998,100.0,1000,1,999,0.21275549987331033,910,1,0,0,0,0,1,2,0,1,0,0,4,0,1,1,34,0,2,1,0,0,0,0,0,0,0,0,0,0,0,6,36,0.5639097094535828,0.03443527594208717,1.0700215101242065,0.2820044457912445,0.019631999999999997
578,48143.0,1214.0,49357.0,49357.0,0.9754036914723342,15.0,0.015,89.0,39243.0,43.0,46.0,6.0,9.0,23816.0,24327.0,411.0,522.965318441391,286.5,1.0821667248383164,39243.0,392.42999999999984,100.0,1000,0,1000,0.21247054217383265,911,0,1,0,0,1,0,0,0,0,0,0,2,0,1,0,38,0,0,2,0,0,0,0,0,1,0,0,1,0,0,7,35,0.5750089883804321,0.03726274520158768,1.083693504333496,0.20905911922454834,0.019614
579,48180.0,808.0,48988.0,48988.0,0.9835061647750469,15.0,0.015,86.0,39580.0,40.0,46.0,9.0,6.0,23522.0,24658.0,521.0,584.5414877533913,279.0,215.45851224660873,39580.0,395.80000000000035,100.0,1000,1,999,0.21235454105772078,914,1,0,0,0,1,0,0,0,0,0,0,0,0,1,1,36,0,2,2,0,0,0,0,0,0,0,0,1,0,0,5,36,0.04666167125105858,-0.07985074818134308,0.26432931423187256,0.2884383499622345,0.019596
580,47963.0,695.0,48658.0,48658.0,0.985716634469152,13.0,0.013,84.0,39563.0,46.0,38.0,6.0,7.0,24677.0,23286.0,752.0,407.9375,48.0,392.0625,39563.0,395.6299999999998,100.0,1000,1,999,0.21286279102787375,916,0,1,0,0,0,0,1,1,0,0,0,3,0,2,1,37,0,0,1,0,0,0,0,1,0,0,0,0,0,0,0,36,0.3343559503555298,-0.012338810600340366,0.7028624415397644,0.24192705750465393,0.019577999999999998
581,50320.0,1051.0,51371.0,51371.0,0.9795409861595064,18.0,0.018,88.0,41520.0,46.0,42.0,4.0,14.0,24962.0,25358.0,604.0559921264648,683.0,195.94400787353516,117.0,41520.0,415.1999999999998,100.0,1000,1,999,0.21260954206809402,912,0,0,0,0,0,0,0,0,0,0,0,3,0,1,3,39,0,0,0,0,0,0,0,0,0,0,0,0,0,0,3,39,0.21613000333309174,0.05653467774391174,0.32922470569610596,0.25649431347846985,0.01956
582,48283.0,1165.0,49448.0,49448.0,0.976439896456884,14.0,0.014,89.0,39383.0,47.0,42.0,8.0,6.0,24153.0,24130.0,621.3046875,408.8466796875,44.673828125,391.1533203125,39383.0,393.8300000000001,100.0,1000,1,999,0.2139148749411106,911,0,0,0,0,0,0,2,0,0,0,0,8,1,1,1,34,0,2,0,0,0,0,1,0,0,0,0,0,0,0,1,38,0.3899672329425812,-0.02859525755047798,0.848935604095459,0.30218505859375,0.019542
583,49113.0,690.0,49803.0,49803.0,0.9861454129269321,14.0,0.014,90.0,40113.0,46.0,44.0,8.0,6.0,24290.0,24823.0,574.5625,359.607421875,225.4375,440.392578125,40113.0,401.1300000000001,100.0,1000,1,999,0.21256891707889736,910,1,0,0,0,1,0,2,1,0,0,0,3,0,0,0,38,0,0,1,0,0,0,1,0,0,0,0,0,0,0,3,39,0.18153750896453857,-0.0027081514708697796,0.3797374367713928,0.28800779581069946,0.019524
584,49116.0,737.0,49853.0,49853.0,0.985216536617656,15.0,0.015,88.0,40316.0,49.0,39.0,6.0,9.0,25455.0,23661.0,604.8105227947235,579.14453125,195.1894772052765,220.85546875,40316.0,403.1599999999998,100.0,1000,0,1000,0.21298087504692376,912,0,0,0,1,0,0,1,0,0,0,0,5,1,3,0,38,0,0,0,0,0,0,0,0,0,0,1,0,0,0,1,37,0.1588018387556076,-0.07536716759204865,0.48038139939308167,0.30870944261550903,0.019506
585,50314.0,1664.0,51978.0,51978.0,0.9679864558082265,19.0,0.019,88.0,41514.0,45.0,43.0,11.0,8.0,24466.0,25848.0,531.7109375,463.0,268.2890625,52.0,41514.0,415.14000000000044,100.0,1000,0,1000,0.212975834030658,912,0,0,0,2,0,1,1,0,0,0,0,2,0,3,0,36,0,0,0,0,0,0,0,0,0,0,0,0,0,0,3,40,0.16708357632160187,-0.08204614371061325,0.5085715055465698,0.2645740211009979,0.019488
586,48620.0,1329.0,49949.0,49949.0,0.9733928607179323,22.0,0.022,94.0,39220.0,50.0,44.0,9.0,13.0,23530.0,25090.0,620.4953776560869,630.625,179.50462234391307,21.171875,39220.0,392.2000000000002,100.0,1000,1,999,0.2127754578832537,906,0,0,0,2,0,0,1,1,0,0,0,2,0,4,4,36,0,0,1,0,0,0,0,1,0,0,0,0,0,1,1,40,0.3654538094997406,-0.0045244693756103516,0.7509973049163818,0.2835322320461273,0.01947
587,49300.0,719.0,50019.0,50019.0,0.9856254623243168,13.0,0.013,94.0,39900.0,49.0,45.0,4.0,9.0,24421.0,24879.0,732.4925537109375,595.89990234375,46.41136932373047,204.10009765625,39900.0,399.0000000000001,100.0,1000,0,1000,0.2127521662041545,906,0,0,0,1,1,0,0,0,0,0,0,11,0,1,0,35,0,0,0,0,0,0,0,1,0,0,1,2,0,0,2,39,0.4256640076637268,0.14113304018974304,0.5819577574729919,0.3314781188964844,0.019451999999999997
588,48747.0,254.0,49001.0,49001.0,0.9948164323177078,4.0,0.004,91.0,39647.0,49.0,42.0,1.0,3.0,23612.0,25135.0,670.2795825004578,419.5,16.21505218744278,380.5,39647.0,396.46999999999997,100.0,1000,1,999,0.21318754204548895,909,0,0,0,0,0,0,0,0,0,1,0,7,1,4,0,36,0,0,0,0,0,0,0,0,0,0,0,0,0,0,1,41,0.21030670404434204,0.02996045909821987,0.37112656235694885,0.2684482932090759,0.019434
589,48825.0,834.0,49659.0,49659.0,0.9832054612456956,17.0,0.017,93.0,39525.0,53.0,40.0,6.0,11.0,25200.0,23625.0,655.0406831204891,632.0,36.23982921987772,168.0,39525.0,395.25,100.0,1000,0,1000,0.2122740000486374,907,0,0,0,0,0,0,0,0,0,1,0,8,0,1,5,38,0,0,2,0,0,0,0,0,1,0,0,0,0,0,1,36,0.2568235993385315,-0.019573943689465523,0.5643985867500305,0.29881274700164795,0.019416
590,49505.0,756.0,50261.0,50261.0,0.9849585165436422,13.0,0.013,97.0,39805.0,52.0,45.0,8.0,5.0,23947.0,25558.0,684.640625,716.330078125,15.65716552734375,83.669921875,39805.0,398.04999999999933,100.0,1000,1,999,0.21248062513768673,903,0,0,1,0,2,2,1,1,1,0,0,2,0,2,2,38,1,0,0,0,0,0,1,0,0,0,0,1,0,0,2,40,0.2826540172100067,-0.046526096761226654,0.6712192296981812,0.33145177364349365,0.019398
591,49899.0,681.0,50580.0,50580.0,0.9865361803084223,13.0,0.013,100.0,39899.0,53.0,47.0,5.0,8.0,24799.0,25100.0,612.9125102020334,677.5790729224682,187.08748979796655,114.76961913518608,39899.0,398.9900000000001,100.0,1000,0,1000,0.21250295802019536,900,0,0,0,0,1,1,1,0,3,0,0,4,0,2,1,40,2,1,0,0,0,0,2,0,0,0,1,1,0,0,1,39,0.4046308696269989,-0.008824344724416733,0.8399631977081299,0.33675891160964966,0.01938
592,48956.0,1023.0,49979.0,49979.0,0.9795314031893395,16.0,0.016,101.0,38856.0,61.0,40.0,11.0,5.0,26610.0,22346.0,598.7279329664502,574.0,96.03400837919372,226.0,38856.0,388.5599999999998,100.0,1000,0,1000,0.21312487497925758,899,1,0,0,0,1,4,0,1,3,0,0,2,0,9,0,40,0,0,0,0,0,0,0,1,0,0,0,0,0,0,0,39,0.20730452239513397,-0.048001889139413834,0.5219109058380127,0.29175952076911926,0.019361999999999997
593,50278.0,1143.0,51421.0,51421.0,0.9777717275043271,13.0,0.013,99.0,40378.0,51.0,48.0,5.0,8.0,24472.0,25806.0,607.3499374389648,635.4013489484787,151.6625156402588,10.287415690720081,40378.0,403.78,100.0,1000,1,999,0.21276966598816216,901,0,0,0,0,1,1,1,0,0,1,0,4,0,1,2,40,2,1,1,0,0,0,0,0,0,0,1,0,0,0,2,41,0.6179944276809692,-0.02735694870352745,1.3043345212936401,0.3523518145084381,0.019344
594,49590.0,741.0,50331.0,50331.0,0.9852774631936579,13.0,0.013,107.0,38890.0,62.0,45.0,2.0,11.0,23977.0,25613.0,752.8212609121222,565.625,32.43538312291601,78.84375,38890.0,388.9000000000008,100.0,1000,0,1000,0.2129039999563247,893,1,4,0,1,1,0,0,0,4,0,0,0,0,5,8,38,3,1,0,0,0,0,1,0,0,0,0,1,0,0,1,38,0.3259435296058655,-0.016942279413342476,0.6973726749420166,0.300140380859375,0.019326
595,49393.0,430.0,49823.0,49823.0,0.9913694478453726,8.0,0.008,109.0,38493.0,64.0,45.0,6.0,2.0,25732.0,23661.0,754.0,728.640625,40.25,48.294921875,38493.0,384.93000000000075,100.0,1000,1,999,0.21187800006009638,891,0,6,0,4,0,3,1,1,1,0,0,1,0,4,3,40,1,1,0,0,0,0,1,0,1,0,0,0,0,2,0,39,0.24828088283538818,-0.04060565307736397,0.5880087018013,0.2650609612464905,0.019308
596,48782.0,1280.0,50062.0,50062.0,0.9744317046861891,16.0,0.016,104.0,38382.0,61.0,43.0,9.0,7.0,24162.0,24620.0,700.1397790835109,488.5,24.96505522912227,148.0390625,38382.0,383.820000000001,100.0,1000,3,997,0.21200329205021262,896,0,3,0,0,1,1,0,2,2,1,0,3,0,10,3,35,2,0,0,0,0,0,0,1,0,0,0,1,0,0,1,38,0.37911733984947205,-0.04233711585402489,0.8549824357032776,0.3129482865333557,0.01929
597,50625.0,1483.0,52108.0,52108.0,0.9715398787134413,21.0,0.021,108.0,39825.0,59.0,49.0,10.0,11.0,24805.0,25820.0,559.471062964605,406.5625,184.15496741772435,393.4375,39825.0,398.2500000000001,100.0,1000,7,993,0.21226637484505773,892,0,9,0,1,0,0,0,0,2,0,0,4,0,1,5,37,3,2,2,0,0,0,0,0,0,0,0,1,0,0,0,41,0.3546832203865051,-0.04081161320209503,0.8043980002403259,0.34787073731422424,0.019271999999999997
598,48094.0,1795.0,49889.0,49889.0,0.9640201246767824,19.0,0.019,97.0,38394.0,55.0,42.0,7.0,12.0,24356.0,23738.0,769.0990696772933,492.1834716796875,7.966646098822821,307.8165283203125,38394.0,383.94000000000074,100.0,1000,1,999,0.21262974990531802,903,0,4,0,0,2,0,2,0,0,1,0,0,0,4,3,39,2,1,1,0,0,0,0,0,0,0,0,0,0,0,1,37,0.36981770396232605,-0.03769466280937195,0.8269187211990356,0.30887091159820557,0.019254
599,49531.0,1226.0,50757.0,50757.0,0.9758456961601355,15.0,0.015,107.0,38831.0,58.0,49.0,0.0,15.0,23199.0,26332.0,591.4163355611014,536.1998338699341,129.02231649002272,247.3126557469368,38831.0,388.3099999999991,100.0,1000,0,1000,0.21205216692760587,893,0,6,0,2,2,2,0,0,1,0,0,3,0,3,3,36,4,0,0,0,0,0,2,0,0,0,0,0,0,0,1,42,0.23287959396839142,-0.028437793254852295,0.5341082215309143,0.2982286810874939,0.019236
600,48367.0,1261.0,49628.0,49628.0,0.9745909567179818,19.0,0.019,93.0,39067.0,50.0,43.0,7.0,12.0,24631.0,23736.0,678.548828125,493.3884735107422,75.906982421875,306.6115264892578,39067.0,390.67000000000024,100.0,1000,4,996,0.2148896250873804,907,0,3,0,1,1,2,0,0,0,0,0,2,0,1,1,39,4,0,0,0,0,0,1,0,0,0,0,2,0,0,0,36,0.27279892563819885,-0.03328146040439606,0.625365138053894,0.3435427248477936,0.019218
601,50391.0,722.0,51113.0,51113.0,0.9858744350752254,13.0,0.013,93.0,41091.0,49.0,44.0,7.0,6.0,24383.0,26008.0,587.3793326467276,780.0,212.62066735327244,20.0,41091.0,410.90999999999985,100.0,1000,0,1000,0.21176283294335008,907,2,2,0,1,0,2,1,0,0,0,0,1,0,0,2,38,0,1,0,0,0,0,0,0,0,0,0,1,0,0,0,42,0.23458026349544525,-0.04243858903646469,0.5655592083930969,0.3000391125679016,0.0192
602,48962.0,1498.0,50460.0,50460.0,0.9703131193024177,17.0,0.017,93.0,39662.0,49.0,44.0,10.0,7.0,24684.0,24278.0,493.0,625.337890625,287.8125,24.0,39662.0,396.62000000000035,100.0,1000,3,997,0.2121710830833763,907,2,1,0,1,2,0,0,0,0,0,0,1,0,0,0,42,2,0,0,0,0,0,0,0,0,0,1,1,0,0,0,40,0.4516104757785797,-0.15174414217472076,1.2165197134017944,0.255721777677536,0.019181999999999998
603,49442.0,630.0,50072.0,50072.0,0.9874181179102093,7.0,0.007,95.0,39942.0,52.0,43.0,4.0,3.0,25294.0,24148.0,564.7552907764912,396.4375,29.405588652938604,98.0,39942.0,399.41999999999985,100.0,1000,0,1000,0.21294883312657475,905,1,1,0,1,0,2,0,0,0,0,0,0,0,2,5,40,1,0,0,0,0,0,0,0,0,0,0,0,0,1,0,41,0.30574920773506165,-0.04798987880349159,0.7183732390403748,0.28425920009613037,0.019164
604,48707.0,967.0,49674.0,49674.0,0.9805330756532592,11.0,0.011,91.0,39607.0,46.0,45.0,5.0,6.0,22691.0,26016.0,518.57421875,766.0,169.811279296875,34.0,39607.0,396.06999999999965,100.0,1000,3,997,0.21248762495815754,909,1,2,0,1,0,2,0,0,1,0,0,0,0,1,2,36,0,0,0,0,0,0,0,0,1,0,0,1,0,0,0,43,0.3485150635242462,-0.0725075975060463,0.8535717725753784,0.30101528763771057,0.019145999999999996
605,50685.0,530.0,51215.0,51215.0,0.9896514692961047,11.0,0.011,94.0,41285.0,52.0,42.0,6.0,5.0,25982.0,24703.0,587.6817779541016,560.3125,212.31822204589844,134.82421875,41285.0,412.8499999999993,100.0,1000,1,999,0.21253850008361042,906,0,1,0,1,0,1,0,0,2,0,0,2,0,1,2,42,1,0,0,0,0,0,1,0,0,0,1,0,0,0,0,39,0.3291284441947937,0.07265610247850418,0.5246227383613586,0.30526092648506165,0.019128
606,48332.0,894.0,49226.0,49226.0,0.9818388656401089,14.0,0.014,92.0,39132.0,49.0,43.0,5.0,9.0,22946.0,25386.0,644.89794921875,612.0,139.21429443359375,188.0,39132.0,391.31999999999954,100.0,1000,2,998,0.21228512492962182,908,0,5,0,0,0,2,0,0,0,0,0,0,0,2,3,37,0,0,0,0,0,0,0,0,0,0,0,1,0,0,0,42,0.2434493452310562,-0.05065968260169029,0.5978701114654541,0.25253885984420776,0.01911
607,48314.0,1984.0,50298.0,50298.0,0.9605550916537436,23.0,0.023,90.0,39314.0,47.0,43.0,11.0,12.0,24059.0,24255.0,573.63330078125,712.0966796875,226.36669921875,82.40936279296875,39314.0,393.1399999999993,100.0,1000,3,997,0.22300479095429182,910,0,0,0,1,1,0,0,0,0,0,0,1,0,2,2,40,2,0,0,0,0,0,0,0,0,0,0,1,1,0,0,39,0.2395738810300827,-0.041728679090738297,0.5750428438186646,0.325731486082077,0.019091999999999998
608,50499.0,840.0,51339.0,51339.0,0.9836381698124234,13.0,0.013,97.0,40799.0,54.0,43.0,2.0,11.0,25944.0,24555.0,606.1792805194855,655.4708862304688,29.47597122564912,144.52911376953125,40799.0,407.9899999999996,100.0,1000,1,999,0.23651999980211258,903,0,0,0,5,0,1,0,0,0,0,0,1,0,1,3,43,3,0,1,0,0,0,0,0,0,0,0,1,0,0,1,37,0.26682934165000916,-0.06448355317115784,0.6744867563247681,0.3109196722507477,0.019074
609,49294.0,929.0,50223.0,50223.0,0.9815024988551062,12.0,0.012,105.0,38794.0,61.0,44.0,5.0,7.0,24384.0,24910.0,586.8888485273696,396.5,139.8541931539137,403.5,38794.0,387.93999999999954,100.0,1000,3,997,0.22371462499722838,895,1,9,0,3,1,1,0,0,0,0,0,2,0,0,5,39,1,1,0,0,0,0,0,1,0,0,0,0,0,0,0,41,0.32520702481269836,-0.03772116079926491,0.7382367253303528,0.32484129071235657,0.019056
610,48752.0,815.0,49567.0,49567.0,0.9835576088930135,15.0,0.015,88.0,39952.0,47.0,41.0,9.0,6.0,24717.0,24035.0,738.96875,520.0,61.03125,280.0,39952.0,399.51999999999964,100.0,1000,2,998,0.2128894159104675,912,0,0,0,2,0,0,0,0,1,0,0,0,1,1,1,41,0,0,0,0,0,0,0,1,0,0,0,0,0,0,0,40,0.18611398339271545,0.016555672511458397,0.3498177230358124,0.28104546666145325,0.019038
611,49621.0,1359.0,50980.0,50980.0,0.9733424872499019,15.0,0.015,93.0,40321.0,49.0,44.0,8.0,7.0,23853.0,25768.0,516.9896820187569,645.0,26.125644873827696,155.0,40321.0,403.2099999999995,100.0,1000,2,998,0.21301883296109736,907,0,1,0,0,1,0,0,0,1,0,0,3,0,0,3,40,1,0,0,0,0,0,0,0,0,0,0,0,0,0,0,43,0.37278589606285095,-0.04502786695957184,0.8451412320137024,0.2500966191291809,0.01902
612,49718.0,457.0,50175.0,50175.0,0.9908918784255107,8.0,0.008,92.0,40518.0,51.0,41.0,1.0,7.0,24898.0,24820.0,541.875,587.0,258.125,213.0,40518.0,405.1800000000007,100.0,1000,1,999,0.232871999964118,908,1,4,0,0,0,1,0,0,0,0,0,0,0,2,2,41,0,0,0,0,0,0,0,1,0,0,0,1,0,0,0,39,0.12299726903438568,0.00739106023684144,0.24140030145645142,0.2680743634700775,0.019001999999999998
613,50188.0,335.0,50523.0,50523.0,0.993369356530689,7.0,0.007,94.0,40788.0,51.0,43.0,3.0,4.0,25630.0,24558.0,556.83984375,488.0,30.39501953125,312.0,40788.0,407.8799999999999,100.0,1000,4,996,0.21342491707764566,906,0,3,0,2,0,0,0,0,0,0,0,0,0,2,1,43,0,0,0,0,0,0,0,1,0,0,0,0,0,0,0,42,0.19232869148254395,0.0024735084734857082,0.3894813060760498,0.2573463022708893,0.018984
614,49795.0,931.0,50726.0,50726.0,0.9816464929227615,12.0,0.012,96.0,40195.0,50.0,46.0,6.0,6.0,25547.0,24248.0,456.553466796875,425.75,40.732704162597656,210.515625,40195.0,401.94999999999993,100.0,1000,4,996,0.2125680830795318,904,0,1,0,1,0,1,1,3,0,0,0,0,0,0,1,42,0,0,0,0,0,0,1,0,0,0,0,2,0,0,0,43,0.28961795568466187,0.007496058940887451,0.5742124319076538,0.2628036141395569,0.018965999999999997
615,49734.0,718.0,50452.0,50452.0,0.9857686513914216,11.0,0.011,94.0,40334.0,47.0,47.0,5.0,6.0,24589.0,25145.0,416.375,651.58447265625,172.3681640625,148.41552734375,40334.0,403.34000000000043,100.0,1000,1,999,0.21284270798787475,906,1,1,0,0,0,0,0,1,0,1,0,2,0,1,0,40,1,0,0,0,0,0,1,0,1,0,0,1,0,1,1,41,0.17679964005947113,0.005745339207351208,0.3523437976837158,0.2700863480567932,0.018948
616,48471.0,1194.0,49665.0,49665.0,0.9759589247961341,14.0,0.014,92.0,39271.0,48.0,44.0,8.0,6.0,23912.0,24559.0,683.0625,522.0,116.9375,17.375,39271.0,392.710000000001,100.0,1000,2,998,0.21570924995467067,908,0,1,0,2,0,0,0,1,0,0,0,1,0,1,0,42,0,0,0,0,0,0,0,0,0,0,0,0,0,0,1,43,0.27031826972961426,-0.08813810348510742,0.7272294163703918,0.27249521017074585,0.01893
617,49336.0,454.0,49790.0,49790.0,0.9908817031532436,9.0,0.009,95.0,39836.0,51.0,44.0,5.0,4.0,25459.0,23877.0,758.41015625,654.0,41.58984375,146.0,39836.0,398.3600000000001,100.0,1000,3,997,0.21241724980063736,905,0,0,0,3,0,0,0,1,1,0,0,0,0,0,0,46,0,1,0,0,0,0,0,1,0,0,0,0,0,0,0,42,0.464756041765213,0.07135520130395889,0.7959252595901489,0.2412109673023224,0.018911999999999998
618,49343.0,213.0,49556.0,49556.0,0.9957018322705626,4.0,0.004,90.0,40343.0,46.0,44.0,2.0,2.0,24893.0,24450.0,589.0,277.97265625,145.0625,0.0,40343.0,403.42999999999955,100.0,1000,1,999,0.21639512502588332,910,0,0,0,1,1,0,0,1,0,0,0,0,0,0,0,43,1,1,0,0,0,0,0,0,0,0,0,0,0,0,1,41,0.11861979216337204,-0.02398526668548584,0.2950651943683624,0.2607992887496948,0.018894
619,50399.0,559.0,50958.0,50958.0,0.9890301817182778,9.0,0.009,92.0,41199.0,49.0,43.0,4.0,5.0,25902.0,24497.0,581.5625,557.0,218.4375,243.0,41199.0,411.98999999999944,100.0,1000,1,999,0.21486020809970796,908,0,2,0,0,0,0,0,0,2,0,0,0,0,0,0,45,0,0,0,0,0,0,0,0,0,0,0,0,0,0,0,43,0.15334786474704742,0.00971863605082035,0.29613396525382996,0.23510058224201202,0.018876
620,48605.0,544.0,49149.0,49149.0,0.9889316161061262,12.0,0.012,90.0,39605.0,45.0,45.0,10.0,2.0,24633.0,23972.0,668.0,320.0,57.75,480.0,39605.0,396.05000000000035,100.0,1000,5,995,0.2130617080256343,910,0,2,0,0,0,0,0,0,1,0,0,0,0,0,1,41,1,0,0,0,0,0,0,1,0,0,0,0,0,0,0,43,0.22718985378742218,0.06505626440048218,0.33260881900787354,0.22116979956626892,0.018858
621,49023.0,720.0,49743.0,49743.0,0.9855256015921838,13.0,0.013,91.0,39923.0,46.0,45.0,12.0,1.0,24395.0,24628.0,703.51806640625,581.0,12.06024169921875,219.0,39923.0,399.23,100.0,1000,1,999,0.2128817921038717,909,0,0,0,2,0,1,0,0,0,0,0,0,0,3,0,40,2,0,0,0,0,0,0,0,0,0,0,0,0,0,0,43,0.11176900565624237,-0.06186249852180481,0.3569129407405853,0.2561021149158478,0.01884
622,49105.0,591.0,49696.0,49696.0,0.9881076947842885,8.0,0.008,95.0,39605.0,52.0,43.0,3.0,5.0,25586.0,23519.0,600.8612006211188,605.0,196.19262441770115,195.0,39605.0,396.04999999999984,100.0,1000,2,998,0.21852987492457032,905,2,1,0,7,1,0,0,0,1,0,0,1,0,1,1,37,0,0,0,0,0,0,0,3,0,0,0,0,0,0,0,40,0.2735309600830078,-0.037834521383047104,0.6330966949462891,0.27536138892173767,0.018822
623,49214.0,1549.0,50763.0,50763.0,0.9694856489963162,21.0,0.021,91.0,40114.0,50.0,41.0,15.0,6.0,24765.0,24449.0,657.501220703125,556.0,32.859107971191406,244.0,40114.0,401.1400000000003,100.0,1000,2,998,0.2132930001243949,909,0,2,1,2,2,0,0,1,0,0,0,2,0,1,1,38,0,0,0,0,0,1,0,1,0,0,0,1,0,0,0,38,0.3250262141227722,-0.026630839332938194,0.7139226794242859,0.2820819318294525,0.018803999999999998
624,48201.0,1868.0,50069.0,50069.0,0.9626914857496655,22.0,0.022,91.0,39101.0,50.0,41.0,7.0,15.0,25058.0,23143.0,753.0,524.0,5.875,241.5,39101.0,391.0100000000001,100.0,1000,2,998,0.2124004999641329,909,1,0,0,3,0,2,0,0,0,0,0,0,0,2,2,40,0,2,0,0,0,0,0,0,0,1,0,2,0,0,0,36,0.2919752299785614,-0.02924111858010292,0.6513951420783997,0.23854127526283264,0.018785999999999997
625,48930.0,1151.0,50081.0,50081.0,0.9770172320840239,14.0,0.014,94.0,39530.0,51.0,43.0,9.0,5.0,24542.0,24388.0,626.00146484375,546.75,61.12481689453125,79.140625,39530.0,395.3000000000002,100.0,1000,0,1000,0.2121608341112733,906,0,0,0,5,0,1,0,0,0,0,0,0,0,2,5,38,0,0,0,0,0,0,0,0,0,0,1,1,0,0,0,41,0.33180466294288635,0.03869577497243881,0.5969724059104919,0.2865162193775177,0.018768
626,48683.0,873.0,49556.0,49556.0,0.9823835660666721,16.0,0.016,92.0,39483.0,46.0,46.0,6.0,10.0,23927.0,24756.0,616.6982421875,552.6875,183.3017578125,192.61093139648438,39483.0,394.83000000000067,100.0,1000,0,1000,0.21315887500531971,908,0,0,0,4,0,0,0,0,0,0,0,1,0,0,3,38,3,1,1,0,0,0,0,0,0,0,0,1,0,0,0,40,0.21266721189022064,0.04957028105854988,0.33618131279945374,0.26633206009864807,0.01875
627,48756.0,790.0,49546.0,49546.0,0.9840552214104065,14.0,0.014,90.0,39756.0,52.0,38.0,8.0,6.0,25817.0,22939.0,641.0312423706055,449.0,2.093254091218114,351.0,39756.0,397.5600000000007,100.0,1000,2,998,0.21227975003421307,910,1,1,0,1,0,0,0,1,0,0,0,0,0,1,6,41,2,0,0,0,0,0,0,0,0,0,0,0,0,0,0,36,0.11931116133928299,-0.05342146381735802,0.35533660650253296,0.2634887993335724,0.018732
628,50361.0,337.0,50698.0,50698.0,0.9933527949820505,6.0,0.006,101.0,40261.0,47.0,54.0,4.0,2.0,24761.0,25600.0,723.9894092679024,595.3217167854309,76.01059073209763,194.44839051365852,40261.0,402.6100000000004,100.0,1000,0,1000,0.21266416693106294,899,0,0,0,3,0,0,0,0,0,0,0,2,0,0,6,36,9,0,0,0,0,0,1,0,0,0,0,1,1,0,0,42,0.10489032417535782,-0.0942029133439064,0.4062540531158447,0.21554917097091675,0.018714
629,48697.0,705.0,49402.0,49402.0,0.9857293226994859,15.0,0.015,95.0,39197.0,44.0,51.0,10.0,5.0,24386.0,24311.0,588.0,622.2958984375,212.0,46.73150634765625,39197.0,391.9699999999998,100.0,1000,2,998,0.21316699986346066,905,1,0,0,0,0,0,0,0,0,0,0,3,0,0,1,39,2,0,0,0,0,0,0,5,0,0,0,2,0,0,1,41,0.20050513744354248,-0.017520293593406677,0.4458356499671936,0.2616811990737915,0.018695999999999997
630,49358.0,719.0,50077.0,50077.0,0.9856421111488308,13.0,0.013,90.0,40358.0,45.0,45.0,7.0,6.0,24635.0,24723.0,578.625,495.0,221.375,101.015625,40358.0,403.57999999999987,100.0,1000,1,999,0.2122278339229524,910,0,3,0,0,0,0,0,0,0,0,0,0,0,0,3,39,2,0,0,0,0,0,0,0,0,0,0,3,0,0,0,40,0.1873174011707306,-0.012376687489449978,0.40847325325012207,0.24320289492607117,0.018678
631,48987.0,2146.0,51133.0,51133.0,0.9580310171513504,23.0,0.023,88.0,40187.0,44.0,44.0,16.0,7.0,23620.0,25367.0,578.7412109375,750.578125,0.0,49.421875,40187.0,401.86999999999983,100.0,1000,2,998,0.2134958750102669,912,0,1,0,2,0,0,0,0,0,0,0,1,0,0,4,36,2,0,0,0,0,0,0,0,0,0,0,1,0,0,1,40,0.4916416108608246,-0.056719906628131866,1.1058679819107056,0.2450418472290039,0.01866
632,49802.0,606.0,50408.0,50408.0,0.9879780987144897,12.0,0.012,90.0,40802.0,47.0,43.0,3.0,9.0,25601.0,24201.0,441.25,493.0,358.75,143.90625,40802.0,408.02000000000044,100.0,1000,4,996,0.21320633287541568,910,0,2,0,0,0,2,0,0,1,0,0,0,0,0,2,40,1,0,0,0,0,0,0,1,1,0,0,0,0,0,1,39,0.03613387793302536,-0.08230967074632645,0.24653801321983337,0.2588486969470978,0.018642
633,48061.0,496.0,48557.0,48557.0,0.9897852008979138,8.0,0.008,89.0,39161.0,42.0,47.0,5.0,3.0,24007.0,24054.0,728.0,412.51953125,4.5,123.8701171875,39161.0,391.6100000000003,100.0,1000,1,999,0.21174341603182256,911,0,1,0,2,0,0,0,0,0,0,0,0,0,1,1,37,0,0,0,0,0,0,0,2,1,0,1,4,0,0,0,39,0.3480713367462158,0.09510480612516403,0.5173656940460205,0.3069325387477875,0.018623999999999998
634,49120.0,757.0,49877.0,49877.0,0.984822663752832,11.0,0.011,89.0,40220.0,43.0,46.0,5.0,6.0,24639.0,24481.0,531.0,749.9829940795898,269.0,50.017005920410156,40220.0,402.2000000000005,100.0,1000,0,1000,0.2117723748087883,911,0,0,0,0,0,0,1,0,0,0,0,1,0,0,0,41,1,0,0,0,0,0,0,2,1,0,0,2,0,0,1,39,0.30908963084220886,0.041279274970293045,0.5438921451568604,0.22227905690670013,0.018605999999999998
635,49361.0,1515.0,50876.0,50876.0,0.9702217155436749,14.0,0.014,91.0,40261.0,43.0,48.0,7.0,7.0,24766.0,24595.0,643.0,781.0,157.0,19.0,40261.0,402.61000000000024,100.0,1000,0,1000,0.21288141701370478,909,0,0,0,0,0,1,0,0,0,0,0,0,0,0,1,41,1,0,0,0,0,0,0,0,1,0,0,2,0,0,0,44,0.353608638048172,0.03441818803548813,0.6469427347183228,0.2303052395582199,0.018588
636,49906.0,902.0,50808.0,50808.0,0.9822468902535034,14.0,0.014,94.0,40506.0,48.0,46.0,6.0,8.0,24405.0,25501.0,560.3805663585663,710.0625,239.61943364143372,44.96875,40506.0,405.05999999999966,100.0,1000,3,997,0.2129004169255495,906,0,2,0,0,0,1,1,0,0,0,0,2,0,1,1,40,0,0,0,0,0,0,0,2,0,0,0,2,0,0,0,42,0.2113020420074463,0.05752458795905113,0.31643763184547424,0.2391686588525772,0.01857
637,49377.0,325.0,49702.0,49702.0,0.9934610277252425,6.0,0.006,97.0,39677.0,45.0,52.0,5.0,1.0,24317.0,25060.0,556.580078125,664.3009033203125,243.419921875,127.21790313720703,39677.0,396.7699999999997,100.0,1000,2,998,0.21139345783740282,903,0,0,0,2,0,0,0,1,0,0,1,1,0,0,0,40,2,0,0,0,0,0,1,1,0,0,0,2,0,0,0,46,0.2495429962873459,0.039170730859041214,0.4289110004901886,0.22009630501270294,0.018552
638,48835.0,1148.0,49983.0,49983.0,0.9770321909449212,12.0,0.012,86.0,40235.0,39.0,47.0,7.0,5.0,23408.0,25427.0,687.0,681.0,113.0,119.0,40235.0,402.3499999999991,100.0,1000,0,1000,0.21338195796124637,914,0,1,0,0,0,0,0,0,0,0,0,0,0,0,0,38,0,0,0,0,0,0,0,0,0,0,0,1,0,0,0,46,0.2572571933269501,-0.10105370730161667,0.7258825898170471,0.24983163177967072,0.018534
639,49304.0,516.0,49820.0,49820.0,0.9896427137695705,7.0,0.007,91.0,40204.0,43.0,48.0,6.0,1.0,24720.0,24584.0,442.1875,615.5,0.0,92.25,40204.0,402.04000000000053,100.0,1000,2,998,0.21246754191815853,909,0,0,0,0,0,0,0,1,0,0,0,0,0,0,1,41,1,0,0,0,0,0,0,1,0,0,0,1,0,0,0,45,0.25490236282348633,-0.029280822724103928,0.5765533447265625,0.22107954323291779,0.018515999999999998
640,47868.0,1782.0,49650.0,49650.0,0.9641087613293051,13.0,0.013,88.0,39068.0,41.0,47.0,5.0,8.0,23597.0,24271.0,526.625,686.0,273.375,114.0,39068.0,390.6799999999995,100.0,1000,1,999,0.21622841688804328,912,0,0,0,0,0,0,0,0,0,0,0,0,0,0,2,39,0,0,0,0,0,0,2,1,0,0,0,0,0,0,0,44,0.321281760931015,-0.022809982299804688,0.6963863372802734,0.22172270715236664,0.018498
641,49272.0,727.0,49999.0,49999.0,0.9854597091941839,10.0,0.01,87.0,40572.0,41.0,46.0,6.0,4.0,24379.0,24893.0,645.0,403.375,155.0,29.0,40572.0,405.7199999999992,100.0,1000,1,999,0.21439000009559095,913,0,0,0,0,0,0,0,0,0,0,0,0,0,1,0,40,1,0,0,0,0,0,0,0,0,0,1,1,0,0,0,43,0.13297422230243683,-0.08633437752723694,0.44722267985343933,0.23283229768276215,0.018479999999999996
642,48615.0,522.0,49137.0,49137.0,0.9893766408205629,8.0,0.008,85.0,40115.0,40.0,45.0,1.0,7.0,23875.0,24740.0,559.0,730.0,241.0,70.0,40115.0,401.1500000000003,100.0,1000,0,1000,0.21186850010417402,915,0,1,0,0,0,0,0,0,0,0,0,0,0,0,2,37,1,0,0,0,0,0,0,1,0,0,0,0,0,0,0,43,0.4435834586620331,0.08587117493152618,0.7244075536727905,0.24328258633613586,0.018462
643,49712.0,252.0,49964.0,49964.0,0.9949563685853815,4.0,0.004,95.0,40212.0,49.0,46.0,3.0,1.0,25942.0,23770.0,583.0625,576.75,216.9375,13.953125,40212.0,402.1199999999994,100.0,1000,1,999,0.2115525840781629,905,1,0,0,0,1,0,0,0,0,0,0,1,0,0,2,44,0,0,0,0,0,0,0,0,0,0,0,1,0,0,1,44,0.43374040722846985,0.03666374459862709,0.8019919991493225,0.21249926090240479,0.018444
644,48234.0,677.0,48911.0,48911.0,0.9861585328453722,10.0,0.01,85.0,39734.0,43.0,42.0,4.0,6.0,24465.0,23769.0,703.0,559.5,97.0,240.5,39734.0,397.3400000000005,100.0,1000,3,997,0.21251674997620285,915,0,0,0,0,0,0,0,0,0,0,0,0,0,0,0,43,0,0,0,0,0,0,0,1,1,0,0,0,0,0,0,40,0.30134472250938416,0.002878980478271842,0.6070244908332825,0.27388083934783936,0.018425999999999998
645,49930.0,429.0,50359.0,50359.0,0.9914811652336226,8.0,0.008,94.0,40530.0,44.0,50.0,4.0,4.0,24237.0,25693.0,429.25,661.875,110.359375,0.0,40530.0,405.30000000000047,100.0,1000,0,1000,0.21270541683770716,906,0,0,0,3,0,0,0,0,0,0,0,0,0,0,3,38,1,2,1,0,0,0,0,1,0,0,0,0,0,0,0,45,0.15038397908210754,-0.08039432018995285,0.4692468047142029,0.20888160169124603,0.018408
646,49788.0,943.0,50731.0,50731.0,0.9814117600678086,12.0,0.012,85.0,41288.0,46.0,39.0,8.0,4.0,25027.0,24761.0,470.546875,564.0,108.101806640625,236.0,41288.0,412.87999999999977,100.0,1000,0,1000,0.21335362503305078,915,0,1,0,1,0,0,0,1,1,0,0,0,0,0,3,39,0,0,0,0,0,0,0,0,0,0,0,0,0,0,0,39,0.293850839138031,0.021136267110705376,0.5540485382080078,0.23434987664222717,0.018389999999999997
647,50025.0,1198.0,51223.0,51223.0,0.97661206879722,19.0,0.019,87.0,41325.0,46.0,41.0,9.0,10.0,24889.0,25136.0,446.0,633.1875,58.6875,166.8125,41325.0,413.24999999999955,100.0,1000,1,999,0.2123022919986397,913,0,0,0,0,1,1,0,0,0,0,0,0,0,0,2,42,0,0,0,0,0,0,1,1,0,0,0,0,0,0,0,39,0.15230372548103333,-0.00681038573384285,0.32679063081741333,0.2330285757780075,0.018372
648,49156.0,345.0,49501.0,49501.0,0.9930304438294176,6.0,0.006,88.0,40356.0,44.0,44.0,5.0,1.0,25557.0,23599.0,494.875,701.0,305.125,99.0,40356.0,403.56000000000034,100.0,1000,0,1000,0.21475141705013812,912,0,0,0,1,0,0,0,0,0,0,0,2,0,0,0,41,0,0,0,0,0,0,0,2,2,0,1,0,0,0,0,39,0.19397392868995667,0.015196091495454311,0.3651307225227356,0.20635896921157837,0.018354
649,51340.0,585.0,51925.0,51925.0,0.9887337506018296,11.0,0.011,92.0,42140.0,44.0,48.0,8.0,3.0,25169.0,26171.0,723.0,529.95703125,77.0,270.04296875,42140.0,421.3999999999995,100.0,1000,0,1000,0.2123359169345349,908,0,0,0,0,0,0,0,0,0,0,1,1,0,0,2,40,6,0,0,0,0,0,0,0,1,0,0,0,0,0,1,40,0.35602235794067383,0.07080597430467606,0.5802408456802368,0.2674544155597687,0.018335999999999998
650,50330.0,1651.0,51981.0,51981.0,0.9682383947980993,16.0,0.016,92.0,41130.0,49.0,43.0,8.0,8.0,24371.0,25959.0,475.0697468832368,696.0,0.0,104.0,41130.0,411.29999999999995,100.0,1000,0,1000,0.212398833129555,908,0,3,0,2,0,0,0,0,0,0,0,0,0,1,7,36,0,0,0,0,0,0,0,1,0,0,0,0,1,0,0,41,0.31102344393730164,-0.0033083208836615086,0.6362794041633606,0.20787999033927917,0.018318
651,48988.0,442.0,49430.0,49430.0,0.9910580619057253,8.0,0.008,90.0,39988.0,45.0,45.0,6.0,2.0,24350.0,24638.0,462.19140625,723.541015625,0.0,71.6802978515625,39988.0,399.87999999999977,100.0,1000,1,999,0.21232425002381206,910,0,0,0,2,0,0,0,0,0,0,0,1,0,0,4,38,1,0,0,0,0,0,0,1,3,0,0,0,0,0,0,40,0.1885041892528534,0.02385503612458706,0.3395640254020691,0.2804836630821228,0.018299999999999997
652,47575.0,1245.0,48820.0,48820.0,0.9744981564932405,19.0,0.019,95.0,38075.0,45.0,50.0,8.0,11.0,23176.0,24399.0,547.7150268554688,663.1477253076648,2.333144426345825,59.87287017789663,38075.0,380.75000000000006,100.0,1000,2,998,0.21597445895895362,905,0,0,0,3,0,0,1,0,0,0,0,0,0,0,5,36,2,0,0,0,0,0,0,0,11,0,0,1,0,0,0,36,0.241516575217247,-0.02140709012746811,0.533775269985199,0.21682356297969818,0.018282
653,47289.0,1272.0,48561.0,48561.0,0.9738061407302157,18.0,0.018,94.0,37889.0,44.0,50.0,11.0,7.0,23776.0,23513.0,630.137939453125,612.8415985107422,169.862060546875,58.46391278505325,37889.0,378.8900000000004,100.0,1000,1,999,0.2143332080449909,906,1,0,0,0,1,0,0,0,0,0,0,0,0,0,3,39,2,0,0,0,0,0,2,0,5,0,1,0,0,0,2,38,0.3142435550689697,0.011416344903409481,0.6164888143539429,0.2966054379940033,0.018264
654,47828.0,1531.0,49359.0,49359.0,0.9689823537754007,21.0,0.021,86.0,39228.0,47.0,39.0,4.0,17.0,24987.0,22841.0,699.125,537.0,100.875,263.0,39228.0,392.28000000000003,100.0,1000,0,1000,0.21325383288785815,914,0,0,0,0,0,1,0,0,1,0,0,1,0,0,5,39,0,0,0,0,0,0,0,0,2,0,0,2,0,0,0,35,0.28527435660362244,-0.13191412389278412,0.842032790184021,0.20979447662830353,0.018246
655,48782.0,625.0,49407.0,49407.0,0.9873499706519319,13.0,0.013,95.0,39282.0,44.0,51.0,7.0,6.0,24349.0,24433.0,477.2294921875,639.3941345214844,322.7705078125,36.41668692231178,39282.0,392.8199999999998,100.0,1000,1,999,0.2119604169856757,905,0,0,0,0,0,0,0,0,0,0,0,1,0,0,2,41,2,0,0,0,0,0,0,0,9,0,0,1,0,0,0,39,0.23143988847732544,0.04415776953101158,0.3856067657470703,0.3029005229473114,0.018228
656,48465.0,1098.0,49563.0,49563.0,0.9778463773379336,12.0,0.012,96.0,38865.0,45.0,51.0,5.0,7.0,24462.0,24003.0,584.5925731658936,772.5023302144982,61.0,12.03023053115703,38865.0,388.6499999999996,100.0,1000,0,1000,0.21271137497387826,904,0,2,0,1,0,0,0,0,0,0,0,1,1,1,1,38,1,0,0,0,0,0,0,1,7,1,0,1,0,1,1,38,0.4205057621002197,0.018356237560510635,0.8136477470397949,0.2566905915737152,0.018209999999999997
657,47328.0,1388.0,48716.0,48716.0,0.9715083340175712,18.0,0.018,92.0,38128.0,41.0,51.0,16.0,2.0,23669.0,23659.0,709.0,583.5074787307458,5.6875,202.96173868992582,38128.0,381.2799999999998,100.0,1000,1,999,0.2126484999898821,908,0,1,0,0,0,1,0,0,0,0,0,0,0,0,3,36,2,1,0,0,0,0,1,2,8,0,0,0,0,1,1,35,0.6803354024887085,-0.049976423382759094,1.4721639156341553,0.3171793818473816,0.018192
658,49793.0,881.0,50674.0,50674.0,0.9826143584481194,16.0,0.016,88.0,40993.0,43.0,45.0,5.0,11.0,24646.0,25147.0,666.0234375,481.0,36.8720703125,54.0,40993.0,409.9299999999998,100.0,1000,2,998,0.2128205420449376,912,0,0,0,0,0,1,0,0,0,0,0,2,0,1,1,38,0,0,0,0,0,0,0,1,2,0,0,0,0,0,1,41,0.2756788730621338,0.051278941333293915,0.4574456512928009,0.2378610074520111,0.018174
659,49393.0,454.0,49847.0,49847.0,0.9908921299175477,6.0,0.006,88.0,40593.0,46.0,42.0,3.0,3.0,26219.0,23174.0,661.0146484375,666.53515625,138.9853515625,133.46484375,40593.0,405.9299999999996,100.0,1000,1,999,0.21193787502124906,912,1,0,0,0,0,0,0,0,0,0,0,0,0,0,3,42,0,0,0,0,0,0,0,0,1,0,0,0,0,0,1,40,0.24836523830890656,-0.06950151175260544,0.6434586644172668,0.2127440869808197,0.018156
660,50393.0,1278.0,51671.0,51671.0,0.9752665905440189,16.0,0.016,85.0,41893.0,38.0,47.0,10.0,6.0,23621.0,26772.0,611.0,625.0,189.0,175.0,41893.0,418.92999999999984,100.0,1000,3,997,0.21312908292748034,915,0,0,0,0,0,1,0,0,0,0,0,0,0,0,0,37,0,1,0,0,0,0,0,0,0,0,0,0,0,0,0,46,0.17701520025730133,-0.1095849871635437,0.5817693471908569,0.23621562123298645,0.018137999999999998
661,49631.0,621.0,50252.0,50252.0,0.9876422828942132,11.0,0.011,84.0,41231.0,40.0,44.0,6.0,5.0,24362.0,25269.0,494.875,539.0,305.125,16.3125,41231.0,412.31000000000023,100.0,1000,0,1000,0.2132212498690933,916,0,0,0,0,0,0,0,0,0,0,0,0,0,0,2,38,0,0,0,0,0,0,0,0,0,0,0,0,0,0,1,43,0.23504120111465454,0.06627211719751358,0.3462870717048645,0.24141517281532288,0.018119999999999997
662,50549.0,556.0,51105.0,51105.0,0.9891204383132766,9.0,0.009,86.0,41949.0,42.0,44.0,7.0,2.0,25871.0,24678.0,750.78515625,488.0,49.21484375,312.0,41949.0,419.4899999999998,100.0,1000,0,1000,0.21348483278416097,914,0,0,0,0,0,0,0,0,0,0,0,0,0,0,2,40,1,0,0,0,0,0,0,0,0,0,0,0,0,0,0,43,0.21057522296905518,-0.07265640795230865,0.5759860873222351,0.26303204894065857,0.018102
663,49561.0,1176.0,50737.0,50737.0,0.9768216488952836,11.0,0.011,90.0,40561.0,47.0,43.0,7.0,4.0,26593.0,22968.0,761.45703125,323.0,38.54296875,0.0,40561.0,405.61000000000035,100.0,1000,4,996,0.21230562520213425,910,0,0,0,0,1,0,0,0,0,0,0,1,0,0,1,44,0,0,0,0,0,0,0,0,1,0,0,0,0,0,0,42,0.5454891920089722,-0.016143549233675003,1.1317908763885498,0.23571567237377167,0.018083999999999996
664,49330.0,402.0,49732.0,49732.0,0.9919166733692593,7.0,0.007,83.0,41030.0,43.0,40.0,5.0,2.0,25066.0,24264.0,647.0,475.0,153.0,325.0,41030.0,410.3000000000001,100.0,1000,3,997,0.21212774980813265,917,1,0,0,0,0,0,0,0,0,0,1,0,0,0,0,41,0,0,0,0,0,0,0,0,1,0,0,0,0,0,0,39,0.18618042767047882,-0.03508011996746063,0.4524858295917511,0.27578696608543396,0.018066
665,48580.0,656.0,49236.0,49236.0,0.9866764156308392,9.0,0.009,85.0,40080.0,42.0,43.0,6.0,3.0,23909.0,24671.0,735.0,642.0625,65.0,157.9375,40080.0,400.8000000000003,100.0,1000,4,996,0.21268941718153656,915,0,0,0,0,0,0,0,0,0,0,0,0,0,0,0,42,0,0,0,0,0,0,0,0,3,0,0,0,0,0,0,40,0.27337369322776794,-0.029293334111571312,0.6140626668930054,0.2418166548013687,0.018048
666,47954.0,877.0,48831.0,48831.0,0.9820400974790604,15.0,0.015,84.0,39554.0,42.0,42.0,8.0,7.0,23525.0,24429.0,672.0,545.0,96.0,255.0,39554.0,395.5399999999997,100.0,1000,5,995,0.2131697500590235,916,0,0,0,1,0,0,0,0,0,0,0,0,0,1,0,40,1,0,0,0,0,0,0,0,1,0,0,0,0,0,0,40,0.5352166891098022,0.04500985145568848,0.9885581731796265,0.22586049139499664,0.018029999999999997
667,49829.0,1049.0,50878.0,50878.0,0.9793820511812571,13.0,0.013,86.0,41229.0,42.0,44.0,9.0,4.0,24551.0,25278.0,695.0,299.15869140625,105.0,32.0,41229.0,412.2900000000004,100.0,1000,1,999,0.21204541600309312,914,0,0,0,0,0,0,0,0,0,0,0,0,0,0,0,42,1,0,0,0,0,0,0,0,3,0,0,0,0,0,0,40,0.3131883442401886,-0.09268315136432648,0.8205825090408325,0.24537909030914307,0.018012
668,49886.0,777.0,50663.0,50663.0,0.9846633637960642,13.0,0.013,90.0,40886.0,45.0,45.0,6.0,7.0,25651.0,24235.0,675.0,643.6464191973209,109.375,156.35358080267906,40886.0,408.85999999999984,100.0,1000,0,1000,0.21320029185153544,910,1,1,0,0,0,0,0,0,0,0,0,1,0,1,1,40,3,0,0,0,0,0,2,0,1,0,1,1,0,1,0,36,0.34246233105659485,-0.0023961931001394987,0.6979312300682068,0.22824761271476746,0.017994
669,49262.0,518.0,49780.0,49780.0,0.9895942145439935,10.0,0.01,88.0,40462.0,40.0,48.0,5.0,5.0,23145.0,26117.0,395.4140625,572.6475219726562,0.0,14.209529876708984,40462.0,404.6200000000007,100.0,1000,1,999,0.2125637079589069,912,1,1,0,0,0,0,0,0,1,0,0,0,0,0,0,37,2,0,0,0,0,0,0,1,1,0,0,0,0,1,3,40,0.22197851538658142,0.00365213374607265,0.447990745306015,0.3153649568557739,0.017976
670,47477.0,1693.0,49170.0,49170.0,0.9655684360382347,18.0,0.018,88.0,38677.0,43.0,45.0,12.0,6.0,23342.0,24135.0,590.5498046875,585.3125,166.337646484375,120.92578125,38677.0,386.7700000000001,100.0,1000,4,996,0.21235320786945522,912,0,0,0,1,1,0,0,0,2,0,0,3,0,0,0,36,0,0,0,0,0,0,1,0,3,0,0,1,0,0,0,40,0.446973979473114,0.03932023048400879,0.8228371143341064,0.20964594185352325,0.017958
671,49531.0,1126.0,50657.0,50657.0,0.9777720749353495,13.0,0.013,91.0,40431.0,50.0,41.0,6.0,7.0,24753.0,24778.0,799.9398744106293,301.375,0.003757849335670471,498.625,40431.0,404.31,100.0,1000,3,997,0.21212312509305775,909,0,0,0,0,0,1,0,0,1,0,0,4,0,0,4,40,0,0,0,0,0,0,2,1,1,0,0,1,0,0,0,36,0.6207567453384399,0.06619191914796829,1.119846224784851,0.29867690801620483,0.017939999999999998
672,50052.0,876.0,50928.0,50928.0,0.982799245994345,15.0,0.015,93.0,40752.0,48.0,45.0,5.0,10.0,25271.0,24781.0,473.0,561.5,56.203125,238.5,40752.0,407.5200000000005,100.0,1000,4,996,0.21273541590198874,907,0,0,0,0,1,0,0,0,1,0,0,4,0,0,2,40,0,0,0,0,0,0,1,1,2,0,0,0,0,0,0,41,0.3597774803638458,0.05239132419228554,0.623883843421936,0.25419923663139343,0.017922
673,48569.0,1000.0,49569.0,49569.0,0.9798261009905385,17.0,0.017,86.0,39969.0,44.0,42.0,9.0,8.0,24116.0,24453.0,494.4816634654999,761.0,19.094896033406258,39.0,39969.0,399.6900000000001,100.0,1000,2,998,0.21296450006775558,914,0,0,0,1,1,2,0,0,0,0,0,1,0,1,3,35,0,0,0,0,0,0,0,0,1,0,0,0,0,1,0,40,0.17224134504795074,-0.04418424889445305,0.4419165253639221,0.2531648278236389,0.017903999999999996
674,49830.0,651.0,50481.0,50481.0,0.9871040589528733,12.0,0.012,92.0,40630.0,50.0,42.0,4.0,8.0,25628.0,24202.0,649.9619140625,445.625,59.259521484375,192.6875,40630.0,406.2999999999999,100.0,1000,2,998,0.21212895796634257,908,0,0,0,1,0,0,1,0,0,0,0,5,0,0,1,42,0,0,0,0,0,0,0,1,2,0,0,1,0,0,0,38,0.4151739776134491,0.038286350667476654,0.7650426626205444,0.31497922539711,0.017886
675,49701.0,550.0,50251.0,50251.0,0.9890549441802153,11.0,0.011,94.0,40301.0,53.0,41.0,2.0,9.0,25260.0,24441.0,715.8539106696844,407.5,8.217391536163632,392.5,40301.0,403.0099999999998,100.0,1000,6,994,0.21208391594700515,906,0,0,0,0,0,0,0,0,0,0,7,1,0,0,2,43,0,0,0,0,0,0,0,1,0,0,0,0,0,0,0,40,0.22938865423202515,-0.007360898423939943,0.48347631096839905,0.2791920304298401,0.017868000000000002
676,49752.0,361.0,50113.0,50113.0,0.9927962804062818,6.0,0.006,99.0,39852.0,55.0,44.0,3.0,3.0,25523.0,24229.0,712.5422106743097,546.0,27.33055916427822,254.0,39852.0,398.5199999999992,100.0,1000,1,999,0.21280483296141028,901,1,0,0,1,0,0,0,0,0,0,14,0,0,0,0,39,1,0,0,0,0,0,0,0,1,0,0,0,0,0,0,42,0.36327093839645386,-0.012888116762042046,0.7625479698181152,0.2865515649318695,0.017849999999999998
677,47580.0,1159.0,48739.0,48739.0,0.9762202753441802,10.0,0.01,91.0,38480.0,52.0,39.0,5.0,5.0,24374.0,23206.0,626.8833063998318,499.0,4.226481777347857,301.0,38480.0,384.80000000000086,100.0,1000,4,996,0.21358129219152033,909,0,0,0,0,0,0,1,0,0,0,8,3,0,0,1,39,0,0,0,0,0,0,0,0,0,0,0,0,0,0,0,39,0.34324678778648376,0.06364674121141434,0.5678001642227173,0.24114073812961578,0.017832
678,48020.0,717.0,48737.0,48737.0,0.9852883845948663,14.0,0.014,94.0,38620.0,56.0,38.0,5.0,9.0,24456.0,23564.0,647.6612691339105,458.0,7.938804042544234,342.0,38620.0,386.20000000000016,100.0,1000,4,996,0.21526249987073243,906,1,1,0,1,1,0,1,0,0,0,9,2,0,0,0,40,0,0,0,0,0,0,0,0,0,0,0,0,0,0,0,38,0.17691540718078613,0.018216373398900032,0.32784798741340637,0.29330646991729736,0.017814
679,50396.0,1306.0,51702.0,51702.0,0.9747398553247456,9.0,0.009,94.0,40996.0,53.0,41.0,4.0,5.0,24583.0,25813.0,642.8057005874655,523.0,22.011162052005332,277.0,40996.0,409.9600000000007,100.0,1000,1,999,0.22601049998775125,906,0,1,0,0,0,0,0,0,1,0,13,0,0,0,0,38,0,0,0,0,0,0,0,0,0,0,0,1,0,0,0,40,0.47413501143455505,-0.022373192012310028,1.0015949010849,0.2410224825143814,0.017796
680,49429.0,1026.0,50455.0,50455.0,0.9796650480626301,18.0,0.018,94.0,40029.0,50.0,44.0,9.0,9.0,22664.0,26765.0,647.1692888145533,765.0,146.07209724545208,15.3125,40029.0,400.28999999999917,100.0,1000,2,998,0.2156928749755025,906,0,0,0,0,0,0,1,0,0,0,8,3,0,0,2,36,0,0,0,0,0,0,0,0,1,0,0,0,0,0,0,43,0.34491392970085144,0.022130832076072693,0.6556974053382874,0.28493526577949524,0.017778
681,51436.0,110.0,51546.0,51546.0,0.9978659837814767,3.0,0.003,98.0,41636.0,56.0,42.0,0.0,3.0,25852.0,25584.0,681.526146497375,764.0,37.02307921957032,36.0,41636.0,416.3600000000001,100.0,1000,1,999,0.2132920001167804,902,0,0,0,0,0,1,0,0,0,0,11,1,0,0,1,42,0,0,0,0,0,0,0,1,0,0,0,0,0,0,0,41,0.2852064371109009,-0.0697546899318695,0.718157172203064,0.23183928430080414,0.017759999999999998
682,49588.0,611.0,50199.0,50199.0,0.9878284427976652,11.0,0.011,95.0,40088.0,53.0,42.0,3.0,8.0,24371.0,25217.0,744.0588354586221,213.0,17.481613919180617,37.0,40088.0,400.8800000000002,100.0,1000,3,997,0.21317712496966124,905,0,2,1,0,0,0,0,0,1,0,9,0,0,0,1,39,0,1,0,0,0,0,1,0,1,0,0,0,0,0,0,39,0.06846944242715836,-0.1083647608757019,0.3630267083644867,0.26373299956321716,0.017742
683,48853.0,722.0,49575.0,49575.0,0.985436207766011,13.0,0.013,89.0,39953.0,52.0,37.0,6.0,7.0,25873.0,22980.0,686.8146820068359,565.625,66.99541187286377,234.375,39953.0,399.5300000000001,100.0,1000,2,998,0.21367695787921548,911,0,0,0,0,0,0,0,0,0,0,7,0,0,0,3,42,0,0,0,0,0,0,0,0,0,0,1,0,0,0,1,35,0.0543798953294754,-0.03410546854138374,0.1884031444787979,0.3225123882293701,0.017723999999999997
684,49679.0,420.0,50099.0,50099.0,0.9916165991337152,7.0,0.007,92.0,40479.0,51.0,41.0,2.0,5.0,25277.0,24402.0,716.0,385.3125,26.25,0.0,40479.0,404.78999999999985,100.0,1000,0,1000,0.2127969169523567,908,0,0,0,0,0,1,0,0,0,0,6,0,0,0,2,42,0,0,0,0,0,0,0,0,0,0,1,0,0,0,0,40,0.04012848064303398,-0.04572040215134621,0.1805567741394043,0.2501697242259979,0.017706
685,49287.0,97.0,49384.0,49384.0,0.9980358010691722,3.0,0.003,92.0,40087.0,49.0,43.0,1.0,2.0,23549.0,25738.0,645.8081073760986,572.0,154.19189262390137,228.0,40087.0,400.8699999999996,100.0,1000,0,1000,0.21268116706050932,908,1,0,0,0,0,0,0,0,0,0,4,0,1,0,4,39,0,0,0,0,0,0,0,1,0,0,0,0,0,0,0,42,0.03392472118139267,-0.05888839066028595,0.1934451162815094,0.22102239727973938,0.017688
686,49242.0,494.0,49736.0,49736.0,0.9900675566993727,8.0,0.008,91.0,40142.0,50.0,41.0,2.0,6.0,24422.0,24820.0,682.8441579341888,566.0,36.61120064556599,234.0,40142.0,401.4199999999998,100.0,1000,0,1000,0.21315858303569257,909,0,1,0,0,0,0,0,0,0,0,4,2,0,0,2,41,0,0,0,0,0,0,1,0,0,0,0,0,0,0,0,40,0.09041593223810196,-0.06094500795006752,0.3106721341609955,0.22496499121189117,0.017669999999999998
687,49579.0,429.0,50008.0,50008.0,0.9914213725803871,7.0,0.007,90.0,40579.0,47.0,43.0,1.0,6.0,24331.0,25248.0,531.375,659.625,8.197784423828125,140.375,40579.0,405.79000000000013,100.0,1000,2,998,0.21268250001594424,910,0,0,0,0,0,0,0,0,0,0,4,0,0,0,1,42,0,0,0,0,0,0,0,0,0,0,0,0,0,0,1,42,0.029250048100948334,-0.08426103740930557,0.23465919494628906,0.21632176637649536,0.017652
688,49279.0,335.0,49614.0,49614.0,0.993247873584069,6.0,0.006,87.0,40579.0,45.0,42.0,1.0,5.0,22970.0,26309.0,738.0,483.0,49.625,317.0,40579.0,405.7900000000002,100.0,1000,0,1000,0.21487000002525747,913,0,0,0,0,0,0,0,0,0,0,2,0,0,1,1,41,0,0,0,0,0,0,0,0,0,0,0,0,0,0,0,42,0.12551888823509216,-0.043656058609485626,0.3466945290565491,0.23660677671432495,0.017633999999999997
689,48958.0,778.0,49736.0,49736.0,0.9843574071095383,7.0,0.007,91.0,39858.0,47.0,44.0,0.0,7.0,23371.0,25587.0,639.189697265625,570.4697418212891,69.50321960449219,229.53025817871094,39858.0,398.57999999999925,100.0,1000,1,999,0.2126682091038674,909,0,0,0,0,0,0,0,0,0,0,5,2,0,0,1,39,0,0,0,0,0,0,2,0,2,0,0,0,0,0,0,40,0.432707279920578,-0.009659778326749802,0.8921861052513123,0.21151180565357208,0.017616
690,49861.0,877.0,50738.0,50738.0,0.9827151247585636,13.0,0.013,86.0,41261.0,46.0,40.0,5.0,8.0,24564.0,25297.0,667.51171875,230.0,33.1220703125,0.0,41261.0,412.6100000000001,100.0,1000,1,999,0.21270670904777944,914,0,0,0,0,0,0,0,0,0,0,0,1,0,0,2,43,1,0,0,0,0,0,0,0,0,0,0,0,0,0,0,39,0.21164941787719727,-0.0045789736323058605,0.44018223881721497,0.2194981426000595,0.017598
691,48934.0,415.0,49349.0,49349.0,0.9915905084196235,9.0,0.009,83.0,40634.0,44.0,39.0,4.0,5.0,24090.0,24844.0,500.75,660.0,299.25,140.0,40634.0,406.3400000000002,100.0,1000,2,998,0.21295695891603827,917,1,0,0,0,0,0,0,0,0,0,1,0,0,0,0,42,0,0,0,0,0,0,0,0,0,0,0,0,0,0,0,39,0.23165081441402435,-0.015295533463358879,0.5007325410842896,0.1945345252752304,0.01758
692,49237.0,667.0,49904.0,49904.0,0.9866343379288234,10.0,0.01,83.0,40937.0,42.0,41.0,1.0,9.0,23335.0,25902.0,599.0,687.0,201.0,113.0,40937.0,409.36999999999983,100.0,1000,0,1000,0.21197533304803073,917,0,0,0,0,0,0,0,0,0,0,0,0,0,0,1,41,0,0,0,0,0,0,0,0,0,0,0,0,0,0,0,41,0.2822794020175934,-0.03683881834149361,0.6459488868713379,0.21957708895206451,0.017562
693,49969.0,490.0,50459.0,50459.0,0.9902891456429973,7.0,0.007,85.0,41469.0,47.0,38.0,3.0,4.0,26281.0,23688.0,594.75,414.0,205.25,386.0,41469.0,414.68999999999994,100.0,1000,0,1000,0.2133817500434816,915,0,0,0,0,0,0,0,0,0,0,0,1,0,0,0,46,0,0,0,0,0,0,0,0,0,0,0,1,0,0,0,37,0.22792503237724304,0.06096426397562027,0.3418140709400177,0.22493626177310944,0.017543999999999997
694,49469.0,201.0,49670.0,49670.0,0.9959532917253876,2.0,0.002,84.0,41069.0,45.0,39.0,1.0,1.0,24525.0,24944.0,517.0,461.0,283.0,339.0,41069.0,410.69000000000096,100.0,1000,0,1000,0.2127196250949055,916,0,0,0,0,0,0,0,0,1,0,1,1,0,0,0,42,0,0,0,0,0,0,0,0,0,0,0,0,0,0,0,39,0.3391055166721344,-0.06313786655664444,0.8122554421424866,0.2216334193944931,0.017526
695,50026.0,270.0,50296.0,50296.0,0.9946317798632098,6.0,0.006,91.0,40926.0,49.0,42.0,0.0,6.0,23599.0,26427.0,673.015625,376.0,77.4951171875,424.0,40926.0,409.26000000000016,100.0,1000,1,999,0.21247645909897983,909,0,0,1,0,0,0,0,0,0,0,5,1,0,0,0,42,0,0,0,0,0,0,0,0,0,0,0,0,0,0,0,42,0.2884899079799652,0.05738014355301857,0.4698874354362488,0.218982994556427,0.017508
696,49371.0,937.0,50308.0,50308.0,0.9813747316530174,16.0,0.016,84.0,40971.0,45.0,39.0,4.0,12.0,24918.0,24453.0,555.0,642.0,61.25,158.0,40971.0,409.7099999999998,100.0,1000,1,999,0.21411270811222494,916,0,1,0,0,0,0,0,0,0,0,0,1,0,0,0,43,0,0,0,0,0,0,0,0,0,0,0,0,0,0,0,39,0.12091096490621567,-0.04956364259123802,0.3483330309391022,0.2110867202281952,0.01749
697,50390.0,359.0,50749.0,50749.0,0.9929259689846105,5.0,0.005,86.0,41790.0,44.0,42.0,4.0,1.0,24991.0,25399.0,623.45361328125,578.75,176.54638671875,221.25,41790.0,417.90000000000015,100.0,1000,0,1000,0.2145479170139879,914,0,0,0,0,0,1,1,0,0,0,1,0,1,0,0,40,0,0,0,0,0,0,0,0,0,0,0,1,0,0,0,41,0.21044108271598816,-0.0702638030052185,0.5678500533103943,0.18430328369140625,0.017471999999999998
698,48745.0,991.0,49736.0,49736.0,0.9800747949171627,14.0,0.014,83.0,40445.0,46.0,37.0,4.0,10.0,24334.0,24411.0,436.0,601.5,260.5625,198.5,40445.0,404.4500000000001,100.0,1000,0,1000,0.21299495897255838,917,1,0,0,0,1,0,0,0,0,0,3,0,0,0,1,40,0,0,0,0,0,0,0,0,0,0,0,0,0,0,1,36,0.12473605573177338,-0.09016101062297821,0.4375968277454376,0.22352160513401031,0.017453999999999997
699,47182.0,1776.0,48958.0,48958.0,0.9637240083336738,15.0,0.015,80.0,39182.0,42.0,38.0,6.0,9.0,24217.0,22965.0,556.3408203125,730.0,243.6591796875,70.0,39182.0,391.8200000000007,100.0,1000,0,1000,0.2124614999629557,920,0,0,0,0,0,1,0,0,0,0,1,1,0,0,1,38,0,0,0,0,0,0,0,0,0,0,0,0,0,0,0,38,0.34265875816345215,-0.015162767842411995,0.722298800945282,0.19086265563964844,0.017436
700,47562.0,949.0,48511.0,48511.0,0.9804374265630476,12.0,0.012,83.0,39262.0,46.0,37.0,7.0,5.0,25087.0,22475.0,728.4142150878906,645.0,35.43305778503418,155.0,39262.0,392.6200000000006,100.0,1000,0,1000,0.21237862505950034,917,0,0,0,0,0,1,0,0,0,0,4,0,0,0,1,40,0,0,0,0,0,0,0,0,0,0,0,0,0,0,0,37,0.4583280384540558,-0.06222284957766533,1.0476152896881104,0.18697668612003326,0.017417999999999996
701,48594.0,985.0,49579.0,49579.0,0.9801327174811917,17.0,0.017,80.0,40594.0,39.0,41.0,14.0,3.0,25252.0,23342.0,662.0,689.5,138.0,110.5,40594.0,405.9399999999995,100.0,1000,0,1000,0.2117882918100804,920,0,0,0,0,0,1,0,0,0,0,1,0,0,0,0,37,0,0,0,0,0,0,0,1,1,0,0,0,0,0,1,38,0.1791936308145523,-0.03942195326089859,0.4444738030433655,0.2081218808889389,0.0174
702,50093.0,942.0,51035.0,51035.0,0.9815420789654159,14.0,0.014,81.0,41993.0,39.0,42.0,9.0,5.0,22865.0,27228.0,708.9193925857544,398.0,91.0806074142456,402.0,41993.0,419.93000000000006,100.0,1000,1,999,0.21208487497642636,919,0,0,0,0,0,0,0,0,0,0,3,0,0,0,2,34,0,0,0,0,0,0,0,0,0,0,0,0,0,0,0,42,0.30872559547424316,0.004758234601467848,0.6163268685340881,0.24140363931655884,0.017382
703,50475.0,669.0,51144.0,51144.0,0.9869192867198499,11.0,0.011,87.0,41775.0,45.0,42.0,5.0,6.0,24896.0,25579.0,616.96875,412.5,114.39453125,16.0,41775.0,417.7499999999996,100.0,1000,1,999,0.21214749990031123,913,0,0,0,0,0,4,0,0,0,0,0,0,0,0,0,41,1,0,0,0,0,0,0,0,1,0,0,0,0,0,0,40,0.19847121834754944,-0.12050507217645645,0.6450698971748352,0.204945370554924,0.017363999999999997
704,50384.0,982.0,51366.0,51366.0,0.9808822956819686,8.0,0.008,92.0,41184.0,49.0,43.0,3.0,5.0,26524.0,23860.0,690.8307495117188,569.0,13.646156311035156,231.0,41184.0,411.83999999999935,100.0,1000,0,1000,0.21157775004394352,908,1,0,0,0,0,2,0,0,0,0,1,2,0,1,2,40,0,0,2,0,0,0,1,0,0,0,0,2,0,0,0,38,0.4927232563495636,-0.08399145305156708,1.1612069606781006,0.22418683767318726,0.017346
705,48537.0,1335.0,49872.0,49872.0,0.9732314725697786,13.0,0.013,88.0,39737.0,49.0,39.0,6.0,7.0,24681.0,23856.0,595.9120914936066,459.75,60.05623213015497,340.25,39737.0,397.3700000000005,100.0,1000,0,1000,0.21317058289423585,912,0,0,0,0,0,1,0,0,0,0,8,0,0,0,2,38,0,0,0,0,0,0,0,0,0,0,0,1,0,0,0,38,0.3466451168060303,0.0007923964876681566,0.6988919973373413,0.20736795663833618,0.017328
706,50139.0,420.0,50559.0,50559.0,0.9916928736723432,7.0,0.007,90.0,41139.0,44.0,46.0,5.0,2.0,24840.0,25299.0,660.90625,400.0,139.09375,240.75,41139.0,411.38999999999953,100.0,1000,3,997,0.21312179206870496,910,0,0,0,0,0,1,0,0,0,0,1,0,0,0,1,41,0,0,0,0,0,0,1,1,1,0,0,0,0,0,0,43,0.09625953435897827,-0.03736928477883339,0.27471521496772766,0.21541276574134827,0.01731
707,48661.0,1079.0,49740.0,49740.0,0.9783071974266184,14.0,0.014,87.0,39961.0,44.0,43.0,9.0,5.0,22384.0,26277.0,687.1572449207306,548.0,112.84275507926941,252.0,39961.0,399.6099999999998,100.0,1000,1,999,0.2131445831619203,913,0,0,0,0,0,2,3,0,0,0,0,1,0,0,2,36,0,0,0,0,0,0,0,0,0,0,0,0,0,0,0,43,0.2987646460533142,0.044628728181123734,0.5163441300392151,0.23341216146945953,0.017292
708,48684.0,888.0,49572.0,49572.0,0.982086661825224,11.0,0.011,86.0,40084.0,44.0,42.0,6.0,5.0,24696.0,23988.0,465.0,564.7724609375,26.171875,235.2275390625,40084.0,400.83999999999963,100.0,1000,3,997,0.21152025018818676,914,0,0,0,1,0,0,0,0,0,0,1,1,0,0,0,41,0,0,0,0,0,0,0,0,1,0,0,1,0,0,1,39,0.3571075201034546,0.03327997773885727,0.6561742424964905,0.24658940732479095,0.017273999999999998
709,49869.0,804.0,50673.0,50673.0,0.9841335622520869,12.0,0.012,86.0,41269.0,43.0,43.0,5.0,7.0,24244.0,25625.0,626.405029296875,728.0,173.594970703125,72.0,41269.0,412.6900000000006,100.0,1000,0,1000,0.21215866692364216,914,0,0,0,0,0,0,0,0,1,0,3,1,0,0,1,37,0,0,0,0,0,0,0,0,0,0,0,0,0,0,0,43,0.29891130328178406,-0.05723164975643158,0.719082772731781,0.196942538022995,0.017256
710,49953.0,285.0,50238.0,50238.0,0.9943270034635137,4.0,0.004,90.0,40953.0,45.0,45.0,2.0,2.0,25549.0,24404.0,282.51483154296875,624.0,28.0,11.0,40953.0,409.52999999999975,100.0,1000,0,1000,0.21187454205937684,910,0,0,0,1,0,0,0,0,0,0,0,1,0,0,3,40,0,0,0,0,0,0,0,0,0,0,1,0,0,0,2,42,0.10085799545049667,-0.1523585468530655,0.5139051675796509,0.21673308312892914,0.017237999999999996
711,47780.0,455.0,48235.0,48235.0,0.9905670156525345,6.0,0.006,87.0,39080.0,44.0,43.0,3.0,3.0,24194.0,23586.0,387.94921875,722.0,180.328369140625,78.0,39080.0,390.7999999999997,100.0,1000,0,1000,0.21163754211738706,913,0,0,0,0,0,0,0,0,0,0,3,2,0,0,1,38,0,0,0,0,0,0,0,0,1,0,0,0,0,0,1,41,0.3944435119628906,0.0796826034784317,0.634676456451416,0.14966872334480286,0.01722
712,50022.0,938.0,50960.0,50960.0,0.9815934065934065,15.0,0.015,85.0,41522.0,41.0,44.0,14.0,1.0,25952.0,24070.0,560.3612670898438,465.765625,239.63873291015625,334.234375,41522.0,415.219999999999,100.0,1000,0,1000,0.2117972089909017,915,0,0,0,0,0,2,0,0,0,0,2,0,0,0,0,37,1,0,0,0,0,1,0,0,0,1,0,0,0,0,0,41,0.31089162826538086,0.06755830347537994,0.4937063753604889,0.20461910963058472,0.017202000000000002
713,47590.0,972.0,48562.0,48562.0,0.9799843499032165,16.0,0.016,82.0,39390.0,38.0,44.0,14.0,2.0,23212.0,24378.0,752.0,648.421875,48.0,151.578125,39390.0,393.8999999999999,100.0,1000,0,1000,0.211795459035784,918,0,0,0,0,1,0,0,0,0,0,0,0,0,0,4,33,1,0,0,0,0,0,0,0,0,0,0,0,0,0,2,41,0.22484539449214935,0.04048461094498634,0.3753754794597626,0.19360722601413727,0.017183999999999998
714,48866.0,842.0,49708.0,49708.0,0.9830610766878571,15.0,0.015,85.0,40366.0,44.0,41.0,15.0,0.0,25539.0,23327.0,467.16015625,698.0,148.99993896484375,102.0,40366.0,403.66000000000014,100.0,1000,2,998,0.21223349985666573,915,0,0,0,0,1,2,0,0,0,0,0,0,0,0,2,39,0,0,0,0,0,0,0,0,0,0,0,0,0,0,1,40,0.16061487793922424,0.008614342659711838,0.31183359026908875,0.2281404733657837,0.017166
715,49029.0,1449.0,50478.0,50478.0,0.9712944252941875,16.0,0.016,82.0,40829.0,41.0,41.0,11.0,5.0,25317.0,23712.0,666.4609375,661.0,133.5390625,139.0,40829.0,408.2900000000004,100.0,1000,0,1000,0.21229708404280245,918,0,0,0,0,0,1,0,0,0,0,0,2,0,0,2,36,0,0,0,0,0,0,0,0,0,0,0,0,0,0,0,41,0.37522491812705994,0.0606515035033226,0.6364210247993469,0.21210049092769623,0.017148
716,48816.0,901.0,49717.0,49717.0,0.9818774262324758,12.0,0.012,84.0,40416.0,43.0,41.0,9.0,3.0,24626.0,24190.0,606.0,720.6875,194.0,79.3125,40416.0,404.15999999999997,100.0,1000,0,1000,0.21225608279928565,916,0,0,0,0,0,1,0,0,0,0,1,1,0,0,3,37,0,0,0,0,0,0,0,0,0,0,0,0,0,0,1,40,0.35358285903930664,-0.0015553482808172703,0.7182474732398987,0.23266318440437317,0.01713
717,48697.0,1200.0,49897.0,49897.0,0.9759504579433633,12.0,0.012,85.0,40197.0,44.0,41.0,7.0,5.0,24717.0,23980.0,766.6547462940216,566.0,33.345253705978394,234.0,40197.0,401.9699999999998,100.0,1000,1,999,0.21139099984429777,915,1,1,0,0,0,1,1,0,0,0,0,0,0,0,5,35,0,0,0,0,0,0,0,1,0,0,0,0,0,0,0,40,0.49185213446617126,0.0342283733189106,0.923987865447998,0.2553871273994446,0.017112
718,46806.0,1084.0,47890.0,47890.0,0.9773647943203174,13.0,0.013,80.0,38806.0,39.0,41.0,11.0,2.0,23953.0,22853.0,627.5606384277344,584.0,172.43936157226562,216.0,38806.0,388.0599999999996,100.0,1000,0,1000,0.2121382080949843,920,0,0,0,0,0,1,1,0,0,0,1,0,0,0,1,35,0,0,0,0,0,0,0,0,0,0,1,0,0,0,0,40,0.37299180030822754,0.07678015530109406,0.6006011962890625,0.23920388519763947,0.017093999999999998
719,46900.0,1606.0,48506.0,48506.0,0.966890693934771,16.0,0.016,79.0,39000.0,38.0,41.0,10.0,6.0,23755.0,23145.0,337.0,644.6875,434.0625,155.3125,39000.0,389.9999999999992,100.0,1000,0,1000,0.21188883297145367,921,1,0,0,0,0,0,1,0,0,0,0,0,0,0,0,36,0,0,0,0,0,0,0,0,0,0,0,0,0,0,1,40,0.25882014632225037,-0.07736660540103912,0.6798461675643921,0.2188064008951187,0.017076
720,49288.0,738.0,50026.0,50026.0,0.9852476712109703,13.0,0.013,82.0,41088.0,41.0,41.0,11.0,2.0,25111.0,24177.0,403.5625,360.0,24.77734375,440.0,41088.0,410.87999999999994,100.0,1000,0,1000,0.21229229192249477,918,0,0,0,0,0,0,0,0,0,0,1,0,0,0,2,38,0,0,0,0,0,0,0,0,0,0,0,1,0,0,0,40,0.16388730704784393,-0.015996167436242104,0.3681860864162445,0.24677948653697968,0.017057999999999997
721,49262.0,483.0,49745.0,49745.0,0.9902904814554226,9.0,0.009,83.0,40962.0,42.0,41.0,5.0,4.0,24562.0,24700.0,630.5,390.0,46.34765625,410.0,40962.0,409.61999999999995,100.0,1000,1,999,0.21213020803406835,917,0,0,0,0,0,1,0,0,1,0,0,0,0,0,2,38,0,0,0,0,0,0,0,0,0,0,0,0,0,0,1,40,0.16037963330745697,-0.02923460677266121,0.3862077593803406,0.20479142665863037,0.01704
722,49697.0,939.0,50636.0,50636.0,0.9814558811912474,12.0,0.012,85.0,41197.0,43.0,42.0,10.0,2.0,25871.0,23826.0,741.0,241.0,59.0,0.0,41197.0,411.97000000000054,100.0,1000,0,1000,0.21350320894271135,915,0,0,0,0,0,1,0,0,0,0,1,0,0,0,1,40,0,0,0,0,0,0,0,0,0,0,1,0,0,0,0,41,0.3974795937538147,-0.07159581780433655,0.9452706575393677,0.2091362178325653,0.017022
723,49291.0,1175.0,50466.0,50466.0,0.9767169975825308,9.0,0.009,83.0,40991.0,40.0,43.0,5.0,4.0,24821.0,24470.0,613.0625,769.0,186.9375,31.0,40991.0,409.90999999999923,100.0,1000,0,1000,0.2109194160439074,917,0,0,0,0,0,0,0,0,0,0,0,0,0,0,1,39,0,0,0,0,0,0,0,0,0,0,1,0,0,0,0,42,0.26343947649002075,-0.09382154047489166,0.7207456231117249,0.18300263583660126,0.017004
724,49408.0,729.0,50137.0,50137.0,0.9854598400382951,10.0,0.01,87.0,40708.0,43.0,44.0,6.0,4.0,24704.0,24704.0,508.24298095703125,580.0,291.75701904296875,13.75,40708.0,407.0799999999996,100.0,1000,0,1000,0.21219754195772111,913,0,0,0,0,1,0,1,0,0,0,2,2,0,0,0,37,0,0,0,0,0,0,0,0,0,0,0,0,0,0,1,43,0.31630009412765503,0.08888112753629684,0.46255844831466675,0.2272620052099228,0.016986
725,48797.0,1774.0,50571.0,50571.0,0.9649206066718079,12.0,0.012,80.0,40797.0,39.0,41.0,8.0,4.0,24646.0,24151.0,532.0,385.0,197.125,415.0,40797.0,407.97000000000014,100.0,1000,1,999,0.21128779207356274,920,0,0,0,0,0,0,1,0,0,0,0,0,0,0,1,37,0,0,0,0,0,0,0,0,0,0,0,0,0,0,0,41,0.4056306779384613,0.053732722997665405,0.7116488814353943,0.23140476644039154,0.016967999999999997
726,48754.0,460.0,49214.0,49214.0,0.9906530662006746,7.0,0.007,88.0,39954.0,46.0,42.0,2.0,5.0,25283.0,23471.0,510.421875,607.0,9.43707275390625,193.0,39954.0,399.54000000000076,100.0,1000,0,1000,0.2123885410837829,912,0,0,0,0,0,0,0,0,0,0,2,2,0,0,2,40,0,0,0,0,0,0,0,0,0,0,1,1,0,0,1,39,0.20979923009872437,-0.03832102566957474,0.5022843480110168,0.17828427255153656,0.01695
727,50642.0,831.0,51473.0,51473.0,0.9838556136226759,9.0,0.009,87.0,41942.0,42.0,45.0,1.0,8.0,24065.0,26577.0,581.8125,378.0,54.546875,68.0,41942.0,419.4200000000002,100.0,1000,0,1000,0.2119440829847008,913,0,0,0,0,0,0,0,1,0,0,1,1,0,0,0,39,0,0,0,0,0,0,0,0,0,0,0,0,0,0,1,44,0.39148494601249695,-0.0033759218640625477,0.7963602542877197,0.1960352212190628,0.016932
728,48038.0,432.0,48470.0,48470.0,0.9910872704765834,6.0,0.006,82.0,39838.0,44.0,38.0,2.0,4.0,25371.0,22667.0,529.0,421.0,271.0,379.0,39838.0,398.3799999999998,100.0,1000,0,1000,0.21185087482444942,918,0,0,0,0,0,0,1,0,0,0,0,0,0,0,0,43,0,0,0,0,0,0,0,0,0,0,0,0,0,0,0,38,0.3080226480960846,0.1334998458623886,0.3555673658847809,0.1927909553050995,0.016914
729,49904.0,541.0,50445.0,50445.0,0.9892754485082763,10.0,0.01,83.0,41604.0,42.0,41.0,10.0,0.0,25689.0,24215.0,475.0,335.0,20.3125,0.0,41604.0,416.03999999999985,100.0,1000,1,999,0.2122851659078151,917,0,0,0,0,0,0,1,0,0,0,0,0,0,0,2,39,0,0,0,0,0,0,0,0,0,0,0,0,0,0,0,41,0.062039632350206375,-0.09370969235897064,0.31719475984573364,0.1685638427734375,0.016896
730,49286.0,1354.0,50640.0,50640.0,0.97326224328594,14.0,0.014,82.0,41086.0,42.0,40.0,11.0,3.0,24934.0,24352.0,557.0,744.0,243.0,56.0,41086.0,410.8599999999994,100.0,1000,1,999,0.21189399994909763,918,0,0,0,0,0,0,0,0,0,0,2,0,0,0,0,40,0,0,0,0,0,0,0,0,0,0,0,0,0,0,0,40,0.40758806467056274,-0.05164415016770363,0.924390971660614,0.1755695343017578,0.016877999999999997
731,50715.0,998.0,51713.0,51713.0,0.9807011776535881,14.0,0.014,81.0,42615.0,40.0,41.0,5.0,9.0,25423.0,25292.0,678.0,606.0,122.0,194.0,42615.0,426.1500000000001,100.0,1000,0,1000,0.21178366686217487,919,0,0,0,0,0,0,0,0,0,0,1,0,0,0,0,39,0,0,0,0,0,0,0,0,0,0,0,0,0,0,0,41,0.22936347126960754,-0.0713457316160202,0.6080214381217957,0.1958194226026535,0.01686
732,48122.0,1221.0,49343.0,49343.0,0.9752548487120767,9.0,0.009,81.0,40022.0,39.0,42.0,6.0,3.0,23398.0,24724.0,661.0,514.0,139.0,286.0,40022.0,400.22000000000077,100.0,1000,0,1000,0.21262841601856053,919,0,0,0,0,0,1,0,0,0,0,1,1,0,0,0,36,0,0,0,0,0,0,0,0,0,0,0,0,0,0,0,42,0.2322966307401657,-0.12610720098018646,0.7231975793838501,0.18970143795013428,0.016842
733,49624.0,775.0,50399.0,50399.0,0.9846227107680708,9.0,0.009,85.0,41124.0,41.0,44.0,4.0,5.0,23488.0,26136.0,464.0,255.0,221.25,545.0,41124.0,411.2400000000008,100.0,1000,0,1000,0.21229070820845664,915,0,0,0,0,0,2,0,0,0,0,1,0,0,0,0,38,0,0,0,0,0,0,0,0,0,0,0,0,0,0,0,44,0.5015237927436829,0.08562744408845901,0.8369998335838318,0.1547546088695526,0.016824
734,49797.0,1300.0,51097.0,51097.0,0.9745581932403077,15.0,0.015,83.0,41497.0,43.0,40.0,5.0,10.0,26343.0,23454.0,359.0,671.0,45.0,129.0,41497.0,414.9699999999995,100.0,1000,0,1000,0.21279495884664357,917,0,0,0,0,0,0,0,0,0,0,1,0,0,0,0,42,0,0,0,0,0,0,0,0,0,0,0,0,0,0,0,40,0.6394171118736267,0.060677651315927505,1.1640243530273438,0.19473634660243988,0.016805999999999998
735,47949.0,1707.0,49656.0,49656.0,0.9656234896085065,11.0,0.011,82.0,39749.0,42.0,40.0,6.0,5.0,24669.0,23280.0,333.0,722.0,0.0,78.0,39749.0,397.4899999999995,100.0,1000,0,1000,0.21256004204042256,918,0,0,0,0,0,0,0,0,0,0,1,0,0,0,2,39,0,0,0,0,0,0,0,0,0,0,0,0,0,0,0,40,0.5941317081451416,0.12413463741540909,0.9456632733345032,0.1688453108072281,0.016787999999999997
736,49955.0,301.0,50256.0,50256.0,0.9940106653931868,6.0,0.006,84.0,41555.0,40.0,44.0,4.0,2.0,23966.0,25989.0,330.875,693.0,0.0,107.0,41555.0,415.55,100.0,1000,0,1000,0.21308366698212922,916,0,0,0,0,0,0,0,0,0,0,2,0,0,0,0,38,0,0,0,0,0,0,0,0,0,0,0,0,0,0,0,44,0.18801826238632202,0.008911089971661568,0.3644791841506958,0.18678733706474304,0.01677
737,50217.0,983.0,51200.0,51200.0,0.98080078125,15.0,0.015,82.0,42017.0,40.0,42.0,11.0,4.0,24804.0,25413.0,665.0,637.0,135.0,163.0,42017.0,420.1700000000001,100.0,1000,0,1000,0.2124052499420941,918,0,0,0,0,0,0,0,0,0,0,3,0,0,0,0,37,0,0,0,0,0,0,0,0,0,0,0,0,0,0,0,42,0.35018861293792725,-0.04842491075396538,0.8042957782745361,0.21098284423351288,0.016752
738,50518.0,1129.0,51647.0,51647.0,0.9781400662187543,11.0,0.011,86.0,41918.0,42.0,44.0,5.0,6.0,23842.0,26676.0,695.4969177246094,272.0,104.50308227539062,44.0,41918.0,419.1800000000003,100.0,1000,0,1000,0.218846500152722,914,0,0,0,0,0,1,0,0,0,0,3,0,0,0,0,38,0,0,0,0,0,0,0,0,0,0,0,0,0,0,0,44,0.48502567410469055,0.05897405743598938,0.8583894371986389,0.1878267526626587,0.016734
739,49801.0,935.0,50736.0,50736.0,0.981571270892463,10.0,0.01,80.0,41801.0,40.0,40.0,5.0,5.0,24319.0,25482.0,310.375,496.0,306.015625,304.0,41801.0,418.0100000000007,100.0,1000,1,999,0.21385649987496436,920,0,0,0,0,0,2,0,0,0,0,1,0,0,0,0,37,0,0,0,0,0,0,0,0,0,0,0,0,0,0,0,40,0.47057339549064636,-0.0033970577642321587,0.9548096656799316,0.2054545134305954,0.016716
740,49818.0,269.0,50087.0,50087.0,0.9946293449398047,4.0,0.004,82.0,41618.0,40.0,42.0,2.0,2.0,24277.0,25541.0,652.75,541.0,147.25,259.0,41618.0,416.1800000000005,100.0,1000,0,1000,0.21284762490540743,918,0,0,0,0,0,0,0,0,0,0,2,0,0,0,0,38,0,0,0,0,0,0,0,0,0,0,0,0,0,0,1,41,0.16590572893619537,-0.05158701539039612,0.442160040140152,0.2148323506116867,0.016697999999999998
741,48337.0,211.0,48548.0,48548.0,0.9956537859438082,4.0,0.004,83.0,40037.0,44.0,39.0,3.0,1.0,24191.0,24146.0,363.0,657.0,437.0,143.0,40037.0,400.36999999999995,100.0,1000,1,999,0.21274745790287852,917,1,0,0,0,0,0,0,0,0,0,3,0,0,0,0,40,0,0,0,0,0,0,0,0,0,0,0,0,0,0,0,39,0.19116495549678802,-0.03183267265558243,0.4520695209503174,0.1820831298828125,0.01668
742,49055.0,1490.0,50545.0,50545.0,0.9705213176377485,18.0,0.018,79.0,41155.0,38.0,41.0,11.0,7.0,24561.0,24494.0,493.0,663.0,307.0,137.0,41155.0,411.5500000000004,100.0,1000,0,1000,0.21488687489181757,921,0,0,0,0,0,0,0,0,0,0,0,0,0,0,0,38,0,0,0,0,0,0,0,0,0,0,0,0,0,0,0,41,0.4313362240791321,-0.020236410200595856,0.910540759563446,0.22192686796188354,0.016662
743,49148.0,488.0,49636.0,49636.0,0.990168426142316,6.0,0.006,83.0,40848.0,43.0,40.0,6.0,0.0,26029.0,23119.0,423.0,439.0,377.0,0.0,40848.0,408.48000000000053,100.0,1000,0,1000,0.21265708305872977,917,0,0,0,0,0,0,0,0,0,0,0,0,0,0,0,43,0,0,0,0,0,0,0,0,0,0,0,0,0,0,0,40,0.3349021077156067,-0.015342364087700844,0.7062256932258606,0.1723376214504242,0.016644
744,49443.0,643.0,50086.0,50086.0,0.9871620812203011,8.0,0.008,83.0,41143.0,40.0,43.0,3.0,5.0,23720.0,25723.0,633.6875,483.0,166.3125,317.0,41143.0,411.43,100.0,1000,1,999,0.21443374990485609,917,0,1,0,0,0,0,0,0,0,0,3,0,0,0,0,36,0,0,0,0,0,0,0,0,0,0,0,0,0,0,0,43,0.1708236187696457,-0.002028496004641056,0.3542765974998474,0.25780007243156433,0.016626
745,50215.0,703.0,50918.0,50918.0,0.986193487568247,10.0,0.01,84.0,41815.0,44.0,40.0,5.0,5.0,26791.0,23424.0,243.25,751.0,556.75,49.0,41815.0,418.1499999999996,100.0,1000,0,1000,0.21286816708743572,916,0,0,0,0,0,0,0,0,0,0,1,0,0,0,0,43,0,0,0,0,0,0,0,0,0,0,0,0,0,0,0,40,0.41519033908843994,0.11099471896886826,0.6155937910079956,0.21684038639068604,0.016607999999999998
746,48951.0,756.0,49707.0,49707.0,0.9847908745247148,10.0,0.01,80.0,40951.0,38.0,42.0,3.0,7.0,23205.0,25746.0,445.0,536.0,355.0,264.0,40951.0,409.5099999999999,100.0,1000,0,1000,0.21276374999433756,920,0,0,0,0,0,0,0,0,0,0,0,0,0,0,0,38,0,0,0,0,0,0,0,0,0,0,0,0,0,0,0,42,0.3639799952507019,0.042861659079790115,0.6478392481803894,0.16885384917259216,0.01659
747,49698.0,269.0,49967.0,49967.0,0.9946164468549242,4.0,0.004,85.0,41198.0,40.0,45.0,2.0,2.0,24336.0,25362.0,279.6328125,589.0,520.3671875,211.0,41198.0,411.9799999999993,100.0,1000,0,1000,0.21248700004070997,915,0,0,0,0,0,0,0,0,0,0,1,0,0,0,1,38,0,0,0,0,0,0,0,0,0,0,0,0,0,0,0,45,0.48115280270576477,0.1577526032924652,0.6530149579048157,0.1875009685754776,0.016571999999999996
748,49440.0,445.0,49885.0,49885.0,0.9910794828104641,7.0,0.007,80.0,41440.0,40.0,40.0,6.0,1.0,25397.0,24043.0,586.0,289.0,214.0,511.0,41440.0,414.4000000000006,100.0,1000,0,1000,0.21250174986198545,920,0,0,0,0,0,0,0,0,0,0,0,0,0,0,0,40,0,0,0,0,0,0,0,0,0,0,0,1,0,0,0,39,0.10239271819591522,-0.020995214581489563,0.2528899908065796,0.1846722960472107,0.016554
749,49358.0,350.0,49708.0,49708.0,0.992958879858373,6.0,0.006,82.0,41158.0,42.0,40.0,2.0,4.0,24890.0,24468.0,663.0,552.0,137.0,248.0,41158.0,411.58000000000027,100.0,1000,0,1000,0.2127969590947032,918,1,0,0,0,0,0,0,0,0,0,1,0,0,0,1,39,1,0,0,0,0,0,0,0,0,0,0,0,0,0,0,39,0.293062299489975,0.03495375066995621,0.5226218700408936,0.19366076588630676,0.016536000000000002
750,48345.0,1206.0,49551.0,49551.0,0.9756614397287643,16.0,0.016,79.0,40445.0,39.0,40.0,12.0,4.0,23401.0,24944.0,256.0,547.0,53.125,253.0,40445.0,404.45000000000044,100.0,1000,0,1000,0.21278325002640486,921,0,0,0,0,0,0,0,0,0,0,5,0,0,0,1,33,0,0,0,0,0,0,0,0,0,0,0,0,0,0,0,40,0.3420497477054596,0.06633273512125015,0.5575540661811829,0.1852540373802185,0.016517999999999998
751,50443.0,555.0,50998.0,50998.0,0.9891172202831484,9.0,0.009,79.0,42543.0,42.0,37.0,6.0,3.0,26338.0,24105.0,702.0,406.0,98.0,394.0,42543.0,425.4300000000001,100.0,1000,0,1000,0.21254529198631644,921,0,0,0,0,0,1,0,0,0,0,0,0,0,0,0,41,0,0,0,0,0,0,0,0,0,0,0,0,0,0,0,37,0.16456902027130127,0.022187111899256706,0.2916150689125061,0.20761390030384064,0.0165
752,49342.0,1250.0,50592.0,50592.0,0.9752925363693865,13.0,0.013,79.0,41442.0,40.0,39.0,7.0,6.0,23969.0,25373.0,591.02392578125,361.0,208.97607421875,439.0,41442.0,414.4199999999995,100.0,1000,0,1000,0.21187904197722673,921,0,0,0,0,0,0,0,0,0,0,3,0,0,0,0,37,0,0,0,0,0,0,0,0,0,0,1,0,0,0,0,38,0.41788312792778015,0.11478596180677414,0.613203227519989,0.2126234918832779,0.016481999999999997
753,49280.0,404.0,49684.0,49684.0,0.9918686096127526,7.0,0.007,79.0,41380.0,39.0,40.0,3.0,4.0,24390.0,24890.0,497.6875,393.0,302.3125,407.0,41380.0,413.80000000000075,100.0,1000,0,1000,0.21310979081317782,921,0,0,0,0,0,0,0,0,0,0,2,0,0,0,0,37,0,0,0,0,0,0,0,0,0,0,0,0,0,0,0,40,0.16936980187892914,0.029559316113591194,0.28483179211616516,0.15824906527996063,0.016464
754,47042.0,861.0,47903.0,47903.0,0.9820261779011753,14.0,0.014,78.0,39242.0,40.0,38.0,10.0,4.0,23384.0,23658.0,568.7720336914062,573.0,231.22796630859375,227.0,39242.0,392.42000000000104,100.0,1000,0,1000,0.21229441720061004,922,0,0,0,0,0,0,0,0,0,0,5,1,0,0,1,33,0,0,0,0,0,0,0,0,0,0,0,1,0,0,0,37,0.25202426314353943,0.03645448759198189,0.4375768303871155,0.19571052491664886,0.016446
755,48261.0,1896.0,50157.0,50157.0,0.962198696094264,17.0,0.017,82.0,40061.0,43.0,39.0,10.0,7.0,24583.0,23678.0,699.0,513.0,101.0,287.0,40061.0,400.6100000000008,100.0,1000,0,1000,0.21347258309833705,918,0,0,0,0,0,1,0,0,0,0,3,0,0,0,1,38,0,0,0,0,0,0,0,0,0,0,0,1,0,0,0,38,0.4055410921573639,0.11901704221963882,0.5785782933235168,0.16831597685813904,0.016427999999999998
756,47503.0,1411.0,48914.0,48914.0,0.9711534529991414,14.0,0.014,78.0,39703.0,39.0,39.0,10.0,4.0,22692.0,24811.0,468.67578125,652.0,103.538818359375,148.0,39703.0,397.0300000000007,100.0,1000,0,1000,0.21273508318699896,922,0,0,0,0,0,0,0,0,0,0,3,0,0,0,1,35,0,0,0,0,0,0,0,0,0,0,0,0,0,0,0,39,0.2802594304084778,-0.03345596790313721,0.6328727602958679,0.16581174731254578,0.01641
757,49475.0,598.0,50073.0,50073.0,0.9880574361432309,11.0,0.011,80.0,41475.0,41.0,39.0,8.0,3.0,24225.0,25250.0,545.7421875,655.0,15.89111328125,145.0,41475.0,414.7499999999997,100.0,1000,0,1000,0.21218133298680186,920,0,0,0,0,0,0,0,0,0,0,3,0,0,0,1,37,0,0,0,0,0,0,0,0,0,0,1,0,0,0,0,38,0.09869332611560822,-0.027782324701547623,0.2587297856807709,0.17625939846038818,0.016391999999999997
758,48599.0,904.0,49503.0,49503.0,0.9817384804961315,13.0,0.013,76.0,40999.0,38.0,38.0,5.0,8.0,24603.0,23996.0,359.0,549.0,441.0,251.0,40999.0,409.98999999999955,100.0,1000,0,1000,0.21319304197095335,924,0,0,0,0,0,0,0,0,0,0,0,0,0,0,0,38,0,1,0,0,0,0,0,0,0,0,0,1,0,0,0,36,0.2565634250640869,-0.006378407124429941,0.5340174436569214,0.24837537109851837,0.016374
759,48580.0,801.0,49381.0,49381.0,0.9837791863267249,11.0,0.011,80.0,40580.0,42.0,38.0,8.0,3.0,25199.0,23381.0,458.0,687.0,342.0,113.0,40580.0,405.7999999999996,100.0,1000,0,1000,0.2118198750540614,920,0,0,0,0,0,2,0,0,0,0,1,0,0,0,0,39,0,0,0,0,0,0,0,0,0,0,0,1,0,0,0,37,0.3304886221885681,0.07509773224592209,0.5170595645904541,0.19191201031208038,0.016356000000000002
760,48701.0,805.0,49506.0,49506.0,0.9837393447258919,9.0,0.009,81.0,40601.0,42.0,39.0,3.0,6.0,24632.0,24069.0,670.5625,265.0,129.4375,78.0,40601.0,406.01000000000033,100.0,1000,0,1000,0.21296987496316433,919,0,0,0,0,0,0,0,0,0,0,3,0,0,0,0,39,0,0,1,0,0,0,0,0,0,0,0,0,0,0,0,38,0.3933317959308624,0.04614526778459549,0.7007623910903931,0.19553470611572266,0.016338
761,48644.0,1644.0,50288.0,50288.0,0.9673083041679924,20.0,0.02,79.0,40744.0,41.0,38.0,7.0,13.0,24528.0,24116.0,283.0,582.0625,0.0,208.94140625,40744.0,407.44000000000005,100.0,1000,0,1000,0.2127302079461515,921,0,0,0,0,0,0,0,0,0,0,1,0,0,0,2,38,1,0,0,0,0,0,0,0,1,0,0,0,0,0,0,36,0.3886165916919708,0.044480275362730026,0.694719135761261,0.19750282168388367,0.016319999999999998
762,49164.0,610.0,49774.0,49774.0,0.9877446056173906,10.0,0.01,79.0,41264.0,39.0,40.0,7.0,3.0,24235.0,24929.0,546.0,536.0,254.0,264.0,41264.0,412.64000000000044,100.0,1000,0,1000,0.21205441700294614,921,0,0,0,0,0,0,0,0,0,0,0,0,0,0,0,39,0,0,0,0,0,0,0,0,0,0,0,0,0,0,0,40,-0.019314857199788094,-0.1286449432373047,0.22474095225334167,0.18650414049625397,0.016302
763,50091.0,1064.0,51155.0,51155.0,0.9792004691623497,18.0,0.018,82.0,41891.0,42.0,40.0,9.0,9.0,25347.0,24744.0,328.359375,563.125,0.0,236.875,41891.0,418.91,100.0,1000,0,1000,0.2122046670410782,918,0,0,0,0,0,0,0,0,0,0,1,1,0,0,1,39,0,1,0,0,0,0,0,0,0,0,0,0,0,0,0,39,0.41934582591056824,0.07923417538404465,0.6877109408378601,0.2299087792634964,0.016284
764,46763.0,1014.0,47777.0,47777.0,0.97877639868556,11.0,0.011,80.0,38763.0,40.0,40.0,4.0,7.0,21528.0,25235.0,641.8506504297256,576.8125,158.14934957027435,223.1875,38763.0,387.6299999999992,100.0,1000,0,1000,0.21203770907595754,920,1,0,0,0,0,1,1,0,0,0,4,0,0,0,0,33,0,0,0,0,0,0,0,0,1,0,0,0,0,0,0,39,0.26659348607063293,-0.008471776731312275,0.5561483502388,0.1849810630083084,0.016265999999999996
765,49524.0,998.0,50522.0,50522.0,0.9802462293654249,15.0,0.015,82.0,41324.0,41.0,41.0,10.0,5.0,25070.0,24454.0,438.0,779.0625,234.25,20.9375,41324.0,413.23999999999944,100.0,1000,1,999,0.2123712501488626,918,0,0,0,0,0,0,2,0,0,0,0,0,0,0,0,39,0,0,0,0,0,0,0,0,0,0,1,0,0,0,0,40,0.2586384117603302,0.047204483300447464,0.4286871552467346,0.17907872796058655,0.016248
766,49624.0,356.0,49980.0,49980.0,0.9928771508603441,5.0,0.005,80.0,41624.0,40.0,40.0,5.0,0.0,24603.0,25021.0,513.87109375,679.0,286.12890625,121.0,41624.0,416.23999999999893,100.0,1000,0,1000,0.21231729188002646,920,0,0,0,0,0,0,0,0,0,0,1,0,0,0,2,37,0,0,0,0,0,0,0,0,0,0,0,0,0,0,1,39,0.2139701247215271,0.022027628496289253,0.39013436436653137,0.19252482056617737,0.01623
767,49275.0,179.0,49454.0,49454.0,0.9963804747846483,4.0,0.004,84.0,40875.0,43.0,41.0,3.0,1.0,24491.0,24784.0,716.4365234375,753.0,83.5634765625,47.0,40875.0,408.7500000000006,100.0,1000,0,1000,0.2125333750154823,916,0,0,0,0,0,0,0,0,0,0,2,0,0,0,3,38,1,0,0,0,0,0,0,0,0,0,1,0,0,0,1,38,0.2924827039241791,0.0674331933259964,0.4549073278903961,0.14829470217227936,0.016211999999999997
768,48876.0,736.0,49612.0,49612.0,0.9851648794646457,15.0,0.015,84.0,40476.0,46.0,38.0,13.0,2.0,24690.0,24186.0,598.640380859375,446.0,201.359619140625,354.0,40476.0,404.7599999999995,100.0,1000,0,1000,0.21185833308845758,916,0,0,0,0,0,0,3,0,0,0,5,1,0,0,0,37,0,0,0,0,0,0,0,0,0,0,0,0,0,0,0,38,0.13765418529510498,-0.005680655594915152,0.2918117344379425,0.15876397490501404,0.016194
769,49829.0,1303.0,51132.0,51132.0,0.974516936556364,15.0,0.015,82.0,41629.0,43.0,39.0,11.0,4.0,24584.0,25245.0,621.3099415302277,439.0,178.69005846977234,361.0,41629.0,416.2899999999997,100.0,1000,0,1000,0.2121985829435289,918,0,0,0,0,0,1,2,0,0,0,4,0,0,0,0,36,0,0,0,0,0,0,0,0,0,0,1,0,0,0,0,38,0.48578739166259766,-0.036286551505327225,1.0494037866592407,0.16245831549167633,0.016176
770,48361.0,1057.0,49418.0,49418.0,0.9786110324173378,13.0,0.013,77.0,40661.0,39.0,38.0,6.0,7.0,24012.0,24349.0,388.30859375,319.0,411.69140625,150.3125,40661.0,406.61000000000064,100.0,1000,1,999,0.21205787500366569,923,0,0,0,0,0,0,0,0,0,0,4,0,0,0,0,35,0,0,0,0,0,0,0,0,0,0,1,0,0,0,0,37,0.26876282691955566,0.0014197847340255976,0.5415583252906799,0.21265707910060883,0.016158
771,48924.0,1288.0,50212.0,50212.0,0.9743487612522903,17.0,0.017,80.0,40924.0,43.0,37.0,13.0,4.0,25300.0,23624.0,571.64453125,482.0,0.0,318.0,40924.0,409.23999999999995,100.0,1000,0,1000,0.21225337497889996,920,0,1,0,0,0,0,3,0,0,0,0,0,0,0,0,39,0,0,0,0,0,0,0,0,0,0,0,0,0,0,0,37,0.3097997009754181,0.044182680547237396,0.5369841456413269,0.17813284695148468,0.01614
772,49337.0,742.0,50079.0,50079.0,0.9851834102118653,12.0,0.012,83.0,41037.0,42.0,41.0,7.0,5.0,23976.0,25361.0,627.0007476806641,559.0,172.99925231933594,241.0,41037.0,410.36999999999966,100.0,1000,0,1000,0.21196520794183016,917,0,0,0,0,0,0,3,0,0,0,1,0,0,0,0,38,0,1,0,0,0,0,1,0,0,0,0,0,0,0,0,39,0.11574229598045349,-0.10139749199151993,0.4398007094860077,0.1712297946214676,0.016121999999999997
773,47980.0,740.0,48720.0,48720.0,0.9848111658456487,12.0,0.012,77.0,40280.0,41.0,36.0,6.0,6.0,24687.0,23293.0,385.296875,440.8125,129.5947265625,359.1875,40280.0,402.8000000000003,100.0,1000,0,1000,0.2130411670077592,923,0,0,0,0,0,0,1,0,0,0,1,0,0,1,0,38,0,0,0,0,0,0,0,0,0,0,1,0,0,0,0,35,0.290699303150177,0.04625977203249931,0.49502691626548767,0.19087986648082733,0.016104
774,48090.0,1032.0,49122.0,49122.0,0.978991083424942,15.0,0.015,79.0,40190.0,42.0,37.0,7.0,8.0,24533.0,23557.0,673.9211931228638,530.0,39.39962714910507,270.0,40190.0,401.8999999999996,100.0,1000,0,1000,0.21208333293907344,921,0,0,0,0,0,0,1,0,0,0,5,0,0,0,0,36,0,0,0,0,0,0,0,0,0,0,0,0,0,0,0,37,0.3055840730667114,-0.018746046349406242,0.6546139121055603,0.185056671500206,0.016086
775,49027.0,531.0,49558.0,49558.0,0.9892852818919247,9.0,0.009,78.0,41227.0,39.0,39.0,3.0,6.0,24245.0,24782.0,506.5,549.0,293.5,62.75,41227.0,412.26999999999975,100.0,1000,1,999,0.21214308287017047,922,0,0,0,0,0,1,0,0,0,0,0,0,0,0,0,38,0,0,0,0,0,0,0,0,0,0,0,1,0,0,0,38,0.2526836097240448,0.03359949588775635,0.4434611201286316,0.1647026091814041,0.016068
776,49677.0,836.0,50513.0,50513.0,0.9834498050006929,12.0,0.012,76.0,42077.0,37.0,39.0,3.0,9.0,24293.0,25384.0,250.59375,612.0,549.40625,188.0,42077.0,420.7700000000008,100.0,1000,0,1000,0.21254374994896352,924,0,0,0,0,0,1,0,0,0,0,0,0,0,0,1,35,0,0,0,0,0,0,0,0,0,0,0,0,0,0,0,39,0.34077757596969604,0.05853874981403351,0.5707132816314697,0.1942547708749771,0.01605
777,47563.0,839.0,48402.0,48402.0,0.9826660055369613,11.0,0.011,75.0,40063.0,40.0,35.0,3.0,8.0,24640.0,22923.0,516.0,393.0,284.0,407.0,40063.0,400.63000000000045,100.0,1000,0,1000,0.2122337908949703,925,0,0,0,0,0,1,0,0,0,0,1,1,0,0,1,36,0,0,0,0,0,0,0,0,0,0,0,0,0,0,0,35,0.2954416573047638,-0.015521540306508541,0.6285468339920044,0.20647694170475006,0.016031999999999998
778,47647.0,442.0,48089.0,48089.0,0.9908087088523363,8.0,0.008,78.0,39847.0,39.0,39.0,6.0,2.0,23116.0,24531.0,642.5,528.0,157.5,272.0,39847.0,398.4700000000001,100.0,1000,0,1000,0.21188275003805757,922,0,0,0,0,0,0,1,0,0,0,3,0,0,0,0,35,0,0,0,0,0,0,0,0,0,0,0,0,0,0,0,39,0.2447008192539215,0.03236803039908409,0.4290047883987427,0.13548244535923004,0.016014
779,48525.0,1006.0,49531.0,49531.0,0.9796894873917344,14.0,0.014,82.0,40325.0,42.0,40.0,5.0,9.0,24179.0,24346.0,327.7518310546875,662.0,26.005759239196777,69.9375,40325.0,403.24999999999943,100.0,1000,0,1000,0.2127335409168154,918,0,1,0,0,0,0,2,0,0,0,1,0,0,1,1,36,1,0,0,0,0,0,0,0,1,0,0,1,0,0,0,37,0.3425384759902954,-0.04206029325723648,0.7748490571975708,0.17665451765060425,0.015995999999999996
780,48751.0,1151.0,49902.0,49902.0,0.9769347921926977,16.0,0.016,80.0,40751.0,43.0,37.0,8.0,8.0,24667.0,24084.0,564.9450998492539,768.0,235.0549001507461,32.0,40751.0,407.5099999999997,100.0,1000,0,1000,0.21216379199177027,920,0,0,0,2,0,0,2,0,0,0,4,0,0,0,0,35,1,0,0,0,0,0,0,0,0,0,0,0,0,0,0,36,0.26985108852386475,-0.04686461389064789,0.6410568952560425,0.23862333595752716,0.015978
781,48956.0,992.0,49948.0,49948.0,0.9801393449187155,15.0,0.015,80.0,40956.0,41.0,39.0,7.0,8.0,23590.0,25366.0,521.0254001617432,707.0,278.97459983825684,93.0,40956.0,409.5599999999993,100.0,1000,0,1000,0.21207825001329184,920,0,0,0,0,0,0,3,0,0,0,3,0,0,0,1,34,0,0,0,0,0,0,0,0,0,0,0,0,0,0,0,39,0.08494887501001358,-0.07010838389396667,0.31561776995658875,0.1724076122045517,0.01596
782,47936.0,1762.0,49698.0,49698.0,0.9645458569761358,18.0,0.018,80.0,39936.0,41.0,39.0,13.0,5.0,23300.0,24636.0,408.9269506931305,556.0,16.30754098854959,244.0,39936.0,399.36000000000035,100.0,1000,0,1000,0.21451983391307294,920,0,0,0,0,0,2,3,0,0,0,2,0,0,0,1,33,0,0,0,0,0,0,0,0,0,0,0,0,0,0,0,39,0.3433879017829895,0.09955909103155136,0.4927440881729126,0.15952995419502258,0.015941999999999998
783,46378.0,1252.0,47630.0,47630.0,0.9737140457694731,17.0,0.017,75.0,38878.0,40.0,35.0,10.0,7.0,24023.0,22355.0,610.170654296875,382.625,189.829345703125,417.375,38878.0,388.78000000000065,100.0,1000,0,1000,0.21222945814952254,925,0,0,0,0,0,2,1,0,0,0,1,1,0,0,2,33,0,0,0,0,0,0,0,0,1,0,0,0,0,0,0,34,0.26123255491256714,-0.0357370525598526,0.6008023619651794,0.21549664437770844,0.015924
784,48502.0,1670.0,50172.0,50172.0,0.9667145021127322,22.0,0.022,77.0,40802.0,42.0,35.0,16.0,6.0,26760.0,21742.0,495.4375,352.0,95.17578125,448.0,40802.0,408.01999999999964,100.0,1000,0,1000,0.21225241594947875,923,0,0,0,0,0,1,0,0,0,0,2,0,0,0,0,39,0,0,0,0,0,0,0,0,0,0,0,3,0,0,0,32,0.23055890202522278,-0.06756662577390671,0.6018359661102295,0.17555899918079376,0.015905999999999997
785,49374.0,948.0,50322.0,50322.0,0.9811613210921665,16.0,0.016,78.0,41574.0,41.0,37.0,10.0,6.0,24513.0,24861.0,545.089111328125,447.75,143.3873748779297,352.25,41574.0,415.7399999999997,100.0,1000,0,1000,0.2124538340140134,922,0,0,0,0,0,1,3,0,0,0,1,0,0,0,1,35,0,0,0,0,0,0,0,0,0,0,0,1,0,0,0,36,0.1197957769036293,-0.006081791594624519,0.2585289180278778,0.2131730169057846,0.015888
786,47968.0,1306.0,49274.0,49274.0,0.9734951495717823,16.0,0.016,82.0,39768.0,45.0,37.0,11.0,5.0,24373.0,23595.0,700.5513948699154,262.0,99.44860513008462,134.5,39768.0,397.6800000000001,100.0,1000,0,1000,0.2124315828550607,918,1,0,0,0,0,0,4,0,0,0,2,1,0,0,3,34,0,0,0,0,0,0,0,0,0,0,0,1,0,0,0,36,0.32526153326034546,0.017605721950531006,0.6201240420341492,0.15162023901939392,0.01587
787,49721.0,856.0,50577.0,50577.0,0.9830753109120747,17.0,0.017,80.0,41721.0,40.0,40.0,6.0,11.0,24458.0,25263.0,607.123046875,331.96875,192.876953125,468.03125,41721.0,417.21000000000004,100.0,1000,0,1000,0.2122887501027435,920,0,0,0,1,0,0,0,0,0,0,1,0,0,0,3,35,0,0,0,0,0,0,0,0,0,0,0,3,0,0,0,37,0.13950318098068237,0.0555790551006794,0.17427486181259155,0.20270630717277527,0.015851999999999998
788,48734.0,733.0,49467.0,49467.0,0.9851820405522874,11.0,0.011,80.0,40734.0,41.0,39.0,8.0,3.0,24664.0,24070.0,742.6875,99.19140625,57.3125,76.0,40734.0,407.3399999999996,100.0,1000,0,1000,0.21248133410699666,920,1,0,0,0,0,0,3,0,0,0,1,0,0,0,0,36,0,0,0,0,0,0,0,0,1,0,1,2,0,0,0,35,0.4336116909980774,0.091988705098629,0.690571665763855,0.23132893443107605,0.015834
789,48629.0,1400.0,50029.0,50029.0,0.97201623058626,16.0,0.016,78.0,40829.0,41.0,37.0,3.0,13.0,24631.0,23998.0,407.6091766357422,637.25,237.34483814239502,162.75,40829.0,408.29000000000036,100.0,1000,0,1000,0.21340829110704362,922,0,0,0,0,0,0,1,0,0,0,1,0,0,0,5,34,0,0,0,0,0,0,0,0,0,0,0,2,0,0,2,33,0.2210608571767807,-0.10241115838289261,0.6539825797080994,0.22251394391059875,0.015816
790,48778.0,983.0,49761.0,49761.0,0.9802455738429694,14.0,0.014,85.0,40278.0,47.0,38.0,9.0,5.0,26280.0,22498.0,744.7764440774918,515.912109375,55.22355592250824,284.087890625,40278.0,402.77999999999986,100.0,1000,0,1000,0.21164400014095008,915,0,0,0,0,0,0,1,1,0,0,6,0,0,0,5,34,0,0,0,0,0,0,0,0,1,0,0,2,0,0,1,34,0.15351280570030212,-0.05273572355508804,0.419668585062027,0.22697514295578003,0.015798
791,49412.0,1380.0,50792.0,50792.0,0.972830366986927,15.0,0.015,78.0,41612.0,37.0,41.0,7.0,8.0,23574.0,25838.0,441.4375,595.375,358.5625,204.625,41612.0,416.1200000000003,100.0,1000,0,1000,0.21225829096511006,922,0,0,0,0,0,0,0,0,0,0,1,0,0,0,3,33,0,0,0,0,0,0,0,0,0,0,0,3,0,0,0,38,0.39215487241744995,-0.06657430529594421,0.9242438077926636,0.21500073373317719,0.015780000000000002
792,48505.0,1052.0,49557.0,49557.0,0.9787719192041487,13.0,0.013,78.0,40705.0,41.0,37.0,4.0,9.0,24766.0,23739.0,359.260498046875,633.0,440.739501953125,41.75,40705.0,407.04999999999967,100.0,1000,0,1000,0.21217087493278086,922,0,0,0,0,0,0,1,0,0,0,1,0,0,0,2,37,0,0,0,0,0,0,0,0,0,0,0,1,0,0,0,36,0.18419113755226135,-0.02956097014248371,0.4339720904827118,0.2051732838153839,0.015761999999999998
793,50727.0,585.0,51312.0,51312.0,0.9885991580916744,6.0,0.006,81.0,42627.0,40.0,41.0,3.0,3.0,25143.0,25584.0,747.5625,649.875,52.4375,150.125,42627.0,426.2699999999996,100.0,1000,0,1000,0.2121757089626044,919,0,0,0,0,0,0,0,0,0,0,0,0,0,0,3,37,0,0,0,0,0,0,0,1,0,0,0,0,0,0,1,39,0.23764969408512115,-0.02154393307864666,0.5236732363700867,0.16787289083003998,0.015743999999999998
794,47663.0,1857.0,49520.0,49520.0,0.9625,20.0,0.02,75.0,40163.0,38.0,37.0,9.0,11.0,23537.0,24126.0,683.30859375,727.0,116.69140625,41.5,40163.0,401.63000000000056,100.0,1000,0,1000,0.21136195794679224,925,0,0,0,0,0,0,0,0,0,0,1,0,0,0,3,34,0,0,0,0,0,0,0,0,0,0,0,1,0,0,0,36,0.4737901985645294,-0.008253654465079308,0.9698971509933472,0.1847083419561386,0.015726
795,49287.0,1121.0,50408.0,50408.0,0.9777614664338994,18.0,0.018,82.0,41087.0,44.0,38.0,8.0,10.0,25094.0,24193.0,392.7573414891958,662.75,139.68224741943413,137.25,41087.0,410.87000000000035,100.0,1000,0,1000,0.21205099998041987,918,0,0,0,0,0,2,3,0,0,0,0,0,0,0,4,35,0,0,0,0,0,0,0,0,0,0,0,2,0,0,0,36,0.32418200373649597,0.03598489612340927,0.5825985074043274,0.1974896341562271,0.015708
796,48558.0,985.0,49543.0,49543.0,0.9801182810891549,15.0,0.015,74.0,41158.0,36.0,38.0,2.0,13.0,23391.0,25167.0,652.6875,405.75,147.3125,394.25,41158.0,411.5799999999994,100.0,1000,0,1000,0.21250195801258087,926,0,0,0,0,0,0,0,0,0,0,0,0,0,0,4,32,0,0,0,0,0,0,0,0,0,0,0,1,0,0,0,37,0.22526229918003082,0.04699425399303436,0.36161166429519653,0.1617450714111328,0.01569
797,49639.0,1298.0,50937.0,50937.0,0.9745175412764788,16.0,0.016,77.0,41939.0,38.0,39.0,9.0,7.0,24804.0,24835.0,685.625,420.0,114.375,380.0,41939.0,419.38999999999976,100.0,1000,0,1000,0.21230012504383922,923,0,0,0,0,0,0,0,0,0,0,0,0,0,0,1,37,0,0,0,0,0,0,0,0,0,0,0,3,0,0,0,36,0.24218495190143585,-0.037212204188108444,0.5638664364814758,0.1618209332227707,0.015672
798,48593.0,2031.0,50624.0,50624.0,0.9598806890012642,21.0,0.021,75.0,41093.0,36.0,39.0,10.0,11.0,23138.0,25455.0,502.1328125,605.0,297.8671875,195.0,41093.0,410.93000000000075,100.0,1000,0,1000,0.21229441720061004,925,0,1,0,0,0,0,0,0,0,0,0,0,0,0,3,32,0,0,0,0,0,0,0,0,0,0,0,1,0,0,0,38,0.37423092126846313,-0.019939841702580452,0.7933779954910278,0.16086865961551666,0.015654
799,48085.0,2083.0,50168.0,50168.0,0.9584795088502631,25.0,0.025,76.0,40485.0,39.0,37.0,10.0,15.0,24670.0,23415.0,523.65625,369.0,276.34375,140.75,40485.0,404.85000000000014,100.0,1000,0,1000,0.21171550010330975,924,0,0,0,0,0,1,0,0,0,0,0,1,0,0,0,37,0,0,0,0,0,0,0,0,0,0,0,2,0,0,1,34,0.39256051182746887,-0.031284842640161514,0.8536720275878906,0.19126862287521362,0.015635999999999997
800,47311.0,1483.0,48794.0,48794.0,0.9696069188834693,19.0,0.019,73.0,40011.0,37.0,36.0,4.0,15.0,23638.0,23673.0,232.0,573.875,0.0,226.125,40011.0,400.11000000000035,100.0,1000,0,1000,0.21204254101030529,927,0,0,0,0,0,0,0,0,0,0,0,0,0,0,2,35,0,0,0,0,0,0,0,0,0,0,0,0,0,0,1,35,0.2887311577796936,-0.027093175798654556,0.6376438736915588,0.19193235039710999,0.015618
801,49983.0,1198.0,51181.0,51181.0,0.9765928762626757,18.0,0.018,79.0,42083.0,40.0,39.0,10.0,8.0,24691.0,25292.0,337.9765625,485.0,462.0234375,315.0,42083.0,420.83000000000027,100.0,1000,0,1000,0.21221300004981458,921,0,1,0,0,0,0,1,0,0,0,0,0,0,0,1,37,0,0,0,0,0,0,0,0,0,0,0,0,0,0,0,39,0.3783982992172241,-0.05940759554505348,0.8811232447624207,0.17664945125579834,0.0156
802,49059.0,787.0,49846.0,49846.0,0.98421137102275,10.0,0.01,76.0,41459.0,40.0,36.0,6.0,4.0,25071.0,23988.0,528.795654296875,474.0,271.204345703125,326.0,41459.0,414.5899999999997,100.0,1000,0,1000,0.21288312505930662,924,0,0,0,0,0,0,0,0,0,0,2,0,0,0,2,36,0,0,0,0,0,0,0,0,0,0,0,0,0,0,0,36,0.21605709195137024,0.013310057111084461,0.41056028008461,0.16256608068943024,0.015581999999999999
803,48328.0,832.0,49160.0,49160.0,0.9830756712774613,13.0,0.013,75.0,40828.0,36.0,39.0,6.0,7.0,23531.0,24797.0,438.375,367.0,361.625,108.25,40828.0,408.28000000000014,100.0,1000,0,1000,0.2124508749693632,925,0,0,0,0,0,1,0,0,0,0,0,0,0,0,2,33,0,0,0,0,0,0,0,0,0,0,0,1,0,0,0,38,0.03409060835838318,-0.07022491842508316,0.214584618806839,0.19126075506210327,0.015564
804,47961.0,1053.0,49014.0,49014.0,0.9785163422695556,16.0,0.016,76.0,40361.0,41.0,35.0,6.0,10.0,25197.0,22764.0,525.84375,561.0,17.134765625,239.0,40361.0,403.61000000000007,100.0,1000,0,1000,0.212387332925573,924,0,0,0,0,0,0,0,0,0,0,0,0,0,0,6,35,0,0,0,0,0,0,0,0,0,0,0,1,0,0,0,34,0.19755735993385315,0.018260253593325615,0.3645783066749573,0.19246426224708557,0.015545999999999999
805,49018.0,440.0,49458.0,49458.0,0.9911035626187876,7.0,0.007,77.0,41318.0,39.0,38.0,2.0,5.0,24099.0,24919.0,414.625,685.0,385.375,115.0,41318.0,413.1800000000005,100.0,1000,0,1000,0.21254004095681012,923,0,0,0,0,0,0,0,0,0,0,0,0,0,0,4,35,0,0,0,0,0,0,1,0,0,0,0,0,0,0,0,37,0.2024954855442047,-0.032121624797582626,0.4750969111919403,0.18877749145030975,0.015527999999999998
806,49126.0,1853.0,50979.0,50979.0,0.9636516997194924,19.0,0.019,75.0,41626.0,36.0,39.0,12.0,7.0,24006.0,25120.0,709.73681640625,515.0625,90.26318359375,284.9375,41626.0,416.26000000000033,100.0,1000,0,1000,0.21223433408886194,925,0,0,0,0,0,1,0,0,0,0,0,0,0,0,4,31,0,0,0,0,0,0,1,0,0,0,0,0,0,0,1,37,0.34048089385032654,-0.002369512338191271,0.6906667947769165,0.16008850932121277,0.01551
807,47824.0,1115.0,48939.0,48939.0,0.9772165348699401,17.0,0.017,77.0,40124.0,38.0,39.0,6.0,11.0,23979.0,23845.0,344.0,668.640625,456.0,131.359375,40124.0,401.2400000000002,100.0,1000,0,1000,0.21182020800188184,923,0,0,0,0,0,0,0,0,0,0,0,0,0,0,4,34,0,0,0,0,0,0,1,0,0,0,0,1,0,0,2,35,0.1858758181333542,-0.027392949908971786,0.4319998323917389,0.1762939989566803,0.015491999999999999
808,47299.0,1297.0,48596.0,48596.0,0.9733105605399621,17.0,0.017,72.0,40099.0,35.0,37.0,8.0,9.0,23339.0,23960.0,208.0,195.5,130.75,604.5,40099.0,400.99,100.0,1000,0,1000,0.2128571670036763,928,0,0,0,0,0,0,0,0,0,0,0,0,0,0,1,34,0,0,0,0,0,0,0,0,0,0,0,1,0,0,0,36,0.28732913732528687,0.0343899242579937,0.5115075707435608,0.18188980221748352,0.015473999999999998
809,47352.0,1809.0,49161.0,49161.0,0.9632025385976689,12.0,0.012,74.0,39952.0,35.0,39.0,5.0,7.0,22836.0,24516.0,312.5625,317.0,487.4375,0.0,39952.0,399.52000000000044,100.0,1000,0,1000,0.21186566585674882,926,0,0,0,0,0,0,0,0,0,0,0,0,0,0,1,34,0,0,0,0,0,0,0,0,0,0,0,0,0,0,0,39,0.09307149797677994,-0.10684238374233246,0.40531063079833984,0.1773701012134552,0.015456000000000001
810,49262.0,1170.0,50432.0,50432.0,0.9768004441624365,19.0,0.019,79.0,41362.0,38.0,41.0,8.0,11.0,23240.0,26022.0,669.8203125,217.0,130.1796875,50.0,41362.0,413.6199999999998,100.0,1000,0,1000,0.21239183307625353,921,0,0,0,0,0,0,0,0,0,0,1,0,0,0,3,34,0,0,0,0,0,0,0,0,0,0,0,1,0,0,0,40,0.3107786476612091,0.10407628864049911,0.41889140009880066,0.17770016193389893,0.015437999999999999
811,50472.0,1009.0,51481.0,51481.0,0.980400536120122,12.0,0.012,80.0,42472.0,43.0,37.0,3.0,9.0,25586.0,24886.0,665.25,378.0,134.75,422.0,42472.0,424.71999999999974,100.0,1000,0,1000,0.21394504187628627,920,0,0,0,0,0,0,0,0,0,0,0,0,0,0,5,38,0,0,0,0,0,0,0,0,0,0,0,0,0,0,0,37,0.2774493098258972,0.00598143320530653,0.5480905175209045,0.1671459972858429,0.015419999999999998
812,49216.0,341.0,49557.0,49557.0,0.9931190346469722,7.0,0.007,77.0,41516.0,40.0,37.0,3.0,4.0,25095.0,24121.0,312.25,568.6875,487.75,231.3125,41516.0,415.1600000000002,100.0,1000,0,1000,0.21254512504674494,923,0,0,0,0,0,0,0,0,0,0,0,0,0,0,1,39,0,0,0,0,0,0,0,0,0,0,0,0,0,0,1,36,0.20710225403308868,0.01076563447713852,0.3985406160354614,0.1904749870300293,0.015402
813,50599.0,883.0,51482.0,51482.0,0.9828483741890369,11.0,0.011,79.0,42699.0,44.0,35.0,5.0,6.0,26749.0,23850.0,507.1875,321.0,57.67578125,479.0,42699.0,426.98999999999955,100.0,1000,0,1000,0.21314445906318724,921,0,0,0,0,0,0,0,0,0,0,0,0,0,0,3,41,0,0,0,0,0,0,0,0,0,0,0,0,0,0,0,35,0.23013174533843994,-0.02315516769886017,0.5117647647857666,0.16871188580989838,0.015383999999999998
814,49526.0,850.0,50376.0,50376.0,0.9831268858186438,13.0,0.013,77.0,41826.0,36.0,41.0,8.0,5.0,23603.0,25923.0,471.0,540.25,329.0,259.75,41826.0,418.26000000000033,100.0,1000,2,998,0.21268695802427828,923,0,0,0,0,0,0,0,0,0,0,0,0,0,0,0,36,0,0,0,0,0,0,0,0,0,0,0,1,0,0,0,40,0.15882745385169983,-0.07084017992019653,0.46403008699417114,0.1527668982744217,0.015365999999999998
815,48890.0,870.0,49760.0,49760.0,0.982516077170418,15.0,0.015,75.0,41390.0,37.0,38.0,9.0,6.0,23746.0,25144.0,611.0,608.625,189.0,191.375,41390.0,413.9000000000005,100.0,1000,0,1000,0.21310379193164408,925,0,0,0,0,0,0,0,0,0,0,0,0,0,0,0,37,0,0,0,0,0,0,0,0,0,0,0,0,0,0,1,37,0.07302270829677582,-0.061779413372278214,0.2747863531112671,0.16882075369358063,0.015348
816,49034.0,1814.0,50848.0,50848.0,0.9643250471994965,19.0,0.019,75.0,41534.0,38.0,37.0,13.0,6.0,25061.0,23973.0,273.0,569.0,0.0,231.0,41534.0,415.33999999999946,100.0,1000,0,1000,0.2122296248562634,925,0,0,0,0,0,0,0,0,0,0,0,0,0,0,0,38,0,0,0,0,0,0,0,0,0,0,0,0,0,0,0,37,0.2438497096300125,0.009074265137314796,0.47491636872291565,0.17499954998493195,0.01533
817,49238.0,1712.0,50950.0,50950.0,0.9663984298331698,20.0,0.02,77.0,41538.0,40.0,37.0,17.0,3.0,25475.0,23763.0,619.40234375,715.0,180.59765625,85.0,41538.0,415.38000000000073,100.0,1000,0,1000,0.21273033414036036,923,0,0,0,0,0,0,0,0,0,0,0,0,0,0,5,35,0,0,0,0,0,0,0,0,0,0,0,1,0,0,0,36,0.4133250117301941,0.0013231573393568397,0.8286603093147278,0.15205802023410797,0.015311999999999997
818,49213.0,279.0,49492.0,49492.0,0.9943627252889355,6.0,0.006,78.0,41413.0,40.0,38.0,3.0,3.0,25256.0,23957.0,759.5887756347656,118.0,40.411224365234375,0.0,41413.0,414.1299999999993,100.0,1000,0,1000,0.21226270799525082,922,0,0,0,0,0,0,0,0,0,0,0,0,0,0,5,35,0,0,0,0,0,0,0,0,0,0,0,0,0,0,0,38,0.1102185919880867,-0.023449832573533058,0.27323049306869507,0.19267825782299042,0.015294
819,49095.0,951.0,50046.0,50046.0,0.980997482316269,17.0,0.017,76.0,41495.0,39.0,37.0,8.0,9.0,25287.0,23808.0,726.0,537.828125,74.0,262.171875,41495.0,414.95000000000005,100.0,1000,0,1000,0.21278316713869572,924,0,0,0,0,0,0,0,0,0,0,1,0,0,0,1,37,0,0,0,0,0,0,0,0,0,0,0,1,0,0,1,35,0.20533831417560577,-0.027499333024024963,0.4705398678779602,0.15922243893146515,0.015276
820,49055.0,441.0,49496.0,49496.0,0.9910901891061904,8.0,0.008,76.0,41455.0,40.0,36.0,2.0,6.0,25699.0,23356.0,539.625,396.9375,260.375,100.765625,41455.0,414.5500000000005,100.0,1000,0,1000,0.21488816617056727,924,0,1,0,0,0,0,0,0,0,0,1,0,0,0,0,38,0,0,0,0,0,0,0,0,0,0,1,1,0,0,0,34,0.23929272592067719,0.07435910403728485,0.3354759216308594,0.18379488587379456,0.015257999999999997
821,48098.0,1391.0,49489.0,49489.0,0.9718927438420659,17.0,0.017,77.0,40398.0,40.0,37.0,12.0,5.0,23330.0,24768.0,758.1044921875,597.0,41.8955078125,203.0,40398.0,403.98000000000076,100.0,1000,0,1000,0.21295549999922514,923,1,0,0,0,0,0,1,0,0,0,2,0,0,0,2,34,0,0,0,0,0,0,0,0,0,0,0,0,0,0,0,37,0.48354777693748474,0.0899505466222763,0.7922534942626953,0.16597989201545715,0.01524
822,49118.0,1234.0,50352.0,50352.0,0.9754925325707022,19.0,0.019,76.0,41518.0,40.0,36.0,10.0,9.0,25241.0,23877.0,470.1875,516.0,100.30078125,284.0,41518.0,415.18000000000006,100.0,1000,0,1000,0.21266541699878871,924,0,0,0,0,0,1,0,0,0,0,0,0,0,0,5,34,0,0,0,0,0,0,0,0,0,0,0,0,0,0,1,35,0.3111833333969116,0.06973417103290558,0.48785874247550964,0.16293594241142273,0.015222
823,49295.0,967.0,50262.0,50262.0,0.9807608133381083,16.0,0.016,74.0,41895.0,39.0,35.0,9.0,7.0,26410.0,22885.0,502.375,436.0,297.625,22.75,41895.0,418.94999999999965,100.0,1000,0,1000,0.21439787512645125,926,0,0,0,0,0,0,0,0,0,0,0,0,0,0,2,37,0,0,0,0,0,0,0,0,0,0,0,0,0,0,1,34,0.25614163279533386,-0.023421740159392357,0.5652352571487427,0.2008846253156662,0.015203999999999999
824,48753.0,705.0,49458.0,49458.0,0.9857454810141939,13.0,0.013,74.0,41353.0,35.0,39.0,7.0,6.0,23445.0,25308.0,660.5,358.0,139.5,442.0,41353.0,413.52999999999963,100.0,1000,2,998,0.21252875006757677,926,0,0,0,0,0,0,0,0,0,0,0,0,0,0,1,34,0,0,0,0,0,0,0,0,0,0,0,0,0,0,1,38,0.15466345846652985,-0.038380347192287445,0.390491247177124,0.14498963952064514,0.015186
825,48688.0,2171.0,50859.0,50859.0,0.9573133565347333,18.0,0.018,75.0,41188.0,36.0,39.0,8.0,10.0,24382.0,24306.0,749.0,209.0,51.0,19.0,41188.0,411.87999999999977,100.0,1000,0,1000,0.2118653750512749,925,0,0,0,0,0,0,0,0,0,0,0,0,0,0,0,36,0,0,0,0,0,0,1,0,0,0,0,0,0,0,0,38,0.3543708920478821,0.00698652770370245,0.7003178596496582,0.1829220950603485,0.015168
826,49292.0,814.0,50106.0,50106.0,0.9837544405859577,15.0,0.015,77.0,41592.0,38.0,39.0,11.0,4.0,25231.0,24061.0,489.0,566.0,58.8125,64.3125,41592.0,415.91999999999956,100.0,1000,0,1000,0.2142625420819968,923,0,0,0,0,0,0,0,0,0,0,0,0,0,0,2,36,0,0,0,0,0,0,0,0,0,0,0,1,0,0,1,37,0.04427367076277733,-0.0672442689538002,0.22841700911521912,0.17759495973587036,0.015149999999999999
827,48991.0,1004.0,49995.0,49995.0,0.9799179917991799,17.0,0.017,75.0,41491.0,37.0,38.0,10.0,7.0,23469.0,25522.0,666.125,344.0,57.1171875,456.0,41491.0,414.91000000000054,100.0,1000,0,1000,0.2127293748781085,925,0,0,0,0,0,0,0,0,0,0,0,0,0,0,2,35,0,0,0,0,0,0,0,0,0,0,0,0,0,0,0,38,0.24003925919532776,0.024085361510515213,0.43835949897766113,0.2131810039281845,0.015132
828,51312.0,694.0,52006.0,52006.0,0.9866553859170096,9.0,0.009,81.0,43212.0,38.0,43.0,6.0,3.0,24470.0,26842.0,385.34375,731.5,414.65625,4.28125,43212.0,432.119999999999,100.0,1000,0,1000,0.21303116716444492,919,0,0,0,0,0,0,0,0,0,0,2,0,0,0,0,36,0,0,0,0,0,0,0,0,0,0,0,0,0,0,4,39,0.4121760129928589,0.03772571682929993,0.7543919086456299,0.1816638708114624,0.015113999999999999
829,49109.0,958.0,50067.0,50067.0,0.9808656400423432,11.0,0.011,77.0,41409.0,37.0,40.0,7.0,4.0,24082.0,25027.0,223.7578125,713.0,576.2421875,87.0,41409.0,414.09,100.0,1000,0,1000,0.21183241694234312,923,0,0,0,0,0,1,1,0,0,0,0,0,0,0,0,35,0,0,0,0,0,0,0,0,0,0,0,0,0,0,0,40,0.28800201416015625,0.003874135436490178,0.5737901329994202,0.18330594897270203,0.015095999999999998
830,48893.0,508.0,49401.0,49401.0,0.9897168073520779,8.0,0.008,79.0,40993.0,36.0,43.0,5.0,3.0,23291.0,25602.0,608.0,587.783935546875,192.0,212.216064453125,40993.0,409.92999999999927,100.0,1000,0,1000,0.2124322911258787,921,0,0,0,0,0,1,0,0,0,0,0,0,0,0,1,34,0,0,0,0,0,0,0,0,0,0,0,1,0,0,4,38,0.09015564620494843,-0.04266509413719177,0.27087897062301636,0.1736801117658615,0.015078
831,49478.0,1136.0,50614.0,50614.0,0.9775556170229581,16.0,0.016,77.0,41778.0,40.0,37.0,12.0,4.0,25677.0,23801.0,591.8046875,451.0,130.1220703125,349.0,41778.0,417.7799999999992,100.0,1000,0,1000,0.21193820796906948,923,0,0,0,0,0,1,0,0,0,0,0,0,0,1,3,35,0,0,0,0,0,0,0,0,1,0,0,0,0,0,1,35,0.2658848464488983,0.07509631663560867,0.38688966631889343,0.17638175189495087,0.015059999999999999
832,48912.0,1275.0,50187.0,50187.0,0.9745950146452268,18.0,0.018,75.0,41412.0,38.0,37.0,11.0,7.0,24728.0,24184.0,602.515625,603.0,197.484375,197.0,41412.0,414.1199999999997,100.0,1000,0,1000,0.21328595792874694,925,0,0,0,0,0,0,0,0,0,0,0,0,0,1,1,36,0,0,0,0,0,0,0,0,1,0,0,0,0,0,0,36,0.1469520628452301,-0.09867390245199203,0.49770045280456543,0.21435041725635529,0.015041999999999998
833,48321.0,1243.0,49564.0,49564.0,0.9749213138568316,15.0,0.015,78.0,40521.0,38.0,40.0,11.0,4.0,23878.0,24443.0,703.0,674.5546875,60.625,125.4453125,40521.0,405.2099999999993,100.0,1000,0,1000,0.21476358314976096,922,0,0,0,0,0,3,0,0,0,0,1,0,0,0,1,33,0,0,0,0,0,0,0,0,0,0,0,0,0,0,2,38,0.28491920232772827,0.046893078833818436,0.48213768005371094,0.20252494513988495,0.015024
834,46855.0,910.0,47765.0,47765.0,0.9809483931749189,14.0,0.014,76.0,39255.0,38.0,38.0,8.0,6.0,23511.0,23344.0,599.0,606.6875,201.0,193.3125,39255.0,392.55000000000047,100.0,1000,0,1000,0.21244199993088841,924,0,0,0,0,0,2,1,0,0,0,0,0,0,0,0,35,0,0,0,0,0,0,0,0,0,0,0,0,0,0,1,37,0.18696822226047516,-0.018182355910539627,0.41508162021636963,0.15928581357002258,0.015005999999999999
835,49933.0,1210.0,51143.0,51143.0,0.9763408482099212,17.0,0.017,75.0,42433.0,39.0,36.0,10.0,7.0,25874.0,24059.0,530.75,297.0,269.25,170.0,42433.0,424.33000000000015,100.0,1000,0,1000,0.21201741602271795,925,0,0,0,0,0,0,0,0,0,0,1,0,0,0,0,38,0,0,0,0,0,0,0,0,0,0,0,1,0,0,0,35,0.060309939086437225,-0.15101812779903412,0.4287119209766388,0.20202113687992096,0.014987999999999998
836,48521.0,629.0,49150.0,49150.0,0.9872024415055951,10.0,0.01,76.0,40921.0,36.0,40.0,10.0,0.0,23733.0,24788.0,533.5625,430.6875,33.3046875,369.3125,40921.0,409.2099999999998,100.0,1000,0,1000,0.2118422919884324,924,0,0,0,0,0,0,0,0,0,0,0,0,0,1,3,32,0,0,0,0,0,0,0,0,0,0,0,0,0,0,1,39,0.14847388863563538,-0.024447062984108925,0.350902259349823,0.1690165102481842,0.014969999999999999
837,49312.0,482.0,49794.0,49794.0,0.9903201188898261,8.0,0.008,76.0,41712.0,35.0,41.0,7.0,1.0,23685.0,25627.0,487.0,686.0,313.0,114.0,41712.0,417.12000000000035,100.0,1000,0,1000,0.21208270802162588,924,0,0,0,0,0,0,0,0,0,0,0,0,0,0,3,32,0,0,0,0,0,0,0,0,0,0,0,0,0,0,0,41,-0.027393890544772148,-0.09328841418027878,0.13656850159168243,0.1598265916109085,0.014951999999999998
838,47354.0,2078.0,49432.0,49432.0,0.9579624534714355,20.0,0.02,75.0,39854.0,38.0,37.0,10.0,10.0,24354.0,23000.0,610.375,586.1796875,128.265625,213.8203125,39854.0,398.54,100.0,1000,0,1000,0.21226025000214577,925,0,0,0,0,0,1,0,0,0,0,0,0,0,0,2,35,0,1,0,0,0,0,0,0,0,0,0,0,0,0,1,35,0.31793737411499023,-0.0449959821999073,0.7313440442085266,0.18338364362716675,0.014933999999999998
839,48590.0,1490.0,50080.0,50080.0,0.9702476038338658,21.0,0.021,76.0,40990.0,38.0,38.0,16.0,5.0,25233.0,23357.0,789.4375,416.25341796875,10.5625,383.74658203125,40990.0,409.89999999999986,100.0,1000,0,1000,0.21284033288247883,924,0,0,0,0,0,0,0,0,0,0,0,0,0,0,2,36,0,1,0,0,0,0,0,0,0,0,0,0,0,0,2,35,0.19070598483085632,-0.004774593282490969,0.3971308469772339,0.20681433379650116,0.014916
840,48934.0,281.0,49215.0,49215.0,0.9942903586304989,5.0,0.005,80.0,40934.0,40.0,40.0,2.0,3.0,24693.0,24241.0,248.0,673.28955078125,44.0,126.71044921875,40934.0,409.34000000000026,100.0,1000,0,1000,0.2130122089292854,920,0,0,0,0,0,0,0,0,0,0,0,0,0,0,2,38,0,0,0,0,0,0,0,0,1,0,0,0,0,0,3,36,0.31549695134162903,0.01054959837347269,0.6176819801330566,0.2613528072834015,0.014897999999999998
841,50248.0,1160.0,51408.0,51408.0,0.9774354186118892,13.0,0.013,80.0,42248.0,37.0,43.0,6.0,7.0,23836.0,26412.0,435.6875,491.96875,364.3125,308.03125,42248.0,422.4799999999989,100.0,1000,1,999,0.21189641603268683,920,0,0,0,0,0,0,0,0,0,0,0,0,0,0,1,36,0,0,0,0,0,0,0,0,0,0,0,1,0,0,1,41,0.33566775918006897,0.03341139853000641,0.6100515127182007,0.18611344695091248,0.014879999999999997
842,49535.0,844.0,50379.0,50379.0,0.9832469878322316,13.0,0.013,79.0,41635.0,42.0,37.0,9.0,4.0,26169.0,23366.0,659.9658203125,480.8125,140.0341796875,319.1875,41635.0,416.34999999999974,100.0,1000,0,1000,0.21277866698801517,921,0,0,0,0,0,0,0,0,0,0,0,0,0,0,4,38,0,0,0,0,0,0,0,0,0,0,0,0,0,0,1,36,0.30514028668403625,0.09658004343509674,0.42343243956565857,0.21235117316246033,0.014862
843,48425.0,1069.0,49494.0,49494.0,0.9784014223946337,14.0,0.014,77.0,40725.0,37.0,40.0,7.0,7.0,22649.0,25776.0,693.0,670.46875,76.625,129.53125,40725.0,407.24999999999943,100.0,1000,0,1000,0.21198212495073676,923,0,0,0,1,1,1,0,0,0,0,0,0,0,0,0,34,0,0,0,0,0,0,0,0,0,0,0,1,0,0,1,38,0.3467099666595459,0.04315480589866638,0.6133397221565247,0.20982897281646729,0.014843999999999998
844,49533.0,1296.0,50829.0,50829.0,0.9745027444962522,10.0,0.01,82.0,41333.0,39.0,43.0,5.0,5.0,24695.0,24838.0,346.79296875,661.0,453.20703125,9.90625,41333.0,413.32999999999856,100.0,1000,0,1000,0.21479433286003768,918,0,0,0,0,0,0,1,0,0,0,0,0,0,0,1,37,0,0,0,0,0,0,0,0,0,0,0,1,0,0,5,37,0.5557878613471985,0.07992233335971832,0.9582479000091553,0.21977773308753967,0.014825999999999997
845,50555.0,608.0,51163.0,51163.0,0.9881164122510407,9.0,0.009,82.0,42355.0,40.0,42.0,6.0,3.0,26337.0,24218.0,596.6875,550.0,203.3125,15.625,42355.0,423.55000000000035,100.0,1000,0,1000,0.21370600000955164,918,0,0,0,0,0,0,0,0,0,0,0,0,0,0,2,38,0,0,0,0,0,0,1,0,0,0,0,0,0,0,4,37,0.30901604890823364,0.03203441947698593,0.5598235130310059,0.19787517189979553,0.014808
846,49885.0,465.0,50350.0,50350.0,0.990764647467726,8.0,0.008,82.0,41685.0,39.0,43.0,8.0,0.0,25180.0,24705.0,648.261962890625,556.498046875,151.738037109375,243.501953125,41685.0,416.8500000000003,100.0,1000,0,1000,0.2121947081759572,918,0,0,0,0,0,0,0,0,0,0,0,0,0,0,4,35,0,0,0,0,0,0,0,0,0,0,0,2,0,0,5,36,0.08553539216518402,-0.028179282322525978,0.23374409973621368,0.21348030865192413,0.01479
847,48921.0,664.0,49585.0,49585.0,0.9866088534839165,9.0,0.009,84.0,40521.0,41.0,43.0,3.0,6.0,26224.0,22697.0,253.0,772.2474476844072,44.0,27.752552315592766,40521.0,405.20999999999947,100.0,1000,0,1000,0.2123580421321094,916,0,0,0,0,0,0,0,0,0,0,0,0,0,0,2,39,0,0,0,0,0,0,0,0,0,0,0,2,0,0,6,35,0.16550329327583313,-0.06373144686222076,0.46353089809417725,0.1713179051876068,0.014772
848,49549.0,300.0,49849.0,49849.0,0.9939818251118377,5.0,0.005,83.0,41249.0,38.0,45.0,2.0,3.0,23366.0,26183.0,504.875,623.8689907193184,92.2265625,176.1310092806816,41249.0,412.49000000000007,100.0,1000,0,1000,0.2125284168869257,917,0,0,0,0,0,0,0,0,0,0,2,0,0,0,2,34,0,0,0,0,0,0,0,0,0,0,0,0,0,0,7,38,0.18398192524909973,0.010321715846657753,0.35298746824264526,0.19205209612846375,0.014754
849,48630.0,1836.0,50466.0,50466.0,0.963619070265129,17.0,0.017,79.0,40730.0,36.0,43.0,13.0,4.0,24435.0,24195.0,403.0,624.0,397.0,36.95703125,40730.0,407.3000000000011,100.0,1000,0,1000,0.21204987494274974,921,0,0,0,0,0,0,0,0,0,0,0,0,0,0,1,35,0,0,0,0,0,0,0,0,0,0,0,0,0,0,7,36,0.29529303312301636,0.06533247977495193,0.4667176604270935,0.23061081767082214,0.014735999999999999
850,48473.0,1078.0,49551.0,49551.0,0.9782446368388126,18.0,0.018,80.0,40473.0,40.0,40.0,11.0,7.0,25068.0,23405.0,581.96875,568.5838544294238,218.03125,231.4161455705762,40473.0,404.7300000000002,100.0,1000,0,1000,0.2127557920757681,920,0,0,0,1,0,0,0,0,0,0,0,0,2,0,0,37,0,1,0,0,0,0,0,0,0,0,0,0,0,0,6,33,0.05621682479977608,-0.08055538684129715,0.27917999029159546,0.19145150482654572,0.014718
851,50685.0,728.0,51413.0,51413.0,0.9858401571586952,12.0,0.012,83.0,42385.0,41.0,42.0,5.0,7.0,25422.0,25263.0,744.22607421875,252.734375,55.77392578125,0.0,42385.0,423.8500000000002,100.0,1000,0,1000,0.21392449992708862,917,0,0,0,0,0,0,0,0,0,0,1,0,2,0,3,35,0,0,0,0,0,0,0,0,0,0,0,0,0,0,5,37,0.4831714630126953,0.008644268848001957,0.954836905002594,0.19668468832969666,0.0147
852,49307.0,451.0,49758.0,49758.0,0.9909361308734274,7.0,0.007,85.0,40807.0,43.0,42.0,5.0,2.0,25232.0,24075.0,522.3324006199837,746.522216796875,52.06267488375306,53.477783203125,40807.0,408.0700000000005,100.0,1000,0,1000,0.21285741706378758,915,0,0,0,0,0,0,0,0,0,0,1,0,3,0,3,36,0,0,0,0,0,0,0,0,0,0,1,0,0,0,4,37,0.14571908116340637,-0.04529772698879242,0.3872263431549072,0.17683963477611542,0.014681999999999999
853,50562.0,776.0,51338.0,51338.0,0.9848844910202968,9.0,0.009,82.0,42362.0,40.0,42.0,6.0,3.0,24631.0,25931.0,384.6679382324219,800.0,132.3122615814209,0.0,42362.0,423.6200000000001,100.0,1000,0,1000,0.21206620801240206,918,0,0,0,0,0,0,0,0,0,0,0,0,2,0,3,35,0,0,0,0,0,0,0,0,0,0,0,0,0,0,3,39,0.26170554757118225,0.03762214258313179,0.45350998640060425,0.18218688666820526,0.014664
854,49480.0,829.0,50309.0,50309.0,0.9835218350593333,14.0,0.014,80.0,41480.0,40.0,40.0,7.0,7.0,24326.0,25154.0,668.3671875,645.19140625,131.6328125,154.80859375,41480.0,414.79999999999984,100.0,1000,0,1000,0.21282600006088614,920,0,0,0,0,0,0,0,0,0,0,0,0,4,0,4,32,0,0,0,0,0,0,0,0,0,0,0,0,0,0,2,38,0.10044210404157639,-0.06479844450950623,0.33687496185302734,0.2182801067829132,0.014646
855,49601.0,546.0,50147.0,50147.0,0.9891120106885756,9.0,0.009,81.0,41501.0,42.0,39.0,2.0,7.0,24261.0,25340.0,606.8125,424.125,55.19921875,375.875,41501.0,415.0099999999996,100.0,1000,0,1000,0.21303291688673198,919,0,0,0,0,0,0,0,0,0,0,0,0,2,0,6,34,0,0,0,0,0,0,0,0,0,0,0,0,0,0,1,38,0.22230255603790283,0.025181682780385017,0.40058234333992004,0.21672819554805756,0.014627999999999999
856,45731.0,614.0,46345.0,46345.0,0.9867515373826734,9.0,0.009,73.0,38431.0,39.0,34.0,5.0,4.0,23136.0,22595.0,364.23759174346924,443.0,0.0,357.0,38431.0,384.30999999999915,100.0,1000,0,1000,0.2128976248204708,927,0,0,0,0,0,0,1,0,0,0,0,0,2,0,3,33,0,0,0,0,0,0,0,0,0,0,0,0,0,0,0,34,0.35101890563964844,-0.036560531705617905,0.7815871238708496,0.21999552845954895,0.01461
857,48460.0,598.0,49058.0,49058.0,0.9878103469362796,12.0,0.012,81.0,40360.0,41.0,40.0,6.0,6.0,23475.0,24985.0,636.0679807662964,639.125,30.737253606319427,160.875,40360.0,403.60000000000036,100.0,1000,0,1000,0.21268716594204307,919,0,0,0,0,0,0,0,0,0,0,0,0,1,0,7,33,0,0,0,0,0,0,1,0,0,0,0,0,0,0,2,37,0.2727682888507843,-0.044197928160429,0.6394115090370178,0.1877426654100418,0.014591999999999999
858,46203.0,897.0,47100.0,47100.0,0.9809554140127389,11.0,0.011,74.0,38803.0,37.0,37.0,4.0,7.0,22809.0,23394.0,697.828857421875,313.4375,102.171142578125,486.5625,38803.0,388.03000000000026,100.0,1000,0,1000,0.21242308290675282,926,0,0,0,0,0,0,0,0,0,0,0,0,0,0,4,33,0,0,0,0,0,0,0,0,0,0,0,0,0,0,2,35,0.1582079827785492,-0.029454799368977547,0.3808130919933319,0.18826432526111603,0.014573999999999998
859,48793.0,1311.0,50104.0,50104.0,0.9738344243972538,10.0,0.01,76.0,41193.0,36.0,40.0,5.0,5.0,23410.0,25383.0,448.203125,493.0,351.796875,307.0,41193.0,411.9300000000004,100.0,1000,1,999,0.21366091608069837,924,0,0,0,0,0,0,0,0,0,0,0,0,1,0,1,34,0,0,0,0,0,0,0,0,0,0,0,0,0,0,1,39,0.1872919350862503,-0.04324191063642502,0.46596279740333557,0.1681477576494217,0.014556
860,48451.0,963.0,49414.0,49414.0,0.9805115959039948,15.0,0.015,79.0,40551.0,38.0,41.0,9.0,6.0,23239.0,25212.0,430.5025329589844,499.0,369.4974670410156,301.0,40551.0,405.5099999999999,100.0,1000,0,1000,0.2129153748974204,921,0,0,0,0,0,0,0,0,0,0,0,0,0,0,5,33,0,0,0,0,0,0,0,0,0,0,0,0,0,0,3,38,0.03211534395813942,-0.10206069052219391,0.2749790549278259,0.22791951894760132,0.014537999999999999
861,49128.0,819.0,49947.0,49947.0,0.9836026187759025,11.0,0.011,81.0,41028.0,43.0,38.0,6.0,5.0,24807.0,24321.0,756.9689636230469,300.0,2.6894397735595703,0.0,41028.0,410.27999999999935,100.0,1000,0,1000,0.21312674996443093,919,0,0,0,0,0,0,0,0,0,0,0,0,3,0,5,35,0,0,0,0,0,0,0,0,0,0,0,0,0,0,0,38,0.2422105073928833,-0.018184784799814224,0.526572585105896,0.19910474121570587,0.014519999999999998
862,50084.0,377.0,50461.0,50461.0,0.9925288836923565,6.0,0.006,84.0,41684.0,40.0,44.0,4.0,2.0,24166.0,25918.0,684.3023777008057,390.125,115.69762229919434,25.6171875,41684.0,416.84000000000003,100.0,1000,0,1000,0.21226795786060393,916,0,0,0,0,0,1,0,0,0,0,0,0,2,0,3,34,0,0,0,0,0,0,0,0,0,0,0,0,0,0,7,37,0.10419325530529022,0.006248389836400747,0.20128005743026733,0.18584787845611572,0.014502000000000001
863,49930.0,1025.0,50955.0,50955.0,0.9798842115592189,12.0,0.012,83.0,41630.0,41.0,42.0,6.0,6.0,25056.0,24874.0,713.1875,721.1895617842674,37.30078125,78.81043821573257,41630.0,416.29999999999933,100.0,1000,0,1000,0.21246991702355444,917,0,1,0,0,0,0,0,0,0,0,0,0,1,0,3,36,0,0,0,0,0,0,1,0,0,0,0,0,0,0,6,35,0.24218229949474335,-0.027319220826029778,0.5451530814170837,0.2123047411441803,0.014483999999999999
864,50115.0,514.0,50629.0,50629.0,0.9898477157360406,10.0,0.01,79.0,42215.0,38.0,41.0,5.0,5.0,23907.0,26208.0,442.87890625,669.1875,22.320068359375,130.8125,42215.0,422.15,100.0,1000,0,1000,0.2135057079140097,921,0,0,0,0,0,0,0,0,0,0,0,0,0,0,4,34,0,0,0,0,0,0,0,0,0,0,0,0,0,0,1,40,0.25737684965133667,0.01566450484097004,0.4887849986553192,0.18527215719223022,0.014465999999999998
865,49763.0,1593.0,51356.0,51356.0,0.9689812290676844,12.0,0.012,80.0,41763.0,38.0,42.0,6.0,6.0,24992.0,24771.0,560.5625,677.592529296875,239.4375,30.60186767578125,41763.0,417.6299999999997,100.0,1000,0,1000,0.21294270805083215,920,0,0,0,0,0,0,0,0,0,0,0,0,1,0,0,37,0,0,0,0,0,0,0,0,0,0,0,1,0,0,4,37,0.2527826726436615,-0.04748091101646423,0.6062559485435486,0.19825567305088043,0.014448
866,49694.0,871.0,50565.0,50565.0,0.9827746464946109,13.0,0.013,78.0,41894.0,39.0,39.0,7.0,6.0,24102.0,25592.0,526.21875,305.3125,85.556640625,0.0,41894.0,418.93999999999915,100.0,1000,0,1000,0.21281074988655746,922,0,0,0,0,0,1,0,0,0,0,1,0,0,0,2,35,0,0,0,0,0,0,0,0,0,0,0,0,0,0,1,38,0.08913654088973999,-0.03911435604095459,0.2611326277256012,0.16045862436294556,0.014429999999999998
867,49354.0,332.0,49686.0,49686.0,0.9933180372740812,7.0,0.007,79.0,41454.0,37.0,42.0,1.0,6.0,23325.0,26029.0,709.0,318.9091796875,91.0,62.88067626953125,41454.0,414.5399999999993,100.0,1000,0,1000,0.21436179196462035,921,0,0,0,0,0,0,0,0,0,0,0,0,1,0,1,35,0,0,0,0,0,0,0,0,0,0,0,1,0,0,4,37,0.17043916881084442,0.01611100323498249,0.31336718797683716,0.16343462467193604,0.014411999999999998
868,48170.0,1652.0,49822.0,49822.0,0.9668419573682309,18.0,0.018,78.0,40370.0,38.0,40.0,7.0,11.0,23509.0,24661.0,610.35546875,680.875,189.64453125,119.125,40370.0,403.70000000000016,100.0,1000,0,1000,0.21218420914374292,922,0,0,0,0,0,0,0,0,0,0,0,0,1,0,3,34,0,0,0,0,0,0,0,0,0,0,0,1,0,0,2,37,0.358256995677948,0.058788709342479706,0.6041859984397888,0.1823473870754242,0.014394
869,49240.0,608.0,49848.0,49848.0,0.9878029208794736,10.0,0.01,80.0,41240.0,40.0,40.0,5.0,5.0,24894.0,24346.0,713.1875,482.0,86.8125,43.078125,41240.0,412.4000000000002,100.0,1000,0,1000,0.21330220787785947,920,0,0,0,0,0,0,0,0,0,0,0,0,3,0,0,37,0,0,0,0,0,0,0,0,0,0,0,0,0,0,3,37,0.17819371819496155,0.036358822137117386,0.288826584815979,0.17935431003570557,0.014376
870,49763.0,882.0,50645.0,50645.0,0.9825846579129233,12.0,0.012,81.0,41663.0,42.0,39.0,4.0,8.0,24699.0,25064.0,377.151611328125,639.01171875,324.88629150390625,160.98828125,41663.0,416.63000000000045,100.0,1000,0,1000,0.21212250017561018,919,0,0,0,1,0,0,0,0,0,0,0,0,4,0,0,37,0,0,0,0,0,0,0,0,0,0,0,0,0,0,2,37,0.1782984882593155,0.01431657187640667,0.33342018723487854,0.19001059234142303,0.014358
871,49223.0,571.0,49794.0,49794.0,0.9885327549503956,9.0,0.009,81.0,41123.0,41.0,40.0,4.0,5.0,23963.0,25260.0,531.9062957763672,620.125,150.80270862579346,179.875,41123.0,411.2299999999998,100.0,1000,0,1000,0.2131358329206705,919,0,0,0,0,0,0,2,0,0,0,0,0,2,0,1,36,0,0,0,0,0,0,0,0,0,0,0,0,0,0,2,38,0.1889890879392624,-0.02838202938437462,0.44038254022598267,0.19666290283203125,0.014339999999999999
872,49096.0,771.0,49867.0,49867.0,0.9845388734032526,14.0,0.014,77.0,41396.0,38.0,39.0,6.0,8.0,23712.0,25384.0,173.958984375,636.4375,0.0,163.5625,41396.0,413.9600000000002,100.0,1000,0,1000,0.21247916715219617,923,0,0,0,0,0,0,0,0,0,0,1,0,2,0,2,33,0,0,0,0,0,0,0,0,0,0,0,0,0,0,1,38,0.25043851137161255,0.12276198714971542,0.25995737314224243,0.16074351966381073,0.014321999999999998
873,51400.0,851.0,52251.0,52251.0,0.9837132303687968,9.0,0.009,82.0,43200.0,43.0,39.0,3.0,6.0,26523.0,24877.0,373.0,655.0,145.875,145.0,43200.0,431.9999999999997,100.0,1000,0,1000,0.21297125006094575,918,0,0,0,0,0,0,0,0,0,0,0,0,4,0,0,39,0,0,0,0,0,0,0,0,0,0,0,0,0,0,1,38,0.3664076328277588,0.005470177158713341,0.7267907857894897,0.17183665931224823,0.014303999999999997
874,49318.0,416.0,49734.0,49734.0,0.9916355008645996,7.0,0.007,77.0,41618.0,38.0,39.0,5.0,2.0,23776.0,25542.0,594.7623596191406,533.0,205.23764038085938,267.0,41618.0,416.17999999999927,100.0,1000,0,1000,0.21254216693341732,923,0,0,0,0,0,0,0,0,0,0,0,0,3,1,1,33,0,0,0,0,0,0,0,0,0,0,0,0,0,0,0,39,0.031551286578178406,-0.04573563486337662,0.160554438829422,0.209316685795784,0.014286
875,50271.0,914.0,51185.0,51185.0,0.9821432060173879,10.0,0.01,81.0,42171.0,39.0,42.0,3.0,7.0,23549.0,26722.0,434.125,476.375,68.6015625,49.2890625,42171.0,421.7100000000002,100.0,1000,0,1000,0.2123083749320358,919,0,0,0,0,0,0,0,0,0,0,0,0,6,0,1,32,0,0,0,0,0,0,0,0,0,0,0,0,0,0,4,38,0.21636632084846497,0.010985883884131908,0.4160107672214508,0.18397407233715057,0.014268
876,48355.0,1161.0,49516.0,49516.0,0.9765530333629534,15.0,0.015,81.0,40255.0,39.0,42.0,9.0,6.0,23449.0,24906.0,439.576904296875,729.982177734375,360.423095703125,67.18861389160156,40255.0,402.5499999999996,100.0,1000,0,1000,0.2124938340857625,919,0,0,0,0,0,0,0,0,0,0,1,0,3,0,1,34,0,0,0,0,0,0,0,0,0,0,0,0,0,0,4,38,0.19088399410247803,0.02295193448662758,0.34128591418266296,0.1902378499507904,0.014249999999999999
877,49843.0,217.0,50060.0,50060.0,0.9956652017578905,4.0,0.004,82.0,41643.0,45.0,37.0,2.0,2.0,25964.0,23879.0,547.0,487.75390625,3.2734375,312.24609375,41643.0,416.4299999999997,100.0,1000,0,1000,0.212612709030509,918,0,0,0,0,0,0,0,0,0,0,0,0,2,0,4,39,0,0,0,0,0,0,0,0,0,0,0,0,0,0,2,35,0.19232387840747833,0.025805924087762833,0.33794495463371277,0.17246510088443756,0.014232000000000002
878,47390.0,1344.0,48734.0,48734.0,0.972421717897156,9.0,0.009,77.0,39690.0,41.0,36.0,4.0,5.0,23937.0,23453.0,613.796875,460.0,11.6376953125,50.3125,39690.0,396.9000000000004,100.0,1000,0,1000,0.2128687498625368,923,0,0,0,0,0,0,0,0,0,0,0,0,1,0,3,37,0,0,0,0,0,0,0,0,0,0,0,0,0,0,1,35,0.3811582326889038,0.04095381870865822,0.6865729689598083,0.21683384478092194,0.014213999999999997
879,48111.0,977.0,49088.0,49088.0,0.9800969687092569,10.0,0.01,79.0,40211.0,41.0,38.0,2.0,8.0,23876.0,24235.0,504.45013427734375,704.5625,295.54986572265625,95.4375,40211.0,402.11000000000064,100.0,1000,1,999,0.21498829196207225,921,0,0,0,0,0,0,0,0,0,0,0,0,4,0,1,36,0,0,0,0,0,0,2,0,0,0,0,0,0,0,0,36,0.2371039092540741,0.028497381135821342,0.423080176115036,0.20664702355861664,0.014195999999999997
880,51489.0,1527.0,53016.0,53016.0,0.9711973743775464,14.0,0.014,81.0,43389.0,40.0,41.0,5.0,9.0,25908.0,25581.0,485.5625,473.3125,314.4375,183.76171875,43389.0,433.8900000000009,100.0,1000,0,1000,0.21288979216478765,919,0,0,0,0,0,0,0,0,0,0,0,0,2,0,0,38,0,0,0,0,0,0,1,0,0,0,0,0,0,0,1,39,0.4236012399196625,-0.05165799707174301,0.9563294649124146,0.20492850244045258,0.014178
881,49581.0,1748.0,51329.0,51329.0,0.9659451771902823,11.0,0.011,78.0,41781.0,40.0,38.0,4.0,7.0,24574.0,25007.0,588.0,710.1875,212.0,89.8125,41781.0,417.8099999999993,100.0,1000,0,1000,0.21280429209582508,922,0,0,0,0,0,1,0,0,0,0,0,0,0,0,1,38,0,0,0,0,0,0,0,0,0,0,0,0,0,0,2,36,0.1771659106016159,-0.15307971835136414,0.6660427451133728,0.19602683186531067,0.014159999999999999
882,48852.0,485.0,49337.0,49337.0,0.9901696495530737,8.0,0.008,78.0,41052.0,42.0,36.0,4.0,4.0,24842.0,24010.0,472.5546875,370.0,100.39599609375,430.0,41052.0,410.52000000000027,100.0,1000,0,1000,0.21258874982595444,922,0,0,0,0,0,0,0,0,0,0,0,0,4,0,0,38,0,0,0,0,0,0,0,0,0,0,0,0,0,0,0,36,0.1487542986869812,-0.01946505531668663,0.3432057201862335,0.2392522543668747,0.014141999999999998
883,48687.0,1491.0,50178.0,50178.0,0.9702857826138945,15.0,0.015,79.0,40787.0,43.0,36.0,3.0,12.0,24435.0,24252.0,533.56884765625,302.0,49.955841064453125,498.0,40787.0,407.8699999999994,100.0,1000,0,1000,0.2126815840601921,921,0,0,0,0,0,0,0,0,0,0,0,0,5,0,0,38,0,0,0,0,0,0,0,0,0,0,0,0,0,0,0,36,0.5072360634803772,0.07259218394756317,0.8746851086616516,0.1910683810710907,0.014124000000000001
884,50453.0,451.0,50904.0,50904.0,0.9911401854471161,8.0,0.008,85.0,41953.0,44.0,41.0,1.0,7.0,25407.0,25046.0,728.26171875,266.552734375,71.73828125,60.0,41953.0,419.5300000000002,100.0,1000,0,1000,0.21225220803171396,915,0,0,0,0,0,0,0,0,0,0,0,0,3,0,0,41,0,0,0,0,0,0,3,0,0,0,0,0,0,0,1,37,0.13010065257549286,-0.02039450965821743,0.30699998140335083,0.21301768720149994,0.014106
885,48562.0,583.0,49145.0,49145.0,0.9881371451826229,8.0,0.008,80.0,40562.0,43.0,37.0,3.0,5.0,24828.0,23734.0,731.20703125,636.375,68.79296875,163.625,40562.0,405.6199999999997,100.0,1000,0,1000,0.2121815411373973,920,0,0,0,0,0,0,1,0,0,0,0,0,2,0,0,40,0,0,0,0,0,0,0,0,0,0,0,0,0,0,1,36,0.10189796984195709,-0.07744911313056946,0.3643135130405426,0.1994374394416809,0.014087999999999996
886,48029.0,911.0,48940.0,48940.0,0.9813853698406212,11.0,0.011,79.0,40129.0,42.0,37.0,6.0,5.0,23653.0,24376.0,445.575439453125,770.0,0.0,30.0,40129.0,401.29000000000093,100.0,1000,0,1000,0.21270712511613965,921,0,0,0,0,0,0,0,0,0,0,0,0,5,0,0,37,0,0,0,0,0,0,0,0,0,0,0,0,0,0,1,36,0.10204941779375076,-0.1341225504875183,0.4774131178855896,0.1801416426897049,0.01407
887,49994.0,916.0,50910.0,50910.0,0.9820074641524259,10.0,0.01,82.0,41794.0,41.0,41.0,1.0,9.0,24334.0,25660.0,361.0859375,657.0,82.29638671875,77.1875,41794.0,417.93999999999943,100.0,1000,0,1000,0.21272708312608302,918,0,0,0,0,0,0,0,0,0,0,0,0,3,0,1,37,0,0,0,0,0,0,1,0,1,0,0,0,0,0,0,39,0.38464921712875366,0.030592912808060646,0.7134527564048767,0.19001489877700806,0.014051999999999999
888,48761.0,1212.0,49973.0,49973.0,0.975746903327797,11.0,0.011,78.0,40961.0,38.0,40.0,7.0,4.0,24336.0,24425.0,629.0625,575.71484375,170.9375,224.28515625,40961.0,409.6100000000004,100.0,1000,0,1000,0.21316562499850988,922,0,0,0,0,0,0,0,0,0,0,0,0,1,0,0,37,0,0,0,0,0,0,1,0,0,0,0,0,0,0,2,37,0.3786892294883728,0.002724721562117338,0.7570384740829468,0.18203702569007874,0.014033999999999998
889,48387.0,549.0,48936.0,48936.0,0.9887812653261403,8.0,0.008,80.0,40387.0,41.0,39.0,1.0,7.0,24985.0,23402.0,689.6875,731.0744094848633,110.3125,68.92559051513672,40387.0,403.87,100.0,1000,0,1000,0.2125853339675814,920,0,0,0,0,0,0,0,0,0,0,0,0,1,0,1,39,0,0,0,0,0,0,1,0,0,0,0,1,0,0,3,34,0.1635853499174118,-0.0722394585609436,0.47733351588249207,0.20276440680027008,0.014016
890,48314.0,2148.0,50462.0,50462.0,0.9574333161586936,17.0,0.017,78.0,40514.0,38.0,40.0,6.0,11.0,23177.0,25137.0,583.1875,583.42578125,216.8125,216.57421875,40514.0,405.13999999999925,100.0,1000,0,1000,0.21265750005841255,922,0,0,0,0,0,0,0,0,0,0,0,0,0,0,2,36,0,0,0,0,0,0,2,0,0,0,0,0,0,0,0,38,0.21974310278892517,-0.02573591284453869,0.49658653140068054,0.20104607939720154,0.013998
891,49782.0,400.0,50182.0,50182.0,0.992029014387629,4.0,0.004,83.0,41482.0,45.0,38.0,3.0,1.0,25847.0,23935.0,671.625,662.0,24.0703125,138.0,41482.0,414.82000000000045,100.0,1000,0,1000,0.21269212500192225,917,0,0,0,0,0,0,0,0,0,0,0,0,2,0,0,43,0,0,0,0,0,0,0,0,0,0,0,0,0,0,0,38,0.3469545543193817,-0.0010455446317791939,0.7002094984054565,0.1505468338727951,0.01398
892,49681.0,799.0,50480.0,50480.0,0.9841719492868463,8.0,0.008,82.0,41481.0,40.0,42.0,4.0,4.0,24181.0,25500.0,487.843505859375,713.2939453125,312.156494140625,86.7060546875,41481.0,414.81000000000034,100.0,1000,0,1000,0.2128146670293063,918,0,0,0,0,0,0,1,0,0,0,1,0,0,0,1,37,0,0,0,0,0,0,1,0,0,0,0,1,0,0,1,39,0.25850510597229004,-0.0026549757458269596,0.5277068018913269,0.19290433824062347,0.013961999999999999
893,49070.0,0.0,49070.0,49070.0,1.0,0.0,0.0,82.0,40870.0,43.0,39.0,0.0,0.0,25073.0,23997.0,527.0,355.4375,17.0625,27.78515625,40870.0,408.70000000000056,100.0,1000,0,1000,0.21450762497261167,918,0,0,0,0,0,0,0,0,0,0,0,0,0,0,1,42,0,0,0,0,0,0,0,0,0,0,0,0,0,0,2,37,0.16688649356365204,0.06618345528841019,0.20589351654052734,0.16090883314609528,0.013943999999999998
894,49683.0,273.0,49956.0,49956.0,0.9945351909680519,5.0,0.005,83.0,41383.0,44.0,39.0,2.0,3.0,26373.0,23310.0,600.0,422.1875,200.0,377.8125,41383.0,413.8300000000002,100.0,1000,0,1000,0.2126264579128474,917,0,0,0,0,0,0,0,0,0,0,0,0,1,0,2,41,0,0,0,0,0,0,0,0,0,0,1,0,0,0,1,37,0.2416672259569168,0.05354578047990799,0.38060179352760315,0.1565028876066208,0.013925999999999997
895,49365.0,780.0,50145.0,50145.0,0.9844451091833682,5.0,0.005,80.0,41365.0,41.0,39.0,3.0,2.0,24394.0,24971.0,384.421875,735.0,0.0,65.0,41365.0,413.6499999999994,100.0,1000,0,1000,0.21196562494151294,920,0,0,0,0,0,0,0,0,0,0,0,0,2,0,0,39,0,0,0,0,0,0,0,0,0,0,0,0,0,0,0,39,0.462750107049942,0.08056073635816574,0.7689297199249268,0.16361002624034882,0.013908
896,50839.0,1028.0,51867.0,51867.0,0.9801800759635221,15.0,0.015,81.0,42739.0,37.0,44.0,11.0,4.0,23908.0,26931.0,629.3515625,598.1328125,170.6484375,201.8671875,42739.0,427.3900000000003,100.0,1000,0,1000,0.21291512507013977,919,0,0,0,0,0,0,0,0,0,0,0,0,1,0,2,34,0,0,0,0,0,0,1,0,0,0,0,0,0,0,2,41,0.38751018047332764,0.08861948549747467,0.6036368012428284,0.21077802777290344,0.01389
897,50940.0,560.0,51500.0,51500.0,0.989126213592233,8.0,0.008,82.0,42740.0,36.0,46.0,5.0,3.0,22771.0,28169.0,563.0,524.0,237.0,276.0,42740.0,427.39999999999975,100.0,1000,0,1000,0.21244449983350933,918,0,0,0,0,0,0,0,0,0,0,0,0,1,0,0,35,0,0,0,0,0,0,0,0,0,0,1,0,0,0,0,45,0.27452343702316284,0.0567210428416729,0.4408533275127411,0.18917807936668396,0.013871999999999999
898,48845.0,1058.0,49903.0,49903.0,0.9787988698074264,16.0,0.016,77.0,41145.0,39.0,38.0,8.0,8.0,25108.0,23737.0,453.0,303.8125,0.0,287.85546875,41145.0,411.45000000000056,100.0,1000,0,1000,0.21251995884813368,923,0,0,0,0,0,0,0,0,0,0,0,0,0,0,1,38,0,0,0,0,0,0,2,0,0,0,0,0,0,0,0,36,0.25192946195602417,0.00791633129119873,0.49359816312789917,0.2010926604270935,0.013853999999999998
899,48279.0,441.0,48720.0,48720.0,0.990948275862069,9.0,0.009,78.0,40479.0,41.0,37.0,8.0,1.0,25083.0,23196.0,544.0,350.6875,256.0,449.3125,40479.0,404.7899999999999,100.0,1000,0,1000,0.21429995889775455,922,0,0,0,0,0,0,0,0,0,0,0,0,2,0,1,38,0,0,0,0,0,0,0,0,0,0,0,0,0,0,1,36,0.11273057013750076,-0.08400613069534302,0.39932072162628174,0.21130801737308502,0.013835999999999998
900,47986.0,468.0,48454.0,48454.0,0.9903413546869195,6.0,0.006,76.0,40386.0,36.0,40.0,3.0,3.0,22693.0,25293.0,590.25,300.0,209.75,30.0,40386.0,403.85999999999984,100.0,1000,0,1000,0.21260333294048905,924,0,0,0,0,0,0,0,0,0,0,0,0,0,0,1,35,0,0,0,0,0,0,0,0,0,0,0,0,0,0,0,40,0.03078996017575264,-0.20571672916412354,0.47781050205230713,0.17358246445655823,0.013817999999999997
901,49721.0,937.0,50658.0,50658.0,0.9815034150578389,11.0,0.011,79.0,41821.0,39.0,40.0,4.0,7.0,23248.0,26473.0,605.9296875,336.125,77.82568359375,463.875,41821.0,418.2100000000004,100.0,1000,0,1000,0.2182812080718577,921,0,0,0,0,0,0,0,0,0,0,1,0,2,0,0,36,0,0,0,0,0,0,0,0,0,0,0,0,0,0,1,39,0.1401596963405609,-0.11827655136585236,0.521379292011261,0.16328999400138855,0.0138
902,48805.0,168.0,48973.0,48973.0,0.9965695383170319,4.0,0.004,78.0,41005.0,40.0,38.0,2.0,2.0,24996.0,23809.0,702.0,421.0,98.0,379.0,41005.0,410.0499999999998,100.0,1000,0,1000,0.21816775016486645,922,0,0,0,0,0,0,0,0,0,0,0,0,1,0,0,39,0,0,0,0,0,0,0,0,0,0,0,0,0,0,0,38,0.2491995394229889,0.03120751678943634,0.4407316744327545,0.17224015295505524,0.013781999999999999
903,50161.0,635.0,50796.0,50796.0,0.9874990156705252,10.0,0.01,78.0,42361.0,40.0,38.0,6.0,4.0,25913.0,24248.0,539.5625,310.0,260.4375,44.0,42361.0,423.6099999999986,100.0,1000,0,1000,0.21658779098652303,922,0,0,0,0,0,0,0,0,0,0,0,0,2,0,1,37,0,0,0,0,0,0,0,0,0,0,0,0,0,0,0,38,0.196482852101326,-0.00032942049438133836,0.3986189365386963,0.18142959475517273,0.013763999999999998
904,50273.0,689.0,50962.0,50962.0,0.986480122444174,10.0,0.01,79.0,42373.0,39.0,40.0,4.0,6.0,24954.0,25319.0,604.1875,358.0,195.8125,442.0,42373.0,423.72999999999996,100.0,1000,0,1000,0.21735654212534428,921,0,0,0,0,0,0,0,0,0,0,0,0,0,0,1,38,0,0,0,0,0,0,0,0,0,0,0,1,0,0,0,39,0.09357568621635437,-0.10303270071744919,0.3983347415924072,0.18616224825382233,0.013746000000000001
905,50629.0,741.0,51370.0,51370.0,0.9855752384660308,9.0,0.009,82.0,42429.0,42.0,40.0,3.0,6.0,25518.0,25111.0,361.4296875,617.0,438.5703125,183.0,42429.0,424.2900000000003,100.0,1000,0,1000,0.21740554086863995,918,0,0,0,0,0,0,0,0,0,0,0,0,2,0,0,40,0,0,0,0,0,0,0,0,0,0,0,0,0,0,0,40,0.28831788897514343,0.06514770537614822,0.45099833607673645,0.16965267062187195,0.013727999999999997
906,49558.0,477.0,50035.0,50035.0,0.9904666733286699,7.0,0.007,81.0,41458.0,42.0,39.0,1.0,6.0,25607.0,23951.0,547.0,443.0,253.0,357.0,41458.0,414.5799999999996,100.0,1000,0,1000,0.2158333749976009,919,0,0,0,1,0,0,0,0,0,0,0,0,0,0,0,41,0,0,0,0,0,0,1,0,0,0,0,0,0,0,0,38,0.2571604251861572,0.14462964236736298,0.22942881286144257,0.15927156805992126,0.013709999999999996
907,49847.0,489.0,50336.0,50336.0,0.9902852828989193,8.0,0.008,79.0,41947.0,39.0,40.0,4.0,4.0,26147.0,23700.0,425.0,656.5546875,375.0,8.96533203125,41947.0,419.4700000000006,100.0,1000,0,1000,0.21552049997262657,921,0,0,0,0,0,0,0,0,0,0,0,0,0,0,0,39,0,0,0,0,0,0,1,0,0,0,0,0,0,0,2,37,0.17401045560836792,-0.0424085333943367,0.4376744031906128,0.17661505937576294,0.013692
908,49516.0,349.0,49865.0,49865.0,0.9930011029780407,6.0,0.006,80.0,41516.0,40.0,40.0,4.0,2.0,25530.0,23986.0,632.9375,639.5625,167.0625,160.4375,41516.0,415.16000000000025,100.0,1000,0,1000,0.21453283401206136,920,0,0,0,0,0,0,0,0,0,0,0,0,0,0,2,38,0,0,0,0,0,0,1,0,0,0,0,0,0,0,1,38,0.12039878219366074,0.0037876346614211798,0.2380887120962143,0.17794416844844818,0.013673999999999999
909,50005.0,1208.0,51213.0,51213.0,0.9764122390799211,13.0,0.013,78.0,42205.0,40.0,38.0,6.0,7.0,25421.0,24584.0,579.44921875,585.0,220.55078125,215.0,42205.0,422.05000000000024,100.0,1000,0,1000,0.2165956669487059,922,0,0,0,0,0,0,0,0,0,0,0,0,2,0,1,37,0,0,0,0,0,0,0,0,0,0,0,0,0,0,0,38,0.44552868604660034,0.06434077769517899,0.7675655484199524,0.1900150626897812,0.013656000000000001
910,49905.0,609.0,50514.0,50514.0,0.9879439363344815,6.0,0.006,79.0,42005.0,38.0,41.0,5.0,1.0,24280.0,25625.0,497.125,374.0,302.875,426.0,42005.0,420.0499999999995,100.0,1000,0,1000,0.21632358408533037,921,0,0,0,0,0,0,0,0,0,0,0,0,1,0,0,37,0,0,0,0,0,0,0,0,0,0,0,0,0,0,0,41,0.10361486673355103,-0.017273569479584694,0.24718232452869415,0.1981765329837799,0.013638
911,48149.0,851.0,49000.0,49000.0,0.9826326530612245,12.0,0.012,79.0,40249.0,40.0,39.0,8.0,4.0,24353.0,23796.0,479.0,322.0,140.4375,34.0,40249.0,402.4899999999998,100.0,1000,0,1000,0.21520054200664163,921,0,0,0,0,0,0,0,0,1,0,0,0,1,0,0,38,0,0,0,0,0,0,0,0,0,0,0,0,0,0,0,39,0.2025655061006546,0.027022575959563255,0.35606786608695984,0.1828926056623459,0.01362
912,49168.0,236.0,49404.0,49404.0,0.9952230588616306,4.0,0.004,83.0,40868.0,39.0,44.0,2.0,2.0,22700.0,26468.0,435.875,635.25,25.0,164.75,40868.0,408.68000000000023,100.0,1000,0,1000,0.21395754208788276,917,0,0,0,0,0,0,0,0,0,0,0,0,0,0,2,37,0,0,0,0,0,0,1,0,0,0,0,0,0,0,1,42,0.12689481675624847,-0.01500821765512228,0.28878873586654663,0.18316015601158142,0.013602
913,47635.0,1508.0,49143.0,49143.0,0.9693140426917364,14.0,0.014,78.0,39835.0,37.0,41.0,8.0,6.0,23760.0,23875.0,671.75,555.5,128.25,150.21875,39835.0,398.34999999999906,100.0,1000,0,1000,0.2133512501604855,922,0,0,0,0,0,0,0,0,0,0,0,0,1,0,0,36,0,0,0,0,0,0,3,0,0,0,0,0,0,0,0,38,0.4764646887779236,0.01214126031845808,0.9345987439155579,0.219077005982399,0.013583999999999999
914,49630.0,494.0,50124.0,50124.0,0.9901444417843748,8.0,0.008,81.0,41530.0,39.0,42.0,5.0,3.0,24996.0,24634.0,496.5625,516.3125,303.4375,9.973388671875,41530.0,415.2999999999995,100.0,1000,1,999,0.21409029210917652,919,0,0,0,0,0,0,0,0,0,0,0,0,1,0,1,37,0,0,0,0,0,0,4,0,0,0,0,0,0,0,1,37,0.1415032297372818,-0.03247472271323204,0.35338565707206726,0.20012353360652924,0.013565999999999998
915,49825.0,435.0,50260.0,50260.0,0.9913450059689614,8.0,0.008,81.0,41725.0,41.0,40.0,4.0,4.0,25611.0,24214.0,547.22314453125,590.0,252.77685546875,210.0,41725.0,417.24999999999983,100.0,1000,0,1000,0.21383254206739366,919,0,0,0,0,0,0,0,0,0,0,0,0,3,0,0,38,1,0,0,0,0,0,2,0,0,0,0,0,0,0,0,37,0.18634988367557526,0.018518641591072083,0.3412685990333557,0.20689800381660461,0.013548000000000001
916,47179.0,1899.0,49078.0,49078.0,0.9613064917070785,12.0,0.012,77.0,39479.0,36.0,41.0,7.0,5.0,21876.0,25303.0,574.4375,515.875,225.5625,159.8203125,39479.0,394.7899999999992,100.0,1000,0,1000,0.21434679185040295,923,0,0,0,0,0,0,0,0,0,0,0,0,2,0,0,34,0,0,0,0,0,0,2,0,0,0,0,0,0,0,0,39,0.23086944222450256,-0.11131870001554489,0.6902173757553101,0.21585619449615479,0.01353
917,49588.0,788.0,50376.0,50376.0,0.9843576306177545,14.0,0.014,80.0,41588.0,40.0,40.0,9.0,5.0,24239.0,25349.0,537.1202087402344,484.3125,262.8797912597656,315.6875,41588.0,415.8800000000001,100.0,1000,0,1000,0.21473533287644386,920,0,0,0,0,1,0,0,0,0,0,0,0,3,0,1,35,0,0,0,0,0,0,0,0,0,0,0,1,0,0,1,38,0.07934793829917908,-0.04816227778792381,0.2605714797973633,0.20541168749332428,0.013512
918,50309.0,350.0,50659.0,50659.0,0.9930910598314219,7.0,0.007,85.0,41809.0,42.0,43.0,3.0,4.0,25164.0,25145.0,503.0,497.3930969238281,55.6875,163.28793144226074,41809.0,418.08999999999907,100.0,1000,0,1000,0.21471158298663795,915,0,0,0,0,0,0,0,0,0,0,0,0,1,0,0,41,0,0,0,0,0,0,3,0,0,0,0,0,0,0,6,34,0.15260913968086243,-0.03340999782085419,0.37772682309150696,0.2107805609703064,0.013493999999999999
919,49073.0,629.0,49702.0,49702.0,0.9873445736590077,7.0,0.007,85.0,40573.0,40.0,45.0,4.0,3.0,23244.0,25829.0,618.6766052246094,746.0859375,181.32339477539062,30.32666015625,40573.0,405.7300000000007,100.0,1000,0,1000,0.21458741603419185,915,0,0,0,0,0,0,0,0,0,0,0,0,6,0,0,34,0,0,0,0,0,0,3,0,0,0,0,0,0,0,3,39,0.2640274465084076,0.08255327492952347,0.36855843663215637,0.20815102756023407,0.013475999999999998
920,49805.0,357.0,50162.0,50162.0,0.992883058889199,4.0,0.004,89.0,40905.0,45.0,44.0,0.0,4.0,25504.0,24301.0,354.0,502.83319091796875,27.875,192.96883010864258,40905.0,409.0499999999996,100.0,1000,0,1000,0.21479283296503127,911,0,0,0,0,0,0,0,0,0,0,0,0,2,0,2,41,0,0,0,0,0,0,5,0,0,0,0,1,0,0,0,38,0.27333706617355347,0.047872912138700485,0.45675233006477356,0.2163788080215454,0.013457999999999998
921,49345.0,491.0,49836.0,49836.0,0.9901476844048479,8.0,0.008,79.0,41445.0,40.0,39.0,7.0,1.0,24348.0,24997.0,499.0,579.532958984375,301.0,220.467041015625,41445.0,414.44999999999953,100.0,1000,0,1000,0.21458258293569088,921,0,0,0,0,0,0,1,0,0,0,0,0,3,0,1,35,0,0,0,0,0,0,0,0,0,0,0,0,0,0,3,36,0.17255327105522156,-0.07484202831983566,0.5006071925163269,0.2163904458284378,0.01344
922,48177.0,337.0,48514.0,48514.0,0.9930535515521293,5.0,0.005,82.0,39977.0,42.0,40.0,3.0,2.0,24634.0,23543.0,417.3125,303.22540283203125,382.6875,85.42341232299805,39977.0,399.7700000000003,100.0,1000,0,1000,0.21468087495304644,918,0,0,0,0,0,0,0,0,0,0,0,0,2,0,0,40,0,0,0,0,0,0,1,0,0,0,0,0,0,0,5,34,0.13918931782245636,0.037615831941366196,0.2087073177099228,0.20713494718074799,0.013422
923,49754.0,516.0,50270.0,50270.0,0.9897354286851004,8.0,0.008,86.0,41154.0,42.0,44.0,2.0,6.0,24254.0,25500.0,161.0,729.8386239409447,119.8125,70.16137605905533,41154.0,411.5399999999998,100.0,1000,0,1000,0.21548987505957484,914,0,0,0,0,0,0,1,0,0,0,0,0,3,0,0,38,0,0,0,0,0,0,2,0,0,0,0,0,0,0,5,37,0.23548363149166107,-0.01849510334432125,0.5131995677947998,0.19554254412651062,0.013404
924,51407.0,836.0,52243.0,52243.0,0.9839978561721188,10.0,0.01,86.0,42807.0,42.0,44.0,2.0,8.0,25359.0,26048.0,641.0,508.0,159.0,292.0,42807.0,428.0700000000001,100.0,1000,0,1000,0.21496937493793666,914,0,0,0,0,0,0,0,0,0,0,0,0,1,0,1,40,0,0,0,0,0,0,1,0,0,0,0,0,0,0,2,41,0.2948431968688965,-0.042435891926288605,0.6803558468818665,0.21655836701393127,0.013385999999999999
925,48834.0,911.0,49745.0,49745.0,0.9816866016685094,7.0,0.007,86.0,40234.0,45.0,41.0,3.0,4.0,26475.0,22359.0,297.9375,795.8200531005859,163.19921875,4.1799468994140625,40234.0,402.3399999999996,100.0,1000,0,1000,0.21637537493370473,914,0,0,0,0,0,0,0,0,0,0,0,0,3,0,2,40,0,0,0,0,0,0,1,0,0,0,0,0,0,0,4,36,0.2786348760128021,-0.015032443217933178,0.5916000008583069,0.15953579545021057,0.013367999999999998
926,49111.0,78.0,49189.0,49189.0,0.9984142796153611,1.0,0.001,86.0,40511.0,42.0,44.0,0.0,1.0,23452.0,25659.0,601.625,545.859130859375,12.3984375,119.94630432128906,40511.0,405.11000000000007,100.0,1000,0,1000,0.21545066707767546,914,0,0,0,0,0,0,0,0,0,0,0,0,3,0,1,38,0,0,0,0,0,0,3,0,0,0,0,0,0,0,2,39,0.12007046490907669,-0.05280260369181633,0.3500802218914032,0.16232509911060333,0.013349999999999997
927,48348.0,843.0,49191.0,49191.0,0.9828627187900225,8.0,0.008,82.0,40148.0,39.0,43.0,6.0,2.0,23059.0,25289.0,402.356201171875,641.0,397.643798828125,9.9375,40148.0,401.47999999999985,100.0,1000,0,1000,0.21465116692706943,918,0,0,0,0,0,0,1,0,0,0,0,0,2,0,0,36,0,0,0,0,0,0,3,0,0,0,0,0,0,0,1,39,0.281376451253891,0.03790998086333275,0.49191397428512573,0.18680845201015472,0.013332
928,49826.0,384.0,50210.0,50210.0,0.992352121091416,6.0,0.006,81.0,41726.0,39.0,42.0,3.0,3.0,24794.0,25032.0,637.0,199.328125,163.0,347.9404296875,41726.0,417.26000000000033,100.0,1000,0,1000,0.2145548751577735,919,0,0,0,0,0,0,0,0,0,0,0,0,0,0,0,39,0,0,0,0,0,0,3,0,0,0,0,0,0,0,0,39,0.24585974216461182,0.04551336541771889,0.4060465693473816,0.20105917751789093,0.013314
929,49555.0,669.0,50224.0,50224.0,0.9866796750557503,8.0,0.008,80.0,41555.0,42.0,38.0,5.0,3.0,26385.0,23170.0,687.0,511.326904296875,113.0,288.673095703125,41555.0,415.5499999999997,100.0,1000,0,1000,0.2147075841203332,920,0,0,0,0,0,0,0,1,0,0,0,0,0,0,0,41,0,0,0,0,0,0,2,0,0,0,0,0,0,0,2,34,0.2626270055770874,0.0714854747056961,0.38716310262680054,0.18351627886295319,0.013295999999999999
930,48606.0,751.0,49357.0,49357.0,0.9847843264379926,10.0,0.01,79.0,40706.0,41.0,38.0,4.0,6.0,25308.0,23298.0,532.3125,687.0,267.6875,81.9375,40706.0,407.0599999999997,100.0,1000,0,1000,0.21396875008940697,921,0,0,0,0,0,0,0,0,0,0,0,0,0,0,2,39,0,0,0,0,0,0,1,0,0,0,0,1,0,0,2,34,0.13511544466018677,-0.06419218331575394,0.40314358472824097,0.17052020132541656,0.013278000000000002
931,50109.0,139.0,50248.0,50248.0,0.9972337207451043,2.0,0.002,82.0,41909.0,43.0,39.0,0.0,2.0,25920.0,24189.0,556.22265625,603.0625,34.0,196.9375,41909.0,419.09000000000026,100.0,1000,0,1000,0.21438741590827703,918,0,0,0,0,0,0,0,0,0,0,0,0,2,0,0,41,0,0,0,0,0,0,2,0,0,0,0,0,0,0,0,37,0.06871958076953888,-0.053976960480213165,0.24943237006664276,0.1523107886314392,0.013259999999999997
932,50711.0,992.0,51703.0,51703.0,0.9808134924472468,13.0,0.013,79.0,42811.0,38.0,41.0,5.0,8.0,23892.0,26819.0,671.0,531.14453125,129.0,268.85546875,42811.0,428.1099999999998,100.0,1000,0,1000,0.21478379191830754,921,0,0,0,0,0,0,0,0,0,0,0,0,0,0,0,38,0,0,0,0,0,0,1,0,0,0,0,0,0,0,1,39,0.3246075212955475,0.04290066659450531,0.567879855632782,0.16863395273685455,0.013241999999999997
933,49338.0,672.0,50010.0,50010.0,0.9865626874625075,10.0,0.01,80.0,41338.0,40.0,40.0,7.0,3.0,25758.0,23580.0,678.04296875,527.2193651199341,121.95703125,17.04878968000412,41338.0,413.37999999999823,100.0,1000,0,1000,0.2149786250665784,920,0,0,0,0,0,0,1,0,0,0,0,0,0,0,1,38,0,0,0,0,0,0,4,0,0,0,0,0,0,0,2,34,0.21175718307495117,0.05540512502193451,0.3177461624145508,0.1906401515007019,0.013224
934,50231.0,296.0,50527.0,50527.0,0.9941417459971896,5.0,0.005,81.0,42131.0,40.0,41.0,5.0,0.0,24355.0,25876.0,677.453125,375.6875,122.546875,424.3125,42131.0,421.31000000000006,100.0,1000,0,1000,0.21473583416081965,919,0,0,0,0,0,0,0,0,0,0,0,0,3,0,0,37,0,0,0,0,0,0,1,0,0,0,0,0,0,0,1,39,0.14374688267707825,0.027025066316127777,0.2388705015182495,0.20546986162662506,0.013205999999999999
935,48782.0,820.0,49602.0,49602.0,0.9834684085319141,7.0,0.007,78.0,40982.0,41.0,37.0,3.0,4.0,24861.0,23921.0,662.1875,644.0,137.8125,156.0,40982.0,409.8200000000009,100.0,1000,0,1000,0.21387149998918176,922,0,0,0,0,0,0,0,0,0,0,1,0,2,0,0,38,0,0,0,0,0,0,0,0,0,0,0,0,0,0,0,37,0.3140346109867096,0.0467577762901783,0.5397585034370422,0.19733333587646484,0.013187999999999998
936,48965.0,754.0,49719.0,49719.0,0.9848347714153542,9.0,0.009,79.0,41065.0,41.0,38.0,4.0,5.0,25053.0,23912.0,587.359375,663.0,212.640625,137.0,41065.0,410.6499999999999,100.0,1000,1,999,0.27323662489652634,921,0,0,0,0,0,0,0,1,0,0,1,1,1,0,0,37,0,0,0,0,0,0,0,0,0,0,0,0,0,0,0,38,0.06563719362020493,-0.13726741075515747,0.4108794629573822,0.19249235093593597,0.013170000000000001
937,50123.0,495.0,50618.0,50618.0,0.9902208700462286,6.0,0.006,83.0,41823.0,42.0,41.0,3.0,3.0,26574.0,23549.0,667.0,671.9091796875,133.0,32.022705078125,41823.0,418.22999999999956,100.0,1000,0,1000,0.555798500077799,917,0,0,0,0,0,0,0,0,0,0,0,0,0,0,0,42,0,0,0,0,0,0,3,0,0,0,1,1,0,0,1,35,0.331177294254303,-0.0010516130132600665,0.6687618494033813,0.16362735629081726,0.013152
938,50277.0,519.0,50796.0,50796.0,0.9897826600519726,8.0,0.008,83.0,41977.0,41.0,42.0,2.0,6.0,25844.0,24433.0,632.625,715.2354879379272,167.375,84.76451206207275,41977.0,419.7699999999991,100.0,1000,0,1000,0.238601541146636,917,0,0,0,0,0,0,0,0,0,0,0,0,1,0,0,40,0,0,0,0,0,0,1,0,0,0,0,0,0,0,4,37,0.23318681120872498,-0.05294998735189438,0.5772614479064941,0.18988250195980072,0.013133999999999996
939,49364.0,560.0,49924.0,49924.0,0.9887829500841279,10.0,0.01,85.0,40864.0,42.0,43.0,4.0,6.0,24939.0,24425.0,513.859375,553.773603439331,286.140625,56.63914978504181,40864.0,408.6400000000002,100.0,1000,0,1000,0.2216880419291556,915,0,0,0,0,0,0,0,1,0,0,0,0,1,0,1,39,0,0,0,0,0,0,5,0,0,0,0,0,0,0,1,37,0.20783530175685883,0.029512619599699974,0.3610517382621765,0.167976513504982,0.013116
940,49265.0,1228.0,50493.0,50493.0,0.9756797971996118,11.0,0.011,81.0,41165.0,37.0,44.0,3.0,8.0,23158.0,26107.0,560.0,660.864501953125,240.0,139.135498046875,41165.0,411.6500000000005,100.0,1000,0,1000,0.220348791917786,919,0,0,0,0,0,0,0,0,0,0,0,0,0,0,1,36,0,0,0,0,0,0,5,0,0,0,0,0,0,0,0,39,0.43436020612716675,0.06783662736415863,0.7378772497177124,0.184382826089859,0.013097999999999999
941,47388.0,1063.0,48451.0,48451.0,0.9780603083527688,13.0,0.013,77.0,39688.0,36.0,41.0,6.0,7.0,22905.0,24483.0,692.0,620.736572265625,108.0,100.83567810058594,39688.0,396.8800000000004,100.0,1000,1,999,0.21604491584002972,923,0,0,0,0,0,0,0,0,0,0,0,0,0,0,0,36,0,0,0,0,0,0,2,0,0,0,0,0,0,0,2,37,0.30530083179473877,0.09322455525398254,0.4283389747142792,0.16003075242042542,0.013079999999999998
942,48279.0,740.0,49019.0,49019.0,0.9849038128072788,13.0,0.013,77.0,40579.0,39.0,38.0,8.0,5.0,24991.0,23288.0,680.21484375,373.2734375,119.78515625,426.7265625,40579.0,405.7899999999997,100.0,1000,0,1000,0.37746691703796387,923,0,0,0,0,0,0,1,0,0,0,1,0,0,0,0,37,0,0,0,0,0,0,2,0,0,0,0,0,0,0,0,36,0.18536430597305298,0.018133467063307762,0.3384767472743988,0.15369273722171783,0.013062
943,49510.0,712.0,50222.0,50222.0,0.9858229461192306,8.0,0.008,81.0,41410.0,39.0,42.0,2.0,6.0,24217.0,25293.0,217.0625,691.2333984375,0.0,6.79791259765625,41410.0,414.1,100.0,1000,0,1000,0.22018604213371873,919,0,0,0,0,0,0,0,0,0,0,1,0,0,0,0,38,0,0,0,0,0,0,3,0,0,0,0,0,0,0,2,37,0.2544066309928894,-0.05143555998802185,0.6168545484542847,0.1981825828552246,0.013044
944,48675.0,607.0,49282.0,49282.0,0.9876831297431111,11.0,0.011,79.0,40775.0,38.0,41.0,8.0,3.0,25043.0,23632.0,691.0,519.9892578125,109.0,280.0107421875,40775.0,407.75000000000034,100.0,1000,2,998,0.2168590840883553,921,0,0,0,0,0,0,0,0,0,0,0,0,0,0,1,37,0,0,0,0,0,0,3,0,0,0,0,0,0,0,0,38,-0.06092254817485809,-0.16455841064453125,0.21188972890377045,0.17726099491119385,0.013026
945,48555.0,827.0,49382.0,49382.0,0.983253007168604,11.0,0.011,82.0,40355.0,35.0,47.0,5.0,6.0,23054.0,25501.0,355.0,704.8873156309128,445.0,16.719026549253613,40355.0,403.54999999999944,100.0,1000,0,1000,0.2220049169845879,918,0,0,0,0,0,0,0,0,0,0,0,0,0,0,0,35,0,0,1,0,0,0,3,0,0,0,4,0,0,0,0,39,0.24294137954711914,0.08330734074115753,0.32484447956085205,0.21434518694877625,0.013007999999999999
946,49989.0,822.0,50811.0,50811.0,0.9838224006612741,8.0,0.008,92.0,40789.0,40.0,52.0,3.0,5.0,25485.0,24504.0,239.0,734.6199994845083,315.5625,6.3847656753409865,40789.0,407.89000000000016,100.0,1000,0,1000,0.2545259159523994,908,0,0,0,0,0,0,1,0,0,0,0,0,0,0,0,39,0,0,0,0,0,0,1,0,0,0,16,0,0,0,0,35,0.2650470435619354,-0.06019899249076843,0.6557446122169495,0.20217736065387726,0.012989999999999998
947,49303.0,807.0,50110.0,50110.0,0.9838954300538815,14.0,0.014,84.0,40903.0,35.0,49.0,6.0,8.0,22538.0,26765.0,450.0,704.8435363769531,350.0,29.73639488220215,40903.0,409.03000000000026,100.0,1000,1,999,0.21412712498567998,916,0,0,0,0,0,0,0,0,0,0,0,0,0,0,0,35,0,0,0,0,0,0,0,0,0,0,9,0,0,0,0,40,0.2549646198749542,-0.0069539607502520084,0.5288804173469543,0.19439131021499634,0.012971999999999997
948,48519.0,897.0,49416.0,49416.0,0.981847984458475,11.0,0.011,82.0,40319.0,39.0,43.0,7.0,4.0,24403.0,24116.0,469.0,685.6909282207489,331.0,35.72158493101597,40319.0,403.1899999999993,100.0,1000,0,1000,0.2173703748267144,918,0,0,0,0,0,0,0,0,0,0,1,0,0,0,0,38,0,0,0,0,0,0,0,0,0,0,8,0,0,0,0,35,0.3340710401535034,0.01969473995268345,0.634080171585083,0.2056346833705902,0.012954
949,48941.0,1088.0,50029.0,50029.0,0.9782526134841791,10.0,0.01,80.0,40941.0,38.0,42.0,3.0,7.0,24128.0,24813.0,532.0,650.8125,268.0,46.62109375,40941.0,409.41000000000037,100.0,1000,0,1000,0.21499420888721943,920,0,0,0,0,0,0,0,0,0,0,0,0,0,0,0,38,0,0,0,0,0,0,1,0,0,0,2,0,0,0,0,39,0.29261699318885803,0.019706878811120987,0.5510542988777161,0.20230664312839508,0.012936
950,48099.0,403.0,48502.0,48502.0,0.9916910642860088,6.0,0.006,76.0,40499.0,37.0,39.0,3.0,3.0,23621.0,24478.0,601.0,493.796875,199.0,306.203125,40499.0,404.98999999999995,100.0,1000,0,1000,0.21512416703626513,924,0,0,0,0,0,0,0,0,0,0,0,0,0,0,0,37,0,0,0,0,0,0,0,0,0,0,2,0,0,0,0,37,0.24614737927913666,0.056314192712306976,0.38405999541282654,0.17005732655525208,0.012917999999999999
951,49986.0,662.0,50648.0,50648.0,0.986929395040278,8.0,0.008,78.0,42186.0,39.0,39.0,4.0,4.0,24654.0,25332.0,616.0,324.0,184.0,476.0,42186.0,421.86000000000007,100.0,1000,0,1000,0.22367041581310332,922,0,0,0,0,0,0,0,0,0,0,0,0,0,0,0,39,0,0,0,0,0,0,0,0,0,0,1,0,0,0,0,38,0.09508977830410004,-0.081599161028862,0.35825735330581665,0.18912677466869354,0.012899999999999998
952,48456.0,650.0,49106.0,49106.0,0.9867633283101861,10.0,0.01,76.0,40856.0,41.0,35.0,4.0,6.0,25568.0,22888.0,447.0,391.0,353.0,409.0,40856.0,408.5600000000003,100.0,1000,0,1000,0.2588730831630528,924,0,0,0,0,0,0,0,0,0,0,0,0,0,0,0,41,0,0,0,0,0,0,0,0,0,0,0,0,0,0,0,35,0.10460545122623444,-0.04607361927628517,0.3055282235145569,0.16185714304447174,0.012881999999999998
953,49869.0,1264.0,51133.0,51133.0,0.9752801517610936,11.0,0.011,80.0,41869.0,41.0,39.0,5.0,6.0,25618.0,24251.0,538.0,179.4765625,262.0,132.0,41869.0,418.6899999999999,100.0,1000,0,1000,0.21489837509579957,920,0,0,0,0,0,0,0,0,0,0,0,0,0,0,0,41,0,0,0,0,0,0,0,0,0,0,2,0,0,0,0,37,0.3794773519039154,0.042374856770038605,0.6783857941627502,0.16250038146972656,0.012863999999999997
954,49038.0,514.0,49552.0,49552.0,0.9896270584436552,7.0,0.007,78.0,41238.0,36.0,42.0,2.0,5.0,23149.0,25889.0,436.625,609.3125,363.375,190.6875,41238.0,412.3799999999996,100.0,1000,0,1000,0.21439529210329056,922,0,0,0,0,0,0,0,0,1,0,0,0,0,0,0,35,0,0,0,0,0,0,0,0,0,0,2,0,0,0,1,39,0.1947399079799652,-0.0012893491657450795,0.3968953490257263,0.1882619708776474,0.012846
955,49673.0,223.0,49896.0,49896.0,0.9955307038640372,4.0,0.004,78.0,41873.0,40.0,38.0,3.0,1.0,25775.0,23898.0,521.0,428.8125,279.0,371.1875,41873.0,418.72999999999956,100.0,1000,1,999,0.218459292082116,922,0,0,0,0,0,0,0,0,0,0,0,0,0,0,0,40,0,0,0,0,0,0,0,0,0,0,1,0,0,0,0,37,0.17697787284851074,0.02639668807387352,0.3058677613735199,0.1834034025669098,0.012827999999999999
956,50195.0,767.0,50962.0,50962.0,0.9849495702680429,10.0,0.01,77.0,42495.0,38.0,39.0,5.0,5.0,24818.0,25377.0,398.0,389.0,402.0,411.0,42495.0,424.9499999999994,100.0,1000,0,1000,0.21362366690300405,923,0,0,0,0,0,0,0,0,0,0,0,0,0,0,0,38,0,0,0,0,0,0,0,0,0,0,1,0,0,0,0,38,0.22853392362594604,0.0007398385205306113,0.4598744809627533,0.16730377078056335,0.012809999999999998
957,49810.0,444.0,50254.0,50254.0,0.9911648823974211,7.0,0.007,81.0,41710.0,43.0,38.0,1.0,6.0,25943.0,23867.0,686.0,293.2890625,114.0,506.7109375,41710.0,417.0999999999998,100.0,1000,0,1000,0.21672204206697643,919,0,0,0,0,0,0,0,0,0,0,0,0,0,0,0,43,0,0,0,0,0,0,0,0,0,0,3,0,0,0,0,35,0.1624632626771927,-0.00929590966552496,0.34824439883232117,0.18472649157047272,0.012792000000000001
958,50543.0,1135.0,51678.0,51678.0,0.9780370757382252,9.0,0.009,82.0,42343.0,42.0,40.0,6.0,3.0,25444.0,25099.0,586.0,274.375,214.0,43.0,42343.0,423.4300000000005,100.0,1000,0,1000,0.21582145802676678,918,0,0,0,0,0,0,0,0,0,0,0,0,1,0,1,40,0,0,0,0,0,0,0,0,0,0,1,0,0,0,0,39,0.2630394399166107,-0.08709435164928436,0.7044370174407959,0.1631995290517807,0.012773999999999997
959,49281.0,689.0,49970.0,49970.0,0.9862117270362217,7.0,0.007,82.0,41081.0,39.0,43.0,5.0,2.0,24179.0,25102.0,545.0,363.6328125,255.0,245.45654296875,41081.0,410.80999999999995,100.0,1000,1,999,0.21380012505687773,918,0,0,0,0,0,0,0,0,0,0,0,0,0,0,0,39,0,0,0,0,0,0,2,0,0,0,1,1,0,0,0,39,0.2615392804145813,-0.04459233582019806,0.617525577545166,0.20627130568027496,0.012755999999999997
960,48806.0,432.0,49238.0,49238.0,0.9912262886388562,7.0,0.007,83.0,40506.0,41.0,42.0,5.0,2.0,24482.0,24324.0,601.0,703.75,199.0,96.25,40506.0,405.05999999999995,100.0,1000,0,1000,0.21744158305227757,917,0,0,0,0,0,0,0,0,0,0,0,0,0,0,0,41,0,0,0,0,0,0,0,0,0,0,2,0,0,0,0,40,0.1703692376613617,0.02824866771697998,0.287594199180603,0.13161662220954895,0.012738
961,50154.0,1282.0,51436.0,51436.0,0.9750758223812116,12.0,0.012,81.0,42054.0,40.0,41.0,7.0,5.0,25270.0,24884.0,615.0,268.0,185.0,71.0,42054.0,420.54000000000036,100.0,1000,0,1000,0.21569212502799928,919,0,0,0,0,0,0,0,0,0,0,0,0,0,0,0,40,0,0,0,0,0,0,0,0,0,0,1,0,0,0,0,40,0.24113593995571136,-0.045535363256931305,0.5773387551307678,0.15708135068416595,0.012719999999999999
962,49824.0,481.0,50305.0,50305.0,0.9904383262101183,8.0,0.008,79.0,41924.0,40.0,39.0,6.0,2.0,25783.0,24041.0,692.0,566.125,108.0,233.875,41924.0,419.24,100.0,1000,0,1000,0.21782462508417666,921,0,0,0,0,0,0,0,0,0,0,0,0,0,0,0,40,0,0,0,0,0,0,0,0,0,0,2,0,0,0,0,37,0.013712795451283455,-0.09959729015827179,0.23148924112319946,0.19166545569896698,0.012701999999999998
963,49349.0,508.0,49857.0,49857.0,0.9898108590569027,8.0,0.008,78.0,41549.0,42.0,36.0,4.0,4.0,26267.0,23082.0,478.0,767.625,322.0,32.375,41549.0,415.4900000000005,100.0,1000,0,1000,0.21422508312389255,922,0,0,0,0,0,0,0,0,0,0,0,0,1,0,1,40,0,0,0,0,0,0,0,0,0,0,0,0,0,0,1,35,0.13362494111061096,0.0038095773197710514,0.26385951042175293,0.16669723391532898,0.012684
964,50213.0,458.0,50671.0,50671.0,0.9909612993625545,7.0,0.007,80.0,42213.0,39.0,41.0,5.0,2.0,24968.0,25245.0,737.0,493.0,63.0,307.0,42213.0,422.1299999999992,100.0,1000,0,1000,0.22444529202766716,920,0,0,0,0,0,0,0,0,0,0,0,0,0,0,0,39,0,0,0,0,0,0,0,0,0,0,1,0,0,0,0,40,0.037827011197805405,-0.03416778892278671,0.14929799735546112,0.20955289900302887,0.012666
965,49008.0,423.0,49431.0,49431.0,0.9914426169812466,7.0,0.007,79.0,41108.0,39.0,40.0,7.0,0.0,24910.0,24098.0,679.0,554.5625,121.0,76.69921875,41108.0,411.0800000000001,100.0,1000,0,1000,0.21558645903132856,921,0,0,0,0,0,0,0,0,0,0,0,0,0,0,0,39,0,0,0,0,0,0,0,0,0,0,3,0,0,0,0,37,0.21696215867996216,0.042346347123384476,0.3535512089729309,0.1707618087530136,0.012647999999999996
966,48577.0,628.0,49205.0,49205.0,0.9872370694035159,6.0,0.006,79.0,40677.0,39.0,40.0,3.0,3.0,24417.0,24160.0,121.0,792.4375,125.0,7.5625,40677.0,406.7699999999999,100.0,1000,0,1000,0.21965991682372987,921,0,0,0,0,0,0,0,0,0,0,0,0,0,0,0,39,0,0,0,0,0,0,0,0,0,0,0,0,0,0,1,39,0.2786395847797394,-0.0750354453921318,0.7115168571472168,0.16495461761951447,0.012629999999999999
967,47751.0,706.0,48457.0,48457.0,0.9854303815754174,8.0,0.008,77.0,40051.0,40.0,37.0,8.0,0.0,24819.0,22932.0,376.0,501.0625,424.0,298.9375,40051.0,400.5100000000011,100.0,1000,0,1000,0.21396166598424315,923,0,0,0,0,0,0,0,0,0,0,1,0,0,0,0,39,0,0,0,0,0,0,0,0,0,0,1,0,0,0,0,36,0.15554025769233704,-0.016850192099809647,0.3486664891242981,0.15404385328292847,0.012611999999999998
968,48437.0,395.0,48832.0,48832.0,0.9919110419397117,6.0,0.006,79.0,40537.0,37.0,42.0,3.0,3.0,23721.0,24716.0,768.0,468.5859375,32.0,331.4140625,40537.0,405.3700000000003,100.0,1000,1,999,0.21575941680930555,921,0,0,0,0,0,0,0,0,0,0,0,0,0,0,0,37,0,0,0,0,0,0,0,0,0,0,2,0,0,0,0,40,0.4571743607521057,0.05229433625936508,0.8139940500259399,0.16809578239917755,0.012593999999999998
969,49124.0,237.0,49361.0,49361.0,0.995198638601325,4.0,0.004,79.0,41224.0,39.0,40.0,3.0,1.0,25192.0,23932.0,397.0,339.75,403.0,0.0,41224.0,412.23999999999984,100.0,1000,0,1000,0.21712675015442073,921,0,0,0,0,0,0,0,0,0,0,0,0,0,0,0,39,0,0,0,0,0,0,0,0,0,0,1,0,0,0,0,39,0.25340577960014343,0.08580002188682556,0.3395618796348572,0.17296287417411804,0.012576
970,48515.0,554.0,49069.0,49069.0,0.9887097760296725,11.0,0.011,79.0,40615.0,38.0,41.0,6.0,5.0,24257.0,24258.0,752.0,544.0,48.0,256.0,40615.0,406.1500000000002,100.0,1000,0,1000,0.2136739999987185,921,0,0,0,1,0,0,0,0,0,0,0,0,0,0,0,37,0,0,0,0,0,0,0,0,0,0,2,0,0,0,0,39,0.2933778762817383,0.005889026913791895,0.5788346529006958,0.1535654067993164,0.012558
971,49518.0,324.0,49842.0,49842.0,0.9934994582881906,6.0,0.006,78.0,41718.0,35.0,43.0,6.0,0.0,24203.0,25315.0,237.0,705.0,563.0,95.0,41718.0,417.1800000000004,100.0,1000,0,1000,0.2162030420731753,922,0,0,0,0,0,0,0,0,0,0,0,0,0,0,0,35,0,0,0,0,0,0,0,0,0,0,1,0,0,0,0,42,0.10662444680929184,0.03281286731362343,0.15136390924453735,0.14915232360363007,0.012539999999999999
972,49406.0,515.0,49921.0,49921.0,0.9896837002463893,8.0,0.008,78.0,41606.0,36.0,42.0,5.0,3.0,23200.0,26206.0,492.0,656.0,308.0,144.0,41606.0,416.0600000000002,100.0,1000,0,1000,0.24697879096493125,922,0,0,0,0,0,1,0,1,0,0,0,0,0,0,0,34,0,0,0,0,0,0,0,0,0,0,0,0,0,0,0,42,0.09324962645769119,-0.04642670229077339,0.2842935621738434,0.19728948175907135,0.012521999999999998
973,49448.0,428.0,49876.0,49876.0,0.9914187184216858,7.0,0.007,79.0,41548.0,38.0,41.0,6.0,1.0,24775.0,24673.0,258.0,588.0,0.0,212.0,41548.0,415.4800000000001,100.0,1000,0,1000,0.21590204094536602,921,0,0,0,0,0,0,0,0,0,0,0,0,0,0,0,38,0,0,0,0,0,0,0,0,0,0,1,0,0,0,0,40,0.1749381422996521,0.005814696196466684,0.3425181210041046,0.17079469561576843,0.012503999999999998
974,48483.0,470.0,48953.0,48953.0,0.9903989540988295,8.0,0.008,78.0,40683.0,36.0,42.0,8.0,0.0,24005.0,24478.0,483.0,270.0,317.0,0.0,40683.0,406.82999999999936,100.0,1000,0,1000,0.21574458293616772,922,0,0,0,0,0,0,0,0,0,0,0,0,0,0,0,36,0,0,0,0,0,0,1,0,0,0,0,0,0,0,0,41,0.09951571375131607,-0.040613602846860886,0.2839580178260803,0.14814119040966034,0.012486
975,49996.0,578.0,50574.0,50574.0,0.9885712025942184,10.0,0.01,82.0,41796.0,38.0,44.0,9.0,1.0,24976.0,25020.0,284.75,674.14453125,515.25,70.793701171875,41796.0,417.96000000000043,100.0,1000,0,1000,0.21521745808422565,918,0,0,0,0,0,0,0,0,0,0,0,0,1,0,0,37,0,0,0,0,0,0,2,0,0,0,2,0,0,0,0,40,0.18123941123485565,0.031848810613155365,0.30262500047683716,0.15414662659168243,0.012468
976,47904.0,1605.0,49509.0,49509.0,0.9675816518208811,15.0,0.015,75.0,40404.0,36.0,39.0,12.0,3.0,23516.0,24388.0,199.0,652.0,90.0,148.0,40404.0,404.03999999999934,100.0,1000,1,999,0.21443708287552,925,0,0,0,0,0,0,0,0,0,0,0,0,0,0,0,36,0,0,0,0,0,0,0,0,0,0,0,0,0,0,0,39,0.28710392117500305,-0.06545752286911011,0.7091720700263977,0.1626175493001938,0.01245
977,48236.0,439.0,48675.0,48675.0,0.9909809964047253,8.0,0.008,74.0,40836.0,36.0,38.0,6.0,2.0,23907.0,24329.0,436.0,458.0,364.0,342.0,40836.0,408.35999999999956,100.0,1000,0,1000,0.21697387495078146,926,0,0,0,0,0,0,0,0,0,0,0,0,1,0,0,35,0,0,0,0,0,0,0,0,0,0,0,0,0,0,0,38,0.12799815833568573,0.024991970509290695,0.21043917536735535,0.17804095149040222,0.012432000000000002
978,48702.0,727.0,49429.0,49429.0,0.9852920350401586,12.0,0.012,78.0,40902.0,36.0,42.0,7.0,5.0,23297.0,25405.0,199.0,709.625,0.0,69.84375,40902.0,409.0200000000008,100.0,1000,1,999,0.21506229205988348,922,0,0,0,0,0,0,0,0,0,0,0,0,1,0,0,35,0,0,0,0,0,0,0,0,0,0,0,1,0,0,1,40,0.1738838404417038,0.025550201535224915,0.30048424005508423,0.15373671054840088,0.012413999999999998
979,49732.0,735.0,50467.0,50467.0,0.9854360275031209,9.0,0.009,77.0,42032.0,40.0,37.0,3.0,6.0,25455.0,24277.0,652.0,537.0,148.0,263.0,42032.0,420.3199999999998,100.0,1000,0,1000,0.21382470801472664,923,0,0,0,0,0,0,0,0,0,0,0,0,1,0,0,39,0,0,0,0,0,0,0,0,0,0,0,0,0,0,0,37,0.1922917515039444,-0.0072297267615795135,0.4028874337673187,0.15506866574287415,0.012395999999999997
980,49264.0,639.0,49903.0,49903.0,0.9871951586076989,10.0,0.01,77.0,41564.0,37.0,40.0,4.0,6.0,23220.0,26044.0,626.0,520.0,174.0,280.0,41564.0,415.63999999999993,100.0,1000,0,1000,0.21467870799824595,923,1,0,0,0,0,0,0,0,0,0,0,0,1,0,0,35,0,0,0,0,0,0,0,0,0,0,0,0,0,0,0,40,0.06054643914103508,-0.0411141999065876,0.20726637542247772,0.15935903787612915,0.012378
981,49399.0,1384.0,50783.0,50783.0,0.9727467853415513,20.0,0.02,76.0,41799.0,39.0,37.0,16.0,4.0,25848.0,23551.0,554.5625,501.375,245.4375,298.625,41799.0,417.98999999999984,100.0,1000,0,1000,0.21815366693772376,924,0,0,0,0,0,0,0,0,0,0,0,0,0,0,1,38,0,0,0,0,0,0,0,0,0,0,1,0,0,0,0,36,0.20387530326843262,0.022850677371025085,0.365975022315979,0.15881000459194183,0.01236
982,49205.0,310.0,49515.0,49515.0,0.9937392709280016,5.0,0.005,75.0,41705.0,36.0,39.0,4.0,1.0,24007.0,25198.0,748.0,636.0,52.0,164.0,41705.0,417.04999999999933,100.0,1000,0,1000,0.21489858417771757,925,0,0,0,0,0,0,0,0,0,0,0,0,0,0,0,36,0,0,0,0,0,0,0,0,0,0,0,0,0,0,0,39,0.13265256583690643,-0.09977910667657852,0.4690146744251251,0.1681784987449646,0.012341999999999999
983,49678.0,943.0,50621.0,50621.0,0.9813713676142313,13.0,0.013,78.0,41878.0,37.0,41.0,9.0,4.0,24781.0,24897.0,585.0,675.8125,215.0,124.1875,41878.0,418.77999999999946,100.0,1000,0,1000,0.2203059159219265,922,0,0,0,0,0,0,0,0,0,0,0,0,0,0,0,37,0,0,0,0,0,0,0,0,0,0,1,0,0,0,0,40,0.1552923172712326,-0.01840886101126671,0.3509422242641449,0.14361634850502014,0.012324000000000002
984,49643.0,1584.0,51227.0,51227.0,0.9690788060983466,16.0,0.016,77.0,41943.0,36.0,41.0,10.0,6.0,24450.0,25193.0,750.0,460.0,50.0,340.0,41943.0,419.43000000000006,100.0,1000,2,998,0.21406095894053578,923,0,0,0,0,0,0,0,0,0,0,0,0,0,0,0,36,0,0,0,0,0,0,1,0,0,0,1,0,0,0,0,39,0.40292155742645264,0.05127611756324768,0.7073336243629456,0.1642598956823349,0.012306000000000001
985,50108.0,1086.0,51194.0,51194.0,0.9787865765519397,13.0,0.013,82.0,41908.0,38.0,44.0,10.0,3.0,25202.0,24906.0,540.0,337.39453125,260.0,98.12997722625732,41908.0,419.08000000000084,100.0,1000,1,999,0.21678379108197987,918,0,0,0,0,0,1,0,0,0,0,0,0,0,0,1,36,0,0,0,0,0,0,3,0,0,0,2,0,0,0,0,39,0.2511115074157715,-0.12901215255260468,0.7643309831619263,0.1661633849143982,0.012287999999999997
986,49708.0,744.0,50452.0,50452.0,0.9852533100769048,11.0,0.011,79.0,41808.0,39.0,40.0,10.0,1.0,25283.0,24425.0,699.9375,548.8125,100.0625,173.66796875,41808.0,418.08000000000044,100.0,1000,2,998,0.21664145798422396,921,0,0,0,0,0,0,0,0,0,0,0,0,1,0,0,38,0,0,0,0,0,0,1,0,0,0,1,0,0,0,0,38,0.06368251889944077,-0.0578792579472065,0.24700184166431427,0.1580394208431244,0.01227
987,49179.0,465.0,49644.0,49644.0,0.9906333091612279,7.0,0.007,78.0,41379.0,40.0,38.0,6.0,1.0,25775.0,23404.0,630.0,507.1328125,170.0,292.8671875,41379.0,413.7899999999995,100.0,1000,1,999,0.2144089168868959,922,0,0,0,0,0,0,0,0,0,0,0,0,1,0,0,39,0,0,0,0,0,0,1,0,0,0,1,0,0,0,0,36,0.21930257976055145,0.010237293317914009,0.42206791043281555,0.16068075597286224,0.012251999999999999
988,49487.0,643.0,50130.0,50130.0,0.9871733492918412,11.0,0.011,80.0,41487.0,38.0,42.0,7.0,4.0,24884.0,24603.0,222.0,403.0625,0.0,223.27734375,41487.0,414.87000000000046,100.0,1000,0,1000,0.21756829204969108,920,0,0,0,0,0,0,0,0,0,0,0,0,0,0,0,38,0,0,0,0,0,0,3,0,0,0,0,0,0,0,0,39,0.04421326518058777,-0.12616844475269318,0.3445005416870117,0.15273511409759521,0.012233999999999998
989,49934.0,494.0,50428.0,50428.0,0.9902038550011898,7.0,0.007,78.0,42134.0,39.0,39.0,6.0,1.0,25682.0,24252.0,527.0,449.0,273.0,351.0,42134.0,421.33999999999924,100.0,1000,0,1000,0.21531066694296896,922,0,0,0,0,0,0,0,0,0,0,0,0,0,0,0,39,0,0,0,0,0,0,0,0,0,0,0,0,0,0,0,39,0.17467175424098969,-0.07884025573730469,0.5113628506660461,0.1775880753993988,0.012216000000000001
990,49621.0,712.0,50333.0,50333.0,0.9858542109550394,10.0,0.01,79.0,41721.0,37.0,42.0,8.0,2.0,23808.0,25813.0,711.0,662.0,89.0,138.0,41721.0,417.21,100.0,1000,0,1000,0.21426741709001362,921,0,0,0,0,0,0,1,0,0,0,0,0,1,0,0,35,0,0,0,0,0,0,0,0,0,0,0,0,0,0,0,42,0.18249225616455078,-0.040897756814956665,0.4507935643196106,0.16451644897460938,0.012198
991,48005.0,1109.0,49114.0,49114.0,0.9774198802785357,12.0,0.012,75.0,40505.0,38.0,37.0,8.0,4.0,24464.0,23541.0,664.75,768.0,135.25,32.0,40505.0,405.0500000000005,100.0,1000,0,1000,0.21488279197365046,925,0,0,0,0,0,0,0,0,0,0,0,1,0,0,1,36,0,0,0,0,0,0,0,0,0,0,0,0,0,0,0,37,0.4265410006046295,0.042386673390865326,0.7722617983818054,0.16228145360946655,0.01218
992,48770.0,462.0,49232.0,49232.0,0.99061585960351,8.0,0.008,77.0,41070.0,36.0,41.0,5.0,3.0,22967.0,25803.0,569.0,267.0,231.0,45.0,41070.0,410.70000000000067,100.0,1000,1,999,0.21468062489293516,923,0,0,0,0,0,0,2,0,0,0,0,0,0,0,0,34,0,0,0,0,0,0,0,0,0,0,0,0,0,0,1,40,0.2539580166339874,0.08076648414134979,0.3512716591358185,0.2009785920381546,0.012162
993,49798.0,378.0,50176.0,50176.0,0.9924665178571429,4.0,0.004,80.0,41798.0,38.0,42.0,2.0,2.0,24164.0,25634.0,475.625,474.62890625,324.375,202.708740234375,41798.0,417.9799999999994,100.0,1000,0,1000,0.2131059169769287,920,0,1,0,0,0,0,0,0,0,0,0,0,1,0,0,36,0,0,0,0,0,0,2,0,0,0,1,0,0,0,0,39,0.21663352847099304,-0.004590607713907957,0.4462956488132477,0.15840719640254974,0.012143999999999999
994,50116.0,514.0,50630.0,50630.0,0.9898479162551846,5.0,0.005,83.0,41816.0,39.0,44.0,4.0,1.0,24127.0,25989.0,340.0625,328.90397453308105,86.23828125,471.09602546691895,41816.0,418.1599999999995,100.0,1000,0,1000,0.2160710000898689,917,0,0,0,2,0,0,0,0,0,0,0,0,1,0,0,36,0,0,0,0,0,0,4,0,0,0,0,0,0,0,1,39,0.2595652639865875,-0.010863973759114742,0.5449395775794983,0.16827897727489471,0.012125999999999998
995,48396.0,1078.0,49474.0,49474.0,0.9782107773780168,9.0,0.009,76.0,40796.0,39.0,37.0,5.0,4.0,25301.0,23095.0,565.0,750.1875,235.0,49.8125,40796.0,407.9600000000003,100.0,1000,0,1000,0.21370474994182587,924,0,0,0,0,0,0,0,0,0,0,0,0,0,0,0,39,0,0,0,0,0,0,0,0,0,0,0,0,0,0,1,36,0.15658347308635712,-0.033134352415800095,0.38431817293167114,0.20162290334701538,0.012108
996,49115.0,229.0,49344.0,49344.0,0.99535911154345,4.0,0.004,78.0,41315.0,37.0,41.0,3.0,1.0,23691.0,25424.0,594.4375,286.75,205.5625,288.703125,41315.0,413.1499999999994,100.0,1000,0,1000,0.21372599992901087,922,0,0,0,0,0,0,0,0,0,0,0,0,1,0,0,36,0,0,0,0,0,0,2,0,0,0,0,0,0,0,0,39,0.1221652626991272,-0.0357796810567379,0.31985336542129517,0.16391494870185852,0.01209
997,48875.0,891.0,49766.0,49766.0,0.9820962102640357,10.0,0.01,77.0,41175.0,37.0,40.0,5.0,5.0,23755.0,25120.0,288.0,677.6953125,512.0,122.3046875,41175.0,411.75000000000045,100.0,1000,0,1000,0.21507008303888142,923,0,0,0,0,0,0,0,0,0,0,0,0,0,0,0,37,0,0,0,0,0,0,1,0,0,0,0,0,0,0,1,38,0.2686156928539276,0.01422644592821598,0.5134487748146057,0.19343449175357819,0.012072
998,50325.0,826.0,51151.0,51151.0,0.9838517331039471,10.0,0.01,81.0,42225.0,42.0,39.0,6.0,4.0,26037.0,24288.0,507.12890625,376.0,292.87109375,132.5,42225.0,422.24999999999955,100.0,1000,0,1000,0.21492041694000363,919,0,0,0,0,0,0,1,0,0,0,0,0,1,0,1,39,0,0,0,0,0,0,0,0,0,0,2,0,0,0,0,37,0.29893678426742554,0.07282819598913193,0.4560292363166809,0.15812604129314423,0.012053999999999999
999,50507.0,1273.0,51780.0,51780.0,0.9754152182309772,16.0,0.016,81.0,42407.0,42.0,39.0,7.0,9.0,24541.0,25966.0,404.334716796875,331.0,250.5617218017578,469.0,42407.0,424.07000000000016,100.0,1000,0,1000,0.21580133284442127,919,0,0,0,0,0,0,3,0,0,0,0,0,1,0,0,38,0,0,0,0,0,0,0,0,0,0,1,0,0,0,0,38,0.4109899401664734,0.05769161880016327,0.7116146683692932,0.20845788717269897,0.012035999999999998
1000,49489.0,387.0,49876.0,49876.0,0.9922407570775523,7.0,0.007,78.0,41689.0,37.0,41.0,2.0,5.0,23913.0,25576.0,502.0,607.0,298.0,193.0,41689.0,416.8900000000004,100.0,1000,0,1000,0.22685858397744596,922,0,0,0,0,0,0,0,0,0,0,0,0,0,0,0,37,0,0,0,0,0,0,0,0,0,0,1,0,0,0,0,40,0.044825393706560135,-0.0283361729234457,0.15133987367153168,0.208717480301857,0.012017999999999997
1001,49926.0,325.0,50251.0,50251.0,0.9935324670155817,4.0,0.004,84.0,41526.0,43.0,41.0,0.0,4.0,24835.0,25091.0,549.9210548400879,572.0,250.0789451599121,228.0,41526.0,415.25999999999993,100.0,1000,0,1000,0.21561504108831286,916,0,0,0,1,0,0,3,0,0,0,0,0,1,0,0,38,0,0,0,0,0,0,0,0,0,0,1,0,0,0,0,40,0.3431485593318939,0.02888314053416252,0.6323747038841248,0.1601608246564865,0.012
1002,49381.0,1527.0,50908.0,50908.0,0.9700047143867369,12.0,0.012,81.0,41281.0,42.0,39.0,6.0,6.0,24434.0,24947.0,356.70947265625,302.0,60.46423530578613,292.8125,41281.0,412.80999999999983,100.0,1000,0,1000,0.21459645801223814,919,0,0,0,0,0,0,3,0,0,0,0,0,2,0,0,37,0,0,0,0,0,0,1,0,0,0,0,0,0,0,0,38,0.3771032691001892,-0.0403636209666729,0.8382194638252258,0.1371091902256012,0.011982
1003,50497.0,296.0,50793.0,50793.0,0.9941724253341996,5.0,0.005,86.0,41897.0,46.0,40.0,3.0,2.0,25340.0,25157.0,554.5816650390625,316.5,77.65189504623413,0.0,41897.0,418.96999999999963,100.0,1000,0,1000,0.21480020810849965,914,0,0,0,1,0,0,4,0,0,0,0,0,0,0,3,38,0,0,0,0,0,0,0,0,0,0,1,0,0,0,1,38,0.17331312596797943,-0.05103941634297371,0.453753262758255,0.2109743356704712,0.011963999999999999
1004,49189.0,447.0,49636.0,49636.0,0.9909944395197035,7.0,0.007,83.0,40889.0,41.0,42.0,5.0,2.0,23707.0,25482.0,470.4531555175781,665.275634765625,329.5468444824219,134.724365234375,40889.0,408.88999999999993,100.0,1000,0,1000,0.21472575003281236,917,0,0,0,0,0,0,3,0,0,0,0,0,1,0,1,36,0,0,0,0,0,0,1,0,0,0,2,0,0,0,1,38,0.19563567638397217,0.047052670270204544,0.3016054928302765,0.18581368029117584,0.011946000000000002
1005,49889.0,313.0,50202.0,50202.0,0.9937651886379029,5.0,0.005,88.0,41089.0,42.0,46.0,5.0,0.0,26031.0,23858.0,475.96484375,770.1671356047882,324.03515625,9.322770123503688,41089.0,410.88999999999976,100.0,1000,1,999,0.21430362504906952,912,0,0,0,0,0,0,1,0,0,0,0,0,1,0,0,40,0,0,0,0,0,0,3,0,0,0,6,0,0,0,1,36,0.08444323390722275,-0.05979746952652931,0.29297786951065063,0.18848372995853424,0.011927999999999998
1006,49465.0,340.0,49805.0,49805.0,0.9931733761670515,4.0,0.004,85.0,40965.0,43.0,42.0,1.0,3.0,25415.0,24050.0,614.0,573.7122268676758,186.0,226.28777313232422,40965.0,409.6499999999997,100.0,1000,0,1000,0.21432733302935958,915,0,0,0,0,0,0,1,0,0,0,0,0,0,0,1,41,0,0,0,0,0,0,3,0,0,0,2,0,0,0,0,37,0.19271083176136017,0.05698229372501373,0.2757391333580017,0.17976728081703186,0.011909999999999997
1007,49333.0,575.0,49908.0,49908.0,0.9884788009938287,8.0,0.008,78.0,41533.0,37.0,41.0,4.0,4.0,23224.0,26109.0,539.0,754.0,261.0,46.0,41533.0,415.329999999999,100.0,1000,0,1000,0.21595295798033476,922,0,0,0,0,0,0,0,0,0,0,0,0,0,0,0,37,0,0,0,0,0,0,0,0,0,0,0,0,0,0,0,41,0.12193966656923294,-0.005838065408170223,0.2597612142562866,0.17683114111423492,0.011892
1008,49756.0,449.0,50205.0,50205.0,0.9910566676625834,7.0,0.007,83.0,41456.0,42.0,41.0,4.0,3.0,25343.0,24413.0,720.92041015625,613.4375,79.07958984375,186.5625,41456.0,414.56,100.0,1000,0,1000,0.21529558394104242,917,0,0,0,0,0,0,0,0,0,0,0,0,2,0,1,39,0,0,0,0,0,0,1,0,0,0,2,0,0,0,0,38,0.014266230165958405,-0.06089930608868599,0.15485826134681702,0.1906345635652542,0.011874
1009,49794.0,301.0,50095.0,50095.0,0.9939914163090129,5.0,0.005,83.0,41494.0,42.0,41.0,4.0,1.0,25694.0,24100.0,341.0,414.7421875,95.0390625,120.39306640625,41494.0,414.9400000000001,100.0,1000,0,1000,0.2145486248191446,917,0,0,0,0,0,0,1,0,0,0,1,0,0,0,0,40,0,0,0,0,0,0,2,0,0,0,2,0,0,0,0,37,0.25804588198661804,0.0424240306019783,0.434800386428833,0.14999409019947052,0.011855999999999998
1010,49951.0,737.0,50688.0,50688.0,0.9854600694444444,13.0,0.013,82.0,41751.0,36.0,46.0,8.0,5.0,23641.0,26310.0,386.9375,724.1662540435791,413.0625,23.69804561138153,41751.0,417.51,100.0,1000,0,1000,0.21453362493775785,918,0,0,0,0,0,0,0,0,0,0,0,0,0,0,1,35,0,0,0,0,0,0,0,0,0,0,5,0,0,0,1,40,0.17741109430789948,0.07054699212312698,0.21853400766849518,0.20298217236995697,0.011838000000000001
1011,50593.0,316.0,50909.0,50909.0,0.9937928460586537,6.0,0.006,81.0,42493.0,39.0,42.0,5.0,1.0,25099.0,25494.0,697.0,694.9375,103.0,105.0625,42493.0,424.92999999999995,100.0,1000,0,1000,0.21395354182459414,919,0,0,0,0,0,0,0,0,0,0,0,0,0,0,0,39,0,0,0,0,0,0,2,0,0,0,0,0,0,0,0,40,0.038198720663785934,-0.050250761210918427,0.18136300146579742,0.188834086060524,0.01182
1012,49482.0,765.0,50247.0,50247.0,0.984775210460326,9.0,0.009,81.0,41382.0,38.0,43.0,5.0,4.0,23294.0,26188.0,666.0,554.4375,134.0,245.5625,41382.0,413.8200000000003,100.0,1000,0,1000,0.21395962499082088,919,0,0,0,1,0,1,0,0,0,0,0,0,0,0,0,36,0,0,0,0,0,0,2,0,0,0,1,0,0,0,0,40,0.28371044993400574,0.07392845302820206,0.42335155606269836,0.16046327352523804,0.011801999999999997
1013,49076.0,1698.0,50774.0,50774.0,0.9665576870051601,18.0,0.018,82.0,40876.0,38.0,44.0,12.0,6.0,24149.0,24927.0,516.125,615.3046875,283.875,80.40478515625,40876.0,408.7599999999994,100.0,1000,1,999,0.2140794168226421,918,0,0,0,0,0,1,1,0,0,0,0,0,0,0,0,36,0,0,0,0,0,0,0,0,0,0,4,0,0,0,0,40,0.3996051847934723,0.061751700937747955,0.6788186430931091,0.13202893733978271,0.011784
1014,49764.0,864.0,50628.0,50628.0,0.9829343446314293,10.0,0.01,79.0,41864.0,40.0,39.0,9.0,1.0,26533.0,23231.0,769.0,608.1875,31.0,191.8125,41864.0,418.6399999999993,100.0,1000,0,1000,0.21459162491373718,921,0,0,0,0,0,0,0,0,0,0,0,0,0,0,0,40,0,0,0,0,0,0,1,0,0,0,1,0,0,0,0,37,0.3413941264152527,0.09907250851392746,0.4892670810222626,0.1964905709028244,0.011765999999999999
1015,50016.0,115.0,50131.0,50131.0,0.9977060102531368,2.0,0.002,81.0,41916.0,40.0,41.0,0.0,2.0,25108.0,24908.0,692.0,506.6875,108.0,293.3125,41916.0,419.1600000000009,100.0,1000,0,1000,0.21389741613529623,919,0,0,0,0,0,0,0,0,0,0,0,0,1,0,0,39,0,0,0,0,0,0,1,0,0,0,1,0,0,0,0,39,0.13437967002391815,0.02974511869251728,0.2128312736749649,0.1516077071428299,0.011747999999999998
1016,49559.0,826.0,50385.0,50385.0,0.9836062320134961,13.0,0.013,83.0,41259.0,39.0,44.0,9.0,4.0,24750.0,24809.0,247.09375,668.7469615936279,27.0,131.25303840637207,41259.0,412.59000000000003,100.0,1000,1,999,0.21421120804734528,917,0,1,0,0,0,0,0,0,0,0,0,0,2,0,0,36,0,0,0,0,0,0,1,0,0,0,4,0,0,0,0,39,0.2427559196949005,0.08369237929582596,0.3228664994239807,0.202020525932312,0.01173
1017,50169.0,798.0,50967.0,50967.0,0.984342810053564,11.0,0.011,84.0,41769.0,38.0,46.0,9.0,2.0,23147.0,27022.0,459.5060806274414,652.03125,270.87043952941895,147.96875,41769.0,417.69,100.0,1000,2,998,0.213546791812405,916,0,0,0,2,0,1,1,0,0,0,0,0,1,0,1,32,0,0,0,0,0,0,2,0,0,0,0,1,0,0,0,43,0.14035657048225403,-0.02573305368423462,0.3360408842563629,0.1648581326007843,0.011712
1018,49157.0,561.0,49718.0,49718.0,0.9887163602719337,10.0,0.01,81.0,41057.0,41.0,40.0,8.0,2.0,25025.0,24132.0,339.5625,617.0,224.548828125,183.0,41057.0,410.5699999999988,100.0,1000,0,1000,0.2172737498767674,919,0,0,0,3,0,1,0,0,0,0,0,0,0,0,1,36,0,0,0,0,0,0,0,0,0,0,0,0,0,0,0,40,0.0910351574420929,-0.05375858023762703,0.29389020800590515,0.18397240340709686,0.011694
1019,49019.0,693.0,49712.0,49712.0,0.986059703894432,8.0,0.008,82.0,40819.0,43.0,39.0,7.0,1.0,25721.0,23298.0,507.71533203125,313.1875,219.2135009765625,152.12890625,40819.0,408.1899999999992,100.0,1000,0,1000,0.21544587495736778,918,0,0,0,5,0,0,0,0,0,0,0,0,1,0,1,36,0,0,0,0,0,0,1,0,0,0,1,0,0,0,0,37,0.37904858589172363,0.03341904282569885,0.6954556703567505,0.1797102689743042,0.011675999999999999
1020,50925.0,1039.0,51964.0,51964.0,0.9800053883457779,16.0,0.016,82.0,42725.0,39.0,43.0,12.0,4.0,24522.0,26403.0,580.640625,243.6875,86.4248046875,0.0,42725.0,427.2499999999997,100.0,1000,1,999,0.21390129113569856,918,0,0,0,1,0,0,0,0,0,0,1,0,0,0,1,36,0,0,0,0,0,0,0,0,0,0,1,0,0,0,0,42,0.2354588508605957,0.025120602920651436,0.42480942606925964,0.1772570163011551,0.011657999999999998
1021,48180.0,644.0,48824.0,48824.0,0.9868097656890054,10.0,0.01,76.0,40580.0,37.0,39.0,9.0,1.0,24248.0,23932.0,643.0,460.5,157.0,339.5,40580.0,405.80000000000047,100.0,1000,0,1000,0.21648129192180932,924,0,0,0,0,0,0,0,0,0,0,0,0,0,0,0,37,0,0,0,0,0,0,1,0,0,0,0,0,0,0,0,38,0.16942907869815826,-0.011790880002081394,0.3657992482185364,0.1443006843328476,0.011639999999999998
1022,48618.0,1411.0,50029.0,50029.0,0.9717963581122949,14.0,0.014,77.0,40918.0,40.0,37.0,9.0,5.0,24624.0,23994.0,573.875,456.0,51.6328125,344.0,40918.0,409.17999999999984,100.0,1000,0,1000,0.21500170906074345,923,0,0,0,0,0,0,0,0,0,0,0,0,0,0,2,38,0,0,0,0,0,0,0,0,0,0,0,0,0,0,0,37,0.30502423644065857,-0.008391709066927433,0.6311231851577759,0.18461874127388,0.011622
1023,50505.0,445.0,50950.0,50950.0,0.9912659470068694,9.0,0.009,84.0,42105.0,40.0,44.0,5.0,4.0,25167.0,25338.0,423.4141845703125,703.90234375,376.5858154296875,54.054931640625,42105.0,421.05000000000035,100.0,1000,2,998,0.2128507080487907,916,0,1,0,0,0,0,2,0,0,0,0,0,1,0,0,36,0,0,0,0,0,0,3,0,0,0,2,0,0,0,0,39,0.26756900548934937,0.008964844048023224,0.5224925875663757,0.22768963873386383,0.011604
1024,49337.0,2443.0,51780.0,51780.0,0.9528196214754732,16.0,0.016,82.0,41137.0,44.0,38.0,9.0,7.0,24962.0,24375.0,430.70068359375,286.0,188.8590545654297,514.0,41137.0,411.36999999999927,100.0,1000,2,998,0.21796275000087917,918,0,0,0,3,0,1,0,0,0,0,0,0,1,0,1,38,0,0,0,0,0,0,0,0,0,0,0,0,0,0,0,38,0.2592569887638092,-0.03633797913789749,0.5950982570648193,0.16866566240787506,0.011585999999999999
1025,48676.0,869.0,49545.0,49545.0,0.9824603895448583,9.0,0.009,77.0,40976.0,36.0,41.0,4.0,5.0,22698.0,25978.0,334.25,440.0,267.796875,90.0,40976.0,409.7600000000003,100.0,1000,0,1000,0.214040458900854,923,0,0,0,3,0,0,0,0,0,0,0,0,0,0,0,33,0,0,0,0,0,0,0,0,0,0,0,1,0,0,0,40,0.3229444921016693,0.08815746009349823,0.47364541888237,0.17597414553165436,0.011567999999999998
1026,49195.0,603.0,49798.0,49798.0,0.9878910799630507,10.0,0.01,82.0,40995.0,42.0,40.0,7.0,3.0,24493.0,24702.0,659.2366943359375,760.0,140.7633056640625,40.0,40995.0,409.94999999999925,100.0,1000,0,1000,0.2139893751591444,918,0,0,0,3,0,0,1,0,0,0,0,0,0,0,2,36,0,0,0,0,0,0,1,0,0,0,0,0,0,0,0,39,0.08630608767271042,-0.06165456771850586,0.29987260699272156,0.17105208337306976,0.011549999999999998
1027,49230.0,1579.0,50809.0,50809.0,0.9689228286327225,14.0,0.014,80.0,41230.0,38.0,42.0,9.0,5.0,23355.0,25875.0,672.92822265625,521.4306640625,127.07177734375,278.5693359375,41230.0,412.30000000000064,100.0,1000,0,1000,0.21346308407373726,920,0,1,0,2,0,0,0,0,0,0,0,0,1,0,0,34,0,0,0,0,0,0,0,0,0,0,1,0,0,0,2,39,0.05161534622311592,-0.16035589575767517,0.4279378056526184,0.1732274889945984,0.011531999999999997
1028,47999.0,621.0,48620.0,48620.0,0.987227478403949,10.0,0.01,80.0,39999.0,40.0,40.0,9.0,1.0,24152.0,23847.0,313.3125,683.140625,44.0,116.859375,39999.0,399.9899999999999,100.0,1000,0,1000,0.21371625014580786,920,0,1,0,2,0,0,1,0,0,0,0,0,0,0,0,36,0,0,0,0,0,0,0,0,0,0,1,0,0,0,1,38,0.041899073868989944,-0.05213895067572594,0.19356456398963928,0.23834094405174255,0.011514
1029,49917.0,516.0,50433.0,50433.0,0.98976860389031,8.0,0.008,79.0,42017.0,37.0,42.0,6.0,2.0,24395.0,25522.0,364.4140625,481.0,0.0,99.6875,42017.0,420.1699999999998,100.0,1000,0,1000,0.21335887489840388,921,0,0,0,0,0,0,0,0,0,1,0,0,1,0,0,35,0,0,0,0,0,0,0,0,0,0,1,0,0,0,0,41,0.12481251358985901,0.019934112206101418,0.2137330174446106,0.1729392558336258,0.011496
1030,50277.0,1544.0,51821.0,51821.0,0.970205129194728,20.0,0.02,80.0,42277.0,38.0,42.0,17.0,3.0,24677.0,25600.0,650.885498046875,562.0,149.114501953125,238.0,42277.0,422.7699999999997,100.0,1000,0,1000,0.2139660830143839,920,0,0,0,1,0,0,0,1,0,1,0,0,1,1,0,33,0,0,0,0,0,0,0,0,0,0,0,0,0,0,0,42,0.24938291311264038,-0.005734550766646862,0.514670729637146,0.19322967529296875,0.011477999999999999
1031,49770.0,1010.0,50780.0,50780.0,0.9801102796376526,16.0,0.016,78.0,41970.0,36.0,42.0,6.0,10.0,23256.0,26514.0,688.0,726.0,42.0,74.0,41970.0,419.7000000000001,100.0,1000,0,1000,0.2135997919831425,922,0,0,0,0,0,0,0,0,0,1,0,0,0,0,0,35,0,0,0,0,0,0,0,0,0,0,0,0,0,0,1,41,0.28228795528411865,-0.0494864396750927,0.6670821905136108,0.15416306257247925,0.011459999999999998
1032,50474.0,778.0,51252.0,51252.0,0.9848201045812847,11.0,0.011,79.0,42574.0,40.0,39.0,9.0,2.0,25666.0,24808.0,634.0,489.625,166.0,310.375,42574.0,425.7399999999997,100.0,1000,1,999,0.21345320902764797,921,0,0,0,1,0,0,1,0,0,0,0,0,0,0,1,37,0,0,0,0,0,0,0,0,0,0,2,0,0,0,0,37,0.1758936196565628,0.025958456099033356,0.30415672063827515,0.18730926513671875,0.011441999999999997
1033,49030.0,922.0,49952.0,49952.0,0.9815422805893658,15.0,0.015,84.0,40630.0,43.0,41.0,11.0,4.0,25945.0,23085.0,661.2684936523438,397.8203125,138.73150634765625,117.75033569335938,40630.0,406.30000000000007,100.0,1000,1,999,0.21385974995791912,916,0,0,0,1,0,0,2,0,0,1,0,0,1,0,0,38,0,0,0,0,0,0,3,0,0,0,2,0,0,0,0,36,0.223696768283844,0.006869728211313486,0.4370635151863098,0.14922314882278442,0.011424
1034,49617.0,862.0,50479.0,50479.0,0.9829235919887478,11.0,0.011,80.0,41617.0,41.0,39.0,9.0,2.0,25758.0,23859.0,546.890625,752.0,151.5615234375,48.0,41617.0,416.17000000000104,100.0,1000,0,1000,0.21368295908905566,920,0,0,0,1,0,0,2,0,0,0,0,0,0,0,0,38,0,1,0,0,0,0,0,0,0,0,0,0,0,0,0,38,0.17037637531757355,-0.01417309045791626,0.37269189953804016,0.1575029343366623,0.011406
1035,49877.0,890.0,50767.0,50767.0,0.9824689266649596,9.0,0.009,77.0,42177.0,37.0,40.0,5.0,4.0,24537.0,25340.0,532.0,624.0,268.0,176.0,42177.0,421.7699999999998,100.0,1000,0,1000,0.21628799987956882,923,0,0,0,0,0,0,0,0,0,0,0,0,0,0,0,37,0,0,0,0,0,0,0,0,0,0,0,0,0,0,0,40,0.19713984429836273,-0.013859114609658718,0.4251924157142639,0.14025747776031494,0.011387999999999999
1036,50332.0,564.0,50896.0,50896.0,0.9889185790631877,8.0,0.008,78.0,42532.0,37.0,41.0,5.0,3.0,23672.0,26660.0,746.0,361.0,54.0,439.0,42532.0,425.31999999999925,100.0,1000,0,1000,0.21326641598716378,922,0,0,0,0,0,0,0,1,0,0,0,0,0,0,0,36,0,0,0,0,0,0,0,0,0,0,0,0,0,0,0,41,0.09040278941392899,-0.11934980750083923,0.42280909419059753,0.14529027044773102,0.011370000000000002
1037,49693.0,523.0,50216.0,50216.0,0.9895849928309702,10.0,0.01,75.0,42193.0,40.0,35.0,6.0,4.0,26598.0,23095.0,591.0,670.0,209.0,130.0,42193.0,421.9300000000006,100.0,1000,0,1000,0.21493675000965595,925,0,0,0,0,0,0,0,0,0,0,0,0,0,0,0,40,0,0,0,0,0,0,0,0,0,0,0,0,0,0,0,35,0.16481542587280273,-0.0023864014074206352,0.33789366483688354,0.15371809899806976,0.011352000000000001
1038,49154.0,671.0,49825.0,49825.0,0.9865328650275966,10.0,0.01,77.0,41454.0,40.0,37.0,6.0,4.0,25517.0,23637.0,597.71875,766.0,202.28125,34.0,41454.0,414.5400000000006,100.0,1000,1,999,0.21516212518326938,923,0,0,0,0,0,0,0,0,0,1,0,0,1,0,0,38,0,0,0,0,0,0,0,0,0,0,0,0,0,0,0,37,-0.0037146226968616247,-0.06299913674592972,0.12171773612499237,0.13890542089939117,0.011333999999999997
1039,50429.0,571.0,51000.0,51000.0,0.9888039215686274,9.0,0.009,79.0,42529.0,42.0,37.0,6.0,3.0,26546.0,23883.0,502.90625,594.0,297.09375,12.875,42529.0,425.2900000000005,100.0,1000,0,1000,0.21509687509387732,921,0,0,0,0,0,0,0,0,0,2,0,0,0,0,0,40,0,0,0,0,0,0,0,0,0,0,1,0,0,0,1,35,0.10912017524242401,-0.010566343553364277,0.2430666834115982,0.16320402920246124,0.011316
1040,49554.0,1125.0,50679.0,50679.0,0.9778014562244717,11.0,0.011,75.0,42054.0,36.0,39.0,7.0,4.0,23708.0,25846.0,418.0,364.0,382.0,39.0,42054.0,420.53999999999945,100.0,1000,0,1000,0.21460408298298717,925,0,0,0,0,0,0,0,0,0,0,0,0,0,0,0,36,0,0,0,0,0,0,0,0,0,0,0,0,0,0,0,39,0.38114237785339355,0.0017611446091905236,0.7624759674072266,0.16434335708618164,0.011297999999999999
1041,47878.0,1189.0,49067.0,49067.0,0.9757678276642142,13.0,0.013,75.0,40378.0,38.0,37.0,3.0,10.0,23552.0,24326.0,695.0,693.0,105.0,107.0,40378.0,403.78000000000014,100.0,1000,1,999,0.21474941703490913,925,0,0,0,0,0,0,0,0,0,0,0,0,0,0,1,37,0,0,0,0,0,0,0,0,0,0,0,0,0,0,0,37,0.23170676827430725,-0.01015536580234766,0.4867161810398102,0.13262003660202026,0.011279999999999998
1042,49485.0,432.0,49917.0,49917.0,0.9913456337520283,8.0,0.008,77.0,41785.0,40.0,37.0,5.0,3.0,25273.0,24212.0,800.0,375.0,0.0,425.0,41785.0,417.84999999999957,100.0,1000,0,1000,0.21434416715055704,923,0,0,0,0,0,0,0,0,0,0,0,0,0,0,0,40,0,0,0,0,0,0,0,0,0,0,0,0,0,0,0,37,0.30475327372550964,0.061088208109140396,0.49075478315353394,0.1520432084798813,0.011262000000000001
1043,50214.0,457.0,50671.0,50671.0,0.9909810345167848,9.0,0.009,76.0,42614.0,40.0,36.0,8.0,1.0,26124.0,24090.0,243.0,768.0,0.0,32.0,42614.0,426.1399999999995,100.0,1000,0,1000,0.21465649991296232,924,0,0,0,0,0,0,0,0,0,1,0,0,0,0,0,39,0,0,0,0,0,0,0,0,0,0,0,0,0,0,0,36,0.22117549180984497,0.014931721612811089,0.41593196988105774,0.1531670242547989,0.011244
1044,49708.0,620.0,50328.0,50328.0,0.9876808138610714,10.0,0.01,76.0,42108.0,40.0,36.0,9.0,1.0,26062.0,23646.0,486.0,249.0,314.0,551.0,42108.0,421.07999999999925,100.0,1000,0,1000,0.21449279179796576,924,0,0,0,0,0,0,0,0,0,1,0,0,0,0,0,39,0,0,0,0,0,0,0,0,0,0,0,0,0,0,0,36,0.17203538119792938,0.024329261854290962,0.29867270588874817,0.14521881937980652,0.011226
1045,48680.0,854.0,49534.0,49534.0,0.9827593168328824,12.0,0.012,73.0,41380.0,36.0,37.0,4.0,8.0,23751.0,24929.0,800.0,605.0,0.0,195.0,41380.0,413.79999999999956,100.0,1000,0,1000,0.21660129097290337,927,0,0,0,0,0,0,0,0,0,0,0,0,0,0,0,36,0,0,0,0,0,0,0,0,0,0,0,0,0,0,0,37,0.13938044011592865,-0.04781847819685936,0.3786128759384155,0.1880362182855606,0.011208
1046,49235.0,438.0,49673.0,49673.0,0.9911823324542508,8.0,0.008,76.0,41635.0,38.0,38.0,5.0,3.0,24438.0,24797.0,304.0,624.0,391.0,176.0,41635.0,416.3500000000003,100.0,1000,0,1000,0.2151598329655826,924,0,0,0,1,0,0,0,0,0,0,0,0,1,0,0,36,0,0,0,0,0,0,0,0,0,0,0,0,0,0,0,38,-0.10627444088459015,-0.1819920390844345,0.1552409529685974,0.1700519323348999,0.011189999999999999
1047,49787.0,197.0,49984.0,49984.0,0.9960587387964148,3.0,0.003,78.0,41987.0,42.0,36.0,1.0,2.0,25936.0,23851.0,402.0,383.8125,140.5859375,416.1875,41987.0,419.87000000000006,100.0,1000,0,1000,0.2162545418832451,922,0,0,0,0,0,0,2,0,0,0,0,0,0,0,0,40,0,0,0,0,0,0,0,0,0,0,0,0,0,0,1,35,0.2501707673072815,0.0882364958524704,0.3269277811050415,0.13691593706607819,0.011171999999999998
1048,48740.0,1434.0,50174.0,50174.0,0.9714194602782318,18.0,0.018,75.0,41240.0,39.0,36.0,5.0,13.0,25501.0,23239.0,726.0,236.75,74.0,0.0,41240.0,412.40000000000003,100.0,1000,0,1000,0.21556133311241865,925,0,0,0,0,0,0,0,0,0,1,0,0,0,0,0,38,0,1,0,0,0,0,0,0,0,0,0,0,0,0,0,35,0.22550804913043976,-0.010862452909350395,0.4764038324356079,0.16419363021850586,0.011154
1049,49723.0,332.0,50055.0,50055.0,0.9933672959744281,4.0,0.004,79.0,41823.0,42.0,37.0,2.0,2.0,25968.0,23755.0,343.421875,300.125,225.1806640625,499.875,41823.0,418.22999999999917,100.0,1000,0,1000,0.2139904589857906,921,0,0,0,0,0,0,0,0,0,2,1,0,0,0,0,39,0,1,0,0,0,0,0,0,0,0,0,0,0,0,0,36,0.08525106310844421,-0.039413344115018845,0.25276288390159607,0.1541871577501297,0.011136
1050,48862.0,473.0,49335.0,49335.0,0.9904124860646599,7.0,0.007,76.0,41262.0,37.0,39.0,2.0,5.0,23141.0,25721.0,282.0,656.0,229.25,144.0,41262.0,412.61999999999944,100.0,1000,1,999,0.21335820900276303,924,0,0,0,0,0,0,0,0,0,1,0,0,0,0,0,36,0,0,0,0,0,0,0,0,0,0,0,0,0,0,0,39,0.2191072404384613,0.09783374518156052,0.2454620599746704,0.1310981661081314,0.011118
1051,48266.0,773.0,49039.0,49039.0,0.9842370358286262,6.0,0.006,75.0,40766.0,39.0,36.0,1.0,5.0,24583.0,23683.0,495.25,453.0,304.75,347.0,40766.0,407.66000000000014,100.0,1000,0,1000,0.2158397079911083,925,0,0,0,0,0,0,0,0,0,1,0,0,0,0,0,38,0,0,0,0,0,0,0,0,0,0,0,0,0,0,0,36,0.2421415150165558,-0.020565107464790344,0.5288718342781067,0.1557925045490265,0.011099999999999999
1052,49632.0,386.0,50018.0,50018.0,0.992282778199848,7.0,0.007,77.0,41932.0,40.0,37.0,4.0,3.0,25517.0,24115.0,277.0,314.0,119.875,0.0,41932.0,419.31999999999965,100.0,1000,0,1000,0.2146917087957263,923,0,0,0,0,0,0,0,0,0,1,0,0,0,0,3,36,0,0,0,0,0,0,0,0,0,0,0,0,0,0,0,37,0.049137670546770096,-0.10892798006534576,0.3198879361152649,0.16949261724948883,0.011081999999999998
1053,48235.0,914.0,49149.0,49149.0,0.9814034873547783,13.0,0.013,75.0,40735.0,39.0,36.0,9.0,4.0,24686.0,23549.0,396.9375,727.0,226.72265625,73.0,40735.0,407.3499999999999,100.0,1000,0,1000,0.21347391698509455,925,0,0,0,0,0,0,1,0,0,1,0,0,1,0,0,36,0,0,0,0,0,0,0,0,0,0,0,0,0,0,0,36,0.3530248999595642,0.04598334804177284,0.6175163984298706,0.15515455603599548,0.011063999999999997
1054,49886.0,1039.0,50925.0,50925.0,0.9795974472263133,17.0,0.017,76.0,42286.0,39.0,37.0,6.0,11.0,25179.0,24707.0,397.0,317.0,403.0,32.0,42286.0,422.8599999999994,100.0,1000,0,1000,0.2143528750166297,924,0,0,0,0,0,0,0,1,0,0,0,0,0,0,0,38,0,0,0,0,0,0,0,0,0,0,0,0,0,0,0,37,0.08103325963020325,-0.03368949145078659,0.23382167518138885,0.19808867573738098,0.011046
1055,50143.0,291.0,50434.0,50434.0,0.9942300828805964,5.0,0.005,80.0,42143.0,42.0,38.0,2.0,3.0,26155.0,23988.0,607.375,676.0,192.625,124.0,42143.0,421.4299999999997,100.0,1000,0,1000,0.21415241691283882,920,0,0,0,0,0,1,0,0,0,0,0,0,0,0,0,41,0,1,0,0,0,0,0,0,0,0,1,0,0,0,0,36,0.10939215868711472,0.028579067438840866,0.16450944542884827,0.13072513043880463,0.011028
1056,47726.0,1246.0,48972.0,48972.0,0.9745568896512292,19.0,0.019,71.0,40626.0,39.0,32.0,7.0,12.0,25782.0,21944.0,581.0,387.8984375,219.0,412.1015625,40626.0,406.26000000000045,100.0,1000,0,1000,0.2133970409631729,929,0,0,0,0,0,0,0,0,0,0,0,0,0,0,0,39,0,0,0,0,0,0,0,0,0,0,2,0,0,0,0,30,0.3274131715297699,-0.03255737945437431,0.7233594059944153,0.15523755550384521,0.011009999999999999
1057,48615.0,448.0,49063.0,49063.0,0.9908688828648881,9.0,0.009,74.0,41215.0,38.0,36.0,2.0,7.0,24740.0,23875.0,647.0,736.0,153.0,64.0,41215.0,412.15000000000015,100.0,1000,0,1000,0.21435824991203845,926,0,0,0,0,0,0,0,0,0,0,0,0,0,0,0,38,0,0,0,0,0,0,0,0,0,0,0,0,0,0,0,36,0.16624407470226288,0.07402608543634415,0.18798920512199402,0.16162803769111633,0.010992000000000002
1058,48523.0,1555.0,50078.0,50078.0,0.9689484404329246,18.0,0.018,74.0,41123.0,38.0,36.0,2.0,16.0,23967.0,24556.0,551.375,598.8125,248.625,201.1875,41123.0,411.2299999999994,100.0,1000,0,1000,0.21429141610860825,926,0,0,0,0,0,0,0,0,0,2,0,0,0,0,0,36,0,0,0,0,0,0,0,0,0,0,2,0,0,0,0,34,0.2930786609649658,-0.06451627612113953,0.7183660864830017,0.144716277718544,0.010973999999999998
1059,49340.0,1347.0,50687.0,50687.0,0.9734251385956951,13.0,0.013,79.0,41440.0,42.0,37.0,3.0,10.0,25984.0,23356.0,253.0,621.33544921875,319.9375,94.33267211914062,41440.0,414.40000000000003,100.0,1000,0,1000,0.21411179099231958,921,0,0,0,0,0,0,1,0,0,0,0,0,0,0,0,41,0,0,0,0,0,0,1,0,0,0,3,0,0,0,0,33,0.2265150547027588,-0.06346479058265686,0.582669198513031,0.12365393340587616,0.010955999999999997
1060,47553.0,692.0,48245.0,48245.0,0.98565654471966,11.0,0.011,72.0,40353.0,35.0,37.0,2.0,9.0,22936.0,24617.0,451.0,341.0,349.0,75.5625,40353.0,403.53,100.0,1000,0,1000,0.21387149998918176,928,0,0,0,0,0,0,0,0,0,0,0,0,0,0,0,35,0,0,0,0,0,0,0,0,0,0,0,0,0,0,1,36,0.13735510408878326,-0.015147545374929905,0.3077775239944458,0.12672406435012817,0.010938
1061,50045.0,1349.0,51394.0,51394.0,0.9737517998209908,17.0,0.017,75.0,42545.0,40.0,35.0,10.0,7.0,26621.0,23424.0,389.0,665.0,411.0,135.0,42545.0,425.4500000000003,100.0,1000,0,1000,0.21433566696941853,925,0,0,0,0,0,0,0,0,0,0,0,0,0,0,0,40,0,0,0,0,0,0,0,0,0,0,0,0,0,0,0,35,0.2838984429836273,-0.0508091002702713,0.6724780797958374,0.1402484029531479,0.01092
1062,49561.0,1097.0,50658.0,50658.0,0.9783449800623791,17.0,0.017,74.0,42161.0,37.0,37.0,12.0,5.0,24188.0,25373.0,422.0,611.0,378.0,189.0,42161.0,421.61000000000047,100.0,1000,0,1000,0.21522524999454618,926,0,0,0,0,0,0,0,1,0,0,0,0,0,0,0,36,0,0,0,0,0,0,0,0,0,0,0,0,0,0,0,37,0.15602123737335205,-0.008088549599051476,0.331665962934494,0.15806211531162262,0.010901999999999998
1063,49479.0,521.0,50000.0,50000.0,0.98958,10.0,0.01,74.0,42079.0,38.0,36.0,2.0,8.0,25294.0,24185.0,296.0,732.0,504.0,68.0,42079.0,420.7900000000008,100.0,1000,0,1000,0.2140832080040127,926,0,0,0,0,0,0,0,0,0,0,0,0,0,0,0,38,0,0,0,0,0,0,0,0,0,0,1,0,0,0,0,35,0.12470786273479462,-0.010536370798945427,0.2745840847492218,0.18814846873283386,0.010884000000000001
1064,49383.0,814.0,50197.0,50197.0,0.9837838914676176,11.0,0.011,75.0,41883.0,38.0,37.0,0.0,11.0,23778.0,25605.0,385.0,323.0,155.625,477.0,41883.0,418.8299999999999,100.0,1000,0,1000,0.21395649993792176,925,0,0,0,0,0,0,0,0,0,2,0,0,0,0,0,36,0,0,0,0,0,0,0,0,0,0,0,0,0,0,0,37,0.2654668986797333,0.0022480653133243322,0.5290544629096985,0.12041296064853668,0.010866
1065,48738.0,1601.0,50339.0,50339.0,0.9681956336041637,16.0,0.016,72.0,41538.0,37.0,35.0,9.0,7.0,24979.0,23759.0,466.0,418.0,334.0,382.0,41538.0,415.38000000000034,100.0,1000,0,1000,0.21379729104228318,928,0,0,0,0,0,0,0,0,0,0,0,0,0,0,0,37,0,0,0,0,0,0,0,0,0,0,0,0,0,0,0,35,0.3420954942703247,-0.005886332597583532,0.6992347240447998,0.15076786279678345,0.010847999999999997
1066,49978.0,1188.0,51166.0,51166.0,0.9767814564359145,17.0,0.017,75.0,42478.0,38.0,37.0,7.0,10.0,25134.0,24844.0,574.0,545.0,226.0,255.0,42478.0,424.7799999999995,100.0,1000,0,1000,0.2151379999704659,925,0,0,0,0,0,0,0,0,0,0,0,0,0,0,0,38,0,0,0,0,0,0,0,0,0,0,0,0,0,0,0,37,0.30625391006469727,-0.07483022660017014,0.7655370831489563,0.15553127229213715,0.01083
1067,49406.0,1039.0,50445.0,50445.0,0.9794033105362275,17.0,0.017,75.0,41906.0,38.0,37.0,7.0,10.0,24241.0,25165.0,336.0,397.0,219.5390625,403.0,41906.0,419.0599999999996,100.0,1000,0,1000,0.21373025001958013,925,1,0,0,0,0,0,0,0,0,1,0,0,0,0,0,36,0,0,0,0,0,0,1,0,0,0,0,0,0,0,0,36,0.06681429594755173,-0.0950111523270607,0.32725247740745544,0.16655457019805908,0.010811999999999999
1068,49313.0,513.0,49826.0,49826.0,0.9897041705133865,9.0,0.009,73.0,42013.0,35.0,38.0,4.0,5.0,23688.0,25625.0,430.0,695.0,370.0,105.0,42013.0,420.13000000000045,100.0,1000,0,1000,0.21356512513011694,927,0,0,0,0,0,0,0,0,0,0,0,0,1,0,0,34,0,0,0,0,0,0,0,0,0,0,0,0,0,0,0,38,0.12582488358020782,0.026744265109300613,0.20085474848747253,0.12476892024278641,0.010793999999999998
1069,49001.0,1040.0,50041.0,50041.0,0.979217042025539,16.0,0.016,72.0,41801.0,36.0,36.0,4.0,12.0,23746.0,25255.0,541.0,254.0,259.0,546.0,41801.0,418.0100000000009,100.0,1000,0,1000,0.216022958047688,928,0,0,0,0,0,0,0,0,0,1,0,0,0,0,0,35,0,0,0,0,0,0,0,0,0,0,0,0,0,0,0,36,0.08669350296258926,-0.062196820974349976,0.3008515238761902,0.14248673617839813,0.010776
1070,49175.0,382.0,49557.0,49557.0,0.9922917045018868,6.0,0.006,72.0,41975.0,36.0,36.0,1.0,5.0,24415.0,24760.0,293.0,432.0,507.0,368.0,41975.0,419.74999999999994,100.0,1000,0,1000,0.21383112506009638,928,0,0,0,0,0,0,0,0,0,0,0,0,0,0,0,36,0,0,0,0,0,0,0,0,0,0,0,0,0,0,0,36,0.08696610480546951,-0.011750925332307816,0.20098696649074554,0.16512788832187653,0.010758
1071,47845.0,837.0,48682.0,48682.0,0.9828067869027567,16.0,0.016,70.0,40845.0,39.0,31.0,12.0,4.0,26371.0,21474.0,177.0,515.0,623.0,285.0,40845.0,408.4499999999994,100.0,1000,0,1000,0.215196416946128,930,0,0,0,0,0,0,1,0,0,0,0,0,0,0,0,38,0,0,0,0,0,0,0,0,0,0,0,0,0,0,0,31,0.10838546603918076,-0.07462027668952942,0.36968904733657837,0.17120888829231262,0.01074
1072,47474.0,740.0,48214.0,48214.0,0.9846517608993238,8.0,0.008,73.0,40174.0,38.0,35.0,2.0,6.0,23935.0,23539.0,607.5625,640.0,192.4375,160.0,40174.0,401.7399999999993,100.0,1000,0,1000,0.21401495882309973,927,0,0,0,0,0,0,0,1,0,0,0,0,1,0,0,36,0,0,0,0,0,0,0,0,0,0,0,0,0,0,0,35,0.15900738537311554,-0.08386855572462082,0.4880741238594055,0.10829246789216995,0.010721999999999999
1073,49016.0,1836.0,50852.0,50852.0,0.9638952253598678,15.0,0.015,74.0,41616.0,39.0,35.0,7.0,8.0,24944.0,24072.0,755.0,349.0,45.0,451.0,41616.0,416.1599999999995,100.0,1000,0,1000,0.21583970892243087,926,0,0,0,0,0,0,1,1,0,0,0,0,0,0,1,36,0,0,0,0,0,0,0,0,0,0,0,0,0,0,0,35,0.2671477794647217,-0.11019659787416458,0.7578214406967163,0.1463327258825302,0.010703999999999998
1074,47751.0,1586.0,49337.0,49337.0,0.9678537406003608,25.0,0.025,71.0,40651.0,35.0,36.0,10.0,15.0,23304.0,24447.0,423.609375,632.0,376.390625,168.0,40651.0,406.5099999999999,100.0,1000,0,1000,0.21575308311730623,929,0,0,0,0,0,0,0,0,0,2,0,0,0,0,0,33,0,0,0,0,0,0,0,0,0,0,0,0,0,0,0,36,0.1227068305015564,-0.01042819395661354,0.2699134945869446,0.17047806084156036,0.010685999999999998
1075,48713.0,1346.0,50059.0,50059.0,0.9731117281607703,18.0,0.018,73.0,41413.0,37.0,36.0,8.0,10.0,23999.0,24714.0,248.0,697.0,38.91796875,103.0,41413.0,414.12999999999994,100.0,1000,0,1000,0.21464016591198742,927,0,0,0,0,0,0,1,0,0,0,0,0,0,0,1,35,0,0,0,0,0,0,0,0,0,0,0,0,0,0,0,36,0.2748047411441803,0.04550816863775253,0.4621056616306305,0.16462862491607666,0.010668
1076,48172.0,1007.0,49179.0,49179.0,0.9795237804754061,16.0,0.016,73.0,40872.0,37.0,36.0,8.0,8.0,23855.0,24317.0,405.0,611.0,197.5,189.0,40872.0,408.7199999999995,100.0,1000,0,1000,0.21388329192996025,927,0,0,0,0,0,0,0,1,0,0,0,0,0,0,0,36,0,0,0,0,0,0,0,0,0,0,0,0,0,0,0,36,0.18491363525390625,0.027342425659298897,0.31813377141952515,0.140438973903656,0.01065
1077,48711.0,917.0,49628.0,49628.0,0.981522527605384,11.0,0.011,73.0,41411.0,36.0,37.0,7.0,4.0,23784.0,24927.0,426.0,656.0,280.5,144.0,41411.0,414.11000000000064,100.0,1000,0,1000,0.2152104158885777,927,0,0,0,1,0,0,0,0,0,0,0,0,0,0,0,35,0,0,0,0,0,0,0,0,0,0,0,0,0,0,0,37,0.35959503054618835,0.06090584397315979,0.6009588837623596,0.16838283836841583,0.010631999999999999
1078,48835.0,1702.0,50537.0,50537.0,0.9663217048894869,18.0,0.018,77.0,41135.0,39.0,38.0,11.0,7.0,24979.0,23856.0,633.0,648.0,167.0,152.0,41135.0,411.35000000000025,100.0,1000,0,1000,0.21570300008170307,923,0,0,0,0,0,0,0,0,0,1,0,0,0,0,1,37,0,3,0,0,0,0,0,0,0,0,0,0,0,1,0,34,0.26119691133499146,0.004407915752381086,0.5166595578193665,0.14516358077526093,0.010613999999999998
1079,49118.0,1042.0,50160.0,50160.0,0.9792264752791069,14.0,0.014,75.0,41618.0,39.0,36.0,7.0,7.0,24685.0,24433.0,483.71875,479.0,316.28125,321.0,41618.0,416.17999999999995,100.0,1000,0,1000,0.2167109998408705,925,0,0,0,0,0,0,0,0,0,3,0,0,0,0,1,35,0,0,0,0,0,0,0,0,0,0,1,0,0,0,0,35,0.06842714548110962,-0.1045045256614685,0.34903237223625183,0.14953888952732086,0.010595999999999998
1080,48187.0,888.0,49075.0,49075.0,0.98190524707081,13.0,0.013,73.0,40887.0,36.0,37.0,2.0,11.0,23937.0,24250.0,639.0,350.0,161.0,0.0,40887.0,408.8700000000001,100.0,1000,0,1000,0.21438424987718463,927,0,0,0,0,0,0,0,0,0,0,0,0,0,0,0,36,0,1,0,0,0,0,0,0,0,0,0,0,0,0,0,36,0.18260523676872253,-0.02155103161931038,0.4112478792667389,0.1387477070093155,0.010577999999999997
1081,49532.0,1597.0,51129.0,51129.0,0.9687652799780946,17.0,0.017,76.0,41932.0,38.0,38.0,4.0,13.0,24185.0,25347.0,616.0,584.0,184.0,201.25,41932.0,419.3200000000007,100.0,1000,1,999,0.21403741603717208,924,0,0,0,0,0,0,0,0,0,1,0,0,0,0,1,36,0,1,0,0,0,0,0,0,0,0,0,0,0,0,0,37,0.12058255076408386,-0.15081220865249634,0.5459632277488708,0.15027032792568207,0.01056
1082,48445.0,1609.0,50054.0,50054.0,0.9678547169057418,12.0,0.012,74.0,41045.0,38.0,36.0,3.0,9.0,24003.0,24442.0,631.359375,167.0,168.640625,0.0,41045.0,410.4500000000005,100.0,1000,0,1000,0.21437670895829797,926,0,0,0,0,0,0,0,0,0,2,0,0,0,0,0,36,0,0,0,0,0,0,0,0,0,0,0,0,0,0,0,36,0.4323543608188629,-0.023485807701945305,0.9148008823394775,0.14800475537776947,0.010542
1083,48687.0,1631.0,50318.0,50318.0,0.9675861520728168,17.0,0.017,72.0,41487.0,36.0,36.0,4.0,13.0,24075.0,24612.0,705.0,290.0,95.0,26.0,41487.0,414.86999999999915,100.0,1000,0,1000,0.21420329180546105,928,0,0,0,0,0,0,0,0,0,0,0,0,0,0,0,36,0,0,0,0,0,0,0,0,0,0,0,0,0,0,0,36,0.3819866180419922,0.06302600353956223,0.6412515044212341,0.15822474658489227,0.010523999999999999
1084,49113.0,889.0,50002.0,50002.0,0.9822207111715532,16.0,0.016,75.0,41613.0,37.0,38.0,12.0,4.0,23730.0,25383.0,471.0,740.0,329.0,60.0,41613.0,416.1299999999996,100.0,1000,0,1000,0.21379570802673697,925,0,0,0,0,0,0,0,1,1,1,0,0,0,0,0,34,0,0,0,0,0,0,0,0,0,0,0,0,0,0,1,37,0.011745390482246876,-0.06870034337043762,0.16402210295200348,0.14899270236492157,0.010506000000000001
1085,49113.0,994.0,50107.0,50107.0,0.9801624523519668,16.0,0.016,75.0,41613.0,39.0,36.0,7.0,9.0,24977.0,24136.0,478.75,648.75,321.25,151.25,41613.0,416.12999999999994,100.0,1000,0,1000,0.2141819589305669,925,0,0,0,0,0,0,0,0,0,1,0,0,0,0,0,38,0,0,0,0,0,0,0,0,0,0,0,1,0,0,0,35,0.2788776755332947,0.06197092682123184,0.4368925988674164,0.14679129421710968,0.010487999999999997
1086,48438.0,2185.0,50623.0,50623.0,0.9568378009995456,15.0,0.015,75.0,40938.0,39.0,36.0,5.0,10.0,25154.0,23284.0,461.25,386.0,338.75,362.25,40938.0,409.3799999999999,100.0,1000,0,1000,0.21422833297401667,925,0,0,0,0,0,0,0,0,0,1,0,0,0,0,0,38,0,1,0,0,0,0,0,0,0,0,0,0,0,0,0,35,0.2748377323150635,-0.09494657814502716,0.7425589561462402,0.14280667901039124,0.010469999999999997
1087,49852.0,764.0,50616.0,50616.0,0.9849059585901692,10.0,0.01,77.0,42152.0,39.0,38.0,2.0,8.0,24386.0,25466.0,768.0,608.0,32.0,192.0,42152.0,421.5199999999996,100.0,1000,0,1000,0.21384824998676777,923,0,0,0,0,0,0,0,0,0,1,0,0,0,0,0,38,0,1,0,0,0,0,0,0,0,0,0,0,0,0,0,37,0.03436952829360962,-0.11685863137245178,0.30529963970184326,0.1360180377960205,0.010452
1088,48640.0,1140.0,49780.0,49780.0,0.9770992366412213,14.0,0.014,75.0,41140.0,39.0,36.0,4.0,10.0,24467.0,24173.0,602.0,173.0,198.0,49.0,41140.0,411.3999999999995,100.0,1000,0,1000,0.21400666679255664,925,0,0,0,0,0,0,0,0,0,1,0,0,0,0,0,38,0,0,0,0,0,0,0,0,0,0,0,0,0,0,0,36,0.3596455156803131,0.04493507370352745,0.631804347038269,0.11421564221382141,0.010433999999999999
1089,48756.0,1186.0,49942.0,49942.0,0.9762524528453006,14.0,0.014,75.0,41256.0,38.0,37.0,4.0,10.0,24225.0,24531.0,101.0,389.0,394.125,411.0,41256.0,412.5599999999992,100.0,1000,0,1000,0.21388170798309147,925,0,0,0,0,0,0,0,1,1,0,0,0,0,0,0,36,0,0,0,0,0,0,0,0,0,0,0,0,0,0,0,37,0.24859417974948883,-0.0021372807677835226,0.5048292279243469,0.16159364581108093,0.010415999999999998
1090,47822.0,1229.0,49051.0,49051.0,0.9749444455770525,17.0,0.017,71.0,40722.0,35.0,36.0,9.0,8.0,23799.0,24023.0,352.5,520.875,447.5,279.125,40722.0,407.2199999999999,100.0,1000,0,1000,0.21365608391351998,929,0,0,0,0,0,0,0,1,0,0,0,0,0,0,0,34,0,0,0,0,0,0,0,0,0,0,0,0,0,0,2,34,0.2538115680217743,-0.036038823425769806,0.5829002261161804,0.1538497656583786,0.010398000000000001
1091,48166.0,1069.0,49235.0,49235.0,0.978287803391896,16.0,0.016,72.0,40966.0,35.0,37.0,9.0,7.0,23787.0,24379.0,467.0,800.0,333.0,0.0,40966.0,409.6599999999996,100.0,1000,0,1000,0.21914558298885822,928,0,0,0,0,0,0,0,0,0,0,0,0,0,0,0,35,0,0,0,0,0,0,0,0,0,0,0,0,0,0,0,37,0.2346416413784027,-0.039018817245960236,0.5505360960960388,0.15487471222877502,0.01038
1092,46646.0,2400.0,49046.0,49046.0,0.9510663458793785,18.0,0.018,71.0,39546.0,34.0,37.0,9.0,9.0,22595.0,24051.0,661.0,607.0,139.0,193.0,39546.0,395.46000000000026,100.0,1000,0,1000,0.22142595890909433,929,0,0,0,0,0,0,0,0,0,0,0,0,0,0,0,34,0,1,0,0,0,0,0,0,0,0,0,0,0,0,0,36,0.28362104296684265,0.04887159913778305,0.471797376871109,0.11090926826000214,0.010361999999999996
1093,48893.0,1157.0,50050.0,50050.0,0.9768831168831169,20.0,0.02,73.0,41593.0,39.0,34.0,5.0,15.0,25195.0,23698.0,506.75,486.0,109.96875,314.0,41593.0,415.92999999999967,100.0,1000,0,1000,0.23301637498661876,927,0,0,0,0,0,0,0,0,1,1,0,0,0,0,0,37,0,0,0,0,0,0,0,0,0,0,0,0,0,0,0,34,0.23457986116409302,-0.03504712134599686,0.5421769618988037,0.1412898600101471,0.010343999999999999
1094,48672.0,820.0,49492.0,49492.0,0.9834316657237533,15.0,0.015,72.0,41472.0,35.0,37.0,4.0,11.0,23574.0,25098.0,673.0,299.3125,127.0,0.0,41472.0,414.71999999999986,100.0,1000,0,1000,0.2152019999921322,928,0,0,0,0,0,0,0,0,0,0,0,0,0,0,0,35,0,0,0,0,0,0,0,0,0,0,1,0,0,0,0,36,0.14606453478336334,0.02901466190814972,0.23728838562965393,0.15439894795417786,0.010325999999999998
1095,50209.0,707.0,50916.0,50916.0,0.9861143844763924,12.0,0.012,75.0,42709.0,40.0,35.0,2.0,10.0,26093.0,24116.0,270.0,478.0,32.0,322.0,42709.0,427.0899999999996,100.0,1000,0,1000,0.2131866249255836,925,0,0,0,0,0,0,0,0,0,0,0,0,0,0,0,40,0,0,0,0,0,0,0,0,0,0,0,0,0,0,0,35,0.19868306815624237,-0.010692615993320942,0.42142006754875183,0.12944771349430084,0.010308000000000001
1096,49423.0,1279.0,50702.0,50702.0,0.9747741706441561,17.0,0.017,73.0,42123.0,35.0,38.0,8.0,9.0,23369.0,26054.0,656.0,672.0,144.0,128.0,42123.0,421.22999999999996,100.0,1000,0,1000,0.2121966660488397,927,0,0,0,0,0,0,0,0,0,0,0,0,0,0,1,34,0,0,0,0,0,0,0,0,0,0,0,0,0,0,0,38,0.1686805635690689,-0.04307203367352486,0.42630961537361145,0.13626915216445923,0.01029
1097,48527.0,1179.0,49706.0,49706.0,0.9762805295135396,22.0,0.022,71.0,41427.0,36.0,35.0,8.0,14.0,23707.0,24820.0,407.0,367.0,393.0,433.0,41427.0,414.2699999999995,100.0,1000,0,1000,0.21384395798668265,929,0,0,0,0,0,0,0,0,0,0,0,0,0,0,0,36,0,0,0,0,0,0,0,0,0,0,0,0,0,0,0,35,0.37249046564102173,0.027890995144844055,0.6917074918746948,0.12210555374622345,0.010272
1098,48238.0,1457.0,49695.0,49695.0,0.9706811550457792,22.0,0.022,69.0,41338.0,32.0,37.0,10.0,12.0,21964.0,26274.0,505.0,334.0,295.0,466.0,41338.0,413.3800000000009,100.0,1000,1,999,0.2158828340470791,931,0,0,0,0,0,0,0,0,0,0,0,0,0,0,0,32,0,0,0,0,0,0,0,0,0,0,0,0,0,0,0,37,0.08900520205497742,-0.04377088323235512,0.2692044675350189,0.17809157073497772,0.010254
1099,48099.0,1335.0,49434.0,49434.0,0.972994295424202,23.0,0.023,70.0,41099.0,36.0,34.0,7.0,16.0,23883.0,24216.0,442.375,387.0,357.625,413.0,41099.0,410.98999999999893,100.0,1000,0,1000,0.22514466592110693,930,0,0,0,0,0,0,0,1,0,1,0,0,0,0,0,34,0,0,0,0,0,0,0,0,0,0,0,0,0,0,0,34,0.30822715163230896,0.1834796667098999,0.2524329125881195,0.143510639667511,0.010235999999999999
1100,48776.0,880.0,49656.0,49656.0,0.9822780731432253,11.0,0.011,73.0,41476.0,38.0,35.0,4.0,7.0,24925.0,23851.0,364.3125,605.0,435.6875,195.0,41476.0,414.7599999999996,100.0,1000,0,1000,0.21495504211634398,927,0,0,0,0,0,0,0,0,0,0,0,0,0,0,3,35,0,0,0,0,0,0,0,0,0,0,0,0,0,0,0,35,0.22025860846042633,0.04242154583334923,0.35857346653938293,0.14187483489513397,0.010217999999999998
1101,49617.0,809.0,50426.0,50426.0,0.9839566890096378,10.0,0.01,76.0,42017.0,40.0,36.0,3.0,7.0,25000.0,24617.0,202.625,547.0,224.015625,253.0,42017.0,420.1699999999992,100.0,1000,0,1000,0.21355949994176626,924,0,0,0,0,0,0,0,0,0,1,0,0,0,0,2,37,0,0,0,0,0,0,0,0,0,0,0,0,0,0,0,36,0.03192657232284546,-0.13438095152378082,0.33622485399246216,0.17695118486881256,0.0102
1102,50592.0,735.0,51327.0,51327.0,0.9856800514349173,12.0,0.012,76.0,42992.0,39.0,37.0,3.0,9.0,24741.0,25851.0,539.90234375,439.0,260.09765625,361.0,42992.0,429.9200000000004,100.0,1000,0,1000,0.21375233284197748,924,0,0,0,0,0,0,0,0,0,0,0,0,0,0,2,37,0,0,0,0,0,0,0,0,0,0,0,0,0,0,0,37,0.10578875243663788,0.027015335857868195,0.16056011617183685,0.147971048951149,0.010182
1103,50861.0,2198.0,53059.0,53059.0,0.9585744171582578,20.0,0.02,75.0,43361.0,41.0,34.0,8.0,12.0,26654.0,24207.0,649.81689453125,297.0,150.18310546875,503.0,43361.0,433.61000000000047,100.0,1000,0,1000,0.21378112491220236,925,0,0,0,0,0,0,0,0,0,0,0,0,0,0,4,37,0,0,0,0,0,0,0,0,0,0,0,0,0,0,0,34,0.2287585735321045,-0.04525599628686905,0.5515024662017822,0.1708652377128601,0.010164
1104,48316.0,1228.0,49544.0,49544.0,0.9752139512352657,15.0,0.015,73.0,41016.0,39.0,34.0,4.0,11.0,25161.0,23155.0,424.75,688.0,375.25,112.0,41016.0,410.1599999999995,100.0,1000,0,1000,0.21301654097624123,927,0,0,0,0,0,0,0,0,1,0,0,0,0,0,1,37,0,0,0,0,0,0,0,0,0,0,0,0,0,0,0,34,0.1762671321630478,0.036049630492925644,0.2839720845222473,0.17430907487869263,0.010145999999999999
1105,50389.0,1519.0,51908.0,51908.0,0.9707366879864375,17.0,0.017,77.0,42689.0,43.0,34.0,7.0,10.0,26939.0,23450.0,597.200439453125,256.0,12.674972534179688,544.0,42689.0,426.8900000000005,100.0,1000,0,1000,0.21420087502337992,923,0,0,0,0,0,0,0,0,0,1,0,0,0,0,4,38,0,0,0,0,0,0,0,0,0,0,0,0,0,0,0,34,0.29628029465675354,-0.08438799530267715,0.7643107175827026,0.14682789146900177,0.010127999999999998
1106,49561.0,933.0,50494.0,50494.0,0.9815225571355013,12.0,0.012,78.0,41761.0,42.0,36.0,7.0,5.0,25769.0,23792.0,583.22802734375,517.0,13.548248291015625,283.0,41761.0,417.60999999999984,100.0,1000,0,1000,0.21565499994903803,922,1,0,0,0,0,0,0,0,0,1,0,0,0,0,2,38,0,0,0,0,0,0,0,0,0,0,0,0,0,0,2,34,0.3240799009799957,0.018601886928081512,0.6135607957839966,0.128822460770607,0.010109999999999997
1107,49634.0,1154.0,50788.0,50788.0,0.9772780971883122,11.0,0.011,76.0,42034.0,37.0,39.0,5.0,6.0,24439.0,25195.0,410.0,800.0,390.0,0.0,42034.0,420.3400000000014,100.0,1000,0,1000,0.21356116700917482,924,0,0,0,0,0,0,0,0,0,0,0,0,0,0,0,37,0,0,0,0,0,0,1,0,0,0,0,0,0,0,0,38,0.2431151270866394,-0.00021867813484277576,0.4896851181983948,0.149499773979187,0.010092
1108,48215.0,890.0,49105.0,49105.0,0.9818755727522656,12.0,0.012,75.0,40715.0,39.0,36.0,4.0,8.0,24434.0,23781.0,453.375,545.0,346.625,255.0,40715.0,407.1500000000001,100.0,1000,0,1000,0.21380975004285574,925,0,0,0,0,0,0,0,0,0,1,0,0,0,0,1,37,0,0,0,0,0,0,0,0,0,0,0,0,0,0,0,36,0.22104766964912415,0.031077830120921135,0.382284551858902,0.11638298630714417,0.010074
1109,48792.0,590.0,49382.0,49382.0,0.988052326758738,9.0,0.009,76.0,41192.0,41.0,35.0,5.0,4.0,25481.0,23311.0,206.63671875,685.0,37.0,115.0,41192.0,411.9199999999996,100.0,1000,0,1000,0.21396516705863178,924,0,0,0,0,0,0,0,0,0,1,0,0,0,0,2,38,0,0,0,0,0,0,0,0,0,0,0,0,0,0,0,35,0.06774973124265671,-0.024720655754208565,0.1882280856370926,0.1634507179260254,0.010055999999999999
1110,48079.0,682.0,48761.0,48761.0,0.9860134123582371,9.0,0.009,75.0,40579.0,38.0,37.0,2.0,7.0,23849.0,24230.0,253.0,787.28515625,11.0,12.71484375,40579.0,405.78999999999945,100.0,1000,0,1000,0.21646849997341633,925,0,0,0,0,0,0,0,0,0,0,0,0,0,0,0,38,0,0,0,0,0,0,0,0,0,0,1,0,0,0,1,35,0.3162328004837036,0.09252161532640457,0.45100411772727966,0.17841047048568726,0.010038000000000002
1111,48632.0,386.0,49018.0,49018.0,0.9921253417112081,5.0,0.005,75.0,41132.0,39.0,36.0,1.0,4.0,24192.0,24440.0,253.6875,669.0,546.3125,131.0,41132.0,411.3199999999993,100.0,1000,0,1000,0.2142160409130156,925,0,0,0,0,0,0,1,0,0,0,0,0,0,0,0,38,0,0,0,0,0,0,0,0,0,0,0,0,0,0,0,36,0.2561412453651428,0.02765590511262417,0.4599516689777374,0.14875191450119019,0.010019999999999998
1112,48927.0,968.0,49895.0,49895.0,0.9805992584427298,11.0,0.011,75.0,41427.0,40.0,35.0,3.0,8.0,25212.0,23715.0,461.71875,561.0,338.28125,239.0,41427.0,414.2700000000004,100.0,1000,0,1000,0.21518170787021518,925,0,0,0,0,0,0,0,0,0,2,0,0,0,0,0,38,0,0,0,0,0,0,0,0,0,0,0,0,0,0,0,35,0.3105287551879883,-0.002222377574071288,0.6286479830741882,0.15725451707839966,0.010001999999999997
1113,47199.0,2093.0,49292.0,49292.0,0.9575387486813276,14.0,0.014,76.0,39599.0,41.0,35.0,7.0,7.0,23636.0,23563.0,451.2022705078125,626.0,38.0,174.0,39599.0,395.98999999999916,100.0,1000,0,1000,0.21457337494939566,924,1,0,0,1,0,0,1,0,0,1,0,0,0,0,0,37,0,0,0,0,0,0,0,0,0,0,0,0,0,0,0,35,0.336169570684433,0.05289413779973984,0.5695292949676514,0.1491602659225464,0.009984
1114,49132.0,2601.0,51733.0,51733.0,0.9497226141921018,23.0,0.023,74.0,41732.0,37.0,37.0,9.0,14.0,23912.0,25220.0,787.66015625,9.0,12.33984375,23.0,41732.0,417.32000000000016,100.0,1000,0,1000,0.21420283382758498,926,0,0,0,0,0,0,0,0,0,0,0,0,0,0,3,34,0,0,0,0,0,0,0,0,0,0,0,0,0,0,0,37,0.4124739468097687,0.11582358181476593,0.5961299538612366,0.14194440841674805,0.009966
1115,49253.0,1288.0,50541.0,50541.0,0.9745157396964841,19.0,0.019,77.0,41553.0,39.0,38.0,12.0,7.0,24151.0,25102.0,694.0,308.0,72.25,0.0,41553.0,415.5300000000003,100.0,1000,0,1000,0.21371595794335008,923,0,0,0,0,0,0,0,0,0,4,0,0,0,0,0,35,0,0,0,0,0,0,0,0,0,0,0,0,0,0,0,38,0.23344188928604126,0.01818985305726528,0.43367791175842285,0.15952080488204956,0.009947999999999999
1116,47563.0,2123.0,49686.0,49686.0,0.9572716660628748,15.0,0.015,74.0,40163.0,38.0,36.0,8.0,7.0,23569.0,23994.0,592.2197265625,624.0,207.7802734375,176.0,40163.0,401.63000000000017,100.0,1000,0,1000,0.21323795802891254,926,0,0,0,0,0,0,0,0,0,1,0,0,0,0,2,35,0,0,0,0,0,0,0,0,0,0,0,0,0,0,0,36,0.2106522172689438,0.015089008025825024,0.394427090883255,0.16619618237018585,0.009930000000000001
1117,50406.0,273.0,50679.0,50679.0,0.9946131533771385,5.0,0.005,84.0,42006.0,45.0,39.0,0.0,5.0,26083.0,24323.0,669.1381225585938,119.0,130.86187744140625,134.0,42006.0,420.06000000000006,100.0,1000,0,1000,0.21379691595211625,916,0,0,0,0,0,1,0,0,0,2,0,0,0,0,3,39,0,2,0,0,0,0,0,0,0,0,1,0,0,0,0,36,0.12165191769599915,-0.008884744718670845,0.2643044888973236,0.1629927009344101,0.009912
1118,47884.0,1738.0,49622.0,49622.0,0.9649752126073112,18.0,0.018,75.0,40384.0,39.0,36.0,8.0,10.0,24302.0,23582.0,441.5244140625,563.0,49.59222412109375,237.0,40384.0,403.84000000000015,100.0,1000,0,1000,0.2134443330578506,925,0,0,0,0,0,0,1,0,0,2,0,0,0,0,1,35,0,1,0,0,0,0,0,0,0,0,0,0,0,0,0,35,0.26257988810539246,0.04101023077964783,0.44563359022140503,0.12605072557926178,0.009893999999999997
1119,49444.0,719.0,50163.0,50163.0,0.9856667264717023,13.0,0.013,76.0,41844.0,37.0,39.0,7.0,6.0,24237.0,25207.0,622.9375,397.25,177.0625,402.75,41844.0,418.4400000000001,100.0,1000,0,1000,0.21590837487019598,924,0,0,0,0,0,0,0,0,0,0,0,0,0,0,2,35,0,1,0,0,0,0,0,0,0,0,0,0,0,0,1,37,-0.025754742324352264,-0.0939459577202797,0.13936388492584229,0.15094444155693054,0.009876
1120,49570.0,348.0,49918.0,49918.0,0.9930285668496334,7.0,0.007,77.0,41870.0,33.0,44.0,4.0,3.0,21045.0,28525.0,626.8125,736.0,173.1875,64.0,41870.0,418.7000000000008,100.0,1000,0,1000,0.21375087485648692,923,0,0,0,0,0,0,0,0,0,0,0,0,0,0,1,32,0,0,0,0,0,0,0,0,0,0,0,0,0,0,0,44,0.32308587431907654,0.013937168754637241,0.6214975714683533,0.16231299936771393,0.009857999999999999
1121,50621.0,178.0,50799.0,50799.0,0.9964959940156303,3.0,0.003,79.0,42721.0,40.0,39.0,2.0,1.0,25187.0,25434.0,332.04296875,768.0,467.95703125,32.0,42721.0,427.209999999999,100.0,1000,0,1000,0.21339308400638402,921,0,0,0,0,0,0,0,0,0,3,0,0,0,0,0,37,0,0,0,0,0,0,0,0,0,0,0,0,0,0,0,39,0.10019978880882263,-0.034160248935222626,0.2724595367908478,0.19001328945159912,0.009839999999999998
1122,48476.0,646.0,49122.0,49122.0,0.9868490696632873,10.0,0.01,74.0,41076.0,36.0,38.0,5.0,5.0,23705.0,24771.0,685.0,441.0,115.0,359.0,41076.0,410.76000000000016,100.0,1000,1,999,0.21336179180070758,926,0,0,0,0,0,0,0,0,0,0,0,0,0,0,0,36,0,0,0,0,0,0,0,0,0,0,0,0,0,0,0,38,0.3100966513156891,0.08166654407978058,0.4601008892059326,0.16496974229812622,0.009822000000000001
1123,49630.0,874.0,50504.0,50504.0,0.9826944400443529,11.0,0.011,76.0,42030.0,37.0,39.0,6.0,5.0,24324.0,25306.0,487.125,349.0,312.875,451.0,42030.0,420.29999999999933,100.0,1000,0,1000,0.21296358294785023,924,0,0,0,0,0,0,0,0,0,1,0,0,0,0,0,36,0,0,0,0,0,0,0,0,0,0,0,0,0,0,0,39,0.01795205846428871,-0.1530335545539856,0.3451533615589142,0.16228754818439484,0.009804
1124,49714.0,579.0,50293.0,50293.0,0.9884874634641003,9.0,0.009,79.0,41814.0,40.0,39.0,6.0,3.0,25960.0,23754.0,579.5703125,605.0625,144.99169921875,194.9375,41814.0,418.14000000000055,100.0,1000,0,1000,0.21250208280980587,921,0,0,0,0,0,0,1,0,0,1,0,0,0,0,1,37,0,0,0,0,0,0,0,0,0,0,1,0,0,0,0,38,0.14496131241321564,-0.01349719613790512,0.3195900619029999,0.13657499849796295,0.009786
1125,49746.0,384.0,50130.0,50130.0,0.9923399162178337,7.0,0.007,80.0,41746.0,41.0,39.0,2.0,5.0,24934.0,24812.0,371.0,642.0,160.875,158.0,41746.0,417.4599999999996,100.0,1000,0,1000,0.21354962512850761,920,0,0,0,0,0,0,0,0,0,3,0,0,0,0,1,37,0,1,0,0,0,0,0,0,0,0,0,0,0,0,0,38,0.10749652236700058,0.002395638031885028,0.21357570588588715,0.17270338535308838,0.009767999999999999
1126,48883.0,527.0,49410.0,49410.0,0.9893341428860555,8.0,0.008,80.0,40883.0,42.0,38.0,4.0,4.0,25088.0,23795.0,648.3695373535156,399.0,151.63046264648438,0.0,40883.0,408.8300000000001,100.0,1000,0,1000,0.2135447091422975,920,0,0,0,0,0,0,0,0,0,7,0,0,0,0,0,35,0,0,0,0,0,0,0,0,0,0,0,0,0,0,0,38,0.15030233561992645,0.046716634184122086,0.21056753396987915,0.1741609275341034,0.009749999999999998
1127,49005.0,1026.0,50031.0,50031.0,0.9794927145169995,12.0,0.012,77.0,41305.0,40.0,37.0,8.0,4.0,24425.0,24580.0,538.7833251953125,764.0,261.2166748046875,36.0,41305.0,413.0500000000001,100.0,1000,0,1000,0.21380858402699232,923,0,0,0,0,0,0,1,0,0,3,0,0,0,0,0,36,0,0,0,0,0,0,0,0,0,0,0,0,0,0,0,37,0.3261876702308655,0.0747000202536583,0.5062872171401978,0.17015540599822998,0.009731999999999998
1128,49547.0,727.0,50274.0,50274.0,0.9855392449377411,12.0,0.012,78.0,41747.0,39.0,39.0,8.0,4.0,25634.0,23913.0,303.60546875,753.0,224.27294921875,47.0,41747.0,417.4700000000005,100.0,1000,0,1000,0.21795754204504192,922,0,0,0,0,0,0,0,0,0,1,0,0,1,0,1,36,0,1,0,0,0,0,0,0,0,0,0,0,0,0,1,37,0.12744835019111633,0.07524439692497253,0.10702871531248093,0.13489924371242523,0.009714
1129,49161.0,797.0,49958.0,49958.0,0.9840465991432804,13.0,0.013,76.0,41561.0,38.0,38.0,7.0,6.0,24392.0,24769.0,485.1640625,159.0,314.8359375,104.0,41561.0,415.6100000000005,100.0,1000,0,1000,0.2132859171833843,924,0,0,0,0,0,0,0,0,0,2,0,0,1,0,0,35,0,0,0,0,0,0,0,0,0,0,0,0,0,0,0,38,0.08190052956342697,0.007013748399913311,0.15267319977283478,0.14952696859836578,0.009696
1130,47901.0,1274.0,49175.0,49175.0,0.9740925266903915,9.0,0.009,73.0,40601.0,35.0,38.0,3.0,6.0,23105.0,24796.0,770.9765625,547.0,29.0234375,253.0,40601.0,406.01,100.0,1000,0,1000,0.21505079208873212,927,0,0,0,0,0,0,0,0,0,0,0,0,0,0,2,33,0,0,0,0,0,0,0,0,0,0,0,0,0,0,0,38,0.25618335604667664,0.0203262772411108,0.4747024476528168,0.15438592433929443,0.009677999999999999
1131,46861.0,2164.0,49025.0,49025.0,0.955859255481897,19.0,0.019,71.0,39761.0,35.0,36.0,9.0,10.0,23215.0,23646.0,472.8125,366.0,327.1875,0.0,39761.0,397.6099999999992,100.0,1000,0,1000,0.213783249957487,929,0,0,0,0,0,0,0,0,0,0,0,0,1,0,1,33,0,0,0,0,0,0,0,0,0,0,0,0,0,0,0,36,0.1747617870569229,-0.1221979632973671,0.5971721410751343,0.1683567315340042,0.009659999999999998
1132,48881.0,785.0,49666.0,49666.0,0.9841944187170297,13.0,0.013,76.0,41281.0,36.0,40.0,4.0,9.0,23065.0,25816.0,427.2890625,573.0,372.7109375,86.375,41281.0,412.8099999999998,100.0,1000,0,1000,0.21259958413429558,924,0,0,0,0,0,0,0,0,0,1,0,0,0,0,1,34,0,0,0,0,0,0,0,0,0,0,0,0,0,0,2,38,0.2097938507795334,0.09021995961666107,0.24165906012058258,0.13022632896900177,0.009641999999999998
1133,48285.0,591.0,48876.0,48876.0,0.9879081757917997,7.0,0.007,73.0,40985.0,38.0,35.0,2.0,5.0,24838.0,23447.0,699.0,632.0,101.0,168.0,40985.0,409.8500000000002,100.0,1000,0,1000,0.213244334096089,927,0,0,0,0,0,0,0,0,0,0,0,0,0,0,0,38,0,0,0,0,0,0,0,0,0,0,0,0,0,0,0,35,0.17634116113185883,-0.02461518533527851,0.40414881706237793,0.11617431789636612,0.009623999999999997
1134,49513.0,683.0,50196.0,50196.0,0.9863933381145908,12.0,0.012,75.0,42013.0,35.0,40.0,4.0,8.0,23097.0,26416.0,594.1875,603.0,205.8125,197.0,42013.0,420.1300000000002,100.0,1000,0,1000,0.21468774997629225,925,0,0,0,0,0,0,0,0,0,1,0,0,0,0,1,33,0,0,0,0,0,0,0,0,0,0,0,0,0,0,0,40,0.13958193361759186,0.07173927873373032,0.13860808312892914,0.15213249623775482,0.009606
1135,47630.0,1102.0,48732.0,48732.0,0.9773865222030699,16.0,0.016,71.0,40530.0,34.0,37.0,13.0,3.0,23091.0,24539.0,253.0,611.0,0.0,189.0,40530.0,405.2999999999999,100.0,1000,1,999,0.2165825420524925,929,0,0,0,0,0,0,0,0,0,0,0,0,1,0,0,33,0,0,0,0,0,0,0,0,0,0,0,0,0,0,0,37,0.1027059331536293,-0.0916835218667984,0.3912854492664337,0.13071203231811523,0.009588
1136,48901.0,848.0,49749.0,49749.0,0.9829544312448492,12.0,0.012,74.0,41501.0,36.0,38.0,8.0,4.0,24215.0,24686.0,621.0,651.0,179.0,149.0,41501.0,415.00999999999937,100.0,1000,0,1000,0.21450641681440175,926,0,0,0,0,0,0,0,0,0,0,0,0,0,0,0,36,0,0,0,0,0,0,0,0,0,0,0,0,0,0,0,38,0.2923334240913391,0.08974973112344742,0.4078812301158905,0.14178971946239471,0.009569999999999999
1137,47218.0,1658.0,48876.0,48876.0,0.9660774204108356,16.0,0.016,71.0,40118.0,37.0,34.0,11.0,5.0,24975.0,22243.0,652.0,597.1875,148.0,202.8125,40118.0,401.1800000000003,100.0,1000,0,1000,0.21468270802870393,929,0,0,0,0,0,0,0,0,0,1,0,0,0,0,0,36,0,0,0,0,0,0,0,0,0,0,0,0,0,0,1,33,0.3821689188480377,0.02469300478696823,0.7180652022361755,0.1629709005355835,0.009552000000000001
1138,47792.0,1045.0,48837.0,48837.0,0.9786022892479063,16.0,0.016,72.0,40592.0,36.0,36.0,12.0,4.0,24677.0,23115.0,510.0,665.0,290.0,135.0,40592.0,405.92000000000047,100.0,1000,0,1000,0.21458883304148912,928,0,0,0,0,0,0,0,0,0,0,0,0,0,0,0,36,0,1,0,0,0,0,0,0,0,0,0,0,0,0,0,35,0.06453506648540497,-0.10340794175863266,0.3391531705856323,0.17134243249893188,0.009533999999999997
1139,49245.0,1289.0,50534.0,50534.0,0.9744924209443148,19.0,0.019,74.0,41845.0,38.0,36.0,11.0,8.0,25276.0,23969.0,708.0,216.0,92.0,43.0,41845.0,418.44999999999965,100.0,1000,0,1000,0.2151838750578463,926,0,0,0,1,0,0,0,0,0,1,0,0,0,0,1,35,0,0,0,0,0,0,0,0,0,0,0,0,0,0,0,36,0.1723295897245407,-0.024454113095998764,0.39703038334846497,0.18195514380931854,0.009515999999999997
1140,48674.0,2266.0,50940.0,50940.0,0.9555162936788378,19.0,0.019,75.0,41174.0,38.0,37.0,11.0,8.0,24635.0,24039.0,540.0,603.75,48.75,196.25,41174.0,411.7400000000005,100.0,1000,0,1000,0.21450574998743832,925,0,0,0,0,0,0,0,0,0,1,0,0,2,0,1,34,0,0,0,0,0,0,0,0,0,0,0,0,0,0,1,36,0.43862712383270264,-0.01726233772933483,0.9144818782806396,0.14229002594947815,0.009498
1141,47633.0,838.0,48471.0,48471.0,0.9827113119184667,12.0,0.012,73.0,40333.0,35.0,38.0,5.0,7.0,22829.0,24804.0,737.79052734375,159.0,62.20947265625,0.0,40333.0,403.32999999999987,100.0,1000,0,1000,0.21558291697874665,927,0,0,0,0,0,0,0,0,0,0,0,0,1,0,3,31,0,0,0,0,0,0,0,0,0,0,0,0,0,0,0,38,0.1430187076330185,-0.012278895825147629,0.3135514557361603,0.15591929852962494,0.009479999999999999
1142,49132.0,1569.0,50701.0,50701.0,0.9690538648152897,22.0,0.022,74.0,41732.0,37.0,37.0,14.0,8.0,24051.0,25081.0,554.4365234375,244.0,245.5634765625,556.0,41732.0,417.3200000000006,100.0,1000,0,1000,0.21513674990274012,926,0,0,0,0,0,0,0,0,0,3,0,0,0,0,3,31,0,0,0,0,0,0,0,0,0,0,0,0,0,0,0,37,0.2918787896633148,0.0192037932574749,0.548683762550354,0.17616568505764008,0.009461999999999998
1143,48855.0,779.0,49634.0,49634.0,0.9843051134303099,11.0,0.011,78.0,41055.0,39.0,39.0,5.0,6.0,23594.0,25261.0,551.1409912109375,768.0,93.32212829589844,32.0,41055.0,410.5499999999999,100.0,1000,0,1000,0.21443350007757545,922,0,0,0,0,0,0,0,0,0,6,0,0,0,0,1,32,0,0,0,0,0,0,0,0,0,0,0,0,0,0,0,39,0.20182321965694427,-0.023286687210202217,0.45303115248680115,0.1488431990146637,0.009444000000000001
1144,49124.0,745.0,49869.0,49869.0,0.9850608594517636,13.0,0.013,76.0,41524.0,38.0,38.0,7.0,6.0,23806.0,25318.0,594.375,407.0,205.625,393.0,41524.0,415.2399999999997,100.0,1000,0,1000,0.21501716715283692,924,0,0,0,0,0,0,0,0,0,3,0,0,0,0,1,34,0,0,0,0,0,0,0,0,0,0,0,0,0,0,0,38,0.1493377685546875,-0.019235746935009956,0.3401997685432434,0.16193266212940216,0.009426
1145,50157.0,478.0,50635.0,50635.0,0.9905598894045621,8.0,0.008,75.0,42657.0,38.0,37.0,7.0,1.0,25346.0,24811.0,632.0,321.0,168.0,479.0,42657.0,426.5700000000004,100.0,1000,0,1000,0.21397766610607505,925,0,0,0,0,0,0,0,0,0,1,0,0,0,0,1,36,0,0,0,0,0,0,0,0,0,0,0,0,0,0,0,37,0.1363694816827774,0.045001376420259476,0.18585741519927979,0.16587963700294495,0.009407999999999996
1146,49380.0,546.0,49926.0,49926.0,0.9890638144453792,9.0,0.009,74.0,41980.0,37.0,37.0,4.0,5.0,25258.0,24122.0,268.0,537.0,532.0,263.0,41980.0,419.7999999999995,100.0,1000,0,1000,0.21429287502542138,926,0,0,0,0,0,0,0,0,0,1,0,0,0,0,0,36,0,0,0,0,0,0,0,1,0,0,0,0,0,0,0,36,0.12984338402748108,0.041285499930381775,0.18003979325294495,0.15569894015789032,0.009389999999999999
1147,48771.0,455.0,49226.0,49226.0,0.9907569170763417,7.0,0.007,76.0,41171.0,40.0,36.0,6.0,1.0,25122.0,23649.0,604.3037109375,220.0,12.23101806640625,580.0,41171.0,411.7100000000002,100.0,1000,0,1000,0.2149697500281036,924,0,0,0,0,0,0,0,0,0,2,0,0,1,0,2,35,0,0,0,0,0,0,0,0,0,0,0,0,0,0,0,36,0.23815710842609406,0.05893942713737488,0.361421138048172,0.15929168462753296,0.009371999999999998
1148,50652.0,1631.0,52283.0,52283.0,0.9688043914848039,20.0,0.02,78.0,42852.0,37.0,41.0,12.0,8.0,24153.0,26499.0,554.4375,154.0,106.4609375,0.0,42852.0,428.5200000000007,100.0,1000,0,1000,0.2154059170279652,922,0,0,0,0,0,0,0,0,0,2,0,0,0,0,2,33,0,0,0,0,0,0,0,0,0,0,0,0,0,0,0,41,0.3325980305671692,-0.07520190626382828,0.8186184167861938,0.16135114431381226,0.009353999999999998
1149,48639.0,1281.0,49920.0,49920.0,0.9743389423076924,14.0,0.014,74.0,41239.0,36.0,38.0,9.0,5.0,24610.0,24029.0,570.5,478.0,229.5,322.0,41239.0,412.3899999999999,100.0,1000,0,1000,0.21442037518136203,926,0,0,0,0,0,0,0,0,0,0,0,0,0,0,1,35,0,1,0,0,0,0,0,0,0,0,0,0,0,0,0,37,0.2944747507572174,-0.07958073914051056,0.7510340213775635,0.15654784440994263,0.009336
1150,51348.0,901.0,52249.0,52249.0,0.9827556508258531,11.0,0.011,78.0,43548.0,38.0,40.0,6.0,5.0,25007.0,26341.0,671.0,402.0,48.375,398.0,43548.0,435.4800000000001,100.0,1000,0,1000,0.21463962504640222,922,0,0,0,0,1,0,0,0,0,1,0,0,0,0,0,36,0,0,0,0,0,0,0,0,0,0,0,0,0,0,0,40,0.24178734421730042,0.023922758176922798,0.4386710226535797,0.15785862505435944,0.009318
1151,48926.0,661.0,49587.0,49587.0,0.9866698933188134,10.0,0.01,74.0,41526.0,35.0,39.0,9.0,1.0,23431.0,25495.0,315.875,519.0,484.125,281.0,41526.0,415.2600000000002,100.0,1000,0,1000,0.21394891617819667,926,0,0,0,0,1,0,0,0,0,0,0,0,0,0,1,33,0,0,0,0,0,0,0,0,0,0,0,0,0,0,0,39,0.19777919352054596,-0.02165372297167778,0.4419272243976593,0.16459006071090698,0.0093
1152,48678.0,559.0,49237.0,49237.0,0.9886467493957796,8.0,0.008,85.0,40178.0,48.0,37.0,5.0,3.0,24595.0,24083.0,676.9349412061274,422.0,123.0650587938726,378.0,40178.0,401.7799999999999,100.0,1000,0,1000,0.21243908302858472,915,0,0,0,0,14,0,0,0,0,0,0,0,0,0,2,32,0,0,0,0,0,0,0,0,0,0,0,0,0,0,0,37,0.1741444319486618,0.031389761716127396,0.2885892391204834,0.16590647399425507,0.009281999999999999
1153,49863.0,1151.0,51014.0,51014.0,0.9774375661583095,19.0,0.019,87.0,41163.0,49.0,38.0,9.0,10.0,24460.0,25403.0,602.7018902301788,421.0,65.04560642503202,379.0,41163.0,411.6299999999996,100.0,1000,0,1000,0.21637791697867215,913,0,0,0,0,15,0,0,0,0,1,0,0,0,0,0,33,0,0,0,0,0,0,0,0,0,0,0,0,0,0,0,38,0.15240198373794556,-0.00044726298074238,0.30863624811172485,0.15855810046195984,0.009263999999999998
1154,49382.0,547.0,49929.0,49929.0,0.9890444431092151,10.0,0.01,83.0,41082.0,46.0,37.0,4.0,6.0,25316.0,24066.0,452.66541062667966,465.0,197.78314575848344,335.0,41082.0,410.81999999999977,100.0,1000,1,999,0.212603208841756,917,0,0,0,0,11,0,0,0,0,1,0,0,0,0,0,34,0,0,0,0,0,0,0,0,0,0,1,0,0,0,0,36,0.09021959453821182,0.002440798794850707,0.17952023446559906,0.21428948640823364,0.009245999999999997
1155,48436.0,2272.0,50708.0,50708.0,0.9551944466356393,15.0,0.015,83.0,40136.0,42.0,41.0,8.0,7.0,22891.0,25545.0,412.93452097219415,699.0625,282.6700168316165,100.9375,40136.0,401.3600000000006,100.0,1000,0,1000,0.2126899161376059,917,0,0,0,0,10,0,0,0,0,0,0,0,0,0,1,31,0,0,0,0,0,0,0,0,0,0,0,0,0,0,1,40,0.20966391265392303,-0.03181081637740135,0.48665979504585266,0.20103688538074493,0.009228
1156,48296.0,1365.0,49661.0,49661.0,0.9725136424961237,16.0,0.016,78.0,40496.0,41.0,37.0,10.0,6.0,24166.0,24130.0,764.410384170711,294.5,35.58961582928896,505.5,40496.0,404.96000000000043,100.0,1000,0,1000,0.21366379200480878,922,0,0,0,0,5,0,0,0,0,1,0,0,0,0,1,34,0,0,0,0,0,0,1,0,0,0,0,0,0,0,1,35,0.3184658885002136,-0.012088041752576828,0.6637936234474182,0.14580731093883514,0.00921
1157,49762.0,1112.0,50874.0,50874.0,0.9781420765027322,16.0,0.016,75.0,42262.0,37.0,38.0,11.0,5.0,24822.0,24940.0,453.0,566.0,347.0,234.0,42262.0,422.6199999999994,100.0,1000,0,1000,0.21249587484635413,925,0,0,0,0,2,0,0,0,0,0,0,0,0,0,0,35,0,0,0,0,0,0,0,0,0,0,1,0,0,0,0,37,0.11827656626701355,-0.07777220010757446,0.3952060639858246,0.1690886914730072,0.009191999999999999
1158,50117.0,1212.0,51329.0,51329.0,0.9763876171365116,15.0,0.015,81.0,42017.0,40.0,41.0,8.0,7.0,24353.0,25764.0,313.40625,603.0,0.0,197.0,42017.0,420.1700000000005,100.0,1000,0,1000,0.21280345786362886,919,0,0,0,0,4,0,0,0,0,0,0,0,0,0,0,36,0,0,0,0,0,0,0,0,0,0,0,0,0,0,0,41,0.35726216435432434,-0.03161672130227089,0.7805333137512207,0.15127375721931458,0.009173999999999998
1159,48276.0,1071.0,49347.0,49347.0,0.9782965529819442,9.0,0.009,76.0,40676.0,36.0,40.0,6.0,3.0,22785.0,25491.0,733.0,637.0,67.0,163.0,40676.0,406.76000000000016,100.0,1000,0,1000,0.2121229579206556,924,0,0,0,0,1,0,0,0,0,1,0,0,0,0,0,34,0,0,0,0,0,0,0,0,0,0,0,0,0,0,0,40,0.26156124472618103,-0.007477273233234882,0.5410736799240112,0.16364291310310364,0.009155999999999997
1160,49743.0,627.0,50370.0,50370.0,0.987552114353782,10.0,0.01,80.0,41743.0,42.0,38.0,6.0,4.0,25586.0,24157.0,290.818359375,667.0,50.0,133.0,41743.0,417.4299999999998,100.0,1000,0,1000,0.21337858401238918,920,0,0,0,0,3,0,0,0,0,1,0,0,0,0,0,38,0,0,0,0,0,0,0,0,0,0,0,0,0,0,0,38,0.12570814788341522,0.018429381772875786,0.21722662448883057,0.14604367315769196,0.009138
1161,49241.0,838.0,50079.0,50079.0,0.9832664390263384,14.0,0.014,78.0,41441.0,39.0,39.0,10.0,4.0,24577.0,24664.0,368.0,640.0,217.5078125,160.0,41441.0,414.40999999999894,100.0,1000,0,1000,0.21264987508766353,922,0,0,0,0,4,0,0,0,0,0,0,0,0,0,0,35,0,0,0,0,0,0,0,0,0,0,0,0,0,0,0,39,0.22537486255168915,0.03273112699389458,0.3882375657558441,0.1617385596036911,0.00912
1162,49203.0,727.0,49930.0,49930.0,0.9854396154616463,12.0,0.012,76.0,41603.0,36.0,40.0,8.0,4.0,23760.0,25443.0,695.84814453125,260.0,104.15185546875,540.0,41603.0,416.02999999999986,100.0,1000,0,1000,0.2161177909001708,924,0,0,0,0,1,0,0,0,0,1,0,0,0,0,1,33,0,0,0,0,0,0,0,0,0,0,0,0,0,0,0,40,0.0650390163064003,-0.0010513971792533994,0.13536863029003143,0.1751154512166977,0.009101999999999999
1163,50178.0,736.0,50914.0,50914.0,0.9855442510900735,15.0,0.015,80.0,42178.0,38.0,42.0,15.0,0.0,24344.0,25834.0,706.0,390.0,94.0,410.0,42178.0,421.7800000000001,100.0,1000,0,1000,0.2123570409603417,920,0,1,0,0,2,0,1,0,0,0,0,0,0,0,0,34,0,0,0,0,0,0,0,0,0,0,0,0,0,0,0,42,0.22134408354759216,0.05358358845114708,0.33881962299346924,0.18156301975250244,0.009084000000000002
1164,49445.0,414.0,49859.0,49859.0,0.9916965843679175,8.0,0.008,78.0,41645.0,39.0,39.0,7.0,1.0,25940.0,23505.0,495.375,693.0,304.625,107.0,41645.0,416.44999999999976,100.0,1000,0,1000,0.2131783338263631,922,0,0,0,0,0,0,0,0,0,1,0,0,0,0,0,38,0,0,0,0,0,0,0,0,0,0,0,0,0,0,1,38,0.07483942806720734,-0.014429645612835884,0.18130779266357422,0.15274952352046967,0.009066000000000001
1165,49049.0,3173.0,52222.0,52222.0,0.9392401669794339,23.0,0.023,75.0,41549.0,38.0,37.0,13.0,10.0,25330.0,23719.0,359.5625,382.0,440.4375,418.0,41549.0,415.4899999999999,100.0,1000,1,999,0.21230233297683299,925,0,0,0,0,0,0,0,0,0,0,0,0,0,0,1,37,0,0,0,0,0,0,0,0,0,0,0,0,0,0,0,37,0.3559443950653076,0.08342522382736206,0.5482556819915771,0.17779304087162018,0.009047999999999997
1166,48465.0,499.0,48964.0,48964.0,0.9898088391471285,8.0,0.008,75.0,40965.0,35.0,40.0,8.0,0.0,23644.0,24821.0,584.0,283.0,216.0,19.0,40965.0,409.65000000000003,100.0,1000,0,1000,0.21322683314792812,925,0,0,0,0,0,0,0,0,0,0,0,0,0,0,0,35,0,0,0,0,0,0,0,0,0,0,0,0,0,0,0,40,0.1476634442806244,0.03421160206198692,0.22968684136867523,0.15410543978214264,0.00903
1167,49944.0,575.0,50519.0,50519.0,0.9886181436687187,10.0,0.01,78.0,42144.0,39.0,39.0,6.0,4.0,25461.0,24483.0,345.0,279.0,330.9375,521.0,42144.0,421.43999999999943,100.0,1000,0,1000,0.21213270793668926,922,0,0,0,0,1,0,0,0,0,0,0,0,0,0,2,36,0,0,0,0,0,0,0,0,0,0,0,0,0,0,0,39,0.033882901072502136,-0.03871440887451172,0.14750602841377258,0.12824061512947083,0.009012
1168,49814.0,492.0,50306.0,50306.0,0.9902198544905181,7.0,0.007,77.0,42114.0,36.0,41.0,4.0,3.0,24188.0,25626.0,231.1875,589.0,568.8125,211.0,42114.0,421.13999999999993,100.0,1000,0,1000,0.21253095800057054,923,0,0,0,0,0,0,0,0,0,0,0,0,0,0,2,34,0,0,0,0,0,0,0,0,0,0,0,0,0,0,0,41,0.12754808366298676,-0.01189104001969099,0.281247079372406,0.13168965280056,0.008993999999999999
1169,49319.0,1193.0,50512.0,50512.0,0.9763818498574596,17.0,0.017,74.0,41919.0,36.0,38.0,12.0,5.0,24641.0,24678.0,774.0,704.0,26.0,96.0,41919.0,419.1899999999998,100.0,1000,0,1000,0.21173841692507267,926,0,0,0,0,0,0,0,0,0,0,0,0,0,0,0,36,0,0,0,0,0,0,0,0,0,0,0,0,0,0,0,38,0.12429789453744888,-0.04614996165037155,0.3436402976512909,0.1528857946395874,0.008976000000000001
1170,48710.0,801.0,49511.0,49511.0,0.9838217769788532,12.0,0.012,77.0,41010.0,39.0,38.0,10.0,2.0,24441.0,24269.0,554.67431640625,563.0,245.32568359375,237.0,41010.0,410.1000000000001,100.0,1000,0,1000,0.21269179112277925,923,0,0,0,0,3,0,0,0,0,1,0,0,0,0,1,34,0,0,0,0,0,0,0,0,0,0,0,0,0,0,0,38,-0.00021745660342276096,-0.0795702263712883,0.1613079011440277,0.1452534943819046,0.008958
1171,49449.0,1485.0,50934.0,50934.0,0.9708446224525857,16.0,0.016,76.0,41849.0,36.0,40.0,9.0,7.0,24428.0,25021.0,513.5625,160.0,286.4375,96.0,41849.0,418.49,100.0,1000,0,1000,0.21239141700789332,924,0,0,0,0,0,0,0,0,0,0,0,0,0,0,1,35,0,0,0,0,0,0,0,0,0,0,0,0,0,0,1,39,0.3788529336452484,0.13323873281478882,0.49374738335609436,0.140879824757576,0.00894
1172,48652.0,970.0,49622.0,49622.0,0.980452218773931,14.0,0.014,74.0,41252.0,37.0,37.0,11.0,3.0,24588.0,24064.0,513.0,375.0,287.0,425.0,41252.0,412.52000000000015,100.0,1000,0,1000,0.21234341617673635,926,0,0,0,0,1,0,0,0,0,0,0,0,0,0,0,36,0,0,0,0,0,0,0,0,0,0,0,0,0,0,0,37,0.08984217047691345,-0.11270774900913239,0.4075634479522705,0.1380636990070343,0.008922
1173,48987.0,746.0,49733.0,49733.0,0.9849998994631332,12.0,0.012,72.0,41787.0,36.0,36.0,9.0,3.0,25053.0,23934.0,369.0,357.0,431.0,443.0,41787.0,417.8700000000003,100.0,1000,0,1000,0.21218274999409914,928,0,0,0,0,0,0,0,0,0,0,0,0,0,0,0,36,0,0,0,0,0,0,0,0,0,0,0,0,0,0,0,36,0.1247779130935669,0.0033166531939059496,0.24562133848667145,0.15155059099197388,0.008903999999999999
1174,49250.0,586.0,49836.0,49836.0,0.988241431896621,9.0,0.009,75.0,41750.0,37.0,38.0,8.0,1.0,24562.0,24688.0,679.73046875,368.0,120.26953125,432.0,41750.0,417.5000000000002,100.0,1000,1,999,0.21266137505881488,925,0,0,0,0,1,0,0,0,0,0,0,0,0,0,1,35,0,0,0,0,0,0,0,0,0,0,0,0,0,0,0,38,0.11449527740478516,0.01905345357954502,0.193539097905159,0.14941741526126862,0.008885999999999998
1175,49360.0,522.0,49882.0,49882.0,0.9895353033158254,8.0,0.008,77.0,41660.0,38.0,39.0,5.0,3.0,24943.0,24417.0,563.0,669.0,237.0,131.0,41660.0,416.60000000000025,100.0,1000,0,1000,0.21241975016891956,923,0,0,0,0,1,0,0,0,0,0,0,0,0,0,0,37,0,0,0,0,0,0,0,0,0,0,0,0,0,0,0,39,0.13326048851013184,-0.032902151346206665,0.3348829448223114,0.14420828223228455,0.008868000000000001
1176,49345.0,1441.0,50786.0,50786.0,0.971626038672075,19.0,0.019,75.0,41845.0,38.0,37.0,15.0,4.0,25739.0,23606.0,692.0,594.0,108.0,206.0,41845.0,418.4499999999995,100.0,1000,0,1000,0.21638129116035998,925,0,0,0,0,0,0,0,0,0,0,0,0,0,0,1,37,0,0,0,0,0,0,0,0,0,0,0,0,0,0,0,37,0.2968367338180542,0.025006072595715523,0.5463855266571045,0.15391235053539276,0.00885
1177,49932.0,800.0,50732.0,50732.0,0.9842308602065757,11.0,0.011,77.0,42232.0,37.0,40.0,8.0,3.0,25044.0,24888.0,747.0,16.0,53.0,0.0,42232.0,422.31999999999954,100.0,1000,0,1000,0.21313316700980067,923,0,0,0,0,0,0,0,0,0,0,0,0,0,0,0,37,0,0,0,0,0,0,0,0,0,0,0,0,0,0,0,40,0.16851963102817535,-0.11498763412237167,0.5695658922195435,0.1444379687309265,0.008832
1178,48093.0,1005.0,49098.0,49098.0,0.9795307344494684,15.0,0.015,75.0,40593.0,38.0,37.0,6.0,9.0,24273.0,23820.0,777.3125,177.0,22.6875,0.0,40593.0,405.92999999999984,100.0,1000,1,999,0.2130430000834167,925,0,0,0,0,1,0,0,0,0,0,0,0,0,0,1,36,0,0,0,0,0,0,0,0,0,0,0,0,0,0,0,37,0.3117435872554779,0.027224857360124588,0.5714382529258728,0.1361933797597885,0.008813999999999999
1179,49888.0,575.0,50463.0,50463.0,0.9886055129500823,9.0,0.009,77.0,42188.0,38.0,39.0,7.0,2.0,24672.0,25216.0,800.0,219.0,0.0,581.0,42188.0,421.8799999999999,100.0,1000,0,1000,0.2123871659860015,923,0,0,0,0,1,0,0,0,0,0,0,0,0,0,0,37,0,0,0,0,0,0,0,0,0,0,0,0,0,0,0,39,0.2605281472206116,0.1253807693719864,0.2731570601463318,0.16270583868026733,0.008795999999999998
1180,50122.0,481.0,50603.0,50603.0,0.9904946347054523,8.0,0.008,81.0,42022.0,42.0,39.0,4.0,4.0,24878.0,25244.0,433.5,227.0,325.4375,573.0,42022.0,420.21999999999963,100.0,1000,0,1000,0.21291891601867974,919,0,5,0,0,0,0,0,0,0,0,0,0,0,0,0,37,0,0,0,0,0,0,0,0,0,0,0,0,0,0,0,39,0.22505949437618256,0.026384256780147552,0.40026143193244934,0.1658092886209488,0.008777999999999998
1181,48751.0,886.0,49637.0,49637.0,0.982150411991055,11.0,0.011,74.0,41351.0,36.0,38.0,9.0,2.0,24399.0,24352.0,685.0,734.0,115.0,66.0,41351.0,413.50999999999965,100.0,1000,0,1000,0.21208920795470476,926,0,0,0,0,0,0,0,0,0,0,0,0,0,0,0,36,0,0,0,0,0,0,0,0,0,0,0,0,0,0,0,38,0.11793041229248047,-0.03012491948902607,0.29929420351982117,0.18170879781246185,0.00876
1182,48697.0,1284.0,49981.0,49981.0,0.9743102378903984,18.0,0.018,78.0,40897.0,38.0,40.0,9.0,9.0,23434.0,25263.0,442.8662109375,109.25,357.1337890625,0.0,40897.0,408.9699999999998,100.0,1000,0,1000,0.21337745804339647,922,0,2,0,0,1,0,0,0,0,0,0,0,1,0,0,34,0,1,0,0,0,0,0,0,0,0,0,0,0,0,0,39,0.04952673241496086,-0.11227502673864365,0.3266470730304718,0.17407676577568054,0.008742
1183,49780.0,1201.0,50981.0,50981.0,0.9764422039583375,16.0,0.016,76.0,42180.0,39.0,37.0,9.0,7.0,25438.0,24342.0,565.0,335.0,235.0,465.0,42180.0,421.8,100.0,1000,0,1000,0.21264070784673095,924,0,0,1,0,0,0,0,0,0,0,0,0,1,0,0,37,0,0,0,0,0,0,0,0,0,0,0,0,0,0,1,36,0.3410860598087311,0.06956922262907028,0.5454744696617126,0.1398901492357254,0.008723999999999999
1184,49371.0,238.0,49609.0,49609.0,0.9952024834203471,4.0,0.004,76.0,41771.0,40.0,36.0,1.0,3.0,25883.0,23488.0,403.0,438.0,397.0,362.0,41771.0,417.70999999999947,100.0,1000,0,1000,0.21291795908473432,924,0,0,0,0,0,0,0,0,0,0,0,0,0,0,0,40,0,0,0,0,0,0,0,0,0,0,0,0,0,0,0,36,0.07833807170391083,-0.027222394943237305,0.21367020905017853,0.14640873670578003,0.008706000000000002
1185,49751.0,904.0,50655.0,50655.0,0.9821537854111144,12.0,0.012,74.0,42351.0,34.0,40.0,10.0,2.0,23583.0,26168.0,536.0,486.75,264.0,313.25,42351.0,423.509999999999,100.0,1000,0,1000,0.21312874997965991,926,0,0,0,0,0,0,0,0,0,0,0,0,0,0,0,34,0,0,0,0,0,0,0,0,0,0,0,0,0,0,1,39,0.15724848210811615,0.008358728140592575,0.30071499943733215,0.1689395308494568,0.008687999999999998
1186,48127.0,724.0,48851.0,48851.0,0.9851794231438455,11.0,0.011,75.0,40627.0,36.0,39.0,6.0,5.0,23500.0,24627.0,390.75,126.0,409.25,0.0,40627.0,406.2699999999997,100.0,1000,0,1000,0.21276104217395186,925,0,1,0,0,1,0,0,0,0,0,0,0,0,0,0,34,0,0,0,0,0,0,0,0,0,0,0,0,0,0,0,39,0.15610423684120178,-0.06787030398845673,0.4505443274974823,0.1496683657169342,0.008669999999999997
1187,49681.0,971.0,50652.0,50652.0,0.9808299770986338,16.0,0.016,74.0,42281.0,36.0,38.0,11.0,5.0,25064.0,24617.0,495.0,483.0,305.0,317.0,42281.0,422.8100000000004,100.0,1000,0,1000,0.2128130418714136,926,0,0,0,0,0,0,0,0,0,0,0,0,0,0,0,36,0,0,0,0,0,0,0,0,0,0,0,0,0,0,0,38,0.3512986898422241,0.16569767892360687,0.37376344203948975,0.1480267345905304,0.008652
1188,48665.0,1639.0,50304.0,50304.0,0.9674180979643766,14.0,0.014,74.0,41265.0,35.0,39.0,8.0,6.0,23615.0,25050.0,628.0,373.0,172.0,427.0,41265.0,412.64999999999935,100.0,1000,0,1000,0.2130757498089224,926,0,0,0,0,0,0,0,0,0,0,0,0,0,0,0,35,0,0,0,0,0,0,0,0,0,0,0,0,0,0,0,39,0.30241772532463074,0.033953629434108734,0.5394244194030762,0.1445588618516922,0.008634
1189,49542.0,673.0,50215.0,50215.0,0.9865976301901822,9.0,0.009,77.0,41842.0,34.0,43.0,7.0,2.0,22217.0,27325.0,676.65234375,33.0,123.34765625,45.0,41842.0,418.41999999999956,100.0,1000,0,1000,0.21283875009976327,923,0,0,0,0,0,0,1,0,0,0,0,0,0,0,1,32,0,0,0,0,0,0,0,0,0,0,0,0,0,0,0,43,0.11304814368486404,-0.04077912122011185,0.31017187237739563,0.14608557522296906,0.008615999999999999
1190,46923.0,1194.0,48117.0,48117.0,0.9751854853793878,14.0,0.014,73.0,39623.0,35.0,38.0,8.0,6.0,22179.0,24744.0,411.578125,145.0,388.421875,94.0,39623.0,396.22999999999985,100.0,1000,0,1000,0.21264862501993775,927,0,1,0,0,1,0,0,0,0,0,0,0,1,0,0,32,0,0,0,0,0,0,0,0,0,0,0,0,0,0,0,38,0.29845646023750305,-0.041061677038669586,0.6813766956329346,0.13610327243804932,0.008598000000000001
1191,50044.0,1094.0,51138.0,51138.0,0.9786069068012045,13.0,0.013,76.0,42444.0,37.0,39.0,7.0,6.0,25244.0,24800.0,547.0,160.0,253.0,0.0,42444.0,424.4400000000004,100.0,1000,0,1000,0.2129065829794854,924,0,0,0,0,0,0,0,0,0,0,0,0,0,0,0,37,0,0,0,0,0,0,0,0,0,0,0,0,0,0,0,39,0.3093290627002716,-0.010602869093418121,0.6424248218536377,0.14924117922782898,0.00858
1192,47451.0,241.0,47692.0,47692.0,0.9949467415918812,5.0,0.005,72.0,40251.0,35.0,37.0,4.0,1.0,23689.0,23762.0,527.0,393.0,273.0,407.0,40251.0,402.5100000000003,100.0,1000,0,1000,0.2138310419395566,928,0,0,0,0,0,0,0,0,0,0,0,0,0,0,0,35,0,0,0,0,0,0,0,0,0,0,0,0,0,0,0,37,0.06286749243736267,-0.049078021198511124,0.22626863420009613,0.13884636759757996,0.008561999999999997
1193,49276.0,745.0,50021.0,50021.0,0.9851062553727434,13.0,0.013,75.0,41776.0,37.0,38.0,8.0,5.0,24955.0,24321.0,175.0,681.0,0.0,119.0,41776.0,417.7599999999994,100.0,1000,0,1000,0.21247124997898936,925,0,0,0,0,0,0,0,0,0,0,0,0,0,0,0,37,0,0,0,0,0,0,0,0,0,0,0,0,0,0,1,37,0.22911156713962555,0.015892505645751953,0.42906442284584045,0.15369249880313873,0.008544
1194,48215.0,1931.0,50146.0,50146.0,0.9614924420691581,17.0,0.017,74.0,40815.0,35.0,39.0,13.0,4.0,23045.0,25170.0,662.0,450.5,138.0,349.5,40815.0,408.1500000000011,100.0,1000,0,1000,0.21316583408042789,926,0,1,0,0,1,0,0,0,0,0,0,0,0,0,0,33,0,0,0,0,0,0,0,0,0,0,0,0,0,0,1,38,0.3109284043312073,-0.09308186173439026,0.8111490607261658,0.18346856534481049,0.008525999999999999
1195,49214.0,730.0,49944.0,49944.0,0.9853836296652251,12.0,0.012,75.0,41714.0,36.0,39.0,10.0,2.0,24725.0,24489.0,475.0,598.0,325.0,202.0,41714.0,417.1399999999997,100.0,1000,0,1000,0.2125087920576334,925,0,0,0,0,0,0,0,0,0,0,0,0,0,0,0,36,0,0,0,0,0,0,0,0,0,0,0,0,0,0,0,39,0.11004386842250824,0.015188348479568958,0.19217947125434875,0.1450655311346054,0.008507999999999998
1196,49598.0,750.0,50348.0,50348.0,0.9851036783983474,13.0,0.013,75.0,42098.0,36.0,39.0,12.0,1.0,24692.0,24906.0,629.5,710.0,170.5,90.0,42098.0,420.9800000000003,100.0,1000,0,1000,0.21439687488600612,925,0,0,0,0,0,0,0,0,0,0,0,0,0,0,1,35,0,0,0,0,0,0,0,0,0,0,1,0,0,0,0,38,0.11073514819145203,0.028241794556379318,0.16746261715888977,0.1458134949207306,0.008490000000000001
1197,48840.0,628.0,49468.0,49468.0,0.9873049243955688,11.0,0.011,73.0,41540.0,33.0,40.0,7.0,4.0,22527.0,26313.0,442.0,559.0,358.0,241.0,41540.0,415.4000000000007,100.0,1000,0,1000,0.2128222498577088,927,0,0,0,0,0,0,0,0,0,0,0,0,0,0,0,33,0,0,0,0,0,0,0,0,0,0,0,0,0,0,0,40,0.021672159433364868,-0.0806131362915039,0.20753055810928345,0.17469115555286407,0.008472
1198,46656.0,2186.0,48842.0,48842.0,0.955243438024651,19.0,0.019,71.0,39556.0,32.0,39.0,9.0,10.0,22009.0,24647.0,437.0,491.69140625,363.0,308.30859375,39556.0,395.5599999999997,100.0,1000,0,1000,0.21317204181104898,929,0,0,0,0,0,0,0,0,0,0,0,0,0,0,0,32,0,1,0,0,0,0,0,0,0,0,0,0,0,0,3,35,0.3406646251678467,0.10162406414747238,0.4806950092315674,0.1545972377061844,0.008454
1199,49162.0,764.0,49926.0,49926.0,0.98469735208108,10.0,0.01,74.0,41762.0,36.0,38.0,9.0,1.0,25969.0,23193.0,257.0,410.8125,543.0,24.32421875,41762.0,417.6199999999995,100.0,1000,0,1000,0.21324683306738734,926,0,0,0,0,0,0,0,0,0,0,0,0,0,0,0,36,0,0,0,0,0,0,0,0,0,0,0,0,0,0,3,35,0.1403505951166153,-0.006518947891891003,0.2965516746044159,0.1667025238275528,0.008435999999999999
1200,49885.0,936.0,50821.0,50821.0,0.9815824167174987,16.0,0.016,76.0,42285.0,35.0,41.0,11.0,5.0,24520.0,25365.0,274.0,653.0,526.0,147.0,42285.0,422.84999999999934,100.0,1000,0,1000,0.21335295890457928,924,0,0,0,0,0,0,0,0,0,0,0,0,1,0,0,34,0,0,0,0,0,0,0,0,0,0,0,0,0,0,4,37,0.06236505135893822,-0.02913995459675789,0.18604981899261475,0.18055464327335358,0.008417999999999998
1201,48538.0,803.0,49341.0,49341.0,0.9837255021179141,15.0,0.015,74.0,41138.0,36.0,38.0,9.0,6.0,24780.0,23758.0,218.3125,596.61328125,581.6875,36.149169921875,41138.0,411.3799999999999,100.0,1000,0,1000,0.2145471249241382,926,0,0,0,0,1,0,0,0,0,0,0,0,0,0,0,35,0,0,0,0,0,0,0,0,0,0,0,0,0,0,4,34,0.056255269795656204,-0.022405076771974564,0.16035212576389313,0.1804424673318863,0.008399999999999998
1202,49395.0,489.0,49884.0,49884.0,0.9901972576377195,8.0,0.008,76.0,41795.0,36.0,40.0,5.0,3.0,23742.0,25653.0,676.0,618.5390625,124.0,181.4609375,41795.0,417.9500000000001,100.0,1000,0,1000,0.21219899994321167,924,0,0,0,0,0,0,0,0,0,0,0,0,0,0,0,36,0,0,0,0,0,0,0,0,0,0,0,0,0,0,2,38,0.10031728446483612,-0.06844119727611542,0.3402518630027771,0.16314096748828888,0.008382
1203,47782.0,830.0,48612.0,48612.0,0.9829260264955155,10.0,0.01,73.0,40482.0,35.0,38.0,6.0,4.0,23697.0,24085.0,606.0,480.79052734375,194.0,319.20947265625,40482.0,404.81999999999994,100.0,1000,0,1000,0.21131754200905561,927,0,0,0,0,0,0,0,0,0,0,0,0,0,0,0,35,0,0,0,0,0,0,0,0,0,0,0,0,0,0,4,34,0.371011883020401,-0.036046650260686874,0.8168562650680542,0.1637493073940277,0.008364
1204,48022.0,1547.0,49569.0,49569.0,0.9687909782323629,14.0,0.014,75.0,40522.0,36.0,39.0,8.0,6.0,24027.0,23995.0,502.375,780.6484375,297.625,1.20947265625,40522.0,405.2200000000001,100.0,1000,0,1000,0.21339974994771183,925,0,0,0,0,0,0,0,0,0,1,0,0,0,0,0,35,0,0,0,0,0,0,0,0,0,0,0,0,0,0,5,34,0.43735015392303467,0.1277826428413391,0.6215661764144897,0.1456475555896759,0.008346
1205,49024.0,1174.0,50198.0,50198.0,0.9766126140483684,17.0,0.017,75.0,41524.0,40.0,35.0,12.0,5.0,25454.0,23570.0,268.25,355.0,105.3486328125,445.0,41524.0,415.23999999999944,100.0,1000,0,1000,0.21224774979054928,925,0,0,0,0,2,0,0,0,0,0,0,0,0,0,1,37,0,0,0,0,0,0,0,0,0,0,0,0,0,0,1,34,0.16821077466011047,0.02436104230582714,0.2898355722427368,0.12824825942516327,0.008327999999999999
1206,49381.0,1483.0,50864.0,50864.0,0.9708438188109468,19.0,0.019,74.0,41981.0,35.0,39.0,7.0,12.0,23074.0,26307.0,543.0625,596.0,256.9375,204.0,41981.0,419.8099999999996,100.0,1000,0,1000,0.2133273750077933,926,0,0,0,0,1,0,0,0,0,0,0,0,0,0,0,34,0,0,0,0,0,0,0,0,0,0,0,0,0,0,0,39,0.19325046241283417,0.06759960949420929,0.2536528706550598,0.14146675169467926,0.008309999999999998
1207,49594.0,671.0,50265.0,50265.0,0.9866507510195961,11.0,0.011,76.0,41994.0,39.0,37.0,6.0,5.0,25520.0,24074.0,549.0,216.0,179.4375,58.0,41994.0,419.9399999999999,100.0,1000,0,1000,0.2128584999591112,924,0,0,0,0,2,0,0,0,0,0,0,0,0,0,0,37,0,0,0,0,0,0,0,0,0,0,0,0,0,0,1,36,0.24549932777881622,0.11808748543262482,0.2570193111896515,0.1323942095041275,0.008291999999999997
1208,48338.0,1320.0,49658.0,49658.0,0.9734181803536187,11.0,0.011,73.0,41038.0,37.0,36.0,3.0,8.0,24475.0,23863.0,512.0,359.0,288.0,441.0,41038.0,410.3799999999998,100.0,1000,0,1000,0.21284033404663205,927,0,0,0,0,0,0,0,0,0,0,0,0,0,0,0,37,0,0,0,0,0,0,0,0,0,0,0,0,0,0,0,36,0.2744911313056946,0.04848279058933258,0.45406264066696167,0.12363862991333008,0.008274
1209,50148.0,1354.0,51502.0,51502.0,0.9737097588443168,16.0,0.016,77.0,42448.0,40.0,37.0,7.0,9.0,25698.0,24450.0,345.0,425.0,312.8125,375.0,42448.0,424.47999999999985,100.0,1000,0,1000,0.21250987495295703,923,0,0,0,0,1,0,0,0,0,0,0,0,0,0,0,39,0,0,0,0,0,0,0,0,0,0,0,0,0,0,0,37,0.5506395697593689,-0.01982896216213703,1.143687129020691,0.16654953360557556,0.008256
1210,48914.0,555.0,49469.0,49469.0,0.9887808526551982,9.0,0.009,75.0,41414.0,38.0,37.0,6.0,3.0,24790.0,24124.0,357.0,323.0,304.5625,71.0625,41414.0,414.14000000000044,100.0,1000,0,1000,0.2123767922166735,925,0,0,0,0,1,0,0,0,0,0,0,0,0,0,0,37,0,0,0,0,0,0,0,0,0,0,0,0,0,0,1,36,0.02028859406709671,-0.05718741565942764,0.15818949043750763,0.1964961737394333,0.008237999999999999
1211,49782.0,1149.0,50931.0,50931.0,0.9774400659716086,14.0,0.014,75.0,42282.0,36.0,39.0,8.0,6.0,23663.0,26119.0,669.0,345.859375,131.0,454.140625,42282.0,422.81999999999937,100.0,1000,0,1000,0.2138435421511531,925,0,0,0,0,0,0,0,0,0,0,0,0,0,0,0,36,0,0,0,0,0,0,0,0,0,0,0,0,0,0,2,37,0.07752297073602676,-0.09162057936191559,0.3405275046825409,0.136277973651886,0.008219999999999998
1212,50778.0,642.0,51420.0,51420.0,0.9875145857642941,10.0,0.01,77.0,43078.0,38.0,39.0,8.0,2.0,24862.0,25916.0,270.0,593.0,0.0,207.0,43078.0,430.7799999999995,100.0,1000,0,1000,0.21389937493950129,923,0,0,0,0,1,0,0,0,0,0,0,0,0,0,0,37,0,0,0,0,0,0,0,0,0,0,0,0,0,0,0,39,0.2586968243122101,0.06274648010730743,0.39439108967781067,0.15181584656238556,0.008201999999999997
1213,49885.0,457.0,50342.0,50342.0,0.9909220928846688,8.0,0.008,75.0,42385.0,39.0,36.0,2.0,6.0,25593.0,24292.0,402.0,174.0,47.375,626.0,42385.0,423.8500000000002,100.0,1000,0,1000,0.2130784171167761,925,0,0,0,0,0,0,0,0,0,0,0,0,0,0,1,38,0,0,0,0,0,0,0,0,0,0,0,0,0,0,0,36,0.06954513490200043,0.003188453847542405,0.13510793447494507,0.14629621803760529,0.008183999999999997
1214,49952.0,265.0,50217.0,50217.0,0.9947229026027042,4.0,0.004,77.0,42252.0,39.0,38.0,2.0,2.0,25810.0,24142.0,397.375,456.0,402.625,344.0,42252.0,422.5200000000003,100.0,1000,0,1000,0.21316904202103615,923,0,0,0,0,0,0,0,0,0,1,0,0,0,0,0,38,0,0,0,0,0,0,0,0,0,0,0,0,0,0,2,36,0.15043319761753082,-0.06311938911676407,0.42979276180267334,0.1645604521036148,0.008166
1215,48588.0,712.0,49300.0,49300.0,0.9855578093306288,12.0,0.012,74.0,41188.0,36.0,38.0,2.0,10.0,23988.0,24600.0,260.0625,710.83984375,539.9375,89.16015625,41188.0,411.8799999999993,100.0,1000,0,1000,0.2128240829333663,926,0,0,0,0,1,0,0,0,0,0,0,0,0,0,0,35,0,0,0,0,0,0,0,0,0,0,0,0,0,0,2,36,0.18331864476203918,0.060002442449331284,0.24924497306346893,0.16032001376152039,0.008147999999999999
1216,48462.0,1161.0,49623.0,49623.0,0.9766035910767185,14.0,0.014,73.0,41162.0,36.0,37.0,9.0,5.0,24654.0,23808.0,190.0,715.8125,0.0,84.1875,41162.0,411.6199999999998,100.0,1000,0,1000,0.21259883302263916,927,0,0,0,0,0,0,0,0,0,0,0,0,0,0,0,36,0,0,0,0,0,0,0,0,0,0,0,0,0,0,2,35,0.3925674855709076,0.07720329612493515,0.6330112814903259,0.14040060341358185,0.008129999999999998
1217,50235.0,1186.0,51421.0,51421.0,0.9769354932809553,11.0,0.011,78.0,42435.0,38.0,40.0,5.0,6.0,25726.0,24509.0,320.0,639.875,480.0,50.3203125,42435.0,424.349999999999,100.0,1000,0,1000,0.21232395782135427,922,0,0,1,0,0,0,0,0,0,0,0,0,0,0,0,37,0,1,0,0,0,0,0,0,0,0,0,0,0,0,3,36,0.1623692512512207,-0.10171140730381012,0.5312126278877258,0.1880742460489273,0.008112000000000001
1218,50136.0,810.0,50946.0,50946.0,0.9841008126251325,10.0,0.01,80.0,42136.0,35.0,45.0,5.0,5.0,23305.0,26831.0,352.0,680.6875,448.0,35.329345703125,42136.0,421.35999999999933,100.0,1000,0,1000,0.21315420791506767,920,0,0,0,0,0,0,0,0,0,0,0,0,0,0,0,35,0,0,0,0,0,0,0,0,0,0,0,0,0,0,7,38,0.21654151380062103,0.007940457202494144,0.4199386537075043,0.16904771327972412,0.008093999999999997
1219,49973.0,673.0,50646.0,50646.0,0.9867116850294199,7.0,0.007,90.0,40973.0,51.0,39.0,2.0,5.0,26056.0,23917.0,398.05598360300064,483.7939453125,265.3458545745816,171.63787841796875,40973.0,409.72999999999996,100.0,1000,0,1000,0.21286541689187288,910,0,0,14,0,0,0,0,0,0,0,0,0,0,0,0,37,0,0,0,0,0,0,1,0,0,0,0,0,0,0,3,35,0.5602675676345825,0.08195728808641434,0.9594285488128662,0.1738480180501938,0.008075999999999996
1220,50254.0,841.0,51095.0,51095.0,0.9835404638418632,11.0,0.011,83.0,41954.0,44.0,39.0,6.0,5.0,25099.0,25155.0,633.8203125,701.0,166.1796875,99.0,41954.0,419.5400000000001,100.0,1000,0,1000,0.2129952919203788,917,0,0,6,0,0,0,0,0,0,0,0,0,0,0,1,37,0,0,0,0,0,0,0,0,0,0,0,0,0,0,0,39,0.24272337555885315,0.09137804806232452,0.3051566481590271,0.1530146598815918,0.008058
1221,48290.0,530.0,48820.0,48820.0,0.9891437935272429,7.0,0.007,75.0,40790.0,39.0,36.0,5.0,2.0,24965.0,23325.0,492.0,618.0,308.0,182.0,40790.0,407.8999999999997,100.0,1000,0,1000,0.2147600839380175,925,0,0,2,0,0,0,0,0,0,0,0,0,0,0,0,37,0,0,0,0,0,0,0,0,0,0,0,0,0,0,0,36,0.2370149940252304,0.04521359130740166,0.38614213466644287,0.15791983902454376,0.008039999999999999
1222,48886.0,733.0,49619.0,49619.0,0.985227433039763,10.0,0.01,75.0,41386.0,38.0,37.0,7.0,3.0,24770.0,24116.0,215.0,484.0,0.0,316.0,41386.0,413.8600000000005,100.0,1000,0,1000,0.2143892920576036,925,0,0,0,0,0,0,0,0,0,0,0,0,0,0,0,38,0,0,0,0,0,0,0,0,0,0,0,0,0,0,0,37,0.234251469373703,0.020649503916502,0.4293580651283264,0.13426533341407776,0.008022000000000001
1223,48705.0,1448.0,50153.0,50153.0,0.9711283472573924,14.0,0.014,73.0,41405.0,36.0,37.0,9.0,5.0,24630.0,24075.0,282.0,542.0,518.0,258.0,41405.0,414.04999999999984,100.0,1000,0,1000,0.21295295795425773,927,0,0,0,0,0,0,0,0,0,0,0,0,0,0,0,36,0,0,0,0,0,0,0,0,0,0,0,0,0,0,0,37,0.3096866309642792,0.0148633923381567,0.5918510556221008,0.1377202868461609,0.008004
1224,49977.0,1001.0,50978.0,50978.0,0.9803640786221507,13.0,0.013,75.0,42477.0,39.0,36.0,9.0,4.0,25561.0,24416.0,182.0,294.0,333.5,506.0,42477.0,424.77000000000044,100.0,1000,0,1000,0.212569042108953,925,0,0,1,0,0,0,0,1,0,0,0,0,0,0,0,37,0,0,0,0,0,0,0,0,0,0,0,0,0,0,0,36,0.34034180641174316,0.06434951722621918,0.5539456009864807,0.12277770787477493,0.007986
1225,49255.0,835.0,50090.0,50090.0,0.9833300059892194,12.0,0.012,77.0,41555.0,40.0,37.0,5.0,7.0,24818.0,24437.0,517.0,554.0,283.0,246.0,41555.0,415.54999999999967,100.0,1000,0,1000,0.2122114161029458,923,0,0,1,0,0,0,0,0,0,0,0,0,0,0,0,39,0,0,0,0,0,0,0,0,0,0,0,0,0,0,0,37,0.29296576976776123,0.09749764204025269,0.39339157938957214,0.15407460927963257,0.007968
1226,47387.0,1308.0,48695.0,48695.0,0.9731389259677585,14.0,0.014,72.0,40187.0,38.0,34.0,7.0,7.0,23995.0,23392.0,705.0,271.0,95.0,529.0,40187.0,401.86999999999955,100.0,1000,0,1000,0.21479499991983175,928,0,0,0,0,2,0,0,0,0,0,0,0,0,0,0,36,0,0,0,0,0,0,0,0,0,0,0,0,0,0,0,34,0.3669707477092743,0.0969361811876297,0.5423336625099182,0.14242416620254517,0.007949999999999999
1227,49024.0,541.0,49565.0,49565.0,0.989085039846666,9.0,0.009,76.0,41424.0,38.0,38.0,3.0,6.0,24197.0,24827.0,518.0,735.0,282.0,65.0,41424.0,414.23999999999984,100.0,1000,0,1000,0.21252562501467764,924,0,0,1,0,0,0,0,0,0,0,0,0,0,0,0,37,0,0,0,0,0,0,0,0,0,0,0,0,0,0,0,38,0.1684626191854477,-0.059879954904317856,0.4594632089138031,0.1751173883676529,0.007931999999999998
1228,49961.0,444.0,50405.0,50405.0,0.9911913500644778,7.0,0.007,79.0,42061.0,41.0,38.0,3.0,4.0,25463.0,24498.0,239.0,800.0,0.0,0.0,42061.0,420.60999999999996,100.0,1000,0,1000,0.21265412494540215,921,0,0,1,0,2,0,0,0,0,0,0,0,0,0,0,38,0,0,0,0,0,0,0,0,0,0,0,0,0,0,0,38,0.21511682868003845,0.05273595452308655,0.3276703655719757,0.18376396596431732,0.007914000000000001
1229,48615.0,1574.0,50189.0,50189.0,0.9686385462950049,19.0,0.019,74.0,41215.0,37.0,37.0,7.0,12.0,23894.0,24721.0,579.453125,722.0,220.546875,78.0,41215.0,412.15000000000066,100.0,1000,0,1000,0.21194112510420382,926,0,0,1,0,0,0,0,0,0,1,0,0,0,0,0,35,0,0,0,0,0,0,0,0,0,0,0,0,0,0,0,37,0.2725686728954315,-0.01417702529579401,0.5759137868881226,0.15339232981204987,0.007896
1230,49815.0,629.0,50444.0,50444.0,0.9875307271429704,11.0,0.011,76.0,42215.0,39.0,37.0,4.0,7.0,24599.0,25216.0,728.0,260.0,72.0,540.0,42215.0,422.1499999999997,100.0,1000,0,1000,0.2127037919126451,924,0,1,0,0,0,0,0,0,0,0,0,0,0,0,0,38,0,0,0,0,0,0,0,0,0,0,0,0,0,0,0,37,0.04160543158650398,-0.11301735043525696,0.31140005588531494,0.13674117624759674,0.007878
1231,50620.0,842.0,51462.0,51462.0,0.9836384128094516,13.0,0.013,77.0,42920.0,41.0,36.0,5.0,8.0,25798.0,24822.0,506.0,242.0,294.0,558.0,42920.0,429.19999999999965,100.0,1000,0,1000,0.21309283399023116,923,0,0,2,0,0,0,0,0,0,0,0,0,1,0,0,38,0,0,0,0,0,0,0,0,0,0,0,0,0,0,0,36,0.15537676215171814,-0.02417524717748165,0.36178141832351685,0.17031890153884888,0.007859999999999999
1232,48701.0,512.0,49213.0,49213.0,0.9895962448946417,8.0,0.008,76.0,41101.0,38.0,38.0,4.0,4.0,24341.0,24360.0,194.0,308.0,340.875,79.5,41101.0,411.00999999999954,100.0,1000,0,1000,0.21287599997594953,924,0,0,0,0,0,0,1,0,0,0,0,0,0,0,0,37,0,0,0,0,0,0,0,0,0,0,0,0,0,0,1,37,0.227365180850029,0.06653603166341782,0.32401248812675476,0.15010134875774384,0.007841999999999998
1233,49943.0,510.0,50453.0,50453.0,0.989891582264682,7.0,0.007,73.0,42643.0,37.0,36.0,0.0,7.0,25183.0,24760.0,439.0,340.0,361.0,460.0,42643.0,426.4299999999997,100.0,1000,0,1000,0.21280412492342293,927,0,0,0,0,0,0,0,0,0,0,0,0,0,0,0,37,0,0,0,0,0,0,0,0,0,0,0,0,0,0,0,36,0.0342361181974411,-0.05113143473863602,0.17308837175369263,0.1503874957561493,0.007823999999999998
1234,48396.0,1582.0,49978.0,49978.0,0.9683460722717996,21.0,0.021,72.0,41196.0,37.0,35.0,12.0,9.0,25143.0,23253.0,394.0,588.0,329.875,212.0,41196.0,411.95999999999975,100.0,1000,0,1000,0.2128022089600563,928,0,0,1,0,0,0,0,0,0,0,0,0,0,0,0,36,0,0,0,0,0,0,0,0,0,0,0,0,0,0,0,35,0.2629861831665039,0.08390095829963684,0.3605414628982544,0.15186989307403564,0.0078060000000000004
1235,50761.0,424.0,51185.0,51185.0,0.9917163231415453,6.0,0.006,81.0,42661.0,42.0,39.0,2.0,4.0,25352.0,25409.0,278.0,585.0,81.10546875,215.0,42661.0,426.61000000000007,100.0,1000,0,1000,0.21301783411763608,919,0,0,3,0,0,0,0,0,0,0,0,0,1,0,0,38,0,0,0,0,0,0,0,0,0,0,0,0,0,0,0,39,0.05371100455522537,-0.10443402081727982,0.3184010088443756,0.1355261504650116,0.007788
1236,48920.0,1458.0,50378.0,50378.0,0.9710587955059748,15.0,0.015,73.0,41620.0,38.0,35.0,8.0,7.0,25612.0,23308.0,404.0,187.0,396.0,0.0,41620.0,416.2000000000002,100.0,1000,1,999,0.21243179100565612,927,0,0,0,0,0,0,0,0,0,0,0,0,0,0,0,38,0,0,0,0,0,0,0,0,0,0,0,0,0,0,0,35,0.1921553611755371,-0.04389241710305214,0.4746421277523041,0.1638733595609665,0.007769999999999999
1237,47556.0,722.0,48278.0,48278.0,0.9850449480094453,9.0,0.009,72.0,40356.0,35.0,37.0,4.0,5.0,23191.0,24365.0,447.0,578.0,353.0,222.0,40356.0,403.5599999999998,100.0,1000,0,1000,0.21286216704174876,928,0,0,0,0,0,0,0,0,0,0,0,0,0,0,0,35,0,0,0,0,0,0,0,0,0,0,0,0,0,0,0,37,0.1572287380695343,-0.08427969366312027,0.48511916399002075,0.1355990469455719,0.007752000000000002
1238,49179.0,1232.0,50411.0,50411.0,0.9755608894884054,14.0,0.014,76.0,41579.0,38.0,38.0,6.0,8.0,24812.0,24367.0,502.0,171.0,298.0,69.0,41579.0,415.79,100.0,1000,0,1000,0.21281908289529383,924,0,0,0,0,0,0,0,0,0,0,0,0,1,0,0,37,0,0,0,0,0,0,0,0,0,0,0,0,0,0,0,38,0.3232976794242859,0.03424530848860741,0.5804948210716248,0.1545165479183197,0.007733999999999998
1239,48646.0,900.0,49546.0,49546.0,0.9818350623662859,11.0,0.011,73.0,41346.0,36.0,37.0,6.0,5.0,23897.0,24749.0,269.0,348.0,531.0,452.0,41346.0,413.4599999999992,100.0,1000,0,1000,0.2134895829949528,927,0,0,0,0,0,0,0,0,0,0,0,0,0,0,0,36,0,0,0,0,0,0,0,0,0,0,0,0,0,0,1,36,0.15520425140857697,0.0036965361796319485,0.3051832914352417,0.1404780149459839,0.007715999999999997
1240,49758.0,583.0,50341.0,50341.0,0.9884189825390834,8.0,0.008,77.0,42058.0,38.0,39.0,4.0,4.0,24506.0,25252.0,352.0,671.52734375,448.0,128.47265625,42058.0,420.5799999999991,100.0,1000,0,1000,0.21281041693873703,923,0,1,0,0,0,0,0,0,0,0,0,0,0,0,0,37,0,0,0,0,0,0,0,0,0,0,0,0,0,0,2,37,0.16607609391212463,0.012130539864301682,0.3101425766944885,0.14623773097991943,0.007698
1241,50630.0,1569.0,52199.0,52199.0,0.9699419529109753,15.0,0.015,76.0,43030.0,37.0,39.0,3.0,12.0,24187.0,26443.0,557.0,645.0,243.0,155.0,43030.0,430.2999999999999,100.0,1000,0,1000,0.21188241709023714,924,0,0,1,0,0,0,0,0,0,0,0,0,0,0,0,36,0,0,0,0,0,0,0,0,0,0,0,0,0,0,0,39,0.40714433789253235,-0.02791755087673664,0.8727816343307495,0.1730368733406067,0.007679999999999999
1242,50425.0,251.0,50676.0,50676.0,0.9950469650327571,5.0,0.005,77.0,42725.0,41.0,36.0,3.0,2.0,26994.0,23431.0,255.0,308.0,545.0,492.0,42725.0,427.2499999999997,100.0,1000,0,1000,0.21278112498112023,923,0,0,0,0,0,0,0,0,0,0,0,0,0,0,0,41,0,0,0,0,0,0,0,0,0,0,0,0,0,0,1,35,0.09062386304140091,-0.0005269338143989444,0.18477700650691986,0.16153840720653534,0.007661999999999999
1243,48402.0,934.0,49336.0,49336.0,0.9810685908869791,14.0,0.014,78.0,40602.0,41.0,37.0,5.0,9.0,23880.0,24522.0,587.875,245.9375,212.125,0.0,40602.0,406.02000000000015,100.0,1000,0,1000,0.21664779214188457,922,0,0,4,0,1,0,0,0,0,0,0,0,0,0,0,36,0,0,0,0,0,0,0,0,0,0,0,0,0,0,1,36,0.2452944964170456,0.015390375629067421,0.4624834954738617,0.17499078810214996,0.0076440000000000015
1244,48552.0,287.0,48839.0,48839.0,0.9941235488032105,5.0,0.005,79.0,40652.0,42.0,37.0,3.0,2.0,24482.0,24070.0,653.0,740.0,147.0,60.0,40652.0,406.51999999999964,100.0,1000,0,1000,0.21245170896872878,921,0,0,3,0,0,0,0,0,0,0,0,0,0,0,0,39,0,0,0,0,0,0,0,0,0,0,0,0,0,0,0,37,0.2218688577413559,0.03494599461555481,0.3758455514907837,0.13111886382102966,0.007626000000000001
1245,48353.0,475.0,48828.0,48828.0,0.9902719750962562,6.0,0.006,78.0,40553.0,41.0,37.0,3.0,3.0,24125.0,24228.0,744.0,473.0,56.0,327.0,40553.0,405.53000000000003,100.0,1000,0,1000,0.21302050002850592,922,0,1,3,0,0,0,0,0,0,0,0,0,0,0,0,37,0,0,0,0,0,0,0,0,0,0,0,0,0,0,0,37,0.30624422430992126,0.0353819876909256,0.5439149141311646,0.14395259320735931,0.007607999999999997
1246,48924.0,359.0,49283.0,49283.0,0.9927155408558732,5.0,0.005,79.0,41024.0,43.0,36.0,1.0,4.0,24991.0,23933.0,615.0,188.0,71.421875,612.0,41024.0,410.23999999999995,100.0,1000,0,1000,0.2133682081475854,921,0,1,3,0,0,0,0,0,1,0,0,0,0,0,0,38,0,0,0,0,0,0,0,0,0,0,0,0,0,0,0,36,0.13718797266483307,-0.06163341552019119,0.40011945366859436,0.16315211355686188,0.0075899999999999995
1247,48872.0,533.0,49405.0,49405.0,0.9892116182572614,9.0,0.009,75.0,41372.0,38.0,37.0,5.0,4.0,24523.0,24349.0,230.875,614.0,179.0234375,186.0,41372.0,413.7199999999997,100.0,1000,0,1000,0.21483012498356402,925,0,0,0,0,0,0,0,0,0,0,0,0,2,0,0,36,0,0,0,0,0,0,0,0,0,0,0,0,0,0,0,37,0.08838863670825958,0.006276754662394524,0.16672931611537933,0.16544881463050842,0.007571999999999999
1248,49491.0,886.0,50377.0,50377.0,0.9824126089286778,13.0,0.013,76.0,41891.0,41.0,35.0,4.0,9.0,26050.0,23441.0,563.0,182.0,237.0,618.0,41891.0,418.90999999999894,100.0,1000,0,1000,0.21257825009524822,924,0,0,1,0,0,0,0,0,0,0,0,0,0,0,0,40,0,0,0,0,0,0,0,0,0,0,0,0,0,0,0,35,0.05158470198512077,-0.03865356743335724,0.1831696629524231,0.17825797200202942,0.007553999999999998
1249,49147.0,343.0,49490.0,49490.0,0.9930693069306931,5.0,0.005,75.0,41647.0,40.0,35.0,3.0,2.0,26062.0,23085.0,489.0,574.0,311.0,226.0,41647.0,416.47000000000014,100.0,1000,0,1000,0.21276687504723668,925,0,0,0,0,0,0,0,0,0,0,0,0,0,0,0,40,0,0,0,0,0,0,0,0,0,0,0,0,0,0,0,35,0.06270972639322281,-0.04068513587117195,0.20961791276931763,0.18764571845531464,0.007536000000000001
1250,47265.0,856.0,48121.0,48121.0,0.9822115084890173,10.0,0.01,74.0,39865.0,37.0,37.0,2.0,8.0,23129.0,24136.0,777.0,571.0,23.0,229.0,39865.0,398.65000000000043,100.0,1000,0,1000,0.2151791660580784,926,0,0,0,0,0,0,0,0,0,1,0,0,1,0,0,35,0,0,0,0,0,0,0,0,0,0,0,0,0,0,0,37,0.34392011165618896,0.0403781495988369,0.6092305183410645,0.14276254177093506,0.007518
1251,48470.0,778.0,49248.0,49248.0,0.9842024041585445,9.0,0.009,74.0,41070.0,38.0,36.0,5.0,4.0,24714.0,23756.0,311.0,291.0,489.0,509.0,41070.0,410.7000000000006,100.0,1000,0,1000,0.2127827920485288,926,0,0,0,0,0,0,0,0,0,0,0,0,0,0,0,38,0,0,0,0,0,0,0,0,0,0,0,0,0,0,0,36,0.22089233994483948,0.06234562024474144,0.3188917934894562,0.11989102512598038,0.0075
1252,49025.0,1010.0,50035.0,50035.0,0.9798141301089237,13.0,0.013,75.0,41525.0,36.0,39.0,9.0,4.0,23520.0,25505.0,298.0,613.0,502.0,187.0,41525.0,415.2499999999999,100.0,1000,0,1000,0.2126319999806583,925,0,0,0,0,1,0,0,0,0,0,0,0,0,0,0,35,0,0,0,0,0,0,0,0,0,0,0,0,0,0,0,39,0.17085511982440948,-0.040645912289619446,0.4252318739891052,0.14901240170001984,0.007481999999999999
1253,48840.0,377.0,49217.0,49217.0,0.9923400451063656,6.0,0.006,74.0,41440.0,36.0,38.0,2.0,4.0,24041.0,24799.0,508.0,173.0,292.0,41.0,41440.0,414.3999999999999,100.0,1000,0,1000,0.2135887499898672,926,0,0,0,0,0,0,0,0,0,0,0,0,0,0,0,36,0,0,0,0,0,0,0,0,0,0,0,0,0,0,0,38,0.07596911489963531,-0.03246720880270004,0.21917803585529327,0.15443357825279236,0.007463999999999998
1254,47319.0,1321.0,48640.0,48640.0,0.9728412828947368,13.0,0.013,73.0,40019.0,39.0,34.0,6.0,7.0,25005.0,22314.0,390.0,351.0625,153.75,448.9375,40019.0,400.18999999999994,100.0,1000,0,1000,0.21224004193209112,927,0,0,0,0,0,0,0,0,0,1,0,0,0,0,0,38,0,0,0,0,0,0,0,0,0,0,0,0,0,0,1,33,0.3299349248409271,-0.13766111433506012,0.9368832111358643,0.11356029659509659,0.007445999999999998
1255,48711.0,560.0,49271.0,49271.0,0.9886342879178421,10.0,0.01,73.0,41411.0,35.0,38.0,4.0,6.0,23135.0,25576.0,601.0,361.0,199.0,439.0,41411.0,414.10999999999956,100.0,1000,0,1000,0.2116433340124786,927,0,0,0,0,0,0,0,0,0,0,0,0,1,0,0,34,0,0,0,0,0,0,0,0,0,0,0,0,0,0,0,38,0.03791605308651924,-0.1099301278591156,0.2973536550998688,0.11182637512683868,0.007428000000000001
1256,48391.0,2251.0,50642.0,50642.0,0.9555507286442083,23.0,0.023,71.0,41291.0,39.0,32.0,13.0,10.0,26478.0,21913.0,602.0,418.0,198.0,382.0,41291.0,412.91000000000076,100.0,1000,0,1000,0.21255508298054338,929,0,1,0,0,0,0,0,0,0,0,0,0,0,0,0,38,0,0,0,0,0,0,0,0,0,0,0,0,0,0,0,32,0.400313138961792,-0.06603512912988663,0.935290515422821,0.17503215372562408,0.00741
1257,48372.0,741.0,49113.0,49113.0,0.9849123450003054,11.0,0.011,73.0,41072.0,38.0,35.0,6.0,5.0,24993.0,23379.0,590.0,345.0,210.0,455.0,41072.0,410.71999999999963,100.0,1000,0,1000,0.21237995801493526,927,0,0,0,0,0,0,0,0,0,0,0,0,0,0,0,38,0,0,0,0,0,0,0,0,0,0,0,0,0,0,0,35,0.07967942953109741,-0.03150864318013191,0.22485171258449554,0.1674487292766571,0.007391999999999999
1258,49047.0,592.0,49639.0,49639.0,0.9880738935111505,9.0,0.009,73.0,41747.0,36.0,37.0,6.0,3.0,24173.0,24874.0,256.1875,340.0,543.8125,460.0,41747.0,417.46999999999946,100.0,1000,0,1000,0.21326820808462799,927,0,0,0,0,0,0,0,0,0,0,0,0,1,0,0,35,0,0,0,0,0,0,0,0,0,0,0,0,0,0,0,37,0.08045697212219238,-0.011229602620005608,0.1854153573513031,0.13847365975379944,0.007373999999999999
1259,49329.0,742.0,50071.0,50071.0,0.985181042919055,13.0,0.013,74.0,41929.0,38.0,36.0,3.0,10.0,24380.0,24949.0,267.0,313.0,0.0,487.0,41929.0,419.2899999999993,100.0,1000,0,1000,0.212771083926782,926,0,0,0,0,0,0,0,0,0,0,0,0,0,0,0,38,0,0,0,0,0,0,0,0,0,0,0,0,0,0,0,36,0.035093069076538086,-0.04640964791178703,0.16537414491176605,0.16100545227527618,0.007355999999999998
1260,50268.0,557.0,50825.0,50825.0,0.9890408263649778,10.0,0.01,77.0,42568.0,36.0,41.0,4.0,6.0,24108.0,26160.0,729.0,637.3125,71.0,162.6875,42568.0,425.68,100.0,1000,0,1000,0.21222879202105105,923,0,0,0,0,0,0,0,0,0,0,0,0,0,0,0,36,0,0,2,0,0,0,0,0,0,0,0,0,0,0,1,38,0.07845091074705124,-0.04197506979107857,0.24308748543262482,0.15232498943805695,0.007337999999999997
1261,49658.0,343.0,50001.0,50001.0,0.993140137197256,5.0,0.005,77.0,41958.0,40.0,37.0,2.0,3.0,25023.0,24635.0,565.0,655.0,190.9375,145.0,41958.0,419.57999999999953,100.0,1000,0,1000,0.21281674993224442,923,0,0,2,0,0,0,0,0,0,0,0,0,0,0,0,38,0,0,1,0,0,0,0,0,0,0,0,0,0,0,0,36,0.10200519114732742,-0.025110939517617226,0.2562115490436554,0.13519704341888428,0.00732
1262,50425.0,584.0,51009.0,51009.0,0.9885510400125468,11.0,0.011,77.0,42725.0,40.0,37.0,1.0,10.0,24702.0,25723.0,615.0,461.0,185.0,339.0,42725.0,427.24999999999943,100.0,1000,0,1000,0.2125619591679424,923,0,0,1,0,0,0,0,0,0,0,0,0,0,0,0,39,0,0,0,0,0,0,0,0,0,0,0,0,0,0,0,37,0.11522801220417023,0.01998349465429783,0.19239141047000885,0.13026416301727295,0.0073019999999999995
1263,49554.0,933.0,50487.0,50487.0,0.9815199952463011,14.0,0.014,76.0,41954.0,38.0,38.0,0.0,14.0,23170.0,26384.0,565.5,669.0,234.5,131.0,41954.0,419.54,100.0,1000,0,1000,0.21317237499170005,924,0,0,0,0,1,0,0,0,0,0,0,0,0,0,0,37,0,0,0,0,0,0,0,0,0,0,0,0,0,0,0,38,0.09995656460523605,0.016403038054704666,0.1689826101064682,0.1287456750869751,0.007283999999999999
1264,49745.0,1002.0,50747.0,50747.0,0.9802549904427847,10.0,0.01,75.0,42245.0,40.0,35.0,4.0,6.0,25483.0,24262.0,583.0,606.0,217.0,194.0,42245.0,422.45000000000044,100.0,1000,0,1000,0.21282183309085667,925,0,0,1,0,0,0,0,0,0,0,0,0,0,0,0,39,0,0,0,0,0,0,0,0,0,0,0,0,0,0,0,35,0.367174357175827,0.020770199596881866,0.6947875022888184,0.13619376718997955,0.007266000000000002
1265,50247.0,1068.0,51315.0,51315.0,0.9791873721134171,17.0,0.017,74.0,42847.0,40.0,34.0,4.0,13.0,25838.0,24409.0,685.0,253.0,115.0,547.0,42847.0,428.46999999999997,100.0,1000,0,1000,0.2134362910874188,926,0,0,1,0,0,0,0,0,0,0,0,0,0,0,0,39,0,0,0,0,0,0,0,0,0,0,0,0,0,0,0,34,0.20275011658668518,0.02341596409678459,0.36106589436531067,0.16539780795574188,0.0072479999999999975
1266,48878.0,970.0,49848.0,49848.0,0.9805408441662654,14.0,0.014,73.0,41578.0,38.0,35.0,2.0,12.0,24696.0,24182.0,459.0,442.0,341.0,358.0,41578.0,415.78000000000014,100.0,1000,0,1000,0.21484862500801682,927,0,0,0,0,0,0,0,0,0,0,0,0,0,0,0,38,0,0,0,0,0,0,0,0,0,0,0,0,0,0,0,35,0.2201872020959854,0.06667717546224594,0.30881577730178833,0.12418565154075623,0.007229999999999997
1267,49154.0,445.0,49599.0,49599.0,0.9910280449202605,6.0,0.006,75.0,41654.0,40.0,35.0,2.0,4.0,25530.0,23624.0,346.375,370.0,453.625,430.0,41654.0,416.54000000000065,100.0,1000,0,1000,0.21248883404769003,925,0,0,0,0,0,0,0,0,0,1,0,0,0,0,0,39,0,0,1,0,0,0,0,0,0,0,0,0,0,0,0,34,0.09054823964834213,-0.048912886530160904,0.281029611825943,0.14610177278518677,0.007212
1268,48086.0,1021.0,49107.0,49107.0,0.9792086667888489,12.0,0.012,70.0,41086.0,37.0,33.0,5.0,7.0,25212.0,22874.0,392.0,602.0,408.0,198.0,41086.0,410.8599999999998,100.0,1000,0,1000,0.21446895808912814,930,0,0,0,0,0,0,0,0,0,0,0,0,0,0,0,37,0,0,0,0,0,0,0,0,0,0,0,0,0,0,0,33,0.2946397364139557,0.007354996167123318,0.5765765905380249,0.13949857652187347,0.007193999999999999
1269,47670.0,1244.0,48914.0,48914.0,0.9745676084556568,18.0,0.018,73.0,40370.0,36.0,37.0,7.0,11.0,23800.0,23870.0,488.0,202.0,312.0,0.0,40370.0,403.6999999999999,100.0,1000,0,1000,0.2121712078806013,927,0,0,0,0,0,0,0,0,0,0,0,0,0,0,0,36,0,0,2,0,0,0,0,0,0,0,0,0,0,0,0,35,0.20645670592784882,0.0075469184666872025,0.3993791937828064,0.10866819322109222,0.007175999999999998
1270,48454.0,451.0,48905.0,48905.0,0.9907780390553114,8.0,0.008,78.0,40654.0,40.0,38.0,3.0,5.0,24335.0,24119.0,609.0625,409.6796875,190.9375,390.3203125,40654.0,406.54000000000065,100.0,1000,0,1000,0.21304466691799462,922,0,2,2,0,0,0,0,0,0,0,0,0,0,0,0,36,0,0,4,0,0,0,0,0,0,0,0,0,0,0,0,34,0.14947551488876343,0.024989498779177666,0.251060426235199,0.14587827026844025,0.007158000000000001
1271,50307.0,628.0,50935.0,50935.0,0.9876705605183076,10.0,0.01,78.0,42507.0,39.0,39.0,4.0,6.0,24945.0,25362.0,262.0,364.0,479.5,354.25,42507.0,425.07000000000005,100.0,1000,0,1000,0.21194079192355275,922,0,1,0,0,0,0,0,0,0,0,0,0,0,0,0,38,0,0,2,0,0,0,0,0,0,0,0,0,0,0,0,37,0.16470211744308472,0.004534436855465174,0.3223320543766022,0.13982397317886353,0.0071400000000000005
1272,49482.0,771.0,50253.0,50253.0,0.9846576323801564,14.0,0.014,72.0,42282.0,36.0,36.0,6.0,8.0,24760.0,24722.0,291.0,741.0,509.0,59.0,42282.0,422.8199999999996,100.0,1000,0,1000,0.21263954183086753,928,0,0,0,0,0,0,0,0,0,0,0,0,0,0,0,36,0,0,0,0,0,0,0,0,0,0,0,0,0,0,0,36,0.036762792617082596,-0.052839744836091995,0.18109150230884552,0.13243655860424042,0.007121999999999996
1273,48074.0,1962.0,50036.0,50036.0,0.9607882324726197,27.0,0.027,70.0,41074.0,35.0,35.0,10.0,17.0,23927.0,24147.0,600.0,643.0,200.0,157.0,41074.0,410.73999999999916,100.0,1000,0,1000,0.21258454211056232,930,0,0,0,0,0,0,0,0,0,0,0,0,0,0,0,35,0,0,1,0,0,0,0,0,0,0,0,0,0,0,0,34,0.15081322193145752,-0.016344182193279266,0.3366343080997467,0.16325363516807556,0.007103999999999999
1274,49521.0,987.0,50508.0,50508.0,0.9804585412211927,18.0,0.018,74.0,42121.0,35.0,39.0,8.0,10.0,24096.0,25425.0,173.0,603.875,235.125,196.125,42121.0,421.2099999999998,100.0,1000,0,1000,0.21272179181687534,926,0,0,0,0,0,0,0,0,0,1,0,0,0,0,0,34,0,0,3,0,0,0,0,0,0,0,0,0,0,0,0,36,0.06020614132285118,-0.02231518179178238,0.16685163974761963,0.12764586508274078,0.0070859999999999985
1275,49092.0,1258.0,50350.0,50350.0,0.9750148957298908,21.0,0.021,69.0,42192.0,35.0,34.0,6.0,15.0,24661.0,24431.0,267.0,421.0,533.0,379.0,42192.0,421.9199999999996,100.0,1000,0,1000,0.2126420410349965,931,0,0,0,0,0,0,0,0,0,0,0,0,0,0,0,35,0,0,0,0,0,0,0,0,0,0,0,0,0,0,0,34,0.020957088097929955,-0.04418599605560303,0.1321662962436676,0.13300272822380066,0.007067999999999998
1276,47972.0,1027.0,48999.0,48999.0,0.9790403885793587,16.0,0.016,70.0,40972.0,37.0,33.0,8.0,8.0,24799.0,23173.0,479.0,425.0,321.0,375.0,40972.0,409.7199999999995,100.0,1000,0,1000,0.2122843749821186,930,0,1,1,0,0,0,0,0,0,0,0,0,0,0,0,35,0,0,0,0,0,0,0,0,0,0,0,0,0,0,0,33,0.00703382957726717,-0.08651930838823318,0.18924358487129211,0.15158215165138245,0.007050000000000001
1277,48212.0,1476.0,49688.0,49688.0,0.9702946385445178,24.0,0.024,68.0,41412.0,34.0,34.0,12.0,12.0,24138.0,24074.0,416.0,354.0,384.0,446.0,41412.0,414.12000000000023,100.0,1000,0,1000,0.21242933394387364,932,0,0,0,0,0,0,0,0,0,0,0,0,0,0,0,34,0,0,0,0,0,0,0,0,0,0,0,0,0,0,0,34,0.16929304599761963,0.03981141000986099,0.2607886493206024,0.12979155778884888,0.007032
1278,48662.0,1209.0,49871.0,49871.0,0.9757574542319184,21.0,0.021,69.0,41762.0,34.0,35.0,8.0,13.0,23489.0,25173.0,378.0,391.0,372.5,409.0,41762.0,417.6199999999999,100.0,1000,0,1000,0.2151811250951141,931,0,1,0,0,0,0,0,0,0,0,0,0,0,0,0,33,0,0,0,0,0,0,0,0,0,0,0,0,0,0,0,35,0.07146608084440231,-0.061369623988866806,0.2676416039466858,0.1404462307691574,0.007013999999999999
1279,48571.0,2541.0,51112.0,51112.0,0.9502856472061355,22.0,0.022,71.0,41471.0,37.0,34.0,13.0,9.0,24590.0,23981.0,757.0,410.0,43.0,390.0,41471.0,414.7100000000009,100.0,1000,0,1000,0.21199574996717274,929,0,0,0,0,0,0,0,0,0,0,0,0,0,0,0,37,0,0,0,0,0,0,0,0,0,0,0,0,0,0,0,34,0.30522680282592773,-0.04158969968557358,0.6955060362815857,0.13386541604995728,0.006995999999999999
1280,49087.0,1543.0,50630.0,50630.0,0.9695239976298637,18.0,0.018,71.0,41987.0,36.0,35.0,7.0,11.0,24606.0,24481.0,746.0,706.0,54.0,94.0,41987.0,419.86999999999995,100.0,1000,0,1000,0.21284991689026356,929,0,0,0,0,0,0,0,0,0,0,0,0,0,0,0,36,0,0,0,0,0,0,0,0,0,0,0,0,0,0,0,35,0.2721909284591675,0.022549424320459366,0.5013431906700134,0.14761970937252045,0.006977999999999998
1281,49044.0,2373.0,51417.0,51417.0,0.9538479491218858,21.0,0.021,72.0,41844.0,40.0,32.0,8.0,13.0,26849.0,22195.0,762.0,187.0,38.0,0.0,41844.0,418.4399999999998,100.0,1000,0,1000,0.2157032499089837,928,0,0,0,0,0,0,0,0,0,0,0,0,1,0,0,39,0,0,0,0,0,0,0,0,0,0,0,0,0,0,0,32,0.5193750858306885,0.03035244531929493,0.9801888465881348,0.15399619936943054,0.0069599999999999974
1282,47419.0,1014.0,48433.0,48433.0,0.9790638614168026,17.0,0.017,70.0,40419.0,33.0,37.0,5.0,12.0,22633.0,24786.0,326.0,664.0,474.0,136.0,40419.0,404.18999999999926,100.0,1000,0,1000,0.21239908295683563,930,0,0,0,0,0,0,0,0,0,0,0,0,0,0,0,33,0,0,1,0,0,0,0,0,0,0,0,0,0,0,0,36,0.03231256455183029,-0.058974314481019974,0.1842930167913437,0.1238303855061531,0.006942
1283,47655.0,2026.0,49681.0,49681.0,0.9592198224673416,18.0,0.018,69.0,40755.0,34.0,35.0,7.0,11.0,23268.0,24387.0,628.0,473.0,172.0,327.0,40755.0,407.55000000000075,100.0,1000,0,1000,0.2126014579553157,931,0,0,0,0,0,0,0,0,0,0,0,0,0,0,0,34,0,0,0,0,0,0,0,0,0,0,0,0,0,0,0,35,0.2899673283100128,0.029927829280495644,0.5217422246932983,0.12010648101568222,0.006924
1284,48802.0,1868.0,50670.0,50670.0,0.9631340043418196,22.0,0.022,69.0,41902.0,35.0,34.0,13.0,9.0,24822.0,23980.0,426.0,512.625,374.0,287.375,41902.0,419.0200000000001,100.0,1000,0,1000,0.21180874994024634,931,0,0,0,0,0,0,0,0,0,0,0,0,0,0,0,35,0,0,0,0,0,0,0,0,0,0,0,0,0,0,1,33,0.3101562559604645,-0.049772121012210846,0.7214708924293518,0.11686709523200989,0.006905999999999999
1285,47184.0,2031.0,49215.0,49215.0,0.958732093873819,21.0,0.021,68.0,40384.0,36.0,32.0,8.0,13.0,24469.0,22715.0,486.0,560.0,314.0,240.0,40384.0,403.84000000000015,100.0,1000,0,1000,0.21261479193344712,932,0,0,0,0,0,0,0,0,0,0,0,0,0,0,0,36,0,0,0,0,0,0,0,0,0,0,0,0,0,0,0,32,0.5167697072029114,0.10400804877281189,0.8273527026176453,0.13279803097248077,0.006887999999999998
1286,49249.0,1705.0,50954.0,50954.0,0.9665384464418888,23.0,0.023,71.0,42149.0,38.0,33.0,9.0,14.0,25805.0,23444.0,318.0,129.0,482.0,0.0,42149.0,421.48999999999995,100.0,1000,0,1000,0.2123882919549942,929,0,0,0,0,0,0,0,0,0,0,0,0,0,0,0,38,0,0,0,0,0,0,0,0,0,0,0,0,0,0,0,33,0.24109886586666107,0.05174475535750389,0.38080334663391113,0.15248510241508484,0.006869999999999998
1287,48826.0,644.0,49470.0,49470.0,0.9869820092985648,10.0,0.01,72.0,41626.0,36.0,36.0,4.0,6.0,24521.0,24305.0,356.0,600.0,444.0,200.0,41626.0,416.2599999999996,100.0,1000,0,1000,0.2127961670048535,928,0,0,0,0,0,0,0,0,0,0,0,0,0,0,0,36,0,0,1,0,0,0,0,0,0,0,0,0,0,0,0,35,0.24894016981124878,0.03451654687523842,0.4305509924888611,0.1243235170841217,0.0068520000000000005
1288,47286.0,1492.0,48778.0,48778.0,0.9694124400344417,16.0,0.016,71.0,40186.0,37.0,34.0,9.0,7.0,24643.0,22643.0,324.625,450.0,475.375,350.0,40186.0,401.85999999999996,100.0,1000,0,1000,0.2136013328563422,929,0,1,0,0,0,0,0,0,0,0,0,0,0,0,0,36,0,0,1,0,0,0,0,0,0,0,0,0,0,0,0,33,0.3104307949542999,0.02334880456328392,0.5759820342063904,0.13301454484462738,0.006834
1289,48710.0,671.0,49381.0,49381.0,0.9864117778092789,10.0,0.01,73.0,41410.0,38.0,35.0,2.0,8.0,24952.0,23758.0,217.0,316.0,0.0,403.375,41410.0,414.10000000000025,100.0,1000,0,1000,0.2126894157845527,927,0,0,0,0,0,0,0,0,0,0,0,0,0,0,0,38,0,0,1,0,0,0,0,0,0,0,0,0,0,0,0,34,0.20833347737789154,0.0924246609210968,0.23407258093357086,0.1654142290353775,0.006815999999999999
1290,49244.0,810.0,50054.0,50054.0,0.9838174771247054,13.0,0.013,73.0,41944.0,37.0,36.0,4.0,9.0,24225.0,25019.0,455.0,635.0,345.0,165.0,41944.0,419.4400000000001,100.0,1000,0,1000,0.2128203751053661,927,0,0,0,0,0,0,0,0,0,0,0,0,0,0,0,37,0,0,0,0,0,0,0,0,0,0,0,0,0,0,0,36,0.15474754571914673,0.05265526846051216,0.20595920085906982,0.13052669167518616,0.006798000000000002
1291,49269.0,1400.0,50669.0,50669.0,0.9723696935009571,21.0,0.021,73.0,41969.0,39.0,34.0,2.0,19.0,25375.0,23894.0,373.0,90.0,427.0,451.875,41969.0,419.6899999999992,100.0,1000,0,1000,0.2118127909488976,927,0,0,0,0,0,0,0,0,0,0,0,0,0,0,0,39,0,0,0,0,0,0,1,0,0,0,0,0,0,0,0,33,0.12885750830173492,-0.014754490926861763,0.28905805945396423,0.13525521755218506,0.006779999999999998
1292,48867.0,724.0,49591.0,49591.0,0.9854005767175495,11.0,0.011,74.0,41467.0,38.0,36.0,4.0,7.0,24401.0,24466.0,551.0,682.0,249.0,118.0,41467.0,414.67000000000013,100.0,1000,0,1000,0.21294225007295609,926,0,0,0,0,0,0,0,0,0,0,0,0,0,0,0,38,0,0,0,0,0,0,0,0,0,0,0,0,0,0,0,36,0.06274053454399109,-0.04715820774435997,0.2216971516609192,0.1404660940170288,0.006761999999999997
1293,49504.0,565.0,50069.0,50069.0,0.9887155725099362,10.0,0.01,73.0,42204.0,38.0,35.0,4.0,6.0,25133.0,24371.0,296.0,337.0,504.0,463.0,42204.0,422.0400000000004,100.0,1000,0,1000,0.2129537919536233,927,0,0,0,0,0,0,0,0,0,0,0,0,0,0,0,38,0,0,0,0,0,0,0,0,0,0,0,0,0,0,0,35,0.13621769845485687,0.010089232586324215,0.2542606592178345,0.1485564112663269,0.006744
1294,47453.0,1050.0,48503.0,48503.0,0.9783518545244624,9.0,0.009,74.0,40053.0,38.0,36.0,4.0,5.0,24755.0,22698.0,729.0,106.0,71.0,0.0,40053.0,400.5299999999999,100.0,1000,0,1000,0.21249449998140335,926,0,0,0,0,0,0,0,0,0,0,0,0,0,0,0,38,0,0,0,0,0,0,0,0,0,0,0,0,0,0,0,36,0.08392556011676788,-0.10505244880914688,0.3796927034854889,0.12910199165344238,0.006725999999999999
1295,48820.0,1037.0,49857.0,49857.0,0.97920051346852,13.0,0.013,72.0,41620.0,36.0,36.0,3.0,10.0,24143.0,24677.0,437.0,360.0,363.0,440.0,41620.0,416.20000000000067,100.0,1000,0,1000,0.2123235419858247,928,0,0,0,0,0,0,0,0,0,0,0,0,0,0,0,36,0,0,0,0,0,0,0,0,0,0,0,0,0,0,0,36,0.21153731644153595,-0.010090217925608158,0.4454437792301178,0.16314096748828888,0.006707999999999999
1296,48480.0,1474.0,49954.0,49954.0,0.9704928534251511,15.0,0.015,73.0,41180.0,39.0,34.0,5.0,10.0,25019.0,23461.0,751.0,325.0,49.0,475.0,41180.0,411.8000000000006,100.0,1000,0,1000,0.21233274997211993,927,0,0,0,0,0,0,0,0,0,0,0,0,0,0,0,39,0,0,0,0,0,0,0,0,0,0,0,0,0,0,0,34,0.19431717693805695,-0.03400183469057083,0.458258718252182,0.12112708389759064,0.0066900000000000015
1297,50216.0,1009.0,51225.0,51225.0,0.9803025866276233,12.0,0.012,74.0,42816.0,37.0,37.0,7.0,5.0,24703.0,25513.0,286.0,593.0,514.0,207.0,42816.0,428.1599999999998,100.0,1000,0,1000,0.21262004203163087,926,0,0,0,0,0,0,0,0,0,0,0,0,0,0,0,37,0,0,0,0,0,0,0,0,0,0,0,0,0,0,0,37,0.2637382745742798,-0.12160184979438782,0.772582471370697,0.14255252480506897,0.006672000000000001
1298,47707.0,1229.0,48936.0,48936.0,0.9748855648193558,19.0,0.019,71.0,40607.0,37.0,34.0,8.0,11.0,24711.0,22996.0,495.0,106.0,305.0,0.0,40607.0,406.07000000000033,100.0,1000,0,1000,0.2130652500782162,929,0,0,0,0,0,0,0,0,0,0,0,0,0,0,0,37,0,0,0,0,0,0,0,0,0,0,0,0,0,0,0,34,0.22268930077552795,-0.03833042457699776,0.5235651731491089,0.11464866995811462,0.006653999999999997
1299,46977.0,1028.0,48005.0,48005.0,0.9785855640037496,10.0,0.01,71.0,39877.0,37.0,34.0,6.0,4.0,24658.0,22319.0,503.0,359.0,297.0,441.0,39877.0,398.77000000000027,100.0,1000,0,1000,0.21193387499079108,929,0,0,0,0,0,0,0,0,0,0,0,0,0,0,0,37,0,0,0,0,0,0,0,0,0,0,0,0,0,0,0,34,0.1736123114824295,-0.09475768357515335,0.5386813282966614,0.14627446234226227,0.0066359999999999995
1300,49456.0,272.0,49728.0,49728.0,0.9945302445302445,5.0,0.005,77.0,41756.0,37.0,40.0,0.0,5.0,23259.0,26197.0,392.375,49.0,407.625,35.0,41756.0,417.5599999999997,100.0,1000,0,1000,0.2125262499321252,923,0,0,0,0,1,0,0,0,0,0,0,0,0,0,0,36,0,0,0,0,0,0,0,0,0,0,0,0,0,0,0,40,0.21063879132270813,0.09909185767173767,0.2245589792728424,0.1106923297047615,0.006617999999999999
1301,49583.0,386.0,49969.0,49969.0,0.992275210630591,7.0,0.007,75.0,42083.0,37.0,38.0,2.0,5.0,24009.0,25574.0,511.0,285.0,289.0,515.0,42083.0,420.82999999999964,100.0,1000,0,1000,0.2126892500091344,925,0,0,0,0,0,0,0,0,0,0,0,0,0,0,0,37,0,0,0,0,0,0,0,0,0,0,0,0,0,0,0,38,0.11228372901678085,0.03394153714179993,0.158407524228096,0.1305409073829651,0.006599999999999998
1302,49069.0,1340.0,50409.0,50409.0,0.9734174452974668,14.0,0.014,75.0,41569.0,34.0,41.0,8.0,6.0,22830.0,26239.0,276.0,625.0,524.0,175.0,41569.0,415.6900000000004,100.0,1000,0,1000,0.2125625000335276,925,0,0,0,0,0,0,0,0,0,0,0,0,0,0,0,34,0,0,0,0,0,0,0,0,0,0,0,0,0,0,0,41,0.2770923376083374,-0.03936469182372093,0.634400486946106,0.11291375756263733,0.006582000000000001
1303,50705.0,1267.0,51972.0,51972.0,0.9756214884938044,16.0,0.016,75.0,43205.0,36.0,39.0,7.0,9.0,24337.0,26368.0,523.0,345.0,277.0,455.0,43205.0,432.0499999999995,100.0,1000,0,1000,0.21209904178977013,925,0,0,0,0,0,0,0,0,0,0,0,0,0,0,0,36,0,0,0,0,0,0,0,0,0,0,0,0,0,0,0,39,0.3507523834705353,0.10635815560817719,0.4906737208366394,0.14360401034355164,0.006564
1304,49128.0,735.0,49863.0,49863.0,0.985259611335058,14.0,0.014,75.0,41628.0,36.0,39.0,4.0,10.0,23790.0,25338.0,254.0,238.625,136.5,73.0,41628.0,416.28000000000054,100.0,1000,0,1000,0.21238512499257922,925,0,0,0,0,0,0,0,0,0,0,0,1,0,0,0,35,0,0,1,0,0,0,0,0,0,0,0,0,0,0,0,38,0.07164262235164642,-0.004497532267123461,0.15422093868255615,0.1482299119234085,0.006546
1305,49015.0,233.0,49248.0,49248.0,0.9952688434048084,5.0,0.005,73.0,41715.0,37.0,36.0,2.0,3.0,24712.0,24303.0,520.0,253.0,280.0,547.0,41715.0,417.1499999999993,100.0,1000,0,1000,0.21221908298321068,927,0,0,0,0,0,0,0,0,0,0,0,1,0,0,0,36,0,0,0,0,0,0,0,0,0,0,0,0,0,0,0,36,0.18013621866703033,-0.03567979484796524,0.43339431285858154,0.13497963547706604,0.006527999999999999
1306,50478.0,503.0,50981.0,50981.0,0.990133579176556,7.0,0.007,77.0,42778.0,39.0,38.0,6.0,1.0,26074.0,24404.0,443.0,465.0,357.0,335.0,42778.0,427.77999999999963,100.0,1000,0,1000,0.21271779108792543,923,0,0,0,0,0,0,0,0,0,0,0,0,0,0,0,39,0,0,0,0,0,0,0,0,0,0,0,0,0,0,0,38,0.2030876874923706,-0.040663957595825195,0.48911890387535095,0.12408685684204102,0.006509999999999998
1307,48116.0,580.0,48696.0,48696.0,0.9880893707902086,8.0,0.008,73.0,40816.0,32.0,41.0,4.0,4.0,22070.0,26046.0,264.0,665.0,536.0,135.0,40816.0,408.1600000000006,100.0,1000,0,1000,0.2116066669113934,927,0,0,0,0,0,0,0,0,0,0,0,0,0,0,0,32,0,0,0,0,0,0,0,0,0,0,0,0,0,0,0,41,0.14559228718280792,-0.0258200541138649,0.34457576274871826,0.1348646581172943,0.006491999999999998
1308,48859.0,292.0,49151.0,49151.0,0.9940591239242335,5.0,0.005,74.0,41459.0,33.0,41.0,2.0,3.0,22321.0,26538.0,254.0,742.0,546.0,58.0,41459.0,414.5899999999995,100.0,1000,0,1000,0.21353420801460743,926,0,0,0,0,0,0,0,0,0,0,0,0,0,0,0,33,0,0,0,0,0,0,0,0,0,0,0,0,0,0,0,41,0.18085291981697083,0.10751383006572723,0.1485830694437027,0.14711865782737732,0.006474000000000001
1309,46541.0,724.0,47265.0,47265.0,0.984682111498995,7.0,0.007,70.0,39541.0,34.0,36.0,4.0,3.0,22423.0,24118.0,531.0,94.0,269.0,706.0,39541.0,395.41000000000037,100.0,1000,0,1000,0.21196545800194144,930,0,0,0,0,0,0,0,0,0,0,0,0,0,0,0,34,0,0,0,0,0,0,0,0,0,0,0,0,0,0,0,36,0.26536571979522705,-0.024910684674978256,0.582179605960846,0.12598952651023865,0.006456
1310,49094.0,680.0,49774.0,49774.0,0.98633824888496,11.0,0.011,76.0,41494.0,37.0,39.0,5.0,6.0,24058.0,25036.0,411.0,689.0,389.0,111.0,41494.0,414.9399999999992,100.0,1000,0,1000,0.21305625000968575,924,0,0,0,0,0,0,0,0,0,0,0,1,0,0,0,36,0,0,0,0,0,0,0,0,0,0,0,0,0,0,0,39,0.031975675374269485,-0.06601785123348236,0.1976967751979828,0.1327837109565735,0.006437999999999999
1311,49006.0,336.0,49342.0,49342.0,0.9931903854728223,5.0,0.005,76.0,41406.0,40.0,36.0,2.0,3.0,25418.0,23588.0,663.0,387.0,111.3125,413.0,41406.0,414.06,100.0,1000,0,1000,0.21250654198229313,924,0,0,1,0,0,0,0,0,0,0,0,0,0,0,0,39,0,0,0,0,0,0,0,0,0,0,0,0,0,0,0,36,0.18987977504730225,0.05702356621623039,0.267751008272171,0.15876910090446472,0.006419999999999999
1312,49179.0,735.0,49914.0,49914.0,0.985274672436591,10.0,0.01,75.0,41679.0,40.0,35.0,5.0,5.0,25460.0,23719.0,727.0,315.0,73.0,485.0,41679.0,416.78999999999974,100.0,1000,0,1000,0.2132227080874145,925,0,0,1,0,0,0,0,0,0,0,0,0,0,0,0,39,0,0,0,0,0,0,0,0,0,0,0,0,0,0,0,35,0.03543073683977127,-0.08518724888563156,0.242909237742424,0.13068333268165588,0.006401999999999998
1313,48459.0,1095.0,49554.0,49554.0,0.9779028938128103,14.0,0.014,71.0,41359.0,35.0,36.0,6.0,8.0,23519.0,24940.0,584.125,267.0,215.875,533.0,41359.0,413.5899999999995,100.0,1000,0,1000,0.21580637502484024,929,0,0,0,0,0,0,0,0,0,0,0,0,1,0,0,34,0,0,0,0,0,0,0,0,0,0,0,0,0,0,0,36,0.21995581686496735,0.10830286145210266,0.22546353936195374,0.16898810863494873,0.006383999999999997
1314,47500.0,1111.0,48611.0,48611.0,0.97714509061735,14.0,0.014,71.0,40400.0,36.0,35.0,3.0,11.0,23450.0,24050.0,143.0,530.0,15.0,270.0,40400.0,403.99999999999966,100.0,1000,0,1000,0.21305708307772875,929,0,0,0,0,0,0,0,0,0,0,0,0,0,0,0,36,0,0,0,0,0,0,0,0,0,0,0,0,0,0,0,35,0.15558727085590363,-0.05543213337659836,0.42386114597320557,0.1431289166212082,0.006366
1315,49753.0,1203.0,50956.0,50956.0,0.9763913964989402,15.0,0.015,77.0,42053.0,39.0,38.0,8.0,7.0,24951.0,24802.0,368.0,711.0,432.0,89.0,42053.0,420.5300000000006,100.0,1000,0,1000,0.21251449990086257,923,0,0,0,0,1,0,0,0,0,0,3,1,0,0,0,34,0,0,1,0,0,0,0,0,0,0,0,0,0,0,0,37,0.25819316506385803,0.022191790863871574,0.4738563001155853,0.1459951549768448,0.0063479999999999995
1316,47947.0,1997.0,49944.0,49944.0,0.9600152170430882,17.0,0.017,73.0,40647.0,36.0,37.0,9.0,8.0,23872.0,24075.0,521.0,665.0,279.0,135.0,40647.0,406.47000000000014,100.0,1000,0,1000,0.21291679213754833,927,0,0,0,0,0,0,0,0,0,0,1,0,0,0,0,35,0,0,0,0,0,0,0,0,0,0,0,0,0,0,0,37,0.2590106725692749,-0.064341239631176,0.6483184695243835,0.1275380551815033,0.006329999999999999
1317,47802.0,1637.0,49439.0,49439.0,0.9668884888448391,13.0,0.013,72.0,40602.0,37.0,35.0,6.0,7.0,24534.0,23268.0,418.48046875,410.0,381.51953125,390.0,40602.0,406.02000000000044,100.0,1000,0,1000,0.2126334998756647,928,0,0,0,0,0,0,0,0,0,0,2,0,0,0,0,35,0,0,0,0,0,0,0,0,0,0,0,0,0,0,0,35,0.23346355557441711,0.06997154653072357,0.3288174271583557,0.14523234963417053,0.006312000000000002
1318,49345.0,1068.0,50413.0,50413.0,0.9788149881974887,10.0,0.01,76.0,41745.0,36.0,40.0,6.0,4.0,23346.0,25999.0,477.5625,649.0,322.4375,151.0,41745.0,417.4499999999999,100.0,1000,0,1000,0.21211754204705358,924,0,0,0,0,0,0,0,0,0,0,2,1,0,0,0,33,0,0,0,0,0,0,0,0,0,0,0,0,0,0,0,40,0.4530278444290161,0.030339404940605164,0.8470604419708252,0.13374492526054382,0.0062939999999999975
1319,49151.0,658.0,49809.0,49809.0,0.9867895360276255,9.0,0.009,75.0,41651.0,34.0,41.0,5.0,4.0,22505.0,26646.0,313.0,774.0,142.75,26.0,41651.0,416.5099999999989,100.0,1000,0,1000,0.2121763329487294,925,0,0,0,0,0,0,0,0,0,0,0,1,0,0,0,33,0,0,0,0,0,0,0,0,0,0,0,0,0,0,0,41,0.17713558673858643,-0.05222345516085625,0.4608558118343353,0.17030800879001617,0.006275999999999997
1320,48354.0,1989.0,50343.0,50343.0,0.960491031523747,16.0,0.016,74.0,40954.0,37.0,37.0,7.0,9.0,23904.0,24450.0,733.3125,175.0,66.6875,0.0,40954.0,409.53999999999974,100.0,1000,0,1000,0.2117139999754727,926,0,0,0,0,0,0,0,0,0,0,2,0,0,0,0,35,0,0,0,0,0,0,0,0,0,0,0,0,0,0,0,37,0.28619712591171265,-0.007029212545603514,0.5882971286773682,0.14736944437026978,0.006258
1321,49370.0,1240.0,50610.0,50610.0,0.9754989132582493,11.0,0.011,76.0,41770.0,38.0,38.0,4.0,7.0,24365.0,25005.0,580.3125,513.0,219.6875,287.0,41770.0,417.6999999999994,100.0,1000,0,1000,0.21225550002418458,924,0,0,0,0,0,0,0,0,0,0,1,0,0,0,0,37,0,0,0,0,0,0,0,0,0,0,0,0,0,0,0,38,0.3871368169784546,0.024980321526527405,0.7261544466018677,0.14755189418792725,0.006239999999999999
1322,48874.0,191.0,49065.0,49065.0,0.9961072047284215,3.0,0.003,79.0,40974.0,41.0,38.0,1.0,2.0,24146.0,24728.0,655.0,277.0,77.625,523.0,40974.0,409.7399999999997,100.0,1000,0,1000,0.21357779181562364,921,0,0,0,0,0,0,0,0,0,0,3,3,0,0,0,35,0,0,0,0,0,0,0,0,0,0,0,0,0,0,0,38,0.1680842787027359,0.10617253184318542,0.12557987868785858,0.1411435455083847,0.006221999999999998
1323,49481.0,720.0,50201.0,50201.0,0.9856576562219876,11.0,0.011,75.0,41981.0,40.0,35.0,8.0,3.0,26558.0,22923.0,547.0,375.0,253.0,425.0,41981.0,419.81000000000006,100.0,1000,0,1000,0.21182854194194078,925,0,0,0,0,0,0,0,0,0,0,0,0,0,0,0,40,0,0,0,0,0,0,0,0,0,0,0,0,0,0,0,35,0.27227339148521423,0.05953114852309227,0.4273304343223572,0.14877180755138397,0.006204000000000001
1324,46601.0,1039.0,47640.0,47640.0,0.9781905961376994,8.0,0.008,73.0,39301.0,37.0,36.0,3.0,5.0,23234.0,23367.0,363.0,288.0,0.0,512.0,39301.0,393.00999999999954,100.0,1000,0,1000,0.21338087506592274,927,0,0,0,0,0,0,0,0,0,0,0,0,0,0,0,37,0,0,0,0,0,0,0,0,0,0,0,0,0,0,0,36,0.09387030452489853,-0.08170175552368164,0.35293418169021606,0.14468680322170258,0.0061860000000000005
1325,48910.0,953.0,49863.0,49863.0,0.9808876321119868,8.0,0.008,78.0,41110.0,41.0,37.0,4.0,4.0,25816.0,23094.0,700.0,614.0,100.0,186.0,41110.0,411.09999999999997,100.0,1000,0,1000,0.2121347920037806,922,0,0,0,0,0,0,0,0,0,0,1,0,0,0,0,40,0,0,0,0,0,0,0,0,0,0,0,0,0,0,0,37,0.15022534132003784,-0.05507462099194527,0.4120655059814453,0.11880479007959366,0.006167999999999996
1326,50373.0,262.0,50635.0,50635.0,0.9948257134393206,4.0,0.004,79.0,42473.0,40.0,39.0,1.0,3.0,24674.0,25699.0,688.0,668.0,112.0,132.0,42473.0,424.73000000000013,100.0,1000,0,1000,0.2113622920587659,921,0,0,0,0,0,0,0,0,0,0,1,1,0,0,0,38,0,0,0,0,0,0,0,0,0,0,0,0,0,0,0,39,0.11259493231773376,-0.013610473833978176,0.25420713424682617,0.1460425704717636,0.006149999999999999
1327,48846.0,841.0,49687.0,49687.0,0.9830740435123876,10.0,0.01,75.0,41346.0,40.0,35.0,5.0,5.0,25254.0,23592.0,365.0,553.0,135.9375,247.0,41346.0,413.45999999999947,100.0,1000,0,1000,0.21246716612949967,925,0,1,0,0,0,0,0,0,0,0,1,1,0,0,0,37,0,0,0,0,0,0,0,0,0,0,0,0,0,0,0,35,0.33105647563934326,-0.015745682641863823,0.6956092715263367,0.16348357498645782,0.0061319999999999986
1328,47866.0,1167.0,49033.0,49033.0,0.9761997022413477,11.0,0.011,75.0,40366.0,36.0,39.0,4.0,7.0,23054.0,24812.0,800.0,223.0,0.0,0.0,40366.0,403.6600000000005,100.0,1000,0,1000,0.21252720896154642,925,0,0,0,0,0,0,0,0,0,0,2,0,0,0,0,34,0,0,0,0,0,0,0,0,0,0,0,0,0,0,0,39,0.32664161920547485,0.022959405556321144,0.6093980073928833,0.16630661487579346,0.006113999999999998
1329,50548.0,154.0,50702.0,50702.0,0.9969626444716185,3.0,0.003,77.0,42848.0,39.0,38.0,1.0,2.0,25235.0,25313.0,520.9375,800.0,279.0625,0.0,42848.0,428.47999999999945,100.0,1000,0,1000,0.21212966716848314,923,0,0,0,0,0,0,0,0,0,0,2,0,0,0,0,37,0,0,0,0,0,0,0,0,0,0,0,0,0,0,0,38,0.06679252535104752,-0.0459137037396431,0.22721369564533234,0.14773891866207123,0.006096000000000001
1330,47371.0,1220.0,48591.0,48591.0,0.974892469798934,12.0,0.012,74.0,39971.0,39.0,35.0,8.0,4.0,24386.0,22985.0,551.41015625,185.0,62.1474609375,615.0,39971.0,399.7100000000003,100.0,1000,0,1000,0.21177054196596146,926,0,0,0,0,0,0,0,0,0,0,2,2,0,0,0,35,0,0,0,0,0,0,0,0,0,0,0,0,0,0,0,35,0.3481990098953247,0.08752276003360748,0.5233226418495178,0.16207604110240936,0.006078
1331,47250.0,1311.0,48561.0,48561.0,0.9730030271205288,16.0,0.016,72.0,40050.0,38.0,34.0,2.0,14.0,24047.0,23203.0,662.44140625,227.0,137.55859375,573.0,40050.0,400.5000000000001,100.0,1000,0,1000,0.2121003749780357,928,0,0,0,0,0,0,0,0,0,0,2,0,0,0,0,36,0,0,0,0,0,0,0,0,0,0,0,0,0,0,0,34,0.2438502013683319,-0.0281660333275795,0.5460314154624939,0.1649317741394043,0.006059999999999999
1332,50035.0,1008.0,51043.0,51043.0,0.9802519444390024,11.0,0.011,74.0,42635.0,37.0,37.0,7.0,4.0,25076.0,24959.0,241.0,409.0,559.0,391.0,42635.0,426.3500000000005,100.0,1000,0,1000,0.21188554214313626,926,0,0,0,0,0,0,0,0,0,0,0,0,0,0,0,37,0,0,0,0,0,0,0,0,0,0,0,0,0,0,0,37,0.24157463014125824,-0.02409806288778782,0.5330969095230103,0.14494450390338898,0.006041999999999999
1333,49163.0,420.0,49583.0,49583.0,0.991529354819192,7.0,0.007,76.0,41563.0,36.0,40.0,6.0,1.0,23595.0,25568.0,390.0625,583.0,409.9375,217.0,41563.0,415.63000000000005,100.0,1000,0,1000,0.21271712495945394,924,0,0,0,0,0,0,0,0,0,0,2,0,0,0,0,34,0,0,0,0,0,0,0,0,0,0,0,0,0,0,0,40,0.1522715985774994,0.04790640249848366,0.2105834037065506,0.1538018137216568,0.006023999999999998
1334,47573.0,1278.0,48851.0,48851.0,0.9738388159914844,13.0,0.013,73.0,40273.0,37.0,36.0,9.0,4.0,24388.0,23185.0,406.0,153.0,394.0,38.0,40273.0,402.7299999999999,100.0,1000,0,1000,0.21253550006076694,927,0,0,0,0,0,0,0,0,0,0,0,2,0,0,0,35,0,0,0,0,0,0,0,0,0,0,0,0,0,0,0,36,0.3062741458415985,-0.028092605993151665,0.6704527139663696,0.14312738180160522,0.0060059999999999975
1335,49280.0,801.0,50081.0,50081.0,0.9840059104251113,11.0,0.011,77.0,41580.0,37.0,40.0,6.0,5.0,22749.0,26531.0,346.875,455.0,113.28125,345.0,41580.0,415.7999999999997,100.0,1000,0,1000,0.21222304087132215,923,0,0,0,0,0,0,0,0,0,0,3,3,0,0,0,31,0,0,0,0,0,0,0,0,0,0,0,0,0,0,0,40,0.14739051461219788,-0.054946478456258774,0.406652569770813,0.1652124673128128,0.005988
1336,50208.0,709.0,50917.0,50917.0,0.9860753775752695,10.0,0.01,77.0,42508.0,40.0,37.0,5.0,5.0,24635.0,25573.0,585.47265625,130.0,67.039794921875,670.0,42508.0,425.08,100.0,1000,0,1000,0.21210741600953043,923,0,0,1,0,0,0,0,0,0,0,4,0,0,0,0,35,0,0,0,0,0,0,0,0,0,0,0,0,0,0,0,37,0.10951080173254013,-0.01654471643269062,0.25418734550476074,0.17389510571956635,0.00597
1337,48679.0,571.0,49250.0,49250.0,0.9884060913705583,8.0,0.008,76.0,41079.0,38.0,38.0,5.0,3.0,23642.0,25037.0,372.5,353.0,106.875,447.0,41079.0,410.78999999999996,100.0,1000,0,1000,0.2125540419947356,924,0,0,0,0,0,0,0,0,0,0,0,3,0,0,0,35,0,0,0,0,0,0,0,0,0,0,0,0,0,0,0,38,0.13529208302497864,0.006108806002885103,0.2601550221443176,0.1502407044172287,0.005951999999999999
1338,52234.0,491.0,52725.0,52725.0,0.990687529634898,6.0,0.006,81.0,44134.0,38.0,43.0,4.0,2.0,24190.0,28044.0,329.5,651.0,0.0,149.0,44134.0,441.33999999999963,100.0,1000,0,1000,0.2125529160257429,919,0,0,1,0,0,0,0,0,0,0,0,0,0,0,0,37,0,0,0,0,0,0,0,0,0,0,0,0,0,0,0,43,0.2808692753314972,-0.0011844963300973177,0.565688967704773,0.1332491934299469,0.005933999999999998
1339,49422.0,367.0,49789.0,49789.0,0.9926288939323947,7.0,0.007,75.0,41922.0,36.0,39.0,2.0,5.0,23656.0,25766.0,588.0,647.0,212.0,153.0,41922.0,419.2200000000004,100.0,1000,0,1000,0.2124403330963105,925,0,0,0,0,0,0,0,0,0,0,0,0,0,0,0,36,0,0,0,0,0,0,0,0,0,0,0,0,0,0,0,39,0.16313090920448303,-0.02115679904818535,0.3703228235244751,0.14768531918525696,0.005915999999999998
1340,50301.0,1405.0,51706.0,51706.0,0.9728271380497427,15.0,0.015,78.0,42501.0,37.0,41.0,9.0,6.0,23151.0,27150.0,488.25,783.0,311.75,17.0,42501.0,425.01,100.0,1000,0,1000,0.21299245790578425,922,0,0,0,0,0,0,0,0,0,0,0,2,0,0,0,35,0,0,0,0,0,0,0,0,0,0,0,0,0,0,0,41,0.2799639403820038,0.04439180716872215,0.4726622402667999,0.12868405878543854,0.005897999999999997
1341,51544.0,591.0,52135.0,52135.0,0.9886640452670951,8.0,0.008,80.0,43544.0,42.0,38.0,3.0,5.0,26866.0,24678.0,540.0,608.0,260.0,192.0,43544.0,435.43999999999954,100.0,1000,1,999,0.2125017079524696,920,0,0,0,0,0,0,0,0,0,0,0,2,0,0,0,40,0,0,0,0,0,0,0,0,0,0,0,0,0,0,0,38,0.24668994545936584,-0.018563607707619667,0.5318873524665833,0.11736785620450974,0.00588
1342,50588.0,1543.0,52131.0,52131.0,0.970401488557672,17.0,0.017,77.0,42888.0,41.0,36.0,9.0,8.0,27271.0,23317.0,485.0,259.0,315.0,39.0,42888.0,428.87999999999994,100.0,1000,0,1000,0.21277887490577996,923,0,0,0,0,0,0,0,0,0,0,0,0,0,0,0,41,0,0,0,0,0,0,0,0,0,0,0,0,0,0,0,36,0.5244424343109131,0.05434868112206459,0.9418478608131409,0.14161477982997894,0.005861999999999999
1343,49287.0,516.0,49803.0,49803.0,0.9896391783627493,7.0,0.007,75.0,41787.0,37.0,38.0,2.0,5.0,24274.0,25013.0,587.0,490.0,213.0,310.0,41787.0,417.8699999999998,100.0,1000,0,1000,0.2132982921320945,925,0,0,0,0,0,0,0,0,0,0,0,0,0,0,0,37,0,0,0,0,0,0,0,0,0,0,0,0,0,0,0,38,0.5669282078742981,0.045801375061273575,1.0437325239181519,0.1265326887369156,0.0058439999999999985
1344,49414.0,738.0,50152.0,50152.0,0.9852847344074015,7.0,0.007,75.0,41914.0,38.0,37.0,3.0,4.0,25000.0,24414.0,663.0,218.0,137.0,0.0,41914.0,419.14000000000004,100.0,1000,0,1000,0.21214824984781444,925,0,0,0,0,0,0,0,0,0,0,0,0,0,0,0,38,0,0,0,0,0,0,0,0,0,0,0,0,0,0,0,37,0.27661600708961487,-0.0768924430012703,0.7088139653205872,0.15423044562339783,0.005826000000000001
1345,50310.0,251.0,50561.0,50561.0,0.9950356994521469,5.0,0.005,77.0,42610.0,39.0,38.0,3.0,2.0,25205.0,25105.0,497.0,748.0,303.0,52.0,42610.0,426.10000000000014,100.0,1000,0,1000,0.2122225419152528,923,0,0,0,0,0,0,0,0,0,0,0,0,0,0,0,39,0,0,0,0,0,0,0,0,0,0,0,0,0,0,0,38,0.020434021949768066,-0.044107262045145035,0.13098986446857452,0.16419565677642822,0.005807999999999997
1346,49690.0,470.0,50160.0,50160.0,0.9906299840510366,9.0,0.009,76.0,42090.0,40.0,36.0,3.0,6.0,25554.0,24136.0,386.25,600.0,413.75,200.0,42090.0,420.89999999999975,100.0,1000,0,1000,0.21213383390568197,924,0,0,0,0,0,0,0,0,0,0,0,0,0,0,1,39,0,0,0,0,0,0,0,0,0,0,0,0,0,0,0,36,-0.014062652364373207,-0.08396469056606293,0.14141841232776642,0.13940726220607758,0.00579
1347,47197.0,460.0,47657.0,47657.0,0.9903476928887677,4.0,0.004,74.0,39797.0,35.0,39.0,1.0,3.0,21770.0,25427.0,737.0,536.0,63.0,264.0,39797.0,397.9699999999995,100.0,1000,0,1000,0.21179087506607175,926,0,0,0,0,0,0,0,0,0,0,2,0,0,0,0,33,0,0,0,0,0,0,0,0,0,0,0,0,0,0,0,39,0.19169241189956665,-0.015299497172236443,0.4154967963695526,0.13106116652488708,0.005771999999999999
1348,49241.0,1945.0,51186.0,51186.0,0.9620013284882585,19.0,0.019,75.0,41741.0,39.0,36.0,8.0,11.0,24889.0,24352.0,234.75,424.0,0.0,376.0,41741.0,417.4099999999997,100.0,1000,0,1000,0.21152641694061458,925,0,0,0,0,0,0,0,0,0,0,0,1,0,0,0,38,0,0,0,0,0,0,0,0,0,0,0,0,0,0,0,36,0.3324154317378998,0.035528577864170074,0.595072329044342,0.11284216493368149,0.005753999999999999
1349,49307.0,1066.0,50373.0,50373.0,0.9788378694935779,12.0,0.012,75.0,41807.0,41.0,34.0,3.0,9.0,25715.0,23592.0,549.25,379.0,250.75,421.0,41807.0,418.0699999999999,100.0,1000,0,1000,0.2119678750168532,925,0,0,0,0,0,0,0,0,0,0,0,2,0,0,0,39,0,0,0,0,0,0,0,0,0,0,0,0,0,0,0,34,0.16005608439445496,-0.07876178622245789,0.47945213317871094,0.15833383798599243,0.0057360000000000015
1350,50009.0,144.0,50153.0,50153.0,0.9971287859150998,3.0,0.003,76.0,42409.0,41.0,35.0,1.0,2.0,25711.0,24298.0,624.0,235.0,44.0,565.0,42409.0,424.0899999999997,100.0,1000,0,1000,0.21194820804521441,924,0,0,0,0,0,0,0,0,0,0,0,2,0,0,0,39,0,0,0,0,0,0,0,0,0,0,0,0,0,0,0,35,0.2752566337585449,0.12613564729690552,0.2997472882270813,0.13162991404533386,0.005718000000000001
1351,49728.0,1283.0,51011.0,51011.0,0.9748485620748466,16.0,0.016,74.0,42328.0,37.0,37.0,3.0,13.0,23634.0,26094.0,501.5,248.0,298.5,552.0,42328.0,423.28000000000014,100.0,1000,0,1000,0.21211708313785493,926,0,0,0,0,0,0,0,0,0,0,1,0,0,0,1,35,0,0,0,0,0,0,0,0,0,0,0,0,0,0,0,37,0.20315256714820862,0.006796491332352161,0.39452049136161804,0.15862621366977692,0.0057
1352,49709.0,1186.0,50895.0,50895.0,0.9766971215247078,17.0,0.017,73.0,42409.0,37.0,36.0,5.0,12.0,24620.0,25089.0,377.0,395.0,423.0,405.0,42409.0,424.08999999999963,100.0,1000,0,1000,0.21222066693007946,927,0,0,0,0,0,0,0,0,0,0,0,0,0,0,0,37,0,0,0,0,0,0,0,0,0,0,0,0,0,0,0,36,0.21430496871471405,0.04021657630801201,0.34989744424819946,0.1514144241809845,0.0056819999999999996
1353,48567.0,1301.0,49868.0,49868.0,0.9739111253709793,13.0,0.013,76.0,40967.0,40.0,36.0,8.0,5.0,24230.0,24337.0,400.75,465.0,99.8125,335.0,40967.0,409.6700000000002,100.0,1000,0,1000,0.21272579208016396,924,0,0,0,0,0,0,0,0,0,0,0,5,0,0,0,35,0,0,1,0,0,0,0,0,0,0,0,0,0,0,0,35,0.2424652874469757,0.017416147515177727,0.4517631530761719,0.14696963131427765,0.005663999999999999
1354,49740.0,777.0,50517.0,50517.0,0.9846190391353405,13.0,0.013,76.0,42140.0,41.0,35.0,2.0,11.0,24562.0,25178.0,582.578125,360.0,217.421875,440.0,42140.0,421.3999999999998,100.0,1000,0,1000,0.21312879188917577,924,0,0,0,0,0,0,0,0,0,0,1,8,0,0,0,32,0,0,0,0,0,0,0,0,0,0,0,0,0,0,0,35,0.10519972443580627,-0.04822810739278793,0.30872637033462524,0.16566592454910278,0.005645999999999998
1355,49621.0,546.0,50167.0,50167.0,0.9891163513863696,10.0,0.01,77.0,41921.0,42.0,35.0,4.0,6.0,25726.0,23895.0,330.25,528.0,29.359375,272.0,41921.0,419.20999999999987,100.0,1000,0,1000,0.2114730419125408,923,0,0,0,0,0,0,0,0,0,0,0,6,0,0,0,36,0,0,0,0,0,0,0,0,0,0,0,0,0,0,0,35,0.1395149528980255,0.045216627418994904,0.19038325548171997,0.15872254967689514,0.005628000000000001
1356,47134.0,1569.0,48703.0,48703.0,0.9677843254008993,14.0,0.014,70.0,40134.0,35.0,35.0,11.0,3.0,23795.0,23339.0,553.0,164.0,247.0,0.0,40134.0,401.34000000000066,100.0,1000,0,1000,0.212794000050053,930,0,0,0,0,0,0,0,0,0,0,0,0,0,0,0,35,0,0,0,0,0,0,0,0,0,0,0,0,0,0,0,35,0.120403952896595,-0.06752429157495499,0.3774459958076477,0.14166708290576935,0.00561
1357,50123.0,1541.0,51664.0,51664.0,0.9701726540724682,15.0,0.015,75.0,42623.0,39.0,36.0,7.0,8.0,25568.0,24555.0,638.0,128.0,162.0,0.0,42623.0,426.2299999999998,100.0,1000,0,1000,0.21190425008535385,925,0,0,0,0,0,0,0,0,0,0,0,1,0,0,0,38,0,0,0,0,0,0,0,0,0,0,0,0,0,0,0,36,0.2169409543275833,-0.05294210463762283,0.5414180755615234,0.1477096527814865,0.005592
1358,50002.0,668.0,50670.0,50670.0,0.9868166567988949,12.0,0.012,75.0,42502.0,41.0,34.0,3.0,9.0,26244.0,23758.0,573.625,245.0,226.375,555.0,42502.0,425.02,100.0,1000,0,1000,0.2123462080489844,925,0,0,0,0,0,0,0,0,0,0,1,3,0,0,0,37,0,0,0,0,0,0,0,0,0,0,0,0,0,0,0,34,-0.024965371936559677,-0.10750014334917068,0.16694636642932892,0.1683552861213684,0.005573999999999999
1359,49321.0,835.0,50156.0,50156.0,0.9833519419411436,12.0,0.012,74.0,41921.0,41.0,33.0,4.0,8.0,26379.0,22942.0,577.5,679.0,222.5,121.0,41921.0,419.2100000000003,100.0,1000,0,1000,0.2124168339651078,926,0,0,0,0,0,0,0,0,0,0,0,3,0,0,0,38,0,0,0,0,0,0,0,0,0,0,0,0,0,0,0,33,-0.005494342651218176,-0.11462298780679703,0.21968474984169006,0.1284610629081726,0.0055559999999999984
1360,48378.0,1418.0,49796.0,49796.0,0.9715238171740702,14.0,0.014,74.0,40978.0,39.0,35.0,4.0,10.0,24367.0,24011.0,133.25,740.0,154.70703125,60.0,40978.0,409.78000000000014,100.0,1000,0,1000,0.21569670806638896,926,0,0,0,0,1,0,0,0,0,0,0,2,0,0,0,36,0,0,0,0,0,0,0,0,0,0,0,0,0,0,0,35,0.3133510947227478,0.053185176104307175,0.5214645266532898,0.10226421058177948,0.005537999999999998
1361,50969.0,525.0,51494.0,51494.0,0.9898046374334873,8.0,0.008,77.0,43269.0,39.0,38.0,3.0,5.0,24393.0,26576.0,190.1875,419.0,0.0,381.0,43269.0,432.68999999999915,100.0,1000,0,1000,0.21292095817625523,923,0,0,0,0,0,0,0,0,0,0,0,3,0,0,0,36,0,0,0,0,0,0,0,0,0,0,0,0,0,0,0,38,0.11280721426010132,-0.030413812026381493,0.2879343330860138,0.135170117020607,0.005520000000000001
1362,49671.0,493.0,50164.0,50164.0,0.9901722350689738,9.0,0.009,74.0,42271.0,37.0,37.0,4.0,5.0,24015.0,25656.0,644.75,399.0,155.25,401.0,42271.0,422.7100000000007,100.0,1000,0,1000,0.21197391697205603,926,0,0,0,0,0,0,0,0,0,0,0,1,0,0,0,36,0,0,0,0,0,0,0,0,0,0,0,0,0,0,0,37,-0.010985867120325565,-0.08772869408130646,0.15502777695655823,0.14014199376106262,0.005502
1363,49198.0,808.0,50006.0,50006.0,0.983841938967324,13.0,0.013,74.0,41798.0,38.0,36.0,5.0,8.0,25208.0,23990.0,264.8125,525.0,173.546875,275.0,41798.0,417.9799999999998,100.0,1000,0,1000,0.21306650014594197,926,0,0,0,0,0,0,0,0,0,0,0,1,0,0,1,36,0,0,0,0,0,0,0,0,0,0,0,0,0,0,0,36,0.07203522324562073,-0.06604740023612976,0.2778695225715637,0.15538635849952698,0.005483999999999999
1364,49372.0,659.0,50031.0,50031.0,0.9868281665367472,10.0,0.01,73.0,42072.0,37.0,36.0,3.0,7.0,24645.0,24727.0,526.0,411.0,274.0,389.0,42072.0,420.71999999999935,100.0,1000,0,1000,0.2123203338123858,927,0,0,0,0,0,0,0,0,0,0,0,1,0,0,0,36,0,0,0,0,0,0,0,0,0,0,0,0,0,0,0,36,0.12608139216899872,-0.044247817248106,0.3421747386455536,0.13870292901992798,0.005465999999999999
1365,48434.0,1483.0,49917.0,49917.0,0.9702906825330048,19.0,0.019,73.0,41134.0,38.0,35.0,11.0,8.0,25046.0,23388.0,142.0,800.0,177.90625,0.0,41134.0,411.33999999999963,100.0,1000,0,1000,0.2126638749614358,927,0,0,0,1,0,0,0,0,0,0,1,0,0,0,0,36,0,0,0,0,0,0,0,0,0,0,0,0,0,0,0,35,0.2567446231842041,0.03590748459100723,0.44327566027641296,0.14696989953517914,0.005447999999999998
1366,48074.0,1337.0,49411.0,49411.0,0.9729412479002651,18.0,0.018,72.0,40874.0,38.0,34.0,3.0,15.0,24372.0,23702.0,390.0,310.0,102.5,490.0,40874.0,408.74000000000046,100.0,1000,0,1000,0.21179470815695822,928,0,0,0,0,0,0,0,0,0,0,0,1,0,0,0,37,0,0,0,0,0,0,0,0,0,0,0,0,0,0,0,34,0.27497950196266174,0.008561878465116024,0.5342093110084534,0.12652751803398132,0.005429999999999997
1367,49928.0,464.0,50392.0,50392.0,0.9907921892363867,7.0,0.007,75.0,42428.0,36.0,39.0,2.0,5.0,24674.0,25254.0,360.0,606.0,440.0,194.0,42428.0,424.2799999999997,100.0,1000,0,1000,0.2119003338739276,925,0,0,0,0,0,0,0,0,0,0,0,0,0,0,0,36,0,0,1,0,0,0,0,0,0,0,0,0,0,0,0,38,0.17212876677513123,-0.04187750816345215,0.42935532331466675,0.1240542009472847,0.005412
1368,50370.0,1166.0,51536.0,51536.0,0.9773750388078236,11.0,0.011,75.0,42870.0,39.0,36.0,3.0,8.0,25703.0,24667.0,726.0,260.0,74.0,540.0,42870.0,428.7000000000004,100.0,1000,0,1000,0.21212249994277954,925,0,0,0,0,0,0,0,0,0,0,0,0,0,0,0,39,0,0,0,0,0,0,0,0,0,0,0,0,0,0,0,36,0.3131178021430969,-0.03718772530555725,0.7018027305603027,0.11046440899372101,0.0053939999999999995
1369,49846.0,525.0,50371.0,50371.0,0.9895773361656509,8.0,0.008,74.0,42446.0,40.0,34.0,2.0,6.0,25976.0,23870.0,429.0,251.0,127.25,549.0,42446.0,424.46000000000026,100.0,1000,0,1000,0.21232108399271965,926,0,0,0,0,0,0,0,0,0,0,0,1,0,0,0,39,0,0,0,0,0,0,0,0,0,0,0,0,0,0,0,34,0.09691537171602249,0.025611741468310356,0.14385239779949188,0.11580615490674973,0.005375999999999999
1370,48672.0,870.0,49542.0,49542.0,0.9824391425457187,12.0,0.012,72.0,41472.0,35.0,37.0,6.0,6.0,23421.0,25251.0,650.0,137.0,150.0,0.0,41472.0,414.7199999999989,100.0,1000,0,1000,0.21233487501740456,928,0,0,0,0,0,0,0,0,0,0,0,0,0,0,0,35,0,0,0,0,0,0,0,0,0,0,0,0,0,0,0,37,0.16873902082443237,0.0268448106944561,0.284872442483902,0.10116016119718552,0.005358000000000002
1371,48966.0,983.0,49949.0,49949.0,0.9803199263248513,16.0,0.016,71.0,41866.0,36.0,35.0,10.0,6.0,24775.0,24191.0,458.0,526.0,342.0,274.0,41866.0,418.6599999999999,100.0,1000,0,1000,0.21183683397248387,929,0,0,0,0,0,0,0,0,0,0,0,0,0,0,0,36,0,0,0,0,0,0,0,0,0,0,0,0,0,0,0,35,0.3673759400844574,0.07530610263347626,0.5855947732925415,0.1362464874982834,0.0053399999999999975
1372,48210.0,646.0,48856.0,48856.0,0.9867774684787948,11.0,0.011,71.0,41110.0,36.0,35.0,3.0,8.0,23438.0,24772.0,556.0,761.0,244.0,39.0,41110.0,411.1000000000003,100.0,1000,0,1000,0.2121133750770241,929,0,0,0,0,0,0,0,0,0,0,1,0,0,0,0,35,0,0,0,0,0,0,0,0,0,0,0,0,0,0,0,35,0.15419980883598328,0.034646496176719666,0.24044761061668396,0.1259855180978775,0.005321999999999997
1373,49397.0,845.0,50242.0,50242.0,0.983181402014251,15.0,0.015,72.0,42197.0,38.0,34.0,8.0,7.0,25649.0,23748.0,555.0,486.0,245.0,314.0,42197.0,421.9699999999997,100.0,1000,0,1000,0.21166395815089345,928,0,0,0,0,0,0,0,0,0,0,0,0,0,0,0,38,0,0,0,0,0,0,0,0,0,0,0,0,0,0,0,34,0.09951723366975784,-0.08706183731555939,0.3745869994163513,0.13469654321670532,0.005304
1374,49485.0,1230.0,50715.0,50715.0,0.9757468204673173,16.0,0.016,70.0,42485.0,34.0,36.0,5.0,11.0,23492.0,25993.0,373.0,452.0,427.0,348.0,42485.0,424.8499999999996,100.0,1000,0,1000,0.21321508288383484,930,0,0,0,0,0,0,0,0,0,0,0,0,0,0,0,34,0,0,0,0,0,0,0,0,0,0,0,0,0,0,0,36,0.1157202497124672,-0.011903548613190651,0.25652459263801575,0.12079079449176788,0.005285999999999999
1375,49737.0,1004.0,50741.0,50741.0,0.9802132397863661,18.0,0.018,72.0,42537.0,38.0,34.0,5.0,13.0,24931.0,24806.0,507.0,479.0,293.0,321.0,42537.0,425.3699999999999,100.0,1000,0,1000,0.2134450408630073,928,0,0,0,0,0,0,0,0,0,0,0,0,0,0,0,38,0,0,0,0,0,0,0,0,0,0,0,0,0,0,0,34,0.09908721596002579,0.05369536206126213,0.09210699051618576,0.12559613585472107,0.005267999999999998
1376,50171.0,673.0,50844.0,50844.0,0.9867634332467942,13.0,0.013,73.0,42871.0,35.0,38.0,1.0,12.0,23180.0,26991.0,172.0,343.0,0.0,457.0,42871.0,428.71000000000083,100.0,1000,0,1000,0.21208904194645584,927,0,0,0,0,0,0,0,0,0,0,0,0,0,0,0,35,0,0,0,0,0,0,0,0,0,0,0,0,0,0,0,38,0.09875720739364624,0.014325766824185848,0.17006494104862213,0.11448266357183456,0.005250000000000001
1377,48155.0,1525.0,49680.0,49680.0,0.9693035426731079,19.0,0.019,71.0,41055.0,37.0,34.0,9.0,10.0,24775.0,23380.0,213.0,229.0,0.0,571.0,41055.0,410.55000000000035,100.0,1000,1,999,0.21231950004585087,929,0,0,0,0,0,0,0,0,0,0,0,1,0,0,0,36,0,0,0,0,0,0,0,0,0,0,0,0,0,0,0,34,0.2436637282371521,-0.08468770235776901,0.6582919359207153,0.15186071395874023,0.0052320000000000005
1378,49325.0,690.0,50015.0,50015.0,0.9862041387583725,12.0,0.012,73.0,42025.0,35.0,38.0,5.0,7.0,23671.0,25654.0,600.0,731.0,200.0,69.0,42025.0,420.2500000000001,100.0,1000,0,1000,0.21448245807550848,927,0,0,0,0,0,0,0,0,0,0,0,0,0,0,0,35,0,0,0,0,0,0,0,0,0,0,0,0,0,0,0,38,-0.06869738548994064,-0.16894008219242096,0.20206421613693237,0.15140193700790405,0.005213999999999996
1379,48891.0,2071.0,50962.0,50962.0,0.959361877477336,19.0,0.019,72.0,41691.0,37.0,35.0,9.0,10.0,24438.0,24453.0,651.0,588.0,149.0,212.0,41691.0,416.9099999999997,100.0,1000,0,1000,0.2120771249756217,928,0,0,0,0,0,0,0,0,0,0,0,1,0,0,0,36,0,0,0,0,0,0,0,0,0,0,0,0,0,0,0,35,0.2903483211994171,0.06527779251337051,0.4515332281589508,0.13396939635276794,0.005195999999999999
1380,49206.0,759.0,49965.0,49965.0,0.9848093665565896,11.0,0.011,71.0,42106.0,37.0,34.0,5.0,6.0,25934.0,23272.0,246.0,800.0,554.0,0.0,42106.0,421.05999999999955,100.0,1000,0,1000,0.21234724996611476,929,0,0,0,0,0,0,0,0,0,0,0,0,0,0,0,37,0,0,0,0,0,0,0,0,0,0,0,0,0,0,0,34,0.12877799570560455,0.004849174991250038,0.24899551272392273,0.10987573862075806,0.005177999999999999
1381,48698.0,1888.0,50586.0,50586.0,0.9626774206302139,23.0,0.023,70.0,41698.0,37.0,33.0,13.0,10.0,25872.0,22826.0,558.0,627.0,242.0,173.0,41698.0,416.98,100.0,1000,0,1000,0.21282966691069305,930,0,0,0,0,0,0,0,0,0,0,0,0,0,0,0,37,0,0,0,0,0,0,0,0,0,0,0,0,0,0,0,33,0.21066999435424805,-0.02934199757874012,0.48165854811668396,0.15838851034641266,0.005159999999999998
1382,48453.0,1034.0,49487.0,49487.0,0.9791056236991533,15.0,0.015,72.0,41253.0,36.0,36.0,5.0,10.0,24070.0,24383.0,674.0,767.0,126.0,33.0,41253.0,412.52999999999884,100.0,1000,0,1000,0.21215233416296542,928,0,0,0,0,0,0,0,0,0,0,0,0,0,0,0,36,0,0,0,0,0,0,0,0,0,0,0,0,0,0,0,36,0.08366786688566208,-0.07523035258054733,0.3194064497947693,0.15655550360679626,0.005142000000000001
1383,48890.0,2622.0,51512.0,51512.0,0.949099239012269,22.0,0.022,72.0,41690.0,36.0,36.0,10.0,12.0,24253.0,24637.0,666.0,711.0,134.0,89.0,41690.0,416.9,100.0,1000,0,1000,0.21194008295424283,928,0,0,0,0,0,0,0,0,0,0,0,0,0,0,0,36,0,0,0,0,0,0,0,0,0,0,0,0,0,0,0,36,0.2593267560005188,-0.09951853007078171,0.7190948724746704,0.13702794909477234,0.005124
1384,49875.0,1107.0,50982.0,50982.0,0.9782864540426033,17.0,0.017,74.0,42475.0,36.0,38.0,5.0,12.0,24058.0,25817.0,639.0,675.0,161.0,125.0,42475.0,424.7499999999994,100.0,1000,0,1000,0.2121692500077188,926,0,0,0,0,0,0,0,0,0,0,0,0,0,0,0,36,0,0,0,0,0,0,0,0,0,0,0,0,0,0,0,38,0.14841678738594055,-0.011614843271672726,0.32115352153778076,0.10676248371601105,0.005105999999999999
1385,49225.0,359.0,49584.0,49584.0,0.9927597612132946,6.0,0.006,71.0,42125.0,36.0,35.0,5.0,1.0,25202.0,24023.0,254.0,373.0,546.0,427.0,42125.0,421.24999999999994,100.0,1000,0,1000,0.2115557088982314,929,0,0,0,0,0,0,0,0,0,0,0,1,0,0,0,35,0,0,0,0,0,0,0,0,0,0,0,0,0,0,0,35,0.15495188534259796,0.09344950318336487,0.12424233555793762,0.12161541730165482,0.005087999999999999
1386,46359.0,1960.0,48319.0,48319.0,0.959436246611064,20.0,0.02,68.0,39559.0,34.0,34.0,12.0,8.0,22953.0,23406.0,727.8125,50.0,72.1875,0.0,39559.0,395.58999999999975,100.0,1000,0,1000,0.21220237505622208,932,0,0,0,0,0,0,0,0,0,0,0,0,0,0,1,33,0,0,0,0,0,0,0,0,0,0,0,0,0,0,0,34,0.2594528794288635,0.025483131408691406,0.46947866678237915,0.1517924964427948,0.005069999999999998
1387,49117.0,1052.0,50169.0,50169.0,0.9790308756403356,16.0,0.016,73.0,41817.0,36.0,37.0,11.0,5.0,24425.0,24692.0,471.0,613.0,329.0,187.0,41817.0,418.1699999999997,100.0,1000,0,1000,0.21156729198992252,927,0,0,0,0,0,0,0,0,0,0,1,0,0,0,0,35,0,0,0,0,0,0,0,0,0,0,0,0,0,0,0,37,0.11765199899673462,-0.012268662452697754,0.2613493800163269,0.14925390481948853,0.0050519999999999975
1388,48881.0,885.0,49766.0,49766.0,0.9822167745046819,15.0,0.015,72.0,41681.0,34.0,38.0,10.0,5.0,23378.0,25503.0,508.0,5.0,292.0,83.0,41681.0,416.8099999999996,100.0,1000,0,1000,0.2121503329835832,928,0,0,0,0,0,0,0,0,0,0,0,0,0,0,0,34,0,0,0,0,0,0,0,0,0,0,0,0,0,0,0,38,0.07736624777317047,-0.07884472608566284,0.31374675035476685,0.1315852403640747,0.005034
1389,49036.0,1525.0,50561.0,50561.0,0.9698384130060719,13.0,0.013,75.0,41536.0,38.0,37.0,4.0,9.0,23902.0,25134.0,358.9375,447.0,137.83203125,353.0,41536.0,415.36000000000087,100.0,1000,0,1000,0.21171320788562298,925,0,0,0,0,0,0,0,0,0,0,4,0,0,0,0,34,0,0,0,0,0,0,0,0,0,0,0,0,0,0,0,37,0.22300098836421967,-0.03681573271751404,0.5208181738853455,0.1180955320596695,0.005016
1390,47140.0,996.0,48136.0,48136.0,0.9793086255609108,14.0,0.014,71.0,40040.0,37.0,34.0,7.0,7.0,24692.0,22448.0,244.0,463.0,556.0,337.0,40040.0,400.3999999999996,100.0,1000,0,1000,0.2144009170588106,929,0,0,0,0,0,0,0,0,0,0,0,0,0,0,0,37,0,0,0,0,0,0,0,0,0,0,0,0,0,0,0,34,0.22100985050201416,-0.03733828291296959,0.5177326798439026,0.10368167608976364,0.004997999999999999
1391,50066.0,852.0,50918.0,50918.0,0.9832672139518441,14.0,0.014,73.0,42766.0,34.0,39.0,11.0,3.0,23955.0,26111.0,352.0,641.0,448.0,159.0,42766.0,427.6600000000001,100.0,1000,0,1000,0.21447133319452405,927,0,0,0,0,0,0,0,0,0,0,1,0,0,0,0,33,0,0,0,0,0,0,0,0,0,0,0,0,0,0,0,39,0.1748082935810089,0.02190452069044113,0.3072126507759094,0.1410767138004303,0.004979999999999998
1392,49095.0,1447.0,50542.0,50542.0,0.9713703454552649,16.0,0.016,73.0,41795.0,38.0,35.0,4.0,12.0,24479.0,24616.0,251.48828125,308.0,0.0,492.0,41795.0,417.95000000000044,100.0,1000,0,1000,0.21723858313634992,927,0,0,0,0,0,0,0,0,0,0,3,0,0,0,0,35,0,0,0,0,0,0,0,0,0,0,0,0,0,0,0,35,0.2746574282646179,-0.03915020450949669,0.6287478804588318,0.11412940919399261,0.004961999999999998
1393,48496.0,854.0,49350.0,49350.0,0.9826950354609929,13.0,0.013,74.0,41096.0,38.0,36.0,9.0,4.0,24678.0,23818.0,323.0,250.5,59.04296875,549.5,41096.0,410.96000000000015,100.0,1000,0,1000,0.2115358749870211,926,0,0,0,0,0,0,0,0,0,0,3,0,0,0,0,35,0,0,1,0,0,0,0,0,0,0,0,0,0,0,0,35,0.10447266697883606,-0.028051400557160378,0.2664559483528137,0.1423759162425995,0.004943999999999997
1394,48678.0,1397.0,50075.0,50075.0,0.9721018472291563,15.0,0.015,72.0,41478.0,38.0,34.0,10.0,5.0,25603.0,23075.0,415.0,703.0,149.875,97.0,41478.0,414.7800000000008,100.0,1000,0,1000,0.21353704086504877,928,0,0,0,0,0,0,0,0,0,0,1,0,0,0,0,37,0,0,0,0,0,0,0,0,0,0,0,0,0,0,0,34,0.19894497096538544,-0.0322146899998188,0.4636595547199249,0.1360381692647934,0.004926
1395,47184.0,928.0,48112.0,48112.0,0.9807116727635518,10.0,0.01,71.0,40084.0,35.0,36.0,4.0,6.0,23066.0,24118.0,488.2734375,737.0,311.7265625,63.0,40084.0,400.8400000000008,100.0,1000,0,1000,0.2275057090446353,929,0,0,0,0,0,0,0,0,0,0,2,1,0,0,0,32,0,0,0,0,0,0,0,0,0,0,0,0,0,0,0,36,0.3580600321292877,-0.06687849760055542,0.851044237613678,0.1189066469669342,0.004907999999999999
1396,47979.0,1081.0,49060.0,49060.0,0.9779657562168773,15.0,0.015,71.0,40879.0,36.0,35.0,5.0,10.0,24558.0,23421.0,456.0,690.0,344.0,110.0,40879.0,408.7899999999997,100.0,1000,0,1000,0.2143777501769364,929,0,0,0,0,0,0,0,0,0,0,0,0,0,0,0,36,0,0,0,0,0,0,0,0,0,1,0,0,0,0,0,34,0.20028699934482574,-0.01042466051876545,0.4223496913909912,0.09472112357616425,0.0048899999999999985
1397,50005.0,1167.0,51172.0,51172.0,0.9771945595247401,14.0,0.014,73.0,42705.0,39.0,34.0,6.0,8.0,26312.0,23693.0,517.625,307.0,282.375,493.0,42705.0,427.0500000000003,100.0,1000,0,1000,0.21192870801314712,927,0,0,0,0,0,0,0,0,0,0,1,0,0,0,0,38,0,0,0,0,0,0,0,0,0,0,0,0,0,0,0,34,0.23392370343208313,-0.03673602640628815,0.542736291885376,0.14540523290634155,0.004872000000000001
1398,49049.0,790.0,49839.0,49839.0,0.9841489596500732,13.0,0.013,71.0,41949.0,36.0,35.0,6.0,7.0,24620.0,24429.0,536.0,336.0,264.0,464.0,41949.0,419.4899999999989,100.0,1000,0,1000,0.21246212511323392,929,0,0,0,0,0,0,0,0,0,0,0,0,0,0,0,36,0,0,0,0,0,0,0,0,0,0,0,0,0,0,0,35,0.1452501267194748,-0.037436794489622116,0.3663181960582733,0.09727352857589722,0.004853999999999997
1399,49246.0,521.0,49767.0,49767.0,0.9895312154640625,8.0,0.008,74.0,41846.0,37.0,37.0,7.0,1.0,24579.0,24667.0,384.0,652.0,416.0,148.0,41846.0,418.4599999999999,100.0,1000,0,1000,0.2116496660746634,926,0,1,0,0,0,0,0,0,0,0,0,0,0,0,0,36,0,0,0,0,0,0,0,0,0,0,0,0,0,0,0,37,0.11006265133619308,0.025209425017237663,0.17083480954170227,0.11666321009397507,0.0048359999999999966
1400,48456.0,292.0,48748.0,48748.0,0.9940100106671043,6.0,0.006,74.0,41056.0,38.0,36.0,2.0,4.0,24319.0,24137.0,800.0,197.0,0.0,0.0,41056.0,410.56000000000006,100.0,1000,0,1000,0.21141662495210767,926,0,0,1,0,0,0,0,0,0,0,0,0,0,0,0,37,0,0,0,0,0,0,0,0,0,0,0,0,0,0,0,36,0.05566810443997383,-0.011073963716626167,0.1347341686487198,0.1297254115343094,0.004817999999999999
1401,50622.0,318.0,50940.0,50940.0,0.9937573616018845,6.0,0.006,75.0,43122.0,40.0,35.0,0.0,6.0,26424.0,24198.0,262.0,724.0,538.0,76.0,43122.0,431.2199999999998,100.0,1000,0,1000,0.21163870790041983,925,0,0,0,0,0,0,0,0,0,0,0,0,0,0,0,40,0,0,0,0,0,0,0,0,0,0,0,0,0,0,0,35,0.09201503545045853,0.02975422330200672,0.1260976940393448,0.16417427361011505,0.004799999999999999
1402,48519.0,865.0,49384.0,49384.0,0.9824842054106593,13.0,0.013,72.0,41319.0,37.0,35.0,7.0,6.0,24392.0,24127.0,315.0,272.0,485.0,528.0,41319.0,413.18999999999943,100.0,1000,0,1000,0.21296124998480082,928,0,0,0,0,0,0,0,0,0,0,1,0,0,0,0,36,0,0,0,0,0,0,0,0,0,0,0,0,0,0,0,35,0.1064184159040451,0.02350551448762417,0.1668952852487564,0.11182467639446259,0.004781999999999998
1403,48911.0,803.0,49714.0,49714.0,0.9838476083195881,11.0,0.011,74.0,41511.0,39.0,35.0,1.0,10.0,24455.0,24456.0,245.0,173.0,0.0,627.0,41511.0,415.1099999999996,100.0,1000,0,1000,0.21232191612944007,926,1,0,0,0,0,0,0,0,0,0,0,0,0,0,0,38,0,0,0,0,0,0,0,0,0,0,0,0,0,0,0,35,0.20285868644714355,0.04277674853801727,0.3214285671710968,0.1327349692583084,0.004764000000000001
1404,48153.0,1264.0,49417.0,49417.0,0.9744217576947204,16.0,0.016,70.0,41153.0,37.0,33.0,8.0,8.0,25175.0,22978.0,633.0,602.0,167.0,198.0,41153.0,411.52999999999975,100.0,1000,0,1000,0.21235220786184072,930,0,0,0,0,0,0,0,0,0,0,0,1,0,0,0,36,0,0,0,0,0,0,0,0,0,0,0,0,0,0,0,33,0.4280248284339905,0.09262412041425705,0.6717793941497803,0.10303380340337753,0.004746
1405,48645.0,1209.0,49854.0,49854.0,0.9757491876278734,17.0,0.017,71.0,41545.0,35.0,36.0,8.0,9.0,23839.0,24806.0,375.125,482.0,424.875,318.0,41545.0,415.44999999999976,100.0,1000,0,1000,0.2131768341641873,929,0,0,0,0,0,0,0,0,0,0,1,0,0,0,0,34,0,0,0,0,0,0,0,0,0,0,0,0,0,0,0,36,0.0743342936038971,-0.11750911176204681,0.3845915198326111,0.09567538648843765,0.004727999999999996
1406,50640.0,1076.0,51716.0,51716.0,0.9791940598654189,14.0,0.014,74.0,43240.0,38.0,36.0,5.0,9.0,25889.0,24751.0,319.0,439.0,481.0,361.0,43240.0,432.3999999999994,100.0,1000,0,1000,0.21222624997608364,926,0,0,0,0,0,0,0,0,0,0,0,0,0,0,1,37,0,0,0,0,0,0,0,0,0,0,0,0,0,0,0,36,0.21854355931282043,-0.014577722176909447,0.46750229597091675,0.13373114168643951,0.004709999999999999
1407,49054.0,799.0,49853.0,49853.0,0.9839728802679879,15.0,0.015,72.0,41854.0,36.0,36.0,11.0,4.0,25192.0,23862.0,391.0,62.0,409.0,0.0,41854.0,418.5399999999996,100.0,1000,0,1000,0.2115833330899477,928,0,0,0,0,0,0,0,0,0,0,0,0,0,0,0,36,0,0,0,0,0,0,0,0,0,0,0,0,0,0,0,36,0.06261060386896133,-0.003839885350316763,0.13403107225894928,0.12042658776044846,0.004691999999999998
1408,49967.0,526.0,50493.0,50493.0,0.9895827144356644,9.0,0.009,73.0,42667.0,36.0,37.0,5.0,4.0,24116.0,25851.0,412.0,124.0,121.25,676.0,42667.0,426.6700000000002,100.0,1000,0,1000,0.21234083408489823,927,0,0,0,0,0,0,0,0,0,0,2,0,0,0,0,34,0,0,0,0,0,0,0,0,0,0,0,0,0,0,0,37,0.12167471647262573,0.04288255050778389,0.15909740328788757,0.1618591547012329,0.004674000000000001
1409,48548.0,604.0,49152.0,49152.0,0.9877115885416666,7.0,0.007,73.0,41248.0,36.0,37.0,0.0,7.0,23027.0,25521.0,405.620849609375,529.0,394.379150390625,271.0,41248.0,412.4799999999991,100.0,1000,0,1000,0.21102020796388388,927,0,0,0,0,0,0,0,0,0,0,3,0,0,0,0,33,0,0,0,0,0,0,0,0,0,0,0,0,0,0,0,37,0.16692425310611725,-0.004302791319787502,0.3437293469905853,0.13695044815540314,0.004656
1410,47352.0,1314.0,48666.0,48666.0,0.9729996301319196,10.0,0.01,71.0,40252.0,35.0,36.0,3.0,7.0,23343.0,24009.0,622.0,773.0,178.0,27.0,40252.0,402.51999999999947,100.0,1000,0,1000,0.21230058395303786,929,0,0,0,0,0,0,0,0,0,0,0,0,0,0,0,35,0,0,0,0,0,0,0,0,0,0,0,0,0,0,0,36,0.3267168700695038,0.08450378477573395,0.48570454120635986,0.13781343400478363,0.004638
1411,49205.0,1467.0,50672.0,50672.0,0.9710491000947269,15.0,0.015,73.0,41905.0,38.0,35.0,6.0,9.0,25303.0,23902.0,629.0,396.0,171.0,404.0,41905.0,419.0500000000007,100.0,1000,0,1000,0.212191249942407,927,0,0,0,0,0,0,0,0,0,0,0,0,0,0,0,38,0,0,0,0,0,0,0,0,0,0,0,0,0,0,0,35,0.28767287731170654,0.006172042340040207,0.5640397667884827,0.11234556138515472,0.004619999999999999
1412,48654.0,380.0,49034.0,49034.0,0.9922502753191663,6.0,0.006,73.0,41354.0,37.0,36.0,3.0,3.0,24944.0,23710.0,334.0,721.0,466.0,79.0,41354.0,413.5400000000004,100.0,1000,0,1000,0.21191712492145598,927,0,0,0,0,0,0,0,0,0,0,0,1,0,0,0,36,0,0,0,0,0,0,0,0,0,0,0,0,0,0,0,36,0.08004937320947647,-0.03611232340335846,0.23347757756710052,0.12540015578269958,0.0046019999999999985
1413,48943.0,136.0,49079.0,49079.0,0.99722895739522,3.0,0.003,77.0,41243.0,39.0,38.0,2.0,1.0,24329.0,24614.0,318.625,564.0,481.375,236.0,41243.0,412.43000000000023,100.0,1000,0,1000,0.21268758294172585,923,0,0,0,0,0,0,0,0,0,0,1,2,0,0,0,36,0,0,0,0,0,0,0,0,0,2,0,0,0,0,0,36,0.18363057076931,0.058321770280599594,0.25187817215919495,0.13749909400939941,0.004583999999999998
1414,48508.0,734.0,49242.0,49242.0,0.9850940254254498,12.0,0.012,73.0,41208.0,38.0,35.0,5.0,7.0,24605.0,23903.0,621.5,764.0,178.5,36.0,41208.0,412.07999999999936,100.0,1000,0,1000,0.212964833015576,927,0,0,0,0,0,0,0,0,0,0,0,1,0,0,0,37,0,0,0,0,0,0,0,0,0,0,0,0,0,0,0,35,0.20163148641586304,0.0925176590681076,0.21986991167068481,0.179834246635437,0.004566000000000001
1415,48851.0,1500.0,50351.0,50351.0,0.9702091318941034,18.0,0.018,74.0,41451.0,39.0,35.0,7.0,11.0,25145.0,23706.0,171.25,658.0,15.0,142.0,41451.0,414.50999999999937,100.0,1000,0,1000,0.21214029099792242,926,0,0,0,0,0,0,0,0,0,0,2,0,0,0,0,37,0,0,0,0,0,0,0,0,0,0,0,0,0,0,0,35,0.21230874955654144,0.009353099390864372,0.40727707743644714,0.15015338361263275,0.004548
1416,49337.0,541.0,49878.0,49878.0,0.9891535346244837,9.0,0.009,80.0,41337.0,43.0,37.0,4.0,5.0,24485.0,24852.0,551.8472347855568,720.0,248.1527652144432,80.0,41337.0,413.3699999999998,100.0,1000,1,999,0.21226308401674032,920,0,0,0,0,0,0,0,0,0,0,7,0,0,0,0,36,0,0,0,0,0,0,0,0,0,0,0,0,0,0,0,37,0.13733527064323425,0.005793522112071514,0.26418259739875793,0.12131529301404953,0.004529999999999999
1417,48716.0,1835.0,50551.0,50551.0,0.9637000257166031,12.0,0.012,74.0,41316.0,37.0,37.0,7.0,5.0,24508.0,24208.0,578.0,211.0,222.0,37.0,41316.0,413.1599999999997,100.0,1000,0,1000,0.21254866709932685,926,0,0,0,0,0,0,0,0,0,0,0,0,0,0,0,37,0,0,0,0,0,0,0,0,0,0,0,0,0,0,0,37,0.22310224175453186,-0.011514890007674694,0.4704369902610779,0.13328014314174652,0.004512000000000002
1418,49120.0,787.0,49907.0,49907.0,0.9842306690444226,12.0,0.012,76.0,41520.0,41.0,35.0,3.0,9.0,25460.0,23660.0,678.0859375,675.0,121.9140625,125.0,41520.0,415.20000000000056,100.0,1000,0,1000,0.21545416698791087,924,0,0,0,0,0,0,0,0,0,0,3,0,0,0,0,38,0,0,0,0,0,0,0,0,0,1,0,0,0,0,0,34,0.08517693728208542,-0.037903834134340286,0.2472214698791504,0.11792813241481781,0.004493999999999998
1419,49791.0,1551.0,51342.0,51342.0,0.9697908145378054,16.0,0.016,75.0,42291.0,39.0,36.0,4.0,12.0,24502.0,25289.0,191.0,718.0,0.0,82.0,42291.0,422.9100000000003,100.0,1000,0,1000,0.2132646250538528,925,0,0,0,0,0,0,0,0,0,0,1,1,0,0,0,37,0,0,0,0,0,0,0,0,0,1,0,0,0,0,0,35,0.3963371217250824,0.06753762066364288,0.6588502526283264,0.13977693021297455,0.004475999999999997
1420,49095.0,694.0,49789.0,49789.0,0.9860611781718853,10.0,0.01,74.0,41695.0,39.0,35.0,4.0,6.0,24678.0,24417.0,627.6923828125,243.0,172.3076171875,557.0,41695.0,416.9499999999994,100.0,1000,0,1000,0.21201699995435774,926,0,0,0,0,0,0,0,0,0,0,2,1,0,0,0,36,0,0,0,0,0,0,0,0,0,0,0,0,0,0,0,35,0.21235895156860352,-0.0023356263991445303,0.43030625581741333,0.10286159813404083,0.004458
1421,48778.0,1144.0,49922.0,49922.0,0.9770842514322343,15.0,0.015,73.0,41478.0,35.0,38.0,11.0,4.0,23453.0,25325.0,558.75,650.0,241.25,150.0,41478.0,414.77999999999986,100.0,1000,0,1000,0.21142854215577245,927,0,0,0,0,0,0,0,0,0,0,1,0,0,0,0,34,0,0,0,0,0,0,0,0,0,0,0,0,0,0,0,38,0.259976863861084,-0.013757155276834965,0.5486805438995361,0.13653908669948578,0.0044399999999999995
1422,48440.0,685.0,49125.0,49125.0,0.9860559796437659,7.0,0.007,72.0,41240.0,37.0,35.0,4.0,3.0,24605.0,23835.0,281.75,469.0,518.25,331.0,41240.0,412.40000000000015,100.0,1000,0,1000,0.21224875003099442,928,0,0,0,0,0,0,0,0,0,0,0,1,0,0,0,36,0,0,0,0,0,0,0,0,0,0,0,0,0,0,0,35,0.23664411902427673,-0.04073965176939964,0.5560705661773682,0.1473337560892105,0.004421999999999999
1423,49119.0,574.0,49693.0,49693.0,0.9884490773348359,10.0,0.01,74.0,41719.0,38.0,36.0,2.0,8.0,24644.0,24475.0,601.0,394.0,199.0,406.0,41719.0,417.18999999999994,100.0,1000,0,1000,0.21172095788642764,926,0,0,0,0,0,0,0,0,0,0,1,0,1,0,0,36,0,0,0,0,0,0,0,0,0,0,0,0,0,0,0,36,0.07259945571422577,-0.02591215819120407,0.1980316936969757,0.11449485272169113,0.004404000000000002
1424,49422.0,1193.0,50615.0,50615.0,0.9764299120813988,15.0,0.015,75.0,41922.0,42.0,33.0,4.0,11.0,27010.0,22412.0,335.140625,180.0,464.859375,38.0,41922.0,419.21999999999963,100.0,1000,0,1000,0.21185820805840194,925,0,0,0,0,0,0,0,0,0,0,1,2,0,0,0,39,0,0,0,0,0,0,0,0,0,0,0,0,0,0,0,33,0.16707517206668854,-0.015448524616658688,0.3664359450340271,0.15829353034496307,0.004386000000000001
1425,49746.0,920.0,50666.0,50666.0,0.9818418663403465,14.0,0.014,75.0,42246.0,40.0,35.0,3.0,11.0,25264.0,24482.0,188.0,360.0,66.0,440.0,42246.0,422.4599999999995,100.0,1000,0,1000,0.21452166722156107,925,0,0,0,0,0,0,0,0,0,0,1,1,0,0,0,38,0,0,0,0,0,0,0,0,0,1,0,0,0,0,0,34,0.14082904160022736,-0.0008532815845683217,0.28470098972320557,0.15296919643878937,0.004367999999999997
1426,47837.0,1560.0,49397.0,49397.0,0.9684191347652692,13.0,0.013,73.0,40537.0,39.0,34.0,4.0,9.0,24164.0,23673.0,633.125,289.0,166.875,511.0,40537.0,405.3699999999996,100.0,1000,0,1000,0.21259379107505083,927,0,0,0,0,0,0,0,0,0,0,2,0,0,0,0,37,0,0,0,0,0,0,0,0,0,0,0,0,0,0,0,34,0.33998650312423706,0.02308063395321369,0.634917676448822,0.12712107598781586,0.00435
1427,47887.0,1342.0,49229.0,49229.0,0.9727396453310041,15.0,0.015,72.0,40687.0,36.0,36.0,2.0,13.0,22668.0,25219.0,619.0,320.0,181.0,480.0,40687.0,406.8699999999999,100.0,1000,0,1000,0.21273387502878904,928,0,0,0,0,0,0,0,0,0,0,1,1,0,0,0,34,0,0,0,0,0,0,0,0,0,0,0,0,0,0,0,36,0.3150466978549957,0.03138410300016403,0.5685803890228271,0.14487765729427338,0.004331999999999999
1428,49119.0,666.0,49785.0,49785.0,0.9866224766495932,11.0,0.011,76.0,41519.0,42.0,34.0,2.0,9.0,25538.0,23581.0,580.0,334.0,220.0,466.0,41519.0,415.1899999999995,100.0,1000,0,1000,0.2124214582145214,924,0,0,0,0,0,0,0,0,0,0,0,2,0,0,0,40,0,0,0,0,0,0,0,0,0,0,0,0,0,0,0,34,0.11844741553068161,0.01054677926003933,0.21700188517570496,0.13915356993675232,0.004313999999999998
1429,48956.0,871.0,49827.0,49827.0,0.982519517530656,8.0,0.008,73.0,41656.0,36.0,37.0,4.0,4.0,23444.0,25512.0,573.0,297.0,227.0,503.0,41656.0,416.56000000000046,100.0,1000,0,1000,0.21222429093904793,927,0,0,0,0,0,0,0,0,0,0,0,0,0,0,0,36,0,0,0,0,0,0,0,0,0,0,0,0,0,0,0,37,0.2427075356245041,0.04101758822798729,0.40455567836761475,0.1368463933467865,0.004296000000000001
1430,49641.0,459.0,50100.0,50100.0,0.9908383233532934,7.0,0.007,77.0,41941.0,40.0,37.0,2.0,5.0,25101.0,24540.0,365.25,669.0,434.75,131.0,41941.0,419.41,100.0,1000,0,1000,0.21222724998369813,923,0,0,0,0,0,0,0,0,0,0,1,1,0,0,0,38,0,0,0,0,0,0,0,0,0,0,0,0,0,0,0,37,0.19150489568710327,0.10806066542863846,0.1681719273328781,0.15000757575035095,0.0042780000000000006
1431,48645.0,389.0,49034.0,49034.0,0.9920667292083044,7.0,0.007,75.0,41145.0,41.0,34.0,2.0,5.0,25224.0,23421.0,470.8125,387.0,102.87109375,413.0,41145.0,411.4499999999999,100.0,1000,0,1000,0.22714641690254211,925,0,0,0,0,0,0,0,0,0,0,3,0,0,0,0,38,0,0,0,0,0,0,0,0,0,0,0,0,0,0,0,34,0.2848031222820282,0.056278809905052185,0.4583485424518585,0.1525699645280838,0.00426
1432,48841.0,668.0,49509.0,49509.0,0.9865075036861984,10.0,0.01,74.0,41441.0,39.0,35.0,2.0,8.0,24614.0,24227.0,723.0,335.0,77.0,465.0,41441.0,414.4100000000001,100.0,1000,0,1000,0.21307904203422368,926,0,0,0,0,0,0,0,0,0,0,2,1,0,0,0,36,0,0,0,0,0,0,0,0,0,0,0,0,0,0,0,35,0.03234363719820976,-0.01990256831049919,0.10573701560497284,0.14670005440711975,0.004241999999999999
1433,48198.0,1168.0,49366.0,49366.0,0.976339991086983,11.0,0.011,81.0,40098.0,46.0,35.0,2.0,9.0,24228.0,23970.0,623.1457943052374,479.0,176.85420569476264,321.0,40098.0,400.98000000000036,100.0,1000,0,1000,0.2121133329346776,919,0,0,0,0,0,0,0,0,2,0,7,2,0,0,0,35,0,0,0,0,0,0,0,0,0,0,0,0,0,0,0,35,0.2966187298297882,0.06766147911548615,0.45929354429244995,0.16324260830879211,0.004223999999999999
1434,47965.0,739.0,48704.0,48704.0,0.9848267082785808,9.0,0.009,77.0,40265.0,39.0,38.0,4.0,5.0,23049.0,24916.0,728.3699951171875,244.25,71.6300048828125,555.75,40265.0,402.650000000001,100.0,1000,0,1000,0.21188716613687575,923,0,0,0,0,0,0,0,0,1,1,1,1,0,0,0,35,0,0,0,0,0,0,0,0,0,2,0,0,0,0,0,36,0.22140619158744812,-0.06115952879190445,0.5662475824356079,0.1326875537633896,0.004205999999999998
1435,48824.0,1340.0,50164.0,50164.0,0.9732876166174946,13.0,0.013,77.0,41124.0,42.0,35.0,7.0,6.0,25803.0,23021.0,532.474609375,520.0,267.525390625,105.0,41124.0,411.2400000000003,100.0,1000,0,1000,0.21250962489284575,923,0,1,0,0,0,0,0,0,0,0,1,1,0,0,0,39,0,0,0,0,0,0,0,0,0,2,0,0,0,0,0,33,0.3007100224494934,0.028290970250964165,0.546109139919281,0.15174254775047302,0.004188000000000001
1436,49213.0,598.0,49811.0,49811.0,0.9879946196623236,9.0,0.009,77.0,41513.0,41.0,36.0,3.0,6.0,25511.0,23702.0,316.775390625,657.0,0.0,143.0,41513.0,415.1300000000003,100.0,1000,0,1000,0.21160012483596802,923,0,0,0,0,0,0,0,0,0,0,2,1,0,0,0,38,0,0,0,0,0,0,0,0,0,1,0,0,0,0,0,35,0.06770104914903641,-0.011688797734677792,0.16002659499645233,0.14950880408287048,0.00417
1437,49390.0,488.0,49878.0,49878.0,0.9902161273507358,7.0,0.007,76.0,41790.0,39.0,37.0,3.0,4.0,24570.0,24820.0,247.0,356.0,172.75,444.0,41790.0,417.8999999999999,100.0,1000,0,1000,0.21219491702504456,924,0,0,0,0,0,0,0,0,0,0,0,3,0,0,0,36,0,0,0,0,0,0,0,0,0,1,0,0,0,0,0,36,0.046917740255594254,-0.04943658411502838,0.19418084621429443,0.1772875338792801,0.0041519999999999994
1438,49592.0,809.0,50401.0,50401.0,0.9839487311759687,7.0,0.007,76.0,41992.0,41.0,35.0,4.0,3.0,25585.0,24007.0,560.1875,510.0,239.8125,290.0,41992.0,419.92000000000047,100.0,1000,0,1000,0.21141491690650582,924,0,0,0,0,0,0,0,0,1,0,0,1,0,0,0,39,0,0,0,0,0,0,0,0,0,0,0,0,0,0,0,35,0.2590271830558777,0.0009615236194804311,0.5173720121383667,0.15005487203598022,0.004133999999999999
1439,47881.0,334.0,48215.0,48215.0,0.9930726952193301,4.0,0.004,72.0,40681.0,38.0,34.0,2.0,2.0,25084.0,22797.0,394.25,224.0,405.75,576.0,40681.0,406.8099999999992,100.0,1000,0,1000,0.21287637506611645,928,0,0,0,0,0,0,0,0,0,0,0,1,0,0,0,37,0,0,0,0,0,0,0,0,0,0,0,0,0,0,0,34,0.3115622103214264,0.06032996624708176,0.5038478970527649,0.1680520623922348,0.004115999999999998
1440,49017.0,540.0,49557.0,49557.0,0.9891034566257038,8.0,0.008,75.0,41517.0,37.0,38.0,1.0,7.0,23333.0,25684.0,538.0,663.0,262.0,137.0,41517.0,415.1699999999999,100.0,1000,0,1000,0.21223629196174443,925,0,0,0,0,0,0,0,0,0,0,0,1,0,0,0,36,0,0,0,0,0,0,0,0,0,0,0,0,0,0,0,38,0.05880960822105408,-0.0599476583302021,0.23859865963459015,0.13227544724941254,0.0040979999999999975
1441,50141.0,742.0,50883.0,50883.0,0.9854175264823222,12.0,0.012,75.0,42641.0,39.0,36.0,2.0,10.0,24758.0,25383.0,655.5,170.0,144.5,630.0,42641.0,426.4100000000008,100.0,1000,0,1000,0.21151991607621312,925,0,0,0,0,0,0,0,0,0,0,0,2,0,0,0,37,0,0,0,0,0,0,0,0,0,0,0,0,0,0,0,36,0.14161229133605957,0.029161345213651657,0.2262454479932785,0.16465096175670624,0.00408
1442,48745.0,846.0,49591.0,49591.0,0.982940452904761,13.0,0.013,74.0,41345.0,40.0,34.0,3.0,10.0,24972.0,23773.0,522.75,217.0,129.265625,583.0,41345.0,413.4499999999999,100.0,1000,0,1000,0.2112386249937117,926,0,0,0,0,0,0,0,0,0,0,1,3,0,0,0,36,0,0,0,0,0,0,0,0,0,0,0,0,0,0,0,34,0.05749545991420746,-0.09156791865825653,0.2994976341724396,0.16874442994594574,0.004062
1443,50301.0,719.0,51020.0,51020.0,0.9859074872598981,10.0,0.01,77.0,42601.0,41.0,36.0,2.0,8.0,25448.0,24853.0,506.7265625,201.0,293.2734375,599.0,42601.0,426.00999999999965,100.0,1000,0,1000,0.21257933299057186,923,0,1,0,0,0,0,0,0,0,0,1,0,0,0,0,39,0,0,0,0,0,0,0,0,0,0,0,0,0,0,0,36,0.29251590371131897,0.13508473336696625,0.31590211391448975,0.12855930626392365,0.004043999999999999
1444,50617.0,767.0,51384.0,51384.0,0.9850731745290363,11.0,0.011,76.0,43017.0,43.0,33.0,5.0,6.0,27356.0,23261.0,596.0,253.0,63.75,547.0,43017.0,430.1699999999993,100.0,1000,0,1000,0.21173141687177122,924,0,0,0,0,0,0,0,0,0,0,2,0,0,0,0,41,0,0,0,0,0,0,0,0,0,0,0,0,0,0,0,33,0.14234919846057892,-0.011164736934006214,0.308309942483902,0.15922366082668304,0.004026000000000002
1445,49996.0,1228.0,51224.0,51224.0,0.9760268624082461,17.0,0.017,74.0,42596.0,36.0,38.0,8.0,9.0,23593.0,26403.0,352.0,333.0,448.0,379.4375,42596.0,425.9599999999999,100.0,1000,0,1000,0.2149552081245929,926,0,1,0,0,0,0,0,0,0,0,0,0,0,0,0,35,0,0,1,0,0,0,0,0,0,0,0,0,0,0,0,37,0.3339771330356598,0.030800526961684227,0.6074049472808838,0.13120365142822266,0.004007999999999998
1446,49878.0,571.0,50449.0,50449.0,0.9886816388828321,6.0,0.006,74.0,42478.0,40.0,34.0,2.0,4.0,26347.0,23531.0,309.0,389.0,491.0,411.0,42478.0,424.7799999999994,100.0,1000,0,1000,0.21180408308282495,926,0,0,0,0,0,0,0,0,0,0,0,0,0,0,0,40,0,0,0,0,0,0,0,0,0,1,0,0,0,0,0,33,0.07657432556152344,-0.0374666303396225,0.22920119762420654,0.14026089012622833,0.003989999999999997
1447,49122.0,728.0,49850.0,49850.0,0.9853961885656971,8.0,0.008,77.0,41422.0,40.0,37.0,0.0,8.0,24151.0,24971.0,550.4375,410.0,249.5625,390.0,41422.0,414.2199999999998,100.0,1000,0,1000,0.21265475009568036,923,0,1,0,0,0,0,0,0,1,0,0,0,0,0,0,38,0,0,0,0,0,0,0,0,0,1,0,0,0,0,0,36,0.22306294739246368,0.03943323716521263,0.36815986037254333,0.11334855854511261,0.003972
1448,47747.0,2007.0,49754.0,49754.0,0.9596615347509748,23.0,0.023,69.0,40847.0,37.0,32.0,6.0,17.0,24135.0,23612.0,461.0,337.0,339.0,463.0,40847.0,408.47000000000014,100.0,1000,0,1000,0.21157387481071055,931,0,0,0,0,0,0,0,0,0,0,0,0,0,0,0,37,0,0,0,0,0,0,0,0,0,0,0,0,0,0,0,32,0.32352980971336365,-0.006340129766613245,0.6608361601829529,0.1386328786611557,0.003953999999999999
1449,46674.0,1650.0,48324.0,48324.0,0.9658554755401043,19.0,0.019,69.0,39774.0,38.0,31.0,8.0,11.0,24811.0,21863.0,421.0,417.0,134.25,383.0,39774.0,397.7400000000001,100.0,1000,0,1000,0.21336799999698997,931,0,0,0,0,0,0,0,0,0,0,1,0,0,0,0,37,0,0,0,0,0,0,0,0,0,0,0,0,0,0,0,31,0.273907333612442,-0.08932504802942276,0.7276340126991272,0.14853674173355103,0.0039359999999999985
1450,50617.0,1083.0,51700.0,51700.0,0.9790522243713733,12.0,0.012,77.0,42917.0,39.0,38.0,3.0,9.0,24418.0,26199.0,522.21875,500.0,277.78125,300.0,42917.0,429.17000000000075,100.0,1000,0,1000,0.2127693749498576,923,0,1,0,0,0,0,0,0,0,0,0,1,1,0,0,36,0,0,0,0,0,0,0,0,0,0,0,0,0,0,0,38,0.21108542382717133,-0.009790964424610138,0.44297143816947937,0.15552043914794922,0.003918000000000001
1451,47534.0,504.0,48038.0,48038.0,0.9895083059244765,7.0,0.007,70.0,40534.0,39.0,31.0,5.0,2.0,25448.0,22086.0,280.0,153.0,0.0,647.0,40534.0,405.34,100.0,1000,0,1000,0.21181712485849857,930,0,0,0,0,0,0,0,0,0,0,0,0,0,0,0,39,0,0,0,0,0,0,0,0,0,0,0,0,0,0,0,31,0.2509101331233978,0.0012836477253586054,0.5003056526184082,0.13495799899101257,0.0039000000000000007
1452,48054.0,1881.0,49935.0,49935.0,0.9623310303394412,15.0,0.015,74.0,40654.0,40.0,34.0,5.0,10.0,24841.0,23213.0,251.97265625,635.0,548.02734375,165.0,40654.0,406.5399999999995,100.0,1000,0,1000,0.21239045914262533,926,0,0,0,0,1,0,0,0,0,0,0,2,0,0,0,37,0,0,0,0,0,0,0,0,0,0,0,0,0,0,0,34,0.23585830628871918,-0.053188107907772064,0.579115629196167,0.13173596560955048,0.0038819999999999966
1453,46831.0,1362.0,48193.0,48193.0,0.9717386342414873,16.0,0.016,71.0,39731.0,38.0,33.0,8.0,8.0,23651.0,23180.0,548.5,260.0,78.59375,540.0,39731.0,397.3099999999998,100.0,1000,0,1000,0.21224416699260473,929,0,2,0,0,0,0,0,0,0,0,1,0,0,0,0,35,0,0,0,0,0,0,0,0,0,0,0,0,0,0,0,33,0.32554858922958374,0.026787618175148964,0.5985815525054932,0.13710743188858032,0.0038639999999999994
1454,48308.0,720.0,49028.0,49028.0,0.9853145141551767,9.0,0.009,71.0,41208.0,37.0,34.0,2.0,7.0,24858.0,23450.0,230.0,286.0,570.0,514.0,41208.0,412.0800000000004,100.0,1000,0,1000,0.2114773339126259,929,0,0,0,0,0,0,0,0,0,0,1,0,0,0,0,36,0,0,0,0,0,0,0,0,0,0,0,0,0,0,0,34,0.2564631402492523,-0.027951160445809364,0.5697854161262512,0.12439138442277908,0.0038459999999999987
1455,49473.0,582.0,50055.0,50055.0,0.9883727899310758,8.0,0.008,74.0,42073.0,37.0,37.0,1.0,7.0,24062.0,25411.0,739.0,742.0,61.0,58.0,42073.0,420.72999999999945,100.0,1000,0,1000,0.21237858291715384,926,0,0,0,0,0,0,0,0,0,0,0,0,0,0,0,37,0,0,0,0,0,0,0,0,0,0,0,0,0,0,0,37,0.15631480515003204,0.005466605070978403,0.30260908603668213,0.11921467632055283,0.003827999999999998
1456,49704.0,588.0,50292.0,50292.0,0.9883082796468623,9.0,0.009,75.0,42204.0,40.0,35.0,3.0,6.0,25454.0,24250.0,335.0,649.0,0.0,151.0,42204.0,422.0399999999998,100.0,1000,0,1000,0.2121715829707682,925,0,0,0,0,0,0,0,0,0,0,0,0,0,0,0,40,0,0,0,0,0,0,0,0,0,0,0,0,0,0,0,35,0.14470051229000092,-0.0053467461839318275,0.301057904958725,0.12642787396907806,0.003810000000000001
1457,50344.0,808.0,51152.0,51152.0,0.9842039411948702,10.0,0.01,75.0,42844.0,38.0,37.0,3.0,7.0,24928.0,25416.0,447.0,156.0,353.0,644.0,42844.0,428.4399999999995,100.0,1000,0,1000,0.2126286670099944,925,0,0,0,0,0,0,0,0,0,0,0,0,0,0,0,38,0,0,0,0,0,0,0,0,0,0,0,0,0,0,0,37,0.1935039609670639,-0.006480907555669546,0.40090683102607727,0.12356462329626083,0.0037920000000000002
1458,49286.0,1369.0,50655.0,50655.0,0.9729740400750173,14.0,0.014,73.0,41986.0,38.0,35.0,6.0,8.0,25426.0,23860.0,736.0,413.0,64.0,387.0,41986.0,419.86000000000007,100.0,1000,0,1000,0.2117462910246104,927,0,0,0,0,0,0,0,0,0,0,0,0,0,0,0,38,0,0,0,0,0,0,0,0,0,0,0,0,0,0,0,35,0.21603594720363617,-0.09749539196491241,0.6279364824295044,0.11576687544584274,0.0037739999999999996
1459,50314.0,966.0,51280.0,51280.0,0.9811622464898596,14.0,0.014,74.0,42914.0,39.0,35.0,9.0,5.0,26143.0,24171.0,598.0,192.0,202.0,608.0,42914.0,429.13999999999976,100.0,1000,0,1000,0.21320945909246802,926,0,0,0,0,0,0,0,0,0,0,0,0,0,0,0,39,0,0,0,0,0,0,0,0,0,0,0,0,0,0,0,35,0.19805026054382324,-0.014508981257677078,0.4259057641029358,0.10480549931526184,0.003755999999999999
1460,49689.0,1110.0,50799.0,50799.0,0.9781491761648852,11.0,0.011,73.0,42389.0,37.0,36.0,5.0,6.0,24706.0,24983.0,600.0,703.0,200.0,97.0,42389.0,423.8900000000009,100.0,1000,0,1000,0.2119239999447018,927,0,1,0,0,0,0,0,0,0,0,0,0,0,0,0,36,0,0,0,0,0,0,0,0,0,0,0,0,0,0,0,36,0.4594205617904663,0.13405068218708038,0.6518111228942871,0.14330309629440308,0.0037379999999999983
1461,49247.0,736.0,49983.0,49983.0,0.9852749934977892,11.0,0.011,73.0,41947.0,34.0,39.0,6.0,5.0,22774.0,26473.0,588.0,652.0,212.0,148.0,41947.0,419.4699999999997,100.0,1000,0,1000,0.2146433750167489,927,0,0,0,0,0,0,0,0,0,0,0,0,0,0,0,34,0,0,0,0,0,0,0,0,0,0,0,0,0,0,0,39,0.09778270125389099,0.038699761033058167,0.11912041902542114,0.12829874455928802,0.0037199999999999976
1462,48965.0,1832.0,50797.0,50797.0,0.9639348780439789,14.0,0.014,73.0,41665.0,36.0,37.0,6.0,8.0,24408.0,24557.0,462.0,247.0,338.0,455.875,41665.0,416.6499999999995,100.0,1000,0,1000,0.21212187502533197,927,0,0,0,0,0,0,0,0,0,0,0,0,0,0,0,36,0,0,1,0,0,0,0,0,0,0,0,0,0,0,0,36,0.30039671063423157,0.013299067504703999,0.5751165151596069,0.12442567199468613,0.0037020000000000004
1463,49256.0,753.0,50009.0,50009.0,0.9849427103121439,13.0,0.013,74.0,41856.0,40.0,34.0,6.0,7.0,26118.0,23138.0,532.375,672.0,267.625,128.0,41856.0,418.55999999999995,100.0,1000,0,1000,0.2116985828615725,926,0,0,0,0,0,0,0,0,1,0,1,0,0,0,0,38,0,0,0,0,0,0,0,0,0,0,0,0,0,0,0,34,-0.021047677844762802,-0.06611327826976776,0.09140492975711823,0.17287322878837585,0.0036839999999999998
1464,49101.0,851.0,49952.0,49952.0,0.9829636450992953,14.0,0.014,73.0,41801.0,35.0,38.0,4.0,10.0,23644.0,25457.0,395.0,800.0,405.0,0.0,41801.0,418.00999999999965,100.0,1000,0,1000,0.21210383414290845,927,0,0,0,0,0,0,0,0,0,0,0,0,0,0,0,35,0,0,0,0,0,0,0,0,0,0,0,0,0,0,0,38,0.16205264627933502,0.02451586350798607,0.27599406242370605,0.12554778158664703,0.003665999999999999
1465,50405.0,523.0,50928.0,50928.0,0.9897306000628338,8.0,0.008,75.0,42905.0,36.0,39.0,5.0,3.0,24104.0,26301.0,522.8125,17.0,277.1875,0.0,42905.0,429.0499999999999,100.0,1000,0,1000,0.21137816715054214,925,0,0,0,0,0,0,0,0,1,0,0,0,0,0,0,35,0,0,0,0,0,0,0,0,0,0,0,0,0,0,0,39,0.16231729090213776,0.06982944905757904,0.1860683560371399,0.14976118505001068,0.0036479999999999985
1466,49398.0,875.0,50273.0,50273.0,0.98259503113003,14.0,0.014,71.0,42298.0,38.0,33.0,9.0,5.0,26093.0,23305.0,477.0,199.0,323.0,601.0,42298.0,422.98,100.0,1000,0,1000,0.2120206248946488,929,0,0,0,0,0,0,0,0,0,0,0,1,0,0,0,37,0,0,0,0,0,0,0,0,0,0,0,0,0,0,0,33,0.26681068539619446,0.11258584260940552,0.30931156873703003,0.11871936172246933,0.003629999999999998
1467,49174.0,1351.0,50525.0,50525.0,0.9732607619990103,16.0,0.016,73.0,41874.0,35.0,38.0,11.0,5.0,23285.0,25889.0,768.0,171.0,32.0,629.0,41874.0,418.74000000000024,100.0,1000,0,1000,0.21171949990093708,927,0,1,0,0,0,0,0,0,0,0,0,0,0,0,0,34,0,0,0,0,0,0,0,0,0,0,0,0,0,0,0,38,0.19005002081394196,-0.05536056309938431,0.49175316095352173,0.12901464104652405,0.003611999999999997
1468,49934.0,1516.0,51450.0,51450.0,0.9705344995140913,17.0,0.017,74.0,42534.0,37.0,37.0,11.0,6.0,25059.0,24875.0,402.0,677.0,398.0,123.0,42534.0,425.3399999999998,100.0,1000,0,1000,0.2122143330052495,926,0,0,0,0,0,0,0,0,1,0,0,0,0,0,0,36,0,0,0,0,0,0,0,0,0,0,0,0,0,0,0,37,0.3333866596221924,0.013812068849802017,0.6400614976882935,0.12692387402057648,0.003594
1469,49212.0,1939.0,51151.0,51151.0,0.9620926277101132,24.0,0.024,73.0,41912.0,37.0,36.0,14.0,10.0,24942.0,24270.0,459.25,495.0,340.75,305.0,41912.0,419.11999999999955,100.0,1000,0,1000,0.21234533400274813,927,0,1,0,0,0,0,0,0,0,0,0,1,0,0,0,35,0,0,0,0,0,0,0,0,0,0,0,0,0,0,0,36,0.11557716876268387,-0.05460000038146973,0.34127795696258545,0.1291414499282837,0.0035759999999999993
1470,49351.0,1121.0,50472.0,50472.0,0.9777896655571406,12.0,0.012,74.0,41951.0,35.0,39.0,8.0,4.0,23718.0,25633.0,741.0,527.25,59.0,272.75,41951.0,419.50999999999976,100.0,1000,0,1000,0.21134404209442437,926,0,0,0,0,0,0,0,0,0,0,1,0,0,0,0,34,0,1,0,0,0,0,0,0,0,0,0,0,0,0,0,38,0.21787336468696594,0.04713122546672821,0.3423786759376526,0.12568730115890503,0.003558000000000002
1471,49293.0,1856.0,51149.0,51149.0,0.9637138555983499,20.0,0.02,72.0,42093.0,38.0,34.0,7.0,13.0,25780.0,23513.0,439.875,597.75,360.125,202.25,42093.0,420.93000000000075,100.0,1000,0,1000,0.2123904579784721,928,0,0,0,0,0,0,0,0,0,0,1,0,0,0,0,37,0,0,0,0,0,0,0,0,0,1,0,0,0,0,0,33,0.35323381423950195,0.046775054186582565,0.6135990023612976,0.09624879062175751,0.003539999999999998
1472,49855.0,1468.0,51323.0,51323.0,0.9713968396235606,14.0,0.014,74.0,42455.0,37.0,37.0,9.0,5.0,25164.0,24691.0,692.0,765.0,108.0,35.0,42455.0,424.55000000000103,100.0,1000,0,1000,0.21190745802596211,926,0,0,0,0,0,0,0,0,0,0,0,0,0,0,0,37,0,0,0,0,0,0,0,0,0,0,0,0,0,0,0,37,0.16871772706508636,-0.164878711104393,0.6680266857147217,0.11837268620729446,0.0035219999999999974
1473,48255.0,744.0,48999.0,48999.0,0.9848160166534011,9.0,0.009,69.0,41355.0,36.0,33.0,3.0,6.0,24902.0,23353.0,582.0,263.0,218.0,537.0,41355.0,413.5500000000004,100.0,1000,0,1000,0.2124237921088934,931,0,0,0,0,0,0,0,0,0,0,0,0,0,0,0,36,0,0,0,0,0,0,0,0,0,0,0,0,0,0,0,33,0.2194499373435974,0.08267201483249664,0.27439239621162415,0.11936953663825989,0.003504
1474,49752.0,905.0,50657.0,50657.0,0.9821347493929763,15.0,0.015,73.0,42452.0,35.0,38.0,9.0,6.0,23992.0,25760.0,617.0,102.0,183.0,0.0,42452.0,424.51999999999987,100.0,1000,0,1000,0.21177295781672,927,0,0,0,0,0,0,0,0,0,0,0,0,0,0,0,35,0,0,0,0,0,0,0,0,0,0,0,0,0,0,0,38,0.10817006230354309,-0.029805107042193413,0.2767796218395233,0.11894518882036209,0.0034859999999999995
1475,48780.0,1468.0,50248.0,50248.0,0.9707849068619646,17.0,0.017,72.0,41580.0,37.0,35.0,10.0,7.0,24736.0,24044.0,562.0,492.0,238.0,308.0,41580.0,415.8000000000003,100.0,1000,0,1000,0.21197266690433025,928,0,0,0,0,0,0,0,0,0,0,1,0,0,0,0,36,0,0,0,0,0,0,0,0,0,0,0,0,0,0,0,35,0.48922955989837646,0.043255336582660675,0.8926529884338379,0.10157757997512817,0.003467999999999999
1476,48120.0,922.0,49042.0,49042.0,0.9811997879368705,10.0,0.01,71.0,41020.0,36.0,35.0,4.0,6.0,24562.0,23558.0,434.0,691.0,366.0,109.0,41020.0,410.1999999999995,100.0,1000,0,1000,0.21234945906326175,929,0,1,0,0,0,0,0,0,0,0,0,0,0,0,0,35,0,0,0,0,0,0,0,0,0,0,0,0,0,0,0,35,0.2524344027042389,0.05768955871462822,0.3904683589935303,0.14183151721954346,0.0034500000000000017
1477,50755.0,670.0,51425.0,51425.0,0.9869713174526009,10.0,0.01,73.0,43455.0,36.0,37.0,5.0,5.0,25078.0,25677.0,486.0,331.0,314.0,469.0,43455.0,434.5500000000003,100.0,1000,0,1000,0.21163079189136624,927,0,0,0,0,0,0,0,0,0,0,0,0,0,0,0,36,0,0,0,0,0,0,0,0,0,0,0,0,0,0,0,37,0.07905263453722,-0.13510927557945251,0.42924246191978455,0.1338353455066681,0.003432000000000001
1478,49231.0,2203.0,51434.0,51434.0,0.9571684100011666,26.0,0.026,70.0,42231.0,32.0,38.0,19.0,7.0,23222.0,26009.0,410.0,574.0,390.0,226.0,42231.0,422.309999999999,100.0,1000,0,1000,0.21218291716650128,930,0,0,0,0,0,0,0,0,0,0,0,0,0,0,0,32,0,0,0,0,0,0,0,0,0,0,0,0,0,0,0,38,0.24587205052375793,-0.050139427185058594,0.5928150415420532,0.11600428819656372,0.003413999999999997
1479,48826.0,1020.0,49846.0,49846.0,0.979536973879549,17.0,0.017,69.0,41926.0,34.0,35.0,10.0,7.0,24150.0,24676.0,314.0,634.0,486.0,166.0,41926.0,419.25999999999976,100.0,1000,0,1000,0.21135970787145197,931,0,0,0,0,0,0,0,0,0,0,0,0,0,0,0,34,0,0,0,0,0,0,0,0,0,0,0,0,0,0,0,35,0.20119071006774902,-0.0043103573843836784,0.41200974583625793,0.14835192263126373,0.0033959999999999997
1480,49055.0,633.0,49688.0,49688.0,0.987260505554661,9.0,0.009,71.0,41955.0,36.0,35.0,3.0,6.0,24445.0,24610.0,635.25,439.0,164.75,361.0,41955.0,419.5500000000002,100.0,1000,0,1000,0.2124041251372546,929,0,0,0,0,0,0,0,0,0,0,0,1,0,0,0,35,0,0,0,0,0,0,0,0,0,0,0,0,0,0,0,35,0.18610195815563202,0.0522037111222744,0.268730491399765,0.13824890553951263,0.003377999999999999
1481,49015.0,371.0,49386.0,49386.0,0.9924877495646539,7.0,0.007,72.0,41815.0,36.0,36.0,4.0,3.0,24317.0,24698.0,648.0,315.0,152.0,485.0,41815.0,418.15000000000015,100.0,1000,1,999,0.21244141599163413,928,0,0,0,0,0,0,0,0,0,0,0,0,0,0,0,36,0,0,0,0,0,0,0,0,0,0,0,0,0,0,0,36,0.0012087312061339617,-0.08613099902868271,0.17560790479183197,0.13816136121749878,0.0033599999999999984
1482,49270.0,1158.0,50428.0,50428.0,0.9770365669865948,17.0,0.017,71.0,42170.0,40.0,31.0,8.0,9.0,27409.0,21861.0,459.0,413.0,341.0,387.0,42170.0,421.69999999999936,100.0,1000,0,1000,0.211668707896024,929,0,0,0,0,0,0,0,0,0,0,0,0,0,0,0,40,0,0,0,0,0,0,0,0,0,0,0,0,0,0,0,31,0.25895848870277405,0.0859939232468605,0.3468397855758667,0.13624529540538788,0.0033420000000000012
1483,47901.0,650.0,48551.0,48551.0,0.9866120162303557,11.0,0.011,71.0,40801.0,35.0,36.0,6.0,5.0,23773.0,24128.0,388.0,138.0,412.0,15.0,40801.0,408.0099999999999,100.0,1000,0,1000,0.21196616697125137,929,0,0,0,0,0,0,0,0,0,0,0,0,0,0,0,35,0,0,0,0,0,0,0,0,0,0,0,0,0,0,0,36,0.1942942887544632,0.050286151468753815,0.2888978123664856,0.1326005607843399,0.0033240000000000006
1484,49368.0,909.0,50277.0,50277.0,0.9819201623008533,12.0,0.012,73.0,42068.0,39.0,34.0,9.0,3.0,26520.0,22848.0,328.0,222.0,472.0,578.0,42068.0,420.68000000000035,100.0,1000,0,1000,0.21163475001230836,927,0,0,0,0,0,0,0,0,0,0,0,0,0,0,0,39,0,0,0,0,0,0,0,0,0,1,0,0,0,0,0,33,0.1777467280626297,-0.018202437087893486,0.39261776208877563,0.10880561172962189,0.003306
1485,49555.0,2485.0,52040.0,52040.0,0.9522482705611068,26.0,0.026,71.0,42455.0,36.0,35.0,9.0,17.0,24746.0,24809.0,317.0,312.0,483.0,488.0,42455.0,424.55000000000103,100.0,1000,0,1000,0.2124031251296401,929,0,0,0,0,0,0,0,0,0,0,0,0,0,0,0,36,0,0,0,0,0,0,0,0,0,0,0,0,0,0,0,35,0.31134793162345886,0.055138565599918365,0.5130074620246887,0.08952143788337708,0.0032879999999999993
1486,49291.0,1231.0,50522.0,50522.0,0.9756343771030442,18.0,0.018,71.0,42191.0,36.0,35.0,9.0,9.0,25000.0,24291.0,166.0,763.0,634.0,37.0,42191.0,421.9099999999992,100.0,1000,0,1000,0.21195833408273757,929,0,0,0,0,0,0,0,0,0,0,0,0,0,0,0,36,0,0,0,0,0,0,0,0,0,0,0,0,0,0,0,35,0.20346568524837494,0.016175126656889915,0.37531960010528564,0.1129159927368164,0.0032699999999999986
1487,46959.0,727.0,47686.0,47686.0,0.9847544352640187,8.0,0.008,69.0,40059.0,33.0,36.0,4.0,4.0,22198.0,24761.0,654.0,438.0,146.0,362.0,40059.0,400.5899999999993,100.0,1000,0,1000,0.21200924995355308,931,0,0,0,0,0,0,0,0,0,0,0,0,0,0,0,33,0,0,0,0,0,0,0,0,0,0,0,0,0,0,0,36,0.2279101461172104,0.020273594185709953,0.41599801182746887,0.1114581897854805,0.003251999999999998
1488,49067.0,1352.0,50419.0,50419.0,0.9731847121124972,17.0,0.017,71.0,41967.0,35.0,36.0,8.0,9.0,24499.0,24568.0,604.0,129.0,196.0,0.0,41967.0,419.6700000000002,100.0,1000,0,1000,0.2118226250167936,929,0,0,0,0,0,0,0,0,0,0,0,0,0,0,0,35,0,0,0,0,0,0,0,0,0,0,0,0,0,0,0,36,0.17999771237373352,-0.07085110992193222,0.50241619348526,0.11109015345573425,0.0032340000000000008
1489,49234.0,1011.0,50245.0,50245.0,0.9798785948850632,15.0,0.015,72.0,42034.0,35.0,37.0,11.0,4.0,24199.0,25035.0,604.0,435.0,196.0,365.0,42034.0,420.3400000000002,100.0,1000,0,1000,0.21222162479534745,928,0,0,0,0,0,0,0,0,0,0,0,0,0,0,0,35,0,0,0,0,0,0,0,0,0,0,0,0,0,0,0,37,0.21908150613307953,0.08541733026504517,0.26808756589889526,0.11803808063268661,0.003216
1490,48610.0,761.0,49371.0,49371.0,0.9845860930505762,14.0,0.014,68.0,41810.0,35.0,33.0,7.0,7.0,25360.0,23250.0,291.0,426.0,509.0,374.0,41810.0,418.10000000000036,100.0,1000,0,1000,0.21159829199314117,932,0,0,0,0,0,0,0,0,0,0,0,0,0,0,0,35,0,0,0,0,0,0,0,0,0,0,0,0,0,0,0,33,0.13536927103996277,0.022405533120036125,0.22669658064842224,0.12024989724159241,0.0031979999999999995
1491,48998.0,1446.0,50444.0,50444.0,0.9713345492030767,21.0,0.021,70.0,41998.0,36.0,34.0,12.0,9.0,25512.0,23486.0,343.0,396.0,457.0,404.0,41998.0,419.9800000000003,100.0,1000,0,1000,0.21188616706058383,930,0,0,0,0,0,0,0,0,0,0,0,0,0,0,0,36,0,0,0,0,0,0,0,0,0,0,0,0,0,0,0,34,0.21533234417438507,0.002427594503387809,0.4264553189277649,0.1015438511967659,0.003179999999999999
1492,50036.0,1385.0,51421.0,51421.0,0.9730654790844208,21.0,0.021,72.0,42836.0,34.0,38.0,10.0,11.0,23502.0,26534.0,509.0,766.0,291.0,34.0,42836.0,428.36,100.0,1000,0,1000,0.21147787501104176,928,0,0,0,0,0,0,0,0,0,0,0,0,0,0,0,34,0,0,0,0,0,0,0,0,0,0,0,0,0,0,0,38,0.19903823733329773,0.04344606772065163,0.3120063841342926,0.12998616695404053,0.003161999999999998
1493,49552.0,706.0,50258.0,50258.0,0.9859524851764894,12.0,0.012,71.0,42452.0,35.0,36.0,10.0,2.0,25011.0,24541.0,443.0,761.0,357.0,39.0,42452.0,424.5200000000003,100.0,1000,0,1000,0.21190987504087389,929,0,0,0,0,0,0,0,0,0,0,0,0,0,0,0,35,0,0,0,0,0,0,0,0,0,0,0,0,0,0,0,36,0.011407513171434402,-0.08658914268016815,0.19675393402576447,0.1209641546010971,0.0031439999999999975
1494,46718.0,1963.0,48681.0,48681.0,0.9596762597317229,22.0,0.022,66.0,40118.0,32.0,34.0,12.0,10.0,23063.0,23655.0,395.0,31.0,405.0,0.0,40118.0,401.17999999999927,100.0,1000,0,1000,0.21138308313675225,934,0,0,0,0,0,0,0,0,0,0,0,0,0,0,0,32,0,0,0,0,0,0,0,0,0,0,0,0,0,0,0,34,0.3191843330860138,0.015398652292788029,0.608324408531189,0.12044941633939743,0.0031260000000000003
1495,49270.0,1688.0,50958.0,50958.0,0.9668746811099337,19.0,0.019,70.0,42270.0,36.0,34.0,7.0,12.0,25412.0,23858.0,292.0,56.0,508.0,0.0,42270.0,422.7000000000002,100.0,1000,0,1000,0.21264916681684554,930,0,0,0,0,0,0,0,0,0,0,0,0,0,0,0,36,0,0,0,0,0,0,0,0,0,0,0,0,0,0,0,34,0.1949528157711029,-0.06318169087171555,0.5172107219696045,0.15149424970149994,0.0031079999999999997
1496,49510.0,1153.0,50663.0,50663.0,0.9772417740757555,17.0,0.017,71.0,42410.0,36.0,35.0,9.0,8.0,24934.0,24576.0,496.0,541.0,304.0,259.0,42410.0,424.0999999999992,100.0,1000,0,1000,0.21246999991126359,929,0,0,0,0,0,0,0,0,0,0,0,0,0,0,0,36,0,0,0,0,0,0,0,0,0,1,0,0,0,0,0,34,0.10249786078929901,-0.07956059277057648,0.364940881729126,0.13332822918891907,0.003089999999999999
1497,46499.0,1993.0,48492.0,48492.0,0.9589004371855151,20.0,0.02,66.0,39899.0,37.0,29.0,11.0,9.0,25790.0,20709.0,585.0,239.0,215.0,561.0,39899.0,398.98999999999967,100.0,1000,0,1000,0.21174087491817772,934,0,0,0,0,0,0,0,0,0,0,0,0,0,0,0,37,0,0,0,0,0,0,0,0,0,0,0,0,0,0,0,29,0.22129219770431519,-0.027936941012740135,0.49920758605003357,0.1219613254070282,0.003072000000000002
1498,49187.0,888.0,50075.0,50075.0,0.9822666000998502,15.0,0.015,71.0,42087.0,35.0,36.0,9.0,6.0,24877.0,24310.0,583.0,704.0,217.0,96.0,42087.0,420.8699999999995,100.0,1000,0,1000,0.21186891687102616,929,0,0,0,0,0,0,0,0,0,0,0,0,0,0,0,35,0,0,0,0,0,0,0,0,0,0,0,0,0,0,0,36,0.07871538400650024,0.01614955998957157,0.12584558129310608,0.11688388884067535,0.0030539999999999977
1499,49234.0,1073.0,50307.0,50307.0,0.978670960303735,19.0,0.019,71.0,42134.0,35.0,36.0,8.0,11.0,24161.0,25073.0,635.0,679.0,165.0,121.0,42134.0,421.3400000000002,100.0,1000,0,1000,0.2111223340034485,929,0,0,0,0,0,0,0,0,0,0,0,0,0,0,0,35,0,0,0,0,0,0,0,0,0,0,0,0,0,0,0,36,0.080623097717762,-0.04117162898182869,0.24430003762245178,0.11702749878168106,0.003035999999999997
1500,48188.0,1265.0,49453.0,49453.0,0.9744201565122439,10.0,0.01,70.0,41188.0,36.0,34.0,3.0,7.0,24676.0,23512.0,476.0,319.0,324.0,481.0,41188.0,411.8800000000004,100.0,1000,0,1000,0.21216216683387756,930,0,0,0,0,0,0,0,0,0,0,0,0,0,0,0,36,0,0,0,0,0,0,0,0,0,0,0,0,0,0,0,34,0.28230157494544983,-0.0144486203789711,0.5942820310592651,0.12949629127979279,0.003018
