episode,settled_value,dropped_value,total_value,total_transaction_value,value_accept_ratio,drops,drop_rate,flushes,money,flush_A_count,flush_B_count,drop_A_count,drop_B_count,settled_A_value,settled_B_value,available_A,available_B,committed_A,committed_B,episode_return,training_reward_return,reward_scale,steps,settle_action_0,settle_action_1,elapsed_sec,flush_action_0,flush_action_1,flush_action_2,flush_action_3,flush_action_4,flush_action_5,flush_action_6,flush_action_7,flush_action_8,flush_action_9,flush_action_10,flush_action_11,flush_action_12,flush_action_13,flush_action_14,flush_action_15,flush_action_16,flush_action_17,flush_action_18,flush_action_19,flush_action_20,flush_action_21,flush_action_22,flush_action_23,flush_action_24,flush_action_25,flush_action_26,flush_action_27,flush_action_28,flush_action_29,flush_action_30,flush_action_31,flush_action_32,loss,policy_loss,value_loss,entropy,entropy_coef
1,25627.0,24677.0,50304.0,50304.0,0.5094425890585241,486.0,0.486,902.0,-64573.0,462.0,440.0,231.0,255.0,13493.0,12134.0,1173.698358749989,1153.903373864515,3.082223583985545,46.09662613548291,-64573.0,-645.7300000000002,100.0,1000,486,514,0.11283316707704216,33,27,23,42,28,36,33,29,24,29,30,28,36,41,31,23,27,29,39,26,30,29,27,31,34,30,31,22,26,32,28,37,29,42.88200759887695,0.003299782983958721,86.00857543945312,4.18599271774292,0.03
2,24192.0,24803.0,48995.0,48995.0,0.49376466986427187,502.0,0.502,888.0,-64608.0,483.0,405.0,255.0,247.0,12687.0,11505.0,1151.8827336743395,1130.4999999999993,47.34914572676891,36.650390625,-64608.0,-646.0800000000003,100.0,1000,502,498,0.10883391695097089,36,34,46,26,28,36,46,30,23,36,28,26,32,30,36,37,30,28,31,19,25,22,26,35,26,29,30,27,22,21,26,41,32,42.93254470825195,0.030414683744311333,86.05516052246094,4.18539571762085,0.029973
3,24283.0,26496.0,50779.0,50779.0,0.47820949605151736,526.0,0.526,894.0,-65117.0,463.0,431.0,264.0,262.0,12695.0,11588.0,1092.4164933916416,1150.9999999999993,107.58350660835785,3.0625,-65117.0,-651.1699999999994,100.0,1000,526,474,0.1093976249685511,30,37,22,28,42,33,35,29,29,31,32,34,30,34,35,19,31,28,27,21,30,34,36,37,28,31,34,25,25,20,25,36,32,41.48111343383789,-0.08979708701372147,83.39241027832031,4.184036731719971,0.029946
4,26241.0,24019.0,50260.0,50260.0,0.5221050537206526,485.0,0.485,898.0,-63559.0,452.0,446.0,245.0,240.0,12915.0,13326.0,1133.8751902803806,1129.450958099433,12.555697503284492,70.5490419005668,-63559.0,-635.5899999999999,100.0,1000,485,515,0.11132625001482666,33,29,29,32,30,31,44,37,27,32,21,32,24,35,31,29,23,46,41,33,31,25,27,24,23,31,33,32,29,24,21,30,31,40.513526916503906,0.04892832413315773,81.17945098876953,4.182199478149414,0.029918999999999998
5,26598.0,24202.0,50800.0,50800.0,0.5235826771653543,473.0,0.473,848.0,-58202.0,425.0,423.0,235.0,238.0,13014.0,13584.0,1129.4044220106837,1098.7499999999993,48.61833543649833,56.953125,-58202.0,-582.0199999999999,100.0,1000,473,527,0.10888524993788451,54,23,37,37,30,29,36,21,31,32,28,29,23,25,29,35,35,28,37,26,27,29,25,27,23,26,28,24,40,28,30,32,36,33.76121139526367,0.010665745474398136,67.7509536743164,4.179443836212158,0.029892
6,22973.0,26695.0,49668.0,49668.0,0.4625312072159137,529.0,0.529,843.0,-61327.0,418.0,425.0,270.0,259.0,11571.0,11402.0,1073.3500639796246,1168.0926711056368,62.412484005093575,3.4898640978208277,-61327.0,-613.2700000000007,100.0,1000,529,471,0.10922862496227026,40,30,33,33,33,27,23,23,29,34,29,36,32,26,21,27,30,40,28,30,36,17,29,32,22,28,32,28,28,27,36,33,48,35.06359100341797,-0.1159588024020195,70.60848999023438,4.175294876098633,0.029865
7,25910.0,25758.0,51668.0,51668.0,0.5014709297824572,500.0,0.5,830.0,-57090.0,432.0,398.0,256.0,244.0,13515.0,12395.0,1199.9990022182453,859.6217041015623,0.0007483363151550293,27.9216570854187,-57090.0,-570.8999999999999,100.0,1000,500,500,0.1083081669639796,42,28,29,22,34,24,34,28,22,43,35,19,28,25,35,30,30,36,26,28,25,25,35,33,23,28,29,28,27,27,35,37,50,29.83487892150879,-0.08285124599933624,60.08425521850586,4.169060230255127,0.029838
8,25820.0,24018.0,49838.0,49838.0,0.5180785745816445,491.0,0.491,848.0,-58980.0,402.0,446.0,247.0,244.0,12619.0,13201.0,1140.4414336681366,1147.0,0.0,23.1875,-58980.0,-589.7999999999998,100.0,1000,491,509,0.10826629202347249,45,34,32,34,37,22,23,23,28,30,27,31,26,22,34,19,29,39,41,28,19,19,29,31,25,34,31,39,19,34,36,29,51,32.705135345458984,0.012190381065011024,65.63392639160156,4.160259246826172,0.029810999999999997
9,25410.0,24223.0,49633.0,49633.0,0.5119577700320351,483.0,0.483,823.0,-56890.0,418.0,405.0,245.0,238.0,12706.0,12704.0,1167.9653530120845,1043.3149490356445,22.02381980419159,10.60777622461319,-56890.0,-568.9000000000004,100.0,1000,483,517,0.10857770801521838,43,35,23,22,32,18,33,24,35,40,32,36,22,13,36,27,35,28,27,21,27,24,38,22,25,29,22,30,23,32,39,39,68,29.796356201171875,-0.006984809413552284,59.853759765625,4.147837162017822,0.029783999999999998
10,26539.0,24055.0,50594.0,50594.0,0.5245483654188243,470.0,0.47,826.0,-56061.0,362.0,464.0,257.0,213.0,12325.0,14214.0,1118.2897213873705,1151.9507921890465,81.7102786126294,0.0,-56061.0,-560.6100000000002,100.0,1000,470,530,0.10793075000401586,38,22,26,14,24,35,26,15,31,33,37,26,18,15,35,23,41,33,26,20,28,28,45,34,24,39,27,22,37,25,37,52,64,29.341629028320312,0.07877549529075623,58.77161407470703,4.1318864822387695,0.029757
11,27820.0,24139.0,51959.0,51959.0,0.5354221597798264,456.0,0.456,826.0,-54780.0,374.0,452.0,233.0,223.0,14102.0,13718.0,1131.999999999999,1196.2499999999995,25.5,0.0,-54780.0,-547.8000000000002,100.0,1000,456,544,0.11123249994125217,50,29,21,19,36,19,27,28,35,41,32,24,20,21,23,20,38,33,29,30,23,35,34,28,26,39,27,25,31,27,26,34,70,27.616573333740234,0.11472884565591812,55.24817657470703,4.111808776855469,0.02973
12,26575.0,24181.0,50756.0,50756.0,0.5235834187091182,470.0,0.47,816.0,-55025.0,400.0,416.0,225.0,245.0,12618.0,13957.0,1199.9492311477652,1069.171875,0.01903831958770752,93.2373046875,-55025.0,-550.2499999999999,100.0,1000,470,530,0.1080509580206126,59,17,22,21,35,32,17,31,26,28,22,23,19,18,38,31,43,42,26,24,23,23,33,28,28,34,24,30,24,27,38,33,81,25.354721069335938,-0.04555496200919151,51.0432014465332,4.08461332321167,0.029703
13,24808.0,25569.0,50377.0,50377.0,0.49244694999702243,476.0,0.476,795.0,-54692.0,360.0,435.0,243.0,233.0,12058.0,12750.0,1199.9999999999998,1094.0,0.0,0.0,-54692.0,-546.9200000000005,100.0,1000,476,524,0.10812295798677951,61,32,23,21,32,32,21,12,24,33,26,25,25,13,26,25,52,39,24,22,22,18,31,24,31,31,25,35,26,29,33,36,91,23.759788513183594,-0.08827142417430878,47.93647766113281,4.0496745109558105,0.029675999999999998
14,29539.0,20771.0,50310.0,50310.0,0.5871397336513615,421.0,0.421,768.0,-47261.0,333.0,435.0,230.0,191.0,13934.0,15605.0,1067.2578124999998,1200.0,132.7421875,0.0,-47261.0,-472.6099999999998,100.0,1000,421,579,0.10850099998060614,80,29,17,20,27,25,15,21,26,26,25,16,17,15,17,24,48,30,29,19,26,28,35,27,35,33,24,31,26,22,26,56,105,17.217472076416016,-0.06442786753177643,34.801578521728516,4.009879112243652,0.029649
15,28764.0,22570.0,51334.0,51334.0,0.5603303853196712,442.0,0.442,757.0,-46936.0,325.0,432.0,222.0,220.0,14317.0,14447.0,1196.5625,1045.9682617187498,3.4375,43.99832367897034,-46936.0,-469.3599999999994,100.0,1000,442,558,0.10806062503252178,76,12,29,21,26,23,16,13,21,37,26,24,16,10,36,20,56,33,36,28,11,26,36,37,31,34,15,31,33,21,28,39,99,17.05158805847168,0.026219746097922325,34.28559494018555,3.964285373687744,0.029622
16,27913.0,23023.0,50936.0,50936.0,0.5480014135385581,446.0,0.446,711.0,-43187.0,314.0,397.0,213.0,233.0,14095.0,13818.0,1036.3308387398715,1187.203125,16.91623487637844,12.796875,-43187.0,-431.87000000000063,100.0,1000,446,554,0.10850279103033245,95,17,23,14,28,19,15,17,21,33,29,22,13,8,19,29,61,40,26,25,22,17,37,28,21,45,15,29,22,18,24,26,142,14.30072021484375,0.08020590245723724,28.672101974487305,3.9039101600646973,0.029595
17,27840.0,22104.0,49944.0,49944.0,0.557424315233061,453.0,0.453,704.0,-42560.0,322.0,382.0,213.0,240.0,15502.0,12338.0,924.1224776078934,1199.9999999999998,0.0,0.0,-42560.0,-425.6000000000003,100.0,1000,453,547,0.11158354196231812,109,25,20,12,27,22,25,9,15,33,31,20,15,11,18,28,55,27,26,20,21,21,34,32,27,40,11,36,24,21,22,31,132,12.3648681640625,0.011715524829924107,24.93260955810547,3.826840877532959,0.029568
18,27185.0,22704.0,49889.0,49889.0,0.5449096995329632,449.0,0.449,671.0,-39915.0,301.0,370.0,224.0,225.0,13507.0,13678.0,1123.0,1196.4521992206573,4.8125,0.0,-39915.0,-399.1500000000001,100.0,1000,449,551,0.10747679206542671,112,16,21,20,16,19,26,12,19,27,22,21,17,7,19,28,73,26,31,18,27,10,23,30,24,36,15,23,17,15,26,37,167,9.178616523742676,-0.027455192059278488,18.63272476196289,3.7334625720977783,0.029540999999999998
19,28534.0,21555.0,50089.0,50089.0,0.5696659945297371,427.0,0.427,647.0,-36166.0,270.0,377.0,226.0,201.0,14998.0,13536.0,1200.0,1148.0,0.0,52.0,-36166.0,-361.65999999999985,100.0,1000,427,573,0.10778179205954075,140,15,18,7,17,11,23,10,15,24,30,21,5,8,14,17,83,26,27,21,22,14,29,17,21,43,19,24,25,20,17,40,177,7.398470878601074,-0.024092456325888634,15.058463096618652,3.6141505241394043,0.029514
20,27587.0,22449.0,50036.0,50036.0,0.5513430330162283,435.0,0.435,608.0,-33213.0,240.0,368.0,204.0,231.0,13571.0,14016.0,1128.9375,1167.66015625,0.0,0.0,-33213.0,-332.12999999999965,100.0,1000,435,565,0.10799112496897578,136,14,17,9,15,16,14,6,10,21,24,6,10,10,17,15,103,45,23,23,17,11,27,20,25,47,12,18,17,24,19,28,201,4.522528648376465,-0.09690108150243759,9.445055961608887,3.496405839920044,0.029487
21,29700.0,20668.0,50368.0,50368.0,0.5896601016518425,435.0,0.435,579.0,-28200.0,239.0,340.0,232.0,203.0,14228.0,15472.0,1115.5186264514923,1122.0,79.20128770172596,10.6640625,-28200.0,-281.9999999999997,100.0,1000,435,565,0.10795279196463525,180,17,21,2,10,8,9,9,14,20,10,13,11,13,23,16,103,23,23,18,15,9,18,20,16,41,12,22,20,18,20,20,226,3.0320558547973633,-0.06277547031641006,6.38891077041626,3.3816771507263184,0.02946
22,29648.0,22678.0,52326.0,52326.0,0.5666016894087069,432.0,0.432,521.0,-22452.0,212.0,309.0,226.0,206.0,15200.0,14448.0,955.25,1200.0,244.75,0.0,-22452.0,-224.5199999999997,100.0,1000,432,568,0.10839504096657038,211,9,14,7,19,12,11,9,8,14,11,13,9,7,7,10,98,20,26,15,10,14,23,18,21,42,7,15,13,19,20,16,252,1.990405559539795,-0.03983033448457718,4.251192569732666,3.2399094104766846,0.029432999999999997
23,26238.0,20877.0,47115.0,47115.0,0.5568927093282394,444.0,0.444,514.0,-25162.0,214.0,300.0,246.0,198.0,14042.0,12196.0,1127.0,1200.0,73.0,0.0,-25162.0,-251.61999999999975,100.0,1000,444,556,0.11138424999080598,198,14,14,5,9,8,11,6,9,17,7,9,7,3,13,12,102,20,13,15,7,9,20,17,10,38,10,20,9,9,23,21,315,2.189805746078491,-0.012750296853482723,4.589375972747803,3.1330997943878174,0.029405999999999998
24,29747.0,20885.0,50632.0,50632.0,0.5875138252488544,408.0,0.408,490.0,-19253.0,174.0,316.0,201.0,207.0,14219.0,15528.0,1137.0,1200.0,63.0,0.0,-19253.0,-192.53000000000011,100.0,1000,408,592,0.10803641600068659,206,13,14,9,9,21,13,4,5,12,12,5,3,3,8,8,96,21,20,19,11,9,23,20,11,28,4,20,10,6,25,23,309,1.4074311256408691,0.019815053790807724,2.9576869010925293,3.105191946029663,0.029379
25,28992.0,20082.0,49074.0,49074.0,0.5907812691038025,419.0,0.419,502.0,-21208.0,180.0,322.0,200.0,219.0,15187.0,13805.0,960.0,1127.0,0.0,31.9375,-21208.0,-212.07999999999979,100.0,1000,419,581,0.10809254192281514,234,5,15,2,9,13,7,5,5,11,12,6,5,8,7,2,111,12,15,10,13,7,31,23,24,23,16,14,14,7,12,23,299,1.7539496421813965,-0.021532459184527397,3.7260937690734863,2.983267307281494,0.029352
26,28685.0,20319.0,49004.0,49004.0,0.5853603787445922,413.0,0.413,493.0,-20615.0,163.0,330.0,206.0,207.0,14172.0,14513.0,1129.0,1141.0,0.0,25.8125,-20615.0,-206.15000000000006,100.0,1000,413,587,0.10774525010492653,226,7,12,4,6,17,7,3,3,6,12,9,10,4,6,3,90,22,17,17,12,5,28,10,14,32,8,14,6,9,24,14,343,1.0821057558059692,0.05321088433265686,2.227374315261841,2.8914670944213867,0.029325
27,32091.0,18896.0,50987.0,50987.0,0.6293957283229058,366.0,0.366,476.0,-15509.0,178.0,298.0,167.0,199.0,16472.0,15619.0,926.0,1184.875,0.0,0.0,-15509.0,-155.0899999999999,100.0,1000,366,634,0.10800933395512402,274,10,7,1,2,15,9,6,8,12,9,7,3,4,9,7,103,20,14,9,20,4,16,4,9,22,4,19,14,6,17,11,325,1.2412374019622803,0.014732268638908863,2.6240742206573486,2.9193787574768066,0.029297999999999998
28,29761.0,18725.0,48486.0,48486.0,0.6138060471063812,388.0,0.388,454.0,-15639.0,163.0,291.0,186.0,202.0,15902.0,13859.0,1138.0,1067.8208770751953,0.0,84.0,-15639.0,-156.3899999999998,100.0,1000,388,612,0.11103045800700784,298,7,9,1,7,7,11,3,4,14,13,6,7,4,5,8,78,21,9,9,23,6,19,13,18,23,3,13,10,13,16,24,298,1.6656005382537842,-0.0007761573069728911,3.5029659271240234,2.9075281620025635,0.029271
29,34208.0,18212.0,52420.0,52420.0,0.6525753529187333,342.0,0.342,470.0,-12792.0,154.0,316.0,150.0,192.0,17701.0,16507.0,899.0,1158.0,31.0,2.296875,-12792.0,-127.91999999999993,100.0,1000,342,658,0.10892395803239197,283,11,9,6,12,3,5,3,3,7,6,11,4,2,5,11,85,9,11,11,15,10,24,18,22,31,1,8,13,5,20,12,324,1.9806549549102783,-0.08259604126214981,4.296769618988037,2.9111554622650146,0.029244
30,33188.0,16992.0,50180.0,50180.0,0.6613790354722997,334.0,0.334,489.0,-15712.0,162.0,327.0,158.0,176.0,16144.0,17044.0,831.5625,1122.0,0.0,39.0,-15712.0,-157.11999999999992,100.0,1000,334,666,0.10818654194008559,319,3,11,7,8,6,3,6,7,8,14,9,6,4,8,6,73,24,14,15,27,6,18,6,15,23,3,24,16,9,16,11,275,1.138946533203125,-0.04610971733927727,2.5348758697509766,2.819650650024414,0.029217
31,35155.0,14662.0,49817.0,49817.0,0.7056827990445029,304.0,0.304,480.0,-12845.0,135.0,345.0,155.0,149.0,17014.0,18141.0,906.6875,1141.0,0.0,0.0,-12845.0,-128.4500000000002,100.0,1000,304,696,0.11114758404437453,316,7,6,3,10,10,6,5,1,5,2,7,8,3,8,8,71,9,7,6,16,14,27,13,26,19,2,27,12,7,9,12,318,1.288775086402893,-0.0005379195790737867,2.7431344985961914,2.817891836166382,0.02919
32,32111.0,17337.0,49448.0,49448.0,0.6493892574017149,346.0,0.346,429.0,-10789.0,121.0,308.0,179.0,167.0,16247.0,15864.0,751.7177734375,1200.0,448.2822265625,0.0,-10789.0,-107.88999999999982,100.0,1000,346,654,0.1081710000289604,317,9,10,7,7,9,6,7,3,3,3,2,5,1,3,11,60,21,12,14,12,10,18,6,19,17,3,24,11,10,17,11,332,1.558142900466919,0.014458436518907547,3.251593828201294,2.815636396408081,0.029162999999999998
33,33573.0,16092.0,49665.0,49665.0,0.6759891271519178,320.0,0.32,456.0,-12027.0,145.0,311.0,174.0,146.0,16734.0,16839.0,950.379150390625,1156.0,249.620849609375,0.0,-12027.0,-120.27000000000007,100.0,1000,320,680,0.11259620892815292,342,5,5,3,12,7,3,5,5,12,7,8,4,3,12,14,53,7,15,12,13,9,20,5,21,22,5,20,15,11,7,16,302,1.1043415069580078,-0.12335958331823349,2.6152021884918213,2.7423112392425537,0.029136
34,35358.0,14496.0,49854.0,49854.0,0.7092309543868095,306.0,0.306,421.0,-6742.0,125.0,296.0,161.0,145.0,18250.0,17108.0,1104.0,1198.453125,78.0,0.62841796875,-6742.0,-67.41999999999994,100.0,1000,306,694,0.10881608305498958,366,7,6,5,3,14,10,5,7,2,8,9,7,1,5,7,40,12,10,15,12,7,15,13,17,20,7,15,16,10,21,13,295,1.250861406326294,-0.019149938598275185,2.6998331546783447,2.7450382709503174,0.029109
35,35073.0,14042.0,49115.0,49115.0,0.7140995622518579,299.0,0.299,429.0,-7827.0,110.0,319.0,150.0,149.0,16857.0,18216.0,797.78662109375,1099.0,402.21337890625,36.0,-7827.0,-78.26999999999981,100.0,1000,299,701,0.1082252919441089,364,10,3,5,5,6,6,4,4,7,6,2,7,0,6,9,33,9,11,11,19,6,18,19,16,19,5,21,12,13,7,13,324,1.3660458326339722,-0.05300304666161537,3.0004937648773193,2.7920353412628174,0.029082
36,36346.0,14119.0,50465.0,50465.0,0.7202219359952442,289.0,0.289,448.0,-8454.0,136.0,312.0,151.0,138.0,16734.0,19612.0,1160.413275024417,865.0,39.58672497558291,24.75,-8454.0,-84.53999999999994,100.0,1000,289,711,0.11154516704846174,343,11,5,5,9,8,8,7,10,9,8,5,6,1,2,5,54,15,11,8,18,16,22,5,14,15,7,13,8,10,18,13,311,1.400951623916626,-0.0185200534760952,3.003209352493286,2.826812267303467,0.029054999999999997
37,34089.0,15336.0,49425.0,49425.0,0.689711684370258,306.0,0.306,429.0,-8811.0,142.0,287.0,153.0,153.0,18268.0,15821.0,863.9989624023438,1200.0,0.0,0.0,-8811.0,-88.11000000000008,100.0,1000,306,694,0.109782624989748,371,10,8,4,10,8,12,8,4,9,5,5,6,5,8,7,44,10,14,14,16,8,20,9,15,19,8,22,11,4,7,16,283,1.2839593887329102,0.013207973912358284,2.701716661453247,2.759643077850342,0.029027999999999998
38,36391.0,13315.0,49706.0,49706.0,0.7321248943789482,286.0,0.286,433.0,-6909.0,134.0,299.0,154.0,132.0,18299.0,18092.0,1022.5517578125,1085.0,177.4482421875,0.0,-6909.0,-69.09000000000002,100.0,1000,286,714,0.10878108302131295,389,14,6,2,8,7,10,9,8,8,6,5,8,6,9,7,36,12,7,11,19,4,16,17,13,19,5,16,14,16,10,10,273,1.3057386875152588,-0.12312040477991104,3.0156147480010986,2.722261667251587,0.029001
39,35514.0,13849.0,49363.0,49363.0,0.7194457387111804,281.0,0.281,414.0,-5886.0,124.0,290.0,140.0,141.0,16972.0,18542.0,959.0,1154.0,15.0625,46.0,-5886.0,-58.86000000000007,100.0,1000,281,719,0.1111503749853,402,9,6,4,4,12,4,12,4,5,7,7,7,6,5,6,40,10,15,12,13,6,10,18,19,16,5,18,16,6,15,16,265,0.7900285720825195,-0.03343874588608742,1.8031001091003418,2.694925546646118,0.028974
40,36621.0,12397.0,49018.0,49018.0,0.7470929046472724,254.0,0.254,438.0,-7179.0,126.0,312.0,118.0,136.0,17290.0,19331.0,932.875,887.3125,267.125,0.0,-7179.0,-71.78999999999994,100.0,1000,254,746,0.10789054096676409,426,5,11,6,4,9,2,8,4,10,7,11,4,4,11,5,36,16,16,14,12,9,14,12,13,15,7,12,17,14,15,16,235,0.8459338545799255,0.011484306305646896,1.8179970979690552,2.57536244392395,0.028947
41,37779.0,11454.0,49233.0,49233.0,0.7673511669002498,231.0,0.231,403.0,-2521.0,115.0,288.0,118.0,113.0,18415.0,19364.0,550.123291015625,1200.0,649.876708984375,0.0,-2521.0,-25.21000000000005,100.0,1000,231,769,0.10811225010547787,482,5,5,5,6,7,7,3,7,13,5,6,5,4,5,8,31,10,16,15,8,12,11,11,11,13,7,14,4,7,13,6,238,1.1890368461608887,0.07202178239822388,2.383387565612793,2.582251787185669,0.028919999999999998
42,38684.0,12504.0,51188.0,51188.0,0.7557239978119872,255.0,0.255,410.0,-2316.0,122.0,288.0,118.0,137.0,18485.0,20199.0,964.8515625,1017.0,235.1484375,91.5,-2316.0,-23.159999999999986,100.0,1000,255,745,0.10813091695308685,443,8,9,6,5,6,4,10,3,7,6,5,5,5,12,9,30,4,11,14,11,9,15,21,14,17,13,19,9,5,14,15,236,1.3009841442108154,-0.0402897372841835,2.834069013595581,2.622108221054077,0.028893
43,37118.0,11783.0,48901.0,48901.0,0.7590437823357395,238.0,0.238,440.0,-6882.0,136.0,304.0,131.0,107.0,17571.0,19547.0,493.44921875,1200.0,706.55078125,0.0,-6882.0,-68.82000000000001,100.0,1000,238,762,0.10847720806486905,453,7,9,8,5,8,10,5,5,15,6,10,4,6,10,4,30,9,11,15,18,15,21,6,11,14,7,19,17,4,11,15,212,1.0012460947036743,-0.09903338551521301,2.3423173427581787,2.4554572105407715,0.028866
44,39118.0,11332.0,50450.0,50450.0,0.7753815659068385,228.0,0.228,390.0,118.0,113.0,277.0,116.0,112.0,20343.0,18775.0,581.875,1144.0,405.15478515625,56.0,118.0,1.1800000000000201,100.0,1000,228,772,0.10765520797576755,510,6,6,3,10,7,8,8,4,5,5,8,4,4,5,6,26,16,16,7,16,7,12,10,9,10,8,15,8,5,8,13,215,1.3511260747909546,0.0192403644323349,2.808483839035034,2.508970260620117,0.028839
45,38018.0,11701.0,49719.0,49719.0,0.7646573744443774,235.0,0.235,396.0,-1582.0,124.0,272.0,125.0,110.0,19325.0,18693.0,323.76527404785156,988.0,876.2347259521484,66.25,-1582.0,-15.820000000000006,100.0,1000,234,766,0.10821087495423853,497,7,8,10,9,9,8,5,8,7,12,8,5,2,5,3,24,13,10,15,11,5,12,11,17,13,5,20,13,8,13,11,196,1.154688835144043,-0.11553146690130234,2.6872541904449463,2.5477848052978516,0.028811999999999997
46,39146.0,10714.0,49860.0,49860.0,0.7851183313277176,207.0,0.207,383.0,846.0,119.0,264.0,108.0,99.0,21125.0,18021.0,550.5635986328125,1200.0,162.35910034179688,0.0,846.0,8.459999999999996,100.0,1000,207,793,0.10759454104118049,522,5,8,9,4,5,7,10,7,2,7,3,8,2,12,11,20,11,16,18,13,6,13,14,14,14,9,13,14,11,9,10,173,0.9244905710220337,-0.020276052877306938,2.0387747287750244,2.592348337173462,0.028784999999999998
47,41439.0,9100.0,50539.0,50539.0,0.8199410356358456,188.0,0.188,403.0,1139.0,116.0,287.0,80.0,108.0,19292.0,22147.0,1058.456787109375,1200.0,141.543212890625,0.0,1139.0,11.390000000000002,100.0,1000,186,814,0.11034374998416752,523,9,4,5,6,5,9,7,7,7,3,3,7,7,10,10,20,11,14,10,10,10,15,8,16,17,9,25,8,13,8,14,170,1.178871989250183,-0.05773798003792763,2.6234490871429443,2.6119563579559326,0.028758
48,40246.0,10020.0,50266.0,50266.0,0.800660486213345,200.0,0.2,404.0,-154.0,140.0,264.0,94.0,106.0,19996.0,20250.0,372.6328125,1079.0,827.3671875,90.75,-154.0,-1.5399999999999991,100.0,1000,200,800,0.10804354201536626,514,5,10,9,4,7,10,4,10,11,4,7,5,8,10,9,35,12,14,11,14,15,6,11,17,15,6,16,12,9,17,8,155,1.0332237482070923,0.09607680141925812,2.0226056575775146,2.581043004989624,0.028731
49,40919.0,9382.0,50301.0,50301.0,0.8134828333432735,191.0,0.191,422.0,-1281.0,134.0,288.0,99.0,92.0,20583.0,20336.0,822.2725563049316,1200.0,165.2557566165924,0.0,-1281.0,-12.809999999999974,100.0,1000,190,810,0.10708070802502334,518,4,10,7,7,9,13,4,7,6,10,5,5,4,9,10,28,16,20,9,13,5,16,16,13,21,12,22,9,8,11,14,139,1.461924433708191,0.08890541642904282,2.88384747505188,2.4005279541015625,0.028704
50,38455.0,9064.0,47519.0,47519.0,0.8092552452703129,193.0,0.193,392.0,-745.0,132.0,260.0,102.0,91.0,19235.0,19220.0,818.0983581542969,1063.9999999999998,0.0,136.0,-745.0,-7.449999999999999,100.0,1000,193,807,0.10795062500983477,553,10,4,5,7,8,16,7,10,7,4,6,7,5,4,6,31,15,16,12,20,6,10,10,14,19,8,14,9,8,9,14,126,1.2581590414047241,0.033258214592933655,2.5763938426971436,2.207207679748535,0.028676999999999998
51,42450.0,7443.0,49893.0,49893.0,0.8508207564187361,153.0,0.153,356.0,6850.0,130.0,226.0,76.0,77.0,22059.0,20391.0,847.4470423380844,800.396484375,352.55295766191557,0.0,6850.0,68.49999999999996,100.0,1000,153,847,0.10944312496576458,607,7,7,7,2,11,9,13,7,9,5,6,7,9,8,5,22,12,9,12,11,8,12,10,8,7,9,19,8,4,12,8,110,1.51460599899292,-0.017464689910411835,3.18355393409729,2.083989143371582,0.02865
52,41018.0,7468.0,48486.0,48486.0,0.8459761580662459,161.0,0.161,315.0,9518.0,111.0,204.0,89.0,72.0,22129.0,18889.0,553.8880777804959,1200.0,646.1119222195041,0.0,9518.0,95.18000000000004,100.0,1000,161,839,0.1076574589824304,640,3,1,6,4,6,3,11,11,13,8,5,4,8,6,6,18,16,5,12,14,6,9,3,8,9,6,11,7,6,8,12,115,1.7966887950897217,0.14087048172950745,3.431245803833008,2.0893893241882324,0.028623
53,42900.0,8119.0,51019.0,51019.0,0.8408632078245359,161.0,0.161,343.0,8600.0,130.0,213.0,79.0,82.0,21294.0,21606.0,1013.6727403327823,1056.0,11.645453729201108,72.0,8600.0,85.99999999999994,100.0,1000,161,839,0.10744308296125382,620,10,4,6,5,8,10,7,11,9,9,2,3,5,7,15,23,9,12,15,11,7,13,9,12,7,7,11,8,9,9,8,99,1.6519886255264282,-0.12350144982337952,3.669818162918091,2.077880382537842,0.028596
54,43966.0,7684.0,51650.0,51650.0,0.8512294288480154,148.0,0.148,328.0,11166.0,138.0,190.0,72.0,76.0,20739.0,23227.0,943.0,1151.0,257.0,21.4375,11166.0,111.66000000000003,100.0,1000,148,852,0.10782079200726002,639,6,7,13,1,15,9,8,7,5,15,5,6,6,11,11,18,8,5,8,11,7,11,4,11,11,7,9,8,5,4,11,98,2.076603651046753,-0.03292318806052208,4.336025238037109,2.047173261642456,0.028568999999999997
55,43707.0,7064.0,50771.0,50771.0,0.8608654546887002,156.0,0.156,333.0,10407.0,118.0,215.0,88.0,68.0,21813.0,21894.0,1028.9999999999998,1100.0,149.625,0.0,10407.0,104.07000000000012,100.0,1000,152,848,0.1100329589098692,629,11,4,9,9,10,10,13,8,4,3,5,7,2,9,2,14,11,11,9,12,14,14,11,16,11,10,9,9,6,11,6,91,1.7899383306503296,0.024933021515607834,3.645887613296509,2.029937744140625,0.028541999999999998
56,44532.0,5005.0,49537.0,49537.0,0.8989644104406807,114.0,0.114,298.0,14732.0,118.0,180.0,66.0,48.0,22009.0,22523.0,618.4160327911372,918.0,399.83897745609283,282.0,14732.0,147.32000000000022,100.0,1000,113,887,0.10787304094992578,679,8,5,4,8,10,8,5,10,8,11,8,8,2,7,10,7,9,8,9,12,7,5,2,7,11,3,10,9,8,12,5,85,2.2156012058258057,-0.08270805329084396,4.707306385040283,1.9408669471740723,0.028515
57,43295.0,6242.0,49537.0,49537.0,0.8739931768173285,128.0,0.128,296.0,13695.0,118.0,178.0,70.0,58.0,21954.0,21341.0,886.4868757799265,477.8998975753784,293.91855395631865,722.1001024246216,13695.0,136.9499999999999,100.0,1000,128,872,0.10785808297805488,677,10,6,10,16,11,7,3,3,7,6,3,3,6,4,11,12,17,9,10,12,3,5,4,6,11,9,10,5,4,7,4,89,1.4568079710006714,-0.07303998619318008,3.1633732318878174,1.8196674585342407,0.028488
58,44146.0,6415.0,50561.0,50561.0,0.873123553727181,133.0,0.133,271.0,17046.0,98.0,173.0,76.0,57.0,21519.0,22627.0,587.0244107381441,1200.0,612.9755892618559,0.0,17046.0,170.46,100.0,1000,126,874,0.10800320794805884,713,3,9,7,4,3,10,8,6,3,10,3,7,7,2,5,13,8,4,17,6,6,10,6,6,7,11,17,8,8,6,7,60,2.7884902954101562,0.020074978470802307,5.6340651512146,1.708208441734314,0.028461
59,44775.0,5627.0,50402.0,50402.0,0.8883576048569501,110.0,0.11,245.0,20275.0,88.0,157.0,57.0,53.0,21096.0,23679.0,461.2566206215523,1145.0,738.7433793784475,55.0,20275.0,202.7499999999999,100.0,1000,106,894,0.10961741604842246,735,5,5,3,4,4,7,11,5,4,10,2,3,4,5,9,7,6,9,9,8,12,6,2,21,7,5,7,8,4,9,7,57,2.416332721710205,-0.107212595641613,5.135148048400879,1.5484542846679688,0.028433999999999997
60,45308.0,4534.0,49842.0,49842.0,0.9090325428353597,92.0,0.092,235.0,21808.0,92.0,143.0,44.0,48.0,20919.0,24389.0,183.1515404661177,1095.0,1016.8484595338823,0.0,21808.0,218.08,100.0,1000,92,908,0.107855457928963,758,9,1,7,6,4,10,4,4,5,4,2,3,9,9,9,6,6,7,10,2,8,7,4,8,11,4,14,3,5,4,6,51,2.317652463912964,-0.04963519796729088,4.812219619750977,1.3666399717330933,0.028406999999999998
61,41961.0,7567.0,49528.0,49528.0,0.8472177354223873,153.0,0.153,180.0,23961.0,66.0,114.0,106.0,47.0,19031.0,22930.0,783.496337890625,1165.0,416.503662109375,35.0,23961.0,239.6099999999998,100.0,1000,84,916,0.1079541250364855,814,9,3,4,2,3,7,7,4,2,3,3,2,6,4,2,6,5,8,4,7,2,1,2,7,9,2,7,3,4,3,6,49,2.870826244354248,0.005146152805536985,5.7989301681518555,1.1904574632644653,0.02838
62,44801.0,5419.0,50220.0,50220.0,0.892094782954998,108.0,0.108,171.0,27701.0,78.0,93.0,59.0,49.0,21587.0,23214.0,636.75,920.0,563.25,280.0,27701.0,277.0099999999997,100.0,1000,78,922,0.10763770795892924,822,6,1,4,3,5,11,1,2,1,5,4,4,6,7,8,10,5,6,8,7,6,6,3,4,7,5,6,0,2,3,4,28,3.0751466751098633,0.07139044255018234,6.0682291984558105,1.0707262754440308,0.028353
63,41190.0,7154.0,48344.0,48344.0,0.8520188648022505,156.0,0.156,154.0,25790.0,65.0,89.0,111.0,45.0,18406.0,22784.0,8.86056543238243,268.3125,1191.1394345676176,369.3828125,25790.0,257.89999999999964,100.0,1000,73,927,0.10785366699565202,838,4,4,8,4,6,7,1,2,3,2,6,3,2,4,6,6,7,5,3,4,0,3,1,2,11,7,6,3,4,1,3,34,2.4611222743988037,-0.11979545652866364,5.213706016540527,0.9155972599983215,0.028326
64,40073.0,9433.0,49506.0,49506.0,0.8094574395022825,180.0,0.18,136.0,26473.0,60.0,76.0,117.0,63.0,18647.0,21426.0,782.0629691487752,860.0,417.9370308512253,340.0,26473.0,264.7299999999998,100.0,1000,53,947,0.10839675005991012,861,5,4,5,1,7,2,5,2,4,3,5,2,1,2,7,5,5,7,4,4,5,3,3,5,1,9,8,1,4,3,5,12,2.0166101455688477,-0.07460585981607437,4.227211952209473,0.7911871075630188,0.028298999999999998
65,40394.0,11441.0,51835.0,51835.0,0.7792804089900647,202.0,0.202,90.0,31394.0,41.0,49.0,138.0,64.0,17126.0,23268.0,9.27314224317513,370.0,1190.7268577568248,830.0,31394.0,313.93999999999994,100.0,1000,32,968,0.1080460409866646,908,1,1,1,2,5,3,1,7,2,2,3,1,1,6,4,1,1,3,2,3,2,0,0,0,1,2,4,1,2,2,4,24,3.6469902992248535,0.028524167835712433,7.274592876434326,0.6660404801368713,0.028272
66,34184.0,16103.0,50287.0,50287.0,0.6797780738560661,310.0,0.31,88.0,25384.0,39.0,49.0,181.0,129.0,15387.0,18797.0,16.894152577293482,208.1640625,1183.1058474227063,991.8359375,25384.0,253.84000000000003,100.0,1000,37,963,0.10973795899190009,911,1,2,4,3,6,5,1,3,1,0,3,1,5,1,2,1,2,2,7,0,2,2,1,1,2,2,2,1,1,4,2,19,1.9484896659851074,-0.04105563834309578,4.014479637145996,0.6264646053314209,0.028245
67,32728.0,17360.0,50088.0,50088.0,0.653409998402811,333.0,0.333,75.0,25228.0,35.0,40.0,190.0,143.0,15160.0,17568.0,40.50552270273329,881.0,1159.4944772972667,319.0,25228.0,252.2800000000001,100.0,1000,27,973,0.1076802919851616,924,4,2,2,2,1,4,3,4,1,0,3,1,4,0,2,2,4,2,2,1,2,0,1,3,5,1,4,0,0,2,0,14,2.0630767345428467,-0.06552466005086899,4.2887420654296875,0.5588496923446655,0.028218
68,35429.0,14746.0,50175.0,50175.0,0.7061086198305929,261.0,0.261,69.0,28529.0,36.0,33.0,139.0,122.0,17551.0,17878.0,720.8976272038863,217.0,299.4389829975711,983.0,28529.0,285.29000000000025,100.0,1000,31,969,0.109314791043289,928,0,4,2,2,1,5,1,2,2,2,0,0,5,3,5,3,2,0,2,0,3,2,2,1,0,3,1,0,1,0,0,18,2.9674017429351807,-0.08405141532421112,6.135183334350586,0.5724744200706482,0.028190999999999997
69,26937.0,22813.0,49750.0,49750.0,0.5414472361809045,455.0,0.455,65.0,20437.0,23.0,42.0,312.0,143.0,8934.0,18003.0,46.17718062440581,1129.0,1153.8228193755942,71.0,20437.0,204.36999999999998,100.0,1000,34,966,0.1077106250450015,932,4,3,3,0,0,1,0,4,0,1,2,1,0,1,2,1,3,3,4,3,2,1,1,1,4,2,2,1,1,0,7,10,2.6785643100738525,-0.04300577938556671,5.475172519683838,0.5686796307563782,0.028163999999999998
70,37057.0,12604.0,49661.0,49661.0,0.7461992307847204,245.0,0.245,82.0,28857.0,34.0,48.0,128.0,117.0,15700.0,21357.0,177.1640625,8.25,1022.8359375,1191.75,28857.0,288.5699999999998,100.0,1000,22,978,0.10755179193802178,915,1,2,2,0,1,2,3,3,3,1,2,3,5,1,2,4,1,1,2,0,2,4,3,0,1,2,5,1,1,1,5,21,2.088024377822876,0.007173418998718262,4.189910888671875,0.5012794137001038,0.028137
71,28443.0,21506.0,49949.0,49949.0,0.5694408296462392,398.0,0.398,56.0,22843.0,29.0,27.0,201.0,197.0,13195.0,15248.0,5.624975566818421,122.3349609375,1194.3750244331814,1077.6650390625,22843.0,228.4300000000001,100.0,1000,23,977,0.10745145904365927,943,3,1,4,1,0,0,1,4,1,3,0,0,4,2,4,2,0,4,2,0,3,1,1,1,1,0,1,1,0,2,3,7,1.7348599433898926,-0.020223630592226982,3.5417542457580566,0.5618478059768677,0.02811
72,34632.0,18410.0,53042.0,53042.0,0.6529165566909242,332.0,0.332,54.0,29232.0,20.0,34.0,234.0,98.0,13683.0,20949.0,41.3125,220.5915678218007,1158.6875,979.4084321781993,29232.0,292.31999999999954,100.0,1000,22,978,0.10930604196619242,945,1,0,0,0,2,2,0,3,0,0,5,2,2,0,0,3,4,3,0,1,1,2,0,1,0,0,1,1,0,2,10,9,2.3761823177337646,-0.003572378773242235,4.789250373840332,0.5295195579528809,0.028083
73,31137.0,18631.0,49768.0,49768.0,0.6256429834431764,354.0,0.354,57.0,25437.0,23.0,34.0,229.0,125.0,13477.0,17660.0,6.025146484375,5.545166015625,1193.974853515625,1194.454833984375,25437.0,254.36999999999986,100.0,1000,26,974,0.1074958749813959,938,1,1,1,1,1,2,0,2,0,1,1,1,2,1,4,4,0,2,1,2,4,0,2,2,3,0,6,0,0,2,1,14,1.527490258216858,-0.013435794971883297,3.1140565872192383,0.5739299058914185,0.028055999999999998
74,38551.0,12325.0,50876.0,50876.0,0.757744319521975,243.0,0.243,75.0,31051.0,29.0,46.0,149.0,94.0,18286.0,20265.0,566.0,1118.0,634.0,82.0,31051.0,310.50999999999965,100.0,1000,31,969,0.10763824998866767,921,1,1,1,0,1,2,1,3,0,5,0,3,1,3,5,4,0,3,0,0,4,3,0,1,2,4,5,1,0,0,11,14,1.451958179473877,-0.014264039695262909,2.9630439281463623,0.5458575487136841,0.028029
75,39248.0,11253.0,50501.0,50501.0,0.777172729252886,224.0,0.224,76.0,31648.0,28.0,48.0,133.0,91.0,17735.0,21513.0,28.0,716.078125,1172.0,483.921875,31648.0,316.4799999999999,100.0,1000,29,971,0.1081840000115335,922,1,1,0,1,1,0,0,0,2,2,1,2,3,2,8,4,1,0,2,2,2,2,1,2,2,0,5,0,0,0,8,23,1.9498306512832642,0.09643632173538208,3.7378742694854736,0.5550641417503357,0.028002
76,33557.0,17105.0,50662.0,50662.0,0.6623702183095811,336.0,0.336,60.0,27557.0,22.0,38.0,255.0,81.0,13564.0,19993.0,34.625,445.0,1165.375,755.0,27557.0,275.5699999999998,100.0,1000,26,974,0.10752733296249062,940,0,0,3,0,3,1,0,4,0,3,3,1,1,0,1,2,1,0,1,0,1,3,1,1,2,0,2,0,1,2,5,18,1.409483551979065,-0.03209792450070381,2.921178102493286,0.6794472932815552,0.027975
77,42030.0,8338.0,50368.0,50368.0,0.8344583862770013,160.0,0.16,81.0,33930.0,39.0,42.0,85.0,75.0,21278.0,20752.0,3.7307931078976253,30.255859375,1196.2692068921024,1169.744140625,33930.0,339.3000000000001,100.0,1000,30,970,0.10842816601507366,916,5,1,2,3,1,1,0,1,0,4,3,1,1,4,9,5,3,1,0,3,1,0,1,1,3,1,1,1,0,1,13,13,1.463543176651001,-0.0021429555490612984,2.9643521308898926,0.5900251269340515,0.027948
78,39571.0,11223.0,50794.0,50794.0,0.7790487065401426,220.0,0.22,77.0,31871.0,34.0,43.0,128.0,92.0,19039.0,20532.0,13.527534246444702,593.796875,1186.4724657535553,606.203125,31871.0,318.71000000000004,100.0,1000,31,969,0.10753408307209611,922,0,2,4,1,1,1,1,2,2,1,3,1,2,6,2,5,2,1,0,1,2,1,1,4,4,1,3,0,0,1,4,19,1.093768835067749,-0.09278753399848938,2.4109199047088623,0.6770399808883667,0.027920999999999998
79,42118.0,6316.0,48434.0,48434.0,0.8695957385307842,108.0,0.108,93.0,32818.0,48.0,45.0,51.0,57.0,22101.0,20017.0,46.15625,43.11328125,1153.84375,1156.88671875,32818.0,328.1800000000005,100.0,1000,18,982,0.10969112499151379,907,0,1,0,1,1,4,1,1,1,3,6,5,7,2,9,6,3,2,2,1,2,3,2,2,2,0,4,0,2,0,4,16,1.218862771987915,0.03639558330178261,2.396876811981201,0.5725667476654053,0.027894
80,38907.0,12030.0,50937.0,50937.0,0.7638259025855468,223.0,0.223,74.0,31507.0,37.0,37.0,121.0,102.0,19316.0,19591.0,9.875,209.0,1190.125,991.0,31507.0,315.07,100.0,1000,24,976,0.1079475829610601,924,2,2,0,1,2,5,0,2,2,1,3,2,3,1,5,6,1,2,1,0,0,1,1,2,0,1,4,1,0,0,7,18,1.3995001316070557,0.07392781972885132,2.6910247802734375,0.7155447602272034,0.027867
81,42170.0,8535.0,50705.0,50705.0,0.831673404989646,160.0,0.16,93.0,32870.0,44.0,49.0,94.0,66.0,20252.0,21918.0,1095.0,688.0,32.8125,512.0,32870.0,328.6999999999996,100.0,1000,39,961,0.10759462509304285,903,1,1,1,4,1,3,2,4,0,1,4,2,3,3,7,7,1,1,1,1,0,2,2,1,7,3,7,0,0,0,6,21,1.9595941305160522,0.10245061665773392,3.754775047302246,0.7271541953086853,0.02784
82,44828.0,5002.0,49830.0,49830.0,0.8996187035922135,98.0,0.098,96.0,35228.0,54.0,42.0,27.0,71.0,23715.0,21113.0,481.4974395551262,495.0,718.5025604448737,705.0,35228.0,352.2800000000006,100.0,1000,25,975,0.10773537494242191,903,1,1,2,1,3,2,1,5,1,2,3,2,6,7,17,0,0,2,2,2,0,4,1,1,2,1,2,0,2,0,5,19,0.7544441223144531,-0.08036118000745773,1.7112171649932861,0.747969388961792,0.027812999999999997
83,43906.0,5245.0,49151.0,49151.0,0.8932880307623446,104.0,0.104,106.0,33306.0,57.0,49.0,72.0,32.0,20042.0,23864.0,942.1610461575981,577.0,257.8389538424017,623.0,33306.0,333.0599999999996,100.0,1000,33,967,0.10752354189753532,889,0,2,1,1,2,6,0,8,4,1,1,2,8,5,13,4,0,4,2,3,0,0,1,3,4,2,2,0,1,0,6,25,2.782161235809326,0.061721231788396835,5.483608722686768,0.7688890099525452,0.027785999999999998
84,45935.0,3807.0,49742.0,49742.0,0.923465079811829,79.0,0.079,120.0,33935.0,61.0,59.0,41.0,38.0,22635.0,23300.0,831.9615421295166,32.75,368.0384578704834,656.578125,33935.0,339.35,100.0,1000,29,971,0.10933854198083282,878,0,0,6,0,0,7,1,2,1,1,3,1,5,11,15,9,1,4,1,5,0,1,1,5,1,1,5,1,0,2,8,24,0.6912082433700562,-0.07656421512365341,1.5751850605010986,0.7140063643455505,0.027759
85,43555.0,5913.0,49468.0,49468.0,0.8804681814506348,118.0,0.118,92.0,34355.0,47.0,45.0,55.0,63.0,20792.0,22763.0,956.6933593749998,61.0,243.306640625,1139.0,34355.0,343.5499999999999,100.0,1000,34,966,0.10741737496573478,907,0,1,2,1,1,3,2,2,1,1,4,3,6,4,12,4,1,1,3,3,1,1,2,2,1,0,3,0,2,2,5,19,1.7879858016967773,0.06539975851774216,3.490302801132202,0.8136929273605347,0.027732
86,42850.0,6461.0,49311.0,49311.0,0.8689744681714019,130.0,0.13,92.0,33650.0,45.0,47.0,80.0,50.0,20980.0,21870.0,778.7985092670629,756.046875,421.20149073293715,443.953125,33650.0,336.5000000000003,100.0,1000,20,980,0.10793250007554889,905,0,2,3,3,3,3,0,2,0,1,2,5,3,3,12,3,0,1,3,4,0,1,1,1,3,1,2,1,1,1,8,22,1.7287821769714355,0.019168928265571594,3.4671573638916016,0.8650256395339966,0.027705
87,44654.0,5510.0,50164.0,50164.0,0.890160274300295,110.0,0.11,110.0,33654.0,64.0,46.0,65.0,45.0,22570.0,22084.0,701.8771778047085,215.0,498.1228221952915,985.0,33654.0,336.53999999999996,100.0,1000,31,969,0.10752508393488824,888,0,0,0,2,0,7,2,2,2,0,1,4,9,5,23,7,2,1,2,3,1,0,0,1,0,4,1,0,5,0,7,21,1.391384243965149,0.026335060596466064,2.777944564819336,0.8643321394920349,0.027677999999999998
88,43107.0,6437.0,49544.0,49544.0,0.870075084773131,123.0,0.123,132.0,29907.0,67.0,65.0,65.0,58.0,20375.0,22732.0,1084.264575662603,787.482421875,115.73542433739715,77.0,29907.0,299.0699999999995,100.0,1000,29,971,0.10752354096621275,866,1,4,6,0,2,6,0,3,1,1,3,5,9,4,18,5,0,1,1,5,2,3,0,4,2,2,5,0,2,1,11,27,0.9758188128471375,-0.10896569490432739,2.217180013656616,0.8609262704849243,0.027651
89,46263.0,3325.0,49588.0,49588.0,0.9329474872953134,58.0,0.058,133.0,32963.0,69.0,64.0,30.0,28.0,22800.0,23463.0,899.4300231933594,512.3125,18.78562355041504,257.8828125,32963.0,329.6299999999998,100.0,1000,34,966,0.10815900005400181,866,0,5,2,0,0,7,1,4,2,1,2,2,5,2,30,6,0,2,5,2,1,1,0,1,3,5,3,2,4,0,12,24,2.41328501701355,0.04115816578269005,4.785675525665283,0.7497457265853882,0.027624
90,46158.0,4747.0,50905.0,50905.0,0.9067478636676162,93.0,0.093,116.0,34558.0,63.0,53.0,32.0,61.0,23634.0,22524.0,991.0,1120.0,209.0,80.0,34558.0,345.58000000000015,100.0,1000,27,973,0.10824783309362829,879,0,2,0,1,0,6,2,2,2,2,1,5,6,11,13,14,1,2,1,3,1,1,0,1,1,1,2,1,3,0,9,27,2.4507577419281006,0.03100760653614998,4.880415916442871,0.7413002252578735,0.027597
91,43059.0,6588.0,49647.0,49647.0,0.8673031603118013,134.0,0.134,111.0,31959.0,45.0,66.0,91.0,43.0,19022.0,24037.0,762.9999999999995,15.0,81.9375,370.3125,31959.0,319.58999999999975,100.0,1000,36,964,0.10764529195148498,885,1,2,0,0,2,5,2,2,1,1,2,0,6,3,9,9,1,2,3,0,1,0,1,0,4,5,3,2,0,1,8,39,2.1834447383880615,-0.058343298733234406,4.525547504425049,0.7611795663833618,0.027569999999999997
92,42054.0,8197.0,50251.0,50251.0,0.8368788680822272,157.0,0.157,105.0,31554.0,57.0,48.0,75.0,82.0,20378.0,21676.0,23.135833740234375,575.0,1176.8641662597656,66.0,31554.0,315.53999999999985,100.0,1000,34,966,0.10930316708981991,890,3,2,0,1,0,4,1,2,1,0,1,3,4,8,17,11,1,1,1,1,0,2,0,3,2,4,1,0,2,0,10,24,1.7736729383468628,-0.08622153848409653,3.7648563385009766,0.8181249499320984,0.027542999999999998
93,45005.0,4114.0,49119.0,49119.0,0.9162442232130132,79.0,0.079,114.0,33605.0,63.0,51.0,21.0,58.0,24281.0,20724.0,808.74560546875,4.0,391.25439453125,1196.0,33605.0,336.04999999999995,100.0,1000,30,970,0.10780466697178781,880,2,1,1,1,1,5,2,3,3,3,4,2,6,2,17,14,0,2,0,4,0,0,0,2,3,1,4,0,2,0,5,30,1.827345609664917,0.022323934361338615,3.6491663455963135,0.7109144926071167,0.027516
94,43288.0,6748.0,50036.0,50036.0,0.8651371012870733,129.0,0.129,106.0,32688.0,45.0,61.0,88.0,41.0,20073.0,23215.0,370.8418699503816,364.0,829.1581300496184,836.0,32688.0,326.8799999999999,100.0,1000,21,979,0.1077247909270227,892,0,1,1,1,1,4,1,2,1,3,2,5,3,3,13,4,0,0,1,0,0,2,0,1,0,2,1,1,2,0,10,43,0.642737865447998,-0.05284109711647034,1.432377815246582,0.7497525215148926,0.027489
95,46354.0,4211.0,50565.0,50565.0,0.9167210521111441,80.0,0.08,109.0,35454.0,48.0,61.0,46.0,34.0,22865.0,23489.0,746.0,907.0,454.0,293.0,35454.0,354.54000000000013,100.0,1000,21,979,0.10786191700026393,887,0,1,1,0,1,0,1,2,0,0,0,2,5,5,18,12,0,0,3,2,0,1,0,2,4,2,2,0,2,1,6,40,0.8227920532226562,-0.09603805840015411,1.8790431022644043,0.7534574270248413,0.027462
96,44497.0,5477.0,49974.0,49974.0,0.8904030095649738,109.0,0.109,107.0,33797.0,46.0,61.0,78.0,31.0,20410.0,24087.0,728.9194183349609,807.625,471.08058166503906,392.375,33797.0,337.96999999999963,100.0,1000,25,975,0.10788766597397625,889,0,0,1,0,1,5,0,1,0,1,1,3,5,6,11,11,0,1,3,4,1,1,0,1,1,3,3,0,4,0,8,35,1.5779989957809448,0.02058369107544422,3.153108835220337,0.6976180076599121,0.027434999999999998
97,44537.0,5244.0,49781.0,49781.0,0.8946586046885358,100.0,0.1,100.0,34537.0,46.0,54.0,38.0,62.0,21395.0,23142.0,27.875,1055.765625,1172.125,0.0,34537.0,345.3699999999998,100.0,1000,13,987,0.10782491695135832,898,0,0,0,0,0,2,0,2,2,0,4,2,2,7,15,10,1,1,0,2,0,0,0,2,0,1,3,0,2,1,8,35,2.115083932876587,-0.05634370818734169,4.380387306213379,0.684686541557312,0.027408
98,45497.0,4354.0,49851.0,49851.0,0.9126597259834306,82.0,0.082,106.0,34897.0,54.0,52.0,53.0,29.0,22837.0,22660.0,663.0,550.75,537.0,284.046875,34897.0,348.9699999999999,100.0,1000,30,970,0.10953608399722725,891,2,1,2,0,0,2,2,2,2,1,3,9,3,2,13,11,0,1,3,2,1,0,2,2,3,1,1,1,2,2,4,29,1.1022213697433472,-0.010933968238532543,2.2616453170776367,0.6452403664588928,0.027381
99,44597.0,5312.0,49909.0,49909.0,0.8935662906489812,106.0,0.106,105.0,34097.0,47.0,58.0,76.0,30.0,21743.0,22854.0,2.0,821.609375,1198.0,378.390625,34097.0,340.97000000000014,100.0,1000,28,972,0.10916645789984614,887,0,1,0,1,3,3,1,2,0,1,0,4,1,7,14,10,1,1,1,5,0,0,0,1,0,3,1,1,2,0,8,41,1.4819579124450684,0.028171610087156296,2.945202112197876,0.6878256797790527,0.027354
100,45330.0,4590.0,49920.0,49920.0,0.9080528846153846,89.0,0.089,107.0,34630.0,46.0,61.0,79.0,10.0,21723.0,23607.0,396.41796875,1168.0,803.58203125,32.0,34630.0,346.30000000000024,100.0,1000,19,981,0.10731158405542374,889,0,1,2,1,0,2,0,1,0,1,3,6,4,7,12,7,0,2,0,0,1,0,2,1,1,0,3,1,4,1,11,37,1.555159091949463,0.05031836777925491,3.048172950744629,0.7042751908302307,0.027326999999999997
101,48484.0,1818.0,50302.0,50302.0,0.9638582958928075,36.0,0.036,121.0,36384.0,73.0,48.0,17.0,19.0,25591.0,22893.0,895.0,335.0,71.0,865.0,36384.0,363.8400000000003,100.0,1000,15,985,0.1077180829597637,873,0,1,0,0,0,2,1,1,1,0,2,11,8,6,21,20,0,1,0,0,0,1,0,2,2,0,2,0,1,1,10,33,0.687523365020752,-0.07293569296598434,1.5585436820983887,0.6891136169433594,0.027299999999999998
102,42976.0,8733.0,51709.0,51709.0,0.8311125722794871,162.0,0.162,107.0,32276.0,61.0,46.0,74.0,88.0,22334.0,20642.0,844.7620239257812,344.02880859375,355.23797607421875,855.97119140625,32276.0,322.75999999999965,100.0,1000,26,974,0.10770820791367441,889,0,2,3,0,0,1,0,2,1,1,6,3,3,6,25,11,0,0,1,0,1,4,1,0,2,2,2,0,0,0,11,23,1.8056418895721436,0.032869357615709305,3.5887930393218994,0.7928711175918579,0.027273
103,45585.0,4530.0,50115.0,50115.0,0.9096079018258006,76.0,0.076,119.0,33685.0,63.0,56.0,30.0,46.0,22458.0,23127.0,289.0,1163.3585205078125,170.8125,36.6414794921875,33685.0,336.85000000000014,100.0,1000,33,967,0.1069640830392018,878,0,1,0,0,0,0,0,2,3,0,1,7,15,8,20,7,0,0,2,5,1,1,0,2,1,1,1,1,2,3,11,27,1.315930962562561,-0.00967062171548605,2.6919586658477783,0.7479186654090881,0.027246
104,46340.0,2624.0,48964.0,48964.0,0.9464096070582468,53.0,0.053,116.0,34740.0,58.0,58.0,41.0,12.0,23277.0,23063.0,650.6504130319809,980.0,549.3495869680191,220.0,34740.0,347.3999999999996,100.0,1000,19,981,0.10988062503747642,880,0,1,0,1,0,2,1,1,2,0,1,2,4,9,25,10,0,1,3,0,0,0,0,2,0,0,3,1,2,1,8,40,2.310932159423828,0.13890263438224792,4.384330749511719,0.7397740483283997,0.027219
105,44803.0,6243.0,51046.0,51046.0,0.8776985464091211,110.0,0.11,111.0,33703.0,67.0,44.0,63.0,47.0,22967.0,21836.0,880.0,540.0,320.0,660.0,33703.0,337.0300000000001,100.0,1000,24,976,0.1083422499941662,882,0,0,2,1,1,2,1,2,2,1,1,3,7,3,23,20,0,0,3,1,0,1,0,2,0,1,5,0,2,1,5,28,1.4252291917800903,0.034175701439380646,2.8247087001800537,0.7833526730537415,0.027192
106,43559.0,6010.0,49569.0,49569.0,0.878754866953136,113.0,0.113,106.0,32959.0,68.0,38.0,23.0,90.0,21972.0,21587.0,918.75,703.921875,281.25,496.078125,32959.0,329.59000000000003,100.0,1000,27,973,0.10981299995910376,890,0,0,1,0,0,4,2,3,0,2,1,6,7,14,12,18,0,1,0,2,1,0,0,1,1,1,2,0,1,0,9,21,1.983263373374939,0.09887819737195969,3.8130619525909424,0.8152340650558472,0.027164999999999998
107,45399.0,4154.0,49553.0,49553.0,0.9161705648497568,83.0,0.083,111.0,34299.0,53.0,58.0,48.0,35.0,22232.0,23167.0,7.125,1047.0,1192.875,153.0,34299.0,342.9900000000002,100.0,1000,22,978,0.10748654208146036,881,1,0,1,0,0,1,2,1,0,1,0,2,8,5,23,10,0,2,4,0,0,3,0,0,0,3,3,0,0,0,9,40,0.8580249547958374,-0.04900992289185524,1.8542327880859375,0.739978551864624,0.027138
108,48178.0,2065.0,50243.0,50243.0,0.9588997472284696,40.0,0.04,126.0,35578.0,74.0,52.0,19.0,21.0,24530.0,23648.0,872.6360239982605,755.0,327.3639760017395,0.0,35578.0,355.7800000000003,100.0,1000,24,976,0.10786737501621246,870,2,0,0,2,0,2,1,4,0,2,2,3,4,9,21,23,1,0,0,3,0,0,1,0,2,0,1,1,0,0,15,31,1.8647491931915283,0.01878102496266365,3.726611614227295,0.6395065784454346,0.027111
109,48453.0,3757.0,52210.0,52210.0,0.9280406052480368,61.0,0.061,115.0,36953.0,64.0,51.0,28.0,33.0,25074.0,23379.0,761.0,210.453125,27.4375,989.546875,36953.0,369.5300000000005,100.0,1000,20,980,0.10787979199085385,883,0,0,0,2,0,0,4,5,0,1,2,3,5,7,14,22,0,1,3,3,0,0,1,1,2,0,4,0,0,0,4,33,2.181142568588257,0.07474745810031891,4.248967170715332,0.6678693294525146,0.027084
110,43148.0,6916.0,50064.0,50064.0,0.8618568232662193,133.0,0.133,97.0,33448.0,50.0,47.0,46.0,87.0,19998.0,23150.0,719.78125,54.3125,264.109375,1145.6875,33448.0,334.4800000000004,100.0,1000,27,973,0.10945125005673617,896,0,0,1,1,0,1,1,3,0,1,2,0,3,6,14,18,0,0,1,1,2,0,0,0,0,1,1,1,5,0,5,36,1.696104645729065,0.09576139599084854,3.240757942199707,0.7405014038085938,0.027056999999999998
111,45767.0,4129.0,49896.0,49896.0,0.9172478755812089,78.0,0.078,105.0,35267.0,50.0,55.0,56.0,22.0,22152.0,23615.0,7.03125,971.130615234375,1192.96875,191.0188751220703,35267.0,352.6699999999998,100.0,1000,17,983,0.10931270802393556,894,1,1,0,0,2,2,0,2,1,1,0,4,2,7,12,16,0,0,2,2,0,0,2,1,0,2,2,0,0,1,12,31,0.8972838521003723,0.027946388348937035,1.7781882286071777,0.7309171557426453,0.02703
112,44388.0,3883.0,48271.0,48271.0,0.9195583269457852,67.0,0.067,112.0,33188.0,61.0,51.0,41.0,26.0,21366.0,23022.0,391.4375,943.59375,808.5625,256.40625,33188.0,331.88000000000017,100.0,1000,17,983,0.10761754191480577,882,0,0,0,0,1,2,0,0,0,1,1,9,3,2,23,21,1,0,1,0,1,0,0,1,0,0,5,0,1,0,15,30,1.2671453952789307,0.03250961750745773,2.507445812225342,0.7068501114845276,0.027003
113,47277.0,3620.0,50897.0,50897.0,0.9288759651845885,62.0,0.062,129.0,34377.0,75.0,54.0,23.0,39.0,24685.0,22592.0,1131.0,1097.0,69.0,103.0,34377.0,343.7699999999998,100.0,1000,18,982,0.10765208397060633,869,1,1,0,2,0,4,2,3,1,2,2,6,3,5,20,23,0,0,0,1,0,0,1,1,0,0,3,0,0,1,14,35,1.7607425451278687,-0.00842087622731924,3.5744245052337646,0.6690700054168701,0.026976
114,45252.0,4410.0,49662.0,49662.0,0.9111997100398695,80.0,0.08,121.0,33152.0,62.0,59.0,25.0,55.0,23021.0,22231.0,897.2421875,1172.0,302.7578125,28.0,33152.0,331.51999999999975,100.0,1000,16,984,0.10767062508966774,877,0,0,1,2,1,2,0,1,1,1,2,4,3,8,17,19,0,1,2,2,0,0,1,0,2,0,3,1,0,1,15,33,1.6360682249069214,-0.009764295071363449,3.328793525695801,0.6888629794120789,0.026949
115,47573.0,2614.0,50187.0,50187.0,0.9479147986530376,50.0,0.05,117.0,35873.0,53.0,64.0,42.0,8.0,22908.0,24665.0,1048.2947962358594,1000.0,151.7052037641406,200.0,35873.0,358.7299999999997,100.0,1000,13,987,0.1077237919671461,878,0,1,0,0,0,2,1,2,0,1,0,3,3,7,14,20,1,1,1,0,0,1,1,1,0,1,5,0,2,0,13,41,1.2897045612335205,-0.12072326987981796,2.852215051651001,0.5824127197265625,0.026921999999999998
116,46561.0,3997.0,50558.0,50558.0,0.9209422841093398,80.0,0.08,104.0,36161.0,65.0,39.0,11.0,69.0,24538.0,22023.0,972.0,223.0,228.0,977.0,36161.0,361.6100000000002,100.0,1000,21,979,0.10753687494434416,894,0,0,2,1,0,1,0,2,0,0,0,5,4,8,19,25,0,1,0,2,0,0,0,1,3,1,2,0,0,0,6,23,1.8275983333587646,0.05435740575194359,3.5785787105560303,0.5967050790786743,0.026895
117,46806.0,4586.0,51392.0,51392.0,0.9107643212951432,79.0,0.079,111.0,35706.0,67.0,44.0,19.0,60.0,25228.0,21578.0,15.0,983.0,1185.0,217.0,35706.0,357.059999999999,100.0,1000,14,986,0.1101172500057146,886,0,1,1,1,1,2,0,2,3,1,1,10,1,6,12,27,0,1,0,2,1,0,0,0,1,1,2,0,0,0,7,30,1.3135120868682861,-0.02628161571919918,2.709956169128418,0.5651490688323975,0.026868
118,44683.0,5759.0,50442.0,50442.0,0.8858292692597438,106.0,0.106,101.0,34583.0,48.0,53.0,74.0,32.0,22246.0,22437.0,363.0,1005.0,837.0,195.0,34583.0,345.8299999999997,100.0,1000,17,983,0.10779054195154458,892,1,0,0,0,0,2,2,0,1,0,3,1,4,6,13,17,1,0,0,2,0,2,3,0,0,0,2,0,1,0,11,36,0.7782911658287048,0.0015661510406062007,1.588375449180603,0.6505995392799377,0.026840999999999997
119,46138.0,4066.0,50204.0,50204.0,0.9190104374153454,79.0,0.079,95.0,36638.0,53.0,42.0,38.0,41.0,23306.0,22832.0,916.2734375,1095.0,0.0,105.0,36638.0,366.3799999999998,100.0,1000,15,985,0.1078429160406813,900,1,1,0,1,3,4,0,1,1,0,0,2,6,4,9,22,0,0,0,0,2,0,0,0,1,0,0,0,2,0,5,35,1.067263126373291,-0.004376044496893883,2.175025463104248,0.591986894607544,0.026813999999999998
120,46223.0,4689.0,50912.0,50912.0,0.9078999057196732,85.0,0.085,94.0,36823.0,54.0,40.0,28.0,57.0,22892.0,23331.0,357.25,850.4375,842.75,349.5625,36823.0,368.2300000000001,100.0,1000,14,986,0.10766804206650704,900,1,1,1,0,0,0,0,2,0,1,3,5,1,10,8,25,1,0,0,3,1,0,0,0,1,2,1,2,0,0,8,23,1.2735806703567505,0.011370866559445858,2.556406021118164,0.5970512628555298,0.026787
121,46970.0,5017.0,51987.0,51987.0,0.9034951045453671,92.0,0.092,96.0,37370.0,52.0,44.0,45.0,47.0,23060.0,23910.0,0.3793458938598633,978.9765625,1199.6206541061401,85.0,37370.0,373.7000000000004,100.0,1000,12,988,0.10958529193885624,904,1,0,2,0,1,3,0,1,2,1,2,2,3,6,5,23,0,0,1,5,0,2,0,1,0,1,1,0,0,0,9,24,1.6309409141540527,0.10702336579561234,3.0784738063812256,0.5724733471870422,0.02676
122,43699.0,6785.0,50484.0,50484.0,0.8656009824895016,131.0,0.131,98.0,33899.0,56.0,42.0,57.0,74.0,22841.0,20858.0,8.0,1034.4375,1192.0,165.5625,33899.0,338.9900000000001,100.0,1000,21,979,0.10768654104322195,897,0,1,2,1,0,1,1,2,3,1,0,4,5,12,12,14,0,1,0,2,0,0,2,1,1,0,0,0,3,0,7,27,1.2534875869750977,-0.04345055669546127,2.6266379356384277,0.6127542853355408,0.026733
123,44460.0,5580.0,50040.0,50040.0,0.8884892086330936,109.0,0.109,90.0,35460.0,52.0,38.0,28.0,81.0,22737.0,21723.0,1200.0,5.75,0.0,1194.25,35460.0,354.60000000000036,100.0,1000,14,986,0.10748154192697257,910,0,1,0,0,0,0,1,0,2,1,2,5,1,9,9,21,0,1,1,0,0,0,1,0,2,0,0,0,2,1,5,25,1.8756147623062134,0.028065981343388557,3.7263879776000977,0.5858330726623535,0.026706
124,44933.0,6575.0,51508.0,51508.0,0.8723499262250525,117.0,0.117,86.0,36333.0,49.0,37.0,52.0,65.0,24434.0,20499.0,1049.0,989.0,28.3125,211.0,36333.0,363.3299999999999,100.0,1000,4,996,0.10797925002407283,911,0,1,0,0,1,4,0,0,1,0,2,6,5,8,7,15,0,1,1,3,1,0,1,0,2,0,0,0,1,0,4,25,2.0151493549346924,0.1064988225698471,3.8514106273651123,0.6392593383789062,0.026678999999999998
125,43914.0,5449.0,49363.0,49363.0,0.8896136782610458,109.0,0.109,101.0,33814.0,48.0,53.0,77.0,32.0,21415.0,22499.0,1076.0,590.0,124.0,610.0,33814.0,338.13999999999976,100.0,1000,17,983,0.10786187497433275,897,0,0,0,0,1,1,0,1,1,0,2,2,5,5,14,16,0,0,1,0,0,1,0,2,4,1,2,0,0,2,6,36,1.3510794639587402,-0.06070634350180626,2.8564701080322266,0.6171848773956299,0.026652
126,45528.0,4255.0,49783.0,49783.0,0.9145290561034891,88.0,0.088,91.0,36428.0,46.0,45.0,52.0,36.0,23006.0,22522.0,949.0625,340.125,15.68359375,859.875,36428.0,364.2799999999997,100.0,1000,13,987,0.10715454199817032,904,0,2,0,0,0,1,0,0,0,0,4,6,5,2,16,13,1,0,1,1,0,1,1,0,1,0,1,0,0,0,7,33,1.081058144569397,-0.01728580705821514,2.2315895557403564,0.6554275751113892,0.026625
127,44304.0,4274.0,48578.0,48578.0,0.9120177858289761,81.0,0.081,92.0,35104.0,46.0,46.0,49.0,32.0,21018.0,23286.0,966.0625,401.0,233.9375,799.0,35104.0,351.04000000000013,100.0,1000,17,983,0.10793470800854266,904,1,0,1,0,0,1,1,2,1,0,1,1,5,6,12,16,0,0,0,2,0,0,0,1,0,2,1,0,1,0,5,36,1.558403491973877,0.03623108193278313,3.077388286590576,0.6211623549461365,0.026598
128,44788.0,4704.0,49492.0,49492.0,0.9049543360543119,87.0,0.087,102.0,34588.0,47.0,55.0,75.0,12.0,20267.0,24521.0,752.3665161132812,1115.0,447.63348388671875,85.0,34588.0,345.8799999999996,100.0,1000,13,987,0.10785254195798188,896,0,0,0,0,1,1,0,3,2,0,4,5,1,6,11,13,1,0,0,2,0,0,1,0,2,3,1,0,1,0,10,36,1.0308858156204224,-0.01820436865091324,2.130453586578369,0.6073024868965149,0.026570999999999997
129,46255.0,3343.0,49598.0,49598.0,0.9325980886326062,67.0,0.067,102.0,36055.0,53.0,49.0,27.0,40.0,22460.0,23795.0,473.6875,1059.458984375,726.3125,74.442626953125,36055.0,360.5500000000005,100.0,1000,23,977,0.10757804103195667,895,1,1,0,1,1,1,1,2,1,0,4,5,2,11,8,14,0,1,0,1,0,1,1,0,3,1,0,1,1,4,5,33,1.9147682189941406,0.07945331186056137,3.7023768424987793,0.5980112552642822,0.026543999999999998
130,44164.0,5246.0,49410.0,49410.0,0.8938271604938272,91.0,0.091,97.0,34464.0,48.0,49.0,38.0,53.0,22133.0,22031.0,936.0,806.0,264.0,15.0,34464.0,344.64000000000027,100.0,1000,14,986,0.1078792919870466,901,0,0,0,0,0,3,3,2,0,0,1,5,1,10,10,13,0,0,1,0,0,1,0,4,2,1,1,0,2,0,5,34,1.6952539682388306,0.06582026183605194,3.292180299758911,0.6281413435935974,0.026517
131,47755.0,1271.0,49026.0,49026.0,0.9740749806225268,24.0,0.024,108.0,36955.0,49.0,59.0,13.0,11.0,25305.0,22450.0,545.959228515625,574.3125,654.040771484375,625.6875,36955.0,369.55000000000024,100.0,1000,9,991,0.10740066599100828,889,0,0,0,1,2,0,0,0,2,2,2,4,0,16,7,14,1,0,1,1,1,0,2,1,2,0,0,0,0,1,5,46,0.8518527150154114,-0.0011985718738287687,1.733569622039795,0.5184410214424133,0.02649
132,42368.0,6892.0,49260.0,49260.0,0.8600893219650833,108.0,0.108,81.0,34268.0,42.0,39.0,48.0,60.0,20475.0,21893.0,976.0,976.0,224.0,224.0,34268.0,342.67999999999995,100.0,1000,12,988,0.10938099992927164,919,1,0,0,0,0,3,0,1,2,0,1,1,3,13,8,9,0,0,0,0,1,1,0,0,3,0,1,0,1,0,4,28,2.04266619682312,0.021583985537290573,4.073620796203613,0.5943523645401001,0.026463
133,44148.0,4267.0,48415.0,48415.0,0.9118661571826913,87.0,0.087,102.0,33948.0,57.0,45.0,29.0,58.0,22618.0,21530.0,1031.1766967773438,597.75,168.82330322265625,602.25,33948.0,339.47999999999956,100.0,1000,14,986,0.10783229197841138,896,0,1,0,1,3,1,1,1,1,0,2,5,1,15,12,13,0,1,0,0,0,0,0,2,1,0,2,2,1,0,3,35,0.8097214102745056,-0.023223038762807846,1.6961445808410645,0.5722436308860779,0.026435999999999998
134,44376.0,4847.0,49223.0,49223.0,0.9015297726672491,103.0,0.103,100.0,34376.0,37.0,63.0,62.0,41.0,19495.0,24881.0,839.1787109375,847.0,136.705322265625,353.0,34376.0,343.76000000000033,100.0,1000,13,987,0.10771812498569489,897,0,0,0,0,0,0,0,0,3,0,2,5,3,5,7,13,0,0,2,1,0,0,0,0,2,2,1,0,1,0,7,49,0.7913504838943481,-0.07433941215276718,1.7603631019592285,0.5487403869628906,0.026409
135,46126.0,4995.0,51121.0,51121.0,0.9022906437667495,95.0,0.095,102.0,35926.0,52.0,50.0,55.0,40.0,22414.0,23712.0,1083.9140625,810.0,116.0859375,166.25,35926.0,359.25999999999965,100.0,1000,18,982,0.10811179096344858,893,0,0,1,1,1,1,0,2,1,1,3,2,5,10,11,13,0,2,1,1,0,0,0,0,1,1,1,1,0,0,5,42,1.0685609579086304,0.00786013063043356,2.1500959396362305,0.5438230633735657,0.026382
136,43688.0,5485.0,49173.0,49173.0,0.8884550464685905,111.0,0.111,88.0,34888.0,40.0,48.0,79.0,32.0,20582.0,23106.0,588.0,785.0,612.0,415.0,34888.0,348.87999999999937,100.0,1000,8,992,0.10747537494171411,908,0,1,0,0,0,1,0,1,0,0,0,0,2,10,5,22,0,0,1,0,0,0,0,1,1,0,0,0,2,1,7,37,2.2594127655029297,0.009085343219339848,4.534091472625732,0.6343554854393005,0.026355
137,48265.0,4147.0,52412.0,52412.0,0.9208768984202091,69.0,0.069,101.0,38165.0,50.0,51.0,41.0,28.0,23045.0,25220.0,567.5296099912375,843.0,0.0,357.0,38165.0,381.65000000000043,100.0,1000,15,985,0.10732174990698695,899,1,0,0,0,1,0,2,0,0,1,0,3,0,8,16,18,0,1,0,1,1,1,1,1,0,1,0,0,0,0,8,36,1.134208083152771,-0.016629686579108238,2.3314647674560547,0.565733015537262,0.026327999999999997
138,46024.0,4015.0,50039.0,50039.0,0.9197625851835568,82.0,0.082,90.0,37024.0,38.0,52.0,66.0,16.0,21525.0,24499.0,942.0,1043.0,258.0,157.0,37024.0,370.2400000000001,100.0,1000,16,984,0.10950941708870232,908,0,0,0,0,2,2,0,0,0,1,4,3,1,5,10,10,0,0,0,1,0,1,1,1,1,0,1,1,1,0,4,42,1.364266276359558,0.06105232238769531,2.6342663764953613,0.529229998588562,0.026300999999999998
139,44701.0,3896.0,48597.0,48597.0,0.9198304422083667,62.0,0.062,89.0,35801.0,36.0,53.0,51.0,11.0,21113.0,23588.0,950.0,1117.0,250.0,83.0,35801.0,358.0099999999995,100.0,1000,8,992,0.10785029095131904,910,0,0,0,1,2,0,0,0,0,0,1,1,0,11,10,10,0,0,1,2,0,0,2,0,2,0,1,0,0,0,6,40,0.8113114833831787,-0.11633139103651047,1.8807698488235474,0.48496684432029724,0.026274
140,43770.0,6383.0,50153.0,50153.0,0.8727294478894583,131.0,0.131,78.0,35970.0,33.0,45.0,71.0,60.0,20854.0,22916.0,679.7216796875,873.9375,520.2783203125,326.0625,35970.0,359.6999999999997,100.0,1000,11,989,0.10826079093385488,921,0,0,0,0,0,0,0,0,2,0,1,3,2,9,6,10,0,0,0,1,2,1,1,0,1,0,2,0,0,0,7,31,1.2966798543930054,-0.005697959568351507,2.634809732437134,0.5725234746932983,0.026247
141,40145.0,9660.0,49805.0,49805.0,0.8060435699226985,177.0,0.177,87.0,31445.0,47.0,40.0,70.0,107.0,21168.0,18977.0,825.5859375,1136.0,0.0,39.0,31445.0,314.45000000000044,100.0,1000,18,982,0.10993687505833805,912,0,0,0,0,0,1,0,2,0,0,2,3,2,7,13,17,0,0,0,0,0,0,0,0,2,1,1,0,0,0,6,31,1.2523795366287231,-0.09227985143661499,2.7216684818267822,0.6168901920318604,0.02622
142,43625.0,5283.0,48908.0,48908.0,0.8919808620266623,95.0,0.095,81.0,35525.0,42.0,39.0,29.0,66.0,23044.0,20581.0,900.0,564.0,300.0,636.0,35525.0,355.25,100.0,1000,12,988,0.10777704091742635,918,0,0,0,0,0,0,0,2,0,1,1,2,1,10,14,11,1,2,0,0,1,0,0,1,0,2,0,0,2,0,1,30,0.5997939109802246,-0.04364658147096634,1.3182601928710938,0.5990001559257507,0.026193
143,42122.0,7306.0,49428.0,49428.0,0.8521890426478919,142.0,0.142,90.0,33122.0,45.0,45.0,72.0,70.0,21152.0,20970.0,454.4375,948.0,745.5625,252.0,33122.0,331.2199999999999,100.0,1000,10,990,0.10992587509099394,907,0,1,0,0,4,5,0,1,0,0,2,3,0,3,12,16,0,1,1,0,0,0,0,1,0,0,0,0,0,1,8,34,1.6201202869415283,0.03376730903983116,3.2058959007263184,0.6342196464538574,0.026166
144,42022.0,8312.0,50334.0,50334.0,0.8348631143958358,140.0,0.14,97.0,32322.0,40.0,57.0,119.0,21.0,18425.0,23597.0,1048.8344707489014,1171.0,151.16552925109863,29.0,32322.0,323.2199999999996,100.0,1000,12,988,0.10948654101230204,899,0,0,0,1,3,0,0,0,1,2,2,1,3,2,7,19,0,0,0,0,0,0,0,1,3,2,1,0,2,0,6,45,1.956693172454834,0.05237206071615219,3.841714382171631,0.6326229572296143,0.026139
145,47308.0,3603.0,50911.0,50911.0,0.9292294396103004,55.0,0.055,98.0,37508.0,48.0,50.0,29.0,26.0,21510.0,25798.0,967.7435803413391,225.4140625,232.2564196586609,974.5859375,37508.0,375.08,100.0,1000,14,986,0.10701762500684708,899,2,0,0,0,0,0,0,0,1,2,2,2,1,12,10,16,0,1,0,0,0,0,0,0,0,1,1,1,1,0,5,43,0.7105089426040649,-0.0756695568561554,1.6005713939666748,0.5402572751045227,0.026112
146,43656.0,6088.0,49744.0,49744.0,0.877613380508202,117.0,0.117,98.0,33856.0,60.0,38.0,31.0,86.0,22422.0,21234.0,933.0,1064.822021484375,0.0,135.177978515625,33856.0,338.56000000000006,100.0,1000,15,985,0.10996337491087615,902,1,1,0,1,1,2,0,5,1,1,0,2,1,11,8,25,0,2,0,0,0,0,2,0,2,2,0,0,0,0,8,22,1.4796562194824219,0.03290313854813576,2.9232888221740723,0.5708801746368408,0.026084999999999997
147,44624.0,5551.0,50175.0,50175.0,0.8893672147483807,106.0,0.106,86.0,36024.0,48.0,38.0,41.0,65.0,21665.0,22959.0,271.2252998352051,933.0,928.7747001647949,83.4375,36024.0,360.2399999999998,100.0,1000,16,984,0.10785579192452133,909,0,1,0,0,2,1,0,0,0,0,3,1,1,10,6,26,0,0,1,1,1,0,0,1,1,2,3,0,1,0,2,27,0.946553111076355,0.04683060944080353,1.8316259384155273,0.6174852848052979,0.026057999999999998
148,46178.0,2549.0,48727.0,48727.0,0.9476881400455599,48.0,0.048,90.0,37178.0,45.0,45.0,23.0,25.0,22127.0,24051.0,843.4734914749861,992.0,356.5265085250139,208.0,37178.0,371.7799999999997,100.0,1000,7,993,0.10779720800928771,908,2,0,0,0,1,0,0,1,1,0,3,1,4,6,13,13,0,1,1,1,0,0,0,1,1,0,2,1,0,0,5,34,1.3677856922149658,0.10413000732660294,2.5590760707855225,0.6101343035697937,0.026031
149,46494.0,3732.0,50226.0,50226.0,0.9256958547365907,55.0,0.055,95.0,36994.0,47.0,48.0,20.0,35.0,23307.0,23187.0,867.0,20.0,41.625,0.0,36994.0,369.9399999999998,100.0,1000,12,988,0.10787233302835375,903,0,0,1,0,0,1,0,0,2,0,0,1,2,9,7,25,0,1,2,1,0,0,3,0,0,0,2,0,0,1,3,36,1.87180757522583,0.04624761641025543,3.6841182708740234,0.6344859004020691,0.026004
150,46600.0,3056.0,49656.0,49656.0,0.938456581279201,60.0,0.06,100.0,36600.0,53.0,47.0,12.0,48.0,23550.0,23050.0,787.048828125,963.0,57.0,237.0,36600.0,366.0,100.0,1000,8,992,0.10935458296444267,898,1,1,0,0,2,1,0,1,1,0,1,2,2,9,7,25,0,1,1,0,0,0,0,0,0,0,0,0,0,1,6,40,2.566492795944214,0.14425620436668396,4.876659870147705,0.6195207238197327,0.025977
151,47989.0,2959.0,50948.0,50948.0,0.9419211745308942,51.0,0.051,109.0,37089.0,50.0,59.0,26.0,25.0,22766.0,25223.0,1125.1875,916.0,74.8125,284.0,37089.0,370.89,100.0,1000,14,986,0.10770166700240225,886,0,0,0,0,0,1,0,0,0,2,0,1,2,7,10,31,1,0,0,0,1,1,0,0,1,0,0,0,2,0,7,47,1.2828338146209717,-0.05721133574843407,2.7087714672088623,0.5526266694068909,0.02595
152,48714.0,4374.0,53088.0,53088.0,0.9176084990958409,83.0,0.083,101.0,38614.0,54.0,47.0,28.0,55.0,24943.0,23771.0,1109.25,762.0,90.75,47.0,38614.0,386.1400000000003,100.0,1000,12,988,0.10949975007679313,898,0,0,0,0,0,1,0,0,1,0,1,2,1,9,11,29,0,1,1,0,0,1,0,1,0,1,0,1,2,0,7,32,1.8946380615234375,0.03585202619433403,3.745781660079956,0.5441040992736816,0.025922999999999998
153,46482.0,3694.0,50176.0,50176.0,0.9263791454081632,67.0,0.067,86.0,37882.0,42.0,44.0,21.0,46.0,22156.0,24326.0,1016.0,146.0,184.0,33.0,37882.0,378.82000000000016,100.0,1000,9,991,0.1089567500166595,909,0,0,0,0,1,0,0,1,0,0,1,0,3,8,13,16,1,0,0,1,0,1,0,1,0,0,2,0,0,0,7,35,1.4831472635269165,0.053964875638484955,2.8889689445495605,0.5909035801887512,0.025896
154,46541.0,3344.0,49885.0,49885.0,0.9329658213891951,58.0,0.058,110.0,35541.0,55.0,55.0,28.0,30.0,23511.0,23030.0,782.308955240529,1033.875,417.69104475947097,145.359375,35541.0,355.4100000000005,100.0,1000,16,984,0.10737195797264576,886,1,0,0,0,2,1,2,1,1,0,1,1,6,6,12,22,0,2,1,1,0,0,0,0,2,2,1,0,2,0,4,43,1.2491923570632935,-0.08007662743330002,2.687709331512451,0.5638317465782166,0.025869
155,49337.0,3655.0,52992.0,52992.0,0.931027324879227,58.0,0.058,110.0,38337.0,46.0,64.0,52.0,6.0,23554.0,25783.0,10.25,1033.5625,1189.75,166.4375,38337.0,383.3699999999992,100.0,1000,10,990,0.10938462498597801,888,0,1,0,0,0,0,1,1,0,2,3,2,3,8,9,17,0,0,1,0,0,0,0,1,2,0,1,0,0,1,9,50,1.1905674934387207,0.014004535973072052,2.3798389434814453,0.5168554186820984,0.025841999999999997
156,47116.0,3840.0,50956.0,50956.0,0.9246408666300338,67.0,0.067,96.0,37516.0,38.0,58.0,60.0,7.0,22881.0,24235.0,490.71484375,973.0,709.28515625,0.0,37516.0,375.15999999999985,100.0,1000,7,993,0.10772045806515962,900,0,0,0,0,1,2,0,0,0,0,1,4,1,3,9,19,1,0,0,0,0,1,1,2,1,0,3,0,1,0,11,39,1.3418337106704712,-0.02851734682917595,2.7683563232421875,0.5356236696243286,0.025814999999999998
157,46518.0,3521.0,50039.0,50039.0,0.9296348847898639,66.0,0.066,99.0,36618.0,47.0,52.0,48.0,18.0,23450.0,23068.0,814.0,550.3828125,386.0,649.6171875,36618.0,366.1799999999989,100.0,1000,14,986,0.10821387497708201,898,0,2,0,0,0,1,0,1,1,0,1,0,2,7,10,23,1,1,1,0,0,0,0,0,1,0,3,1,1,0,3,42,1.1256461143493652,0.0381036214530468,2.204663038253784,0.5734850168228149,0.025788
158,48458.0,2756.0,51214.0,51214.0,0.946186589604405,50.0,0.05,89.0,39558.0,47.0,42.0,36.0,14.0,24680.0,23778.0,747.125,1200.0,452.875,0.0,39558.0,395.5799999999997,100.0,1000,11,989,0.10935812501702458,908,0,1,0,0,1,1,0,0,0,0,1,1,2,6,10,24,0,0,0,0,0,0,1,1,0,0,2,0,1,0,4,36,0.4866984784603119,-0.02676543779671192,1.0553169250488281,0.5510075092315674,0.025761
159,44930.0,3724.0,48654.0,48654.0,0.9234595305627492,82.0,0.082,101.0,34830.0,50.0,51.0,46.0,36.0,22281.0,22649.0,1188.0,1088.0,12.0,112.0,34830.0,348.29999999999967,100.0,1000,19,981,0.10729783296119422,898,0,1,2,0,4,2,0,1,0,0,0,2,4,6,9,20,0,1,0,0,0,0,0,0,3,1,3,0,2,0,5,36,1.699787974357605,-0.04082401469349861,3.5106093883514404,0.5709444284439087,0.025734
160,44360.0,5078.0,49438.0,49438.0,0.8972854888951819,95.0,0.095,94.0,34960.0,54.0,40.0,33.0,62.0,23972.0,20388.0,1112.0,983.0,88.0,217.0,34960.0,349.60000000000025,100.0,1000,7,993,0.10769166599493474,902,0,0,0,0,1,0,0,1,0,0,0,1,0,4,14,36,0,0,0,0,2,1,0,0,0,0,1,0,1,0,2,34,1.2294154167175293,0.038348082453012466,2.412954807281494,0.5994481444358826,0.025707
161,43425.0,7097.0,50522.0,50522.0,0.8595265428922054,131.0,0.131,90.0,34425.0,45.0,45.0,73.0,58.0,21042.0,22383.0,890.0,1087.0,69.0,113.0,34425.0,344.2499999999996,100.0,1000,11,989,0.10961608402431011,907,1,0,0,0,0,2,1,0,0,1,1,0,4,5,8,24,0,0,2,1,1,0,0,1,1,1,0,0,0,0,2,37,1.674635648727417,0.055775489658117294,3.2691311836242676,0.6115818619728088,0.025679999999999998
162,44315.0,4128.0,48443.0,48443.0,0.9147864500547035,72.0,0.072,101.0,34215.0,54.0,47.0,44.0,28.0,22306.0,22009.0,3.0,930.0,224.4375,270.0,34215.0,342.15000000000026,100.0,1000,10,990,0.10742312495131046,893,0,0,0,2,0,0,0,2,1,1,0,2,3,11,12,22,0,0,0,1,0,0,0,1,1,1,1,0,1,0,6,39,0.8629661202430725,0.0072452775202691555,1.7380597591400146,0.5188103318214417,0.025653
163,46715.0,2756.0,49471.0,49471.0,0.944290594489701,54.0,0.054,88.0,37915.0,42.0,46.0,41.0,13.0,23582.0,23133.0,793.5818729400635,480.3125,406.4181270599365,719.6875,37915.0,379.1500000000001,100.0,1000,16,984,0.10935883305501193,911,0,0,0,0,0,0,0,3,0,1,1,1,2,7,6,21,0,1,0,0,0,1,0,2,2,0,0,0,0,1,4,36,0.7712635397911072,0.027253175154328346,1.515100121498108,0.5283560752868652,0.025626
164,43390.0,6070.0,49460.0,49460.0,0.8772745653052972,114.0,0.114,90.0,34390.0,57.0,33.0,28.0,86.0,22926.0,20464.0,491.46875,15.0,708.53125,1185.0,34390.0,343.9000000000006,100.0,1000,12,988,0.10754829202778637,909,0,1,0,0,1,0,0,2,2,0,2,2,3,8,9,27,0,0,0,0,0,2,0,1,3,0,1,0,1,1,3,22,0.6147094964981079,-0.04632111266255379,1.351166844367981,0.5684929490089417,0.025598999999999997
165,47899.0,3529.0,51428.0,51428.0,0.9313797931088124,70.0,0.07,100.0,37899.0,53.0,47.0,25.0,45.0,23270.0,24629.0,1003.0,1054.0,197.0,146.0,37899.0,378.99000000000024,100.0,1000,7,993,0.10918404196854681,895,0,0,0,0,0,1,2,1,2,0,1,2,0,6,12,27,0,0,0,1,1,0,0,3,1,1,1,0,0,0,2,41,1.134997010231018,-0.009981087408959866,2.3199689388275146,0.5868287086486816,0.025571999999999998
166,45750.0,4719.0,50469.0,50469.0,0.9064970575997147,93.0,0.093,85.0,37250.0,49.0,36.0,40.0,53.0,25192.0,20558.0,591.435266494751,938.0,608.564733505249,262.0,37250.0,372.5000000000003,100.0,1000,8,992,0.10769320803228766,910,0,0,0,0,1,4,0,4,0,2,2,0,2,11,8,17,0,0,0,1,0,0,0,0,1,0,1,0,1,1,2,32,1.2418627738952637,-0.02980472333729267,2.5770649909973145,0.6602071523666382,0.025544999999999998
167,46282.0,3310.0,49592.0,49592.0,0.9332553637683497,58.0,0.058,109.0,35382.0,52.0,57.0,16.0,42.0,23883.0,22399.0,507.125,866.0,692.875,169.1875,35382.0,353.81999999999994,100.0,1000,10,990,0.10782412509433925,882,0,0,0,0,1,1,0,1,0,0,1,2,2,9,12,25,0,0,1,1,1,0,0,0,2,1,1,1,0,0,9,47,1.5470075607299805,-0.011799735017120838,3.149287462234497,0.6205990314483643,0.025518
168,49497.0,2608.0,52105.0,52105.0,0.9499472219556664,39.0,0.039,109.0,38597.0,52.0,57.0,17.0,22.0,24152.0,25345.0,1047.0,958.0,0.0,242.0,38597.0,385.96999999999935,100.0,1000,9,991,0.1084945829352364,886,0,0,0,0,0,1,0,2,0,0,0,1,3,12,9,25,0,0,2,0,0,1,0,2,0,1,1,1,1,0,5,47,1.50070059299469,0.016567250713706017,2.99725079536438,0.5685147047042847,0.025491
169,46258.0,3872.0,50130.0,50130.0,0.9227608218631558,74.0,0.074,95.0,36758.0,39.0,56.0,54.0,20.0,22237.0,24021.0,218.0,1169.0,120.0,31.0,36758.0,367.5799999999995,100.0,1000,8,992,0.10763158299960196,901,0,0,0,0,1,0,0,1,0,0,0,1,3,11,7,16,0,1,0,0,0,0,1,1,1,0,0,0,0,0,7,48,1.3514182567596436,0.022945787757635117,2.684821367263794,0.5473689436912537,0.025464
170,46089.0,2852.0,48941.0,48941.0,0.9417257514149691,55.0,0.055,101.0,35989.0,50.0,51.0,31.0,24.0,22507.0,23582.0,882.0,508.0,318.0,692.0,35989.0,359.88999999999896,100.0,1000,12,988,0.1075836670352146,896,0,0,0,1,0,1,0,0,0,3,1,1,3,13,11,18,0,3,1,0,0,0,0,0,4,1,1,1,1,0,4,36,2.0466699600219727,0.0902029499411583,3.943031072616577,0.5915992259979248,0.025436999999999998
171,46317.0,4097.0,50414.0,50414.0,0.9187328916570794,72.0,0.072,96.0,36717.0,45.0,51.0,40.0,32.0,22879.0,23438.0,690.2410736083984,1001.0,509.75892639160156,199.0,36717.0,367.17,100.0,1000,10,990,0.10750899999402463,899,0,1,0,0,0,0,1,0,1,1,0,1,1,16,5,19,0,1,0,1,0,0,0,1,0,0,3,0,2,0,7,40,0.7753074169158936,-0.044937215745449066,1.6728590726852417,0.6369503736495972,0.02541
172,47544.0,3130.0,50674.0,50674.0,0.9382326242254411,55.0,0.055,98.0,37744.0,46.0,52.0,35.0,20.0,24287.0,23257.0,428.375,154.0,771.625,915.25,37744.0,377.4399999999988,100.0,1000,10,990,0.10867274994961917,898,1,0,0,1,0,1,0,0,0,0,3,1,0,9,8,22,0,1,0,0,0,0,0,1,1,0,1,0,1,1,2,48,1.0512622594833374,0.07309255748987198,1.984740138053894,0.5594435334205627,0.025383
173,48300.0,1615.0,49915.0,49915.0,0.9676449964940399,34.0,0.034,108.0,37500.0,55.0,53.0,20.0,14.0,23476.0,24824.0,140.25,815.0,66.234375,385.0,37500.0,375.00000000000006,100.0,1000,8,992,0.1077535409713164,890,0,1,0,0,0,1,0,1,0,0,1,4,3,12,10,23,0,0,0,0,0,0,0,1,1,1,1,1,0,0,4,45,0.9334220290184021,0.020247768610715866,1.853493094444275,0.5352684855461121,0.025356
174,47050.0,3303.0,50353.0,50353.0,0.9344031140150537,65.0,0.065,90.0,38050.0,41.0,49.0,46.0,19.0,21655.0,25395.0,871.6679077148438,918.0,328.33209228515625,282.0,38050.0,380.5000000000001,100.0,1000,7,993,0.1073988750576973,902,0,0,0,0,0,0,0,1,1,2,0,2,2,12,10,11,0,0,1,0,0,1,1,2,1,2,0,0,1,0,3,45,1.3717961311340332,0.03498561680316925,2.7005820274353027,0.5322186946868896,0.025328999999999997
175,48180.0,3597.0,51777.0,51777.0,0.9305289993626513,68.0,0.068,102.0,37980.0,50.0,52.0,47.0,21.0,24072.0,24108.0,771.0126342773438,841.0,428.98736572265625,359.0,37980.0,379.80000000000047,100.0,1000,7,993,0.10950033308472484,895,1,0,0,0,0,1,0,2,0,1,1,4,5,11,9,17,0,0,0,0,0,2,0,3,1,0,1,0,1,1,4,40,1.2515672445297241,0.02765875868499279,2.475491523742676,0.5468822717666626,0.025301999999999998
176,47731.0,3428.0,51159.0,51159.0,0.9329932172247307,57.0,0.057,87.0,39031.0,53.0,34.0,12.0,45.0,23503.0,24228.0,719.5,992.0,480.5,208.0,39031.0,390.3099999999997,100.0,1000,10,990,0.10944841708987951,907,0,0,1,0,1,0,0,0,0,0,0,1,2,21,6,24,0,0,0,0,0,0,0,1,1,0,0,0,0,1,0,34,2.6889548301696777,0.08409541845321655,5.238619804382324,0.5717296004295349,0.025275
177,45595.0,3341.0,48936.0,48936.0,0.9317271538335785,63.0,0.063,91.0,36495.0,53.0,38.0,19.0,44.0,22679.0,22916.0,668.0,917.0,532.0,283.0,36495.0,364.95000000000033,100.0,1000,14,986,0.11029687500558794,906,0,0,1,0,0,0,0,2,1,0,0,1,2,16,8,22,0,0,1,2,0,0,0,0,1,4,3,0,0,0,4,26,1.727007508277893,0.016353953629732132,3.447105884552002,0.510908842086792,0.025248
178,46312.0,4386.0,50698.0,50698.0,0.9134877115468066,70.0,0.07,82.0,38112.0,46.0,36.0,19.0,51.0,23038.0,23274.0,995.875,165.0,25.515625,1035.0,38112.0,381.1200000000009,100.0,1000,4,996,0.10729470907244831,915,0,0,0,0,0,0,0,0,1,0,2,0,1,15,11,17,0,0,0,0,0,0,0,0,2,0,0,1,0,0,0,35,1.1042330265045166,0.00816361140459776,2.2173120975494385,0.4990510046482086,0.025221
179,43229.0,5978.0,49207.0,49207.0,0.878513219663869,117.0,0.117,88.0,34429.0,38.0,50.0,93.0,24.0,19332.0,23897.0,1016.6484375,550.0,183.3515625,0.0,34429.0,344.29000000000036,100.0,1000,4,996,0.10785662499256432,907,0,1,0,0,1,2,1,1,1,0,0,0,1,9,6,15,1,0,0,0,0,0,0,1,0,0,2,0,1,0,4,46,0.9912919402122498,-0.01447273325175047,2.0372567176818848,0.5105867981910706,0.025194
180,44293.0,4815.0,49108.0,49108.0,0.9019508023132687,90.0,0.09,101.0,34193.0,62.0,39.0,20.0,70.0,23813.0,20480.0,600.0,835.0,82.0,365.0,34193.0,341.9300000000001,100.0,1000,6,994,0.10747374990023673,893,0,2,1,0,2,0,0,1,2,0,3,1,2,17,8,28,0,0,1,2,0,1,0,1,2,0,3,0,0,0,1,29,1.4214253425598145,-0.028347039595246315,2.924534320831299,0.4964733123779297,0.025167
181,45043.0,3307.0,48350.0,48350.0,0.9316028955532575,66.0,0.066,89.0,36143.0,50.0,39.0,26.0,40.0,23318.0,21725.0,942.0625,808.0,257.9375,392.0,36143.0,361.4299999999997,100.0,1000,4,996,0.10746083408594131,907,0,0,1,0,1,0,0,2,0,0,0,0,0,13,8,28,0,0,0,1,0,1,0,1,0,1,1,0,0,0,1,34,1.0522209405899048,-0.042030852288007736,2.2141897678375244,0.5108655691146851,0.02514
182,43559.0,5676.0,49235.0,49235.0,0.8847161572052402,113.0,0.113,79.0,35659.0,44.0,35.0,65.0,48.0,22017.0,21542.0,743.0,811.0,457.0,389.0,35659.0,356.59000000000015,100.0,1000,9,991,0.10943175002466887,917,0,0,0,0,0,1,0,1,1,2,2,0,4,14,5,15,1,0,2,1,1,0,0,0,0,0,1,1,0,0,1,30,1.0289052724838257,0.017426902428269386,2.05308198928833,0.5997909903526306,0.025113
183,45423.0,4474.0,49897.0,49897.0,0.9103352906988396,86.0,0.086,92.0,36223.0,53.0,39.0,38.0,48.0,23341.0,22082.0,848.0,15.0,352.0,1185.0,36223.0,362.22999999999894,100.0,1000,9,991,0.10721441602800041,898,0,0,1,1,0,0,0,0,0,0,0,1,3,19,7,24,0,0,1,0,0,0,0,0,1,1,0,0,0,1,4,38,0.7956788539886475,-0.04437185078859329,1.7115055322647095,0.6259298920631409,0.025085999999999997
184,47526.0,2811.0,50337.0,50337.0,0.9441563859586388,53.0,0.053,115.0,36026.0,56.0,59.0,40.0,13.0,23390.0,24136.0,903.0,997.62109375,297.0,202.37890625,36026.0,360.2600000000001,100.0,1000,8,992,0.10795125004369766,879,0,0,0,0,1,1,0,1,0,1,1,0,2,13,10,27,0,0,0,3,0,0,0,1,0,0,1,0,1,0,5,53,0.5511556267738342,-0.06810368597507477,1.2660224437713623,0.548782229423523,0.025058999999999998
185,45451.0,4341.0,49792.0,49792.0,0.9128173200514139,74.0,0.074,100.0,35451.0,46.0,54.0,53.0,21.0,23669.0,21782.0,1126.0,925.0,74.0,275.0,35451.0,354.50999999999954,100.0,1000,7,993,0.10798870900180191,891,1,0,0,0,2,0,0,1,2,0,1,0,1,17,5,17,0,0,0,1,1,0,0,1,2,0,0,0,2,0,1,54,1.1984848976135254,-0.07273152470588684,2.569946765899658,0.5495749711990356,0.025032
186,47749.0,1771.0,49520.0,49520.0,0.9642366720516963,35.0,0.035,101.0,37649.0,48.0,53.0,9.0,26.0,24654.0,23095.0,1033.625,796.0,166.375,404.0,37649.0,376.48999999999984,100.0,1000,6,994,0.11103400005958974,895,0,0,0,0,0,2,0,2,0,0,1,1,1,11,9,22,1,0,0,2,1,0,0,1,0,0,2,0,1,0,4,44,1.4567393064498901,0.04675130918622017,2.8448832035064697,0.49804359674453735,0.025005
187,45867.0,3415.0,49282.0,49282.0,0.9307049226898259,70.0,0.07,91.0,36767.0,48.0,43.0,43.0,27.0,21725.0,24142.0,1079.3452326606857,51.0,120.65476733931428,1149.0,36767.0,367.66999999999985,100.0,1000,3,997,0.10743829200509936,906,0,0,1,0,1,2,0,1,0,1,0,3,3,15,5,17,0,0,0,0,0,0,0,2,1,1,1,0,0,0,2,38,0.8723745942115784,-0.03155740350484848,1.836241602897644,0.5680522322654724,0.024978
188,48385.0,2308.0,50693.0,50693.0,0.9544710315033634,42.0,0.042,107.0,37685.0,48.0,59.0,33.0,9.0,24031.0,24354.0,11.985041521838866,1200.0,1188.0149584781611,0.0,37685.0,376.8500000000004,100.0,1000,3,997,0.10851449996698648,884,1,0,0,1,0,0,0,2,0,0,1,2,2,13,8,20,1,0,0,1,1,1,0,2,0,0,1,0,0,0,3,56,0.9160954356193542,-0.06470094621181488,1.9878969192504883,0.5271158218383789,0.024951
189,46087.0,3164.0,49251.0,49251.0,0.9357576495908713,62.0,0.062,98.0,36287.0,39.0,59.0,59.0,3.0,20998.0,25089.0,1122.0,1146.0,78.0,0.0,36287.0,362.8699999999997,100.0,1000,8,992,0.107535041985102,896,0,0,0,0,0,0,0,1,0,2,0,0,0,11,8,18,0,1,0,0,0,0,0,1,1,1,0,1,1,1,5,52,1.3237453699111938,-0.027090709656476974,2.7271363735198975,0.5108382701873779,0.024923999999999998
190,45802.0,4423.0,50225.0,50225.0,0.9119362867098059,87.0,0.087,91.0,36702.0,42.0,49.0,42.0,45.0,23271.0,22531.0,504.853515625,1079.4375,695.146484375,120.5625,36702.0,367.0199999999998,100.0,1000,5,995,0.10745562496595085,904,0,0,0,0,0,0,1,2,0,0,1,2,1,11,4,20,0,1,0,0,1,1,0,0,2,0,1,0,2,0,6,40,1.0311532020568848,-0.04845068231225014,2.1842219829559326,0.5023529529571533,0.024897
191,46282.0,4164.0,50446.0,50446.0,0.9174562898941442,72.0,0.072,90.0,37282.0,50.0,40.0,36.0,36.0,23819.0,22463.0,678.3451080322266,1135.0,521.6548919677734,65.0,37282.0,372.8199999999995,100.0,1000,10,990,0.10835966700688004,904,1,0,0,0,3,0,0,4,1,1,0,1,4,9,4,23,0,0,0,1,1,0,0,0,0,1,3,0,1,0,4,34,1.7069588899612427,0.09440329670906067,3.2487077713012695,0.47439733147621155,0.02487
192,46138.0,3720.0,49858.0,49858.0,0.9253881022102772,66.0,0.066,92.0,36938.0,42.0,50.0,50.0,16.0,21922.0,24216.0,1135.0,32.1875,65.0,69.0,36938.0,369.37999999999977,100.0,1000,9,991,0.10761008295230567,907,0,0,0,1,0,0,0,2,0,1,2,2,1,6,5,22,1,0,0,0,0,0,0,1,1,1,0,0,1,1,7,38,1.834397792816162,0.042544446885585785,3.6064209938049316,0.4571598172187805,0.024842999999999997
193,44664.0,4754.0,49418.0,49418.0,0.9038002347322838,89.0,0.089,85.0,36164.0,45.0,40.0,45.0,44.0,22851.0,21813.0,774.75,667.0,212.625,533.0,36164.0,361.64000000000027,100.0,1000,6,994,0.10815695801284164,914,0,0,0,0,0,0,0,5,2,0,2,1,1,11,4,19,0,0,0,0,0,0,0,1,1,0,1,0,3,0,6,29,1.4896833896636963,0.019930226728320122,2.9610249996185303,0.43356558680534363,0.024815999999999998
194,46971.0,3952.0,50923.0,50923.0,0.9223926320130393,80.0,0.08,76.0,39371.0,42.0,34.0,10.0,70.0,23829.0,23142.0,379.8125,931.625,820.1875,268.375,39371.0,393.7099999999995,100.0,1000,9,991,0.10969420906621963,924,0,1,0,0,1,0,0,0,0,0,0,2,1,6,9,22,0,0,1,0,0,0,0,1,1,2,1,0,0,0,4,24,1.620658040046692,0.052506618201732635,3.1582818031311035,0.4433164894580841,0.024789
195,43312.0,5343.0,48655.0,48655.0,0.8901860034939882,111.0,0.111,84.0,34912.0,40.0,44.0,47.0,64.0,22208.0,21104.0,652.875,1101.0,547.125,99.0,34912.0,349.1200000000001,100.0,1000,8,992,0.10913437500130385,914,0,0,0,0,0,2,0,0,1,0,0,4,1,11,5,17,0,1,1,1,0,0,0,1,4,0,1,1,1,0,2,32,1.8819222450256348,0.019071198999881744,3.749723196029663,0.4850422143936157,0.024762
196,46907.0,2392.0,49299.0,49299.0,0.9514797460394734,46.0,0.046,83.0,38607.0,41.0,42.0,25.0,21.0,22870.0,24037.0,225.5,352.3125,974.5,847.6875,38607.0,386.0699999999998,100.0,1000,4,996,0.11062929197214544,915,0,0,1,1,1,0,0,2,0,0,0,2,0,11,9,14,0,0,0,0,1,0,0,1,2,2,1,1,0,1,3,32,0.8574716448783875,0.005475477781146765,1.7284315824508667,0.49402090907096863,0.024735
197,42787.0,6813.0,49600.0,49600.0,0.8626411290322581,131.0,0.131,79.0,34887.0,47.0,32.0,28.0,103.0,23382.0,19405.0,20.338134765625,886.625,1179.661865234375,313.375,34887.0,348.8700000000003,100.0,1000,8,992,0.11002999998163432,917,0,0,0,0,1,0,1,1,0,0,1,0,2,14,4,24,1,0,0,0,0,1,1,0,1,0,0,0,0,0,2,29,1.0701590776443481,-0.05134452134370804,2.269613742828369,0.5384218096733093,0.024708
198,44769.0,4007.0,48776.0,48776.0,0.9178489421026734,74.0,0.074,95.0,35269.0,50.0,45.0,40.0,34.0,21037.0,23732.0,1090.0,775.0,110.0,425.0,35269.0,352.69000000000057,100.0,1000,10,990,0.10744549997616559,902,0,0,1,0,3,1,0,2,1,1,0,0,0,11,8,23,0,0,0,0,0,0,0,0,1,1,1,0,1,0,5,38,0.8708754777908325,-0.06697723269462585,1.9003331661224365,0.4989197552204132,0.024680999999999998
199,45628.0,3743.0,49371.0,49371.0,0.9241862631909421,76.0,0.076,89.0,36728.0,51.0,38.0,27.0,49.0,21883.0,23745.0,1062.484375,653.25,137.515625,546.75,36728.0,367.2800000000003,100.0,1000,7,993,0.10970016603823751,909,0,0,0,1,0,1,0,1,1,1,0,2,2,12,9,21,0,0,0,0,0,0,0,2,0,0,4,0,0,0,1,33,2.072500467300415,0.10168485343456268,3.969653367996216,0.5683075189590454,0.024654
200,47869.0,1013.0,48882.0,48882.0,0.9792766253426619,20.0,0.02,92.0,38669.0,47.0,45.0,10.0,10.0,24462.0,23407.0,571.0,1115.0,629.0,85.0,38669.0,386.6899999999992,100.0,1000,11,989,0.10765816702041775,906,0,0,1,0,0,1,0,2,2,0,3,2,0,9,5,22,0,0,0,0,0,0,0,0,1,0,1,0,0,0,6,39,1.4364114999771118,-0.0015597590245306492,2.902231216430664,0.5337384343147278,0.024627
201,48077.0,1722.0,49799.0,49799.0,0.9654209923894054,33.0,0.033,98.0,38277.0,52.0,46.0,18.0,15.0,24023.0,24054.0,811.0,905.0,389.0,295.0,38277.0,382.77000000000004,100.0,1000,7,993,0.10945124994032085,899,0,0,0,0,0,0,0,1,0,0,2,2,3,8,8,31,0,0,0,0,1,0,0,2,0,0,2,0,0,0,3,38,1.1292355060577393,0.05842932313680649,2.164280652999878,0.4607395529747009,0.024599999999999997
202,43458.0,5370.0,48828.0,48828.0,0.8900221184566233,100.0,0.1,84.0,35058.0,38.0,46.0,71.0,29.0,21009.0,22449.0,229.0,1104.0,971.0,96.0,35058.0,350.57999999999976,100.0,1000,5,995,0.10767704201862216,912,0,0,0,0,0,0,0,1,1,0,1,1,1,9,4,20,0,0,0,0,0,1,0,1,0,0,0,0,0,0,2,46,1.2220163345336914,-0.025299174711108208,2.521904468536377,0.5549476742744446,0.024572999999999998
203,46331.0,4770.0,51101.0,51101.0,0.9066554470558306,89.0,0.089,89.0,37431.0,42.0,47.0,61.0,28.0,22042.0,24289.0,741.0,1033.0,459.0,167.0,37431.0,374.30999999999983,100.0,1000,7,993,0.10737766698002815,906,0,0,0,0,0,0,0,0,0,0,0,1,4,8,5,27,0,0,0,0,0,0,0,2,1,1,1,0,2,0,2,40,1.2961283922195435,-0.04294198378920555,2.7056353092193604,0.5600624084472656,0.024546
204,46171.0,3322.0,49493.0,49493.0,0.9328793970864566,65.0,0.065,84.0,37771.0,52.0,32.0,20.0,45.0,24954.0,21217.0,1026.0,317.98828125,174.0,882.01171875,37771.0,377.7099999999997,100.0,1000,4,996,0.10915874992497265,913,0,1,1,0,0,1,1,0,1,1,1,3,0,9,5,30,0,0,0,0,0,0,0,0,2,0,1,0,0,0,5,25,1.1588382720947266,0.016123315319418907,2.3145041465759277,0.5928887724876404,0.024519
205,47671.0,2233.0,49904.0,49904.0,0.9552540878486695,47.0,0.047,101.0,37571.0,54.0,47.0,16.0,31.0,24800.0,22871.0,816.0,1142.0,384.0,58.0,37571.0,375.7100000000001,100.0,1000,8,992,0.10794420796446502,896,0,0,0,0,0,2,0,1,2,0,0,4,1,11,8,25,0,0,0,1,0,0,1,0,0,1,1,0,2,0,9,35,0.9180988073348999,0.01890474371612072,1.8219388723373413,0.4807848334312439,0.024492
206,47137.0,2416.0,49553.0,49553.0,0.9512441224547454,41.0,0.041,86.0,38537.0,42.0,44.0,15.0,26.0,24259.0,22878.0,774.0,897.0,426.0,60.0,38537.0,385.3700000000005,100.0,1000,6,994,0.10777550004422665,913,0,1,0,0,0,0,0,1,1,0,2,4,0,7,6,21,0,2,0,0,0,0,0,0,0,0,3,1,0,0,6,32,1.890838861465454,0.05730398744344711,3.6919350624084473,0.5081816911697388,0.024465
207,45786.0,4876.0,50662.0,50662.0,0.9037542931585804,91.0,0.091,90.0,36786.0,45.0,45.0,38.0,53.0,22794.0,22992.0,1032.0,1080.0,168.0,120.0,36786.0,367.85999999999945,100.0,1000,9,991,0.10765095904935151,910,0,0,0,0,0,0,0,3,1,0,1,2,1,12,6,19,0,1,0,1,0,1,0,0,2,0,0,1,0,0,4,35,1.4240611791610718,-0.0113517539575696,2.894690752029419,0.48827511072158813,0.024438
208,47427.0,3383.0,50810.0,50810.0,0.9334186183822082,56.0,0.056,83.0,39127.0,37.0,46.0,30.0,26.0,22130.0,25297.0,231.416259765625,1091.0,968.583740234375,109.0,39127.0,391.27000000000015,100.0,1000,5,995,0.10802183393388987,914,0,0,0,0,0,0,0,1,0,0,0,1,2,8,6,21,0,0,0,0,0,0,0,1,2,0,2,0,0,0,4,38,0.5861988663673401,-0.03453535586595535,1.2634950876235962,0.45116138458251953,0.024411
209,45061.0,5156.0,50217.0,50217.0,0.8973256068662007,102.0,0.102,84.0,36661.0,49.0,35.0,14.0,88.0,24224.0,20837.0,605.0,647.0,595.0,553.0,36661.0,366.61000000000024,100.0,1000,3,997,0.10745445801876485,912,0,1,0,0,1,1,0,0,1,0,0,2,1,10,6,27,0,1,0,1,0,0,0,0,1,0,0,0,0,0,2,33,1.2700419425964355,0.003224675077944994,2.5581116676330566,0.5019132494926453,0.024384
210,45046.0,4736.0,49782.0,49782.0,0.9048652123257402,93.0,0.093,81.0,36946.0,44.0,37.0,41.0,52.0,23299.0,21747.0,788.25,705.0,411.75,12.0,36946.0,369.4599999999994,100.0,1000,6,994,0.10766620805952698,917,1,0,0,1,0,3,0,1,0,0,1,1,0,7,8,21,0,1,0,0,0,0,0,1,0,0,1,0,0,0,4,32,1.9645864963531494,0.08874505013227463,3.778993844985962,0.5606374144554138,0.024357
211,45687.0,3148.0,48835.0,48835.0,0.9355380362444968,57.0,0.057,89.0,36787.0,46.0,43.0,37.0,20.0,21746.0,23941.0,1108.0,383.0,92.0,817.0,36787.0,367.87,100.0,1000,8,992,0.10766720899846405,908,0,0,1,0,0,0,0,0,0,0,1,4,1,13,4,24,0,0,0,1,1,0,0,0,2,0,0,0,0,1,3,36,0.7463272213935852,-0.032019272446632385,1.5838812589645386,0.5587407350540161,0.024329999999999997
212,48335.0,2029.0,50364.0,50364.0,0.959713287268684,37.0,0.037,86.0,39735.0,39.0,47.0,22.0,15.0,24824.0,23511.0,365.3125,1148.0,834.6875,52.0,39735.0,397.34999999999997,100.0,1000,5,995,0.10735325003042817,912,0,0,0,0,0,0,0,0,0,1,1,4,1,8,5,19,0,0,0,1,0,0,0,0,1,0,0,0,2,0,7,38,1.4967539310455322,0.04936492070555687,2.91986083984375,0.516044020652771,0.024302999999999998
213,46201.0,4542.0,50743.0,50743.0,0.9104901168634097,84.0,0.084,83.0,37901.0,47.0,36.0,40.0,44.0,22612.0,23589.0,894.25,1013.0,305.75,187.0,37901.0,379.0099999999993,100.0,1000,7,993,0.10776991699822247,917,0,0,0,0,1,3,0,2,0,0,0,2,0,14,8,17,0,0,1,0,0,0,0,1,1,0,1,0,2,0,7,23,1.2250564098358154,-0.03565426170825958,2.5462539196014404,0.5114638209342957,0.024276
214,48161.0,1842.0,50003.0,50003.0,0.9631622102673839,35.0,0.035,95.0,38661.0,46.0,49.0,23.0,12.0,22324.0,25837.0,958.0,18.1953125,242.0,1181.8046875,38661.0,386.6100000000006,100.0,1000,5,995,0.10780533298384398,904,0,0,0,0,0,0,0,1,1,0,2,0,1,20,2,20,0,0,0,0,1,0,0,1,3,0,3,0,1,1,7,32,0.5726991295814514,-0.029236331582069397,1.2264220714569092,0.46499282121658325,0.024249
215,43719.0,4662.0,48381.0,48381.0,0.9036398586221864,82.0,0.082,80.0,35719.0,38.0,42.0,35.0,47.0,23244.0,20475.0,934.375,812.5625,265.625,0.0,35719.0,357.1899999999997,100.0,1000,4,996,0.10693545895628631,917,0,0,1,0,0,0,0,1,1,0,1,1,2,6,5,22,0,0,0,0,0,0,0,1,1,0,3,0,2,0,8,28,1.5442668199539185,-0.0018753784243017435,3.11614727973938,0.49258747696876526,0.024222
216,44896.0,4955.0,49851.0,49851.0,0.9006037993219795,90.0,0.09,84.0,36496.0,42.0,42.0,57.0,33.0,23265.0,21631.0,180.5,1071.0,1019.5,129.0,36496.0,364.9599999999999,100.0,1000,5,995,0.1077206670306623,913,0,0,0,0,0,0,0,1,2,0,0,0,1,17,7,14,0,1,1,0,0,0,0,0,2,0,1,0,0,0,6,34,0.5534095764160156,-0.13442359864711761,1.4014071226119995,0.531944215297699,0.024194999999999998
217,46532.0,2989.0,49521.0,49521.0,0.9396417681387694,55.0,0.055,91.0,37432.0,41.0,50.0,33.0,22.0,23097.0,23435.0,31.85546875,926.2578125,1168.14453125,273.7421875,37432.0,374.31999999999937,100.0,1000,8,992,0.10775008297059685,907,0,0,0,0,2,0,0,0,1,0,1,0,0,9,10,18,0,1,0,1,0,0,0,0,0,1,0,0,1,0,5,43,0.38712871074676514,0.012136204168200493,0.7740721702575684,0.4983275830745697,0.024168
218,48610.0,4208.0,52818.0,52818.0,0.9203301904653717,68.0,0.068,96.0,39010.0,51.0,45.0,31.0,37.0,25129.0,23481.0,475.75,995.0,724.25,205.0,39010.0,390.10000000000053,100.0,1000,6,994,0.10936354100704193,900,0,0,0,0,1,0,0,1,0,0,0,1,1,13,11,23,1,0,0,0,0,0,0,0,1,0,1,0,0,0,9,37,1.746783971786499,0.017725829035043716,3.481990337371826,0.4944688081741333,0.024141
219,46346.0,3711.0,50057.0,50057.0,0.925864514453523,75.0,0.075,92.0,37146.0,51.0,41.0,18.0,57.0,22170.0,24176.0,821.125,1009.0,378.875,191.0,37146.0,371.45999999999987,100.0,1000,4,996,0.10958308400586247,905,0,0,1,0,1,0,0,0,0,0,1,2,1,8,13,25,0,0,0,0,0,0,0,1,2,1,1,0,0,0,2,36,0.7683171033859253,-0.026617009192705154,1.6144267320632935,0.5092177987098694,0.024114
220,46294.0,3126.0,49420.0,49420.0,0.9367462565762849,59.0,0.059,86.0,37694.0,54.0,32.0,25.0,34.0,24828.0,21466.0,562.25,331.0,637.75,869.0,37694.0,376.939999999999,100.0,1000,4,996,0.10996604105457664,907,0,1,0,0,0,0,0,1,2,1,0,4,0,11,11,29,0,0,0,0,1,0,0,0,1,0,0,0,0,0,5,26,1.1771215200424194,-0.06863927096128464,2.5177085399627686,0.5435928106307983,0.024086999999999997
221,47950.0,1289.0,49239.0,49239.0,0.9738215642072341,21.0,0.021,97.0,38250.0,48.0,49.0,15.0,6.0,23059.0,24891.0,933.65234375,948.0,266.34765625,252.0,38250.0,382.5000000000004,100.0,1000,7,993,0.1072620420018211,900,0,0,0,0,0,0,0,0,1,0,1,1,0,10,9,28,0,0,0,3,0,0,0,1,0,1,2,0,2,0,1,40,1.6594825983047485,0.025744114071130753,3.2899508476257324,0.4670353829860687,0.024059999999999998
222,46632.0,2829.0,49461.0,49461.0,0.9428034208770546,55.0,0.055,90.0,37632.0,47.0,43.0,23.0,32.0,24121.0,22511.0,28.0,1027.0,1172.0,46.0,37632.0,376.31999999999954,100.0,1000,2,998,0.10775666602421552,906,0,0,0,0,0,1,1,0,0,1,0,4,1,16,5,20,0,0,0,0,0,0,0,2,1,0,1,1,0,0,2,38,0.9595308899879456,0.04598095640540123,1.85236394405365,0.5256100296974182,0.024033
223,46304.0,1813.0,48117.0,48117.0,0.9623210092067253,31.0,0.031,89.0,37404.0,51.0,38.0,3.0,28.0,22756.0,23548.0,137.0,1093.0,1063.0,26.75,37404.0,374.0400000000006,100.0,1000,5,995,0.10788812499959022,909,0,0,0,0,0,0,0,0,0,0,0,1,1,12,6,31,0,2,0,0,0,0,0,0,1,0,0,1,1,1,4,30,2.012760639190674,0.027206743136048317,3.9942827224731445,0.48268720507621765,0.024006
224,44910.0,4234.0,49144.0,49144.0,0.9138450268598405,83.0,0.083,94.0,35510.0,51.0,43.0,24.0,59.0,22753.0,22157.0,683.0,430.75,0.0,769.25,35510.0,355.09999999999997,100.0,1000,5,995,0.10785845795180649,903,0,0,0,0,0,1,0,0,0,0,3,3,1,9,4,31,0,0,0,1,0,0,0,2,0,2,1,0,1,0,9,29,1.5181130170822144,-0.02971101924777031,3.1182966232299805,0.47225791215896606,0.023979
225,45325.0,3183.0,48508.0,48508.0,0.9343819576152387,71.0,0.071,94.0,35925.0,47.0,47.0,32.0,39.0,23184.0,22141.0,779.0,283.0,421.0,0.0,35925.0,359.2500000000003,100.0,1000,7,993,0.1081329999724403,899,0,0,0,0,0,1,1,0,1,0,1,1,0,8,7,31,0,0,0,2,0,0,0,1,1,0,3,0,0,0,8,35,1.248008370399475,0.019738033413887024,2.4791157245635986,0.47125810384750366,0.023951999999999998
226,47849.0,2685.0,50534.0,50534.0,0.9468674555744647,49.0,0.049,84.0,39449.0,46.0,38.0,19.0,30.0,26284.0,21565.0,992.0,33.0,208.0,1167.0,39449.0,394.49000000000007,100.0,1000,8,992,0.10774541704449803,913,0,0,0,0,0,0,0,0,0,1,2,1,0,12,6,24,0,0,1,0,0,0,0,1,3,1,0,0,0,1,4,30,0.9723973870277405,0.0003965702489949763,1.9681533575057983,0.5047370195388794,0.023925
227,50415.0,1744.0,52159.0,52159.0,0.9665637761460151,30.0,0.03,87.0,41715.0,46.0,41.0,21.0,9.0,26355.0,24060.0,793.0,263.5078125,0.0,936.4921875,41715.0,417.14999999999935,100.0,1000,5,995,0.10743712505791336,910,0,0,0,0,0,0,0,0,0,0,1,4,1,10,7,24,0,0,0,0,0,0,0,3,2,0,2,0,1,0,10,25,1.8521121740341187,0.07662104070186615,3.57415771484375,0.48488399386405945,0.023898
228,48057.0,2177.0,50234.0,50234.0,0.9566628180117053,42.0,0.042,86.0,39457.0,45.0,41.0,34.0,8.0,23459.0,24598.0,776.0,629.75,424.0,570.25,39457.0,394.56999999999954,100.0,1000,2,998,0.10767008305992931,912,0,0,0,0,0,0,1,1,1,2,0,0,1,11,9,20,0,0,0,0,0,0,0,2,0,1,0,1,1,0,8,29,0.6108440160751343,-0.023405246436595917,1.2922207117080688,0.4968838393688202,0.023871
229,45575.0,3768.0,49343.0,49343.0,0.9236365847232637,80.0,0.08,102.0,35375.0,48.0,54.0,34.0,46.0,23182.0,22393.0,21.0,909.0,1179.0,291.0,35375.0,353.74999999999983,100.0,1000,2,998,0.10978012497071177,890,0,0,0,0,0,0,0,0,0,1,0,2,2,11,4,32,0,0,0,0,1,0,0,0,0,0,2,1,0,0,10,44,1.4786756038665771,-0.0012563241180032492,2.983412027359009,0.49379485845565796,0.023843999999999997
230,48497.0,2190.0,50687.0,50687.0,0.9567936551778563,38.0,0.038,94.0,39097.0,41.0,53.0,24.0,14.0,23939.0,24558.0,389.0,528.0,811.0,588.0,39097.0,390.96999999999997,100.0,1000,5,995,0.10793595795985311,904,0,0,1,0,1,0,0,0,0,0,1,2,0,7,4,26,0,2,0,0,0,2,0,0,1,1,0,0,0,0,5,43,1.522007942199707,-0.03396915644407272,3.138751745223999,0.5625739097595215,0.023816999999999998
231,46747.0,2152.0,48899.0,48899.0,0.955990920059715,38.0,0.038,102.0,36547.0,40.0,62.0,32.0,6.0,22277.0,24470.0,486.453125,479.171875,22.0,720.828125,36547.0,365.46999999999935,100.0,1000,9,991,0.10914370801765472,894,0,0,0,1,0,1,0,0,0,0,0,1,0,6,9,24,0,1,0,1,0,0,2,0,3,1,0,0,2,1,7,46,0.626143217086792,-0.06729850172996521,1.4117320775985718,0.5222514271736145,0.02379
232,48339.0,1428.0,49767.0,49767.0,0.9713062872988125,33.0,0.033,94.0,38939.0,48.0,46.0,15.0,18.0,24646.0,23693.0,666.125,912.5625,533.875,287.4375,38939.0,389.39000000000055,100.0,1000,2,998,0.12119579105637968,902,0,0,0,0,0,0,0,0,0,0,0,0,0,15,8,27,0,0,0,1,0,0,0,1,1,1,0,0,1,0,3,40,1.2297827005386353,0.024117540568113327,2.436569929122925,0.5310699343681335,0.023763
233,47841.0,1715.0,49556.0,49556.0,0.9653926870611026,28.0,0.028,88.0,39041.0,48.0,40.0,18.0,10.0,23874.0,23967.0,307.0,513.0,893.0,687.0,39041.0,390.4099999999995,100.0,1000,4,996,0.10794254206120968,909,0,0,0,0,0,0,0,2,1,1,0,0,1,10,11,24,0,0,0,0,0,0,0,0,0,0,3,0,0,1,7,30,1.2199318408966064,0.08999422192573547,2.284327507019043,0.515087366104126,0.023736
234,48673.0,1628.0,50301.0,50301.0,0.967634838273593,32.0,0.032,92.0,39473.0,51.0,41.0,15.0,17.0,26148.0,22525.0,1150.0,664.375,9.75,535.625,39473.0,394.7300000000003,100.0,1000,7,993,0.10813787498045713,905,0,0,0,0,1,1,0,1,0,0,1,2,0,9,12,25,0,0,0,0,0,0,0,0,2,0,0,1,0,0,5,35,1.3449310064315796,0.034387972205877304,2.644779682159424,0.4996735155582428,0.023708999999999997
235,46875.0,3045.0,49920.0,49920.0,0.9390024038461539,53.0,0.053,83.0,38575.0,45.0,38.0,21.0,32.0,23306.0,23569.0,766.0,698.0,434.0,502.0,38575.0,385.7499999999994,100.0,1000,4,996,0.10721545899286866,915,0,0,0,0,0,1,0,0,1,0,0,0,2,11,4,27,0,0,0,0,0,0,0,1,0,0,2,0,2,0,3,31,1.8507437705993652,0.0673447772860527,3.5958361625671387,0.613085925579071,0.023681999999999998
236,48615.0,1168.0,49783.0,49783.0,0.9765381756824619,24.0,0.024,110.0,37615.0,68.0,42.0,1.0,23.0,25363.0,23252.0,763.9375,272.0,436.0625,928.0,37615.0,376.1499999999993,100.0,1000,3,997,0.10768362495582551,888,0,0,0,0,0,1,1,0,2,0,3,2,2,9,11,38,0,0,0,0,0,0,0,0,1,0,1,0,1,0,4,36,0.7690840363502502,-0.014176014810800552,1.591841459274292,0.5352213382720947,0.023655
237,47581.0,2621.0,50202.0,50202.0,0.947790924664356,50.0,0.05,105.0,37081.0,54.0,51.0,19.0,31.0,23278.0,24303.0,900.0,1141.0,300.0,3.6875,37081.0,370.8099999999991,100.0,1000,7,993,0.10793299996294081,889,0,0,0,0,1,0,0,1,1,0,1,2,0,9,15,26,0,0,0,0,0,1,0,1,2,0,0,0,1,0,4,46,1.7361154556274414,0.050754763185977936,3.3955788612365723,0.5260187387466431,0.023628
238,50751.0,805.0,51556.0,51556.0,0.9843859104662891,14.0,0.014,101.0,40651.0,51.0,50.0,5.0,9.0,24368.0,26383.0,650.7421875,980.0,549.2578125,220.0,40651.0,406.51000000000016,100.0,1000,7,993,0.10798700002487749,895,0,0,0,0,1,0,0,0,1,0,1,3,3,7,6,30,0,0,0,1,0,0,0,0,0,0,2,0,1,2,6,41,1.6283414363861084,0.03427271917462349,3.210294008255005,0.46939709782600403,0.023601
239,48846.0,772.0,49618.0,49618.0,0.9844411302349954,10.0,0.01,97.0,39146.0,49.0,48.0,7.0,3.0,24470.0,24376.0,846.0,661.0,354.0,168.4375,39146.0,391.46000000000015,100.0,1000,6,994,0.10944537504110485,902,0,0,0,0,0,1,0,0,0,1,1,2,0,5,5,35,0,2,0,0,0,1,0,0,1,0,1,1,0,0,3,39,1.921098232269287,0.10454949736595154,3.654252767562866,0.44870322942733765,0.023573999999999998
240,47890.0,1345.0,49235.0,49235.0,0.9726820351376053,25.0,0.025,92.0,38690.0,46.0,46.0,8.0,17.0,23945.0,23945.0,924.0,823.0,276.0,377.0,38690.0,386.89999999999986,100.0,1000,6,994,0.10796604095958173,898,0,0,0,0,0,0,1,0,0,0,1,1,3,16,5,25,0,0,0,0,0,0,0,0,1,0,2,0,0,0,6,41,1.75889253616333,0.11591840535402298,3.307802677154541,0.46405699849128723,0.023547
241,47399.0,1924.0,49323.0,49323.0,0.9609918293696653,37.0,0.037,84.0,38999.0,40.0,44.0,23.0,14.0,22426.0,24973.0,845.5,543.0,354.5,657.0,38999.0,389.9900000000002,100.0,1000,2,998,0.10815975000150502,911,0,0,0,0,0,0,0,1,0,1,3,0,1,10,7,18,0,0,0,0,0,0,0,0,0,0,0,0,1,0,6,41,0.6878238320350647,-0.06104283407330513,1.522001028060913,0.5158933401107788,0.02352
242,48351.0,1302.0,49653.0,49653.0,0.9737780194550179,23.0,0.023,100.0,38351.0,45.0,55.0,10.0,13.0,22480.0,25871.0,888.03125,1008.0,311.96875,192.0,38351.0,383.5100000000001,100.0,1000,3,997,0.10764512501191348,898,0,0,0,0,0,0,1,1,2,2,1,2,0,9,6,21,0,0,0,3,0,0,0,0,0,1,1,0,1,0,5,46,1.361931562423706,-0.059686314314603806,2.8668625354766846,0.5028466582298279,0.023493
243,47439.0,3218.0,50657.0,50657.0,0.9364747221509367,64.0,0.064,93.0,38139.0,42.0,51.0,29.0,35.0,22925.0,24514.0,313.0,1112.6640625,887.0,87.3359375,38139.0,381.3899999999992,100.0,1000,6,994,0.10801083303522319,902,0,0,0,1,0,0,1,0,0,0,3,0,1,8,3,26,0,1,0,1,0,0,1,1,1,1,2,1,0,0,8,38,1.0040522813796997,-0.08239695429801941,2.198037624359131,0.5356513857841492,0.023466
244,44258.0,2474.0,46732.0,46732.0,0.9470598305229821,41.0,0.041,81.0,36158.0,34.0,47.0,32.0,9.0,21893.0,22365.0,998.125,724.125,201.875,475.875,36158.0,361.5800000000005,100.0,1000,5,995,0.10796229098923504,915,0,0,0,0,0,0,0,0,1,0,0,1,2,8,3,19,0,0,0,0,0,0,0,0,2,1,0,0,1,0,2,45,1.143434762954712,0.06820178031921387,2.174558639526367,0.5139433741569519,0.023438999999999998
245,48951.0,901.0,49852.0,49852.0,0.9819265024472439,18.0,0.018,95.0,39451.0,40.0,55.0,15.0,3.0,23048.0,25903.0,659.3125,1094.4375,540.6875,105.5625,39451.0,394.51000000000033,100.0,1000,1,999,0.10966299998108298,903,0,0,0,0,0,0,0,0,1,0,0,0,1,9,7,23,0,0,0,0,1,0,0,0,0,0,2,1,0,0,4,48,1.6621148586273193,0.060627978295087814,3.2235190868377686,0.43877434730529785,0.023412
246,45018.0,3457.0,48475.0,48475.0,0.9286848891181021,71.0,0.071,94.0,35618.0,52.0,42.0,34.0,37.0,22361.0,22657.0,536.078125,932.0,663.921875,268.0,35618.0,356.1800000000002,100.0,1000,7,993,0.10776995902415365,905,0,0,0,0,0,0,1,1,0,1,1,2,2,10,5,29,0,0,0,0,0,0,0,0,1,0,0,0,0,0,4,38,0.5304628014564514,-0.08447612822055817,1.2534701824188232,0.5044336915016174,0.023385
247,50075.0,2152.0,52227.0,52227.0,0.9587952591571409,33.0,0.033,92.0,40875.0,45.0,47.0,14.0,19.0,25942.0,24133.0,934.25,756.0,265.75,444.0,40875.0,408.7500000000001,100.0,1000,3,997,0.10765533405356109,902,1,0,0,0,0,0,0,0,2,0,0,3,1,9,4,25,0,0,0,0,1,0,0,0,1,0,0,1,0,0,4,46,1.0734326839447021,-0.11690841615200043,2.4046809673309326,0.5137149691581726,0.023358
248,47049.0,2285.0,49334.0,49334.0,0.9536830583370495,44.0,0.044,93.0,37749.0,46.0,47.0,27.0,17.0,23449.0,23600.0,173.125,744.25,0.0,455.75,37749.0,377.4899999999998,100.0,1000,3,997,0.10994062502868474,902,0,0,0,0,0,0,0,0,2,1,0,4,1,11,7,21,0,0,0,1,0,0,1,0,1,1,0,0,1,0,4,42,0.39296165108680725,-0.06648670881986618,0.9432206153869629,0.5212783217430115,0.023330999999999998
249,49865.0,829.0,50694.0,50694.0,0.9836469799187281,15.0,0.015,99.0,39965.0,46.0,53.0,12.0,3.0,25141.0,24724.0,476.0,912.0,724.0,288.0,39965.0,399.6499999999995,100.0,1000,4,996,0.10777216707356274,899,1,0,0,0,0,1,0,0,1,1,0,1,2,7,6,26,0,0,0,0,0,1,1,0,0,0,0,0,0,1,10,42,1.106418251991272,-0.039790526032447815,2.31520414352417,0.4888968765735626,0.023304
250,50196.0,2815.0,53011.0,53011.0,0.9468978136613155,50.0,0.05,80.0,42196.0,44.0,36.0,12.0,38.0,25138.0,25058.0,1088.0625,1123.0,111.9375,77.0,42196.0,421.95999999999975,100.0,1000,6,994,0.1074915420031175,920,0,0,0,0,1,0,0,0,1,0,0,2,0,7,5,28,0,0,0,0,0,0,0,1,1,0,0,1,0,0,1,32,0.7192574143409729,-0.03912800922989845,1.5421737432479858,0.5456662774085999,0.023277
251,47928.0,1794.0,49722.0,49722.0,0.9639193918185109,40.0,0.04,94.0,38528.0,50.0,44.0,11.0,29.0,25515.0,22413.0,547.0,459.0,60.0,741.0,38528.0,385.27999999999923,100.0,1000,2,998,0.10718824993818998,905,0,0,0,0,0,1,1,0,1,1,1,1,2,6,3,33,0,0,0,0,0,0,0,1,0,0,0,0,0,0,4,40,1.1249374151229858,-0.014174161478877068,2.30000901222229,0.468517929315567,0.02325
252,47578.0,2206.0,49784.0,49784.0,0.9556885746424554,42.0,0.042,100.0,37578.0,54.0,46.0,28.0,14.0,24090.0,23488.0,979.5,805.0,220.5,395.0,37578.0,375.78000000000014,100.0,1000,3,997,0.10724616597872227,897,0,0,0,0,0,0,0,1,0,2,1,1,1,15,7,28,1,0,0,1,0,0,1,0,1,0,1,0,0,0,4,38,1.4887722730636597,0.07039479911327362,2.857555866241455,0.4478493928909302,0.023223
253,45102.0,3760.0,48862.0,48862.0,0.9230485858131063,69.0,0.069,87.0,36402.0,47.0,40.0,30.0,39.0,24477.0,20625.0,1087.0,568.0,113.0,632.0,36402.0,364.01999999999947,100.0,1000,3,997,0.1069949580123648,910,0,0,0,0,1,1,0,0,1,0,0,1,3,8,7,27,0,0,0,0,0,0,0,0,0,0,2,0,0,0,6,33,0.5763317942619324,-0.12958018481731415,1.43423330783844,0.4830416738986969,0.023195999999999998
254,49149.0,1226.0,50375.0,50375.0,0.9756625310173698,25.0,0.025,85.0,40649.0,52.0,33.0,7.0,18.0,26034.0,23115.0,951.0,39.0,249.0,1161.0,40649.0,406.48999999999967,100.0,1000,2,998,0.10684770904481411,909,0,0,0,0,0,2,0,0,2,0,0,2,2,8,4,34,0,0,0,0,0,0,0,0,0,0,0,0,1,1,2,33,0.7572268843650818,-0.053727831691503525,1.6443486213684082,0.48425015807151794,0.023169
255,49012.0,1338.0,50350.0,50350.0,0.9734260178748758,25.0,0.025,89.0,40112.0,48.0,41.0,5.0,20.0,23551.0,25461.0,504.609375,518.0,695.390625,682.0,40112.0,401.1200000000011,100.0,1000,3,997,0.10735750000458211,911,0,0,0,0,0,0,0,0,0,0,2,0,1,9,8,28,0,0,0,0,1,0,0,1,0,0,0,0,0,0,5,34,1.3552197217941284,0.012613863684237003,2.7086079120635986,0.5054913759231567,0.023142
256,48661.0,1102.0,49763.0,49763.0,0.9778550328557362,19.0,0.019,87.0,39961.0,43.0,44.0,6.0,13.0,24358.0,24303.0,747.0,1041.0,453.0,159.0,39961.0,399.6099999999999,100.0,1000,1,999,0.10716654104180634,911,0,0,0,0,0,0,0,0,2,0,0,5,0,6,4,26,0,0,0,0,0,0,0,0,0,0,0,0,1,0,4,41,0.8066038489341736,0.0014859889633953571,1.630836009979248,0.4456046521663666,0.023115
257,48099.0,1768.0,49867.0,49867.0,0.9645456915394951,32.0,0.032,98.0,38299.0,52.0,46.0,19.0,13.0,23944.0,24155.0,1200.0,650.0,0.0,550.0,38299.0,382.98999999999995,100.0,1000,3,997,0.10785141692031175,900,0,0,0,0,1,2,0,1,0,0,0,0,1,10,4,35,0,0,0,0,2,0,0,2,0,0,0,0,1,0,3,38,1.499983787536621,0.00018980790628120303,3.019509792327881,0.4314311146736145,0.023087999999999997
258,45155.0,4781.0,49936.0,49936.0,0.9042574495354053,89.0,0.089,81.0,37055.0,33.0,48.0,62.0,27.0,22044.0,23111.0,12.0,741.0,1188.0,459.0,37055.0,370.5500000000004,100.0,1000,4,996,0.10969570802990347,917,0,0,0,0,1,1,0,0,1,0,0,1,1,5,6,18,0,0,0,0,1,0,0,1,1,0,0,0,0,0,3,43,1.4528862237930298,-0.05378490313887596,3.0385546684265137,0.5466466546058655,0.023060999999999998
259,47278.0,3026.0,50304.0,50304.0,0.939845737913486,59.0,0.059,90.0,38278.0,43.0,47.0,19.0,40.0,23984.0,23294.0,1076.75,918.0,123.25,282.0,38278.0,382.78000000000014,100.0,1000,6,994,0.10688320908229798,908,0,0,0,0,0,0,0,1,0,1,0,2,2,8,5,25,1,0,0,0,1,1,0,0,1,0,0,0,0,0,3,41,2.299928665161133,0.013533306308090687,4.594761371612549,0.47691795229911804,0.023034
260,49345.0,1358.0,50703.0,50703.0,0.973216574956117,24.0,0.024,104.0,38945.0,47.0,57.0,15.0,9.0,25484.0,23861.0,717.75,751.0,482.25,30.0,38945.0,389.4500000000001,100.0,1000,5,995,0.10926491697318852,893,0,0,0,0,1,0,0,0,0,0,0,3,1,10,7,26,1,0,0,1,0,0,0,1,1,0,1,0,0,0,6,48,0.3281257748603821,-0.0864592045545578,0.8474355340003967,0.39695799350738525,0.023007
261,47679.0,2092.0,49771.0,49771.0,0.9579674911092805,39.0,0.039,91.0,38579.0,44.0,47.0,14.0,25.0,23962.0,23717.0,664.25,893.0,535.75,307.0,38579.0,385.7899999999995,100.0,1000,2,998,0.10718879196792841,905,0,0,0,0,0,0,0,1,0,0,1,1,1,9,4,28,0,1,1,0,0,0,0,2,0,0,2,0,1,1,8,34,1.5222188234329224,0.027974959462881088,3.0090584754943848,0.44757798314094543,0.02298
262,45364.0,4255.0,49619.0,49619.0,0.9142465587778875,82.0,0.082,85.0,36864.0,44.0,41.0,39.0,43.0,23314.0,22050.0,1145.0,1009.0,55.0,191.0,36864.0,368.63999999999976,100.0,1000,6,994,0.10892633302137256,912,0,0,0,0,1,0,0,0,3,0,0,0,3,10,1,26,0,0,1,0,0,0,0,0,1,0,0,0,0,0,6,36,0.6909932494163513,-0.04833228513598442,1.5010710954666138,0.4883914291858673,0.022952999999999998
263,48355.0,1830.0,50185.0,50185.0,0.9635349207930657,34.0,0.034,94.0,38955.0,54.0,40.0,7.0,27.0,24149.0,24206.0,1037.9453125,1033.0,162.0546875,167.0,38955.0,389.55000000000007,100.0,1000,3,997,0.11004808300640434,902,0,0,0,0,1,0,0,0,2,0,0,2,0,13,2,34,0,0,0,0,0,0,1,1,0,2,3,0,1,0,8,28,0.8574903011322021,-0.02525581791996956,1.7842580080032349,0.40926945209503174,0.022926
264,46746.0,2913.0,49659.0,49659.0,0.9413399383797499,53.0,0.053,85.0,38246.0,34.0,51.0,48.0,5.0,22307.0,24439.0,941.7451171875,973.125,258.2548828125,226.875,38246.0,382.46000000000026,100.0,1000,2,998,0.1099586250493303,911,0,0,0,0,0,1,0,0,0,1,0,1,0,11,5,15,0,0,0,0,0,0,0,0,2,0,1,1,1,0,6,44,0.9764475226402283,-0.010259230621159077,1.9922289848327637,0.4108359217643738,0.022899
265,45446.0,4283.0,49729.0,49729.0,0.9138731927044582,80.0,0.08,79.0,37546.0,41.0,38.0,38.0,42.0,23049.0,22397.0,949.0,1200.0,251.0,0.0,37546.0,375.46,100.0,1000,3,997,0.10909791709855199,916,0,0,0,1,0,1,0,0,0,0,0,3,1,6,5,25,0,0,0,0,0,0,0,0,1,0,1,0,0,1,4,35,1.6311709880828857,0.042484983801841736,3.1964635848999023,0.41735953092575073,0.022871999999999997
266,47481.0,2521.0,50002.0,50002.0,0.9495820167193312,51.0,0.051,75.0,39981.0,36.0,39.0,24.0,27.0,24023.0,23458.0,1200.0,224.0,0.0,976.0,39981.0,399.80999999999955,100.0,1000,2,998,0.10730633395723999,923,0,0,0,0,0,0,0,0,0,0,0,2,1,5,2,27,0,0,1,0,0,0,0,1,1,0,1,0,0,0,5,31,1.588490605354309,0.03314300626516342,3.1287682056427,0.39556100964546204,0.022844999999999997
267,48373.0,3538.0,51911.0,51911.0,0.9318448883666275,67.0,0.067,84.0,39973.0,38.0,46.0,50.0,17.0,22779.0,25594.0,1060.0,736.0,140.0,464.0,39973.0,399.73000000000013,100.0,1000,4,996,0.10754704102873802,913,0,0,0,0,0,0,0,0,0,0,0,3,2,11,6,16,1,0,1,0,0,2,0,0,0,0,2,0,1,0,4,38,1.5666142702102661,-0.019830923527479172,3.1922860145568848,0.42500779032707214,0.022817999999999998
268,45028.0,4530.0,49558.0,49558.0,0.9085919528633116,76.0,0.076,81.0,36928.0,35.0,46.0,59.0,17.0,21808.0,23220.0,885.140625,1071.0,314.859375,129.0,36928.0,369.28,100.0,1000,3,997,0.10703929094597697,918,0,0,0,0,0,0,0,0,0,0,0,2,1,7,8,17,0,0,1,0,0,0,0,1,1,0,1,0,0,0,6,37,1.73065185546875,0.002344840671867132,3.4793527126312256,0.49885094165802,0.022791
269,47070.0,3121.0,50191.0,50191.0,0.937817537008627,53.0,0.053,82.0,38870.0,35.0,47.0,51.0,2.0,21436.0,25634.0,574.0,936.0,626.0,16.5,38870.0,388.7000000000004,100.0,1000,4,996,0.10747191694099456,914,0,0,0,0,1,1,0,0,0,0,0,0,2,6,3,22,0,0,0,0,0,0,0,1,3,0,1,0,2,0,8,36,1.811872124671936,0.10491234064102173,3.4320731163024902,0.3987314999103546,0.022764
270,47373.0,2491.0,49864.0,49864.0,0.9500441200064175,52.0,0.052,78.0,39573.0,35.0,43.0,14.0,38.0,23108.0,24265.0,1015.5557148052612,953.0,78.18053564934235,247.0,39573.0,395.7300000000002,100.0,1000,4,996,0.10747095802798867,919,0,0,1,0,0,1,0,0,0,0,0,0,0,14,7,14,0,0,0,0,0,0,0,1,1,0,0,0,0,0,9,33,1.6135008335113525,0.04329443722963333,3.1626710891723633,0.4894740581512451,0.022737
271,44870.0,4930.0,49800.0,49800.0,0.9010040160642571,94.0,0.094,75.0,37370.0,36.0,39.0,33.0,61.0,22835.0,22035.0,1200.0,639.0,0.0,91.3125,37370.0,373.69999999999993,100.0,1000,1,999,0.10909541591536254,920,0,0,0,0,1,0,0,0,1,0,0,2,3,8,1,22,0,0,1,1,0,0,0,2,0,0,0,0,2,0,6,30,1.3963367938995361,0.0030320328660309315,2.8135690689086914,0.5935660004615784,0.022709999999999998
272,48741.0,1350.0,50091.0,50091.0,0.9730490507276757,27.0,0.027,91.0,39641.0,41.0,50.0,23.0,4.0,24224.0,24517.0,638.625,984.0,561.375,216.0,39641.0,396.4100000000002,100.0,1000,3,997,0.10908791690599173,906,0,0,0,0,0,2,0,1,0,0,0,1,1,11,5,21,1,0,0,0,0,0,0,1,0,0,0,0,1,0,2,47,1.6562625169754028,-0.01661357656121254,3.366636037826538,0.4603408873081207,0.022683
273,50160.0,924.0,51084.0,51084.0,0.9819121447028424,20.0,0.02,94.0,40760.0,51.0,43.0,5.0,15.0,25472.0,24688.0,371.0,762.0,0.0,438.0,40760.0,407.5999999999992,100.0,1000,3,997,0.1069351660553366,902,0,0,0,0,0,1,0,1,0,0,0,3,1,13,2,30,0,0,0,0,0,0,0,1,1,1,0,0,0,0,3,41,1.2789092063903809,-0.009722479619085789,2.5972299575805664,0.44064560532569885,0.022656
274,47845.0,2621.0,50466.0,50466.0,0.948064043118139,47.0,0.047,89.0,38945.0,48.0,41.0,18.0,29.0,24102.0,23743.0,885.0,699.0,315.0,501.0,38945.0,389.4499999999993,100.0,1000,5,995,0.10732520802412182,909,1,0,0,0,0,0,0,0,2,0,0,1,1,10,9,24,0,0,0,0,0,0,0,0,1,0,0,1,0,0,6,35,1.4242037534713745,-0.0016322197625413537,2.8713908195495605,0.43570032715797424,0.022628999999999996
275,48102.0,3122.0,51224.0,51224.0,0.9390520068717788,61.0,0.061,86.0,39502.0,38.0,48.0,48.0,13.0,21463.0,26639.0,809.1171875,786.0,390.8828125,414.0,39502.0,395.0200000000007,100.0,1000,3,997,0.10725912498310208,911,0,0,0,0,0,0,0,1,0,1,0,0,2,12,1,23,0,0,0,1,0,2,0,0,0,0,0,0,0,0,5,41,1.400342583656311,0.005695071537047625,2.809400796890259,0.4447820782661438,0.022601999999999997
276,49090.0,1846.0,50936.0,50936.0,0.9637584419663892,36.0,0.036,84.0,40690.0,45.0,39.0,14.0,22.0,24079.0,25011.0,1143.25,761.0,56.75,439.0,40690.0,406.9000000000003,100.0,1000,3,997,0.10897645889781415,911,0,0,0,0,0,0,0,0,0,1,0,0,1,13,8,24,0,0,0,1,1,0,0,0,2,0,0,1,0,0,1,36,0.8504102230072021,-0.010015835054218769,1.740329384803772,0.4313894510269165,0.022574999999999998
277,45381.0,5145.0,50526.0,50526.0,0.8981712385702411,95.0,0.095,79.0,37481.0,43.0,36.0,36.0,59.0,24805.0,20576.0,854.0,478.6875,346.0,721.3125,37481.0,374.80999999999995,100.0,1000,6,994,0.10928429197520018,919,0,0,0,0,1,0,0,1,0,0,0,3,0,8,7,23,0,0,0,1,0,1,0,0,1,0,1,0,0,0,9,25,0.8789135217666626,-0.05884924530982971,1.8981688022613525,0.5021127462387085,0.022548
278,47435.0,1847.0,49282.0,49282.0,0.9625218132380992,33.0,0.033,93.0,38135.0,53.0,40.0,4.0,29.0,25476.0,21959.0,821.0,792.0,47.375,408.0,38135.0,381.3499999999999,100.0,1000,3,997,0.1096908749314025,905,0,0,0,0,0,1,0,0,2,0,0,1,0,10,6,34,0,0,0,0,1,0,0,1,2,0,1,0,1,0,3,32,1.1979444026947021,-0.035736989229917526,2.4868814945220947,0.43334466218948364,0.022521
279,46451.0,2510.0,48961.0,48961.0,0.9487347072159474,53.0,0.053,88.0,37651.0,49.0,39.0,6.0,47.0,23678.0,22773.0,1101.0,316.0,99.0,884.0,37651.0,376.51000000000005,100.0,1000,5,995,0.10692745901178569,911,0,0,0,0,1,1,0,0,0,0,0,0,1,5,4,38,0,0,0,0,0,0,0,2,0,0,0,0,2,0,1,34,1.1601176261901855,0.039518922567367554,2.2619855403900146,0.46208369731903076,0.022494
280,48670.0,2283.0,50953.0,50953.0,0.9551940023158597,42.0,0.042,86.0,40070.0,37.0,49.0,34.0,8.0,23037.0,25633.0,1089.0,930.0,111.0,270.0,40070.0,400.7000000000005,100.0,1000,4,996,0.10705575009342283,913,0,0,0,0,1,0,0,0,1,1,0,2,1,5,6,21,0,0,0,1,0,1,0,0,1,0,1,0,1,0,6,38,1.727645754814148,0.0020739661995321512,3.473836660385132,0.5050339102745056,0.022466999999999997
281,48549.0,1726.0,50275.0,50275.0,0.9656688214818498,34.0,0.034,101.0,38449.0,51.0,50.0,26.0,8.0,24713.0,23836.0,1027.0,700.9375,173.0,499.0625,38449.0,384.4899999999999,100.0,1000,5,995,0.10892549995332956,897,1,0,0,0,0,1,0,1,0,1,0,2,1,9,8,28,0,0,0,0,0,0,0,0,0,0,2,0,1,0,5,43,1.7019555568695068,0.011266901157796383,3.401395797729492,0.4460461437702179,0.022439999999999998
282,47391.0,3067.0,50458.0,50458.0,0.9392167743469817,54.0,0.054,89.0,38491.0,48.0,41.0,48.0,6.0,24815.0,22576.0,1046.0,403.0,154.0,797.0,38491.0,384.9100000000004,100.0,1000,5,995,0.10718345793429762,908,0,0,0,0,0,1,0,0,1,0,0,2,0,12,6,27,0,0,0,0,0,0,0,1,0,0,0,0,1,0,4,37,1.15683114528656,0.010217776522040367,2.314307928085327,0.47028785943984985,0.022413
283,50565.0,882.0,51447.0,51447.0,0.9828561432153479,17.0,0.017,93.0,41265.0,43.0,50.0,9.0,8.0,24473.0,26092.0,997.0,600.0,203.0,600.0,41265.0,412.6500000000005,100.0,1000,6,994,0.10707662510685623,899,0,0,0,0,2,0,0,1,1,0,0,0,1,6,7,29,0,0,0,1,0,0,0,1,0,0,2,1,0,1,5,43,1.8946796655654907,0.07559250295162201,3.658245801925659,0.44830265641212463,0.022386
284,47842.0,2707.0,50549.0,50549.0,0.9464480009495737,48.0,0.048,79.0,39942.0,38.0,41.0,40.0,8.0,23291.0,24551.0,582.16015625,630.0,617.83984375,570.0,39942.0,399.4200000000002,100.0,1000,5,995,0.10733891604468226,918,0,0,0,0,0,0,0,0,1,0,1,1,1,9,8,19,0,0,1,0,0,0,0,0,0,0,1,1,0,1,6,32,0.3462367057800293,-0.09111954271793365,0.8969717621803284,0.49776849150657654,0.022359
285,47380.0,2313.0,49693.0,49693.0,0.9534542088422917,34.0,0.034,90.0,38380.0,48.0,42.0,23.0,11.0,23997.0,23383.0,593.8657455444336,1059.0,606.1342544555664,141.0,38380.0,383.80000000000086,100.0,1000,3,997,0.10723370802588761,907,0,1,0,0,0,1,0,1,1,1,0,2,2,7,8,25,0,0,1,1,0,0,0,0,0,0,1,0,0,0,5,36,1.4993425607681274,-0.032775312662124634,3.0834405422210693,0.4299863874912262,0.022331999999999998
286,47181.0,2731.0,49912.0,49912.0,0.945283699310787,52.0,0.052,84.0,38781.0,43.0,41.0,20.0,32.0,23252.0,23929.0,1043.0,663.0,157.0,537.0,38781.0,387.8099999999997,100.0,1000,5,995,0.10708795802202076,916,1,0,0,0,0,0,1,0,0,0,1,0,0,6,11,23,0,0,0,2,0,0,0,0,1,0,0,0,0,0,5,33,1.555944800376892,0.045214902609586716,3.04394793510437,0.5041064023971558,0.022305
287,48741.0,1721.0,50462.0,50462.0,0.9658951290079664,33.0,0.033,89.0,39841.0,43.0,46.0,16.0,17.0,25637.0,23104.0,719.0,1053.0,481.0,21.0,39841.0,398.41000000000065,100.0,1000,7,993,0.10736204101704061,908,0,1,0,0,0,0,1,1,0,0,0,1,3,11,4,23,0,0,0,1,0,0,1,0,2,0,0,0,0,1,5,37,1.3317477703094482,0.03694503754377365,2.610034227371216,0.4584931433200836,0.022278
288,48290.0,1609.0,49899.0,49899.0,0.9677548648269504,27.0,0.027,81.0,40190.0,39.0,42.0,18.0,9.0,25928.0,22362.0,1008.1943359375,1167.0,191.8056640625,33.0,40190.0,401.9000000000002,100.0,1000,6,994,0.10748429107479751,912,0,0,0,0,1,0,0,0,0,0,0,1,0,10,9,21,0,0,0,1,0,0,0,0,2,0,0,0,1,0,10,32,0.49170827865600586,-0.06878092885017395,1.1413182020187378,0.4570525288581848,0.022251
289,46897.0,2654.0,49551.0,49551.0,0.9464390224213437,51.0,0.051,89.0,37997.0,39.0,50.0,49.0,2.0,23867.0,23030.0,878.669921875,482.0,83.8331298828125,44.875,37997.0,379.9699999999995,100.0,1000,5,995,0.10766508302185684,908,0,0,0,0,0,0,0,0,0,0,1,2,1,12,5,18,0,0,0,0,1,0,1,0,1,0,2,0,0,0,7,41,1.4593634605407715,0.04520522803068161,2.849551200866699,0.47774240374565125,0.022224
290,47399.0,2570.0,49969.0,49969.0,0.9485681122295824,52.0,0.052,84.0,38999.0,45.0,39.0,33.0,19.0,22986.0,24413.0,847.0,936.0,353.0,264.0,38999.0,389.98999999999995,100.0,1000,8,992,0.10974137496668845,914,0,0,1,0,2,0,0,0,1,0,0,1,0,10,12,20,0,0,0,0,0,0,0,0,1,0,1,0,1,0,5,31,1.173945426940918,0.04818376898765564,2.2715673446655273,0.4515048861503601,0.022197
291,45703.0,4751.0,50454.0,50454.0,0.905835018036231,94.0,0.094,83.0,37403.0,47.0,36.0,55.0,39.0,23047.0,22656.0,594.0,635.0,606.0,565.0,37403.0,374.03000000000014,100.0,1000,10,990,0.10748616699129343,915,0,0,0,0,0,2,1,1,0,0,0,0,1,11,8,23,1,1,0,0,0,1,1,0,2,0,1,0,1,0,4,26,0.4680585265159607,-0.039058174937963486,1.0366616249084473,0.50582355260849,0.02217
292,47857.0,1234.0,49091.0,49091.0,0.9748630095129454,21.0,0.021,94.0,38457.0,47.0,47.0,13.0,8.0,22980.0,24877.0,421.875,534.0,36.0,666.0,38457.0,384.57,100.0,1000,1,999,0.10736737493425608,903,0,0,1,0,0,0,0,0,0,1,0,0,0,9,8,31,0,0,0,0,0,0,0,1,0,0,0,0,0,1,2,43,0.8853985071182251,-0.07194624096155167,1.9334297180175781,0.4231638014316559,0.022143
293,49549.0,1421.0,50970.0,50970.0,0.9721208554051403,24.0,0.024,87.0,40849.0,40.0,47.0,13.0,11.0,24671.0,24878.0,791.62890625,1040.0,408.37109375,160.0,40849.0,408.48999999999995,100.0,1000,4,996,0.107314791996032,909,0,1,0,0,1,0,1,0,0,0,0,2,0,8,4,24,0,0,0,2,1,0,0,0,1,0,2,0,1,0,4,39,0.6957738995552063,-0.03339887410402298,1.479006290435791,0.46709921956062317,0.022116
294,47403.0,2727.0,50130.0,50130.0,0.9456014362657091,50.0,0.05,82.0,39203.0,42.0,40.0,15.0,35.0,23988.0,23415.0,693.0,1120.0,507.0,80.0,39203.0,392.03000000000014,100.0,1000,4,996,0.10721041704528034,917,0,0,0,1,0,0,0,0,0,0,1,1,2,13,5,20,0,0,0,0,0,0,1,0,2,0,1,0,1,0,4,31,1.9174469709396362,-0.02169591374695301,3.900360345840454,0.49967318773269653,0.022088999999999998
295,48246.0,2027.0,50273.0,50273.0,0.9596801464006525,28.0,0.028,94.0,38846.0,47.0,47.0,10.0,18.0,24731.0,23515.0,504.0,1061.0,696.0,139.0,38846.0,388.4600000000001,100.0,1000,3,997,0.10711808304768056,905,1,0,0,1,0,0,0,0,0,0,0,1,1,9,5,29,0,0,0,0,1,0,0,0,0,0,1,0,1,0,12,33,1.0778305530548096,-0.006933710537850857,2.1874189376831055,0.4054591655731201,0.022062
296,48592.0,1252.0,49844.0,49844.0,0.9748816306877458,22.0,0.022,77.0,40892.0,38.0,39.0,5.0,17.0,24476.0,24116.0,1099.0,809.0,101.0,0.0,40892.0,408.91999999999996,100.0,1000,5,995,0.10880087502300739,923,0,0,0,0,0,0,0,0,1,0,0,2,1,8,1,25,0,0,0,0,0,0,0,1,0,0,1,1,3,0,7,26,0.7641096711158752,-0.06426034867763519,1.6749048233032227,0.41218024492263794,0.022035
297,45734.0,4179.0,49913.0,49913.0,0.916274317312123,78.0,0.078,72.0,38534.0,38.0,34.0,18.0,60.0,24287.0,21447.0,278.5,510.0,921.5,690.0,38534.0,385.3400000000002,100.0,1000,3,997,0.1072514581028372,924,0,0,0,0,1,0,0,0,0,0,1,0,0,6,6,26,0,0,0,1,0,0,0,0,0,0,0,0,0,0,9,26,0.5569433569908142,-0.03614680469036102,1.2086153030395508,0.5096991062164307,0.022008
298,47514.0,2095.0,49609.0,49609.0,0.957769759519442,34.0,0.034,87.0,38814.0,46.0,41.0,12.0,22.0,22582.0,24932.0,970.0,1113.0,230.0,87.0,38814.0,388.1399999999991,100.0,1000,0,1000,0.10724208294413984,911,0,0,0,0,1,0,0,0,0,0,1,1,1,10,10,23,0,0,0,0,0,0,0,0,0,0,0,0,0,0,14,28,0.8493022918701172,-0.08359966427087784,1.8858323097229004,0.45558422803878784,0.021981
299,47890.0,1739.0,49629.0,49629.0,0.9649600032239215,30.0,0.03,84.0,39490.0,46.0,38.0,15.0,15.0,23737.0,24153.0,675.0,596.5625,525.0,0.0,39490.0,394.89999999999947,100.0,1000,3,997,0.10720637498889118,907,0,0,0,0,0,0,0,0,0,1,0,0,2,14,5,29,0,0,0,1,0,0,0,1,1,0,0,0,0,0,5,34,1.3398230075836182,0.04201314225792885,2.6133973598480225,0.4048822224140167,0.021954
300,46219.0,2674.0,48893.0,48893.0,0.9453091444583069,53.0,0.053,76.0,38619.0,43.0,33.0,21.0,32.0,23681.0,22538.0,994.1875,1171.875,119.40625,28.125,38619.0,386.18999999999994,100.0,1000,1,999,0.10701112495735288,923,0,0,0,1,0,0,0,1,0,0,1,2,0,7,7,24,0,0,0,0,0,0,0,1,0,0,0,0,2,0,9,22,1.3032381534576416,0.06452101469039917,2.4985435009002686,0.4813496768474579,0.021927
301,44901.0,3492.0,48393.0,48393.0,0.9278408034219825,56.0,0.056,85.0,36401.0,46.0,39.0,18.0,38.0,21703.0,23198.0,1168.0,817.4375,32.0,382.5625,36401.0,364.0100000000004,100.0,1000,2,998,0.1075033750385046,914,0,0,0,0,2,0,0,0,1,0,0,1,2,9,7,24,0,0,1,0,0,0,0,0,0,0,1,0,0,0,7,31,1.7506181001663208,0.006774612702429295,3.507795810699463,0.4591090679168701,0.0219
302,47575.0,2120.0,49695.0,49695.0,0.9573397726129389,38.0,0.038,89.0,38675.0,46.0,43.0,20.0,18.0,22754.0,24821.0,858.0,830.0,46.0,370.0,38675.0,386.7500000000005,100.0,1000,4,996,0.1070644169813022,907,0,1,0,0,1,0,0,0,0,1,0,0,2,6,7,30,0,1,0,0,0,0,0,0,0,0,3,1,0,1,6,33,1.15159010887146,-0.0038351621478796005,2.327798843383789,0.38742077350616455,0.021873
303,48501.0,853.0,49354.0,49354.0,0.9827166997609109,19.0,0.019,85.0,40001.0,40.0,45.0,9.0,10.0,23377.0,25124.0,1042.0,775.0,158.0,66.0,40001.0,400.00999999999976,100.0,1000,1,999,0.1090106659103185,912,0,0,0,0,0,2,0,0,1,0,0,1,1,7,2,27,0,0,0,0,0,0,0,1,1,0,1,0,0,0,6,38,0.6811714172363281,-0.09083747863769531,1.5601681470870972,0.3696401119232178,0.021845999999999997
304,49147.0,3433.0,52580.0,52580.0,0.9347090148345378,60.0,0.06,76.0,41547.0,45.0,31.0,12.0,48.0,25063.0,24084.0,779.125,911.0,77.984375,289.0,41547.0,415.47000000000065,100.0,1000,5,995,0.10721687495242804,921,0,0,0,0,0,0,0,0,0,0,3,1,1,15,5,20,0,0,0,0,0,0,0,0,1,0,0,0,1,0,4,28,1.9325284957885742,0.0154239721596241,3.8536198139190674,0.44481760263442993,0.021818999999999998
305,46762.0,2901.0,49663.0,49663.0,0.9415862916054205,54.0,0.054,81.0,38662.0,44.0,37.0,20.0,34.0,24160.0,22602.0,698.8125,749.5546875,84.76171875,450.4453125,38662.0,386.61999999999995,100.0,1000,4,996,0.10738912504166365,916,0,0,0,0,0,1,0,0,0,0,2,0,5,6,13,18,0,0,0,2,0,0,0,0,0,1,0,0,0,0,7,29,1.1945945024490356,-0.0460791252553463,2.500459671020508,0.43851760029792786,0.021792
306,48890.0,2827.0,51717.0,51717.0,0.9453371231896669,54.0,0.054,81.0,40790.0,39.0,42.0,45.0,9.0,25117.0,23773.0,641.3125,765.0,558.6875,435.0,40790.0,407.8999999999993,100.0,1000,3,997,0.1093582499306649,918,0,0,0,0,0,1,0,1,2,0,0,0,0,6,6,23,0,0,0,0,1,0,0,0,0,0,0,2,0,0,10,30,1.479822039604187,0.06621728092432022,2.847665786743164,0.4699360132217407,0.021765
307,47697.0,2564.0,50261.0,50261.0,0.9489862915580669,43.0,0.043,78.0,39897.0,41.0,37.0,19.0,24.0,23796.0,23901.0,1049.0,1200.0,151.0,0.0,39897.0,398.96999999999974,100.0,1000,3,997,0.10700029192958027,920,0,0,0,0,0,0,0,0,1,0,0,0,1,10,2,28,0,1,0,0,0,0,0,2,0,0,0,0,0,0,5,30,1.8714345693588257,-0.007420600391924381,3.7765281200408936,0.43282946944236755,0.021738
308,45863.0,2479.0,48342.0,48342.0,0.9487195399445617,46.0,0.046,75.0,38363.0,37.0,38.0,20.0,26.0,22630.0,23233.0,756.0,479.0,444.0,721.0,38363.0,383.62999999999926,100.0,1000,6,994,0.10670866700820625,924,0,0,0,0,0,0,0,0,0,0,2,2,2,5,6,21,0,0,0,0,0,0,0,0,0,0,0,1,0,0,8,29,1.336517095565796,0.006140513811260462,2.680769205093384,0.4609636664390564,0.021711
309,47428.0,2842.0,50270.0,50270.0,0.943465287447782,53.0,0.053,78.0,39628.0,41.0,37.0,29.0,24.0,24589.0,22839.0,800.578125,778.3125,399.421875,421.6875,39628.0,396.2799999999994,100.0,1000,6,994,0.10665966593660414,920,0,0,0,0,0,0,0,0,0,0,1,0,1,8,5,26,0,0,0,0,0,0,0,0,1,0,0,0,0,2,9,27,1.1241542100906372,-0.008185532875359058,2.284844160079956,0.464966356754303,0.021684
310,48343.0,2486.0,50829.0,50829.0,0.9510909126679651,41.0,0.041,82.0,40143.0,43.0,39.0,21.0,20.0,24980.0,23363.0,522.5,458.0,677.5,742.0,40143.0,401.4299999999993,100.0,1000,1,999,0.10662537498865277,917,0,0,0,0,1,0,0,0,0,0,1,0,1,9,3,28,0,0,0,0,0,0,0,0,0,0,1,0,1,0,6,32,1.7919936180114746,0.1330925077199936,3.339261770248413,0.4954425096511841,0.021657
311,46116.0,2580.0,48696.0,48696.0,0.9470182355840315,45.0,0.045,82.0,37916.0,41.0,41.0,35.0,10.0,23210.0,22906.0,914.0,775.0,286.0,425.0,37916.0,379.15999999999985,100.0,1000,7,993,0.10895895794965327,911,0,0,0,0,0,0,0,2,2,0,0,0,0,7,5,31,0,0,0,0,0,0,0,0,1,0,1,0,0,0,7,33,1.5403571128845215,0.06420393288135529,2.9701998233795166,0.4136277437210083,0.021629999999999996
312,48143.0,1717.0,49860.0,49860.0,0.9655635780184517,26.0,0.026,83.0,39843.0,44.0,39.0,11.0,15.0,23840.0,24303.0,925.0,411.0,275.0,789.0,39843.0,398.4300000000003,100.0,1000,4,996,0.1069549999665469,914,0,0,0,0,0,0,0,0,0,0,1,1,1,9,5,29,0,0,0,0,0,0,0,0,2,0,1,0,2,0,8,27,0.7818084359169006,-0.016178779304027557,1.6133720874786377,0.4026685357093811,0.021602999999999997
313,49025.0,1642.0,50667.0,50667.0,0.967592318471589,30.0,0.03,82.0,40825.0,42.0,40.0,16.0,14.0,25187.0,23838.0,910.265625,459.5625,289.734375,740.4375,40825.0,408.24999999999983,100.0,1000,1,999,0.10700204106979072,916,0,0,0,0,0,0,0,0,0,0,0,0,2,12,2,27,0,0,0,0,0,0,0,1,1,0,1,0,0,0,4,34,1.010485053062439,-0.012405188754200935,2.0639095306396484,0.4201206862926483,0.021575999999999998
314,49031.0,2148.0,51179.0,51179.0,0.9580296606029817,34.0,0.034,82.0,40831.0,43.0,39.0,20.0,14.0,24236.0,24795.0,815.0,1004.0,20.0,196.0,40831.0,408.3099999999995,100.0,1000,3,997,0.10671970900148153,914,0,0,0,0,0,1,0,0,0,0,2,1,2,8,1,29,0,0,0,0,0,1,0,0,0,0,0,0,1,0,5,35,1.0306551456451416,-0.011794846504926682,2.101874351501465,0.39385658502578735,0.021549
315,45907.0,3111.0,49018.0,49018.0,0.9365335182994002,64.0,0.064,75.0,38407.0,43.0,32.0,14.0,50.0,22207.0,23700.0,1025.0,431.375,175.0,768.625,38407.0,384.06999999999977,100.0,1000,1,999,0.10897495795506984,918,0,0,0,0,0,0,0,0,0,0,0,0,1,9,7,29,0,0,0,0,0,0,0,0,0,0,0,0,0,0,6,30,0.7945460677146912,0.00683323061093688,1.5935763120651245,0.42167797684669495,0.021522
316,45587.0,3988.0,49575.0,49575.0,0.9195562279374685,77.0,0.077,75.0,38087.0,42.0,33.0,24.0,53.0,23826.0,21761.0,576.1875,812.0625,623.8125,387.9375,38087.0,380.86999999999927,100.0,1000,4,996,0.10661608399823308,923,0,0,0,0,0,0,0,1,0,1,0,2,0,10,5,23,0,1,0,0,0,0,0,1,0,0,0,1,1,0,4,27,2.3300561904907227,0.15752610564231873,4.365261554718018,0.46990853548049927,0.021495
317,47927.0,1937.0,49864.0,49864.0,0.9611543398042676,33.0,0.033,77.0,40227.0,39.0,38.0,16.0,17.0,23951.0,23976.0,311.5,974.0,888.5,113.0,40227.0,402.27000000000015,100.0,1000,8,992,0.10862583294510841,920,0,0,0,0,0,0,0,1,0,0,1,0,0,7,4,27,0,0,0,0,1,0,0,2,2,0,0,0,2,0,5,28,1.9036929607391357,0.05510745942592621,3.714262008666992,0.3980560898780823,0.021468
318,47281.0,3068.0,50349.0,50349.0,0.9390653240382133,51.0,0.051,77.0,39581.0,36.0,41.0,35.0,16.0,23520.0,23761.0,836.833984375,664.75,363.166015625,535.25,39581.0,395.8100000000003,100.0,1000,3,997,0.10927612497471273,920,0,0,0,0,0,0,0,0,0,0,0,0,3,9,5,20,0,0,0,0,0,0,0,0,0,0,0,1,3,0,5,34,1.0839214324951172,-0.009797745384275913,2.206052541732788,0.4340805113315582,0.021440999999999998
319,46928.0,1753.0,48681.0,48681.0,0.9639900577227255,24.0,0.024,82.0,38728.0,45.0,37.0,8.0,16.0,24608.0,22320.0,900.0,831.9375,82.25,368.0625,38728.0,387.28000000000014,100.0,1000,3,997,0.10654766601510346,915,0,0,0,0,0,0,0,0,1,0,0,1,1,11,5,26,0,0,0,0,0,0,0,0,1,0,1,0,0,0,3,35,1.8306818008422852,0.03001050278544426,3.6178171634674072,0.38466620445251465,0.021414
320,48750.0,3121.0,51871.0,51871.0,0.9398315050799098,58.0,0.058,83.0,40450.0,45.0,38.0,34.0,24.0,23304.0,25446.0,938.0,1172.0,262.0,28.0,40450.0,404.5000000000001,100.0,1000,1,999,0.10684145800769329,916,0,0,0,0,1,0,0,0,0,0,0,0,3,14,3,24,0,0,0,0,1,0,0,0,0,0,1,0,0,0,3,34,1.6887019872665405,0.032670628279447556,3.3280558586120605,0.37389862537384033,0.021386999999999996
321,47116.0,3237.0,50353.0,50353.0,0.9357138601473597,63.0,0.063,80.0,39116.0,41.0,39.0,41.0,22.0,23733.0,23383.0,757.0,1129.0,443.0,71.0,39116.0,391.1599999999999,100.0,1000,6,994,0.10673920798581094,916,0,0,0,1,0,0,0,1,0,1,0,0,0,16,4,20,0,1,0,0,0,0,0,0,0,0,0,0,2,0,6,32,0.8983374834060669,-0.04386214539408684,1.9022022485733032,0.4167356491088867,0.021359999999999997
322,48886.0,2193.0,51079.0,51079.0,0.957066504825858,36.0,0.036,78.0,41086.0,39.0,39.0,5.0,31.0,25303.0,23583.0,515.375,930.0,684.625,270.0,41086.0,410.85999999999973,100.0,1000,4,996,0.10712633410003036,920,0,0,0,0,0,0,0,0,0,0,1,0,1,10,7,21,0,0,0,0,0,0,0,0,1,1,0,1,0,0,9,28,0.478739470243454,-0.10410364717245102,1.183505654335022,0.4176492393016815,0.021332999999999998
323,48433.0,2608.0,51041.0,51041.0,0.9489038224172723,40.0,0.04,80.0,40433.0,46.0,34.0,7.0,33.0,24234.0,24199.0,1065.0,1200.0,135.0,0.0,40433.0,404.32999999999987,100.0,1000,3,997,0.10736379190348089,917,2,1,0,0,1,0,0,0,1,1,0,1,2,11,3,23,0,0,0,0,0,0,0,0,1,0,0,0,1,0,8,27,2.521336078643799,0.04712626710534096,4.965795993804932,0.40778031945228577,0.021306
324,47092.0,1214.0,48306.0,48306.0,0.9748685463503498,21.0,0.021,78.0,39292.0,43.0,35.0,12.0,9.0,22946.0,24146.0,39.0,803.0,72.5625,397.0,39292.0,392.9200000000002,100.0,1000,4,996,0.10881462506949902,922,0,0,0,0,0,0,0,0,0,1,0,1,0,9,2,30,0,0,0,0,0,0,0,0,1,0,1,0,1,0,9,23,1.2242395877838135,0.06713301688432693,2.3317179679870605,0.41132107377052307,0.021279
325,48697.0,1474.0,50171.0,50171.0,0.9706204779653584,29.0,0.029,86.0,40097.0,50.0,36.0,6.0,23.0,25808.0,22889.0,962.0,903.0,238.0,297.0,40097.0,400.9699999999997,100.0,1000,3,997,0.10674700001254678,912,0,0,0,0,0,0,1,2,1,0,0,0,1,6,2,38,0,0,0,0,0,0,0,0,1,0,1,0,2,0,3,30,1.1863089799880981,-0.05836977809667587,2.5047786235809326,0.36281803250312805,0.021252
326,46925.0,2570.0,49495.0,49495.0,0.9480755631882009,48.0,0.048,69.0,40025.0,42.0,27.0,5.0,43.0,25395.0,21530.0,1118.0,602.0,82.0,598.0,40025.0,400.24999999999994,100.0,1000,3,997,0.10866787494160235,929,0,0,0,0,0,0,0,0,1,0,0,0,1,5,5,31,0,0,0,0,0,0,0,0,1,0,0,0,0,0,2,25,2.0656259059906006,0.08277402073144913,3.981668710708618,0.37609145045280457,0.021225
327,47615.0,1996.0,49611.0,49611.0,0.9597669871601057,29.0,0.029,78.0,39815.0,38.0,40.0,14.0,15.0,23334.0,24281.0,1096.0,37.0,104.0,1163.0,39815.0,398.1499999999995,100.0,1000,2,998,0.10715599998366088,921,0,0,0,0,0,0,0,0,1,2,0,0,1,6,5,24,0,0,0,0,1,0,0,0,0,0,1,0,1,0,6,31,1.9641748666763306,0.049214791506528854,3.847445487976074,0.41337454319000244,0.021197999999999998
328,47925.0,2250.0,50175.0,50175.0,0.9551569506726457,46.0,0.046,85.0,39425.0,42.0,43.0,13.0,33.0,24781.0,23144.0,1053.0,728.0,147.0,472.0,39425.0,394.2499999999997,100.0,1000,8,992,0.10901608399581164,914,0,0,0,0,0,0,0,0,0,0,0,2,1,17,5,17,0,0,0,0,0,0,0,0,1,0,0,1,0,0,11,31,1.8936101198196411,0.042035430669784546,3.7215676307678223,0.4349874258041382,0.021171
329,49427.0,1124.0,50551.0,50551.0,0.9777650293762735,23.0,0.023,85.0,40927.0,41.0,44.0,12.0,11.0,24164.0,25263.0,634.0,985.0,566.0,215.0,40927.0,409.2699999999995,100.0,1000,3,997,0.10934125003404915,913,0,0,1,0,1,1,0,0,0,1,0,3,0,10,2,23,0,0,0,0,0,0,0,0,1,0,1,0,1,0,7,35,0.9235823154449463,0.04437696933746338,1.774874210357666,0.38931792974472046,0.021143999999999996
330,48521.0,1219.0,49740.0,49740.0,0.9754925613188581,17.0,0.017,88.0,39721.0,47.0,41.0,6.0,11.0,23984.0,24537.0,649.0,363.0,551.0,837.0,39721.0,397.21,100.0,1000,2,998,0.10960712493397295,911,0,0,0,0,1,0,0,0,0,0,1,1,3,11,4,27,0,0,0,0,0,0,0,0,0,0,0,0,0,0,5,36,0.8951629996299744,-0.032738640904426575,1.8738868236541748,0.428176611661911,0.021116999999999997
331,47950.0,1149.0,49099.0,49099.0,0.9765983013910671,15.0,0.015,90.0,38950.0,39.0,51.0,12.0,3.0,23992.0,23958.0,754.625,992.0,445.375,208.0,38950.0,389.5000000000006,100.0,1000,5,995,0.10714687500149012,910,0,0,0,0,0,0,0,0,1,0,0,1,3,12,3,19,0,0,1,0,0,1,0,0,0,0,0,0,1,1,7,40,1.460172176361084,-0.025029124692082405,2.987380266189575,0.40250164270401,0.021089999999999998
332,47336.0,2468.0,49804.0,49804.0,0.9504457473295318,48.0,0.048,87.0,38636.0,43.0,44.0,33.0,15.0,23886.0,23450.0,894.75,271.3125,0.0,928.6875,38636.0,386.36000000000007,100.0,1000,7,993,0.10706883401144296,912,0,0,0,0,0,0,0,0,0,1,1,0,0,16,3,23,0,0,0,0,0,0,0,0,0,0,1,0,2,0,9,32,0.6180589199066162,-0.027185864746570587,1.3084386587142944,0.4260816276073456,0.021063
333,48340.0,1086.0,49426.0,49426.0,0.9780277586695262,19.0,0.019,87.0,39640.0,41.0,46.0,17.0,2.0,22697.0,25643.0,929.625,732.0625,270.375,467.9375,39640.0,396.3999999999997,100.0,1000,2,998,0.1087125000776723,913,0,0,0,1,0,0,0,0,0,0,0,0,1,17,3,19,0,0,0,0,0,0,0,0,0,0,2,0,2,0,9,33,1.5151386260986328,0.05646458640694618,2.9347639083862305,0.4139503538608551,0.021036
334,48596.0,1738.0,50334.0,50334.0,0.9654706560178011,28.0,0.028,91.0,39496.0,45.0,46.0,12.0,16.0,23552.0,25044.0,494.01953125,1022.0,705.98046875,178.0,39496.0,394.96000000000004,100.0,1000,4,996,0.10684579203370959,907,0,0,0,0,0,0,0,0,2,0,2,1,1,9,3,29,0,0,0,1,0,0,0,0,0,0,0,0,1,0,4,40,1.4397385120391846,0.021216537803411484,2.8562347888946533,0.4567295014858246,0.021009
335,50236.0,3291.0,53527.0,53527.0,0.9385170101070488,51.0,0.051,91.0,41136.0,49.0,42.0,12.0,39.0,23336.0,26900.0,713.0,872.0,487.0,328.0,41136.0,411.3599999999995,100.0,1000,3,997,0.10818566591478884,906,1,0,0,0,0,1,0,0,0,0,0,0,2,15,5,25,0,0,0,0,0,0,0,0,0,0,1,0,1,0,8,35,1.4764231443405151,0.022825496271252632,2.9260668754577637,0.4497080147266388,0.020982
336,48715.0,1069.0,49784.0,49784.0,0.9785272376667202,19.0,0.019,89.0,39815.0,54.0,35.0,8.0,11.0,25623.0,23092.0,418.0,1041.0,97.75,119.0,39815.0,398.1499999999994,100.0,1000,5,995,0.10700616694521159,910,0,1,0,0,1,0,0,1,0,0,0,2,0,12,5,32,0,0,1,1,0,1,0,0,1,0,0,0,0,0,2,30,1.076812982559204,0.02512837015092373,2.120011806488037,0.3971024751663208,0.020954999999999998
337,48499.0,1855.0,50354.0,50354.0,0.963160821384597,35.0,0.035,82.0,40299.0,44.0,38.0,19.0,16.0,24520.0,23979.0,970.0,541.25,230.0,658.75,40299.0,402.9900000000004,100.0,1000,2,998,0.10692962491884828,916,0,0,0,0,0,0,0,0,0,0,1,0,1,11,4,27,0,0,0,0,0,0,0,0,1,0,0,1,0,0,2,36,1.1442774534225464,-0.0351720005273819,2.375236749649048,0.3903348445892334,0.020928
338,48726.0,1633.0,50359.0,50359.0,0.9675728271014119,30.0,0.03,89.0,39826.0,43.0,46.0,21.0,9.0,24621.0,24105.0,1001.0,839.0,199.0,361.0,39826.0,398.2599999999997,100.0,1000,2,998,0.10701837507076561,905,0,0,0,0,2,0,0,0,2,1,1,0,1,13,5,21,0,0,0,0,0,0,0,0,0,1,0,0,0,0,6,42,0.39671790599823,-0.07555802166461945,0.9604218602180481,0.379646360874176,0.020900999999999996
339,48444.0,1478.0,49922.0,49922.0,0.9703938143503866,29.0,0.029,71.0,41344.0,40.0,31.0,7.0,22.0,25059.0,23385.0,719.125,467.0,480.875,733.0,41344.0,413.43999999999977,100.0,1000,2,998,0.10715708299539983,929,0,0,0,0,0,0,0,0,2,0,0,0,0,10,0,28,0,0,0,1,0,0,0,0,0,0,1,0,0,1,5,23,0.3556751012802124,-0.06334397196769714,0.8554128408432007,0.41618040204048157,0.020873999999999997
340,50206.0,2102.0,52308.0,52308.0,0.9598149422650455,33.0,0.033,82.0,42006.0,41.0,41.0,14.0,19.0,24450.0,25756.0,221.0,718.0,979.0,482.0,42006.0,420.0599999999999,100.0,1000,0,1000,0.106816416955553,918,0,0,0,0,0,0,0,0,0,0,1,0,1,10,1,28,0,0,0,0,0,0,0,1,0,0,2,0,0,0,7,31,1.0642890930175781,-0.08067408949136734,2.3082752227783203,0.44008582830429077,0.020846999999999997
341,49384.0,1268.0,50652.0,50652.0,0.9749664376530048,20.0,0.02,84.0,40984.0,46.0,38.0,7.0,13.0,23843.0,25541.0,778.625,967.5625,421.375,232.4375,40984.0,409.8400000000001,100.0,1000,2,998,0.10684054205194116,914,0,0,1,0,0,0,0,0,0,0,1,1,3,14,4,23,0,0,0,0,0,0,0,0,2,0,0,0,3,0,7,27,1.4418219327926636,0.014174645766615868,2.8737409114837646,0.44299811124801636,0.020819999999999998
342,47633.0,1288.0,48921.0,48921.0,0.9736718382698637,21.0,0.021,78.0,39833.0,43.0,35.0,0.0,21.0,22844.0,24789.0,881.0,422.0,319.0,778.0,39833.0,398.3300000000008,100.0,1000,3,997,0.1089102909900248,920,0,0,0,0,0,0,0,1,0,0,1,1,1,11,4,25,0,0,0,0,0,0,0,0,0,0,0,0,3,0,7,26,0.3829386532306671,-0.1346963495016098,1.054530382156372,0.4631454348564148,0.020793
343,48620.0,1168.0,49788.0,49788.0,0.9765405318550655,22.0,0.022,84.0,40220.0,41.0,43.0,10.0,12.0,24384.0,24236.0,461.75,1006.0,738.25,194.0,40220.0,402.1999999999992,100.0,1000,3,997,0.10996258305385709,913,0,0,0,0,0,0,0,0,0,0,1,1,1,14,3,22,0,0,0,0,0,0,0,0,0,0,2,0,0,0,1,42,1.0279223918914795,0.006067060399800539,2.060507297515869,0.40442270040512085,0.020766
344,47820.0,2305.0,50125.0,50125.0,0.9540149625935163,43.0,0.043,73.0,40520.0,33.0,40.0,19.0,24.0,22347.0,25473.0,935.4375,1159.0,264.5625,41.0,40520.0,405.19999999999965,100.0,1000,4,996,0.10671858303248882,926,0,0,0,1,0,1,0,0,0,0,1,0,4,7,4,16,0,1,0,0,0,0,0,0,0,0,0,0,0,0,6,33,1.2180981636047363,0.014826186001300812,2.4248173236846924,0.4405529499053955,0.020739
345,49046.0,1041.0,50087.0,50087.0,0.9792161638748578,19.0,0.019,91.0,39946.0,49.0,42.0,4.0,15.0,24931.0,24115.0,984.0,578.0,216.0,0.0,39946.0,399.45999999999987,100.0,1000,3,997,0.10889200004749,907,0,0,0,0,0,1,0,1,0,0,1,1,0,19,3,23,0,1,0,0,0,0,0,0,0,0,0,0,2,0,4,37,1.666075587272644,0.03736434876918793,3.2717902660369873,0.34684839844703674,0.020712
346,48041.0,1547.0,49588.0,49588.0,0.9688029361942405,32.0,0.032,78.0,40241.0,45.0,33.0,19.0,13.0,24381.0,23660.0,1167.0,524.0,33.0,676.0,40241.0,402.4099999999998,100.0,1000,7,993,0.10852687491569668,920,0,0,0,0,0,0,0,0,0,0,4,2,0,14,2,23,0,0,0,0,0,1,0,0,0,0,1,1,2,0,6,24,0.6529382467269897,-0.04837237298488617,1.4183984994888306,0.38136744499206543,0.020685000000000002
347,46295.0,3364.0,49659.0,49659.0,0.9322579995569786,63.0,0.063,77.0,38595.0,37.0,40.0,21.0,42.0,21414.0,24881.0,515.26953125,1002.0,684.73046875,198.0,38595.0,385.9500000000004,100.0,1000,4,996,0.10729033395182341,921,0,0,0,0,0,0,1,0,1,0,0,1,0,10,4,21,0,1,0,0,0,0,0,0,0,0,0,0,1,0,16,23,0.7994572520256042,-0.15452809631824493,1.9258356094360352,0.4323967695236206,0.020658
348,48348.0,1827.0,50175.0,50175.0,0.9635874439461883,36.0,0.036,73.0,41048.0,39.0,34.0,19.0,17.0,24923.0,23425.0,935.421875,994.0,264.578125,206.0,41048.0,410.4800000000001,100.0,1000,1,999,0.10710487503092736,923,0,0,0,0,0,0,0,0,0,0,1,0,2,18,2,20,0,0,0,0,0,0,0,0,0,0,1,0,1,0,4,28,0.6782488226890564,-0.02117258869111538,1.4173260927200317,0.4479503333568573,0.020631
349,49634.0,1296.0,50930.0,50930.0,0.9745533084625957,20.0,0.02,87.0,40934.0,50.0,37.0,7.0,13.0,25250.0,24384.0,1144.0,916.75,56.0,283.25,40934.0,409.3400000000001,100.0,1000,3,997,0.10685566591564566,909,0,0,0,0,0,0,0,0,1,0,0,0,6,11,5,27,0,0,0,1,0,0,0,0,0,0,0,0,1,0,3,36,1.3735480308532715,0.030322154983878136,2.702793836593628,0.39657655358314514,0.020603999999999997
350,48724.0,2302.0,51026.0,51026.0,0.9548857445224004,35.0,0.035,77.0,41024.0,38.0,39.0,33.0,2.0,26116.0,22608.0,898.0,355.0,302.0,158.4375,41024.0,410.2399999999996,100.0,1000,4,996,0.10883733397349715,923,0,0,0,0,2,0,0,0,0,0,0,0,1,12,3,20,0,0,0,0,0,0,0,0,0,0,1,0,3,0,7,28,0.7221032977104187,-0.06947621703147888,1.5982171297073364,0.36589768528938293,0.020576999999999998
351,47916.0,1491.0,49407.0,49407.0,0.9698220899872487,27.0,0.027,74.0,40516.0,37.0,37.0,13.0,14.0,23275.0,24641.0,968.2451171875,262.8515625,231.7548828125,937.1484375,40516.0,405.16000000000014,100.0,1000,3,997,0.10686958394944668,924,0,0,1,0,0,0,0,0,0,0,3,0,1,6,6,20,0,0,0,0,0,0,0,0,0,0,1,1,2,0,8,27,1.34743070602417,-0.028025303035974503,2.767709255218506,0.40869298577308655,0.02055
352,48518.0,1907.0,50425.0,50425.0,0.9621814576103124,22.0,0.022,81.0,40418.0,40.0,41.0,19.0,3.0,24365.0,24153.0,629.875,619.4375,570.125,0.0,40418.0,404.1800000000003,100.0,1000,4,996,0.10716599994339049,915,0,0,0,0,1,0,0,0,1,0,2,0,1,13,4,20,0,0,0,0,0,0,0,0,0,0,0,1,1,0,10,31,1.953121304512024,0.09166457504034042,3.7394919395446777,0.4039013683795929,0.020523
353,48443.0,1194.0,49637.0,49637.0,0.9759453633378327,23.0,0.023,74.0,41043.0,41.0,33.0,15.0,8.0,24868.0,23575.0,928.0,445.0,62.0,755.0,41043.0,410.4300000000004,100.0,1000,4,996,0.10850937489885837,926,0,0,0,0,0,0,0,0,0,0,2,0,1,11,2,25,0,0,0,0,0,0,0,1,1,0,0,0,0,0,7,24,1.0934278964996338,0.03603391721844673,2.1309263706207275,0.39369386434555054,0.020496
354,47309.0,2665.0,49974.0,49974.0,0.9466722695801817,50.0,0.05,72.0,40109.0,37.0,35.0,23.0,27.0,23741.0,23568.0,975.5,1025.875,224.5,174.125,40109.0,401.0899999999998,100.0,1000,5,995,0.10891800001263618,926,1,0,0,0,0,0,0,0,0,0,0,0,0,17,6,15,0,0,0,0,0,0,0,0,0,0,1,0,0,0,3,31,0.7495772242546082,-0.050159208476543427,1.6150689125061035,0.3809667229652405,0.020469
355,46124.0,1875.0,47999.0,47999.0,0.9609366861809621,35.0,0.035,71.0,39024.0,35.0,36.0,17.0,18.0,22998.0,23126.0,774.0,636.0,426.0,564.0,39024.0,390.2400000000004,100.0,1000,4,996,0.10714991693384945,928,0,0,0,0,0,0,0,0,1,0,2,0,3,13,4,13,0,0,1,0,1,0,0,1,0,0,1,0,1,0,3,28,1.7605046033859253,-0.0078048789873719215,3.551626205444336,0.3670702874660492,0.020442000000000002
356,50047.0,1584.0,51631.0,51631.0,0.9693207569096086,25.0,0.025,74.0,42647.0,40.0,34.0,14.0,11.0,26832.0,23215.0,751.875,977.0,448.125,223.0,42647.0,426.46999999999997,100.0,1000,1,999,0.106933124945499,924,0,0,0,0,2,0,0,0,1,0,1,0,0,13,2,21,0,0,0,0,1,0,0,0,0,0,1,0,1,0,11,22,0.9605324864387512,-0.016498101875185966,1.970625400543213,0.40568897128105164,0.020415
357,46803.0,2239.0,49042.0,49042.0,0.954345255087476,44.0,0.044,74.0,39403.0,31.0,43.0,35.0,9.0,21090.0,25713.0,911.75,758.875,288.25,441.125,39403.0,394.02999999999975,100.0,1000,2,998,0.10727199993561953,925,0,0,0,0,0,0,0,1,0,0,1,1,2,13,0,13,0,0,0,0,0,0,0,0,1,0,3,0,2,0,11,27,0.8775839805603027,-0.06098046153783798,1.893517255783081,0.4019130766391754,0.020388
358,47411.0,2822.0,50233.0,50233.0,0.9438217904564729,53.0,0.053,75.0,39911.0,45.0,30.0,20.0,33.0,23799.0,23612.0,1041.375,212.0,158.625,988.0,39911.0,399.1100000000001,100.0,1000,4,996,0.1068242919864133,925,0,0,0,0,1,0,0,0,1,1,0,0,1,13,4,24,0,0,0,0,0,0,0,0,0,0,1,1,1,0,11,16,1.5506267547607422,0.09839696437120438,2.920461893081665,0.3929653465747833,0.020360999999999997
359,47328.0,1931.0,49259.0,49259.0,0.9607990417994681,38.0,0.038,70.0,40328.0,34.0,36.0,23.0,15.0,24443.0,22885.0,958.4375,467.0,241.5625,733.0,40328.0,403.279999999999,100.0,1000,1,999,0.1086849169805646,929,0,0,0,0,0,0,0,0,0,1,0,1,1,7,3,21,0,0,0,0,0,0,0,0,0,0,0,0,0,0,6,31,1.3307929039001465,0.025460105389356613,2.625899314880371,0.37458592653274536,0.020333999999999998
360,49450.0,741.0,50191.0,50191.0,0.9852363969635991,15.0,0.015,77.0,41750.0,37.0,40.0,4.0,11.0,24455.0,24995.0,253.5,890.0,946.5,310.0,41750.0,417.50000000000034,100.0,1000,2,998,0.1066099579911679,922,0,0,0,1,0,0,0,0,0,0,1,0,1,9,2,23,0,0,0,0,0,0,0,0,0,0,0,0,1,0,13,27,0.5934536457061768,0.01310142781585455,1.176283359527588,0.3835844397544861,0.020307
361,49464.0,977.0,50441.0,50441.0,0.9806308360262485,18.0,0.018,86.0,40864.0,48.0,38.0,11.0,7.0,25165.0,24299.0,908.0,1200.0,292.0,0.0,40864.0,408.6399999999988,100.0,1000,3,997,0.10690204193815589,913,0,0,0,0,0,0,1,0,1,0,3,0,0,11,1,32,0,0,0,0,0,0,0,0,0,1,0,0,1,0,5,31,1.3051371574401855,0.020271610468626022,2.583570957183838,0.3412244915962219,0.02028
362,49179.0,1649.0,50828.0,50828.0,0.9675572519083969,28.0,0.028,85.0,40679.0,45.0,40.0,9.0,19.0,24675.0,24504.0,526.0,843.0,674.0,357.0,40679.0,406.78999999999985,100.0,1000,3,997,0.10707470797933638,915,0,0,0,0,1,1,0,0,0,0,0,1,0,10,4,28,0,0,0,0,0,0,0,0,0,0,0,1,1,0,9,29,0.4131965935230255,-0.08195324242115021,1.0033810138702393,0.3229488432407379,0.020253
363,48006.0,1930.0,49936.0,49936.0,0.9613505286767062,36.0,0.036,76.0,40406.0,40.0,36.0,11.0,25.0,24906.0,23100.0,848.24951171875,833.8125,351.75048828125,366.1875,40406.0,404.06000000000006,100.0,1000,3,997,0.1074945000000298,923,0,0,0,1,0,0,1,0,0,0,2,0,2,5,2,27,0,0,1,0,0,0,0,0,0,0,0,0,0,0,6,30,1.5371054410934448,0.04332656040787697,3.002122640609741,0.3600552976131439,0.020226
364,46453.0,1989.0,48442.0,48442.0,0.9589405887453036,41.0,0.041,66.0,39853.0,33.0,33.0,19.0,22.0,24029.0,22424.0,128.0,895.0,1072.0,305.0,39853.0,398.5300000000002,100.0,1000,6,994,0.10637912503443658,932,0,0,0,0,0,0,0,0,0,0,0,1,0,13,1,18,0,0,0,0,0,0,0,0,0,0,0,0,1,1,8,25,0.8175752758979797,-0.10686007142066956,1.8661932945251465,0.42879897356033325,0.020199
365,47391.0,2495.0,49886.0,49886.0,0.949985968007056,36.0,0.036,69.0,40491.0,34.0,35.0,7.0,29.0,23861.0,23530.0,695.46875,1149.0,504.53125,51.0,40491.0,404.91000000000076,100.0,1000,2,998,0.10906308400444686,931,0,0,0,0,1,0,0,0,0,0,0,1,2,10,4,16,0,0,0,1,0,1,0,0,0,0,0,2,1,0,3,27,0.4531002938747406,-0.08285786956548691,1.0900896787643433,0.45045939087867737,0.020172
366,47999.0,1899.0,49898.0,49898.0,0.9619423624193354,35.0,0.035,77.0,40299.0,42.0,35.0,11.0,24.0,25439.0,22560.0,632.0,508.0,568.0,31.0,40299.0,402.9899999999996,100.0,1000,1,999,0.10908466705586761,920,0,0,0,0,0,1,0,0,0,0,1,2,0,5,2,32,0,0,0,0,0,0,0,0,0,0,0,0,0,0,5,32,0.8107669353485107,-0.06159190461039543,1.761319875717163,0.4120650589466095,0.020145
367,49461.0,1606.0,51067.0,51067.0,0.9685511191180214,34.0,0.034,78.0,41661.0,46.0,32.0,5.0,29.0,26103.0,23358.0,785.0,213.935546875,415.0,91.0,41661.0,416.6099999999998,100.0,1000,1,999,0.10668550000991672,922,0,0,0,0,0,0,0,0,1,0,0,0,1,11,2,31,0,0,0,0,0,0,0,0,0,0,0,0,0,1,9,22,1.5188053846359253,0.05922292172908783,2.934425115585327,0.3792662024497986,0.020117999999999997
368,47210.0,1282.0,48492.0,48492.0,0.9735626495091974,24.0,0.024,68.0,40410.0,35.0,33.0,7.0,17.0,23564.0,23646.0,961.0,416.0,239.0,39.0,40410.0,404.10000000000025,100.0,1000,1,999,0.1090250420384109,928,0,0,0,0,0,0,0,0,1,0,2,0,2,7,0,26,0,0,0,0,0,0,0,0,0,0,0,0,0,0,6,28,1.959672451019287,0.05460555851459503,3.8242685794830322,0.35177358984947205,0.020090999999999998
369,46745.0,3358.0,50103.0,50103.0,0.9329780651857175,67.0,0.067,73.0,39445.0,38.0,35.0,36.0,31.0,23154.0,23591.0,728.0,402.0,472.0,798.0,39445.0,394.4500000000001,100.0,1000,2,998,0.1085502909263596,927,0,0,0,0,0,0,0,0,0,0,0,0,0,10,3,25,0,0,0,0,0,0,0,0,1,1,0,0,1,0,5,27,1.8700599670410156,0.12725526094436646,3.5029053688049316,0.43101605772972107,0.020064
370,49404.0,1306.0,50710.0,50710.0,0.9742457109051469,25.0,0.025,78.0,41604.0,39.0,39.0,11.0,14.0,23651.0,25753.0,550.1875,960.0,649.8125,240.0,41604.0,416.039999999999,100.0,1000,3,997,0.1068051669280976,921,0,0,0,0,0,0,1,0,0,0,2,0,0,8,3,25,0,0,0,0,0,0,0,0,2,0,0,0,0,0,7,31,1.9523208141326904,0.03596452996134758,3.847975730895996,0.38087502121925354,0.020037
371,48495.0,1164.0,49659.0,49659.0,0.976560140155863,24.0,0.024,74.0,41095.0,43.0,31.0,4.0,20.0,25273.0,23222.0,1015.25,171.0,184.75,1029.0,41095.0,410.94999999999993,100.0,1000,2,998,0.10632970801088959,925,0,1,0,0,0,0,0,0,0,0,0,1,1,7,3,30,0,0,0,0,0,0,0,0,0,0,0,0,0,0,10,22,0.9857062101364136,-0.028825553134083748,2.0451674461364746,0.40239405632019043,0.02001
372,48345.0,1937.0,50282.0,50282.0,0.9614772682073107,33.0,0.033,75.0,40845.0,42.0,33.0,15.0,18.0,25893.0,22452.0,719.25,946.0,480.75,254.0,40845.0,408.4499999999994,100.0,1000,2,998,0.10938170901499689,924,0,0,0,0,1,0,0,0,0,0,0,0,1,4,2,34,0,0,0,0,0,0,0,0,0,0,0,0,0,0,8,26,0.9651035070419312,0.058751385658979416,1.8256090879440308,0.3228953182697296,0.019983
373,48125.0,1825.0,49950.0,49950.0,0.9634634634634635,35.0,0.035,73.0,40825.0,36.0,37.0,20.0,15.0,23509.0,24616.0,943.9453125,1036.4609375,256.0546875,163.5390625,40825.0,408.25000000000006,100.0,1000,2,998,0.10905562492553145,926,0,0,0,0,1,0,0,0,0,1,1,1,0,7,3,22,0,0,0,0,0,0,0,0,0,0,1,0,0,0,10,27,1.7310254573822021,0.09095107764005661,3.294259786605835,0.35355377197265625,0.019956
374,47420.0,2305.0,49725.0,49725.0,0.9536450477626949,47.0,0.047,74.0,40020.0,31.0,43.0,27.0,20.0,23840.0,23580.0,748.0,316.875,452.0,883.125,40020.0,400.2000000000002,100.0,1000,1,999,0.10995091707445681,926,0,0,0,0,0,0,0,0,0,0,0,1,1,5,2,22,0,0,0,0,0,1,0,0,0,0,3,0,0,1,11,27,1.4991421699523926,0.007111749611794949,3.0003092288970947,0.40766051411628723,0.019929
375,45990.0,1989.0,47979.0,47979.0,0.958544363158882,41.0,0.041,74.0,38590.0,38.0,36.0,22.0,19.0,23720.0,22270.0,235.0,732.0,965.0,468.0,38590.0,385.9000000000007,100.0,1000,4,996,0.10709662502631545,923,1,0,1,0,1,1,0,0,0,0,2,1,0,5,3,25,0,0,0,0,0,2,0,0,0,1,0,0,0,0,9,25,0.5320544838905334,-0.02030373364686966,1.1228004693984985,0.4543262720108032,0.019902
376,49473.0,858.0,50331.0,50331.0,0.9829528521189724,19.0,0.019,82.0,41273.0,49.0,33.0,6.0,13.0,25026.0,24447.0,885.0,438.9375,315.0,761.0625,41273.0,412.7299999999993,100.0,1000,0,1000,0.10925466695334762,913,0,0,0,0,0,0,0,0,0,0,2,1,1,7,1,39,0,0,0,0,0,0,0,0,0,0,0,0,1,0,5,30,1.095737099647522,-0.029303329065442085,2.2631301879882812,0.3282853960990906,0.019874999999999997
377,48836.0,1619.0,50455.0,50455.0,0.9679120007927856,26.0,0.026,73.0,41536.0,32.0,41.0,13.0,13.0,23991.0,24845.0,669.0,902.0,531.0,298.0,41536.0,415.3600000000004,100.0,1000,3,997,0.10924562497530133,924,0,0,0,0,1,0,0,0,1,0,1,1,0,3,0,25,0,0,0,0,0,0,0,0,0,0,0,0,1,0,10,33,1.4649099111557007,0.015777694061398506,2.913461446762085,0.382832795381546,0.019847999999999998
378,48027.0,1876.0,49903.0,49903.0,0.9624070697152476,34.0,0.034,76.0,40427.0,33.0,43.0,30.0,4.0,23383.0,24644.0,941.0,1103.0,259.0,97.0,40427.0,404.2699999999999,100.0,1000,3,997,0.10678949998691678,920,0,0,0,0,0,0,0,0,0,1,0,0,1,7,1,26,0,0,0,0,0,1,0,0,0,0,0,0,0,1,7,35,0.8672752380371094,-0.029061783105134964,1.808681607246399,0.40380141139030457,0.019821
379,48132.0,1583.0,49715.0,49715.0,0.9681585034697777,28.0,0.028,78.0,40332.0,43.0,35.0,14.0,14.0,24592.0,23540.0,985.0,893.0,215.0,307.0,40332.0,403.3199999999991,100.0,1000,0,1000,0.1073122089728713,919,0,0,0,0,0,0,0,0,0,1,0,1,1,6,1,35,0,0,0,0,0,0,0,1,0,0,0,0,1,0,5,29,0.8123083114624023,-0.023273933678865433,1.685275912284851,0.3564550578594208,0.019794
380,49886.0,1986.0,51872.0,51872.0,0.9617134484885873,23.0,0.023,75.0,42386.0,42.0,33.0,12.0,11.0,26338.0,23548.0,839.0,1117.0,361.0,83.0,42386.0,423.8600000000001,100.0,1000,1,999,0.10889541602227837,920,0,0,0,0,0,0,1,1,0,0,0,0,0,11,1,31,0,0,0,0,0,0,0,0,0,1,0,0,1,0,5,28,1.7366031408309937,-0.011110338382422924,3.5090184211730957,0.34379222989082336,0.019767
381,48001.0,1615.0,49616.0,49616.0,0.967450016123831,32.0,0.032,68.0,41201.0,36.0,32.0,15.0,17.0,23655.0,24346.0,686.0,808.0,514.0,392.0,41201.0,412.0099999999992,100.0,1000,4,996,0.10696770809590816,931,0,0,0,1,0,0,1,0,0,0,1,1,0,7,2,24,0,0,0,0,0,0,0,0,1,0,0,0,1,0,4,26,0.35798969864845276,-0.06246725842356682,0.8556758165359497,0.37390875816345215,0.01974
382,47750.0,2198.0,49948.0,49948.0,0.9559942340033635,41.0,0.041,75.0,40250.0,40.0,35.0,12.0,29.0,23631.0,24119.0,270.625,1012.0,929.375,188.0,40250.0,402.49999999999994,100.0,1000,4,996,0.10679037496447563,924,0,0,0,0,0,0,0,0,0,0,2,0,0,7,1,31,0,0,0,0,0,0,0,1,0,0,0,1,1,0,3,29,1.3708875179290771,0.029036985710263252,2.6998417377471924,0.4093910753726959,0.019713
383,49120.0,648.0,49768.0,49768.0,0.9869795852756792,12.0,0.012,76.0,41520.0,45.0,31.0,10.0,2.0,26466.0,22654.0,1115.0,13.0,85.0,1187.0,41520.0,415.19999999999965,100.0,1000,2,998,0.10747100005391985,920,0,0,1,0,1,0,0,0,0,0,1,0,1,4,1,38,0,0,0,0,0,0,0,0,0,0,0,0,0,0,3,30,0.7357386350631714,-0.04370969906449318,1.5750900506973267,0.4112933874130249,0.019686
384,48403.0,990.0,49393.0,49393.0,0.9799566740226348,20.0,0.02,84.0,40003.0,39.0,45.0,10.0,10.0,23874.0,24529.0,598.9375,799.0,601.0625,401.0,40003.0,400.02999999999986,100.0,1000,2,998,0.10724283300805837,914,0,0,1,1,0,0,0,0,1,0,3,0,0,4,3,27,0,0,0,0,1,0,0,0,0,0,0,1,1,0,8,35,1.0044324398040771,-0.003690697019919753,2.0310373306274414,0.37618982791900635,0.019659
385,49421.0,1267.0,50688.0,50688.0,0.9750039457070707,23.0,0.023,87.0,40721.0,41.0,46.0,7.0,16.0,24288.0,25133.0,397.0,606.0,50.0,594.0,40721.0,407.21000000000026,100.0,1000,4,996,0.10871254198718816,908,0,0,0,0,0,0,0,1,0,1,1,0,0,2,2,36,0,0,0,0,0,0,0,0,0,0,0,1,1,0,4,43,1.4201033115386963,-0.017281973734498024,2.8887572288513184,0.35621872544288635,0.019631999999999997
386,48769.0,1172.0,49941.0,49941.0,0.9765323081235858,24.0,0.024,80.0,40769.0,37.0,43.0,15.0,9.0,24224.0,24545.0,975.0,401.0,225.0,799.0,40769.0,407.68999999999966,100.0,1000,2,998,0.10890045796986669,918,0,0,0,0,0,0,1,0,0,0,1,0,0,2,0,34,0,0,0,0,0,0,0,0,1,0,0,1,0,0,7,35,1.473993182182312,0.07711334526538849,2.8071322441101074,0.3410499691963196,0.019604999999999997
387,48956.0,1032.0,49988.0,49988.0,0.9793550452108506,21.0,0.021,73.0,41656.0,35.0,38.0,7.0,14.0,25345.0,23611.0,773.2890625,753.0,426.7109375,447.0,41656.0,416.55999999999943,100.0,1000,4,996,0.10735841700807214,925,0,0,0,0,0,0,0,0,0,0,0,0,1,5,5,25,0,0,0,0,0,0,0,0,0,0,1,0,0,1,7,30,0.3149447739124298,-0.00790550746023655,0.6601510047912598,0.36904749274253845,0.019577999999999998
388,50513.0,2118.0,52631.0,52631.0,0.9597575573331306,34.0,0.034,80.0,42513.0,41.0,39.0,17.0,17.0,25723.0,24790.0,1010.375,273.0,189.625,927.0,42513.0,425.13000000000017,100.0,1000,3,997,0.10714995802845806,918,0,0,0,0,0,0,0,1,0,0,1,0,0,5,0,35,0,0,0,1,0,0,0,0,0,0,0,0,0,0,6,33,1.2369704246520996,0.049168236553668976,2.3892617225646973,0.34927210211753845,0.019551
389,49917.0,1742.0,51659.0,51659.0,0.9662788671867438,23.0,0.023,78.0,42117.0,35.0,43.0,13.0,10.0,25184.0,24733.0,686.0,738.0,514.0,462.0,42117.0,421.17000000000115,100.0,1000,0,1000,0.1089780000038445,919,0,0,0,0,0,0,0,0,0,0,0,0,0,9,0,26,0,0,0,1,0,0,0,0,1,0,0,0,0,0,6,38,0.9580724835395813,0.017251400277018547,1.8948465585708618,0.33815792202949524,0.019524
390,46931.0,2374.0,49305.0,49305.0,0.9518507250785925,45.0,0.045,67.0,40231.0,34.0,33.0,26.0,19.0,24639.0,22292.0,220.0,315.0,980.0,885.0,40231.0,402.3100000000002,100.0,1000,2,998,0.10906070796772838,931,0,0,0,0,0,0,0,0,0,1,0,0,0,7,1,25,0,0,0,0,0,0,0,0,0,0,0,0,1,0,0,34,0.7985425591468811,0.015725094825029373,1.5817415714263916,0.41305217146873474,0.019497
391,47783.0,2107.0,49890.0,49890.0,0.9577670875927039,37.0,0.037,70.0,40783.0,35.0,35.0,19.0,18.0,24798.0,22985.0,754.0,479.0,446.0,0.0,40783.0,407.8299999999999,100.0,1000,1,999,0.10698495793621987,928,0,0,0,0,1,0,0,0,0,0,1,0,1,5,1,28,0,0,0,0,0,0,0,0,0,0,1,1,0,0,2,31,0.5310876965522766,-0.021353229880332947,1.1186190843582153,0.35277819633483887,0.01947
392,49557.0,2743.0,52300.0,52300.0,0.9475525812619503,43.0,0.043,69.0,42657.0,30.0,39.0,23.0,20.0,23859.0,25698.0,496.0,386.0,704.0,58.0,42657.0,426.56999999999937,100.0,1000,2,998,0.10739633301272988,929,0,0,0,0,0,0,1,0,0,0,1,0,0,5,0,23,0,0,0,0,0,0,0,0,1,0,0,0,0,0,5,35,0.9614517092704773,-0.05071524903178215,2.0409631729125977,0.4276414215564728,0.019443
393,48405.0,1492.0,49897.0,49897.0,0.9700984027095817,23.0,0.023,80.0,40405.0,41.0,39.0,13.0,10.0,24635.0,23770.0,1013.0,678.375,187.0,0.0,40405.0,404.0499999999997,100.0,1000,0,1000,0.10665395797695965,917,0,0,0,0,0,0,0,0,0,0,1,0,0,3,0,37,0,0,0,0,0,0,0,0,0,0,1,0,1,0,6,34,1.1235839128494263,-0.04158225283026695,2.343996286392212,0.3518746495246887,0.019416
394,47897.0,1476.0,49373.0,49373.0,0.9701051181820023,29.0,0.029,79.0,39997.0,45.0,34.0,11.0,18.0,25052.0,22845.0,116.0,498.0,0.0,702.0,39997.0,399.97,100.0,1000,1,999,0.10885887499898672,919,0,0,1,0,0,0,0,0,0,0,0,1,0,6,2,35,1,0,0,0,0,0,0,0,1,0,1,0,1,0,2,30,1.3520783185958862,0.1203780323266983,2.4768691062927246,0.3473246991634369,0.019388999999999997
395,48539.0,1587.0,50126.0,50126.0,0.9683397837449627,29.0,0.029,75.0,41039.0,38.0,37.0,18.0,11.0,23542.0,24997.0,577.0,1070.0,0.0,130.0,41039.0,410.3899999999988,100.0,1000,3,997,0.10968549991957843,922,0,0,0,0,0,0,0,0,0,0,0,0,1,8,1,31,0,0,0,0,0,0,0,0,0,0,0,0,2,0,6,29,0.7737570405006409,-0.048910174518823624,1.6578773260116577,0.3239031136035919,0.019361999999999997
396,49059.0,1132.0,50191.0,50191.0,0.9774461556852823,21.0,0.021,67.0,42359.0,37.0,30.0,2.0,19.0,25216.0,23843.0,761.75,525.0,438.25,675.0,42359.0,423.59000000000015,100.0,1000,2,998,0.1095271670492366,928,0,0,0,0,0,0,0,0,0,0,0,1,0,6,2,33,0,0,0,0,0,0,0,0,0,0,0,0,0,0,3,27,0.28545594215393066,-0.12996730208396912,0.8451440930366516,0.3697337508201599,0.019334999999999998
397,48902.0,1177.0,50079.0,50079.0,0.9764971345274467,25.0,0.025,70.0,41902.0,41.0,29.0,2.0,23.0,25751.0,23151.0,1001.0,1074.0,199.0,126.0,41902.0,419.02000000000004,100.0,1000,1,999,0.10707595793064684,930,0,0,0,0,0,0,0,0,0,0,0,0,0,7,1,33,0,0,0,0,0,0,0,0,0,0,1,0,3,0,4,21,1.0221935510635376,0.022749876603484154,2.01212739944458,0.3428647220134735,0.019308
398,49759.0,1683.0,51442.0,51442.0,0.9672835426305354,30.0,0.03,72.0,42559.0,39.0,33.0,27.0,3.0,26697.0,23062.0,965.0,461.0,235.0,739.0,42559.0,425.58999999999935,100.0,1000,3,997,0.10696850006934255,924,1,0,0,0,0,0,0,0,0,0,1,0,0,4,0,34,0,0,0,0,0,0,0,0,0,0,0,0,0,0,7,29,0.7501221299171448,-0.050729189068078995,1.6165635585784912,0.38537684082984924,0.019281
399,48817.0,1086.0,49903.0,49903.0,0.9782377812957137,21.0,0.021,81.0,40717.0,39.0,42.0,20.0,1.0,24572.0,24245.0,422.265625,1118.0,777.734375,82.0,40717.0,407.16999999999933,100.0,1000,2,998,0.10737774998415262,915,0,0,0,0,1,0,0,1,0,0,0,0,0,11,1,26,0,0,2,0,0,0,0,0,0,0,0,1,0,0,2,40,1.2275835275650024,0.050801392644643784,2.3674569129943848,0.36077263951301575,0.019254
400,51721.0,1244.0,52965.0,52965.0,0.9765127914660625,15.0,0.015,86.0,43121.0,43.0,43.0,10.0,5.0,23553.0,28168.0,305.0,1040.0,41.0,160.0,43121.0,431.21000000000083,100.0,1000,0,1000,0.10728691599797457,913,0,0,0,0,0,0,0,0,0,0,0,0,0,7,1,36,0,0,0,0,0,0,0,0,0,0,0,0,2,0,7,34,0.8753488063812256,-0.01830871030688286,1.8003358840942383,0.33861029148101807,0.019227
401,49169.0,1634.0,50803.0,50803.0,0.9678365450859201,29.0,0.029,72.0,41969.0,34.0,38.0,12.0,17.0,24793.0,24376.0,388.0,1200.0,101.5,0.0,41969.0,419.68999999999994,100.0,1000,3,997,0.1072012500371784,926,0,0,0,0,0,0,0,0,0,0,0,0,1,7,1,26,0,0,0,0,0,0,0,0,0,0,1,0,1,0,6,31,0.9823474287986755,-0.013788153417408466,2.0052201747894287,0.33721446990966797,0.0192
402,48986.0,2325.0,51311.0,51311.0,0.9546880785796418,45.0,0.045,80.0,40986.0,39.0,41.0,34.0,11.0,25796.0,23190.0,394.16015625,557.875,805.83984375,642.125,40986.0,409.8599999999999,100.0,1000,1,999,0.10714520793408155,917,0,0,0,0,0,0,0,0,0,0,1,0,0,5,3,32,0,0,0,0,0,0,0,0,2,0,1,0,0,0,4,35,1.1164406538009644,0.03948180377483368,2.1695210933685303,0.40690848231315613,0.019173
403,49571.0,963.0,50534.0,50534.0,0.9809435231725175,19.0,0.019,81.0,41471.0,44.0,37.0,16.0,3.0,25756.0,23815.0,645.0,505.0,555.0,695.0,41471.0,414.71,100.0,1000,1,999,0.10893575008958578,917,0,0,0,0,0,0,0,0,0,0,1,0,0,5,0,38,0,0,0,0,0,0,0,0,0,0,1,0,0,0,8,30,0.6872951984405518,0.02613101154565811,1.335805058479309,0.3519470691680908,0.019145999999999996
404,49258.0,1090.0,50348.0,50348.0,0.978350679272265,18.0,0.018,77.0,41558.0,40.0,37.0,6.0,12.0,25385.0,23873.0,659.0,977.0,541.0,223.0,41558.0,415.57999999999987,100.0,1000,4,996,0.10922450001817197,923,0,0,0,0,0,0,0,0,0,0,2,0,1,5,2,30,0,0,0,0,1,0,0,0,0,1,2,1,2,0,4,26,1.3810820579528809,0.04778626188635826,2.6792988777160645,0.33231794834136963,0.019118999999999997
405,47988.0,1766.0,49754.0,49754.0,0.9645053664027012,28.0,0.028,69.0,41088.0,36.0,33.0,13.0,15.0,25035.0,22953.0,697.0,678.0,503.0,522.0,41088.0,410.87999999999977,100.0,1000,0,1000,0.10719908296596259,929,0,0,0,0,1,1,0,1,0,0,0,0,0,2,2,30,0,0,0,0,0,0,0,0,0,0,0,0,1,0,4,29,0.7309422492980957,-0.04894924908876419,1.5744577646255493,0.38431864976882935,0.019091999999999998
406,48016.0,1237.0,49253.0,49253.0,0.9748847785921669,23.0,0.023,70.0,41016.0,34.0,36.0,12.0,11.0,23605.0,24411.0,892.0,679.0,0.0,521.0,41016.0,410.1599999999999,100.0,1000,1,999,0.1089889999711886,928,1,0,0,0,0,0,0,0,0,0,1,1,0,6,1,25,0,0,0,0,1,0,0,0,0,0,1,0,0,0,7,28,1.2397741079330444,0.051102593541145325,2.391950845718384,0.3831080496311188,0.019065
407,48789.0,1261.0,50050.0,50050.0,0.9748051948051948,24.0,0.024,76.0,41189.0,38.0,38.0,9.0,15.0,24346.0,24443.0,992.0,916.671875,208.0,283.328125,41189.0,411.89,100.0,1000,2,998,0.10689787496812642,918,0,0,0,0,0,0,0,1,0,0,0,2,1,4,2,31,0,0,0,0,0,0,0,1,0,0,0,0,1,0,11,28,1.538603663444519,0.04289114102721214,3.0047717094421387,0.3505268692970276,0.019038
408,48786.0,700.0,49486.0,49486.0,0.9858545851351898,12.0,0.012,72.0,41586.0,34.0,38.0,8.0,4.0,24214.0,24572.0,1165.0,953.33203125,35.0,246.66796875,41586.0,415.8600000000003,100.0,1000,0,1000,0.10715270903892815,924,0,0,0,0,0,0,0,0,0,0,0,0,3,6,0,26,0,0,0,0,1,0,0,0,0,0,1,0,0,0,3,36,1.2046080827713013,0.02945786900818348,2.3626389503479004,0.32451194524765015,0.019011
409,48133.0,1393.0,49526.0,49526.0,0.9718733594475629,25.0,0.025,70.0,41133.0,33.0,37.0,20.0,5.0,24251.0,23882.0,1026.0,691.0,10.875,509.0,41133.0,411.33000000000004,100.0,1000,2,998,0.10717650002334267,929,0,0,0,0,0,0,0,0,0,0,0,0,0,4,1,28,0,0,0,0,0,0,0,0,0,0,0,0,1,1,6,30,1.352163553237915,-0.0012274363543838263,2.717803955078125,0.29030176997184753,0.018984
410,45084.0,6258.0,51342.0,51342.0,0.8781114876709127,109.0,0.109,61.0,38984.0,34.0,27.0,32.0,77.0,22464.0,22620.0,577.0,787.0,623.0,413.0,38984.0,389.84000000000026,100.0,1000,3,997,0.10877912491559982,937,1,0,0,0,0,0,0,0,0,1,0,0,1,5,2,25,0,0,0,0,1,0,0,0,0,0,1,0,0,0,0,26,1.234812617301941,0.012947497889399529,2.4585444927215576,0.3907298743724823,0.018957
411,48044.0,1515.0,49559.0,49559.0,0.9694303759155753,29.0,0.029,72.0,40844.0,37.0,35.0,19.0,10.0,24226.0,23818.0,477.0,847.0,723.0,353.0,40844.0,408.44000000000017,100.0,1000,4,996,0.10873654205352068,926,0,0,0,0,1,0,0,0,0,1,3,0,1,3,1,27,0,0,0,0,0,0,0,0,0,0,0,0,0,0,5,32,1.640143632888794,0.12160391360521317,3.049503803253174,0.32817161083221436,0.01893
412,47344.0,1529.0,48873.0,48873.0,0.9687148323205041,27.0,0.027,72.0,40144.0,36.0,36.0,18.0,9.0,22702.0,24642.0,766.0,462.0,434.0,738.0,40144.0,401.44000000000005,100.0,1000,2,998,0.10712524992413819,926,0,0,0,0,0,0,0,1,0,0,2,0,0,4,1,29,0,0,0,0,0,0,0,0,0,0,0,0,0,0,3,34,0.739222526550293,-0.012907423079013824,1.5165146589279175,0.32414889335632324,0.018903
413,49704.0,382.0,50086.0,50086.0,0.992373118236633,8.0,0.008,76.0,42104.0,40.0,36.0,0.0,8.0,25461.0,24243.0,321.0,1081.0,879.0,119.0,42104.0,421.04000000000025,100.0,1000,1,999,0.10704408306628466,924,0,0,0,0,0,0,0,1,0,0,0,0,0,5,2,32,0,0,0,1,0,0,0,0,1,0,1,0,1,0,4,28,0.22720231115818024,-0.0673968493938446,0.6023508906364441,0.3483937382698059,0.018876
414,49406.0,1250.0,50656.0,50656.0,0.9753237523689198,20.0,0.02,77.0,41706.0,39.0,38.0,5.0,15.0,24475.0,24931.0,6.0,801.0,0.0,399.0,41706.0,417.06,100.0,1000,1,999,0.10754283296409994,921,0,0,0,0,0,0,1,0,0,0,0,1,2,2,0,34,0,0,0,0,0,0,0,0,0,1,1,0,1,0,7,29,0.7805787324905396,-0.006804478354752064,1.587842583656311,0.3468678593635559,0.018848999999999998
415,49382.0,388.0,49770.0,49770.0,0.992204139039582,7.0,0.007,73.0,42082.0,35.0,38.0,1.0,6.0,24647.0,24735.0,909.875,848.0,290.125,352.0,42082.0,420.82000000000016,100.0,1000,0,1000,0.10920812503900379,923,0,0,0,0,0,0,0,0,0,0,1,0,1,9,2,25,0,0,0,0,0,0,0,0,0,0,1,0,0,0,6,32,0.7417821288108826,-0.10093851387500763,1.699315071105957,0.368552029132843,0.018822
416,48827.0,1403.0,50230.0,50230.0,0.972068484969142,27.0,0.027,76.0,41227.0,41.0,35.0,6.0,21.0,24452.0,24375.0,574.484375,1162.0,625.515625,38.0,41227.0,412.26999999999964,100.0,1000,2,998,0.10676850005984306,920,0,0,0,0,0,0,0,0,1,0,0,0,2,6,3,31,0,0,1,0,0,0,0,0,1,0,2,0,3,0,4,26,1.176364541053772,0.04344956949353218,2.277724266052246,0.31641820073127747,0.018795
417,48562.0,1366.0,49928.0,49928.0,0.9726406024675532,29.0,0.029,77.0,40862.0,45.0,32.0,0.0,29.0,25474.0,23088.0,1066.75,499.0,133.25,701.0,40862.0,408.61999999999983,100.0,1000,0,1000,0.10699504194781184,921,0,0,0,0,0,0,0,0,0,0,2,0,1,8,0,36,0,0,0,0,1,0,0,0,0,0,0,0,1,0,5,25,1.4997800588607788,0.10224251449108124,2.8066680431365967,0.30884748697280884,0.018768
418,45540.0,3996.0,49536.0,49536.0,0.9193313953488372,72.0,0.072,69.0,38640.0,38.0,31.0,21.0,51.0,21014.0,24526.0,1013.0,792.0,187.0,408.0,38640.0,386.4000000000004,100.0,1000,0,1000,0.10875433299224824,929,0,0,0,0,0,0,0,1,0,0,0,0,0,2,0,37,0,0,0,0,1,0,0,0,0,0,0,0,0,0,4,26,2.4381566047668457,0.1585204005241394,4.574337482452393,0.40193629264831543,0.018741
419,49412.0,1290.0,50702.0,50702.0,0.9745572166778431,23.0,0.023,70.0,42412.0,35.0,35.0,10.0,13.0,23618.0,25794.0,292.0,1110.0,908.0,90.0,42412.0,424.1200000000008,100.0,1000,2,998,0.10703470895532519,929,0,0,1,0,0,0,0,1,0,1,0,0,3,3,0,26,0,0,0,0,0,0,0,0,0,0,0,0,1,0,3,32,0.7300187945365906,-0.02002469077706337,1.5140175819396973,0.37219682335853577,0.018714
420,49971.0,1501.0,51472.0,51472.0,0.9708385141436121,28.0,0.028,70.0,42971.0,38.0,32.0,7.0,21.0,25225.0,24746.0,1170.0,684.0,30.0,516.0,42971.0,429.71000000000066,100.0,1000,2,998,0.1070897919125855,926,0,0,0,0,0,0,0,0,0,0,1,1,1,3,2,31,0,0,0,0,1,0,0,0,0,0,0,0,0,0,4,30,0.7303439974784851,-0.03160640969872475,1.538646936416626,0.3945528566837311,0.018687
421,48278.0,773.0,49051.0,49051.0,0.9842408921326782,13.0,0.013,70.0,41278.0,37.0,33.0,6.0,7.0,24605.0,23673.0,972.0,1.0,228.0,0.0,41278.0,412.7799999999999,100.0,1000,2,998,0.10688762506470084,926,0,0,0,1,0,0,0,0,0,0,2,0,0,1,1,33,0,0,0,0,1,0,0,0,1,0,0,0,0,0,3,31,0.631854236125946,-0.0199459046125412,1.3182246685028076,0.3918643593788147,0.01866
422,48520.0,766.0,49286.0,49286.0,0.9844580611126892,15.0,0.015,78.0,40720.0,38.0,40.0,6.0,9.0,24853.0,23667.0,858.0,1076.0,342.0,0.0,40720.0,407.1999999999999,100.0,1000,1,999,0.107045958051458,921,0,0,0,0,0,0,0,0,0,0,1,0,0,1,2,34,0,0,0,0,0,0,0,0,0,1,0,0,0,0,4,36,1.1157994270324707,-0.022874925285577774,2.289827346801758,0.3348538279533386,0.018633
423,48630.0,1241.0,49871.0,49871.0,0.9751157987608029,23.0,0.023,71.0,41530.0,34.0,37.0,10.0,13.0,23138.0,25492.0,869.75,1027.0,330.25,173.0,41530.0,415.2999999999999,100.0,1000,3,997,0.10683183406945318,927,0,0,0,0,0,0,1,0,0,0,0,0,1,2,1,30,0,0,0,0,0,0,0,0,0,1,1,1,0,0,5,30,1.0552856922149658,0.053923364728689194,2.0135488510131836,0.29087916016578674,0.018605999999999998
424,48315.0,1186.0,49501.0,49501.0,0.9760408880628674,19.0,0.019,77.0,40615.0,35.0,42.0,11.0,8.0,23489.0,24826.0,205.0,975.0,995.0,225.0,40615.0,406.1499999999996,100.0,1000,2,998,0.10675420891493559,922,0,0,0,0,0,0,0,0,0,0,0,0,1,1,0,34,0,0,0,0,0,0,0,0,1,0,1,0,0,0,6,34,1.7547334432601929,0.03998222202062607,3.4400675296783447,0.28432974219322205,0.018579
425,48542.0,1371.0,49913.0,49913.0,0.972532206038507,22.0,0.022,59.0,42642.0,26.0,33.0,17.0,5.0,23411.0,25131.0,963.0,715.6962890625,237.0,484.3037109375,42642.0,426.41999999999916,100.0,1000,1,999,0.10679904092103243,940,0,0,0,0,0,0,0,0,0,0,0,0,0,0,0,27,0,0,0,0,0,0,0,0,1,0,0,0,0,0,2,30,0.7121602892875671,-0.03606187179684639,1.507811427116394,0.30635806918144226,0.018552
426,49431.0,2604.0,52035.0,52035.0,0.9499567598731623,33.0,0.033,63.0,43131.0,34.0,29.0,10.0,23.0,24602.0,24829.0,541.9375,948.0,658.0625,252.0,43131.0,431.3099999999996,100.0,1000,1,999,0.10709004197269678,935,0,0,0,0,0,0,0,1,0,0,0,1,1,0,1,31,0,0,0,0,0,0,0,0,0,0,0,0,0,0,5,25,1.3445817232131958,0.045285675674676895,2.6111042499542236,0.33771204948425293,0.018525
427,48544.0,1250.0,49794.0,49794.0,0.9748965738844038,22.0,0.022,68.0,41744.0,36.0,32.0,12.0,10.0,26029.0,22515.0,387.0,447.0,813.0,517.6875,41744.0,417.43999999999994,100.0,1000,1,999,0.1070927920518443,928,0,0,0,0,0,0,0,1,0,1,0,0,0,2,0,34,0,0,0,0,1,0,0,0,2,0,0,0,0,0,4,27,1.0763983726501465,-0.016708627343177795,2.197512626647949,0.3054042160511017,0.018498
428,48588.0,1049.0,49637.0,49637.0,0.9788665713076938,21.0,0.021,67.0,41888.0,33.0,34.0,15.0,6.0,23702.0,24886.0,1068.0,594.0,132.0,606.0,41888.0,418.87999999999965,100.0,1000,1,999,0.10701054101809859,932,0,0,0,0,0,0,0,0,0,1,0,1,0,0,1,31,0,0,0,0,0,0,0,0,0,0,0,0,0,0,5,29,1.6748493909835815,0.10215826332569122,3.1553478240966797,0.26976263523101807,0.018471
429,48107.0,1734.0,49841.0,49841.0,0.9652093657831905,28.0,0.028,65.0,41607.0,34.0,31.0,14.0,14.0,23795.0,24312.0,1045.0,498.5625,155.0,701.4375,41607.0,416.06999999999914,100.0,1000,0,1000,0.10660825006198138,934,0,0,0,0,0,0,1,0,0,0,0,0,0,3,2,28,0,0,0,0,0,0,0,0,0,0,0,0,0,0,8,24,1.1482300758361816,0.04447599872946739,2.218027353286743,0.2851683497428894,0.018444
430,48773.0,1305.0,50078.0,50078.0,0.9739406525819722,23.0,0.023,72.0,41573.0,36.0,36.0,12.0,11.0,23965.0,24808.0,750.0,303.0,450.0,897.0,41573.0,415.7300000000003,100.0,1000,1,999,0.10673250001855195,926,0,0,0,0,1,1,0,0,1,0,1,0,1,5,2,24,0,0,0,0,1,1,0,0,0,0,0,0,0,0,6,30,0.5247649550437927,-0.05896218866109848,1.1777790784835815,0.28030693531036377,0.018417
431,48332.0,1579.0,49911.0,49911.0,0.9683636873635071,30.0,0.03,70.0,41332.0,30.0,40.0,22.0,8.0,23882.0,24450.0,831.0,917.0,369.0,283.0,41332.0,413.3199999999999,100.0,1000,1,999,0.10760004201438278,925,0,0,0,0,0,0,0,0,0,0,0,0,0,3,1,28,0,0,0,1,1,0,0,0,0,0,0,0,0,0,9,32,1.00417959690094,0.029164660722017288,1.9614694118499756,0.3110296428203583,0.018389999999999997
432,45961.0,3275.0,49236.0,49236.0,0.9334836298643269,54.0,0.054,62.0,39761.0,31.0,31.0,25.0,29.0,23630.0,22331.0,59.84375,1068.6875,1140.15625,131.3125,39761.0,397.6100000000001,100.0,1000,4,996,0.10701541695743799,938,0,0,0,0,1,0,0,1,0,0,0,0,1,3,0,25,0,0,0,0,0,0,0,0,0,0,0,0,0,0,5,26,1.2058788537979126,0.054589007049798965,2.3148016929626465,0.3327898681163788,0.018362999999999997
433,48208.0,1532.0,49740.0,49740.0,0.9691998391636509,26.0,0.026,64.0,41808.0,30.0,34.0,12.0,14.0,23477.0,24731.0,939.0,590.0,261.0,610.0,41808.0,418.0800000000004,100.0,1000,2,998,0.10738187504466623,936,0,0,0,0,0,0,0,0,0,1,1,0,0,3,0,25,0,0,0,0,0,0,0,0,0,0,0,0,0,0,4,30,1.2941943407058716,0.02725236490368843,2.544806480407715,0.2978435456752777,0.018335999999999998
434,48255.0,2375.0,50630.0,50630.0,0.9530910527355323,42.0,0.042,70.0,41255.0,35.0,35.0,13.0,29.0,23405.0,24850.0,764.0,482.0,436.0,718.0,41255.0,412.5499999999997,100.0,1000,0,1000,0.10700266691856086,930,0,0,0,0,1,0,0,0,0,0,0,0,0,3,1,30,0,0,0,0,0,0,0,1,0,0,0,0,0,0,6,28,1.4665061235427856,0.0818125307559967,2.7804605960845947,0.30240142345428467,0.018309
435,49477.0,1134.0,50611.0,50611.0,0.9775938037185592,22.0,0.022,74.0,42077.0,36.0,38.0,12.0,10.0,23855.0,25622.0,1200.0,940.5,0.0,259.5,42077.0,420.7699999999998,100.0,1000,1,999,0.10906787496060133,925,0,0,0,0,0,0,0,0,0,0,0,0,2,3,2,30,0,0,0,0,0,0,0,0,0,0,1,0,0,0,6,31,0.9846203923225403,-0.01534899789839983,2.010910749435425,0.300077348947525,0.018282
436,47767.0,2035.0,49802.0,49802.0,0.9591381872213968,40.0,0.04,61.0,41667.0,32.0,29.0,22.0,18.0,24236.0,23531.0,1056.0,405.0625,144.0,794.9375,41667.0,416.6700000000003,100.0,1000,2,998,0.10672066698316485,936,0,0,0,0,0,0,0,0,1,0,0,0,1,4,0,27,0,0,0,0,0,0,1,0,0,0,0,0,0,1,1,28,1.1012500524520874,0.056799449026584625,2.102780818939209,0.380158931016922,0.018255
437,49530.0,1278.0,50808.0,50808.0,0.9748464808691545,23.0,0.023,66.0,42930.0,32.0,34.0,11.0,12.0,24693.0,24837.0,1029.0,101.79296875,171.0,120.0,42930.0,429.29999999999893,100.0,1000,3,997,0.10736570798326284,933,0,0,0,0,1,0,0,0,0,1,0,0,0,2,1,28,0,0,0,0,0,0,0,0,0,0,0,0,1,0,8,25,0.5288549661636353,-0.01856202259659767,1.1072522401809692,0.3406359553337097,0.018228
438,48577.0,1879.0,50456.0,50456.0,0.9627596321547487,36.0,0.036,65.0,42077.0,32.0,33.0,10.0,26.0,22683.0,25894.0,1105.0,399.0,95.0,801.0,42077.0,420.7699999999992,100.0,1000,1,999,0.10694979096297175,934,0,0,0,0,1,0,0,0,0,0,0,0,1,9,0,22,0,0,0,0,0,0,0,0,0,0,0,0,0,0,6,27,0.6126580238342285,-0.013672330416738987,1.265470266342163,0.35189205408096313,0.018201
439,48286.0,1387.0,49673.0,49673.0,0.9720773861051275,27.0,0.027,66.0,41686.0,32.0,34.0,16.0,11.0,23342.0,24944.0,407.625,942.0,792.375,258.0,41686.0,416.8600000000004,100.0,1000,4,996,0.10701350006274879,928,0,0,0,0,0,0,0,0,0,0,1,0,1,1,4,27,0,0,0,0,0,0,0,0,0,0,1,0,0,0,7,30,1.272973895072937,0.006839752197265625,2.5440948009490967,0.3253718316555023,0.018174
440,47367.0,1817.0,49184.0,49184.0,0.9630570917371503,36.0,0.036,64.0,40967.0,32.0,32.0,24.0,12.0,24149.0,23218.0,780.625,421.0,419.375,779.0,40967.0,409.66999999999916,100.0,1000,1,999,0.10884091700427234,933,0,0,0,0,0,0,0,0,0,1,1,0,0,4,1,26,0,0,0,0,0,0,0,0,0,0,0,0,0,0,5,29,0.9558737874031067,-0.01960049197077751,1.9651740789413452,0.39194995164871216,0.018146999999999996
441,48674.0,2475.0,51149.0,51149.0,0.9516119572230151,41.0,0.041,73.0,41374.0,33.0,40.0,29.0,12.0,23706.0,24968.0,956.0,884.0625,30.5,315.9375,41374.0,413.73999999999967,100.0,1000,4,996,0.10939379199407995,926,0,0,0,0,0,0,0,0,0,1,1,0,0,4,0,27,0,0,0,0,0,0,0,0,0,0,0,0,0,0,6,35,0.9819239377975464,0.03576836735010147,1.9044939279556274,0.3361724019050598,0.018119999999999997
442,47380.0,1162.0,48542.0,48542.0,0.9760619669564501,23.0,0.023,69.0,40480.0,29.0,40.0,23.0,0.0,23410.0,23970.0,524.0,1013.0,676.0,187.0,40480.0,404.8,100.0,1000,0,1000,0.1094643750693649,931,0,0,0,0,0,0,0,0,0,0,2,1,0,4,0,22,0,0,0,0,1,0,0,1,0,0,0,0,1,0,4,33,0.9715773463249207,-0.011602915823459625,1.9775077104568481,0.30805203318595886,0.018092999999999998
443,47929.0,2873.0,50802.0,50802.0,0.9434471083815598,50.0,0.05,63.0,41629.0,31.0,32.0,25.0,25.0,23548.0,24381.0,933.5,910.0,266.5,290.0,41629.0,416.2899999999998,100.0,1000,0,1000,0.10907770798075944,932,0,0,0,0,1,0,0,0,0,0,0,0,1,8,0,22,0,0,0,0,0,0,0,0,0,1,0,0,0,0,4,31,1.0021733045578003,-0.024898476898670197,2.0674080848693848,0.36711251735687256,0.018066
444,48654.0,1027.0,49681.0,49681.0,0.9793281133632575,20.0,0.02,73.0,41354.0,36.0,37.0,14.0,6.0,22957.0,25697.0,273.25,596.0,926.75,604.0,41354.0,413.5399999999998,100.0,1000,2,998,0.10685604100581259,925,0,0,0,0,0,0,0,1,0,1,0,0,1,3,0,30,0,0,0,0,0,0,0,1,0,0,0,0,1,0,5,32,0.9189967513084412,0.09597223997116089,1.658451795578003,0.34377753734588623,0.018039
445,47346.0,401.0,47747.0,47747.0,0.9916015665905711,7.0,0.007,73.0,40046.0,34.0,39.0,3.0,4.0,22588.0,24758.0,615.0,1137.0,585.0,63.0,40046.0,400.4600000000003,100.0,1000,1,999,0.10904641705565155,926,0,0,0,0,0,1,0,0,0,0,0,0,1,2,1,29,0,0,1,0,0,0,0,0,0,0,0,0,1,0,5,33,1.1806299686431885,0.0033050733618438244,2.3648979663848877,0.2844829559326172,0.018012
446,48374.0,1337.0,49711.0,49711.0,0.9731045442658567,28.0,0.028,73.0,41074.0,33.0,40.0,15.0,13.0,22845.0,25529.0,799.0,1115.0,401.0,85.0,41074.0,410.74000000000046,100.0,1000,2,998,0.1067707909969613,926,0,0,0,0,0,1,0,0,0,0,0,0,0,3,1,28,0,0,0,0,0,0,0,0,0,0,0,0,0,1,5,35,0.3593432307243347,-0.01943551003932953,0.7682446241378784,0.29711130261421204,0.017985
447,47693.0,1339.0,49032.0,49032.0,0.9726913036384403,20.0,0.02,65.0,41193.0,29.0,36.0,17.0,3.0,22744.0,24949.0,415.0,951.0,785.0,249.0,41193.0,411.92999999999995,100.0,1000,1,999,0.10907820903230458,934,0,0,0,0,0,0,0,0,0,1,0,0,0,2,0,26,0,0,0,0,1,0,0,0,0,0,0,0,2,0,4,30,1.339695692062378,-0.02732066996395588,2.7463204860687256,0.3421294391155243,0.017958
448,48881.0,1461.0,50342.0,50342.0,0.9709785070120377,27.0,0.027,76.0,41281.0,40.0,36.0,14.0,13.0,25071.0,23810.0,795.0,986.0,405.0,214.0,41281.0,412.8100000000002,100.0,1000,1,999,0.10741062497254461,922,0,0,0,0,0,0,0,0,0,0,2,1,0,5,1,33,0,0,0,0,0,0,0,0,0,0,0,0,0,0,6,30,0.7651010155677795,-0.08356714248657227,1.7088570594787598,0.32125207781791687,0.017931
449,48613.0,1059.0,49672.0,49672.0,0.9786801417297472,18.0,0.018,65.0,42113.0,36.0,29.0,14.0,4.0,25693.0,22920.0,523.0,1096.0,677.0,104.0,42113.0,421.12999999999965,100.0,1000,2,998,0.10682554205413908,935,0,0,0,0,0,1,0,0,0,0,0,0,1,4,1,29,0,0,0,0,0,0,0,0,0,0,0,0,0,0,4,25,0.6239404678344727,-0.02908930741250515,1.3171162605285645,0.30877742171287537,0.017903999999999996
450,50385.0,530.0,50915.0,50915.0,0.9895904939605225,11.0,0.011,72.0,43185.0,39.0,33.0,3.0,8.0,24877.0,25508.0,615.0,262.4375,585.0,937.5625,43185.0,431.8499999999992,100.0,1000,2,998,0.1070357080316171,928,0,0,0,0,0,0,0,0,0,0,0,1,0,2,3,33,0,0,0,0,0,0,0,0,0,0,1,0,1,0,5,26,1.2025123834609985,0.05960443988442421,2.2960028648376465,0.2849164605140686,0.017876999999999997
451,47124.0,2438.0,49562.0,49562.0,0.9508090876074412,41.0,0.041,65.0,40624.0,35.0,30.0,2.0,39.0,21683.0,25441.0,957.0,517.0,243.0,70.0,40624.0,406.24000000000007,100.0,1000,0,1000,0.10931112489197403,932,0,0,0,0,0,1,0,0,0,0,1,0,0,5,4,25,0,0,0,0,0,0,0,0,1,0,0,0,0,0,1,30,1.6468377113342285,0.07929833233356476,3.146986961364746,0.33356592059135437,0.017849999999999998
452,48448.0,497.0,48945.0,48945.0,0.9898457452242313,10.0,0.01,71.0,41348.0,35.0,36.0,9.0,1.0,25353.0,23095.0,556.0,1073.0,644.0,127.0,41348.0,413.47999999999996,100.0,1000,3,997,0.10679533309303224,928,0,0,0,0,1,0,0,0,0,0,1,0,0,1,2,30,0,0,1,0,0,0,0,0,1,0,0,0,0,0,6,29,0.5496091842651367,-0.02444256842136383,1.1584126949310303,0.2892097234725952,0.017823
453,49580.0,1902.0,51482.0,51482.0,0.9630550483664193,35.0,0.035,73.0,42280.0,41.0,32.0,14.0,21.0,26130.0,23450.0,947.0,1134.25,253.0,65.75,42280.0,422.80000000000075,100.0,1000,0,1000,0.10691774997394532,927,0,0,0,0,0,0,0,0,0,0,0,1,1,4,0,35,0,0,0,0,0,0,0,0,0,0,1,0,0,0,8,23,1.157994270324707,-0.04353873059153557,2.4143595695495605,0.3173082172870636,0.017796
454,48412.0,1773.0,50185.0,50185.0,0.9646707183421341,30.0,0.03,68.0,41612.0,39.0,29.0,12.0,18.0,24386.0,24026.0,524.0,1009.0,676.0,191.0,41612.0,416.12000000000023,100.0,1000,2,998,0.106181291048415,930,0,0,0,0,0,0,0,0,0,0,1,0,0,4,4,31,0,0,0,0,0,0,0,0,0,0,0,0,0,0,6,24,1.651577115058899,0.059683073312044144,3.1955671310424805,0.3314475119113922,0.017769
455,50098.0,782.0,50880.0,50880.0,0.9846305031446541,15.0,0.015,70.0,43098.0,37.0,33.0,7.0,8.0,25789.0,24309.0,541.0,981.0,659.0,219.0,43098.0,430.97999999999996,100.0,1000,2,998,0.1093466670718044,929,0,0,0,0,1,0,0,1,1,0,0,1,1,0,1,32,0,0,0,0,0,0,0,1,0,0,1,0,0,0,12,19,1.7422125339508057,0.07126599550247192,3.3533928394317627,0.3240891396999359,0.017742
456,48675.0,1787.0,50462.0,50462.0,0.9645872141413341,29.0,0.029,67.0,41975.0,35.0,32.0,15.0,14.0,24858.0,23817.0,330.875,1110.0,0.0,90.0,41975.0,419.7499999999999,100.0,1000,4,996,0.10677270800806582,932,0,0,0,0,0,1,0,0,0,0,0,0,0,5,1,28,0,0,0,0,2,0,0,0,0,0,1,0,0,0,7,23,1.5396913290023804,-0.0403912328183651,3.172792673110962,0.35640856623649597,0.017714999999999998
457,48365.0,1883.0,50248.0,50248.0,0.9625258716764846,36.0,0.036,67.0,41665.0,35.0,32.0,9.0,27.0,24152.0,24213.0,618.0,470.28125,582.0,729.71875,41665.0,416.6499999999989,100.0,1000,1,999,0.10687483393121511,929,0,0,0,0,0,0,0,0,0,0,0,0,0,2,0,35,0,1,0,0,0,0,0,0,0,1,0,1,0,0,5,26,0.6317862868309021,-0.06764326989650726,1.4133551120758057,0.4097684323787689,0.017688
458,48720.0,220.0,48940.0,48940.0,0.9955046996322027,5.0,0.005,71.0,41620.0,39.0,32.0,2.0,3.0,25042.0,23678.0,835.0,631.8125,365.0,568.1875,41620.0,416.2000000000005,100.0,1000,0,1000,0.10804433305747807,928,0,0,0,0,0,0,0,0,1,0,0,0,0,0,3,36,0,0,0,0,0,0,0,0,0,0,0,0,0,0,5,27,0.44132283329963684,-0.07623548060655594,1.0449042320251465,0.27709779143333435,0.017660999999999996
459,49380.0,1115.0,50495.0,50495.0,0.9779186058025547,21.0,0.021,75.0,41880.0,35.0,40.0,19.0,2.0,24203.0,25177.0,987.0,711.0,213.0,489.0,41880.0,418.79999999999967,100.0,1000,0,1000,0.1062828340800479,923,0,0,0,0,0,0,0,0,0,0,1,0,1,3,0,31,0,0,0,0,0,0,0,0,0,0,0,0,0,0,11,30,1.2129745483398438,0.03799724578857422,2.361149549484253,0.3174271285533905,0.017633999999999997
460,46722.0,1140.0,47862.0,47862.0,0.9761815218753918,23.0,0.023,71.0,39622.0,36.0,35.0,1.0,22.0,23056.0,23666.0,572.0,921.75,628.0,278.25,39622.0,396.21999999999986,100.0,1000,0,1000,0.10693875001743436,927,0,0,0,0,0,0,0,0,0,0,0,0,0,2,2,33,0,0,0,0,0,1,0,0,0,1,0,0,0,0,8,26,1.2624541521072388,0.08418501168489456,2.367203712463379,0.30287715792655945,0.017606999999999998
461,48605.0,1604.0,50209.0,50209.0,0.9680535362186062,29.0,0.029,67.0,41905.0,32.0,35.0,11.0,18.0,24664.0,23941.0,909.0,867.0,291.0,333.0,41905.0,419.04999999999967,100.0,1000,1,999,0.10884233296383172,930,0,0,0,0,0,0,0,0,0,0,1,0,0,4,2,27,0,0,0,0,0,0,0,0,0,0,0,0,0,0,10,26,1.085707187652588,-0.02347332425415516,2.230229139328003,0.337541401386261,0.01758
462,48835.0,1463.0,50298.0,50298.0,0.9709133563958805,17.0,0.017,68.0,42035.0,38.0,30.0,9.0,8.0,24949.0,23886.0,1014.0,385.0,186.0,815.0,42035.0,420.34999999999974,100.0,1000,0,1000,0.1069680000655353,930,0,0,0,0,0,0,0,0,0,0,0,0,0,1,1,36,0,0,0,1,0,0,0,0,0,0,0,0,1,0,5,25,0.6335296630859375,-0.037666648626327515,1.352617859840393,0.29126793146133423,0.017553
463,50991.0,794.0,51785.0,51785.0,0.98466737472241,9.0,0.009,72.0,43791.0,36.0,36.0,5.0,4.0,26071.0,24920.0,484.0,378.3125,46.0,821.6875,43791.0,437.9100000000003,100.0,1000,1,999,0.10693779203575104,926,0,0,1,0,1,0,0,0,0,0,0,0,0,3,1,32,0,0,0,0,0,0,0,0,0,0,0,0,0,0,4,32,0.9249222874641418,-0.01956256479024887,1.8980844020843506,0.2600340247154236,0.017526
464,46891.0,3017.0,49908.0,49908.0,0.9395487697363148,56.0,0.056,65.0,40391.0,31.0,34.0,33.0,23.0,21716.0,25175.0,1081.0,1014.0,28.0,186.0,40391.0,403.9099999999997,100.0,1000,1,999,0.10685979097615927,934,0,0,0,0,0,1,0,0,0,0,1,0,1,2,0,26,0,0,0,0,0,0,0,0,0,0,0,0,1,0,3,31,0.7434307932853699,-0.07880497723817825,1.6553575992584229,0.3110489547252655,0.017499
465,48909.0,1448.0,50357.0,50357.0,0.971245308497329,29.0,0.029,65.0,42409.0,32.0,33.0,15.0,14.0,23826.0,25083.0,838.0,1026.0,362.0,174.0,42409.0,424.09,100.0,1000,1,999,0.10678704094607383,934,0,0,0,0,0,0,0,0,0,0,2,0,0,6,1,23,0,0,0,0,2,1,0,0,0,0,0,0,0,0,6,25,0.8453226089477539,-0.013696779496967793,1.729180932044983,0.31885674595832825,0.017471999999999998
466,49248.0,670.0,49918.0,49918.0,0.9865779879001563,13.0,0.013,71.0,42148.0,38.0,33.0,7.0,6.0,25160.0,24088.0,1120.0,1016.0,80.0,184.0,42148.0,421.4799999999998,100.0,1000,2,998,0.1066097920993343,928,0,0,0,0,0,0,0,0,0,0,2,0,1,3,2,30,0,0,0,0,0,0,0,0,0,0,1,0,1,0,5,27,1.0771024227142334,0.04099787771701813,2.0809171199798584,0.2495833784341812,0.017445
467,49638.0,1763.0,51401.0,51401.0,0.965701056399681,33.0,0.033,65.0,43138.0,33.0,32.0,17.0,16.0,26045.0,23593.0,1017.0,593.698486328125,183.0,606.301513671875,43138.0,431.38,100.0,1000,0,1000,0.10727854096330702,935,0,0,0,0,0,0,0,0,0,0,0,0,2,3,2,26,0,0,0,0,0,0,0,0,0,0,0,1,2,0,9,20,1.36271333694458,0.0408080518245697,2.654170274734497,0.2973867356777191,0.017417999999999996
468,46690.0,3413.0,50103.0,50103.0,0.9318803265273536,60.0,0.06,62.0,40490.0,30.0,32.0,48.0,12.0,23618.0,23072.0,1103.0,749.0,97.0,451.0,40490.0,404.89999999999947,100.0,1000,2,998,0.10685291700065136,938,0,0,0,0,0,0,1,0,0,1,0,0,0,3,3,22,0,0,0,0,0,0,0,0,0,0,0,0,0,0,6,26,1.5861451625823975,0.05268191546201706,3.076974391937256,0.2888830006122589,0.017390999999999997
469,47454.0,2695.0,50149.0,50149.0,0.9462601447685896,47.0,0.047,64.0,41054.0,31.0,33.0,19.0,28.0,22716.0,24738.0,2.0,828.0,0.0,372.0,41054.0,410.5399999999999,100.0,1000,1,999,0.10923183301929384,933,0,0,0,0,0,0,0,0,1,0,1,0,0,3,0,27,0,0,0,0,0,0,0,0,0,0,0,0,0,0,4,31,0.9042206406593323,-0.05483725294470787,1.9296679496765137,0.3326481878757477,0.017363999999999997
470,48993.0,2149.0,51142.0,51142.0,0.9579797426772516,33.0,0.033,65.0,42493.0,32.0,33.0,14.0,19.0,24323.0,24670.0,264.4158763885498,571.8125,935.5841236114502,274.83203125,42493.0,424.93000000000023,100.0,1000,1,999,0.10897037491668016,935,0,0,0,0,0,0,0,0,0,0,0,1,1,9,2,19,0,1,0,0,0,0,0,0,1,0,0,0,0,0,7,24,1.1580075025558472,0.011205879040062428,2.3063459396362305,0.3675006330013275,0.017336999999999998
471,49813.0,1194.0,51007.0,51007.0,0.9765914482325955,19.0,0.019,72.0,42613.0,36.0,36.0,6.0,13.0,23417.0,26396.0,716.0,676.5625,484.0,523.4375,42613.0,426.13000000000085,100.0,1000,0,1000,0.10692870803177357,924,0,0,0,0,1,0,0,0,0,0,0,0,0,3,3,32,0,0,0,0,0,0,0,1,0,0,0,0,0,0,4,32,1.1670907735824585,0.12499332427978516,2.0938103199005127,0.2777388095855713,0.01731
472,48003.0,1252.0,49255.0,49255.0,0.9745812607857071,23.0,0.023,62.0,41803.0,30.0,32.0,16.0,7.0,23348.0,24655.0,729.0,920.875,471.0,279.125,41803.0,418.0300000000005,100.0,1000,0,1000,0.10639787500258535,937,0,0,0,0,0,0,0,0,0,0,0,0,1,5,2,22,0,0,0,0,0,0,0,0,0,0,1,0,2,0,4,26,0.9844158291816711,0.006389961112290621,1.967241883277893,0.3237334191799164,0.017283
473,46907.0,1628.0,48535.0,48535.0,0.966457195838055,32.0,0.032,70.0,39907.0,35.0,35.0,13.0,19.0,23317.0,23590.0,604.0,506.0,596.0,694.0,39907.0,399.07000000000033,100.0,1000,0,1000,0.10682812507729977,929,0,0,0,0,0,0,1,0,0,0,0,0,1,5,2,26,0,0,0,0,1,0,0,0,0,0,0,0,1,0,7,27,0.9841509461402893,-0.017076127231121063,2.014554977416992,0.35062485933303833,0.017256
474,49151.0,1892.0,51043.0,51043.0,0.9629332131732069,37.0,0.037,75.0,41651.0,38.0,37.0,18.0,19.0,25502.0,23649.0,1048.0,459.0,152.0,741.0,41651.0,416.50999999999976,100.0,1000,1,999,0.10912866599392146,923,0,0,0,0,0,0,0,0,1,0,1,0,0,5,1,31,0,1,0,1,1,0,0,0,1,1,0,0,1,0,4,28,1.0881668329238892,-0.014585635624825954,2.217193126678467,0.3392013907432556,0.017229
475,45994.0,1684.0,47678.0,47678.0,0.9646797264985948,17.0,0.017,65.0,39494.0,32.0,33.0,13.0,4.0,22676.0,23318.0,1133.0,960.0,67.0,179.0,39494.0,394.9399999999994,100.0,1000,2,998,0.10638229199685156,933,0,0,0,0,0,0,0,0,0,1,0,0,0,6,2,23,0,0,0,0,0,0,0,0,0,0,1,0,0,0,2,32,0.9217860102653503,0.02921321429312229,1.795704960823059,0.3069223165512085,0.017202000000000002
476,48618.0,1648.0,50266.0,50266.0,0.9672144192893805,23.0,0.023,66.0,42018.0,32.0,34.0,19.0,4.0,24431.0,24187.0,451.640625,969.6953125,748.359375,230.3046875,42018.0,420.18000000000086,100.0,1000,1,999,0.10681833303533494,930,0,0,0,0,0,0,0,0,0,0,0,0,3,4,2,24,0,0,0,0,0,0,0,0,0,0,0,0,0,0,6,31,1.107795000076294,-0.020896458998322487,2.26869535446167,0.3293277621269226,0.017175
477,48783.0,356.0,49139.0,49139.0,0.9927552453244877,3.0,0.003,74.0,41383.0,40.0,34.0,1.0,2.0,25369.0,23414.0,887.0,819.0,313.0,381.0,41383.0,413.8299999999998,100.0,1000,1,999,0.10686804202850908,925,0,0,0,0,0,0,0,0,0,0,1,0,1,2,3,33,0,0,0,0,0,0,0,0,0,0,0,0,1,0,5,29,1.2110801935195923,-0.04840633645653725,2.527604818344116,0.2516832649707794,0.017148
478,48999.0,1900.0,50899.0,50899.0,0.9626711723216567,36.0,0.036,64.0,42599.0,34.0,30.0,16.0,20.0,23805.0,25194.0,471.25,331.5625,728.75,868.4375,42599.0,425.99000000000007,100.0,1000,3,997,0.10723208298441023,936,0,0,0,0,0,0,0,0,0,0,0,0,1,4,2,27,0,0,0,0,0,0,0,0,0,0,1,0,0,1,4,24,0.9701535105705261,0.07419074326753616,1.8025944232940674,0.31157150864601135,0.017120999999999997
479,47415.0,2227.0,49642.0,49642.0,0.9551387937633455,39.0,0.039,62.0,41215.0,31.0,31.0,15.0,24.0,22853.0,24562.0,944.0,1166.0,256.0,34.0,41215.0,412.1499999999993,100.0,1000,2,998,0.10712054092437029,937,0,0,0,0,0,0,0,0,0,1,0,0,0,5,3,22,0,0,0,0,0,0,0,0,0,1,0,0,0,0,8,23,0.47118622064590454,-0.0581575371325016,1.0685185194015503,0.28755760192871094,0.017093999999999998
480,49316.0,1152.0,50468.0,50468.0,0.9771736545930094,21.0,0.021,64.0,42916.0,33.0,31.0,14.0,7.0,24073.0,25243.0,797.0,103.0,403.0,0.0,42916.0,429.15999999999946,100.0,1000,1,999,0.10653558291960508,935,0,1,0,0,0,0,0,0,0,0,0,0,0,3,0,30,0,0,0,0,0,0,0,0,0,0,0,0,0,0,3,28,0.8744790554046631,0.04117807745933533,1.6775587797164917,0.320991188287735,0.017067
481,44807.0,2988.0,47795.0,47795.0,0.9374830003138404,49.0,0.049,65.0,38307.0,36.0,29.0,8.0,41.0,23378.0,21429.0,532.0,1055.0,668.0,145.0,38307.0,383.0699999999991,100.0,1000,1,999,0.10706983297131956,935,0,0,0,0,0,0,0,0,0,0,0,0,0,4,1,31,0,0,0,0,0,0,0,0,0,0,0,0,0,0,7,22,0.9068823456764221,-0.049171529710292816,1.9244221448898315,0.36133870482444763,0.01704
482,46855.0,1282.0,48137.0,48137.0,0.9733676797473877,15.0,0.015,69.0,39955.0,35.0,34.0,7.0,8.0,21160.0,25695.0,668.0,749.0,532.0,451.0,39955.0,399.54999999999944,100.0,1000,1,999,0.10927791707217693,929,1,0,0,0,0,0,0,0,0,0,0,0,0,3,3,29,0,0,0,0,1,0,0,0,0,0,0,0,0,1,4,29,0.9021162390708923,0.008940216153860092,1.7958866357803345,0.28021499514579773,0.017013
483,51167.0,957.0,52124.0,52124.0,0.9816399355383316,15.0,0.015,64.0,44767.0,31.0,33.0,5.0,10.0,24648.0,26519.0,1067.0,499.0,133.0,701.0,44767.0,447.6699999999995,100.0,1000,1,999,0.10970387503039092,933,0,0,0,0,0,0,0,0,0,0,0,0,2,5,0,25,0,0,0,0,0,0,0,0,0,0,0,0,1,0,3,31,0.5344132781028748,-0.03833886235952377,1.15583336353302,0.30404865741729736,0.016986
484,48477.0,1470.0,49947.0,49947.0,0.9705688029311069,27.0,0.027,64.0,42077.0,35.0,29.0,15.0,12.0,24993.0,23484.0,1152.0,629.6875,48.0,570.3125,42077.0,420.7700000000005,100.0,1000,0,1000,0.10973745898809284,935,0,0,0,1,0,0,0,0,1,0,0,0,0,7,1,26,0,0,0,0,0,0,0,0,0,0,0,0,0,0,4,25,0.8309431672096252,-0.040958158671855927,1.7553982734680176,0.3418721854686737,0.016959000000000002
485,48687.0,1129.0,49816.0,49816.0,0.977336598683154,18.0,0.018,64.0,42287.0,28.0,36.0,18.0,0.0,23059.0,25628.0,401.0,615.0,799.0,585.0,42287.0,422.8700000000001,100.0,1000,1,999,0.1069301669485867,936,0,0,0,0,0,0,0,0,0,0,2,0,0,3,0,23,0,0,0,0,0,0,0,0,0,0,0,0,0,0,7,29,2.067753791809082,0.18901333212852478,3.767685651779175,0.30134308338165283,0.016932
486,49994.0,544.0,50538.0,50538.0,0.9892358225493688,8.0,0.008,69.0,43094.0,32.0,37.0,2.0,6.0,24158.0,25836.0,883.0,947.0,317.0,253.0,43094.0,430.9400000000002,100.0,1000,1,999,0.10936445801053196,931,0,0,0,0,0,0,0,0,0,0,1,0,0,4,1,26,0,0,0,0,0,0,0,1,1,0,0,2,0,0,4,29,0.9883690476417542,0.005812903866171837,1.9755067825317383,0.3074362576007843,0.016905
487,48322.0,1539.0,49861.0,49861.0,0.9691341930566976,23.0,0.023,63.0,42022.0,32.0,31.0,10.0,13.0,24898.0,23424.0,748.0,1087.0,452.0,113.0,42022.0,420.21999999999946,100.0,1000,0,1000,0.10927687503863126,937,0,0,0,0,0,0,0,0,0,0,1,0,0,3,2,26,0,0,0,0,0,0,0,0,0,0,0,0,0,0,2,29,1.5917127132415771,0.0667356476187706,3.058974266052246,0.26721104979515076,0.016877999999999997
488,47565.0,2008.0,49573.0,49573.0,0.9594940794384039,39.0,0.039,68.0,40765.0,35.0,33.0,25.0,14.0,22073.0,25492.0,773.375,878.0,426.625,322.0,40765.0,407.65000000000026,100.0,1000,0,1000,0.11062370799481869,930,0,0,0,1,0,1,0,0,0,0,0,0,0,9,3,23,0,0,0,0,0,0,0,0,0,0,0,0,1,0,7,25,0.647662341594696,-0.00866531953215599,1.3228490352630615,0.30246466398239136,0.016850999999999998
489,49213.0,1477.0,50690.0,50690.0,0.9708621029788913,20.0,0.02,68.0,42413.0,32.0,36.0,12.0,8.0,25102.0,24111.0,701.0,787.5625,499.0,412.4375,42413.0,424.13000000000085,100.0,1000,4,996,0.10970479203388095,930,0,0,0,1,0,0,0,0,0,0,0,0,0,3,1,28,0,0,0,0,0,0,0,0,0,1,0,0,0,0,4,32,0.8762115836143494,0.010848057456314564,1.7429022789001465,0.36184173822402954,0.016824
490,51516.0,1111.0,52627.0,52627.0,0.9788891633572121,12.0,0.012,68.0,44716.0,34.0,34.0,5.0,7.0,26153.0,25363.0,500.0,375.6875,700.0,824.3125,44716.0,447.1599999999994,100.0,1000,1,999,0.11124949995428324,932,0,0,0,0,0,0,0,0,0,0,1,0,0,3,0,30,0,0,0,0,0,0,0,0,0,0,0,0,0,0,5,29,0.5955723524093628,-0.07584759593009949,1.353463053703308,0.31622251868247986,0.016797
491,49038.0,884.0,49922.0,49922.0,0.9822923761067265,15.0,0.015,67.0,42338.0,32.0,35.0,10.0,5.0,24319.0,24719.0,690.0,482.0,510.0,0.0,42338.0,423.37999999999977,100.0,1000,1,999,0.10667391691822559,932,0,0,0,0,0,0,0,0,0,0,0,0,1,5,1,25,0,0,0,0,0,1,0,0,0,0,0,0,0,0,9,26,0.999688446521759,0.03496905788779259,1.9398560523986816,0.3105950951576233,0.01677
492,48906.0,466.0,49372.0,49372.0,0.9905614518350482,6.0,0.006,69.0,42006.0,35.0,34.0,4.0,2.0,24968.0,23938.0,1139.0,895.0,61.0,305.0,42006.0,420.05999999999983,100.0,1000,0,1000,0.10673916700761765,928,0,0,0,0,0,0,0,0,0,0,1,0,0,6,2,27,0,0,0,0,0,0,0,0,0,0,1,0,0,0,7,28,0.9154044985771179,0.01511326339095831,1.8114759922027588,0.3253141939640045,0.016743
493,48792.0,1168.0,49960.0,49960.0,0.9766212970376301,21.0,0.021,64.0,42392.0,34.0,30.0,4.0,17.0,25455.0,23337.0,106.0,725.0,141.0,475.0,42392.0,423.92000000000024,100.0,1000,1,999,0.10696641693357378,935,0,0,0,1,0,0,0,0,0,0,1,0,2,3,0,27,0,0,0,0,0,0,0,0,0,0,0,1,0,0,5,25,0.8088581562042236,0.06684114784002304,1.4962633848190308,0.3657982647418976,0.016716
494,48362.0,955.0,49317.0,49317.0,0.9806354806658961,15.0,0.015,64.0,41962.0,31.0,33.0,10.0,5.0,23811.0,24551.0,546.0,636.0,654.0,564.0,41962.0,419.6199999999995,100.0,1000,2,998,0.1070689590414986,933,0,0,0,0,0,0,0,0,1,0,0,0,1,7,0,24,0,0,0,0,0,0,0,0,0,0,0,0,1,0,1,32,0.4584542214870453,-0.001916601788252592,0.9326398968696594,0.35647010803222656,0.016689
495,49758.0,497.0,50255.0,50255.0,0.9901104367724605,9.0,0.009,79.0,41858.0,43.0,36.0,1.0,8.0,25573.0,24185.0,891.0,1061.0,309.0,139.0,41858.0,418.57999999999913,100.0,1000,2,998,0.10712887509725988,920,0,0,0,0,0,0,0,0,0,0,1,0,0,9,1,32,0,0,0,0,0,1,0,0,0,0,0,0,1,0,1,34,0.9763185381889343,-0.055264879018068314,2.0720982551574707,0.26801803708076477,0.016662
496,48815.0,1119.0,49934.0,49934.0,0.9775904193535467,16.0,0.016,78.0,41015.0,37.0,41.0,11.0,5.0,23977.0,24838.0,811.0,1115.0,389.0,85.0,41015.0,410.1499999999997,100.0,1000,2,998,0.1085369170177728,920,0,0,0,0,0,0,0,1,0,0,1,1,0,5,2,27,0,0,0,0,0,0,0,0,0,0,0,0,0,0,9,34,0.8768859505653381,0.023425057530403137,1.7163512706756592,0.2834211587905884,0.016634999999999997
497,48209.0,1366.0,49575.0,49575.0,0.9724457892082703,19.0,0.019,71.0,41109.0,38.0,33.0,6.0,13.0,24640.0,23569.0,1042.0,1057.0,158.0,143.0,41109.0,411.09000000000003,100.0,1000,0,1000,0.10893637500703335,926,0,0,1,0,0,0,0,0,1,0,0,0,0,5,0,32,1,0,0,0,0,0,0,0,0,0,0,0,0,0,5,29,0.9593289494514465,0.04339621216058731,1.8419568538665771,0.30381065607070923,0.016607999999999998
498,49166.0,707.0,49873.0,49873.0,0.9858239929420729,15.0,0.015,66.0,42566.0,30.0,36.0,10.0,5.0,23453.0,25713.0,521.13427734375,426.0,678.86572265625,774.0,42566.0,425.66000000000054,100.0,1000,0,1000,0.10709299996960908,932,0,0,0,0,0,0,0,0,0,0,0,0,0,3,2,25,0,0,0,0,0,0,0,1,0,0,0,0,0,0,6,31,0.5759817957878113,-0.0848042219877243,1.3321356773376465,0.3185461759567261,0.016581
499,49534.0,798.0,50332.0,50332.0,0.9841452753715331,15.0,0.015,76.0,41934.0,33.0,43.0,13.0,2.0,22915.0,26619.0,401.0,655.0,148.0,545.0,41934.0,419.3400000000006,100.0,1000,1,999,0.10980133397970349,923,0,0,0,0,0,0,0,0,0,0,0,0,1,6,1,25,0,0,0,0,0,0,0,0,0,0,0,0,0,0,12,32,0.8267055749893188,0.006945095025002956,1.649290680885315,0.2950839400291443,0.016554
500,49155.0,997.0,50152.0,50152.0,0.9801204338810018,14.0,0.014,66.0,42555.0,30.0,36.0,12.0,2.0,23382.0,25773.0,1045.0,428.0,155.0,772.0,42555.0,425.55000000000047,100.0,1000,0,1000,0.1083870839793235,934,0,0,0,0,0,0,0,0,0,0,0,0,1,3,3,23,0,0,0,0,0,0,0,0,0,0,1,0,0,0,6,29,0.7118610143661499,-0.008583487942814827,1.4504276514053345,0.2885776460170746,0.016527
501,49720.0,1680.0,51400.0,51400.0,0.9673151750972763,23.0,0.023,68.0,42920.0,32.0,36.0,15.0,8.0,24294.0,25426.0,786.0,978.0,414.0,222.0,42920.0,429.19999999999965,100.0,1000,1,999,0.10646679101046175,932,0,0,0,0,0,0,1,0,0,0,0,0,0,3,3,25,0,0,0,0,0,0,0,0,1,0,1,0,0,0,5,29,0.7610677480697632,-0.07105877995491028,1.6744630336761475,0.30939653515815735,0.0165
502,49419.0,1076.0,50495.0,50495.0,0.9786909595009406,20.0,0.02,70.0,42419.0,35.0,35.0,11.0,9.0,23689.0,25730.0,270.0625,378.0,929.9375,822.0,42419.0,424.19,100.0,1000,1,999,0.10697999992407858,929,0,0,0,0,0,0,0,1,0,0,3,0,1,5,0,25,0,0,0,0,0,0,0,0,0,0,0,0,1,0,4,31,0.7144097089767456,0.02788527123630047,1.3853209018707275,0.37248650193214417,0.016473
503,48774.0,1293.0,50067.0,50067.0,0.9741746060279226,26.0,0.026,71.0,41674.0,33.0,38.0,20.0,6.0,24239.0,24535.0,1129.0,661.3125,71.0,538.6875,41674.0,416.74000000000007,100.0,1000,1,999,0.10886429098900408,928,0,0,0,0,0,0,0,1,0,0,1,0,1,1,3,26,0,0,0,0,0,0,0,0,0,0,0,0,0,0,5,34,0.3468559682369232,-0.08048024028539658,0.86491459608078,0.3113873302936554,0.016446
504,47861.0,741.0,48602.0,48602.0,0.9847537138389366,11.0,0.011,59.0,41961.0,27.0,32.0,10.0,1.0,23083.0,24778.0,517.5703125,439.0,682.4296875,761.0,41961.0,419.60999999999905,100.0,1000,0,1000,0.10641662497073412,941,0,0,0,0,0,0,0,0,0,0,0,0,2,6,2,17,0,0,0,0,0,0,0,1,0,0,0,0,0,0,6,25,1.28584623336792,0.1061919555068016,2.3698995113372803,0.32252198457717896,0.016419
505,48325.0,931.0,49256.0,49256.0,0.9810987493909371,13.0,0.013,64.0,41925.0,27.0,37.0,8.0,5.0,21800.0,26525.0,679.0,1052.0,521.0,148.0,41925.0,419.2499999999996,100.0,1000,1,999,0.10714008298236877,935,0,0,0,0,0,0,0,0,0,0,0,0,0,5,2,20,0,0,0,0,0,0,0,0,0,0,0,0,0,0,5,33,0.835917592048645,0.004137382376939058,1.6728249788284302,0.28259414434432983,0.016391999999999997
506,48828.0,1347.0,50175.0,50175.0,0.9731539611360239,24.0,0.024,67.0,42128.0,28.0,39.0,12.0,12.0,24182.0,24646.0,1002.0,669.0,198.0,531.0,42128.0,421.2800000000001,100.0,1000,1,999,0.10723325004801154,932,0,0,0,0,0,0,0,0,0,0,0,0,0,2,1,26,0,0,0,0,1,0,0,0,0,0,1,0,0,0,10,27,0.23040997982025146,-0.07322946935892105,0.6175586581230164,0.31407803297042847,0.016364999999999998
507,50432.0,1372.0,51804.0,51804.0,0.9735155586441201,21.0,0.021,66.0,43832.0,30.0,36.0,16.0,5.0,24745.0,25687.0,921.0,1123.0,279.0,0.0,43832.0,438.3199999999995,100.0,1000,1,999,0.10897841688711196,932,0,0,0,0,0,0,0,0,0,0,0,0,0,4,3,24,0,0,0,0,0,0,0,0,0,0,0,0,2,0,6,29,0.9747824668884277,-0.016516806557774544,1.9914695024490356,0.27148377895355225,0.016338
508,49903.0,1893.0,51796.0,51796.0,0.9634527762761603,31.0,0.031,72.0,42703.0,32.0,40.0,17.0,14.0,23748.0,26155.0,1164.0,889.0,36.0,311.0,42703.0,427.02999999999946,100.0,1000,2,998,0.10688033304177225,926,0,0,0,0,0,0,0,0,0,0,0,0,1,3,2,27,0,0,0,0,0,0,0,0,0,0,0,0,0,1,4,36,1.1354864835739136,0.009354242123663425,2.260558843612671,0.2542541027069092,0.016311
509,48142.0,1320.0,49462.0,49462.0,0.9733128462253852,25.0,0.025,64.0,41742.0,36.0,28.0,13.0,12.0,23724.0,24418.0,1001.0,540.375,199.0,659.625,41742.0,417.4199999999998,100.0,1000,0,1000,0.10689779196400195,935,0,0,0,0,0,0,0,0,0,0,0,0,0,6,3,28,0,0,0,0,0,0,0,0,0,0,0,0,0,0,5,23,1.605273962020874,0.16448214650154114,2.8923168182373047,0.3295603394508362,0.016284
510,49899.0,1286.0,51185.0,51185.0,0.9748754517925173,24.0,0.024,69.0,42999.0,35.0,34.0,18.0,6.0,25858.0,24041.0,170.22509765625,417.0,1029.77490234375,783.0,42999.0,429.9899999999998,100.0,1000,1,999,0.10858162504155189,931,0,0,0,0,0,0,1,0,0,1,1,1,0,2,7,22,0,0,0,0,0,1,0,1,0,0,0,0,0,0,5,27,1.1480656862258911,0.043898217380046844,2.2180235385894775,0.29798147082328796,0.016257
511,48702.0,1984.0,50686.0,50686.0,0.9608570413921004,32.0,0.032,63.0,42402.0,33.0,30.0,12.0,20.0,24206.0,24496.0,868.375,734.0,331.625,466.0,42402.0,424.01999999999987,100.0,1000,1,999,0.10877204197458923,936,0,0,0,1,0,0,1,0,0,0,0,0,0,5,1,25,1,0,0,0,0,0,0,0,0,0,0,0,0,0,2,28,1.2686091661453247,-0.014758048579096794,2.575949192047119,0.2838854193687439,0.01623
512,48071.0,1732.0,49803.0,49803.0,0.9652229785354296,23.0,0.023,65.0,41571.0,33.0,32.0,6.0,17.0,23783.0,24288.0,622.0,1025.0,578.0,175.0,41571.0,415.70999999999987,100.0,1000,0,1000,0.10593395796604455,934,0,0,0,0,0,0,1,0,0,0,1,0,3,4,2,22,0,0,0,0,0,0,0,0,0,0,0,0,1,0,7,25,0.91179358959198,0.06384354084730148,1.7051498889923096,0.2854349613189697,0.016203
513,48201.0,1081.0,49282.0,49282.0,0.9780650135952275,16.0,0.016,63.0,41901.0,30.0,33.0,6.0,10.0,25317.0,22884.0,284.0,736.1875,916.0,123.67578125,41901.0,419.0099999999998,100.0,1000,2,998,0.1071232920512557,934,0,0,0,0,0,0,0,0,1,0,0,1,0,4,4,22,0,0,0,0,0,0,0,0,0,0,0,0,1,1,8,24,0.948993444442749,-0.00092600955395028,1.9091051816940308,0.28642037510871887,0.016176
514,48764.0,1757.0,50521.0,50521.0,0.9652223827715207,25.0,0.025,66.0,42164.0,36.0,30.0,9.0,16.0,25440.0,23324.0,738.0,1077.4375,462.0,122.5625,42164.0,421.6400000000003,100.0,1000,0,1000,0.10669237503316253,934,0,0,0,0,0,1,0,0,0,0,2,0,0,3,3,27,0,0,0,0,0,0,0,0,0,0,1,0,1,0,1,27,0.4354100525379181,-0.07246801257133484,1.0248202085494995,0.28063827753067017,0.016148999999999997
515,48235.0,1769.0,50004.0,50004.0,0.9646228301735861,34.0,0.034,60.0,42235.0,35.0,25.0,9.0,25.0,24507.0,23728.0,503.0,779.0,697.0,421.0,42235.0,422.35000000000014,100.0,1000,1,999,0.1063851669896394,939,0,0,0,0,1,0,0,0,0,0,2,0,1,4,2,25,0,0,0,0,0,0,0,0,0,0,0,0,0,0,2,24,0.4393593966960907,-0.05910641700029373,1.0076165199279785,0.33137577772140503,0.016121999999999997
516,47661.0,2023.0,49684.0,49684.0,0.9592826664519765,35.0,0.035,66.0,41061.0,37.0,29.0,23.0,12.0,24206.0,23455.0,910.0,518.0,290.0,682.0,41061.0,410.60999999999933,100.0,1000,1,999,0.10700554202776402,933,0,0,0,0,0,0,1,0,0,0,0,0,1,6,2,27,0,0,0,0,0,1,0,0,0,0,1,1,0,0,5,22,0.992211639881134,-0.06184031814336777,2.1194448471069336,0.3523143231868744,0.016094999999999998
517,50273.0,1271.0,51544.0,51544.0,0.9753414558435511,24.0,0.024,70.0,43273.0,35.0,35.0,15.0,9.0,25344.0,24929.0,974.125,793.625,225.875,0.0,43273.0,432.73000000000025,100.0,1000,0,1000,0.10704333300236613,930,0,0,0,0,0,0,0,0,0,0,0,0,0,11,0,24,0,0,0,0,0,0,0,0,0,0,1,0,2,0,4,28,1.9011012315750122,0.11577607691287994,3.579622507095337,0.27919015288352966,0.016068
518,48211.0,2294.0,50505.0,50505.0,0.9545787545787546,36.0,0.036,63.0,41911.0,31.0,32.0,22.0,14.0,25047.0,23164.0,684.078125,794.0,515.921875,406.0,41911.0,419.1099999999998,100.0,1000,0,1000,0.1069454998942092,934,0,0,0,0,0,0,0,0,0,0,0,0,0,4,1,28,0,0,0,1,0,0,0,0,0,1,0,0,1,0,3,27,1.0554813146591187,-0.013031587935984135,2.1474058628082275,0.32354867458343506,0.016041
519,48103.0,1665.0,49768.0,49768.0,0.9665447677222312,27.0,0.027,63.0,41803.0,33.0,30.0,15.0,12.0,24276.0,23827.0,411.0,1065.0,789.0,135.0,41803.0,418.0299999999999,100.0,1000,0,1000,0.10736841603647918,937,0,0,0,0,0,0,0,0,0,0,1,0,0,6,0,26,0,0,0,0,0,0,0,0,0,0,0,0,0,0,1,29,0.15841592848300934,-0.11476610600948334,0.5571102499961853,0.33552414178848267,0.016014
520,49296.0,1109.0,50405.0,50405.0,0.977998214462851,12.0,0.012,66.0,42696.0,35.0,31.0,4.0,8.0,24498.0,24798.0,1037.125,951.0,162.875,249.0,42696.0,426.9599999999997,100.0,1000,1,999,0.10884858400095254,933,0,0,0,0,0,0,0,0,0,0,1,1,1,4,2,26,0,0,0,0,0,0,0,0,0,0,0,1,0,1,5,25,1.714702844619751,0.010219089686870575,3.4193873405456543,0.3258839249610901,0.015986999999999998
521,48714.0,1180.0,49894.0,49894.0,0.9763498617068185,17.0,0.017,63.0,42414.0,32.0,31.0,10.0,7.0,25052.0,23662.0,111.0,900.375,0.0,299.625,42414.0,424.13999999999976,100.0,1000,2,998,0.10874175000935793,932,0,0,0,0,0,0,0,0,0,0,0,0,0,2,4,29,0,0,0,0,0,0,0,0,0,1,0,0,1,0,6,25,0.9983710050582886,0.045403752475976944,1.9157673120498657,0.30804798007011414,0.01596
522,49672.0,786.0,50458.0,50458.0,0.9844226881763051,15.0,0.015,61.0,43572.0,35.0,26.0,1.0,14.0,25549.0,24123.0,547.0,323.0,653.0,877.0,43572.0,435.7199999999998,100.0,1000,2,998,0.10689158295281231,938,0,0,0,0,0,0,0,0,0,0,0,0,0,5,2,28,0,0,1,0,0,0,0,0,0,0,0,0,0,0,1,25,0.44469091296195984,-0.09915737807750702,1.0977377891540527,0.3151066303253174,0.015933
523,48404.0,1346.0,49750.0,49750.0,0.9729447236180905,19.0,0.019,68.0,41604.0,35.0,33.0,4.0,15.0,24174.0,24230.0,604.9375,358.0,595.0625,93.0,41604.0,416.0399999999999,100.0,1000,1,999,0.10654004197567701,931,0,0,0,1,0,0,0,0,0,0,0,0,0,9,1,25,0,0,0,0,0,0,0,0,0,0,0,0,0,0,3,30,1.2208783626556396,0.035151638090610504,2.382605791091919,0.3505682647228241,0.015905999999999997
524,49710.0,496.0,50206.0,50206.0,0.990120702704856,10.0,0.01,69.0,42810.0,38.0,31.0,4.0,6.0,24228.0,25482.0,564.0,535.0,39.75,665.0,42810.0,428.09999999999934,100.0,1000,1,999,0.10628629196435213,930,0,0,0,1,0,0,2,0,0,0,0,0,0,4,7,25,1,0,0,0,0,0,0,0,0,0,0,0,0,0,2,28,0.8079062104225159,-0.08193378895521164,1.7895917892456055,0.31210267543792725,0.015878999999999997
525,49602.0,980.0,50582.0,50582.0,0.9806255189593136,16.0,0.016,70.0,42602.0,38.0,32.0,4.0,12.0,24530.0,25072.0,664.75,870.0,535.25,330.0,42602.0,426.0200000000002,100.0,1000,0,1000,0.10703462501987815,927,0,0,0,0,0,0,1,0,0,0,0,0,0,3,3,32,0,0,0,0,0,0,0,0,0,0,0,0,0,0,1,33,0.3298964202404022,-0.08638308197259903,0.8434405326843262,0.3432232141494751,0.015851999999999998
526,49308.0,1184.0,50492.0,50492.0,0.9765507407113998,19.0,0.019,76.0,41708.0,40.0,36.0,1.0,18.0,24557.0,24751.0,785.0,485.0,415.0,715.0,41708.0,417.0799999999998,100.0,1000,1,999,0.10904974990990013,921,0,0,0,0,1,0,1,1,0,0,0,0,0,3,0,34,0,0,0,0,0,0,0,0,0,0,0,0,0,0,6,33,0.9284346699714661,0.0013533409219235182,1.864266276359558,0.3192295730113983,0.015825
527,47624.0,566.0,48190.0,48190.0,0.9882548246524175,11.0,0.011,73.0,40324.0,35.0,38.0,9.0,2.0,22485.0,25139.0,876.375,820.0,323.625,380.0,40324.0,403.2399999999992,100.0,1000,1,999,0.10743816697504371,926,0,0,0,0,0,0,0,0,0,0,1,0,0,4,1,29,0,0,0,0,0,0,1,0,0,0,0,0,0,0,3,35,1.3683838844299316,0.024068614467978477,2.697849750518799,0.2917817533016205,0.015798
528,48868.0,675.0,49543.0,49543.0,0.9863754718123651,10.0,0.01,75.0,41368.0,40.0,35.0,9.0,1.0,24315.0,24553.0,995.0,893.0,205.0,307.0,41368.0,413.6800000000003,100.0,1000,1,999,0.10695824993308634,923,0,0,0,0,0,0,0,1,0,0,0,0,1,4,2,33,0,0,0,0,1,0,0,0,0,0,0,0,0,0,1,34,1.54777193069458,0.08322010934352875,2.9384872913360596,0.29749739170074463,0.015771
529,49737.0,277.0,50014.0,50014.0,0.9944615507657856,5.0,0.005,75.0,42237.0,35.0,40.0,4.0,1.0,24732.0,25005.0,958.0,739.0,242.0,461.0,42237.0,422.3700000000004,100.0,1000,1,999,0.1073130409931764,924,0,0,0,0,0,0,1,0,0,0,0,0,1,3,2,29,0,0,0,0,0,0,0,0,0,0,2,0,0,0,1,37,0.4951660633087158,-0.05663101375102997,1.113394856452942,0.31125015020370483,0.015743999999999998
530,48964.0,1041.0,50005.0,50005.0,0.9791820817918209,19.0,0.019,66.0,42364.0,30.0,36.0,16.0,3.0,23701.0,25263.0,399.75,800.0,800.25,400.0,42364.0,423.6400000000001,100.0,1000,1,999,0.10743445798289031,931,0,0,0,0,0,0,0,0,0,0,0,0,0,3,1,28,0,0,0,0,1,0,0,0,0,0,0,0,0,0,6,30,0.48525893688201904,-0.08273246139287949,1.1462222337722778,0.3257444202899933,0.015717
531,47843.0,1523.0,49366.0,49366.0,0.9691488068711259,28.0,0.028,65.0,41343.0,30.0,35.0,16.0,12.0,22952.0,24891.0,760.625,1131.0,439.375,69.0,41343.0,413.4299999999992,100.0,1000,0,1000,0.10880475002340972,932,0,0,0,0,0,0,0,0,0,0,0,1,1,4,0,25,0,0,0,0,0,0,0,0,0,0,0,0,0,0,1,36,0.8728399276733398,0.04790031909942627,1.6601448059082031,0.32713907957077026,0.01569
532,49952.0,808.0,50760.0,50760.0,0.9840819542947202,14.0,0.014,70.0,42952.0,32.0,38.0,7.0,7.0,23840.0,26112.0,826.0,272.0,62.0,928.0,42952.0,429.51999999999987,100.0,1000,2,998,0.10897779103834182,929,0,0,0,0,0,0,0,0,0,0,0,0,1,1,0,31,0,0,0,0,0,0,0,0,0,0,1,0,1,0,2,34,0.4368305802345276,-0.05252477899193764,0.9880638122558594,0.29857227206230164,0.015662999999999996
533,48156.0,1534.0,49690.0,49690.0,0.9691285973032804,22.0,0.022,67.0,41456.0,31.0,36.0,11.0,11.0,23859.0,24297.0,534.0,890.0,666.0,310.0,41456.0,414.5599999999996,100.0,1000,0,1000,0.10677062498871237,933,0,0,0,0,0,0,1,0,0,0,0,0,1,3,0,26,0,0,0,0,0,1,0,0,0,0,0,0,0,0,2,33,0.8243818879127502,0.02046816051006317,1.6163783073425293,0.2734338641166687,0.015635999999999997
534,48184.0,1151.0,49335.0,49335.0,0.9766697071044897,22.0,0.022,65.0,41684.0,30.0,35.0,18.0,4.0,23261.0,24923.0,694.0,657.0,0.0,543.0,41684.0,416.8400000000008,100.0,1000,0,1000,0.10689104197081178,934,0,0,0,0,0,0,0,1,0,1,0,0,0,1,1,27,0,0,0,0,0,0,0,1,0,0,0,0,0,0,2,32,0.899394154548645,0.03270302712917328,1.7431843280792236,0.31398966908454895,0.015608999999999998
535,47921.0,1585.0,49506.0,49506.0,0.9679836787460105,23.0,0.023,60.0,41921.0,26.0,34.0,12.0,11.0,23666.0,24255.0,1045.0,1057.0,155.0,143.0,41921.0,419.21000000000055,100.0,1000,0,1000,0.10702816594857723,940,0,0,0,0,0,0,0,0,0,0,0,0,0,2,0,24,0,0,0,0,0,0,0,0,0,0,1,0,0,0,4,29,0.894699215888977,-0.008911817334592342,1.8163716793060303,0.2935987710952759,0.015581999999999999
536,47663.0,1935.0,49598.0,49598.0,0.9609863300939554,36.0,0.036,60.0,41663.0,29.0,31.0,16.0,20.0,24756.0,22907.0,754.0,760.5,446.0,439.5,41663.0,416.6299999999997,100.0,1000,0,1000,0.1067950000287965,939,0,0,0,0,0,0,1,0,0,0,0,0,0,4,0,24,0,0,0,0,0,1,0,0,0,0,0,0,1,0,5,25,0.7416214346885681,0.01035232562571764,1.472756266593933,0.32844892144203186,0.015554999999999998
537,49289.0,1321.0,50610.0,50610.0,0.9738984390436672,23.0,0.023,62.0,43089.0,30.0,32.0,14.0,9.0,25065.0,24224.0,744.6875,999.0,455.3125,201.0,43089.0,430.89,100.0,1000,3,997,0.10869758401531726,936,0,0,0,0,0,0,0,0,0,0,1,0,0,4,1,24,0,0,0,0,0,0,0,0,0,0,1,0,0,0,5,28,0.7514689564704895,-0.03355207294225693,1.5793685913085938,0.30031466484069824,0.015527999999999998
538,48043.0,1977.0,50020.0,50020.0,0.9604758096761296,25.0,0.025,63.0,41743.0,30.0,33.0,19.0,6.0,25285.0,22758.0,872.0,1084.0,328.0,116.0,41743.0,417.4300000000001,100.0,1000,0,1000,0.10889454104471952,937,0,0,0,0,0,0,0,0,0,0,0,0,0,3,0,27,0,0,0,0,0,0,0,0,0,0,0,0,0,1,1,31,0.7496638298034668,-0.035449035465717316,1.5791881084442139,0.28908970952033997,0.015500999999999997
539,48171.0,1151.0,49322.0,49322.0,0.9766635578443696,21.0,0.021,66.0,41571.0,41.0,25.0,3.0,18.0,25589.0,22582.0,1081.0625,323.0,118.9375,877.0,41571.0,415.71000000000015,100.0,1000,2,998,0.10781620792113245,933,0,2,0,0,1,0,0,0,0,0,0,0,0,5,1,33,0,0,0,0,0,0,0,0,0,0,0,0,0,0,1,24,0.9717434048652649,0.018707366660237312,1.9159687757492065,0.319786012172699,0.015473999999999998
540,49207.0,904.0,50111.0,50111.0,0.981960048691904,16.0,0.016,71.0,42107.0,31.0,40.0,9.0,7.0,23850.0,25357.0,919.0,855.4609375,281.0,344.5390625,42107.0,421.0700000000003,100.0,1000,1,999,0.10724899999331683,928,0,0,0,0,0,0,1,0,0,0,0,0,0,7,1,22,0,0,0,0,0,0,0,0,0,0,0,0,0,0,5,36,1.1962076425552368,0.04186636954545975,2.3164358139038086,0.2509673237800598,0.015446999999999999
541,48377.0,1778.0,50155.0,50155.0,0.9645498953244941,32.0,0.032,59.0,42477.0,31.0,28.0,7.0,25.0,24839.0,23538.0,794.0,97.0,406.0,1103.0,42477.0,424.76999999999987,100.0,1000,0,1000,0.10693962499499321,941,0,0,0,0,0,0,0,0,0,0,0,0,0,3,1,27,0,0,0,0,0,0,0,0,0,0,0,0,0,0,6,22,1.0841816663742065,0.06533373147249222,2.0486197471618652,0.35420989990234375,0.015419999999999998
542,49282.0,749.0,50031.0,50031.0,0.985029281845256,10.0,0.01,65.0,42782.0,36.0,29.0,5.0,5.0,25070.0,24212.0,1109.0,743.0,91.0,457.0,42782.0,427.8199999999993,100.0,1000,0,1000,0.10686304105911404,933,0,0,0,0,0,0,0,0,1,0,0,0,0,4,0,31,0,0,0,0,0,0,0,0,0,0,0,0,0,0,2,29,0.9959589242935181,-0.023952282965183258,2.0494792461395264,0.31367960572242737,0.015392999999999999
543,49741.0,212.0,49953.0,49953.0,0.995756010650011,4.0,0.004,67.0,43041.0,33.0,34.0,2.0,2.0,22986.0,26755.0,818.0,1023.0,382.0,177.0,43041.0,430.4100000000001,100.0,1000,2,998,0.10882800002582371,930,0,0,1,0,0,0,0,1,0,0,1,0,0,4,0,26,0,0,0,0,0,0,0,0,0,0,1,0,0,0,2,34,1.0654746294021606,0.08320201933383942,1.9738683700561523,0.30336952209472656,0.015365999999999998
544,50432.0,1248.0,51680.0,51680.0,0.9758513931888545,17.0,0.017,71.0,43332.0,37.0,34.0,3.0,14.0,24670.0,25762.0,1005.5,814.0,194.5,386.0,43332.0,433.31999999999954,100.0,1000,1,999,0.10710408410523087,929,0,0,0,0,0,0,1,0,0,1,0,0,0,3,1,31,0,0,0,0,0,0,0,0,1,0,0,0,1,0,0,32,0.7864624261856079,-0.0707235336303711,1.7236140966415405,0.3012654483318329,0.015338999999999998
545,50291.0,838.0,51129.0,51129.0,0.9836100842965831,17.0,0.017,73.0,42991.0,37.0,36.0,13.0,4.0,26218.0,24073.0,660.0,858.0,540.0,342.0,42991.0,429.90999999999946,100.0,1000,1,999,0.10880066698882729,927,0,0,0,1,0,0,0,0,0,1,1,0,0,4,2,28,0,0,0,0,0,0,0,0,0,0,0,0,0,0,4,32,0.24836060404777527,-0.11959856003522873,0.7445088624954224,0.28051626682281494,0.015311999999999997
546,48813.0,1036.0,49849.0,49849.0,0.9792172360528797,19.0,0.019,71.0,41713.0,35.0,36.0,11.0,8.0,24901.0,23912.0,598.0,440.0,602.0,760.0,41713.0,417.1300000000006,100.0,1000,1,999,0.10682837502099574,928,0,0,0,0,0,0,0,0,0,0,0,0,0,4,1,30,0,0,0,0,0,0,0,1,0,0,0,0,0,0,7,29,0.4618604779243469,-0.06643041968345642,1.066239833831787,0.31593218445777893,0.015284999999999998
547,50021.0,950.0,50971.0,50971.0,0.9813619509132644,18.0,0.018,70.0,43021.0,36.0,34.0,10.0,8.0,24991.0,25030.0,1051.25,677.0,148.75,523.0,43021.0,430.2099999999997,100.0,1000,2,998,0.10675629100296646,927,0,0,0,0,0,0,0,0,0,0,0,0,1,5,2,29,0,0,0,0,0,0,0,0,0,0,0,0,0,0,5,31,0.5957349538803101,-0.05447865650057793,1.3099387884140015,0.3116905689239502,0.015257999999999997
548,49428.0,583.0,50011.0,50011.0,0.9883425646357801,12.0,0.012,70.0,42428.0,38.0,32.0,4.0,8.0,23785.0,25643.0,445.0,785.0,94.375,415.0,42428.0,424.2799999999997,100.0,1000,0,1000,0.10900662501808256,930,0,0,0,0,0,0,0,0,0,0,0,0,0,4,1,33,0,0,0,0,0,0,0,0,0,0,1,0,0,0,2,29,0.1524372100830078,-0.12893155217170715,0.5704110860824585,0.2519057095050812,0.015230999999999998
549,48328.0,714.0,49042.0,49042.0,0.9854410505281187,12.0,0.012,69.0,41428.0,35.0,34.0,5.0,7.0,24181.0,24147.0,974.75,31.0,225.25,1169.0,41428.0,414.27999999999975,100.0,1000,1,999,0.10875204100739211,930,0,0,0,0,0,0,0,0,1,0,0,0,0,3,1,31,0,0,0,0,0,0,0,0,0,0,1,0,1,0,4,28,0.8300893306732178,0.04013562947511673,1.5878082513809204,0.25982752442359924,0.015203999999999999
550,51287.0,989.0,52276.0,52276.0,0.9810811844823628,12.0,0.012,69.0,44387.0,31.0,38.0,6.0,6.0,23787.0,27500.0,971.0,634.25,229.0,565.75,44387.0,443.8699999999999,100.0,1000,1,999,0.10662883298937231,927,0,0,0,0,0,0,0,1,0,0,0,0,0,1,1,28,0,0,0,0,0,0,0,1,0,0,0,0,0,1,4,36,1.6195087432861328,0.05697866156697273,3.133331298828125,0.27248984575271606,0.015176999999999998
551,51938.0,700.0,52638.0,52638.0,0.9867016224020669,9.0,0.009,67.0,45238.0,34.0,33.0,2.0,7.0,26758.0,25180.0,1200.0,763.0,0.0,437.0,45238.0,452.38000000000073,100.0,1000,0,1000,0.10721612500492483,931,0,0,0,0,0,0,0,0,0,0,0,0,1,3,0,31,0,0,0,0,1,0,0,0,0,0,0,0,0,0,3,30,1.404072880744934,0.048435721546411514,2.7206873893737793,0.31066250801086426,0.015149999999999999
552,49732.0,357.0,50089.0,50089.0,0.9928726866178202,9.0,0.009,70.0,42732.0,37.0,33.0,0.0,9.0,26414.0,23318.0,762.0,1011.0,438.0,189.0,42732.0,427.31999999999925,100.0,1000,0,1000,0.10624791693408042,929,0,0,0,0,0,0,0,0,0,0,0,0,0,4,0,33,0,0,0,0,0,0,0,0,0,0,0,0,0,0,3,31,1.1635645627975464,0.07170601189136505,2.1920416355133057,0.27523043751716614,0.015122999999999998
553,48689.0,722.0,49411.0,49411.0,0.9853878690979742,9.0,0.009,65.0,42189.0,31.0,34.0,2.0,7.0,22656.0,26033.0,846.0,373.0,354.0,0.0,42189.0,421.8900000000001,100.0,1000,0,1000,0.10677387495525181,932,0,0,0,0,0,0,0,0,0,0,0,0,2,3,0,26,0,0,0,0,0,0,0,0,0,0,0,0,0,0,3,34,1.0670253038406372,-0.01562257669866085,2.1739587783813477,0.2869303822517395,0.015095999999999998
554,48850.0,690.0,49540.0,49540.0,0.9860718611223254,14.0,0.014,69.0,41950.0,34.0,35.0,8.0,6.0,23559.0,25291.0,1200.0,1008.0,0.0,192.0,41950.0,419.49999999999983,100.0,1000,0,1000,0.10678258410189301,929,0,0,0,1,0,0,0,0,0,0,0,0,1,3,1,30,0,0,0,0,0,0,0,0,0,0,0,0,0,0,5,30,0.6275901198387146,-0.07398266345262527,1.4110472202301025,0.26218360662460327,0.015068999999999997
555,49130.0,836.0,49966.0,49966.0,0.9832686226634111,10.0,0.01,66.0,42530.0,33.0,33.0,3.0,7.0,22718.0,26412.0,755.0,778.0,445.0,422.0,42530.0,425.30000000000024,100.0,1000,1,999,0.10735916695557535,933,0,0,0,0,0,0,0,0,0,0,0,0,1,4,1,28,0,0,0,0,0,0,0,0,0,1,0,0,0,0,4,28,1.1582906246185303,0.07464438676834106,2.174265146255493,0.23177474737167358,0.015041999999999998
556,49302.0,1475.0,50777.0,50777.0,0.9709514150107332,31.0,0.031,64.0,42902.0,30.0,34.0,17.0,14.0,24920.0,24382.0,697.0,52.25,503.0,1147.75,42902.0,429.0199999999997,100.0,1000,1,999,0.10747679206542671,932,0,0,0,0,0,0,0,0,0,0,0,0,0,3,0,29,0,0,0,0,0,0,0,0,0,0,0,0,0,1,3,32,0.5241493582725525,-0.07969397306442261,1.2179464101791382,0.3416486978530884,0.015014999999999997
557,48802.0,942.0,49744.0,49744.0,0.9810630427790287,17.0,0.017,63.0,42502.0,32.0,31.0,10.0,7.0,24497.0,24305.0,537.0,102.625,663.0,0.0,42502.0,425.0199999999996,100.0,1000,0,1000,0.10737708397209644,937,0,0,0,0,0,0,1,0,0,1,0,1,0,6,0,23,0,0,0,0,0,0,0,0,0,0,0,0,0,0,5,26,0.42808064818382263,-0.0247674398124218,0.9154804944992065,0.3264063000679016,0.014987999999999998
558,49405.0,699.0,50104.0,50104.0,0.9860490180424717,11.0,0.011,68.0,42605.0,29.0,39.0,9.0,2.0,23514.0,25891.0,964.0,509.0,236.0,691.0,42605.0,426.0500000000005,100.0,1000,1,999,0.10786824999377131,930,0,0,0,0,0,0,0,0,0,0,0,0,0,1,0,29,0,0,0,0,0,0,0,0,1,0,0,0,0,0,2,37,0.7076713442802429,-0.021509317681193352,1.4662299156188965,0.2629726231098175,0.014960999999999997
559,50993.0,413.0,51406.0,51406.0,0.9919659183752869,7.0,0.007,70.0,43993.0,30.0,40.0,2.0,5.0,23782.0,27211.0,961.0,836.0,239.0,364.0,43993.0,439.9299999999999,100.0,1000,0,1000,0.10793145792558789,927,0,0,0,0,0,0,1,0,0,0,0,0,0,4,1,26,0,0,0,0,0,0,0,0,0,0,0,0,0,0,3,38,0.5563576221466064,-0.04893963411450386,1.2178113460540771,0.24162545800209045,0.014933999999999998
560,50229.0,1151.0,51380.0,51380.0,0.9775982872713118,17.0,0.017,69.0,43329.0,31.0,38.0,16.0,1.0,24341.0,25888.0,898.0,173.375,302.0,1026.625,43329.0,433.2899999999996,100.0,1000,1,999,0.10829945898149163,930,0,0,0,0,0,0,0,0,0,1,0,0,0,4,0,26,0,0,0,0,0,0,0,0,0,0,0,0,0,0,9,30,0.32852035760879517,-0.09814313054084778,0.8624429106712341,0.3057609498500824,0.014906999999999998
561,49476.0,551.0,50027.0,50027.0,0.9889859475883023,9.0,0.009,64.0,43076.0,31.0,33.0,6.0,3.0,25099.0,24377.0,870.625,27.25,329.375,1172.75,43076.0,430.7600000000002,100.0,1000,2,998,0.10667679202742875,935,0,0,0,0,0,1,0,1,0,0,0,0,0,2,0,27,0,0,0,0,0,0,0,0,0,0,0,0,1,0,3,30,0.6474617719650269,-0.05411555990576744,1.4128566980361938,0.3260091543197632,0.014879999999999997
562,49004.0,432.0,49436.0,49436.0,0.9912614289181972,10.0,0.01,66.0,42404.0,29.0,37.0,6.0,4.0,25273.0,23731.0,502.0,458.0078125,698.0,741.9921875,42404.0,424.0399999999998,100.0,1000,1,999,0.10697858408093452,933,0,0,0,0,0,0,0,0,1,0,0,0,0,5,0,24,0,0,0,0,0,0,0,0,0,0,0,0,0,0,4,33,0.891642153263092,0.018374644219875336,1.7563327550888062,0.3298218548297882,0.014852999999999998
563,49914.0,2522.0,52436.0,52436.0,0.9519032725608361,29.0,0.029,75.0,42414.0,42.0,33.0,14.0,15.0,24234.0,25680.0,625.0,778.0,575.0,422.0,42414.0,424.1399999999993,100.0,1000,0,1000,0.10637054103426635,922,0,0,0,0,0,0,1,0,0,0,1,0,0,6,3,32,0,0,0,0,0,0,0,0,0,0,0,0,0,0,3,32,1.237157940864563,0.06216515228152275,2.358820915222168,0.2979646623134613,0.014825999999999997
564,48347.0,309.0,48656.0,48656.0,0.9936492929957251,5.0,0.005,70.0,41347.0,31.0,39.0,3.0,2.0,24468.0,23879.0,513.0,989.0,687.0,0.0,41347.0,413.4699999999996,100.0,1000,1,999,0.10685591597575694,930,0,0,0,0,0,0,0,0,0,0,0,0,0,6,1,24,1,0,0,0,0,0,0,0,0,0,0,0,0,0,4,34,0.5151649117469788,-0.024279670789837837,1.0866053104400635,0.2607002556324005,0.014799000000000001
565,49064.0,520.0,49584.0,49584.0,0.9895127460471119,10.0,0.01,69.0,42164.0,34.0,35.0,3.0,7.0,24785.0,24279.0,890.625,621.0,309.375,579.0,42164.0,421.6400000000005,100.0,1000,0,1000,0.10701145802158862,931,0,0,0,0,0,0,0,0,0,0,0,0,0,4,0,30,0,0,0,0,0,0,0,0,0,0,1,0,0,0,4,30,0.7096496820449829,0.027957942336797714,1.3715357780456543,0.27593743801116943,0.014772
566,48837.0,252.0,49089.0,49089.0,0.9948664670292734,6.0,0.006,71.0,41737.0,38.0,33.0,6.0,0.0,26482.0,22355.0,1088.0,577.0,112.0,623.0,41737.0,417.37000000000046,100.0,1000,1,999,0.10697962495032698,929,0,0,0,0,0,0,0,0,0,0,0,0,0,10,0,28,0,0,0,0,0,0,0,0,0,0,0,0,0,0,3,30,0.4973219633102417,-0.01319933496415615,1.0291563272476196,0.27513524889945984,0.014745000000000001
567,48720.0,297.0,49017.0,49017.0,0.9939408776546912,6.0,0.006,69.0,41820.0,37.0,32.0,4.0,2.0,25303.0,23417.0,760.0,433.0625,440.0,766.9375,41820.0,418.2000000000003,100.0,1000,2,998,0.10703095805365592,929,0,0,0,0,0,0,0,0,0,0,0,0,0,4,1,32,0,0,0,0,0,0,0,0,1,0,0,0,1,0,6,26,0.5207804441452026,0.00438213674351573,1.0407898426055908,0.2715437710285187,0.014718
568,50581.0,1649.0,52230.0,52230.0,0.9684281064522305,24.0,0.024,66.0,43981.0,31.0,35.0,10.0,14.0,25180.0,25401.0,1167.0,657.0,33.0,543.0,43981.0,439.8099999999997,100.0,1000,0,1000,0.10860475001391023,932,0,0,0,0,0,0,0,0,1,0,0,1,0,2,0,27,0,0,1,0,0,0,0,0,0,0,0,0,0,0,6,30,0.6806461811065674,-0.025876367464661598,1.4222289323806763,0.3125673234462738,0.014691000000000001
569,49682.0,748.0,50430.0,50430.0,0.9851675589926631,7.0,0.007,62.0,43482.0,32.0,30.0,6.0,1.0,26091.0,23591.0,1050.0,497.0,150.0,703.0,43482.0,434.8199999999997,100.0,1000,1,999,0.108543417067267,937,0,0,0,0,0,0,0,0,0,0,1,0,0,1,1,29,0,0,0,0,1,0,0,0,0,0,0,0,0,0,5,25,0.6504166722297668,0.029500687494874,1.2488861083984375,0.24052439630031586,0.014664
570,48390.0,957.0,49347.0,49347.0,0.9806067238129977,19.0,0.019,67.0,41690.0,35.0,32.0,15.0,4.0,23582.0,24808.0,896.75,569.5,303.25,630.5,41690.0,416.8999999999993,100.0,1000,1,999,0.11072804196737707,932,0,0,0,0,0,0,0,1,0,0,0,0,0,4,0,30,0,0,0,0,0,0,0,0,0,0,0,0,1,0,5,27,0.573713481426239,-0.08639557659626007,1.3288155794143677,0.29369041323661804,0.014637
571,50283.0,593.0,50876.0,50876.0,0.9883442094504284,9.0,0.009,74.0,42883.0,35.0,39.0,7.0,2.0,24195.0,26088.0,560.0,976.0,80.0,224.0,42883.0,428.82999999999976,100.0,1000,1,999,0.10686412500217557,926,0,0,0,0,0,0,0,0,0,0,0,0,0,4,0,31,0,0,0,0,0,1,0,1,1,0,0,0,0,0,4,32,1.0958024263381958,-0.006628813222050667,2.2114298343658447,0.22474783658981323,0.01461
572,49382.0,399.0,49781.0,49781.0,0.9919848938349973,7.0,0.007,63.0,43082.0,36.0,27.0,2.0,5.0,24461.0,24921.0,1144.0,805.0,56.0,395.0,43082.0,430.8200000000002,100.0,1000,0,1000,0.10695249994751066,935,0,0,0,0,0,0,0,0,0,0,0,0,0,3,1,33,0,0,0,0,0,0,0,0,0,0,0,0,0,0,2,26,0.854118824005127,-0.003781902836635709,1.722766637802124,0.23881050944328308,0.014583
573,49954.0,1258.0,51212.0,51212.0,0.9754354448176209,20.0,0.02,61.0,43854.0,30.0,31.0,7.0,13.0,24597.0,25357.0,1164.0,733.0,36.0,467.0,43854.0,438.54000000000013,100.0,1000,1,999,0.10697891702875495,939,0,1,0,0,0,0,0,0,1,0,0,0,0,5,0,23,0,0,0,0,0,0,0,1,0,0,0,0,0,0,4,26,0.7170053124427795,0.014027959667146206,1.414435863494873,0.2913278043270111,0.014556
574,49824.0,519.0,50343.0,50343.0,0.9896907216494846,10.0,0.01,68.0,43024.0,35.0,33.0,7.0,3.0,26133.0,23691.0,988.0,1014.0,212.0,186.0,43024.0,430.2400000000007,100.0,1000,2,998,0.10709900001529604,931,0,0,0,1,0,0,1,0,0,0,0,1,0,3,1,28,0,0,0,0,0,0,0,0,0,0,1,0,1,0,7,25,0.37901559472084045,-0.0663207396864891,0.89710932970047,0.22151075303554535,0.014529
575,48808.0,1346.0,50154.0,50154.0,0.9731626590102485,20.0,0.02,60.0,42808.0,32.0,28.0,13.0,7.0,24309.0,24499.0,943.0,481.0,0.0,719.0,42808.0,428.07999999999936,100.0,1000,1,999,0.10680216597393155,939,0,0,0,0,0,0,0,0,0,0,0,0,0,4,0,28,0,0,0,0,0,0,0,0,0,0,0,0,0,0,1,28,1.650098204612732,0.09613167494535446,3.1161351203918457,0.28278905153274536,0.014502000000000001
576,50491.0,719.0,51210.0,51210.0,0.9859597734817418,11.0,0.011,70.0,43491.0,36.0,34.0,8.0,3.0,25523.0,24968.0,570.0,601.0,630.0,599.0,43491.0,434.90999999999974,100.0,1000,2,998,0.10679374996107072,928,0,0,0,0,0,0,0,1,0,0,0,0,1,2,1,31,0,0,0,0,0,0,0,0,0,0,0,0,0,0,7,29,0.4902573525905609,-0.05132610350847244,1.0901895761489868,0.2425801008939743,0.014475
577,49658.0,1162.0,50820.0,50820.0,0.9771349862258953,17.0,0.017,63.0,43358.0,31.0,32.0,2.0,15.0,23755.0,25903.0,739.0,83.0625,461.0,1116.9375,43358.0,433.57999999999976,100.0,1000,0,1000,0.10722574999090284,937,0,0,0,1,0,0,0,0,0,0,0,0,0,3,1,26,0,0,0,0,0,0,0,0,0,0,0,0,0,0,7,25,0.7108999490737915,0.037129975855350494,1.3574248552322388,0.34208783507347107,0.014448
578,48345.0,1012.0,49357.0,49357.0,0.9794963227100513,13.0,0.013,65.0,41845.0,31.0,34.0,5.0,8.0,23910.0,24435.0,963.4375,1046.0,236.5625,154.0,41845.0,418.4499999999999,100.0,1000,1,999,0.10629295906983316,934,0,0,0,0,0,0,0,0,0,0,0,0,0,0,2,30,0,0,0,0,0,0,1,0,0,0,0,0,1,0,6,26,0.6075572967529297,-0.008047391660511494,1.2385103702545166,0.25313881039619446,0.014421
579,48371.0,617.0,48988.0,48988.0,0.9874050787948069,11.0,0.011,64.0,41971.0,32.0,32.0,3.0,8.0,23812.0,24559.0,859.0,665.375,341.0,534.625,41971.0,419.7100000000004,100.0,1000,0,1000,0.10932508390396833,936,0,0,0,0,0,0,0,0,0,0,0,0,0,3,0,29,0,0,0,1,0,0,0,0,0,0,0,0,0,0,4,27,0.5170631408691406,-0.021114619448781013,1.0833839178085327,0.24414201080799103,0.014394
580,48166.0,492.0,48658.0,48658.0,0.9898886103004645,8.0,0.008,62.0,41966.0,31.0,31.0,5.0,3.0,24710.0,23456.0,492.0,950.0,708.0,250.0,41966.0,419.6599999999996,100.0,1000,0,1000,0.11079520802013576,936,0,0,0,1,0,0,0,1,0,0,0,0,0,1,0,30,0,0,0,0,0,0,0,0,0,0,0,0,1,0,4,26,0.7269039154052734,0.02119421400129795,1.4184049367904663,0.24310968816280365,0.014367000000000001
581,49867.0,1504.0,51371.0,51371.0,0.970722781335773,29.0,0.029,59.0,43967.0,28.0,31.0,20.0,9.0,24192.0,25675.0,873.0,1200.0,327.0,0.0,43967.0,439.6699999999996,100.0,1000,0,1000,0.10727550007868558,940,0,0,0,1,0,0,0,0,0,0,0,0,0,3,0,25,0,0,0,0,0,0,0,0,0,0,0,0,0,0,8,23,0.7118695378303528,-0.024580305442214012,1.4806724786758423,0.27101895213127136,0.014339999999999999
582,48256.0,1192.0,49448.0,49448.0,0.9758938683060994,25.0,0.025,58.0,42456.0,31.0,27.0,14.0,11.0,24155.0,24101.0,1061.0,627.0,139.0,573.0,42456.0,424.55999999999995,100.0,1000,1,999,0.10905316704884171,940,0,0,0,0,0,0,0,0,0,0,0,0,0,3,2,28,0,0,0,0,0,0,0,0,0,0,0,0,0,0,1,26,1.222395420074463,0.06633027642965317,2.3191890716552734,0.2465931475162506,0.014313
583,48604.0,1199.0,49803.0,49803.0,0.975925145071582,21.0,0.021,64.0,42204.0,33.0,31.0,8.0,13.0,24228.0,24376.0,896.0,321.3125,304.0,878.6875,42204.0,422.04000000000013,100.0,1000,0,1000,0.10884695895947516,936,0,0,0,0,0,0,0,0,0,0,1,0,1,3,1,27,0,0,0,0,0,0,0,0,0,0,0,0,1,0,1,29,0.5640090107917786,0.013659656047821045,1.107832670211792,0.24968558549880981,0.014286
584,48765.0,1088.0,49853.0,49853.0,0.9781758369606643,18.0,0.018,62.0,42565.0,27.0,35.0,17.0,1.0,24662.0,24103.0,870.0,628.5625,330.0,59.0,42565.0,425.65000000000003,100.0,1000,2,998,0.10721329192165285,937,0,0,0,2,0,0,0,0,0,0,2,0,0,1,1,22,0,0,0,0,0,0,0,0,0,0,0,0,0,0,6,29,0.8372339606285095,-0.0038308645598590374,1.6895267963409424,0.25938424468040466,0.014259
585,49774.0,2204.0,51978.0,51978.0,0.9575974450729154,38.0,0.038,62.0,43574.0,28.0,34.0,36.0,2.0,23469.0,26305.0,748.0,981.0,452.0,219.0,43574.0,435.7400000000005,100.0,1000,1,999,0.10642012499738485,938,0,0,0,2,0,0,0,0,1,1,0,0,0,4,0,20,0,0,0,0,0,0,0,0,0,0,0,0,0,0,8,26,0.7799124717712402,0.04157421737909317,1.483819842338562,0.2509622275829315,0.014232000000000002
586,47036.0,2913.0,49949.0,49949.0,0.9416805141244069,46.0,0.046,57.0,41336.0,27.0,30.0,30.0,16.0,22469.0,24567.0,989.0,835.0,211.0,365.0,41336.0,413.3600000000003,100.0,1000,1,999,0.10700679197907448,941,0,0,0,0,1,0,1,0,0,0,0,1,0,1,0,24,0,0,0,0,0,0,0,0,0,0,0,0,0,1,5,25,0.5946730375289917,0.005675093736499548,1.186569333076477,0.30177611112594604,0.014204999999999999
587,48495.0,1524.0,50019.0,50019.0,0.9695315780003598,28.0,0.028,64.0,42095.0,29.0,35.0,21.0,7.0,23557.0,24938.0,1081.0,603.0,119.0,597.0,42095.0,420.9500000000003,100.0,1000,2,998,0.1067758749704808,935,0,0,0,0,0,0,0,0,0,0,0,0,0,5,0,24,0,0,0,0,0,0,0,0,0,0,1,0,2,0,7,26,0.28377214074134827,-0.05396111309528351,0.6829451322555542,0.26374104619026184,0.014178
588,47682.0,1319.0,49001.0,49001.0,0.9730821819962858,24.0,0.024,62.0,41482.0,32.0,30.0,17.0,7.0,22768.0,24914.0,511.0,641.0,689.0,559.0,41482.0,414.81999999999994,100.0,1000,0,1000,0.10709970898460597,938,0,0,0,0,0,0,0,0,0,0,0,0,1,2,1,28,0,0,0,0,0,0,0,0,0,0,0,0,0,0,3,27,0.19107060134410858,-0.055997055023908615,0.5011337995529175,0.24727857112884521,0.014151
589,47766.0,1893.0,49659.0,49659.0,0.9618800217483235,34.0,0.034,60.0,41766.0,33.0,27.0,18.0,16.0,24585.0,23181.0,828.0,1061.0,372.0,139.0,41766.0,417.66,100.0,1000,1,999,0.10701054206583649,940,0,0,0,1,0,0,0,0,0,0,0,1,0,2,1,28,0,0,1,0,0,0,0,0,0,0,0,0,0,0,5,21,0.8469693064689636,-0.022304115816950798,1.7459452152252197,0.2619071900844574,0.014124000000000001
590,49076.0,1185.0,50261.0,50261.0,0.9764230715664233,19.0,0.019,55.0,43576.0,25.0,30.0,13.0,6.0,23744.0,25332.0,486.0,131.0,0.0,69.0,43576.0,435.75999999999937,100.0,1000,0,1000,0.1068874578922987,941,0,0,0,0,0,0,0,0,0,0,0,0,1,2,0,24,0,0,0,0,0,0,0,0,0,0,0,0,0,0,6,26,1.7782902717590332,0.17762424051761627,3.208767890930176,0.26373574137687683,0.014096999999999998
591,49650.0,930.0,50580.0,50580.0,0.9816132858837485,17.0,0.017,59.0,43750.0,31.0,28.0,12.0,5.0,24453.0,25197.0,385.25,829.0,814.75,371.0,43750.0,437.4999999999999,100.0,1000,0,1000,0.10888316703494638,940,1,0,0,0,0,0,0,0,0,0,0,1,0,4,3,22,0,0,1,0,0,0,0,0,0,0,0,0,0,0,3,25,0.7421765327453613,0.03785005211830139,1.4156743288040161,0.24951773881912231,0.01407
592,47718.0,2261.0,49979.0,49979.0,0.9547609996198403,33.0,0.033,54.0,42318.0,27.0,27.0,27.0,6.0,25524.0,22194.0,724.0,721.0,476.0,43.0,42318.0,423.1799999999998,100.0,1000,1,999,0.1085495410952717,945,0,0,0,0,0,0,1,0,0,0,0,1,0,4,2,19,0,0,0,0,0,0,0,1,0,0,0,0,0,0,3,24,0.572165846824646,-0.012867343612015247,1.177581787109375,0.2675865888595581,0.014043
593,49487.0,1934.0,51421.0,51421.0,0.9623889072557904,26.0,0.026,55.0,43987.0,26.0,29.0,15.0,11.0,23870.0,25617.0,625.25,1043.0,574.75,157.0,43987.0,439.86999999999995,100.0,1000,0,1000,0.1098167080199346,944,0,0,0,0,0,0,0,0,0,0,0,0,0,3,0,24,0,0,0,0,0,0,0,0,0,0,0,0,0,0,2,27,0.928041398525238,-0.018891626968979836,1.9003359079360962,0.23080255091190338,0.014016
594,48249.0,2082.0,50331.0,50331.0,0.958633843953031,39.0,0.039,55.0,42749.0,28.0,27.0,26.0,13.0,22706.0,25543.0,1064.20703125,264.0,135.79296875,936.0,42749.0,427.4900000000005,100.0,1000,3,997,0.10717174992896616,945,0,0,0,0,0,0,0,0,0,0,0,0,0,7,0,21,0,0,0,1,0,0,0,0,0,0,0,0,0,0,0,26,1.0170626640319824,0.05025629699230194,1.9417189359664917,0.2897392213344574,0.013989000000000001
595,47753.0,2070.0,49823.0,49823.0,0.9584529233486543,39.0,0.039,57.0,42053.0,32.0,25.0,21.0,18.0,24940.0,22813.0,602.0,939.875,598.0,260.125,42053.0,420.53000000000054,100.0,1000,3,997,0.10677900002337992,943,0,0,0,1,1,0,0,0,0,0,0,0,0,2,1,27,0,0,0,0,0,0,0,0,0,0,0,0,0,0,3,22,0.4296427369117737,-0.07409673184156418,1.0143221616744995,0.24506551027297974,0.013961999999999999
596,48138.0,1924.0,50062.0,50062.0,0.961567656106428,33.0,0.033,58.0,42338.0,32.0,26.0,8.0,25.0,24378.0,23760.0,895.0,820.0,305.0,380.0,42338.0,423.380000000001,100.0,1000,0,1000,0.10825020796619356,941,0,0,0,0,0,0,1,0,0,0,0,0,0,2,0,29,0,0,0,0,0,0,0,0,0,0,0,0,0,0,3,24,1.0207159519195557,-0.034488826990127563,2.1184511184692383,0.28854408860206604,0.013935
597,51191.0,917.0,52108.0,52108.0,0.9824019344438474,13.0,0.013,68.0,44391.0,33.0,35.0,5.0,8.0,25189.0,26002.0,711.0,717.0,489.0,37.0,44391.0,443.90999999999985,100.0,1000,0,1000,0.10891804203856736,931,0,0,0,0,0,0,0,0,1,0,0,0,0,2,0,31,0,0,0,0,0,0,0,0,0,0,0,0,0,0,6,29,0.9524232745170593,0.04204925149679184,1.827652096748352,0.24820101261138916,0.013908
598,47938.0,1951.0,49889.0,49889.0,0.9608931828659625,35.0,0.035,56.0,42338.0,29.0,27.0,21.0,14.0,24154.0,23784.0,444.75,593.0,0.0,607.0,42338.0,423.38000000000056,100.0,1000,0,1000,0.1071211249800399,940,0,0,0,0,0,0,0,0,0,0,0,0,0,3,1,28,0,0,0,0,0,0,0,0,0,0,0,0,0,0,3,25,0.6126251220703125,-0.057110778987407684,1.3467786312103271,0.2631966471672058,0.013881000000000001
599,48605.0,2152.0,50757.0,50757.0,0.9576019071261107,39.0,0.039,56.0,43005.0,26.0,30.0,4.0,35.0,23016.0,25589.0,515.0,818.0,0.0,382.0,43005.0,430.04999999999905,100.0,1000,0,1000,0.10912295803427696,943,0,0,0,0,0,0,0,0,0,0,0,0,0,4,0,22,0,0,0,0,0,0,0,0,0,0,0,0,0,0,4,27,0.2753252387046814,-0.08682313561439514,0.7315977215766907,0.26349708437919617,0.013853999999999998
600,46672.0,2956.0,49628.0,49628.0,0.9404368501652293,45.0,0.045,59.0,40772.0,31.0,28.0,18.0,27.0,23652.0,23020.0,321.9921875,52.875,878.0078125,140.1328125,40772.0,407.7200000000002,100.0,1000,0,1000,0.10862308298237622,939,0,0,0,0,1,0,1,0,0,0,0,0,0,3,0,26,0,0,0,0,0,0,0,0,0,0,0,0,0,0,3,27,0.8863213658332825,0.10491882264614105,1.5721182823181152,0.3367783725261688,0.013826999999999999
601,49624.0,1489.0,51113.0,51113.0,0.970868467904447,26.0,0.026,62.0,43424.0,30.0,32.0,18.0,8.0,23714.0,25910.0,886.0,1124.0,314.0,76.0,43424.0,434.23999999999984,100.0,1000,1,999,0.10762516700197011,938,0,0,0,2,0,0,0,0,0,0,1,1,0,1,0,25,0,0,0,0,0,0,0,0,1,0,0,0,0,0,4,27,1.1075156927108765,0.031219633296132088,2.1619791984558105,0.34010833501815796,0.0138
602,49506.0,954.0,50460.0,50460.0,0.9810939357907253,13.0,0.013,62.0,43306.0,29.0,33.0,12.0,1.0,24753.0,24753.0,821.0,1029.0,379.0,171.0,43306.0,433.0600000000006,100.0,1000,0,1000,0.10920795798301697,937,0,0,0,0,0,0,0,0,1,0,0,0,0,5,0,23,0,0,0,0,0,0,0,0,0,0,0,0,0,0,1,33,1.1875096559524536,-0.04975435137748718,2.481654167175293,0.258696049451828,0.013773
603,49662.0,410.0,50072.0,50072.0,0.9918117910209299,7.0,0.007,62.0,43462.0,30.0,32.0,4.0,3.0,25432.0,24230.0,675.75,1034.0,524.25,166.0,43462.0,434.61999999999983,100.0,1000,0,1000,0.10643645795062184,936,0,0,0,1,0,0,0,0,1,0,0,0,0,1,1,26,0,0,0,0,0,0,0,0,0,0,0,0,0,0,2,32,0.6316847205162048,0.0067239077761769295,1.2556267976760864,0.20751997828483582,0.013746000000000001
604,48844.0,830.0,49674.0,49674.0,0.9832910576961791,13.0,0.013,57.0,43144.0,26.0,31.0,3.0,10.0,22820.0,26024.0,518.0,653.0,83.0,34.0,43144.0,431.43999999999966,100.0,1000,0,1000,0.10889558400958776,942,0,0,0,0,0,0,0,0,0,0,0,0,1,2,0,23,0,0,0,0,0,0,0,0,0,0,0,0,0,0,3,29,0.7749564051628113,-0.039737265557050705,1.6359686851501465,0.23986287415027618,0.013718999999999999
605,49006.0,2209.0,51215.0,51215.0,0.9568681050473494,43.0,0.043,58.0,43206.0,27.0,31.0,38.0,5.0,24364.0,24642.0,856.5,217.0,343.5,983.0,43206.0,432.05999999999926,100.0,1000,0,1000,0.10757633298635483,940,0,0,0,0,0,0,0,0,0,0,0,0,0,1,0,26,0,0,0,0,0,0,0,0,0,0,1,0,0,0,6,26,1.091892123222351,0.059508491307497025,2.0728094577789307,0.2936805784702301,0.013692
606,48894.0,332.0,49226.0,49226.0,0.9932555966359241,6.0,0.006,63.0,42594.0,28.0,35.0,5.0,1.0,22961.0,25933.0,732.0,564.0,468.0,0.0,42594.0,425.93999999999954,100.0,1000,1,999,0.1064281250583008,937,0,0,0,0,0,0,0,0,0,0,0,0,0,3,1,24,0,0,0,0,0,0,0,0,0,0,0,0,0,0,2,33,1.388428807258606,0.055895477533340454,2.6715891361236572,0.2386547178030014,0.013665
607,48155.0,2143.0,50298.0,50298.0,0.9573939321643008,37.0,0.037,58.0,42355.0,27.0,31.0,26.0,11.0,23607.0,24548.0,837.0,516.0,363.0,684.0,42355.0,423.5499999999995,100.0,1000,0,1000,0.10670424997806549,938,0,0,0,0,0,0,1,0,0,0,0,0,0,4,0,22,0,0,0,0,0,0,0,0,0,0,0,0,0,1,2,32,0.8332141637802124,0.01142163760960102,1.6517305374145508,0.29863178730010986,0.013638
608,50840.0,499.0,51339.0,51339.0,0.9902802937338087,8.0,0.008,63.0,44540.0,34.0,29.0,6.0,2.0,25656.0,25184.0,573.0,761.0,627.0,439.0,44540.0,445.3999999999996,100.0,1000,3,997,0.10872366698458791,937,0,0,0,0,0,0,0,1,0,0,0,1,0,0,2,30,0,0,0,0,0,0,0,0,0,0,0,0,0,0,0,29,0.3932008147239685,-0.01611226424574852,0.8251696825027466,0.24037593603134155,0.013610999999999998
609,48777.0,1446.0,50223.0,50223.0,0.9712084104892181,22.0,0.022,62.0,42577.0,30.0,32.0,14.0,8.0,23895.0,24882.0,832.0,974.5,368.0,225.5,42577.0,425.7699999999995,100.0,1000,0,1000,0.10882591700647026,937,0,0,0,0,0,0,0,0,1,0,0,0,0,1,1,27,0,0,0,0,0,1,0,0,0,0,0,0,0,0,4,28,0.3806826174259186,-0.020976806059479713,0.8097007274627686,0.23490425944328308,0.013583999999999999
610,48802.0,765.0,49567.0,49567.0,0.9845663445437489,15.0,0.015,60.0,42802.0,30.0,30.0,5.0,10.0,24912.0,23890.0,939.0,457.125,261.0,742.875,42802.0,428.01999999999936,100.0,1000,1,999,0.10965654207393527,940,0,0,0,0,0,0,0,0,0,0,1,0,0,4,0,25,0,1,0,0,0,0,0,0,0,0,0,0,0,0,1,28,0.9634528160095215,0.05151327699422836,1.8299603462219238,0.22428324818611145,0.013557
611,48697.0,2283.0,50980.0,50980.0,0.9552177324440957,33.0,0.033,57.0,42997.0,27.0,30.0,10.0,23.0,23770.0,24927.0,797.0,1045.0,403.0,155.0,42997.0,429.96999999999986,100.0,1000,0,1000,0.10704291705042124,941,0,0,0,0,0,0,0,0,0,0,0,0,0,3,0,25,0,0,0,0,0,0,0,0,0,1,0,0,0,0,2,28,0.7403571605682373,-0.028424065560102463,1.5442959070205688,0.24883295595645905,0.01353
612,49211.0,964.0,50175.0,50175.0,0.9807872446437469,19.0,0.019,59.0,43311.0,28.0,31.0,12.0,7.0,24332.0,24879.0,915.0,847.3125,285.0,352.6875,43311.0,433.1100000000007,100.0,1000,0,1000,0.10873145901132375,940,0,0,0,0,0,0,0,0,0,0,0,0,0,1,0,28,0,0,0,0,0,0,0,0,0,0,0,0,0,1,4,26,0.799180805683136,0.04555639252066612,1.5140800476074219,0.252949982881546,0.013503000000000001
613,49344.0,1179.0,50523.0,50523.0,0.9766640935811413,21.0,0.021,59.0,43444.0,31.0,28.0,3.0,18.0,25596.0,23748.0,723.0,888.0,477.0,312.0,43444.0,434.4399999999998,100.0,1000,0,1000,0.10666287504136562,941,0,0,0,0,0,0,1,1,0,0,0,0,1,2,0,26,0,0,0,0,0,0,0,0,0,0,0,0,0,0,3,25,0.8644612431526184,0.0669645369052887,1.6014701128005981,0.24030859768390656,0.013475999999999998
614,50461.0,265.0,50726.0,50726.0,0.9947758545913339,5.0,0.005,60.0,44461.0,30.0,30.0,4.0,1.0,25797.0,24664.0,1140.0,880.0,60.0,320.0,44461.0,444.61000000000007,100.0,1000,0,1000,0.10876012500375509,939,0,0,0,0,0,0,0,0,0,0,0,0,0,3,1,27,0,0,0,0,0,0,0,0,0,0,0,0,0,0,3,27,0.705701470375061,-0.013872288167476654,1.4459292888641357,0.2521291673183441,0.013449
615,48193.0,2259.0,50452.0,50452.0,0.9552247680964084,45.0,0.045,54.0,42793.0,28.0,26.0,11.0,34.0,24338.0,23855.0,146.0,747.0,1054.0,453.0,42793.0,427.9300000000006,100.0,1000,0,1000,0.10707975004334003,943,0,0,0,0,0,0,1,0,0,0,0,0,0,4,0,23,0,0,0,0,0,0,0,0,0,0,1,0,0,0,1,27,0.6044343113899231,0.009016888216137886,1.200548529624939,0.36185401678085327,0.013422
616,48717.0,948.0,49665.0,49665.0,0.9809121111446693,15.0,0.015,65.0,42217.0,31.0,34.0,13.0,2.0,23870.0,24847.0,1102.0,456.0,98.0,744.0,42217.0,422.17000000000104,100.0,1000,2,998,0.10682395799085498,935,0,0,0,1,0,0,0,0,0,0,0,0,0,2,1,27,0,0,0,0,0,0,0,0,0,0,0,0,0,0,1,33,1.4218133687973022,0.1453690081834793,2.560143232345581,0.2707943618297577,0.013395
617,49191.0,599.0,49790.0,49790.0,0.9879694717814822,16.0,0.016,65.0,42691.0,32.0,33.0,16.0,0.0,25216.0,23975.0,587.0,485.0,613.0,715.0,42691.0,426.9099999999999,100.0,1000,0,1000,0.11485833302140236,935,0,0,0,0,1,0,0,0,0,0,0,0,0,2,0,29,0,0,0,0,0,0,0,0,0,0,0,0,0,0,5,28,0.2677304148674011,-0.08670436590909958,0.7168256044387817,0.2975773513317108,0.013367999999999998
618,48967.0,589.0,49556.0,49556.0,0.9881144563725885,12.0,0.012,62.0,42767.0,30.0,32.0,6.0,6.0,24690.0,24277.0,150.0,600.328125,0.0,599.671875,42767.0,427.6699999999993,100.0,1000,2,998,0.10691545798908919,936,0,0,0,0,0,0,0,0,0,0,0,0,0,4,0,28,0,0,0,0,1,0,0,0,0,1,0,0,0,0,4,26,0.25639456510543823,-0.11324650049209595,0.747871458530426,0.3219141662120819,0.013340999999999999
619,50724.0,234.0,50958.0,50958.0,0.9954079830448604,5.0,0.005,70.0,43724.0,34.0,36.0,0.0,5.0,26181.0,24543.0,1073.0,957.0,127.0,243.0,43724.0,437.23999999999944,100.0,1000,0,1000,0.10907112492714077,930,0,0,0,0,0,0,0,0,0,0,0,0,0,2,0,32,0,0,0,0,0,0,0,0,0,0,0,0,0,0,1,35,0.49239492416381836,-0.0033263564109802246,0.9980221390724182,0.2470913529396057,0.013314
620,48950.0,199.0,49149.0,49149.0,0.9959510875094102,4.0,0.004,63.0,42650.0,31.0,32.0,0.0,4.0,25059.0,23891.0,819.0,1114.0,381.0,86.0,42650.0,426.50000000000045,100.0,1000,0,1000,0.10689366701990366,937,0,0,0,0,0,0,0,0,0,0,0,0,0,2,0,29,0,0,0,0,0,0,0,0,0,0,0,0,1,0,4,27,0.5254986882209778,-0.021716861054301262,1.1009092330932617,0.24378027021884918,0.013287
621,48750.0,993.0,49743.0,49743.0,0.9800373921958868,19.0,0.019,65.0,42250.0,35.0,30.0,4.0,15.0,24781.0,23969.0,810.0,717.375,390.0,482.625,42250.0,422.50000000000006,100.0,1000,1,999,0.10734441701788455,934,0,1,0,0,0,0,0,0,0,0,0,0,0,3,0,32,0,0,0,0,0,0,0,0,0,0,0,0,0,0,3,27,0.5546326637268066,-0.027995344251394272,1.171258807182312,0.22634950280189514,0.013259999999999997
622,49162.0,534.0,49696.0,49696.0,0.9892546683837733,10.0,0.01,63.0,42862.0,33.0,30.0,8.0,2.0,25323.0,23839.0,362.0,930.75,32.0,269.25,42862.0,428.61999999999955,100.0,1000,0,1000,0.10719862498808652,937,0,0,0,0,0,0,0,0,0,0,0,0,0,5,0,28,0,0,0,0,0,1,0,0,0,0,1,0,1,0,1,26,0.43558618426322937,-0.028991922736167908,0.9355112314224243,0.24011819064617157,0.013232999999999998
623,49716.0,1047.0,50763.0,50763.0,0.979374741445541,8.0,0.008,65.0,43216.0,35.0,30.0,2.0,6.0,25655.0,24061.0,757.125,956.0,442.875,244.0,43216.0,432.16000000000037,100.0,1000,0,1000,0.1091482499614358,935,0,0,0,0,0,0,0,0,0,0,0,0,0,3,1,31,0,0,0,0,0,0,1,0,0,0,0,0,0,0,3,26,0.5098545551300049,-0.09802164137363434,1.221474528312683,0.21665139496326447,0.013205999999999999
624,48186.0,1883.0,50069.0,50069.0,0.9623918991791328,32.0,0.032,58.0,42386.0,28.0,30.0,19.0,13.0,24683.0,23503.0,494.375,612.0,705.625,588.0,42386.0,423.8600000000001,100.0,1000,1,999,0.10738129098899662,940,1,0,0,0,0,0,0,0,0,0,0,0,0,5,0,23,0,0,0,0,0,0,0,0,0,0,0,0,0,0,2,29,0.39988744258880615,-0.04549362510442734,0.8984228372573853,0.29063916206359863,0.013179
625,49727.0,354.0,50081.0,50081.0,0.9929314510493001,8.0,0.008,63.0,43427.0,31.0,32.0,8.0,0.0,24860.0,24867.0,1068.0,528.0,132.0,672.0,43427.0,434.2700000000003,100.0,1000,0,1000,0.10680616705212742,936,0,0,0,0,0,0,0,0,0,0,0,0,0,1,1,29,0,0,0,0,0,0,0,1,0,0,0,0,0,0,0,32,0.48488759994506836,-0.032560817897319794,1.0405272245407104,0.21404987573623657,0.013152
626,48383.0,1173.0,49556.0,49556.0,0.9763298087012673,22.0,0.022,58.0,42583.0,27.0,31.0,11.0,11.0,23676.0,24707.0,205.125,1033.0,994.875,167.0,42583.0,425.8300000000006,100.0,1000,2,998,0.10895304102450609,939,0,0,0,1,0,0,0,0,1,0,0,0,1,2,0,24,0,0,0,0,0,0,0,0,0,0,0,0,0,0,2,30,0.6553103923797607,0.043624985963106155,1.2302933931350708,0.2637196481227875,0.013124999999999998
627,48297.0,1249.0,49546.0,49546.0,0.9747911032172123,25.0,0.025,60.0,42297.0,28.0,32.0,20.0,5.0,25221.0,23076.0,613.0,629.0,587.0,571.0,42297.0,422.9700000000007,100.0,1000,0,1000,0.1068819579668343,939,0,0,0,0,0,0,0,0,0,0,0,0,0,2,0,26,0,0,0,0,0,0,1,0,0,0,0,0,0,0,1,31,0.8520787358283997,-0.017339032143354416,1.746241807937622,0.28272438049316406,0.013097999999999999
628,50227.0,471.0,50698.0,50698.0,0.9907096926900469,8.0,0.008,62.0,44027.0,30.0,32.0,2.0,6.0,24891.0,25336.0,626.0,323.0,574.0,0.0,44027.0,440.2700000000002,100.0,1000,1,999,0.10695595806464553,938,0,0,0,0,0,0,1,0,0,1,0,0,0,3,1,24,0,0,0,0,0,0,0,0,0,0,0,0,0,0,4,28,0.8387011885643005,0.025564588606357574,1.6334291696548462,0.2737385332584381,0.013071
629,48664.0,738.0,49402.0,49402.0,0.985061333549249,14.0,0.014,63.0,42364.0,32.0,31.0,7.0,7.0,24548.0,24116.0,719.0,708.0,481.0,492.0,42364.0,423.6399999999997,100.0,1000,0,1000,0.10761187504976988,936,0,0,0,0,0,0,0,0,0,0,0,1,1,4,1,26,0,0,0,0,0,0,0,0,0,0,0,0,0,0,1,30,0.3641505241394043,-0.06412944197654724,0.8633150458335876,0.2589356601238251,0.013044
630,49342.0,735.0,50077.0,50077.0,0.9853226031910858,15.0,0.015,59.0,43442.0,34.0,25.0,1.0,14.0,24958.0,24384.0,952.0,595.0,248.0,605.0,43442.0,434.42,100.0,1000,2,998,0.1089159999974072,938,0,0,0,1,0,0,0,0,0,0,0,0,0,2,0,31,0,0,0,0,0,0,0,0,1,0,0,0,0,0,0,27,0.5266335606575012,-0.11938174068927765,1.2984179258346558,0.245345801115036,0.013016999999999997
631,49761.0,1372.0,51133.0,51133.0,0.9731680128292883,21.0,0.021,61.0,43661.0,32.0,29.0,11.0,10.0,24316.0,25445.0,996.0,499.0,204.0,701.0,43661.0,436.6099999999997,100.0,1000,2,998,0.10614133393391967,938,0,0,0,0,0,0,0,0,0,0,0,0,1,2,0,29,0,0,0,0,0,0,0,0,0,0,1,0,0,0,1,28,1.0322295427322388,-0.024292485788464546,2.1192193031311035,0.2376948744058609,0.012989999999999998
632,50211.0,197.0,50408.0,50408.0,0.9960918901761625,4.0,0.004,63.0,43911.0,35.0,28.0,1.0,3.0,25697.0,24514.0,530.0,752.0,670.0,448.0,43911.0,439.11000000000064,100.0,1000,0,1000,0.10885637497995049,936,0,0,0,0,0,0,0,0,0,0,0,0,0,3,1,31,0,0,0,0,0,0,0,0,1,0,0,0,0,0,0,28,0.45755407214164734,-0.023195624351501465,0.9679639935493469,0.2493492066860199,0.012962999999999999
633,47987.0,570.0,48557.0,48557.0,0.9882612187738122,11.0,0.011,60.0,41987.0,31.0,29.0,5.0,6.0,23988.0,23999.0,368.0,1130.0,832.0,70.0,41987.0,419.87000000000023,100.0,1000,0,1000,0.10873625008389354,940,0,0,0,0,0,0,0,0,0,0,0,0,1,1,0,29,0,0,0,0,0,0,0,0,0,0,0,0,0,0,0,29,0.39340871572494507,-0.04118052124977112,0.8745225071907043,0.20655733346939087,0.012936
634,49045.0,832.0,49877.0,49877.0,0.9833189646530465,14.0,0.014,61.0,42945.0,31.0,30.0,6.0,8.0,24740.0,24305.0,341.0,852.0,859.0,348.0,42945.0,429.4500000000003,100.0,1000,1,999,0.10940870898775756,939,0,0,0,0,0,0,0,0,0,1,0,0,0,3,0,27,0,0,0,0,0,0,0,0,0,0,0,0,0,0,2,28,0.7351167798042297,0.03013421781361103,1.4170409440994263,0.2740662097930908,0.012909
635,49471.0,1405.0,50876.0,50876.0,0.9723838352071704,16.0,0.016,58.0,43671.0,27.0,31.0,13.0,3.0,24525.0,24946.0,545.0,514.0,655.0,686.0,43671.0,436.71000000000015,100.0,1000,0,1000,0.10932645795401186,942,0,0,0,0,0,0,0,0,0,0,0,0,0,4,0,23,0,0,0,0,0,0,0,0,0,0,0,0,1,0,1,29,1.205825924873352,-0.016956137493252754,2.4520246982574463,0.2507671117782593,0.012881999999999998
636,50053.0,755.0,50808.0,50808.0,0.9851401354117462,9.0,0.009,60.0,44053.0,29.0,31.0,2.0,7.0,24730.0,25323.0,100.75,1039.0,1099.25,110.6875,44053.0,440.52999999999986,100.0,1000,0,1000,0.10680958302691579,938,0,0,0,0,0,0,0,0,0,0,0,0,0,1,1,27,0,0,0,0,1,0,0,0,0,0,0,0,0,0,4,28,0.4260466992855072,-0.0154946343973279,0.8900734186172485,0.2719075679779053,0.012854999999999998
637,48884.0,818.0,49702.0,49702.0,0.9835419097823025,16.0,0.016,62.0,42684.0,31.0,31.0,9.0,7.0,24154.0,24730.0,804.0,898.0,396.0,302.0,42684.0,426.8399999999997,100.0,1000,0,1000,0.10937991598621011,935,0,0,0,0,0,0,0,0,0,0,0,0,0,5,1,27,0,0,0,0,0,0,0,0,0,0,0,0,0,0,1,31,0.321209192276001,-0.10027700662612915,0.8501648902893066,0.2803424596786499,0.012827999999999999
638,49104.0,879.0,49983.0,49983.0,0.9824140207670607,15.0,0.015,56.0,43504.0,29.0,27.0,3.0,12.0,23746.0,25358.0,581.0,309.0,619.0,891.0,43504.0,435.03999999999905,100.0,1000,0,1000,0.10701554198749363,944,0,0,0,0,0,0,0,0,0,0,0,0,0,2,1,26,0,0,0,0,0,0,0,0,0,0,0,0,0,0,2,25,0.44632041454315186,-0.11176909506320953,1.12325918674469,0.27654945850372314,0.012801
639,48996.0,824.0,49820.0,49820.0,0.9834604576475311,13.0,0.013,59.0,43096.0,29.0,30.0,7.0,6.0,24841.0,24155.0,635.0,747.0,565.0,453.0,43096.0,430.9600000000005,100.0,1000,0,1000,0.10719783301465213,939,0,0,0,0,0,0,0,0,1,0,0,0,0,2,0,28,0,0,0,0,0,0,0,0,0,0,0,0,0,0,0,30,1.1719497442245483,0.1041070967912674,2.1426985263824463,0.2745155394077301,0.012773999999999997
640,48511.0,1139.0,49650.0,49650.0,0.9770594159113797,13.0,0.013,58.0,42711.0,31.0,27.0,4.0,9.0,24043.0,24468.0,403.0,1086.0,797.0,114.0,42711.0,427.1099999999993,100.0,1000,1,999,0.10656741703860462,942,0,0,0,0,0,0,0,0,0,0,0,0,0,1,1,29,0,0,0,0,0,0,0,0,0,0,0,0,0,0,1,26,0.9959452748298645,-0.006256701424717903,2.011906385421753,0.29428431391716003,0.012746999999999998
641,49870.0,129.0,49999.0,49999.0,0.997419948398968,3.0,0.003,64.0,43470.0,33.0,31.0,1.0,2.0,24746.0,25124.0,763.0,686.0,437.0,514.0,43470.0,434.6999999999992,100.0,1000,0,1000,0.10719687503296882,936,0,0,0,0,0,0,0,0,0,0,0,0,0,2,1,30,0,0,0,0,0,0,0,0,0,0,0,0,0,0,1,30,0.7593412399291992,-0.015659742057323456,1.5563865900039673,0.2509670555591583,0.012719999999999999
642,48390.0,747.0,49137.0,49137.0,0.9847976066914952,14.0,0.014,60.0,42390.0,31.0,29.0,6.0,8.0,23582.0,24808.0,546.0,1102.3125,654.0,97.6875,42390.0,423.9000000000003,100.0,1000,1,999,0.10713220899924636,939,0,0,0,0,0,0,0,0,0,0,0,0,0,4,0,27,0,0,0,0,0,0,0,0,0,0,0,0,0,1,1,28,0.8834643363952637,0.07474060356616974,1.6248129606246948,0.2901389002799988,0.012693
643,49521.0,443.0,49964.0,49964.0,0.9911336162036667,7.0,0.007,62.0,43321.0,32.0,30.0,4.0,3.0,25974.0,23547.0,538.0,729.9375,662.0,470.0625,43321.0,433.2099999999994,100.0,1000,3,997,0.10752583295106888,938,0,0,0,0,0,0,0,0,0,0,0,0,0,1,0,31,0,0,0,0,0,0,0,0,0,0,0,0,0,0,3,27,0.3652515709400177,-0.060604456812143326,0.8587158918380737,0.2764826714992523,0.012666
644,48447.0,464.0,48911.0,48911.0,0.990513381447936,12.0,0.012,61.0,42347.0,28.0,33.0,12.0,0.0,24259.0,24188.0,925.875,341.375,274.125,858.625,42347.0,423.4700000000004,100.0,1000,1,999,0.10665900004096329,938,0,0,0,0,1,0,0,0,1,0,0,0,0,2,0,25,0,0,1,0,0,0,0,0,0,0,1,0,1,0,0,30,0.42457014322280884,-0.0002549372729845345,0.8566313982009888,0.2761802077293396,0.012638999999999997
645,49806.0,553.0,50359.0,50359.0,0.9890188446950893,11.0,0.011,66.0,43206.0,30.0,36.0,8.0,3.0,24061.0,25745.0,725.0,595.0,475.0,605.0,43206.0,432.0600000000005,100.0,1000,2,998,0.10679850005544722,933,0,0,0,0,0,0,0,0,0,0,0,0,0,2,0,29,0,0,0,0,0,0,0,0,0,0,0,0,0,0,2,34,0.35682037472724915,-0.00471503147855401,0.729775071144104,0.26578855514526367,0.012611999999999998
646,50380.0,351.0,50731.0,50731.0,0.9930811535353137,5.0,0.005,62.0,44180.0,33.0,29.0,4.0,1.0,25310.0,25070.0,440.4375,964.0,759.5625,236.0,44180.0,441.7999999999998,100.0,1000,2,998,0.10693299991544336,936,0,0,0,0,1,0,0,0,0,0,0,0,1,1,0,30,0,0,0,0,0,0,0,0,0,0,0,0,0,0,1,30,0.777316153049469,0.01944415643811226,1.5221692323684692,0.25527501106262207,0.012584999999999999
647,50449.0,774.0,51223.0,51223.0,0.9848896003748316,12.0,0.012,61.0,44349.0,31.0,30.0,3.0,9.0,25324.0,25125.0,592.0,933.0,608.0,267.0,44349.0,443.4899999999995,100.0,1000,2,998,0.10660450009163469,937,0,0,0,0,0,0,0,0,0,0,0,0,1,1,0,30,0,0,0,0,0,0,0,0,0,0,1,0,0,0,0,30,0.7904096841812134,0.053407710045576096,1.4810330867767334,0.2798687219619751,0.012558
648,48839.0,662.0,49501.0,49501.0,0.9866265327973173,13.0,0.013,65.0,42339.0,38.0,27.0,5.0,8.0,25544.0,23295.0,923.0,574.0,277.0,626.0,42339.0,423.3900000000003,100.0,1000,0,1000,0.10706850001588464,935,0,0,0,0,0,0,0,0,0,0,0,0,0,5,1,32,0,0,0,0,0,0,0,0,1,0,0,0,0,0,2,24,0.48192426562309265,0.013582543469965458,0.9426002502441406,0.23608826100826263,0.012530999999999997
649,51156.0,769.0,51925.0,51925.0,0.9851901781415503,13.0,0.013,67.0,44456.0,34.0,33.0,5.0,8.0,25315.0,25841.0,656.0,374.0,544.0,28.0,44456.0,444.55999999999955,100.0,1000,0,1000,0.10925874998793006,932,0,0,0,0,1,0,0,0,0,0,0,0,0,1,1,31,0,0,0,0,0,0,0,0,0,0,0,0,1,0,1,32,0.3837534189224243,-0.022609520703554153,0.8191162347793579,0.2555309534072876,0.012503999999999998
650,51408.0,573.0,51981.0,51981.0,0.9889767415017026,10.0,0.01,64.0,45008.0,32.0,32.0,1.0,9.0,25058.0,26350.0,108.0,1095.0,1092.0,105.0,45008.0,450.08,100.0,1000,0,1000,0.10707199992612004,935,0,0,0,0,0,0,0,0,0,0,0,0,2,3,0,27,0,0,0,0,0,0,0,0,0,0,0,0,0,0,2,31,1.0797981023788452,0.16734789311885834,1.8308507204055786,0.23844334483146667,0.012476999999999999
651,49073.0,357.0,49430.0,49430.0,0.9927776653853935,6.0,0.006,60.0,43073.0,31.0,29.0,2.0,4.0,24574.0,24499.0,1099.0,411.0,101.0,789.0,43073.0,430.7299999999996,100.0,1000,0,1000,0.10693841706961393,940,0,0,0,0,0,0,0,0,1,0,0,0,0,2,0,28,0,0,0,0,0,0,0,0,0,0,0,0,0,0,2,27,0.6399524211883545,0.013376046903431416,1.2589455842971802,0.23264269530773163,0.01245
652,48468.0,352.0,48820.0,48820.0,0.9927898402294142,8.0,0.008,57.0,42768.0,26.0,31.0,4.0,4.0,23485.0,24983.0,820.0,1067.0,380.0,133.0,42768.0,427.6799999999998,100.0,1000,0,1000,0.10885470791254193,943,0,0,0,0,0,0,0,0,0,0,0,0,0,1,0,25,0,0,0,0,0,0,0,0,0,0,0,0,0,0,1,30,1.0091825723648071,0.09045291692018509,1.843288779258728,0.23462747037410736,0.012423
653,47635.0,926.0,48561.0,48561.0,0.9809311999341035,14.0,0.014,59.0,41735.0,31.0,28.0,9.0,5.0,23925.0,23710.0,838.0,858.0,362.0,342.0,41735.0,417.3500000000006,100.0,1000,0,1000,0.10687079094350338,938,0,0,0,0,0,0,0,0,0,0,0,0,0,5,0,27,0,0,0,0,0,0,0,0,0,0,0,0,0,0,1,29,0.7847138047218323,0.041666943579912186,1.4909008741378784,0.19390016794204712,0.012395999999999997
654,48547.0,812.0,49359.0,49359.0,0.9835490994550132,18.0,0.018,66.0,41947.0,38.0,28.0,7.0,11.0,25098.0,23449.0,961.0,547.0,239.0,653.0,41947.0,419.46999999999997,100.0,1000,0,1000,0.10644650005269796,933,0,0,0,0,0,0,0,0,0,0,0,1,0,1,0,36,0,0,0,0,0,0,0,0,0,0,0,0,0,0,2,27,0.9615738391876221,0.0773749127984047,1.7744250297546387,0.24364322423934937,0.012368999999999998
655,48841.0,566.0,49407.0,49407.0,0.9885441334223896,8.0,0.008,59.0,42941.0,27.0,32.0,5.0,3.0,24355.0,24486.0,353.0,955.0,847.0,245.0,42941.0,429.40999999999974,100.0,1000,1,999,0.1093978330027312,938,0,0,0,0,0,0,0,1,0,0,0,0,0,2,0,25,0,0,0,0,0,0,0,0,0,0,0,0,0,0,3,31,0.423698753118515,-0.044531792402267456,0.9411811828613281,0.19122080504894257,0.012341999999999999
656,49130.0,433.0,49563.0,49563.0,0.9912636442507515,9.0,0.009,63.0,42830.0,31.0,32.0,2.0,7.0,24793.0,24337.0,189.0,980.25,61.0,219.75,42830.0,428.2999999999997,100.0,1000,2,998,0.10677149996627122,936,0,0,0,0,0,1,0,0,0,0,0,0,1,1,1,27,0,0,0,0,0,0,0,0,0,0,0,1,0,0,2,30,0.597968578338623,0.0558614656329155,1.089765191078186,0.2253747135400772,0.012315
657,47979.0,737.0,48716.0,48716.0,0.9848715001231628,11.0,0.011,54.0,42579.0,28.0,26.0,6.0,5.0,24331.0,23648.0,774.0,355.0,426.0,845.0,42579.0,425.78999999999985,100.0,1000,0,1000,0.10695316607598215,946,0,0,0,0,0,0,0,0,0,0,0,0,0,0,0,28,0,0,0,0,0,0,0,0,0,0,0,0,0,0,0,26,1.149661898612976,0.03605228289961815,2.2327725887298584,0.22595933079719543,0.012287999999999997
658,49382.0,1292.0,50674.0,50674.0,0.9745036902553578,25.0,0.025,60.0,43382.0,32.0,28.0,8.0,17.0,24530.0,24852.0,824.75,307.0,375.25,893.0,43382.0,433.8199999999997,100.0,1000,1,999,0.10907191701699048,939,0,0,0,1,1,0,0,0,0,0,0,1,0,1,0,28,0,0,0,0,1,0,0,0,0,0,0,0,0,0,2,26,0.5084436535835266,-0.07083366811275482,1.1654548645019531,0.28138935565948486,0.012260999999999998
659,48523.0,1324.0,49847.0,49847.0,0.9734387224908219,19.0,0.019,61.0,42423.0,28.0,33.0,16.0,3.0,25250.0,23273.0,846.0,1094.0,354.0,106.0,42423.0,424.22999999999973,100.0,1000,1,999,0.10720962507184595,936,0,0,0,0,0,0,0,0,0,0,0,1,0,0,0,29,0,0,0,0,1,0,0,0,0,0,0,0,0,0,1,32,0.8850235342979431,-0.015580035746097565,1.806949257850647,0.23467499017715454,0.012233999999999998
660,50641.0,1030.0,51671.0,51671.0,0.9800661879971357,9.0,0.009,60.0,44641.0,28.0,32.0,3.0,6.0,24039.0,26602.0,517.0,653.0,683.0,547.0,44641.0,446.40999999999957,100.0,1000,0,1000,0.1060649590799585,938,0,0,0,0,0,0,0,0,0,0,0,0,0,0,0,28,0,0,0,0,0,0,0,0,0,0,0,0,0,0,0,34,0.7701500654220581,-0.01834133081138134,1.5825237035751343,0.2269563376903534,0.012206999999999999
661,49734.0,518.0,50252.0,50252.0,0.9896919525591021,9.0,0.009,60.0,43734.0,27.0,33.0,6.0,3.0,24331.0,25403.0,253.0,672.0,0.0,528.0,43734.0,437.34000000000026,100.0,1000,0,1000,0.10856791690457612,939,0,0,0,0,0,0,0,0,0,0,0,0,0,3,0,24,0,0,0,0,0,0,0,0,0,0,0,0,0,0,2,32,0.3349141776561737,-0.11655168235301971,0.9090642333030701,0.2517453134059906,0.01218
662,49853.0,1252.0,51105.0,51105.0,0.9755014186478818,21.0,0.021,57.0,44153.0,29.0,28.0,13.0,8.0,25394.0,24459.0,920.375,558.0,279.625,642.0,44153.0,441.52999999999986,100.0,1000,0,1000,0.1092640410643071,943,0,0,0,0,0,0,0,0,0,0,0,0,0,1,0,28,0,0,0,0,0,0,0,0,0,0,0,0,0,0,1,27,0.4272814691066742,-0.03657519444823265,0.9339396357536316,0.25616371631622314,0.012152999999999997
663,49514.0,1223.0,50737.0,50737.0,0.9758953032303841,14.0,0.014,59.0,43614.0,28.0,31.0,11.0,3.0,26379.0,23135.0,316.0,965.0,884.0,235.0,43614.0,436.14000000000055,100.0,1000,1,999,0.10674408299382776,937,0,0,0,0,0,0,0,0,0,0,0,0,0,0,0,28,0,0,0,0,0,0,0,0,0,0,0,0,0,0,2,33,1.5303393602371216,0.1059470847249031,2.8544254302978516,0.23260149359703064,0.012125999999999998
664,49029.0,703.0,49732.0,49732.0,0.9858642322850478,12.0,0.012,56.0,43429.0,27.0,29.0,7.0,5.0,24920.0,24109.0,401.0,670.0,799.0,530.0,43429.0,434.2900000000001,100.0,1000,1,999,0.10660112497862428,942,0,0,0,1,0,0,0,0,0,0,0,0,0,1,0,27,0,0,0,0,0,0,0,0,0,0,0,0,0,0,2,27,0.24458754062652588,-0.07371905446052551,0.6429934501647949,0.2636694610118866,0.012098999999999999
665,47997.0,1239.0,49236.0,49236.0,0.9748354862295882,15.0,0.015,62.0,41797.0,29.0,33.0,8.0,7.0,23680.0,24317.0,497.0,947.0,703.0,253.0,41797.0,417.9700000000003,100.0,1000,0,1000,0.10642004199326038,938,0,0,0,1,0,0,0,0,0,0,0,0,0,0,0,28,0,0,0,0,0,0,0,0,0,0,0,0,0,0,4,29,0.2787662744522095,-0.10104534775018692,0.7648336291313171,0.21580436825752258,0.012072
666,48199.0,632.0,48831.0,48831.0,0.9870574020601667,11.0,0.011,56.0,42599.0,26.0,30.0,7.0,4.0,23533.0,24666.0,1039.0,8.0,161.0,1192.0,42599.0,425.9899999999995,100.0,1000,0,1000,0.10896804102230817,943,0,0,0,0,0,0,0,0,0,0,0,0,0,1,0,25,0,0,0,0,1,0,0,0,0,0,0,0,0,0,3,27,1.1601494550704956,0.03984404727816582,2.2467355728149414,0.2542470097541809,0.012044999999999997
667,50204.0,674.0,50878.0,50878.0,0.9867526239238964,12.0,0.012,61.0,44104.0,35.0,26.0,2.0,10.0,25127.0,25077.0,818.0,929.0,382.0,271.0,44104.0,441.04000000000036,100.0,1000,3,997,0.10659829201176763,938,0,0,0,0,0,0,0,1,0,0,0,1,1,2,0,31,0,0,0,0,0,0,0,0,0,0,0,0,0,0,4,22,1.2603085041046143,-0.0006382341962307692,2.5276031494140625,0.23754097521305084,0.012017999999999997
668,50087.0,576.0,50663.0,50663.0,0.9886307561731441,9.0,0.009,61.0,43987.0,32.0,29.0,2.0,7.0,25805.0,24282.0,162.0,859.0,144.625,341.0,43987.0,439.87,100.0,1000,0,1000,0.10858875000849366,939,0,0,0,0,0,0,0,0,0,0,0,0,0,1,1,30,0,0,0,0,0,0,0,0,0,0,0,0,0,0,1,28,0.6931771636009216,0.03269261494278908,1.3255599737167358,0.1914280205965042,0.011990999999999998
669,48465.0,1315.0,49780.0,49780.0,0.9735837685817598,23.0,0.023,56.0,42865.0,26.0,30.0,9.0,14.0,22923.0,25542.0,682.0,408.0,518.0,792.0,42865.0,428.6500000000008,100.0,1000,0,1000,0.10857945901807398,944,0,0,0,0,0,0,0,0,0,0,0,0,0,0,0,26,0,0,0,0,0,0,0,0,1,0,1,0,0,0,0,28,0.6956545114517212,-0.021111533045768738,1.4391471147537231,0.23466359078884125,0.011963999999999999
670,47137.0,2033.0,49170.0,49170.0,0.9586536505999593,23.0,0.023,55.0,41637.0,28.0,27.0,13.0,10.0,23302.0,23835.0,676.0,712.375,524.0,487.625,41637.0,416.3699999999999,100.0,1000,1,999,0.10686212498694658,944,0,0,0,0,1,0,0,0,0,0,0,0,0,1,0,27,0,0,0,0,0,0,0,0,0,0,0,0,0,0,2,25,0.948832094669342,-0.018984798341989517,1.9420928955078125,0.2705516517162323,0.011937
671,49687.0,970.0,50657.0,50657.0,0.9808516098466155,13.0,0.013,59.0,43787.0,29.0,30.0,11.0,2.0,24516.0,25171.0,884.0,686.0,316.0,514.0,43787.0,437.86999999999995,100.0,1000,1,999,0.10656654206104577,938,0,0,0,1,0,0,0,0,0,0,0,0,0,1,0,27,0,0,0,0,0,0,0,0,0,0,0,0,0,0,1,32,1.1551105976104736,0.036661650985479355,2.242220640182495,0.22345557808876038,0.011909999999999997
672,50355.0,573.0,50928.0,50928.0,0.988748821866164,10.0,0.01,61.0,44255.0,31.0,30.0,4.0,6.0,25358.0,24997.0,505.0,1015.0,695.0,185.0,44255.0,442.5500000000003,100.0,1000,0,1000,0.10878345801029354,938,0,0,0,0,0,0,0,0,0,0,0,0,1,2,0,28,0,0,0,0,0,0,0,0,0,0,0,0,0,0,2,29,0.41361120343208313,-0.061628881841897964,0.9562243819236755,0.2416982650756836,0.011882999999999998
673,49145.0,424.0,49569.0,49569.0,0.9914462668199883,7.0,0.007,60.0,43145.0,31.0,29.0,5.0,2.0,24423.0,24722.0,763.5,355.0,436.5,845.0,43145.0,431.4500000000002,100.0,1000,0,1000,0.10709808301180601,940,0,0,0,1,0,0,0,0,0,0,0,0,1,0,2,27,0,0,0,0,0,0,0,0,0,0,0,0,0,0,1,28,0.6832283139228821,0.04486118629574776,1.2825164794921875,0.24385526776313782,0.011855999999999998
674,49610.0,871.0,50481.0,50481.0,0.9827459836374082,16.0,0.016,59.0,43710.0,30.0,29.0,10.0,6.0,25227.0,24383.0,610.0,960.0,590.0,240.0,43710.0,437.09999999999974,100.0,1000,1,999,0.10663750011008233,940,0,0,0,0,0,0,0,0,0,0,0,0,0,0,1,29,0,0,0,0,0,0,0,0,0,0,0,0,0,0,0,30,0.7255685925483704,-0.010501868091523647,1.478810429573059,0.2819138765335083,0.011829
675,49332.0,919.0,50251.0,50251.0,0.9817118067302143,15.0,0.015,63.0,43032.0,32.0,31.0,13.0,2.0,24597.0,24735.0,1175.0,724.0,25.0,476.0,43032.0,430.31999999999994,100.0,1000,1,999,0.10991304204799235,935,0,0,0,0,0,0,0,0,0,0,0,0,0,0,0,33,0,0,0,0,0,0,0,0,0,0,0,0,0,0,3,29,0.3164992332458496,-0.04384463652968407,0.726214587688446,0.23414824903011322,0.011801999999999997
676,49116.0,997.0,50113.0,50113.0,0.980104962784108,15.0,0.015,55.0,43616.0,27.0,28.0,11.0,4.0,24978.0,24138.0,1060.0,713.8125,140.0,486.1875,43616.0,436.1599999999993,100.0,1000,0,1000,0.10698658402543515,942,0,0,0,0,0,0,0,0,0,0,0,0,0,0,0,30,0,0,0,0,0,0,0,0,0,0,0,0,1,0,3,24,0.5402148365974426,0.04541926458477974,0.9958800077438354,0.26704150438308716,0.011774999999999997
677,47579.0,1160.0,48739.0,48739.0,0.976199757894089,20.0,0.02,62.0,41379.0,33.0,29.0,17.0,3.0,23756.0,23823.0,705.0,135.9375,0.0,116.0,41379.0,413.79000000000076,100.0,1000,2,998,0.10883975005708635,938,0,0,0,0,0,0,0,0,0,0,0,0,0,3,0,30,0,0,0,0,0,0,0,0,0,0,0,0,0,1,2,26,1.1046152114868164,0.08162130415439606,2.051502227783203,0.23469945788383484,0.011747999999999998
678,48277.0,460.0,48737.0,48737.0,0.9905615856536102,8.0,0.008,58.0,42477.0,32.0,26.0,5.0,3.0,24404.0,23873.0,1151.0,243.0,49.0,957.0,42477.0,424.7700000000002,100.0,1000,0,1000,0.10694270802196115,942,0,0,0,1,0,0,0,0,0,0,0,0,0,0,0,31,0,0,0,0,0,0,0,0,1,0,0,0,0,0,1,24,0.45207735896110535,-0.05979270488023758,1.0301079750061035,0.2716422379016876,0.011720999999999999
679,50791.0,911.0,51702.0,51702.0,0.9823797918842598,12.0,0.012,67.0,44091.0,36.0,31.0,10.0,2.0,24500.0,26291.0,686.0,609.0,514.0,36.9375,44091.0,440.91000000000065,100.0,1000,1,999,0.10898333298973739,932,0,0,0,0,0,0,0,0,0,0,0,0,0,0,0,36,0,0,0,0,0,0,0,0,0,0,1,0,0,0,1,30,1.3720444440841675,0.18077392876148224,2.3878512382507324,0.22705355286598206,0.011694
680,49846.0,609.0,50455.0,50455.0,0.9879298384699237,10.0,0.01,59.0,43946.0,26.0,33.0,5.0,5.0,22819.0,27027.0,892.0,1043.0,308.0,157.0,43946.0,439.4599999999992,100.0,1000,2,998,0.1085242920089513,940,0,0,0,0,0,0,0,0,0,0,0,0,0,0,0,26,0,0,0,0,0,0,0,0,0,0,0,0,0,0,0,34,1.1019200086593628,0.11336762458086014,1.9824591875076294,0.22947052121162415,0.011666999999999997
681,50188.0,1358.0,51546.0,51546.0,0.9736545997749583,19.0,0.019,60.0,44188.0,30.0,30.0,12.0,7.0,24998.0,25190.0,434.0,675.0,32.0,525.0,44188.0,441.88000000000017,100.0,1000,1,999,0.10702104098163545,939,0,0,0,0,0,0,0,0,0,0,0,0,0,0,0,30,0,0,0,0,0,0,0,0,0,0,0,0,0,0,1,30,0.9511250257492065,0.05588354915380478,1.7962803840637207,0.24903059005737305,0.011639999999999998
682,49269.0,930.0,50199.0,50199.0,0.9814737345365445,17.0,0.017,57.0,43569.0,27.0,30.0,11.0,6.0,23929.0,25340.0,1124.0,484.0,76.0,37.0,43569.0,435.69000000000034,100.0,1000,0,1000,0.10737945802975446,941,0,0,0,0,0,0,0,0,0,0,0,0,0,1,0,27,0,0,0,0,0,0,0,0,0,0,0,0,0,0,1,30,1.2684478759765625,0.08292767405509949,2.3768153190612793,0.24863813817501068,0.011612999999999998
683,49008.0,567.0,49575.0,49575.0,0.9885627836611195,11.0,0.011,62.0,42808.0,32.0,30.0,8.0,3.0,25814.0,23194.0,164.0,1099.30078125,1036.0,100.69921875,42808.0,428.0800000000002,100.0,1000,3,997,0.1089732920518145,935,0,0,0,0,0,0,0,0,0,0,0,0,0,3,0,29,0,0,0,0,0,0,0,0,0,0,0,0,0,0,2,31,0.3845226764678955,-0.02158118598163128,0.8166294693946838,0.1908242553472519,0.011585999999999999
684,49645.0,454.0,50099.0,50099.0,0.9909379428731112,11.0,0.011,61.0,43545.0,30.0,31.0,6.0,5.0,25173.0,24472.0,880.0,922.0,0.0,278.0,43545.0,435.4499999999999,100.0,1000,1,999,0.10664237500168383,939,0,0,0,0,0,0,0,0,0,0,0,0,1,0,0,29,0,0,0,0,0,0,0,0,0,0,0,0,0,0,1,30,0.9308622479438782,0.05751063674688339,1.7508649826049805,0.18002305924892426,0.011558999999999996
685,47999.0,1385.0,49384.0,49384.0,0.9719544791835413,26.0,0.026,51.0,42899.0,26.0,25.0,8.0,18.0,23232.0,24767.0,631.0,509.0,569.0,691.0,42899.0,428.98999999999984,100.0,1000,2,998,0.10660904203541577,947,0,0,0,0,0,0,0,0,0,0,0,0,0,3,0,23,0,0,0,0,0,0,0,0,0,0,0,0,0,0,0,27,0.5750290751457214,0.00847981870174408,1.1391518115997314,0.26245784759521484,0.011531999999999997
686,48108.0,1628.0,49736.0,49736.0,0.9672671706610906,30.0,0.03,55.0,42608.0,27.0,28.0,18.0,12.0,23535.0,24573.0,922.0,372.625,278.0,0.0,42608.0,426.0799999999999,100.0,1000,1,999,0.10712045908439904,945,0,0,0,0,0,0,0,0,0,0,0,0,0,1,0,26,0,0,0,0,0,0,0,0,1,0,0,0,0,0,2,25,0.6608786582946777,0.07603409886360168,1.1758681535720825,0.2685401141643524,0.011504999999999998
687,49043.0,965.0,50008.0,50008.0,0.980703087505999,20.0,0.02,54.0,43643.0,26.0,28.0,14.0,6.0,23701.0,25342.0,917.0,427.0,283.0,773.0,43643.0,436.43,100.0,1000,1,999,0.10896320804022253,945,0,0,0,0,0,0,0,0,0,0,0,0,0,0,0,27,0,0,0,0,0,0,0,0,0,0,0,0,0,0,1,27,0.557144820690155,0.015216190367937088,1.0899707078933716,0.26631155610084534,0.011477999999999999
688,48390.0,1224.0,49614.0,49614.0,0.9753295440802999,20.0,0.02,61.0,42290.0,26.0,35.0,16.0,4.0,22030.0,26360.0,888.0,1068.0,312.0,132.0,42290.0,422.9000000000001,100.0,1000,2,998,0.10691299999598414,936,0,0,0,1,0,0,0,0,0,0,0,0,0,0,0,27,0,0,0,0,1,0,0,0,0,0,1,0,1,0,2,31,0.35318535566329956,-0.028705161064863205,0.768423855304718,0.2027255892753601,0.011450999999999996
689,48754.0,982.0,49736.0,49736.0,0.9802557503619109,15.0,0.015,58.0,42954.0,30.0,28.0,4.0,11.0,22828.0,25926.0,135.0,852.0,28.0,348.0,42954.0,429.5399999999991,100.0,1000,0,1000,0.1070266249589622,941,0,0,0,0,0,0,0,0,0,0,0,1,0,0,1,28,0,0,0,0,0,0,0,0,0,0,0,0,0,0,1,28,0.9011681079864502,0.002077423268929124,1.804044485092163,0.25661030411720276,0.011424
690,49877.0,861.0,50738.0,50738.0,0.9830304702589775,12.0,0.012,62.0,43677.0,31.0,31.0,6.0,6.0,24520.0,25357.0,338.0,988.0,862.0,212.0,43677.0,436.7700000000003,100.0,1000,0,1000,0.10687783290632069,937,0,0,0,0,0,0,0,0,0,0,0,0,0,0,1,30,0,0,0,0,0,0,0,0,0,0,0,0,0,0,0,32,0.6775985956192017,-0.030026407912373543,1.420172095298767,0.2159346640110016,0.011397000000000001
691,48704.0,645.0,49349.0,49349.0,0.9869298263389329,13.0,0.013,58.0,42904.0,31.0,27.0,3.0,10.0,24134.0,24570.0,950.0,938.0,250.0,262.0,42904.0,429.0400000000001,100.0,1000,0,1000,0.10856258298736066,942,0,0,0,0,0,0,0,0,0,0,0,0,1,1,0,29,0,0,0,0,0,0,0,0,0,0,0,0,1,0,0,26,0.6843714714050293,-0.039573218673467636,1.4526506662368774,0.20938003063201904,0.011370000000000002
692,48729.0,1175.0,49904.0,49904.0,0.9764547932029497,17.0,0.017,54.0,43329.0,25.0,29.0,7.0,10.0,22889.0,25840.0,654.75,760.0,545.25,440.0,43329.0,433.28999999999996,100.0,1000,0,1000,0.10700299998279661,944,0,0,0,0,0,0,0,0,0,0,0,0,0,0,1,26,0,0,0,0,0,0,0,0,0,0,0,0,0,0,2,27,0.6884658932685852,-0.03065984882414341,1.44389009475708,0.2485480010509491,0.011342999999999999
693,49890.0,569.0,50459.0,50459.0,0.9887235181038071,9.0,0.009,61.0,43790.0,29.0,32.0,6.0,3.0,26118.0,23772.0,408.0,439.0,0.0,761.0,43790.0,437.8999999999998,100.0,1000,1,999,0.1073074999731034,937,0,0,0,0,0,0,0,0,1,0,0,0,2,0,0,26,0,0,0,0,0,0,0,0,0,0,0,0,0,0,1,33,0.19858483970165253,-0.02997622638940811,0.4625236988067627,0.23867015540599823,0.011316
694,48929.0,741.0,49670.0,49670.0,0.9850815381518019,12.0,0.012,58.0,43129.0,29.0,29.0,11.0,1.0,24011.0,24918.0,917.0,861.0,283.0,339.0,43129.0,431.29000000000093,100.0,1000,0,1000,0.10918549995403737,938,0,0,0,0,0,0,1,0,0,0,0,0,0,1,1,27,0,0,0,0,0,0,0,0,0,0,0,0,0,0,1,31,0.5774312019348145,0.006463194731622934,1.1467781066894531,0.21446096897125244,0.011289
695,49880.0,416.0,50296.0,50296.0,0.9917289645299825,7.0,0.007,58.0,44080.0,29.0,29.0,2.0,5.0,23481.0,26399.0,710.0,495.0,490.0,0.0,44080.0,440.80000000000035,100.0,1000,0,1000,0.10938966600224376,941,0,0,0,0,0,0,0,0,0,0,0,0,0,0,0,29,0,0,0,0,0,0,0,0,0,0,0,0,0,0,0,30,0.4953834116458893,-0.08171134442090988,1.1590385437011719,0.21528120338916779,0.011262000000000001
696,49046.0,1262.0,50308.0,50308.0,0.9749145265166574,22.0,0.022,55.0,43546.0,28.0,27.0,10.0,12.0,24688.0,24358.0,1028.0,837.0,172.0,363.0,43546.0,435.45999999999987,100.0,1000,0,1000,0.10734445799607784,944,0,0,0,0,0,0,0,0,0,0,0,0,0,2,0,27,0,0,0,0,0,0,0,0,0,0,0,0,0,0,0,27,0.3357390761375427,-0.019751232117414474,0.7151159048080444,0.18403637409210205,0.011235000000000002
697,48707.0,2042.0,50749.0,50749.0,0.9597627539458906,35.0,0.035,54.0,43307.0,28.0,26.0,19.0,16.0,24317.0,24390.0,345.75,617.0,0.0,583.0,43307.0,433.0700000000001,100.0,1000,0,1000,0.1068103340221569,945,0,0,0,1,0,0,0,0,0,0,0,2,1,1,0,23,0,0,0,0,0,0,0,0,0,0,0,0,0,0,0,27,1.0390814542770386,0.10031858831644058,1.8833231925964355,0.25862228870391846,0.011208
698,48868.0,868.0,49736.0,49736.0,0.9825478526620557,15.0,0.015,55.0,43368.0,28.0,27.0,6.0,9.0,24350.0,24518.0,538.0,680.0,662.0,520.0,43368.0,433.67999999999995,100.0,1000,0,1000,0.10708225006237626,943,0,0,0,0,0,0,0,0,0,0,0,0,0,1,2,26,0,0,0,0,0,0,0,0,0,0,0,0,0,0,0,28,0.3444185256958008,-0.042150940746068954,0.7776502966880798,0.20174086093902588,0.011181
699,47432.0,1526.0,48958.0,48958.0,0.9688304260794968,21.0,0.021,51.0,42332.0,24.0,27.0,13.0,8.0,24066.0,23366.0,725.0,1036.375,475.0,163.625,42332.0,423.32000000000033,100.0,1000,0,1000,0.10672700009308755,946,0,0,0,0,0,0,0,0,0,0,0,0,0,0,0,26,0,0,0,0,0,0,0,0,0,0,0,0,0,0,1,27,0.6815299391746521,0.005449761636555195,1.3576363325119019,0.2454727441072464,0.011154
700,47387.0,1124.0,48511.0,48511.0,0.9768299973201954,18.0,0.018,55.0,41887.0,27.0,28.0,15.0,3.0,24614.0,22773.0,311.0,953.0,889.0,247.0,41887.0,418.87000000000046,100.0,1000,0,1000,0.10726466705091298,944,0,0,0,0,0,0,0,0,0,0,0,0,0,0,0,27,0,0,0,0,0,0,0,0,0,0,0,0,0,0,1,28,0.7268239259719849,-0.006186170969158411,1.4711228609085083,0.2292930632829666,0.011127000000000001
701,48862.0,717.0,49579.0,49579.0,0.985538231912705,12.0,0.012,56.0,43262.0,29.0,27.0,11.0,1.0,25410.0,23452.0,473.0,800.0,727.0,400.0,43262.0,432.61999999999927,100.0,1000,2,998,0.10843683301936835,943,0,0,0,0,0,0,0,0,0,0,0,0,0,0,0,30,0,0,0,0,0,0,0,0,0,0,0,0,0,0,2,25,0.9144115447998047,0.07658571004867554,1.6807126998901367,0.2279750555753708,0.011099999999999999
702,49973.0,1062.0,51035.0,51035.0,0.9791907514450867,17.0,0.017,55.0,44473.0,26.0,29.0,5.0,12.0,23183.0,26790.0,648.0,798.0,552.0,402.0,44473.0,444.73000000000013,100.0,1000,0,1000,0.10642816696781665,942,0,0,0,0,0,0,0,0,0,0,0,0,0,0,1,26,0,0,0,0,0,0,0,0,2,0,0,0,0,0,1,28,0.7099952101707458,0.050903044641017914,1.3239835500717163,0.2618599534034729,0.011073
703,50396.0,748.0,51144.0,51144.0,0.9853746284999217,9.0,0.009,59.0,44496.0,29.0,30.0,5.0,4.0,24789.0,25607.0,620.0,394.5,580.0,805.5,44496.0,444.9599999999996,100.0,1000,1,999,0.10678899998310953,938,0,0,0,0,0,0,0,0,0,0,0,0,0,0,0,29,0,0,0,0,0,0,0,0,0,0,0,0,0,0,1,32,0.5161684155464172,-0.03931494429707527,1.1161298751831055,0.23371249437332153,0.011046
704,50655.0,711.0,51366.0,51366.0,0.9861581590935639,10.0,0.01,59.0,44755.0,34.0,25.0,3.0,7.0,26650.0,24005.0,601.0,430.0,599.0,770.0,44755.0,447.54999999999933,100.0,1000,1,999,0.10665912495460361,941,0,0,0,0,0,0,0,0,0,0,0,0,0,0,1,33,0,0,0,0,0,0,0,0,0,0,0,0,0,0,0,25,0.9029556512832642,0.04030904173851013,1.7300962209701538,0.21793803572654724,0.011019000000000001
705,49544.0,328.0,49872.0,49872.0,0.993423163298043,6.0,0.006,60.0,43544.0,30.0,30.0,4.0,2.0,25015.0,24529.0,546.0,485.8125,654.0,714.1875,43544.0,435.44000000000074,100.0,1000,1,999,0.10710612498223782,938,0,0,0,0,0,0,0,0,0,0,0,0,0,0,0,32,0,0,0,0,0,0,0,0,0,0,1,0,0,0,3,26,0.535668134689331,-0.04137703776359558,1.1590020656585693,0.22342190146446228,0.010992000000000002
706,49941.0,618.0,50559.0,50559.0,0.9877766569750193,11.0,0.011,63.0,43641.0,32.0,31.0,2.0,9.0,25054.0,24887.0,419.0,1164.0,0.0,36.0,43641.0,436.4099999999995,100.0,1000,1,999,0.10597450006753206,936,0,0,0,0,0,0,0,0,0,0,0,0,0,2,0,31,0,0,0,0,0,0,0,0,0,0,0,0,0,0,1,30,0.5552141666412354,0.023888571187853813,1.0667572021484375,0.18723143637180328,0.010964999999999999
707,48630.0,1110.0,49740.0,49740.0,0.9776839565741857,18.0,0.018,57.0,42930.0,29.0,28.0,4.0,14.0,22753.0,25877.0,518.0,1083.0,682.0,117.0,42930.0,429.29999999999995,100.0,1000,0,1000,0.10672516701743007,942,0,0,0,0,0,0,1,0,0,0,0,0,0,1,1,27,0,0,0,0,0,0,0,0,0,0,0,0,0,0,0,28,0.5998420715332031,0.007293261121958494,1.18938148021698,0.19582732021808624,0.010938
708,48878.0,694.0,49572.0,49572.0,0.986000161381425,11.0,0.011,54.0,43478.0,28.0,26.0,7.0,4.0,24745.0,24133.0,361.0,394.0,0.0,806.0,43478.0,434.77999999999975,100.0,1000,0,1000,0.10699220898095518,945,0,0,0,0,0,0,0,0,0,0,0,0,1,0,1,26,0,0,0,0,0,0,0,0,0,0,0,0,0,0,0,27,0.6212141513824463,-0.0445709154009819,1.3359493017196655,0.20067349076271057,0.010911
709,48498.0,2175.0,50673.0,50673.0,0.9570777337043396,29.0,0.029,54.0,43098.0,30.0,24.0,6.0,23.0,24265.0,24233.0,1068.0,478.0,132.0,722.0,43098.0,430.98000000000053,100.0,1000,1,999,0.10877904202789068,945,0,0,0,0,0,0,1,0,0,0,0,0,0,1,0,29,0,0,0,0,0,0,0,0,0,0,0,0,0,1,0,23,0.5523151159286499,-0.08847174048423767,1.2870988845825195,0.25381943583488464,0.010884000000000001
710,49165.0,1073.0,50238.0,50238.0,0.9786416656714041,17.0,0.017,57.0,43465.0,27.0,30.0,16.0,1.0,24638.0,24527.0,987.0,952.0,213.0,248.0,43465.0,434.64999999999947,100.0,1000,0,1000,0.1068002909887582,943,0,0,0,0,0,0,0,0,0,0,0,0,1,0,0,26,0,0,0,0,0,0,0,0,0,0,0,1,0,0,0,29,0.46513891220092773,-0.03654428571462631,1.0081961154937744,0.22242245078086853,0.010856999999999999
711,47015.0,1220.0,48235.0,48235.0,0.974707162848554,22.0,0.022,52.0,41815.0,28.0,24.0,9.0,13.0,23839.0,23176.0,621.0,381.0,579.0,819.0,41815.0,418.1499999999998,100.0,1000,1,999,0.10684412496630102,946,0,0,0,0,0,0,0,0,0,0,0,0,0,0,0,29,0,0,0,0,0,0,0,0,0,0,1,0,0,0,1,23,0.36804771423339844,-0.07047899067401886,0.88241046667099,0.24732442200183868,0.01083
712,50696.0,264.0,50960.0,50960.0,0.9948194662480376,6.0,0.006,66.0,44096.0,37.0,29.0,3.0,3.0,26620.0,24076.0,253.375,1002.0,0.0,198.0,44096.0,440.95999999999907,100.0,1000,1,999,0.10628216608893126,932,0,0,0,1,0,0,0,0,0,0,0,0,1,1,0,34,0,0,0,0,0,0,0,0,1,0,0,0,0,0,1,29,0.3211938142776489,-0.06416027992963791,0.7756637930870056,0.229362353682518,0.010803
713,47779.0,783.0,48562.0,48562.0,0.98387628186648,13.0,0.013,58.0,41979.0,28.0,30.0,6.0,7.0,23717.0,24062.0,895.0,1049.0,305.0,151.0,41979.0,419.78999999999996,100.0,1000,0,1000,0.10672916704788804,942,0,0,0,0,0,0,0,0,0,0,0,0,0,0,1,27,0,0,0,0,0,0,0,0,2,0,0,0,0,0,1,27,0.45109137892723083,-0.03519831597805023,0.9769925475120544,0.20476844906806946,0.010776
714,48683.0,1025.0,49708.0,49708.0,0.9793795767280921,20.0,0.02,57.0,42983.0,31.0,26.0,2.0,18.0,26267.0,22416.0,546.0,952.9375,654.0,247.0625,42983.0,429.83000000000004,100.0,1000,0,1000,0.10897987510543317,942,0,0,0,0,0,0,0,0,0,0,0,0,0,0,0,31,0,0,0,0,0,0,0,0,0,0,0,0,0,0,4,23,0.6559097170829773,0.03012247197329998,1.2563382387161255,0.2215879112482071,0.010749000000000002
715,48682.0,1796.0,50478.0,50478.0,0.9644201434288204,18.0,0.018,58.0,42882.0,31.0,27.0,12.0,6.0,25211.0,23471.0,1184.0,697.0,16.0,503.0,42882.0,428.8200000000004,100.0,1000,0,1000,0.10651824995875359,941,0,0,0,0,0,0,0,0,0,0,0,0,0,0,0,32,0,0,0,0,0,0,0,0,0,0,0,0,0,0,0,27,0.6095362305641174,-0.009548119269311428,1.2435184717178345,0.2494778037071228,0.010721999999999999
716,49415.0,302.0,49717.0,49717.0,0.9939256190035601,4.0,0.004,59.0,43515.0,31.0,28.0,0.0,4.0,25262.0,24153.0,428.0,1130.0,772.0,70.0,43515.0,435.15000000000015,100.0,1000,1,999,0.10878958401735872,939,0,0,0,0,0,0,0,0,0,0,1,0,0,1,1,28,0,0,0,0,0,0,0,0,0,0,0,0,0,0,0,30,0.7788636088371277,0.042220260947942734,1.4782741069793701,0.233164444565773,0.010695
717,49297.0,600.0,49897.0,49897.0,0.9879752289716817,5.0,0.005,60.0,43297.0,33.0,27.0,0.0,5.0,25287.0,24010.0,510.0,1078.0,690.0,122.0,43297.0,432.96999999999974,100.0,1000,0,1000,0.10872150002978742,939,0,0,0,0,0,0,0,0,0,0,0,1,0,1,0,32,0,0,0,0,0,0,0,0,1,0,0,0,0,0,1,25,1.004027009010315,0.04506589099764824,1.9230564832687378,0.24064745008945465,0.010668
718,46480.0,1410.0,47890.0,47890.0,0.9705575276675715,19.0,0.019,56.0,40880.0,32.0,24.0,5.0,14.0,24540.0,21940.0,1043.0,859.0,157.0,341.0,40880.0,408.7999999999996,100.0,1000,0,1000,0.10920762491878122,940,0,0,0,0,0,0,0,0,0,0,0,0,0,0,1,34,0,0,0,0,0,0,0,0,0,0,0,0,0,0,1,24,0.8940761685371399,0.04462406411767006,1.7037218809127808,0.22637465596199036,0.010641000000000001
719,47549.0,957.0,48506.0,48506.0,0.9802704820022266,12.0,0.012,60.0,41549.0,29.0,31.0,10.0,2.0,24189.0,23360.0,696.0,1067.0,504.0,133.0,41549.0,415.48999999999927,100.0,1000,1,999,0.10685045795980841,940,0,0,0,0,0,0,0,0,0,0,0,0,0,0,0,29,0,0,0,0,1,0,0,0,0,0,0,0,1,0,2,27,1.0291510820388794,0.019902264699339867,2.0227296352386475,0.19935192167758942,0.010613999999999998
720,49589.0,437.0,50026.0,50026.0,0.9912645424379323,7.0,0.007,56.0,43989.0,29.0,27.0,6.0,1.0,25359.0,24230.0,686.0,441.0,514.0,759.0,43989.0,439.88999999999976,100.0,1000,1,999,0.1067626669537276,944,0,0,0,0,0,0,0,0,0,0,0,0,0,0,0,29,0,0,0,0,0,0,0,0,0,0,0,0,0,0,0,27,0.20842649042606354,-0.013098948635160923,0.44759899377822876,0.21479660272598267,0.010587
721,49343.0,402.0,49745.0,49745.0,0.9919187858076188,6.0,0.006,58.0,43543.0,29.0,29.0,5.0,1.0,24487.0,24856.0,1059.0,689.0,141.0,511.0,43543.0,435.43000000000006,100.0,1000,1,999,0.10881966608576477,940,0,0,0,0,0,0,1,0,1,0,0,0,0,0,1,27,0,0,0,0,0,0,0,0,0,0,0,0,0,0,2,28,0.8686901926994324,0.0024862000718712807,1.737308382987976,0.2320309281349182,0.01056
722,49194.0,1442.0,50636.0,50636.0,0.9715222371435343,17.0,0.017,56.0,43594.0,28.0,28.0,13.0,4.0,25430.0,23764.0,259.0,572.0,0.0,628.0,43594.0,435.9400000000007,100.0,1000,1,999,0.10755137505475432,944,0,0,0,0,1,1,0,0,0,0,0,0,0,0,0,26,0,0,0,0,0,0,0,0,0,0,0,0,0,0,0,28,0.46847066283226013,-0.1532255858182907,1.248093843460083,0.22317169606685638,0.010533
723,49955.0,511.0,50466.0,50466.0,0.9898743708635517,8.0,0.008,61.0,43855.0,28.0,33.0,5.0,3.0,24892.0,25063.0,1035.0,541.0,165.0,659.0,43855.0,438.54999999999905,100.0,1000,1,999,0.10647354205138981,938,0,0,0,0,0,0,0,0,0,0,0,0,0,0,0,29,0,0,0,0,1,0,0,0,0,0,0,0,0,0,2,30,0.7177017331123352,-0.031443215906620026,1.5022929906845093,0.19051313400268555,0.010506000000000001
724,49652.0,485.0,50137.0,50137.0,0.9903265053752718,8.0,0.008,57.0,43952.0,29.0,28.0,3.0,5.0,24977.0,24675.0,1066.0,1031.0,134.0,169.0,43952.0,439.5199999999995,100.0,1000,1,999,0.10704166698269546,942,0,0,0,0,0,0,0,0,0,0,0,0,0,0,0,29,0,0,0,0,0,0,0,0,0,0,0,0,0,0,0,29,0.27108705043792725,-0.12439004331827164,0.7962462902069092,0.25251027941703796,0.010478999999999999
725,49949.0,622.0,50571.0,50571.0,0.9877004607383678,9.0,0.009,61.0,43849.0,28.0,33.0,8.0,1.0,25315.0,24634.0,434.0,597.0,106.0,603.0,43849.0,438.49000000000035,100.0,1000,1,999,0.10647391702514142,938,0,0,0,0,0,0,0,0,0,0,0,0,1,1,0,27,0,0,0,0,0,0,0,0,0,0,0,0,0,0,1,32,1.2717324495315552,0.05720043182373047,2.4339489936828613,0.23368193209171295,0.010452
726,48124.0,1090.0,49214.0,49214.0,0.9778518307798594,20.0,0.02,55.0,42624.0,28.0,27.0,8.0,12.0,24993.0,23131.0,1070.0,644.0,130.0,556.0,42624.0,426.24000000000075,100.0,1000,1,999,0.10844445903785527,944,0,0,0,0,0,0,0,0,0,0,0,0,0,0,0,28,0,0,0,0,0,0,0,0,0,0,0,0,0,0,3,25,0.36723068356513977,-0.023857859894633293,0.7877033352851868,0.26504871249198914,0.010425
727,50611.0,862.0,51473.0,51473.0,0.9832533561284557,10.0,0.01,60.0,44611.0,30.0,30.0,5.0,5.0,23803.0,26808.0,810.0,527.0,390.0,68.0,44611.0,446.1100000000001,100.0,1000,1,999,0.10896674997638911,940,0,0,0,0,0,0,0,0,0,0,1,0,1,1,0,27,0,0,0,0,0,0,0,0,0,0,0,0,0,0,1,29,1.2844116687774658,0.02615712769329548,2.5205962657928467,0.19653719663619995,0.010398000000000001
728,48406.0,64.0,48470.0,48470.0,0.9986795956261605,1.0,0.001,57.0,42706.0,31.0,26.0,0.0,1.0,25520.0,22886.0,513.0,660.0,687.0,540.0,42706.0,427.0599999999997,100.0,1000,0,1000,0.1066369169857353,943,0,0,0,0,0,0,0,0,0,0,1,0,0,0,0,30,0,0,0,0,0,0,0,0,0,0,0,0,0,0,1,25,0.7353876233100891,0.035457175225019455,1.4031705856323242,0.159568190574646,0.010370999999999998
729,49863.0,582.0,50445.0,50445.0,0.9884626821290514,12.0,0.012,59.0,43963.0,33.0,26.0,2.0,10.0,26109.0,23754.0,335.0,465.0,0.0,735.0,43963.0,439.6299999999998,100.0,1000,0,1000,0.10886179201770574,941,0,0,0,0,0,0,0,0,0,0,0,0,0,0,0,33,0,0,0,0,1,0,0,0,0,0,0,0,0,0,1,24,0.15590165555477142,-0.10439357906579971,0.5253176093101501,0.22849729657173157,0.010343999999999999
730,49759.0,881.0,50640.0,50640.0,0.9826026856240127,17.0,0.017,54.0,44359.0,29.0,25.0,8.0,9.0,25660.0,24099.0,423.0,955.0,777.0,245.0,44359.0,443.5899999999993,100.0,1000,0,1000,0.10697804193478078,943,0,0,0,0,0,0,0,0,0,0,0,0,0,1,0,30,0,0,0,0,0,0,0,0,0,0,0,0,0,0,1,25,0.9560884833335876,0.0310673825442791,1.855163335800171,0.24818585813045502,0.010317
731,51100.0,613.0,51713.0,51713.0,0.9881461141299093,7.0,0.007,60.0,45100.0,30.0,30.0,4.0,3.0,25447.0,25653.0,882.0,631.0,318.0,569.0,45100.0,451.0000000000001,100.0,1000,2,998,0.10661620798055083,940,0,0,0,0,0,0,0,0,0,0,1,0,0,3,0,26,0,0,0,1,0,0,0,0,0,0,0,0,0,0,1,28,0.8254532814025879,-0.04398326948285103,1.7425447702407837,0.17840780317783356,0.01029
732,48702.0,641.0,49343.0,49343.0,0.9870093022313196,12.0,0.012,57.0,43002.0,30.0,27.0,2.0,10.0,24292.0,24410.0,952.0,317.0,248.0,883.0,43002.0,430.0200000000008,100.0,1000,0,1000,0.1072347080335021,942,0,0,0,0,0,0,0,0,1,0,0,1,0,0,0,28,0,0,0,0,0,0,0,0,1,0,0,0,0,0,1,26,0.9094396233558655,0.044757235795259476,1.7332850694656372,0.19099554419517517,0.010263000000000001
733,49399.0,1000.0,50399.0,50399.0,0.98015833647493,15.0,0.015,56.0,43799.0,25.0,31.0,11.0,4.0,23003.0,26396.0,750.0,545.0,450.0,655.0,43799.0,437.99000000000075,100.0,1000,0,1000,0.10671562503557652,944,0,0,0,0,0,0,0,0,0,0,0,0,0,1,0,24,0,0,0,0,0,0,0,0,0,0,0,0,0,0,0,31,0.7051833271980286,0.06345848739147186,1.287395715713501,0.19275714457035065,0.010235999999999999
734,49555.0,1542.0,51097.0,51097.0,0.969822103058888,16.0,0.016,57.0,43855.0,30.0,27.0,8.0,8.0,25939.0,23616.0,1038.0,438.0,162.0,762.0,43855.0,438.54999999999944,100.0,1000,1,999,0.1086215419927612,943,0,0,0,0,0,0,0,0,1,0,1,0,0,1,0,27,0,0,0,0,0,0,0,0,0,0,0,0,0,0,2,25,0.8931660652160645,-0.05957157909870148,1.9093815088272095,0.19131594896316528,0.010209
735,47823.0,1833.0,49656.0,49656.0,0.9630860318994683,20.0,0.02,53.0,42523.0,29.0,24.0,8.0,12.0,24952.0,22871.0,941.0,661.0,259.0,539.0,42523.0,425.22999999999945,100.0,1000,3,997,0.1067187919979915,947,0,0,0,0,0,0,0,1,0,0,0,1,0,1,0,26,0,0,0,0,0,0,0,0,0,0,0,0,0,0,0,24,0.543412983417511,-0.03103094920516014,1.153490424156189,0.22601690888404846,0.010182
736,49733.0,523.0,50256.0,50256.0,0.989593282394142,10.0,0.01,56.0,44133.0,26.0,30.0,5.0,5.0,23888.0,25845.0,460.0,767.0,0.0,433.0,44133.0,441.3300000000001,100.0,1000,1,999,0.10705595801118761,943,0,0,0,0,0,0,0,0,0,0,0,0,0,2,0,25,0,0,0,0,0,0,0,0,0,0,0,0,0,0,3,27,0.28558000922203064,-0.02402891218662262,0.6227498054504395,0.1739037185907364,0.010155
737,49646.0,1554.0,51200.0,51200.0,0.9696484375,20.0,0.02,52.0,44446.0,26.0,26.0,12.0,8.0,24505.0,25141.0,690.0,524.0,510.0,676.0,44446.0,444.46000000000026,100.0,1000,0,1000,0.10641729098279029,945,0,0,0,0,0,1,0,0,0,0,0,1,1,0,1,23,0,0,0,0,0,0,0,0,0,0,0,0,0,0,0,28,0.4409584105014801,0.02436244860291481,0.836747407913208,0.1755274087190628,0.010127999999999998
738,49642.0,2005.0,51647.0,51647.0,0.961178771274227,31.0,0.031,51.0,44542.0,25.0,26.0,9.0,22.0,23758.0,25884.0,1181.0,426.0,19.0,0.0,44542.0,445.42,100.0,1000,0,1000,0.10681691695936024,949,0,0,0,0,0,0,0,0,0,0,0,0,0,0,0,25,0,0,0,0,0,0,0,0,0,0,0,0,0,0,0,26,0.7051516771316528,-0.019023297354578972,1.452451467514038,0.20302537083625793,0.010100999999999999
739,48889.0,1847.0,50736.0,50736.0,0.9635958688111006,21.0,0.021,52.0,43689.0,23.0,29.0,18.0,3.0,23242.0,25647.0,716.0,438.0,484.0,762.0,43689.0,436.8900000000005,100.0,1000,0,1000,0.10900070797652006,946,0,0,0,0,0,0,0,0,0,0,0,0,0,0,0,24,0,0,0,0,0,0,0,0,1,0,0,0,0,0,1,28,0.7310716509819031,0.043830305337905884,1.3780568838119507,0.17740048468112946,0.010074
740,48172.0,1915.0,50087.0,50087.0,0.9617665262443349,33.0,0.033,49.0,43272.0,23.0,26.0,26.0,7.0,22934.0,25238.0,1164.0,306.0,36.0,894.0,43272.0,432.7200000000004,100.0,1000,0,1000,0.10890883393585682,951,0,0,0,0,0,0,0,0,0,0,0,0,1,0,0,22,0,0,0,0,0,0,0,0,0,0,0,0,0,0,0,26,0.43504828214645386,-0.007731172721832991,0.8900516629219055,0.22358815371990204,0.010047
741,46698.0,1850.0,48548.0,48548.0,0.9618933838675126,30.0,0.03,50.0,41698.0,24.0,26.0,19.0,11.0,23199.0,23499.0,681.0,406.0,0.0,794.0,41698.0,416.97999999999996,100.0,1000,1,999,0.10948312492109835,950,0,0,0,0,0,0,0,0,0,0,0,0,0,2,0,22,0,0,0,0,0,0,0,0,0,0,0,0,0,0,2,24,0.7039610147476196,-0.002350782509893179,1.4176303148269653,0.2498326599597931,0.010019999999999998
742,49027.0,1518.0,50545.0,50545.0,0.9699673558215451,20.0,0.02,57.0,43327.0,28.0,29.0,5.0,15.0,25045.0,23982.0,264.3125,796.0,935.6875,404.0,43327.0,433.2700000000004,100.0,1000,0,1000,0.10895512509159744,941,0,0,0,0,0,0,0,0,0,0,1,0,1,1,0,25,0,0,0,0,0,0,0,0,0,0,1,0,0,0,0,30,0.45093581080436707,7.581710815429688e-05,0.9061402082443237,0.2211667150259018,0.009992999999999998
743,48354.0,1282.0,49636.0,49636.0,0.9741719719558385,25.0,0.025,53.0,43054.0,29.0,24.0,15.0,10.0,25671.0,22683.0,650.0,900.0,550.0,300.0,43054.0,430.54000000000065,100.0,1000,2,998,0.10665266599971801,946,0,0,0,0,0,0,0,0,1,0,0,0,0,0,0,28,0,0,0,0,0,0,0,0,0,0,0,0,0,0,1,24,0.9577131867408752,0.08236521482467651,1.7552989721298218,0.23093794286251068,0.009966
744,49144.0,942.0,50086.0,50086.0,0.9811923491594458,17.0,0.017,56.0,43544.0,29.0,27.0,4.0,13.0,23755.0,25389.0,807.0,730.0,393.0,470.0,43544.0,435.43999999999994,100.0,1000,0,1000,0.10965495801065117,943,0,0,0,0,0,0,0,0,0,0,0,0,0,1,1,27,0,0,0,0,0,0,0,0,0,0,0,0,0,0,0,28,0.753505527973175,0.0833301842212677,1.3441216945648193,0.18970541656017303,0.009939
745,50212.0,706.0,50918.0,50918.0,0.9861345693075141,16.0,0.016,59.0,44312.0,30.0,29.0,13.0,3.0,26582.0,23630.0,1007.0,696.9375,193.0,503.0625,44312.0,443.11999999999944,100.0,1000,2,998,0.10669141705147922,939,0,0,0,0,0,0,0,0,0,0,0,0,0,1,0,29,0,0,0,0,1,0,1,0,0,0,0,0,0,0,2,27,0.42264989018440247,-0.04685963690280914,0.9427827000617981,0.18985044956207275,0.009912
746,48005.0,1702.0,49707.0,49707.0,0.9657593497897681,23.0,0.023,52.0,42805.0,26.0,26.0,8.0,15.0,22896.0,25109.0,1035.375,488.0,164.625,712.0,42805.0,428.0499999999999,100.0,1000,0,1000,0.10702520795166492,947,1,0,0,0,0,0,0,0,0,0,0,0,1,1,0,24,0,0,0,0,0,0,0,0,0,0,0,0,1,0,1,24,0.7453201413154602,0.024250514805316925,1.4458709955215454,0.18875764310359955,0.009884999999999998
747,48112.0,1855.0,49967.0,49967.0,0.9628754978285669,32.0,0.032,52.0,42912.0,25.0,27.0,21.0,11.0,23357.0,24755.0,1108.0,965.0,92.0,235.0,42912.0,429.1199999999995,100.0,1000,2,998,0.10901504207868129,948,0,0,0,0,0,0,0,0,0,0,0,0,1,2,0,22,0,0,0,0,0,0,0,0,0,0,0,0,0,0,2,25,0.4244700074195862,-0.016065292060375214,0.8850080370903015,0.1997060924768448,0.009857999999999999
748,48946.0,939.0,49885.0,49885.0,0.981176706424777,17.0,0.017,55.0,43446.0,29.0,26.0,4.0,13.0,25559.0,23387.0,264.0,1008.0,82.0,192.0,43446.0,434.46000000000066,100.0,1000,0,1000,0.10710137500427663,945,0,0,0,0,0,0,0,0,0,0,0,0,0,0,0,29,0,0,0,0,0,0,0,0,0,0,0,0,0,0,0,26,0.33876511454582214,-0.061378929764032364,0.8039940595626831,0.18848535418510437,0.009831
749,48164.0,1544.0,49708.0,49708.0,0.968938601432365,31.0,0.031,51.0,43064.0,27.0,24.0,11.0,20.0,24454.0,23710.0,912.0,322.0,288.0,0.0,43064.0,430.6400000000003,100.0,1000,1,999,0.10674554097931832,947,0,0,0,0,0,0,0,0,0,1,0,0,0,0,0,27,0,0,0,0,0,0,0,0,0,0,0,0,0,0,0,25,0.658938467502594,-0.012032774277031422,1.3460519313812256,0.20958231389522552,0.009804
750,47729.0,1822.0,49551.0,49551.0,0.9632298036366572,18.0,0.018,49.0,42829.0,23.0,26.0,10.0,8.0,23537.0,24192.0,201.0,50.0,999.0,30.0,42829.0,428.29000000000036,100.0,1000,0,1000,0.10716241598129272,950,0,0,0,0,0,0,0,0,0,0,0,0,0,0,0,23,0,0,0,0,0,0,0,0,0,0,0,0,0,0,0,27,0.3382500410079956,0.010930389165878296,0.6586410403251648,0.20465189218521118,0.009776999999999997
751,50176.0,822.0,50998.0,50998.0,0.9838817208517981,15.0,0.015,53.0,44876.0,28.0,25.0,6.0,9.0,26389.0,23787.0,987.0,590.0,213.0,610.0,44876.0,448.76000000000016,100.0,1000,0,1000,0.10734133399091661,947,0,0,0,0,0,0,0,0,0,0,0,0,0,0,0,28,0,0,0,0,0,0,0,0,0,0,0,0,0,0,1,24,0.6517102122306824,0.004454842768609524,1.2985258102416992,0.20589961111545563,0.009749999999999998
752,49484.0,1108.0,50592.0,50592.0,0.9780993042378242,15.0,0.015,54.0,44084.0,28.0,26.0,2.0,13.0,24624.0,24860.0,1025.0,452.0,175.0,748.0,44084.0,440.8399999999993,100.0,1000,0,1000,0.10743108298629522,944,0,0,0,0,0,0,0,0,0,0,0,0,1,0,0,28,0,0,0,0,0,0,0,0,0,0,0,0,0,0,1,26,0.3194127678871155,-0.03384184464812279,0.710146427154541,0.18703952431678772,0.009722999999999999
753,49226.0,458.0,49684.0,49684.0,0.9907817406005958,9.0,0.009,61.0,43126.0,29.0,32.0,5.0,4.0,24373.0,24853.0,849.0,548.875,351.0,651.125,43126.0,431.2600000000007,100.0,1000,1,999,0.10705270792823285,939,0,0,0,0,0,0,0,0,0,0,0,0,0,0,0,29,0,0,0,0,0,0,0,1,0,0,0,0,0,0,1,30,0.8502247333526611,0.13441720604896545,1.4347529411315918,0.16180866956710815,0.009696
754,46886.0,1017.0,47903.0,47903.0,0.9787695968937228,14.0,0.014,52.0,41686.0,25.0,27.0,8.0,6.0,23446.0,23440.0,1049.0,569.0,151.0,631.0,41686.0,416.8600000000011,100.0,1000,0,1000,0.10743383399676532,948,0,0,0,1,0,0,0,0,0,0,0,0,0,0,0,24,0,0,0,0,0,0,0,0,0,0,0,0,0,0,0,27,0.4467146396636963,-0.06636608392000198,1.029957890510559,0.19632254540920258,0.009669
755,48772.0,1385.0,50157.0,50157.0,0.9723867057439639,23.0,0.023,50.0,43772.0,25.0,25.0,16.0,7.0,24641.0,24131.0,425.0,594.0,775.0,606.0,43772.0,437.720000000001,100.0,1000,0,1000,0.10926508391276002,949,0,0,0,0,0,0,0,0,0,0,0,0,0,0,1,25,0,0,0,0,0,0,0,0,0,0,0,0,0,0,2,23,0.6305762529373169,-0.00908185075968504,1.283212423324585,0.20204737782478333,0.009641999999999998
756,47915.0,999.0,48914.0,48914.0,0.9795763993948563,16.0,0.016,53.0,42615.0,25.0,28.0,4.0,12.0,23510.0,24405.0,417.0,996.0,783.0,204.0,42615.0,426.1500000000006,100.0,1000,0,1000,0.10923412500414997,946,0,0,0,0,0,0,0,0,0,0,0,0,0,0,0,25,0,0,0,0,0,0,0,0,1,0,0,0,0,0,1,27,0.5740379095077515,0.009269099682569504,1.1339911222457886,0.2315940260887146,0.009614999999999999
757,49400.0,673.0,50073.0,50073.0,0.9865596229504923,11.0,0.011,58.0,43600.0,28.0,30.0,6.0,5.0,24278.0,25122.0,306.0,778.0,70.0,422.0,43600.0,436.0,100.0,1000,0,1000,0.1059966670582071,941,0,0,0,0,0,0,0,0,0,0,0,0,0,0,0,29,0,0,0,0,0,0,0,0,0,0,0,0,0,0,0,30,0.3002086877822876,-0.02736523188650608,0.6584987640380859,0.1747456192970276,0.009588
758,48433.0,1070.0,49503.0,49503.0,0.9783851483748459,21.0,0.021,55.0,42933.0,27.0,28.0,8.0,13.0,24572.0,23861.0,590.0,1124.0,60.0,76.0,42933.0,429.32999999999976,100.0,1000,1,999,0.10754558292683214,945,0,0,0,0,0,0,0,0,0,0,0,0,0,0,1,26,0,0,0,0,0,0,0,0,0,0,0,0,0,0,2,26,0.7114449739456177,-0.002557729836553335,1.4324402809143066,0.23192399740219116,0.009561
759,48319.0,1062.0,49381.0,49381.0,0.9784937526579048,17.0,0.017,57.0,42619.0,27.0,30.0,15.0,2.0,24809.0,23510.0,670.0,1140.0,530.0,60.0,42619.0,426.18999999999966,100.0,1000,1,999,0.10718341695610434,943,0,0,0,0,0,0,0,0,0,0,0,0,0,1,0,26,0,0,0,0,1,0,0,0,0,0,1,0,0,0,2,26,0.46475929021835327,-0.01808192953467369,0.9692696928977966,0.1881287395954132,0.009533999999999997
760,48503.0,1003.0,49506.0,49506.0,0.9797398295156142,16.0,0.016,56.0,42903.0,31.0,25.0,5.0,11.0,24678.0,23825.0,964.0,611.0,236.0,589.0,42903.0,429.0300000000002,100.0,1000,0,1000,0.10731474997010082,944,0,0,0,0,0,0,0,0,0,0,0,0,0,0,0,31,0,0,0,0,0,0,0,0,0,0,0,0,0,0,0,25,0.9336113929748535,-0.08404909819364548,2.038569688796997,0.1708601713180542,0.009506999999999998
761,49091.0,1197.0,50288.0,50288.0,0.9761971046770601,20.0,0.02,55.0,43591.0,25.0,30.0,14.0,6.0,24251.0,24840.0,362.0,1034.0,838.0,166.0,43591.0,435.91,100.0,1000,0,1000,0.10717474995180964,944,0,0,0,0,0,0,0,0,0,0,1,0,0,1,0,23,0,0,0,0,0,0,0,0,1,0,0,0,0,0,1,29,0.47640618681907654,-0.09307409822940826,1.143496036529541,0.23921537399291992,0.009479999999999999
762,48846.0,928.0,49774.0,49774.0,0.9813557278900631,17.0,0.017,52.0,43646.0,25.0,27.0,9.0,8.0,24165.0,24681.0,666.0,248.0,70.0,64.0,43646.0,436.46000000000055,100.0,1000,0,1000,0.10854187491349876,945,0,0,0,1,0,0,0,0,0,0,0,0,0,1,0,25,0,0,0,0,0,0,0,0,0,0,0,0,0,0,0,28,0.6086762547492981,-0.0007877842872403562,1.2228014469146729,0.2048720270395279,0.009453
763,50683.0,472.0,51155.0,51155.0,0.9907731404554785,12.0,0.012,55.0,45183.0,26.0,29.0,4.0,8.0,25670.0,25013.0,363.0,947.0,837.0,253.0,45183.0,451.8299999999997,100.0,1000,1,999,0.10707270808052272,944,0,0,0,0,0,0,0,0,0,0,0,0,0,0,0,26,0,0,0,1,0,0,0,0,0,0,0,0,0,0,1,28,0.5827767848968506,-0.018199658021330833,1.2051879167556763,0.1715981662273407,0.009426
764,46214.0,1563.0,47777.0,47777.0,0.9672855139502271,22.0,0.022,48.0,41414.0,22.0,26.0,8.0,14.0,21196.0,25018.0,665.0,848.0,535.0,352.0,41414.0,414.139999999999,100.0,1000,0,1000,0.10638762498274446,951,0,0,0,0,0,0,0,0,0,0,0,0,0,0,1,21,0,0,0,0,0,0,0,0,0,0,0,0,0,0,1,26,0.5924741625785828,0.03386048227548599,1.121139407157898,0.2081126719713211,0.009398999999999998
765,49379.0,1143.0,50522.0,50522.0,0.9773761925497803,16.0,0.016,54.0,43979.0,25.0,29.0,13.0,3.0,24788.0,24591.0,462.0,396.0,738.0,804.0,43979.0,439.7899999999995,100.0,1000,0,1000,0.10690408304799348,944,0,0,0,0,0,0,0,0,0,0,0,0,0,0,1,24,0,0,0,0,0,0,0,0,0,0,0,0,0,0,0,31,0.3305527865886688,-0.007050530519336462,0.6790115833282471,0.20299480855464935,0.009371999999999998
766,49282.0,698.0,49980.0,49980.0,0.9860344137655062,11.0,0.011,54.0,43882.0,26.0,28.0,7.0,4.0,24531.0,24751.0,282.25,432.0,917.75,83.0,43882.0,438.81999999999886,100.0,1000,1,999,0.1084330000448972,946,0,0,0,0,0,0,0,0,0,0,0,1,1,0,0,24,0,0,0,0,0,0,0,0,0,0,0,0,0,0,0,28,0.3734082281589508,-0.014044717885553837,0.7784826159477234,0.19137074053287506,0.009345
767,48885.0,569.0,49454.0,49454.0,0.9884943583936587,10.0,0.01,55.0,43385.0,27.0,28.0,6.0,4.0,24296.0,24589.0,1073.0,434.0,127.0,47.0,43385.0,433.85000000000076,100.0,1000,0,1000,0.107142792083323,945,0,0,0,0,0,0,0,0,0,0,0,0,0,0,0,27,0,0,0,0,0,0,0,0,0,0,0,0,0,0,1,27,0.1437443196773529,-0.057041339576244354,0.4047885835170746,0.17263837158679962,0.009318
768,48937.0,675.0,49612.0,49612.0,0.9863944207046682,12.0,0.012,54.0,43537.0,28.0,26.0,4.0,8.0,25120.0,23817.0,826.0,1040.0,374.0,160.0,43537.0,435.3699999999995,100.0,1000,0,1000,0.10649187490344048,946,0,0,0,0,0,0,0,0,0,0,0,0,0,0,0,28,0,0,0,0,0,0,0,0,0,0,0,0,0,0,0,26,0.5829774737358093,0.00013755519466940314,1.1692731380462646,0.19337552785873413,0.009290999999999997
769,49324.0,1808.0,51132.0,51132.0,0.9646405382148165,20.0,0.02,56.0,43724.0,27.0,29.0,8.0,12.0,24664.0,24660.0,567.0,532.0,10.0,668.0,43724.0,437.23999999999984,100.0,1000,0,1000,0.10720241698436439,944,0,0,0,0,0,0,0,0,0,0,0,0,0,0,0,27,0,0,0,0,0,0,0,1,0,0,0,0,0,0,0,28,0.5682201385498047,-0.020816775038838387,1.180985450744629,0.157143235206604,0.009263999999999998
770,48387.0,1031.0,49418.0,49418.0,0.9791371565016795,16.0,0.016,51.0,43287.0,26.0,25.0,9.0,7.0,24053.0,24334.0,669.625,239.0,530.375,60.0625,43287.0,432.8700000000005,100.0,1000,2,998,0.10922270792070776,947,0,0,0,0,0,0,0,1,0,0,1,0,0,1,0,24,0,0,0,0,0,0,0,0,0,0,0,0,0,0,1,25,0.6591497659683228,0.024938004091382027,1.2716253995895386,0.1733161062002182,0.009236999999999999
771,48452.0,1760.0,50212.0,50212.0,0.9649486178602724,25.0,0.025,51.0,43352.0,25.0,26.0,20.0,5.0,24944.0,23508.0,790.25,397.4375,409.75,802.5625,43352.0,433.5199999999999,100.0,1000,0,1000,0.10880508297123015,948,0,0,0,0,0,0,1,0,0,0,0,0,0,1,0,24,0,0,0,0,0,0,0,0,1,0,0,0,0,0,2,23,0.39113643765449524,-0.012765101157128811,0.8124331831932068,0.2513631582260132,0.00921
772,49261.0,818.0,50079.0,50079.0,0.9836658080233232,11.0,0.011,54.0,43861.0,26.0,28.0,3.0,8.0,24159.0,25102.0,672.0,851.0,528.0,349.0,43861.0,438.60999999999956,100.0,1000,1,999,0.10724500007927418,945,0,0,0,0,0,0,0,0,0,0,0,0,0,0,0,27,0,0,0,0,0,0,0,0,0,0,0,0,0,0,0,28,0.5565171241760254,0.016889790073037148,1.0831035375595093,0.20956526696681976,0.009183
773,48015.0,705.0,48720.0,48720.0,0.9855295566502463,11.0,0.011,53.0,42715.0,28.0,25.0,5.0,6.0,24667.0,23348.0,545.0,1020.0,655.0,180.0,42715.0,427.15000000000026,100.0,1000,0,1000,0.1065841669915244,947,0,0,0,0,0,0,0,0,0,0,0,0,0,0,0,28,0,0,0,0,0,0,0,0,0,0,0,0,0,0,0,25,0.18305706977844238,-0.06048361212015152,0.49101290106773376,0.21469677984714508,0.009155999999999997
774,48357.0,765.0,49122.0,49122.0,0.9844265298644193,12.0,0.012,55.0,42857.0,30.0,25.0,4.0,8.0,24716.0,23641.0,579.0,664.0,621.0,536.0,42857.0,428.56999999999937,100.0,1000,0,1000,0.10712991701439023,945,0,0,0,0,0,0,0,0,0,1,0,0,0,1,0,28,0,0,0,0,0,0,0,0,0,0,0,0,0,0,0,25,0.6128960847854614,0.006857604719698429,1.2148690223693848,0.1529245376586914,0.009128999999999998
775,48663.0,895.0,49558.0,49558.0,0.9819403527180274,15.0,0.015,53.0,43363.0,27.0,26.0,8.0,7.0,23944.0,24719.0,766.0,1023.0,434.0,177.0,43363.0,433.62999999999994,100.0,1000,1,999,0.1069211249705404,947,0,0,0,0,0,0,0,0,0,0,0,0,0,1,0,26,0,0,0,0,0,0,0,0,0,0,0,0,0,0,1,25,0.5184285044670105,0.048966195434331894,0.9421764016151428,0.17863300442695618,0.009101999999999999
776,49703.0,810.0,50513.0,50513.0,0.983964523983925,14.0,0.014,54.0,44303.0,26.0,28.0,6.0,8.0,24040.0,25663.0,902.0,1012.0,298.0,188.0,44303.0,443.0300000000008,100.0,1000,0,1000,0.10669225000310689,946,0,0,0,0,0,0,0,0,0,0,0,0,1,0,0,25,0,0,0,0,0,0,0,0,0,0,0,0,1,0,1,26,0.4090671241283417,-0.08147343248128891,0.9847448468208313,0.20185735821723938,0.009075
777,47311.0,1091.0,48402.0,48402.0,0.9774596091070616,21.0,0.021,54.0,41911.0,27.0,27.0,14.0,7.0,24105.0,23206.0,985.0,1200.0,215.0,0.0,41911.0,419.1100000000004,100.0,1000,0,1000,0.10664225008804351,943,0,0,0,0,0,0,0,0,0,0,0,0,1,0,1,26,0,0,0,0,0,0,0,0,0,0,0,0,0,0,1,28,0.5888013243675232,-0.010207525454461575,1.2008639574050903,0.15728358924388885,0.009047999999999997
778,47536.0,553.0,48089.0,48089.0,0.9885004886772443,9.0,0.009,50.0,42536.0,24.0,26.0,7.0,2.0,22987.0,24549.0,665.0,649.0,535.0,551.0,42536.0,425.36000000000024,100.0,1000,0,1000,0.10680558299645782,950,0,0,0,0,0,0,0,0,0,0,0,0,0,0,0,24,0,0,0,0,0,0,0,0,0,0,0,0,0,0,0,26,0.7808490991592407,0.12776723504066467,1.3091789484024048,0.1671273410320282,0.009020999999999998
779,47689.0,1842.0,49531.0,49531.0,0.9628111687629969,31.0,0.031,49.0,42789.0,25.0,24.0,18.0,13.0,23706.0,23983.0,609.875,1028.0,23.0,172.0,42789.0,427.8899999999993,100.0,1000,1,999,0.10719662508927286,951,1,0,0,0,0,0,0,0,0,0,0,0,0,1,0,23,0,0,0,0,0,0,0,0,0,0,0,0,0,0,0,24,1.1881060600280762,0.0787893757224083,2.221850872039795,0.17886649072170258,0.008993999999999999
780,48298.0,1604.0,49902.0,49902.0,0.9678569997194502,24.0,0.024,51.0,43198.0,26.0,25.0,16.0,8.0,24192.0,24106.0,927.0,1131.0,273.0,69.0,43198.0,431.97999999999973,100.0,1000,0,1000,0.1071072081103921,947,0,0,0,0,0,0,0,0,0,0,0,0,1,0,0,25,0,0,0,0,0,0,0,0,0,0,0,0,0,0,1,26,0.4657056927680969,-0.00947991106659174,0.9535643458366394,0.17805007100105286,0.008967
781,48449.0,1499.0,49948.0,49948.0,0.9699887883398735,26.0,0.026,54.0,43049.0,25.0,29.0,18.0,8.0,22884.0,25565.0,421.0,1200.0,779.0,0.0,43049.0,430.48999999999927,100.0,1000,0,1000,0.1074192919768393,945,0,0,0,0,0,0,0,0,0,0,1,0,0,0,0,24,0,0,0,0,0,0,0,0,0,0,0,0,0,0,1,29,0.19039392471313477,-0.05875334143638611,0.5014558434486389,0.17680665850639343,0.00894
782,49145.0,553.0,49698.0,49698.0,0.9888727916616363,7.0,0.007,54.0,43745.0,27.0,27.0,2.0,5.0,24372.0,24773.0,688.0,656.0,512.0,544.0,43745.0,437.4500000000002,100.0,1000,0,1000,0.10873795906081796,946,0,0,0,1,0,0,0,0,0,0,0,0,1,0,0,25,0,0,0,0,0,0,0,0,0,0,0,0,0,0,3,24,0.4214390516281128,-0.008260796777904034,0.862264096736908,0.16068676114082336,0.008912999999999997
783,46873.0,757.0,47630.0,47630.0,0.984106655469242,14.0,0.014,51.0,41773.0,27.0,24.0,6.0,8.0,24514.0,22359.0,770.0,1169.0,430.0,31.0,41773.0,417.73000000000087,100.0,1000,0,1000,0.10930804198142141,948,0,0,0,1,0,0,0,0,0,0,0,0,0,0,0,27,0,0,0,0,0,0,0,0,0,0,0,0,0,0,1,23,0.41694775223731995,-0.03737056627869606,0.912169873714447,0.1988091915845871,0.008885999999999998
784,48753.0,1419.0,50172.0,50172.0,0.9717172925137527,23.0,0.023,50.0,43753.0,29.0,21.0,14.0,9.0,26979.0,21774.0,782.0,2.0,418.0,1198.0,43753.0,437.52999999999963,100.0,1000,0,1000,0.10681449994444847,950,0,0,0,0,0,0,0,0,0,0,0,0,1,0,0,28,0,0,0,0,0,0,0,0,0,0,0,0,0,0,0,21,0.4209177494049072,-0.10127528756856918,1.0487374067306519,0.24558690190315247,0.008858999999999999
785,49863.0,459.0,50322.0,50322.0,0.990878740908549,9.0,0.009,54.0,44463.0,26.0,28.0,6.0,3.0,24782.0,25081.0,905.0,641.0,295.0,559.0,44463.0,444.6299999999998,100.0,1000,1,999,0.10670920799020678,945,0,0,0,0,0,0,0,0,0,0,0,0,0,0,0,26,0,0,0,0,0,0,0,0,0,0,0,0,0,0,0,29,0.2568437457084656,-0.024211855605244637,0.565277099609375,0.17922750115394592,0.008832
786,47680.0,1594.0,49274.0,49274.0,0.9676502820960344,24.0,0.024,50.0,42680.0,26.0,24.0,14.0,10.0,24262.0,23418.0,527.0,1021.0,673.0,179.0,42680.0,426.8000000000002,100.0,1000,0,1000,0.10707341704983264,950,0,0,0,0,1,0,1,0,0,0,0,0,0,0,0,24,0,0,0,0,0,0,0,0,0,0,0,0,0,0,0,24,0.8335724472999573,0.04422779008746147,1.5832200050354004,0.2572796046733856,0.008804999999999997
787,50118.0,459.0,50577.0,50577.0,0.9909247286315914,10.0,0.01,58.0,44318.0,30.0,28.0,5.0,5.0,24518.0,25600.0,946.0,554.0,254.0,646.0,44318.0,443.18,100.0,1000,0,1000,0.10631791700143367,940,0,0,0,0,0,0,0,0,0,0,0,0,0,0,0,31,0,0,0,0,0,0,0,0,0,0,0,0,0,0,0,29,0.8965117335319519,0.1505325436592102,1.4949619770050049,0.1710837483406067,0.008777999999999998
788,47748.0,1719.0,49467.0,49467.0,0.9652495603129359,25.0,0.025,53.0,42448.0,28.0,25.0,11.0,14.0,24309.0,23439.0,945.0,868.0,255.0,332.0,42448.0,424.47999999999985,100.0,1000,0,1000,0.10695054195821285,946,0,0,0,0,0,0,0,0,0,0,0,1,0,0,0,28,0,0,0,0,0,0,0,0,0,0,0,0,0,0,0,25,0.8230042457580566,0.07194673269987106,1.5056301355361938,0.20083869993686676,0.008750999999999998
789,48805.0,1224.0,50029.0,50029.0,0.9755341901697016,19.0,0.019,54.0,43405.0,30.0,24.0,6.0,13.0,24563.0,24242.0,1039.0,477.0,161.0,723.0,43405.0,434.0500000000004,100.0,1000,0,1000,0.10889949998818338,946,0,0,0,0,0,0,0,0,0,0,0,0,0,1,1,28,0,0,0,0,0,0,0,0,0,0,0,0,0,0,0,24,0.6170295476913452,-0.10198567062616348,1.4412543773651123,0.1847701519727707,0.008723999999999999
790,47750.0,2011.0,49761.0,49761.0,0.9595868250236129,35.0,0.035,49.0,42850.0,27.0,22.0,17.0,18.0,25926.0,21824.0,562.0,852.0,638.0,348.0,42850.0,428.49999999999994,100.0,1000,0,1000,0.10923062497749925,951,0,0,0,0,0,0,0,0,0,0,0,0,0,1,0,26,0,0,0,0,0,0,0,0,0,0,0,0,0,0,0,22,0.5169349908828735,-0.01878964900970459,1.0753347873687744,0.22338023781776428,0.008697
791,49296.0,1496.0,50792.0,50792.0,0.9705465427626397,20.0,0.02,50.0,44296.0,25.0,25.0,6.0,14.0,23740.0,25556.0,371.0,622.0,829.0,578.0,44296.0,442.9600000000001,100.0,1000,1,999,0.10683499998413026,949,0,0,0,0,0,0,0,0,1,0,0,0,0,0,0,25,0,0,0,0,0,0,0,0,0,0,0,0,0,0,0,25,0.6099205017089844,-0.06630675494670868,1.3558467626571655,0.19562973082065582,0.008669999999999997
792,49000.0,557.0,49557.0,49557.0,0.9887604172972536,10.0,0.01,55.0,43500.0,28.0,27.0,8.0,2.0,24636.0,24364.0,584.0,1033.0,616.0,167.0,43500.0,434.9999999999997,100.0,1000,2,998,0.1088650410529226,944,0,0,0,1,0,1,0,0,0,0,1,0,0,0,0,26,0,0,0,0,0,0,0,0,0,0,0,0,1,0,0,26,0.4053399860858917,-0.04776033014059067,0.9093515276908875,0.18227852880954742,0.008642999999999998
793,50468.0,844.0,51312.0,51312.0,0.9835516058621765,12.0,0.012,56.0,44868.0,29.0,27.0,4.0,8.0,25201.0,25267.0,510.0,940.0,690.0,260.0,44868.0,448.6799999999997,100.0,1000,0,1000,0.10965891706291586,944,0,0,0,0,0,0,0,0,0,0,0,0,0,0,0,29,0,0,0,0,0,0,0,0,0,0,0,0,0,0,0,27,0.5867112278938293,0.02572714164853096,1.124655842781067,0.15596939623355865,0.008615999999999999
794,48107.0,1413.0,49520.0,49520.0,0.9714660743134087,19.0,0.019,50.0,43107.0,26.0,24.0,5.0,14.0,24062.0,24045.0,1134.0,260.0,66.0,940.0,43107.0,431.0700000000005,100.0,1000,0,1000,0.10698895901441574,949,0,0,0,0,0,0,0,0,0,0,0,0,0,0,0,27,0,0,0,0,0,0,0,0,0,0,0,0,0,0,1,23,0.6892366409301758,0.026782114058732986,1.328340768814087,0.19977375864982605,0.008589
795,49654.0,754.0,50408.0,50408.0,0.9850420568163784,12.0,0.012,52.0,44454.0,26.0,26.0,5.0,7.0,25277.0,24377.0,397.0,1148.0,803.0,52.0,44454.0,444.5400000000002,100.0,1000,0,1000,0.10652204207144678,947,0,0,0,0,0,0,0,0,0,0,0,0,0,0,0,27,0,0,0,0,0,0,0,0,0,0,0,0,0,0,0,26,0.2645021378993988,-0.06887402385473251,0.6707981824874878,0.23626714944839478,0.008561999999999997
796,48673.0,870.0,49543.0,49543.0,0.9824394970026038,15.0,0.015,53.0,43373.0,23.0,30.0,13.0,2.0,22824.0,25849.0,868.0,1101.0,332.0,99.0,43373.0,433.7299999999992,100.0,1000,0,1000,0.10691683401819319,945,0,0,0,0,0,0,0,0,0,0,0,0,0,0,0,25,0,0,0,0,0,0,0,0,0,0,0,0,0,0,1,29,0.19042140245437622,-0.08690648525953293,0.5577564835548401,0.18164578080177307,0.008534999999999997
797,50321.0,616.0,50937.0,50937.0,0.9879066297583289,8.0,0.008,54.0,44921.0,27.0,27.0,1.0,7.0,25382.0,24939.0,811.0,1038.0,389.0,162.0,44921.0,449.2099999999995,100.0,1000,0,1000,0.10745195799972862,945,0,0,0,0,0,0,0,0,0,0,0,0,0,0,0,27,0,0,0,0,0,0,0,0,0,0,0,0,0,0,0,28,0.6761862635612488,-0.0012523562181741,1.3581891059875488,0.19463279843330383,0.008507999999999998
798,49410.0,1214.0,50624.0,50624.0,0.9760192793931732,16.0,0.016,53.0,44110.0,26.0,27.0,3.0,13.0,23691.0,25719.0,269.0,625.0,931.0,575.0,44110.0,441.1000000000006,100.0,1000,1,999,0.10776566597633064,947,0,0,0,0,0,0,0,0,0,0,0,0,0,0,1,25,0,0,0,0,0,0,0,0,0,0,0,0,0,0,0,27,1.1500402688980103,0.055409226566553116,2.1924681663513184,0.18900670111179352,0.008480999999999999
799,48837.0,1331.0,50168.0,50168.0,0.9734691436772445,17.0,0.017,51.0,43737.0,26.0,25.0,7.0,10.0,24736.0,24101.0,880.0,782.0,320.0,418.0,43737.0,437.3700000000001,100.0,1000,0,1000,0.10728654090780765,948,0,0,0,0,0,0,0,0,0,0,0,0,0,0,0,26,0,0,0,0,0,0,0,0,0,0,0,0,0,0,0,26,0.5603208541870117,-0.09500867873430252,1.313733696937561,0.1818431317806244,0.008454
800,48153.0,641.0,48794.0,48794.0,0.9868631389105218,9.0,0.009,53.0,42853.0,25.0,28.0,2.0,7.0,23791.0,24362.0,685.0,1002.0,515.0,198.0,42853.0,428.53000000000014,100.0,1000,1,999,0.10863849997986108,947,0,0,0,0,0,0,0,0,0,0,0,0,0,0,0,25,0,0,0,0,0,0,0,0,0,0,0,0,0,0,1,27,0.44806796312332153,-0.08648465573787689,1.0720434188842773,0.1743296980857849,0.008426999999999997
801,50063.0,1118.0,51181.0,51181.0,0.9781559563119127,13.0,0.013,55.0,44563.0,28.0,27.0,10.0,3.0,24745.0,25318.0,513.0,1058.0,687.0,142.0,44563.0,445.63000000000045,100.0,1000,1,999,0.10742570797447115,945,0,0,0,0,0,0,0,0,0,0,0,0,0,0,0,28,0,0,0,0,0,0,0,0,0,0,0,1,0,0,0,26,0.78926682472229,-0.009409434162080288,1.600196123123169,0.16925980150699615,0.008399999999999998
802,49097.0,749.0,49846.0,49846.0,0.9849737190546884,16.0,0.016,56.0,43497.0,27.0,29.0,6.0,10.0,25331.0,23766.0,950.0,992.0,250.0,208.0,43497.0,434.96999999999974,100.0,1000,3,997,0.10671262501273304,943,0,0,0,0,0,0,0,0,0,0,0,0,0,0,0,27,0,0,0,0,0,0,0,0,0,1,1,0,0,0,1,27,0.6926510334014893,0.05482995882630348,1.2786411046981812,0.17908234894275665,0.008372999999999998
803,48675.0,485.0,49160.0,49160.0,0.9901342554922702,8.0,0.008,53.0,43375.0,27.0,26.0,3.0,5.0,23741.0,24934.0,918.125,939.0,281.875,261.0,43375.0,433.7500000000003,100.0,1000,0,1000,0.1072407909668982,947,0,0,0,0,0,0,0,0,0,0,0,0,0,2,1,24,0,0,0,0,0,0,0,0,0,0,0,0,0,0,0,26,0.31025803089141846,0.013557746075093746,0.5963960289955139,0.17945435643196106,0.008346
804,48564.0,450.0,49014.0,49014.0,0.9908189496878443,8.0,0.008,52.0,43364.0,28.0,24.0,3.0,5.0,25359.0,23205.0,687.0,496.0,513.0,704.0,43364.0,433.6400000000001,100.0,1000,2,998,0.1070329169742763,946,0,0,0,0,0,0,0,0,0,0,0,0,0,0,0,29,0,0,0,0,0,0,0,0,1,0,0,0,0,0,0,24,0.38093796372413635,0.022706512361764908,0.7196972370147705,0.1943955272436142,0.008318999999999997
805,48949.0,509.0,49458.0,49458.0,0.9897084394840067,9.0,0.009,54.0,43549.0,29.0,25.0,0.0,9.0,24258.0,24691.0,1090.0,215.0,110.0,985.0,43549.0,435.4900000000003,100.0,1000,1,999,0.10637249995488673,945,0,0,0,0,0,0,0,0,0,0,0,0,0,0,0,30,0,0,0,0,0,0,0,0,0,0,0,0,0,0,0,25,0.31457623839378357,-0.03952431678771973,0.7114850878715515,0.1980193853378296,0.008291999999999997
806,50626.0,353.0,50979.0,50979.0,0.9930755801408423,4.0,0.004,56.0,45026.0,29.0,27.0,0.0,4.0,25024.0,25602.0,843.625,399.0,356.375,801.0,45026.0,450.26000000000045,100.0,1000,0,1000,0.1077936670044437,943,0,0,0,0,0,0,0,0,0,0,0,0,0,2,0,27,0,0,0,0,0,1,0,0,0,0,0,0,0,0,0,27,0.9393338561058044,0.05951831117272377,1.7627959251403809,0.1914660483598709,0.008264999999999998
807,48751.0,188.0,48939.0,48939.0,0.9961584830094607,3.0,0.003,55.0,43251.0,30.0,25.0,2.0,1.0,24202.0,24549.0,994.0,256.0,206.0,944.0,43251.0,432.5100000000004,100.0,1000,1,999,0.10705837502609938,945,0,0,0,0,0,0,0,0,0,0,0,0,0,1,0,29,0,0,0,0,0,0,0,0,0,0,0,0,0,1,0,24,0.5467902421951294,0.03430239111185074,1.0282409191131592,0.19818633794784546,0.008237999999999999
808,47679.0,917.0,48596.0,48596.0,0.9811301341674212,12.0,0.012,55.0,42179.0,28.0,27.0,4.0,8.0,23481.0,24198.0,973.0,728.125,227.0,471.875,42179.0,421.7900000000002,100.0,1000,0,1000,0.1068918340606615,944,0,0,0,0,0,0,0,0,0,0,0,0,0,0,0,29,0,0,0,0,0,0,0,0,0,0,0,0,1,0,0,26,0.5269747972488403,-0.02046971395611763,1.0984351634979248,0.2159392535686493,0.008210999999999996
809,48652.0,509.0,49161.0,49161.0,0.9896462643152092,5.0,0.005,57.0,42952.0,29.0,28.0,0.0,5.0,23569.0,25083.0,608.0,1002.0,592.0,198.0,42952.0,429.5200000000005,100.0,1000,0,1000,0.11030549998395145,943,0,0,0,0,0,0,0,0,0,0,0,0,0,0,0,29,0,0,0,0,0,0,0,0,0,0,0,0,0,0,0,28,0.603114128112793,0.03152448311448097,1.1463953256607056,0.1964818835258484,0.008183999999999997
810,49247.0,1185.0,50432.0,50432.0,0.9765030139593909,22.0,0.022,54.0,43847.0,28.0,26.0,5.0,17.0,23495.0,25752.0,802.0,1016.0,398.0,184.0,43847.0,438.4699999999998,100.0,1000,1,999,0.10670429200399667,945,0,0,0,0,0,0,0,0,0,0,0,1,0,0,0,28,0,0,0,0,0,0,0,0,0,0,0,0,0,0,0,26,0.34266749024391174,-0.012927131727337837,0.7142387628555298,0.1869267076253891,0.008156999999999998
811,49780.0,1701.0,51481.0,51481.0,0.9669586837862513,27.0,0.027,55.0,44280.0,30.0,25.0,3.0,24.0,25774.0,24006.0,669.0,778.0,531.0,422.0,44280.0,442.7999999999995,100.0,1000,0,1000,0.10891854099463671,945,0,0,0,0,0,0,0,0,0,0,0,0,0,0,0,30,0,0,0,0,0,0,0,0,0,0,0,0,0,0,1,24,0.5964236855506897,0.06975355744361877,1.056593418121338,0.20007143914699554,0.008129999999999998
812,49130.0,427.0,49557.0,49557.0,0.9913836592206954,8.0,0.008,57.0,43430.0,29.0,28.0,4.0,4.0,25009.0,24121.0,287.0,1066.0,0.0,134.0,43430.0,434.30000000000007,100.0,1000,0,1000,0.10728250001557171,942,0,0,0,0,0,0,0,0,0,0,0,0,0,0,0,29,0,0,0,0,0,0,0,0,0,0,0,0,0,0,0,29,0.40358319878578186,-0.015983831137418747,0.8415417075157166,0.1485675871372223,0.008102999999999999
813,50944.0,538.0,51482.0,51482.0,0.9895497455421313,8.0,0.008,56.0,45344.0,28.0,28.0,6.0,2.0,26754.0,24190.0,177.0,1167.0,42.0,33.0,45344.0,453.4399999999996,100.0,1000,0,1000,0.10650154191534966,944,0,0,0,0,0,0,0,0,0,0,0,0,0,1,0,27,0,0,0,0,0,0,0,0,0,0,0,0,0,0,0,28,0.2349037528038025,-0.053714320063591,0.5799666047096252,0.16904698312282562,0.008075999999999996
814,49274.0,1102.0,50376.0,50376.0,0.9781245037319358,19.0,0.019,51.0,44174.0,25.0,26.0,8.0,11.0,23730.0,25544.0,490.0,618.0,710.0,582.0,44174.0,441.74000000000063,100.0,1000,0,1000,0.10637499997392297,949,0,0,0,0,0,0,0,0,0,0,0,0,0,0,0,25,0,0,0,0,0,0,0,0,0,0,0,0,0,0,0,26,0.3614594042301178,-0.02905738726258278,0.7837528586387634,0.16892071068286896,0.008049
815,48741.0,1019.0,49760.0,49760.0,0.9795217041800643,17.0,0.017,55.0,43241.0,29.0,26.0,2.0,15.0,24169.0,24572.0,1011.0,995.0,189.0,205.0,43241.0,432.4100000000003,100.0,1000,0,1000,0.1088961249915883,945,0,0,0,1,0,0,0,0,0,0,0,0,0,0,0,28,0,0,0,0,0,0,0,0,0,0,0,0,0,0,1,25,0.4700552821159363,0.03485344722867012,0.8731186985969543,0.16922372579574585,0.008022000000000001
816,48275.0,2573.0,50848.0,50848.0,0.9493982064191315,36.0,0.036,52.0,43075.0,30.0,22.0,8.0,28.0,26011.0,22264.0,673.0,1137.0,527.0,39.375,43075.0,430.74999999999926,100.0,1000,0,1000,0.11477554100565612,947,0,0,0,0,0,0,0,0,0,0,0,0,0,0,0,30,0,0,0,0,0,1,0,0,0,0,0,0,0,0,0,22,0.5158306956291199,-0.05096573382616043,1.1370540857315063,0.21646611392498016,0.007995000000000002
817,49076.0,1874.0,50950.0,50950.0,0.9632188420019627,25.0,0.025,52.0,43876.0,28.0,24.0,7.0,18.0,26204.0,22872.0,709.0,791.0,491.0,409.0,43876.0,438.7600000000009,100.0,1000,0,1000,0.11478195805102587,947,0,0,0,0,0,0,0,0,0,0,0,0,0,0,0,29,0,0,0,1,0,1,0,0,0,0,0,0,0,0,1,21,0.6664644479751587,-0.006309949327260256,1.349252462387085,0.23241174221038818,0.007968
818,48819.0,673.0,49492.0,49492.0,0.9864018427220561,12.0,0.012,55.0,43319.0,31.0,24.0,0.0,12.0,25417.0,23402.0,977.0,14.0,223.0,1186.0,43319.0,433.18999999999926,100.0,1000,0,1000,0.1114682499319315,945,0,0,0,0,0,0,0,0,0,0,0,0,0,0,0,31,0,0,0,0,0,0,0,0,0,0,0,0,0,0,0,24,0.2541784942150116,0.038250137120485306,0.4350268542766571,0.19960547983646393,0.007941
819,49674.0,372.0,50046.0,50046.0,0.9925668385085721,6.0,0.006,55.0,44174.0,30.0,25.0,3.0,3.0,25640.0,24034.0,1073.0,362.0,127.0,838.0,44174.0,441.73999999999984,100.0,1000,0,1000,0.10843829100485891,944,0,0,0,0,0,0,1,0,0,0,0,0,0,1,1,28,0,0,0,0,0,0,0,0,0,0,0,0,0,0,0,25,0.3246048390865326,-0.024032915011048317,0.6999935507774353,0.17172273993492126,0.007914000000000001
820,48994.0,502.0,49496.0,49496.0,0.9898577662841441,10.0,0.01,53.0,43694.0,27.0,26.0,3.0,7.0,25604.0,23390.0,546.0,948.0,654.0,252.0,43694.0,436.94000000000034,100.0,1000,0,1000,0.10662675008643419,947,0,0,0,0,0,0,0,0,0,0,0,0,0,0,0,27,0,0,1,0,0,0,0,0,0,0,0,0,0,0,0,25,0.20786313712596893,-0.03307163715362549,0.4850936233997345,0.20439082384109497,0.007887000000000002
821,48652.0,837.0,49489.0,49489.0,0.9830871506799491,8.0,0.008,51.0,43552.0,26.0,25.0,2.0,6.0,24114.0,24538.0,775.0,141.875,425.0,1058.125,43552.0,435.5200000000007,100.0,1000,0,1000,0.10622670908924192,949,0,0,0,0,0,0,0,0,0,0,0,0,1,0,0,25,0,0,0,0,0,0,0,0,0,0,0,0,0,0,1,24,0.36618301272392273,-0.06271782517433167,0.8608288168907166,0.19256730377674103,0.007859999999999999
822,49376.0,976.0,50352.0,50352.0,0.9806164601207499,15.0,0.015,52.0,44176.0,25.0,27.0,8.0,7.0,25454.0,23922.0,417.0,548.0,783.0,652.0,44176.0,441.76000000000005,100.0,1000,1,999,0.10687699995469302,948,0,0,0,0,0,0,0,0,0,0,0,0,0,0,0,25,0,0,0,0,0,0,0,0,0,0,0,0,0,0,1,26,0.3715488314628601,0.03442622348666191,0.6769352555274963,0.17171235382556915,0.007833
823,49225.0,1037.0,50262.0,50262.0,0.9793681110978473,14.0,0.014,53.0,43925.0,27.0,26.0,9.0,5.0,26223.0,23002.0,920.0,1046.0,280.0,154.0,43925.0,439.2499999999995,100.0,1000,0,1000,0.10628962493501604,947,0,0,0,0,0,0,0,0,0,0,0,0,0,0,0,27,0,0,0,0,0,0,0,0,0,0,0,0,0,0,1,25,0.8759373426437378,0.012028583325445652,1.7306876182556152,0.18383663892745972,0.0078060000000000004
824,48480.0,978.0,49458.0,49458.0,0.9802256460026689,15.0,0.015,54.0,43080.0,25.0,29.0,12.0,3.0,23020.0,25460.0,754.0,463.0,446.0,737.0,43080.0,430.7999999999996,100.0,1000,0,1000,0.10701041598804295,945,0,0,0,0,0,0,0,0,0,0,0,0,0,1,0,24,0,0,0,0,0,0,0,0,0,0,0,0,0,0,0,30,0.15832547843456268,-0.06818430870771408,0.4558658003807068,0.182942733168602,0.007779000000000001
825,49509.0,1350.0,50859.0,50859.0,0.9734560254822155,18.0,0.018,51.0,44409.0,26.0,25.0,10.0,8.0,24634.0,24875.0,695.0,86.0,505.0,1114.0,44409.0,444.08999999999986,100.0,1000,0,1000,0.10736529203131795,949,0,0,0,0,0,0,0,0,0,0,0,0,0,0,0,26,0,0,0,0,0,0,0,0,0,0,0,0,0,0,1,24,0.7057052850723267,0.04983169585466385,1.3147852420806885,0.19595284759998322,0.007752000000000002
826,49644.0,462.0,50106.0,50106.0,0.9907795473595976,9.0,0.009,55.0,44144.0,27.0,28.0,9.0,0.0,25365.0,24279.0,331.0,1091.0,869.0,109.0,44144.0,441.43999999999966,100.0,1000,1,999,0.1068813749589026,943,0,0,0,0,0,0,0,0,0,0,0,1,0,0,0,27,0,0,0,0,0,0,0,0,0,0,0,0,0,0,0,29,0.33851882815361023,0.021140655502676964,0.6375911831855774,0.1834844946861267,0.007724999999999999
827,48835.0,1160.0,49995.0,49995.0,0.9767976797679768,21.0,0.021,53.0,43535.0,25.0,28.0,10.0,11.0,23490.0,25345.0,544.0,871.0,656.0,329.0,43535.0,435.3500000000006,100.0,1000,0,1000,0.10763558291364461,947,0,0,0,0,0,0,0,0,0,0,0,0,0,0,0,25,0,0,0,0,0,0,0,0,0,0,0,0,0,0,0,28,0.32591769099235535,-0.03452847898006439,0.7240706086158752,0.20643684267997742,0.007698
828,51235.0,771.0,52006.0,52006.0,0.9851747875245164,9.0,0.009,57.0,45535.0,28.0,29.0,2.0,7.0,24795.0,26440.0,1107.0,139.0,93.0,1061.0,45535.0,455.3499999999991,100.0,1000,0,1000,0.10648145899176598,942,0,0,0,0,0,0,0,0,0,0,0,0,0,0,0,29,0,0,0,0,0,0,0,0,0,0,0,0,0,0,1,28,0.6650360822677612,0.015474268235266209,1.3019317388534546,0.18303170800209045,0.007671000000000001
829,49726.0,341.0,50067.0,50067.0,0.9931891265703957,5.0,0.005,56.0,44126.0,28.0,28.0,3.0,2.0,24518.0,25208.0,181.0,1184.0,38.0,16.0,44126.0,441.26000000000016,100.0,1000,0,1000,0.10726420802529901,944,0,0,0,0,0,0,0,0,0,0,0,0,0,0,0,28,0,0,0,0,0,0,0,0,0,0,0,0,0,0,0,28,0.4225550591945648,-0.02236073650419712,0.892326831817627,0.1632154881954193,0.0076440000000000015
830,48560.0,841.0,49401.0,49401.0,0.9829760531163336,13.0,0.013,53.0,43260.0,28.0,25.0,2.0,11.0,23365.0,25195.0,1083.0,418.0,117.0,782.0,43260.0,432.59999999999934,100.0,1000,1,999,0.10634375002700835,947,0,0,0,0,0,0,0,0,0,0,0,0,0,0,0,28,0,0,0,0,0,0,0,0,0,0,0,0,0,0,0,25,0.37999337911605835,0.05194627866148949,0.6592373251914978,0.20632407069206238,0.007616999999999999
831,49749.0,865.0,50614.0,50614.0,0.9829098668352629,12.0,0.012,55.0,44249.0,28.0,27.0,9.0,3.0,25801.0,23948.0,546.0,532.0,654.0,668.0,44249.0,442.4899999999991,100.0,1000,0,1000,0.10913916700519621,944,0,0,0,0,0,0,0,0,0,0,0,0,0,0,0,29,0,0,0,0,0,0,0,0,0,0,0,0,0,0,0,27,0.36060285568237305,0.01480620913207531,0.6943168640136719,0.17941980063915253,0.0075899999999999995
832,49616.0,571.0,50187.0,50187.0,0.9886225516568036,8.0,0.008,57.0,43916.0,31.0,26.0,5.0,3.0,25196.0,24420.0,1014.0,317.0,186.0,883.0,43916.0,439.15999999999985,100.0,1000,0,1000,0.10697208298370242,943,0,0,0,0,0,0,0,0,0,0,0,0,0,0,0,31,0,0,0,0,0,0,0,0,0,0,0,0,0,0,0,26,0.7900461554527283,0.11352577060461044,1.3551361560821533,0.1385277360677719,0.007563
833,48900.0,664.0,49564.0,49564.0,0.9866031797272213,10.0,0.01,54.0,43500.0,30.0,24.0,0.0,10.0,24789.0,24111.0,359.0,583.0,841.0,617.0,43500.0,434.99999999999926,100.0,1000,0,1000,0.1064518749481067,946,0,0,0,0,0,0,0,0,0,0,0,0,0,0,0,30,0,0,0,0,0,0,0,0,0,0,0,0,0,0,0,24,0.7739940285682678,0.08668248355388641,1.377566933631897,0.19532108306884766,0.007536000000000001
834,47219.0,546.0,47765.0,47765.0,0.9885690359049514,9.0,0.009,54.0,41819.0,27.0,27.0,6.0,3.0,23628.0,23591.0,528.0,818.0,672.0,382.0,41819.0,418.1900000000004,100.0,1000,1,999,0.10692675004247576,943,0,0,0,0,0,0,0,0,0,0,0,0,0,0,0,28,0,0,0,0,0,0,0,0,0,0,0,0,0,0,1,28,0.36740267276763916,-0.03186682611703873,0.8012714982032776,0.18195070326328278,0.007509000000000002
835,50289.0,854.0,51143.0,51143.0,0.9833017226208866,11.0,0.011,53.0,44989.0,27.0,26.0,7.0,4.0,26094.0,24195.0,1087.0,597.0,113.0,603.0,44989.0,449.89000000000016,100.0,1000,0,1000,0.10640220902860165,947,0,0,0,0,0,0,0,0,0,0,0,0,0,0,0,27,0,0,0,0,0,0,0,0,0,0,0,0,0,0,0,26,0.8165956735610962,0.09408646821975708,1.4475620985031128,0.16998456418514252,0.007481999999999999
836,48958.0,192.0,49150.0,49150.0,0.9960935910478128,3.0,0.003,54.0,43558.0,26.0,28.0,3.0,0.0,24170.0,24788.0,426.0,828.0,774.0,372.0,43558.0,435.57999999999987,100.0,1000,0,1000,0.10709983296692371,946,0,0,0,0,0,0,0,1,0,0,0,0,0,0,0,25,0,0,0,0,0,0,0,0,0,0,0,0,0,0,1,27,0.46205466985702515,0.008805040270090103,0.9088344573974609,0.15661770105361938,0.007455
837,49221.0,573.0,49794.0,49794.0,0.9884925894686106,11.0,0.011,52.0,44021.0,26.0,26.0,4.0,7.0,23888.0,25333.0,843.0,997.0,357.0,203.0,44021.0,440.21000000000026,100.0,1000,0,1000,0.10685741703491658,948,0,0,0,0,0,0,0,0,0,0,0,0,0,1,0,25,0,0,0,0,0,0,0,0,0,0,0,0,0,0,0,26,0.08083533495664597,-0.06114628538489342,0.28641873598098755,0.1652863621711731,0.007428000000000001
838,48027.0,1405.0,49432.0,49432.0,0.9715771160381939,17.0,0.017,52.0,42827.0,29.0,23.0,3.0,14.0,25079.0,22948.0,776.0,411.0,424.0,789.0,42827.0,428.2700000000003,100.0,1000,0,1000,0.1091952919960022,946,0,0,0,0,0,0,0,0,0,0,0,0,0,0,0,29,0,0,0,0,0,0,0,0,0,0,0,0,0,0,0,25,0.6172049641609192,0.023429380729794502,1.1901205778121948,0.17358970642089844,0.007401000000000001
839,49149.0,931.0,50080.0,50080.0,0.9814097444089457,15.0,0.015,55.0,43649.0,28.0,27.0,7.0,8.0,26071.0,23078.0,420.0,1068.0,780.0,132.0,43649.0,436.49,100.0,1000,0,1000,0.10783416603226215,944,0,0,0,0,0,0,0,0,0,0,0,0,0,0,0,29,0,0,0,0,0,0,0,0,0,0,0,0,0,0,0,27,0.4887115955352783,0.03604915365576744,0.9078958630561829,0.1743275225162506,0.007373999999999999
840,48807.0,408.0,49215.0,49215.0,0.9917098445595854,7.0,0.007,51.0,43707.0,26.0,25.0,5.0,2.0,24528.0,24279.0,999.0,392.0,201.0,808.0,43707.0,437.0700000000002,100.0,1000,1,999,0.10706399998161942,949,0,0,0,0,0,0,0,0,0,0,0,0,0,0,0,26,0,0,0,0,0,0,0,0,1,0,0,0,0,0,0,24,0.7432078719139099,0.061600472778081894,1.3658483028411865,0.17921990156173706,0.007346999999999999
841,50610.0,798.0,51408.0,51408.0,0.9844771241830066,13.0,0.013,57.0,44910.0,29.0,28.0,2.0,11.0,24278.0,26332.0,466.0,872.0,734.0,328.0,44910.0,449.09999999999906,100.0,1000,0,1000,0.10903649998363107,943,0,0,0,0,0,0,0,0,1,0,0,0,1,0,0,27,0,0,0,0,0,0,0,0,0,0,0,0,0,0,1,27,0.6796676516532898,0.06965621560811996,1.2228634357452393,0.19402579963207245,0.00732
842,50021.0,358.0,50379.0,50379.0,0.9928938645070366,9.0,0.009,52.0,44821.0,28.0,24.0,4.0,5.0,26568.0,23453.0,650.0,806.0,550.0,394.0,44821.0,448.20999999999987,100.0,1000,1,999,0.10928008297923952,948,0,0,0,0,0,0,0,0,0,0,0,0,0,0,0,28,0,0,0,0,0,0,0,0,0,0,0,0,0,0,0,24,0.559556245803833,0.07366447150707245,0.974801778793335,0.20692698657512665,0.007293000000000001
843,48346.0,1148.0,49494.0,49494.0,0.9768052693255748,13.0,0.013,54.0,42946.0,25.0,29.0,5.0,8.0,22639.0,25707.0,353.0,884.0,847.0,316.0,42946.0,429.45999999999935,100.0,1000,0,1000,0.10982945805881172,946,0,0,0,0,0,0,0,0,0,0,0,0,0,0,0,25,0,0,0,0,0,0,0,0,1,0,0,0,0,0,0,28,0.8835232257843018,0.1286877989768982,1.5123308897018433,0.18304309248924255,0.007266000000000002
844,50088.0,741.0,50829.0,50829.0,0.985421708080033,6.0,0.006,54.0,44688.0,26.0,28.0,2.0,4.0,25367.0,24721.0,741.0,528.0,459.0,33.0,44688.0,446.87999999999863,100.0,1000,1,999,0.10647350002545863,946,0,0,0,0,0,0,0,0,0,0,0,0,0,0,0,26,0,0,0,0,0,0,0,0,0,0,0,0,0,0,0,28,0.8993527293205261,0.03247670456767082,1.7363319396972656,0.17819929122924805,0.007238999999999999
845,50716.0,447.0,51163.0,51163.0,0.9912632175595645,9.0,0.009,56.0,45116.0,30.0,26.0,2.0,7.0,26610.0,24106.0,782.0,766.0,418.0,434.0,45116.0,451.16000000000025,100.0,1000,0,1000,0.10640870803035796,944,0,0,0,0,0,0,0,0,0,0,0,0,0,0,0,30,0,0,0,0,0,0,0,0,0,0,0,0,0,0,0,26,0.6364424228668213,-0.047047048807144165,1.3698562383651733,0.1994752436876297,0.007212
846,49788.0,562.0,50350.0,50350.0,0.9888381330685203,10.0,0.01,51.0,44688.0,26.0,25.0,7.0,3.0,25253.0,24535.0,505.0,95.0,695.0,0.0,44688.0,446.88000000000034,100.0,1000,1,999,0.10658020805567503,948,0,0,0,0,0,0,0,0,1,0,0,0,0,0,0,25,0,0,0,0,0,0,0,0,0,0,0,0,0,0,0,26,0.2152594029903412,-0.035620659589767456,0.5044849514961243,0.18961811065673828,0.007185
847,48705.0,880.0,49585.0,49585.0,0.9822526973883231,13.0,0.013,51.0,43605.0,26.0,25.0,9.0,4.0,25849.0,22856.0,426.0,884.0,774.0,316.0,43605.0,436.0499999999994,100.0,1000,0,1000,0.10659616708289832,949,0,0,0,0,0,0,0,0,0,0,0,0,0,0,0,26,0,0,0,0,0,0,0,0,0,0,0,0,0,0,0,25,0.39116162061691284,0.023670529946684837,0.7379419803619385,0.20674587786197662,0.007158000000000001
848,49171.0,678.0,49849.0,49849.0,0.9863989247527534,12.0,0.012,53.0,43871.0,27.0,26.0,3.0,9.0,23304.0,25867.0,296.0,855.0,904.0,345.0,43871.0,438.7100000000001,100.0,1000,0,1000,0.10716883302666247,946,0,0,0,0,0,0,0,0,0,0,0,0,0,0,0,28,0,0,0,0,0,0,0,0,0,0,0,0,0,0,0,26,0.33323657512664795,-0.0478864386677742,0.7648505568504333,0.18261928856372833,0.0071309999999999985
849,49849.0,617.0,50466.0,50466.0,0.9877739468156779,6.0,0.006,56.0,44249.0,30.0,26.0,2.0,4.0,25683.0,24166.0,1162.0,341.0,38.0,34.0,44249.0,442.4900000000012,100.0,1000,0,1000,0.10853700002189726,944,0,0,0,0,0,0,0,0,0,0,0,0,1,1,0,28,0,0,0,0,0,0,0,0,0,0,0,0,0,0,1,25,0.5211716890335083,-0.08088483661413193,1.2065777778625488,0.1734798103570938,0.007103999999999999
850,48924.0,627.0,49551.0,49551.0,0.9873463704062481,11.0,0.011,52.0,43724.0,27.0,25.0,8.0,3.0,25279.0,23645.0,778.0,641.0,422.0,559.0,43724.0,437.2400000000001,100.0,1000,0,1000,0.10826654103584588,948,0,0,0,0,0,0,0,0,0,0,0,0,0,0,0,27,0,0,0,0,0,0,0,0,0,0,0,0,0,0,0,25,0.377978652715683,0.006853498052805662,0.7449857592582703,0.1932612508535385,0.007077
851,50331.0,1082.0,51413.0,51413.0,0.9789547390737751,9.0,0.009,55.0,44831.0,27.0,28.0,6.0,3.0,25211.0,25120.0,381.0,300.0,819.0,900.0,44831.0,448.31,100.0,1000,0,1000,0.10668587498366833,945,0,0,0,0,0,0,0,0,0,0,0,0,0,0,0,27,0,0,0,0,0,0,0,0,0,0,0,0,0,0,0,28,0.5121176242828369,0.031885307282209396,0.9628672003746033,0.17039473354816437,0.007050000000000001
852,49063.0,695.0,49758.0,49758.0,0.9860323968005145,11.0,0.011,55.0,43563.0,27.0,28.0,9.0,2.0,25003.0,24060.0,227.0,1160.0,973.0,40.0,43563.0,435.6300000000006,100.0,1000,0,1000,0.10705733404029161,944,0,0,0,0,0,0,0,0,1,0,0,0,0,0,1,26,0,0,0,0,0,0,0,1,0,0,0,0,0,0,0,27,0.42400211095809937,0.0273828636854887,0.7959164381027222,0.19065454602241516,0.007022999999999998
853,50407.0,931.0,51338.0,51338.0,0.9818652849740933,14.0,0.014,55.0,44907.0,26.0,29.0,6.0,8.0,24782.0,25625.0,578.0,965.0,622.0,235.0,44907.0,449.06999999999994,100.0,1000,0,1000,0.10677195794414729,945,0,0,0,0,0,0,0,0,0,0,0,0,0,0,0,26,0,0,0,0,0,0,0,0,0,0,0,0,0,0,0,29,0.28008168935775757,-0.027338048443198204,0.6171972155570984,0.16850610077381134,0.006995999999999999
854,49447.0,862.0,50309.0,50309.0,0.9828658888071716,16.0,0.016,51.0,44347.0,27.0,24.0,2.0,14.0,24621.0,24826.0,1057.0,315.0,143.0,885.0,44347.0,443.46999999999997,100.0,1000,0,1000,0.10753254103474319,949,0,0,0,0,0,0,0,0,0,0,0,0,0,0,0,27,0,0,0,0,0,0,0,0,0,0,0,0,0,0,0,24,0.24874606728553772,-0.026964139193296432,0.5540027022361755,0.18527202308177948,0.0069689999999999995
855,49246.0,901.0,50147.0,50147.0,0.9820328234989132,17.0,0.017,50.0,44246.0,23.0,27.0,11.0,6.0,23869.0,25377.0,511.0,851.0,689.0,349.0,44246.0,442.45999999999964,100.0,1000,0,1000,0.10694850003346801,950,0,0,0,0,0,0,0,0,0,0,0,0,0,0,0,23,0,0,0,0,1,0,0,0,0,0,0,0,0,0,0,26,0.5052580237388611,0.0938916727900505,0.8248566389083862,0.15298232436180115,0.006942
856,45118.0,1227.0,46345.0,46345.0,0.9735246520660266,20.0,0.02,48.0,40318.0,25.0,23.0,9.0,11.0,22853.0,22265.0,1172.0,910.0,28.0,290.0,40318.0,403.17999999999904,100.0,1000,0,1000,0.10895941709168255,952,0,0,0,0,0,0,0,0,0,0,0,0,0,0,0,25,0,0,0,0,0,0,0,0,0,0,0,0,0,0,0,23,0.4873109757900238,-0.15221300721168518,1.2814838886260986,0.17613469064235687,0.006915000000000001
857,47363.0,1695.0,49058.0,49058.0,0.9654490602959762,20.0,0.02,51.0,42263.0,25.0,26.0,7.0,13.0,23290.0,24073.0,1038.0,617.0,162.0,583.0,42263.0,422.6300000000004,100.0,1000,0,1000,0.1065049160970375,948,0,0,0,0,0,0,0,0,0,0,0,0,0,0,0,25,0,0,0,0,0,0,0,0,0,0,0,0,0,0,0,27,0.513059139251709,0.06625105440616608,0.896712064743042,0.22472986578941345,0.006887999999999998
858,46341.0,759.0,47100.0,47100.0,0.9838853503184714,10.0,0.01,52.0,41141.0,27.0,25.0,3.0,7.0,22799.0,23542.0,198.0,733.0,0.0,467.0,41141.0,411.40999999999997,100.0,1000,0,1000,0.10709208296611905,948,0,0,0,0,0,0,0,0,0,0,0,0,0,0,0,27,0,0,0,0,0,0,0,0,0,0,0,0,0,0,0,25,0.3699953258037567,0.0012488940265029669,0.7393385767936707,0.13450655341148376,0.006860999999999999
859,49260.0,844.0,50104.0,50104.0,0.9831550375219543,14.0,0.014,56.0,43660.0,28.0,28.0,6.0,8.0,23644.0,25616.0,1200.0,356.0,0.0,844.0,43660.0,436.6000000000001,100.0,1000,0,1000,0.10907458292786032,944,0,0,0,1,0,0,0,0,0,0,0,0,0,1,0,26,0,0,0,0,0,0,0,0,0,0,0,0,0,0,0,28,0.5292087197303772,-0.10138899832963943,1.2633296251296997,0.15614920854568481,0.006834
860,48679.0,735.0,49414.0,49414.0,0.9851256728862265,11.0,0.011,52.0,43479.0,25.0,27.0,4.0,7.0,23623.0,25056.0,600.0,737.0,600.0,463.0,43479.0,434.7900000000001,100.0,1000,0,1000,0.10875437501817942,948,0,0,0,0,0,0,0,0,0,0,0,0,0,0,0,25,0,0,0,0,0,0,0,0,0,0,0,0,0,0,0,27,0.2971492111682892,0.05367705598473549,0.4894980788230896,0.18758165836334229,0.0068070000000000006
861,49404.0,543.0,49947.0,49947.0,0.9891284761847559,10.0,0.01,55.0,43904.0,28.0,27.0,4.0,6.0,24953.0,24451.0,511.0,716.0,689.0,484.0,43904.0,439.0399999999992,100.0,1000,0,1000,0.10640383302234113,944,0,0,0,0,0,0,0,0,1,0,0,0,0,0,0,28,0,0,0,0,0,0,0,0,0,0,0,0,0,0,0,27,0.3214551508426666,-0.03862956166267395,0.7223758697509766,0.1627189666032791,0.006779999999999998
862,50210.0,251.0,50461.0,50461.0,0.9950258615564496,5.0,0.005,54.0,44810.0,26.0,28.0,3.0,2.0,24284.0,25926.0,1011.0,1075.0,189.0,125.0,44810.0,448.1000000000001,100.0,1000,0,1000,0.1065524579025805,946,0,0,0,0,0,0,0,0,0,0,0,0,0,0,1,25,0,0,0,0,0,0,0,0,0,0,0,0,0,0,0,28,0.6492164134979248,0.10154343396425247,1.0973289012908936,0.1468152105808258,0.006752999999999999
863,50343.0,612.0,50955.0,50955.0,0.9879894024138947,8.0,0.008,54.0,44943.0,27.0,27.0,2.0,6.0,25347.0,24996.0,313.0,1146.6875,65.0,53.3125,44943.0,449.4299999999992,100.0,1000,0,1000,0.10919583402574062,946,0,0,0,0,0,0,0,0,0,0,0,0,0,0,0,27,0,0,0,0,0,0,0,0,1,0,0,0,0,0,0,26,0.7703434824943542,0.008501064963638783,1.5256984233856201,0.1496814340353012,0.006725999999999999
864,49333.0,1296.0,50629.0,50629.0,0.9744020225562424,14.0,0.014,50.0,44333.0,24.0,26.0,6.0,8.0,23510.0,25823.0,1169.0,1088.0,31.0,112.0,44333.0,443.32999999999987,100.0,1000,0,1000,0.10803879203740507,950,0,0,0,0,0,0,0,0,0,0,0,0,0,0,0,24,0,0,0,0,0,0,0,0,0,0,0,0,0,0,1,25,0.2741536498069763,-0.051712192595005035,0.6538079380989075,0.1549687534570694,0.006699
865,50014.0,1342.0,51356.0,51356.0,0.9738686813614768,23.0,0.023,51.0,44914.0,26.0,25.0,8.0,15.0,25231.0,24783.0,1035.0,1068.0,165.0,132.0,44914.0,449.14,100.0,1000,0,1000,0.10616474994458258,949,0,0,0,0,0,0,0,0,0,0,0,0,0,0,0,26,0,0,0,0,0,0,0,0,0,0,0,1,0,0,1,23,0.6021050214767456,-0.05608179792761803,1.318274974822998,0.1424873024225235,0.006672000000000001
866,48303.0,2262.0,50565.0,50565.0,0.9552654998516761,42.0,0.042,47.0,43603.0,24.0,23.0,20.0,22.0,23659.0,24644.0,655.0,465.0,545.0,735.0,43603.0,436.02999999999895,100.0,1000,1,999,0.10843116603791714,953,0,0,0,0,0,0,1,0,0,0,0,0,0,0,0,23,0,0,0,0,0,0,0,0,0,0,0,0,0,0,0,23,0.8675297498703003,0.15108010172843933,1.4355908632278442,0.20252491533756256,0.006644999999999998
867,48315.0,1371.0,49686.0,49686.0,0.9724067141649559,24.0,0.024,49.0,43415.0,23.0,26.0,16.0,8.0,22517.0,25798.0,1109.0,401.0,91.0,799.0,43415.0,434.1499999999994,100.0,1000,0,1000,0.10624829202424735,951,0,0,0,0,0,0,0,0,0,0,0,0,0,0,0,23,0,0,0,0,0,0,0,0,0,0,0,0,0,0,1,25,0.3288949131965637,-0.046660661697387695,0.7536329627037048,0.19052602350711823,0.006617999999999999
868,48769.0,1053.0,49822.0,49822.0,0.9788647585404039,19.0,0.019,52.0,43569.0,26.0,26.0,12.0,7.0,23860.0,24909.0,888.0,24.0,312.0,1176.0,43569.0,435.6900000000003,100.0,1000,0,1000,0.10632054100278765,948,0,0,0,0,0,0,0,0,0,0,0,0,0,0,0,26,0,0,0,0,0,0,0,0,0,0,0,0,0,0,0,26,0.35580724477767944,-0.0774010568857193,0.8684647679328918,0.1553754210472107,0.006591
869,48777.0,1071.0,49848.0,49848.0,0.9785146846413095,19.0,0.019,51.0,43677.0,25.0,26.0,12.0,7.0,24571.0,24206.0,705.0,998.0,495.0,202.0,43677.0,436.7700000000003,100.0,1000,0,1000,0.10925995802972466,949,0,0,0,1,0,0,0,0,0,0,0,0,0,0,0,24,0,0,0,0,0,0,0,0,0,0,0,0,0,0,2,24,0.5446796417236328,0.04736465960741043,0.9970300197601318,0.18281765282154083,0.006564
870,49822.0,823.0,50645.0,50645.0,0.983749629775891,14.0,0.014,53.0,44522.0,27.0,26.0,6.0,8.0,24624.0,25198.0,771.0,302.0,429.0,898.0,44522.0,445.2200000000003,100.0,1000,0,1000,0.10712479101493955,947,0,0,0,0,0,0,0,0,1,0,0,0,0,0,0,26,0,0,0,0,0,0,0,0,0,0,0,0,0,0,0,26,0.42831411957740784,0.021195776760578156,0.8166245818138123,0.18264369666576385,0.006536999999999998
871,48737.0,1057.0,49794.0,49794.0,0.9787725428766518,18.0,0.018,49.0,43837.0,25.0,24.0,7.0,11.0,23746.0,24991.0,1099.0,471.0,101.0,729.0,43837.0,438.36999999999955,100.0,1000,0,1000,0.10676679201424122,950,0,0,0,0,0,0,0,0,0,0,0,0,0,1,0,24,0,0,0,0,0,0,0,0,0,0,0,0,0,0,0,25,0.5550622344017029,0.02979316934943199,1.0527952909469604,0.1733546406030655,0.006509999999999998
872,49233.0,634.0,49867.0,49867.0,0.987286181242104,9.0,0.009,52.0,44033.0,25.0,27.0,7.0,2.0,23555.0,25678.0,579.0,880.0,621.0,320.0,44033.0,440.33000000000027,100.0,1000,0,1000,0.10626654198858887,948,0,0,0,0,0,0,0,0,0,0,0,1,0,0,0,24,0,0,0,0,0,0,0,0,0,0,0,0,0,0,0,27,0.21144312620162964,-0.01060706190764904,0.4461492896080017,0.1580209732055664,0.006482999999999999
873,49202.0,3049.0,52251.0,52251.0,0.9416470498172284,34.0,0.034,50.0,44202.0,24.0,26.0,22.0,12.0,25128.0,24074.0,63.0,1055.0,27.0,145.0,44202.0,442.0199999999997,100.0,1000,0,1000,0.1066412499640137,949,0,0,0,0,0,0,0,0,0,0,0,0,0,0,0,24,0,0,0,0,0,0,0,0,0,0,0,0,0,0,0,27,0.26402029395103455,-0.15340963006019592,0.8370038866996765,0.1660517007112503,0.006456
874,48713.0,1021.0,49734.0,49734.0,0.9794707845739333,18.0,0.018,48.0,43913.0,23.0,25.0,12.0,6.0,23349.0,25364.0,808.0,638.0,392.0,562.0,43913.0,439.1299999999994,100.0,1000,0,1000,0.10830675007309765,950,0,0,0,0,0,0,0,0,0,0,0,0,1,0,1,21,0,0,0,0,0,0,0,0,0,0,0,0,0,0,0,27,0.3141030967235565,0.003920148592442274,0.6227042078971863,0.18185290694236755,0.006429000000000001
875,49331.0,1854.0,51185.0,51185.0,0.9637784507179837,27.0,0.027,54.0,43931.0,25.0,29.0,8.0,19.0,23343.0,25988.0,1200.0,428.0,0.0,772.0,43931.0,439.3100000000002,100.0,1000,1,999,0.1087105420883745,946,0,0,0,0,0,0,0,0,0,0,0,0,0,0,0,25,0,0,0,0,0,0,0,0,0,0,0,0,0,0,1,28,0.5141248106956482,0.03889348730444908,0.9529706835746765,0.19587872922420502,0.006401999999999998
876,48878.0,638.0,49516.0,49516.0,0.9871152758704257,9.0,0.009,50.0,43878.0,25.0,25.0,2.0,7.0,24044.0,24834.0,274.0,877.0,926.0,323.0,43878.0,438.77999999999963,100.0,1000,0,1000,0.10750774992629886,950,0,0,0,0,0,0,0,0,0,0,0,0,0,0,0,25,0,0,0,0,0,0,0,0,0,0,0,0,0,0,0,25,0.5627151131629944,-0.014776468276977539,1.1574594974517822,0.19422116875648499,0.006374999999999999
877,49100.0,960.0,50060.0,50060.0,0.9808230123851378,15.0,0.015,52.0,43900.0,26.0,26.0,14.0,1.0,25170.0,23930.0,214.0,943.0,39.0,257.0,43900.0,438.9999999999997,100.0,1000,0,1000,0.10657775006256998,947,0,0,0,0,0,0,0,0,0,0,0,0,0,0,0,26,0,0,0,0,0,0,0,0,0,0,0,0,0,0,0,27,0.36966490745544434,-0.010929705575108528,0.7636678218841553,0.19522561132907867,0.0063479999999999995
878,48048.0,686.0,48734.0,48734.0,0.9859235851766733,12.0,0.012,51.0,42948.0,26.0,25.0,3.0,9.0,24420.0,23628.0,1200.0,448.0,0.0,752.0,42948.0,429.48000000000036,100.0,1000,0,1000,0.10746491700410843,949,0,0,0,0,0,0,0,0,0,0,0,0,0,0,0,26,0,0,0,0,0,0,0,0,0,0,0,0,0,0,2,23,0.6768054962158203,0.0819241926074028,1.191545844078064,0.14105862379074097,0.006321
879,48220.0,868.0,49088.0,49088.0,0.9823174706649282,17.0,0.017,49.0,43320.0,22.0,27.0,12.0,5.0,23534.0,24686.0,229.0,1158.0,971.0,42.0,43320.0,433.2000000000007,100.0,1000,1,999,0.11157525004819036,951,0,0,0,0,0,0,0,0,0,0,0,0,0,0,0,22,0,0,0,0,0,1,0,0,0,0,0,0,0,0,0,26,0.38709402084350586,-0.044502221047878265,0.8657723069190979,0.20494091510772705,0.0062939999999999975
880,51675.0,1341.0,53016.0,53016.0,0.9747057492077863,16.0,0.016,53.0,46375.0,27.0,26.0,10.0,6.0,25762.0,25913.0,723.0,140.0,477.0,69.0,46375.0,463.75000000000085,100.0,1000,0,1000,0.10876137495506555,946,0,0,0,0,0,0,0,0,0,0,0,0,0,2,0,25,0,0,0,0,0,0,0,0,0,0,0,0,0,0,0,27,0.7887421250343323,0.036888476461172104,1.50604248046875,0.18631139397621155,0.006266999999999998
881,49963.0,1366.0,51329.0,51329.0,0.9733873638683785,18.0,0.018,53.0,44663.0,24.0,29.0,14.0,4.0,24160.0,25803.0,837.0,496.0,363.0,704.0,44663.0,446.6299999999993,100.0,1000,0,1000,0.11046058300416917,947,0,0,0,0,0,0,0,0,0,0,0,0,0,0,0,24,0,0,0,0,0,0,0,0,0,0,0,0,0,0,0,29,0.8215014934539795,0.0447077639400959,1.55562162399292,0.1629984974861145,0.006239999999999999
882,48937.0,400.0,49337.0,49337.0,0.9918924944767619,6.0,0.006,53.0,43637.0,26.0,27.0,4.0,2.0,24835.0,24102.0,1101.0,530.0,99.0,670.0,43637.0,436.3699999999999,100.0,1000,0,1000,0.10634945798665285,947,0,0,0,0,0,0,0,0,0,0,0,0,0,1,0,25,0,0,0,0,1,0,0,0,0,0,0,0,0,0,1,25,0.3894194960594177,-0.024180959910154343,0.8291663527488708,0.1581745743751526,0.006213
883,48808.0,1370.0,50178.0,50178.0,0.9726971979752083,15.0,0.015,51.0,43708.0,24.0,27.0,13.0,2.0,23394.0,25414.0,837.0,156.0,363.0,1044.0,43708.0,437.0799999999993,100.0,1000,1,999,0.10649562499020249,949,0,0,0,0,0,0,0,0,0,0,0,0,0,0,0,24,0,0,0,0,0,0,0,0,0,0,0,0,0,0,0,27,0.631855845451355,0.059631094336509705,1.1468392610549927,0.19316378235816956,0.0061860000000000005
884,50364.0,540.0,50904.0,50904.0,0.9893917963224894,9.0,0.009,55.0,44864.0,27.0,28.0,6.0,3.0,25119.0,25245.0,934.25,557.0,265.75,643.0,44864.0,448.6400000000005,100.0,1000,0,1000,0.10738354094792157,945,0,0,0,0,0,0,0,0,0,0,0,0,1,0,0,26,0,0,0,0,0,0,0,0,0,0,0,0,0,0,0,28,0.5675792098045349,0.030571989715099335,1.0764774084091187,0.19994525611400604,0.006158999999999998
885,48703.0,442.0,49145.0,49145.0,0.9910062061247329,6.0,0.006,53.0,43403.0,27.0,26.0,5.0,1.0,24715.0,23988.0,681.0,360.0,519.0,840.0,43403.0,434.02999999999963,100.0,1000,0,1000,0.10896162502467632,944,0,0,0,0,0,0,0,0,0,0,0,0,0,0,0,27,0,0,0,0,0,0,0,0,0,0,0,0,0,0,0,29,0.26255249977111816,-0.005623887293040752,0.5382635593414307,0.155807763338089,0.0061319999999999986
886,48531.0,409.0,48940.0,48940.0,0.9916428279525951,4.0,0.004,53.0,43231.0,26.0,27.0,2.0,2.0,23830.0,24701.0,33.0,740.0,21.0,460.0,43231.0,432.3100000000009,100.0,1000,1,999,0.10613804194144905,947,0,0,0,0,0,0,0,0,0,0,0,0,0,0,0,26,0,0,0,0,0,0,0,0,0,0,0,0,0,0,0,27,0.3939516842365265,0.0021580683533102274,0.7857937216758728,0.1807129979133606,0.006104999999999999
887,49700.0,1210.0,50910.0,50910.0,0.9762325672755844,17.0,0.017,56.0,44100.0,25.0,31.0,12.0,5.0,23570.0,26130.0,1100.0,1167.0,100.0,33.0,44100.0,440.99999999999943,100.0,1000,1,999,0.10696770891081542,944,0,0,0,0,0,0,0,0,0,0,0,1,0,0,0,24,1,0,0,0,0,0,0,0,0,0,0,0,0,0,0,30,0.506754994392395,0.01764841563999653,0.9799779057502747,0.1451803594827652,0.006078
888,48761.0,1212.0,49973.0,49973.0,0.975746903327797,19.0,0.019,47.0,44061.0,23.0,24.0,12.0,7.0,24399.0,24362.0,490.0,186.0,710.0,1014.0,44061.0,440.6100000000003,100.0,1000,0,1000,0.10705375007819384,952,0,0,0,0,0,0,0,0,0,0,0,0,0,0,0,24,0,0,0,0,0,0,0,0,0,0,0,0,0,0,1,23,0.585338830947876,-0.012543569318950176,1.198173999786377,0.1990755945444107,0.006050999999999997
889,47933.0,1003.0,48936.0,48936.0,0.979503841752493,15.0,0.015,50.0,42933.0,24.0,26.0,13.0,2.0,24187.0,23746.0,892.0,399.0,308.0,801.0,42933.0,429.3299999999999,100.0,1000,0,1000,0.10694408300332725,950,0,0,0,0,0,0,0,0,0,0,0,0,0,1,0,23,0,0,0,0,0,0,0,0,0,0,0,0,0,0,0,26,0.1411399096250534,-0.09151975065469742,0.46718958020210266,0.1552332192659378,0.006023999999999998
890,49014.0,1448.0,50462.0,50462.0,0.9713051405017638,19.0,0.019,55.0,43514.0,25.0,30.0,11.0,8.0,23353.0,25661.0,1069.0,627.0,131.0,573.0,43514.0,435.1399999999991,100.0,1000,1,999,0.10666087490972131,945,0,0,0,0,0,0,0,1,1,0,0,0,0,0,0,23,0,0,0,0,0,1,0,0,0,0,0,0,0,0,0,29,0.5166290402412415,-0.04743519425392151,1.129809021949768,0.14011132717132568,0.005996999999999999
891,49947.0,235.0,50182.0,50182.0,0.9953170459527321,6.0,0.006,54.0,44547.0,28.0,26.0,1.0,5.0,26099.0,23848.0,1038.0,4.0,162.0,0.0,44547.0,445.4700000000006,100.0,1000,0,1000,0.11371391697321087,945,0,0,0,0,0,0,0,0,0,0,0,0,0,0,0,28,0,0,0,0,0,0,0,0,0,0,0,0,0,0,0,27,0.4587867259979248,-0.01315104216337204,0.9456958174705505,0.1524510383605957,0.00597
892,49617.0,863.0,50480.0,50480.0,0.9829041204437401,9.0,0.009,51.0,44517.0,24.0,27.0,5.0,4.0,23866.0,25751.0,599.0,809.0,601.0,391.0,44517.0,445.1700000000003,100.0,1000,1,999,0.11132124997675419,948,0,0,0,0,0,0,0,0,0,0,0,0,0,0,0,24,0,0,0,0,0,0,0,0,0,0,0,0,0,0,0,28,0.5172437429428101,0.023174438625574112,0.9902405738830566,0.17684882879257202,0.005943
893,48942.0,128.0,49070.0,49070.0,0.9973914815569594,3.0,0.003,54.0,43542.0,25.0,29.0,3.0,0.0,24945.0,23997.0,420.0,1088.0,780.0,112.0,43542.0,435.42000000000036,100.0,1000,0,1000,0.10720462503377348,946,0,0,0,0,0,0,0,0,0,0,0,0,0,0,0,25,0,0,0,0,0,0,0,0,0,0,0,0,0,0,0,29,0.3363235890865326,0.03597373142838478,0.6023795008659363,0.14196693897247314,0.005915999999999998
894,49013.0,943.0,49956.0,49956.0,0.9811233885819521,18.0,0.018,52.0,43813.0,26.0,26.0,12.0,6.0,25837.0,23176.0,523.5625,951.0,676.4375,249.0,43813.0,438.1300000000002,100.0,1000,0,1000,0.10694074991624802,948,0,0,0,0,0,0,0,0,0,0,0,0,1,0,0,25,0,1,0,0,0,0,0,0,0,0,0,0,0,0,0,25,0.4850453734397888,0.03212428465485573,0.9078725576400757,0.1723887026309967,0.005888999999999998
895,49552.0,593.0,50145.0,50145.0,0.9881742945458172,7.0,0.007,53.0,44252.0,26.0,27.0,6.0,1.0,24153.0,25399.0,209.0,465.0,0.0,735.0,44252.0,442.51999999999924,100.0,1000,0,1000,0.10706691700033844,947,0,0,0,1,0,0,0,0,0,0,0,0,1,0,0,24,0,0,0,0,0,0,0,0,0,0,0,0,0,0,0,27,0.5483153462409973,-0.016034413129091263,1.1310261487960815,0.1984485238790512,0.005861999999999999
896,51088.0,779.0,51867.0,51867.0,0.9849808163186612,13.0,0.013,56.0,45488.0,27.0,29.0,3.0,10.0,24483.0,26605.0,394.0,360.0,24.0,840.0,45488.0,454.88000000000073,100.0,1000,0,1000,0.10674829094205052,944,0,0,0,0,0,0,0,0,0,0,0,0,0,0,0,27,0,0,0,0,0,0,0,0,0,0,0,0,0,0,0,29,0.3566790223121643,-0.03326371684670448,0.7819620370864868,0.17793875932693481,0.005835
897,50717.0,783.0,51500.0,51500.0,0.9847961165048543,16.0,0.016,53.0,45417.0,25.0,28.0,1.0,15.0,23079.0,27638.0,759.0,1161.0,441.0,39.0,45417.0,454.1699999999998,100.0,1000,1,999,0.1074484579730779,947,0,0,0,0,0,0,0,0,0,0,0,0,0,0,0,25,0,0,0,0,0,0,0,0,0,0,0,0,0,0,0,28,0.7845355272293091,0.1522454023361206,1.2669471502304077,0.20376084744930267,0.005807999999999997
898,49212.0,691.0,49903.0,49903.0,0.9861531370859468,14.0,0.014,54.0,43812.0,28.0,26.0,10.0,4.0,25055.0,24157.0,941.0,784.0,259.0,416.0,43812.0,438.1200000000001,100.0,1000,0,1000,0.10686516703572124,946,0,0,0,0,0,0,0,0,0,0,0,0,0,0,0,28,0,0,0,0,0,0,0,0,0,0,0,0,0,0,0,26,0.5267837047576904,0.015836279839277267,1.024226188659668,0.20163990557193756,0.005780999999999998
899,48083.0,637.0,48720.0,48720.0,0.9869252873563218,8.0,0.008,56.0,42483.0,27.0,29.0,8.0,0.0,24841.0,23242.0,710.0,1106.0,490.0,94.0,42483.0,424.82999999999987,100.0,1000,0,1000,0.10649012494832277,944,0,0,0,0,0,0,0,0,0,0,0,0,0,0,0,27,0,0,0,0,0,0,0,0,0,0,0,0,0,0,1,28,0.531933069229126,0.06774918735027313,0.9302251935005188,0.16140581667423248,0.005753999999999999
900,47590.0,864.0,48454.0,48454.0,0.9821686548066207,13.0,0.013,49.0,42690.0,24.0,25.0,5.0,8.0,22609.0,24981.0,908.0,300.0,292.0,900.0,42690.0,426.8999999999996,100.0,1000,1,999,0.10720399999991059,950,0,0,0,0,0,0,0,0,0,0,0,0,0,0,0,25,0,0,0,0,0,0,0,0,0,0,0,0,0,0,0,25,0.26828986406326294,0.022578250616788864,0.4935968220233917,0.1897655874490738,0.0057269999999999995
901,50055.0,603.0,50658.0,50658.0,0.9880966481108611,8.0,0.008,54.0,44655.0,25.0,29.0,4.0,4.0,23329.0,26726.0,591.0,780.0,609.0,420.0,44655.0,446.5500000000004,100.0,1000,0,1000,0.10611024999525398,946,0,0,0,0,0,0,0,0,1,0,0,0,0,0,0,24,0,0,0,0,0,0,0,0,0,0,0,0,0,0,0,29,0.6422953009605408,0.023864170536398888,1.2386990785598755,0.1611223816871643,0.0057
902,48327.0,646.0,48973.0,48973.0,0.9868090580523963,14.0,0.014,52.0,43127.0,24.0,28.0,13.0,1.0,24538.0,23789.0,927.0,395.0,273.0,805.0,43127.0,431.26999999999987,100.0,1000,0,1000,0.1070016659796238,947,0,0,0,0,0,0,0,0,0,0,0,0,0,0,0,24,0,0,0,1,0,0,0,0,0,0,0,0,0,0,1,27,0.3103039562702179,-0.10022486746311188,0.8231933116912842,0.18823355436325073,0.0056729999999999975
903,50106.0,690.0,50796.0,50796.0,0.9864162532482873,11.0,0.011,54.0,44706.0,26.0,28.0,10.0,1.0,25658.0,24448.0,1078.0,436.0,122.0,764.0,44706.0,447.0599999999985,100.0,1000,1,999,0.10659770795609802,946,0,0,0,0,0,0,0,0,0,0,0,0,0,0,0,26,0,0,0,0,0,0,0,0,0,0,0,0,0,0,0,28,0.29813462495803833,-0.05604926869273186,0.710728108882904,0.20902876555919647,0.005645999999999998
904,50722.0,240.0,50962.0,50962.0,0.995290608688827,4.0,0.004,56.0,45122.0,27.0,29.0,3.0,1.0,25015.0,25707.0,834.0,818.0,366.0,382.0,45122.0,451.2199999999999,100.0,1000,0,1000,0.10664329200517386,942,0,0,0,0,0,0,0,0,0,0,0,0,0,0,0,27,0,0,0,0,0,0,0,0,0,0,0,0,0,0,0,31,0.2605167627334595,-0.07438270002603531,0.6719691753387451,0.19311651587486267,0.005618999999999999
905,51028.0,342.0,51370.0,51370.0,0.9933424177535527,4.0,0.004,58.0,45228.0,27.0,31.0,2.0,2.0,25399.0,25629.0,657.0,604.0,543.0,596.0,45228.0,452.28000000000026,100.0,1000,0,1000,0.10886508401017636,940,0,0,0,0,0,0,0,0,0,0,0,0,0,0,0,27,0,0,0,0,0,0,0,0,0,0,0,0,0,0,0,33,0.7088115811347961,0.016278477385640144,1.3869602680206299,0.1693570762872696,0.005592
906,49688.0,347.0,50035.0,50035.0,0.9930648546017787,7.0,0.007,56.0,44088.0,30.0,26.0,3.0,4.0,25546.0,24142.0,875.0,488.0,325.0,712.0,44088.0,440.87999999999937,100.0,1000,0,1000,0.1085505000082776,944,0,0,0,0,0,0,0,0,0,0,0,0,0,0,0,30,0,0,0,0,0,0,0,0,0,0,0,0,0,0,0,26,0.5612239241600037,0.05376555025577545,1.0168700218200684,0.17549048364162445,0.005564999999999997
907,49905.0,431.0,50336.0,50336.0,0.9914375397329943,7.0,0.007,57.0,44205.0,29.0,28.0,7.0,0.0,25952.0,23953.0,705.0,991.0,495.0,209.0,44205.0,442.05000000000035,100.0,1000,0,1000,0.10743045806884766,943,0,0,0,0,0,0,0,0,0,0,0,0,0,0,1,28,0,0,0,0,0,0,0,0,0,0,0,0,0,0,1,27,0.6569402813911438,0.10950511693954468,1.096557855606079,0.15236403048038483,0.005537999999999998
908,49644.0,221.0,49865.0,49865.0,0.9955680336909656,3.0,0.003,56.0,44044.0,26.0,30.0,1.0,2.0,25707.0,23937.0,367.0,723.0,833.0,477.0,44044.0,440.44000000000034,100.0,1000,1,999,0.10700754192657769,944,0,0,0,0,1,0,0,0,0,0,0,0,0,0,0,25,0,0,0,0,0,0,0,0,0,1,0,0,0,0,0,29,0.3768710792064667,0.05171189457178116,0.6522344350814819,0.17383898794651031,0.0055109999999999985
909,49963.0,1250.0,51213.0,51213.0,0.975592134809521,12.0,0.012,52.0,44763.0,26.0,26.0,6.0,6.0,25205.0,24758.0,607.0,620.0,593.0,580.0,44763.0,447.63000000000017,100.0,1000,0,1000,0.10737587499897927,947,0,0,0,0,0,0,0,0,0,0,0,0,0,0,0,27,0,0,0,0,0,0,0,0,0,0,0,0,0,0,0,26,0.49068915843963623,-0.016580455005168915,1.016142725944519,0.1461978256702423,0.005483999999999999
910,49704.0,810.0,50514.0,50514.0,0.9839648414300985,13.0,0.013,52.0,44504.0,26.0,26.0,3.0,10.0,24567.0,25137.0,642.0,177.0,558.0,191.8125,44504.0,445.0399999999995,100.0,1000,0,1000,0.10726220801007003,948,0,0,0,0,0,0,0,0,0,0,0,0,0,0,0,26,0,0,0,0,0,0,0,0,0,0,0,0,1,0,0,25,0.44989269971847534,0.014098482206463814,0.8731494545936584,0.1430308222770691,0.005457
911,47792.0,1208.0,49000.0,49000.0,0.9753469387755102,22.0,0.022,49.0,42892.0,24.0,25.0,15.0,7.0,24206.0,23586.0,337.0,265.0,647.25,165.3125,42892.0,428.91999999999973,100.0,1000,1,999,0.10649729205761105,951,0,0,0,1,0,0,0,0,0,0,0,0,0,0,0,23,0,0,0,0,0,0,0,0,0,0,0,0,0,0,1,24,0.3633648455142975,-0.07288843393325806,0.8748078942298889,0.2119077742099762,0.005429999999999997
912,48891.0,513.0,49404.0,49404.0,0.9896162254068497,8.0,0.008,54.0,43491.0,27.0,27.0,2.0,6.0,22671.0,26220.0,798.0,621.0,402.0,579.0,43491.0,434.9100000000002,100.0,1000,0,1000,0.10713208408560604,946,0,0,0,0,0,0,0,0,0,0,0,0,0,0,1,26,0,0,0,0,0,0,0,0,0,0,0,0,0,0,0,27,0.23908738791942596,-0.11886323988437653,0.7176309823989868,0.16006962954998016,0.005402999999999998
913,48782.0,361.0,49143.0,49143.0,0.9926540911218281,6.0,0.006,52.0,43582.0,25.0,27.0,4.0,2.0,24214.0,24568.0,718.0,1041.0,482.0,159.0,43582.0,435.81999999999886,100.0,1000,0,1000,0.1068500829860568,948,0,0,0,0,0,0,0,0,0,0,0,0,0,0,1,24,0,0,0,0,0,0,0,0,0,0,0,0,0,0,1,26,0.6800891160964966,-0.01656651869416237,1.3947738409042358,0.13603246212005615,0.005375999999999999
914,49433.0,691.0,50124.0,50124.0,0.9862141888117468,13.0,0.013,51.0,44333.0,25.0,26.0,7.0,6.0,24984.0,24449.0,413.0,392.0,787.0,808.0,44333.0,443.3299999999994,100.0,1000,0,1000,0.10733658401295543,949,0,0,0,0,0,0,0,0,0,0,0,0,0,0,0,25,0,0,0,0,0,0,0,0,0,0,0,0,0,0,0,26,0.1809031367301941,0.012567433528602123,0.33847400546073914,0.16849787533283234,0.005349
915,49417.0,843.0,50260.0,50260.0,0.9832272184639873,15.0,0.015,52.0,44217.0,25.0,27.0,10.0,5.0,25297.0,24120.0,91.0,1035.0,1109.0,165.0,44217.0,442.1699999999998,100.0,1000,1,999,0.10696766606997699,948,0,0,0,0,0,0,0,0,0,0,0,0,0,0,0,25,0,0,0,0,0,0,0,0,0,0,0,0,0,0,1,26,0.23358936607837677,-0.07487482577562332,0.6189570426940918,0.19059306383132935,0.005321999999999997
916,47806.0,1272.0,49078.0,49078.0,0.9740820734341252,15.0,0.015,47.0,43106.0,23.0,24.0,3.0,12.0,22644.0,25162.0,654.0,293.0,546.0,907.0,43106.0,431.05999999999926,100.0,1000,0,1000,0.10700412502046674,953,0,0,0,0,0,0,0,0,0,0,0,0,0,0,0,23,0,0,0,0,0,0,0,0,0,0,0,0,0,0,0,24,0.3810385465621948,-0.04380950331687927,0.8518959283828735,0.20772764086723328,0.005294999999999998
917,50292.0,84.0,50376.0,50376.0,0.9983325393044307,3.0,0.003,54.0,44892.0,26.0,28.0,3.0,0.0,24661.0,25631.0,300.0,567.0,0.0,633.0,44892.0,448.92000000000024,100.0,1000,0,1000,0.1078092500101775,946,0,0,0,0,0,0,0,0,0,0,0,0,0,0,0,26,0,0,0,0,0,0,0,0,0,0,0,0,0,0,0,28,0.5471330285072327,0.06523001194000244,0.9657403230667114,0.18358804285526276,0.005267999999999998
918,49647.0,1012.0,50659.0,50659.0,0.9800232929982826,21.0,0.021,52.0,44447.0,25.0,27.0,16.0,5.0,24648.0,24999.0,570.0,797.0,630.0,403.0,44447.0,444.469999999999,100.0,1000,0,1000,0.10871620802208781,948,0,0,0,0,0,0,0,0,0,0,0,0,0,0,0,25,0,0,0,0,0,0,0,0,0,0,0,0,0,0,0,27,0.7640117406845093,0.02562841959297657,1.4788531064987183,0.199054554104805,0.005240999999999999
919,49506.0,196.0,49702.0,49702.0,0.9960564967204539,3.0,0.003,53.0,44206.0,24.0,29.0,1.0,2.0,23562.0,25944.0,828.0,336.0,372.0,864.0,44206.0,442.06000000000057,100.0,1000,0,1000,0.10883375001139939,946,0,0,0,0,0,0,0,0,0,0,0,0,0,0,2,22,0,0,0,0,0,0,0,1,0,0,0,0,0,0,0,29,0.6213659644126892,0.0037862544413655996,1.2368626594543457,0.16333967447280884,0.005213999999999996
920,49356.0,806.0,50162.0,50162.0,0.9839320601251944,11.0,0.011,55.0,43856.0,24.0,31.0,11.0,0.0,24698.0,24658.0,754.0,8.0,446.0,59.0,43856.0,438.55999999999955,100.0,1000,0,1000,0.10895733302459121,944,0,0,0,0,0,0,0,0,0,0,0,0,0,0,0,24,0,0,0,0,0,0,0,0,0,0,0,0,0,0,2,30,0.2309393435716629,-0.041703738272190094,0.5470874905586243,0.17364031076431274,0.005186999999999997
921,49686.0,150.0,49836.0,49836.0,0.996990127618589,3.0,0.003,58.0,43886.0,29.0,29.0,1.0,2.0,24713.0,24973.0,803.0,425.0,397.0,775.0,43886.0,438.8599999999993,100.0,1000,1,999,0.10682229197118431,942,0,0,0,0,1,0,0,0,0,0,0,0,0,1,0,27,0,0,0,0,1,0,0,0,0,0,0,0,0,0,0,28,0.1900930404663086,-0.04484298825263977,0.4715910255908966,0.16656561195850372,0.005159999999999998
922,47986.0,528.0,48514.0,48514.0,0.9891165436781135,8.0,0.008,52.0,42786.0,26.0,26.0,5.0,3.0,24491.0,23495.0,915.0,1087.0,285.0,113.0,42786.0,427.8600000000004,100.0,1000,0,1000,0.10866704198997468,948,0,0,0,0,0,0,0,0,0,0,0,0,0,0,0,26,0,0,0,0,0,0,0,0,0,0,0,0,0,0,0,26,0.2987667918205261,0.0370059572160244,0.5251659750938416,0.16017065942287445,0.005132999999999999
923,49937.0,333.0,50270.0,50270.0,0.9933757708374776,5.0,0.005,53.0,44637.0,26.0,27.0,3.0,2.0,24174.0,25763.0,1074.0,944.0,126.0,256.0,44637.0,446.3700000000002,100.0,1000,0,1000,0.10710066603496671,947,0,0,0,0,0,0,0,0,0,0,0,0,0,0,0,26,0,0,0,0,0,0,0,0,0,0,0,0,0,0,0,27,0.366883248090744,-0.06634265184402466,0.8679332733154297,0.14507132768630981,0.005105999999999999
924,51282.0,961.0,52243.0,52243.0,0.9816051911260839,12.0,0.012,50.0,46282.0,25.0,25.0,4.0,8.0,25071.0,26211.0,1041.0,456.0,159.0,744.0,46282.0,462.8200000000004,100.0,1000,0,1000,0.10712229204364121,949,0,0,0,0,0,0,0,0,0,0,0,0,0,0,0,25,0,0,0,0,0,0,0,0,0,0,0,0,0,0,0,26,0.9133699536323547,0.002300605643540621,1.8239006996154785,0.1734585464000702,0.005078999999999997
925,49110.0,635.0,49745.0,49745.0,0.9872348979796964,9.0,0.009,53.0,43810.0,28.0,25.0,7.0,2.0,26398.0,22712.0,520.0,1011.0,680.0,189.0,43810.0,438.0999999999994,100.0,1000,0,1000,0.11001845798455179,947,0,0,0,0,0,0,0,0,0,0,0,0,0,0,0,28,0,0,0,0,0,0,0,0,0,0,0,0,0,0,1,24,0.6125797033309937,0.08241227269172668,1.0623369216918945,0.19814416766166687,0.0050519999999999975
926,48311.0,878.0,49189.0,49189.0,0.9821504807985525,15.0,0.015,53.0,43011.0,25.0,28.0,9.0,6.0,22910.0,25401.0,556.0,1062.0,644.0,138.0,43011.0,430.1100000000002,100.0,1000,1,999,0.10718495899345726,947,0,0,0,0,0,0,0,0,0,0,0,0,0,0,1,24,0,0,1,0,0,0,0,0,0,0,0,0,0,0,0,27,0.42530182003974915,0.07168932259082794,0.7092108726501465,0.19759441912174225,0.005024999999999998
927,48639.0,552.0,49191.0,49191.0,0.9887784350795877,8.0,0.008,52.0,43439.0,24.0,28.0,6.0,2.0,23284.0,25355.0,134.0,571.0,0.0,629.0,43439.0,434.3899999999997,100.0,1000,0,1000,0.10652595793362707,948,0,0,0,0,0,0,0,0,0,0,0,0,0,0,0,24,0,0,0,0,0,0,0,0,0,0,0,0,0,0,0,28,0.6646453142166138,0.1033681109547615,1.1238595247268677,0.13056345283985138,0.004997999999999999
928,49453.0,757.0,50210.0,50210.0,0.984923322047401,14.0,0.014,51.0,44353.0,25.0,26.0,7.0,7.0,24559.0,24894.0,671.0,1000.0,529.0,200.0,44353.0,443.5300000000004,100.0,1000,0,1000,0.10871691699139774,947,0,0,0,0,0,0,0,0,0,0,0,0,0,0,1,26,0,0,0,0,0,0,0,0,0,0,0,0,0,0,0,26,0.6946334838867188,0.06842020153999329,1.2540056705474854,0.15882331132888794,0.004970999999999996
929,48607.0,1617.0,50224.0,50224.0,0.9678042370181587,22.0,0.022,51.0,43507.0,27.0,24.0,17.0,5.0,25633.0,22974.0,1040.0,762.0,160.0,438.0,43507.0,435.06999999999965,100.0,1000,0,1000,0.10663133393973112,949,0,0,0,0,0,0,0,0,0,0,0,0,0,0,0,27,0,0,0,0,0,0,0,0,0,0,0,0,0,0,0,24,0.45644137263298035,-0.028040602803230286,0.9707440137863159,0.18002325296401978,0.004943999999999997
930,48080.0,1277.0,49357.0,49357.0,0.9741272767793828,23.0,0.023,48.0,43280.0,23.0,25.0,23.0,0.0,24336.0,23744.0,745.0,482.0,455.0,718.0,43280.0,432.7999999999996,100.0,1000,0,1000,0.10638454207219183,950,0,0,0,0,0,0,0,0,0,0,0,0,0,0,0,23,0,0,0,0,0,0,0,0,0,0,0,0,0,0,0,27,0.3776904046535492,0.02237524278461933,0.7125498056411743,0.19519181549549103,0.004916999999999998
931,49748.0,500.0,50248.0,50248.0,0.9900493551982168,8.0,0.008,52.0,44548.0,27.0,25.0,4.0,4.0,25671.0,24077.0,881.0,685.0,319.0,515.0,44548.0,445.4800000000003,100.0,1000,0,1000,0.10959295800421387,948,0,0,0,0,0,0,0,0,0,0,0,0,0,0,0,27,0,0,0,0,0,0,0,0,0,0,0,0,0,0,0,25,0.4599013030529022,0.03422920033335686,0.8529704809188843,0.16628165543079376,0.0048899999999999985
932,51324.0,379.0,51703.0,51703.0,0.9926696710055509,7.0,0.007,54.0,45924.0,27.0,27.0,1.0,6.0,24133.0,27191.0,1034.0,1094.0,166.0,106.0,45924.0,459.2399999999998,100.0,1000,0,1000,0.10618308407720178,945,0,0,0,0,0,0,0,0,0,0,0,0,0,0,1,26,0,0,0,0,0,0,0,0,0,0,0,0,0,0,0,28,0.4698493182659149,0.0018643541261553764,0.9374521970748901,0.15239965915679932,0.004862999999999999
933,49583.0,427.0,50010.0,50010.0,0.9914617076584683,9.0,0.009,54.0,44183.0,30.0,24.0,3.0,6.0,26049.0,23534.0,261.0,519.0,34.0,681.0,44183.0,441.8299999999981,100.0,1000,0,1000,0.10716075007803738,946,0,0,0,0,0,0,0,0,0,0,0,0,0,1,0,29,0,0,0,0,0,0,0,0,0,0,0,0,0,0,0,24,0.4031952917575836,0.024106500670313835,0.7595482468605042,0.14171575009822845,0.0048359999999999966
934,49523.0,1004.0,50527.0,50527.0,0.9801294357472242,19.0,0.019,51.0,44423.0,26.0,25.0,6.0,13.0,24380.0,25143.0,235.0,1060.0,965.0,140.0,44423.0,444.23000000000013,100.0,1000,0,1000,0.10912162496242672,949,0,0,0,0,0,0,0,0,0,0,0,0,0,0,0,26,0,0,0,0,0,0,0,0,0,0,0,0,0,0,0,25,0.16356340050697327,-0.05158534646034241,0.4319012761116028,0.16674886643886566,0.004808999999999997
935,48524.0,1078.0,49602.0,49602.0,0.978267005362687,14.0,0.014,49.0,43624.0,25.0,24.0,5.0,9.0,24529.0,23995.0,264.0,836.0,936.0,364.0,43624.0,436.24000000000115,100.0,1000,0,1000,0.10630520794074982,951,0,0,0,0,0,0,0,0,1,0,0,0,0,0,0,24,0,0,0,0,0,0,0,0,0,0,0,0,0,0,0,24,0.38824334740638733,-0.03415811434388161,0.8464997410774231,0.17741920053958893,0.004781999999999998
936,49271.0,448.0,49719.0,49719.0,0.9909893602043485,7.0,0.007,54.0,43871.0,29.0,25.0,1.0,6.0,25380.0,23891.0,669.0,511.0,531.0,689.0,43871.0,438.71000000000004,100.0,1000,0,1000,0.10664524999447167,946,0,0,0,0,0,0,0,0,0,0,0,0,0,0,0,29,0,0,0,0,0,0,0,0,0,0,0,0,0,0,0,25,0.2590838670730591,-0.029720569029450417,0.579217255115509,0.1691255420446396,0.004754999999999999
937,49585.0,1033.0,50618.0,50618.0,0.9795922399146548,8.0,0.008,55.0,44085.0,30.0,25.0,3.0,5.0,26202.0,23383.0,279.0,1048.0,0.0,152.0,44085.0,440.8499999999995,100.0,1000,0,1000,0.1090532090747729,945,0,0,0,0,0,0,0,0,0,0,0,0,0,0,0,30,0,0,0,0,0,0,0,0,0,0,0,0,0,0,0,25,0.5439192056655884,-0.11896053701639175,1.3272500038146973,0.15761855244636536,0.004727999999999996
938,49823.0,973.0,50796.0,50796.0,0.9808449484211356,14.0,0.014,53.0,44523.0,28.0,25.0,4.0,10.0,25746.0,24077.0,1132.0,499.0,68.0,701.0,44523.0,445.2299999999992,100.0,1000,0,1000,0.10684237501118332,946,0,0,0,0,0,0,0,0,0,0,0,0,0,1,0,27,0,0,0,0,0,0,0,0,0,0,0,0,0,0,0,26,0.8651169538497925,0.0362531878054142,1.6594185829162598,0.17986725270748138,0.004700999999999997
939,49419.0,505.0,49924.0,49924.0,0.9898846246294367,8.0,0.008,53.0,44119.0,28.0,25.0,2.0,6.0,25049.0,24370.0,992.0,1046.125,208.0,153.875,44119.0,441.1900000000002,100.0,1000,0,1000,0.10890662495512515,947,0,0,0,0,0,0,0,0,0,0,0,0,0,0,0,28,0,0,0,0,0,0,0,0,0,0,0,0,0,0,1,24,0.5908501744270325,0.08266853541135788,1.0179816484451294,0.17313171923160553,0.004674000000000001
940,50003.0,490.0,50493.0,50493.0,0.9902956845503337,7.0,0.007,55.0,44503.0,26.0,29.0,1.0,6.0,23459.0,26544.0,472.0,309.0,728.0,891.0,44503.0,445.03000000000037,100.0,1000,1,999,0.10792829096317291,945,0,0,0,0,0,0,0,0,0,0,0,0,0,0,0,26,0,0,0,0,0,0,0,0,0,0,1,0,0,0,0,28,0.4520881772041321,-0.07242204248905182,1.0503169298171997,0.1395009309053421,0.004647000000000002
941,47945.0,506.0,48451.0,48451.0,0.9895564591030113,9.0,0.009,52.0,42745.0,24.0,28.0,5.0,4.0,23131.0,24814.0,283.6875,953.0,916.3125,247.0,42745.0,427.4500000000005,100.0,1000,0,1000,0.10727887495886534,948,0,0,0,0,0,0,0,0,1,0,0,0,0,0,0,23,0,0,0,0,0,0,0,0,0,0,0,0,0,0,0,28,0.4013971984386444,-0.019966065883636475,0.8442381024360657,0.16358722746372223,0.004619999999999999
942,48554.0,465.0,49019.0,49019.0,0.9905138823721414,7.0,0.007,50.0,43554.0,25.0,25.0,4.0,3.0,25144.0,23410.0,677.0,867.0,523.0,333.0,43554.0,435.53999999999985,100.0,1000,0,1000,0.10649095906410366,950,0,0,0,0,0,0,0,0,0,0,0,0,0,0,0,25,0,0,0,0,0,0,0,0,0,0,0,0,0,0,0,25,0.5074512958526611,0.07005743682384491,0.8762171268463135,0.15561653673648834,0.004593
943,49052.0,1170.0,50222.0,50222.0,0.9767034367408706,17.0,0.017,48.0,44252.0,24.0,24.0,9.0,8.0,23673.0,25379.0,564.0,222.0,636.0,978.0,44252.0,442.52,100.0,1000,0,1000,0.1069268339779228,950,0,0,0,0,0,0,0,0,0,0,0,0,0,0,0,25,0,0,0,0,0,0,0,0,0,0,0,0,0,0,0,25,0.5033249855041504,0.02560921013355255,0.9572586417198181,0.20007498562335968,0.004566000000000001
944,49239.0,43.0,49282.0,49282.0,0.9991274704760359,1.0,0.001,53.0,43939.0,28.0,25.0,0.0,1.0,25537.0,23702.0,1034.0,666.0,166.0,534.0,43939.0,439.3900000000004,100.0,1000,1,999,0.10647479200270027,945,0,0,0,0,0,0,0,0,0,0,0,1,0,0,0,28,0,0,0,0,0,0,0,0,0,0,0,0,0,0,0,26,0.0987299308180809,-0.06901714205741882,0.33664777874946594,0.12707947194576263,0.004539000000000001
945,48606.0,776.0,49382.0,49382.0,0.9842857721436961,15.0,0.015,50.0,43606.0,23.0,27.0,7.0,8.0,23143.0,25463.0,166.0,1125.0,1034.0,75.0,43606.0,436.0599999999995,100.0,1000,0,1000,0.10640458296984434,950,0,0,0,0,0,0,0,0,0,0,0,0,0,0,0,23,0,0,0,0,0,0,0,0,0,0,0,0,0,0,0,27,0.2356260120868683,-0.04019171744585037,0.5531318783760071,0.16582909226417542,0.004512000000000002
946,49569.0,1242.0,50811.0,50811.0,0.9755564739918522,13.0,0.013,51.0,44469.0,27.0,24.0,7.0,6.0,25509.0,24060.0,707.0,359.0,493.0,841.0,44469.0,444.6900000000001,100.0,1000,0,1000,0.10634808300528675,949,0,0,0,0,0,0,0,0,0,0,0,0,0,0,1,26,0,0,0,0,0,0,0,0,0,0,0,0,0,0,0,24,0.43608367443084717,0.024003108963370323,0.8256592750549316,0.16702142357826233,0.004484999999999999
947,49178.0,932.0,50110.0,50110.0,0.981400917980443,15.0,0.015,50.0,44178.0,23.0,27.0,0.0,15.0,22911.0,26267.0,624.0,1116.0,576.0,84.0,44178.0,441.78000000000037,100.0,1000,1,999,0.10698358400259167,948,0,0,0,0,0,0,0,0,0,0,0,0,0,0,1,22,0,0,0,0,0,0,0,0,1,0,0,0,0,0,0,28,0.580786943435669,0.050271328538656235,1.0628811120986938,0.20747941732406616,0.004458
948,48616.0,800.0,49416.0,49416.0,0.9838109114456856,9.0,0.009,49.0,43716.0,25.0,24.0,5.0,4.0,24562.0,24054.0,230.0,531.0,970.0,669.0,43716.0,437.15999999999923,100.0,1000,0,1000,0.10676741704810411,950,0,0,0,0,0,0,0,0,1,0,0,0,0,0,0,25,0,0,0,0,0,0,0,0,0,0,0,0,0,0,0,24,0.5722042918205261,0.030008209869265556,1.0861942768096924,0.20334598422050476,0.004431000000000001
949,49512.0,517.0,50029.0,50029.0,0.9896659937236403,11.0,0.011,54.0,44112.0,26.0,28.0,8.0,3.0,24208.0,25304.0,932.0,992.0,268.0,208.0,44112.0,441.1200000000004,100.0,1000,0,1000,0.10696337500121444,946,0,0,0,0,0,0,0,0,0,0,0,0,0,0,0,26,0,0,0,0,0,0,0,0,0,0,0,0,0,0,0,28,0.33812281489372253,-0.09240198135375977,0.8625463247299194,0.169930100440979,0.004404000000000002
950,48168.0,334.0,48502.0,48502.0,0.9931136860335656,5.0,0.005,53.0,42868.0,27.0,26.0,5.0,0.0,23509.0,24659.0,242.0,548.0,469.75,652.0,42868.0,428.67999999999995,100.0,1000,0,1000,0.10904108302202076,947,0,0,0,0,0,0,0,0,1,0,0,0,0,0,0,26,0,0,0,0,0,0,0,0,0,0,0,0,0,0,0,26,0.2404739409685135,-0.06691289693117142,0.6164155006408691,0.1875525414943695,0.004376999999999999
951,49961.0,687.0,50648.0,50648.0,0.9864357921339441,12.0,0.012,50.0,44961.0,25.0,25.0,3.0,9.0,24756.0,25205.0,814.0,749.0,386.0,451.0,44961.0,449.60999999999996,100.0,1000,0,1000,0.1088825420010835,950,0,0,0,0,0,0,0,0,0,0,0,0,0,0,0,25,0,0,0,0,0,0,0,0,0,0,0,0,0,0,0,25,0.11526554822921753,-0.11283417046070099,0.4577152729034424,0.17423444986343384,0.00435
952,48818.0,288.0,49106.0,49106.0,0.9941351362358979,5.0,0.005,54.0,43418.0,30.0,24.0,0.0,5.0,25842.0,22976.0,775.0,665.3125,425.0,534.6875,43418.0,434.1800000000001,100.0,1000,0,1000,0.10688012500759214,946,0,0,0,0,0,0,0,0,0,0,0,0,0,0,0,30,1,0,0,0,0,0,0,0,0,0,0,0,0,0,0,23,0.1703965961933136,-0.07389729470014572,0.4899924099445343,0.16246093809604645,0.0043230000000000005
953,50019.0,1114.0,51133.0,51133.0,0.9782136780552676,15.0,0.015,51.0,44919.0,27.0,24.0,9.0,6.0,25682.0,24337.0,519.0,145.0,681.0,1055.0,44919.0,449.1899999999998,100.0,1000,0,1000,0.11212220904417336,949,0,0,0,0,0,0,0,0,0,0,0,0,0,0,0,27,0,0,0,0,0,0,0,0,0,0,0,0,0,0,0,24,0.26861268281936646,-0.02097855880856514,0.5811346173286438,0.22720319032669067,0.004296000000000001
954,48845.0,707.0,49552.0,49552.0,0.9857321601549887,12.0,0.012,52.0,43645.0,25.0,27.0,3.0,9.0,23110.0,25735.0,252.0,707.0,0.0,493.0,43645.0,436.44999999999976,100.0,1000,0,1000,0.10859233292285353,948,0,0,0,0,0,0,0,0,0,0,0,0,0,0,0,25,0,0,0,0,0,0,0,0,0,0,0,0,0,0,0,27,0.4685869514942169,0.025285471230745316,0.8879081010818481,0.15286318957805634,0.004269000000000002
955,49532.0,364.0,49896.0,49896.0,0.9927048260381593,5.0,0.005,54.0,44132.0,26.0,28.0,5.0,0.0,25611.0,23921.0,649.75,901.0,550.25,299.0,44132.0,441.31999999999954,100.0,1000,1,999,0.10882466600742191,946,0,0,0,0,0,0,0,0,1,0,0,0,0,0,0,25,0,0,0,0,0,0,0,0,0,0,0,0,0,0,1,27,0.32325395941734314,0.013494886457920074,0.6209521293640137,0.16902172565460205,0.004241999999999999
956,50241.0,721.0,50962.0,50962.0,0.9858522036026843,11.0,0.011,53.0,44941.0,25.0,28.0,8.0,3.0,24695.0,25546.0,743.0,315.0,457.0,885.0,44941.0,449.4099999999997,100.0,1000,0,1000,0.11053704202640802,946,0,0,0,0,0,0,0,0,0,0,0,0,0,0,0,25,0,0,0,0,0,0,0,0,0,0,0,0,0,0,0,29,0.20819200575351715,-0.11203987151384354,0.6419088244438171,0.17142105102539062,0.004215
957,49888.0,366.0,50254.0,50254.0,0.9927169976519282,6.0,0.006,51.0,44788.0,25.0,26.0,6.0,0.0,25657.0,24231.0,583.0,786.0,617.0,414.0,44788.0,447.8800000000001,100.0,1000,0,1000,0.1082186249550432,949,0,0,0,0,0,0,0,0,0,0,0,0,0,0,1,24,0,0,0,0,0,0,0,0,0,0,0,0,0,0,0,26,0.25735828280448914,-0.10475414246320724,0.725802481174469,0.18835236132144928,0.004188000000000001
958,50629.0,1049.0,51678.0,51678.0,0.9797012268276636,16.0,0.016,55.0,45129.0,29.0,26.0,11.0,5.0,25610.0,25019.0,1110.0,532.0,90.0,668.0,45129.0,451.2900000000002,100.0,1000,1,999,0.10952904203440994,943,0,0,0,0,0,0,0,0,0,0,0,0,0,0,0,30,0,0,0,0,0,0,0,0,1,0,0,0,0,0,0,26,0.5947575569152832,-0.0737304762005806,1.3383257389068604,0.1621767282485962,0.0041610000000000015
959,49823.0,147.0,49970.0,49970.0,0.9970582349409646,5.0,0.005,53.0,44523.0,26.0,27.0,2.0,3.0,24576.0,25247.0,518.0,399.0,682.0,801.0,44523.0,445.23,100.0,1000,0,1000,0.10763883404433727,947,0,0,0,0,0,0,0,0,0,0,0,0,0,0,1,25,0,0,0,0,0,0,0,0,0,0,0,0,0,0,1,26,0.4533871114253998,0.06033260002732277,0.7874379754066467,0.16073483228683472,0.004133999999999999
960,49238.0,0.0,49238.0,49238.0,1.0,0.0,0.0,55.0,43738.0,29.0,26.0,0.0,0.0,24794.0,24444.0,1028.0,398.0,172.0,802.0,43738.0,437.3799999999999,100.0,1000,0,1000,0.1094901249743998,945,0,0,0,1,0,0,0,0,1,0,0,0,0,0,0,27,0,0,0,0,0,0,0,0,0,0,0,0,0,0,0,26,0.5942648649215698,0.09070824086666107,1.0085994005203247,0.18093010783195496,0.0041069999999999995
961,50916.0,520.0,51436.0,51436.0,0.9898903491717863,7.0,0.007,53.0,45616.0,27.0,26.0,0.0,7.0,25953.0,24963.0,742.0,1005.0,458.0,195.0,45616.0,456.1600000000005,100.0,1000,0,1000,0.10664991708472371,947,0,0,0,0,0,0,0,0,0,0,0,0,0,0,1,26,0,0,0,0,0,0,0,0,0,0,0,0,0,0,0,26,0.43236276507377625,-0.06589136272668839,0.9980273842811584,0.18616753816604614,0.00408
962,50207.0,98.0,50305.0,50305.0,0.9980518835105854,2.0,0.002,57.0,44507.0,30.0,27.0,0.0,2.0,26187.0,24020.0,1092.0,855.0,108.0,345.0,44507.0,445.07,100.0,1000,1,999,0.10918029095046222,941,0,0,0,0,1,0,0,0,1,0,0,0,0,0,0,29,0,0,0,0,0,0,0,0,0,0,0,0,0,0,0,28,0.3615048825740814,0.02241097204387188,0.679385781288147,0.14778175950050354,0.004053000000000001
963,48704.0,1153.0,49857.0,49857.0,0.976873859237419,20.0,0.02,52.0,43504.0,27.0,25.0,12.0,8.0,25850.0,22854.0,549.0,1200.0,651.0,0.0,43504.0,435.04000000000053,100.0,1000,0,1000,0.10688579210545868,948,0,0,0,0,0,0,0,0,0,0,0,0,0,0,0,27,0,0,0,0,0,0,0,0,0,0,0,0,0,0,0,25,0.3370341658592224,0.027960430830717087,0.6195108890533447,0.16932711005210876,0.004026000000000002
964,50232.0,439.0,50671.0,50671.0,0.9913362672929289,8.0,0.008,55.0,44732.0,27.0,28.0,4.0,4.0,25066.0,25166.0,1161.9765625,79.0,38.0234375,0.0,44732.0,447.3199999999993,100.0,1000,1,999,0.10731724998913705,945,0,0,0,0,0,0,0,0,0,0,0,0,0,0,4,23,0,0,0,0,0,0,0,0,0,0,0,0,0,0,0,28,0.4640800654888153,0.061667680740356445,0.8060983419418335,0.15923865139484406,0.003998999999999999
965,49101.0,330.0,49431.0,49431.0,0.9933240274321782,5.0,0.005,53.0,43801.0,28.0,25.0,2.0,3.0,25224.0,23877.0,1007.0,722.0,193.0,478.0,43801.0,438.00999999999993,100.0,1000,0,1000,0.1073106670519337,946,0,0,0,0,0,0,1,0,0,0,0,0,0,0,1,26,0,0,0,0,0,0,0,0,0,0,0,0,0,0,0,26,0.09522341936826706,-0.12712401151657104,0.44596898555755615,0.16038864850997925,0.003972
966,48527.0,678.0,49205.0,49205.0,0.9862209125088913,7.0,0.007,51.0,43427.0,25.0,26.0,5.0,2.0,24085.0,24442.0,521.0,555.0,679.0,645.0,43427.0,434.26999999999975,100.0,1000,0,1000,0.10606504196766764,948,0,0,0,0,0,0,0,0,1,0,0,0,0,0,0,25,0,0,0,0,0,0,0,0,0,0,0,0,0,0,0,26,0.426672101020813,0.10400433838367462,0.646470308303833,0.14382269978523254,0.003945000000000001
967,47607.0,850.0,48457.0,48457.0,0.9824586747012816,9.0,0.009,50.0,42607.0,24.0,26.0,8.0,1.0,24853.0,22754.0,204.0,233.75,996.0,36.0,42607.0,426.07000000000136,100.0,1000,1,999,0.10672483395319432,950,0,0,0,0,0,0,0,0,1,0,0,0,0,0,1,22,0,0,0,0,0,1,0,0,0,0,0,0,0,0,0,25,0.4530757665634155,0.06591613590717316,0.7754641771316528,0.1461075395345688,0.003918000000000001
968,48438.0,394.0,48832.0,48832.0,0.9919315203145478,5.0,0.005,50.0,43438.0,23.0,27.0,4.0,1.0,23633.0,24805.0,596.0,616.0,604.0,584.0,43438.0,434.38000000000017,100.0,1000,0,1000,0.10700608394108713,950,0,0,0,0,0,0,0,0,0,0,1,0,0,0,0,22,0,0,0,0,0,0,0,0,0,0,0,0,0,0,1,26,0.3149195909500122,-0.12433762103319168,0.8798651695251465,0.17357586324214935,0.0038909999999999986
969,48524.0,837.0,49361.0,49361.0,0.9830432932882235,13.0,0.013,49.0,43624.0,24.0,25.0,10.0,3.0,24730.0,23794.0,625.0,804.0,575.0,396.0,43624.0,436.23999999999984,100.0,1000,0,1000,0.10692237503826618,951,0,0,0,0,0,0,0,0,0,0,0,0,0,0,0,24,0,0,0,0,0,0,0,0,0,0,0,0,0,1,0,24,0.1828189343214035,0.0060023050755262375,0.35498547554016113,0.17497773468494415,0.0038639999999999994
970,48429.0,640.0,49069.0,49069.0,0.9869571419837372,12.0,0.012,50.0,43429.0,24.0,26.0,8.0,4.0,24062.0,24367.0,563.0,944.0,637.0,256.0,43429.0,434.2900000000001,100.0,1000,0,1000,0.10620549996383488,950,0,0,0,0,0,0,0,0,0,0,0,0,0,0,0,24,0,0,0,0,0,0,0,0,0,0,0,0,0,0,0,26,0.636460542678833,0.08003664016723633,1.114007592201233,0.15112704038619995,0.003837
971,49192.0,650.0,49842.0,49842.0,0.9869587897756912,13.0,0.013,51.0,44092.0,26.0,25.0,5.0,8.0,24277.0,24915.0,533.0,956.0,667.0,244.0,44092.0,440.9200000000005,100.0,1000,0,1000,0.10930437501519918,949,0,0,0,0,0,0,0,0,0,0,0,0,0,0,0,26,0,0,0,0,0,0,0,0,0,0,0,0,0,0,0,25,0.21885232627391815,-0.05893237888813019,0.5569606423377991,0.18257495760917664,0.003810000000000001
972,48664.0,1257.0,49921.0,49921.0,0.9748202159411871,24.0,0.024,48.0,43864.0,24.0,24.0,6.0,18.0,23173.0,25491.0,438.5625,269.0,85.0,931.0,43864.0,438.64000000000044,100.0,1000,0,1000,0.10635054099839181,951,0,0,0,0,0,0,0,0,0,0,1,0,0,0,0,24,0,0,0,0,0,0,0,0,0,0,0,0,0,0,0,24,0.36675333976745605,0.03246557340025902,0.6698856949806213,0.17316485941410065,0.003782999999999998
973,49097.0,779.0,49876.0,49876.0,0.9843812655385356,12.0,0.012,48.0,44297.0,24.0,24.0,3.0,9.0,24881.0,24216.0,997.0,1051.0,203.0,149.0,44297.0,442.96999999999997,100.0,1000,0,1000,0.10672595899086446,952,0,0,0,0,0,0,0,0,0,0,0,0,0,0,0,24,0,0,0,0,0,0,0,0,0,0,0,0,0,0,0,24,0.2288617044687271,-0.05370791628956795,0.5665425062179565,0.18680478632450104,0.003755999999999999
974,48305.0,648.0,48953.0,48953.0,0.9867628133107266,10.0,0.01,51.0,43205.0,26.0,25.0,2.0,8.0,24350.0,23955.0,621.0,1054.0,579.0,146.0,43205.0,432.04999999999933,100.0,1000,0,1000,0.10684150003362447,949,0,0,0,0,0,0,0,0,0,0,0,0,0,1,1,24,0,0,0,0,0,0,0,0,0,0,0,0,0,0,0,25,0.3163001835346222,0.04719318076968193,0.5393643379211426,0.15423908829689026,0.0037289999999999997
975,50363.0,211.0,50574.0,50574.0,0.9958278957567129,5.0,0.005,51.0,45263.0,25.0,26.0,4.0,1.0,25341.0,25022.0,418.0,782.0,782.0,418.0,45263.0,452.6300000000004,100.0,1000,0,1000,0.10928083397448063,949,0,0,0,0,0,0,0,0,0,0,0,0,0,0,0,25,0,0,0,0,0,0,0,0,0,0,0,0,0,0,0,26,0.30390793085098267,0.013549632392823696,0.5818240642547607,0.14957500994205475,0.0037020000000000004
976,48111.0,1398.0,49509.0,49509.0,0.9717627098103375,17.0,0.017,50.0,43111.0,26.0,24.0,13.0,4.0,23584.0,24527.0,898.0,902.0,302.0,298.0,43111.0,431.10999999999945,100.0,1000,0,1000,0.10672654095105827,949,0,0,0,0,0,0,0,0,1,0,0,0,0,0,1,25,0,0,0,0,0,0,0,0,0,0,0,0,0,0,0,24,0.3153476119041443,0.02168923057615757,0.5885722041130066,0.1708117127418518,0.003675000000000001
977,48011.0,664.0,48675.0,48675.0,0.9863585002568054,12.0,0.012,46.0,43411.0,23.0,23.0,3.0,9.0,24103.0,23908.0,361.0,890.6875,839.0,309.3125,43411.0,434.1099999999997,100.0,1000,0,1000,0.10631258296780288,953,0,0,0,0,0,0,0,0,0,0,0,0,0,0,0,23,0,0,0,0,0,0,0,0,0,0,0,0,1,0,0,23,0.21097873151302338,-0.0357682965695858,0.4949086010456085,0.1938798874616623,0.0036479999999999985
978,48889.0,540.0,49429.0,49429.0,0.9890752392320298,9.0,0.009,50.0,43889.0,23.0,27.0,6.0,3.0,23349.0,25540.0,308.0,406.0,892.0,794.0,43889.0,438.89000000000067,100.0,1000,0,1000,0.10704312508460134,950,0,0,0,0,0,0,0,0,0,0,0,0,0,0,0,23,0,0,0,0,0,0,0,0,0,0,0,0,0,0,1,26,0.11979047954082489,-0.08515316992998123,0.4110918939113617,0.1663343608379364,0.0036209999999999992
979,50028.0,439.0,50467.0,50467.0,0.9913012463590068,9.0,0.009,55.0,44528.0,27.0,28.0,5.0,4.0,25505.0,24523.0,976.0,597.125,224.0,602.875,44528.0,445.2799999999997,100.0,1000,1,999,0.10934954194817692,945,0,0,0,0,0,0,0,0,0,0,0,0,0,1,1,25,0,0,0,0,0,0,0,0,0,0,1,0,0,0,0,27,0.42600420117378235,0.03167359158396721,0.7898411750793457,0.16415587067604065,0.003594
980,49263.0,640.0,49903.0,49903.0,0.9871751197322807,12.0,0.012,52.0,44063.0,26.0,26.0,1.0,11.0,23407.0,25856.0,394.30126953125,813.0,805.69873046875,387.0,44063.0,440.62999999999977,100.0,1000,0,1000,0.10701949999202043,948,0,0,0,0,0,0,0,0,0,0,1,0,0,1,1,23,0,0,0,0,0,0,0,0,0,0,0,0,0,0,0,26,0.20212635397911072,-0.017196519300341606,0.43971192836761475,0.14944937825202942,0.0035670000000000007
981,50446.0,337.0,50783.0,50783.0,0.9933639209971841,4.0,0.004,51.0,45346.0,27.0,24.0,2.0,2.0,26814.0,23632.0,836.0,948.0,364.0,252.0,45346.0,453.45999999999975,100.0,1000,0,1000,0.10893574997317046,949,0,0,0,0,0,0,0,0,0,0,0,0,0,0,0,27,0,0,0,0,0,0,0,0,0,0,0,0,0,0,0,24,0.2800288498401642,-0.007185311987996101,0.5754867792129517,0.14949597418308258,0.003539999999999998
982,49248.0,267.0,49515.0,49515.0,0.9946076946379885,4.0,0.004,52.0,44048.0,24.0,28.0,3.0,1.0,24068.0,25180.0,734.0,1146.0,466.0,54.0,44048.0,440.47999999999917,100.0,1000,0,1000,0.10648291697725654,948,0,0,0,0,0,0,0,0,0,0,0,0,0,0,1,23,0,0,0,0,0,0,0,0,0,0,0,0,0,0,1,27,0.6976006627082825,0.07211251556873322,1.2522344589233398,0.17906607687473297,0.0035129999999999988
983,49868.0,753.0,50621.0,50621.0,0.9851247505975781,10.0,0.01,49.0,44968.0,25.0,24.0,4.0,6.0,25076.0,24792.0,594.0,258.0,606.0,942.0,44968.0,449.6799999999993,100.0,1000,0,1000,0.10620575002394617,950,0,0,0,0,0,0,0,0,0,0,0,0,0,0,0,25,0,0,0,0,0,0,0,0,0,0,0,0,0,0,0,25,0.16431191563606262,-0.05699601769447327,0.4440743625164032,0.20919287204742432,0.0034859999999999995
984,50053.0,1174.0,51227.0,51227.0,0.9770823979542038,10.0,0.01,52.0,44853.0,25.0,27.0,7.0,3.0,24597.0,25456.0,1133.0,1016.0,67.0,184.0,44853.0,448.5299999999999,100.0,1000,0,1000,0.10703862505033612,948,0,0,0,0,0,0,0,0,0,0,0,0,0,0,0,25,0,0,0,0,0,0,0,0,0,0,0,0,0,0,0,27,0.57913738489151,9.610735105525237e-06,1.1595896482467651,0.19284340739250183,0.0034590000000000003
985,50331.0,863.0,51194.0,51194.0,0.983142555768254,12.0,0.012,55.0,44831.0,26.0,29.0,9.0,3.0,25427.0,24904.0,490.0,262.0,0.0,31.0,44831.0,448.3100000000011,100.0,1000,0,1000,0.10688374994788319,944,0,0,0,0,0,0,0,0,0,0,0,0,0,0,0,26,0,0,0,0,0,1,0,0,0,0,0,0,0,0,0,29,0.2865026593208313,-0.09984644502401352,0.7739539742469788,0.18294423818588257,0.003432000000000001
986,50083.0,369.0,50452.0,50452.0,0.9926861174978198,6.0,0.006,54.0,44683.0,29.0,25.0,2.0,4.0,25805.0,24278.0,969.0,893.0,231.0,307.0,44683.0,446.8300000000005,100.0,1000,0,1000,0.10634991596452892,946,0,0,0,1,0,0,0,0,2,0,0,0,0,1,0,25,0,0,0,0,0,0,0,0,0,0,0,0,0,0,0,25,0.24463625252246857,0.01654929481446743,0.45728251338005066,0.16278594732284546,0.0034049999999999983
987,49038.0,606.0,49644.0,49644.0,0.9877930867778584,11.0,0.011,50.0,44038.0,26.0,24.0,5.0,6.0,25915.0,23123.0,1099.0,530.0,101.0,670.0,44038.0,440.3799999999994,100.0,1000,0,1000,0.10713154100812972,950,0,0,0,0,0,0,0,0,1,0,0,0,0,0,0,25,0,0,0,0,0,0,0,0,0,0,0,0,0,0,0,24,0.48564282059669495,0.07445194572210312,0.8234593868255615,0.15951362252235413,0.003377999999999999
988,48704.0,1426.0,50130.0,50130.0,0.9715539597047677,28.0,0.028,49.0,43804.0,25.0,24.0,15.0,13.0,24559.0,24145.0,784.3125,363.0,415.6875,837.0,43804.0,438.04000000000053,100.0,1000,1,999,0.10722195799462497,949,0,0,0,0,0,0,0,1,1,0,0,0,0,0,0,23,0,0,0,0,0,0,0,0,0,0,0,0,0,0,0,26,0.4360666573047638,0.06993139535188675,0.7335219383239746,0.18672002851963043,0.003351
989,49671.0,757.0,50428.0,50428.0,0.9849884984532402,10.0,0.01,51.0,44571.0,26.0,25.0,6.0,4.0,25707.0,23964.0,306.9375,849.0,893.0625,351.0,44571.0,445.7099999999997,100.0,1000,0,1000,0.10684300004504621,949,0,0,0,0,0,0,0,0,0,0,0,0,0,0,1,25,0,0,0,0,0,0,0,0,0,0,0,0,0,0,0,25,0.29776227474212646,-0.05450150743126869,0.7054533362388611,0.13925403356552124,0.0033240000000000006
990,48966.0,1367.0,50333.0,50333.0,0.9728408797409255,26.0,0.026,49.0,44066.0,24.0,25.0,16.0,10.0,23470.0,25496.0,635.0,283.0,565.0,917.0,44066.0,440.66000000000014,100.0,1000,0,1000,0.1069201659411192,951,0,0,0,0,0,0,0,0,1,0,0,0,0,0,0,23,0,0,0,0,0,0,0,0,0,0,0,0,0,0,0,25,0.30385830998420715,0.03284085914492607,0.5432433485984802,0.18325890600681305,0.003296999999999998
991,48749.0,365.0,49114.0,49114.0,0.9925683104613756,4.0,0.004,52.0,43549.0,27.0,25.0,1.0,3.0,25223.0,23526.0,473.5625,937.0,726.4375,263.0,43549.0,435.49000000000075,100.0,1000,0,1000,0.10955958301201463,947,0,0,0,0,0,0,0,0,1,0,0,0,0,0,0,26,0,0,0,0,0,0,0,0,0,0,0,0,0,0,0,26,0.44398167729377747,-0.008911073207855225,0.9066531658172607,0.13267379999160767,0.0032699999999999986
992,48488.0,744.0,49232.0,49232.0,0.984887877803055,13.0,0.013,49.0,43588.0,23.0,26.0,2.0,11.0,23127.0,25361.0,407.0,983.0,793.0,217.0,43588.0,435.8800000000007,100.0,1000,0,1000,0.10896195797249675,950,0,0,0,0,0,0,0,0,0,0,0,0,0,0,0,23,0,0,0,0,0,0,0,0,0,0,0,0,0,0,0,27,0.19648663699626923,-0.04932422935962677,0.49260976910591125,0.15233555436134338,0.0032429999999999994
993,49481.0,695.0,50176.0,50176.0,0.9861487563775511,10.0,0.01,51.0,44381.0,25.0,26.0,4.0,6.0,24029.0,25452.0,491.0,651.0,709.0,549.0,44381.0,443.8099999999994,100.0,1000,0,1000,0.10697158297989517,948,0,0,0,0,0,0,0,0,0,0,0,0,0,0,0,25,0,0,0,0,0,0,0,0,0,0,0,0,0,0,0,27,0.4546900987625122,0.09322107583284378,0.723926305770874,0.15364904701709747,0.003216
994,50059.0,571.0,50630.0,50630.0,0.9887221015208374,10.0,0.01,51.0,44959.0,24.0,27.0,5.0,5.0,24165.0,25894.0,1142.0,230.0,58.0,970.0,44959.0,449.5899999999995,100.0,1000,0,1000,0.10638395801652223,949,0,0,0,0,0,0,0,0,0,0,0,0,0,0,0,24,0,0,0,0,0,0,0,0,0,0,0,0,0,0,0,27,0.5176297426223755,0.012334196828305721,1.0115292072296143,0.14706897735595703,0.003189000000000001
995,48625.0,849.0,49474.0,49474.0,0.9828394712374177,7.0,0.007,53.0,43325.0,26.0,27.0,6.0,1.0,25438.0,23187.0,965.0,1044.0,235.0,156.0,43325.0,433.25000000000045,100.0,1000,0,1000,0.10640195803716779,947,0,0,0,0,0,0,0,0,0,0,0,1,0,0,0,25,0,0,0,0,0,0,0,0,0,0,0,0,0,0,0,27,0.47884032130241394,0.0037544884253293276,0.9511756896972656,0.15876315534114838,0.003161999999999998
996,48632.0,712.0,49344.0,49344.0,0.9855706874189365,13.0,0.013,51.0,43532.0,25.0,26.0,4.0,9.0,23638.0,24994.0,573.96875,137.0,626.03125,1063.0,43532.0,435.3199999999995,100.0,1000,1,999,0.10888837499078363,948,0,0,0,0,0,0,0,0,1,0,0,0,0,0,1,23,0,0,0,0,0,1,0,0,0,0,0,0,0,0,1,25,0.28131505846977234,-0.015402563847601414,0.5945962071418762,0.1851617991924286,0.003134999999999999
997,49178.0,588.0,49766.0,49766.0,0.9881847044166701,10.0,0.01,50.0,44178.0,24.0,26.0,7.0,3.0,23794.0,25384.0,712.0,524.0,488.0,676.0,44178.0,441.78000000000054,100.0,1000,0,1000,0.10638783301692456,950,0,0,0,0,0,0,0,0,1,0,0,0,0,0,0,23,0,0,0,0,0,0,0,0,0,0,0,0,0,0,0,26,0.525760293006897,0.03588622063398361,0.9808423519134521,0.17603403329849243,0.0031079999999999997
998,50740.0,411.0,51151.0,51151.0,0.9919649664718188,5.0,0.005,54.0,45340.0,29.0,25.0,3.0,2.0,26230.0,24510.0,694.0,1097.0,506.0,103.0,45340.0,453.39999999999947,100.0,1000,0,1000,0.10950116696767509,946,0,0,0,0,0,0,0,0,0,0,1,0,0,0,0,28,0,0,0,0,0,0,0,0,0,0,0,0,0,0,0,25,0.25761517882347107,-0.07701568305492401,0.6700801253318787,0.1328231543302536,0.0030810000000000004
999,51160.0,620.0,51780.0,51780.0,0.9880262649671688,6.0,0.006,52.0,45960.0,27.0,25.0,3.0,3.0,24833.0,26327.0,906.0,731.0,294.0,469.0,45960.0,459.6000000000002,100.0,1000,0,1000,0.10670720797497779,947,0,0,0,0,0,0,0,0,0,0,0,0,0,0,1,27,0,0,0,0,0,0,0,0,0,0,0,0,0,0,0,25,0.35405638813972473,-0.01810280792415142,0.7453835606575012,0.17439045011997223,0.0030539999999999977
1000,49309.0,567.0,49876.0,49876.0,0.988631806881065,11.0,0.011,51.0,44209.0,24.0,27.0,2.0,9.0,23939.0,25370.0,656.0,940.0,544.0,260.0,44209.0,442.0900000000004,100.0,1000,0,1000,0.11026745906565338,948,0,0,0,0,0,0,0,0,0,0,0,0,0,0,0,24,0,0,0,0,0,0,0,0,0,0,0,0,0,0,0,28,0.2754373848438263,0.01613480970263481,0.5196311473846436,0.16947297751903534,0.0030269999999999984
