{
  "config": {
    "seed": 123,
    "env": {
      "C": 3000.0,
      "k": 6,
      "T": 100,
      "F": 1,
      "enable_shaping": true
    },
    "train": {
      "episodes": 3000,
      "max_steps": 1000,
      "gamma": 0.98,
      "lr": 0.0003,
      "rollout_steps": 128,
      "value_coef": 0.5,
      "entropy_coef_start": 0.2,
      "entropy_coef_end": 0.0,
      "max_grad_norm": 1.0,
      "device": "cpu"
    },
    "eval": {
      "num_episodes": 100,
      "test_start_idx": 4000,
      "tx_pool_path": "shared_tx_pool_t100.npy"
    },
    "output": {
      "model_path": "ac_aligned_t100.pth",
      "results_path": "ac_results_t100.json"
    }
  },
  "timestamp": "2026-02-01T10:36:16.585913",
  "summary": {
    "settled": {
      "mean": 3757.56,
      "std": 314.9891528291094,
      "min": 2947.0,
      "max": 4480.0,
      "median": 3764.0
    },
    "drops": {
      "mean": 36.12,
      "std": 4.490612430392986,
      "min": 26.0,
      "max": 45.0,
      "median": 36.0
    },
    "oversize_drops": {
      "mean": 0.0,
      "std": 0.0,
      "min": 0.0,
      "max": 0.0,
      "median": 0.0
    },
    "insufficient_drops": {
      "mean": 36.12,
      "std": 4.490612430392986,
      "min": 26.0,
      "max": 45.0,
      "median": 36.0
    },
    "flushes": {
      "mean": 263.02,
      "std": 10.321802168226245,
      "min": 235.0,
      "max": 292.0,
      "median": 263.0
    },
    "utilization": {
      "mean": 0.0125252,
      "std": 0.0010499638427636977,
      "min": 0.009823333333333333,
      "max": 0.014933333333333333,
      "median": 0.012546666666666666
    },
    "avg_tx_value": {
      "mean": 58.85523287629049,
      "std": 3.32855813865686,
      "min": 48.31147540983606,
      "max": 65.11940298507463,
      "median": 59.07825630252101
    },
    "drop_rate": {
      "mean": 0.3612,
      "std": 0.04490612430392986,
      "min": 0.26,
      "max": 0.45,
      "median": 0.36
    }
  }
}