{
  "config": {
    "seed": 123,
    "env": {
      "C": 3000.0,
      "k": 3,
      "T": 1000,
      "F": 1
    },
    "eval": {
      "num_episodes": 100,
      "max_steps": 1000,
      "tx_pool_path": "shared_tx_pool.npy",
      "test_start_idx": 4000
    },
    "output": {
      "save_results": true,
      "results_path": "baseline_results.json",
      "plot_path": "baseline_evaluation.png"
    }
  },
  "timestamp": "2026-01-24T18:04:24.596904",
  "num_episodes": 100,
  "summary": {
    "settled": {
      "mean": 264206.89,
      "std": 5587.120914916733,
      "min": 249239.0,
      "max": 278156.0,
      "median": 263680.0
    },
    "drops": {
      "mean": 368.01,
      "std": 5.9371626219937745,
      "min": 353.0,
      "max": 381.0,
      "median": 368.0
    },
    "oversize_drops": {
      "mean": 0.0,
      "std": 0.0,
      "min": 0.0,
      "max": 0.0,
      "median": 0.0
    },
    "insufficient_drops": {
      "mean": 368.01,
      "std": 5.9371626219937745,
      "min": 353.0,
      "max": 381.0,
      "median": 368.0
    },
    "flushes": {
      "mean": 368.01,
      "std": 5.9371626219937745,
      "min": 353.0,
      "max": 381.0,
      "median": 368.0
    },
    "utilization": {
      "mean": 0.08806896333333332,
      "std": 0.0018623736383055777,
      "min": 0.08307966666666666,
      "max": 0.09271866666666667,
      "median": 0.08789333333333332
    },
    "avg_tx_value": {
      "mean": 418.14436550412245,
      "std": 11.690445832368805,
      "min": 387.0170807453416,
      "max": 446.47833065810596,
      "median": 419.8841853035144
    },
    "drop_rate": {
      "mean": 0.3680100000000001,
      "std": 0.0059371626219937804,
      "min": 0.353,
      "max": 0.381,
      "median": 0.368
    }
  }
}