{
  "config": {
    "seed": 123,
    "env": {
      "C": 3000.0,
      "k": 3,
      "T": 1000,
      "F": 1,
      "enable_shaping": true
    },
    "train": {
      "episodes": 3000,
      "max_steps": 1000,
      "batch_size": 256,
      "target_update_every": 20,
      "device": "cpu"
    },
    "eval": {
      "num_episodes": 100,
      "max_steps": 1000,
      "tx_pool_path": "shared_tx_pool.npy",
      "test_start_idx": 4000
    },
    "output": {
      "save_results": true,
      "results_path": "dqn_results.json",
      "plot_path": "dqn_evaluation.png",
      "model_path": "k_wallet_dqn_aligned.pth"
    },
    "plot": {
      "window": 100
    }
  },
  "timestamp": "2026-01-31T11:55:25.151515",
  "num_episodes": 100,
  "summary": {
    "settled": {
      "mean": 498954.22,
      "std": 8840.2533544916,
      "min": 473473.0,
      "max": 518714.0,
      "median": 500402.0
    },
    "drops": {
      "mean": 8.58,
      "std": 2.7319590040847976,
      "min": 2.0,
      "max": 16.0,
      "median": 9.0
    },
    "oversize_drops": {
      "mean": 0.0,
      "std": 0.0,
      "min": 0.0,
      "max": 0.0,
      "median": 0.0
    },
    "insufficient_drops": {
      "mean": 8.58,
      "std": 2.7319590040847976,
      "min": 2.0,
      "max": 16.0,
      "median": 9.0
    },
    "flushes": {
      "mean": 831.6,
      "std": 10.583005244258363,
      "min": 806.0,
      "max": 857.0,
      "median": 831.5
    },
    "utilization": {
      "mean": 0.16631807333333334,
      "std": 0.002946751118163867,
      "min": 0.15782433333333334,
      "max": 0.17290466666666668,
      "median": 0.16680066666666665
    },
    "avg_tx_value": {
      "mean": 503.2709118178999,
      "std": 8.732028115167456,
      "min": 480.9102822580645,
      "max": 524.4833164812942,
      "median": 504.38724741532434
    },
    "drop_rate": {
      "mean": 0.00858,
      "std": 0.0027319590040847976,
      "min": 0.002,
      "max": 0.016,
      "median": 0.009
    }
  }
}