episode,settled_value,total_transaction_value,value_accept_ratio,drops,drop_rate,policy_discards,policy_discard_rate,capacity_drops,capacity_drop_rate,flushes,money,available_collateral,committed_unflushed,pending_flush,episode_return,training_reward_return,reward_scale,steps,settle_action_0,settle_action_1,elapsed_sec,flush_action_0,flush_action_1,flush_action_2,flush_action_3,flush_action_4,flush_action_5,flush_action_6,flush_action_7,flush_action_8,flush_action_9,flush_action_10,flush_action_11,flush_action_12,flush_action_13,flush_action_14,flush_action_15,flush_action_16,loss,policy_loss,value_loss,entropy,entropy_coef
1,24120.0,50304.0,0.4794847328244275,516.0,0.516,516.0,0.516,0.0,0.0,923.0,-68180.0,1712.3086613304429,3.0614896068716737,84.62984906268332,-68180.0,-681.8000000000004,100.0,1000,516,484,0.21534870890900493,47,62,68,66,57,67,71,53,50,47,56,69,58,76,56,50,47,47.84125518798828,0.004994811490178108,95.88373565673828,3.520209312438965,0.03
2,24116.0,48995.0,0.49221349117256863,508.0,0.508,508.0,0.508,0.0,0.0,895.0,-65384.0,1754.0,11.5,34.5,-65384.0,-653.8399999999997,100.0,1000,508,492,0.19045170804020017,63,56,57,61,61,61,57,56,61,70,49,52,64,60,54,54,64,44.16848373413086,0.05437406897544861,88.43911743164062,3.5181028842926025,0.029973
3,24075.0,50779.0,0.47411331455916816,510.0,0.51,510.0,0.51,0.0,0.0,884.0,-64325.0,1711.19277892983,49.954061851970025,38.85315921819891,-64325.0,-643.2499999999997,100.0,1000,510,490,0.19143462495412678,65,62,69,72,60,59,69,56,45,56,50,67,64,56,48,33,69,40.321651458740234,-0.15871399641036987,81.17118835449219,3.513889789581299,0.029946
4,25073.0,50260.0,0.4988658973338639,501.0,0.501,501.0,0.501,0.0,0.0,861.0,-61027.0,1676.655364990234,0.0,123.34463500976562,-61027.0,-610.2700000000004,100.0,1000,501,499,0.18519450002349913,85,47,48,77,51,64,71,45,58,62,48,50,58,66,48,51,71,39.59185028076172,0.13432204723358154,79.12486267089844,3.506270408630371,0.029918999999999998
5,24630.0,50800.0,0.4848425196850394,508.0,0.508,508.0,0.508,0.0,0.0,856.0,-60970.0,1791.887745208991,1.9963752024748445,6.115879588534048,-60970.0,-609.6999999999999,100.0,1000,508,492,0.22886950010433793,64,39,63,75,61,52,66,49,57,68,50,51,73,62,44,45,81,37.84297180175781,0.014843112789094448,75.86522674560547,3.4953408241271973,0.029892
6,26094.0,49668.0,0.5253684464846581,483.0,0.483,483.0,0.483,0.0,0.0,831.0,-57006.0,1624.687499999999,143.81103515625,31.50146484375,-57006.0,-570.06,100.0,1000,483,517,0.23368058307096362,94,40,62,62,60,67,67,55,50,61,39,41,64,47,42,54,95,32.597900390625,-0.02530352957546711,65.45392608642578,3.47424578666687,0.029865
7,26238.0,51668.0,0.5078191530541147,500.0,0.5,500.0,0.5,0.0,0.0,829.0,-56662.0,1748.6623969198529,25.209250661750126,26.128352418395927,-56662.0,-566.6200000000001,100.0,1000,500,500,0.21778133395127952,100,49,58,77,52,44,57,58,48,66,33,64,53,57,38,39,107,31.468360900878906,-0.09628214687108994,63.334999084472656,3.4471628665924072,0.029838
8,27255.0,49838.0,0.5468718648420884,460.0,0.46,460.0,0.46,0.0,0.0,780.0,-50745.0,1666.540991783142,77.17571408301592,56.28329413384199,-50745.0,-507.45000000000056,100.0,1000,460,540,0.2513104169629514,141,29,66,61,47,46,52,44,49,69,38,53,53,48,37,44,123,26.44243812561035,0.07178544998168945,52.944454193115234,3.407249689102173,0.029810999999999997
9,26234.0,49633.0,0.5285596276670763,472.0,0.472,472.0,0.472,0.0,0.0,742.0,-47966.0,1770.9999999999995,5.55078125,23.44921875,-47966.0,-479.65999999999997,100.0,1000,472,528,0.1956062080571428,148,47,66,60,49,52,33,35,44,66,39,42,46,49,41,30,153,21.30539321899414,-0.09097491949796677,42.99238204956055,3.3515377044677734,0.029783999999999998
10,29114.0,50594.0,0.5754437285053564,429.0,0.429,429.0,0.429,0.0,0.0,746.0,-45486.0,1615.5703124999993,66.02484130859375,118.40484619140625,-45486.0,-454.86000000000035,100.0,1000,429,571,0.1940307089826092,162,39,50,63,44,47,39,38,47,73,41,42,45,41,42,32,155,19.8795166015625,-0.00827225111424923,39.970394134521484,3.2734479904174805,0.029757
11,30019.0,51959.0,0.5777439904540118,420.0,0.42,420.0,0.42,0.0,0.0,716.0,-41581.0,1493.25,61.05194091796875,245.69805908203125,-41581.0,-415.80999999999983,100.0,1000,420,580,0.1998708329629153,217,40,42,38,39,50,40,35,45,73,44,35,44,38,33,38,149,15.507181167602539,-0.10229337960481644,31.407955169677734,3.1787314414978027,0.02973
12,30386.0,50756.0,0.5986681377571125,398.0,0.398,398.0,0.398,0.0,0.0,664.0,-36014.0,1660.5645141601558,7.351869732141495,132.08361610770226,-36014.0,-360.13999999999976,100.0,1000,398,602,0.20923341601155698,245,39,45,45,29,46,45,32,26,64,34,43,29,22,29,37,190,11.204051971435547,-0.0935630202293396,22.77708625793457,3.061253547668457,0.029703
13,29929.0,50377.0,0.5941004823629831,406.0,0.406,406.0,0.406,0.0,0.0,616.0,-31671.0,1622.2085888385773,0.0,177.79141116142273,-31671.0,-316.71000000000004,100.0,1000,406,594,0.2181587090017274,295,28,50,36,39,53,25,17,25,47,32,38,35,30,20,31,199,8.79879379272461,-0.10585535317659378,17.983383178710938,2.933117628097534,0.029675999999999998
14,31081.0,50310.0,0.6177897038362155,389.0,0.389,389.0,0.389,0.0,0.0,576.0,-26519.0,1586.712890625,53.32177734375,159.96533203125,-26519.0,-265.1900000000001,100.0,1000,389,611,0.1889031670289114,359,30,49,32,39,35,28,17,19,39,22,27,30,36,20,22,196,5.605388641357422,-0.07973779737949371,11.535682678222656,2.7898144721984863,0.029649
15,32294.0,51334.0,0.6290957260295321,373.0,0.373,373.0,0.373,0.0,0.0,526.0,-20306.0,1445.0,88.75,266.25,-20306.0,-203.06000000000012,100.0,1000,373,627,0.19018304103519768,417,21,39,32,33,30,19,21,20,37,25,28,26,23,25,23,181,4.30415153503418,-0.09071733057498932,8.945108413696289,2.622549533843994,0.029622
16,32953.0,50936.0,0.6469491126119051,369.0,0.369,369.0,0.369,0.0,0.0,469.0,-13947.0,1752.0,0.0,48.0,-13947.0,-139.4699999999998,100.0,1000,369,631,0.18798112496733665,471,20,34,26,25,40,17,16,30,34,16,35,23,17,13,15,168,1.9650928974151611,0.004879939369857311,4.068747520446777,2.505857229232788,0.029595
17,32355.0,49944.0,0.6478255646323883,352.0,0.352,352.0,0.352,0.0,0.0,428.0,-10445.0,1433.733276367188,29.3125,336.9542236328125,-10445.0,-104.44999999999996,100.0,1000,352,648,0.18744758400134742,535,20,21,21,16,37,19,19,27,31,17,24,20,32,11,21,129,1.4778485298156738,-0.17986752092838287,3.4565329551696777,2.3860414028167725,0.029568
18,34937.0,49889.0,0.7002946541321734,302.0,0.302,302.0,0.302,0.0,0.0,415.0,-6563.0,1698.0,102.0,0.0,-6563.0,-65.63000000000007,100.0,1000,302,698,0.1871065830346197,561,8,23,24,15,29,17,18,16,41,15,17,13,26,12,16,149,0.9920114874839783,-0.12341564148664474,2.3665807247161865,2.297257900238037,0.029540999999999998
19,33765.0,50089.0,0.6741001018187626,325.0,0.325,325.0,0.325,0.0,0.0,392.0,-5435.0,1627.0,173.0,0.0,-5435.0,-54.35000000000002,100.0,1000,325,675,0.18768512492533773,584,13,25,16,13,24,21,15,19,34,17,18,22,20,14,19,126,1.4817806482315063,-0.05127343535423279,3.1967530250549316,2.2132678031921387,0.029514
20,33986.0,50036.0,0.6792309537133264,324.0,0.324,324.0,0.324,0.0,0.0,367.0,-2714.0,1648.9814453124995,72.88297271728516,78.13558197021484,-2714.0,-27.140000000000004,100.0,1000,324,676,0.200625458965078,613,11,25,16,14,28,15,10,21,31,14,16,22,16,12,14,122,1.2211148738861084,0.04438348487019539,2.4722371101379395,2.014011859893799,0.029487
21,34831.0,50368.0,0.691530336721728,308.0,0.308,308.0,0.308,0.0,0.0,306.0,4231.0,1734.9999999999998,0.0,65.0,4231.0,42.30999999999999,100.0,1000,308,692,0.24943804100621492,673,20,15,13,7,20,19,12,6,35,9,17,13,13,10,10,108,1.8541373014450073,-0.02196979895234108,3.8696062564849854,1.9923958778381348,0.02946
22,37014.0,52326.0,0.7073730076826052,311.0,0.311,311.0,0.311,0.0,0.0,297.0,7314.0,1434.0,228.75,137.25,7314.0,73.13999999999989,100.0,1000,311,689,0.1977900000056252,691,19,15,19,9,27,13,6,7,22,13,14,15,11,17,14,88,2.4178709983825684,0.031229697167873383,4.883358001708984,1.8699363470077515,0.029432999999999997
23,32658.0,47115.0,0.6931550461636421,301.0,0.301,301.0,0.301,0.0,0.0,266.0,6058.0,1649.25,4.0,146.75,6058.0,60.58000000000005,100.0,1000,301,699,0.191030666930601,729,5,11,14,13,32,12,12,19,10,9,14,11,6,15,11,77,1.758691668510437,-0.06710205227136612,3.754504442214966,1.7499300241470337,0.029405999999999998
24,35989.0,50632.0,0.7107955443197977,286.0,0.286,286.0,0.286,0.0,0.0,248.0,11189.0,1454.9097290039056,345.09027099609375,0.0,11189.0,111.89000000000003,100.0,1000,286,714,0.19028891704510897,742,2,21,10,10,18,13,9,12,27,8,24,10,13,9,11,61,2.6153616905212402,0.07091231644153595,5.184871196746826,1.6333519220352173,0.029379
25,35333.0,49074.0,0.7199942943310104,282.0,0.282,282.0,0.282,0.0,0.0,210.0,14333.0,1630.6406249999995,31.7548828125,137.6044921875,14333.0,143.32999999999987,100.0,1000,282,718,0.1869046250358224,782,12,10,7,7,19,10,3,8,14,11,13,10,14,4,13,63,3.697101354598999,-0.0417126826941967,7.566848278045654,1.519829273223877,0.029352
26,35198.0,49004.0,0.7182678964982451,284.0,0.284,284.0,0.284,0.0,0.0,186.0,16598.0,1561.0,239.0,0.0,16598.0,165.97999999999996,100.0,1000,284,716,0.1849989170441404,809,7,8,7,9,15,8,14,10,15,7,10,6,5,7,6,57,3.991572141647339,0.0251724012196064,8.01669692993164,1.4304693937301636,0.029325
27,37585.0,50987.0,0.7371486849589111,269.0,0.269,269.0,0.269,0.0,0.0,153.0,22285.0,1399.85888671875,400.14111328125,0.0,22285.0,222.85000000000014,100.0,1000,269,731,0.18547895806841552,846,5,10,8,3,11,9,5,8,7,6,10,9,4,6,9,44,5.772722244262695,0.02005206234753132,11.582788467407227,1.3217315673828125,0.029297999999999998
28,35042.0,48486.0,0.722724085302974,282.0,0.282,282.0,0.282,0.0,0.0,136.0,21442.0,857.875,342.5390625,599.5859375,21442.0,214.42000000000024,100.0,1000,282,718,0.18890520802233368,863,4,11,7,7,11,7,3,8,6,5,5,7,7,5,5,39,5.636056900024414,-0.13769884407520294,11.617319107055664,1.1924363374710083,0.029271
29,40490.0,52420.0,0.7724151087371233,236.0,0.236,236.0,0.236,0.0,0.0,111.0,29390.0,607.125,596.4375,596.4375,29390.0,293.90000000000026,100.0,1000,236,764,0.18367362499702722,885,3,3,5,4,8,5,5,5,7,5,5,6,7,3,9,35,8.888346672058105,0.07071799784898758,17.699663162231445,1.1011579036712646,0.029244
30,35823.0,50180.0,0.7138899960143483,279.0,0.279,227.0,0.227,52.0,0.052,93.0,26523.0,84.0,282.75,1433.25,26523.0,265.2300000000003,100.0,1000,227,773,0.18531633308157325,907,1,5,7,5,9,3,2,10,8,2,2,3,6,4,7,19,7.097583293914795,0.007872967049479485,14.237613677978516,0.9958792328834534,0.029217
31,37790.0,49817.0,0.7585763895858844,238.0,0.238,192.0,0.192,46.0,0.046,99.0,27890.0,1238.0,562.0,0.0,27890.0,278.8999999999998,100.0,1000,192,808,0.1857122090877965,900,2,2,6,5,11,3,4,5,7,3,3,8,6,4,6,25,7.530311107635498,-0.08462945371866226,15.281316757202148,0.8810385465621948,0.02919
32,37553.0,49448.0,0.7594442646820903,255.0,0.255,169.0,0.169,86.0,0.086,67.0,30853.0,608.14453125,1191.85546875,0.0,30853.0,308.53000000000003,100.0,1000,169,831,0.1849107090383768,933,1,1,6,3,4,1,3,3,2,3,4,1,3,6,4,22,8.295226097106934,0.055480144917964935,16.527219772338867,0.8182794451713562,0.029162999999999998
33,38054.0,49665.0,0.7662136313299104,235.0,0.235,145.0,0.145,90.0,0.09,70.0,31054.0,1193.875,606.125,0.0,31054.0,310.54,100.0,1000,145,855,0.18626162502914667,928,2,3,2,6,7,1,2,4,6,4,3,4,3,3,2,20,7.658559799194336,0.04815516248345375,15.262979507446289,0.7236812114715576,0.029136
34,27818.0,49854.0,0.5579893288402135,442.0,0.442,144.0,0.144,298.0,0.298,53.0,22518.0,1208.348460770192,406.76043322049304,184.891106009315,22518.0,225.18000000000006,100.0,1000,144,856,0.185548875015229,947,2,2,4,2,7,2,3,0,7,4,4,3,1,1,4,7,5.0625176429748535,0.043518465012311935,10.082466125488281,0.763821542263031,0.029109
35,38438.0,49115.0,0.7826122365876005,212.0,0.212,121.0,0.121,91.0,0.091,69.0,31538.0,2.03955078125,1797.96044921875,0.0,31538.0,315.3800000000002,100.0,1000,121,879,0.18520712503232062,931,2,4,4,4,6,4,4,3,5,3,3,5,1,5,4,12,7.537998199462891,0.0011158832348883152,15.115632057189941,0.7198108434677124,0.029082
36,37099.0,50465.0,0.7351431685326464,259.0,0.259,106.0,0.106,153.0,0.153,66.0,30499.0,1231.4486818313599,324.10978692770004,244.4415312409401,30499.0,304.9900000000005,100.0,1000,106,894,0.18453041603788733,933,2,5,3,3,1,5,3,2,7,4,5,3,2,3,4,15,7.308737754821777,0.008264118805527687,14.639750480651855,0.6677525043487549,0.029054999999999997
37,39342.0,49425.0,0.7959939301972686,200.0,0.2,98.0,0.098,102.0,0.102,71.0,32242.0,1175.8125,624.1875,0.0,32242.0,322.41999999999985,100.0,1000,98,902,0.18882166710682213,929,3,0,3,2,3,3,5,3,7,2,4,5,4,3,5,19,6.761324405670166,0.040189675986766815,13.47769832611084,0.6102491617202759,0.029027999999999998
38,34776.0,49706.0,0.6996338470204804,311.0,0.311,72.0,0.072,239.0,0.239,48.0,29976.0,12.95166015625,0.0,1787.04833984375,29976.0,299.7600000000002,100.0,1000,72,928,0.18415070907212794,952,1,0,5,3,0,0,2,2,2,3,0,1,6,3,1,19,6.660011291503906,0.020565394312143326,13.315351486206055,0.6285936832427979,0.029001
39,38317.0,49363.0,0.7762291594919272,218.0,0.218,77.0,0.077,141.0,0.141,70.0,31317.0,1178.0,622.0,0.0,31317.0,313.1700000000001,100.0,1000,77,923,0.18551741703413427,929,4,3,7,4,3,4,2,5,4,4,2,4,3,1,3,18,5.824701309204102,0.04739861190319061,11.594268798828125,0.6844584941864014,0.028974
40,42938.0,49018.0,0.8759639316169571,127.0,0.127,65.0,0.065,62.0,0.062,69.0,36038.0,1492.0,308.0,0.0,36038.0,360.3800000000001,100.0,1000,65,935,0.18836887495126575,931,3,3,0,1,3,4,2,1,11,7,5,4,2,4,1,18,6.313146591186523,0.006256939843297005,12.648407936096191,0.5981475710868835,0.028947
41,34562.0,49233.0,0.7020088152255601,287.0,0.287,38.0,0.038,249.0,0.249,63.0,28262.0,732.580078125,1067.419921875,0.0,28262.0,282.62000000000006,100.0,1000,38,962,0.18493541597854346,936,6,2,3,0,7,3,5,2,4,5,3,2,7,3,2,10,5.2100934982299805,-0.051652226597070694,10.565680503845215,0.7293943166732788,0.028919999999999998
42,46050.0,51188.0,0.8996249120887708,102.0,0.102,47.0,0.047,55.0,0.055,92.0,36850.0,904.7074851989746,895.2925148010254,0.0,36850.0,368.49999999999915,100.0,1000,47,953,0.18800766591448337,908,5,5,5,6,3,2,3,5,10,6,4,5,6,6,7,14,6.4039225578308105,0.01507668849080801,12.818014144897461,0.6977868676185608,0.028893
43,45401.0,48901.0,0.9284268215373919,72.0,0.072,38.0,0.038,34.0,0.034,94.0,36001.0,761.0783691406252,1038.921630859375,0.0,36001.0,360.0100000000002,100.0,1000,38,962,0.1872305419528857,906,8,3,3,4,4,5,5,8,9,9,3,5,3,12,3,10,5.0311126708984375,-0.02695280872285366,10.15507984161377,0.6746546030044556,0.028866
44,41503.0,50450.0,0.8226560951437066,175.0,0.175,23.0,0.023,152.0,0.152,95.0,32003.0,318.47934420204604,1481.5206557979539,0.0,32003.0,320.0300000000002,100.0,1000,23,977,0.18477558402810246,904,6,2,6,7,3,12,4,5,11,7,2,5,4,4,4,14,4.7460150718688965,0.021404245868325233,9.489294052124023,0.6947680711746216,0.028839
45,43247.0,49719.0,0.869828435809248,124.0,0.124,24.0,0.024,100.0,0.1,88.0,34447.0,29.03125,1770.96875,0.0,34447.0,344.47000000000025,100.0,1000,24,976,0.19084900000598282,912,3,3,4,4,7,6,1,5,8,2,1,9,4,8,3,20,4.404221057891846,-0.13396616280078888,9.117425918579102,0.7124100923538208,0.028811999999999997
46,43808.0,49860.0,0.8786201363818692,120.0,0.12,29.0,0.029,91.0,0.091,89.0,34908.0,224.75935057923198,1575.240649420768,0.0,34908.0,349.08000000000004,100.0,1000,29,971,0.22268491599243134,911,4,2,6,6,2,6,4,5,16,3,2,4,0,6,5,18,4.604134559631348,-0.028857450932264328,9.307995796203613,0.7297578454017639,0.028784999999999998
47,47131.0,50539.0,0.9325669285106551,61.0,0.061,35.0,0.035,26.0,0.026,107.0,36431.0,1044.8437499999998,755.15625,0.0,36431.0,364.3099999999996,100.0,1000,35,965,0.2597152499947697,893,5,1,6,7,2,6,6,6,17,9,4,4,5,8,2,19,3.630472183227539,-0.024803506210446358,7.346688747406006,0.6283039450645447,0.028758
48,46951.0,50266.0,0.9340508494807623,63.0,0.063,21.0,0.021,42.0,0.042,84.0,38551.0,1366.4975518721728,433.50244812782694,0.0,38551.0,385.51000000000033,100.0,1000,21,979,0.2264785000588745,916,2,3,1,3,2,10,3,6,15,5,1,7,4,8,1,13,3.9696125984191895,0.0930795669555664,7.789371013641357,0.6318113207817078,0.028731
49,46498.0,50301.0,0.9243951412496769,69.0,0.069,21.0,0.021,48.0,0.048,106.0,35898.0,941.9999999999998,0.0,858.0,35898.0,358.97999999999956,100.0,1000,21,979,0.3065360418986529,894,2,3,4,4,8,13,5,8,12,10,0,0,9,13,3,12,2.8917794227600098,-0.017376195639371872,5.8508381843566895,0.5665927529335022,0.028704
50,42019.0,47519.0,0.8842568235863549,113.0,0.113,11.0,0.011,102.0,0.102,75.0,34519.0,1732.0,68.0,0.0,34519.0,345.18999999999943,100.0,1000,11,989,0.19426520797424018,925,2,1,1,7,2,8,2,4,13,12,2,1,5,4,2,9,4.224215030670166,0.09353726357221603,8.299875259399414,0.6716192960739136,0.028676999999999998
51,47062.0,49893.0,0.9432585733469625,53.0,0.053,16.0,0.016,37.0,0.037,92.0,37862.0,1512.8125,287.1875,0.0,37862.0,378.6200000000004,100.0,1000,16,984,0.2096689169993624,908,2,1,7,3,5,6,3,8,10,6,2,6,3,12,5,13,3.079925537109375,0.0074315438978374004,6.178267002105713,0.5807867646217346,0.02865
52,46529.0,48486.0,0.9596378336014519,36.0,0.036,11.0,0.011,25.0,0.025,89.0,37629.0,1232.0,568.0,0.0,37629.0,376.2899999999993,100.0,1000,11,989,0.21179679199121892,911,1,1,3,4,4,11,4,6,14,7,3,1,2,9,3,16,3.466775894165039,0.040189117193222046,6.882563591003418,0.5133935213088989,0.028623
53,45669.0,51019.0,0.8951371057841196,104.0,0.104,11.0,0.011,93.0,0.093,79.0,37769.0,179.7265625,320.05126953125,1300.22216796875,37769.0,377.6899999999999,100.0,1000,11,989,0.21000445808749646,921,1,2,2,4,1,7,9,3,11,8,1,4,6,11,3,6,2.7658746242523193,-0.01765456609427929,5.602385520935059,0.6176918148994446,0.028596
54,46268.0,51650.0,0.8957986447241045,108.0,0.108,9.0,0.009,99.0,0.099,76.0,38668.0,20.957397460937045,1779.0426025390625,0.0,38668.0,386.6799999999996,100.0,1000,9,991,0.20629933301825076,924,2,0,2,3,5,9,3,6,9,7,1,4,1,18,2,4,2.9609873294830322,0.007774537894874811,5.939188003540039,0.5733914375305176,0.028568999999999997
55,47675.0,50771.0,0.939020306868094,57.0,0.057,16.0,0.016,41.0,0.041,80.0,39675.0,1701.0,99.0,0.0,39675.0,396.74999999999955,100.0,1000,16,984,0.2090294579975307,920,1,1,2,1,1,9,3,3,21,9,1,5,2,7,3,11,2.7967565059661865,0.0008230733219534159,5.626932621002197,0.6142791509628296,0.028541999999999998
56,47804.0,49537.0,0.9650160486101298,39.0,0.039,18.0,0.018,21.0,0.021,100.0,37804.0,1271.1699763277022,528.8300236722978,0.0,37804.0,378.04000000000036,100.0,1000,18,982,0.20662029192317277,900,2,4,1,3,4,11,5,8,26,8,1,6,4,10,2,5,2.725517749786377,0.005962665658444166,5.4701337814331055,0.5439839363098145,0.028515
57,44783.0,49537.0,0.9040313301168823,84.0,0.084,12.0,0.012,72.0,0.072,81.0,36683.0,442.89453125,627.483642578125,729.621826171875,36683.0,366.82999999999976,100.0,1000,12,988,0.20742816606070846,919,2,0,1,2,4,9,6,1,25,5,2,5,0,10,1,8,2.9976532459259033,-0.03663324564695358,6.108023643493652,0.6924074292182922,0.028488
58,45973.0,50561.0,0.9092581238503985,88.0,0.088,24.0,0.024,64.0,0.064,89.0,37073.0,404.15809631347656,692.243332862854,703.5985708236694,37073.0,370.73000000000064,100.0,1000,24,976,0.2088219579309225,911,0,0,9,3,5,11,3,5,19,5,1,8,1,8,2,9,2.1837222576141357,-0.08040592074394226,4.56918478012085,0.7190258502960205,0.028461
59,45944.0,50402.0,0.9115511289234555,87.0,0.087,24.0,0.024,63.0,0.063,95.0,36444.0,859.6233865694799,940.3766134305201,0.0,36444.0,364.43999999999977,100.0,1000,24,976,0.21068929100874811,905,4,0,4,5,4,11,2,4,5,10,1,6,2,28,2,7,1.203368067741394,-0.09922901540994644,2.6521549224853516,0.8257873058319092,0.028433999999999997
60,48360.0,49842.0,0.9702660406885759,29.0,0.029,19.0,0.019,10.0,0.01,105.0,37860.0,1484.8961285352707,212.55193573236465,102.55193573236465,37860.0,378.5999999999997,100.0,1000,19,981,0.21234979096334428,895,0,3,1,3,2,5,1,6,9,5,8,12,0,43,1,6,1.2765923738479614,-0.08893903344869614,2.762571096420288,0.5545849204063416,0.028406999999999998
61,47925.0,49528.0,0.9676344693910516,33.0,0.033,14.0,0.014,19.0,0.019,95.0,38425.0,1447.296875,352.703125,0.0,38425.0,384.25000000000017,100.0,1000,14,986,0.20945662504527718,905,0,2,2,2,4,2,2,5,9,3,3,4,2,39,3,13,1.5757222175598145,-0.024249587208032608,3.2280938625335693,0.4959542453289032,0.02838
62,48284.0,50220.0,0.9614496216646754,38.0,0.038,14.0,0.014,24.0,0.024,98.0,38484.0,1424.1139944279348,375.8860055720652,0.0,38484.0,384.8400000000001,100.0,1000,14,986,0.21240529196802527,902,0,1,3,2,2,5,2,2,5,3,8,9,1,49,0,6,0.5429201126098633,-0.05451385676860809,1.2215368747711182,0.47030237317085266,0.028353
63,44376.0,48344.0,0.9179215621380109,85.0,0.085,14.0,0.014,71.0,0.071,72.0,37176.0,1565.7502396032216,234.24976039677858,0.0,37176.0,371.7600000000004,100.0,1000,14,986,0.20908249996136874,928,0,0,5,0,3,6,0,3,6,4,5,6,1,25,3,5,1.8396233320236206,-0.011143285781145096,3.729867696762085,0.5001477003097534,0.028326
64,45578.0,49506.0,0.9206560820910596,71.0,0.071,10.0,0.01,61.0,0.061,71.0,38478.0,1016.7304687499995,783.26953125,0.0,38478.0,384.7800000000001,100.0,1000,10,990,0.22882608301006258,929,3,1,2,2,1,10,1,0,4,2,6,5,4,24,2,4,1.8835794925689697,0.05124586075544357,3.6984353065490723,0.5966280102729797,0.028298999999999998
65,50173.0,51835.0,0.9679367222918878,33.0,0.033,8.0,0.008,25.0,0.025,84.0,41773.0,12.071755826473236,1787.9282441735268,0.0,41773.0,417.7300000000002,100.0,1000,8,992,0.2997810839442536,915,3,1,1,0,0,4,2,1,12,3,10,1,2,33,5,7,2.764347553253174,0.04242154583334923,5.47406530380249,0.5343347191810608,0.028272
66,48152.0,50287.0,0.9575436991667826,41.0,0.041,7.0,0.007,34.0,0.034,96.0,38552.0,0.50390625,1012.216552734375,787.279541015625,38552.0,385.5200000000001,100.0,1000,7,993,0.22462991694919765,904,0,0,2,2,3,11,3,0,7,6,8,6,0,32,6,10,1.4881948232650757,-0.009061519056558609,3.025801181793213,0.5538737773895264,0.028245
67,49273.0,50088.0,0.9837286375978278,15.0,0.015,9.0,0.009,6.0,0.006,89.0,40373.0,671.0114746093752,205.87356567382812,923.1149597167969,40373.0,403.7299999999999,100.0,1000,9,991,0.3254627090645954,911,0,1,1,0,0,5,4,2,4,3,11,4,2,35,7,10,0.6468907594680786,-0.07699684798717499,1.4818015098571777,0.602918803691864,0.028218
68,48497.0,50175.0,0.9665570503238665,31.0,0.031,12.0,0.012,19.0,0.019,102.0,38297.0,1364.1151638031001,435.8848361968994,0.0,38297.0,382.9699999999999,100.0,1000,12,988,0.2324057089863345,898,1,3,3,2,0,3,3,3,11,5,20,1,2,29,6,10,2.09623122215271,0.032879456877708435,4.155773162841797,0.5155817866325378,0.028190999999999997
69,47973.0,49750.0,0.9642814070351758,33.0,0.033,10.0,0.01,23.0,0.023,98.0,38173.0,999.8749999999995,100.015625,700.109375,38173.0,381.72999999999934,100.0,1000,10,990,0.21577187499497086,902,3,0,3,3,2,4,4,1,9,3,12,3,2,43,0,6,1.8204762935638428,0.05475323647260666,3.5615522861480713,0.5344796776771545,0.028163999999999998
70,47991.0,49661.0,0.9663720021747447,31.0,0.031,10.0,0.01,21.0,0.021,91.0,38891.0,686.9999999999998,495.9375,617.0625,38891.0,388.91000000000014,100.0,1000,10,990,0.22605200007092208,909,0,1,2,4,2,3,1,4,11,4,7,3,0,31,4,14,2.0911362171173096,0.026607200503349304,4.158596992492676,0.5249159336090088,0.028137
71,47962.0,49949.0,0.9602194238122885,31.0,0.031,17.0,0.017,14.0,0.014,90.0,38962.0,1348.984375,451.015625,0.0,38962.0,389.62,100.0,1000,17,983,0.2155320830643177,910,0,0,1,0,1,2,2,0,15,8,6,3,0,33,3,16,1.7990754842758179,-0.0036502541042864323,3.634521484375,0.5170750617980957,0.02811
72,50342.0,53042.0,0.9490969420459259,52.0,0.052,13.0,0.013,39.0,0.039,92.0,41142.0,1046.3750000000002,753.625,0.0,41142.0,411.41999999999894,100.0,1000,13,987,0.2963332920335233,908,0,0,3,1,1,4,2,1,7,0,15,4,1,38,4,11,2.2784698009490967,0.004035020712763071,4.576768398284912,0.4967230558395386,0.028083
73,48297.0,49768.0,0.9704428548464877,26.0,0.026,6.0,0.006,20.0,0.02,64.0,41897.0,394.5,145.0,1260.5,41897.0,418.9699999999998,100.0,1000,6,994,0.22954754205420613,935,0,1,0,1,4,1,0,4,4,1,6,1,0,22,3,17,2.7006702423095703,0.058255646377801895,5.313577651977539,0.5123457908630371,0.028055999999999998
74,48929.0,50876.0,0.9617304819561286,37.0,0.037,15.0,0.015,22.0,0.022,77.0,41229.0,1433.8358645788621,366.16413542113787,0.0,41229.0,412.2899999999995,100.0,1000,15,985,0.21443591604474932,923,1,1,1,1,4,0,0,1,6,3,6,2,0,30,8,13,0.6987936496734619,-0.08857829123735428,1.6046541929244995,0.5335596799850464,0.028029
75,47813.0,50501.0,0.9467733312211639,49.0,0.049,13.0,0.013,36.0,0.036,75.0,40313.0,950.4032366918404,341.1239885338,508.47277477436,40313.0,403.13,100.0,1000,13,987,0.2185151670128107,925,0,1,1,3,1,0,2,2,6,1,13,3,2,25,10,5,1.9037126302719116,0.05121982842683792,3.734783887863159,0.5320731997489929,0.028002
76,48732.0,50662.0,0.961904385930283,36.0,0.036,5.0,0.005,31.0,0.031,79.0,40832.0,402.0000000000002,213.25,1184.75,40832.0,408.31999999999954,100.0,1000,5,995,0.22902862494811416,921,0,0,0,1,0,0,2,1,4,2,7,1,1,36,15,9,1.7031975984573364,-0.0037880190648138523,3.44376540184021,0.5325156450271606,0.027975
77,48586.0,50368.0,0.9646203939008895,33.0,0.033,11.0,0.011,22.0,0.022,80.0,40586.0,27.39432907104515,1772.605670928955,0.0,40586.0,405.8600000000001,100.0,1000,11,989,0.2108851660741493,920,0,1,2,0,3,0,0,1,2,4,8,1,0,33,12,13,1.686432123184204,0.027806643396615982,3.354321002960205,0.6631972789764404,0.027948
78,49737.0,50794.0,0.979190455565618,17.0,0.017,5.0,0.005,12.0,0.012,104.0,39337.0,497.4320996348433,1302.5679003651567,0.0,39337.0,393.3700000000002,100.0,1000,5,995,0.2404994999524206,896,2,0,1,2,1,5,0,1,1,8,9,1,1,36,15,21,0.5832808613777161,-0.04662473127245903,1.2968688011169434,0.6636159420013428,0.027920999999999998
79,47940.0,48434.0,0.9898005533303051,12.0,0.012,6.0,0.006,6.0,0.006,120.0,35940.0,965.0722561623511,834.9277438376489,0.0,35940.0,359.4000000000007,100.0,1000,6,994,0.21251866698730737,880,1,2,1,1,5,4,2,1,7,6,8,0,1,43,20,18,2.29215407371521,0.018415847793221474,4.580742359161377,0.5962904691696167,0.027894
80,50332.0,50937.0,0.9881225827983587,15.0,0.015,15.0,0.015,0.0,0.0,106.0,39732.0,1435.216796875,364.783203125,0.0,39732.0,397.3199999999991,100.0,1000,15,985,0.45974954194389284,894,4,0,1,0,3,4,0,0,3,3,6,1,1,33,18,29,0.9251705408096313,-0.015839766710996628,1.913835048675537,0.5708267688751221,0.027867
81,49190.0,50705.0,0.9701212898136279,29.0,0.029,7.0,0.007,22.0,0.022,102.0,38990.0,1160.0,640.0,0.0,38990.0,389.8999999999994,100.0,1000,7,993,0.2245660840999335,898,2,1,1,1,0,3,2,3,5,4,9,0,0,23,19,29,1.0739535093307495,0.0174318328499794,2.144761562347412,0.5696512460708618,0.02784
82,49462.0,49830.0,0.9926148906281357,8.0,0.008,7.0,0.007,1.0,0.001,120.0,37462.0,1566.0,234.0,0.0,37462.0,374.6200000000007,100.0,1000,7,993,0.2553246670868248,880,2,0,1,0,2,5,2,2,3,0,8,3,1,34,30,27,1.6027861833572388,0.01685214228928089,3.1984705924987793,0.47823888063430786,0.027812999999999997
83,48800.0,49151.0,0.9928587414294724,6.0,0.006,5.0,0.005,1.0,0.001,89.0,39900.0,1256.740784844053,543.259215155947,0.0,39900.0,398.9999999999998,100.0,1000,5,995,0.1935010829474777,911,0,0,0,1,5,4,0,2,4,4,8,2,0,35,16,8,1.295214056968689,0.02664383500814438,2.5615108013153076,0.43853825330734253,0.027785999999999998
84,47408.0,49742.0,0.9530778818704515,46.0,0.046,9.0,0.009,37.0,0.037,80.0,39408.0,1244.7954548440136,555.2045451559861,0.0,39408.0,394.0799999999997,100.0,1000,9,991,0.19844562490470707,920,1,0,1,3,8,3,0,3,1,4,8,3,3,25,12,5,2.688163995742798,0.1557401716709137,5.092833518981934,0.5040869116783142,0.027759
85,47748.0,49468.0,0.965230047707609,32.0,0.032,3.0,0.003,29.0,0.029,77.0,40048.0,1191.625,608.375,0.0,40048.0,400.4799999999997,100.0,1000,3,997,0.1944771249545738,923,1,0,0,0,3,6,1,0,2,2,8,1,0,18,18,17,0.5709562301635742,-0.11901886016130447,1.4074122905731201,0.49513426423072815,0.027732
86,48595.0,49311.0,0.9854799132039505,14.0,0.014,4.0,0.004,10.0,0.01,89.0,39695.0,1399.5780944824219,85.96386909484863,314.4580364227295,39695.0,396.9500000000005,100.0,1000,4,996,0.2007411669474095,911,0,0,1,0,1,2,0,1,4,5,2,1,0,33,22,17,1.223275899887085,-0.05656769499182701,2.583319664001465,0.426503449678421,0.027705
87,49215.0,50164.0,0.9810820508731362,17.0,0.017,6.0,0.006,11.0,0.011,73.0,41915.0,1369.5341796875,430.4658203125,0.0,41915.0,419.15000000000003,100.0,1000,6,994,0.1973166250390932,927,0,0,1,0,0,3,0,1,0,0,4,0,0,25,19,20,1.5325076580047607,0.0211915485560894,3.047821044921875,0.45503509044647217,0.027677999999999998
88,48645.0,49544.0,0.9818545131600194,15.0,0.015,11.0,0.011,4.0,0.004,91.0,39545.0,322.9609375,1477.0390625,0.0,39545.0,395.4499999999999,100.0,1000,11,989,0.20183033403009176,909,0,1,3,0,7,4,0,2,2,0,7,2,0,24,17,22,2.3236396312713623,0.13140329718589783,4.4120073318481445,0.4978925883769989,0.027651
89,49317.0,49588.0,0.9945349681374526,5.0,0.005,5.0,0.005,0.0,0.0,95.0,39817.0,1469.97998046875,330.02001953125,0.0,39817.0,398.1699999999996,100.0,1000,5,995,0.18751033407170326,905,0,2,0,2,2,3,2,0,0,3,8,1,1,31,20,20,2.002758502960205,0.025835353881120682,3.979954242706299,0.47255197167396545,0.027624
90,50064.0,50905.0,0.9834790295648758,15.0,0.015,4.0,0.004,11.0,0.011,94.0,40664.0,1592.625,207.375,0.0,40664.0,406.6400000000003,100.0,1000,4,996,0.1880867090076208,906,1,0,1,1,2,3,1,0,3,3,5,0,1,37,18,18,1.3161139488220215,0.007198555860668421,2.6439225673675537,0.47272709012031555,0.027597
91,48802.0,49647.0,0.9829798376538361,13.0,0.013,2.0,0.002,11.0,0.011,91.0,39702.0,94.0,1706.0,0.0,39702.0,397.0199999999996,100.0,1000,2,998,0.18621362489648163,909,2,1,1,1,5,3,1,2,0,1,13,2,1,16,17,25,0.7468608617782593,-0.10057836025953293,1.7232017517089844,0.5136612057685852,0.027569999999999997
92,49834.0,50251.0,0.9917016576784542,8.0,0.008,2.0,0.002,6.0,0.006,86.0,41234.0,1551.0000000000002,249.0,0.0,41234.0,412.3399999999995,100.0,1000,2,998,0.18619220808614045,914,0,3,0,0,2,2,1,1,4,2,4,3,1,30,20,13,1.7872397899627686,0.05212356150150299,3.4944489002227783,0.43961068987846375,0.027542999999999998
93,48212.0,49119.0,0.9815346403631996,14.0,0.014,3.0,0.003,11.0,0.011,80.0,40212.0,706.90625,1093.09375,0.0,40212.0,402.12000000000046,100.0,1000,3,997,0.2042127080494538,920,1,0,0,0,4,0,0,1,1,1,4,3,1,23,25,16,1.6681158542633057,0.039974063634872437,3.2845804691314697,0.5141926407814026,0.027516
94,48831.0,50036.0,0.9759173395155488,27.0,0.027,2.0,0.002,25.0,0.025,90.0,39831.0,756.3330059982836,396.95843562553637,646.70855837618,39831.0,398.31,100.0,1000,2,998,0.1965377910528332,909,1,0,1,0,3,1,1,0,2,2,8,2,0,23,36,11,2.4109034538269043,0.1385951191186905,4.571284294128418,0.48506125807762146,0.027489
95,50222.0,50565.0,0.9932166518342728,7.0,0.007,7.0,0.007,0.0,0.0,100.0,40222.0,1179.25,620.75,0.0,40222.0,402.2199999999997,100.0,1000,7,993,0.18605679203756154,900,0,3,2,0,0,3,2,1,3,1,2,1,0,31,31,20,0.4882519841194153,-0.06109469383955002,1.1228911876678467,0.4405687153339386,0.027462
96,48862.0,49974.0,0.9777484291831753,17.0,0.017,2.0,0.002,15.0,0.015,90.0,39862.0,1665.0,57.1875,77.8125,39862.0,398.61999999999995,100.0,1000,2,998,0.1883532089414075,910,1,1,1,0,2,3,2,0,7,1,5,1,0,23,25,18,1.487410545349121,0.03782346844673157,2.921401023864746,0.4050818383693695,0.027434999999999998
97,49387.0,49781.0,0.992085333761877,10.0,0.01,6.0,0.006,4.0,0.004,85.0,40887.0,1470.5491924198882,329.4508075801118,0.0,40887.0,408.8699999999997,100.0,1000,6,994,0.19067295803688467,915,0,0,1,0,0,3,1,0,3,8,3,2,0,38,15,11,1.35280179977417,-0.09562835842370987,2.9190216064453125,0.4042840898036957,0.027408
98,48220.0,49851.0,0.9672825018555294,35.0,0.035,4.0,0.004,31.0,0.031,81.0,40120.0,537.7928451526677,1262.2071548473323,0.0,40120.0,401.19999999999976,100.0,1000,4,996,0.19610987498890609,919,0,1,1,1,0,3,2,0,0,4,5,2,1,24,25,12,1.3651690483093262,-0.017386065796017647,2.7886462211608887,0.42978861927986145,0.027381
99,48058.0,49909.0,0.9629125007513675,34.0,0.034,1.0,0.001,33.0,0.033,77.0,40358.0,1439.6054967875098,360.39450321249024,0.0,40358.0,403.57999999999953,100.0,1000,1,999,0.40918283408973366,922,0,1,1,1,1,3,0,0,5,5,4,1,0,25,16,15,0.7145875692367554,-0.04802504554390907,1.5487339496612549,0.42971071600914,0.027354
100,49209.0,49920.0,0.9857572115384615,15.0,0.015,3.0,0.003,12.0,0.012,78.0,41409.0,1280.875,519.125,0.0,41409.0,414.09000000000003,100.0,1000,3,997,0.25835899997036904,922,1,1,0,0,0,3,0,0,1,0,4,4,0,25,20,19,0.9825571775436401,-0.01815548911690712,2.0223896503448486,0.38358181715011597,0.027326999999999997
101,48349.0,50302.0,0.9611745059838575,39.0,0.039,6.0,0.006,33.0,0.033,73.0,41049.0,999.6953125,800.3046875,0.0,41049.0,410.4900000000003,100.0,1000,6,994,0.20406983408611268,927,0,2,0,0,1,2,3,0,1,2,6,2,2,22,11,19,1.0815609693527222,0.0011968982871621847,2.1859304904937744,0.461581289768219,0.027299999999999998
102,51308.0,51709.0,0.9922450637219826,7.0,0.007,3.0,0.003,4.0,0.004,83.0,43008.0,781.5703125,1018.4296875,0.0,43008.0,430.07999999999953,100.0,1000,3,997,0.19131070806179196,917,0,1,1,0,2,0,0,0,2,2,4,0,2,25,21,23,1.1915909051895142,0.0002193471445934847,2.404838800430298,0.4050824046134949,0.027273
103,48784.0,50115.0,0.9734410855033423,14.0,0.014,0.0,0.0,14.0,0.014,77.0,41084.0,20.0625,1001.21484375,778.72265625,41084.0,410.84000000000003,100.0,1000,0,1000,0.18755920801777393,923,0,1,0,0,4,2,5,1,4,2,3,2,1,11,23,18,1.2758837938308716,-0.11739973723888397,2.8123955726623535,0.4739872217178345,0.027246
104,47539.0,48964.0,0.970896985540397,23.0,0.023,6.0,0.006,17.0,0.017,73.0,40239.0,1294.4375,505.5625,0.0,40239.0,402.389999999999,100.0,1000,6,994,0.1899121250025928,927,0,0,2,0,1,1,1,0,2,1,4,1,3,18,15,24,0.666915237903595,-0.05707739293575287,1.4693255424499512,0.3920111060142517,0.027219
105,50168.0,51046.0,0.9827998276064726,12.0,0.012,3.0,0.003,9.0,0.009,76.0,42568.0,1696.1098289489746,103.89017105102539,0.0,42568.0,425.6800000000003,100.0,1000,3,997,0.18735645792912692,924,1,1,1,2,1,1,0,1,1,2,3,2,0,17,27,16,1.9640387296676636,-0.013784303329885006,3.977968215942383,0.41045549511909485,0.027192
106,49054.0,49569.0,0.9896104420101273,9.0,0.009,5.0,0.005,4.0,0.004,78.0,41254.0,672.0,597.0,531.0,41254.0,412.5400000000004,100.0,1000,5,995,0.18865433300379664,922,0,0,2,2,0,0,1,2,1,2,4,3,0,20,21,20,1.0501540899276733,-0.01775163970887661,2.1567437648773193,0.3852771818637848,0.027164999999999998
107,49229.0,49553.0,0.9934615462232357,7.0,0.007,2.0,0.002,5.0,0.005,68.0,42429.0,1312.5,487.5,0.0,42429.0,424.2899999999998,100.0,1000,2,998,0.19778120797127485,932,0,0,0,1,1,0,1,1,0,3,2,2,0,5,28,24,1.232163429260254,-0.005775920115411282,2.4963016510009766,0.3762783408164978,0.027138
108,49445.0,50243.0,0.9841171904543916,15.0,0.015,3.0,0.003,12.0,0.012,75.0,41945.0,1288.0,512.0,0.0,41945.0,419.4500000000004,100.0,1000,3,997,0.19610349996946752,925,1,0,0,0,0,2,1,0,0,4,1,2,0,12,24,28,0.7586267590522766,-0.06764638423919678,1.6735514402389526,0.3873923122882843,0.027111
109,50961.0,52210.0,0.9760773798122965,23.0,0.023,2.0,0.002,21.0,0.021,75.0,43461.0,1694.0,106.0,0.0,43461.0,434.6100000000003,100.0,1000,2,998,0.2847458750475198,925,1,1,0,0,0,0,1,0,0,4,5,6,0,15,24,18,0.7228646874427795,-0.06845258921384811,1.6049726009368896,0.41238415241241455,0.027084
110,49360.0,50064.0,0.9859379993608182,10.0,0.01,0.0,0.0,10.0,0.01,71.0,42260.0,1351.8417663574219,448.1582336425781,0.0,42260.0,422.60000000000036,100.0,1000,0,1000,0.27366966602858156,929,0,1,0,0,1,0,0,0,1,1,3,2,0,17,20,25,1.0953351259231567,-0.07677838206291199,2.367889404296875,0.4372660517692566,0.027056999999999998
111,49232.0,49896.0,0.9866923200256533,13.0,0.013,3.0,0.003,10.0,0.01,85.0,40732.0,1326.7734375,473.2265625,0.0,40732.0,407.31999999999994,100.0,1000,3,997,0.25523691601119936,915,1,0,3,0,3,0,0,1,2,1,0,3,0,23,21,27,1.406408429145813,-0.009126556105911732,2.853235960006714,0.41002458333969116,0.02703
112,47687.0,48271.0,0.987901638665037,11.0,0.011,3.0,0.003,8.0,0.008,86.0,39087.0,1316.294921875,483.705078125,0.0,39087.0,390.87000000000023,100.0,1000,3,997,0.20250150002539158,914,0,1,1,2,3,0,1,1,1,4,7,7,0,22,18,18,1.3197441101074219,0.04380760341882706,2.574387550354004,0.41688820719718933,0.027003
113,49908.0,50897.0,0.9805685993280547,17.0,0.017,3.0,0.003,14.0,0.014,72.0,42708.0,1192.446533203125,607.553466796875,0.0,42708.0,427.08000000000004,100.0,1000,3,997,0.21695229201577604,928,0,0,0,0,1,0,0,1,0,2,3,1,0,23,21,20,1.265257477760315,-0.03233613818883896,2.616119384765625,0.38797619938850403,0.026976
114,47718.0,49662.0,0.9608553823849221,42.0,0.042,3.0,0.003,39.0,0.039,78.0,39918.0,1686.0,28.0,86.0,39918.0,399.18000000000006,100.0,1000,3,997,0.37541287497151643,922,1,0,1,1,0,2,2,0,0,0,3,2,0,15,17,34,1.4626059532165527,-0.03640985116362572,3.019390821456909,0.3962913751602173,0.026949
115,48955.0,50187.0,0.9754518102297408,19.0,0.019,5.0,0.005,14.0,0.014,73.0,41655.0,1598.8125,201.1875,0.0,41655.0,416.5499999999995,100.0,1000,5,995,0.2673555410001427,927,0,2,0,0,1,2,0,0,1,0,5,2,1,21,19,19,2.5028774738311768,0.048443712294101715,4.931051731109619,0.41200965642929077,0.026921999999999998
116,50383.0,50558.0,0.9965386289014597,5.0,0.005,4.0,0.004,1.0,0.001,81.0,42283.0,1306.96875,493.03125,0.0,42283.0,422.83,100.0,1000,4,996,0.19834012491628528,919,0,1,1,0,1,3,0,0,1,1,4,5,0,25,18,21,0.9491816163063049,-0.07207701355218887,2.0618343353271484,0.3591187596321106,0.026895
117,51308.0,51392.0,0.998365504358655,2.0,0.002,2.0,0.002,0.0,0.0,66.0,44708.0,780.0000000000002,1020.0,0.0,44708.0,447.0799999999989,100.0,1000,2,998,0.39561275008600205,934,0,0,0,0,0,1,0,0,1,3,5,1,0,18,22,15,1.1110730171203613,-0.06336218118667603,2.3681750297546387,0.35925057530403137,0.026868
118,50126.0,50442.0,0.9937353792474525,7.0,0.007,0.0,0.0,7.0,0.007,69.0,43226.0,1047.7212907689684,752.2787092310318,0.0,43226.0,432.26,100.0,1000,0,1000,0.34633979201316833,931,0,1,0,1,0,2,1,0,1,3,2,3,0,25,18,12,0.7418709397315979,-0.09378927201032639,1.6928261518478394,0.40061405301094055,0.026840999999999997
119,49708.0,50204.0,0.9901203091387141,11.0,0.011,2.0,0.002,9.0,0.009,69.0,42808.0,971.25,828.75,0.0,42808.0,428.08,100.0,1000,2,998,0.2269317499594763,930,0,1,1,0,1,1,1,0,0,1,5,3,0,24,16,16,0.51865154504776,-0.007923035882413387,1.074974775314331,0.40698349475860596,0.026813999999999998
120,49931.0,50912.0,0.9807314582023884,18.0,0.018,1.0,0.001,17.0,0.017,73.0,42631.0,1429.7223320007326,370.2776679992676,0.0,42631.0,426.31000000000046,100.0,1000,1,999,0.23122899990994483,927,1,0,0,0,0,1,1,0,0,2,3,3,0,22,20,20,1.6274656057357788,0.0251641683280468,3.229149103164673,0.45817330479621887,0.026787
121,51807.0,51987.0,0.996537595937446,4.0,0.004,0.0,0.0,4.0,0.004,84.0,43407.0,1512.0,288.0,0.0,43407.0,434.07000000000045,100.0,1000,0,1000,0.40394624997861683,916,0,0,0,0,0,2,3,1,1,8,3,2,1,15,19,29,2.5706777572631836,0.072870634496212,5.015835285186768,0.3778243362903595,0.02676
122,50484.0,50484.0,1.0,0.0,0.0,0.0,0.0,0.0,0.0,78.0,42684.0,655.3184146881101,117.4800990819931,1027.2014862298965,42684.0,426.8400000000002,100.0,1000,0,1000,0.2127247080206871,922,1,0,0,1,0,3,0,0,1,4,3,1,0,24,24,16,1.9463995695114136,0.09055119007825851,3.733443260192871,0.40673378109931946,0.026733
123,49766.0,50040.0,0.9945243804956035,5.0,0.005,1.0,0.001,4.0,0.004,68.0,42966.0,1055.0673828125,744.9326171875,0.0,42966.0,429.6600000000008,100.0,1000,1,999,0.21982712496537715,932,0,0,0,0,0,2,1,0,1,0,3,3,0,12,23,23,1.4222877025604248,0.047074440866708755,2.773179054260254,0.4259805381298065,0.026706
124,51443.0,51508.0,0.9987380601071678,1.0,0.001,1.0,0.001,0.0,0.0,78.0,43643.0,1643.0,68.875,88.125,43643.0,436.4300000000001,100.0,1000,1,999,0.22078741691075265,922,0,0,1,2,1,0,1,0,1,2,3,6,0,10,16,35,1.226325273513794,-0.06340542435646057,2.6001648902893066,0.38801300525665283,0.026678999999999998
125,49020.0,49363.0,0.9930514758017138,5.0,0.005,1.0,0.001,4.0,0.004,72.0,41820.0,820.0,61.25,918.75,41820.0,418.1999999999997,100.0,1000,1,999,0.19719208299648017,927,2,0,0,0,1,1,2,1,0,4,2,1,0,13,14,32,1.9260855913162231,0.028843317180871964,3.8155949115753174,0.3960363566875458,0.026652
126,49563.0,49783.0,0.9955808207621075,4.0,0.004,3.0,0.003,1.0,0.001,73.0,42263.0,845.5390625,59.65380859375,894.80712890625,42263.0,422.63,100.0,1000,3,997,0.19449087500106543,927,0,0,1,0,0,1,3,2,0,6,1,2,0,11,12,34,1.1973025798797607,0.04812905937433243,2.318351984024048,0.37568187713623047,0.026625
127,48526.0,48578.0,0.9989295565894026,1.0,0.001,1.0,0.001,0.0,0.0,78.0,40726.0,1646.0,11.0,143.0,40726.0,407.26,100.0,1000,1,999,0.21832041710149497,922,0,1,0,1,1,0,0,0,1,5,3,4,0,10,14,38,2.825147867202759,0.09303323924541473,5.484560012817383,0.38218918442726135,0.026598
128,49436.0,49492.0,0.9988685040006465,2.0,0.002,2.0,0.002,0.0,0.0,71.0,42336.0,936.25,575.46875,288.28125,42336.0,423.3599999999994,100.0,1000,2,998,0.21593249996658415,929,1,0,0,0,0,2,3,0,2,5,1,1,1,10,13,32,0.6304932236671448,-0.08265446126461029,1.4466586112976074,0.3831842541694641,0.026570999999999997
129,49224.0,49598.0,0.9924593733618291,7.0,0.007,4.0,0.004,3.0,0.003,74.0,41824.0,1330.2578125,469.7421875,0.0,41824.0,418.2400000000008,100.0,1000,4,996,0.22113383293617517,926,0,0,0,0,0,0,0,0,1,4,0,2,0,9,9,49,1.2105681896209717,0.01211737934499979,2.4145750999450684,0.3329107463359833,0.026543999999999998
130,49238.0,49410.0,0.9965189232948796,4.0,0.004,4.0,0.004,0.0,0.0,75.0,41738.0,872.0,928.0,0.0,41738.0,417.3800000000005,100.0,1000,4,996,0.21194279205519706,925,0,0,0,0,0,0,3,1,0,4,3,1,0,9,13,41,1.6342494487762451,-0.013209918513894081,3.3126327991485596,0.33401161432266235,0.026517
131,48861.0,49026.0,0.9966344388691715,4.0,0.004,2.0,0.002,2.0,0.002,68.0,42061.0,826.0,82.4375,891.5625,42061.0,420.6099999999999,100.0,1000,2,998,0.20292687497567385,932,0,1,0,1,2,0,0,0,0,4,4,1,1,9,16,29,0.8516122698783875,-0.006851712241768837,1.7348783016204834,0.3388121426105499,0.02649
132,48620.0,49260.0,0.9870077141697118,11.0,0.011,2.0,0.002,9.0,0.009,73.0,41320.0,1429.625,370.375,0.0,41320.0,413.1999999999995,100.0,1000,2,998,0.20519454102031887,927,0,0,1,1,0,1,2,0,2,3,2,1,0,11,7,42,1.5042146444320679,-0.043117672204971313,3.111198663711548,0.31240114569664,0.026463
133,46443.0,48415.0,0.959268821646184,44.0,0.044,2.0,0.002,42.0,0.042,56.0,40843.0,1680.25,119.75,0.0,40843.0,408.42999999999915,100.0,1000,2,998,0.19220287504140288,944,0,1,0,0,0,1,0,0,0,2,2,1,0,9,11,29,1.97633957862854,0.04206257313489914,3.8946423530578613,0.49342259764671326,0.026435999999999998
134,48665.0,49223.0,0.9886638360116206,10.0,0.01,2.0,0.002,8.0,0.008,74.0,41265.0,1404.0,396.0,0.0,41265.0,412.65000000000026,100.0,1000,2,998,0.18637720798142254,926,0,0,0,1,1,0,1,1,1,5,0,1,0,14,8,41,1.2808245420455933,-0.035994336009025574,2.654881715774536,0.40221139788627625,0.026409
135,50911.0,51121.0,0.9958920991373408,5.0,0.005,5.0,0.005,0.0,0.0,76.0,43311.0,1017.0,783.0,0.0,43311.0,433.10999999999973,100.0,1000,5,995,0.20532208296936005,924,0,0,0,2,0,0,2,2,0,1,4,1,1,22,4,37,1.2842702865600586,0.09227123111486435,2.4008307456970215,0.31901681423187256,0.026382
136,48094.0,49173.0,0.9780570638358449,16.0,0.016,5.0,0.005,11.0,0.011,57.0,42394.0,1093.0,707.0,0.0,42394.0,423.9399999999989,100.0,1000,5,995,0.21000841702334583,943,0,0,0,0,0,1,2,0,1,1,1,1,0,12,5,33,1.1732460260391235,0.013158759102225304,2.3389596939086914,0.35638850927352905,0.026355
137,50966.0,52412.0,0.9724108982675723,21.0,0.021,3.0,0.003,18.0,0.018,64.0,44566.0,1159.0,641.0,0.0,44566.0,445.66000000000054,100.0,1000,3,997,0.19394204206764698,936,0,0,0,0,0,0,3,0,1,1,5,1,0,10,6,37,1.465053915977478,0.05099101364612579,2.851595163345337,0.445712685585022,0.026327999999999997
138,49909.0,50039.0,0.9974020264193929,4.0,0.004,4.0,0.004,0.0,0.0,81.0,41809.0,680.0,464.375,655.625,41809.0,418.09,100.0,1000,4,996,0.19437820801977068,919,0,0,0,0,0,1,0,0,0,5,3,1,1,17,10,43,1.3156113624572754,0.06520712375640869,2.5195813179016113,0.3568861186504364,0.026300999999999998
139,48290.0,48597.0,0.9936827376175484,8.0,0.008,8.0,0.008,0.0,0.0,67.0,41590.0,1731.0,69.0,0.0,41590.0,415.8999999999997,100.0,1000,8,992,0.1983415000140667,932,0,0,0,1,1,0,0,0,2,3,4,0,0,17,14,26,2.171480417251587,-0.021210331469774246,4.404774188995361,0.3690449297428131,0.026274
140,49961.0,50153.0,0.9961717145534664,6.0,0.006,6.0,0.006,0.0,0.0,68.0,43161.0,728.61328125,1071.38671875,0.0,43161.0,431.6099999999993,100.0,1000,6,994,0.19988941599149257,932,0,0,1,0,0,0,1,0,0,1,2,1,0,19,14,29,1.5509061813354492,0.046026431024074554,3.0289571285247803,0.36571383476257324,0.026247
141,49526.0,49805.0,0.994398152795904,5.0,0.005,1.0,0.001,4.0,0.004,70.0,42526.0,1057.0,743.0,0.0,42526.0,425.26000000000056,100.0,1000,1,999,0.19177445804234594,930,0,0,0,0,0,0,3,2,0,2,0,3,1,12,7,40,1.5304747819900513,0.012597540393471718,3.053529977798462,0.33896705508232117,0.02622
142,48236.0,48908.0,0.9862599165780649,14.0,0.014,9.0,0.009,5.0,0.005,69.0,41336.0,1356.0,444.0,0.0,41336.0,413.35999999999973,100.0,1000,9,991,0.2841260830173269,931,0,0,1,0,2,0,3,3,0,2,3,0,3,12,3,37,0.6562537550926208,-0.0530342273414135,1.439545750617981,0.4002927541732788,0.026193
143,48903.0,49428.0,0.989378489924739,11.0,0.011,7.0,0.007,4.0,0.004,69.0,42003.0,1501.306640625,298.693359375,0.0,42003.0,420.0300000000002,100.0,1000,7,993,0.21381129091605544,931,0,1,0,0,0,0,0,1,1,3,1,0,0,25,6,31,1.5943492650985718,0.07376763224601746,3.061145067214966,0.3818293809890747,0.026166
144,49956.0,50334.0,0.9924901656931696,6.0,0.006,5.0,0.005,1.0,0.001,77.0,42256.0,1340.858383178711,459.14161682128906,0.0,42256.0,422.5600000000001,100.0,1000,5,995,0.22213474998716265,923,0,0,1,0,0,0,0,0,1,4,2,0,3,16,12,38,1.8271170854568481,0.07823839783668518,3.5155866146087646,0.34104636311531067,0.026139
145,50518.0,50911.0,0.9922806466186089,5.0,0.005,2.0,0.002,3.0,0.003,72.0,43318.0,1156.5,643.5,0.0,43318.0,433.1799999999996,100.0,1000,2,998,0.1957908330950886,928,0,1,2,0,1,0,0,0,2,3,4,0,0,10,15,34,1.5344940423965454,0.04772098734974861,2.9936022758483887,0.38404497504234314,0.026112
146,49399.0,49744.0,0.9930644901897716,6.0,0.006,5.0,0.005,1.0,0.001,67.0,42699.0,1368.25,431.75,0.0,42699.0,426.98999999999995,100.0,1000,5,995,0.20037837501149625,933,1,0,1,0,0,1,0,1,0,0,3,1,1,4,8,46,0.8127514719963074,-0.026782294735312462,1.7010810375213623,0.4219569265842438,0.026084999999999997
147,50071.0,50175.0,0.997927254608869,2.0,0.002,2.0,0.002,0.0,0.0,74.0,42671.0,1576.0,224.0,0.0,42671.0,426.7099999999997,100.0,1000,2,998,0.1895665000192821,926,0,0,0,0,1,0,0,0,0,2,5,1,0,8,7,50,0.6194930076599121,-0.047202933579683304,1.351386308670044,0.3452754318714142,0.026057999999999998
148,48188.0,48727.0,0.9889383709237178,11.0,0.011,9.0,0.009,2.0,0.002,76.0,40588.0,1595.9375,204.0625,0.0,40588.0,405.88000000000005,100.0,1000,9,991,0.20004116697236896,924,0,0,2,0,2,3,1,1,4,1,6,2,1,9,5,39,0.9622069597244263,-0.01946369744837284,1.9812864065170288,0.3446858525276184,0.026031
149,49966.0,50226.0,0.9948233982399554,6.0,0.006,3.0,0.003,3.0,0.003,67.0,43266.0,1001.0,799.0,0.0,43266.0,432.66,100.0,1000,3,997,0.1888519999338314,933,0,0,0,1,0,0,1,1,0,3,1,0,0,7,9,44,1.128729224205017,-0.06482995301485062,2.404900074005127,0.34190598130226135,0.026004
150,49390.0,49656.0,0.994643144836475,6.0,0.006,5.0,0.005,1.0,0.001,76.0,41790.0,1064.0,311.625,424.375,41790.0,417.89999999999986,100.0,1000,5,995,0.18617641692981124,924,0,1,1,0,1,0,5,1,0,4,3,0,0,10,8,42,0.19855068624019623,-0.1538507342338562,0.7222038507461548,0.3349311351776123,0.025977
151,49762.0,50948.0,0.9767213629583105,21.0,0.021,6.0,0.006,15.0,0.015,68.0,42962.0,1655.125,144.875,0.0,42962.0,429.62000000000006,100.0,1000,6,994,0.18788704194594175,932,0,0,0,0,0,1,1,2,2,0,1,1,1,11,8,40,0.9349021911621094,-0.0185091532766819,1.9253358840942383,0.35670799016952515,0.02595
152,52259.0,53088.0,0.9843844183242917,15.0,0.015,4.0,0.004,11.0,0.011,72.0,45059.0,966.0,0.0,834.0,45059.0,450.59000000000026,100.0,1000,4,996,0.19019074994139373,927,1,0,1,0,0,4,0,0,2,0,1,0,0,4,8,52,1.386186957359314,0.02711167000234127,2.7348995208740234,0.3230513334274292,0.025922999999999998
153,50056.0,50176.0,0.9976084183673469,3.0,0.003,1.0,0.001,2.0,0.002,69.0,43156.0,863.0,880.5,56.5,43156.0,431.5600000000001,100.0,1000,1,999,0.18901033292058855,931,2,0,0,0,0,4,0,1,0,1,3,0,0,10,4,44,2.193328619003296,0.10118282586336136,4.200489044189453,0.31274792551994324,0.025896
154,49693.0,49885.0,0.996151147639571,4.0,0.004,3.0,0.003,1.0,0.001,64.0,43293.0,1251.4375,548.5625,0.0,43293.0,432.9300000000006,100.0,1000,3,997,0.18912766606081277,936,0,1,0,0,0,0,1,1,1,0,1,0,0,10,7,42,1.5549300909042358,0.009578684344887733,3.1051814556121826,0.27984628081321716,0.025869
155,52387.0,52992.0,0.9885831823671497,7.0,0.007,2.0,0.002,5.0,0.005,67.0,45687.0,947.0,132.0625,720.9375,45687.0,456.8699999999991,100.0,1000,2,998,0.18467520899139345,933,0,1,0,1,0,1,0,0,1,0,5,1,0,10,3,44,1.478002905845642,0.08531003445386887,2.801299571990967,0.3079032301902771,0.025841999999999997
156,50628.0,50956.0,0.9935630740246487,7.0,0.007,5.0,0.005,2.0,0.002,64.0,44228.0,1176.65625,623.34375,0.0,44228.0,442.2799999999998,100.0,1000,5,995,0.18808016693219543,936,1,1,1,0,1,0,0,0,0,4,0,0,0,9,1,46,0.8365206718444824,-0.00789475254714489,1.7028261423110962,0.27106866240501404,0.025814999999999998
157,49290.0,50039.0,0.9850316752932713,14.0,0.014,7.0,0.007,7.0,0.007,58.0,43490.0,461.7890625,19.0,1319.2109375,43490.0,434.8999999999989,100.0,1000,7,993,0.1862318329513073,942,0,1,0,1,0,1,2,1,0,2,0,1,1,8,2,38,1.3691283464431763,-0.032222796231508255,2.819175958633423,0.31940722465515137,0.025788
158,50714.0,51214.0,0.9902370445581287,9.0,0.009,5.0,0.005,4.0,0.004,62.0,44514.0,1625.0,175.0,0.0,44514.0,445.1400000000001,100.0,1000,5,995,0.1887157909804955,938,1,0,0,1,0,0,0,2,0,2,1,0,0,7,5,43,0.9168804287910461,-0.07226394861936569,1.9928091764450073,0.2818284332752228,0.025761
159,47527.0,48654.0,0.976836436880832,18.0,0.018,2.0,0.002,16.0,0.016,53.0,42227.0,1578.0,222.0,0.0,42227.0,422.26999999999964,100.0,1000,2,998,0.18906629201956093,947,0,2,0,0,1,1,0,2,0,1,1,2,0,6,5,32,1.8622416257858276,0.04940656200051308,3.6410272121429443,0.2983779013156891,0.025734
160,47940.0,49438.0,0.9696994214976334,31.0,0.031,4.0,0.004,27.0,0.027,54.0,42540.0,1301.0,499.0,0.0,42540.0,425.40000000000015,100.0,1000,4,996,0.18665354105178267,946,0,0,0,0,1,1,1,3,1,1,1,0,0,9,3,33,1.1972984075546265,0.00790637731552124,2.397963523864746,0.373041033744812,0.025707
161,50108.0,50522.0,0.9918055500574008,6.0,0.006,4.0,0.004,2.0,0.002,63.0,43808.0,1034.0,766.0,0.0,43808.0,438.0799999999999,100.0,1000,4,996,0.18724541703704745,937,0,0,0,0,0,3,0,1,1,1,4,1,0,11,1,40,0.9270727634429932,-0.02533295564353466,1.9190053939819336,0.2763634920120239,0.025679999999999998
162,47883.0,48443.0,0.9884400222942428,6.0,0.006,3.0,0.003,3.0,0.003,57.0,42183.0,1529.3125,270.6875,0.0,42183.0,421.83000000000027,100.0,1000,3,997,0.18557291699107736,943,0,0,0,0,1,1,2,0,1,0,1,0,0,13,3,35,0.6574727892875671,-0.08922794461250305,1.5080747604370117,0.2859959006309509,0.025653
163,49009.0,49471.0,0.9906611954478381,9.0,0.009,4.0,0.004,5.0,0.005,64.0,42609.0,842.625,957.375,0.0,42609.0,426.09000000000003,100.0,1000,4,996,0.1893885409226641,936,0,0,0,0,0,0,0,0,1,3,2,2,0,7,6,43,0.3549964725971222,-0.12584832310676575,0.9773099422454834,0.30477577447891235,0.025626
164,49116.0,49460.0,0.9930448847553579,6.0,0.006,3.0,0.003,3.0,0.003,65.0,42616.0,1202.0,598.0,0.0,42616.0,426.16000000000076,100.0,1000,3,997,0.18400445801671594,935,1,0,0,0,1,1,0,0,1,0,3,0,0,17,2,39,1.394089698791504,0.04199398681521416,2.718745231628418,0.28426671028137207,0.025598999999999997
165,50356.0,51428.0,0.9791553239480438,16.0,0.016,4.0,0.004,12.0,0.012,55.0,44856.0,1504.0625,295.9375,0.0,44856.0,448.5600000000003,100.0,1000,4,996,0.18832279101479799,945,0,0,0,0,0,0,0,0,1,4,0,1,0,16,4,29,1.4952768087387085,0.02705611102283001,2.9534666538238525,0.3328891098499298,0.025571999999999998
166,50014.0,50469.0,0.9909845647823416,7.0,0.007,2.0,0.002,5.0,0.005,57.0,44314.0,1344.0,456.0,0.0,44314.0,443.1399999999996,100.0,1000,2,998,0.18514033302199095,943,0,0,0,0,0,2,1,0,0,1,0,1,0,12,0,40,1.6952977180480957,0.03349197283387184,3.3377187252044678,0.2761233448982239,0.025544999999999998
167,48772.0,49592.0,0.9834650750120987,20.0,0.02,1.0,0.001,19.0,0.019,59.0,42872.0,1177.0,623.0,0.0,42872.0,428.7199999999998,100.0,1000,1,999,0.18704129196703434,940,0,0,0,0,0,1,0,0,0,1,3,0,0,17,0,38,1.9794708490371704,0.02422451600432396,3.9238953590393066,0.26261088252067566,0.025518
168,51069.0,52105.0,0.9801170712983399,18.0,0.018,3.0,0.003,15.0,0.015,64.0,44669.0,1588.0,212.0,0.0,44669.0,446.6899999999996,100.0,1000,3,997,0.19125787494704127,936,0,0,0,1,0,2,0,0,1,2,2,0,2,21,1,32,1.0633325576782227,-0.06534647196531296,2.2705442905426025,0.2586445212364197,0.025491
169,49642.0,50130.0,0.990265310193497,10.0,0.01,2.0,0.002,8.0,0.008,54.0,44242.0,1132.0,668.0,0.0,44242.0,442.41999999999973,100.0,1000,2,998,0.19530495908111334,946,0,1,0,0,1,1,0,0,0,2,2,0,0,10,5,32,1.6006094217300415,0.0329190269112587,3.1491310596466064,0.26999714970588684,0.025464
170,47397.0,48941.0,0.9684518093214278,31.0,0.031,2.0,0.002,29.0,0.029,57.0,41697.0,1062.1875,737.8125,0.0,41697.0,416.9699999999988,100.0,1000,2,998,0.19020283303689212,943,0,1,0,0,0,0,1,2,1,4,5,0,1,12,5,25,1.3791329860687256,-0.028447065502405167,2.8295881748199463,0.2836032211780548,0.025436999999999998
171,49156.0,50414.0,0.9750466140357837,20.0,0.02,2.0,0.002,18.0,0.018,51.0,44056.0,724.0,1076.0,0.0,44056.0,440.5599999999998,100.0,1000,2,998,0.1844165000366047,949,0,0,0,1,2,2,0,0,0,0,1,0,0,12,1,32,2.2784743309020996,0.12511630356311798,4.323254585266113,0.3254314959049225,0.02541
172,49028.0,50674.0,0.9675178592572128,29.0,0.029,4.0,0.004,25.0,0.025,52.0,43828.0,1541.0,259.0,0.0,43828.0,438.2799999999986,100.0,1000,4,996,0.18803899991326034,948,1,0,0,0,1,3,0,0,0,0,4,0,0,11,4,28,0.8522561192512512,-0.009366055950522423,1.7442065477371216,0.4129190146923065,0.025383
173,49223.0,49915.0,0.9861364319342882,9.0,0.009,5.0,0.005,4.0,0.004,64.0,42823.0,955.0,845.0,0.0,42823.0,428.22999999999996,100.0,1000,5,995,0.18636716704349965,936,0,0,1,0,1,0,1,0,1,0,5,0,0,10,0,45,1.2597166299819946,0.06492900848388672,2.406632900238037,0.33636415004730225,0.025356
174,49277.0,50353.0,0.9786308660854368,19.0,0.019,3.0,0.003,16.0,0.016,59.0,43377.0,1307.0,493.0,0.0,43377.0,433.7699999999997,100.0,1000,3,997,0.18850429204758257,940,0,0,0,0,0,1,0,0,0,1,1,1,0,17,1,38,0.7191721796989441,-0.02719777263700962,1.5121331214904785,0.3828267455101013,0.025328999999999997
175,51605.0,51777.0,0.996678061687622,3.0,0.003,3.0,0.003,0.0,0.0,76.0,44005.0,1639.0,161.0,0.0,44005.0,440.0500000000008,100.0,1000,3,997,0.1921550000552088,924,1,1,0,0,0,2,0,0,1,1,1,0,0,21,3,45,1.7720485925674438,0.05291011556982994,3.4538347721099854,0.3074420392513275,0.025301999999999998
176,50784.0,51159.0,0.9926699114525304,9.0,0.009,4.0,0.004,5.0,0.005,65.0,44284.0,1715.0,85.0,0.0,44284.0,442.8400000000002,100.0,1000,4,996,0.18675054202321917,935,0,0,0,0,0,0,0,0,0,0,3,1,0,11,4,46,1.7944315671920776,0.06838767230510712,3.4667162895202637,0.28938496112823486,0.025275
177,48535.0,48936.0,0.9918056236717345,8.0,0.008,3.0,0.003,5.0,0.005,65.0,42035.0,1164.875,635.125,0.0,42035.0,420.3500000000002,100.0,1000,3,997,0.18974329205229878,935,0,0,0,0,1,0,0,0,0,4,0,0,1,13,3,43,0.8978700041770935,-0.01187854167073965,1.8356904983520508,0.32068711519241333,0.025248
178,50223.0,50698.0,0.9906307941141662,6.0,0.006,5.0,0.005,1.0,0.001,62.0,44023.0,1207.2900390625,592.7099609375,0.0,44023.0,440.23000000000064,100.0,1000,5,995,0.18665587494615465,938,0,0,0,0,0,1,0,0,1,1,0,2,0,12,2,43,2.2987687587738037,0.12530900537967682,4.3607683181762695,0.27455222606658936,0.025221
179,49145.0,49207.0,0.9987400166642957,2.0,0.002,2.0,0.002,0.0,0.0,60.0,43145.0,1314.0,486.0,0.0,43145.0,431.45000000000016,100.0,1000,2,998,0.18709170911461115,940,0,0,0,0,0,0,0,1,0,1,5,0,1,5,2,45,1.2397829294204712,-0.019544297829270363,2.5300369262695312,0.22590070962905884,0.025194
180,48011.0,49108.0,0.9776614808177894,20.0,0.02,1.0,0.001,19.0,0.019,53.0,42711.0,1155.0,645.0,0.0,42711.0,427.1099999999999,100.0,1000,1,999,0.18679520802106708,947,0,0,0,2,0,1,0,0,0,1,0,0,0,12,4,33,0.7942099571228027,-0.01819249615073204,1.6401914358139038,0.3056895136833191,0.025167
181,48265.0,48350.0,0.9982419855222338,2.0,0.002,2.0,0.002,0.0,0.0,60.0,42265.0,1438.0,362.0,0.0,42265.0,422.6499999999998,100.0,1000,2,998,0.18678504205308855,940,0,1,0,0,1,1,2,1,0,1,0,0,0,11,3,39,1.495821475982666,0.01401989534497261,2.976269483566284,0.2519153356552124,0.02514
182,48517.0,49235.0,0.9854168782370265,11.0,0.011,3.0,0.003,8.0,0.008,53.0,43217.0,1558.25,241.75,0.0,43217.0,432.16999999999985,100.0,1000,3,997,0.19773991603869945,947,1,0,0,0,0,0,0,1,1,0,3,0,0,13,1,33,0.792270839214325,-0.08767504245042801,1.773030400276184,0.2615909278392792,0.025113
183,49168.0,49897.0,0.9853899032005933,11.0,0.011,5.0,0.005,6.0,0.006,49.0,44268.0,1306.75,493.25,0.0,44268.0,442.67999999999876,100.0,1000,5,995,0.18812833400443196,951,0,0,0,0,0,0,0,1,0,0,0,1,0,13,2,32,1.5776909589767456,0.031257513910532,3.105780839920044,0.2573913037776947,0.025085999999999997
184,50000.0,50337.0,0.9933051234678268,6.0,0.006,5.0,0.005,1.0,0.001,56.0,44400.0,632.5,48.0,1119.5,44400.0,443.99999999999994,100.0,1000,5,995,0.22180787497200072,944,1,0,0,0,0,1,0,0,0,0,4,0,0,10,2,38,0.9599909782409668,0.07679934799671173,1.7768325805664062,0.20849297940731049,0.025058999999999998
185,49289.0,49792.0,0.9898979755784062,7.0,0.007,0.0,0.0,7.0,0.007,50.0,44289.0,1056.0,744.0,0.0,44289.0,442.88999999999993,100.0,1000,0,1000,0.38008554209955037,950,0,1,0,0,0,0,0,0,0,1,2,0,0,4,2,40,1.2314966917037964,0.0033602293115109205,2.4669690132141113,0.21364784240722656,0.025032
186,48700.0,49520.0,0.9834410339256866,14.0,0.014,4.0,0.004,10.0,0.01,56.0,43100.0,1381.0,419.0,0.0,43100.0,430.9999999999997,100.0,1000,4,996,0.34177429194096476,944,0,0,0,0,1,3,0,0,0,0,0,1,0,5,3,43,1.2345720529556274,0.04102131351828575,2.399059772491455,0.23911739885807037,0.025005
187,49169.0,49282.0,0.9977070735765594,1.0,0.001,1.0,0.001,0.0,0.0,47.0,44469.0,1011.0,274.0625,514.9375,44469.0,444.6899999999996,100.0,1000,1,999,0.19045483402442187,953,0,0,0,0,0,0,0,1,0,0,1,0,0,3,3,39,1.6463673114776611,0.07740338891744614,3.1482744216918945,0.20711344480514526,0.024978
188,50443.0,50693.0,0.9950683526325134,4.0,0.004,0.0,0.0,4.0,0.004,53.0,45143.0,1590.0,210.0,0.0,45143.0,451.4300000000005,100.0,1000,0,1000,0.1893162919441238,947,0,0,0,0,0,0,0,0,0,1,1,0,0,6,1,44,2.3309550285339355,0.06035434082150459,4.550549030303955,0.18731148540973663,0.024951
189,48067.0,49251.0,0.9759598789872287,22.0,0.022,4.0,0.004,18.0,0.018,40.0,44067.0,1675.0,125.0,0.0,44067.0,440.66999999999956,100.0,1000,4,996,0.20628512499388307,959,0,0,0,0,0,0,0,1,0,0,0,0,0,2,2,36,0.9509591460227966,-0.05577535927295685,2.024489641189575,0.22108541429042816,0.024923999999999998
190,49778.0,50225.0,0.991100049776008,10.0,0.01,2.0,0.002,8.0,0.008,45.0,45278.0,1452.0,348.0,0.0,45278.0,452.7799999999999,100.0,1000,2,998,0.1898747499799356,955,1,0,0,0,0,0,0,0,0,0,0,0,0,8,3,33,0.7396897673606873,-0.042728107422590256,1.5750596523284912,0.20532436668872833,0.024897
191,48890.0,50446.0,0.9691551361852278,31.0,0.031,2.0,0.002,29.0,0.029,44.0,44490.0,1605.0,195.0,0.0,44490.0,444.8999999999994,100.0,1000,2,998,0.18630774994380772,955,0,0,0,0,0,0,1,0,0,0,1,0,0,6,3,34,1.2232003211975098,-0.03286794200539589,2.5226943492889404,0.21226386725902557,0.02487
192,47577.0,49858.0,0.9542500701993663,44.0,0.044,0.0,0.0,44.0,0.044,39.0,43677.0,866.0,934.0,0.0,43677.0,436.7699999999996,100.0,1000,0,1000,0.1964330420596525,961,0,0,0,0,0,0,0,0,0,2,1,0,0,10,4,22,1.1923986673355103,-0.023662233725190163,2.448239803314209,0.32440054416656494,0.024842999999999997
193,48540.0,49418.0,0.9822331943826136,16.0,0.016,2.0,0.002,14.0,0.014,47.0,43840.0,438.0,1362.0,0.0,43840.0,438.4000000000003,100.0,1000,2,998,0.19644425006117672,953,0,0,1,0,0,0,0,1,0,0,1,0,0,8,3,33,0.7265841364860535,-0.004713463596999645,1.4782910346984863,0.3162439465522766,0.024815999999999998
194,50531.0,50923.0,0.9923021031753825,8.0,0.008,3.0,0.003,5.0,0.005,53.0,45231.0,1558.0,242.0,0.0,45231.0,452.30999999999983,100.0,1000,3,997,0.21573037502821535,947,0,0,0,0,0,0,1,1,0,0,3,0,0,9,6,33,0.5064489245414734,-0.06876661628484726,1.1629921197891235,0.25335967540740967,0.024789
195,48634.0,48655.0,0.9995683896824581,1.0,0.001,1.0,0.001,0.0,0.0,51.0,43534.0,1099.0,701.0,0.0,43534.0,435.34000000000026,100.0,1000,1,999,0.1873474590247497,949,0,0,0,0,0,0,0,0,1,0,1,0,0,14,3,32,0.5258947014808655,-0.10982919484376907,1.2844364643096924,0.26227062940597534,0.024762
196,48970.0,49299.0,0.9933264366417168,7.0,0.007,4.0,0.004,3.0,0.003,52.0,43770.0,1546.0,254.0,0.0,43770.0,437.69999999999976,100.0,1000,4,996,0.19928795902524143,948,1,0,0,0,0,0,1,0,0,0,3,1,0,9,4,33,1.7000131607055664,0.04119129851460457,3.3277835845947266,0.2049696147441864,0.024735
197,49527.0,49600.0,0.9985282258064516,2.0,0.002,1.0,0.001,1.0,0.001,50.0,44527.0,77.89404296875,148.0,1574.10595703125,44527.0,445.2699999999998,100.0,1000,1,999,0.19056775001809,950,0,0,0,0,1,0,0,0,1,0,1,0,0,7,4,36,1.93144953250885,0.0678936317563057,3.7388861179351807,0.23826740682125092,0.024708
198,48354.0,48776.0,0.9913482040347712,7.0,0.007,2.0,0.002,5.0,0.005,51.0,43254.0,1082.25,717.75,0.0,43254.0,432.5400000000005,100.0,1000,2,998,0.20422770793084055,949,1,0,0,0,0,0,0,2,2,0,0,0,0,6,8,32,1.51339852809906,0.009081707336008549,3.019601345062256,0.2221919745206833,0.024680999999999998
199,48586.0,49371.0,0.984099977719714,12.0,0.012,2.0,0.002,10.0,0.01,44.0,44186.0,246.0,812.5,741.5,44186.0,441.8600000000002,100.0,1000,2,998,0.18549204198643565,956,0,0,0,0,1,0,0,1,1,0,0,1,0,5,7,28,1.595196008682251,0.06384029984474182,3.0810956954956055,0.3728458881378174,0.024654
200,48713.0,48882.0,0.9965426946524283,2.0,0.002,2.0,0.002,0.0,0.0,53.0,43413.0,1648.0,152.0,0.0,43413.0,434.1299999999992,100.0,1000,2,998,0.19091245799791068,947,0,1,0,0,0,0,1,0,0,1,2,0,0,8,0,40,1.6572494506835938,0.04142805188894272,3.2415082454681396,0.2002994269132614,0.024627
201,49501.0,49799.0,0.994015944095263,6.0,0.006,0.0,0.0,6.0,0.006,51.0,44401.0,1088.234375,711.765625,0.0,44401.0,444.01,100.0,1000,0,1000,0.1918257080251351,949,0,0,1,0,0,1,1,1,0,0,3,1,0,5,3,35,1.4677656888961792,0.055834442377090454,2.8354334831237793,0.2351793646812439,0.024599999999999997
202,48200.0,48828.0,0.9871385270746293,10.0,0.01,2.0,0.002,8.0,0.008,48.0,43400.0,1498.0,302.0,0.0,43400.0,433.9999999999993,100.0,1000,2,998,0.18671816599089652,952,0,1,0,1,0,0,0,0,1,0,0,0,0,5,2,38,1.987818717956543,0.030017219483852386,3.9269418716430664,0.23072104156017303,0.024572999999999998
203,50609.0,51101.0,0.9903720083755699,7.0,0.007,3.0,0.003,4.0,0.004,46.0,46009.0,819.0,132.0,849.0,46009.0,460.0900000000002,100.0,1000,3,997,0.20385079202242196,954,0,0,0,0,1,0,1,0,0,0,3,0,0,6,1,34,0.8281689882278442,-0.04139658436179161,1.7503608465194702,0.22874929010868073,0.024546
204,49007.0,49493.0,0.9901804295556947,9.0,0.009,4.0,0.004,5.0,0.005,51.0,43907.0,949.0,851.0,0.0,43907.0,439.0699999999998,100.0,1000,4,996,0.187605082988739,949,0,0,0,0,0,0,1,0,0,2,1,0,0,4,3,40,2.4660212993621826,0.10385403782129288,4.733314037322998,0.18310964107513428,0.024519
205,49207.0,49904.0,0.9860331837127284,13.0,0.013,3.0,0.003,10.0,0.01,48.0,44407.0,1683.0,117.0,0.0,44407.0,444.06999999999994,100.0,1000,3,997,0.1875013749813661,952,0,0,0,0,0,0,0,1,0,0,1,2,0,5,4,35,1.4864896535873413,0.011536579579114914,2.961127281188965,0.22908051311969757,0.024492
206,49394.0,49553.0,0.9967913143502916,2.0,0.002,1.0,0.001,1.0,0.001,45.0,44894.0,510.0,1290.0,0.0,44894.0,448.94000000000005,100.0,1000,1,999,0.1893302919343114,955,0,0,0,0,0,0,0,1,0,1,0,0,0,4,7,32,0.5882155299186707,-0.1047007218003273,1.4000812768936157,0.2912062704563141,0.024465
207,50543.0,50662.0,0.9976510994433698,3.0,0.003,3.0,0.003,0.0,0.0,60.0,44543.0,1575.0,225.0,0.0,44543.0,445.4299999999998,100.0,1000,3,997,0.18791849992703646,940,0,0,0,0,0,0,0,0,0,0,3,0,0,11,10,36,0.6738736033439636,-0.054370321333408356,1.46510910987854,0.1763896346092224,0.024438
208,50219.0,50810.0,0.9883684314111395,6.0,0.006,1.0,0.001,5.0,0.005,53.0,44919.0,1653.0,147.0,0.0,44919.0,449.1900000000006,100.0,1000,1,999,0.18891908309888095,947,0,0,0,0,0,0,0,0,0,0,1,0,0,19,4,29,1.7403017282485962,0.03228386864066124,3.4264273643493652,0.21285103261470795,0.024411
209,48905.0,50217.0,0.9738733894896151,17.0,0.017,4.0,0.004,13.0,0.013,50.0,43905.0,1348.6640625,451.3359375,0.0,43905.0,439.05000000000007,100.0,1000,4,996,0.1891327080084011,950,0,0,1,0,0,0,0,1,1,0,1,0,0,5,5,36,1.3841112852096558,-0.02137177623808384,2.823180675506592,0.2504652142524719,0.024384
210,49486.0,49782.0,0.9940540757703588,7.0,0.007,5.0,0.005,2.0,0.002,50.0,44486.0,513.0,0.0,1287.0,44486.0,444.8599999999995,100.0,1000,5,995,0.18955875001847744,950,0,0,0,0,0,0,1,1,0,1,1,0,0,5,5,36,1.762387990951538,0.030854322016239166,3.475069284439087,0.24637797474861145,0.024357
211,48140.0,48835.0,0.9857684038087438,14.0,0.014,1.0,0.001,13.0,0.013,51.0,43040.0,1203.59375,596.40625,0.0,43040.0,430.40000000000003,100.0,1000,1,999,0.18866450001951307,949,1,0,0,0,0,0,0,1,0,0,3,0,0,6,8,32,1.10713791847229,-0.021608682349324226,2.2698440551757812,0.2538176476955414,0.024329999999999997
212,50148.0,50364.0,0.995711222301644,4.0,0.004,2.0,0.002,2.0,0.002,50.0,45148.0,1457.0,343.0,0.0,45148.0,451.47999999999985,100.0,1000,2,998,0.19204254203941673,950,0,0,1,0,0,1,0,0,0,3,1,0,1,7,3,33,0.48013514280319214,-0.11424127221107483,1.1995470523834229,0.22207535803318024,0.024302999999999998
213,49459.0,50743.0,0.9746960171846363,26.0,0.026,2.0,0.002,24.0,0.024,45.0,44959.0,795.0,1005.0,0.0,44959.0,449.5899999999993,100.0,1000,2,998,0.19239149999339134,955,2,0,0,0,0,0,1,0,0,0,1,1,0,4,7,29,1.885793924331665,0.06901282072067261,3.645014762878418,0.23588456213474274,0.024276
214,49617.0,50003.0,0.9922804631722096,7.0,0.007,2.0,0.002,5.0,0.005,46.0,45017.0,1150.0,650.0,0.0,45017.0,450.1700000000004,100.0,1000,2,998,0.1936967079527676,954,0,0,0,1,0,0,1,0,2,0,0,0,1,9,2,30,1.3220943212509155,0.032302070409059525,2.5912179946899414,0.2398761659860611,0.024249
215,48305.0,48381.0,0.9984291354043943,2.0,0.002,0.0,0.0,2.0,0.002,48.0,43505.0,758.0,1042.0,0.0,43505.0,435.0499999999998,100.0,1000,0,1000,0.19134666700847447,952,0,0,1,0,0,0,0,0,1,0,1,0,0,9,1,35,1.2533830404281616,0.006122204940766096,2.50604510307312,0.23787307739257812,0.024222
216,49581.0,49851.0,0.9945838599025095,3.0,0.003,0.0,0.0,3.0,0.003,46.0,44981.0,995.0,805.0,0.0,44981.0,449.8100000000002,100.0,1000,0,1000,0.1896642919164151,954,0,0,0,0,0,0,1,0,0,1,0,0,0,10,5,29,0.48953717947006226,-0.1727898269891739,1.337169885635376,0.25864624977111816,0.024194999999999998
217,49343.0,49521.0,0.9964055653157247,3.0,0.003,2.0,0.002,1.0,0.001,50.0,44343.0,666.52587890625,169.27963256835938,964.1944885253906,44343.0,443.42999999999915,100.0,1000,2,998,0.19171829195693135,950,0,0,0,0,0,1,0,0,0,2,2,0,0,10,9,26,1.9146565198898315,0.11485148966312408,3.6117019653320312,0.25016316771507263,0.024168
218,52320.0,52818.0,0.9905713961149608,10.0,0.01,3.0,0.003,7.0,0.007,54.0,46920.0,844.796875,955.203125,0.0,46920.0,469.2000000000007,100.0,1000,3,997,0.1940704999724403,946,1,0,0,0,0,0,0,0,1,0,1,0,0,9,6,36,1.2060773372650146,-0.049649927765131,2.5222692489624023,0.2239893078804016,0.024141
219,49991.0,50057.0,0.9986815030864814,2.0,0.002,2.0,0.002,0.0,0.0,45.0,45491.0,951.0,849.0,0.0,45491.0,454.91,100.0,1000,2,998,0.18909579108003527,955,0,0,0,0,0,0,0,0,0,2,0,0,0,6,6,31,1.1896239519119263,-0.027537893503904343,2.446091651916504,0.2440071403980255,0.024114
220,49384.0,49420.0,0.9992715499797653,1.0,0.001,1.0,0.001,0.0,0.0,48.0,44584.0,1624.0,176.0,0.0,44584.0,445.83999999999895,100.0,1000,1,999,0.1891875839792192,952,0,1,0,0,0,0,0,1,0,2,1,0,2,7,1,33,0.8116393089294434,-0.05009281262755394,1.73739492893219,0.2891733944416046,0.024086999999999997
221,48698.0,49239.0,0.9890127744267755,4.0,0.004,3.0,0.003,1.0,0.001,54.0,43298.0,1499.625,300.375,0.0,43298.0,432.98000000000064,100.0,1000,3,997,0.18737116700503975,946,0,0,1,1,0,0,0,0,1,2,2,0,1,12,8,26,0.9430015683174133,-0.11072563380002975,2.11887526512146,0.23733976483345032,0.024059999999999998
222,49282.0,49461.0,0.9963809870402943,4.0,0.004,2.0,0.002,2.0,0.002,54.0,43882.0,1406.4853515625,393.5146484375,0.0,43882.0,438.819999999999,100.0,1000,2,998,0.18619354197289795,946,1,0,1,0,0,0,0,0,0,0,2,1,0,14,5,30,0.9054452776908875,-0.013991921208798885,1.8491923809051514,0.214664489030838,0.024033
223,47887.0,48117.0,0.9952199846208201,4.0,0.004,2.0,0.002,2.0,0.002,50.0,42887.0,1506.0,294.0,0.0,42887.0,428.87000000000063,100.0,1000,2,998,0.19433254201430827,950,0,0,0,0,0,1,0,1,0,1,0,0,0,9,5,33,1.2698465585708618,-0.036269839853048325,2.6201064586639404,0.16399478912353516,0.024006
224,48536.0,49144.0,0.9876281946931467,10.0,0.01,1.0,0.001,9.0,0.009,44.0,44136.0,609.0,0.0,1191.0,44136.0,441.3600000000004,100.0,1000,1,999,0.19743850000668317,956,0,0,0,0,0,0,1,0,0,0,0,0,1,10,4,28,0.4178403317928314,-0.09706766158342361,1.0420405864715576,0.2549029588699341,0.023979
225,48207.0,48508.0,0.9937948379648718,6.0,0.006,0.0,0.0,6.0,0.006,49.0,43307.0,1468.0,332.0,0.0,43307.0,433.07000000000005,100.0,1000,0,1000,0.19184716697782278,951,0,0,0,0,0,0,0,0,0,0,2,0,1,10,5,31,2.837879180908203,0.1511726826429367,5.383523464202881,0.21105924248695374,0.023951999999999998
226,49812.0,50534.0,0.9857125895436736,13.0,0.013,2.0,0.002,11.0,0.011,42.0,45612.0,332.1180691719055,825.6835860908031,642.1983447372913,45612.0,456.1200000000006,100.0,1000,2,998,0.1875155409798026,958,0,0,0,0,0,0,1,0,0,1,2,0,0,13,8,17,1.020547866821289,0.019458483904600143,2.018533229827881,0.34178656339645386,0.023925
227,51817.0,52159.0,0.9934431258267988,4.0,0.004,0.0,0.0,4.0,0.004,52.0,46617.0,842.0,958.0,0.0,46617.0,466.16999999999956,100.0,1000,0,1000,0.1922774170525372,948,0,0,0,0,0,0,0,0,0,0,3,0,0,11,6,32,0.9005852937698364,-0.09920549392700195,2.0113775730133057,0.24679888784885406,0.023898
228,50066.0,50234.0,0.9966556515507425,3.0,0.003,0.0,0.0,3.0,0.003,52.0,44866.0,464.875,500.671875,834.453125,44866.0,448.6599999999994,100.0,1000,0,1000,0.18956091697327793,948,0,0,1,0,0,0,0,1,0,3,1,0,0,7,3,36,1.2287620306015015,0.004380842670798302,2.4622929096221924,0.2834092378616333,0.023871
229,49343.0,49343.0,1.0,0.0,0.0,0.0,0.0,0.0,0.0,54.0,43943.0,1026.0,96.75,677.25,43943.0,439.42999999999984,100.0,1000,0,1000,0.1910852079745382,946,0,0,1,1,0,0,0,0,0,0,0,0,2,12,2,36,0.42836931347846985,-0.05826964229345322,0.9844400882720947,0.23406650125980377,0.023843999999999997
230,50655.0,50687.0,0.9993686744135577,1.0,0.001,1.0,0.001,0.0,0.0,52.0,45455.0,1054.0,746.0,0.0,45455.0,454.55,100.0,1000,1,999,0.1886774159502238,948,0,0,0,0,0,0,0,0,0,1,1,1,0,11,7,31,1.5743376016616821,0.028948603197932243,3.102404832839966,0.24408645927906036,0.023816999999999998
231,48706.0,48899.0,0.9960530890202254,3.0,0.003,0.0,0.0,3.0,0.003,48.0,43906.0,1617.0,183.0,0.0,43906.0,439.0599999999994,100.0,1000,0,1000,0.20076333300676197,952,1,0,1,0,0,0,0,0,0,0,2,0,0,11,6,27,0.8026565313339233,-0.043511077761650085,1.7035056352615356,0.2347712367773056,0.02379
232,49393.0,49767.0,0.9924849800068318,5.0,0.005,2.0,0.002,3.0,0.003,49.0,44493.0,1113.375,686.625,0.0,44493.0,444.9300000000006,100.0,1000,2,998,0.19777504191733897,951,0,0,1,0,0,0,0,0,0,0,1,0,0,9,4,34,0.5183707475662231,-0.036769621074199677,1.1185745000839233,0.17450866103172302,0.023763
233,49556.0,49556.0,1.0,0.0,0.0,0.0,0.0,0.0,0.0,47.0,44856.0,453.0,841.875,505.125,44856.0,448.5599999999995,100.0,1000,0,1000,0.18905129202175885,953,0,0,0,0,0,2,0,0,0,0,0,0,0,6,3,36,0.8385117650032043,-0.030856935307383537,1.7486653327941895,0.20913396775722504,0.023736
234,50258.0,50301.0,0.999145146219757,1.0,0.001,0.0,0.0,1.0,0.001,46.0,45658.0,1589.0,211.0,0.0,45658.0,456.5800000000002,100.0,1000,0,1000,0.18771874997764826,954,0,0,0,0,0,0,0,0,0,0,2,0,0,7,4,33,1.4099833965301514,0.0012904693139716983,2.8290200233459473,0.24535177648067474,0.023708999999999997
235,49920.0,49920.0,1.0,0.0,0.0,0.0,0.0,0.0,0.0,52.0,44720.0,1518.0,282.0,0.0,44720.0,447.19999999999914,100.0,1000,0,1000,0.18864208296872675,948,0,0,0,0,0,0,0,0,0,0,2,0,0,13,4,33,1.287453532218933,0.017035730183124542,2.5497114658355713,0.1873958706855774,0.023681999999999998
236,49639.0,49783.0,0.9971074463170159,3.0,0.003,1.0,0.001,2.0,0.002,50.0,44639.0,1331.5,0.0,468.5,44639.0,446.3899999999992,100.0,1000,1,999,0.18513829191215336,950,0,0,0,0,0,0,0,0,0,1,1,0,1,10,7,30,1.0351834297180176,-0.02058030664920807,2.122807264328003,0.23842276632785797,0.023655
237,49981.0,50202.0,0.9955977849488068,4.0,0.004,2.0,0.002,2.0,0.002,49.0,45081.0,1198.5,601.5,0.0,45081.0,450.80999999999887,100.0,1000,2,998,0.18874099990352988,951,0,0,0,0,1,0,0,0,1,0,0,1,0,6,5,35,0.7801541686058044,0.010312199592590332,1.5519964694976807,0.26054948568344116,0.023628
238,51511.0,51556.0,0.9991271626968733,1.0,0.001,1.0,0.001,0.0,0.0,56.0,45911.0,1375.0,425.0,0.0,45911.0,459.1100000000002,100.0,1000,1,999,0.18636762502137572,944,0,1,0,0,0,1,1,0,0,0,1,0,1,9,10,32,1.8462622165679932,-0.031483881175518036,3.767087936401367,0.24566185474395752,0.023601
239,49358.0,49618.0,0.9947599661413197,5.0,0.005,1.0,0.001,4.0,0.004,53.0,44058.0,1493.0,307.0,0.0,44058.0,440.5800000000001,100.0,1000,1,999,0.1845501250354573,947,0,0,0,0,0,0,0,0,1,0,2,0,3,16,5,26,1.7908846139907837,0.09774717688560486,3.397583484649658,0.23985432088375092,0.023573999999999998
240,49053.0,49235.0,0.9963034426728953,2.0,0.002,0.0,0.0,2.0,0.002,50.0,44053.0,1164.9228515625,635.0771484375,0.0,44053.0,440.52999999999946,100.0,1000,0,1000,0.18605308304540813,950,0,0,0,0,0,0,1,0,0,0,1,0,1,10,10,27,0.6733130216598511,0.009307999163866043,1.3403127193450928,0.2612365484237671,0.023547
241,49139.0,49323.0,0.9962694888794275,3.0,0.003,3.0,0.003,0.0,0.0,53.0,43839.0,826.0,974.0,0.0,43839.0,438.39000000000004,100.0,1000,3,997,0.18548666697461158,947,0,0,0,0,0,0,0,0,0,0,1,0,1,15,10,26,0.21251153945922852,-0.0991004928946495,0.635857880115509,0.26857590675354004,0.02352
242,49573.0,49653.0,0.9983888183996938,3.0,0.003,2.0,0.002,1.0,0.001,48.0,44773.0,999.64208984375,800.35791015625,0.0,44773.0,447.73000000000036,100.0,1000,2,998,0.1876096250489354,952,0,0,0,0,0,0,0,0,0,0,3,0,0,8,4,33,1.6918983459472656,0.07084565609693527,3.2534236907958984,0.24088340997695923,0.023493
243,50492.0,50657.0,0.9967427996130841,3.0,0.003,3.0,0.003,0.0,0.0,54.0,45092.0,1520.0,280.0,0.0,45092.0,450.919999999999,100.0,1000,3,997,0.18641366704832762,946,0,0,0,0,0,0,0,0,0,0,1,1,1,8,10,33,1.350388526916504,0.024255773052573204,2.6625325679779053,0.2187643051147461,0.023466
244,46564.0,46732.0,0.9964050329538646,3.0,0.003,3.0,0.003,0.0,0.0,48.0,41764.0,131.5625,1668.4375,0.0,41764.0,417.64000000000044,100.0,1000,3,997,0.1844339999370277,952,0,0,0,0,0,1,0,0,0,0,0,0,2,8,5,32,0.866312563419342,-0.05683109909296036,1.858212947845459,0.25439727306365967,0.023438999999999998
245,49556.0,49852.0,0.994062424777341,6.0,0.006,1.0,0.001,5.0,0.005,49.0,44656.0,946.0,0.0,854.0,44656.0,446.5600000000007,100.0,1000,1,999,0.18600474996492267,951,0,0,1,0,0,0,0,0,0,0,4,0,0,4,7,33,0.6812080144882202,-0.07747069746255875,1.5310169458389282,0.2917203903198242,0.023412
246,48406.0,48475.0,0.9985765858690047,2.0,0.002,2.0,0.002,0.0,0.0,54.0,43006.0,941.75,858.25,0.0,43006.0,430.0600000000004,100.0,1000,2,998,0.18578058399725705,946,0,0,0,0,0,0,0,0,0,0,1,0,1,8,8,36,0.8471417427062988,0.055019229650497437,1.5952199697494507,0.23465695977210999,0.023385
247,51679.0,52227.0,0.9895073429452199,6.0,0.006,2.0,0.002,4.0,0.004,51.0,46579.0,1149.0,651.0,0.0,46579.0,465.7900000000003,100.0,1000,2,998,0.1854840830201283,949,0,0,0,0,1,0,0,1,0,0,0,0,1,7,2,39,2.03545880317688,0.03337613493204117,4.015470504760742,0.24200572073459625,0.023358
248,49071.0,49334.0,0.9946689909595816,7.0,0.007,5.0,0.005,2.0,0.002,50.0,44071.0,1611.0,189.0,0.0,44071.0,440.71000000000026,100.0,1000,5,995,0.18667791702318937,950,0,0,0,0,0,0,0,0,0,0,2,0,0,8,4,36,1.1413893699645996,0.028313957154750824,2.2367069721221924,0.22622716426849365,0.023330999999999998
249,50112.0,50694.0,0.9885193514025329,12.0,0.012,7.0,0.007,5.0,0.005,47.0,45412.0,636.0,1164.0,0.0,45412.0,454.1199999999994,100.0,1000,7,993,0.18723141693044454,953,0,0,0,0,0,0,1,0,0,1,1,0,0,9,8,27,0.7556553483009338,0.04613908752799034,1.4309871196746826,0.25649192929267883,0.023304
250,52762.0,53011.0,0.9953028616702194,5.0,0.005,3.0,0.003,2.0,0.002,49.0,47862.0,1332.0,468.0,0.0,47862.0,478.6199999999994,100.0,1000,3,997,0.18593825004063547,951,0,0,0,0,0,1,0,0,0,0,1,1,0,6,4,36,1.1777973175048828,-0.014660841785371304,2.39491868019104,0.21485303342342377,0.023277
251,49037.0,49722.0,0.9862234021157636,16.0,0.016,6.0,0.006,10.0,0.01,44.0,44637.0,1381.0,419.0,0.0,44637.0,446.3699999999988,100.0,1000,6,994,0.19753245904576033,956,0,0,0,0,0,0,0,1,0,0,0,0,1,3,4,35,0.9902482032775879,0.010896208696067333,1.9695708751678467,0.23369546234607697,0.02325
252,49571.0,49784.0,0.995721516953238,3.0,0.003,3.0,0.003,0.0,0.0,47.0,44871.0,1425.0625,374.9375,0.0,44871.0,448.71000000000026,100.0,1000,3,997,0.18972699996083975,953,0,0,0,0,1,0,1,0,0,0,0,0,0,6,7,32,0.8155487775802612,-0.0356990247964859,1.7132985591888428,0.2325916439294815,0.023223
253,48801.0,48862.0,0.9987515860996276,2.0,0.002,2.0,0.002,0.0,0.0,53.0,43501.0,858.0,56.0,886.0,43501.0,435.0099999999992,100.0,1000,2,998,0.19124754192307591,947,0,0,0,0,0,0,0,1,0,0,0,0,0,7,5,40,1.0540673732757568,-0.04042655974626541,2.198056697845459,0.19548244774341583,0.023195999999999998
254,49925.0,50375.0,0.9910669975186104,9.0,0.009,7.0,0.007,2.0,0.002,44.0,45525.0,647.0625,1152.9375,0.0,45525.0,455.24999999999955,100.0,1000,7,993,0.20956295798532665,956,0,0,0,1,0,0,0,0,0,0,1,0,0,5,5,32,0.4842284023761749,-0.05805185064673424,1.0961546897888184,0.25020939111709595,0.023169
255,50222.0,50350.0,0.9974577954319762,3.0,0.003,2.0,0.002,1.0,0.001,49.0,45322.0,950.0,850.0,0.0,45322.0,453.2200000000011,100.0,1000,2,998,0.19958116707857698,951,0,0,0,0,1,0,1,0,1,0,1,0,0,4,9,32,2.2691190242767334,0.087544746696949,4.373416900634766,0.22185491025447845,0.023142
256,49226.0,49763.0,0.9892088499487571,12.0,0.012,3.0,0.003,9.0,0.009,45.0,44726.0,841.0,959.0,0.0,44726.0,447.2599999999994,100.0,1000,3,997,0.19479016598779708,955,0,0,0,0,0,0,0,0,0,0,0,0,2,4,10,29,1.7779971361160278,0.009897659532725811,3.547684669494629,0.24844709038734436,0.023115
257,49730.0,49867.0,0.9972526921611486,4.0,0.004,1.0,0.001,3.0,0.003,50.0,44730.0,843.0,957.0,0.0,44730.0,447.30000000000024,100.0,1000,1,999,0.18944004096556455,950,0,0,1,0,0,0,0,0,1,3,0,0,0,8,6,31,1.0619350671768188,0.024001142010092735,2.088940143585205,0.2830982804298401,0.023087999999999997
258,49869.0,49936.0,0.9986582826017302,2.0,0.002,2.0,0.002,0.0,0.0,51.0,44769.0,1015.75,129.53125,654.71875,44769.0,447.69,100.0,1000,2,998,0.18806929199490696,949,0,0,0,0,0,0,0,0,0,0,0,0,1,8,11,31,1.317047119140625,-0.02948928251862526,2.706610679626465,0.29352080821990967,0.023060999999999998
259,50006.0,50304.0,0.9940760178117048,6.0,0.006,6.0,0.006,0.0,0.0,51.0,44906.0,1410.25,389.75,0.0,44906.0,449.0600000000003,100.0,1000,6,994,0.18663445801939815,949,0,0,0,0,1,1,0,1,0,0,1,0,3,3,14,27,0.946840226650238,-0.06563909351825714,2.0353922843933105,0.2264835089445114,0.023034
260,49842.0,50703.0,0.9830187562866103,18.0,0.018,7.0,0.007,11.0,0.011,45.0,45342.0,1536.6536254882812,263.34637451171875,0.0,45342.0,453.42000000000047,100.0,1000,7,993,0.18752858298830688,955,0,0,0,0,0,0,0,0,0,1,1,2,1,4,12,24,1.0471460819244385,-0.05678055062890053,2.221407413482666,0.29456251859664917,0.023007
261,49595.0,49771.0,0.9964638042233429,4.0,0.004,4.0,0.004,0.0,0.0,49.0,44695.0,543.0,224.5,1032.5,44695.0,446.9499999999996,100.0,1000,4,996,0.18682412500493228,951,0,0,0,0,0,0,0,0,0,0,1,0,2,3,14,29,1.5937587022781372,0.028668740764260292,3.139237403869629,0.1970743089914322,0.02298
262,49071.0,49619.0,0.988955843527681,9.0,0.009,4.0,0.004,5.0,0.005,46.0,44471.0,831.25,968.75,0.0,44471.0,444.7100000000001,100.0,1000,4,996,0.18858462502248585,954,0,0,1,0,0,0,0,0,0,0,1,0,1,4,8,31,0.498640775680542,-0.028974110260605812,1.0668878555297852,0.2539549171924591,0.022952999999999998
263,49773.0,50185.0,0.9917903756102421,9.0,0.009,5.0,0.005,4.0,0.004,46.0,45173.0,1212.0,339.5,248.5,45173.0,451.73000000000036,100.0,1000,5,995,0.1860570830758661,954,0,0,0,0,0,0,1,0,0,0,1,0,1,1,9,33,1.3659192323684692,0.04104840010404587,2.659362316131592,0.20982232689857483,0.022926
264,49155.0,49659.0,0.9898507823355283,10.0,0.01,5.0,0.005,5.0,0.005,47.0,44455.0,1410.25,389.75,0.0,44455.0,444.5500000000003,100.0,1000,5,995,0.18949025007896125,953,0,0,0,0,0,0,0,0,0,0,0,0,1,2,12,32,0.7994406223297119,-0.051980160176754,1.7146224975585938,0.2572372257709503,0.022899
265,49469.0,49729.0,0.9947716624102636,6.0,0.006,4.0,0.004,2.0,0.002,55.0,43969.0,1071.0,364.5,364.5,43969.0,439.6899999999998,100.0,1000,4,996,0.2034924579784274,945,0,0,0,0,0,0,0,1,0,0,0,0,1,1,18,34,0.5994012951850891,-0.0817110612988472,1.3715320825576782,0.20346805453300476,0.022871999999999997
266,49573.0,50002.0,0.9914203431862726,8.0,0.008,4.0,0.004,4.0,0.004,51.0,44473.0,19.0,111.3125,1669.6875,44473.0,444.72999999999945,100.0,1000,4,996,0.23140687495470047,949,0,0,0,0,0,0,0,0,0,0,0,0,1,2,13,35,0.7094243168830872,-0.02992359735071659,1.4872956275939941,0.18821939826011658,0.022844999999999997
267,51517.0,51911.0,0.9924100864941919,6.0,0.006,4.0,0.004,2.0,0.002,48.0,46717.0,1068.0,732.0,0.0,46717.0,467.1699999999998,100.0,1000,4,996,0.19453241699375212,952,0,0,0,0,0,0,0,0,0,1,1,0,0,2,6,38,1.1396541595458984,0.018534718081355095,2.2514827251434326,0.20255152881145477,0.022817999999999998
268,49501.0,49558.0,0.9988498325194721,2.0,0.002,1.0,0.001,1.0,0.001,44.0,45101.0,1135.904296875,664.095703125,0.0,45101.0,451.0099999999998,100.0,1000,1,999,0.18852720805443823,956,0,0,0,0,0,0,0,0,0,0,0,0,0,4,5,35,1.9697154760360718,-0.0028054509311914444,3.9539127349853516,0.19461208581924438,0.022791
269,49884.0,50191.0,0.9938833655436233,4.0,0.004,0.0,0.0,4.0,0.004,43.0,45584.0,1103.375,696.625,0.0,45584.0,455.84000000000026,100.0,1000,0,1000,0.1858757910085842,957,0,0,0,0,0,0,0,2,0,0,0,0,2,1,9,29,1.676122784614563,0.002360594691708684,3.3571341037750244,0.21107152104377747,0.022764
270,49746.0,49864.0,0.9976335632921547,2.0,0.002,1.0,0.001,1.0,0.001,47.0,45046.0,1475.0,325.0,0.0,45046.0,450.46000000000026,100.0,1000,1,999,0.18568500003311783,953,0,0,0,0,0,0,0,0,0,0,0,1,0,1,10,35,0.3448195159435272,-0.07237139344215393,0.8432405591011047,0.1948094218969345,0.022737
271,49554.0,49800.0,0.9950602409638554,5.0,0.005,5.0,0.005,0.0,0.0,42.0,45354.0,817.0,983.0,0.0,45354.0,453.54000000000013,100.0,1000,5,995,0.1860863749170676,958,1,0,0,0,0,0,0,0,0,0,3,0,0,0,11,27,1.2349016666412354,0.04199865460395813,2.393500566482544,0.1694050133228302,0.022709999999999998
272,49347.0,50091.0,0.9851470324010301,15.0,0.015,2.0,0.002,13.0,0.013,41.0,45247.0,465.21484375,46.0,1288.78515625,45247.0,452.47000000000025,100.0,1000,2,998,0.18721237499266863,959,0,0,0,0,0,0,0,0,0,1,0,0,1,0,10,29,1.7940514087677002,0.06377731263637543,3.4701223373413086,0.21104371547698975,0.022683
273,50609.0,51084.0,0.9907015895387988,5.0,0.005,1.0,0.001,4.0,0.004,47.0,45909.0,932.0,868.0,0.0,45909.0,459.089999999999,100.0,1000,1,999,0.1889573340304196,953,0,0,0,0,0,0,1,0,0,0,2,0,0,2,8,34,0.790458619594574,-0.09866756200790405,1.7869415283203125,0.19176414608955383,0.022656
274,50082.0,50466.0,0.992390916656759,10.0,0.01,2.0,0.002,8.0,0.008,44.0,45682.0,1120.7098541259766,679.2901458740234,0.0,45682.0,456.8199999999989,100.0,1000,2,998,0.19052279205061495,956,0,0,0,0,1,0,1,0,0,0,1,0,0,0,14,27,0.7914371490478516,-0.04539550468325615,1.6857569217681885,0.2671721875667572,0.022628999999999996
275,50377.0,51224.0,0.983464782133375,15.0,0.015,3.0,0.003,12.0,0.012,53.0,45077.0,1469.125,330.875,0.0,45077.0,450.7700000000006,100.0,1000,3,997,0.18564891698770225,947,0,0,0,0,0,0,0,0,0,0,2,0,0,2,13,36,1.4073601961135864,-0.04054852947592735,2.9055898189544678,0.2161838263273239,0.022601999999999997
276,50759.0,50936.0,0.9965250510444479,3.0,0.003,2.0,0.002,1.0,0.001,48.0,45959.0,764.5,1035.5,0.0,45959.0,459.59000000000043,100.0,1000,2,998,0.18651362496893853,952,0,0,0,0,0,0,0,0,0,0,0,0,1,0,13,34,0.8535080552101135,-0.02025870606303215,1.7570173740386963,0.2100522667169571,0.022574999999999998
277,50428.0,50526.0,0.9980604045441951,2.0,0.002,2.0,0.002,0.0,0.0,53.0,45128.0,1343.0,457.0,0.0,45128.0,451.2799999999994,100.0,1000,2,998,0.1864806250669062,947,0,0,0,0,0,0,1,0,0,0,4,0,0,2,8,38,0.4463706612586975,-0.03718683868646622,0.9755018949508667,0.18597866594791412,0.022548
278,49248.0,49282.0,0.99931009293454,1.0,0.001,1.0,0.001,0.0,0.0,53.0,43948.0,1681.0,90.875,28.125,43948.0,439.4799999999998,100.0,1000,1,999,0.18501991697121412,947,0,0,0,0,0,0,1,0,0,0,2,0,1,2,8,39,0.24140717089176178,-0.09908173233270645,0.6901220083236694,0.20301547646522522,0.022521
279,48780.0,48961.0,0.9963031800821062,2.0,0.002,1.0,0.001,1.0,0.001,47.0,44080.0,1597.765625,202.234375,0.0,44080.0,440.79999999999995,100.0,1000,1,999,0.19045345799531788,953,0,1,0,0,0,0,0,0,0,0,2,0,0,4,8,32,1.159711241722107,0.007034951355308294,2.3143625259399414,0.20027005672454834,0.022494
280,50600.0,50953.0,0.9930720467882166,5.0,0.005,3.0,0.003,2.0,0.002,48.0,45800.0,697.25,1102.75,0.0,45800.0,458.00000000000045,100.0,1000,3,997,0.18460124998819083,952,0,0,0,0,0,0,1,0,0,0,2,0,1,1,4,39,0.92146897315979,-0.027876660227775574,1.9065370559692383,0.1746063232421875,0.022466999999999997
281,49747.0,50275.0,0.9894977623073098,8.0,0.008,4.0,0.004,4.0,0.004,44.0,45347.0,1600.1875,199.8125,0.0,45347.0,453.46999999999974,100.0,1000,4,996,0.1859916669782251,956,0,0,0,0,0,0,0,0,0,0,2,0,0,2,8,32,1.2606642246246338,-0.008855382911860943,2.549116611480713,0.22454208135604858,0.022439999999999998
282,50108.0,50458.0,0.9930635379919933,6.0,0.006,3.0,0.003,3.0,0.003,51.0,45008.0,813.0625,986.9375,0.0,45008.0,450.08000000000067,100.0,1000,3,997,0.18572654202580452,949,0,0,1,0,0,0,0,0,0,0,1,0,0,1,6,42,0.2838335931301117,-0.12312931567430496,0.823013961315155,0.20274309813976288,0.022413
283,51167.0,51447.0,0.9945575057826501,6.0,0.006,2.0,0.002,4.0,0.004,49.0,46267.0,1190.0,105.0,505.0,46267.0,462.6700000000005,100.0,1000,2,998,0.18684175005182624,951,0,0,0,0,0,0,1,0,0,0,0,0,0,1,6,41,1.2242522239685059,-0.013967212289571762,2.484471321105957,0.1794118881225586,0.022386
284,50175.0,50549.0,0.9926012384023423,7.0,0.007,2.0,0.002,5.0,0.005,46.0,45575.0,1204.4375,595.5625,0.0,45575.0,455.75000000000045,100.0,1000,2,998,0.18695937504526228,954,0,0,0,0,0,0,0,0,0,1,1,0,0,0,9,35,1.6660511493682861,0.05368541553616524,3.2343289852142334,0.2146231234073639,0.022359
285,49554.0,49693.0,0.9972028253476345,4.0,0.004,4.0,0.004,0.0,0.0,52.0,44354.0,1569.0,231.0,0.0,44354.0,443.54000000000053,100.0,1000,4,996,0.18661370896734297,948,0,0,0,0,0,0,0,0,0,0,2,0,0,3,5,42,0.7430225014686584,-0.05467964708805084,1.6037113666534424,0.1859918087720871,0.022331999999999998
286,49854.0,49912.0,0.9988379548004488,1.0,0.001,0.0,0.0,1.0,0.001,46.0,45254.0,1619.0,181.0,0.0,45254.0,452.5399999999999,100.0,1000,0,1000,0.1861292920075357,954,0,0,0,0,0,0,0,0,0,0,0,0,0,2,9,35,1.1496272087097168,0.005661795847117901,2.2972300052642822,0.20845863223075867,0.022305
287,50359.0,50462.0,0.9979588601323769,2.0,0.002,2.0,0.002,0.0,0.0,47.0,45659.0,952.5,847.5,0.0,45659.0,456.59000000000094,100.0,1000,2,998,0.18515279202256352,953,0,0,0,0,0,0,0,1,1,0,1,0,0,1,5,38,0.35702866315841675,-0.10589731484651566,0.9344324469566345,0.19257752597332,0.022278
288,49594.0,49899.0,0.9938876530591796,7.0,0.007,4.0,0.004,3.0,0.003,49.0,44694.0,1043.0,757.0,0.0,44694.0,446.94000000000057,100.0,1000,4,996,0.18536937492899597,951,0,1,0,0,0,0,1,0,0,0,0,0,1,0,9,37,1.1468840837478638,0.026368144899606705,2.2479920387268066,0.1564008742570877,0.022251
289,49123.0,49551.0,0.9913624346632762,6.0,0.006,2.0,0.002,4.0,0.004,41.0,45023.0,1000.125,799.875,0.0,45023.0,450.22999999999934,100.0,1000,2,998,0.18848279200028628,959,0,0,0,0,0,0,0,0,0,0,0,0,0,1,4,36,0.41978469491004944,-0.09491746872663498,1.0383410453796387,0.2010602504014969,0.022224
290,49575.0,49969.0,0.9921151113690488,7.0,0.007,6.0,0.006,1.0,0.001,45.0,45075.0,1258.0,542.0,0.0,45075.0,450.74999999999983,100.0,1000,6,994,0.18597362493164837,955,0,0,0,0,0,0,0,0,1,1,1,0,0,1,4,37,0.35289034247398376,-0.02710231952369213,0.7685068249702454,0.19195117056369781,0.022197
291,50174.0,50454.0,0.9944503904546715,5.0,0.005,1.0,0.001,4.0,0.004,50.0,45174.0,1062.0,738.0,0.0,45174.0,451.7400000000005,100.0,1000,1,999,0.18502520897891372,950,1,0,0,0,0,0,0,1,0,0,0,0,0,2,6,40,0.305974543094635,-0.10068048536777496,0.8214069604873657,0.18261031806468964,0.02217
292,48795.0,49091.0,0.9939703815363304,5.0,0.005,5.0,0.005,0.0,0.0,46.0,44195.0,1672.87109375,127.12890625,0.0,44195.0,441.95000000000005,100.0,1000,5,995,0.18750250001903623,954,0,0,0,0,0,0,0,0,0,0,0,0,0,0,9,37,0.6944599747657776,0.012156274169683456,1.373531460762024,0.20150770246982574,0.022143
293,50781.0,50970.0,0.996291936433196,2.0,0.002,1.0,0.001,1.0,0.001,45.0,46281.0,1422.0,378.0,0.0,46281.0,462.81000000000034,100.0,1000,1,999,0.18594362493604422,955,0,0,0,0,0,0,0,0,1,0,0,0,0,0,3,41,1.198387622833252,0.03194255754351616,2.341231346130371,0.188579261302948,0.022116
294,49863.0,50130.0,0.9946738479952124,6.0,0.006,4.0,0.004,2.0,0.002,46.0,45263.0,766.75,1033.25,0.0,45263.0,452.6300000000006,100.0,1000,4,996,0.19152133294846863,954,0,0,0,0,0,0,0,0,0,0,1,0,1,2,9,33,1.5476962327957153,0.0025900767650455236,3.100015640258789,0.22190207242965698,0.022088999999999998
295,50058.0,50273.0,0.995723350506236,5.0,0.005,2.0,0.002,3.0,0.003,48.0,45258.0,1296.0,504.0,0.0,45258.0,452.5799999999999,100.0,1000,2,998,0.19290908297989517,952,0,0,0,0,0,0,0,0,0,0,0,0,0,0,3,45,1.8801850080490112,0.08684531599283218,3.5953168869018555,0.19575615227222443,0.022062
296,49793.0,49844.0,0.9989768076398363,1.0,0.001,1.0,0.001,0.0,0.0,53.0,44493.0,999.0,801.0,0.0,44493.0,444.93000000000006,100.0,1000,1,999,0.19017262489069253,947,0,0,0,0,0,0,1,0,0,0,0,0,0,0,4,48,1.5548667907714844,0.1457013636827469,2.8273332118988037,0.20427557826042175,0.022035
297,49713.0,49913.0,0.9959930278684912,4.0,0.004,4.0,0.004,0.0,0.0,54.0,44313.0,1613.0,187.0,0.0,44313.0,443.13000000000005,100.0,1000,4,996,0.1860456250142306,946,0,0,0,0,0,0,0,0,0,0,0,0,0,0,3,51,1.0176795721054077,0.005839993245899677,2.0324599742889404,0.19948658347129822,0.022008
298,49572.0,49609.0,0.9992541675905582,1.0,0.001,0.0,0.0,1.0,0.001,54.0,44172.0,1639.0,87.0,74.0,44172.0,441.719999999999,100.0,1000,0,1000,0.18653016595635563,946,0,0,0,0,0,0,0,0,0,0,1,0,0,0,2,51,1.1198511123657227,-0.0037606810219585896,2.2546634674072266,0.16923215985298157,0.021981
299,49430.0,49629.0,0.99599024763747,4.0,0.004,4.0,0.004,0.0,0.0,50.0,44430.0,1541.0,259.0,0.0,44430.0,444.2999999999997,100.0,1000,4,996,0.1868276670575142,950,0,0,0,0,0,0,0,0,0,0,0,0,1,0,3,46,0.6282791495323181,-0.05799669399857521,1.3799561262130737,0.16863586008548737,0.021954
300,48833.0,48893.0,0.998772830466529,1.0,0.001,1.0,0.001,0.0,0.0,47.0,44133.0,491.0,59.0,1250.0,44133.0,441.32999999999964,100.0,1000,1,999,0.18678883300162852,953,1,0,0,0,0,0,0,0,0,0,0,0,0,0,6,40,0.8868288993835449,-0.010479438118636608,1.8041813373565674,0.21810133755207062,0.021927
301,48374.0,48393.0,0.9996073812328229,1.0,0.001,1.0,0.001,0.0,0.0,52.0,43174.0,1647.0,153.0,0.0,43174.0,431.7400000000003,100.0,1000,1,999,0.18684362503699958,948,0,0,0,0,0,0,0,0,0,0,0,0,1,1,6,44,1.3374193906784058,0.050811734050512314,2.5800628662109375,0.15633653104305267,0.0219
302,49655.0,49695.0,0.9991950900493007,1.0,0.001,1.0,0.001,0.0,0.0,50.0,44655.0,1457.5625,342.4375,0.0,44655.0,446.55000000000035,100.0,1000,1,999,0.19092570908833295,950,0,0,0,0,0,0,0,2,0,0,0,1,1,0,10,36,0.6308907270431519,0.04563123360276222,1.1794663667678833,0.20453131198883057,0.021873
303,49081.0,49354.0,0.9944685334522024,5.0,0.005,2.0,0.002,3.0,0.003,47.0,44381.0,1584.0,216.0,0.0,44381.0,443.8099999999998,100.0,1000,2,998,0.18941816606093198,953,0,0,0,0,0,0,0,1,0,1,0,0,0,0,5,40,1.394723653793335,0.0933290496468544,2.6108455657958984,0.18439310789108276,0.021845999999999997
304,52229.0,52580.0,0.9933244579688094,6.0,0.006,0.0,0.0,6.0,0.006,51.0,47129.0,949.0,71.0,780.0,47129.0,471.2900000000004,100.0,1000,0,1000,0.18647929199505597,949,0,0,0,0,1,0,0,0,0,0,0,0,0,0,1,49,1.404911994934082,-0.026164697483181953,2.8700008392333984,0.17983245849609375,0.021818999999999998
305,49347.0,49663.0,0.9936371141493667,6.0,0.006,6.0,0.006,0.0,0.0,47.0,44647.0,1370.5703125,429.4296875,0.0,44647.0,446.46999999999974,100.0,1000,6,994,0.18450254201889038,953,0,0,0,0,0,0,0,0,0,0,0,0,0,1,8,38,1.1504161357879639,-0.00854613445699215,2.3265576362609863,0.198081374168396,0.021792
306,51446.0,51717.0,0.994759943538875,5.0,0.005,2.0,0.002,3.0,0.003,49.0,46546.0,1455.5625,344.4375,0.0,46546.0,465.45999999999884,100.0,1000,2,998,0.18535000004339963,951,0,0,1,0,0,0,0,0,0,0,0,0,0,1,5,42,1.4428110122680664,0.08992808312177658,2.7137577533721924,0.18359513580799103,0.021765
307,50188.0,50261.0,0.9985475816239231,2.0,0.002,1.0,0.001,1.0,0.001,47.0,45488.0,953.0,0.0,847.0,45488.0,454.8799999999998,100.0,1000,1,999,0.18600183399394155,953,0,0,0,0,0,0,0,0,0,0,0,0,1,0,2,44,1.0993953943252563,0.03087049163877964,2.144040107727051,0.16078327596187592,0.021738
308,47779.0,48342.0,0.988353812419842,13.0,0.013,1.0,0.001,12.0,0.012,44.0,43379.0,968.0,832.0,0.0,43379.0,433.7899999999989,100.0,1000,1,999,0.18549458403140306,956,0,0,0,1,1,0,1,0,0,0,0,0,0,1,2,38,1.0803868770599365,0.0333460196852684,2.10408091545105,0.2302839607000351,0.021711
309,50270.0,50270.0,1.0,0.0,0.0,0.0,0.0,0.0,0.0,54.0,44870.0,859.0,130.0625,810.9375,44870.0,448.69999999999965,100.0,1000,0,1000,0.1843456249916926,946,0,0,0,0,1,0,0,1,0,1,0,0,0,0,3,48,1.187056064605713,0.05082372948527336,2.2803802490234375,0.18251827359199524,0.021684
310,50829.0,50829.0,1.0,0.0,0.0,0.0,0.0,0.0,0.0,54.0,45429.0,1548.0,252.0,0.0,45429.0,454.2899999999995,100.0,1000,0,1000,0.18437616690061986,946,0,0,0,0,0,0,0,0,0,0,2,0,0,1,3,48,1.8101975917816162,0.09670616686344147,3.434718370437622,0.1785888373851776,0.021657
311,48498.0,48696.0,0.9959339576145885,6.0,0.006,3.0,0.003,3.0,0.003,48.0,43698.0,1581.0,219.0,0.0,43698.0,436.98000000000013,100.0,1000,3,997,0.18885774991940707,952,0,0,1,0,0,0,0,0,0,0,0,0,0,0,3,44,1.3646785020828247,0.04474921151995659,2.648017168045044,0.18859794735908508,0.021629999999999996
312,49839.0,49860.0,0.9995788206979542,1.0,0.001,1.0,0.001,0.0,0.0,53.0,44539.0,1398.1875,401.8125,0.0,44539.0,445.38999999999993,100.0,1000,1,999,0.18449016707018018,947,0,0,0,0,0,0,0,0,1,0,1,0,0,2,6,43,1.191628336906433,0.08797658979892731,2.213909387588501,0.15289343893527985,0.021602999999999997
313,50637.0,50667.0,0.9994078986322459,1.0,0.001,1.0,0.001,0.0,0.0,49.0,45737.0,1448.3125,351.6875,0.0,45737.0,457.3699999999997,100.0,1000,1,999,0.18409945897292346,951,0,0,0,0,0,0,0,0,0,1,0,0,0,0,2,46,0.7800143361091614,0.011077412404119968,1.5457755327224731,0.18311230838298798,0.021575999999999998
314,50650.0,51179.0,0.989663729263956,8.0,0.008,5.0,0.005,3.0,0.003,49.0,45750.0,1315.0,48.0,437.0,45750.0,457.4999999999993,100.0,1000,5,995,0.18672454194165766,951,0,0,0,0,0,0,0,0,0,1,0,0,0,0,1,47,1.0636799335479736,0.02290104329586029,2.0899014472961426,0.1935974806547165,0.021549
315,48866.0,49018.0,0.9968990982904239,3.0,0.003,3.0,0.003,0.0,0.0,52.0,43666.0,1413.0,48.375,338.625,43666.0,436.6599999999998,100.0,1000,3,997,0.18409150000661612,948,0,0,0,0,1,0,1,1,0,0,0,0,0,1,3,45,1.0740324258804321,0.0012036561965942383,2.1529808044433594,0.17013515532016754,0.021522
316,49386.0,49575.0,0.9961875945537065,3.0,0.003,3.0,0.003,0.0,0.0,47.0,44686.0,1131.0,669.0,0.0,44686.0,446.8599999999992,100.0,1000,3,997,0.1889602500014007,953,0,0,0,0,0,0,0,0,1,0,0,0,1,0,4,41,0.7454272508621216,-0.022999335080385208,1.5445456504821777,0.17893585562705994,0.021495
317,49834.0,49864.0,0.9993983635488529,1.0,0.001,1.0,0.001,0.0,0.0,51.0,44734.0,1678.0,122.0,0.0,44734.0,447.3400000000002,100.0,1000,1,999,0.18353425001259893,949,0,0,0,1,0,0,0,0,0,0,0,0,1,0,3,46,1.7144376039505005,0.05947618931531906,3.3167765140533447,0.1596231758594513,0.021468
318,50272.0,50349.0,0.9984706746906592,2.0,0.002,2.0,0.002,0.0,0.0,45.0,45772.0,999.0,801.0,0.0,45772.0,457.7200000000001,100.0,1000,2,998,0.18586774996947497,955,0,0,0,0,0,0,0,1,0,0,0,0,0,1,2,41,0.953132152557373,-0.03675650805234909,1.989740252494812,0.2323324829339981,0.021440999999999998
319,48602.0,48681.0,0.9983771902795752,2.0,0.002,2.0,0.002,0.0,0.0,45.0,44102.0,1280.0,520.0,0.0,44102.0,441.0200000000004,100.0,1000,2,998,0.1853301670635119,955,0,0,0,0,0,0,0,0,0,0,0,0,0,0,2,43,0.8439241051673889,0.03365005552768707,1.628679633140564,0.1898641586303711,0.021414
320,51773.0,51871.0,0.9981106976923522,3.0,0.003,3.0,0.003,0.0,0.0,49.0,46873.0,664.0,138.0,998.0,46873.0,468.73000000000025,100.0,1000,3,997,0.1868892079219222,951,0,0,0,0,0,0,0,0,0,0,0,0,0,1,4,44,0.7947307825088501,0.02200242504477501,1.5540516376495361,0.20093582570552826,0.021386999999999996
321,50252.0,50353.0,0.9979941612217743,3.0,0.003,3.0,0.003,0.0,0.0,51.0,45152.0,1286.0,514.0,0.0,45152.0,451.5199999999994,100.0,1000,3,997,0.18467933300416917,949,0,0,0,0,0,0,0,0,0,0,0,0,0,0,7,44,0.5915845036506653,0.0020121450070291758,1.1855801343917847,0.1506420522928238,0.021359999999999997
322,50939.0,51079.0,0.997259147594902,3.0,0.003,3.0,0.003,0.0,0.0,50.0,45939.0,1632.0,168.0,0.0,45939.0,459.38999999999976,100.0,1000,3,997,0.1866862919414416,950,0,0,0,0,0,0,0,1,0,0,0,0,0,2,1,46,1.1280165910720825,-0.08471415936946869,2.433135986328125,0.17987516522407532,0.021332999999999998
323,50967.0,51041.0,0.9985501851452754,2.0,0.002,2.0,0.002,0.0,0.0,50.0,45967.0,1069.0,731.0,0.0,45967.0,459.6699999999998,100.0,1000,2,998,0.1846288749948144,950,0,0,0,0,0,0,0,0,0,0,0,0,0,0,2,48,0.29669034481048584,-0.12618045508861542,0.8514394164085388,0.13371506333351135,0.021306
324,48254.0,48306.0,0.9989235291682192,1.0,0.001,1.0,0.001,0.0,0.0,43.0,43954.0,1176.0,624.0,0.0,43954.0,439.54000000000036,100.0,1000,1,999,0.1872811249922961,957,0,0,0,1,0,0,0,0,0,0,1,0,0,0,0,41,1.3689968585968018,0.11288841813802719,2.5230555534362793,0.25467991828918457,0.021279
325,50150.0,50171.0,0.9995814315042555,1.0,0.001,1.0,0.001,0.0,0.0,45.0,45650.0,1159.0,641.0,0.0,45650.0,456.49999999999994,100.0,1000,1,999,0.18781516700983047,955,0,0,0,0,0,0,0,0,0,0,0,0,0,0,0,45,1.3563047647476196,0.07080215960741043,2.5802793502807617,0.21819643676280975,0.021252
326,49454.0,49495.0,0.9991716334983332,1.0,0.001,1.0,0.001,0.0,0.0,51.0,44354.0,1262.0,67.25,470.75,44354.0,443.5399999999998,100.0,1000,1,999,0.18757062498480082,949,0,0,1,0,0,0,0,0,0,0,2,0,0,1,2,45,1.066723108291626,-0.0639331117272377,2.2689895629882812,0.18084920942783356,0.021225
327,49110.0,49611.0,0.9899014331499063,4.0,0.004,2.0,0.002,2.0,0.002,50.0,44110.0,1184.0,616.0,0.0,44110.0,441.09999999999906,100.0,1000,2,998,0.18935345800127834,950,0,0,0,0,1,0,0,0,0,0,0,0,0,0,2,47,1.3576949834823608,0.04434630647301674,2.6331212520599365,0.1515241116285324,0.021197999999999998
328,49651.0,50175.0,0.9895565520677628,9.0,0.009,4.0,0.004,5.0,0.005,46.0,45051.0,1585.60546875,214.39453125,0.0,45051.0,450.51000000000005,100.0,1000,4,996,0.19134983303956687,954,0,0,0,0,0,0,0,0,0,0,0,0,0,0,4,42,0.17460031807422638,-0.08276092261075974,0.5220405459403992,0.17283174395561218,0.021171
329,50197.0,50551.0,0.9929971711736661,6.0,0.006,3.0,0.003,3.0,0.003,45.0,45697.0,1489.0,311.0,0.0,45697.0,456.9699999999997,100.0,1000,3,997,0.18656179099343717,955,0,0,0,0,0,0,0,0,0,0,0,0,0,0,2,43,0.3562283515930176,-0.09564486891031265,0.910948634147644,0.1703130006790161,0.021143999999999996
330,49059.0,49740.0,0.9863088057901086,9.0,0.009,1.0,0.001,8.0,0.008,48.0,44259.0,1120.0,76.0,604.0,44259.0,442.5900000000002,100.0,1000,1,999,0.18526979198213667,952,0,0,0,0,0,0,0,0,0,0,1,0,1,0,0,46,2.1187710762023926,0.18481668829917908,3.874168872833252,0.14822512865066528,0.021116999999999997
331,48712.0,49099.0,0.9921179657426832,8.0,0.008,0.0,0.0,8.0,0.008,43.0,44412.0,1043.0,11.0,746.0,44412.0,444.12000000000046,100.0,1000,0,1000,0.18563812493812293,957,0,0,0,0,0,0,0,0,0,0,1,0,0,1,0,41,1.2027363777160645,0.07506491243839264,2.2635855674743652,0.19541704654693604,0.021089999999999998
332,49754.0,49804.0,0.9989960645731266,1.0,0.001,1.0,0.001,0.0,0.0,47.0,45054.0,1589.0,211.0,0.0,45054.0,450.54,100.0,1000,1,999,0.18815441709011793,953,0,0,0,0,0,0,0,0,1,0,0,0,0,0,4,42,0.15151263773441315,-0.13654910027980804,0.5836353898048401,0.1783202737569809,0.021063
333,49377.0,49426.0,0.9990086189454943,1.0,0.001,1.0,0.001,0.0,0.0,45.0,44877.0,1249.9375,550.0625,0.0,44877.0,448.7700000000001,100.0,1000,1,999,0.18681312492117286,955,0,0,0,0,0,0,0,0,1,0,0,0,0,0,5,39,1.1287890672683716,0.027711980044841766,2.209200143814087,0.16747567057609558,0.021036
334,50334.0,50334.0,1.0,0.0,0.0,0.0,0.0,0.0,0.0,49.0,45434.0,1503.0,297.0,0.0,45434.0,454.3399999999997,100.0,1000,0,1000,0.1846190830692649,951,0,0,0,0,0,0,0,0,1,0,0,0,0,0,2,46,0.9376633763313293,-0.055369071662425995,1.9918687343597412,0.13812735676765442,0.021009
335,53228.0,53527.0,0.9944140340388963,3.0,0.003,2.0,0.002,1.0,0.001,46.0,48628.0,1435.0,365.0,0.0,48628.0,486.27999999999884,100.0,1000,2,998,0.1848018750315532,954,0,1,0,0,0,0,0,0,0,0,0,0,0,0,3,42,0.9445399641990662,0.01776697300374508,1.8608620166778564,0.17434066534042358,0.020982
336,49707.0,49784.0,0.9984533183352081,1.0,0.001,1.0,0.001,0.0,0.0,46.0,45107.0,732.25,104.234375,963.515625,45107.0,451.06999999999954,100.0,1000,1,999,0.18500841700006276,954,0,0,0,0,1,0,0,0,1,0,0,0,1,0,2,41,0.7785454392433167,0.04705850034952164,1.4713549613952637,0.19997990131378174,0.020954999999999998
337,50354.0,50354.0,1.0,0.0,0.0,0.0,0.0,0.0,0.0,51.0,45254.0,734.0,1066.0,0.0,45254.0,452.5400000000001,100.0,1000,0,1000,0.18747741694096476,949,0,0,0,0,0,0,0,2,0,0,1,0,0,0,1,47,0.9072461724281311,0.02318175882101059,1.7747883796691895,0.15910392999649048,0.020928
338,50318.0,50359.0,0.9991858456283882,1.0,0.001,1.0,0.001,0.0,0.0,48.0,45518.0,1173.0,627.0,0.0,45518.0,455.1799999999999,100.0,1000,1,999,0.18537641607690603,952,0,0,0,0,0,0,0,0,0,0,0,0,2,1,2,43,0.757430374622345,0.005855469964444637,1.5088872909545898,0.13725124299526215,0.020900999999999996
339,49922.0,49922.0,1.0,0.0,0.0,0.0,0.0,0.0,0.0,44.0,45522.0,1031.0,77.0,692.0,45522.0,455.2199999999998,100.0,1000,0,1000,0.18566566600929946,956,0,0,0,0,0,0,0,0,1,1,0,0,0,0,1,41,0.4313683807849884,-0.0456903874874115,0.9595586657524109,0.13033202290534973,0.020873999999999997
340,52187.0,52308.0,0.9976867783130687,3.0,0.003,1.0,0.001,2.0,0.002,43.0,47887.0,1638.0,162.0,0.0,47887.0,478.8699999999996,100.0,1000,1,999,0.18660079198889434,957,0,0,0,0,0,0,0,0,0,0,1,0,0,0,1,41,0.6438314318656921,-0.047155946493148804,1.3890762329101562,0.17032162845134735,0.020846999999999997
341,49931.0,50652.0,0.9857656163626313,11.0,0.011,2.0,0.002,9.0,0.009,42.0,45731.0,593.0,33.0,1174.0,45731.0,457.3100000000002,100.0,1000,2,998,0.1877123749582097,958,0,0,0,0,0,0,0,1,0,0,0,0,0,0,0,41,1.2652252912521362,0.00797116570174694,2.5216176509857178,0.1707335114479065,0.020819999999999998
342,48723.0,48921.0,0.9959526583675722,2.0,0.002,0.0,0.0,2.0,0.002,44.0,44323.0,1287.0,513.0,0.0,44323.0,443.23000000000076,100.0,1000,0,1000,0.18518437503371388,956,0,0,0,0,0,0,0,0,0,0,0,0,1,3,2,38,1.1801629066467285,0.030211536213755608,2.30515718460083,0.1263512521982193,0.020793
343,49549.0,49788.0,0.995199646501165,5.0,0.005,0.0,0.0,5.0,0.005,42.0,45349.0,1575.0,225.0,0.0,45349.0,453.489999999999,100.0,1000,0,1000,0.1843312089331448,958,0,0,0,0,0,0,0,0,0,0,0,1,2,0,1,38,1.023115634918213,-0.024315766990184784,2.1003518104553223,0.13216786086559296,0.020766
344,49858.0,50125.0,0.9946733167082294,4.0,0.004,0.0,0.0,4.0,0.004,40.0,45858.0,1606.0,194.0,0.0,45858.0,458.57999999999936,100.0,1000,0,1000,0.1861558749806136,960,0,0,0,0,0,0,0,0,1,0,0,0,0,1,0,38,1.0150775909423828,0.06416051834821701,1.907631278038025,0.1397618055343628,0.020739
345,49393.0,50087.0,0.9861441092499051,11.0,0.011,1.0,0.001,10.0,0.01,38.0,45593.0,1455.125,344.875,0.0,45593.0,455.93,100.0,1000,1,999,0.185910209082067,962,0,0,0,0,0,0,0,0,0,0,0,0,1,0,4,33,1.3882204294204712,0.06050828471779823,2.6615214347839355,0.14718960225582123,0.020712
346,49373.0,49588.0,0.9956642736145842,3.0,0.003,0.0,0.0,3.0,0.003,39.0,45473.0,1378.0,422.0,0.0,45473.0,454.72999999999956,100.0,1000,0,1000,0.1881178329931572,961,0,0,0,0,0,0,0,0,0,0,0,0,0,2,2,35,1.0396811962127686,0.048656221479177475,1.9886293411254883,0.15904057025909424,0.020685000000000002
347,48982.0,49659.0,0.9863670230975251,11.0,0.011,0.0,0.0,11.0,0.011,38.0,45182.0,1651.0,149.0,0.0,45182.0,451.8200000000004,100.0,1000,0,1000,0.1875531249679625,962,0,0,0,0,0,0,0,1,0,0,1,0,0,0,1,35,0.8418748378753662,-0.009226233698427677,1.7092812061309814,0.17133761942386627,0.020658
348,50137.0,50175.0,0.9992426507224713,1.0,0.001,1.0,0.001,0.0,0.0,42.0,45937.0,1156.5625,643.4375,0.0,45937.0,459.3699999999999,100.0,1000,1,999,0.1906594589818269,958,0,0,0,0,1,0,1,0,0,0,0,0,1,0,2,37,0.5659323334693909,0.0010157314827665687,1.1362009048461914,0.15432202816009521,0.020631
349,50843.0,50930.0,0.9982917730217946,2.0,0.002,2.0,0.002,0.0,0.0,43.0,46543.0,1336.0,29.0,435.0,46543.0,465.4300000000002,100.0,1000,2,998,0.186597750056535,957,0,0,0,0,0,0,0,0,0,0,0,0,0,0,1,42,1.4487674236297607,0.1058620810508728,2.691617250442505,0.14090362191200256,0.020603999999999997
350,50819.0,51026.0,0.9959432446203896,5.0,0.005,3.0,0.003,2.0,0.002,42.0,46619.0,302.0,81.0,1417.0,46619.0,466.1899999999992,100.0,1000,3,997,0.18355179100763053,958,0,0,0,0,0,0,0,0,0,0,0,0,0,0,1,41,0.9319960474967957,0.002162545919418335,1.8666545152664185,0.16978883743286133,0.020576999999999998
351,49407.0,49407.0,1.0,0.0,0.0,0.0,0.0,0.0,0.0,41.0,45307.0,810.0,0.0,990.0,45307.0,453.0699999999998,100.0,1000,0,1000,0.18543179100379348,959,0,0,0,0,0,0,0,1,0,0,0,0,0,0,0,40,1.1263841390609741,0.004000153858214617,2.2502498626708984,0.1333782821893692,0.02055
352,50166.0,50425.0,0.9948636588993555,4.0,0.004,0.0,0.0,4.0,0.004,40.0,46166.0,985.38671875,814.61328125,0.0,46166.0,461.66000000000054,100.0,1000,0,1000,0.1849416249897331,960,0,0,0,0,0,0,0,1,1,0,1,0,0,0,2,35,1.5525591373443604,0.030988093465566635,3.0499141216278076,0.16498887538909912,0.020523
353,49336.0,49637.0,0.9939359751798054,6.0,0.006,2.0,0.002,4.0,0.004,41.0,45236.0,1177.0,623.0,0.0,45236.0,452.3600000000004,100.0,1000,2,998,0.18780537496786565,959,0,1,0,0,0,0,0,0,0,0,0,0,1,2,1,36,1.0234718322753906,0.04883575439453125,1.9557346105575562,0.15765178203582764,0.020496
354,49974.0,49974.0,1.0,0.0,0.0,0.0,0.0,0.0,0.0,39.0,46074.0,506.0,1294.0,0.0,46074.0,460.7399999999999,100.0,1000,0,1000,0.18500583397690207,961,0,0,0,0,0,0,0,0,0,0,0,0,0,0,1,38,0.4517437517642975,-0.011359432712197304,0.9328592419624329,0.16251172125339508,0.020469
355,47916.0,47999.0,0.9982707973082773,2.0,0.002,2.0,0.002,0.0,0.0,40.0,43916.0,982.0,818.0,0.0,43916.0,439.1600000000002,100.0,1000,2,998,0.18604991701431572,960,0,0,0,0,1,0,0,0,0,0,0,0,1,0,2,36,1.951112151145935,0.10514147579669952,3.7002909183502197,0.20423026382923126,0.020442000000000002
356,51616.0,51631.0,0.9997094768646744,1.0,0.001,1.0,0.001,0.0,0.0,47.0,46916.0,1479.0,91.0,230.0,46916.0,469.1600000000001,100.0,1000,1,999,0.18558933294843882,953,0,0,0,0,1,0,1,0,0,0,1,0,1,1,2,40,1.5707529783248901,0.04934392124414444,3.0513710975646973,0.20948010683059692,0.020415
357,48906.0,49042.0,0.9972268667672607,2.0,0.002,2.0,0.002,0.0,0.0,47.0,44206.0,1520.0,280.0,0.0,44206.0,442.0599999999997,100.0,1000,2,998,0.18734829092863947,953,0,0,0,0,0,0,0,0,0,0,0,0,1,0,4,42,1.3810635805130005,0.0558747872710228,2.6572721004486084,0.16908369958400726,0.020388
358,50063.0,50233.0,0.9966157705094261,3.0,0.003,2.0,0.002,1.0,0.001,44.0,45663.0,915.0,885.0,0.0,45663.0,456.63,100.0,1000,2,998,0.1857608340214938,956,0,0,0,0,0,0,0,0,0,0,0,0,0,1,2,41,0.8931926488876343,0.022779427468776703,1.747808575630188,0.17145627737045288,0.020360999999999997
359,49210.0,49259.0,0.9990052579224101,1.0,0.001,0.0,0.0,1.0,0.001,45.0,44710.0,1344.0,456.0,0.0,44710.0,447.0999999999989,100.0,1000,0,1000,0.1857338750269264,955,1,0,0,0,0,0,0,0,0,0,0,0,0,1,5,38,1.1190801858901978,-0.056091949343681335,2.3564016819000244,0.14895184338092804,0.020333999999999998
360,49797.0,50191.0,0.992149987049471,7.0,0.007,2.0,0.002,5.0,0.005,43.0,45497.0,1260.0,115.0,425.0,45497.0,454.9700000000003,100.0,1000,2,998,0.1869054160779342,957,0,0,0,0,0,0,0,0,0,0,0,0,1,1,2,39,1.0194748640060425,0.051319804042577744,1.942076563835144,0.14197757840156555,0.020307
361,50039.0,50441.0,0.992030292817351,6.0,0.006,2.0,0.002,4.0,0.004,43.0,45739.0,1437.0,363.0,0.0,45739.0,457.389999999999,100.0,1000,2,998,0.18478937505278736,957,0,0,0,0,0,0,0,0,0,0,1,0,1,1,0,40,0.7627434134483337,0.018541017547249794,1.494382381439209,0.14737862348556519,0.02028
362,50516.0,50828.0,0.9938616510584717,5.0,0.005,2.0,0.002,3.0,0.003,40.0,46516.0,766.0,1034.0,0.0,46516.0,465.1600000000001,100.0,1000,2,998,0.1866904170019552,960,0,1,0,0,0,0,0,1,0,0,1,0,0,0,2,35,0.20916515588760376,-0.14638184010982513,0.7209288477897644,0.24279959499835968,0.020253
363,49669.0,49936.0,0.9946531560397308,4.0,0.004,1.0,0.001,3.0,0.003,42.0,45469.0,625.0,220.3125,954.6875,45469.0,454.69000000000005,100.0,1000,1,999,0.18651141598820686,958,0,0,0,0,0,0,0,1,0,0,1,0,1,0,3,36,0.8925104141235352,0.030333828181028366,1.7339811325073242,0.2380082905292511,0.020226
364,48338.0,48442.0,0.997853102679493,2.0,0.002,2.0,0.002,0.0,0.0,47.0,43638.0,1518.0,282.0,0.0,43638.0,436.3800000000001,100.0,1000,2,998,0.18697991699445993,953,0,1,0,0,0,0,0,0,0,0,0,0,0,1,6,39,1.1074624061584473,0.028844788670539856,2.165205955505371,0.19730760157108307,0.020199
365,49781.0,49886.0,0.9978952010584132,3.0,0.003,2.0,0.002,1.0,0.001,52.0,44581.0,1559.0,29.125,211.875,44581.0,445.81000000000023,100.0,1000,2,998,0.1893135419813916,948,0,0,0,0,1,0,0,1,0,0,1,0,0,0,4,45,1.1558831930160522,-0.031776756048202515,2.3827364444732666,0.18383148312568665,0.020172
366,49753.0,49898.0,0.9970940719066896,3.0,0.003,3.0,0.003,0.0,0.0,47.0,45053.0,1620.0,180.0,0.0,45053.0,450.5299999999996,100.0,1000,3,997,0.18460804200731218,953,0,0,0,0,0,0,0,0,0,0,2,0,0,0,2,43,0.259193480014801,-0.018379874527454376,0.5615707635879517,0.15944530069828033,0.020145
367,50789.0,51067.0,0.9945561713043648,4.0,0.004,4.0,0.004,0.0,0.0,50.0,45789.0,1243.9375,556.0625,0.0,45789.0,457.8900000000001,100.0,1000,4,996,0.1857797910925001,950,0,0,0,0,0,0,0,0,0,0,2,0,1,2,2,43,1.3664612770080566,0.05645918846130371,2.62862491607666,0.21425506472587585,0.020117999999999997
368,48446.0,48492.0,0.9990513899199868,1.0,0.001,1.0,0.001,0.0,0.0,48.0,43646.0,1325.0,475.0,0.0,43646.0,436.4600000000002,100.0,1000,1,999,0.18570404197089374,952,0,0,0,0,0,0,0,0,0,0,0,0,0,0,3,45,0.2024291753768921,-0.12566421926021576,0.6639767289161682,0.1938665360212326,0.020090999999999998
369,49877.0,50103.0,0.9954892920583598,4.0,0.004,1.0,0.001,3.0,0.003,53.0,44577.0,1020.4375,779.5625,0.0,44577.0,445.7700000000001,100.0,1000,1,999,0.2724793340312317,947,0,0,0,0,1,0,0,1,0,0,0,0,2,1,2,46,0.785900890827179,-0.00196627713739872,1.5839049816131592,0.20361244678497314,0.020064
370,50487.0,50710.0,0.9956024452770657,3.0,0.003,1.0,0.001,2.0,0.002,55.0,44987.0,1547.125,103.0,149.875,44987.0,449.869999999999,100.0,1000,1,999,0.18767058290541172,945,1,0,1,0,0,0,0,0,0,0,0,0,0,2,4,47,0.5215688347816467,-0.05267413333058357,1.154587984085083,0.15226949751377106,0.020037
371,49529.0,49659.0,0.9973821462373387,3.0,0.003,0.0,0.0,3.0,0.003,50.0,44529.0,1504.0,0.0,296.0,44529.0,445.2899999999998,100.0,1000,0,1000,0.1867645839229226,950,0,1,0,0,0,1,0,1,1,0,1,0,0,2,3,40,1.0410141944885254,-0.006792831234633923,2.1039021015167236,0.20710034668445587,0.02001
372,50139.0,50282.0,0.9971560399347679,3.0,0.003,2.0,0.002,1.0,0.001,48.0,45339.0,1464.0,336.0,0.0,45339.0,453.38999999999925,100.0,1000,2,998,0.18537062499672174,952,0,0,0,0,0,0,0,0,0,0,0,1,1,0,3,43,0.5240392088890076,-0.0032301493920385838,1.060836911201477,0.1575894057750702,0.019983
373,49694.0,49950.0,0.9948748748748749,4.0,0.004,0.0,0.0,4.0,0.004,43.0,45394.0,853.0,71.0,876.0,45394.0,453.94000000000034,100.0,1000,0,1000,0.1866887080250308,957,0,1,0,0,0,0,0,0,0,0,0,0,0,0,2,40,1.1199936866760254,0.06279338896274567,2.1215922832489014,0.18018893897533417,0.019956
374,49593.0,49725.0,0.9973453996983409,3.0,0.003,0.0,0.0,3.0,0.003,50.0,44593.0,1331.875,468.125,0.0,44593.0,445.9300000000002,100.0,1000,0,1000,0.1840848330175504,950,0,0,0,0,0,0,0,4,0,0,0,0,0,0,4,42,0.5060866475105286,-0.030238522216677666,1.0808357000350952,0.205364391207695,0.019929
375,47661.0,47979.0,0.9933721002938786,4.0,0.004,1.0,0.001,3.0,0.003,49.0,42761.0,1307.0,152.0,341.0,42761.0,427.6100000000008,100.0,1000,1,999,0.18720866600051522,951,0,0,0,1,0,0,0,0,0,0,1,0,0,3,2,42,0.7918528914451599,0.013701031915843487,1.5625194311141968,0.1561567634344101,0.019902
376,48954.0,50331.0,0.9726411158133158,17.0,0.017,2.0,0.002,15.0,0.015,47.0,44254.0,1571.0,118.0,111.0,44254.0,442.5399999999995,100.0,1000,2,998,0.18613041704520583,953,0,0,1,0,0,1,0,1,0,0,0,0,3,0,5,36,1.2092448472976685,0.03168412670493126,2.364346742630005,0.23208218812942505,0.019874999999999997
377,50102.0,50455.0,0.9930036666336339,5.0,0.005,4.0,0.004,1.0,0.001,44.0,45702.0,847.0,38.0,915.0,45702.0,457.0200000000004,100.0,1000,4,996,0.1842964580282569,956,0,0,0,0,0,0,0,1,0,0,1,0,0,0,3,39,0.7630772590637207,-0.012761535122990608,1.5612879991531372,0.2421015501022339,0.019847999999999998
378,49640.0,49903.0,0.9947297757649841,5.0,0.005,1.0,0.001,4.0,0.004,46.0,45040.0,1136.0,664.0,0.0,45040.0,450.3999999999998,100.0,1000,1,999,0.1864809999242425,954,0,0,0,0,0,0,0,0,0,0,0,0,0,1,2,43,0.8753430247306824,0.04951893538236618,1.6604763269424438,0.22269843518733978,0.019821
379,49129.0,49715.0,0.9882128130342955,9.0,0.009,2.0,0.002,7.0,0.007,49.0,44229.0,1536.0,264.0,0.0,44229.0,442.28999999999877,100.0,1000,2,998,0.18447620794177055,951,0,1,0,0,0,0,0,1,0,0,2,0,1,0,4,40,0.9630711674690247,0.04674101620912552,1.8407723903656006,0.20491155982017517,0.019794
380,51702.0,51872.0,0.9967227020357804,4.0,0.004,4.0,0.004,0.0,0.0,47.0,47002.0,1628.0,172.0,0.0,47002.0,470.0200000000004,100.0,1000,4,996,0.18651041702833027,953,0,0,0,0,0,0,0,0,0,1,1,0,0,1,3,41,1.0067888498306274,0.027670128270983696,1.9665346145629883,0.20987658202648163,0.019767
381,49402.0,49616.0,0.9956868752015479,4.0,0.004,3.0,0.003,1.0,0.001,51.0,44302.0,1312.0,488.0,0.0,44302.0,443.0199999999992,100.0,1000,3,997,0.1870943329995498,949,0,0,0,0,0,1,0,0,1,0,0,0,0,0,4,45,0.7433208227157593,-0.08664875477552414,1.66713547706604,0.18227729201316833,0.01974
382,49896.0,49948.0,0.9989589172739649,2.0,0.002,2.0,0.002,0.0,0.0,49.0,44996.0,1655.0,145.0,0.0,44996.0,449.96,100.0,1000,2,998,0.18532020901329815,951,0,0,0,0,0,0,0,0,0,0,0,0,0,1,1,47,0.9822525978088379,-0.09200551360845566,2.155395030975342,0.17447571456432343,0.019713
383,49585.0,49768.0,0.9963229384343353,4.0,0.004,4.0,0.004,0.0,0.0,49.0,44685.0,1449.3359375,350.6640625,0.0,44685.0,446.84999999999985,100.0,1000,4,996,0.18625429109670222,951,0,1,0,0,0,0,0,0,0,0,1,0,1,1,4,41,0.8660734295845032,0.015848975628614426,1.707144021987915,0.17004984617233276,0.019686
384,49323.0,49393.0,0.9985827951329136,1.0,0.001,0.0,0.0,1.0,0.001,50.0,44323.0,1712.0,88.0,0.0,44323.0,443.2299999999994,100.0,1000,0,1000,0.18518125009723008,950,0,1,0,0,1,0,0,0,0,0,2,0,0,0,0,46,1.190264344215393,0.01862504705786705,2.349198341369629,0.15055672824382782,0.019659
385,50578.0,50688.0,0.9978298611111112,3.0,0.003,3.0,0.003,0.0,0.0,49.0,45678.0,1090.0,83.0,627.0,45678.0,456.7800000000003,100.0,1000,3,997,0.18542016693390906,951,0,1,0,0,0,0,1,0,0,0,1,0,1,0,0,45,1.185719609260559,0.08251141011714935,2.2135653495788574,0.18207207322120667,0.019631999999999997
386,49819.0,49941.0,0.9975571173985303,3.0,0.003,3.0,0.003,0.0,0.0,46.0,45219.0,1434.0,366.0,0.0,45219.0,452.18999999999994,100.0,1000,3,997,0.18668979196809232,954,0,0,0,0,0,0,0,0,0,0,4,0,0,0,5,37,0.895507276058197,0.04672951623797417,1.7037540674209595,0.15808624029159546,0.019604999999999997
387,49758.0,49988.0,0.9953988957349764,4.0,0.004,2.0,0.002,2.0,0.002,47.0,45058.0,931.0,38.0,831.0,45058.0,450.57999999999953,100.0,1000,2,998,0.1843684579944238,953,0,0,1,0,1,0,0,4,0,0,0,0,0,2,4,35,0.5193045139312744,-0.1254628449678421,1.2970190048217773,0.19113978743553162,0.019577999999999998
388,51860.0,52631.0,0.9853508388592275,12.0,0.012,2.0,0.002,10.0,0.01,46.0,47260.0,1376.0,424.0,0.0,47260.0,472.60000000000014,100.0,1000,2,998,0.18520916695706546,954,0,0,0,0,0,0,0,0,0,0,0,0,1,0,5,40,1.1665306091308594,0.03122887574136257,2.2779598236083984,0.1881352961063385,0.019551
389,51218.0,51659.0,0.9914632493853927,5.0,0.005,2.0,0.002,3.0,0.003,45.0,46718.0,1505.0,295.0,0.0,46718.0,467.1800000000014,100.0,1000,2,998,0.18567887507379055,955,0,0,0,0,0,1,1,0,0,0,1,0,0,1,4,37,0.8751641511917114,0.03751915320754051,1.681357502937317,0.1553855538368225,0.019524
390,49028.0,49305.0,0.9943819085285468,6.0,0.006,0.0,0.0,6.0,0.006,43.0,44728.0,1486.0,314.0,0.0,44728.0,447.28,100.0,1000,0,1000,0.18666729202959687,957,0,0,0,0,0,0,0,0,0,0,0,0,0,0,3,40,0.6761347055435181,0.007243574596941471,1.3452889919281006,0.19251009821891785,0.019497
391,49507.0,49890.0,0.9923231108438565,5.0,0.005,3.0,0.003,2.0,0.002,45.0,45007.0,962.0,838.0,0.0,45007.0,450.0699999999998,100.0,1000,3,997,0.18593345896806568,955,0,0,1,0,0,0,0,1,0,1,1,0,0,2,1,38,1.2182585000991821,0.032041020691394806,2.3789124488830566,0.16634801030158997,0.01947
392,51871.0,52300.0,0.9917973231357553,4.0,0.004,1.0,0.001,3.0,0.003,44.0,47471.0,1444.0,356.0,0.0,47471.0,474.7099999999993,100.0,1000,1,999,0.18561058398336172,956,0,0,0,0,1,0,0,0,0,0,2,0,0,1,4,36,1.1416783332824707,0.03418891131877899,2.2220475673675537,0.18177956342697144,0.019443
393,49792.0,49897.0,0.9978956650700443,3.0,0.003,0.0,0.0,3.0,0.003,45.0,45292.0,1643.0,157.0,0.0,45292.0,452.91999999999973,100.0,1000,0,1000,0.18535179109312594,955,0,1,0,0,1,0,0,2,0,0,0,0,0,1,2,38,1.1641485691070557,-0.008331825025379658,2.3513588905334473,0.164764404296875,0.019416
394,48862.0,49373.0,0.9896502136795414,10.0,0.01,2.0,0.002,8.0,0.008,41.0,44762.0,616.703125,275.4931640625,907.8037109375,44762.0,447.62000000000035,100.0,1000,2,998,0.18659170798491687,959,0,0,3,0,0,0,0,1,0,1,0,0,1,1,5,29,0.2953508198261261,-0.04995870217680931,0.6997657418251038,0.2358725219964981,0.019388999999999997
395,50017.0,50126.0,0.9978254797909268,2.0,0.002,1.0,0.001,1.0,0.001,50.0,45017.0,1683.0,0.0,117.0,45017.0,450.1699999999984,100.0,1000,1,999,0.18470550002530217,950,2,0,0,0,0,0,0,0,0,0,0,1,0,5,8,34,1.1428858041763306,0.01631232351064682,2.2583134174346924,0.13341908156871796,0.019361999999999997
396,50157.0,50191.0,0.999322587714929,1.0,0.001,1.0,0.001,0.0,0.0,48.0,45357.0,1598.0,202.0,0.0,45357.0,453.5700000000001,100.0,1000,1,999,0.18466770800296217,952,0,0,0,1,0,0,0,1,0,0,1,0,0,2,5,38,1.312622308731079,0.07148583978414536,2.4885427951812744,0.16213828325271606,0.019334999999999998
397,49945.0,50079.0,0.9973242277202021,2.0,0.002,0.0,0.0,2.0,0.002,44.0,45545.0,1032.0,191.375,576.625,45545.0,455.4499999999998,100.0,1000,0,1000,0.18496804195456207,956,0,0,0,0,0,0,0,0,0,0,0,0,1,2,4,37,0.5151283740997314,0.010027659125626087,1.017040729522705,0.177109032869339,0.019308
398,50688.0,51442.0,0.9853427160685821,12.0,0.012,1.0,0.001,11.0,0.011,41.0,46588.0,1637.0,163.0,0.0,46588.0,465.87999999999914,100.0,1000,1,999,0.18742391699925065,959,0,0,0,0,1,1,0,0,0,0,0,0,1,1,5,32,0.9866738319396973,-0.023752529174089432,2.028658866882324,0.20243136584758759,0.019281
399,49700.0,49903.0,0.9959321082900827,3.0,0.003,1.0,0.001,2.0,0.002,42.0,45500.0,1085.0,0.0,715.0,45500.0,454.9999999999992,100.0,1000,1,999,0.18597504205536097,958,0,0,0,0,0,0,0,0,0,0,0,0,0,0,2,40,1.2973538637161255,0.07020629197359085,2.4608938694000244,0.17135663330554962,0.019254
400,52692.0,52965.0,0.994845652789578,2.0,0.002,0.0,0.0,2.0,0.002,43.0,48392.0,983.0,0.0,817.0,48392.0,483.92000000000047,100.0,1000,0,1000,0.18509058293420821,957,0,0,0,0,0,1,0,0,0,0,0,0,0,2,4,36,1.6657660007476807,0.034442853182554245,3.270233154296875,0.19729985296726227,0.019227
401,50387.0,50803.0,0.991811507194457,5.0,0.005,1.0,0.001,4.0,0.004,42.0,46187.0,1343.229736328125,456.770263671875,0.0,46187.0,461.8700000000001,100.0,1000,1,999,0.1867630829801783,958,0,0,0,0,0,0,0,0,0,0,1,0,1,0,3,37,1.398821473121643,0.0881156325340271,2.6287972927093506,0.19233311712741852,0.0192
402,51235.0,51311.0,0.998518836117012,2.0,0.002,2.0,0.002,0.0,0.0,44.0,46835.0,943.0,857.0,0.0,46835.0,468.3499999999995,100.0,1000,2,998,0.1860987920081243,956,0,0,0,0,1,0,0,0,1,1,0,0,1,0,4,36,0.8224031329154968,0.005911651998758316,1.6408555507659912,0.20530399680137634,0.019173
403,50355.0,50534.0,0.9964578303716309,3.0,0.003,2.0,0.002,1.0,0.001,44.0,45955.0,815.0,62.0,923.0,45955.0,459.55,100.0,1000,2,998,0.18700783303938806,956,0,0,0,0,0,0,0,0,1,0,0,1,0,0,3,39,1.0146745443344116,0.05397764593362808,1.926995873451233,0.14630213379859924,0.019145999999999996
404,50205.0,50348.0,0.9971597680146183,2.0,0.002,0.0,0.0,2.0,0.002,42.0,46005.0,991.75,808.25,0.0,46005.0,460.0499999999998,100.0,1000,0,1000,0.18777508300263435,958,0,0,1,1,1,0,0,0,0,1,0,0,1,1,6,30,0.6779299974441528,-0.01513275783509016,1.393797516822815,0.20063798129558563,0.019118999999999997
405,49390.0,49754.0,0.992684005306106,3.0,0.003,1.0,0.001,2.0,0.002,40.0,45390.0,322.0,0.0,1478.0,45390.0,453.8999999999998,100.0,1000,1,999,0.18618858302943408,960,0,0,0,0,0,0,0,0,0,0,0,0,0,2,4,34,0.4271836578845978,0.03311299532651901,0.7962132692337036,0.21139582991600037,0.019091999999999998
406,49179.0,49253.0,0.9984975534485209,2.0,0.002,1.0,0.001,1.0,0.001,49.0,44279.0,1435.0,365.0,0.0,44279.0,442.78999999999996,100.0,1000,1,999,0.18674920802004635,951,0,1,2,0,0,0,0,2,0,0,1,0,1,1,2,39,0.8814532160758972,0.03284973278641701,1.7044802904129028,0.1907491236925125,0.019065
407,49901.0,50050.0,0.997022977022977,3.0,0.003,1.0,0.001,2.0,0.002,45.0,45401.0,1391.03515625,0.0,408.96484375,45401.0,454.01000000000005,100.0,1000,1,999,0.18501183309126645,955,0,0,2,0,0,0,0,0,0,0,0,0,2,1,7,33,0.9521515369415283,0.0005003290716558695,1.9106321334838867,0.19250112771987915,0.019038
408,49415.0,49486.0,0.9985652507779978,2.0,0.002,2.0,0.002,0.0,0.0,48.0,44615.0,1691.0,0.0,109.0,44615.0,446.15000000000026,100.0,1000,2,998,0.18537929200101644,952,0,0,0,0,1,0,0,0,1,0,0,0,1,1,4,40,0.3954524099826813,-0.08945415169000626,0.9763937592506409,0.17307470738887787,0.019011
409,48912.0,49526.0,0.9876024714291484,11.0,0.011,0.0,0.0,11.0,0.011,46.0,44312.0,1152.0,648.0,0.0,44312.0,443.1200000000002,100.0,1000,0,1000,0.18484845804050565,954,0,1,1,1,2,0,0,0,0,0,1,0,1,1,5,33,0.6438518166542053,-0.0171872079372406,1.3289257287979126,0.1803560107946396,0.018984
410,50726.0,51342.0,0.9880020256320361,8.0,0.008,2.0,0.002,6.0,0.006,45.0,46226.0,1194.0,0.0,606.0,46226.0,462.2600000000006,100.0,1000,2,998,0.18745333410333842,955,0,0,0,0,0,1,0,2,0,0,0,0,1,2,3,36,0.8815280795097351,-0.03896443545818329,1.8482460975646973,0.1915125995874405,0.018957
411,49339.0,49559.0,0.9955608466676084,4.0,0.004,1.0,0.001,3.0,0.003,41.0,45239.0,1280.0,520.0,0.0,45239.0,452.39000000000004,100.0,1000,1,999,0.185220375075005,959,0,0,1,0,0,0,0,0,0,0,0,0,0,4,9,27,1.2933485507965088,0.07849693298339844,2.437978744506836,0.21858154237270355,0.01893
412,48360.0,48873.0,0.9895034067890246,6.0,0.006,0.0,0.0,6.0,0.006,46.0,43760.0,1640.03515625,159.96484375,0.0,43760.0,437.5999999999999,100.0,1000,0,1000,0.18834779097232968,954,0,0,3,0,0,0,0,0,0,0,0,1,0,4,15,23,0.7438810467720032,-0.0957958847284317,1.6869338750839233,0.20049725472927094,0.018903
413,49843.0,50086.0,0.9951483448468634,5.0,0.005,0.0,0.0,5.0,0.005,45.0,45343.0,934.0,54.125,811.875,45343.0,453.43000000000006,100.0,1000,0,1000,0.1883973339572549,955,1,0,0,0,2,0,0,0,0,0,0,0,0,6,6,30,0.9052023887634277,0.0055620260536670685,1.8077048063278198,0.2231408953666687,0.018876
414,50315.0,50656.0,0.9932683196462413,6.0,0.006,1.0,0.001,5.0,0.005,49.0,45415.0,1439.7421875,289.693359375,70.564453125,45415.0,454.15000000000015,100.0,1000,1,999,0.1901191659271717,951,0,0,0,1,4,0,0,2,0,0,1,0,0,9,8,24,0.7988152503967285,0.04493337124586105,1.5160616636276245,0.22011569142341614,0.018848999999999998
415,49394.0,49770.0,0.9924452481414506,8.0,0.008,1.0,0.001,7.0,0.007,45.0,44894.0,1333.0,467.0,0.0,44894.0,448.9400000000001,100.0,1000,1,999,0.18861041695345193,955,1,1,1,0,2,1,0,0,0,0,0,0,1,3,2,33,0.7124230861663818,-0.013023226521909237,1.4584912061691284,0.20185554027557373,0.018822
416,49799.0,50230.0,0.9914194704359944,6.0,0.006,1.0,0.001,5.0,0.005,52.0,44599.0,1612.0,188.0,0.0,44599.0,445.9899999999996,100.0,1000,1,999,0.1875283750705421,948,1,0,1,0,2,0,0,0,0,0,1,0,0,7,8,32,0.494251549243927,-0.08767794817686081,1.1703729629516602,0.17328892648220062,0.018795
417,49168.0,49928.0,0.9847780804358276,14.0,0.014,1.0,0.001,13.0,0.013,51.0,44068.0,1536.0,0.0,264.0,44068.0,440.6800000000002,100.0,1000,1,999,0.18909912498202175,949,0,1,0,0,1,0,0,0,0,0,1,0,0,6,12,30,0.31282833218574524,-0.04002581909298897,0.7154483795166016,0.2594851553440094,0.018768
418,49170.0,49536.0,0.9926114341085271,7.0,0.007,3.0,0.003,4.0,0.004,50.0,44170.0,1467.0,65.8125,267.1875,44170.0,441.7000000000003,100.0,1000,3,997,0.18575733399484307,950,0,0,0,0,1,2,0,0,1,0,1,0,1,7,6,31,1.2297654151916504,0.09757651388645172,2.2739975452423096,0.2566472291946411,0.018741
419,50220.0,50702.0,0.9904934716579228,8.0,0.008,3.0,0.003,5.0,0.005,49.0,45320.0,1430.0,370.0,0.0,45320.0,453.2000000000006,100.0,1000,3,997,0.18551724997814745,951,0,1,0,0,1,0,1,2,1,0,0,0,2,6,7,28,1.1450917720794678,0.1314174085855484,2.034818172454834,0.19957059621810913,0.018714
420,50952.0,51472.0,0.9898974199564812,12.0,0.012,2.0,0.002,10.0,0.01,57.0,45252.0,1679.5,62.0,58.5,45252.0,452.52000000000044,100.0,1000,2,998,0.18669966596644372,943,1,0,1,0,0,0,0,3,2,0,0,0,2,9,7,32,0.4688495099544525,-0.043237991631031036,1.0324184894561768,0.22056829929351807,0.018687
421,48388.0,49051.0,0.9864834559947809,12.0,0.012,3.0,0.003,9.0,0.009,53.0,43088.0,1561.0,4.5625,234.4375,43088.0,430.8799999999999,100.0,1000,3,997,0.18535279191564769,947,0,1,1,1,1,0,0,1,1,0,0,2,1,6,4,34,0.4237186312675476,-0.026509964838624,0.9078289270401001,0.19752737879753113,0.01866
422,49091.0,49286.0,0.9960435011970945,3.0,0.003,1.0,0.001,2.0,0.002,48.0,44291.0,1577.0,223.0,0.0,44291.0,442.9099999999996,100.0,1000,1,999,0.18621504202019423,952,0,0,0,0,1,0,0,2,0,0,1,2,2,2,4,34,0.4917382001876831,-0.05186677724123001,1.0959993600845337,0.23585553467273712,0.018633
423,49691.0,49871.0,0.9963906879749754,3.0,0.003,0.0,0.0,3.0,0.003,53.0,44391.0,1553.59375,164.615234375,81.791015625,44391.0,443.90999999999974,100.0,1000,0,1000,0.1851626249263063,947,0,0,1,0,0,0,0,2,1,1,2,1,2,1,8,34,0.806530237197876,0.002392382360994816,1.616892695426941,0.23156465590000153,0.018605999999999998
424,49268.0,49501.0,0.9952930243833458,4.0,0.004,2.0,0.002,2.0,0.002,50.0,44268.0,1095.0,660.9375,44.0625,44268.0,442.67999999999944,100.0,1000,2,998,0.18626504205167294,950,1,0,1,0,1,0,0,2,1,1,2,1,0,6,5,29,0.9047879576683044,0.004854411818087101,1.8077510595321655,0.21217462420463562,0.018579
425,49483.0,49913.0,0.991385009917256,6.0,0.006,2.0,0.002,4.0,0.004,50.0,44483.0,1498.1875,37.7265625,264.0859375,44483.0,444.82999999999925,100.0,1000,2,998,0.18828204192686826,950,0,0,1,0,2,0,0,0,0,0,1,1,3,5,7,30,0.44904205203056335,-0.034435637295246124,0.9742692112922668,0.19711676239967346,0.018552
426,51473.0,52035.0,0.9891995772076487,3.0,0.003,2.0,0.002,1.0,0.001,51.0,46373.0,1533.0,267.0,0.0,46373.0,463.7299999999996,100.0,1000,2,998,0.18512258306145668,949,0,0,0,0,1,0,1,1,0,2,1,2,0,5,7,31,0.5202414989471436,-0.1011299192905426,1.24908447265625,0.17116431891918182,0.018525
427,49463.0,49794.0,0.9933526127645901,6.0,0.006,3.0,0.003,3.0,0.003,45.0,44963.0,1258.50390625,69.375,472.12109375,44963.0,449.6299999999999,100.0,1000,3,997,0.18686008302029222,955,1,0,0,0,1,1,1,2,1,1,1,1,0,6,5,24,0.8566995859146118,-0.020933303982019424,1.7654954195022583,0.2765045762062073,0.018498
428,49558.0,49637.0,0.9984084453129721,2.0,0.002,2.0,0.002,0.0,0.0,54.0,44158.0,1674.0,126.0,0.0,44158.0,441.5799999999996,100.0,1000,2,998,0.18531154096126556,946,0,1,0,1,3,1,2,0,0,0,1,1,3,4,4,33,0.5507357120513916,0.016670536249876022,1.0757901668548584,0.20734688639640808,0.018471
429,49478.0,49841.0,0.9927168395497683,5.0,0.005,2.0,0.002,3.0,0.003,48.0,44678.0,1561.0,239.0,0.0,44678.0,446.77999999999906,100.0,1000,2,998,0.18721079104579985,952,1,0,0,0,4,0,1,0,0,1,0,0,1,6,4,30,0.7061043381690979,0.01420220173895359,1.3917059898376465,0.21420781314373016,0.018444
430,50007.0,50078.0,0.9985822117496705,1.0,0.001,0.0,0.0,1.0,0.001,47.0,45307.0,1600.5625,199.4375,0.0,45307.0,453.07000000000045,100.0,1000,0,1000,0.18509879196062684,953,0,0,3,0,1,0,0,0,0,0,1,0,1,5,7,29,0.5173757672309875,-0.03538496792316437,1.1127840280532837,0.1971701979637146,0.018417
431,49807.0,49911.0,0.9979162909979764,2.0,0.002,1.0,0.001,1.0,0.001,53.0,44507.0,1459.54052734375,340.45947265625,0.0,44507.0,445.06999999999977,100.0,1000,1,999,0.20296512497588992,947,0,1,0,0,2,0,0,2,3,1,0,3,1,8,5,27,0.48527535796165466,0.05269034206867218,0.8724210262298584,0.1971445083618164,0.018389999999999997
432,49152.0,49236.0,0.9982939312698026,1.0,0.001,0.0,0.0,1.0,0.001,52.0,43952.0,1431.8643798828125,75.0,293.1356201171875,43952.0,439.5199999999999,100.0,1000,0,1000,0.18499137507751584,948,0,2,1,0,2,1,0,0,3,1,0,0,0,14,1,27,0.9946116209030151,-0.01882934756577015,2.0377519130706787,0.2959754467010498,0.018362999999999997
433,49686.0,49740.0,0.9989143546441496,1.0,0.001,1.0,0.001,0.0,0.0,51.0,44586.0,1468.75,331.25,0.0,44586.0,445.86000000000035,100.0,1000,1,999,0.1865261250641197,949,0,0,2,0,2,0,0,0,1,1,1,2,0,14,2,26,0.8579861521720886,0.08526650071144104,1.552125334739685,0.1823207288980484,0.018335999999999998
434,50486.0,50630.0,0.9971558364605965,3.0,0.003,2.0,0.002,1.0,0.001,47.0,45786.0,1403.5,198.25,198.25,45786.0,457.8599999999996,100.0,1000,2,998,0.18486745795235038,953,0,0,0,0,1,0,0,3,1,1,0,1,1,8,1,30,0.3006161153316498,-0.026961877942085266,0.6649432182312012,0.2672795057296753,0.018309
435,50611.0,50611.0,1.0,0.0,0.0,0.0,0.0,0.0,0.0,52.0,45411.0,1566.666015625,197.9171142578125,35.4168701171875,45411.0,454.10999999999996,100.0,1000,0,1000,0.18500275001861155,948,0,0,0,1,4,0,0,0,1,0,3,1,1,8,5,28,0.4735089838504791,-0.03733648359775543,1.0295506715774536,0.21495983004570007,0.018282
436,49756.0,49802.0,0.9990763423155696,1.0,0.001,1.0,0.001,0.0,0.0,57.0,44056.0,1328.5,471.5,0.0,44056.0,440.5600000000003,100.0,1000,1,999,0.18802587501704693,943,0,1,0,0,1,2,0,2,0,1,2,5,0,7,4,32,0.867231547832489,0.11624259501695633,1.509833574295044,0.2151639312505722,0.018255
437,50740.0,50808.0,0.9986616280900645,2.0,0.002,2.0,0.002,0.0,0.0,54.0,45340.0,1276.7259521484375,281.5685119628906,241.70553588867188,45340.0,453.39999999999907,100.0,1000,2,998,0.18729008303489536,946,0,0,0,0,2,1,1,1,0,0,0,6,1,13,5,24,0.6859796047210693,0.03798659145832062,1.3040971755981445,0.2224900871515274,0.018228
438,50314.0,50456.0,0.997185666719518,4.0,0.004,2.0,0.002,2.0,0.002,49.0,45414.0,1275.1875,65.6015625,459.2109375,45414.0,454.1399999999994,100.0,1000,2,998,0.1844490000512451,951,0,0,2,0,0,0,1,0,0,0,0,4,2,7,4,29,1.1977207660675049,0.03460743650794029,2.3338139057159424,0.2084307074546814,0.018201
439,49504.0,49673.0,0.9965977492802931,5.0,0.005,5.0,0.005,0.0,0.0,52.0,44304.0,1475.25,324.75,0.0,44304.0,443.0400000000003,100.0,1000,5,995,0.1838338749948889,948,0,0,0,0,3,0,0,0,1,1,0,4,1,6,9,27,0.5909415483474731,-0.03310589864850044,1.2548799514770508,0.186669260263443,0.018174
440,48876.0,49184.0,0.9937378009108653,3.0,0.003,0.0,0.0,3.0,0.003,44.0,44476.0,1525.0,275.0,0.0,44476.0,444.7599999999986,100.0,1000,0,1000,0.18444125005044043,956,0,0,0,0,0,2,1,1,0,0,0,0,0,2,5,33,0.7410258650779724,-0.01538001373410225,1.5213779211044312,0.23602163791656494,0.018146999999999996
441,50990.0,51149.0,0.9968914348276604,3.0,0.003,1.0,0.001,2.0,0.002,55.0,45490.0,1642.0,60.5,97.5,45490.0,454.89999999999964,100.0,1000,1,999,0.18945829197764397,945,0,0,2,0,3,0,1,0,1,1,0,2,1,10,7,27,0.6708397269248962,-0.026722513139247894,1.4043635129928589,0.2549402713775635,0.018119999999999997
442,48470.0,48542.0,0.9985167483828438,2.0,0.002,2.0,0.002,0.0,0.0,58.0,42670.0,1184.9423828125,389.71990966796875,225.33770751953125,42670.0,426.70000000000016,100.0,1000,2,998,0.18665308400522918,942,0,0,3,0,1,0,1,1,0,2,0,7,0,9,5,29,0.6188026666641235,0.0015713726170361042,1.2419861555099487,0.20791159570217133,0.018092999999999998
443,50707.0,50802.0,0.9981299948820913,2.0,0.002,1.0,0.001,1.0,0.001,49.0,45807.0,1104.28125,70.0,625.71875,45807.0,458.0699999999995,100.0,1000,1,999,0.18630575004499406,951,0,0,1,0,0,0,0,1,0,0,0,3,0,10,2,32,0.5676721334457397,-0.010281771421432495,1.1640583276748657,0.22557906806468964,0.018066
444,49278.0,49681.0,0.9918882470159618,8.0,0.008,4.0,0.004,4.0,0.004,48.0,44478.0,1441.0,359.0,0.0,44478.0,444.77999999999975,100.0,1000,4,996,0.18694295804016292,952,3,0,0,0,1,0,0,1,0,2,1,2,1,6,5,26,0.3221699297428131,-0.0034600680228322744,0.6609211564064026,0.2677840292453766,0.018039
445,47463.0,47747.0,0.9940519823234968,2.0,0.002,1.0,0.001,1.0,0.001,48.0,42663.0,1673.0,127.0,0.0,42663.0,426.6300000000007,100.0,1000,1,999,0.1869173749582842,952,0,0,1,0,1,0,0,0,0,0,2,6,0,8,2,28,1.0571348667144775,0.08001305162906647,1.9650014638900757,0.2986300587654114,0.018012
446,49483.0,49711.0,0.9954134899720384,4.0,0.004,3.0,0.003,1.0,0.001,48.0,44683.0,928.219970703125,39.899375915527344,831.8806533813477,44683.0,446.83000000000027,100.0,1000,3,997,0.18420083390083164,952,0,1,0,0,1,0,0,0,0,0,1,5,2,7,3,28,0.24413490295410156,-0.014778424985706806,0.5258833169937134,0.22398309409618378,0.017985
447,48348.0,49032.0,0.9860499265785609,6.0,0.006,1.0,0.001,5.0,0.005,45.0,43848.0,1332.3984375,467.6015625,0.0,43848.0,438.4800000000001,100.0,1000,1,999,0.18447674997150898,955,0,0,0,0,0,0,0,2,0,0,1,5,1,6,6,24,0.42033323645591736,-0.058439310640096664,0.9655494689941406,0.22286345064640045,0.017958
448,49524.0,50342.0,0.983751142187438,12.0,0.012,2.0,0.002,10.0,0.01,50.0,44524.0,1463.0625,48.0,288.9375,44524.0,445.24000000000007,100.0,1000,2,998,0.1860127910040319,950,0,0,1,0,2,2,0,3,0,0,0,3,0,7,12,20,0.6261802911758423,-0.0877256989479065,1.4366759061813354,0.24716831743717194,0.017931
449,49576.0,49672.0,0.9980673216298921,2.0,0.002,2.0,0.002,0.0,0.0,45.0,45076.0,1438.0,45.25,316.75,45076.0,450.7599999999999,100.0,1000,2,998,0.18554129207041115,955,0,0,2,0,1,0,0,0,0,2,1,1,0,9,6,23,0.40739351511001587,-0.04567556455731392,0.9159247279167175,0.2733059227466583,0.017903999999999996
450,50847.0,50915.0,0.9986644407345576,1.0,0.001,1.0,0.001,0.0,0.0,50.0,45847.0,1414.9947572909296,385.00524270907044,0.0,45847.0,458.46999999999923,100.0,1000,1,999,0.18900008394848555,950,0,0,1,0,5,2,0,0,0,2,1,2,0,7,5,25,0.767764687538147,0.015912001952528954,1.5127078294754028,0.2517896592617035,0.017876999999999997
451,49492.0,49562.0,0.9985876276179331,2.0,0.002,2.0,0.002,0.0,0.0,50.0,44492.0,1599.0,201.0,0.0,44492.0,444.91999999999996,100.0,1000,2,998,0.1870455420576036,950,0,0,2,0,1,1,1,2,0,1,0,2,0,3,2,35,1.0157313346862793,0.016372181475162506,2.0067577362060547,0.22519810497760773,0.017849999999999998
452,48873.0,48945.0,0.9985289610787619,1.0,0.001,1.0,0.001,0.0,0.0,49.0,43973.0,1478.46875,321.53125,0.0,43973.0,439.7299999999999,100.0,1000,1,999,0.18541379203088582,951,0,1,0,0,4,0,0,0,0,0,0,3,0,7,5,29,0.6617369055747986,0.014550494961440563,1.3003590106964111,0.16793423891067505,0.017823
453,51374.0,51482.0,0.9979021794025096,2.0,0.002,1.0,0.001,1.0,0.001,48.0,46574.0,982.5284423828125,817.4715576171875,0.0,46574.0,465.7400000000008,100.0,1000,1,999,0.1849097500089556,952,0,0,2,0,2,0,0,2,0,0,2,3,0,5,7,25,0.9609718918800354,0.05631021410226822,1.81717050075531,0.22047680616378784,0.017796
454,49908.0,50185.0,0.9944804224369832,3.0,0.003,1.0,0.001,2.0,0.002,50.0,44908.0,1335.912109375,23.98883819580078,440.0990524291992,44908.0,449.08000000000044,100.0,1000,1,999,0.18948958301916718,950,0,1,2,0,0,0,0,1,1,2,0,4,0,8,5,26,0.9599819183349609,-0.026755228638648987,1.979988932609558,0.18331469595432281,0.017769
455,50411.0,50880.0,0.9907822327044025,8.0,0.008,4.0,0.004,4.0,0.004,46.0,45811.0,1123.5625,676.4375,0.0,45811.0,458.1099999999999,100.0,1000,4,996,0.18589637498371303,954,0,0,2,0,2,0,0,2,0,2,0,1,3,9,3,22,0.9583824872970581,-0.017796656116843224,1.961409091949463,0.2550696134567261,0.017742
456,50138.0,50462.0,0.9935793270183504,4.0,0.004,2.0,0.002,2.0,0.002,45.0,45638.0,1331.846188545227,468.15381145477295,0.0,45638.0,456.3799999999997,100.0,1000,2,998,0.18483895808458328,955,2,0,0,0,1,0,0,1,0,1,2,2,0,7,6,23,0.47137150168418884,0.008039425127208233,0.9346655011177063,0.22583432495594025,0.017714999999999998
457,50209.0,50248.0,0.999223849705461,1.0,0.001,0.0,0.0,1.0,0.001,51.0,45109.0,1529.5,0.0,270.5,45109.0,451.0899999999989,100.0,1000,0,1000,0.18547283299267292,949,0,0,0,0,5,0,0,1,0,1,0,1,1,8,4,30,0.6366630792617798,-0.04567261040210724,1.3721003532409668,0.21000108122825623,0.017688
458,48573.0,48940.0,0.9925010216591745,6.0,0.006,1.0,0.001,5.0,0.005,51.0,43473.0,1624.0,176.0,0.0,43473.0,434.73000000000053,100.0,1000,1,999,0.18472779099829495,949,0,0,0,0,4,1,0,3,1,4,1,4,1,8,0,24,0.5654754638671875,-0.024341639131307602,1.1871787309646606,0.21359404921531677,0.017660999999999996
459,50277.0,50495.0,0.9956827408654322,4.0,0.004,1.0,0.001,3.0,0.003,51.0,45177.0,1430.640625,253.9345703125,115.4248046875,45177.0,451.7699999999994,100.0,1000,1,999,0.1864077920326963,949,0,0,1,0,4,1,0,0,1,0,1,4,0,8,8,23,0.30723246932029724,0.0016107584815472364,0.6190094947814941,0.22020211815834045,0.017633999999999997
460,47182.0,47862.0,0.9857924867326898,12.0,0.012,3.0,0.003,9.0,0.009,43.0,42882.0,1318.4370756149292,481.5629243850708,0.0,42882.0,428.8199999999999,100.0,1000,3,997,0.1862721669021994,957,0,0,0,0,0,0,0,2,0,1,0,8,1,3,2,26,0.7120471596717834,0.019692949950695038,1.3932753801345825,0.24328474700450897,0.017606999999999998
461,49381.0,50209.0,0.983508932661475,13.0,0.013,3.0,0.003,10.0,0.01,46.0,44781.0,1398.495771465823,188.12605713354424,213.3781714006327,44781.0,447.80999999999955,100.0,1000,3,997,0.18566316703800112,954,0,0,0,0,2,0,1,0,0,5,1,4,0,6,4,23,0.8974565267562866,0.04023553431034088,1.725380778312683,0.3111148774623871,0.01758
462,50061.0,50298.0,0.99528808302517,3.0,0.003,1.0,0.001,2.0,0.002,55.0,44561.0,1530.0,270.0,0.0,44561.0,445.60999999999996,100.0,1000,1,999,0.1867354999994859,945,2,0,0,1,1,2,1,0,0,4,0,4,1,3,7,29,0.5665083527565002,-0.005747647024691105,1.1515071392059326,0.199257031083107,0.017553
463,51737.0,51785.0,0.9990730906633195,1.0,0.001,1.0,0.001,0.0,0.0,47.0,47037.0,1631.0,52.8125,116.1875,47037.0,470.3700000000003,100.0,1000,1,999,0.18371904199011624,953,0,0,1,0,0,0,0,1,0,0,1,4,0,3,4,33,1.0203709602355957,0.005002280697226524,2.0400636196136475,0.26606810092926025,0.017526
464,49450.0,49908.0,0.9908231145307366,4.0,0.004,1.0,0.001,3.0,0.003,49.0,44550.0,1573.63671875,226.36328125,0.0,44550.0,445.4999999999992,100.0,1000,1,999,0.1844428329495713,951,0,0,0,0,1,0,0,0,2,1,2,3,0,7,3,30,0.9686385989189148,0.011721805669367313,1.9211091995239258,0.20788408815860748,0.017499
465,50315.0,50357.0,0.9991659550807236,1.0,0.001,0.0,0.0,1.0,0.001,51.0,45215.0,1429.64453125,106.66943359375,263.68603515625,45215.0,452.15000000000015,100.0,1000,0,1000,0.18562337500043213,949,0,1,0,0,0,0,0,0,1,2,0,4,1,9,7,26,0.7360496520996094,0.07411239296197891,1.3316861391067505,0.22354787588119507,0.017471999999999998
466,49918.0,49918.0,1.0,0.0,0.0,0.0,0.0,0.0,0.0,55.0,44418.0,1656.0,36.0,108.0,44418.0,444.17999999999995,100.0,1000,0,1000,0.18421324994415045,945,0,0,3,0,0,1,1,0,0,2,0,6,0,5,5,32,0.42988792061805725,-0.040603701025247574,0.9489459991455078,0.22822518646717072,0.017445
467,51360.0,51401.0,0.9992023501488297,1.0,0.001,0.0,0.0,1.0,0.001,53.0,46060.0,1257.375,253.4453125,289.1796875,46060.0,460.6000000000001,100.0,1000,0,1000,0.1859927079640329,947,1,0,2,0,0,1,0,1,1,4,1,1,1,5,6,29,0.43291059136390686,-0.08651075512170792,1.0475959777832031,0.25127121806144714,0.017417999999999996
468,49948.0,50103.0,0.9969063728718839,5.0,0.005,3.0,0.003,2.0,0.002,54.0,44548.0,1702.5,97.5,0.0,44548.0,445.4799999999995,100.0,1000,3,997,0.18665175000205636,946,0,0,1,0,0,1,2,1,0,3,1,6,1,4,6,28,0.589719295501709,-0.0019378127763047814,1.1912442445755005,0.2279922068119049,0.017390999999999997
469,50008.0,50149.0,0.9971883786316776,2.0,0.002,1.0,0.001,1.0,0.001,54.0,44608.0,1729.2705078125,70.7294921875,0.0,44608.0,446.0800000000002,100.0,1000,1,999,0.18499541596975178,946,0,0,0,0,1,0,0,1,0,3,2,3,0,6,6,32,0.47683119773864746,-0.08057793229818344,1.1226083040237427,0.22431597113609314,0.017363999999999997
470,50715.0,51142.0,0.991650698056392,8.0,0.008,5.0,0.005,3.0,0.003,51.0,45615.0,1548.125,251.875,0.0,45615.0,456.1500000000001,100.0,1000,5,995,0.1875082089100033,949,1,1,3,0,0,0,0,1,0,2,0,1,0,5,6,31,0.6412861347198486,0.037843309342861176,1.2180308103561401,0.3214246928691864,0.017336999999999998
471,50880.0,51007.0,0.997510145666281,3.0,0.003,3.0,0.003,0.0,0.0,62.0,44680.0,1628.25,106.0,65.75,44680.0,446.80000000000103,100.0,1000,3,997,0.1843186659971252,938,1,0,2,0,3,2,0,0,0,3,0,4,2,7,13,25,0.8460330963134766,-0.07674894481897354,1.8558967113494873,0.2984561324119568,0.01731
472,49255.0,49255.0,1.0,0.0,0.0,0.0,0.0,0.0,0.0,66.0,42655.0,1588.5625,211.4375,0.0,42655.0,426.55000000000007,100.0,1000,0,1000,0.18627025000751019,934,1,1,1,0,3,3,0,1,1,1,2,6,0,10,8,28,1.1519109010696411,0.07955584675073624,2.153106451034546,0.24290883541107178,0.017283
473,48501.0,48535.0,0.9992994746059545,1.0,0.001,1.0,0.001,0.0,0.0,60.0,42501.0,1657.4369506835938,71.28152465820312,71.28152465820312,42501.0,425.01000000000033,100.0,1000,1,999,0.18448287504725158,940,1,0,0,1,1,0,1,3,0,1,2,6,1,6,9,28,0.6573986411094666,-0.03223967179656029,1.3870428800582886,0.22502963244915009,0.017256
474,50424.0,51043.0,0.9878729698489509,9.0,0.009,4.0,0.004,5.0,0.005,55.0,44924.0,1531.5625,56.75,211.6875,44924.0,449.23999999999995,100.0,1000,4,996,0.18590045801829547,945,1,0,3,0,1,0,0,0,1,1,2,7,0,1,5,33,0.8051340579986572,-0.047848477959632874,1.7138981819152832,0.23022623360157013,0.017229
475,47189.0,47678.0,0.9897436973027393,6.0,0.006,1.0,0.001,5.0,0.005,50.0,42189.0,1275.7894115447998,11.1875,513.0230884552002,42189.0,421.8899999999994,100.0,1000,1,999,0.18457229202613235,950,1,2,1,0,0,2,0,0,0,0,0,3,2,6,8,25,1.101891040802002,0.12218517810106277,1.9668833017349243,0.2171732783317566,0.017202000000000002
476,50235.0,50266.0,0.9993832809453707,1.0,0.001,1.0,0.001,0.0,0.0,50.0,45235.0,1471.3209906721022,328.6790093278978,0.0,45235.0,452.35000000000105,100.0,1000,1,999,0.18682908394839615,950,0,0,3,0,0,0,0,1,0,3,0,5,0,3,11,24,1.0996391773223877,0.09191198647022247,2.0223448276519775,0.20059706270694733,0.017175
477,48962.0,49139.0,0.9963979730967256,3.0,0.003,2.0,0.002,1.0,0.001,44.0,44562.0,507.93796620937064,1215.745656678715,76.31637711191433,44562.0,445.6199999999999,100.0,1000,2,998,0.18448454095050693,956,2,0,0,0,3,0,0,1,0,2,1,1,0,4,5,25,0.6287719011306763,-0.02593056671321392,1.3163888454437256,0.20363456010818481,0.017148
478,50797.0,50899.0,0.9979960313562153,2.0,0.002,2.0,0.002,0.0,0.0,55.0,45297.0,1506.8823247188886,293.11767528111113,0.0,45297.0,452.96999999999986,100.0,1000,2,998,0.1846611249493435,945,0,0,1,0,2,2,0,1,0,4,3,4,0,4,13,21,0.6483602523803711,-0.014145423658192158,1.3327161073684692,0.22500689327716827,0.017120999999999997
479,49350.0,49642.0,0.9941178840497965,6.0,0.006,5.0,0.005,1.0,0.001,50.0,44350.0,1246.19140625,148.050537109375,405.758056640625,44350.0,443.49999999999903,100.0,1000,5,995,0.18439479102380574,950,0,0,2,0,3,1,0,0,0,2,0,3,0,8,6,25,0.3718789517879486,-0.030461467802524567,0.8118488788604736,0.20966611802577972,0.017093999999999998
480,50429.0,50468.0,0.9992272330982008,1.0,0.001,1.0,0.001,0.0,0.0,50.0,45429.0,1434.0,366.0,0.0,45429.0,454.2899999999996,100.0,1000,1,999,0.1847298339707777,950,1,1,0,0,1,0,0,1,0,4,0,1,0,3,12,26,0.3987182378768921,0.022955352440476418,0.7586855292320251,0.20975443720817566,0.017067
481,47700.0,47795.0,0.9980123443874882,2.0,0.002,0.0,0.0,2.0,0.002,49.0,42800.0,1111.9375,388.03125,300.03125,42800.0,427.99999999999915,100.0,1000,0,1000,0.1847077920101583,951,0,0,3,0,0,1,0,1,0,1,1,1,0,4,11,26,1.03844153881073,0.03196405619382858,2.019137144088745,0.18140430748462677,0.01704
482,47878.0,48137.0,0.994619523443505,2.0,0.002,0.0,0.0,2.0,0.002,43.0,43578.0,1192.1376953125,607.8623046875,0.0,43578.0,435.77999999999935,100.0,1000,0,1000,0.18502954195719212,957,0,0,1,0,1,0,0,0,0,3,0,1,0,4,5,28,0.6698552966117859,-0.05335208773612976,1.4525645971298218,0.18073971569538116,0.017013
483,51656.0,52124.0,0.9910214104826951,7.0,0.007,3.0,0.003,4.0,0.004,44.0,47256.0,993.0,807.0,0.0,47256.0,472.5599999999996,100.0,1000,3,997,0.18513833300676197,956,1,0,0,0,0,0,0,0,0,0,3,2,0,2,8,28,0.870536208152771,0.01121156383305788,1.7261319160461426,0.22026070952415466,0.016986
484,49474.0,49947.0,0.9905299617594651,8.0,0.008,2.0,0.002,6.0,0.006,53.0,44174.0,1645.02734375,154.97265625,0.0,44174.0,441.7400000000005,100.0,1000,2,998,0.18420200003311038,947,0,0,0,0,1,1,0,0,4,3,2,3,1,4,8,26,0.8425294756889343,0.02579367160797119,1.6391916275024414,0.16864098608493805,0.016959000000000002
485,49816.0,49816.0,1.0,0.0,0.0,0.0,0.0,0.0,0.0,51.0,44716.0,964.6944031203602,162.16319960995497,673.1423972696848,44716.0,447.16000000000025,100.0,1000,0,1000,0.18720754201058298,949,2,0,0,0,2,0,0,2,1,1,1,3,0,4,6,29,0.2654392123222351,-0.11162689328193665,0.7597656846046448,0.16635502874851227,0.016932
486,50286.0,50538.0,0.9950136530927223,4.0,0.004,1.0,0.001,3.0,0.003,49.0,45386.0,1504.0,202.625,93.375,45386.0,453.8600000000002,100.0,1000,1,999,0.18514254200272262,951,0,0,1,1,0,1,0,1,1,2,0,1,1,3,5,32,0.6535537242889404,0.02534518390893936,1.264410376548767,0.2364194095134735,0.016905
487,49469.0,49861.0,0.9921381440404324,4.0,0.004,2.0,0.002,2.0,0.002,47.0,44769.0,1622.0,51.94921875,126.05078125,44769.0,447.6899999999992,100.0,1000,2,998,0.18500112497713417,953,0,0,2,0,2,0,1,0,0,2,1,1,0,2,7,29,0.9673060178756714,0.0031685088761150837,1.9359259605407715,0.22665394842624664,0.016877999999999997
488,49521.0,49573.0,0.9989510418978073,1.0,0.001,1.0,0.001,0.0,0.0,49.0,44621.0,1507.75,219.046875,73.203125,44621.0,446.21000000000026,100.0,1000,1,999,0.18637833290267736,951,0,0,2,0,1,1,0,1,1,3,1,2,0,4,5,28,0.4729160964488983,0.003918573725968599,0.9449815154075623,0.20730261504650116,0.016850999999999998
489,50363.0,50690.0,0.9935490234760308,6.0,0.006,3.0,0.003,3.0,0.003,46.0,45763.0,1383.0,417.0,0.0,45763.0,457.6300000000009,100.0,1000,3,997,0.18821491696871817,954,0,0,1,0,0,1,0,2,1,0,0,1,1,0,4,35,0.8932146430015564,0.0150486771017313,1.7630637884140015,0.20006795227527618,0.016824
490,51912.0,52627.0,0.9864138180021662,11.0,0.011,1.0,0.001,10.0,0.01,47.0,47212.0,1543.99421004951,256.00578995049,0.0,47212.0,472.1199999999994,100.0,1000,1,999,0.18644025002140552,953,2,0,0,0,0,0,0,1,0,1,1,1,2,5,11,23,0.9593687057495117,-0.026872988790273666,1.981244444847107,0.26079148054122925,0.016797
491,49878.0,49922.0,0.999118625055086,1.0,0.001,0.0,0.0,1.0,0.001,49.0,44978.0,1669.0,131.0,0.0,44978.0,449.78000000000003,100.0,1000,0,1000,0.18606504099443555,951,0,1,0,0,1,2,0,0,0,4,0,1,0,7,5,28,0.1270700991153717,-0.09405471384525299,0.45073580741882324,0.2530163824558258,0.01677
492,49308.0,49372.0,0.9987037187069594,2.0,0.002,2.0,0.002,0.0,0.0,52.0,44108.0,1284.8405962883362,93.92866614695272,421.2307375647111,44108.0,441.07999999999987,100.0,1000,2,998,0.18601191602647305,948,0,1,0,0,0,2,1,0,2,5,0,1,1,1,11,27,1.3013155460357666,0.005375794135034084,2.5989937782287598,0.21245087683200836,0.016743
493,49871.0,49960.0,0.998218574859888,2.0,0.002,2.0,0.002,0.0,0.0,57.0,44171.0,1590.7930068969727,44.88848340511322,164.31850969791412,44171.0,441.7100000000004,100.0,1000,2,998,0.18401249998714775,943,0,0,1,0,0,3,0,1,1,4,2,0,1,2,11,31,0.6125070452690125,-0.003408497665077448,1.2397984266281128,0.2383161187171936,0.016716
494,48956.0,49317.0,0.9926800089218728,5.0,0.005,2.0,0.002,3.0,0.003,54.0,43556.0,1418.2791203050874,143.14532988559222,238.57554980932036,43556.0,435.5599999999994,100.0,1000,2,998,0.1851124579552561,946,2,2,2,0,6,1,0,0,0,3,1,1,0,4,4,28,0.42809510231018066,-0.06477198004722595,0.9945541620254517,0.26424509286880493,0.016689
495,50122.0,50255.0,0.9973534971644612,2.0,0.002,1.0,0.001,1.0,0.001,52.0,44922.0,1597.0,203.0,0.0,44922.0,449.21999999999883,100.0,1000,1,999,0.18573449994437397,948,0,1,0,0,1,4,0,0,0,3,0,1,1,4,7,30,0.3541443347930908,0.007881036959588528,0.6985543370246887,0.18088296055793762,0.016662
496,49615.0,49934.0,0.9936115672687948,6.0,0.006,6.0,0.006,0.0,0.0,49.0,44715.0,1535.921875,59.5235595703125,204.5545654296875,44715.0,447.1499999999996,100.0,1000,6,994,0.18537441594526172,951,0,0,3,0,1,2,0,0,0,1,1,2,1,5,7,26,0.5522498488426208,-0.09391005337238312,1.2993273735046387,0.2106267362833023,0.016634999999999997
497,49575.0,49575.0,1.0,0.0,0.0,0.0,0.0,0.0,0.0,44.0,45175.0,1488.5,311.5,0.0,45175.0,451.7500000000002,100.0,1000,0,1000,0.18466816702857614,956,0,1,1,0,0,1,0,0,1,0,0,0,2,2,13,23,0.34489917755126953,-0.03370309993624687,0.7643765807151794,0.21592073142528534,0.016607999999999998
498,49823.0,49873.0,0.9989974535319712,1.0,0.001,1.0,0.001,0.0,0.0,44.0,45423.0,1143.8869018554688,656.1130981445312,0.0,45423.0,454.2300000000006,100.0,1000,1,999,0.1925140410894528,956,0,0,1,0,0,3,0,0,0,0,1,0,0,4,13,22,0.6293402314186096,-0.034146033227443695,1.334287405014038,0.22057995200157166,0.016581
499,50283.0,50332.0,0.9990264642771994,1.0,0.001,1.0,0.001,0.0,0.0,45.0,45783.0,1522.0,278.0,0.0,45783.0,457.83000000000055,100.0,1000,1,999,0.18773429095745087,955,0,0,2,0,0,1,0,1,0,0,0,0,1,3,9,28,0.7185815572738647,0.03195769712328911,1.3785853385925293,0.16121608018875122,0.016554
500,50152.0,50152.0,1.0,0.0,0.0,0.0,0.0,0.0,0.0,43.0,45852.0,1435.7851384878159,364.21486151218414,0.0,45852.0,458.52000000000066,100.0,1000,0,1000,0.18684075004421175,957,0,0,0,0,0,0,0,0,1,0,1,0,0,6,6,29,0.7137697339057922,-0.008744166232645512,1.451562762260437,0.19770362973213196,0.016527
501,51292.0,51400.0,0.9978988326848249,2.0,0.002,1.0,0.001,1.0,0.001,46.0,46692.0,1232.48046875,212.81982421875,354.69970703125,46692.0,466.9199999999995,100.0,1000,1,999,0.1890780000248924,954,0,0,2,0,0,0,0,0,1,2,1,0,0,4,11,25,0.7354962229728699,-0.04924194514751434,1.5750555992126465,0.16906942427158356,0.0165
502,50495.0,50495.0,1.0,0.0,0.0,0.0,0.0,0.0,0.0,49.0,45595.0,1517.0,137.5,145.5,45595.0,455.95000000000005,100.0,1000,0,1000,0.18531566602177918,951,0,0,1,0,0,5,0,0,0,1,1,4,1,1,13,22,0.30801165103912354,-0.03370850160717964,0.6893772482872009,0.18020199239253998,0.016473
503,49838.0,50067.0,0.9954261289871572,4.0,0.004,2.0,0.002,2.0,0.002,51.0,44738.0,1601.109375,198.890625,0.0,44738.0,447.3800000000001,100.0,1000,2,998,0.18515658401884139,949,1,1,0,0,0,2,1,1,2,0,1,7,0,5,5,25,0.7286280989646912,0.006678681820631027,1.4500409364700317,0.18673495948314667,0.016446
504,48369.0,48602.0,0.9952059586025267,4.0,0.004,2.0,0.002,2.0,0.002,45.0,43869.0,1523.4488525390625,276.5511474609375,0.0,43869.0,438.6899999999992,100.0,1000,2,998,0.18800891702994704,955,0,0,0,0,0,5,0,0,1,1,0,1,1,4,7,25,0.4679795801639557,-0.11314251273870468,1.1688958406448364,0.20255930721759796,0.016419
505,49015.0,49256.0,0.9951071950625304,3.0,0.003,1.0,0.001,2.0,0.002,55.0,43515.0,1335.4109516143799,290.3681552410126,174.22089314460754,43515.0,435.14999999999975,100.0,1000,1,999,0.18658391700591892,945,0,2,1,0,2,5,0,1,3,0,1,1,1,4,8,26,0.657257080078125,-0.06676392257213593,1.4548678398132324,0.2082071602344513,0.016391999999999997
506,49878.0,50175.0,0.9940807174887892,5.0,0.005,0.0,0.0,5.0,0.005,53.0,44578.0,1424.876252900809,265.57734193699434,109.5464051621966,44578.0,445.78,100.0,1000,0,1000,0.18708504200913012,947,1,0,1,0,2,3,0,2,1,1,0,5,3,3,7,24,0.6803737282752991,0.02373872883617878,1.3197474479675293,0.19790545105934143,0.016364999999999998
507,51391.0,51804.0,0.992027642653077,8.0,0.008,2.0,0.002,6.0,0.006,50.0,46391.0,1244.6044921875,555.3955078125,0.0,46391.0,463.90999999999957,100.0,1000,2,998,0.18503525003325194,950,0,1,1,0,1,2,0,2,1,2,1,2,2,5,5,25,0.7705567479133606,0.07308269292116165,1.4014240503311157,0.19818726181983948,0.016338
508,50526.0,51796.0,0.9754807321028651,17.0,0.017,0.0,0.0,17.0,0.017,46.0,45926.0,1535.5971224873792,107.37589922269399,157.02697828992677,45926.0,459.25999999999937,100.0,1000,0,1000,0.1851656250655651,954,0,0,0,0,1,2,0,1,2,2,2,3,1,5,6,21,0.7265729904174805,-0.013338064774870872,1.4867982864379883,0.21384619176387787,0.016311
509,49375.0,49462.0,0.998241073955764,2.0,0.002,0.0,0.0,2.0,0.002,43.0,45075.0,1644.0,156.0,0.0,45075.0,450.74999999999983,100.0,1000,0,1000,0.18810320901684463,957,1,0,0,0,1,1,0,0,1,0,0,4,1,1,11,22,0.6793661713600159,0.060857418924570084,1.244347333908081,0.2250620722770691,0.016284
510,50440.0,51185.0,0.9854449545765361,14.0,0.014,1.0,0.001,13.0,0.013,43.0,46140.0,1321.8730850219727,478.12691497802734,0.0,46140.0,461.3999999999997,100.0,1000,1,999,0.1842738330597058,957,0,1,1,0,1,1,0,1,0,1,0,0,2,3,10,22,0.5219118595123291,0.011533832177519798,1.0285000801086426,0.2381768375635147,0.016257
511,50037.0,50686.0,0.9871956753344119,10.0,0.01,1.0,0.001,9.0,0.009,47.0,45337.0,1422.462480545044,182.61016476154327,194.92735469341278,45337.0,453.36999999999983,100.0,1000,1,999,0.18535162508487701,953,0,1,0,0,1,0,0,1,2,3,1,3,1,5,14,15,0.9312587380409241,-0.008350438438355923,1.886447548866272,0.2227112352848053,0.01623
512,49360.0,49803.0,0.9911049535168565,7.0,0.007,0.0,0.0,7.0,0.007,44.0,44960.0,1581.0,0.0,219.0,44960.0,449.5999999999998,100.0,1000,0,1000,0.18845212506130338,956,0,1,1,0,0,1,1,0,2,0,1,1,0,0,13,23,0.7003766298294067,-0.05071134865283966,1.5103093385696411,0.25098347663879395,0.016203
513,48640.0,49282.0,0.9869729312933728,9.0,0.009,2.0,0.002,7.0,0.007,47.0,43940.0,1372.125,187.1953125,240.6796875,43940.0,439.3999999999998,100.0,1000,2,998,0.18673541699536145,953,0,2,0,0,0,1,1,0,2,1,1,2,0,2,18,17,0.592875599861145,-0.02528705634176731,1.2424354553222656,0.18886497616767883,0.016176
514,50355.0,50521.0,0.9967142376437521,3.0,0.003,0.0,0.0,3.0,0.003,50.0,45355.0,1577.3596018901844,179.62777370049815,43.012624409317354,45355.0,453.5500000000003,100.0,1000,0,1000,0.1863932500127703,950,0,0,1,0,8,0,0,0,1,0,0,1,0,5,20,14,0.5712260603904724,-0.03667395934462547,1.2221853733062744,0.19769999384880066,0.016148999999999997
515,49939.0,50004.0,0.9987001039916806,1.0,0.001,1.0,0.001,0.0,0.0,49.0,45039.0,1468.5693359375,331.4306640625,0.0,45039.0,450.3900000000005,100.0,1000,1,999,0.18575950001832098,951,0,0,0,0,4,0,1,1,0,0,0,1,0,5,22,15,0.21874284744262695,0.004261555150151253,0.4358483552932739,0.2135516107082367,0.016121999999999997
516,49479.0,49684.0,0.9958739231945898,3.0,0.003,0.0,0.0,3.0,0.003,52.0,44279.0,1551.3975830078125,248.6024169921875,0.0,44279.0,442.78999999999894,100.0,1000,0,1000,0.18554458301514387,948,0,0,2,0,4,0,2,0,0,1,0,5,0,9,18,11,0.7512019872665405,0.07815605401992798,1.3533207178115845,0.22456961870193481,0.016094999999999998
517,50907.0,51544.0,0.9876416265714729,12.0,0.012,0.0,0.0,12.0,0.012,50.0,45907.0,1399.566819011731,400.43318098826893,0.0,45907.0,459.0700000000005,100.0,1000,0,1000,0.18562541692517698,950,1,0,1,0,0,4,0,0,1,0,0,7,0,5,19,12,0.7406564354896545,0.025372302159667015,1.4385815858840942,0.24935641884803772,0.016068
518,49738.0,50505.0,0.9848133848133848,13.0,0.013,2.0,0.002,11.0,0.011,50.0,44738.0,1377.7433470785618,184.73728565312922,237.519367268309,44738.0,447.38,100.0,1000,2,998,0.1853331250604242,950,0,0,0,0,1,3,0,0,1,2,0,1,0,7,22,13,0.6354317665100098,0.028942439705133438,1.2214157581329346,0.2629855275154114,0.016041
519,49644.0,49768.0,0.9975084391576917,2.0,0.002,0.0,0.0,2.0,0.002,48.0,44844.0,1516.8067169189453,123.89706134796143,159.29622173309326,44844.0,448.43999999999977,100.0,1000,0,1000,0.1864349590614438,952,0,1,0,0,0,2,0,0,1,3,0,1,2,4,16,18,0.8297069668769836,0.12310712784528732,1.4209623336791992,0.24237293004989624,0.016014
520,50007.0,50405.0,0.9921039579406805,3.0,0.003,0.0,0.0,3.0,0.003,47.0,45307.0,1516.234375,43.345703125,240.419921875,45307.0,453.0699999999998,100.0,1000,0,1000,0.18647791596595198,953,0,0,0,0,0,1,0,0,0,2,1,3,0,4,16,20,1.0700713396072388,0.05789978429675102,2.0318174362182617,0.2337692230939865,0.015986999999999998
521,49894.0,49894.0,1.0,0.0,0.0,0.0,0.0,0.0,0.0,54.0,44494.0,1506.0,3.078125,290.921875,44494.0,444.93999999999966,100.0,1000,0,1000,0.18623420898802578,946,0,0,4,0,0,0,0,0,1,0,0,5,0,1,17,26,0.5201550126075745,0.011696002446115017,1.025809407234192,0.27855148911476135,0.01596
522,50343.0,50458.0,0.9977208767687978,3.0,0.003,0.0,0.0,3.0,0.003,58.0,44543.0,1616.7023124694824,31.955509949475527,151.34217758104205,44543.0,445.43000000000006,100.0,1000,0,1000,0.18493674998171628,942,0,0,2,0,3,4,1,0,0,1,0,1,1,6,19,20,0.8366142511367798,-0.10078367590904236,1.883581519126892,0.2757073640823364,0.015933
523,49647.0,49750.0,0.997929648241206,2.0,0.002,1.0,0.001,1.0,0.001,55.0,44147.0,1635.0,142.25,22.75,44147.0,441.46999999999935,100.0,1000,1,999,0.18455345905385911,945,0,1,2,0,3,1,0,0,1,0,0,1,1,4,15,26,0.8712814450263977,0.07092388719320297,1.6078912019729614,0.22557757794857025,0.015905999999999997
524,50045.0,50206.0,0.9967932119666972,1.0,0.001,0.0,0.0,1.0,0.001,53.0,44745.0,1469.8483458072878,24.317239193522255,305.8344149991899,44745.0,447.44999999999925,100.0,1000,0,1000,0.24162662506569177,947,0,1,1,0,3,0,0,1,1,2,2,4,0,5,10,23,0.7061043381690979,-0.018479710444808006,1.4573161602020264,0.2565682828426361,0.015878999999999997
525,50582.0,50582.0,1.0,0.0,0.0,0.0,0.0,0.0,0.0,60.0,44582.0,1540.0626773189324,159.15812000675044,100.77920267431716,44582.0,445.82000000000016,100.0,1000,0,1000,0.18712220794986933,940,0,1,2,1,2,2,1,1,0,2,4,5,0,0,14,25,0.526282787322998,0.016589071601629257,1.0277323722839355,0.26321321725845337,0.015851999999999998
526,50357.0,50492.0,0.9973263091182761,4.0,0.004,2.0,0.002,2.0,0.002,60.0,44357.0,1575.3903579711914,39.78275656700134,184.82688546180725,44357.0,443.57,100.0,1000,2,998,0.18850337504409254,940,0,0,2,0,1,1,0,1,1,0,5,3,0,6,18,22,0.626675546169281,-0.005412890110164881,1.2710639238357544,0.2176009565591812,0.015825
527,47646.0,48190.0,0.9887113509026769,8.0,0.008,1.0,0.001,7.0,0.007,51.0,42546.0,1625.2734375,111.3348388671875,63.3917236328125,42546.0,425.459999999999,100.0,1000,1,999,0.18535783397965133,949,0,1,2,0,1,1,1,0,1,0,1,3,0,2,10,28,1.017419457435608,0.05611577257514,1.9299120903015137,0.23118899762630463,0.015798
528,49521.0,49543.0,0.9995559413035141,1.0,0.001,1.0,0.001,0.0,0.0,54.0,44121.0,1637.0,163.0,0.0,44121.0,441.21000000000026,100.0,1000,1,999,0.18682179099414498,946,1,0,1,0,1,3,0,1,1,0,0,5,2,2,9,28,0.35796216130256653,-0.07218765467405319,0.866513729095459,0.19700908660888672,0.015771
529,49872.0,50014.0,0.9971607949774063,3.0,0.003,1.0,0.001,2.0,0.002,50.0,44872.0,1349.62744140625,51.0,399.37255859375,44872.0,448.72000000000054,100.0,1000,1,999,0.1853124590124935,950,0,1,2,0,2,1,0,0,2,0,1,1,1,1,10,28,0.5577003955841064,0.057183265686035156,1.0066142082214355,0.17720867693424225,0.015743999999999998
530,49982.0,50005.0,0.9995400459954005,1.0,0.001,1.0,0.001,0.0,0.0,46.0,45382.0,1445.0,355.0,0.0,45382.0,453.8200000000002,100.0,1000,1,999,0.1858964170096442,954,0,0,2,0,1,1,0,0,1,2,0,0,0,3,8,28,0.8306757807731628,0.08901531249284744,1.4909331798553467,0.24216623604297638,0.015717
531,49283.0,49366.0,0.9983186808734756,1.0,0.001,0.0,0.0,1.0,0.001,54.0,43883.0,1593.0381977266093,76.38304209004338,130.57876018334758,43883.0,438.8299999999992,100.0,1000,0,1000,0.18641091708559543,946,0,1,2,0,2,1,1,0,3,0,1,4,0,3,9,27,0.6000683903694153,-0.050049856305122375,1.3059320449829102,0.18150398135185242,0.01569
532,50468.0,50760.0,0.99424743892829,5.0,0.005,1.0,0.001,4.0,0.004,54.0,45068.0,1498.2068047786597,31.5,270.2931952213403,45068.0,450.6799999999997,100.0,1000,1,999,0.18708516599144787,946,0,1,1,1,2,3,1,0,2,0,2,0,0,1,10,30,0.3592357039451599,-0.001028373371809721,0.7271435260772705,0.21117950975894928,0.015662999999999996
533,49626.0,49690.0,0.998712014489837,2.0,0.002,2.0,0.002,0.0,0.0,51.0,44526.0,1416.0,384.0,0.0,44526.0,445.2599999999997,100.0,1000,2,998,0.18435629201121628,949,0,0,2,0,1,1,0,0,1,0,2,2,0,2,6,34,0.3924388587474823,-0.03540116921067238,0.8620116114616394,0.2024676650762558,0.015635999999999997
534,49223.0,49335.0,0.9977298064254586,2.0,0.002,1.0,0.001,1.0,0.001,47.0,44523.0,1360.3090345263481,439.6909654736519,0.0,44523.0,445.23000000000104,100.0,1000,1,999,0.18723262497223914,953,0,0,3,0,1,0,0,0,0,0,2,0,1,0,8,32,0.5439660549163818,-0.01766345277428627,1.129936933517456,0.21391206979751587,0.015608999999999998
535,49372.0,49506.0,0.9972932573829435,2.0,0.002,0.0,0.0,2.0,0.002,48.0,44572.0,1481.269817352295,199.20636415481567,119.5238184928894,44572.0,445.72000000000054,100.0,1000,0,1000,0.1863524590153247,952,0,1,1,0,0,1,0,0,0,1,0,4,1,3,7,29,0.8867457509040833,0.07270695269107819,1.6350088119506836,0.2224106341600418,0.015581999999999999
536,49545.0,49598.0,0.9989314085245373,2.0,0.002,2.0,0.002,0.0,0.0,48.0,44745.0,1654.1363677978516,145.86363220214844,0.0,44745.0,447.4499999999999,100.0,1000,2,998,0.18677829205989838,952,0,0,4,0,0,1,0,0,0,0,0,3,1,4,5,30,0.22369495034217834,-0.05272820591926575,0.5598868131637573,0.22630958259105682,0.015554999999999998
537,50610.0,50610.0,1.0,0.0,0.0,0.0,0.0,0.0,0.0,48.0,45810.0,1180.75,30.0,589.25,45810.0,458.10000000000014,100.0,1000,0,1000,0.18759095889981836,952,0,0,1,0,0,0,0,0,0,0,2,6,0,2,3,34,0.3357124626636505,-0.09150510281324387,0.8599147200584412,0.17644241452217102,0.015527999999999998
538,50020.0,50020.0,1.0,0.0,0.0,0.0,0.0,0.0,0.0,56.0,44420.0,1458.2230460474277,285.38127508646494,56.39567886610729,44420.0,444.2000000000002,100.0,1000,0,1000,0.1860055000288412,944,0,0,3,1,0,2,0,1,1,0,1,8,0,5,9,25,0.5540867447853088,-0.061830271035432816,1.2377837896347046,0.19191287457942963,0.015500999999999997
539,49215.0,49322.0,0.9978305827014314,3.0,0.003,2.0,0.002,1.0,0.001,48.0,44415.0,1274.563911035657,181.60902224108577,343.8270667232573,44415.0,444.1500000000001,100.0,1000,2,998,0.18636216595768929,952,0,0,1,0,2,0,0,0,0,2,1,4,0,2,6,30,0.6751887202262878,-0.005002968478947878,1.366096019744873,0.1845870465040207,0.015473999999999998
540,50038.0,50111.0,0.9985432340204745,1.0,0.001,1.0,0.001,0.0,0.0,50.0,45038.0,1450.0,299.75,50.25,45038.0,450.38000000000005,100.0,1000,1,999,0.18470441701356322,950,0,1,3,1,0,0,0,0,0,1,1,1,0,3,6,33,0.5500726699829102,0.05341215804219246,0.9991543292999268,0.18881671130657196,0.015446999999999999
541,50044.0,50155.0,0.9977868607317316,2.0,0.002,2.0,0.002,0.0,0.0,50.0,45044.0,1380.0,160.8125,259.1875,45044.0,450.43999999999954,100.0,1000,2,998,0.1846355419838801,950,0,0,1,0,1,0,0,0,1,0,0,2,2,2,4,37,0.27592307329177856,-0.03612709790468216,0.6309698820114136,0.22274881601333618,0.015419999999999998
542,50002.0,50031.0,0.9994203593771861,1.0,0.001,1.0,0.001,0.0,0.0,51.0,44902.0,1557.8062896728516,242.19371032714844,0.0,44902.0,449.0199999999991,100.0,1000,1,999,0.18622783303726465,949,0,2,1,0,0,0,0,1,0,1,2,2,0,3,4,35,0.5345079302787781,0.007162726949900389,1.0613220930099487,0.21541309356689453,0.015392999999999999
543,49891.0,49953.0,0.9987588333033051,1.0,0.001,1.0,0.001,0.0,0.0,50.0,44891.0,1601.375,56.4765625,142.1484375,44891.0,448.9100000000001,100.0,1000,1,999,0.1842901250347495,950,1,1,0,0,0,0,0,1,1,0,1,5,0,1,7,32,0.41466182470321655,0.023997824639081955,0.7879903316497803,0.21678732335567474,0.015365999999999998
544,51680.0,51680.0,1.0,0.0,0.0,0.0,0.0,0.0,0.0,59.0,45780.0,1519.2999267578125,11.05781364440918,269.6422595977783,45780.0,457.7999999999994,100.0,1000,0,1000,0.18750450003426522,941,1,3,1,0,0,1,0,3,3,0,0,6,0,4,0,37,0.6849402189254761,-0.14055536687374115,1.6566557884216309,0.18464498221874237,0.015338999999999998
545,50874.0,51129.0,0.9950126151499149,3.0,0.003,3.0,0.003,0.0,0.0,60.0,44874.0,1646.90625,13.40625,139.6875,44874.0,448.73999999999955,100.0,1000,3,997,0.18606608302798122,940,0,4,3,0,0,0,0,3,1,0,1,1,0,3,7,37,1.1417306661605835,0.08161456882953644,2.1261658668518066,0.19376547634601593,0.015311999999999997
546,49703.0,49849.0,0.997071154887761,3.0,0.003,3.0,0.003,0.0,0.0,46.0,45103.0,1454.25,266.970703125,78.779296875,45103.0,451.0300000000006,100.0,1000,3,997,0.1864117500372231,954,0,1,2,0,1,1,0,0,2,0,0,2,0,2,4,31,0.11591836810112,-0.12393806129693985,0.485220730304718,0.18017266690731049,0.015284999999999998
547,50603.0,50971.0,0.9927802083537698,6.0,0.006,4.0,0.004,2.0,0.002,50.0,45603.0,1581.7578125,218.2421875,0.0,45603.0,456.0299999999997,100.0,1000,4,996,0.18713166692759842,950,0,2,0,1,1,1,0,1,0,0,0,0,0,4,1,39,0.3808344304561615,-0.11158758401870728,0.9897533655166626,0.16087661683559418,0.015257999999999997
548,50011.0,50011.0,1.0,0.0,0.0,0.0,0.0,0.0,0.0,56.0,44411.0,1525.920166015625,0.0,274.079833984375,44411.0,444.10999999999973,100.0,1000,0,1000,0.18922537507023662,944,0,4,2,0,0,3,0,1,0,0,1,0,0,2,0,43,0.21870039403438568,-0.0826428234577179,0.6065698862075806,0.12748466432094574,0.015230999999999998
549,48892.0,49042.0,0.9969413971697728,3.0,0.003,0.0,0.0,3.0,0.003,45.0,44392.0,1360.0,82.0625,357.9375,44392.0,443.9199999999999,100.0,1000,0,1000,0.18637008406221867,955,1,1,1,0,0,0,0,0,0,0,1,1,0,2,2,36,0.7168194055557251,-0.17051061987876892,1.7803997993469238,0.18875443935394287,0.015203999999999999
550,51566.0,52276.0,0.9864182416405234,10.0,0.01,0.0,0.0,10.0,0.01,45.0,47066.0,1615.0,110.375,74.625,47066.0,470.65999999999997,100.0,1000,0,1000,0.1898329579271376,955,1,2,0,0,0,1,0,0,0,0,0,1,0,1,3,36,0.6799162030220032,-0.03309177607297897,1.4316691160202026,0.18624192476272583,0.015176999999999998
551,52374.0,52638.0,0.994984611877351,2.0,0.002,1.0,0.001,1.0,0.001,52.0,47174.0,1485.4808502197266,314.51914978027344,0.0,47174.0,471.7400000000007,100.0,1000,1,999,0.18618333304766566,948,0,1,3,0,0,2,0,3,1,0,0,1,1,4,0,36,0.8129945397377014,-0.0771632120013237,1.7845451831817627,0.13959361612796783,0.015149999999999999
552,49582.0,50089.0,0.9898780171295095,8.0,0.008,2.0,0.002,6.0,0.006,47.0,44882.0,1566.0,31.21875,202.78125,44882.0,448.8199999999992,100.0,1000,2,998,0.18781933304853737,953,0,0,1,0,1,1,0,0,3,0,1,1,1,1,1,36,0.8418105244636536,0.021833214908838272,1.644111156463623,0.1374277025461197,0.015122999999999998
553,49276.0,49411.0,0.9972678148590395,3.0,0.003,0.0,0.0,3.0,0.003,43.0,44976.0,1166.6375274658203,105.42030906677246,527.9421634674072,44976.0,449.7600000000003,100.0,1000,0,1000,0.18955358304083347,957,0,0,0,0,0,1,0,0,0,0,0,3,0,2,2,35,0.59476238489151,0.03751472011208534,1.118281602859497,0.12540705502033234,0.015095999999999998
554,49164.0,49540.0,0.9924101735970933,7.0,0.007,0.0,0.0,7.0,0.007,46.0,44564.0,1400.916015625,49.0,350.083984375,44564.0,445.6399999999998,100.0,1000,0,1000,0.18719058309216052,954,0,0,0,1,1,0,1,0,2,0,1,4,0,3,1,32,0.511750340461731,-0.039644427597522736,1.106816053390503,0.13360150158405304,0.015068999999999997
555,49966.0,49966.0,1.0,0.0,0.0,0.0,0.0,0.0,0.0,44.0,45566.0,1074.375,517.3974609375,208.2275390625,45566.0,455.6600000000004,100.0,1000,0,1000,0.1851473330752924,956,1,2,2,0,1,0,0,0,2,0,0,2,0,0,1,33,0.8053817749023438,0.04952597618103027,1.516206979751587,0.14942848682403564,0.015041999999999998
556,50190.0,50777.0,0.9884396478720681,11.0,0.011,1.0,0.001,10.0,0.01,38.0,46390.0,1144.0,326.375,329.625,46390.0,463.89999999999986,100.0,1000,1,999,0.1863069999963045,962,0,0,0,0,0,0,0,0,1,0,0,2,0,0,2,33,0.785396933555603,0.010832609608769417,1.5541436672210693,0.16699953377246857,0.015014999999999997
557,49359.0,49744.0,0.9922603731103249,8.0,0.008,2.0,0.002,6.0,0.006,39.0,45459.0,1053.0,747.0,0.0,45459.0,454.5899999999994,100.0,1000,2,998,0.18478920799680054,961,1,0,0,0,2,0,0,0,0,0,0,2,0,0,2,32,0.2697119116783142,-0.05108244717121124,0.6464434266090393,0.16195158660411835,0.014987999999999998
558,49973.0,50104.0,0.9973854382883602,3.0,0.003,1.0,0.001,2.0,0.002,41.0,45873.0,1237.1007890701294,248.58720409870148,314.3120068311691,45873.0,458.73000000000053,100.0,1000,1,999,0.1857020000461489,959,0,0,1,0,0,1,0,0,1,1,1,2,0,0,1,33,0.42474842071533203,-0.03438987582921982,0.9230316281318665,0.15891364216804504,0.014960999999999997
559,51324.0,51406.0,0.9984048554643427,2.0,0.002,0.0,0.0,2.0,0.002,41.0,47224.0,1530.203125,269.796875,0.0,47224.0,472.2399999999997,100.0,1000,0,1000,0.1867036659969017,959,0,0,1,0,0,0,1,0,0,0,1,3,0,1,0,34,0.5520535111427307,-0.006514853332191706,1.1208949089050293,0.12582729756832123,0.014933999999999998
560,50685.0,51380.0,0.9864733359283768,12.0,0.012,2.0,0.002,10.0,0.01,41.0,46585.0,1457.060546875,342.939453125,0.0,46585.0,465.8499999999996,100.0,1000,2,998,0.18604333396069705,959,0,1,1,0,0,0,0,1,1,0,0,3,0,0,0,34,0.4043053090572357,-0.02827310562133789,0.8697593212127686,0.1543741077184677,0.014906999999999998
561,49575.0,50027.0,0.9909648789653587,4.0,0.004,2.0,0.002,2.0,0.002,41.0,45475.0,808.99951171875,0.0,991.00048828125,45475.0,454.7500000000005,100.0,1000,2,998,0.18480512499809265,959,0,0,1,0,1,0,0,2,0,0,0,0,0,2,1,34,1.044486165046692,0.03517495468258858,2.0233516693115234,0.15891587734222412,0.014879999999999997
562,49012.0,49436.0,0.991423254308601,5.0,0.005,1.0,0.001,4.0,0.004,40.0,45012.0,785.25,1014.75,0.0,45012.0,450.1199999999998,100.0,1000,1,999,0.18513524997979403,960,0,0,0,0,0,0,0,0,0,0,0,1,0,0,2,37,0.3803578019142151,-0.12036256492137909,1.0057159662246704,0.14391754567623138,0.014852999999999998
563,52039.0,52436.0,0.9924288656648105,3.0,0.003,0.0,0.0,3.0,0.003,41.0,47939.0,1116.84375,683.15625,0.0,47939.0,479.3899999999991,100.0,1000,0,1000,0.18581341695971787,959,0,0,0,0,0,0,0,1,1,0,0,2,0,1,1,35,1.0824655294418335,0.003265976905822754,2.16184139251709,0.11608768999576569,0.014825999999999997
564,48587.0,48656.0,0.9985818809602105,1.0,0.001,0.0,0.0,1.0,0.001,39.0,44687.0,1275.6015625,524.3984375,0.0,44687.0,446.8699999999996,100.0,1000,0,1000,0.18610675004310906,961,1,0,0,0,1,0,0,1,1,1,0,0,0,1,0,33,0.8056001663208008,0.10505951195955276,1.4055110216140747,0.14966394007205963,0.014799000000000001
565,49419.0,49584.0,0.9966723136495643,2.0,0.002,1.0,0.001,1.0,0.001,39.0,45519.0,1091.171875,631.474609375,77.353515625,45519.0,455.1900000000005,100.0,1000,1,999,0.18704304203856736,961,0,1,0,0,0,0,0,2,1,0,0,1,0,1,0,33,0.46498870849609375,-0.04056684300303459,1.016100287437439,0.16887468099594116,0.014772
566,48878.0,49089.0,0.9957016846951455,3.0,0.003,0.0,0.0,3.0,0.003,42.0,44678.0,1484.875,77.890625,237.234375,44678.0,446.7799999999999,100.0,1000,0,1000,0.1885987090645358,958,0,0,1,0,1,0,0,1,0,0,1,2,0,1,1,34,0.8102543354034424,0.07198665291070938,1.4808812141418457,0.1473694145679474,0.014745000000000001
567,48888.0,49017.0,0.9973682599914315,3.0,0.003,0.0,0.0,3.0,0.003,39.0,44988.0,1432.53125,180.833984375,186.634765625,44988.0,449.8800000000003,100.0,1000,0,1000,0.18476404203101993,961,0,0,0,0,0,0,0,0,0,0,1,0,0,2,0,36,0.4472285807132721,0.014077159576117992,0.8704580068588257,0.14115986227989197,0.014718
568,51617.0,52230.0,0.9882634501244496,9.0,0.009,3.0,0.003,6.0,0.006,45.0,47117.0,1717.75,20.5625,61.6875,47117.0,471.1699999999998,100.0,1000,3,997,0.18722475005779415,955,0,0,1,1,2,0,1,0,0,0,1,2,0,0,1,36,0.7526922225952148,-0.08284549415111542,1.675997018814087,0.16750234365463257,0.014691000000000001
569,50239.0,50430.0,0.9962125718818163,3.0,0.003,2.0,0.002,1.0,0.001,41.0,46139.0,1227.0,0.0,573.0,46139.0,461.39000000000004,100.0,1000,2,998,0.1867065830156207,959,0,0,0,1,0,0,0,2,2,0,0,0,0,1,0,35,0.6230525374412537,0.049711283296346664,1.1505765914916992,0.13277535140514374,0.014664
570,49259.0,49347.0,0.9982167102356779,2.0,0.002,2.0,0.002,0.0,0.0,41.0,45159.0,1453.0,347.0,0.0,45159.0,451.58999999999935,100.0,1000,2,998,0.18653191707562655,959,0,1,0,0,0,0,0,3,1,0,0,2,0,0,0,34,0.5510715246200562,0.02459029294550419,1.0569558143615723,0.13641239702701569,0.014637
571,50549.0,50876.0,0.9935726079094268,5.0,0.005,0.0,0.0,5.0,0.005,43.0,46249.0,1514.0,286.0,0.0,46249.0,462.4899999999997,100.0,1000,0,1000,0.18672954209614545,957,1,0,0,0,1,0,1,2,0,0,0,1,0,0,3,34,0.7488308548927307,0.06578244268894196,1.370020866394043,0.13429249823093414,0.01461
572,49401.0,49781.0,0.9923665655571403,7.0,0.007,0.0,0.0,7.0,0.007,41.0,45301.0,1500.6589736938477,0.0,299.34102630615234,45301.0,453.0100000000004,100.0,1000,0,1000,0.18517537496518344,959,0,0,2,0,0,0,1,3,0,0,0,1,0,2,1,31,0.9575185179710388,0.05902209132909775,1.8017206192016602,0.1620965600013733,0.014583
573,50843.0,51212.0,0.9927946575021479,8.0,0.008,2.0,0.002,6.0,0.006,39.0,46943.0,901.703125,336.861328125,561.435546875,46943.0,469.4300000000002,100.0,1000,2,998,0.1847442080033943,961,0,1,0,0,0,0,0,1,0,1,0,3,0,3,0,30,0.29665592312812805,-0.043294038623571396,0.6841610670089722,0.14637069404125214,0.014556
574,49837.0,50343.0,0.9899489502016169,9.0,0.009,1.0,0.001,8.0,0.008,38.0,46037.0,1283.359375,258.3203125,258.3203125,46037.0,460.3700000000008,100.0,1000,1,999,0.18660933303181082,962,0,0,0,0,0,0,0,3,1,0,0,1,0,1,0,32,0.5344540476799011,0.01700429804623127,1.0398255586624146,0.16952496767044067,0.014529
575,49790.0,50154.0,0.9927423535510628,6.0,0.006,1.0,0.001,5.0,0.005,43.0,45490.0,1299.1875,22.875,477.9375,45490.0,454.8999999999993,100.0,1000,1,999,0.18537791701965034,957,0,0,1,0,0,0,0,2,1,1,0,1,0,0,2,35,0.8407785892486572,3.444737376412377e-05,1.6846572160720825,0.10925700515508652,0.014502000000000001
576,50851.0,51210.0,0.9929896504588948,5.0,0.005,2.0,0.002,3.0,0.003,41.0,46751.0,1414.0,238.5625,147.4375,46751.0,467.5099999999995,100.0,1000,2,998,0.18575874995440245,959,0,0,1,0,0,1,1,1,0,0,0,2,0,0,0,35,0.42898550629615784,-0.05474002659320831,0.970884382724762,0.11859291046857834,0.014475
577,50679.0,50820.0,0.9972255017709564,3.0,0.003,0.0,0.0,3.0,0.003,38.0,46879.0,917.0,883.0,0.0,46879.0,468.78999999999974,100.0,1000,0,1000,0.18741979193873703,962,0,1,0,0,0,0,0,0,0,0,0,1,0,0,0,36,0.4813173711299896,-0.016387440264225006,0.9994134306907654,0.13856062293052673,0.014448
578,49050.0,49357.0,0.9937800109406973,2.0,0.002,1.0,0.001,1.0,0.001,38.0,45250.0,1480.4375,319.5625,0.0,45250.0,452.49999999999983,100.0,1000,1,999,0.18674766703043133,962,0,0,0,0,0,0,0,1,1,0,0,3,0,0,0,33,1.0136891603469849,0.056974444538354874,1.9174342155456543,0.13884729146957397,0.014421
579,48726.0,48988.0,0.9946517514493345,4.0,0.004,0.0,0.0,4.0,0.004,35.0,45226.0,1681.0,119.0,0.0,45226.0,452.2600000000004,100.0,1000,0,1000,0.18656116700731218,965,0,0,0,0,0,0,0,0,0,0,0,0,0,0,1,34,0.40471673011779785,-0.010275744833052158,0.8341562151908875,0.14489606022834778,0.014394
580,48633.0,48658.0,0.9994862098729911,1.0,0.001,1.0,0.001,0.0,0.0,39.0,44733.0,250.5,1275.44921875,274.05078125,44733.0,447.3299999999997,100.0,1000,1,999,0.18571091606281698,961,1,1,0,0,0,0,0,1,2,0,0,0,1,1,0,32,0.9971069097518921,-0.015382709912955761,2.0289146900177,0.13696233928203583,0.014367000000000001
581,51089.0,51371.0,0.9945105215004575,5.0,0.005,1.0,0.001,4.0,0.004,42.0,46889.0,946.796875,194.150390625,659.052734375,46889.0,468.88999999999965,100.0,1000,1,999,0.1863158750347793,958,0,0,1,0,0,0,0,1,0,0,0,3,0,1,3,33,0.45911094546318054,0.024050327017903328,0.8734431862831116,0.11582842469215393,0.014339999999999999
582,49092.0,49448.0,0.99280051771558,4.0,0.004,1.0,0.001,3.0,0.003,37.0,45392.0,1265.0,0.0,535.0,45392.0,453.9200000000002,100.0,1000,1,999,0.1861379579640925,963,0,0,0,0,0,0,0,0,0,0,0,5,0,0,2,30,0.7363680005073547,0.002014400903135538,1.4728771448135376,0.14567115902900696,0.014313
583,49557.0,49803.0,0.9950605385217758,4.0,0.004,1.0,0.001,3.0,0.003,38.0,45757.0,1449.0,351.0,0.0,45757.0,457.57000000000005,100.0,1000,1,999,0.18588641693349928,962,0,0,1,0,1,0,0,2,0,0,0,1,0,0,1,32,0.40398070216178894,-0.0005463114939630032,0.8133304119110107,0.14967010915279388,0.014286
584,49786.0,49853.0,0.9986560487834233,1.0,0.001,0.0,0.0,1.0,0.001,37.0,46086.0,1479.3790283203125,320.6209716796875,0.0,46086.0,460.85999999999984,100.0,1000,0,1000,0.2815499999560416,963,0,0,1,0,0,0,0,1,2,0,0,0,0,1,0,32,0.3918692171573639,-0.0007688382756896317,0.7893475890159607,0.14276959002017975,0.014259
585,51414.0,51978.0,0.9891492554542306,7.0,0.007,1.0,0.001,6.0,0.006,38.0,47614.0,1111.0,689.0,0.0,47614.0,476.1400000000006,100.0,1000,1,999,0.1923112910008058,962,1,0,1,0,0,0,0,1,0,0,0,0,1,0,1,33,0.8382452130317688,0.01859547756612301,1.6436028480529785,0.15118347108364105,0.014232000000000002
586,49949.0,49949.0,1.0,0.0,0.0,0.0,0.0,0.0,0.0,36.0,46349.0,748.0,636.375,415.625,46349.0,463.48999999999984,100.0,1000,0,1000,0.19505891692824662,964,0,0,1,0,0,0,1,0,0,0,0,0,0,0,0,34,0.6676151156425476,0.03516979143023491,1.269808053970337,0.17308573424816132,0.014204999999999999
587,49852.0,50019.0,0.9966612687178872,3.0,0.003,0.0,0.0,3.0,0.003,41.0,45752.0,1630.8125,76.796875,92.390625,45752.0,457.52000000000015,100.0,1000,0,1000,0.1992848339723423,959,0,0,1,0,0,0,0,0,0,0,0,3,0,2,0,35,0.2821928858757019,-0.015148361213505268,0.5977873206138611,0.10949419438838959,0.014178
588,48909.0,49001.0,0.9981224872961776,2.0,0.002,0.0,0.0,2.0,0.002,40.0,44909.0,903.6875,69.0,827.3125,44909.0,449.0899999999997,100.0,1000,0,1000,0.20540812495164573,960,1,1,0,0,0,0,1,1,0,0,1,1,0,0,0,34,0.685271143913269,0.02389637753367424,1.3267321586608887,0.14072079956531525,0.014151
589,49004.0,49659.0,0.986810044503514,9.0,0.009,0.0,0.0,9.0,0.009,40.0,45004.0,1344.375,303.140625,152.484375,45004.0,450.0400000000002,100.0,1000,0,1000,0.21416891703847796,960,0,1,2,1,0,2,0,0,0,0,0,1,0,0,0,33,0.5731391906738281,0.00022104691015556455,1.1492640972137451,0.12134978920221329,0.014124000000000001
590,49717.0,50261.0,0.9891764986769066,10.0,0.01,0.0,0.0,10.0,0.01,36.0,46117.0,1368.29541015625,431.70458984375,0.0,46117.0,461.1699999999994,100.0,1000,0,1000,0.2115523749962449,964,0,0,1,0,0,0,0,0,0,0,0,2,0,0,2,31,0.7590302228927612,0.03798111528158188,1.4456082582473755,0.12449287623167038,0.014096999999999998
591,50458.0,50580.0,0.9975879794385133,2.0,0.002,0.0,0.0,2.0,0.002,37.0,46758.0,1035.5,764.5,0.0,46758.0,467.57999999999987,100.0,1000,0,1000,0.1968737910501659,963,0,0,0,0,0,0,0,0,0,0,1,1,2,0,2,31,0.3399299681186676,0.012290814891457558,0.6580803990364075,0.09957680106163025,0.01407
592,49054.0,49979.0,0.9814922267352288,17.0,0.017,0.0,0.0,17.0,0.017,35.0,45554.0,805.0,995.0,0.0,45554.0,455.5399999999998,100.0,1000,0,1000,0.18562120792921633,965,1,0,1,0,0,0,0,1,0,0,0,1,0,0,0,31,0.5241718888282776,-0.06501457095146179,1.1828157901763916,0.15818649530410767,0.014043
593,50177.0,51421.0,0.9758075494447793,12.0,0.012,0.0,0.0,12.0,0.012,37.0,46477.0,1218.0625,509.1953125,72.7421875,46477.0,464.77000000000004,100.0,1000,0,1000,0.1858061250532046,963,0,1,0,0,1,0,0,1,0,0,0,2,0,0,0,32,0.7620896100997925,-0.01256551779806614,1.553247094154358,0.14044307172298431,0.014016
594,49714.0,50331.0,0.9877411535634102,12.0,0.012,1.0,0.001,11.0,0.011,34.0,46314.0,1088.0,712.0,0.0,46314.0,463.1400000000008,100.0,1000,1,999,0.18568733299616724,966,0,1,0,0,0,0,0,0,1,0,0,0,0,1,0,31,0.4203493595123291,0.05330577865242958,0.7392138838768005,0.18324072659015656,0.013989000000000001
595,49422.0,49823.0,0.991951508339522,8.0,0.008,1.0,0.001,7.0,0.007,38.0,45622.0,1524.0,69.0,207.0,45622.0,456.22000000000077,100.0,1000,1,999,0.19832524994853884,962,0,0,0,0,0,0,0,1,1,0,0,2,0,0,0,34,0.43167611956596375,-0.05193287879228592,0.9707410335540771,0.12616483867168427,0.013961999999999999
596,49257.0,50062.0,0.9839199392752986,11.0,0.011,2.0,0.002,9.0,0.009,41.0,45157.0,1436.9684219360352,363.03157806396484,0.0,45157.0,451.5700000000011,100.0,1000,2,998,0.185548875015229,959,0,0,1,1,0,0,0,0,3,0,0,2,0,1,1,32,0.43669912219047546,-0.04042987897992134,0.9580960869789124,0.13771246373653412,0.013935
597,51436.0,52108.0,0.9871037076840409,9.0,0.009,0.0,0.0,9.0,0.009,42.0,47236.0,998.661205291748,37.0,764.338794708252,47236.0,472.3599999999998,100.0,1000,0,1000,0.18544279201887548,958,0,2,0,0,0,0,0,0,5,0,0,1,0,0,2,32,0.4296776056289673,0.012432166375219822,0.8377825021743774,0.11833544075489044,0.013908
598,48664.0,49889.0,0.975445488985548,13.0,0.013,1.0,0.001,12.0,0.012,37.0,44964.0,1575.76318359375,36.0,188.23681640625,44964.0,449.64000000000055,100.0,1000,1,999,0.18744462495669723,963,0,0,0,0,2,0,0,1,0,0,0,1,0,0,2,31,0.5411726832389832,-0.13527992367744446,1.3559051752090454,0.10805714875459671,0.013881000000000001
599,49650.0,50757.0,0.9781902003664519,20.0,0.02,0.0,0.0,20.0,0.02,38.0,45850.0,1020.0,203.9375,576.0625,45850.0,458.49999999999875,100.0,1000,0,1000,0.18659166700672358,962,0,0,0,1,0,0,0,0,0,0,0,3,1,0,3,30,0.3753441572189331,0.05241021513938904,0.6495386362075806,0.13247932493686676,0.013853999999999998
600,48875.0,49628.0,0.9848271137261223,9.0,0.009,0.0,0.0,9.0,0.009,40.0,44875.0,1006.75,253.0625,540.1875,44875.0,448.7500000000004,100.0,1000,0,1000,0.1868705420056358,960,0,0,0,3,0,0,0,1,2,0,0,3,0,0,2,29,0.8012308478355408,0.007181262131780386,1.5924408435821533,0.15700045228004456,0.013826999999999999
601,50111.0,51113.0,0.9803963766556454,17.0,0.017,3.0,0.003,14.0,0.014,38.0,46311.0,1497.375,183.8125,118.8125,46311.0,463.1100000000001,100.0,1000,3,997,0.1877893339842558,962,0,0,0,1,0,1,0,1,2,0,0,1,0,0,0,32,0.28654801845550537,-0.07116243988275528,0.7191736698150635,0.13596948981285095,0.0138
602,48630.0,50460.0,0.9637336504161712,22.0,0.022,1.0,0.001,21.0,0.021,40.0,44630.0,1671.5,93.75,34.75,44630.0,446.30000000000064,100.0,1000,1,999,0.1864669999340549,960,0,1,1,1,1,1,0,2,1,0,0,1,0,1,0,30,1.288832426071167,0.05137180536985397,2.479682445526123,0.1728469282388687,0.013773
603,49159.0,50072.0,0.9817662565905096,11.0,0.011,0.0,0.0,11.0,0.011,38.0,45359.0,1169.0,512.6875,118.3125,45359.0,453.58999999999986,100.0,1000,0,1000,0.1848712080391124,962,0,0,1,0,0,0,0,0,1,0,0,1,0,0,3,32,0.30215394496917725,-0.023174285888671875,0.6535735130310059,0.10610511898994446,0.013746000000000001
604,48918.0,49674.0,0.9847807706244716,9.0,0.009,0.0,0.0,9.0,0.009,34.0,45518.0,1469.0,331.0,0.0,45518.0,455.17999999999995,100.0,1000,0,1000,0.18667445902246982,966,0,1,0,0,0,0,0,1,0,0,0,0,0,0,3,29,0.6153749227523804,-0.07756215333938599,1.3896403312683105,0.13726194202899933,0.013718999999999999
605,50840.0,51215.0,0.9926779263887533,7.0,0.007,0.0,0.0,7.0,0.007,37.0,47140.0,1446.0,354.0,0.0,47140.0,471.39999999999935,100.0,1000,0,1000,0.1857584590325132,963,0,0,0,0,0,0,0,1,1,0,0,1,0,1,1,32,0.15714333951473236,-0.07409485429525375,0.46585965156555176,0.12354820966720581,0.013692
606,48613.0,49226.0,0.9875472311380165,8.0,0.008,1.0,0.001,7.0,0.007,37.0,44913.0,1526.0,274.0,0.0,44913.0,449.1299999999996,100.0,1000,1,999,0.18550166708882898,963,0,2,0,0,1,0,1,0,0,0,0,1,0,0,1,31,0.4632515609264374,-0.015618047676980495,0.9621097445487976,0.1599169820547104,0.013665
607,50017.0,50298.0,0.9944132967513619,5.0,0.005,0.0,0.0,5.0,0.005,36.0,46417.0,1457.375,342.625,0.0,46417.0,464.1699999999997,100.0,1000,0,1000,0.18545995792374015,964,0,0,0,0,0,1,0,2,0,0,0,0,1,1,4,27,0.8487749695777893,0.08059023320674896,1.5415122509002686,0.18854762613773346,0.013638
608,50138.0,51339.0,0.9766064785056195,20.0,0.02,0.0,0.0,20.0,0.02,40.0,46138.0,1406.212890625,86.20726013183594,307.57984924316406,46138.0,461.3799999999996,100.0,1000,0,1000,0.18408375000581145,960,0,1,0,0,1,0,0,0,1,1,0,3,1,0,2,30,0.7052567005157471,0.06592123955488205,1.2838680744171143,0.19091631472110748,0.013610999999999998
609,50051.0,50223.0,0.9965752742767258,2.0,0.002,0.0,0.0,2.0,0.002,48.0,45251.0,1281.26171875,276.825927734375,241.912353515625,45251.0,452.50999999999976,100.0,1000,0,1000,0.18646837503183633,952,1,1,0,2,0,0,0,5,1,0,0,1,2,0,2,33,0.6817999482154846,0.010174410417675972,1.3474910259246826,0.15606126189231873,0.013583999999999999
610,49502.0,49567.0,0.998688643654044,2.0,0.002,0.0,0.0,2.0,0.002,42.0,45302.0,1528.9805145263672,271.0194854736328,0.0,45302.0,453.0199999999992,100.0,1000,0,1000,0.1883520419942215,958,0,0,2,1,1,1,0,0,0,0,0,2,1,0,1,33,0.5791968703269958,0.08653689920902252,0.9892459511756897,0.1447986513376236,0.013557
611,50644.0,50980.0,0.993409180070616,3.0,0.003,1.0,0.001,2.0,0.002,38.0,46844.0,1005.5,794.5,0.0,46844.0,468.4399999999998,100.0,1000,1,999,0.18600158405024558,962,0,0,0,0,0,0,0,2,0,0,0,0,0,0,3,33,0.8732497692108154,0.138107568025589,1.4758610725402832,0.20608270168304443,0.01353
612,50080.0,50175.0,0.9981066268061783,2.0,0.002,0.0,0.0,2.0,0.002,42.0,45880.0,1560.0,240.0,0.0,45880.0,458.8000000000005,100.0,1000,0,1000,0.18559579201973975,958,0,0,0,0,1,0,0,0,0,0,1,0,0,0,7,33,0.613285481929779,0.10338007658720016,1.0242372751235962,0.1639082282781601,0.013503000000000001
613,50523.0,50523.0,1.0,0.0,0.0,0.0,0.0,0.0,0.0,46.0,45923.0,1544.0,206.75,49.25,45923.0,459.2299999999999,100.0,1000,0,1000,0.1856586670037359,954,0,0,1,1,2,0,0,2,0,0,0,1,0,0,1,38,0.7759385704994202,0.09190808236598969,1.3721479177474976,0.1516403704881668,0.013475999999999998
614,50697.0,50726.0,0.9994283010684856,1.0,0.001,1.0,0.001,0.0,0.0,51.0,45597.0,1620.0,20.625,159.375,45597.0,455.97000000000025,100.0,1000,1,999,0.18701612506993115,949,0,0,0,0,2,2,0,2,1,0,0,0,0,0,3,41,0.867599368095398,-0.01602286286652088,1.7709007263183594,0.13593065738677979,0.013449
615,50391.0,50452.0,0.9987909299928645,1.0,0.001,0.0,0.0,1.0,0.001,45.0,45891.0,1435.94455678761,364.05544321238995,0.0,45891.0,458.91000000000037,100.0,1000,0,1000,0.18386366707272828,955,2,0,0,0,2,1,0,1,0,0,1,2,0,0,1,35,0.6724027991294861,0.03976241871714592,1.2701271772384644,0.1805412322282791,0.013422
616,49394.0,49665.0,0.994543441055069,2.0,0.002,1.0,0.001,1.0,0.001,44.0,44994.0,1546.0,91.25,162.75,44994.0,449.94000000000113,100.0,1000,1,999,0.1847859169356525,956,0,0,0,0,1,0,0,0,0,0,0,1,1,0,4,37,0.6830407381057739,0.049067020416259766,1.270599126815796,0.09898156672716141,0.013395
617,49353.0,49790.0,0.9912231371761397,9.0,0.009,0.0,0.0,9.0,0.009,38.0,45553.0,1118.0,128.875,553.125,45553.0,455.5299999999998,100.0,1000,0,1000,0.18575970805250108,962,0,0,0,0,0,0,0,1,1,0,0,0,0,0,3,33,0.639110803604126,0.011556761339306831,1.2583978176116943,0.12304313480854034,0.013367999999999998
618,49399.0,49556.0,0.9968318669787715,3.0,0.003,0.0,0.0,3.0,0.003,37.0,45699.0,1296.625,503.375,0.0,45699.0,456.98999999999944,100.0,1000,0,1000,0.1856547499774024,963,0,0,1,0,0,0,0,0,1,0,0,2,0,0,1,32,0.1667642891407013,-0.08714810013771057,0.5120391249656677,0.15794706344604492,0.013340999999999999
619,50915.0,50958.0,0.9991561678244829,1.0,0.001,1.0,0.001,0.0,0.0,41.0,46815.0,1151.0689086914062,485.5151252746582,163.41596603393555,46815.0,468.1499999999995,100.0,1000,1,999,0.18384249997325242,959,0,0,0,1,1,0,0,0,1,0,0,4,0,1,0,33,0.4262027442455292,0.03183584287762642,0.7925941348075867,0.14497336745262146,0.013314
620,49149.0,49149.0,1.0,0.0,0.0,0.0,0.0,0.0,0.0,43.0,44849.0,1629.0,74.8125,96.1875,44849.0,448.49000000000035,100.0,1000,0,1000,0.18693424994125962,957,0,0,0,1,1,0,0,2,1,0,0,0,0,0,1,37,0.295890212059021,0.00824439525604248,0.5787464380264282,0.13000646233558655,0.013287
621,49694.0,49743.0,0.9990149367750236,1.0,0.001,1.0,0.001,0.0,0.0,39.0,45794.0,1469.59375,330.40625,0.0,45794.0,457.9399999999999,100.0,1000,1,999,0.1844157500891015,961,0,0,1,1,0,0,0,1,0,0,0,0,0,0,1,35,0.5816594958305359,0.04279552772641182,1.0812649726867676,0.13337282836437225,0.013259999999999997
622,49696.0,49696.0,1.0,0.0,0.0,0.0,0.0,0.0,0.0,43.0,45396.0,1406.0,39.5,354.5,45396.0,453.95999999999947,100.0,1000,0,1000,0.18581862503197044,957,0,0,0,0,0,1,0,1,0,0,1,0,0,0,4,36,0.309095561504364,-0.006608860567212105,0.635200023651123,0.14324605464935303,0.013232999999999998
623,50636.0,50763.0,0.9974981778066702,3.0,0.003,3.0,0.003,0.0,0.0,47.0,45936.0,1478.0,322.0,0.0,45936.0,459.3600000000005,100.0,1000,3,997,0.1849999170517549,953,0,1,1,2,0,1,0,0,0,0,1,2,0,1,0,38,0.5758178234100342,-0.016339268535375595,1.188092589378357,0.14305929839611053,0.013205999999999999
624,49852.0,50069.0,0.9956659809462941,3.0,0.003,0.0,0.0,3.0,0.003,43.0,45552.0,1501.71875,298.28125,0.0,45552.0,455.52,100.0,1000,0,1000,0.1862814580090344,957,0,0,1,2,0,1,0,0,0,0,0,0,0,0,2,37,0.520670473575592,0.059659555554389954,0.9255934357643127,0.13550442457199097,0.013179
625,49748.0,50081.0,0.9933507717497654,6.0,0.006,1.0,0.001,5.0,0.005,41.0,45648.0,1471.25,328.75,0.0,45648.0,456.4800000000004,100.0,1000,1,999,0.18525462492834777,959,0,0,0,0,0,0,0,2,2,1,0,0,0,0,1,35,0.35847771167755127,0.027549220249056816,0.6658316254615784,0.1511041820049286,0.013152
626,49347.0,49556.0,0.9957825490354346,4.0,0.004,0.0,0.0,4.0,0.004,41.0,45247.0,1400.0,180.0,220.0,45247.0,452.47000000000054,100.0,1000,0,1000,0.18622366699855775,959,0,0,0,0,0,1,0,0,0,0,1,0,0,0,3,36,0.24557675421237946,-0.018162239342927933,0.5321293473243713,0.1771954447031021,0.013124999999999998
627,49461.0,49546.0,0.9982844225568159,2.0,0.002,2.0,0.002,0.0,0.0,46.0,44861.0,1538.14892578125,20.29654312133789,241.5545310974121,44861.0,448.61000000000075,100.0,1000,2,998,0.18363716697786003,954,0,0,0,2,1,0,0,2,1,0,0,2,1,1,1,35,0.6176653504371643,0.0849117562174797,1.0699256658554077,0.16866934299468994,0.013097999999999999
628,50073.0,50698.0,0.9876720975186398,10.0,0.01,3.0,0.003,7.0,0.007,43.0,45773.0,1388.53125,58.2191162109375,353.2496337890625,45773.0,457.73000000000025,100.0,1000,3,997,0.18606154201552272,957,0,0,1,1,0,0,0,0,1,0,0,1,0,1,2,36,0.5261853337287903,0.031404584646224976,0.9941925406455994,0.17715094983577728,0.013071
629,49209.0,49402.0,0.9960932755758877,2.0,0.002,2.0,0.002,0.0,0.0,41.0,45109.0,1533.0,267.0,0.0,45109.0,451.0899999999997,100.0,1000,2,998,0.2277131249429658,959,0,0,0,0,0,0,0,1,0,0,0,0,0,0,0,40,0.2895006835460663,-0.005930222105234861,0.5951635241508484,0.16489404439926147,0.013044
630,50077.0,50077.0,1.0,0.0,0.0,0.0,0.0,0.0,0.0,46.0,45477.0,1396.25,341.734375,62.015625,45477.0,454.77000000000027,100.0,1000,0,1000,0.18758533301297575,954,0,0,3,1,0,1,0,0,1,0,0,1,0,0,3,36,0.6195617914199829,0.09412771463394165,1.0546503067016602,0.14527767896652222,0.013016999999999997
631,50855.0,51133.0,0.9945631979347975,7.0,0.007,2.0,0.002,5.0,0.005,45.0,46355.0,1373.0,263.578125,163.421875,46355.0,463.54999999999944,100.0,1000,2,998,0.18594949995167553,955,1,0,1,3,0,1,0,0,2,0,0,0,1,0,2,34,0.9374247789382935,0.031181417405605316,1.816932201385498,0.17110884189605713,0.012989999999999998
632,50069.0,50408.0,0.9932748770036502,6.0,0.006,1.0,0.001,5.0,0.005,45.0,45569.0,1587.599609375,212.400390625,0.0,45569.0,455.69000000000074,100.0,1000,1,999,0.1843373749870807,955,0,0,0,0,0,1,0,0,2,1,0,0,0,0,2,39,0.29766395688056946,0.029147418215870857,0.5398697853088379,0.10941456258296967,0.012962999999999999
633,48557.0,48557.0,1.0,0.0,0.0,0.0,0.0,0.0,0.0,40.0,44557.0,1460.0,0.0,340.0,44557.0,445.57000000000005,100.0,1000,0,1000,0.18423491693101823,960,0,0,0,0,0,0,0,0,2,0,0,0,0,0,2,36,0.2929704785346985,-0.03946003317832947,0.6675541400909424,0.10409417748451233,0.012936
634,49844.0,49877.0,0.9993383723960944,1.0,0.001,1.0,0.001,0.0,0.0,39.0,45944.0,1623.3125,176.6875,0.0,45944.0,459.4400000000004,100.0,1000,1,999,0.1864983330015093,961,0,0,0,0,0,0,0,0,0,0,1,0,0,0,2,36,0.6095645427703857,0.008455818518996239,1.2059847116470337,0.14591644704341888,0.012909
635,50802.0,50876.0,0.9985454831354666,2.0,0.002,1.0,0.001,1.0,0.001,42.0,46602.0,1169.0,105.015625,525.984375,46602.0,466.01999999999987,100.0,1000,1,999,0.18467795895412564,958,0,0,1,2,0,0,0,0,2,0,0,0,0,0,1,36,0.5151532292366028,0.010098984465003014,1.0128074884414673,0.10475725680589676,0.012881999999999998
636,50490.0,50808.0,0.9937411431270666,4.0,0.004,1.0,0.001,3.0,0.003,45.0,45990.0,1579.0,160.25,60.75,45990.0,459.8999999999998,100.0,1000,1,999,0.18629466590937227,955,0,0,3,2,0,0,0,0,1,0,0,1,0,0,4,34,0.3253651559352875,-0.029170067980885506,0.7120214104652405,0.11478004604578018,0.012854999999999998
637,49256.0,49702.0,0.9910265180475635,8.0,0.008,0.0,0.0,8.0,0.008,40.0,45256.0,1550.5029296875,0.0,249.4970703125,45256.0,452.5599999999996,100.0,1000,0,1000,0.18607404199428856,960,0,1,2,1,1,0,0,1,0,0,1,0,0,0,2,31,0.3701811134815216,-0.012037094682455063,0.7688138484954834,0.1706191748380661,0.012827999999999999
638,49853.0,49983.0,0.9973991156993378,3.0,0.003,2.0,0.002,1.0,0.001,41.0,45753.0,1109.4375,37.0,653.5625,45753.0,457.5299999999992,100.0,1000,2,998,0.18634387501515448,959,0,0,2,0,0,0,0,0,1,0,0,1,0,1,1,35,0.8093358874320984,0.07276251912117004,1.4762663841247559,0.1218506246805191,0.012801
639,49678.0,49820.0,0.9971497390606182,2.0,0.002,2.0,0.002,0.0,0.0,37.0,45978.0,1178.0,85.0,537.0,45978.0,459.78000000000037,100.0,1000,2,998,0.18562070897314698,963,0,0,0,0,0,0,0,0,0,0,0,0,0,0,1,36,0.5834734439849854,0.041727062314748764,1.0861223936080933,0.10293091088533401,0.012773999999999997
640,49423.0,49650.0,0.9954279959718026,3.0,0.003,2.0,0.002,1.0,0.001,38.0,45623.0,1189.0,611.0,0.0,45623.0,456.2299999999993,100.0,1000,2,998,0.18359891697764397,962,0,0,0,1,0,0,0,0,1,0,2,0,0,0,1,33,0.6980567574501038,-0.061594560742378235,1.5221768617630005,0.1127406507730484,0.012746999999999998
641,49960.0,49999.0,0.999219984399688,1.0,0.001,1.0,0.001,0.0,0.0,37.0,46260.0,1284.0,516.0,0.0,46260.0,462.59999999999945,100.0,1000,1,999,0.18717533303424716,963,0,0,0,0,0,0,0,0,1,0,0,1,0,0,1,34,0.6653315424919128,0.026581989601254463,1.2805280685424805,0.11906521767377853,0.012719999999999999
642,49137.0,49137.0,1.0,0.0,0.0,0.0,0.0,0.0,0.0,38.0,45337.0,1193.5,606.5,0.0,45337.0,453.3700000000001,100.0,1000,0,1000,0.18396212498191744,962,0,0,0,0,0,0,0,1,0,0,0,1,0,0,1,35,0.2750900089740753,-0.022201018407940865,0.5972265005111694,0.10416892170906067,0.012693
643,49812.0,49964.0,0.9969578096229285,2.0,0.002,1.0,0.001,1.0,0.001,40.0,45812.0,1134.35546875,347.04470443725586,318.59982681274414,45812.0,458.1199999999992,100.0,1000,1,999,0.1848493330180645,960,0,0,2,2,0,0,0,0,2,0,0,0,0,1,2,31,1.1217772960662842,0.04347792640328407,2.159921407699585,0.13116618990898132,0.012666
644,48911.0,48911.0,1.0,0.0,0.0,0.0,0.0,0.0,0.0,38.0,45111.0,1250.0,550.0,0.0,45111.0,451.1100000000003,100.0,1000,0,1000,0.18459299998357892,962,0,0,0,0,0,0,0,0,1,0,0,0,0,0,1,36,0.5141449570655823,0.06485151499509811,0.9011785387992859,0.10252302885055542,0.012638999999999997
645,50238.0,50359.0,0.9975972517325602,2.0,0.002,0.0,0.0,2.0,0.002,36.0,46638.0,1601.0,199.0,0.0,46638.0,466.3800000000004,100.0,1000,0,1000,0.18573479098267853,964,0,0,0,0,0,0,0,0,0,0,0,0,1,0,2,33,0.4544311463832855,-0.024261895567178726,0.9610626101493835,0.14575520157814026,0.012611999999999998
646,50165.0,50731.0,0.9888431136780272,7.0,0.007,2.0,0.002,5.0,0.005,38.0,46365.0,1049.9375,242.265625,507.796875,46365.0,463.64999999999986,100.0,1000,2,998,0.18579754210077226,962,0,0,0,2,0,0,0,0,0,0,0,2,0,0,3,31,0.34684261679649353,-0.07963062077760696,0.8564143180847168,0.13777779042720795,0.012584999999999999
647,51223.0,51223.0,1.0,0.0,0.0,0.0,0.0,0.0,0.0,40.0,47223.0,1169.75,630.25,0.0,47223.0,472.2299999999996,100.0,1000,0,1000,0.18420537502970546,960,0,0,1,0,1,0,0,0,1,0,0,0,0,0,1,36,0.5431562662124634,0.1061161682009697,0.8773282766342163,0.12932202219963074,0.012558
648,49363.0,49501.0,0.997212177531767,2.0,0.002,2.0,0.002,0.0,0.0,39.0,45463.0,1351.1328125,196.37939453125,252.48779296875,45463.0,454.6300000000005,100.0,1000,2,998,0.18490295798983425,961,0,0,1,0,0,0,0,0,3,0,0,0,0,0,2,33,0.9188727140426636,0.13498325645923615,1.571091651916504,0.1321801245212555,0.012530999999999997
649,51753.0,51925.0,0.9966875300914781,2.0,0.002,2.0,0.002,0.0,0.0,42.0,47553.0,1180.0,620.0,0.0,47553.0,475.52999999999946,100.0,1000,2,998,0.18538674991577864,958,0,0,0,1,1,1,0,0,1,0,0,0,0,0,3,35,0.6047816872596741,0.03713776171207428,1.1383610963821411,0.12288838624954224,0.012503999999999998
650,51919.0,51981.0,0.9988072564975664,2.0,0.002,2.0,0.002,0.0,0.0,42.0,47719.0,946.8828125,118.94482421875,734.17236328125,47719.0,477.19,100.0,1000,2,998,0.18582829204387963,958,0,0,1,0,0,0,0,0,1,0,0,0,0,0,4,36,0.7702394127845764,0.08553805947303772,1.3731298446655273,0.14935560524463654,0.012476999999999999
651,49430.0,49430.0,1.0,0.0,0.0,0.0,0.0,0.0,0.0,40.0,45430.0,1425.1875,219.016357421875,155.796142578125,45430.0,454.29999999999967,100.0,1000,0,1000,0.18474554200656712,960,0,0,1,0,1,0,0,0,3,0,0,0,0,0,1,34,0.7148427367210388,0.10330566763877869,1.2259442806243896,0.11526885628700256,0.01245
652,48710.0,48820.0,0.9977468250716919,2.0,0.002,1.0,0.001,1.0,0.001,38.0,44910.0,1583.5283203125,216.4716796875,0.0,44910.0,449.0999999999997,100.0,1000,1,999,0.18607945798430592,962,0,0,0,2,0,0,0,0,1,0,0,0,0,0,3,32,0.7314855456352234,0.002342026913538575,1.4615201950073242,0.13013029098510742,0.012423
653,48439.0,48561.0,0.9974876958876465,2.0,0.002,0.0,0.0,2.0,0.002,36.0,44839.0,752.0,1048.0,0.0,44839.0,448.3900000000005,100.0,1000,0,1000,0.18583545798901469,964,0,1,1,0,0,0,0,0,2,0,0,0,0,0,2,30,0.6747564077377319,0.09463208168745041,1.163668155670166,0.13792741298675537,0.012395999999999997
654,48878.0,49359.0,0.9902550699973662,6.0,0.006,0.0,0.0,6.0,0.006,38.0,45078.0,1495.0,256.25,48.75,45078.0,450.7799999999999,100.0,1000,0,1000,0.18483295803889632,962,0,0,0,1,1,0,0,0,1,0,0,1,0,0,3,31,0.6545420289039612,0.031138205900788307,1.2494338750839233,0.10616189986467361,0.012368999999999998
655,49286.0,49407.0,0.9975509543182141,3.0,0.003,0.0,0.0,3.0,0.003,40.0,45286.0,1286.875,457.609375,55.515625,45286.0,452.85999999999973,100.0,1000,0,1000,0.18514700001105666,960,0,1,0,2,0,0,0,1,2,0,0,0,0,0,3,31,0.3983514904975891,-0.04011082649230957,0.8800426125526428,0.12631697952747345,0.012341999999999999
656,49397.0,49563.0,0.996650727357101,3.0,0.003,2.0,0.002,1.0,0.001,40.0,45397.0,1661.0,124.375,14.625,45397.0,453.9699999999996,100.0,1000,2,998,0.1842267089523375,960,0,0,1,0,0,0,1,0,0,0,0,2,0,1,0,35,0.41519078612327576,-0.013579078949987888,0.8599392175674438,0.09742100536823273,0.012315
657,47825.0,48716.0,0.9817103210444207,6.0,0.006,0.0,0.0,6.0,0.006,36.0,44225.0,1602.625,197.375,0.0,44225.0,442.24999999999994,100.0,1000,0,1000,0.18899937497917563,964,0,0,1,1,0,1,0,0,0,0,0,0,0,1,1,31,0.48473164439201355,-0.0388462133705616,1.0505306720733643,0.13732637465000153,0.012287999999999997
658,50481.0,50674.0,0.996191340727,3.0,0.003,1.0,0.001,2.0,0.002,38.0,46681.0,1198.0,120.88671875,481.11328125,46681.0,466.8099999999996,100.0,1000,1,999,0.18564129096921533,962,0,0,1,0,0,0,0,0,2,0,0,0,0,0,0,35,0.6325939297676086,0.027897624298930168,1.2119683027267456,0.10503286868333817,0.012260999999999998
659,49847.0,49847.0,1.0,0.0,0.0,0.0,0.0,0.0,0.0,36.0,46247.0,1605.0,195.0,0.0,46247.0,462.4699999999995,100.0,1000,0,1000,0.18660979205742478,964,0,0,0,0,0,0,0,0,0,0,0,0,0,0,0,36,0.6636488437652588,0.069941945374012,1.1895760297775269,0.08836687356233597,0.012233999999999998
660,51497.0,51671.0,0.9966325404966035,3.0,0.003,0.0,0.0,3.0,0.003,36.0,47897.0,1424.0,376.0,0.0,47897.0,478.96999999999974,100.0,1000,0,1000,0.1862997499993071,964,0,0,0,0,0,1,0,0,0,0,0,0,0,0,1,34,0.6802594065666199,-0.030277006328105927,1.422835111618042,0.07218403369188309,0.012206999999999999
661,49846.0,50252.0,0.9919207195733503,5.0,0.005,2.0,0.002,3.0,0.003,36.0,46246.0,1321.0,479.0,0.0,46246.0,462.46000000000066,100.0,1000,2,998,0.18429520807694644,964,0,0,2,0,0,0,0,0,0,0,0,0,0,0,0,34,0.14688430726528168,-0.08397725224494934,0.4639993906021118,0.09344283491373062,0.01218
662,50855.0,51105.0,0.9951081107523726,6.0,0.006,1.0,0.001,5.0,0.005,36.0,47255.0,813.5625,986.4375,0.0,47255.0,472.5499999999997,100.0,1000,1,999,0.18538150005042553,964,0,0,0,1,0,0,0,0,0,0,0,0,1,0,0,34,0.27932804822921753,-0.024519028142094612,0.6100907325744629,0.09860134869813919,0.012152999999999997
663,50668.0,50737.0,0.9986400457259987,1.0,0.001,0.0,0.0,1.0,0.001,36.0,47068.0,484.0,0.0,1316.0,47068.0,470.6800000000006,100.0,1000,0,1000,0.18573729204945266,964,0,0,0,0,0,0,0,0,0,0,0,0,0,0,0,36,0.7826041579246521,0.02604692429304123,1.5155423879623413,0.1001105010509491,0.012125999999999998
664,49732.0,49732.0,1.0,0.0,0.0,0.0,0.0,0.0,0.0,34.0,46332.0,1016.0,784.0,0.0,46332.0,463.32000000000005,100.0,1000,0,1000,0.18716470804065466,966,0,0,0,0,0,0,0,0,0,0,0,0,0,0,0,34,0.4584851562976837,0.025480730459094048,0.8683469295501709,0.0966210886836052,0.012098999999999999
665,48550.0,49236.0,0.9860671053700545,10.0,0.01,2.0,0.002,8.0,0.008,35.0,45050.0,1488.0,312.0,0.0,45050.0,450.50000000000057,100.0,1000,2,998,0.1850471249781549,965,0,0,1,0,0,0,0,0,0,0,0,0,0,1,0,33,0.36670875549316406,-0.04710427299141884,0.8300107717514038,0.09877005964517593,0.012072
666,48643.0,48831.0,0.9961499866887837,3.0,0.003,0.0,0.0,3.0,0.003,33.0,45343.0,248.0,1552.0,0.0,45343.0,453.4299999999993,100.0,1000,0,1000,0.18720641708932817,967,0,0,0,1,0,0,0,0,0,0,0,0,0,0,0,32,0.5430864691734314,0.015848662704229355,1.0576815605163574,0.133079394698143,0.012044999999999997
667,50832.0,50878.0,0.9990958764102362,1.0,0.001,0.0,0.0,1.0,0.001,38.0,47032.0,1071.0,729.0,0.0,47032.0,470.32000000000033,100.0,1000,0,1000,0.18360916594974697,962,0,0,0,0,0,1,0,0,0,0,0,1,0,0,1,35,0.944568932056427,0.06374429911375046,1.7638821601867676,0.09289643168449402,0.012017999999999997
668,50473.0,50663.0,0.9962497285987801,2.0,0.002,0.0,0.0,2.0,0.002,36.0,46873.0,1181.0,619.0,0.0,46873.0,468.7299999999999,100.0,1000,0,1000,0.18529991700779647,964,0,0,0,0,0,0,0,0,1,0,0,0,0,0,0,35,0.6780810356140137,0.025387180969119072,1.3087031841278076,0.13824528455734253,0.011990999999999998
669,49666.0,49780.0,0.9977099236641221,2.0,0.002,0.0,0.0,2.0,0.002,37.0,45966.0,1142.0,81.0,577.0,45966.0,459.6600000000006,100.0,1000,0,1000,0.18484787503257394,963,0,0,0,0,0,0,0,0,1,0,0,0,0,0,0,36,0.18327519297599792,-0.06354794651269913,0.49636515974998474,0.11362634599208832,0.011963999999999999
670,48715.0,49170.0,0.9907463900752491,4.0,0.004,1.0,0.001,3.0,0.003,36.0,45115.0,617.0,48.0,1135.0,45115.0,451.14999999999947,100.0,1000,1,999,0.18591954105067998,964,0,0,0,1,0,0,0,0,0,0,0,0,0,0,0,35,0.5667101144790649,-0.04115499556064606,1.2181782722473145,0.10254192352294922,0.011937
671,50322.0,50657.0,0.9933868961841404,5.0,0.005,1.0,0.001,4.0,0.004,37.0,46622.0,1040.0,760.0,0.0,46622.0,466.2199999999998,100.0,1000,1,999,0.1835839169798419,963,0,0,1,0,0,0,0,1,0,0,0,0,0,0,3,32,0.7172960638999939,0.04033561050891876,1.3567265272140503,0.11778102815151215,0.011909999999999997
672,50820.0,50928.0,0.9978793590951932,2.0,0.002,0.0,0.0,2.0,0.002,36.0,47220.0,1096.0,704.0,0.0,47220.0,472.20000000000016,100.0,1000,0,1000,0.22945404204074293,964,0,0,0,0,0,0,0,0,0,0,0,0,0,0,1,35,0.43334639072418213,-0.08874811232089996,1.0466591119766235,0.10393521189689636,0.011882999999999998
673,49342.0,49569.0,0.9954205249248522,4.0,0.004,0.0,0.0,4.0,0.004,36.0,45742.0,1080.60498046875,584.5084533691406,134.88656616210938,45742.0,457.4200000000001,100.0,1000,0,1000,0.18359645793680102,964,0,0,1,0,0,1,0,0,2,0,0,0,0,0,2,30,0.28127455711364746,-0.007982623763382435,0.5819211602210999,0.1436758190393448,0.011855999999999998
674,50481.0,50481.0,1.0,0.0,0.0,0.0,0.0,0.0,0.0,39.0,46581.0,1263.205078125,60.0,476.794921875,46581.0,465.80999999999995,100.0,1000,0,1000,0.18469237501267344,961,1,0,0,0,0,0,0,1,1,0,0,0,1,0,1,34,0.5001609921455383,-0.02570195682346821,1.0541664361953735,0.1031602993607521,0.011829
675,50003.0,50251.0,0.9950647748303516,5.0,0.005,0.0,0.0,5.0,0.005,35.0,46503.0,934.625,865.375,0.0,46503.0,465.02999999999986,100.0,1000,0,1000,0.18484079104382545,965,0,0,0,0,1,1,0,0,1,0,0,0,0,0,0,32,0.21799236536026,-0.046467699110507965,0.531906008720398,0.12649907171726227,0.011801999999999997
676,49986.0,50113.0,0.9974657274559495,3.0,0.003,1.0,0.001,2.0,0.002,36.0,46386.0,1499.0,301.0,0.0,46386.0,463.8599999999995,100.0,1000,1,999,0.18531279196031392,964,0,0,0,0,0,0,0,0,1,0,0,0,0,0,0,35,0.32328492403030396,-0.07393582165241241,0.7976308465003967,0.13542865216732025,0.011774999999999997
677,48567.0,48739.0,0.996470998584296,4.0,0.004,1.0,0.001,3.0,0.003,36.0,44967.0,1413.0,24.1875,362.8125,44967.0,449.67000000000115,100.0,1000,1,999,0.18586191604845226,964,0,0,0,0,1,0,0,0,0,0,0,0,0,0,1,34,0.7945399880409241,0.07377303391695023,1.4440586566925049,0.10745148360729218,0.011747999999999998
678,48585.0,48737.0,0.9968812196072799,3.0,0.003,1.0,0.001,2.0,0.002,35.0,45085.0,1059.0,741.0,0.0,45085.0,450.8500000000002,100.0,1000,1,999,0.18554008298087865,965,0,0,0,1,0,0,0,0,0,0,0,0,0,0,0,34,0.28316983580589294,-0.01639035902917385,0.6012697815895081,0.09169088304042816,0.011720999999999999
679,50813.0,51702.0,0.9828053073382074,17.0,0.017,1.0,0.001,16.0,0.016,36.0,47213.0,1023.0,777.0,0.0,47213.0,472.1300000000006,100.0,1000,1,999,0.18666241702158004,964,0,0,0,0,0,1,0,1,0,0,0,0,0,0,0,34,0.5131338834762573,-0.028434736654162407,1.085479497909546,0.10014576464891434,0.011694
680,49978.0,50455.0,0.9905460311168368,7.0,0.007,0.0,0.0,7.0,0.007,33.0,46678.0,828.0,972.0,0.0,46678.0,466.77999999999923,100.0,1000,0,1000,0.18785466707777232,967,0,0,0,0,0,0,0,0,0,0,0,1,0,0,0,32,0.3417265713214874,-0.05637983977794647,0.7983941435813904,0.0934845581650734,0.011666999999999997
681,50804.0,51546.0,0.9856050905986885,9.0,0.009,1.0,0.001,8.0,0.008,36.0,47204.0,1334.37890625,465.62109375,0.0,47204.0,472.04000000000025,100.0,1000,1,999,0.18579691706690937,964,0,0,1,0,0,0,0,1,0,0,0,0,0,0,1,33,0.3797445595264435,-0.06692325323820114,0.8964239954948425,0.13266193866729736,0.011639999999999998
682,50061.0,50199.0,0.9972509412538099,2.0,0.002,0.0,0.0,2.0,0.002,36.0,46461.0,1427.0,373.0,0.0,46461.0,464.61000000000007,100.0,1000,0,1000,0.2185937500325963,964,0,0,0,0,0,0,0,0,0,0,0,1,0,0,1,34,0.5192452073097229,0.14903531968593597,0.7439316511154175,0.15120486915111542,0.011612999999999998
683,49468.0,49575.0,0.9978416540595058,2.0,0.002,0.0,0.0,2.0,0.002,38.0,45668.0,1569.125,230.875,0.0,45668.0,456.68000000000006,100.0,1000,0,1000,0.1972899161046371,962,0,0,0,0,0,2,0,0,0,0,0,0,0,0,0,36,0.4535522162914276,0.04110170155763626,0.8275379538536072,0.11379676312208176,0.011585999999999999
684,50036.0,50099.0,0.9987424898700573,1.0,0.001,0.0,0.0,1.0,0.001,39.0,46136.0,1097.01513671875,43.0,659.98486328125,46136.0,461.3599999999998,100.0,1000,0,1000,0.1913523750845343,961,0,1,0,2,0,0,0,0,0,0,0,0,0,0,1,35,0.09749509394168854,-0.05275023356080055,0.3034868538379669,0.12960490584373474,0.011558999999999996
685,49384.0,49384.0,1.0,0.0,0.0,0.0,0.0,0.0,0.0,41.0,45284.0,1255.0,238.4375,306.5625,45284.0,452.83999999999975,100.0,1000,0,1000,0.18476650002412498,959,0,1,0,0,0,0,0,0,2,0,0,0,0,0,1,37,0.3563860356807709,-0.007461206521838903,0.7299290895462036,0.09688582271337509,0.011531999999999997
686,49507.0,49736.0,0.9953956892391829,5.0,0.005,3.0,0.003,2.0,0.002,39.0,45607.0,772.0,0.0,1028.0,45607.0,456.0699999999999,100.0,1000,3,997,0.19080883299466223,961,0,0,1,0,0,0,0,1,0,0,1,1,0,0,0,35,0.5773918628692627,-0.05145154893398285,1.2608168125152588,0.13602480292320251,0.011504999999999998
687,49910.0,50008.0,0.998040313549832,2.0,0.002,1.0,0.001,1.0,0.001,39.0,46010.0,1154.0,44.0,602.0,46010.0,460.1000000000002,100.0,1000,1,999,0.19566254201345146,961,0,0,0,0,0,0,0,3,0,0,0,0,0,0,1,35,0.1163242906332016,-0.043244827538728714,0.3216721713542938,0.11038272827863693,0.011477999999999999
688,49375.0,49614.0,0.9951828113032611,4.0,0.004,1.0,0.001,3.0,0.003,38.0,45575.0,1336.0,63.375,400.625,45575.0,455.7500000000002,100.0,1000,1,999,0.19540762493852526,962,0,0,1,0,0,1,0,0,0,0,0,0,0,1,0,35,0.2342294305562973,-0.059530384838581085,0.5907222628593445,0.13984130322933197,0.011450999999999996
689,48757.0,49736.0,0.9803160688434936,9.0,0.009,1.0,0.001,8.0,0.008,45.0,44257.0,1653.0,52.0,95.0,44257.0,442.56999999999897,100.0,1000,1,999,0.1876051250146702,955,1,0,3,1,0,1,0,0,1,1,0,1,1,0,0,35,0.8627612590789795,0.06855231523513794,1.591759204864502,0.14624245464801788,0.011424
690,50286.0,50738.0,0.9910914896133076,6.0,0.006,0.0,0.0,6.0,0.006,39.0,46386.0,1474.828125,290.6396484375,34.5322265625,46386.0,463.86000000000047,100.0,1000,0,1000,0.1844802499981597,961,0,0,1,0,0,0,0,0,3,0,0,0,0,2,0,33,0.400113046169281,0.023923661559820175,0.7555393576622009,0.13865947723388672,0.011397000000000001
691,49349.0,49349.0,1.0,0.0,0.0,0.0,0.0,0.0,0.0,43.0,45049.0,1581.0,16.265625,202.734375,45049.0,450.49,100.0,1000,0,1000,0.18561266700271517,957,0,0,0,0,0,1,0,0,3,0,0,3,0,1,1,34,0.3893727958202362,0.006181799340993166,0.7688329219818115,0.10778000950813293,0.011370000000000002
692,49828.0,49904.0,0.9984770759858929,1.0,0.001,0.0,0.0,1.0,0.001,41.0,45728.0,1454.725399017334,213.5974692106247,131.67713177204132,45728.0,457.28000000000003,100.0,1000,0,1000,0.18640966701786965,959,0,0,1,1,0,2,0,1,1,0,0,1,0,0,2,32,0.2707960903644562,-0.04207630828022957,0.6286627650260925,0.12862437963485718,0.011342999999999999
693,50459.0,50459.0,1.0,0.0,0.0,0.0,0.0,0.0,0.0,39.0,46559.0,1167.0,360.421875,272.578125,46559.0,465.59000000000003,100.0,1000,0,1000,0.18492220796179026,961,0,0,1,0,1,0,0,0,0,0,0,0,0,0,1,36,0.5240598917007446,0.07391604036092758,0.9024850130081177,0.0970873162150383,0.011316
694,49430.0,49670.0,0.9951681095228508,3.0,0.003,0.0,0.0,3.0,0.003,38.0,45630.0,718.0,240.25,841.75,45630.0,456.300000000001,100.0,1000,0,1000,0.18550879100803286,962,0,0,1,0,0,1,0,1,0,0,0,0,0,1,0,34,0.4109455645084381,-0.03253810852766037,0.889112114906311,0.0949922725558281,0.011289
695,50262.0,50296.0,0.9993240019087005,1.0,0.001,0.0,0.0,1.0,0.001,38.0,46462.0,1515.0,285.0,0.0,46462.0,464.6200000000003,100.0,1000,0,1000,0.1839810839155689,962,0,0,0,2,0,1,0,1,0,0,0,0,0,0,0,34,0.188191220164299,-0.011257687583565712,0.4014967083930969,0.11538272351026535,0.011262000000000001
696,50092.0,50308.0,0.9957064482786038,3.0,0.003,1.0,0.001,2.0,0.002,34.0,46692.0,1190.0,610.0,0.0,46692.0,466.9199999999998,100.0,1000,1,999,0.18586433411110193,966,0,0,0,0,0,0,0,0,0,0,0,0,0,0,0,34,0.6296656131744385,0.06678936630487442,1.1284576654434204,0.12038974463939667,0.011235000000000002
697,50181.0,50749.0,0.9888076612347041,9.0,0.009,0.0,0.0,9.0,0.009,39.0,46281.0,1234.3203125,147.85498046875,417.82470703125,46281.0,462.8100000000002,100.0,1000,0,1000,0.18438987503759563,961,1,0,0,1,0,0,0,0,3,0,1,0,0,0,1,32,0.5375861525535583,0.03404451534152031,1.0103800296783447,0.14707179367542267,0.011208
698,49736.0,49736.0,1.0,0.0,0.0,0.0,0.0,0.0,0.0,40.0,45736.0,1345.0,455.0,0.0,45736.0,457.35999999999973,100.0,1000,0,1000,0.18532320798840374,960,0,0,1,2,0,0,0,0,1,0,0,0,0,0,2,34,0.34575432538986206,-0.009155861102044582,0.7128280401229858,0.13449697196483612,0.011181
699,48928.0,48958.0,0.9993872298705012,1.0,0.001,0.0,0.0,1.0,0.001,39.0,45028.0,1519.0,281.0,0.0,45028.0,450.2800000000003,100.0,1000,0,1000,0.18633249995764345,961,0,0,0,0,0,0,0,0,1,0,0,0,0,0,1,37,0.6765074729919434,0.0086338697001338,1.3381420373916626,0.1073528453707695,0.011154
700,48453.0,48511.0,0.9988043948795119,2.0,0.002,0.0,0.0,2.0,0.002,37.0,44753.0,1161.5546875,0.0,638.4453125,44753.0,447.5300000000004,100.0,1000,0,1000,0.1845639169914648,963,0,0,2,0,0,0,0,0,0,0,0,0,0,0,1,34,0.48395514488220215,-0.14106477797031403,1.2521417140960693,0.09445087611675262,0.011127000000000001
701,49034.0,49579.0,0.9890074426672583,8.0,0.008,0.0,0.0,8.0,0.008,35.0,45534.0,1253.625,546.375,0.0,45534.0,455.33999999999924,100.0,1000,0,1000,0.1863385000033304,965,0,1,0,0,0,0,0,0,0,0,0,0,0,0,1,33,0.30532968044281006,0.014729940332472324,0.5842408537864685,0.1369996964931488,0.011099999999999999
702,51035.0,51035.0,1.0,0.0,0.0,0.0,0.0,0.0,0.0,39.0,47135.0,1114.68359375,685.31640625,0.0,47135.0,471.3499999999998,100.0,1000,0,1000,0.18799687491264194,961,0,0,1,0,0,0,0,0,1,0,0,0,0,0,2,35,0.5762220621109009,0.030167777091264725,1.0942633152008057,0.09729446470737457,0.011073
703,50280.0,51144.0,0.9831065227592679,11.0,0.011,1.0,0.001,10.0,0.01,38.0,46480.0,1701.0,94.75,4.25,46480.0,464.79999999999956,100.0,1000,1,999,0.1870811249827966,962,1,0,0,1,0,0,0,0,0,0,0,0,0,0,0,36,0.5467639565467834,0.00771708320826292,1.0809683799743652,0.13012097775936127,0.011046
704,49902.0,51366.0,0.9714986566989837,17.0,0.017,1.0,0.001,16.0,0.016,36.0,46302.0,1425.5576171875,374.4423828125,0.0,46302.0,463.0199999999992,100.0,1000,1,999,0.18755070900078863,964,0,0,1,0,1,1,0,0,1,0,0,0,0,0,2,30,0.7567837834358215,-0.03901005908846855,1.5948896408081055,0.14983351528644562,0.011019000000000001
705,49118.0,49872.0,0.9848812961180622,15.0,0.015,0.0,0.0,15.0,0.015,36.0,45518.0,1082.0,47.0,671.0,45518.0,455.18000000000075,100.0,1000,0,1000,0.18844829208683223,964,0,0,0,1,0,1,0,0,1,0,0,0,0,0,2,31,0.49528980255126953,0.03760687634348869,0.9184175729751587,0.13881535828113556,0.010992000000000002
706,50231.0,50559.0,0.9935125299155442,6.0,0.006,0.0,0.0,6.0,0.006,34.0,46831.0,1159.0,641.0,0.0,46831.0,468.3099999999995,100.0,1000,0,1000,0.18606658303178847,966,0,0,0,0,0,0,0,0,0,0,0,0,0,0,0,34,0.6100068092346191,0.1343708634376526,0.9543756246566772,0.1415296494960785,0.010964999999999999
707,49586.0,49740.0,0.9969039002814636,3.0,0.003,1.0,0.001,2.0,0.002,40.0,45586.0,1103.5966796875,25.6875,670.7158203125,45586.0,455.85999999999996,100.0,1000,1,999,0.18575579090975225,960,0,0,0,0,1,0,0,2,0,0,1,0,2,0,0,34,0.667917013168335,-0.0069382889196276665,1.3518826961517334,0.09929320216178894,0.010938
708,48965.0,49572.0,0.987755184378278,7.0,0.007,0.0,0.0,7.0,0.007,36.0,45365.0,1396.5,403.5,0.0,45365.0,453.6499999999997,100.0,1000,0,1000,0.18679816694930196,964,1,0,1,0,0,1,0,0,0,0,0,0,0,0,0,33,0.5149288177490234,0.02203916758298874,0.9889655709266663,0.14601212739944458,0.010911
709,50269.0,50673.0,0.9920273123754267,5.0,0.005,0.0,0.0,5.0,0.005,39.0,46369.0,1300.125,0.0,499.875,46369.0,463.6900000000006,100.0,1000,0,1000,0.18466237490065396,961,0,0,0,0,0,1,0,0,1,0,0,0,0,0,2,35,0.5700737833976746,-0.011387249454855919,1.1652649641036987,0.10763183236122131,0.010884000000000001
710,50010.0,50238.0,0.995461602770811,4.0,0.004,0.0,0.0,4.0,0.004,35.0,46510.0,1086.0,456.75,257.25,46510.0,465.09999999999957,100.0,1000,0,1000,0.18599283404182643,965,0,0,0,1,0,1,0,0,0,0,0,0,0,0,0,33,0.2821848690509796,-0.05974986404180527,0.6863847374916077,0.11583667248487473,0.010856999999999999
711,48186.0,48235.0,0.998984140147196,1.0,0.001,0.0,0.0,1.0,0.001,35.0,44686.0,1397.0,403.0,0.0,44686.0,446.85999999999973,100.0,1000,0,1000,0.1878572499845177,965,0,0,0,0,0,0,0,0,0,0,0,0,0,0,0,35,0.52858966588974,-0.05609035864472389,1.171412706375122,0.09476698935031891,0.01083
712,50688.0,50960.0,0.9946624803767661,3.0,0.003,0.0,0.0,3.0,0.003,37.0,46988.0,1447.0,86.75,266.25,46988.0,469.8799999999989,100.0,1000,0,1000,0.18471833295188844,963,1,0,0,0,0,0,0,0,0,0,0,0,0,0,1,35,0.3875470459461212,0.04167168587446213,0.6944810748100281,0.12637118995189667,0.010803
713,48475.0,48562.0,0.9982084757629422,2.0,0.002,0.0,0.0,2.0,0.002,38.0,44675.0,1665.0,135.0,0.0,44675.0,446.75000000000006,100.0,1000,0,1000,0.1863912499975413,962,0,0,0,0,0,1,0,0,1,0,0,1,0,0,1,34,0.4803369343280792,0.017834683880209923,0.927094042301178,0.09695421904325485,0.010776
714,49633.0,49708.0,0.9984911885410799,1.0,0.001,0.0,0.0,1.0,0.001,35.0,46133.0,1392.0,408.0,0.0,46133.0,461.3300000000001,100.0,1000,0,1000,0.18708129099104553,965,0,0,0,0,0,0,0,0,0,0,0,0,0,0,0,35,0.2532946765422821,0.04014185443520546,0.42830029129981995,0.0927841067314148,0.010749000000000002
715,50009.0,50478.0,0.9907088236459448,7.0,0.007,0.0,0.0,7.0,0.007,36.0,46409.0,1531.0,269.0,0.0,46409.0,464.0900000000003,100.0,1000,0,1000,0.1851107080001384,964,0,0,0,0,0,0,0,0,1,0,0,0,0,0,1,34,0.50217205286026,0.01921732909977436,0.9680847525596619,0.10144106298685074,0.010721999999999999
716,49569.0,49717.0,0.9970231510348573,4.0,0.004,0.0,0.0,4.0,0.004,36.0,45969.0,1576.0,224.0,0.0,45969.0,459.69000000000034,100.0,1000,0,1000,0.18576766701880842,964,0,0,0,0,0,0,0,1,1,0,0,1,0,0,1,32,0.708918571472168,0.07452063262462616,1.2708369493484497,0.09542501717805862,0.010695
717,49627.0,49897.0,0.9945888530372567,3.0,0.003,1.0,0.001,2.0,0.002,34.0,46227.0,1237.0,563.0,0.0,46227.0,462.27,100.0,1000,1,999,0.1862497089896351,966,0,0,0,0,0,0,0,0,0,0,0,0,0,0,0,34,0.6265535354614258,0.020847268402576447,1.2133333683013916,0.09002735465765,0.010668
718,47734.0,47890.0,0.9967425349759866,3.0,0.003,0.0,0.0,3.0,0.003,33.0,44434.0,1086.75,713.25,0.0,44434.0,444.3399999999997,100.0,1000,0,1000,0.18607820791658014,967,0,0,0,1,0,1,0,0,0,0,0,0,0,0,0,31,0.5769970417022705,0.05042710527777672,1.0553349256515503,0.10313978046178818,0.010641000000000001
719,48306.0,48506.0,0.9958767987465468,4.0,0.004,1.0,0.001,3.0,0.003,35.0,44806.0,1574.0,226.0,0.0,44806.0,448.05999999999887,100.0,1000,1,999,0.18936308298725635,965,0,0,1,0,0,0,0,1,0,0,0,0,0,0,0,33,0.6300390362739563,0.06430864334106445,1.1336076259613037,0.10113033652305603,0.010613999999999998
720,49847.0,50026.0,0.9964218606324711,3.0,0.003,0.0,0.0,3.0,0.003,36.0,46247.0,1460.0,340.0,0.0,46247.0,462.46999999999974,100.0,1000,0,1000,0.1874210829846561,964,0,0,0,0,0,0,0,0,1,0,0,0,0,0,1,34,0.7302154898643494,0.1369953453540802,1.189062237739563,0.12383200973272324,0.010587
721,49631.0,49745.0,0.9977083123932053,2.0,0.002,0.0,0.0,2.0,0.002,35.0,46131.0,871.0,273.5,655.5,46131.0,461.31000000000006,100.0,1000,0,1000,0.187136041931808,965,0,0,0,0,0,0,0,0,0,0,0,1,0,0,0,34,0.12668552994728088,-0.07390188425779343,0.4033188223838806,0.10151435434818268,0.01056
722,49507.0,50636.0,0.9777036100797851,14.0,0.014,2.0,0.002,12.0,0.012,33.0,46207.0,1405.0,395.0,0.0,46207.0,462.0700000000008,100.0,1000,2,998,0.18757908302359283,967,0,0,0,0,0,0,0,0,0,0,0,0,0,0,0,33,0.4238239824771881,-0.10452388226985931,1.0592290163040161,0.12025447189807892,0.010533
723,50266.0,50466.0,0.9960369357587286,1.0,0.001,0.0,0.0,1.0,0.001,38.0,46466.0,1518.4375,281.5625,0.0,46466.0,464.65999999999894,100.0,1000,0,1000,0.1868766660336405,962,0,0,1,0,0,0,0,0,0,0,0,0,0,0,0,37,0.6618083119392395,-0.015290223993360996,1.356317162513733,0.10089954733848572,0.010506000000000001
724,49755.0,50137.0,0.9923808763986677,8.0,0.008,1.0,0.001,7.0,0.007,36.0,46155.0,1436.0,364.0,0.0,46155.0,461.5499999999994,100.0,1000,1,999,0.18887933308724314,964,0,0,0,0,0,0,0,0,0,0,0,0,0,0,0,36,0.19769909977912903,-0.06979910284280777,0.5379514098167419,0.14099742472171783,0.010478999999999999
725,50192.0,50571.0,0.9925055862055329,4.0,0.004,1.0,0.001,3.0,0.003,35.0,46692.0,1343.0,457.0,0.0,46692.0,466.92000000000024,100.0,1000,1,999,0.18682245805393904,965,0,0,0,0,0,0,0,0,0,0,0,0,0,0,0,35,0.4010085463523865,-0.053576789796352386,0.9115530848503113,0.11396926641464233,0.010452
726,48979.0,49214.0,0.9952249359938229,3.0,0.003,0.0,0.0,3.0,0.003,37.0,45279.0,1677.0,123.0,0.0,45279.0,452.79000000000065,100.0,1000,0,1000,0.18470591597724706,963,0,0,0,0,0,0,0,0,0,0,0,0,2,0,0,35,0.20198848843574524,-0.08676967024803162,0.5797647833824158,0.10784028470516205,0.010425
727,50413.0,51473.0,0.9794066792298876,13.0,0.013,1.0,0.001,12.0,0.012,38.0,46613.0,1194.0,106.0,500.0,46613.0,466.12999999999994,100.0,1000,1,999,0.18691966601181775,962,1,0,0,0,0,0,0,0,1,0,0,0,0,0,0,36,0.49496495723724365,0.020478971302509308,0.950972318649292,0.09618722647428513,0.010398000000000001
728,48364.0,48470.0,0.9978130802558284,2.0,0.002,0.0,0.0,2.0,0.002,35.0,44864.0,1673.0,127.0,0.0,44864.0,448.63999999999976,100.0,1000,0,1000,0.1864337909501046,965,0,0,1,0,0,0,0,0,0,0,0,0,0,0,0,34,0.328655868768692,0.03940450772643089,0.5802659392356873,0.08500751107931137,0.010370999999999998
729,50333.0,50445.0,0.9977797601348003,2.0,0.002,1.0,0.001,1.0,0.001,36.0,46733.0,1332.0,468.0,0.0,46733.0,467.3299999999997,100.0,1000,1,999,0.18506116699427366,964,0,0,0,1,0,0,0,0,1,0,0,0,0,0,2,32,0.15760546922683716,-0.04382309317588806,0.4050283133983612,0.10494983941316605,0.010343999999999999
730,50081.0,50640.0,0.9889612954186414,4.0,0.004,0.0,0.0,4.0,0.004,35.0,46581.0,1281.0,519.0,0.0,46581.0,465.80999999999915,100.0,1000,0,1000,0.18546041601803154,965,0,0,0,0,0,0,0,0,1,0,0,0,0,0,0,34,0.48551249504089355,-0.021738961338996887,1.016213297843933,0.08289305865764618,0.010317
731,50611.0,51713.0,0.9786900779301143,12.0,0.012,1.0,0.001,11.0,0.011,36.0,47011.0,1051.8125,748.1875,0.0,47011.0,470.11,100.0,1000,1,999,0.2372896249871701,964,0,0,0,0,0,0,0,0,1,0,0,0,0,0,1,34,0.5284241437911987,-0.06407149881124496,1.1875582933425903,0.12473652511835098,0.01029
732,48435.0,49343.0,0.9815982003526336,10.0,0.01,0.0,0.0,10.0,0.01,34.0,45035.0,1009.20703125,790.79296875,0.0,45035.0,450.35000000000053,100.0,1000,0,1000,0.18844991701189429,966,0,0,0,0,1,0,0,0,1,0,0,0,0,0,0,32,0.6146120429039001,0.03046352043747902,1.1710094213485718,0.13214021921157837,0.010263000000000001
733,49899.0,50399.0,0.990079168237465,7.0,0.007,1.0,0.001,6.0,0.006,37.0,46199.0,1148.0,652.0,0.0,46199.0,461.99000000000063,100.0,1000,1,999,0.18646629201248288,963,0,0,1,0,0,0,0,0,0,0,0,0,0,0,0,36,0.7078412771224976,0.06816787272691727,1.2817964553833008,0.11965973675251007,0.010235999999999999
734,50446.0,51097.0,0.9872595259995695,7.0,0.007,0.0,0.0,7.0,0.007,37.0,46746.0,1186.0,319.8125,294.1875,46746.0,467.45999999999924,100.0,1000,0,1000,0.18817524996120483,963,0,0,0,0,0,0,0,0,1,0,0,0,0,0,2,34,1.0395991802215576,0.11409470438957214,1.8529505729675293,0.09509620815515518,0.010209
735,49656.0,49656.0,1.0,0.0,0.0,0.0,0.0,0.0,0.0,35.0,46156.0,1118.4375,681.5625,0.0,46156.0,461.55999999999926,100.0,1000,0,1000,0.1878907079808414,965,0,0,1,0,0,0,0,0,0,0,0,0,0,0,1,33,0.7195181250572205,-0.004349003080278635,1.4492837190628052,0.07608931511640549,0.010182
736,49582.0,50256.0,0.9865886660299268,11.0,0.011,0.0,0.0,11.0,0.011,34.0,46182.0,1148.0,652.0,0.0,46182.0,461.82,100.0,1000,0,1000,0.18767929205205292,966,0,0,0,0,0,0,0,1,0,0,0,0,0,1,1,31,0.3055707514286041,-0.014046858064830303,0.6413719058036804,0.10520578920841217,0.010155
737,50960.0,51200.0,0.9953125,2.0,0.002,0.0,0.0,2.0,0.002,35.0,47460.0,695.0,0.0,1105.0,47460.0,474.6000000000001,100.0,1000,0,1000,0.18677087500691414,965,0,0,0,0,0,0,0,0,0,0,0,0,0,0,3,32,0.4017234146595001,-0.007412100210785866,0.8202897906303406,0.09966245293617249,0.010127999999999998
738,51351.0,51647.0,0.9942687861831278,7.0,0.007,0.0,0.0,7.0,0.007,35.0,47851.0,1027.375,772.625,0.0,47851.0,478.51000000000016,100.0,1000,0,1000,0.1850342919351533,965,0,0,0,0,0,0,0,0,0,0,0,0,0,0,3,32,0.4824225604534149,0.03055974468588829,0.9058583974838257,0.10557302832603455,0.010100999999999999
739,50311.0,50736.0,0.9916233049511195,5.0,0.005,0.0,0.0,5.0,0.005,34.0,46911.0,1079.0,721.0,0.0,46911.0,469.1100000000006,100.0,1000,0,1000,0.18596637493465096,966,0,0,0,0,0,0,0,0,0,0,0,0,0,0,1,33,0.5725799798965454,-0.013500620611011982,1.174562931060791,0.11920309066772461,0.010074
740,49792.0,50087.0,0.9941102481681874,5.0,0.005,0.0,0.0,5.0,0.005,39.0,45892.0,1650.4375,149.5625,0.0,45892.0,458.92000000000036,100.0,1000,0,1000,0.18535408307798207,961,0,0,2,0,0,0,0,0,1,0,0,0,0,0,0,36,0.5980892181396484,0.08724477142095566,1.0242711305618286,0.12850484251976013,0.010047
741,48056.0,48548.0,0.9898656999258466,9.0,0.009,1.0,0.001,8.0,0.008,35.0,44556.0,1517.0,283.0,0.0,44556.0,445.5600000000001,100.0,1000,1,999,0.18443220807239413,965,2,0,0,0,0,0,0,0,0,0,0,0,0,0,2,31,0.5264952182769775,0.11635324358940125,0.822843074798584,0.12770181894302368,0.010019999999999998
742,50081.0,50545.0,0.9908200613314868,7.0,0.007,2.0,0.002,5.0,0.005,35.0,46581.0,1511.21875,288.78125,0.0,46581.0,465.8100000000004,100.0,1000,2,998,0.18682079098653048,965,0,0,0,0,0,0,0,0,1,0,0,0,0,0,3,31,0.7615967988967896,-0.002517194487154484,1.5306023359298706,0.11879714578390121,0.009992999999999998
743,48816.0,49636.0,0.9834797324522524,11.0,0.011,1.0,0.001,10.0,0.01,38.0,45016.0,1436.25,295.546875,68.203125,45016.0,450.1600000000007,100.0,1000,1,999,0.18489908403716981,962,0,2,1,0,0,0,0,0,2,0,0,0,0,0,1,32,0.5854135155677795,0.04339239373803139,1.086498498916626,0.12323720753192902,0.009966
744,49603.0,50086.0,0.990356586670926,8.0,0.008,2.0,0.002,6.0,0.006,35.0,46103.0,1562.0,104.125,133.875,46103.0,461.02999999999986,100.0,1000,2,998,0.18693912494927645,965,0,0,0,0,0,0,0,0,1,0,0,0,0,0,1,33,0.3437880575656891,-0.008648576214909554,0.7064586281776428,0.0797547698020935,0.009939
745,50452.0,50918.0,0.9908480301661495,8.0,0.008,0.0,0.0,8.0,0.008,34.0,47052.0,1426.0,374.0,0.0,47052.0,470.5199999999994,100.0,1000,0,1000,0.18761341704521328,966,0,0,0,0,0,0,0,1,0,0,0,0,0,0,0,33,0.426311194896698,0.015801602974534035,0.8236081600189209,0.13059750199317932,0.009912
746,49409.0,49707.0,0.9940048685295834,4.0,0.004,1.0,0.001,3.0,0.003,33.0,46109.0,1510.0,290.0,0.0,46109.0,461.0899999999995,100.0,1000,1,999,0.18528279103338718,967,0,0,0,0,0,0,0,0,0,0,0,0,0,0,0,33,0.48630139231681824,0.032371386885643005,0.9104546904563904,0.13124209642410278,0.009884999999999998
747,49640.0,49967.0,0.9934556807492946,5.0,0.005,1.0,0.001,4.0,0.004,39.0,45740.0,955.5,131.53125,712.96875,45740.0,457.39999999999947,100.0,1000,1,999,0.1898680420126766,961,1,1,0,0,0,1,0,1,2,0,0,0,0,1,3,29,0.5948094129562378,0.06384746730327606,1.0648852586746216,0.1502014696598053,0.009857999999999999
748,49412.0,49885.0,0.9905181918412348,8.0,0.008,1.0,0.001,7.0,0.007,36.0,45812.0,1502.0,298.0,0.0,45812.0,458.12000000000063,100.0,1000,1,999,0.18410795798990875,964,0,1,0,0,0,0,0,0,1,0,0,0,0,0,3,31,0.30224910378456116,-0.0311783105134964,0.6691807508468628,0.11829756200313568,0.009831
749,49375.0,49708.0,0.9933008771223948,7.0,0.007,0.0,0.0,7.0,0.007,41.0,45275.0,1638.0,66.0,96.0,45275.0,452.75000000000034,100.0,1000,0,1000,0.18396324990317225,959,0,3,0,1,0,1,0,0,1,0,0,0,0,1,1,33,0.4849754273891449,0.030806871131062508,0.9113497734069824,0.1536455750465393,0.009804
750,49149.0,49551.0,0.9918871465762548,7.0,0.007,1.0,0.001,6.0,0.006,40.0,45149.0,1457.23876953125,113.75,229.01123046875,45149.0,451.49000000000046,100.0,1000,1,999,0.1857924999203533,960,0,1,1,0,0,0,0,0,1,0,0,1,0,1,1,34,0.23535922169685364,-0.07908420264720917,0.6312173008918762,0.11918061971664429,0.009776999999999997
751,50389.0,50998.0,0.9880583552296168,10.0,0.01,0.0,0.0,10.0,0.01,38.0,46589.0,1350.0,347.59375,102.40625,46589.0,465.8900000000001,100.0,1000,0,1000,0.1933798750396818,962,0,3,0,0,0,0,0,0,0,0,0,0,0,0,3,32,0.25678861141204834,-0.04084360972046852,0.5974792838096619,0.11358337104320526,0.009749999999999998
752,50276.0,50592.0,0.9937539531941809,5.0,0.005,1.0,0.001,4.0,0.004,40.0,46276.0,1654.0,142.25,3.75,46276.0,462.75999999999937,100.0,1000,1,999,0.23522404197137803,960,1,1,0,1,0,0,0,0,1,0,0,0,0,0,0,36,0.5033557415008545,-0.000643186504021287,1.0103600025177002,0.12147338688373566,0.009722999999999999
753,49360.0,49684.0,0.993478785927059,7.0,0.007,1.0,0.001,6.0,0.006,42.0,45160.0,1526.5625,84.875,188.5625,45160.0,451.60000000000076,100.0,1000,1,999,0.18853841698728502,958,0,1,1,0,0,0,0,1,0,0,0,0,0,0,2,37,0.5274732112884521,0.11748917400836945,0.8217813968658447,0.09350479394197464,0.009696
754,47609.0,47903.0,0.9938625973321087,7.0,0.007,0.0,0.0,7.0,0.007,35.0,44109.0,1196.625,603.375,0.0,44109.0,441.090000000001,100.0,1000,0,1000,0.18541174998972565,965,0,1,0,0,0,0,0,2,0,0,0,0,0,0,5,27,0.43576711416244507,0.06708512455224991,0.7392736077308655,0.09874899685382843,0.009669
755,49913.0,50157.0,0.9951352752357597,4.0,0.004,0.0,0.0,4.0,0.004,35.0,46413.0,1591.0,209.0,0.0,46413.0,464.1300000000012,100.0,1000,0,1000,0.18518229201436043,965,1,0,0,0,0,0,0,0,0,0,0,0,0,0,2,32,0.5171170234680176,-0.012563488446176052,1.0612865686416626,0.09985197335481644,0.009641999999999998
756,48699.0,48914.0,0.9956045304002944,3.0,0.003,0.0,0.0,3.0,0.003,32.0,45499.0,1164.0,636.0,0.0,45499.0,454.9900000000005,100.0,1000,0,1000,0.1879223749274388,968,0,0,0,0,0,0,0,0,0,0,0,0,0,0,1,31,0.38997089862823486,0.0026596044190227985,0.7767284512519836,0.10950933396816254,0.009614999999999999
757,50027.0,50073.0,0.999081341241787,1.0,0.001,1.0,0.001,0.0,0.0,35.0,46527.0,1627.0,89.3125,83.6875,46527.0,465.27000000000004,100.0,1000,1,999,0.19107845798134804,965,0,0,0,0,0,0,0,0,0,0,0,0,1,0,2,32,0.18156515061855316,0.011816170997917652,0.3412659764289856,0.09219975769519806,0.009588
758,49365.0,49503.0,0.9972122901642325,2.0,0.002,1.0,0.001,1.0,0.001,34.0,45965.0,939.0,861.0,0.0,45965.0,459.6499999999999,100.0,1000,1,999,0.18603712506592274,966,1,0,0,0,0,0,0,0,0,0,0,0,0,0,1,32,0.5875848531723022,0.15170322358608246,0.8736788034439087,0.10017641633749008,0.009561
759,49346.0,49381.0,0.9992912253700816,1.0,0.001,1.0,0.001,0.0,0.0,36.0,45746.0,1409.0,27.0,364.0,45746.0,457.4599999999997,100.0,1000,1,999,0.18510495906230062,964,0,1,0,0,0,0,0,0,0,0,0,0,0,0,0,35,0.24686719477176666,-0.005873614456504583,0.507110059261322,0.0854010060429573,0.009533999999999997
760,49275.0,49506.0,0.9953338989213428,4.0,0.004,0.0,0.0,4.0,0.004,35.0,45775.0,1206.0,594.0,0.0,45775.0,457.75000000000034,100.0,1000,0,1000,0.18621324992273003,965,0,0,0,0,0,0,0,0,0,0,0,0,1,0,3,31,0.4896692633628845,-0.02987784519791603,1.041062355041504,0.10351116955280304,0.009506999999999998
761,50288.0,50288.0,1.0,0.0,0.0,0.0,0.0,0.0,0.0,36.0,46688.0,1450.0,350.0,0.0,46688.0,466.88000000000017,100.0,1000,0,1000,0.18629162502475083,964,0,0,0,0,0,0,0,0,0,0,0,0,0,0,2,34,0.5906427502632141,-0.06737001985311508,1.3178271055221558,0.09502405673265457,0.009479999999999999
762,49341.0,49774.0,0.9913006790693937,6.0,0.006,1.0,0.001,5.0,0.005,36.0,45741.0,548.0,0.0,1252.0,45741.0,457.41000000000076,100.0,1000,1,999,0.18464762496296316,964,0,1,0,0,0,0,0,0,0,0,1,0,0,0,0,34,0.576535701751709,0.06963509321212769,1.0159354209899902,0.11288668215274811,0.009453
763,50859.0,51155.0,0.9942136643534356,4.0,0.004,1.0,0.001,3.0,0.003,35.0,47359.0,1163.0,637.0,0.0,47359.0,473.58999999999963,100.0,1000,1,999,0.18604641605634242,965,0,0,0,0,0,0,0,0,0,0,0,0,0,0,2,33,0.5726593136787415,0.14477379620075226,0.8580116033554077,0.11884969472885132,0.009426
764,47493.0,47777.0,0.9940557171860938,2.0,0.002,1.0,0.001,1.0,0.001,34.0,44093.0,1600.0,200.0,0.0,44093.0,440.9299999999989,100.0,1000,1,999,0.18679316597990692,966,1,0,0,0,0,0,0,0,0,0,0,0,0,0,1,32,0.4478565752506256,-0.0065404134802520275,0.9107499122619629,0.10405026376247406,0.009398999999999998
765,50277.0,50522.0,0.995150627449428,4.0,0.004,0.0,0.0,4.0,0.004,36.0,46677.0,815.0,124.0,861.0,46677.0,466.76999999999924,100.0,1000,0,1000,0.18637758307158947,964,0,0,0,0,0,1,0,1,0,0,0,0,0,0,2,32,0.24436917901039124,-0.03800798952579498,0.5671796202659607,0.12939022481441498,0.009371999999999998
766,49980.0,49980.0,1.0,0.0,0.0,0.0,0.0,0.0,0.0,39.0,46080.0,1242.0,45.0,513.0,46080.0,460.79999999999876,100.0,1000,0,1000,0.18870529194828123,961,0,0,0,0,0,0,0,0,0,0,0,1,0,0,4,34,0.5137298703193665,0.034576646983623505,0.9607529044151306,0.13089676201343536,0.009345
767,49199.0,49454.0,0.9948436931289684,4.0,0.004,1.0,0.001,3.0,0.003,34.0,45799.0,1484.0,316.0,0.0,45799.0,457.9900000000006,100.0,1000,1,999,0.18555108399596065,966,0,0,0,0,0,0,0,0,0,0,0,0,0,1,0,33,0.27468568086624146,2.0695144485216588e-05,0.5513858795166016,0.11031864583492279,0.009318
768,49479.0,49612.0,0.9973191969684754,3.0,0.003,2.0,0.002,1.0,0.001,37.0,45779.0,1261.0,539.0,0.0,45779.0,457.7899999999993,100.0,1000,2,998,0.186565832933411,963,0,0,0,0,0,1,0,0,1,0,0,0,0,0,2,33,0.19009540975093842,0.015561375766992569,0.3506232500076294,0.08369235694408417,0.009290999999999997
769,50684.0,51132.0,0.991238363451459,9.0,0.009,0.0,0.0,9.0,0.009,39.0,46784.0,1404.125,395.875,0.0,46784.0,467.8400000000001,100.0,1000,0,1000,0.1857297079404816,961,0,2,1,0,1,0,0,0,0,0,0,0,0,0,6,29,0.6278313994407654,0.0025750193744897842,1.2521946430206299,0.09077604115009308,0.009263999999999998
770,48746.0,49418.0,0.9864017159739367,10.0,0.01,1.0,0.001,9.0,0.009,34.0,45346.0,1405.0,395.0,0.0,45346.0,453.46000000000043,100.0,1000,1,999,0.18553583300672472,966,0,1,0,0,0,0,0,0,0,0,0,0,0,0,2,31,0.3190529942512512,-0.03903947025537491,0.7183347344398499,0.11637020111083984,0.009236999999999999
771,50212.0,50212.0,1.0,0.0,0.0,0.0,0.0,0.0,0.0,37.0,46512.0,1252.0,128.9375,419.0625,46512.0,465.11999999999983,100.0,1000,0,1000,0.1887748750159517,963,1,0,0,0,0,1,0,0,0,0,0,0,1,0,4,30,0.32005879282951355,-0.04020213335752487,0.7223846912384033,0.10113126784563065,0.00921
772,50079.0,50079.0,1.0,0.0,0.0,0.0,0.0,0.0,0.0,39.0,46179.0,1045.5,154.03125,600.46875,46179.0,461.78999999999934,100.0,1000,0,1000,0.18666600005235523,961,1,1,0,0,0,0,0,1,0,0,0,0,1,0,4,31,0.6282303333282471,0.045562874525785446,1.1668119430541992,0.08041880279779434,0.009183
773,48560.0,48720.0,0.9967159277504105,4.0,0.004,1.0,0.001,3.0,0.003,39.0,44660.0,1555.0,216.25,28.75,44660.0,446.6000000000002,100.0,1000,1,999,0.18832520896103233,961,0,4,1,0,1,0,0,0,0,0,0,0,0,0,3,30,0.38851067423820496,-0.04002697020769119,0.8586770296096802,0.08747000992298126,0.009155999999999997
774,48748.0,49122.0,0.9923863034892716,6.0,0.006,1.0,0.001,5.0,0.005,37.0,45048.0,1347.5,54.53125,397.96875,45048.0,450.4799999999993,100.0,1000,1,999,0.18586833297740668,963,0,1,0,0,0,0,0,0,0,0,0,0,0,0,4,32,0.3970130980014801,-0.03991115093231201,0.8753849267959595,0.08414941281080246,0.009128999999999998
775,49307.0,49558.0,0.9949352274103072,4.0,0.004,1.0,0.001,3.0,0.003,34.0,45907.0,1249.0,551.0,0.0,45907.0,459.06999999999977,100.0,1000,1,999,0.18465729092713445,966,0,0,1,0,0,0,0,0,0,0,0,0,0,0,0,33,0.41529566049575806,0.07254236191511154,0.6870606541633606,0.08537112176418304,0.009101999999999999
776,49577.0,50513.0,0.9814701166036466,12.0,0.012,0.0,0.0,12.0,0.012,33.0,46277.0,1471.0,329.0,0.0,46277.0,462.77000000000083,100.0,1000,0,1000,0.18555533303879201,967,0,0,0,0,0,0,0,0,0,0,0,0,0,0,2,31,0.4151374101638794,0.015378008596599102,0.8012620806694031,0.0960456058382988,0.009075
777,47943.0,48402.0,0.9905169207883971,6.0,0.006,0.0,0.0,6.0,0.006,34.0,44543.0,1081.375,30.0,688.625,44543.0,445.43000000000023,100.0,1000,0,1000,0.18464454205241054,966,0,1,0,0,0,0,0,0,0,0,0,0,0,0,3,30,0.4959958493709564,0.03187892213463783,0.9298504590988159,0.08933418244123459,0.009047999999999997
778,47826.0,48089.0,0.9945309738193766,5.0,0.005,0.0,0.0,5.0,0.005,33.0,44526.0,1467.0,333.0,0.0,44526.0,445.2600000000004,100.0,1000,0,1000,0.1844792499905452,967,1,0,0,0,0,0,0,0,0,0,0,0,0,0,0,32,0.39046987891197205,0.04295023903250694,0.696864664554596,0.10117339342832565,0.009020999999999998
779,49182.0,49531.0,0.9929539076537925,3.0,0.003,0.0,0.0,3.0,0.003,35.0,45682.0,1283.4375,516.5625,0.0,45682.0,456.8199999999992,100.0,1000,0,1000,0.18591229198500514,965,0,0,0,0,0,0,0,0,0,0,0,0,0,0,1,34,0.43024393916130066,-0.032806169241666794,0.9272774457931519,0.0654481053352356,0.008993999999999999
780,49625.0,49902.0,0.9944491202757405,5.0,0.005,0.0,0.0,5.0,0.005,35.0,46125.0,1634.0,166.0,0.0,46125.0,461.24999999999966,100.0,1000,0,1000,0.1854885829379782,965,0,0,1,0,0,0,0,0,0,1,0,0,0,0,0,33,0.23700739443302155,-0.07992081344127655,0.6354891061782837,0.09103922545909882,0.008967
781,49521.0,49948.0,0.9914511091535196,7.0,0.007,0.0,0.0,7.0,0.007,33.0,46221.0,498.0,1302.0,0.0,46221.0,462.20999999999935,100.0,1000,0,1000,0.18560170801356435,967,0,0,0,0,0,0,0,0,0,0,0,0,0,1,1,31,0.2118563950061798,-0.04042075574398041,0.506415605545044,0.10410009324550629,0.00894
782,49378.0,49698.0,0.9935611090989577,3.0,0.003,1.0,0.001,2.0,0.002,33.0,46078.0,824.8125,975.1875,0.0,46078.0,460.7800000000001,100.0,1000,1,999,0.18449179094750434,967,0,0,0,0,0,0,0,0,0,0,0,0,0,0,1,32,0.21875536441802979,-0.0912790596485138,0.6214135885238647,0.0754367858171463,0.008912999999999997
783,46964.0,47630.0,0.9860172160403107,9.0,0.009,0.0,0.0,9.0,0.009,31.0,43864.0,939.0,861.0,0.0,43864.0,438.640000000001,100.0,1000,0,1000,0.18633525003679097,969,0,0,0,0,0,0,0,0,0,0,0,0,0,0,1,30,0.32085004448890686,-0.08300076425075531,0.8095270991325378,0.10271742939949036,0.008885999999999998
784,49956.0,50172.0,0.9956948098541019,3.0,0.003,0.0,0.0,3.0,0.003,36.0,46356.0,1158.0,384.3125,257.6875,46356.0,463.5599999999998,100.0,1000,0,1000,0.18543924996629357,964,0,0,0,0,0,0,1,0,0,0,0,0,0,0,0,35,0.22954478859901428,-0.08264962583780289,0.6262398958206177,0.10447452962398529,0.008858999999999999
785,50322.0,50322.0,1.0,0.0,0.0,0.0,0.0,0.0,0.0,36.0,46722.0,1074.5625,353.94140625,371.49609375,46722.0,467.2199999999997,100.0,1000,0,1000,0.18529958301223814,964,0,0,0,0,0,0,0,0,2,0,0,0,0,2,1,31,0.13231399655342102,-0.022775813937187195,0.3122595548629761,0.11775001138448715,0.008832
786,49118.0,49274.0,0.9968340301173032,2.0,0.002,1.0,0.001,1.0,0.001,37.0,45418.0,717.6875,11.0,1071.3125,45418.0,454.1800000000002,100.0,1000,1,999,0.18481716606765985,963,0,0,0,0,0,0,0,0,0,0,0,0,0,0,2,35,0.5449976921081543,-0.001893158652819693,1.0950837135314941,0.07393457740545273,0.008804999999999997
787,50577.0,50577.0,1.0,0.0,0.0,0.0,0.0,0.0,0.0,39.0,46677.0,1308.125,491.875,0.0,46677.0,466.77,100.0,1000,0,1000,0.18562779191415757,961,0,0,1,0,1,0,0,1,1,0,0,0,0,0,1,34,0.27838656306266785,-0.064396433532238,0.6872604489326477,0.09651772677898407,0.008777999999999998
788,49467.0,49467.0,1.0,0.0,0.0,0.0,0.0,0.0,0.0,36.0,45867.0,727.625,1072.375,0.0,45867.0,458.66999999999973,100.0,1000,0,1000,0.18603020801674575,964,0,1,0,1,0,0,0,0,0,0,0,0,0,0,1,33,0.26573172211647034,-0.09136199206113815,0.7159355282783508,0.09987867623567581,0.008750999999999998
789,49811.0,50029.0,0.9956425273341462,2.0,0.002,0.0,0.0,2.0,0.002,35.0,46311.0,1332.0,468.0,0.0,46311.0,463.1100000000003,100.0,1000,0,1000,0.18504095799289644,965,0,0,0,0,0,0,0,0,0,0,0,0,0,0,3,32,0.370915025472641,-0.04020233824849129,0.8241106867790222,0.1075158640742302,0.008723999999999999
790,49366.0,49761.0,0.9920620566306947,5.0,0.005,1.0,0.001,4.0,0.004,36.0,45766.0,312.0,73.0,1415.0,45766.0,457.6600000000003,100.0,1000,1,999,0.18524699995759875,964,0,0,1,0,1,0,0,0,0,0,0,0,1,0,3,30,0.5479550957679749,0.04584651067852974,1.0063034296035767,0.11994073539972305,0.008697
791,50612.0,50792.0,0.9964561348243818,1.0,0.001,0.0,0.0,1.0,0.001,37.0,46912.0,1380.0,420.0,0.0,46912.0,469.12000000000023,100.0,1000,0,1000,0.18544454197399318,963,0,0,0,0,0,0,0,1,1,0,0,0,0,0,2,33,0.6709792613983154,-0.07499407976865768,1.4936814308166504,0.10003956407308578,0.008669999999999997
792,49445.0,49557.0,0.9977399761890349,2.0,0.002,0.0,0.0,2.0,0.002,36.0,45845.0,648.75,1151.25,0.0,45845.0,458.44999999999976,100.0,1000,0,1000,0.18598683294840157,964,0,1,0,0,0,0,0,0,0,0,0,0,0,0,4,31,0.3395725190639496,-0.03987370431423187,0.7606294751167297,0.10048960149288177,0.008642999999999998
793,51312.0,51312.0,1.0,0.0,0.0,0.0,0.0,0.0,0.0,38.0,47512.0,1275.0,459.375,65.625,47512.0,475.1199999999996,100.0,1000,0,1000,0.1837228750810027,962,0,1,0,0,0,0,0,0,0,0,0,0,0,0,2,35,0.8841665387153625,0.06775559484958649,1.6346354484558105,0.10524462163448334,0.008615999999999999
794,49315.0,49520.0,0.9958602584814217,2.0,0.002,1.0,0.001,1.0,0.001,36.0,45715.0,1467.0,333.0,0.0,45715.0,457.1500000000008,100.0,1000,1,999,0.18573104101233184,964,0,0,0,0,0,0,0,0,1,0,0,0,0,0,0,35,0.6458526253700256,0.006745332386344671,1.2802197933197021,0.11672886461019516,0.008589
795,50266.0,50408.0,0.9971829868274877,2.0,0.002,0.0,0.0,2.0,0.002,38.0,46466.0,1341.265625,458.734375,0.0,46466.0,464.66000000000014,100.0,1000,0,1000,0.18439175002276897,962,0,1,0,0,1,0,0,0,0,1,0,0,0,0,1,34,0.3030702769756317,0.007122206501662731,0.5945168733596802,0.1530454009771347,0.008561999999999997
796,49300.0,49543.0,0.9950951698524514,4.0,0.004,0.0,0.0,4.0,0.004,39.0,45400.0,1228.0,538.25,33.75,45400.0,453.9999999999994,100.0,1000,0,1000,0.1888795419363305,961,1,2,0,0,0,0,0,0,0,0,0,0,0,0,3,33,0.6314326524734497,0.12290332466363907,1.0191138982772827,0.12040328979492188,0.008534999999999997
797,50782.0,50937.0,0.996957025345034,2.0,0.002,1.0,0.001,1.0,0.001,39.0,46882.0,1549.0,0.0,251.0,46882.0,468.8199999999998,100.0,1000,1,999,0.18539887492079288,961,0,2,0,0,0,0,0,0,0,0,0,0,0,0,0,37,0.4260042905807495,-0.1346120536327362,1.1233015060424805,0.12158244103193283,0.008507999999999998
798,50593.0,50624.0,0.9993876422250316,1.0,0.001,0.0,0.0,1.0,0.001,38.0,46793.0,1610.0,0.0,190.0,46793.0,467.9300000000005,100.0,1000,0,1000,0.18791779200546443,962,0,0,0,0,0,0,0,0,0,0,0,0,0,0,3,35,0.6427706480026245,-0.08421168476343155,1.4556591510772705,0.09989508241415024,0.008480999999999999
799,50125.0,50168.0,0.9991428799234572,1.0,0.001,0.0,0.0,1.0,0.001,38.0,46325.0,1233.0,567.0,0.0,46325.0,463.25,100.0,1000,0,1000,0.18478904198855162,962,0,0,1,0,1,0,0,0,0,0,1,0,0,0,0,35,0.6598240733146667,0.0447874441742897,1.2311832904815674,0.0656508281826973,0.008454
800,48538.0,48794.0,0.9947534532934377,4.0,0.004,1.0,0.001,3.0,0.003,34.0,45138.0,1094.0,706.0,0.0,45138.0,451.38000000000017,100.0,1000,1,999,0.1861243749735877,966,0,0,0,0,0,0,0,0,1,0,0,0,0,0,1,32,0.617110550403595,0.0614839568734169,1.1135058403015137,0.13365787267684937,0.008426999999999997
801,50773.0,51181.0,0.9920282917488912,5.0,0.005,0.0,0.0,5.0,0.005,39.0,46873.0,1471.7542724609375,328.2457275390625,0.0,46873.0,468.7300000000004,100.0,1000,0,1000,0.18676420801784843,961,2,2,0,0,0,0,0,0,0,0,0,0,0,0,4,31,0.6417354941368103,-0.05460395663976669,1.394173502922058,0.08896484225988388,0.008399999999999998
802,49634.0,49846.0,0.9957469004533964,3.0,0.003,0.0,0.0,3.0,0.003,36.0,46034.0,1060.6875,739.3125,0.0,46034.0,460.3399999999999,100.0,1000,0,1000,0.18575770792085677,964,0,0,0,0,0,0,0,1,1,0,0,0,0,0,1,33,0.3220211863517761,0.04675741866230965,0.5523459911346436,0.10859328508377075,0.008372999999999998
803,49057.0,49160.0,0.9979048006509357,2.0,0.002,0.0,0.0,2.0,0.002,36.0,45457.0,711.125,86.25,1002.625,45457.0,454.5700000000002,100.0,1000,0,1000,0.18374741601292044,964,0,0,0,1,0,0,0,0,0,0,0,0,1,0,0,34,0.47444167733192444,0.048850271850824356,0.8533686995506287,0.13095392286777496,0.008346
804,49014.0,49014.0,1.0,0.0,0.0,0.0,0.0,0.0,0.0,35.0,45514.0,974.0,826.0,0.0,45514.0,455.1399999999999,100.0,1000,0,1000,0.18550679204054177,965,0,0,0,0,0,0,0,1,0,0,0,0,0,0,2,32,0.34395459294319153,-0.06421396136283875,0.8184518218040466,0.12710092961788177,0.008318999999999997
805,49383.0,49458.0,0.9984835618100206,1.0,0.001,0.0,0.0,1.0,0.001,38.0,45583.0,1317.0,0.0,483.0,45583.0,455.83000000000027,100.0,1000,0,1000,0.18579679203685373,962,0,0,1,1,0,0,0,0,1,0,0,0,1,0,1,33,0.3365192115306854,-0.03197227790951729,0.7392346858978271,0.1357758790254593,0.008291999999999997
806,50754.0,50979.0,0.9955864179367975,2.0,0.002,0.0,0.0,2.0,0.002,39.0,46854.0,1664.0,102.625,33.375,46854.0,468.5400000000004,100.0,1000,0,1000,0.18606304097920656,961,0,0,0,0,0,1,0,0,0,0,0,0,0,0,3,35,0.5962453484535217,-0.09800449013710022,1.3901212215423584,0.09809942543506622,0.008264999999999998
807,48939.0,48939.0,1.0,0.0,0.0,0.0,0.0,0.0,0.0,41.0,44839.0,1545.0,127.5,127.5,44839.0,448.39000000000044,100.0,1000,0,1000,0.1858180839335546,959,1,2,0,0,0,0,0,3,0,0,0,0,0,1,2,32,0.3237013816833496,-0.031231652945280075,0.7116578221321106,0.1087513417005539,0.008237999999999999
808,48025.0,48596.0,0.988250061733476,4.0,0.004,0.0,0.0,4.0,0.004,35.0,44525.0,589.125,92.0,1118.875,44525.0,445.2500000000001,100.0,1000,0,1000,0.18563420802820474,965,0,2,0,0,0,0,0,0,0,0,0,0,0,0,0,33,0.15383653342723846,-0.11950068920850754,0.5482550859451294,0.09625109285116196,0.008210999999999996
809,49161.0,49161.0,1.0,0.0,0.0,0.0,0.0,0.0,0.0,35.0,45661.0,1104.0,76.59375,619.40625,45661.0,456.6100000000004,100.0,1000,0,1000,0.18582666700240225,965,0,1,0,0,0,0,0,0,0,0,0,0,0,1,1,32,0.29433876276016235,-0.04436691105365753,0.6787638664245605,0.08263412117958069,0.008183999999999997
810,50286.0,50432.0,0.9971050126903553,3.0,0.003,0.0,0.0,3.0,0.003,35.0,46786.0,972.796875,827.203125,0.0,46786.0,467.85999999999984,100.0,1000,0,1000,0.18362295790575445,965,0,0,0,0,0,1,0,0,0,0,0,0,0,1,1,32,0.20644718408584595,0.017181718721985817,0.38035231828689575,0.11164616048336029,0.008156999999999998
811,51392.0,51481.0,0.9982712068530137,1.0,0.001,0.0,0.0,1.0,0.001,38.0,47592.0,1644.0,156.0,0.0,47592.0,475.91999999999956,100.0,1000,0,1000,0.1872153339209035,962,0,0,0,0,0,1,0,0,0,0,0,0,1,0,1,35,0.3562260866165161,-0.00621227128431201,0.7261819243431091,0.08027265965938568,0.008129999999999998
812,49396.0,49557.0,0.9967512157717376,3.0,0.003,0.0,0.0,3.0,0.003,35.0,45896.0,1613.0,187.0,0.0,45896.0,458.96000000000015,100.0,1000,0,1000,0.18381120800040662,965,0,1,0,0,0,1,0,1,0,0,0,0,0,0,0,32,0.1452505737543106,0.000914646137971431,0.2908473312854767,0.1342383325099945,0.008102999999999999
813,51318.0,51482.0,0.9968144205741812,2.0,0.002,0.0,0.0,2.0,0.002,34.0,47918.0,1188.0,612.0,0.0,47918.0,479.17999999999955,100.0,1000,0,1000,0.1843700830359012,966,0,0,0,0,0,0,0,0,0,0,0,0,0,0,2,32,0.2642003893852234,-0.06267158687114716,0.6555520296096802,0.11194095760583878,0.008075999999999996
814,50282.0,50376.0,0.9981340320787677,2.0,0.002,0.0,0.0,2.0,0.002,35.0,46782.0,598.375,94.0,1107.625,46782.0,467.8200000000005,100.0,1000,0,1000,0.18476058403030038,965,0,1,0,0,0,0,0,0,0,0,0,0,0,0,2,32,0.3581176996231079,0.06246042624115944,0.5936577320098877,0.1455582082271576,0.008049
815,49639.0,49760.0,0.9975683279742765,2.0,0.002,0.0,0.0,2.0,0.002,36.0,46039.0,741.1640625,358.38623046875,700.44970703125,46039.0,460.3900000000003,100.0,1000,0,1000,0.18375450000166893,964,0,1,0,0,0,1,0,0,0,0,1,0,0,0,3,30,0.4216556251049042,0.049925658851861954,0.7455000877380371,0.12716127932071686,0.008022000000000001
816,50612.0,50848.0,0.9953587161736942,2.0,0.002,0.0,0.0,2.0,0.002,40.0,46612.0,1552.0,248.0,0.0,46612.0,466.1199999999991,100.0,1000,0,1000,0.18493758293334395,960,0,2,1,0,0,1,0,0,0,0,0,0,0,0,1,35,0.5079445242881775,0.02072884887456894,0.97601318359375,0.09892668575048447,0.007995000000000002
817,50509.0,50950.0,0.9913444553483808,8.0,0.008,0.0,0.0,8.0,0.008,40.0,46509.0,1324.75,475.25,0.0,46509.0,465.0900000000011,100.0,1000,0,1000,0.18390112498309463,960,0,1,2,0,0,1,0,0,0,0,0,0,0,0,2,34,0.906756579875946,0.06620308756828308,1.6830012798309326,0.11887543648481369,0.007968
818,49385.0,49492.0,0.9978380344298068,2.0,0.002,0.0,0.0,2.0,0.002,41.0,45285.0,1679.0,112.0,9.0,45285.0,452.8499999999992,100.0,1000,0,1000,0.18508541595656425,959,0,0,1,0,0,3,0,1,0,0,0,0,0,0,1,35,0.10218638926744461,-0.04986453428864479,0.3057596981525421,0.1043856218457222,0.007941
819,49692.0,50046.0,0.9929265076129961,6.0,0.006,1.0,0.001,5.0,0.005,37.0,45992.0,1542.0,258.0,0.0,45992.0,459.9199999999998,100.0,1000,1,999,0.18362516700290143,963,0,0,2,0,0,0,0,0,0,0,0,0,0,0,3,32,0.49816691875457764,0.09277692437171936,0.8129918575286865,0.13974390923976898,0.007914000000000001
820,49447.0,49496.0,0.9990100210117989,1.0,0.001,1.0,0.001,0.0,0.0,39.0,45547.0,1395.4375,360.7421875,43.8203125,45547.0,455.4700000000004,100.0,1000,1,999,0.18558916600886732,961,0,2,2,0,0,0,0,0,0,0,0,0,0,0,2,33,0.18143722414970398,-0.004965765867382288,0.3744925856590271,0.1069239005446434,0.007887000000000002
821,48972.0,49489.0,0.9895532340520116,8.0,0.008,0.0,0.0,8.0,0.008,36.0,45372.0,1339.25,460.75,0.0,45372.0,453.72000000000065,100.0,1000,0,1000,0.18549249996431172,964,0,0,0,1,0,0,0,0,0,0,1,0,0,0,1,33,0.39331480860710144,-0.10146024078130722,0.991407036781311,0.11812368035316467,0.007859999999999999
822,50253.0,50352.0,0.9980338417540515,2.0,0.002,0.0,0.0,2.0,0.002,34.0,46853.0,928.0,872.0,0.0,46853.0,468.5299999999999,100.0,1000,0,1000,0.1858602090505883,966,0,0,0,0,0,0,0,0,0,0,0,0,0,0,2,32,0.4649546444416046,0.03502874821424484,0.8619039058685303,0.13099095225334167,0.007833
823,50206.0,50262.0,0.9988858382077912,1.0,0.001,0.0,0.0,1.0,0.001,35.0,46706.0,1171.0,550.375,78.625,46706.0,467.0599999999993,100.0,1000,0,1000,0.1845380829181522,965,0,1,0,0,0,0,0,0,0,0,0,0,0,0,4,30,0.6665726900100708,0.042982034385204315,1.2487187385559082,0.09847981482744217,0.0078060000000000004
824,49357.0,49458.0,0.9979578632374945,2.0,0.002,0.0,0.0,2.0,0.002,34.0,45957.0,1284.6640625,515.3359375,0.0,45957.0,459.5699999999998,100.0,1000,0,1000,0.1838157910387963,966,0,0,0,0,0,0,0,0,0,0,0,0,0,0,6,28,0.26564663648605347,-0.023413458839058876,0.5799504518508911,0.11764319241046906,0.007779000000000001
825,50384.0,50859.0,0.9906604534104092,5.0,0.005,0.0,0.0,5.0,0.005,36.0,46784.0,1607.0,193.0,0.0,46784.0,467.83999999999975,100.0,1000,0,1000,0.18365087499842048,964,0,0,0,0,0,0,0,0,0,0,0,0,1,0,1,34,0.8477738499641418,0.07324213534593582,1.5508692264556885,0.11646925657987595,0.007752000000000002
826,49933.0,50106.0,0.9965473196822736,3.0,0.003,1.0,0.001,2.0,0.002,36.0,46333.0,982.0,818.0,0.0,46333.0,463.3299999999996,100.0,1000,1,999,0.18420333391986787,964,0,0,0,0,1,0,0,0,1,0,0,0,0,0,2,32,0.2640937268733978,0.05098512023687363,0.4280567169189453,0.11906228959560394,0.007724999999999999
827,49938.0,49995.0,0.9988598859885989,1.0,0.001,0.0,0.0,1.0,0.001,40.0,45938.0,1425.75,374.25,0.0,45938.0,459.38000000000056,100.0,1000,0,1000,0.18507533299271017,960,0,0,0,0,0,1,0,0,2,0,0,1,0,0,4,32,0.5606235265731812,0.10778916627168655,0.9075599312782288,0.12284164875745773,0.007698
828,51829.0,52006.0,0.9965965465523209,2.0,0.002,1.0,0.001,1.0,0.001,39.0,47929.0,1538.0,262.0,0.0,47929.0,479.2899999999992,100.0,1000,1,999,0.18437645805533975,961,0,0,1,0,0,0,1,0,0,0,0,0,1,0,0,36,0.2888784408569336,-0.037834253162145615,0.6548382043838501,0.09208594262599945,0.007671000000000001
829,49957.0,50067.0,0.9978029440549664,1.0,0.001,0.0,0.0,1.0,0.001,36.0,46357.0,1676.0,124.0,0.0,46357.0,463.57000000000033,100.0,1000,0,1000,0.1886018340010196,964,0,0,0,0,0,0,0,0,0,0,0,0,0,0,2,34,0.3877551257610321,0.004573477432131767,0.7676719427108765,0.08559662103652954,0.0076440000000000015
830,49401.0,49401.0,1.0,0.0,0.0,0.0,0.0,0.0,0.0,35.0,45901.0,1641.0,159.0,0.0,45901.0,459.00999999999937,100.0,1000,0,1000,0.18501666595693678,965,0,0,0,0,0,0,0,0,0,0,0,0,0,0,0,35,0.3250390887260437,0.014221160672605038,0.623029887676239,0.09150738269090652,0.007616999999999999
831,50542.0,50614.0,0.9985774686845537,2.0,0.002,0.0,0.0,2.0,0.002,34.0,47142.0,417.0,1383.0,0.0,47142.0,471.4199999999991,100.0,1000,0,1000,0.18518145801499486,966,0,0,0,0,0,0,0,0,0,0,0,0,0,0,0,34,0.2818216383457184,0.0771598294377327,0.4115257263183594,0.14506621658802032,0.0075899999999999995
832,50187.0,50187.0,1.0,0.0,0.0,0.0,0.0,0.0,0.0,42.0,45987.0,1205.614501953125,594.385498046875,0.0,45987.0,459.87,100.0,1000,0,1000,0.18486887495964766,958,0,0,2,0,1,0,0,2,0,0,0,0,0,0,2,35,0.4158412516117096,0.012938262894749641,0.8069688081741333,0.07687703520059586,0.007563
833,49401.0,49564.0,0.9967113227342426,2.0,0.002,0.0,0.0,2.0,0.002,38.0,45601.0,966.3017578125,729.4859619140625,104.2122802734375,45601.0,456.0099999999991,100.0,1000,0,1000,0.18538575002457947,962,0,1,0,3,0,0,0,0,1,0,0,0,0,0,3,30,0.3854920268058777,0.05787408724427223,0.6573213934898376,0.13837160170078278,0.007536000000000001
834,47708.0,47765.0,0.998806657594473,1.0,0.001,0.0,0.0,1.0,0.001,36.0,44108.0,1558.0,242.0,0.0,44108.0,441.0800000000003,100.0,1000,0,1000,0.18400958296842873,964,0,0,0,0,0,0,0,0,1,0,0,0,0,0,2,33,0.3463486135005951,0.03541773185133934,0.6237303614616394,0.124425008893013,0.007509000000000002
835,50998.0,51143.0,0.9971648123887922,2.0,0.002,0.0,0.0,2.0,0.002,36.0,47398.0,998.0,59.0,743.0,47398.0,473.9800000000003,100.0,1000,0,1000,0.18588249990716577,964,0,0,0,0,0,0,0,0,0,0,0,0,0,0,4,32,0.3225555121898651,-0.021187683567404747,0.6894847750663757,0.13354581594467163,0.007481999999999999
836,49084.0,49150.0,0.9986571719226857,1.0,0.001,1.0,0.001,0.0,0.0,38.0,45284.0,1127.087890625,47.0,625.912109375,45284.0,452.83999999999975,100.0,1000,1,999,0.18370979209430516,962,0,0,1,0,0,0,0,0,1,0,0,0,2,0,2,32,0.3225933015346527,0.07612436264753342,0.4947799742221832,0.12354821711778641,0.007455
837,49794.0,49794.0,1.0,0.0,0.0,0.0,0.0,0.0,0.0,41.0,45694.0,1586.0,214.0,0.0,45694.0,456.94000000000034,100.0,1000,0,1000,0.1857788749039173,959,0,0,0,1,1,0,0,0,1,0,0,0,0,0,3,35,0.0932902991771698,-0.03086278773844242,0.24957275390625,0.08525781333446503,0.007428000000000001
838,49282.0,49432.0,0.9969655284026542,2.0,0.002,0.0,0.0,2.0,0.002,37.0,45582.0,1129.0,41.9375,629.0625,45582.0,455.8200000000004,100.0,1000,0,1000,0.18415429105516523,963,0,0,0,0,0,0,0,0,0,0,0,0,0,0,2,35,0.7083775997161865,0.13112685084342957,1.155958890914917,0.09846440702676773,0.007401000000000001
839,49930.0,50080.0,0.9970047923322684,2.0,0.002,0.0,0.0,2.0,0.002,37.0,46230.0,1282.375,517.625,0.0,46230.0,462.3,100.0,1000,0,1000,0.18644550000317395,963,0,0,0,0,0,0,0,0,0,0,0,0,2,0,1,34,0.4556156098842621,0.06090938672423363,0.7911041378974915,0.1147065982222557,0.007373999999999999
840,49101.0,49215.0,0.9976836330387077,1.0,0.001,0.0,0.0,1.0,0.001,36.0,45501.0,1488.0,312.0,0.0,45501.0,455.0100000000001,100.0,1000,0,1000,0.18430454202461988,964,0,0,0,0,0,0,0,0,0,0,0,0,0,0,2,34,0.3777640461921692,0.03923608362674713,0.6785648465156555,0.1026914045214653,0.007346999999999999
841,51408.0,51408.0,1.0,0.0,0.0,0.0,0.0,0.0,0.0,39.0,47508.0,1245.60546875,554.39453125,0.0,47508.0,475.079999999999,100.0,1000,0,1000,0.18478087498806417,961,0,0,0,0,0,0,0,1,0,0,0,0,0,0,3,35,0.5083410739898682,0.04362304508686066,0.930986225605011,0.10588732361793518,0.00732
842,50379.0,50379.0,1.0,0.0,0.0,0.0,0.0,0.0,0.0,39.0,46479.0,747.375,213.6171875,839.0078125,46479.0,464.7900000000001,100.0,1000,0,1000,0.18562966689933091,961,0,0,1,0,0,0,0,0,0,0,0,0,1,0,0,37,0.5816509127616882,0.08170562237501144,1.0014054775238037,0.10386233776807785,0.007293000000000001
843,49371.0,49494.0,0.9975148502848831,3.0,0.003,3.0,0.003,0.0,0.0,38.0,45571.0,1035.0,765.0,0.0,45571.0,455.7099999999995,100.0,1000,3,997,0.1853348750155419,962,0,0,0,2,0,0,0,0,0,0,0,0,0,0,1,35,0.4759066700935364,0.0036276536993682384,0.9462022185325623,0.11314239352941513,0.007266000000000002
844,50737.0,50829.0,0.998190009640166,3.0,0.003,0.0,0.0,3.0,0.003,41.0,46637.0,1400.7890625,399.2109375,0.0,46637.0,466.3699999999987,100.0,1000,0,1000,0.2282367090228945,959,0,1,0,0,0,0,0,0,0,0,0,0,0,0,3,37,0.7055872678756714,0.08751271665096283,1.2378939390182495,0.12052038311958313,0.007238999999999999
845,51163.0,51163.0,1.0,0.0,0.0,0.0,0.0,0.0,0.0,40.0,47163.0,716.0,886.75,197.25,47163.0,471.63,100.0,1000,0,1000,0.18593812501057982,960,0,0,1,0,0,0,0,0,0,0,0,0,0,0,0,39,0.3086308538913727,-0.059596363455057144,0.7380427718162537,0.11011717468500137,0.007212
846,50350.0,50350.0,1.0,0.0,0.0,0.0,0.0,0.0,0.0,43.0,46050.0,1349.75,450.25,0.0,46050.0,460.5000000000003,100.0,1000,0,1000,0.18614279199391603,957,0,0,0,0,0,0,0,0,1,1,0,0,1,0,3,37,0.3691149950027466,0.024358289316296577,0.6908990740776062,0.09642945975065231,0.007185
847,49585.0,49585.0,1.0,0.0,0.0,0.0,0.0,0.0,0.0,41.0,45485.0,1323.0,0.0,477.0,45485.0,454.84999999999934,100.0,1000,0,1000,0.18440087500493973,959,0,0,0,0,1,0,0,0,0,0,0,0,0,1,1,38,0.28551629185676575,-0.003900990355759859,0.5802669525146484,0.10005196183919907,0.007158000000000001
848,49849.0,49849.0,1.0,0.0,0.0,0.0,0.0,0.0,0.0,41.0,45749.0,1274.69140625,525.30859375,0.0,45749.0,457.48999999999995,100.0,1000,0,1000,0.18434812501072884,959,1,0,0,0,0,0,0,0,0,0,0,0,0,0,3,37,0.2569902241230011,0.008166469633579254,0.4987933933734894,0.08034791797399521,0.0071309999999999985
849,50267.0,50466.0,0.996056751079935,2.0,0.002,0.0,0.0,2.0,0.002,37.0,46567.0,1259.0,541.0,0.0,46567.0,465.6700000000012,100.0,1000,0,1000,0.1864470000145957,963,0,0,0,0,0,0,0,0,0,0,0,0,0,0,1,36,0.6373342871665955,0.069730743765831,1.1366496086120605,0.1015283465385437,0.007103999999999999
850,49551.0,49551.0,1.0,0.0,0.0,0.0,0.0,0.0,0.0,36.0,45951.0,1283.0,517.0,0.0,45951.0,459.5100000000002,100.0,1000,0,1000,0.18611758295446634,964,0,0,0,0,0,0,0,0,0,0,0,0,0,0,1,35,0.21220651268959045,-0.01492432039231062,0.4558654725551605,0.11331070214509964,0.007077
851,51377.0,51413.0,0.9992997879913641,1.0,0.001,0.0,0.0,1.0,0.001,39.0,47477.0,1070.0,730.0,0.0,47477.0,474.77000000000004,100.0,1000,0,1000,0.18538024998269975,961,0,0,0,1,0,0,0,1,0,0,0,0,0,0,3,34,0.7174524068832397,0.10974456369876862,1.2172651290893555,0.13116233050823212,0.007050000000000001
852,49758.0,49758.0,1.0,0.0,0.0,0.0,0.0,0.0,0.0,40.0,45758.0,1017.6875,782.3125,0.0,45758.0,457.58000000000055,100.0,1000,0,1000,0.18487691599875689,960,1,1,0,0,0,0,0,0,0,0,0,0,0,0,3,35,0.41155803203582764,0.067558154463768,0.6892777681350708,0.09099152684211731,0.007022999999999998
853,51338.0,51338.0,1.0,0.0,0.0,0.0,0.0,0.0,0.0,40.0,47338.0,1487.0,313.0,0.0,47338.0,473.37999999999994,100.0,1000,0,1000,0.1865042500430718,960,2,0,0,0,0,0,0,0,0,0,0,0,0,0,1,37,0.5982046723365784,0.1252627819776535,0.9471986889839172,0.09397110342979431,0.006995999999999999
854,50309.0,50309.0,1.0,0.0,0.0,0.0,0.0,0.0,0.0,38.0,46509.0,1690.0,110.0,0.0,46509.0,465.08999999999986,100.0,1000,0,1000,0.18594812508672476,962,0,0,0,0,0,1,0,0,0,0,0,0,0,0,0,37,0.4492494463920593,0.06153120845556259,0.7771710157394409,0.12444601953029633,0.0069689999999999995
855,50092.0,50147.0,0.9989032245199114,1.0,0.001,0.0,0.0,1.0,0.001,39.0,46192.0,1319.71875,480.28125,0.0,46192.0,461.9199999999997,100.0,1000,0,1000,0.18338325002696365,961,0,1,0,0,0,0,0,0,0,0,1,0,0,0,2,35,0.41967397928237915,0.04882492125034332,0.7431602478027344,0.10530687123537064,0.006942
856,46345.0,46345.0,1.0,0.0,0.0,0.0,0.0,0.0,0.0,37.0,42645.0,1665.0,135.0,0.0,42645.0,426.44999999999897,100.0,1000,0,1000,0.18446649995166808,963,0,0,1,0,0,0,0,0,0,0,0,1,0,0,4,31,0.5344882607460022,0.05688522756099701,0.9566705226898193,0.10589497536420822,0.006915000000000001
857,49058.0,49058.0,1.0,0.0,0.0,0.0,0.0,0.0,0.0,40.0,45058.0,1361.75,438.25,0.0,45058.0,450.58000000000027,100.0,1000,0,1000,0.18551633309107274,960,0,1,0,0,0,0,0,0,0,0,0,0,0,0,2,37,0.5390058159828186,0.01921604759991169,1.0411149263381958,0.11145534366369247,0.006887999999999998
858,47035.0,47100.0,0.9986199575371549,1.0,0.001,1.0,0.001,0.0,0.0,39.0,43135.0,1494.0,306.0,0.0,43135.0,431.35000000000014,100.0,1000,1,999,0.1839322498999536,961,0,0,0,0,0,0,0,2,0,0,0,0,0,1,3,33,0.10969947278499603,-0.17022402584552765,0.5613312721252441,0.10816706717014313,0.006860999999999999
859,49854.0,50104.0,0.9950103784129012,1.0,0.001,0.0,0.0,1.0,0.001,41.0,45754.0,1414.0,386.0,0.0,45754.0,457.54,100.0,1000,0,1000,0.18598808394744992,959,1,1,0,0,0,0,0,0,1,0,0,0,0,0,1,37,0.6768302321434021,0.06508168578147888,1.2246285676956177,0.08277454972267151,0.006834
860,49319.0,49414.0,0.9980774679240701,1.0,0.001,0.0,0.0,1.0,0.001,38.0,45519.0,1402.375,397.625,0.0,45519.0,455.1899999999999,100.0,1000,0,1000,0.18599024997092783,962,0,0,0,0,0,0,0,0,1,0,0,0,0,0,1,36,0.1927700936794281,-0.04886757582426071,0.48450249433517456,0.0901372879743576,0.0068070000000000006
861,49947.0,49947.0,1.0,0.0,0.0,0.0,0.0,0.0,0.0,41.0,45847.0,1152.0,39.5,608.5,45847.0,458.4699999999991,100.0,1000,0,1000,0.22604104201309383,959,0,0,0,0,0,0,0,1,0,0,0,0,0,0,1,39,0.5470844507217407,0.02611318789422512,1.0433989763259888,0.1074070930480957,0.006779999999999998
862,50433.0,50461.0,0.9994451160302016,1.0,0.001,0.0,0.0,1.0,0.001,38.0,46633.0,1206.76220703125,593.23779296875,0.0,46633.0,466.33000000000015,100.0,1000,0,1000,0.18423341703601182,962,0,0,0,0,0,0,0,0,0,0,0,0,0,1,2,35,0.0743408054113388,-0.05260655656456947,0.2551986277103424,0.09654293954372406,0.006752999999999999
863,50741.0,50955.0,0.995800215876754,2.0,0.002,0.0,0.0,2.0,0.002,38.0,46941.0,1114.0,686.0,0.0,46941.0,469.409999999999,100.0,1000,0,1000,0.18420070805586874,962,0,0,0,0,0,0,0,0,0,0,0,0,0,0,1,37,0.2589411735534668,-0.02867909148335457,0.5761828422546387,0.07005033642053604,0.006725999999999999
864,50543.0,50629.0,0.9983013687807383,2.0,0.002,0.0,0.0,2.0,0.002,36.0,46943.0,534.125,1265.875,0.0,46943.0,469.4299999999999,100.0,1000,0,1000,0.18562220805324614,964,0,0,0,0,0,0,0,0,0,0,0,0,0,1,0,35,0.26662760972976685,-0.004548044875264168,0.5436928868293762,0.10013198107481003,0.006699
865,51057.0,51356.0,0.9941778954747255,2.0,0.002,0.0,0.0,2.0,0.002,38.0,47257.0,851.0,949.0,0.0,47257.0,472.5700000000001,100.0,1000,0,1000,0.18635858304332942,962,0,0,0,0,0,0,0,0,1,0,0,0,0,0,0,37,0.6745295524597168,-0.026774076744914055,1.4043982028961182,0.13421469926834106,0.006672000000000001
866,50411.0,50565.0,0.9969544151092653,3.0,0.003,0.0,0.0,3.0,0.003,38.0,46611.0,1129.0,671.0,0.0,46611.0,466.10999999999916,100.0,1000,0,1000,0.18624054093379527,962,0,0,0,0,1,0,0,0,0,0,0,0,0,0,0,37,0.23178383708000183,-0.010105051100254059,0.4852120280265808,0.1079208180308342,0.006644999999999998
867,49686.0,49686.0,1.0,0.0,0.0,0.0,0.0,0.0,0.0,37.0,45986.0,1234.0,566.0,0.0,45986.0,459.85999999999933,100.0,1000,0,1000,0.1842478329781443,963,0,0,0,0,0,0,0,0,0,0,0,0,0,0,1,36,0.2297787070274353,-0.02636643871665001,0.5135428309440613,0.09462973475456238,0.006617999999999999
868,49538.0,49822.0,0.9942997069567661,2.0,0.002,0.0,0.0,2.0,0.002,37.0,45838.0,1454.25,345.75,0.0,45838.0,458.38000000000034,100.0,1000,0,1000,0.1842550840228796,963,0,0,0,0,0,0,0,0,0,0,0,0,1,1,1,34,0.6074637770652771,0.07402842491865158,1.0681570768356323,0.09758827835321426,0.006591
869,49848.0,49848.0,1.0,0.0,0.0,0.0,0.0,0.0,0.0,37.0,46148.0,1052.94921875,747.05078125,0.0,46148.0,461.4800000000004,100.0,1000,0,1000,0.1865416670916602,963,0,0,0,0,0,0,0,0,1,0,0,0,1,0,1,34,0.2683943510055542,-0.014320128597319126,0.5667288303375244,0.09901273995637894,0.006564
870,50645.0,50645.0,1.0,0.0,0.0,0.0,0.0,0.0,0.0,40.0,46645.0,1130.70703125,669.29296875,0.0,46645.0,466.45000000000056,100.0,1000,0,1000,0.18539712496567518,960,0,0,0,1,0,0,0,0,0,0,0,0,1,1,0,37,0.24931494891643524,-0.04062708467245102,0.5811543464660645,0.09715890139341354,0.006536999999999998
871,49794.0,49794.0,1.0,0.0,0.0,0.0,0.0,0.0,0.0,37.0,46094.0,982.0,818.0,0.0,46094.0,460.93999999999966,100.0,1000,0,1000,0.18357962497975677,963,0,0,0,0,0,0,0,0,0,0,0,0,0,0,0,37,0.24440063536167145,-0.09088263660669327,0.6716588735580444,0.08389651030302048,0.006509999999999998
872,49867.0,49867.0,1.0,0.0,0.0,0.0,0.0,0.0,0.0,39.0,45967.0,1181.0,619.0,0.0,45967.0,459.67000000000024,100.0,1000,0,1000,0.18524820799939334,961,0,0,0,0,0,0,0,0,0,0,1,0,0,0,3,35,0.15352413058280945,-0.03205672279000282,0.37230610847473145,0.08826274424791336,0.006482999999999999
873,52251.0,52251.0,1.0,0.0,0.0,0.0,0.0,0.0,0.0,38.0,48451.0,1073.0,0.0,727.0,48451.0,484.5099999999998,100.0,1000,0,1000,0.1843481669202447,962,0,0,0,0,0,0,0,0,0,0,0,0,0,0,1,37,0.6710450053215027,0.043081291019916534,1.2572004795074463,0.09859710186719894,0.006456
874,49689.0,49734.0,0.9990951863916033,1.0,0.001,0.0,0.0,1.0,0.001,36.0,46089.0,394.75,90.0,1315.25,46089.0,460.88999999999953,100.0,1000,0,1000,0.18638970900792629,964,0,0,0,0,0,0,0,0,0,0,0,0,0,0,2,34,0.2053019404411316,-0.0614497996866703,0.5351709127426147,0.12968187034130096,0.006429000000000001
875,51129.0,51185.0,0.9989059294715249,1.0,0.001,0.0,0.0,1.0,0.001,39.0,47229.0,1553.8125,61.887451171875,184.300048828125,47229.0,472.29000000000013,100.0,1000,0,1000,0.18648449995089322,961,0,0,0,0,0,0,0,0,2,0,0,0,0,0,2,35,0.35784420371055603,-0.035759758204221725,0.7884265780448914,0.09518146514892578,0.006401999999999998
876,49516.0,49516.0,1.0,0.0,0.0,0.0,0.0,0.0,0.0,37.0,45816.0,1293.0,259.5,247.5,45816.0,458.15999999999997,100.0,1000,0,1000,0.18295420799404383,963,0,0,0,0,0,0,0,0,1,0,0,0,0,0,1,35,0.4303590953350067,0.028271490707993507,0.8055129051208496,0.10491672903299332,0.006374999999999999
877,50060.0,50060.0,1.0,0.0,0.0,0.0,0.0,0.0,0.0,37.0,46360.0,1481.0,319.0,0.0,46360.0,463.5999999999995,100.0,1000,0,1000,0.18389516603201628,963,0,1,0,0,0,0,0,0,0,0,0,0,0,0,2,34,0.18427379429340363,-0.025833863765001297,0.42162540555000305,0.11106719821691513,0.0063479999999999995
878,48688.0,48734.0,0.9990561004637419,1.0,0.001,0.0,0.0,1.0,0.001,36.0,45088.0,883.125,744.9609375,171.9140625,45088.0,450.88000000000045,100.0,1000,0,1000,0.18367783294524997,964,0,1,1,0,0,0,0,0,0,0,0,0,0,0,4,30,0.41312506794929504,0.010768565349280834,0.8060149550437927,0.10298339277505875,0.006321
879,49053.0,49088.0,0.9992869947848761,1.0,0.001,1.0,0.001,0.0,0.0,39.0,45153.0,863.09375,0.0,936.90625,45153.0,451.5300000000006,100.0,1000,1,999,0.18604849989060313,961,0,0,0,0,1,0,0,0,0,0,0,1,0,0,4,33,0.5709931254386902,0.09379099309444427,0.9555106163024902,0.08789486438035965,0.0062939999999999975
880,52753.0,53016.0,0.9950392334389618,2.0,0.002,0.0,0.0,2.0,0.002,38.0,48953.0,1636.0,164.0,0.0,48953.0,489.530000000001,100.0,1000,0,1000,0.18538699997588992,962,0,0,0,0,0,0,0,0,0,0,0,0,0,0,2,36,0.5791028738021851,-0.0034676974173635244,1.1665263175964355,0.11051969230175018,0.006266999999999998
881,50909.0,51329.0,0.99181749108691,3.0,0.003,0.0,0.0,3.0,0.003,38.0,47109.0,1546.0,0.0,254.0,47109.0,471.089999999999,100.0,1000,0,1000,0.18584537494461983,962,0,0,0,0,0,0,0,0,1,0,0,0,0,0,2,35,0.49665436148643494,-0.04846241697669029,1.0914095640182495,0.09422998875379562,0.006239999999999999
882,49274.0,49337.0,0.99872306788009,1.0,0.001,0.0,0.0,1.0,0.001,35.0,45774.0,1642.18359375,157.81640625,0.0,45774.0,457.74000000000007,100.0,1000,0,1000,0.18717741698492318,965,0,0,0,0,0,0,0,0,0,0,0,0,0,0,4,31,0.5432577133178711,0.1012091189622879,0.8852552175521851,0.09318847954273224,0.006213
883,49650.0,50178.0,0.9894774602415402,5.0,0.005,0.0,0.0,5.0,0.005,35.0,46150.0,830.0,60.0,910.0,46150.0,461.49999999999926,100.0,1000,0,1000,0.22431345796212554,965,0,0,0,0,0,0,0,0,0,0,0,0,0,0,3,32,0.49117791652679443,0.08509518206119537,0.8133597373962402,0.09652853012084961,0.0061860000000000005
884,50761.0,50904.0,0.9971907905076222,2.0,0.002,0.0,0.0,2.0,0.002,36.0,47161.0,230.0,219.0625,1350.9375,47161.0,471.6100000000004,100.0,1000,0,1000,0.18488954205531627,964,0,0,1,0,0,0,0,0,0,0,0,0,0,0,2,33,0.25748056173324585,-0.06808608025312424,0.6526992917060852,0.12713195383548737,0.006158999999999998
885,49145.0,49145.0,1.0,0.0,0.0,0.0,0.0,0.0,0.0,35.0,45645.0,1459.0,341.0,0.0,45645.0,456.44999999999953,100.0,1000,0,1000,0.18424491700716317,965,0,0,0,0,0,0,0,0,0,0,0,0,0,0,0,35,0.28820887207984924,-0.026083333417773247,0.6298664808273315,0.10454186052083969,0.0061319999999999986
886,48940.0,48940.0,1.0,0.0,0.0,0.0,0.0,0.0,0.0,36.0,45340.0,1547.8125,252.1875,0.0,45340.0,453.40000000000106,100.0,1000,0,1000,0.18530029093381017,964,0,0,0,0,0,0,0,0,0,0,0,0,0,0,4,32,0.41796502470970154,0.030261294916272163,0.7762506604194641,0.0690583884716034,0.006104999999999999
887,50621.0,50910.0,0.9943233156550776,3.0,0.003,0.0,0.0,3.0,0.003,35.0,47121.0,1015.0,785.0,0.0,47121.0,471.20999999999947,100.0,1000,0,1000,0.18525412504095584,965,0,1,0,0,0,0,0,0,0,0,0,0,0,0,1,33,0.4202919900417328,0.02275294065475464,0.796523928642273,0.11893820017576218,0.006078
888,49780.0,49973.0,0.9961379144738158,2.0,0.002,0.0,0.0,2.0,0.002,35.0,46280.0,1416.375,383.625,0.0,46280.0,462.80000000000035,100.0,1000,0,1000,0.18469074997119606,965,0,0,0,0,0,0,0,0,0,0,0,0,0,0,4,31,0.5220453143119812,0.025163542479276657,0.9947571754455566,0.08210430294275284,0.006050999999999997
889,48936.0,48936.0,1.0,0.0,0.0,0.0,0.0,0.0,0.0,34.0,45536.0,1555.0,245.0,0.0,45536.0,455.3599999999999,100.0,1000,0,1000,0.1844867500476539,966,0,0,0,0,0,0,0,0,0,0,0,0,0,0,0,34,0.28508269786834717,-0.05314116179943085,0.6775906682014465,0.09486737847328186,0.006023999999999998
890,50194.0,50462.0,0.994689072965796,4.0,0.004,1.0,0.001,3.0,0.003,37.0,46494.0,1230.0,79.6875,490.3125,46494.0,464.93999999999915,100.0,1000,1,999,0.1863133329898119,963,0,0,0,0,0,1,0,0,1,0,0,0,0,0,2,33,0.4824318587779999,-0.02058655209839344,1.0073211193084717,0.10707681626081467,0.005996999999999999
891,49590.0,50182.0,0.988202941293691,4.0,0.004,0.0,0.0,4.0,0.004,36.0,45990.0,1287.0,64.0,449.0,45990.0,459.9000000000008,100.0,1000,0,1000,0.18787174997851253,964,0,0,1,0,0,0,0,0,0,0,0,0,0,0,1,34,0.4665595591068268,0.05349886789917946,0.827058732509613,0.07850492745637894,0.00597
892,50248.0,50480.0,0.99540412044374,2.0,0.002,0.0,0.0,2.0,0.002,35.0,46748.0,1248.0,552.0,0.0,46748.0,467.4800000000003,100.0,1000,0,1000,0.18602483300492167,965,0,1,1,0,0,0,0,0,0,0,0,0,0,0,0,33,0.32825663685798645,-0.0297117717564106,0.7170940041542053,0.09735748916864395,0.005943
893,49070.0,49070.0,1.0,0.0,0.0,0.0,0.0,0.0,0.0,36.0,45470.0,880.0,0.0,920.0,45470.0,454.70000000000044,100.0,1000,0,1000,0.18518641707487404,964,0,0,0,0,0,1,0,0,0,0,0,0,0,0,0,35,0.195497527718544,0.00926582608371973,0.373344749212265,0.07448846846818924,0.005915999999999998
894,49877.0,49956.0,0.9984186083753703,1.0,0.001,0.0,0.0,1.0,0.001,35.0,46377.0,948.25,330.109375,521.640625,46377.0,463.77000000000004,100.0,1000,0,1000,0.18559754197485745,965,0,1,0,0,0,0,0,0,0,0,1,0,0,0,0,33,0.3845537602901459,-0.009861309081315994,0.7900392413139343,0.10265699028968811,0.005888999999999998
895,49891.0,50145.0,0.9949346894007378,3.0,0.003,0.0,0.0,3.0,0.003,36.0,46291.0,920.9127197265625,28.0,851.0872802734375,46291.0,462.90999999999934,100.0,1000,0,1000,0.1841320840176195,964,0,0,0,0,1,1,0,0,0,1,0,0,1,1,1,30,0.5012463927268982,-0.012660538777709007,1.0286520719528198,0.07149007171392441,0.005861999999999999
896,51573.0,51867.0,0.9943316559662213,4.0,0.004,0.0,0.0,4.0,0.004,35.0,48073.0,1469.759765625,192.1201171875,138.1201171875,48073.0,480.73000000000076,100.0,1000,0,1000,0.18540324992500246,965,0,0,0,0,0,0,0,1,0,0,0,0,0,1,2,31,0.36669912934303284,0.021488826721906662,0.6914545297622681,0.0885971188545227,0.005835
897,51313.0,51500.0,0.9963689320388349,3.0,0.003,0.0,0.0,3.0,0.003,35.0,47813.0,1089.375,444.140625,266.484375,47813.0,478.1299999999998,100.0,1000,0,1000,0.18487458303570747,965,0,0,0,0,0,1,0,0,1,0,0,0,0,0,2,31,0.19634929299354553,-0.017502743750810623,0.4285825490951538,0.07562815397977829,0.005807999999999997
898,49633.0,49903.0,0.9945895036370559,5.0,0.005,0.0,0.0,5.0,0.005,34.0,46233.0,1660.56640625,55.589599609375,83.843994140625,46233.0,462.33000000000004,100.0,1000,0,1000,0.1837630830705166,966,0,0,0,0,0,0,0,0,0,0,0,0,0,0,3,31,0.49298056960105896,0.043059609830379486,0.9010054469108582,0.1006360799074173,0.005780999999999998
899,48446.0,48720.0,0.994376026272578,4.0,0.004,0.0,0.0,4.0,0.004,34.0,45046.0,1307.0,493.0,0.0,45046.0,450.4599999999998,100.0,1000,0,1000,0.18522975000087172,966,0,0,0,1,0,0,0,0,0,0,0,0,0,0,0,33,0.33410871028900146,0.01232545543462038,0.6449680328369141,0.12178730219602585,0.005753999999999999
900,47965.0,48454.0,0.9899079539356915,6.0,0.006,0.0,0.0,6.0,0.006,37.0,44265.0,1084.1875,0.0,715.8125,44265.0,442.64999999999964,100.0,1000,0,1000,0.18284575000870973,963,0,0,1,1,1,2,0,0,0,0,0,0,0,0,1,31,0.4002363085746765,0.03809046372771263,0.7254517674446106,0.10128027200698853,0.0057269999999999995
901,50563.0,50658.0,0.9981246792214458,2.0,0.002,0.0,0.0,2.0,0.002,37.0,46863.0,1429.359375,370.640625,0.0,46863.0,468.63000000000034,100.0,1000,0,1000,0.18458279105834663,963,0,1,0,0,0,0,0,0,1,0,2,0,0,1,0,32,0.26017093658447266,-0.029854392632842064,0.5809299349784851,0.0771302655339241,0.0057
902,48701.0,48973.0,0.9944459191799563,3.0,0.003,0.0,0.0,3.0,0.003,34.0,45301.0,1559.0,210.875,30.125,45301.0,453.0099999999998,100.0,1000,0,1000,0.18437350005842745,966,0,1,0,0,0,0,0,0,1,0,0,0,0,0,1,31,0.23342110216617584,-0.017748627811670303,0.503399670124054,0.09344547241926193,0.0056729999999999975
903,50262.0,50796.0,0.9894873612095441,9.0,0.009,0.0,0.0,9.0,0.009,34.0,46862.0,1279.0,521.0,0.0,46862.0,468.61999999999847,100.0,1000,0,1000,0.18495291704311967,966,0,0,0,1,0,0,0,0,0,0,0,0,0,0,1,32,0.3067414164543152,-0.002104966901242733,0.618574321269989,0.07806730270385742,0.005645999999999998
904,49811.0,50962.0,0.977414544170166,18.0,0.018,1.0,0.001,17.0,0.017,31.0,46711.0,1211.0,589.0,0.0,46711.0,467.10999999999984,100.0,1000,1,999,0.18367175001185387,969,0,0,0,0,0,0,0,0,0,0,0,0,0,0,0,31,0.37530896067619324,0.053128909319639206,0.6459799408912659,0.14413508772850037,0.005618999999999999
905,50844.0,51370.0,0.9897605606385049,8.0,0.008,0.0,0.0,8.0,0.008,35.0,47344.0,1040.0,760.0,0.0,47344.0,473.4400000000004,100.0,1000,0,1000,0.22657937498297542,965,0,0,1,1,0,0,0,0,0,1,0,0,0,0,1,31,0.3897966742515564,-0.006117711775004864,0.7930631041526794,0.11036567389965057,0.005592
906,49753.0,50035.0,0.9943639452383332,5.0,0.005,0.0,0.0,5.0,0.005,39.0,45853.0,1108.0,87.0,605.0,45853.0,458.52999999999935,100.0,1000,0,1000,0.18438958295155317,961,0,1,0,6,0,0,0,0,0,0,0,0,0,0,0,32,0.32439157366752625,0.09492272138595581,0.46021440625190735,0.11470449715852737,0.005564999999999997
907,50282.0,50336.0,0.9989272091544819,1.0,0.001,0.0,0.0,1.0,0.001,39.0,46382.0,1495.75,304.25,0.0,46382.0,463.8200000000003,100.0,1000,0,1000,0.18726525001693517,961,0,1,0,3,0,0,0,0,0,0,1,0,0,0,1,33,0.28137198090553284,0.03540630638599396,0.49320247769355774,0.1147618442773819,0.005537999999999998
908,49763.0,49865.0,0.997954477088138,2.0,0.002,0.0,0.0,2.0,0.002,36.0,46163.0,1618.0,182.0,0.0,46163.0,461.63000000000017,100.0,1000,0,1000,0.1851437499281019,964,0,1,0,1,0,0,0,0,0,0,0,0,1,0,0,33,0.2008555680513382,0.017968760803341866,0.3668648898601532,0.09900808334350586,0.0055109999999999985
909,50201.0,51213.0,0.9802393923417883,14.0,0.014,0.0,0.0,14.0,0.014,33.0,46901.0,1372.765625,427.234375,0.0,46901.0,469.0100000000001,100.0,1000,0,1000,0.18475825001951307,967,0,0,0,1,0,0,0,0,0,0,0,0,0,0,2,30,0.6634777188301086,0.018155118450522423,1.291901707649231,0.11455877870321274,0.005483999999999999
910,50332.0,50514.0,0.9963970384447876,4.0,0.004,0.0,0.0,4.0,0.004,35.0,46832.0,1328.0,363.75,108.25,46832.0,468.3199999999994,100.0,1000,0,1000,0.1847830000333488,965,0,0,0,2,0,0,0,0,0,0,0,0,0,1,0,32,0.11579304188489914,-0.08503413945436478,0.4027526378631592,0.10063032805919647,0.005457
911,48419.0,49000.0,0.9881428571428571,7.0,0.007,0.0,0.0,7.0,0.007,33.0,45119.0,1321.0,479.0,0.0,45119.0,451.18999999999966,100.0,1000,0,1000,0.1855947501026094,967,0,0,1,0,0,0,0,0,0,0,0,0,0,0,3,29,0.24758608639240265,-0.04962673783302307,0.5953031182289124,0.08079856634140015,0.005429999999999997
912,49342.0,49404.0,0.9987450408873776,1.0,0.001,0.0,0.0,1.0,0.001,34.0,45942.0,1524.0,276.0,0.0,45942.0,459.42,100.0,1000,0,1000,0.18299624999053776,966,0,0,0,0,0,0,0,0,0,0,0,0,1,0,0,33,0.3257152736186981,0.04331767186522484,0.5656945705413818,0.08322760462760925,0.005402999999999998
913,48796.0,49143.0,0.9929389740146104,3.0,0.003,0.0,0.0,3.0,0.003,36.0,45196.0,1190.515625,471.86328125,137.62109375,45196.0,451.9599999999988,100.0,1000,0,1000,0.18375983298756182,964,0,0,0,2,0,0,1,0,0,0,0,0,0,1,1,31,0.5803033709526062,-0.03303207457065582,1.2277706861495972,0.10228560864925385,0.005375999999999999
914,50031.0,50124.0,0.9981446013885564,2.0,0.002,0.0,0.0,2.0,0.002,38.0,46231.0,841.0249633789062,641.7961177825928,317.178918838501,46231.0,462.3099999999995,100.0,1000,0,1000,0.18549166596494615,962,1,1,0,4,0,0,0,0,1,0,0,0,0,0,1,30,0.22384749352931976,-0.04929583892226219,0.5481165051460266,0.17104461789131165,0.005349
915,49750.0,50260.0,0.9898527656187823,7.0,0.007,0.0,0.0,7.0,0.007,37.0,46050.0,1415.0,192.5,192.5,46050.0,460.49999999999994,100.0,1000,0,1000,0.18951604200992733,963,1,0,0,0,0,1,0,1,0,0,0,1,0,0,0,33,0.23285283148288727,0.04962453991174698,0.3677985668182373,0.1260780245065689,0.005321999999999997
916,48937.0,49078.0,0.9971270222910469,2.0,0.002,0.0,0.0,2.0,0.002,37.0,45237.0,1380.7925915718079,419.20740842819214,0.0,45237.0,452.36999999999927,100.0,1000,0,1000,0.18612362490966916,963,1,1,0,1,1,0,0,0,0,0,1,0,1,0,0,31,0.3413031995296478,-0.07930132746696472,0.8422995209693909,0.10297410935163498,0.005294999999999998
917,49803.0,50376.0,0.9886255359695093,10.0,0.01,0.0,0.0,10.0,0.01,36.0,46203.0,1249.0,50.0,501.0,46203.0,462.0300000000002,100.0,1000,0,1000,0.18716208403930068,964,0,0,0,1,0,0,0,0,0,0,0,1,0,0,0,34,0.27564772963523865,0.013256063684821129,0.5262701511383057,0.14111937582492828,0.005267999999999998
918,50439.0,50659.0,0.9956572376083224,2.0,0.002,0.0,0.0,2.0,0.002,44.0,46039.0,1558.4113521575928,123.71143573522568,117.87721210718155,46039.0,460.38999999999896,100.0,1000,0,1000,0.1852325830841437,956,2,0,0,4,0,0,0,1,0,0,1,0,1,2,2,31,0.4292338192462921,0.007151811383664608,0.8454214334487915,0.11995917558670044,0.005240999999999999
919,49702.0,49702.0,1.0,0.0,0.0,0.0,0.0,0.0,0.0,40.0,45702.0,1630.0,74.375,95.625,45702.0,457.02000000000055,100.0,1000,0,1000,0.18504804198164493,960,1,1,0,1,0,0,0,1,1,0,1,0,1,1,0,32,0.3265721797943115,0.00826154462993145,0.6378905177116394,0.12171253561973572,0.005213999999999996
920,50129.0,50162.0,0.9993421314939596,1.0,0.001,1.0,0.001,0.0,0.0,40.0,46129.0,1530.0,0.0,270.0,46129.0,461.28999999999957,100.0,1000,1,999,0.1836332919774577,960,0,0,1,2,0,0,0,0,0,0,0,1,0,1,0,35,0.36268937587738037,0.02066185511648655,0.6852149963378906,0.11181394010782242,0.005186999999999997
921,49391.0,49836.0,0.9910707119351473,6.0,0.006,1.0,0.001,5.0,0.005,38.0,45591.0,1248.0973834991455,413.92696237564087,137.97565412521362,45591.0,455.90999999999934,100.0,1000,1,999,0.18571379105560482,962,0,1,1,1,2,0,0,0,0,1,0,0,1,0,2,29,0.37830662727355957,0.10342801362276077,0.5510782599449158,0.12800389528274536,0.005159999999999998
922,48394.0,48514.0,0.9975264871995713,3.0,0.003,3.0,0.003,0.0,0.0,38.0,44594.0,1227.3017578125,67.56620025634766,505.13204193115234,44594.0,445.9400000000003,100.0,1000,3,997,0.18438533402513713,962,1,0,0,0,0,0,0,0,0,0,0,0,2,3,1,31,0.0890621468424797,-0.061325039714574814,0.30188822746276855,0.10849898308515549,0.005132999999999999
923,50122.0,50270.0,0.9970558981499901,3.0,0.003,0.0,0.0,3.0,0.003,37.0,46422.0,1591.1885681152344,208.81143188476562,0.0,46422.0,464.2200000000001,100.0,1000,0,1000,0.18626679200679064,963,0,0,0,0,0,0,0,0,1,0,1,0,1,0,1,33,0.26318633556365967,-0.030144687741994858,0.587904155254364,0.12162905931472778,0.005105999999999999
924,52243.0,52243.0,1.0,0.0,0.0,0.0,0.0,0.0,0.0,37.0,48543.0,1435.0,365.0,0.0,48543.0,485.4300000000004,100.0,1000,0,1000,0.18415858410298824,963,0,0,0,0,0,0,0,0,0,0,1,0,0,0,1,35,0.5781128406524658,0.015433820895850658,1.126219391822815,0.08479630202054977,0.005078999999999997
925,48975.0,49745.0,0.9845210573927028,7.0,0.007,0.0,0.0,7.0,0.007,35.0,45475.0,1688.0,112.0,0.0,45475.0,454.7499999999995,100.0,1000,0,1000,0.18452020909171551,965,0,0,0,0,1,0,0,0,0,0,1,0,0,0,0,33,0.46096938848495483,-0.11590494215488434,1.1546119451522827,0.08544529229402542,0.0050519999999999975
926,49068.0,49189.0,0.9975401004289577,2.0,0.002,0.0,0.0,2.0,0.002,34.0,45668.0,875.125,635.8515625,289.0234375,45668.0,456.6800000000001,100.0,1000,0,1000,0.1861540840473026,966,0,0,0,1,1,0,0,0,0,0,0,0,0,2,0,30,0.24489913880825043,0.04388595372438431,0.40299469232559204,0.09634879231452942,0.005024999999999998
927,49164.0,49191.0,0.9994511191071538,1.0,0.001,0.0,0.0,1.0,0.001,34.0,45764.0,1205.0,595.0,0.0,45764.0,457.6399999999997,100.0,1000,0,1000,0.18528970796614885,966,0,1,0,0,0,0,0,0,0,0,0,0,0,0,0,33,0.3795294165611267,0.03633823245763779,0.6873825192451477,0.10005508363246918,0.004997999999999999
928,50037.0,50210.0,0.9965544712208724,2.0,0.002,0.0,0.0,2.0,0.002,35.0,46537.0,953.0,23.0,824.0,46537.0,465.3700000000006,100.0,1000,0,1000,0.18798033299390227,965,0,0,0,0,0,0,0,0,0,0,0,0,1,1,0,33,0.2916930913925171,-0.02116173692047596,0.6268310546875,0.11279567331075668,0.004970999999999996
929,50074.0,50224.0,0.9970133800573431,2.0,0.002,0.0,0.0,2.0,0.002,37.0,46374.0,1027.5,627.65625,144.84375,46374.0,463.7399999999999,100.0,1000,0,1000,0.18728108296636492,963,0,0,1,1,0,0,0,0,0,0,0,1,0,1,0,33,0.32638564705848694,-0.0034567827824503183,0.6606611013412476,0.09873439371585846,0.004943999999999997
930,49357.0,49357.0,1.0,0.0,0.0,0.0,0.0,0.0,0.0,35.0,45857.0,1531.21875,268.78125,0.0,45857.0,458.5699999999996,100.0,1000,0,1000,0.1851128749549389,965,0,0,0,0,0,1,0,0,0,0,0,0,0,2,1,31,0.20850270986557007,-0.028434978798031807,0.4747639298439026,0.09035471081733704,0.004916999999999998
931,50030.0,50248.0,0.9956615188664225,4.0,0.004,1.0,0.001,3.0,0.003,34.0,46630.0,1249.0,551.0,0.0,46630.0,466.3000000000001,100.0,1000,1,999,0.18501374998595566,966,0,0,0,0,0,0,0,0,0,0,0,0,0,2,0,32,0.031952302902936935,-0.08263601362705231,0.23018702864646912,0.10331248492002487,0.0048899999999999985
932,51586.0,51703.0,0.9977370752180724,3.0,0.003,0.0,0.0,3.0,0.003,34.0,48186.0,1565.0,235.0,0.0,48186.0,481.85999999999984,100.0,1000,0,1000,0.18827004195190966,966,0,0,0,0,0,0,0,0,0,0,0,0,0,0,0,34,0.38572004437446594,-0.03020298108458519,0.8328813314437866,0.10644112527370453,0.004862999999999999
933,49641.0,50010.0,0.992621475704859,5.0,0.005,2.0,0.002,3.0,0.003,34.0,46241.0,1234.0,566.0,0.0,46241.0,462.4099999999981,100.0,1000,2,998,0.1851535839959979,966,0,0,0,0,0,0,0,0,0,0,0,0,2,0,0,32,0.1353919804096222,-0.04616697132587433,0.36392080783843994,0.08301243185997009,0.0048359999999999966
934,50527.0,50527.0,1.0,0.0,0.0,0.0,0.0,0.0,0.0,35.0,47027.0,1020.4375,120.0,659.5625,47027.0,470.27000000000015,100.0,1000,0,1000,0.18415208393707871,965,0,0,0,0,0,0,0,0,0,0,0,0,1,1,0,33,-0.02480560541152954,-0.13366536796092987,0.2185589075088501,0.08727210015058517,0.004808999999999997
935,49350.0,49602.0,0.9949195596951735,5.0,0.005,0.0,0.0,5.0,0.005,32.0,46150.0,351.0,934.875,514.125,46150.0,461.5000000000012,100.0,1000,0,1000,0.18653487495612353,968,0,0,0,0,0,1,0,0,0,0,0,0,0,0,0,31,0.4128466546535492,0.03418787196278572,0.7581320405006409,0.08516193926334381,0.004781999999999998
936,49282.0,49719.0,0.991210603592188,7.0,0.007,1.0,0.001,6.0,0.006,32.0,46082.0,1017.0,783.0,0.0,46082.0,460.81999999999977,100.0,1000,1,999,0.18545525008812547,968,0,0,0,0,0,0,0,0,0,0,0,0,0,0,0,32,0.2915468215942383,-0.01985274627804756,0.6235012412071228,0.07382553815841675,0.004754999999999999
937,49863.0,50618.0,0.9850843573432376,8.0,0.008,1.0,0.001,7.0,0.007,35.0,46363.0,284.541748046875,0.0,1515.458251953125,46363.0,463.6299999999995,100.0,1000,1,999,0.1845603749388829,965,2,0,1,0,0,0,0,0,0,0,0,0,0,0,0,32,0.6439837217330933,0.10321539640426636,1.0824344158172607,0.094947449862957,0.004727999999999996
938,50511.0,50796.0,0.9943893219938578,4.0,0.004,0.0,0.0,4.0,0.004,34.0,47111.0,727.9375,101.0,971.0625,47111.0,471.1099999999992,100.0,1000,0,1000,0.1854707080638036,966,1,0,0,0,0,0,0,0,0,0,0,0,0,0,0,33,0.41303959488868713,0.06985145062208176,0.6872978210449219,0.09801309555768967,0.004700999999999997
939,49431.0,49924.0,0.9901249899847768,7.0,0.007,0.0,0.0,7.0,0.007,32.0,46231.0,1192.0,608.0,0.0,46231.0,462.3100000000001,100.0,1000,0,1000,0.18458641599863768,968,0,0,0,0,0,0,0,0,0,0,0,0,0,0,0,32,0.16791032254695892,-0.04589477553963661,0.428426057100296,0.08727850764989853,0.004674000000000001
940,49623.0,50493.0,0.9827698888954904,10.0,0.01,1.0,0.001,9.0,0.009,32.0,46423.0,790.78125,1009.21875,0.0,46423.0,464.2300000000004,100.0,1000,1,999,0.18579004099592566,968,0,0,0,0,1,0,0,1,0,0,0,0,0,0,0,30,0.5419477820396423,-0.004136777948588133,1.093150019645691,0.1055326759815216,0.004647000000000002
941,48223.0,48451.0,0.9952942147736888,4.0,0.004,0.0,0.0,4.0,0.004,32.0,45023.0,1370.0,430.0,0.0,45023.0,450.2300000000008,100.0,1000,0,1000,0.18619020807091147,968,0,0,0,0,0,0,0,0,0,0,0,0,0,1,0,31,0.5534836053848267,0.07349079102277756,0.9605600237846375,0.06215304881334305,0.004619999999999999
942,48652.0,49019.0,0.9925131071625288,5.0,0.005,0.0,0.0,5.0,0.005,31.0,45552.0,249.0,80.0,1471.0,45552.0,455.5199999999998,100.0,1000,0,1000,0.1835705420235172,969,0,0,0,0,0,0,0,0,0,0,0,0,0,1,0,30,0.29566192626953125,0.012161234393715858,0.5678986310958862,0.09767063707113266,0.004593
943,49266.0,50222.0,0.980964517542113,15.0,0.015,0.0,0.0,15.0,0.015,31.0,46166.0,413.5625,1386.4375,0.0,46166.0,461.6599999999999,100.0,1000,0,1000,0.2321465000277385,969,0,0,0,0,0,0,0,0,0,0,1,0,1,0,0,29,0.2966248691082001,-0.017725927755236626,0.6295083165168762,0.08834225684404373,0.004566000000000001
944,49112.0,49282.0,0.9965504646726999,3.0,0.003,0.0,0.0,3.0,0.003,32.0,45912.0,1427.0,373.0,0.0,45912.0,459.1200000000002,100.0,1000,0,1000,0.18732004205230623,968,0,0,0,0,0,0,0,0,0,0,0,0,0,0,0,32,0.0955544039607048,-0.03316115960478783,0.2580299973487854,0.06596861779689789,0.004539000000000001
945,49019.0,49382.0,0.9926491434125795,5.0,0.005,0.0,0.0,5.0,0.005,32.0,45819.0,1331.80859375,468.19140625,0.0,45819.0,458.1899999999992,100.0,1000,0,1000,0.18343437497969717,968,0,0,0,0,0,0,0,0,0,0,0,0,0,0,2,30,0.23587870597839355,-0.001308478182181716,0.4752064645290375,0.09221142530441284,0.004512000000000002
946,50218.0,50811.0,0.9883292987738875,7.0,0.007,0.0,0.0,7.0,0.007,35.0,46718.0,1030.203125,384.8984375,384.8984375,46718.0,467.1800000000001,100.0,1000,0,1000,0.1849152500508353,965,0,0,0,1,0,0,0,1,1,0,0,0,0,0,0,32,0.45741918683052063,0.04983324185013771,0.8160386681556702,0.09662903100252151,0.004484999999999999
947,49973.0,50110.0,0.9972660147675114,2.0,0.002,0.0,0.0,2.0,0.002,34.0,46573.0,1436.1875,363.8125,0.0,46573.0,465.73,100.0,1000,0,1000,0.1872315410291776,966,0,0,0,1,0,0,0,0,0,0,0,0,1,1,0,31,0.20457156002521515,-0.05260350927710533,0.5149838924407959,0.07107801735401154,0.004458
948,49168.0,49416.0,0.9949813825481625,3.0,0.003,0.0,0.0,3.0,0.003,36.0,45568.0,1382.5399932861328,417.4600067138672,0.0,45568.0,455.6799999999991,100.0,1000,0,1000,0.18693816591985524,964,1,1,0,1,0,0,0,0,1,0,0,0,0,1,0,31,0.5687498450279236,-0.047179870307445526,1.2324094772338867,0.062061525881290436,0.004431000000000001
949,49950.0,50029.0,0.9984209158687961,2.0,0.002,1.0,0.001,1.0,0.001,34.0,46550.0,1564.0,236.0,0.0,46550.0,465.5000000000004,100.0,1000,1,999,0.1881552500417456,966,0,0,0,1,0,0,0,0,0,0,0,0,0,0,0,33,0.4268006384372711,-0.09518247097730637,1.0444847345352173,0.05886836722493172,0.004404000000000002
950,48208.0,48502.0,0.9939383942930189,7.0,0.007,0.0,0.0,7.0,0.007,35.0,44708.0,1303.839111328125,166.15516662597656,330.00572204589844,44708.0,447.0799999999999,100.0,1000,0,1000,0.1873366249492392,965,0,1,0,1,0,1,0,0,0,0,0,0,2,1,0,29,0.39136138558387756,0.09769755601882935,0.588197648525238,0.09938019514083862,0.004376999999999999
951,50463.0,50648.0,0.9963473384931291,4.0,0.004,0.0,0.0,4.0,0.004,33.0,47163.0,1195.0,605.0,0.0,47163.0,471.62999999999977,100.0,1000,0,1000,0.1985962080070749,967,0,0,0,0,0,0,0,0,0,0,0,0,0,1,0,32,0.13275392353534698,-0.07741083949804306,0.421092689037323,0.08771859854459763,0.00435
952,48671.0,49106.0,0.9911416120229707,6.0,0.006,1.0,0.001,5.0,0.005,34.0,45271.0,1118.75,148.7978515625,532.4521484375,45271.0,452.7100000000002,100.0,1000,1,999,0.20150416705291718,966,0,0,0,0,0,0,0,0,1,0,0,0,2,1,0,30,0.12028661370277405,-0.07571209222078323,0.39284729957580566,0.0982980728149414,0.0043230000000000005
953,50642.0,51133.0,0.9903975905970703,7.0,0.007,0.0,0.0,7.0,0.007,34.0,47242.0,715.375,762.8671875,321.7578125,47242.0,472.41999999999996,100.0,1000,0,1000,0.19719533307943493,966,0,0,0,0,1,0,0,0,0,0,0,0,0,1,1,31,0.48644909262657166,0.0919966921210289,0.7896515130996704,0.08690844476222992,0.004296000000000001
954,49385.0,49552.0,0.9966298030351953,3.0,0.003,1.0,0.001,2.0,0.002,34.0,45985.0,1429.5,370.5,0.0,45985.0,459.84999999999974,100.0,1000,1,999,0.1978917500237003,966,0,0,0,1,0,0,0,2,0,0,0,0,1,0,0,30,0.2969411313533783,-0.0170188806951046,0.6286104321479797,0.0808609277009964,0.004269000000000002
955,49382.0,49896.0,0.9896985730319063,6.0,0.006,1.0,0.001,5.0,0.005,33.0,46082.0,1181.669921875,618.330078125,0.0,46082.0,460.8199999999994,100.0,1000,1,999,0.26842791703529656,967,0,0,0,0,0,0,0,0,0,0,0,0,0,4,2,27,0.20649327337741852,-0.03155067563056946,0.4767196774482727,0.07446816563606262,0.004241999999999999
956,50445.0,50962.0,0.9898551862171814,6.0,0.006,1.0,0.001,5.0,0.005,33.0,47145.0,1667.0,133.0,0.0,47145.0,471.4499999999995,100.0,1000,1,999,0.20485995803028345,967,0,0,0,0,0,0,0,1,0,0,0,0,0,0,1,31,0.2756331264972687,0.04480906203389168,0.4623713195323944,0.08579010516405106,0.004215
957,50153.0,50254.0,0.9979902097345484,2.0,0.002,0.0,0.0,2.0,0.002,32.0,46953.0,1351.0,449.0,0.0,46953.0,469.5300000000001,100.0,1000,0,1000,0.1973880409495905,968,0,0,0,0,0,0,0,0,0,0,0,0,0,0,0,32,0.16496126353740692,-0.04178620129823685,0.4141647517681122,0.07996902614831924,0.004188000000000001
958,51008.0,51678.0,0.9870351019776307,11.0,0.011,0.0,0.0,11.0,0.011,32.0,47808.0,907.0,893.0,0.0,47808.0,478.08000000000027,100.0,1000,0,1000,0.19827699998859316,968,0,0,0,0,0,0,0,0,0,0,0,0,0,1,0,31,0.6970652341842651,0.03800142556428909,1.3188323974609375,0.08468307554721832,0.0041610000000000015
959,49425.0,49970.0,0.9890934560736442,6.0,0.006,0.0,0.0,6.0,0.006,32.0,46225.0,1255.75,544.25,0.0,46225.0,462.25,100.0,1000,0,1000,0.19766445900313556,968,0,0,0,0,0,0,0,0,0,0,0,0,0,1,0,31,0.3390836715698242,-0.08805574476718903,0.854867696762085,0.07122568786144257,0.004133999999999999
960,48604.0,49238.0,0.9871237661968398,12.0,0.012,1.0,0.001,11.0,0.011,31.0,45504.0,813.150146484375,986.849853515625,0.0,45504.0,455.0399999999998,100.0,1000,1,999,0.19757266691885889,969,1,0,0,0,0,0,0,0,0,0,1,0,0,0,1,28,0.28429949283599854,0.04522641748189926,0.47905850410461426,0.11107739061117172,0.0041069999999999995
961,51083.0,51436.0,0.9931371024185396,6.0,0.006,0.0,0.0,6.0,0.006,33.0,47783.0,773.0625,1026.9375,0.0,47783.0,477.8300000000004,100.0,1000,0,1000,0.19854179199319333,967,1,0,0,0,0,0,0,0,0,0,0,0,0,0,0,32,0.3808336853981018,-0.008244896307587624,0.7789283990859985,0.0945102721452713,0.00408
962,49714.0,50305.0,0.9882516648444488,9.0,0.009,1.0,0.001,8.0,0.008,32.0,46514.0,1171.0,629.0,0.0,46514.0,465.14000000000004,100.0,1000,1,999,0.19765933300368488,968,0,0,0,0,0,0,0,0,0,0,0,0,0,0,0,32,0.05040531978011131,-0.17401514947414398,0.4495944082736969,0.09295235574245453,0.004053000000000001
963,49664.0,49857.0,0.9961289287361855,3.0,0.003,1.0,0.001,2.0,0.002,34.0,46264.0,1495.0546875,304.9453125,0.0,46264.0,462.6400000000007,100.0,1000,1,999,0.19781495805364102,966,0,0,0,0,0,0,0,0,0,1,0,0,0,1,1,31,0.16888175904750824,-0.11074762046337128,0.5598987936973572,0.07948942482471466,0.004026000000000002
964,50497.0,50671.0,0.9965660831639399,3.0,0.003,0.0,0.0,3.0,0.003,34.0,47097.0,1178.58837890625,621.41162109375,0.0,47097.0,470.9699999999993,100.0,1000,0,1000,0.1965910829603672,966,0,0,0,0,1,0,0,0,0,0,0,0,1,1,0,31,0.239495649933815,0.0688449814915657,0.3418947458267212,0.07419362664222717,0.003998999999999999
965,49303.0,49431.0,0.9974105318524812,3.0,0.003,0.0,0.0,3.0,0.003,32.0,46103.0,788.0,53.0,959.0,46103.0,461.0300000000001,100.0,1000,0,1000,0.18945245805662125,968,0,0,0,0,0,0,0,0,0,0,0,0,0,0,0,32,0.2942102551460266,0.0270647294819355,0.5349348783493042,0.08105223625898361,0.003972
966,48632.0,49205.0,0.9883548419876029,5.0,0.005,0.0,0.0,5.0,0.005,32.0,45432.0,1312.21875,487.78125,0.0,45432.0,454.3199999999998,100.0,1000,0,1000,0.1892724159406498,968,0,0,0,0,0,0,0,0,0,0,0,1,1,2,0,28,0.4104090631008148,-0.08027459681034088,0.9818831086158752,0.06536655873060226,0.003945000000000001
967,47963.0,48457.0,0.9898053944734507,7.0,0.007,0.0,0.0,7.0,0.007,30.0,44963.0,1024.0,776.0,0.0,44963.0,449.6300000000013,100.0,1000,0,1000,0.18647329101804644,970,0,0,0,0,0,0,0,0,0,0,0,0,0,1,0,29,0.4967823326587677,0.0779045969247818,0.8385239243507385,0.09807439148426056,0.003918000000000001
968,48739.0,48832.0,0.9980955111402359,1.0,0.001,0.0,0.0,1.0,0.001,33.0,45439.0,1037.46875,762.53125,0.0,45439.0,454.3900000000002,100.0,1000,0,1000,0.18570991605520248,967,0,0,0,0,0,0,0,0,0,0,0,0,0,2,0,31,0.4671802222728729,-0.026310591027140617,0.9875081181526184,0.06765332072973251,0.0038909999999999986
969,49223.0,49361.0,0.9972042705779867,3.0,0.003,1.0,0.001,2.0,0.002,33.0,45923.0,349.703125,750.1484375,700.1484375,45923.0,459.2299999999996,100.0,1000,1,999,0.1844772920012474,967,0,0,0,0,0,0,0,1,0,1,0,0,0,1,0,30,0.16263873875141144,-0.05271616205573082,0.431388258934021,0.08779209852218628,0.0038639999999999994
970,48836.0,49069.0,0.9952515845034543,3.0,0.003,0.0,0.0,3.0,0.003,32.0,45636.0,1331.0,469.0,0.0,45636.0,456.36000000000007,100.0,1000,0,1000,0.1862507499754429,968,0,0,0,0,0,0,0,0,0,0,0,0,0,0,1,31,0.3895864486694336,0.03686840087175369,0.7061151266098022,0.08848217129707336,0.003837
971,49739.0,49842.0,0.9979334697644556,2.0,0.002,1.0,0.001,1.0,0.001,34.0,46339.0,1250.8125,549.1875,0.0,46339.0,463.3900000000005,100.0,1000,1,999,0.18417783302720636,966,0,0,0,0,0,0,0,0,0,0,1,0,0,1,0,32,0.0878855288028717,-0.1169014498591423,0.41007164120674133,0.06531239300966263,0.003810000000000001
972,49622.0,49921.0,0.9940105366479037,5.0,0.005,0.0,0.0,5.0,0.005,32.0,46422.0,1393.875,406.125,0.0,46422.0,464.22000000000037,100.0,1000,0,1000,0.18543937499634922,968,0,0,0,0,0,0,0,0,0,0,0,0,0,1,0,31,0.3155743479728699,0.045868370682001114,0.5401193499565125,0.09349720925092697,0.003782999999999998
973,49389.0,49876.0,0.9902357847461705,8.0,0.008,0.0,0.0,8.0,0.008,32.0,46189.0,1547.0,253.0,0.0,46189.0,461.88999999999993,100.0,1000,0,1000,0.19305845897179097,968,0,0,0,0,0,0,0,0,0,0,0,1,0,1,0,30,0.35440802574157715,0.05622617155313492,0.5972028970718384,0.11171261966228485,0.003755999999999999
974,48953.0,48953.0,1.0,0.0,0.0,0.0,0.0,0.0,0.0,32.0,45753.0,641.5,1158.5,0.0,45753.0,457.52999999999935,100.0,1000,0,1000,0.18703791603911668,968,0,0,0,0,0,0,0,0,0,0,0,0,0,1,0,31,0.2599102258682251,0.05338302254676819,0.4136557877063751,0.08063817769289017,0.0037289999999999997
975,50048.0,50574.0,0.9895993989006209,8.0,0.008,0.0,0.0,8.0,0.008,34.0,46648.0,1333.2018241882324,466.7981758117676,0.0,46648.0,466.48000000000036,100.0,1000,0,1000,0.18920204101596028,966,0,0,0,0,1,0,0,0,0,0,0,0,1,1,2,29,0.27923521399497986,-0.015235602855682373,0.5895614624023438,0.08371685445308685,0.0037020000000000004
976,48955.0,49509.0,0.9888101153325658,5.0,0.005,0.0,0.0,5.0,0.005,32.0,45755.0,711.0,1089.0,0.0,45755.0,457.54999999999944,100.0,1000,0,1000,0.1859991670353338,968,0,0,0,0,0,0,0,0,0,0,0,0,0,1,0,31,0.43622976541519165,-0.0035950972232967615,0.880302369594574,0.08879517763853073,0.003675000000000001
977,48430.0,48675.0,0.9949666153055984,4.0,0.004,0.0,0.0,4.0,0.004,33.0,45130.0,1527.0,273.0,0.0,45130.0,451.29999999999944,100.0,1000,0,1000,0.18552262498997152,967,1,0,0,0,0,1,0,0,0,0,0,0,0,2,0,29,0.3198382556438446,0.0244996789842844,0.5912662744522095,0.08074482530355453,0.0036479999999999985
978,49117.0,49429.0,0.9936879160007284,5.0,0.005,0.0,0.0,5.0,0.005,33.0,45817.0,1233.75,566.25,0.0,45817.0,458.17000000000075,100.0,1000,0,1000,0.18673441698774695,967,0,0,0,0,0,1,0,0,0,0,0,0,0,1,0,31,0.1960703432559967,0.042501065880060196,0.30760088562965393,0.06383787840604782,0.0036209999999999992
979,49427.0,50467.0,0.9793924742901302,15.0,0.015,0.0,0.0,15.0,0.015,32.0,46227.0,1359.375,440.625,0.0,46227.0,462.26999999999964,100.0,1000,0,1000,0.18579654209315777,968,0,0,0,0,0,0,0,0,0,0,1,0,1,0,0,30,0.28767794370651245,0.04405781999230385,0.4879182279109955,0.09432671219110489,0.003594
980,49625.0,49903.0,0.9944291926337094,5.0,0.005,0.0,0.0,5.0,0.005,33.0,46325.0,1027.0,773.0,0.0,46325.0,463.24999999999983,100.0,1000,0,1000,0.18688175000716,967,0,0,0,0,0,0,0,1,0,0,1,0,0,0,0,31,0.28982168436050415,0.10215428471565247,0.37594279646873474,0.08521813899278641,0.0035670000000000007
981,50332.0,50783.0,0.991119075281098,7.0,0.007,2.0,0.002,5.0,0.005,33.0,47032.0,1094.7392578125,705.2607421875,0.0,47032.0,470.31999999999977,100.0,1000,2,998,0.184638541075401,967,0,0,0,0,0,0,0,0,0,0,0,0,2,1,0,30,0.3389824628829956,-0.01390847284346819,0.7063921689987183,0.08620241284370422,0.003539999999999998
982,49473.0,49515.0,0.9991517721902454,1.0,0.001,0.0,0.0,1.0,0.001,32.0,46273.0,1285.0,515.0,0.0,46273.0,462.7299999999991,100.0,1000,0,1000,0.186608541989699,968,0,0,0,0,0,0,0,0,0,0,0,0,0,0,0,32,0.34749549627304077,0.013841787353157997,0.6678977012634277,0.08401107788085938,0.0035129999999999988
983,50246.0,50621.0,0.9925920072697102,6.0,0.006,1.0,0.001,5.0,0.005,32.0,47046.0,1076.5625,723.4375,0.0,47046.0,470.4599999999993,100.0,1000,1,999,0.18484624999109656,968,0,0,0,0,0,0,0,0,0,0,1,0,0,0,0,31,0.356189489364624,0.027067311108112335,0.6587738990783691,0.07595054060220718,0.0034859999999999995
984,50603.0,51227.0,0.9878189236145002,6.0,0.006,1.0,0.001,5.0,0.005,33.0,47303.0,1360.0,440.0,0.0,47303.0,473.02999999999975,100.0,1000,1,999,0.23081087495665997,967,0,0,0,0,0,0,0,0,0,0,0,0,0,1,0,32,0.5506664514541626,-0.006783066317439079,1.1157214641571045,0.11888577789068222,0.0034590000000000003
985,50773.0,51194.0,0.9917763800445365,5.0,0.005,0.0,0.0,5.0,0.005,36.0,47173.0,990.0,105.9375,704.0625,47173.0,471.730000000001,100.0,1000,0,1000,0.18577787501271814,964,0,0,0,0,0,0,0,1,0,1,0,1,0,0,2,31,0.5083467364311218,0.043082963675260544,0.9310347437858582,0.0739021748304367,0.003432000000000001
986,50322.0,50452.0,0.9974232934274162,2.0,0.002,0.0,0.0,2.0,0.002,34.0,46922.0,946.0,854.0,0.0,46922.0,469.2200000000004,100.0,1000,0,1000,0.18439020891673863,966,0,0,0,1,0,0,0,0,0,0,0,0,0,2,0,31,0.30231383442878723,0.07069940865039825,0.4637414813041687,0.07527828216552734,0.0034049999999999983
987,49528.0,49644.0,0.9976633631455967,1.0,0.001,0.0,0.0,1.0,0.001,33.0,46228.0,756.375,1043.625,0.0,46228.0,462.27999999999946,100.0,1000,0,1000,0.1858547079609707,967,0,0,0,0,0,1,0,0,0,0,0,0,0,0,0,32,0.3650354743003845,0.09385015815496445,0.5429030656814575,0.07881341874599457,0.003377999999999999
988,49740.0,50130.0,0.9922202274087373,6.0,0.006,0.0,0.0,6.0,0.006,36.0,46140.0,1038.0,210.2734375,551.7265625,46140.0,461.40000000000055,100.0,1000,0,1000,0.18565737491007894,964,0,1,0,0,0,0,0,1,0,0,1,0,0,1,0,32,0.1658421754837036,-0.0456291027367115,0.42344212532043457,0.07454115897417068,0.003351
989,50291.0,50428.0,0.997283255334338,3.0,0.003,0.0,0.0,3.0,0.003,35.0,46791.0,1242.0,558.0,0.0,46791.0,467.90999999999957,100.0,1000,0,1000,0.18554133304860443,965,0,0,0,0,0,0,0,0,0,1,0,0,0,1,0,33,0.34604501724243164,0.056829456239938736,0.5788165330886841,0.05797381326556206,0.0033240000000000006
990,50333.0,50333.0,1.0,0.0,0.0,0.0,0.0,0.0,0.0,36.0,46733.0,1312.75,487.25,0.0,46733.0,467.3300000000001,100.0,1000,0,1000,0.1845559999346733,964,0,1,0,0,0,0,0,0,0,0,0,0,1,1,0,33,0.3276790976524353,0.06292368471622467,0.5298625826835632,0.05335286632180214,0.003296999999999998
991,48687.0,49114.0,0.9913059412794722,3.0,0.003,0.0,0.0,3.0,0.003,32.0,45487.0,875.0,925.0,0.0,45487.0,454.8700000000005,100.0,1000,0,1000,0.18541924993041903,968,0,0,0,0,0,0,0,0,0,0,0,0,0,0,0,32,0.4402095675468445,0.03796635940670967,0.8049371242523193,0.0689152181148529,0.0032699999999999986
992,49029.0,49232.0,0.9958766655833604,3.0,0.003,0.0,0.0,3.0,0.003,33.0,45729.0,1551.0,249.0,0.0,45729.0,457.2900000000007,100.0,1000,0,1000,0.18359599995892495,967,0,0,0,0,0,0,0,0,0,0,1,1,0,0,1,30,0.2739274203777313,-0.030802730470895767,0.6100635528564453,0.09301222115755081,0.0032429999999999994
993,50176.0,50176.0,1.0,0.0,0.0,0.0,0.0,0.0,0.0,33.0,46876.0,1097.515625,702.484375,0.0,46876.0,468.75999999999937,100.0,1000,0,1000,0.18663395894691348,967,0,0,0,0,0,0,0,0,0,0,0,0,0,2,1,30,0.2466486692428589,-0.022091113030910492,0.5380088090896606,0.08228287845849991,0.003216
994,50388.0,50630.0,0.9952202251629468,3.0,0.003,0.0,0.0,3.0,0.003,33.0,47088.0,545.0,627.5,627.5,47088.0,470.87999999999954,100.0,1000,0,1000,0.18434670893475413,967,0,0,0,0,0,0,0,1,0,0,0,0,0,0,0,32,0.2713395953178406,-0.0528487004339695,0.6489905118942261,0.09625347703695297,0.003189000000000001
995,49474.0,49474.0,1.0,0.0,0.0,0.0,0.0,0.0,0.0,34.0,46074.0,1270.0,530.0,0.0,46074.0,460.7400000000005,100.0,1000,0,1000,0.1861363749485463,966,0,0,0,1,0,0,0,0,0,0,0,0,0,1,0,32,0.35222408175468445,-0.0012021373258903623,0.7074094414710999,0.08807431161403656,0.003161999999999998
996,49244.0,49344.0,0.997973411154345,1.0,0.001,0.0,0.0,1.0,0.001,35.0,45744.0,510.125,536.01171875,753.86328125,45744.0,457.4399999999995,100.0,1000,0,1000,0.18825654196552932,965,0,0,1,0,0,0,0,2,0,0,0,0,0,0,1,31,0.38358813524246216,0.018671302124857903,0.7305667400360107,0.11692171543836594,0.003134999999999999
997,49248.0,49766.0,0.9895912872242093,5.0,0.005,0.0,0.0,5.0,0.005,34.0,45848.0,1328.2333984375,471.7666015625,0.0,45848.0,458.48000000000053,100.0,1000,0,1000,0.18307308293879032,966,0,0,0,1,0,0,0,0,0,0,0,0,0,1,2,30,0.3704632818698883,-0.032065436244010925,0.8054901361465454,0.06960716098546982,0.0031079999999999997
998,51151.0,51151.0,1.0,0.0,0.0,0.0,0.0,0.0,0.0,35.0,47651.0,1326.0,474.0,0.0,47651.0,476.50999999999965,100.0,1000,0,1000,0.18555720802396536,965,0,0,0,0,0,0,0,0,0,0,0,0,0,2,0,33,0.6256517767906189,0.14948484301567078,0.9527045488357544,0.06015411764383316,0.0030810000000000004
999,51693.0,51780.0,0.9983198146002318,2.0,0.002,0.0,0.0,2.0,0.002,34.0,48293.0,1087.0,713.0,0.0,48293.0,482.93000000000006,100.0,1000,0,1000,0.1848945840029046,966,0,0,0,0,0,0,0,0,0,0,1,0,0,2,0,31,0.2784433662891388,-0.06664232909679413,0.6906874179840088,0.0844760462641716,0.0030539999999999977
1000,49830.0,49876.0,0.9990777127275644,1.0,0.001,0.0,0.0,1.0,0.001,32.0,46630.0,767.0,1033.0,0.0,46630.0,466.30000000000035,100.0,1000,0,1000,0.18521937495097518,968,0,0,0,0,0,0,0,0,0,0,0,0,0,0,0,32,0.09407628327608109,-0.07915110886096954,0.3470129072666168,0.09219180792570114,0.0030269999999999984
